experiment,pioreactor_unit,timestamp,reading,band,timestamp_localtime,hours_since_experiment_created
Pulse experiments,pioreactor01,2026-09-11T18:45:04.575Z,0.02060546875,415,2026-09-12 00:30:04.575,1784.390277777778
Pulse experiments,pioreactor01,2026-09-11T18:45:04.580Z,0.1691796875,445,2026-09-12 00:30:04.580,1784.390277777778
Pulse experiments,pioreactor01,2026-09-11T18:45:04.585Z,0.1750390625,480,2026-09-12 00:30:04.585,1784.390277777778
Pulse experiments,pioreactor01,2026-09-11T18:45:04.588Z,0.20296875,515,2026-09-12 00:30:04.588,1784.390277777778
Pulse experiments,pioreactor01,2026-09-11T18:45:04.596Z,0.23208984375,555,2026-09-12 00:30:04.596,1784.390277777778
Pulse experiments,pioreactor01,2026-09-11T18:45:04.598Z,0.22931640625,590,2026-09-12 00:30:04.598,1784.390277777778
Pulse experiments,pioreactor01,2026-09-11T18:45:04.603Z,0.23390625,630,2026-09-12 00:30:04.603,1784.390277777778
Pulse experiments,pioreactor01,2026-09-11T18:45:04.608Z,0.122265625,680,2026-09-12 00:30:04.608,1784.390277777778
Pulse experiments,pioreactor01,2026-09-11T18:45:09.578Z,0.02060546875,415,2026-09-12 00:30:09.578,1784.391666666667
Pulse experiments,pioreactor01,2026-09-11T18:45:09.582Z,0.16921875,445,2026-09-12 00:30:09.582,1784.391666666667
Pulse experiments,pioreactor01,2026-09-11T18:45:09.586Z,0.17462890625,480,2026-09-12 00:30:09.586,1784.391666666667
Pulse experiments,pioreactor01,2026-09-11T18:45:09.591Z,0.203125,515,2026-09-12 00:30:09.591,1784.391666666667
Pulse experiments,pioreactor01,2026-09-11T18:45:09.595Z,0.23189453125,555,2026-09-12 00:30:09.595,1784.391666666667
Pulse experiments,pioreactor01,2026-09-11T18:45:09.600Z,0.22916015625,590,2026-09-12 00:30:09.600,1784.391666666667
Pulse experiments,pioreactor01,2026-09-11T18:45:09.605Z,0.2337890625,630,2026-09-12 00:30:09.605,1784.391666666667
Pulse experiments,pioreactor01,2026-09-11T18:45:09.610Z,0.12228515625,680,2026-09-12 00:30:09.610,1784.391666666667
Pulse experiments,pioreactor01,2026-09-11T18:45:14.574Z,0.02068359375,415,2026-09-12 00:30:14.574,1784.393055555556
Pulse experiments,pioreactor01,2026-09-11T18:45:14.579Z,0.169765625,445,2026-09-12 00:30:14.579,1784.393055555556
Pulse experiments,pioreactor01,2026-09-11T18:45:14.583Z,0.1753515625,480,2026-09-12 00:30:14.583,1784.393055555556
Pulse experiments,pioreactor01,2026-09-11T18:45:14.589Z,0.2037109375,515,2026-09-12 00:30:14.589,1784.393055555556
Pulse experiments,pioreactor01,2026-09-11T18:45:14.595Z,0.23232421875,555,2026-09-12 00:30:14.595,1784.393055555556
Pulse experiments,pioreactor01,2026-09-11T18:45:14.602Z,0.22966796875,590,2026-09-12 00:30:14.602,1784.393055555556
Pulse experiments,pioreactor01,2026-09-11T18:45:14.605Z,0.23408203125,630,2026-09-12 00:30:14.605,1784.393055555556
Pulse experiments,pioreactor01,2026-09-11T18:45:14.609Z,0.12232421875,680,2026-09-12 00:30:14.609,1784.393055555556
Pulse experiments,pioreactor01,2026-09-11T18:45:19.576Z,0.02064453125,415,2026-09-12 00:30:19.576,1784.394444444444
Pulse experiments,pioreactor01,2026-09-11T18:45:19.580Z,0.1694921875,445,2026-09-12 00:30:19.580,1784.394444444444
Pulse experiments,pioreactor01,2026-09-11T18:45:19.585Z,0.175234375,480,2026-09-12 00:30:19.585,1784.394444444444
Pulse experiments,pioreactor01,2026-09-11T18:45:19.589Z,0.2033984375,515,2026-09-12 00:30:19.589,1784.394444444444
Pulse experiments,pioreactor01,2026-09-11T18:45:19.596Z,0.2320703125,555,2026-09-12 00:30:19.596,1784.394444444444
Pulse experiments,pioreactor01,2026-09-11T18:45:19.598Z,0.2294140625,590,2026-09-12 00:30:19.598,1784.394444444444
Pulse experiments,pioreactor01,2026-09-11T18:45:19.603Z,0.23400390625,630,2026-09-12 00:30:19.603,1784.394444444444
Pulse experiments,pioreactor01,2026-09-11T18:45:19.608Z,0.12220703125,680,2026-09-12 00:30:19.608,1784.394444444444
Pulse experiments,pioreactor01,2026-09-11T18:45:24.576Z,0.02064453125,415,2026-09-12 00:30:24.576,1784.395833333333
Pulse experiments,pioreactor01,2026-09-11T18:45:24.581Z,0.169296875,445,2026-09-12 00:30:24.581,1784.395833333333
Pulse experiments,pioreactor01,2026-09-11T18:45:24.586Z,0.17525390625,480,2026-09-12 00:30:24.586,1784.395833333333
Pulse experiments,pioreactor01,2026-09-11T18:45:24.591Z,0.2033984375,515,2026-09-12 00:30:24.591,1784.395833333333
Pulse experiments,pioreactor01,2026-09-11T18:45:24.595Z,0.23212890625,555,2026-09-12 00:30:24.595,1784.395833333333
Pulse experiments,pioreactor01,2026-09-11T18:45:24.600Z,0.22947265625,590,2026-09-12 00:30:24.600,1784.395833333333
Pulse experiments,pioreactor01,2026-09-11T18:45:24.604Z,0.23384765625,630,2026-09-12 00:30:24.604,1784.395833333333
Pulse experiments,pioreactor01,2026-09-11T18:45:24.609Z,0.12228515625,680,2026-09-12 00:30:24.609,1784.395833333333
Pulse experiments,pioreactor01,2026-09-11T18:45:29.574Z,0.02068359375,415,2026-09-12 00:30:29.574,1784.397222222222
Pulse experiments,pioreactor01,2026-09-11T18:45:29.582Z,0.16970703125,445,2026-09-12 00:30:29.582,1784.397222222222
Pulse experiments,pioreactor01,2026-09-11T18:45:29.586Z,0.17546875,480,2026-09-12 00:30:29.586,1784.397222222222
Pulse experiments,pioreactor01,2026-09-11T18:45:29.593Z,0.20384765625,515,2026-09-12 00:30:29.593,1784.397222222222
Pulse experiments,pioreactor01,2026-09-11T18:45:29.597Z,0.23251953125,555,2026-09-12 00:30:29.597,1784.397222222222
Pulse experiments,pioreactor01,2026-09-11T18:45:29.602Z,0.229921875,590,2026-09-12 00:30:29.602,1784.397222222222
Pulse experiments,pioreactor01,2026-09-11T18:45:29.607Z,0.23443359375,630,2026-09-12 00:30:29.607,1784.397222222222
Pulse experiments,pioreactor01,2026-09-11T18:45:29.611Z,0.12232421875,680,2026-09-12 00:30:29.611,1784.397222222222
Pulse experiments,pioreactor01,2026-09-11T18:45:34.575Z,0.0206640625,415,2026-09-12 00:30:34.575,1784.398611111111
Pulse experiments,pioreactor01,2026-09-11T18:45:34.578Z,0.16955078125,445,2026-09-12 00:30:34.578,1784.398611111111
Pulse experiments,pioreactor01,2026-09-11T18:45:34.584Z,0.1753515625,480,2026-09-12 00:30:34.584,1784.398611111111
Pulse experiments,pioreactor01,2026-09-11T18:45:34.588Z,0.2036328125,515,2026-09-12 00:30:34.588,1784.398611111111
Pulse experiments,pioreactor01,2026-09-11T18:45:34.593Z,0.23234375,555,2026-09-12 00:30:34.593,1784.398611111111
Pulse experiments,pioreactor01,2026-09-11T18:45:34.598Z,0.22978515625,590,2026-09-12 00:30:34.598,1784.398611111111
Pulse experiments,pioreactor01,2026-09-11T18:45:34.603Z,0.2341796875,630,2026-09-12 00:30:34.603,1784.398611111111
Pulse experiments,pioreactor01,2026-09-11T18:45:34.608Z,0.1224609375,680,2026-09-12 00:30:34.608,1784.398611111111
Pulse experiments,pioreactor01,2026-09-11T18:45:39.575Z,0.020625,415,2026-09-12 00:30:39.575,1784.4
Pulse experiments,pioreactor01,2026-09-11T18:45:39.580Z,0.16939453125,445,2026-09-12 00:30:39.580,1784.4
Pulse experiments,pioreactor01,2026-09-11T18:45:39.583Z,0.17501953125,480,2026-09-12 00:30:39.583,1784.4
Pulse experiments,pioreactor01,2026-09-11T18:45:39.588Z,0.20330078125,515,2026-09-12 00:30:39.588,1784.4
Pulse experiments,pioreactor01,2026-09-11T18:45:39.593Z,0.23267578125,555,2026-09-12 00:30:39.593,1784.4
Pulse experiments,pioreactor01,2026-09-11T18:45:39.598Z,0.23,590,2026-09-12 00:30:39.598,1784.4
Pulse experiments,pioreactor01,2026-09-11T18:45:39.602Z,0.234296875,630,2026-09-12 00:30:39.602,1784.4
Pulse experiments,pioreactor01,2026-09-11T18:45:39.606Z,0.1224609375,680,2026-09-12 00:30:39.606,1784.4
Pulse experiments,pioreactor01,2026-09-11T18:45:44.576Z,0.02060546875,415,2026-09-12 00:30:44.576,1784.401388888889
Pulse experiments,pioreactor01,2026-09-11T18:45:44.579Z,0.16943359375,445,2026-09-12 00:30:44.579,1784.401388888889
Pulse experiments,pioreactor01,2026-09-11T18:45:44.584Z,0.17490234375,480,2026-09-12 00:30:44.584,1784.401388888889
Pulse experiments,pioreactor01,2026-09-11T18:45:44.588Z,0.20322265625,515,2026-09-12 00:30:44.588,1784.401388888889
Pulse experiments,pioreactor01,2026-09-11T18:45:44.592Z,0.23228515625,555,2026-09-12 00:30:44.592,1784.401388888889
Pulse experiments,pioreactor01,2026-09-11T18:45:44.598Z,0.229921875,590,2026-09-12 00:30:44.598,1784.401388888889
Pulse experiments,pioreactor01,2026-09-11T18:45:44.601Z,0.23412109375,630,2026-09-12 00:30:44.601,1784.401388888889
Pulse experiments,pioreactor01,2026-09-11T18:45:44.606Z,0.12240234375,680,2026-09-12 00:30:44.606,1784.401388888889
Pulse experiments,pioreactor01,2026-09-11T18:45:49.574Z,0.02068359375,415,2026-09-12 00:30:49.574,1784.402777777778
Pulse experiments,pioreactor01,2026-09-11T18:45:49.581Z,0.16951171875,445,2026-09-12 00:30:49.581,1784.402777777778
Pulse experiments,pioreactor01,2026-09-11T18:45:49.584Z,0.17515625,480,2026-09-12 00:30:49.584,1784.402777777778
Pulse experiments,pioreactor01,2026-09-11T18:45:49.590Z,0.20375,515,2026-09-12 00:30:49.590,1784.402777777778
Pulse experiments,pioreactor01,2026-09-11T18:45:49.594Z,0.23251953125,555,2026-09-12 00:30:49.594,1784.402777777778
Pulse experiments,pioreactor01,2026-09-11T18:45:49.599Z,0.23009765625,590,2026-09-12 00:30:49.599,1784.402777777778
Pulse experiments,pioreactor01,2026-09-11T18:45:49.604Z,0.23427734375,630,2026-09-12 00:30:49.604,1784.402777777778
Pulse experiments,pioreactor01,2026-09-11T18:45:49.608Z,0.122265625,680,2026-09-12 00:30:49.608,1784.402777777778
Pulse experiments,pioreactor01,2026-09-11T18:45:54.574Z,0.020625,415,2026-09-12 00:30:54.574,1784.404166666667
Pulse experiments,pioreactor01,2026-09-11T18:45:54.580Z,0.16978515625,445,2026-09-12 00:30:54.580,1784.404166666667
Pulse experiments,pioreactor01,2026-09-11T18:45:54.584Z,0.17501953125,480,2026-09-12 00:30:54.584,1784.404166666667
Pulse experiments,pioreactor01,2026-09-11T18:45:54.590Z,0.2034765625,515,2026-09-12 00:30:54.590,1784.404166666667
Pulse experiments,pioreactor01,2026-09-11T18:45:54.594Z,0.2326171875,555,2026-09-12 00:30:54.594,1784.404166666667
Pulse experiments,pioreactor01,2026-09-11T18:45:54.599Z,0.2301171875,590,2026-09-12 00:30:54.599,1784.404166666667
Pulse experiments,pioreactor01,2026-09-11T18:45:54.603Z,0.2344140625,630,2026-09-12 00:30:54.603,1784.404166666667
Pulse experiments,pioreactor01,2026-09-11T18:45:54.609Z,0.12275390625,680,2026-09-12 00:30:54.609,1784.404166666667
Pulse experiments,pioreactor01,2026-09-11T18:45:59.573Z,0.0206640625,415,2026-09-12 00:30:59.573,1784.405555555556
Pulse experiments,pioreactor01,2026-09-11T18:45:59.579Z,0.16962890625,445,2026-09-12 00:30:59.579,1784.405555555556
Pulse experiments,pioreactor01,2026-09-11T18:45:59.583Z,0.1753515625,480,2026-09-12 00:30:59.583,1784.405555555556
Pulse experiments,pioreactor01,2026-09-11T18:45:59.589Z,0.20361328125,515,2026-09-12 00:30:59.589,1784.405555555556
Pulse experiments,pioreactor01,2026-09-11T18:45:59.592Z,0.23263671875,555,2026-09-12 00:30:59.592,1784.405555555556
Pulse experiments,pioreactor01,2026-09-11T18:45:59.598Z,0.23009765625,590,2026-09-12 00:30:59.598,1784.405555555556
Pulse experiments,pioreactor01,2026-09-11T18:45:59.602Z,0.234453125,630,2026-09-12 00:30:59.602,1784.405555555556
Pulse experiments,pioreactor01,2026-09-11T18:45:59.606Z,0.12259765625,680,2026-09-12 00:30:59.606,1784.405555555556
Pulse experiments,pioreactor01,2026-09-11T18:46:04.576Z,0.0206640625,415,2026-09-12 00:31:04.576,1784.406944444444
Pulse experiments,pioreactor01,2026-09-11T18:46:04.580Z,0.1698046875,445,2026-09-12 00:31:04.580,1784.406944444444
Pulse experiments,pioreactor01,2026-09-11T18:46:04.584Z,0.17548828125,480,2026-09-12 00:31:04.584,1784.406944444444
Pulse experiments,pioreactor01,2026-09-11T18:46:04.590Z,0.2037890625,515,2026-09-12 00:31:04.590,1784.406944444444
Pulse experiments,pioreactor01,2026-09-11T18:46:04.594Z,0.232734375,555,2026-09-12 00:31:04.594,1784.406944444444
Pulse experiments,pioreactor01,2026-09-11T18:46:04.600Z,0.2303125,590,2026-09-12 00:31:04.600,1784.406944444444
Pulse experiments,pioreactor01,2026-09-11T18:46:04.605Z,0.2345703125,630,2026-09-12 00:31:04.605,1784.406944444444
Pulse experiments,pioreactor01,2026-09-11T18:46:04.610Z,0.122734375,680,2026-09-12 00:31:04.610,1784.406944444444
Pulse experiments,pioreactor01,2026-09-11T18:46:09.576Z,0.02068359375,415,2026-09-12 00:31:09.576,1784.408333333333
Pulse experiments,pioreactor01,2026-09-11T18:46:09.579Z,0.16966796875,445,2026-09-12 00:31:09.579,1784.408333333333
Pulse experiments,pioreactor01,2026-09-11T18:46:09.585Z,0.17560546875,480,2026-09-12 00:31:09.585,1784.408333333333
Pulse experiments,pioreactor01,2026-09-11T18:46:09.591Z,0.20376953125,515,2026-09-12 00:31:09.591,1784.408333333333
Pulse experiments,pioreactor01,2026-09-11T18:46:09.595Z,0.23248046875,555,2026-09-12 00:31:09.595,1784.408333333333
Pulse experiments,pioreactor01,2026-09-11T18:46:09.601Z,0.23005859375,590,2026-09-12 00:31:09.601,1784.408333333333
Pulse experiments,pioreactor01,2026-09-11T18:46:09.604Z,0.2343359375,630,2026-09-12 00:31:09.604,1784.408333333333
Pulse experiments,pioreactor01,2026-09-11T18:46:09.609Z,0.12251953125,680,2026-09-12 00:31:09.609,1784.408333333333
Pulse experiments,pioreactor01,2026-09-11T18:46:14.575Z,0.02068359375,415,2026-09-12 00:31:14.575,1784.409722222222
Pulse experiments,pioreactor01,2026-09-11T18:46:14.579Z,0.16994140625,445,2026-09-12 00:31:14.579,1784.409722222222
Pulse experiments,pioreactor01,2026-09-11T18:46:14.585Z,0.175625,480,2026-09-12 00:31:14.585,1784.409722222222
Pulse experiments,pioreactor01,2026-09-11T18:46:14.590Z,0.20384765625,515,2026-09-12 00:31:14.590,1784.409722222222
Pulse experiments,pioreactor01,2026-09-11T18:46:14.601Z,0.23236328125,555,2026-09-12 00:31:14.601,1784.409722222222
Pulse experiments,pioreactor01,2026-09-11T18:46:14.603Z,0.22998046875,590,2026-09-12 00:31:14.603,1784.409722222222
Pulse experiments,pioreactor01,2026-09-11T18:46:14.607Z,0.23427734375,630,2026-09-12 00:31:14.607,1784.409722222222
Pulse experiments,pioreactor01,2026-09-11T18:46:14.612Z,0.12255859375,680,2026-09-12 00:31:14.612,1784.409722222222
Pulse experiments,pioreactor01,2026-09-11T18:46:19.575Z,0.020703125,415,2026-09-12 00:31:19.575,1784.411111111111
Pulse experiments,pioreactor01,2026-09-11T18:46:19.578Z,0.16978515625,445,2026-09-12 00:31:19.578,1784.411111111111
Pulse experiments,pioreactor01,2026-09-11T18:46:19.584Z,0.1752734375,480,2026-09-12 00:31:19.584,1784.411111111111
Pulse experiments,pioreactor01,2026-09-11T18:46:19.589Z,0.20396484375,515,2026-09-12 00:31:19.589,1784.411111111111
Pulse experiments,pioreactor01,2026-09-11T18:46:19.595Z,0.23296875,555,2026-09-12 00:31:19.595,1784.411111111111
Pulse experiments,pioreactor01,2026-09-11T18:46:19.599Z,0.23041015625,590,2026-09-12 00:31:19.599,1784.411111111111
Pulse experiments,pioreactor01,2026-09-11T18:46:19.602Z,0.2346875,630,2026-09-12 00:31:19.602,1784.411111111111
Pulse experiments,pioreactor01,2026-09-11T18:46:19.609Z,0.12283203125,680,2026-09-12 00:31:19.609,1784.411111111111
Pulse experiments,pioreactor01,2026-09-11T18:46:24.578Z,0.0206640625,415,2026-09-12 00:31:24.578,1784.4125
Pulse experiments,pioreactor01,2026-09-11T18:46:24.582Z,0.1695703125,445,2026-09-12 00:31:24.582,1784.4125
Pulse experiments,pioreactor01,2026-09-11T18:46:24.588Z,0.17533203125,480,2026-09-12 00:31:24.588,1784.4125
Pulse experiments,pioreactor01,2026-09-11T18:46:24.591Z,0.2035546875,515,2026-09-12 00:31:24.591,1784.4125
Pulse experiments,pioreactor01,2026-09-11T18:46:24.597Z,0.232890625,555,2026-09-12 00:31:24.597,1784.4125
Pulse experiments,pioreactor01,2026-09-11T18:46:24.601Z,0.23021484375,590,2026-09-12 00:31:24.601,1784.4125
Pulse experiments,pioreactor01,2026-09-11T18:46:24.607Z,0.23455078125,630,2026-09-12 00:31:24.607,1784.4125
Pulse experiments,pioreactor01,2026-09-11T18:46:24.611Z,0.1225390625,680,2026-09-12 00:31:24.611,1784.4125
Pulse experiments,pioreactor01,2026-09-11T18:46:29.577Z,0.020703125,415,2026-09-12 00:31:29.577,1784.413888888889
Pulse experiments,pioreactor01,2026-09-11T18:46:29.581Z,0.16978515625,445,2026-09-12 00:31:29.581,1784.413888888889
Pulse experiments,pioreactor01,2026-09-11T18:46:29.586Z,0.17529296875,480,2026-09-12 00:31:29.586,1784.413888888889
Pulse experiments,pioreactor01,2026-09-11T18:46:29.591Z,0.20380859375,515,2026-09-12 00:31:29.591,1784.413888888889
Pulse experiments,pioreactor01,2026-09-11T18:46:29.595Z,0.23322265625,555,2026-09-12 00:31:29.595,1784.413888888889
Pulse experiments,pioreactor01,2026-09-11T18:46:29.602Z,0.23048828125,590,2026-09-12 00:31:29.602,1784.413888888889
Pulse experiments,pioreactor01,2026-09-11T18:46:29.605Z,0.234921875,630,2026-09-12 00:31:29.605,1784.413888888889
Pulse experiments,pioreactor01,2026-09-11T18:46:29.612Z,0.12298828125,680,2026-09-12 00:31:29.612,1784.413888888889
Pulse experiments,pioreactor01,2026-09-11T18:46:34.573Z,0.02064453125,415,2026-09-12 00:31:34.573,1784.415277777778
Pulse experiments,pioreactor01,2026-09-11T18:46:34.580Z,0.16978515625,445,2026-09-12 00:31:34.580,1784.415277777778
Pulse experiments,pioreactor01,2026-09-11T18:46:34.584Z,0.17537109375,480,2026-09-12 00:31:34.584,1784.415277777778
Pulse experiments,pioreactor01,2026-09-11T18:46:34.590Z,0.2037890625,515,2026-09-12 00:31:34.590,1784.415277777778
Pulse experiments,pioreactor01,2026-09-11T18:46:34.594Z,0.23326171875,555,2026-09-12 00:31:34.594,1784.415277777778
Pulse experiments,pioreactor01,2026-09-11T18:46:34.599Z,0.230703125,590,2026-09-12 00:31:34.599,1784.415277777778
Pulse experiments,pioreactor01,2026-09-11T18:46:34.605Z,0.2348828125,630,2026-09-12 00:31:34.605,1784.415277777778
Pulse experiments,pioreactor01,2026-09-11T18:46:34.609Z,0.12298828125,680,2026-09-12 00:31:34.609,1784.415277777778
Pulse experiments,pioreactor01,2026-09-11T18:46:39.572Z,0.020703125,415,2026-09-12 00:31:39.572,1784.416666666667
Pulse experiments,pioreactor01,2026-09-11T18:46:39.578Z,0.16982421875,445,2026-09-12 00:31:39.578,1784.416666666667
Pulse experiments,pioreactor01,2026-09-11T18:46:39.582Z,0.17560546875,480,2026-09-12 00:31:39.582,1784.416666666667
Pulse experiments,pioreactor01,2026-09-11T18:46:39.587Z,0.20412109375,515,2026-09-12 00:31:39.587,1784.416666666667
Pulse experiments,pioreactor01,2026-09-11T18:46:39.592Z,0.23353515625,555,2026-09-12 00:31:39.592,1784.416666666667
Pulse experiments,pioreactor01,2026-09-11T18:46:39.597Z,0.23083984375,590,2026-09-12 00:31:39.597,1784.416666666667
Pulse experiments,pioreactor01,2026-09-11T18:46:39.602Z,0.23515625,630,2026-09-12 00:31:39.602,1784.416666666667
Pulse experiments,pioreactor01,2026-09-11T18:46:39.607Z,0.12302734375,680,2026-09-12 00:31:39.607,1784.416666666667
Pulse experiments,pioreactor01,2026-09-11T18:46:44.573Z,0.0207421875,415,2026-09-12 00:31:44.573,1784.418055555556
Pulse experiments,pioreactor01,2026-09-11T18:46:44.578Z,0.17021484375,445,2026-09-12 00:31:44.578,1784.418055555556
Pulse experiments,pioreactor01,2026-09-11T18:46:44.582Z,0.1756640625,480,2026-09-12 00:31:44.582,1784.418055555556
Pulse experiments,pioreactor01,2026-09-11T18:46:44.588Z,0.2043359375,515,2026-09-12 00:31:44.588,1784.418055555556
Pulse experiments,pioreactor01,2026-09-11T18:46:44.593Z,0.23322265625,555,2026-09-12 00:31:44.593,1784.418055555556
Pulse experiments,pioreactor01,2026-09-11T18:46:44.598Z,0.23041015625,590,2026-09-12 00:31:44.598,1784.418055555556
Pulse experiments,pioreactor01,2026-09-11T18:46:44.603Z,0.234921875,630,2026-09-12 00:31:44.603,1784.418055555556
Pulse experiments,pioreactor01,2026-09-11T18:46:44.607Z,0.1228125,680,2026-09-12 00:31:44.607,1784.418055555556
Pulse experiments,pioreactor01,2026-09-11T18:46:49.575Z,0.02068359375,415,2026-09-12 00:31:49.575,1784.419444444444
Pulse experiments,pioreactor01,2026-09-11T18:46:49.581Z,0.16982421875,445,2026-09-12 00:31:49.581,1784.419444444444
Pulse experiments,pioreactor01,2026-09-11T18:46:49.585Z,0.1755859375,480,2026-09-12 00:31:49.585,1784.419444444444
Pulse experiments,pioreactor01,2026-09-11T18:46:49.590Z,0.203828125,515,2026-09-12 00:31:49.590,1784.419444444444
Pulse experiments,pioreactor01,2026-09-11T18:46:49.594Z,0.23345703125,555,2026-09-12 00:31:49.594,1784.419444444444
Pulse experiments,pioreactor01,2026-09-11T18:46:49.600Z,0.230703125,590,2026-09-12 00:31:49.600,1784.419444444444
Pulse experiments,pioreactor01,2026-09-11T18:46:49.604Z,0.2351171875,630,2026-09-12 00:31:49.604,1784.419444444444
Pulse experiments,pioreactor01,2026-09-11T18:46:49.608Z,0.12291015625,680,2026-09-12 00:31:49.608,1784.419444444444
Pulse experiments,pioreactor01,2026-09-11T18:46:54.574Z,0.02072265625,415,2026-09-12 00:31:54.574,1784.420833333333
Pulse experiments,pioreactor01,2026-09-11T18:46:54.578Z,0.17001953125,445,2026-09-12 00:31:54.578,1784.420833333333
Pulse experiments,pioreactor01,2026-09-11T18:46:54.584Z,0.175703125,480,2026-09-12 00:31:54.584,1784.420833333333
Pulse experiments,pioreactor01,2026-09-11T18:46:54.589Z,0.204140625,515,2026-09-12 00:31:54.589,1784.420833333333
Pulse experiments,pioreactor01,2026-09-11T18:46:54.593Z,0.23296875,555,2026-09-12 00:31:54.593,1784.420833333333
Pulse experiments,pioreactor01,2026-09-11T18:46:54.598Z,0.23052734375,590,2026-09-12 00:31:54.598,1784.420833333333
Pulse experiments,pioreactor01,2026-09-11T18:46:54.603Z,0.23494140625,630,2026-09-12 00:31:54.603,1784.420833333333
Pulse experiments,pioreactor01,2026-09-11T18:46:54.607Z,0.12287109375,680,2026-09-12 00:31:54.607,1784.420833333333
Pulse experiments,pioreactor01,2026-09-11T18:46:59.572Z,0.020703125,415,2026-09-12 00:31:59.572,1784.422222222222
Pulse experiments,pioreactor01,2026-09-11T18:46:59.576Z,0.1702734375,445,2026-09-12 00:31:59.576,1784.422222222222
Pulse experiments,pioreactor01,2026-09-11T18:46:59.582Z,0.17583984375,480,2026-09-12 00:31:59.582,1784.422222222222
Pulse experiments,pioreactor01,2026-09-11T18:46:59.587Z,0.2044140625,515,2026-09-12 00:31:59.587,1784.422222222222
Pulse experiments,pioreactor01,2026-09-11T18:46:59.592Z,0.2334765625,555,2026-09-12 00:31:59.592,1784.422222222222
Pulse experiments,pioreactor01,2026-09-11T18:46:59.596Z,0.230703125,590,2026-09-12 00:31:59.596,1784.422222222222
Pulse experiments,pioreactor01,2026-09-11T18:46:59.602Z,0.235078125,630,2026-09-12 00:31:59.602,1784.422222222222
Pulse experiments,pioreactor01,2026-09-11T18:46:59.606Z,0.123125,680,2026-09-12 00:31:59.606,1784.422222222222
Pulse experiments,pioreactor01,2026-09-11T18:47:04.573Z,0.02078125,415,2026-09-12 00:32:04.573,1784.423611111111
Pulse experiments,pioreactor01,2026-09-11T18:47:04.577Z,0.1701171875,445,2026-09-12 00:32:04.577,1784.423611111111
Pulse experiments,pioreactor01,2026-09-11T18:47:04.583Z,0.17568359375,480,2026-09-12 00:32:04.583,1784.423611111111
Pulse experiments,pioreactor01,2026-09-11T18:47:04.586Z,0.20419921875,515,2026-09-12 00:32:04.586,1784.423611111111
Pulse experiments,pioreactor01,2026-09-11T18:47:04.592Z,0.233125,555,2026-09-12 00:32:04.592,1784.423611111111
Pulse experiments,pioreactor01,2026-09-11T18:47:04.597Z,0.2303515625,590,2026-09-12 00:32:04.597,1784.423611111111
Pulse experiments,pioreactor01,2026-09-11T18:47:04.601Z,0.23498046875,630,2026-09-12 00:32:04.601,1784.423611111111
Pulse experiments,pioreactor01,2026-09-11T18:47:04.606Z,0.12296875,680,2026-09-12 00:32:04.606,1784.423611111111
Pulse experiments,pioreactor01,2026-09-11T18:47:09.575Z,0.02064453125,415,2026-09-12 00:32:09.575,1784.425
Pulse experiments,pioreactor01,2026-09-11T18:47:09.581Z,0.16990234375,445,2026-09-12 00:32:09.581,1784.425
Pulse experiments,pioreactor01,2026-09-11T18:47:09.584Z,0.17564453125,480,2026-09-12 00:32:09.584,1784.425
Pulse experiments,pioreactor01,2026-09-11T18:47:09.590Z,0.2041796875,515,2026-09-12 00:32:09.590,1784.425
Pulse experiments,pioreactor01,2026-09-11T18:47:09.596Z,0.233203125,555,2026-09-12 00:32:09.596,1784.425
Pulse experiments,pioreactor01,2026-09-11T18:47:09.600Z,0.2306640625,590,2026-09-12 00:32:09.600,1784.425
Pulse experiments,pioreactor01,2026-09-11T18:47:09.605Z,0.2350390625,630,2026-09-12 00:32:09.605,1784.425
Pulse experiments,pioreactor01,2026-09-11T18:47:09.610Z,0.12298828125,680,2026-09-12 00:32:09.610,1784.425
Pulse experiments,pioreactor01,2026-09-11T18:47:14.572Z,0.02072265625,415,2026-09-12 00:32:14.572,1784.426388888889
Pulse experiments,pioreactor01,2026-09-11T18:47:14.581Z,0.17015625,445,2026-09-12 00:32:14.581,1784.426388888889
Pulse experiments,pioreactor01,2026-09-11T18:47:14.586Z,0.17556640625,480,2026-09-12 00:32:14.586,1784.426388888889
Pulse experiments,pioreactor01,2026-09-11T18:47:14.590Z,0.2044140625,515,2026-09-12 00:32:14.590,1784.426388888889
Pulse experiments,pioreactor01,2026-09-11T18:47:14.594Z,0.2331640625,555,2026-09-12 00:32:14.594,1784.426388888889
Pulse experiments,pioreactor01,2026-09-11T18:47:14.600Z,0.23041015625,590,2026-09-12 00:32:14.600,1784.426388888889
Pulse experiments,pioreactor01,2026-09-11T18:47:14.604Z,0.23486328125,630,2026-09-12 00:32:14.604,1784.426388888889
Pulse experiments,pioreactor01,2026-09-11T18:47:14.611Z,0.12294921875,680,2026-09-12 00:32:14.611,1784.426388888889
Pulse experiments,pioreactor01,2026-09-11T18:47:19.572Z,0.02072265625,415,2026-09-12 00:32:19.572,1784.427777777778
Pulse experiments,pioreactor01,2026-09-11T18:47:19.577Z,0.17005859375,445,2026-09-12 00:32:19.577,1784.427777777778
Pulse experiments,pioreactor01,2026-09-11T18:47:19.582Z,0.17583984375,480,2026-09-12 00:32:19.582,1784.427777777778
Pulse experiments,pioreactor01,2026-09-11T18:47:19.587Z,0.20421875,515,2026-09-12 00:32:19.587,1784.427777777778
Pulse experiments,pioreactor01,2026-09-11T18:47:19.593Z,0.2332421875,555,2026-09-12 00:32:19.593,1784.427777777778
Pulse experiments,pioreactor01,2026-09-11T18:47:19.596Z,0.23060546875,590,2026-09-12 00:32:19.596,1784.427777777778
Pulse experiments,pioreactor01,2026-09-11T18:47:19.602Z,0.23525390625,630,2026-09-12 00:32:19.602,1784.427777777778
Pulse experiments,pioreactor01,2026-09-11T18:47:19.606Z,0.1229296875,680,2026-09-12 00:32:19.606,1784.427777777778
Pulse experiments,pioreactor01,2026-09-11T18:47:24.574Z,0.020703125,415,2026-09-12 00:32:24.574,1784.429166666667
Pulse experiments,pioreactor01,2026-09-11T18:47:24.581Z,0.17017578125,445,2026-09-12 00:32:24.581,1784.429166666667
Pulse experiments,pioreactor01,2026-09-11T18:47:24.585Z,0.1758203125,480,2026-09-12 00:32:24.585,1784.429166666667
Pulse experiments,pioreactor01,2026-09-11T18:47:24.590Z,0.2042578125,515,2026-09-12 00:32:24.590,1784.429166666667
Pulse experiments,pioreactor01,2026-09-11T18:47:24.594Z,0.23298828125,555,2026-09-12 00:32:24.594,1784.429166666667
Pulse experiments,pioreactor01,2026-09-11T18:47:24.600Z,0.2305859375,590,2026-09-12 00:32:24.600,1784.429166666667
Pulse experiments,pioreactor01,2026-09-11T18:47:24.603Z,0.2351953125,630,2026-09-12 00:32:24.603,1784.429166666667
Pulse experiments,pioreactor01,2026-09-11T18:47:24.608Z,0.12296875,680,2026-09-12 00:32:24.608,1784.429166666667
Pulse experiments,pioreactor01,2026-09-11T18:47:29.576Z,0.02076171875,415,2026-09-12 00:32:29.576,1784.430555555556
Pulse experiments,pioreactor01,2026-09-11T18:47:29.583Z,0.17103515625,445,2026-09-12 00:32:29.583,1784.430555555556
Pulse experiments,pioreactor01,2026-09-11T18:47:29.585Z,0.176953125,480,2026-09-12 00:32:29.585,1784.430555555556
Pulse experiments,pioreactor01,2026-09-11T18:47:29.591Z,0.20556640625,515,2026-09-12 00:32:29.591,1784.430555555556
Pulse experiments,pioreactor01,2026-09-11T18:47:29.596Z,0.23376953125,555,2026-09-12 00:32:29.596,1784.430555555556
Pulse experiments,pioreactor01,2026-09-11T18:47:29.603Z,0.23123046875,590,2026-09-12 00:32:29.603,1784.430555555556
Pulse experiments,pioreactor01,2026-09-11T18:47:29.609Z,0.23537109375,630,2026-09-12 00:32:29.609,1784.430555555556
Pulse experiments,pioreactor01,2026-09-11T18:47:29.615Z,0.12330078125,680,2026-09-12 00:32:29.615,1784.430555555556
Pulse experiments,pioreactor01,2026-09-11T18:47:34.580Z,0.02078125,415,2026-09-12 00:32:34.580,1784.431944444445
Pulse experiments,pioreactor01,2026-09-11T18:47:34.584Z,0.17044921875,445,2026-09-12 00:32:34.584,1784.431944444445
Pulse experiments,pioreactor01,2026-09-11T18:47:34.589Z,0.17609375,480,2026-09-12 00:32:34.589,1784.431944444445
Pulse experiments,pioreactor01,2026-09-11T18:47:34.594Z,0.20478515625,515,2026-09-12 00:32:34.594,1784.431944444445
Pulse experiments,pioreactor01,2026-09-11T18:47:34.599Z,0.23421875,555,2026-09-12 00:32:34.599,1784.431944444445
Pulse experiments,pioreactor01,2026-09-11T18:47:34.603Z,0.23142578125,590,2026-09-12 00:32:34.603,1784.431944444445
Pulse experiments,pioreactor01,2026-09-11T18:47:34.609Z,0.23603515625,630,2026-09-12 00:32:34.609,1784.431944444445
Pulse experiments,pioreactor01,2026-09-11T18:47:34.612Z,0.12349609375,680,2026-09-12 00:32:34.612,1784.431944444445
Pulse experiments,pioreactor01,2026-09-11T18:47:39.574Z,0.0207421875,415,2026-09-12 00:32:39.574,1784.433333333333
Pulse experiments,pioreactor01,2026-09-11T18:47:39.580Z,0.17041015625,445,2026-09-12 00:32:39.580,1784.433333333333
Pulse experiments,pioreactor01,2026-09-11T18:47:39.584Z,0.17607421875,480,2026-09-12 00:32:39.584,1784.433333333333
Pulse experiments,pioreactor01,2026-09-11T18:47:39.589Z,0.204609375,515,2026-09-12 00:32:39.589,1784.433333333333
Pulse experiments,pioreactor01,2026-09-11T18:47:39.593Z,0.2334765625,555,2026-09-12 00:32:39.593,1784.433333333333
Pulse experiments,pioreactor01,2026-09-11T18:47:39.597Z,0.2306640625,590,2026-09-12 00:32:39.597,1784.433333333333
Pulse experiments,pioreactor01,2026-09-11T18:47:39.603Z,0.235234375,630,2026-09-12 00:32:39.603,1784.433333333333
Pulse experiments,pioreactor01,2026-09-11T18:47:39.607Z,0.1230859375,680,2026-09-12 00:32:39.607,1784.433333333333
Pulse experiments,pioreactor01,2026-09-11T18:47:44.573Z,0.02072265625,415,2026-09-12 00:32:44.573,1784.434722222222
Pulse experiments,pioreactor01,2026-09-11T18:47:44.578Z,0.17005859375,445,2026-09-12 00:32:44.578,1784.434722222222
Pulse experiments,pioreactor01,2026-09-11T18:47:44.583Z,0.17541015625,480,2026-09-12 00:32:44.583,1784.434722222222
Pulse experiments,pioreactor01,2026-09-11T18:47:44.587Z,0.204296875,515,2026-09-12 00:32:44.587,1784.434722222222
Pulse experiments,pioreactor01,2026-09-11T18:47:44.594Z,0.23421875,555,2026-09-12 00:32:44.594,1784.434722222222
Pulse experiments,pioreactor01,2026-09-11T18:47:44.597Z,0.23146484375,590,2026-09-12 00:32:44.597,1784.434722222222
Pulse experiments,pioreactor01,2026-09-11T18:47:44.603Z,0.23607421875,630,2026-09-12 00:32:44.603,1784.434722222222
Pulse experiments,pioreactor01,2026-09-11T18:47:44.607Z,0.12345703125,680,2026-09-12 00:32:44.607,1784.434722222222
Pulse experiments,pioreactor01,2026-09-11T18:47:49.573Z,0.02072265625,415,2026-09-12 00:32:49.573,1784.436111111111
Pulse experiments,pioreactor01,2026-09-11T18:47:49.577Z,0.17005859375,445,2026-09-12 00:32:49.577,1784.436111111111
Pulse experiments,pioreactor01,2026-09-11T18:47:49.583Z,0.17576171875,480,2026-09-12 00:32:49.583,1784.436111111111
Pulse experiments,pioreactor01,2026-09-11T18:47:49.587Z,0.20412109375,515,2026-09-12 00:32:49.587,1784.436111111111
Pulse experiments,pioreactor01,2026-09-11T18:47:49.593Z,0.2334375,555,2026-09-12 00:32:49.593,1784.436111111111
Pulse experiments,pioreactor01,2026-09-11T18:47:49.597Z,0.23068359375,590,2026-09-12 00:32:49.597,1784.436111111111
Pulse experiments,pioreactor01,2026-09-11T18:47:49.603Z,0.23501953125,630,2026-09-12 00:32:49.603,1784.436111111111
Pulse experiments,pioreactor01,2026-09-11T18:47:49.607Z,0.1230078125,680,2026-09-12 00:32:49.607,1784.436111111111
Pulse experiments,pioreactor01,2026-09-11T18:47:54.576Z,0.02072265625,415,2026-09-12 00:32:54.576,1784.4375
Pulse experiments,pioreactor01,2026-09-11T18:47:54.581Z,0.17017578125,445,2026-09-12 00:32:54.581,1784.4375
Pulse experiments,pioreactor01,2026-09-11T18:47:54.585Z,0.17578125,480,2026-09-12 00:32:54.585,1784.4375
Pulse experiments,pioreactor01,2026-09-11T18:47:54.591Z,0.20419921875,515,2026-09-12 00:32:54.591,1784.4375
Pulse experiments,pioreactor01,2026-09-11T18:47:54.595Z,0.23337890625,555,2026-09-12 00:32:54.595,1784.4375
Pulse experiments,pioreactor01,2026-09-11T18:47:54.601Z,0.2308203125,590,2026-09-12 00:32:54.601,1784.4375
Pulse experiments,pioreactor01,2026-09-11T18:47:54.604Z,0.23552734375,630,2026-09-12 00:32:54.604,1784.4375
Pulse experiments,pioreactor01,2026-09-11T18:47:54.608Z,0.123046875,680,2026-09-12 00:32:54.608,1784.4375
Pulse experiments,pioreactor01,2026-09-11T18:47:59.576Z,0.020703125,415,2026-09-12 00:32:59.576,1784.438888888889
Pulse experiments,pioreactor01,2026-09-11T18:47:59.581Z,0.170234375,445,2026-09-12 00:32:59.581,1784.438888888889
Pulse experiments,pioreactor01,2026-09-11T18:47:59.586Z,0.17599609375,480,2026-09-12 00:32:59.586,1784.438888888889
Pulse experiments,pioreactor01,2026-09-11T18:47:59.591Z,0.2042578125,515,2026-09-12 00:32:59.591,1784.438888888889
Pulse experiments,pioreactor01,2026-09-11T18:47:59.596Z,0.233125,555,2026-09-12 00:32:59.596,1784.438888888889
Pulse experiments,pioreactor01,2026-09-11T18:47:59.602Z,0.23052734375,590,2026-09-12 00:32:59.602,1784.438888888889
Pulse experiments,pioreactor01,2026-09-11T18:47:59.606Z,0.23505859375,630,2026-09-12 00:32:59.606,1784.438888888889
Pulse experiments,pioreactor01,2026-09-11T18:47:59.613Z,0.12283203125,680,2026-09-12 00:32:59.613,1784.438888888889
Pulse experiments,pioreactor01,2026-09-11T18:48:04.580Z,0.0207421875,415,2026-09-12 00:33:04.580,1784.440277777778
Pulse experiments,pioreactor01,2026-09-11T18:48:04.584Z,0.1702734375,445,2026-09-12 00:33:04.584,1784.440277777778
Pulse experiments,pioreactor01,2026-09-11T18:48:04.590Z,0.17568359375,480,2026-09-12 00:33:04.590,1784.440277777778
Pulse experiments,pioreactor01,2026-09-11T18:48:04.594Z,0.20423828125,515,2026-09-12 00:33:04.594,1784.440277777778
Pulse experiments,pioreactor01,2026-09-11T18:48:04.598Z,0.23322265625,555,2026-09-12 00:33:04.598,1784.440277777778
Pulse experiments,pioreactor01,2026-09-11T18:48:04.604Z,0.23060546875,590,2026-09-12 00:33:04.604,1784.440277777778
Pulse experiments,pioreactor01,2026-09-11T18:48:04.608Z,0.2349609375,630,2026-09-12 00:33:04.608,1784.440277777778
Pulse experiments,pioreactor01,2026-09-11T18:48:04.614Z,0.12275390625,680,2026-09-12 00:33:04.614,1784.440277777778
Pulse experiments,pioreactor01,2026-09-11T18:48:09.573Z,0.0207421875,415,2026-09-12 00:33:09.573,1784.441666666667
Pulse experiments,pioreactor01,2026-09-11T18:48:09.577Z,0.17060546875,445,2026-09-12 00:33:09.577,1784.441666666667
Pulse experiments,pioreactor01,2026-09-11T18:48:09.583Z,0.1758203125,480,2026-09-12 00:33:09.583,1784.441666666667
Pulse experiments,pioreactor01,2026-09-11T18:48:09.587Z,0.20447265625,515,2026-09-12 00:33:09.587,1784.441666666667
Pulse experiments,pioreactor01,2026-09-11T18:48:09.591Z,0.2336328125,555,2026-09-12 00:33:09.591,1784.441666666667
Pulse experiments,pioreactor01,2026-09-11T18:48:09.597Z,0.2309375,590,2026-09-12 00:33:09.597,1784.441666666667
Pulse experiments,pioreactor01,2026-09-11T18:48:09.600Z,0.23533203125,630,2026-09-12 00:33:09.600,1784.441666666667
Pulse experiments,pioreactor01,2026-09-11T18:48:09.606Z,0.1230859375,680,2026-09-12 00:33:09.606,1784.441666666667
Pulse experiments,pioreactor01,2026-09-11T18:48:14.575Z,0.02068359375,415,2026-09-12 00:33:14.575,1784.443055555555
Pulse experiments,pioreactor01,2026-09-11T18:48:14.622Z,0.1700390625,445,2026-09-12 00:33:14.622,1784.443055555555
Pulse experiments,pioreactor01,2026-09-11T18:48:14.623Z,0.17560546875,480,2026-09-12 00:33:14.623,1784.443055555555
Pulse experiments,pioreactor01,2026-09-11T18:48:14.625Z,0.20416015625,515,2026-09-12 00:33:14.625,1784.443055555555
Pulse experiments,pioreactor01,2026-09-11T18:48:14.626Z,0.23361328125,555,2026-09-12 00:33:14.626,1784.443055555555
Pulse experiments,pioreactor01,2026-09-11T18:48:14.627Z,0.2310546875,590,2026-09-12 00:33:14.627,1784.443055555555
Pulse experiments,pioreactor01,2026-09-11T18:48:14.629Z,0.23541015625,630,2026-09-12 00:33:14.629,1784.443055555555
Pulse experiments,pioreactor01,2026-09-11T18:48:14.630Z,0.1230859375,680,2026-09-12 00:33:14.630,1784.443055555555
Pulse experiments,pioreactor01,2026-09-11T18:48:19.576Z,0.0207421875,415,2026-09-12 00:33:19.576,1784.444444444444
Pulse experiments,pioreactor01,2026-09-11T18:48:19.582Z,0.17033203125,445,2026-09-12 00:33:19.582,1784.444444444444
Pulse experiments,pioreactor01,2026-09-11T18:48:19.588Z,0.17595703125,480,2026-09-12 00:33:19.588,1784.444444444444
Pulse experiments,pioreactor01,2026-09-11T18:48:19.594Z,0.2045703125,515,2026-09-12 00:33:19.594,1784.444444444444
Pulse experiments,pioreactor01,2026-09-11T18:48:19.598Z,0.2332421875,555,2026-09-12 00:33:19.598,1784.444444444444
Pulse experiments,pioreactor01,2026-09-11T18:48:19.603Z,0.2304296875,590,2026-09-12 00:33:19.603,1784.444444444444
Pulse experiments,pioreactor01,2026-09-11T18:48:19.607Z,0.23490234375,630,2026-09-12 00:33:19.607,1784.444444444444
Pulse experiments,pioreactor01,2026-09-11T18:48:19.612Z,0.12279296875,680,2026-09-12 00:33:19.612,1784.444444444444
Pulse experiments,pioreactor01,2026-09-11T18:48:24.577Z,0.02076171875,415,2026-09-12 00:33:24.577,1784.445833333333
Pulse experiments,pioreactor01,2026-09-11T18:48:24.581Z,0.170234375,445,2026-09-12 00:33:24.581,1784.445833333333
Pulse experiments,pioreactor01,2026-09-11T18:48:24.586Z,0.175859375,480,2026-09-12 00:33:24.586,1784.445833333333
Pulse experiments,pioreactor01,2026-09-11T18:48:24.592Z,0.20474609375,515,2026-09-12 00:33:24.592,1784.445833333333
Pulse experiments,pioreactor01,2026-09-11T18:48:24.595Z,0.23373046875,555,2026-09-12 00:33:24.595,1784.445833333333
Pulse experiments,pioreactor01,2026-09-11T18:48:24.601Z,0.2308984375,590,2026-09-12 00:33:24.601,1784.445833333333
Pulse experiments,pioreactor01,2026-09-11T18:48:24.605Z,0.2352734375,630,2026-09-12 00:33:24.605,1784.445833333333
Pulse experiments,pioreactor01,2026-09-11T18:48:24.611Z,0.123046875,680,2026-09-12 00:33:24.611,1784.445833333333
Pulse experiments,pioreactor01,2026-09-11T18:48:29.576Z,0.0207421875,415,2026-09-12 00:33:29.576,1784.447222222222
Pulse experiments,pioreactor01,2026-09-11T18:48:29.581Z,0.17041015625,445,2026-09-12 00:33:29.581,1784.447222222222
Pulse experiments,pioreactor01,2026-09-11T18:48:29.587Z,0.17603515625,480,2026-09-12 00:33:29.587,1784.447222222222
Pulse experiments,pioreactor01,2026-09-11T18:48:29.593Z,0.20451171875,515,2026-09-12 00:33:29.593,1784.447222222222
Pulse experiments,pioreactor01,2026-09-11T18:48:29.598Z,0.2344140625,555,2026-09-12 00:33:29.598,1784.447222222222
Pulse experiments,pioreactor01,2026-09-11T18:48:29.603Z,0.2316796875,590,2026-09-12 00:33:29.603,1784.447222222222
Pulse experiments,pioreactor01,2026-09-11T18:48:29.609Z,0.23609375,630,2026-09-12 00:33:29.609,1784.447222222222
Pulse experiments,pioreactor01,2026-09-11T18:48:29.614Z,0.12353515625,680,2026-09-12 00:33:29.614,1784.447222222222
Pulse experiments,pioreactor01,2026-09-11T18:48:34.574Z,0.0207421875,415,2026-09-12 00:33:34.574,1784.448611111111
Pulse experiments,pioreactor01,2026-09-11T18:48:34.578Z,0.17052734375,445,2026-09-12 00:33:34.578,1784.448611111111
Pulse experiments,pioreactor01,2026-09-11T18:48:34.584Z,0.176015625,480,2026-09-12 00:33:34.584,1784.448611111111
Pulse experiments,pioreactor01,2026-09-11T18:48:34.588Z,0.2046484375,515,2026-09-12 00:33:34.588,1784.448611111111
Pulse experiments,pioreactor01,2026-09-11T18:48:34.593Z,0.23388671875,555,2026-09-12 00:33:34.593,1784.448611111111
Pulse experiments,pioreactor01,2026-09-11T18:48:34.597Z,0.2311328125,590,2026-09-12 00:33:34.597,1784.448611111111
Pulse experiments,pioreactor01,2026-09-11T18:48:34.604Z,0.2355078125,630,2026-09-12 00:33:34.604,1784.448611111111
Pulse experiments,pioreactor01,2026-09-11T18:48:34.607Z,0.12314453125,680,2026-09-12 00:33:34.607,1784.448611111111
Pulse experiments,pioreactor01,2026-09-11T18:48:39.573Z,0.0207421875,415,2026-09-12 00:33:39.573,1784.45
Pulse experiments,pioreactor01,2026-09-11T18:48:39.578Z,0.170234375,445,2026-09-12 00:33:39.578,1784.45
Pulse experiments,pioreactor01,2026-09-11T18:48:39.583Z,0.17583984375,480,2026-09-12 00:33:39.583,1784.45
Pulse experiments,pioreactor01,2026-09-11T18:48:39.587Z,0.204296875,515,2026-09-12 00:33:39.587,1784.45
Pulse experiments,pioreactor01,2026-09-11T18:48:39.592Z,0.23318359375,555,2026-09-12 00:33:39.592,1784.45
Pulse experiments,pioreactor01,2026-09-11T18:48:39.597Z,0.23064453125,590,2026-09-12 00:33:39.597,1784.45
Pulse experiments,pioreactor01,2026-09-11T18:48:39.602Z,0.23501953125,630,2026-09-12 00:33:39.602,1784.45
Pulse experiments,pioreactor01,2026-09-11T18:48:39.607Z,0.1228515625,680,2026-09-12 00:33:39.607,1784.45
Pulse experiments,pioreactor01,2026-09-11T18:48:44.576Z,0.0207421875,415,2026-09-12 00:33:44.576,1784.451388888889
Pulse experiments,pioreactor01,2026-09-11T18:48:44.580Z,0.17029296875,445,2026-09-12 00:33:44.580,1784.451388888889
Pulse experiments,pioreactor01,2026-09-11T18:48:44.584Z,0.17568359375,480,2026-09-12 00:33:44.584,1784.451388888889
Pulse experiments,pioreactor01,2026-09-11T18:48:44.590Z,0.20453125,515,2026-09-12 00:33:44.590,1784.451388888889
Pulse experiments,pioreactor01,2026-09-11T18:48:44.594Z,0.234765625,555,2026-09-12 00:33:44.594,1784.451388888889
Pulse experiments,pioreactor01,2026-09-11T18:48:44.599Z,0.231953125,590,2026-09-12 00:33:44.599,1784.451388888889
Pulse experiments,pioreactor01,2026-09-11T18:48:44.604Z,0.23638671875,630,2026-09-12 00:33:44.604,1784.451388888889
Pulse experiments,pioreactor01,2026-09-11T18:48:44.610Z,0.1237109375,680,2026-09-12 00:33:44.610,1784.451388888889
Pulse experiments,pioreactor01,2026-09-11T18:48:49.573Z,0.02072265625,415,2026-09-12 00:33:49.573,1784.452777777778
Pulse experiments,pioreactor01,2026-09-11T18:48:49.578Z,0.17060546875,445,2026-09-12 00:33:49.578,1784.452777777778
Pulse experiments,pioreactor01,2026-09-11T18:48:49.582Z,0.17609375,480,2026-09-12 00:33:49.582,1784.452777777778
Pulse experiments,pioreactor01,2026-09-11T18:48:49.587Z,0.20482421875,515,2026-09-12 00:33:49.587,1784.452777777778
Pulse experiments,pioreactor01,2026-09-11T18:48:49.595Z,0.23359375,555,2026-09-12 00:33:49.595,1784.452777777778
Pulse experiments,pioreactor01,2026-09-11T18:48:49.597Z,0.2308984375,590,2026-09-12 00:33:49.597,1784.452777777778
Pulse experiments,pioreactor01,2026-09-11T18:48:49.602Z,0.23494140625,630,2026-09-12 00:33:49.602,1784.452777777778
Pulse experiments,pioreactor01,2026-09-11T18:48:49.606Z,0.12294921875,680,2026-09-12 00:33:49.606,1784.452777777778
Pulse experiments,pioreactor01,2026-09-11T18:48:54.574Z,0.02072265625,415,2026-09-12 00:33:54.574,1784.454166666667
Pulse experiments,pioreactor01,2026-09-11T18:48:54.579Z,0.17021484375,445,2026-09-12 00:33:54.579,1784.454166666667
Pulse experiments,pioreactor01,2026-09-11T18:48:54.583Z,0.175625,480,2026-09-12 00:33:54.583,1784.454166666667
Pulse experiments,pioreactor01,2026-09-11T18:48:54.588Z,0.20435546875,515,2026-09-12 00:33:54.588,1784.454166666667
Pulse experiments,pioreactor01,2026-09-11T18:48:54.592Z,0.2339453125,555,2026-09-12 00:33:54.592,1784.454166666667
Pulse experiments,pioreactor01,2026-09-11T18:48:54.596Z,0.23119140625,590,2026-09-12 00:33:54.596,1784.454166666667
Pulse experiments,pioreactor01,2026-09-11T18:48:54.600Z,0.23552734375,630,2026-09-12 00:33:54.600,1784.454166666667
Pulse experiments,pioreactor01,2026-09-11T18:48:54.605Z,0.1232421875,680,2026-09-12 00:33:54.605,1784.454166666667
Pulse experiments,pioreactor01,2026-09-11T18:48:59.578Z,0.02072265625,415,2026-09-12 00:33:59.578,1784.455555555556
Pulse experiments,pioreactor01,2026-09-11T18:48:59.586Z,0.170390625,445,2026-09-12 00:33:59.586,1784.455555555556
Pulse experiments,pioreactor01,2026-09-11T18:48:59.588Z,0.17619140625,480,2026-09-12 00:33:59.588,1784.455555555556
Pulse experiments,pioreactor01,2026-09-11T18:48:59.594Z,0.20453125,515,2026-09-12 00:33:59.594,1784.455555555556
Pulse experiments,pioreactor01,2026-09-11T18:48:59.598Z,0.23365234375,555,2026-09-12 00:33:59.598,1784.455555555556
Pulse experiments,pioreactor01,2026-09-11T18:48:59.603Z,0.230859375,590,2026-09-12 00:33:59.603,1784.455555555556
Pulse experiments,pioreactor01,2026-09-11T18:48:59.608Z,0.23533203125,630,2026-09-12 00:33:59.608,1784.455555555556
Pulse experiments,pioreactor01,2026-09-11T18:48:59.612Z,0.1230859375,680,2026-09-12 00:33:59.612,1784.455555555556
Pulse experiments,pioreactor01,2026-09-11T18:49:04.573Z,0.02078125,415,2026-09-12 00:34:04.573,1784.456944444444
Pulse experiments,pioreactor01,2026-09-11T18:49:04.579Z,0.170703125,445,2026-09-12 00:34:04.579,1784.456944444444
Pulse experiments,pioreactor01,2026-09-11T18:49:04.583Z,0.17638671875,480,2026-09-12 00:34:04.583,1784.456944444444
Pulse experiments,pioreactor01,2026-09-11T18:49:04.589Z,0.20501953125,515,2026-09-12 00:34:04.589,1784.456944444444
Pulse experiments,pioreactor01,2026-09-11T18:49:04.592Z,0.23361328125,555,2026-09-12 00:34:04.592,1784.456944444444
Pulse experiments,pioreactor01,2026-09-11T18:49:04.597Z,0.23083984375,590,2026-09-12 00:34:04.597,1784.456944444444
Pulse experiments,pioreactor01,2026-09-11T18:49:04.602Z,0.23513671875,630,2026-09-12 00:34:04.602,1784.456944444444
Pulse experiments,pioreactor01,2026-09-11T18:49:04.607Z,0.12298828125,680,2026-09-12 00:34:04.607,1784.456944444444
Pulse experiments,pioreactor01,2026-09-11T18:49:09.575Z,0.02072265625,415,2026-09-12 00:34:09.575,1784.458333333333
Pulse experiments,pioreactor01,2026-09-11T18:49:09.580Z,0.17044921875,445,2026-09-12 00:34:09.580,1784.458333333333
Pulse experiments,pioreactor01,2026-09-11T18:49:09.585Z,0.1759375,480,2026-09-12 00:34:09.585,1784.458333333333
Pulse experiments,pioreactor01,2026-09-11T18:49:09.589Z,0.2045703125,515,2026-09-12 00:34:09.589,1784.458333333333
Pulse experiments,pioreactor01,2026-09-11T18:49:09.596Z,0.23384765625,555,2026-09-12 00:34:09.596,1784.458333333333
Pulse experiments,pioreactor01,2026-09-11T18:49:09.600Z,0.23103515625,590,2026-09-12 00:34:09.600,1784.458333333333
Pulse experiments,pioreactor01,2026-09-11T18:49:09.606Z,0.23541015625,630,2026-09-12 00:34:09.606,1784.458333333333
Pulse experiments,pioreactor01,2026-09-11T18:49:09.610Z,0.12310546875,680,2026-09-12 00:34:09.610,1784.458333333333
Pulse experiments,pioreactor01,2026-09-11T18:49:14.573Z,0.02076171875,415,2026-09-12 00:34:14.573,1784.459722222222
Pulse experiments,pioreactor01,2026-09-11T18:49:14.578Z,0.170703125,445,2026-09-12 00:34:14.578,1784.459722222222
Pulse experiments,pioreactor01,2026-09-11T18:49:14.584Z,0.17609375,480,2026-09-12 00:34:14.584,1784.459722222222
Pulse experiments,pioreactor01,2026-09-11T18:49:14.587Z,0.2048828125,515,2026-09-12 00:34:14.587,1784.459722222222
Pulse experiments,pioreactor01,2026-09-11T18:49:14.594Z,0.23408203125,555,2026-09-12 00:34:14.594,1784.459722222222
Pulse experiments,pioreactor01,2026-09-11T18:49:14.598Z,0.23103515625,590,2026-09-12 00:34:14.598,1784.459722222222
Pulse experiments,pioreactor01,2026-09-11T18:49:14.605Z,0.23546875,630,2026-09-12 00:34:14.605,1784.459722222222
Pulse experiments,pioreactor01,2026-09-11T18:49:14.608Z,0.12314453125,680,2026-09-12 00:34:14.608,1784.459722222222
Pulse experiments,pioreactor01,2026-09-11T18:49:19.574Z,0.02068359375,415,2026-09-12 00:34:19.574,1784.461111111111
Pulse experiments,pioreactor01,2026-09-11T18:49:19.580Z,0.17044921875,445,2026-09-12 00:34:19.580,1784.461111111111
Pulse experiments,pioreactor01,2026-09-11T18:49:19.586Z,0.17587890625,480,2026-09-12 00:34:19.586,1784.461111111111
Pulse experiments,pioreactor01,2026-09-11T18:49:19.589Z,0.2042578125,515,2026-09-12 00:34:19.589,1784.461111111111
Pulse experiments,pioreactor01,2026-09-11T18:49:19.596Z,0.23388671875,555,2026-09-12 00:34:19.596,1784.461111111111
Pulse experiments,pioreactor01,2026-09-11T18:49:19.600Z,0.2311328125,590,2026-09-12 00:34:19.600,1784.461111111111
Pulse experiments,pioreactor01,2026-09-11T18:49:19.607Z,0.235546875,630,2026-09-12 00:34:19.607,1784.461111111111
Pulse experiments,pioreactor01,2026-09-11T18:49:19.610Z,0.12341796875,680,2026-09-12 00:34:19.610,1784.461111111111
Pulse experiments,pioreactor01,2026-09-11T18:49:24.572Z,0.0208203125,415,2026-09-12 00:34:24.572,1784.4625
Pulse experiments,pioreactor01,2026-09-11T18:49:24.577Z,0.1708984375,445,2026-09-12 00:34:24.577,1784.4625
Pulse experiments,pioreactor01,2026-09-11T18:49:24.582Z,0.176640625,480,2026-09-12 00:34:24.582,1784.4625
Pulse experiments,pioreactor01,2026-09-11T18:49:24.586Z,0.20525390625,515,2026-09-12 00:34:24.586,1784.4625
Pulse experiments,pioreactor01,2026-09-11T18:49:24.592Z,0.2341796875,555,2026-09-12 00:34:24.592,1784.4625
Pulse experiments,pioreactor01,2026-09-11T18:49:24.596Z,0.23140625,590,2026-09-12 00:34:24.596,1784.4625
Pulse experiments,pioreactor01,2026-09-11T18:49:24.602Z,0.23572265625,630,2026-09-12 00:34:24.602,1784.4625
Pulse experiments,pioreactor01,2026-09-11T18:49:24.607Z,0.12328125,680,2026-09-12 00:34:24.607,1784.4625
Pulse experiments,pioreactor01,2026-09-11T18:49:29.573Z,0.0207421875,415,2026-09-12 00:34:29.573,1784.463888888889
Pulse experiments,pioreactor01,2026-09-11T18:49:29.577Z,0.1703515625,445,2026-09-12 00:34:29.577,1784.463888888889
Pulse experiments,pioreactor01,2026-09-11T18:49:29.583Z,0.1759765625,480,2026-09-12 00:34:29.583,1784.463888888889
Pulse experiments,pioreactor01,2026-09-11T18:49:29.587Z,0.20439453125,515,2026-09-12 00:34:29.587,1784.463888888889
Pulse experiments,pioreactor01,2026-09-11T18:49:29.591Z,0.234453125,555,2026-09-12 00:34:29.591,1784.463888888889
Pulse experiments,pioreactor01,2026-09-11T18:49:29.596Z,0.23150390625,590,2026-09-12 00:34:29.596,1784.463888888889
Pulse experiments,pioreactor01,2026-09-11T18:49:29.600Z,0.2358984375,630,2026-09-12 00:34:29.600,1784.463888888889
Pulse experiments,pioreactor01,2026-09-11T18:49:29.606Z,0.12349609375,680,2026-09-12 00:34:29.606,1784.463888888889
Pulse experiments,pioreactor01,2026-09-11T18:49:34.573Z,0.0207421875,415,2026-09-12 00:34:34.573,1784.465277777778
Pulse experiments,pioreactor01,2026-09-11T18:49:34.578Z,0.17052734375,445,2026-09-12 00:34:34.578,1784.465277777778
Pulse experiments,pioreactor01,2026-09-11T18:49:34.582Z,0.1760546875,480,2026-09-12 00:34:34.582,1784.465277777778
Pulse experiments,pioreactor01,2026-09-11T18:49:34.587Z,0.20466796875,515,2026-09-12 00:34:34.587,1784.465277777778
Pulse experiments,pioreactor01,2026-09-11T18:49:34.592Z,0.23400390625,555,2026-09-12 00:34:34.592,1784.465277777778
Pulse experiments,pioreactor01,2026-09-11T18:49:34.595Z,0.23125,590,2026-09-12 00:34:34.595,1784.465277777778
Pulse experiments,pioreactor01,2026-09-11T18:49:34.601Z,0.23576171875,630,2026-09-12 00:34:34.601,1784.465277777778
Pulse experiments,pioreactor01,2026-09-11T18:49:34.605Z,0.12318359375,680,2026-09-12 00:34:34.605,1784.465277777778
Pulse experiments,pioreactor01,2026-09-11T18:49:39.574Z,0.020703125,415,2026-09-12 00:34:39.574,1784.466666666667
Pulse experiments,pioreactor01,2026-09-11T18:49:39.579Z,0.1701953125,445,2026-09-12 00:34:39.579,1784.466666666667
Pulse experiments,pioreactor01,2026-09-11T18:49:39.584Z,0.175859375,480,2026-09-12 00:34:39.584,1784.466666666667
Pulse experiments,pioreactor01,2026-09-11T18:49:39.588Z,0.2043359375,515,2026-09-12 00:34:39.588,1784.466666666667
Pulse experiments,pioreactor01,2026-09-11T18:49:39.592Z,0.23375,555,2026-09-12 00:34:39.592,1784.466666666667
Pulse experiments,pioreactor01,2026-09-11T18:49:39.598Z,0.23083984375,590,2026-09-12 00:34:39.598,1784.466666666667
Pulse experiments,pioreactor01,2026-09-11T18:49:39.602Z,0.23533203125,630,2026-09-12 00:34:39.602,1784.466666666667
Pulse experiments,pioreactor01,2026-09-11T18:49:39.607Z,0.12302734375,680,2026-09-12 00:34:39.607,1784.466666666667
Pulse experiments,pioreactor01,2026-09-11T18:49:44.579Z,0.02072265625,415,2026-09-12 00:34:44.579,1784.468055555556
Pulse experiments,pioreactor01,2026-09-11T18:49:44.583Z,0.17033203125,445,2026-09-12 00:34:44.583,1784.468055555556
Pulse experiments,pioreactor01,2026-09-11T18:49:44.587Z,0.1758984375,480,2026-09-12 00:34:44.587,1784.468055555556
Pulse experiments,pioreactor01,2026-09-11T18:49:44.592Z,0.204375,515,2026-09-12 00:34:44.592,1784.468055555556
Pulse experiments,pioreactor01,2026-09-11T18:49:44.597Z,0.23341796875,555,2026-09-12 00:34:44.597,1784.468055555556
Pulse experiments,pioreactor01,2026-09-11T18:49:44.602Z,0.230859375,590,2026-09-12 00:34:44.602,1784.468055555556
Pulse experiments,pioreactor01,2026-09-11T18:49:44.607Z,0.23509765625,630,2026-09-12 00:34:44.607,1784.468055555556
Pulse experiments,pioreactor01,2026-09-11T18:49:44.611Z,0.12318359375,680,2026-09-12 00:34:44.611,1784.468055555556
Pulse experiments,pioreactor01,2026-09-11T18:49:49.579Z,0.0207421875,415,2026-09-12 00:34:49.579,1784.469444444444
Pulse experiments,pioreactor01,2026-09-11T18:49:49.583Z,0.1704296875,445,2026-09-12 00:34:49.583,1784.469444444444
Pulse experiments,pioreactor01,2026-09-11T18:49:49.588Z,0.1765625,480,2026-09-12 00:34:49.588,1784.469444444444
Pulse experiments,pioreactor01,2026-09-11T18:49:49.593Z,0.204765625,515,2026-09-12 00:34:49.593,1784.469444444444
Pulse experiments,pioreactor01,2026-09-11T18:49:49.596Z,0.2337109375,555,2026-09-12 00:34:49.596,1784.469444444444
Pulse experiments,pioreactor01,2026-09-11T18:49:49.602Z,0.2309765625,590,2026-09-12 00:34:49.602,1784.469444444444
Pulse experiments,pioreactor01,2026-09-11T18:49:49.606Z,0.2353125,630,2026-09-12 00:34:49.606,1784.469444444444
Pulse experiments,pioreactor01,2026-09-11T18:49:49.611Z,0.1230078125,680,2026-09-12 00:34:49.611,1784.469444444444
Pulse experiments,pioreactor01,2026-09-11T18:49:54.578Z,0.0207421875,415,2026-09-12 00:34:54.578,1784.470833333333
Pulse experiments,pioreactor01,2026-09-11T18:49:54.581Z,0.17052734375,445,2026-09-12 00:34:54.581,1784.470833333333
Pulse experiments,pioreactor01,2026-09-11T18:49:54.586Z,0.176015625,480,2026-09-12 00:34:54.586,1784.470833333333
Pulse experiments,pioreactor01,2026-09-11T18:49:54.590Z,0.20455078125,515,2026-09-12 00:34:54.590,1784.470833333333
Pulse experiments,pioreactor01,2026-09-11T18:49:54.595Z,0.233984375,555,2026-09-12 00:34:54.595,1784.470833333333
Pulse experiments,pioreactor01,2026-09-11T18:49:54.599Z,0.23146484375,590,2026-09-12 00:34:54.599,1784.470833333333
Pulse experiments,pioreactor01,2026-09-11T18:49:54.605Z,0.23591796875,630,2026-09-12 00:34:54.605,1784.470833333333
Pulse experiments,pioreactor01,2026-09-11T18:49:54.609Z,0.12337890625,680,2026-09-12 00:34:54.609,1784.470833333333
Pulse experiments,pioreactor01,2026-09-11T18:49:59.580Z,0.02072265625,415,2026-09-12 00:34:59.580,1784.472222222222
Pulse experiments,pioreactor01,2026-09-11T18:49:59.583Z,0.17037109375,445,2026-09-12 00:34:59.583,1784.472222222222
Pulse experiments,pioreactor01,2026-09-11T18:49:59.588Z,0.17599609375,480,2026-09-12 00:34:59.588,1784.472222222222
Pulse experiments,pioreactor01,2026-09-11T18:49:59.594Z,0.20451171875,515,2026-09-12 00:34:59.594,1784.472222222222
Pulse experiments,pioreactor01,2026-09-11T18:49:59.599Z,0.2331640625,555,2026-09-12 00:34:59.599,1784.472222222222
Pulse experiments,pioreactor01,2026-09-11T18:49:59.603Z,0.230546875,590,2026-09-12 00:34:59.603,1784.472222222222
Pulse experiments,pioreactor01,2026-09-11T18:49:59.609Z,0.235,630,2026-09-12 00:34:59.609,1784.472222222222
Pulse experiments,pioreactor01,2026-09-11T18:49:59.613Z,0.12287109375,680,2026-09-12 00:34:59.613,1784.472222222222
Pulse experiments,pioreactor01,2026-09-11T18:50:04.575Z,0.02072265625,415,2026-09-12 00:35:04.575,1784.473611111111
Pulse experiments,pioreactor01,2026-09-11T18:50:04.579Z,0.17041015625,445,2026-09-12 00:35:04.579,1784.473611111111
Pulse experiments,pioreactor01,2026-09-11T18:50:04.584Z,0.17609375,480,2026-09-12 00:35:04.584,1784.473611111111
Pulse experiments,pioreactor01,2026-09-11T18:50:04.588Z,0.20462890625,515,2026-09-12 00:35:04.588,1784.473611111111
Pulse experiments,pioreactor01,2026-09-11T18:50:04.593Z,0.23349609375,555,2026-09-12 00:35:04.593,1784.473611111111
Pulse experiments,pioreactor01,2026-09-11T18:50:04.599Z,0.2308203125,590,2026-09-12 00:35:04.599,1784.473611111111
Pulse experiments,pioreactor01,2026-09-11T18:50:04.603Z,0.23515625,630,2026-09-12 00:35:04.603,1784.473611111111
Pulse experiments,pioreactor01,2026-09-11T18:50:04.608Z,0.123046875,680,2026-09-12 00:35:04.608,1784.473611111111
Pulse experiments,pioreactor01,2026-09-11T18:50:09.573Z,0.0189453125,415,2026-09-12 00:35:09.573,1784.475
Pulse experiments,pioreactor01,2026-09-11T18:50:09.578Z,0.1509375,445,2026-09-12 00:35:09.578,1784.475
Pulse experiments,pioreactor01,2026-09-11T18:50:09.583Z,0.14716796875,480,2026-09-12 00:35:09.583,1784.475
Pulse experiments,pioreactor01,2026-09-11T18:50:09.588Z,0.171640625,515,2026-09-12 00:35:09.588,1784.475
Pulse experiments,pioreactor01,2026-09-11T18:50:09.593Z,0.21181640625,555,2026-09-12 00:35:09.593,1784.475
Pulse experiments,pioreactor01,2026-09-11T18:50:09.597Z,0.22400390625,590,2026-09-12 00:35:09.597,1784.475
Pulse experiments,pioreactor01,2026-09-11T18:50:09.603Z,0.2300390625,630,2026-09-12 00:35:09.603,1784.475
Pulse experiments,pioreactor01,2026-09-11T18:50:09.607Z,0.11970703125,680,2026-09-12 00:35:09.607,1784.475
Pulse experiments,pioreactor01,2026-09-11T18:50:14.578Z,0.01916015625,415,2026-09-12 00:35:14.578,1784.476388888889
Pulse experiments,pioreactor01,2026-09-11T18:50:14.583Z,0.15275390625,445,2026-09-12 00:35:14.583,1784.476388888889
Pulse experiments,pioreactor01,2026-09-11T18:50:14.588Z,0.1493359375,480,2026-09-12 00:35:14.588,1784.476388888889
Pulse experiments,pioreactor01,2026-09-11T18:50:14.592Z,0.17353515625,515,2026-09-12 00:35:14.592,1784.476388888889
Pulse experiments,pioreactor01,2026-09-11T18:50:14.597Z,0.21333984375,555,2026-09-12 00:35:14.597,1784.476388888889
Pulse experiments,pioreactor01,2026-09-11T18:50:14.602Z,0.22509765625,590,2026-09-12 00:35:14.602,1784.476388888889
Pulse experiments,pioreactor01,2026-09-11T18:50:14.606Z,0.2312109375,630,2026-09-12 00:35:14.606,1784.476388888889
Pulse experiments,pioreactor01,2026-09-11T18:50:14.611Z,0.12064453125,680,2026-09-12 00:35:14.611,1784.476388888889
Pulse experiments,pioreactor01,2026-09-11T18:50:19.575Z,0.01904296875,415,2026-09-12 00:35:19.575,1784.477777777778
Pulse experiments,pioreactor01,2026-09-11T18:50:19.621Z,0.1519140625,445,2026-09-12 00:35:19.621,1784.477777777778
Pulse experiments,pioreactor01,2026-09-11T18:50:19.622Z,0.1483984375,480,2026-09-12 00:35:19.622,1784.477777777778
Pulse experiments,pioreactor01,2026-09-11T18:50:19.623Z,0.17283203125,515,2026-09-12 00:35:19.623,1784.477777777778
Pulse experiments,pioreactor01,2026-09-11T18:50:19.625Z,0.21462890625,555,2026-09-12 00:35:19.625,1784.477777777778
Pulse experiments,pioreactor01,2026-09-11T18:50:19.627Z,0.22640625,590,2026-09-12 00:35:19.627,1784.477777777778
Pulse experiments,pioreactor01,2026-09-11T18:50:19.628Z,0.2323828125,630,2026-09-12 00:35:19.628,1784.477777777778
Pulse experiments,pioreactor01,2026-09-11T18:50:19.628Z,0.1218359375,680,2026-09-12 00:35:19.628,1784.477777777778
Pulse experiments,pioreactor01,2026-09-11T18:50:24.578Z,0.01912109375,415,2026-09-12 00:35:24.578,1784.479166666667
Pulse experiments,pioreactor01,2026-09-11T18:50:24.583Z,0.152265625,445,2026-09-12 00:35:24.583,1784.479166666667
Pulse experiments,pioreactor01,2026-09-11T18:50:24.588Z,0.14888671875,480,2026-09-12 00:35:24.588,1784.479166666667
Pulse experiments,pioreactor01,2026-09-11T18:50:24.592Z,0.17302734375,515,2026-09-12 00:35:24.592,1784.479166666667
Pulse experiments,pioreactor01,2026-09-11T18:50:24.597Z,0.2158984375,555,2026-09-12 00:35:24.597,1784.479166666667
Pulse experiments,pioreactor01,2026-09-11T18:50:24.601Z,0.22744140625,590,2026-09-12 00:35:24.601,1784.479166666667
Pulse experiments,pioreactor01,2026-09-11T18:50:24.608Z,0.233671875,630,2026-09-12 00:35:24.608,1784.479166666667
Pulse experiments,pioreactor01,2026-09-11T18:50:24.611Z,0.12298828125,680,2026-09-12 00:35:24.611,1784.479166666667
Pulse experiments,pioreactor01,2026-09-11T18:50:29.576Z,0.01912109375,415,2026-09-12 00:35:29.576,1784.480555555556
Pulse experiments,pioreactor01,2026-09-11T18:50:29.580Z,0.152421875,445,2026-09-12 00:35:29.580,1784.480555555556
Pulse experiments,pioreactor01,2026-09-11T18:50:29.586Z,0.148984375,480,2026-09-12 00:35:29.586,1784.480555555556
Pulse experiments,pioreactor01,2026-09-11T18:50:29.591Z,0.1730078125,515,2026-09-12 00:35:29.591,1784.480555555556
Pulse experiments,pioreactor01,2026-09-11T18:50:29.595Z,0.21404296875,555,2026-09-12 00:35:29.595,1784.480555555556
Pulse experiments,pioreactor01,2026-09-11T18:50:29.600Z,0.22568359375,590,2026-09-12 00:35:29.600,1784.480555555556
Pulse experiments,pioreactor01,2026-09-11T18:50:29.606Z,0.2318359375,630,2026-09-12 00:35:29.606,1784.480555555556
Pulse experiments,pioreactor01,2026-09-11T18:50:29.610Z,0.12103515625,680,2026-09-12 00:35:29.610,1784.480555555556
Pulse experiments,pioreactor01,2026-09-11T18:50:34.572Z,0.0190625,415,2026-09-12 00:35:34.572,1784.481944444444
Pulse experiments,pioreactor01,2026-09-11T18:50:34.577Z,0.152421875,445,2026-09-12 00:35:34.577,1784.481944444444
Pulse experiments,pioreactor01,2026-09-11T18:50:34.582Z,0.1489453125,480,2026-09-12 00:35:34.582,1784.481944444444
Pulse experiments,pioreactor01,2026-09-11T18:50:34.587Z,0.1729296875,515,2026-09-12 00:35:34.587,1784.481944444444
Pulse experiments,pioreactor01,2026-09-11T18:50:34.592Z,0.21396484375,555,2026-09-12 00:35:34.592,1784.481944444444
Pulse experiments,pioreactor01,2026-09-11T18:50:34.597Z,0.22572265625,590,2026-09-12 00:35:34.597,1784.481944444444
Pulse experiments,pioreactor01,2026-09-11T18:50:34.602Z,0.23185546875,630,2026-09-12 00:35:34.602,1784.481944444444
Pulse experiments,pioreactor01,2026-09-11T18:50:34.606Z,0.1212109375,680,2026-09-12 00:35:34.606,1784.481944444444
Pulse experiments,pioreactor01,2026-09-11T18:50:39.573Z,0.019140625,415,2026-09-12 00:35:39.573,1784.483333333333
Pulse experiments,pioreactor01,2026-09-11T18:50:39.577Z,0.1526171875,445,2026-09-12 00:35:39.577,1784.483333333333
Pulse experiments,pioreactor01,2026-09-11T18:50:39.583Z,0.1490625,480,2026-09-12 00:35:39.583,1784.483333333333
Pulse experiments,pioreactor01,2026-09-11T18:50:39.587Z,0.17310546875,515,2026-09-12 00:35:39.587,1784.483333333333
Pulse experiments,pioreactor01,2026-09-11T18:50:39.594Z,0.213359375,555,2026-09-12 00:35:39.594,1784.483333333333
Pulse experiments,pioreactor01,2026-09-11T18:50:39.597Z,0.22517578125,590,2026-09-12 00:35:39.597,1784.483333333333
Pulse experiments,pioreactor01,2026-09-11T18:50:39.602Z,0.2310546875,630,2026-09-12 00:35:39.602,1784.483333333333
Pulse experiments,pioreactor01,2026-09-11T18:50:39.607Z,0.1205078125,680,2026-09-12 00:35:39.607,1784.483333333333
Pulse experiments,pioreactor01,2026-09-11T18:50:44.573Z,0.01916015625,415,2026-09-12 00:35:44.573,1784.484722222222
Pulse experiments,pioreactor01,2026-09-11T18:50:44.580Z,0.15287109375,445,2026-09-12 00:35:44.580,1784.484722222222
Pulse experiments,pioreactor01,2026-09-11T18:50:44.583Z,0.149296875,480,2026-09-12 00:35:44.583,1784.484722222222
Pulse experiments,pioreactor01,2026-09-11T18:50:44.590Z,0.17333984375,515,2026-09-12 00:35:44.590,1784.484722222222
Pulse experiments,pioreactor01,2026-09-11T18:50:44.594Z,0.213984375,555,2026-09-12 00:35:44.594,1784.484722222222
Pulse experiments,pioreactor01,2026-09-11T18:50:44.599Z,0.225390625,590,2026-09-12 00:35:44.599,1784.484722222222
Pulse experiments,pioreactor01,2026-09-11T18:50:44.604Z,0.23150390625,630,2026-09-12 00:35:44.604,1784.484722222222
Pulse experiments,pioreactor01,2026-09-11T18:50:44.609Z,0.1211328125,680,2026-09-12 00:35:44.609,1784.484722222222
Pulse experiments,pioreactor01,2026-09-11T18:50:49.579Z,0.01908203125,415,2026-09-12 00:35:49.579,1784.486111111111
Pulse experiments,pioreactor01,2026-09-11T18:50:49.585Z,0.15279296875,445,2026-09-12 00:35:49.585,1784.486111111111
Pulse experiments,pioreactor01,2026-09-11T18:50:49.589Z,0.14919921875,480,2026-09-12 00:35:49.589,1784.486111111111
Pulse experiments,pioreactor01,2026-09-11T18:50:49.595Z,0.17306640625,515,2026-09-12 00:35:49.595,1784.486111111111
Pulse experiments,pioreactor01,2026-09-11T18:50:49.599Z,0.21482421875,555,2026-09-12 00:35:49.599,1784.486111111111
Pulse experiments,pioreactor01,2026-09-11T18:50:49.603Z,0.2262890625,590,2026-09-12 00:35:49.603,1784.486111111111
Pulse experiments,pioreactor01,2026-09-11T18:50:49.608Z,0.23236328125,630,2026-09-12 00:35:49.608,1784.486111111111
Pulse experiments,pioreactor01,2026-09-11T18:50:49.612Z,0.12177734375,680,2026-09-12 00:35:49.612,1784.486111111111
Pulse experiments,pioreactor01,2026-09-11T18:50:54.573Z,0.01916015625,415,2026-09-12 00:35:54.573,1784.4875
Pulse experiments,pioreactor01,2026-09-11T18:50:54.578Z,0.15224609375,445,2026-09-12 00:35:54.578,1784.4875
Pulse experiments,pioreactor01,2026-09-11T18:50:54.584Z,0.14890625,480,2026-09-12 00:35:54.584,1784.4875
Pulse experiments,pioreactor01,2026-09-11T18:50:54.588Z,0.1730078125,515,2026-09-12 00:35:54.588,1784.4875
Pulse experiments,pioreactor01,2026-09-11T18:50:54.594Z,0.21421875,555,2026-09-12 00:35:54.594,1784.4875
Pulse experiments,pioreactor01,2026-09-11T18:50:54.597Z,0.225859375,590,2026-09-12 00:35:54.597,1784.4875
Pulse experiments,pioreactor01,2026-09-11T18:50:54.602Z,0.23203125,630,2026-09-12 00:35:54.602,1784.4875
Pulse experiments,pioreactor01,2026-09-11T18:50:54.607Z,0.1214453125,680,2026-09-12 00:35:54.607,1784.4875
Pulse experiments,pioreactor01,2026-09-11T18:50:59.575Z,0.019140625,415,2026-09-12 00:35:59.575,1784.488888888889
Pulse experiments,pioreactor01,2026-09-11T18:50:59.580Z,0.1523046875,445,2026-09-12 00:35:59.580,1784.488888888889
Pulse experiments,pioreactor01,2026-09-11T18:50:59.585Z,0.14888671875,480,2026-09-12 00:35:59.585,1784.488888888889
Pulse experiments,pioreactor01,2026-09-11T18:50:59.590Z,0.17310546875,515,2026-09-12 00:35:59.590,1784.488888888889
Pulse experiments,pioreactor01,2026-09-11T18:50:59.596Z,0.2151171875,555,2026-09-12 00:35:59.596,1784.488888888889
Pulse experiments,pioreactor01,2026-09-11T18:50:59.601Z,0.22650390625,590,2026-09-12 00:35:59.601,1784.488888888889
Pulse experiments,pioreactor01,2026-09-11T18:50:59.607Z,0.2326171875,630,2026-09-12 00:35:59.607,1784.488888888889
Pulse experiments,pioreactor01,2026-09-11T18:50:59.612Z,0.1220703125,680,2026-09-12 00:35:59.612,1784.488888888889
Pulse experiments,pioreactor01,2026-09-11T18:51:04.578Z,0.019140625,415,2026-09-12 00:36:04.578,1784.490277777778
Pulse experiments,pioreactor01,2026-09-11T18:51:04.583Z,0.15279296875,445,2026-09-12 00:36:04.583,1784.490277777778
Pulse experiments,pioreactor01,2026-09-11T18:51:04.590Z,0.14943359375,480,2026-09-12 00:36:04.590,1784.490277777778
Pulse experiments,pioreactor01,2026-09-11T18:51:04.594Z,0.173359375,515,2026-09-12 00:36:04.594,1784.490277777778
Pulse experiments,pioreactor01,2026-09-11T18:51:04.600Z,0.21412109375,555,2026-09-12 00:36:04.600,1784.490277777778
Pulse experiments,pioreactor01,2026-09-11T18:51:04.605Z,0.22541015625,590,2026-09-12 00:36:04.605,1784.490277777778
Pulse experiments,pioreactor01,2026-09-11T18:51:04.610Z,0.23154296875,630,2026-09-12 00:36:04.610,1784.490277777778
Pulse experiments,pioreactor01,2026-09-11T18:51:04.614Z,0.121171875,680,2026-09-12 00:36:04.614,1784.490277777778
Pulse experiments,pioreactor01,2026-09-11T18:51:09.576Z,0.019140625,415,2026-09-12 00:36:09.576,1784.491666666667
Pulse experiments,pioreactor01,2026-09-11T18:51:09.580Z,0.15251953125,445,2026-09-12 00:36:09.580,1784.491666666667
Pulse experiments,pioreactor01,2026-09-11T18:51:09.586Z,0.14912109375,480,2026-09-12 00:36:09.586,1784.491666666667
Pulse experiments,pioreactor01,2026-09-11T18:51:09.590Z,0.17337890625,515,2026-09-12 00:36:09.590,1784.491666666667
Pulse experiments,pioreactor01,2026-09-11T18:51:09.595Z,0.2140234375,555,2026-09-12 00:36:09.595,1784.491666666667
Pulse experiments,pioreactor01,2026-09-11T18:51:09.599Z,0.22568359375,590,2026-09-12 00:36:09.599,1784.491666666667
Pulse experiments,pioreactor01,2026-09-11T18:51:09.605Z,0.23166015625,630,2026-09-12 00:36:09.605,1784.491666666667
Pulse experiments,pioreactor01,2026-09-11T18:51:09.610Z,0.121015625,680,2026-09-12 00:36:09.610,1784.491666666667
Pulse experiments,pioreactor01,2026-09-11T18:51:14.577Z,0.01908203125,415,2026-09-12 00:36:14.577,1784.493055555556
Pulse experiments,pioreactor01,2026-09-11T18:51:14.579Z,0.15212890625,445,2026-09-12 00:36:14.579,1784.493055555556
Pulse experiments,pioreactor01,2026-09-11T18:51:14.585Z,0.14869140625,480,2026-09-12 00:36:14.585,1784.493055555556
Pulse experiments,pioreactor01,2026-09-11T18:51:14.589Z,0.17318359375,515,2026-09-12 00:36:14.589,1784.493055555556
Pulse experiments,pioreactor01,2026-09-11T18:51:14.593Z,0.2149609375,555,2026-09-12 00:36:14.593,1784.493055555556
Pulse experiments,pioreactor01,2026-09-11T18:51:14.598Z,0.2263671875,590,2026-09-12 00:36:14.598,1784.493055555556
Pulse experiments,pioreactor01,2026-09-11T18:51:14.604Z,0.232421875,630,2026-09-12 00:36:14.604,1784.493055555556
Pulse experiments,pioreactor01,2026-09-11T18:51:14.610Z,0.121875,680,2026-09-12 00:36:14.610,1784.493055555556
Pulse experiments,pioreactor01,2026-09-11T18:51:19.575Z,0.01912109375,415,2026-09-12 00:36:19.575,1784.494444444445
Pulse experiments,pioreactor01,2026-09-11T18:51:19.579Z,0.1523046875,445,2026-09-12 00:36:19.579,1784.494444444445
Pulse experiments,pioreactor01,2026-09-11T18:51:19.585Z,0.14888671875,480,2026-09-12 00:36:19.585,1784.494444444445
Pulse experiments,pioreactor01,2026-09-11T18:51:19.589Z,0.17310546875,515,2026-09-12 00:36:19.589,1784.494444444445
Pulse experiments,pioreactor01,2026-09-11T18:51:19.596Z,0.21337890625,555,2026-09-12 00:36:19.596,1784.494444444445
Pulse experiments,pioreactor01,2026-09-11T18:51:19.601Z,0.22478515625,590,2026-09-12 00:36:19.601,1784.494444444445
Pulse experiments,pioreactor01,2026-09-11T18:51:19.606Z,0.23083984375,630,2026-09-12 00:36:19.606,1784.494444444445
Pulse experiments,pioreactor01,2026-09-11T18:51:19.610Z,0.12041015625,680,2026-09-12 00:36:19.610,1784.494444444445
Pulse experiments,pioreactor01,2026-09-11T18:51:24.580Z,0.01904296875,415,2026-09-12 00:36:24.580,1784.495833333333
Pulse experiments,pioreactor01,2026-09-11T18:51:24.583Z,0.151953125,445,2026-09-12 00:36:24.583,1784.495833333333
Pulse experiments,pioreactor01,2026-09-11T18:51:24.590Z,0.14830078125,480,2026-09-12 00:36:24.590,1784.495833333333
Pulse experiments,pioreactor01,2026-09-11T18:51:24.595Z,0.17271484375,515,2026-09-12 00:36:24.595,1784.495833333333
Pulse experiments,pioreactor01,2026-09-11T18:51:24.600Z,0.2144921875,555,2026-09-12 00:36:24.600,1784.495833333333
Pulse experiments,pioreactor01,2026-09-11T18:51:24.606Z,0.22599609375,590,2026-09-12 00:36:24.606,1784.495833333333
Pulse experiments,pioreactor01,2026-09-11T18:51:24.613Z,0.232109375,630,2026-09-12 00:36:24.613,1784.495833333333
Pulse experiments,pioreactor01,2026-09-11T18:51:24.616Z,0.1215234375,680,2026-09-12 00:36:24.616,1784.495833333333
Pulse experiments,pioreactor01,2026-09-11T18:51:29.573Z,0.0191796875,415,2026-09-12 00:36:29.573,1784.497222222222
Pulse experiments,pioreactor01,2026-09-11T18:51:29.579Z,0.1527734375,445,2026-09-12 00:36:29.579,1784.497222222222
Pulse experiments,pioreactor01,2026-09-11T18:51:29.583Z,0.14947265625,480,2026-09-12 00:36:29.583,1784.497222222222
Pulse experiments,pioreactor01,2026-09-11T18:51:29.587Z,0.17349609375,515,2026-09-12 00:36:29.587,1784.497222222222
Pulse experiments,pioreactor01,2026-09-11T18:51:29.593Z,0.2152734375,555,2026-09-12 00:36:29.593,1784.497222222222
Pulse experiments,pioreactor01,2026-09-11T18:51:29.597Z,0.2264453125,590,2026-09-12 00:36:29.597,1784.497222222222
Pulse experiments,pioreactor01,2026-09-11T18:51:29.603Z,0.23259765625,630,2026-09-12 00:36:29.603,1784.497222222222
Pulse experiments,pioreactor01,2026-09-11T18:51:29.607Z,0.12201171875,680,2026-09-12 00:36:29.607,1784.497222222222
Pulse experiments,pioreactor01,2026-09-11T18:51:34.578Z,0.0191015625,415,2026-09-12 00:36:34.578,1784.498611111111
Pulse experiments,pioreactor01,2026-09-11T18:51:34.582Z,0.152578125,445,2026-09-12 00:36:34.582,1784.498611111111
Pulse experiments,pioreactor01,2026-09-11T18:51:34.588Z,0.1490234375,480,2026-09-12 00:36:34.588,1784.498611111111
Pulse experiments,pioreactor01,2026-09-11T18:51:34.592Z,0.173203125,515,2026-09-12 00:36:34.592,1784.498611111111
Pulse experiments,pioreactor01,2026-09-11T18:51:34.597Z,0.21375,555,2026-09-12 00:36:34.597,1784.498611111111
Pulse experiments,pioreactor01,2026-09-11T18:51:34.602Z,0.22533203125,590,2026-09-12 00:36:34.602,1784.498611111111
Pulse experiments,pioreactor01,2026-09-11T18:51:34.606Z,0.23111328125,630,2026-09-12 00:36:34.606,1784.498611111111
Pulse experiments,pioreactor01,2026-09-11T18:51:34.611Z,0.12091796875,680,2026-09-12 00:36:34.611,1784.498611111111
Pulse experiments,pioreactor01,2026-09-11T18:51:39.576Z,0.0191796875,415,2026-09-12 00:36:39.576,1784.5
Pulse experiments,pioreactor01,2026-09-11T18:51:39.582Z,0.15287109375,445,2026-09-12 00:36:39.582,1784.5
Pulse experiments,pioreactor01,2026-09-11T18:51:39.587Z,0.14962890625,480,2026-09-12 00:36:39.587,1784.5
Pulse experiments,pioreactor01,2026-09-11T18:51:39.592Z,0.17349609375,515,2026-09-12 00:36:39.592,1784.5
Pulse experiments,pioreactor01,2026-09-11T18:51:39.597Z,0.21501953125,555,2026-09-12 00:36:39.597,1784.5
Pulse experiments,pioreactor01,2026-09-11T18:51:39.602Z,0.226484375,590,2026-09-12 00:36:39.602,1784.5
Pulse experiments,pioreactor01,2026-09-11T18:51:39.607Z,0.23236328125,630,2026-09-12 00:36:39.607,1784.5
Pulse experiments,pioreactor01,2026-09-11T18:51:39.612Z,0.12177734375,680,2026-09-12 00:36:39.612,1784.5
Pulse experiments,pioreactor01,2026-09-11T18:51:44.578Z,0.01916015625,415,2026-09-12 00:36:44.578,1784.501388888889
Pulse experiments,pioreactor01,2026-09-11T18:51:44.583Z,0.15263671875,445,2026-09-12 00:36:44.583,1784.501388888889
Pulse experiments,pioreactor01,2026-09-11T18:51:44.588Z,0.14921875,480,2026-09-12 00:36:44.588,1784.501388888889
Pulse experiments,pioreactor01,2026-09-11T18:51:44.592Z,0.17341796875,515,2026-09-12 00:36:44.592,1784.501388888889
Pulse experiments,pioreactor01,2026-09-11T18:51:44.598Z,0.2140234375,555,2026-09-12 00:36:44.598,1784.501388888889
Pulse experiments,pioreactor01,2026-09-11T18:51:44.601Z,0.22544921875,590,2026-09-12 00:36:44.601,1784.501388888889
Pulse experiments,pioreactor01,2026-09-11T18:51:44.605Z,0.23125,630,2026-09-12 00:36:44.605,1784.501388888889
Pulse experiments,pioreactor01,2026-09-11T18:51:44.610Z,0.1208984375,680,2026-09-12 00:36:44.610,1784.501388888889
Pulse experiments,pioreactor01,2026-09-11T18:51:49.578Z,0.019140625,415,2026-09-12 00:36:49.578,1784.502777777778
Pulse experiments,pioreactor01,2026-09-11T18:51:49.582Z,0.15326171875,445,2026-09-12 00:36:49.582,1784.502777777778
Pulse experiments,pioreactor01,2026-09-11T18:51:49.588Z,0.15005859375,480,2026-09-12 00:36:49.588,1784.502777777778
Pulse experiments,pioreactor01,2026-09-11T18:51:49.592Z,0.17380859375,515,2026-09-12 00:36:49.592,1784.502777777778
Pulse experiments,pioreactor01,2026-09-11T18:51:49.596Z,0.21517578125,555,2026-09-12 00:36:49.596,1784.502777777778
Pulse experiments,pioreactor01,2026-09-11T18:51:49.601Z,0.226328125,590,2026-09-12 00:36:49.601,1784.502777777778
Pulse experiments,pioreactor01,2026-09-11T18:51:49.605Z,0.23240234375,630,2026-09-12 00:36:49.605,1784.502777777778
Pulse experiments,pioreactor01,2026-09-11T18:51:49.611Z,0.12197265625,680,2026-09-12 00:36:49.611,1784.502777777778
Pulse experiments,pioreactor01,2026-09-11T18:51:54.576Z,0.01912109375,415,2026-09-12 00:36:54.576,1784.504166666667
Pulse experiments,pioreactor01,2026-09-11T18:51:54.581Z,0.1524609375,445,2026-09-12 00:36:54.581,1784.504166666667
Pulse experiments,pioreactor01,2026-09-11T18:51:54.587Z,0.1490234375,480,2026-09-12 00:36:54.587,1784.504166666667
Pulse experiments,pioreactor01,2026-09-11T18:51:54.591Z,0.1733203125,515,2026-09-12 00:36:54.591,1784.504166666667
Pulse experiments,pioreactor01,2026-09-11T18:51:54.597Z,0.2141015625,555,2026-09-12 00:36:54.597,1784.504166666667
Pulse experiments,pioreactor01,2026-09-11T18:51:54.602Z,0.2255078125,590,2026-09-12 00:36:54.602,1784.504166666667
Pulse experiments,pioreactor01,2026-09-11T18:51:54.607Z,0.23134765625,630,2026-09-12 00:36:54.607,1784.504166666667
Pulse experiments,pioreactor01,2026-09-11T18:51:54.612Z,0.1209375,680,2026-09-12 00:36:54.612,1784.504166666667
Pulse experiments,pioreactor01,2026-09-11T18:51:59.578Z,0.01912109375,415,2026-09-12 00:36:59.578,1784.505555555555
Pulse experiments,pioreactor01,2026-09-11T18:51:59.581Z,0.15255859375,445,2026-09-12 00:36:59.581,1784.505555555555
Pulse experiments,pioreactor01,2026-09-11T18:51:59.585Z,0.1491796875,480,2026-09-12 00:36:59.585,1784.505555555555
Pulse experiments,pioreactor01,2026-09-11T18:51:59.590Z,0.173359375,515,2026-09-12 00:36:59.590,1784.505555555555
Pulse experiments,pioreactor01,2026-09-11T18:51:59.596Z,0.21369140625,555,2026-09-12 00:36:59.596,1784.505555555555
Pulse experiments,pioreactor01,2026-09-11T18:51:59.600Z,0.22541015625,590,2026-09-12 00:36:59.600,1784.505555555555
Pulse experiments,pioreactor01,2026-09-11T18:51:59.604Z,0.23130859375,630,2026-09-12 00:36:59.604,1784.505555555555
Pulse experiments,pioreactor01,2026-09-11T18:51:59.609Z,0.12037109375,680,2026-09-12 00:36:59.609,1784.505555555555
Pulse experiments,pioreactor01,2026-09-11T18:52:04.573Z,0.0191015625,415,2026-09-12 00:37:04.573,1784.506944444444
Pulse experiments,pioreactor01,2026-09-11T18:52:04.577Z,0.1526171875,445,2026-09-12 00:37:04.577,1784.506944444444
Pulse experiments,pioreactor01,2026-09-11T18:52:04.582Z,0.1490625,480,2026-09-12 00:37:04.582,1784.506944444444
Pulse experiments,pioreactor01,2026-09-11T18:52:04.586Z,0.1733984375,515,2026-09-12 00:37:04.586,1784.506944444444
Pulse experiments,pioreactor01,2026-09-11T18:52:04.591Z,0.21443359375,555,2026-09-12 00:37:04.591,1784.506944444444
Pulse experiments,pioreactor01,2026-09-11T18:52:04.596Z,0.2256640625,590,2026-09-12 00:37:04.596,1784.506944444444
Pulse experiments,pioreactor01,2026-09-11T18:52:04.600Z,0.231875,630,2026-09-12 00:37:04.600,1784.506944444444
Pulse experiments,pioreactor01,2026-09-11T18:52:04.607Z,0.12119140625,680,2026-09-12 00:37:04.607,1784.506944444444
Pulse experiments,pioreactor01,2026-09-11T18:52:09.574Z,0.0190625,415,2026-09-12 00:37:09.574,1784.508333333333
Pulse experiments,pioreactor01,2026-09-11T18:52:09.580Z,0.15240234375,445,2026-09-12 00:37:09.580,1784.508333333333
Pulse experiments,pioreactor01,2026-09-11T18:52:09.584Z,0.14900390625,480,2026-09-12 00:37:09.584,1784.508333333333
Pulse experiments,pioreactor01,2026-09-11T18:52:09.590Z,0.17341796875,515,2026-09-12 00:37:09.590,1784.508333333333
Pulse experiments,pioreactor01,2026-09-11T18:52:09.593Z,0.21427734375,555,2026-09-12 00:37:09.593,1784.508333333333
Pulse experiments,pioreactor01,2026-09-11T18:52:09.599Z,0.22576171875,590,2026-09-12 00:37:09.599,1784.508333333333
Pulse experiments,pioreactor01,2026-09-11T18:52:09.604Z,0.23162109375,630,2026-09-12 00:37:09.604,1784.508333333333
Pulse experiments,pioreactor01,2026-09-11T18:52:09.609Z,0.1210546875,680,2026-09-12 00:37:09.609,1784.508333333333
Pulse experiments,pioreactor01,2026-09-11T18:52:14.577Z,0.01916015625,415,2026-09-12 00:37:14.577,1784.509722222222
Pulse experiments,pioreactor01,2026-09-11T18:52:14.580Z,0.15283203125,445,2026-09-12 00:37:14.580,1784.509722222222
Pulse experiments,pioreactor01,2026-09-11T18:52:14.585Z,0.1494140625,480,2026-09-12 00:37:14.585,1784.509722222222
Pulse experiments,pioreactor01,2026-09-11T18:52:14.589Z,0.17353515625,515,2026-09-12 00:37:14.589,1784.509722222222
Pulse experiments,pioreactor01,2026-09-11T18:52:14.594Z,0.21544921875,555,2026-09-12 00:37:14.594,1784.509722222222
Pulse experiments,pioreactor01,2026-09-11T18:52:14.598Z,0.22673828125,590,2026-09-12 00:37:14.598,1784.509722222222
Pulse experiments,pioreactor01,2026-09-11T18:52:14.603Z,0.232578125,630,2026-09-12 00:37:14.603,1784.509722222222
Pulse experiments,pioreactor01,2026-09-11T18:52:14.607Z,0.12205078125,680,2026-09-12 00:37:14.607,1784.509722222222
Pulse experiments,pioreactor01,2026-09-11T18:52:19.574Z,0.01916015625,415,2026-09-12 00:37:19.574,1784.511111111111
Pulse experiments,pioreactor01,2026-09-11T18:52:19.579Z,0.15291015625,445,2026-09-12 00:37:19.579,1784.511111111111
Pulse experiments,pioreactor01,2026-09-11T18:52:19.584Z,0.14943359375,480,2026-09-12 00:37:19.584,1784.511111111111
Pulse experiments,pioreactor01,2026-09-11T18:52:19.588Z,0.17359375,515,2026-09-12 00:37:19.588,1784.511111111111
Pulse experiments,pioreactor01,2026-09-11T18:52:19.593Z,0.21576171875,555,2026-09-12 00:37:19.593,1784.511111111111
Pulse experiments,pioreactor01,2026-09-11T18:52:19.598Z,0.22705078125,590,2026-09-12 00:37:19.598,1784.511111111111
Pulse experiments,pioreactor01,2026-09-11T18:52:19.604Z,0.23291015625,630,2026-09-12 00:37:19.604,1784.511111111111
Pulse experiments,pioreactor01,2026-09-11T18:52:19.607Z,0.1223828125,680,2026-09-12 00:37:19.607,1784.511111111111
Pulse experiments,pioreactor01,2026-09-11T18:52:24.580Z,0.0191796875,415,2026-09-12 00:37:24.580,1784.5125
Pulse experiments,pioreactor01,2026-09-11T18:52:24.631Z,0.1527734375,445,2026-09-12 00:37:24.631,1784.5125
Pulse experiments,pioreactor01,2026-09-11T18:52:24.633Z,0.14958984375,480,2026-09-12 00:37:24.633,1784.5125
Pulse experiments,pioreactor01,2026-09-11T18:52:24.634Z,0.17375,515,2026-09-12 00:37:24.634,1784.5125
Pulse experiments,pioreactor01,2026-09-11T18:52:24.634Z,0.21427734375,555,2026-09-12 00:37:24.634,1784.5125
Pulse experiments,pioreactor01,2026-09-11T18:52:24.635Z,0.2255859375,590,2026-09-12 00:37:24.635,1784.5125
Pulse experiments,pioreactor01,2026-09-11T18:52:24.637Z,0.23181640625,630,2026-09-12 00:37:24.637,1784.5125
Pulse experiments,pioreactor01,2026-09-11T18:52:24.638Z,0.1209375,680,2026-09-12 00:37:24.638,1784.5125
Pulse experiments,pioreactor01,2026-09-11T18:52:29.577Z,0.01919921875,415,2026-09-12 00:37:29.577,1784.513888888889
Pulse experiments,pioreactor01,2026-09-11T18:52:29.584Z,0.15310546875,445,2026-09-12 00:37:29.584,1784.513888888889
Pulse experiments,pioreactor01,2026-09-11T18:52:29.592Z,0.14978515625,480,2026-09-12 00:37:29.592,1784.513888888889
Pulse experiments,pioreactor01,2026-09-11T18:52:29.599Z,0.17384765625,515,2026-09-12 00:37:29.599,1784.513888888889
Pulse experiments,pioreactor01,2026-09-11T18:52:29.605Z,0.21546875,555,2026-09-12 00:37:29.605,1784.513888888889
Pulse experiments,pioreactor01,2026-09-11T18:52:29.609Z,0.22642578125,590,2026-09-12 00:37:29.609,1784.513888888889
Pulse experiments,pioreactor01,2026-09-11T18:52:29.615Z,0.2325390625,630,2026-09-12 00:37:29.615,1784.513888888889
Pulse experiments,pioreactor01,2026-09-11T18:52:29.620Z,0.12197265625,680,2026-09-12 00:37:29.620,1784.513888888889
Pulse experiments,pioreactor01,2026-09-11T18:52:34.578Z,0.0191015625,415,2026-09-12 00:37:34.578,1784.515277777778
Pulse experiments,pioreactor01,2026-09-11T18:52:34.583Z,0.1521875,445,2026-09-12 00:37:34.583,1784.515277777778
Pulse experiments,pioreactor01,2026-09-11T18:52:34.588Z,0.14884765625,480,2026-09-12 00:37:34.588,1784.515277777778
Pulse experiments,pioreactor01,2026-09-11T18:52:34.593Z,0.17330078125,515,2026-09-12 00:37:34.593,1784.515277777778
Pulse experiments,pioreactor01,2026-09-11T18:52:34.598Z,0.21529296875,555,2026-09-12 00:37:34.598,1784.515277777778
Pulse experiments,pioreactor01,2026-09-11T18:52:34.602Z,0.22671875,590,2026-09-12 00:37:34.602,1784.515277777778
Pulse experiments,pioreactor01,2026-09-11T18:52:34.608Z,0.23251953125,630,2026-09-12 00:37:34.608,1784.515277777778
Pulse experiments,pioreactor01,2026-09-11T18:52:34.612Z,0.1217578125,680,2026-09-12 00:37:34.612,1784.515277777778
Pulse experiments,pioreactor01,2026-09-11T18:52:39.574Z,0.01912109375,415,2026-09-12 00:37:39.574,1784.516666666667
Pulse experiments,pioreactor01,2026-09-11T18:52:39.580Z,0.1523046875,445,2026-09-12 00:37:39.580,1784.516666666667
Pulse experiments,pioreactor01,2026-09-11T18:52:39.587Z,0.14892578125,480,2026-09-12 00:37:39.587,1784.516666666667
Pulse experiments,pioreactor01,2026-09-11T18:52:39.590Z,0.1733984375,515,2026-09-12 00:37:39.590,1784.516666666667
Pulse experiments,pioreactor01,2026-09-11T18:52:39.596Z,0.215078125,555,2026-09-12 00:37:39.596,1784.516666666667
Pulse experiments,pioreactor01,2026-09-11T18:52:39.602Z,0.22603515625,590,2026-09-12 00:37:39.602,1784.516666666667
Pulse experiments,pioreactor01,2026-09-11T18:52:39.607Z,0.23189453125,630,2026-09-12 00:37:39.607,1784.516666666667
Pulse experiments,pioreactor01,2026-09-11T18:52:39.611Z,0.1217578125,680,2026-09-12 00:37:39.611,1784.516666666667
Pulse experiments,pioreactor01,2026-09-11T18:52:44.573Z,0.0191015625,415,2026-09-12 00:37:44.573,1784.518055555556
Pulse experiments,pioreactor01,2026-09-11T18:52:44.577Z,0.152421875,445,2026-09-12 00:37:44.577,1784.518055555556
Pulse experiments,pioreactor01,2026-09-11T18:52:44.584Z,0.1490625,480,2026-09-12 00:37:44.584,1784.518055555556
Pulse experiments,pioreactor01,2026-09-11T18:52:44.587Z,0.1732421875,515,2026-09-12 00:37:44.587,1784.518055555556
Pulse experiments,pioreactor01,2026-09-11T18:52:44.593Z,0.21541015625,555,2026-09-12 00:37:44.593,1784.518055555556
Pulse experiments,pioreactor01,2026-09-11T18:52:44.598Z,0.22662109375,590,2026-09-12 00:37:44.598,1784.518055555556
Pulse experiments,pioreactor01,2026-09-11T18:52:44.603Z,0.23259765625,630,2026-09-12 00:37:44.603,1784.518055555556
Pulse experiments,pioreactor01,2026-09-11T18:52:44.607Z,0.12205078125,680,2026-09-12 00:37:44.607,1784.518055555556
Pulse experiments,pioreactor01,2026-09-11T18:52:49.576Z,0.01908203125,415,2026-09-12 00:37:49.576,1784.519444444444
Pulse experiments,pioreactor01,2026-09-11T18:52:49.580Z,0.1520703125,445,2026-09-12 00:37:49.580,1784.519444444444
Pulse experiments,pioreactor01,2026-09-11T18:52:49.587Z,0.14876953125,480,2026-09-12 00:37:49.587,1784.519444444444
Pulse experiments,pioreactor01,2026-09-11T18:52:49.592Z,0.17326171875,515,2026-09-12 00:37:49.592,1784.519444444444
Pulse experiments,pioreactor01,2026-09-11T18:52:49.597Z,0.2149609375,555,2026-09-12 00:37:49.597,1784.519444444444
Pulse experiments,pioreactor01,2026-09-11T18:52:49.600Z,0.226328125,590,2026-09-12 00:37:49.600,1784.519444444444
Pulse experiments,pioreactor01,2026-09-11T18:52:49.607Z,0.23216796875,630,2026-09-12 00:37:49.607,1784.519444444444
Pulse experiments,pioreactor01,2026-09-11T18:52:49.610Z,0.121796875,680,2026-09-12 00:37:49.610,1784.519444444444
Pulse experiments,pioreactor01,2026-09-11T18:52:54.574Z,0.01912109375,415,2026-09-12 00:37:54.574,1784.520833333333
Pulse experiments,pioreactor01,2026-09-11T18:52:54.580Z,0.15240234375,445,2026-09-12 00:37:54.580,1784.520833333333
Pulse experiments,pioreactor01,2026-09-11T18:52:54.586Z,0.14908203125,480,2026-09-12 00:37:54.586,1784.520833333333
Pulse experiments,pioreactor01,2026-09-11T18:52:54.590Z,0.17314453125,515,2026-09-12 00:37:54.590,1784.520833333333
Pulse experiments,pioreactor01,2026-09-11T18:52:54.596Z,0.21390625,555,2026-09-12 00:37:54.596,1784.520833333333
Pulse experiments,pioreactor01,2026-09-11T18:52:54.600Z,0.22515625,590,2026-09-12 00:37:54.600,1784.520833333333
Pulse experiments,pioreactor01,2026-09-11T18:52:54.606Z,0.231328125,630,2026-09-12 00:37:54.606,1784.520833333333
Pulse experiments,pioreactor01,2026-09-11T18:52:54.610Z,0.12064453125,680,2026-09-12 00:37:54.610,1784.520833333333
Pulse experiments,pioreactor01,2026-09-11T18:52:59.574Z,0.0191796875,415,2026-09-12 00:37:59.574,1784.522222222222
Pulse experiments,pioreactor01,2026-09-11T18:52:59.579Z,0.1530078125,445,2026-09-12 00:37:59.579,1784.522222222222
Pulse experiments,pioreactor01,2026-09-11T18:52:59.585Z,0.14974609375,480,2026-09-12 00:37:59.585,1784.522222222222
Pulse experiments,pioreactor01,2026-09-11T18:52:59.589Z,0.17392578125,515,2026-09-12 00:37:59.589,1784.522222222222
Pulse experiments,pioreactor01,2026-09-11T18:52:59.594Z,0.21568359375,555,2026-09-12 00:37:59.594,1784.522222222222
Pulse experiments,pioreactor01,2026-09-11T18:52:59.598Z,0.2266015625,590,2026-09-12 00:37:59.598,1784.522222222222
Pulse experiments,pioreactor01,2026-09-11T18:52:59.604Z,0.2328515625,630,2026-09-12 00:37:59.604,1784.522222222222
Pulse experiments,pioreactor01,2026-09-11T18:52:59.607Z,0.12212890625,680,2026-09-12 00:37:59.607,1784.522222222222
Pulse experiments,pioreactor01,2026-09-11T18:53:04.576Z,0.01912109375,415,2026-09-12 00:38:04.576,1784.523611111111
Pulse experiments,pioreactor01,2026-09-11T18:53:04.582Z,0.1526953125,445,2026-09-12 00:38:04.582,1784.523611111111
Pulse experiments,pioreactor01,2026-09-11T18:53:04.587Z,0.14939453125,480,2026-09-12 00:38:04.587,1784.523611111111
Pulse experiments,pioreactor01,2026-09-11T18:53:04.592Z,0.1734375,515,2026-09-12 00:38:04.592,1784.523611111111
Pulse experiments,pioreactor01,2026-09-11T18:53:04.597Z,0.21376953125,555,2026-09-12 00:38:04.597,1784.523611111111
Pulse experiments,pioreactor01,2026-09-11T18:53:04.601Z,0.22486328125,590,2026-09-12 00:38:04.601,1784.523611111111
Pulse experiments,pioreactor01,2026-09-11T18:53:04.606Z,0.2309765625,630,2026-09-12 00:38:04.606,1784.523611111111
Pulse experiments,pioreactor01,2026-09-11T18:53:04.609Z,0.120546875,680,2026-09-12 00:38:04.609,1784.523611111111
Pulse experiments,pioreactor01,2026-09-11T18:53:09.576Z,0.019140625,415,2026-09-12 00:38:09.576,1784.525
Pulse experiments,pioreactor01,2026-09-11T18:53:09.582Z,0.15265625,445,2026-09-12 00:38:09.582,1784.525
Pulse experiments,pioreactor01,2026-09-11T18:53:09.586Z,0.149375,480,2026-09-12 00:38:09.586,1784.525
Pulse experiments,pioreactor01,2026-09-11T18:53:09.589Z,0.1735546875,515,2026-09-12 00:38:09.589,1784.525
Pulse experiments,pioreactor01,2026-09-11T18:53:09.595Z,0.2144140625,555,2026-09-12 00:38:09.595,1784.525
Pulse experiments,pioreactor01,2026-09-11T18:53:09.598Z,0.225859375,590,2026-09-12 00:38:09.598,1784.525
Pulse experiments,pioreactor01,2026-09-11T18:53:09.604Z,0.23169921875,630,2026-09-12 00:38:09.604,1784.525
Pulse experiments,pioreactor01,2026-09-11T18:53:09.608Z,0.12123046875,680,2026-09-12 00:38:09.608,1784.525
Pulse experiments,pioreactor01,2026-09-11T18:53:14.576Z,0.019140625,415,2026-09-12 00:38:14.576,1784.526388888889
Pulse experiments,pioreactor01,2026-09-11T18:53:14.581Z,0.152578125,445,2026-09-12 00:38:14.581,1784.526388888889
Pulse experiments,pioreactor01,2026-09-11T18:53:14.585Z,0.1494921875,480,2026-09-12 00:38:14.585,1784.526388888889
Pulse experiments,pioreactor01,2026-09-11T18:53:14.588Z,0.17337890625,515,2026-09-12 00:38:14.588,1784.526388888889
Pulse experiments,pioreactor01,2026-09-11T18:53:14.593Z,0.21580078125,555,2026-09-12 00:38:14.593,1784.526388888889
Pulse experiments,pioreactor01,2026-09-11T18:53:14.598Z,0.2269921875,590,2026-09-12 00:38:14.598,1784.526388888889
Pulse experiments,pioreactor01,2026-09-11T18:53:14.603Z,0.23306640625,630,2026-09-12 00:38:14.603,1784.526388888889
Pulse experiments,pioreactor01,2026-09-11T18:53:14.608Z,0.1223046875,680,2026-09-12 00:38:14.608,1784.526388888889
Pulse experiments,pioreactor01,2026-09-11T18:53:19.573Z,0.01916015625,415,2026-09-12 00:38:19.573,1784.527777777778
Pulse experiments,pioreactor01,2026-09-11T18:53:19.579Z,0.152890625,445,2026-09-12 00:38:19.579,1784.527777777778
Pulse experiments,pioreactor01,2026-09-11T18:53:19.583Z,0.14962890625,480,2026-09-12 00:38:19.583,1784.527777777778
Pulse experiments,pioreactor01,2026-09-11T18:53:19.588Z,0.1736328125,515,2026-09-12 00:38:19.588,1784.527777777778
Pulse experiments,pioreactor01,2026-09-11T18:53:19.592Z,0.2150390625,555,2026-09-12 00:38:19.592,1784.527777777778
Pulse experiments,pioreactor01,2026-09-11T18:53:19.597Z,0.2260546875,590,2026-09-12 00:38:19.597,1784.527777777778
Pulse experiments,pioreactor01,2026-09-11T18:53:19.602Z,0.23220703125,630,2026-09-12 00:38:19.602,1784.527777777778
Pulse experiments,pioreactor01,2026-09-11T18:53:19.608Z,0.1217578125,680,2026-09-12 00:38:19.608,1784.527777777778
Pulse experiments,pioreactor01,2026-09-11T18:53:24.578Z,0.019140625,415,2026-09-12 00:38:24.578,1784.529166666667
Pulse experiments,pioreactor01,2026-09-11T18:53:24.583Z,0.15263671875,445,2026-09-12 00:38:24.583,1784.529166666667
Pulse experiments,pioreactor01,2026-09-11T18:53:24.589Z,0.1494921875,480,2026-09-12 00:38:24.589,1784.529166666667
Pulse experiments,pioreactor01,2026-09-11T18:53:24.593Z,0.1737109375,515,2026-09-12 00:38:24.593,1784.529166666667
Pulse experiments,pioreactor01,2026-09-11T18:53:24.599Z,0.21552734375,555,2026-09-12 00:38:24.599,1784.529166666667
Pulse experiments,pioreactor01,2026-09-11T18:53:24.604Z,0.22671875,590,2026-09-12 00:38:24.604,1784.529166666667
Pulse experiments,pioreactor01,2026-09-11T18:53:24.609Z,0.23267578125,630,2026-09-12 00:38:24.609,1784.529166666667
Pulse experiments,pioreactor01,2026-09-11T18:53:24.614Z,0.1219140625,680,2026-09-12 00:38:24.614,1784.529166666667
Pulse experiments,pioreactor01,2026-09-11T18:53:29.575Z,0.0191015625,415,2026-09-12 00:38:29.575,1784.530555555556
Pulse experiments,pioreactor01,2026-09-11T18:53:29.579Z,0.15240234375,445,2026-09-12 00:38:29.579,1784.530555555556
Pulse experiments,pioreactor01,2026-09-11T18:53:29.585Z,0.1490625,480,2026-09-12 00:38:29.585,1784.530555555556
Pulse experiments,pioreactor01,2026-09-11T18:53:29.588Z,0.173125,515,2026-09-12 00:38:29.588,1784.530555555556
Pulse experiments,pioreactor01,2026-09-11T18:53:29.594Z,0.2151171875,555,2026-09-12 00:38:29.594,1784.530555555556
Pulse experiments,pioreactor01,2026-09-11T18:53:29.598Z,0.22625,590,2026-09-12 00:38:29.598,1784.530555555556
Pulse experiments,pioreactor01,2026-09-11T18:53:29.604Z,0.2322265625,630,2026-09-12 00:38:29.604,1784.530555555556
Pulse experiments,pioreactor01,2026-09-11T18:53:29.607Z,0.1217578125,680,2026-09-12 00:38:29.607,1784.530555555556
Pulse experiments,pioreactor01,2026-09-11T18:53:34.574Z,0.0191796875,415,2026-09-12 00:38:34.574,1784.531944444444
Pulse experiments,pioreactor01,2026-09-11T18:53:34.578Z,0.1526953125,445,2026-09-12 00:38:34.578,1784.531944444444
Pulse experiments,pioreactor01,2026-09-11T18:53:34.584Z,0.14921875,480,2026-09-12 00:38:34.584,1784.531944444444
Pulse experiments,pioreactor01,2026-09-11T18:53:34.587Z,0.1734765625,515,2026-09-12 00:38:34.587,1784.531944444444
Pulse experiments,pioreactor01,2026-09-11T18:53:34.592Z,0.21419921875,555,2026-09-12 00:38:34.592,1784.531944444444
Pulse experiments,pioreactor01,2026-09-11T18:53:34.598Z,0.22552734375,590,2026-09-12 00:38:34.598,1784.531944444444
Pulse experiments,pioreactor01,2026-09-11T18:53:34.602Z,0.23134765625,630,2026-09-12 00:38:34.602,1784.531944444444
Pulse experiments,pioreactor01,2026-09-11T18:53:34.607Z,0.1209375,680,2026-09-12 00:38:34.607,1784.531944444444
Pulse experiments,pioreactor01,2026-09-11T18:53:39.573Z,0.0191015625,415,2026-09-12 00:38:39.573,1784.533333333333
Pulse experiments,pioreactor01,2026-09-11T18:53:39.577Z,0.15228515625,445,2026-09-12 00:38:39.577,1784.533333333333
Pulse experiments,pioreactor01,2026-09-11T18:53:39.583Z,0.1489453125,480,2026-09-12 00:38:39.583,1784.533333333333
Pulse experiments,pioreactor01,2026-09-11T18:53:39.587Z,0.1731640625,515,2026-09-12 00:38:39.587,1784.533333333333
Pulse experiments,pioreactor01,2026-09-11T18:53:39.592Z,0.2132421875,555,2026-09-12 00:38:39.592,1784.533333333333
Pulse experiments,pioreactor01,2026-09-11T18:53:39.597Z,0.22462890625,590,2026-09-12 00:38:39.597,1784.533333333333
Pulse experiments,pioreactor01,2026-09-11T18:53:39.601Z,0.23052734375,630,2026-09-12 00:38:39.601,1784.533333333333
Pulse experiments,pioreactor01,2026-09-11T18:53:39.606Z,0.12013671875,680,2026-09-12 00:38:39.606,1784.533333333333
Pulse experiments,pioreactor01,2026-09-11T18:53:44.574Z,0.019140625,415,2026-09-12 00:38:44.574,1784.534722222222
Pulse experiments,pioreactor01,2026-09-11T18:53:44.579Z,0.15283203125,445,2026-09-12 00:38:44.579,1784.534722222222
Pulse experiments,pioreactor01,2026-09-11T18:53:44.585Z,0.1495703125,480,2026-09-12 00:38:44.585,1784.534722222222
Pulse experiments,pioreactor01,2026-09-11T18:53:44.589Z,0.17369140625,515,2026-09-12 00:38:44.589,1784.534722222222
Pulse experiments,pioreactor01,2026-09-11T18:53:44.593Z,0.214375,555,2026-09-12 00:38:44.593,1784.534722222222
Pulse experiments,pioreactor01,2026-09-11T18:53:44.598Z,0.22521484375,590,2026-09-12 00:38:44.598,1784.534722222222
Pulse experiments,pioreactor01,2026-09-11T18:53:44.603Z,0.2316015625,630,2026-09-12 00:38:44.603,1784.534722222222
Pulse experiments,pioreactor01,2026-09-11T18:53:44.608Z,0.1208984375,680,2026-09-12 00:38:44.608,1784.534722222222
Pulse experiments,pioreactor01,2026-09-11T18:53:49.577Z,0.0191015625,415,2026-09-12 00:38:49.577,1784.536111111111
Pulse experiments,pioreactor01,2026-09-11T18:53:49.580Z,0.152421875,445,2026-09-12 00:38:49.580,1784.536111111111
Pulse experiments,pioreactor01,2026-09-11T18:53:49.587Z,0.149140625,480,2026-09-12 00:38:49.587,1784.536111111111
Pulse experiments,pioreactor01,2026-09-11T18:53:49.592Z,0.17345703125,515,2026-09-12 00:38:49.592,1784.536111111111
Pulse experiments,pioreactor01,2026-09-11T18:53:49.598Z,0.21384765625,555,2026-09-12 00:38:49.598,1784.536111111111
Pulse experiments,pioreactor01,2026-09-11T18:53:49.603Z,0.22521484375,590,2026-09-12 00:38:49.603,1784.536111111111
Pulse experiments,pioreactor01,2026-09-11T18:53:49.608Z,0.2309765625,630,2026-09-12 00:38:49.608,1784.536111111111
Pulse experiments,pioreactor01,2026-09-11T18:53:49.613Z,0.12048828125,680,2026-09-12 00:38:49.613,1784.536111111111
Pulse experiments,pioreactor01,2026-09-11T18:53:54.572Z,0.01912109375,415,2026-09-12 00:38:54.572,1784.5375
Pulse experiments,pioreactor01,2026-09-11T18:53:54.577Z,0.15259765625,445,2026-09-12 00:38:54.577,1784.5375
Pulse experiments,pioreactor01,2026-09-11T18:53:54.583Z,0.14935546875,480,2026-09-12 00:38:54.583,1784.5375
Pulse experiments,pioreactor01,2026-09-11T18:53:54.587Z,0.17337890625,515,2026-09-12 00:38:54.587,1784.5375
Pulse experiments,pioreactor01,2026-09-11T18:53:54.592Z,0.2150390625,555,2026-09-12 00:38:54.592,1784.5375
Pulse experiments,pioreactor01,2026-09-11T18:53:54.597Z,0.22595703125,590,2026-09-12 00:38:54.597,1784.5375
Pulse experiments,pioreactor01,2026-09-11T18:53:54.601Z,0.2320703125,630,2026-09-12 00:38:54.601,1784.5375
Pulse experiments,pioreactor01,2026-09-11T18:53:54.606Z,0.1215625,680,2026-09-12 00:38:54.606,1784.5375
Pulse experiments,pioreactor01,2026-09-11T18:53:59.572Z,0.019140625,415,2026-09-12 00:38:59.572,1784.538888888889
Pulse experiments,pioreactor01,2026-09-11T18:53:59.577Z,0.1525,445,2026-09-12 00:38:59.577,1784.538888888889
Pulse experiments,pioreactor01,2026-09-11T18:53:59.583Z,0.149296875,480,2026-09-12 00:38:59.583,1784.538888888889
Pulse experiments,pioreactor01,2026-09-11T18:53:59.588Z,0.17345703125,515,2026-09-12 00:38:59.588,1784.538888888889
Pulse experiments,pioreactor01,2026-09-11T18:53:59.593Z,0.21509765625,555,2026-09-12 00:38:59.593,1784.538888888889
Pulse experiments,pioreactor01,2026-09-11T18:53:59.597Z,0.22626953125,590,2026-09-12 00:38:59.597,1784.538888888889
Pulse experiments,pioreactor01,2026-09-11T18:53:59.603Z,0.232421875,630,2026-09-12 00:38:59.603,1784.538888888889
Pulse experiments,pioreactor01,2026-09-11T18:53:59.607Z,0.12166015625,680,2026-09-12 00:38:59.607,1784.538888888889
Pulse experiments,pioreactor01,2026-09-11T18:54:04.575Z,0.01921875,415,2026-09-12 00:39:04.575,1784.540277777778
Pulse experiments,pioreactor01,2026-09-11T18:54:04.581Z,0.1528515625,445,2026-09-12 00:39:04.581,1784.540277777778
Pulse experiments,pioreactor01,2026-09-11T18:54:04.586Z,0.149453125,480,2026-09-12 00:39:04.586,1784.540277777778
Pulse experiments,pioreactor01,2026-09-11T18:54:04.590Z,0.17384765625,515,2026-09-12 00:39:04.590,1784.540277777778
Pulse experiments,pioreactor01,2026-09-11T18:54:04.595Z,0.2155078125,555,2026-09-12 00:39:04.595,1784.540277777778
Pulse experiments,pioreactor01,2026-09-11T18:54:04.600Z,0.22681640625,590,2026-09-12 00:39:04.600,1784.540277777778
Pulse experiments,pioreactor01,2026-09-11T18:54:04.605Z,0.2328515625,630,2026-09-12 00:39:04.605,1784.540277777778
Pulse experiments,pioreactor01,2026-09-11T18:54:04.609Z,0.12228515625,680,2026-09-12 00:39:04.609,1784.540277777778
Pulse experiments,pioreactor01,2026-09-11T18:54:09.574Z,0.01921875,415,2026-09-12 00:39:09.574,1784.541666666667
Pulse experiments,pioreactor01,2026-09-11T18:54:09.578Z,0.15326171875,445,2026-09-12 00:39:09.578,1784.541666666667
Pulse experiments,pioreactor01,2026-09-11T18:54:09.582Z,0.1503125,480,2026-09-12 00:39:09.582,1784.541666666667
Pulse experiments,pioreactor01,2026-09-11T18:54:09.587Z,0.17400390625,515,2026-09-12 00:39:09.587,1784.541666666667
Pulse experiments,pioreactor01,2026-09-11T18:54:09.591Z,0.2156640625,555,2026-09-12 00:39:09.591,1784.541666666667
Pulse experiments,pioreactor01,2026-09-11T18:54:09.597Z,0.22669921875,590,2026-09-12 00:39:09.597,1784.541666666667
Pulse experiments,pioreactor01,2026-09-11T18:54:09.601Z,0.23283203125,630,2026-09-12 00:39:09.601,1784.541666666667
Pulse experiments,pioreactor01,2026-09-11T18:54:09.605Z,0.1221875,680,2026-09-12 00:39:09.605,1784.541666666667
Pulse experiments,pioreactor01,2026-09-11T18:54:14.579Z,0.01921875,415,2026-09-12 00:39:14.579,1784.543055555556
Pulse experiments,pioreactor01,2026-09-11T18:54:14.584Z,0.15306640625,445,2026-09-12 00:39:14.584,1784.543055555556
Pulse experiments,pioreactor01,2026-09-11T18:54:14.589Z,0.14984375,480,2026-09-12 00:39:14.589,1784.543055555556
Pulse experiments,pioreactor01,2026-09-11T18:54:14.593Z,0.17388671875,515,2026-09-12 00:39:14.593,1784.543055555556
Pulse experiments,pioreactor01,2026-09-11T18:54:14.599Z,0.21658203125,555,2026-09-12 00:39:14.599,1784.543055555556
Pulse experiments,pioreactor01,2026-09-11T18:54:14.604Z,0.22755859375,590,2026-09-12 00:39:14.604,1784.543055555556
Pulse experiments,pioreactor01,2026-09-11T18:54:14.608Z,0.2336328125,630,2026-09-12 00:39:14.608,1784.543055555556
Pulse experiments,pioreactor01,2026-09-11T18:54:14.614Z,0.1228125,680,2026-09-12 00:39:14.614,1784.543055555556
Pulse experiments,pioreactor01,2026-09-11T18:54:19.577Z,0.019140625,415,2026-09-12 00:39:19.577,1784.544444444444
Pulse experiments,pioreactor01,2026-09-11T18:54:19.581Z,0.1525390625,445,2026-09-12 00:39:19.581,1784.544444444444
Pulse experiments,pioreactor01,2026-09-11T18:54:19.585Z,0.14900390625,480,2026-09-12 00:39:19.585,1784.544444444444
Pulse experiments,pioreactor01,2026-09-11T18:54:19.590Z,0.17333984375,515,2026-09-12 00:39:19.590,1784.544444444444
Pulse experiments,pioreactor01,2026-09-11T18:54:19.594Z,0.21388671875,555,2026-09-12 00:39:19.594,1784.544444444444
Pulse experiments,pioreactor01,2026-09-11T18:54:19.601Z,0.22537109375,590,2026-09-12 00:39:19.601,1784.544444444444
Pulse experiments,pioreactor01,2026-09-11T18:54:19.605Z,0.23115234375,630,2026-09-12 00:39:19.605,1784.544444444444
Pulse experiments,pioreactor01,2026-09-11T18:54:19.610Z,0.1205859375,680,2026-09-12 00:39:19.610,1784.544444444444
Pulse experiments,pioreactor01,2026-09-11T18:54:24.576Z,0.0190625,415,2026-09-12 00:39:24.576,1784.545833333333
Pulse experiments,pioreactor01,2026-09-11T18:54:24.583Z,0.15208984375,445,2026-09-12 00:39:24.583,1784.545833333333
Pulse experiments,pioreactor01,2026-09-11T18:54:24.586Z,0.14873046875,480,2026-09-12 00:39:24.586,1784.545833333333
Pulse experiments,pioreactor01,2026-09-11T18:54:24.590Z,0.1732421875,515,2026-09-12 00:39:24.590,1784.545833333333
Pulse experiments,pioreactor01,2026-09-11T18:54:24.596Z,0.21505859375,555,2026-09-12 00:39:24.596,1784.545833333333
Pulse experiments,pioreactor01,2026-09-11T18:54:24.599Z,0.2262109375,590,2026-09-12 00:39:24.599,1784.545833333333
Pulse experiments,pioreactor01,2026-09-11T18:54:24.606Z,0.23212890625,630,2026-09-12 00:39:24.606,1784.545833333333
Pulse experiments,pioreactor01,2026-09-11T18:54:24.610Z,0.1216796875,680,2026-09-12 00:39:24.610,1784.545833333333
Pulse experiments,pioreactor01,2026-09-11T18:54:29.576Z,0.01912109375,415,2026-09-12 00:39:29.576,1784.547222222222
Pulse experiments,pioreactor01,2026-09-11T18:54:29.581Z,0.1525390625,445,2026-09-12 00:39:29.581,1784.547222222222
Pulse experiments,pioreactor01,2026-09-11T18:54:29.587Z,0.14921875,480,2026-09-12 00:39:29.587,1784.547222222222
Pulse experiments,pioreactor01,2026-09-11T18:54:29.591Z,0.1734765625,515,2026-09-12 00:39:29.591,1784.547222222222
Pulse experiments,pioreactor01,2026-09-11T18:54:29.595Z,0.2153515625,555,2026-09-12 00:39:29.595,1784.547222222222
Pulse experiments,pioreactor01,2026-09-11T18:54:29.601Z,0.22625,590,2026-09-12 00:39:29.601,1784.547222222222
Pulse experiments,pioreactor01,2026-09-11T18:54:29.605Z,0.232421875,630,2026-09-12 00:39:29.605,1784.547222222222
Pulse experiments,pioreactor01,2026-09-11T18:54:29.611Z,0.12171875,680,2026-09-12 00:39:29.611,1784.547222222222
Pulse experiments,pioreactor01,2026-09-11T18:54:34.577Z,0.01919921875,415,2026-09-12 00:39:34.577,1784.548611111111
Pulse experiments,pioreactor01,2026-09-11T18:54:34.580Z,0.15291015625,445,2026-09-12 00:39:34.580,1784.548611111111
Pulse experiments,pioreactor01,2026-09-11T18:54:34.585Z,0.14990234375,480,2026-09-12 00:39:34.585,1784.548611111111
Pulse experiments,pioreactor01,2026-09-11T18:54:34.590Z,0.17392578125,515,2026-09-12 00:39:34.590,1784.548611111111
Pulse experiments,pioreactor01,2026-09-11T18:54:34.595Z,0.2150390625,555,2026-09-12 00:39:34.595,1784.548611111111
Pulse experiments,pioreactor01,2026-09-11T18:54:34.601Z,0.2261328125,590,2026-09-12 00:39:34.601,1784.548611111111
Pulse experiments,pioreactor01,2026-09-11T18:54:34.605Z,0.23224609375,630,2026-09-12 00:39:34.605,1784.548611111111
Pulse experiments,pioreactor01,2026-09-11T18:54:34.609Z,0.1215234375,680,2026-09-12 00:39:34.609,1784.548611111111
Pulse experiments,pioreactor01,2026-09-11T18:54:39.572Z,0.019140625,415,2026-09-12 00:39:39.572,1784.55
Pulse experiments,pioreactor01,2026-09-11T18:54:39.578Z,0.15296875,445,2026-09-12 00:39:39.578,1784.55
Pulse experiments,pioreactor01,2026-09-11T18:54:39.582Z,0.1495703125,480,2026-09-12 00:39:39.582,1784.55
Pulse experiments,pioreactor01,2026-09-11T18:54:39.586Z,0.17361328125,515,2026-09-12 00:39:39.586,1784.55
Pulse experiments,pioreactor01,2026-09-11T18:54:39.591Z,0.21515625,555,2026-09-12 00:39:39.591,1784.55
Pulse experiments,pioreactor01,2026-09-11T18:54:39.595Z,0.22623046875,590,2026-09-12 00:39:39.595,1784.55
Pulse experiments,pioreactor01,2026-09-11T18:54:39.599Z,0.2320703125,630,2026-09-12 00:39:39.599,1784.55
Pulse experiments,pioreactor01,2026-09-11T18:54:39.605Z,0.121640625,680,2026-09-12 00:39:39.605,1784.55
Pulse experiments,pioreactor01,2026-09-11T18:54:44.577Z,0.0191015625,415,2026-09-12 00:39:44.577,1784.551388888889
Pulse experiments,pioreactor01,2026-09-11T18:54:44.585Z,0.15224609375,445,2026-09-12 00:39:44.585,1784.551388888889
Pulse experiments,pioreactor01,2026-09-11T18:54:44.588Z,0.1488671875,480,2026-09-12 00:39:44.588,1784.551388888889
Pulse experiments,pioreactor01,2026-09-11T18:54:44.596Z,0.17333984375,515,2026-09-12 00:39:44.596,1784.551388888889
Pulse experiments,pioreactor01,2026-09-11T18:54:44.600Z,0.21560546875,555,2026-09-12 00:39:44.600,1784.551388888889
Pulse experiments,pioreactor01,2026-09-11T18:54:44.606Z,0.226953125,590,2026-09-12 00:39:44.606,1784.551388888889
Pulse experiments,pioreactor01,2026-09-11T18:54:44.610Z,0.23287109375,630,2026-09-12 00:39:44.610,1784.551388888889
Pulse experiments,pioreactor01,2026-09-11T18:54:44.616Z,0.1221875,680,2026-09-12 00:39:44.616,1784.551388888889
Pulse experiments,pioreactor01,2026-09-11T18:54:49.576Z,0.0191015625,415,2026-09-12 00:39:49.576,1784.552777777778
Pulse experiments,pioreactor01,2026-09-11T18:54:49.580Z,0.15244140625,445,2026-09-12 00:39:49.580,1784.552777777778
Pulse experiments,pioreactor01,2026-09-11T18:54:49.586Z,0.1492578125,480,2026-09-12 00:39:49.586,1784.552777777778
Pulse experiments,pioreactor01,2026-09-11T18:54:49.590Z,0.17349609375,515,2026-09-12 00:39:49.590,1784.552777777778
Pulse experiments,pioreactor01,2026-09-11T18:54:49.596Z,0.21455078125,555,2026-09-12 00:39:49.596,1784.552777777778
Pulse experiments,pioreactor01,2026-09-11T18:54:49.600Z,0.225703125,590,2026-09-12 00:39:49.600,1784.552777777778
Pulse experiments,pioreactor01,2026-09-11T18:54:49.606Z,0.23158203125,630,2026-09-12 00:39:49.606,1784.552777777778
Pulse experiments,pioreactor01,2026-09-11T18:54:49.611Z,0.12115234375,680,2026-09-12 00:39:49.611,1784.552777777778
Pulse experiments,pioreactor01,2026-09-11T18:54:54.578Z,0.01916015625,415,2026-09-12 00:39:54.578,1784.554166666667
Pulse experiments,pioreactor01,2026-09-11T18:54:54.581Z,0.1526953125,445,2026-09-12 00:39:54.581,1784.554166666667
Pulse experiments,pioreactor01,2026-09-11T18:54:54.585Z,0.1494921875,480,2026-09-12 00:39:54.585,1784.554166666667
Pulse experiments,pioreactor01,2026-09-11T18:54:54.591Z,0.17365234375,515,2026-09-12 00:39:54.591,1784.554166666667
Pulse experiments,pioreactor01,2026-09-11T18:54:54.595Z,0.21423828125,555,2026-09-12 00:39:54.595,1784.554166666667
Pulse experiments,pioreactor01,2026-09-11T18:54:54.601Z,0.22533203125,590,2026-09-12 00:39:54.601,1784.554166666667
Pulse experiments,pioreactor01,2026-09-11T18:54:54.605Z,0.23126953125,630,2026-09-12 00:39:54.605,1784.554166666667
Pulse experiments,pioreactor01,2026-09-11T18:54:54.611Z,0.12091796875,680,2026-09-12 00:39:54.611,1784.554166666667
Pulse experiments,pioreactor01,2026-09-11T18:54:59.575Z,0.01912109375,415,2026-09-12 00:39:59.575,1784.555555555556
Pulse experiments,pioreactor01,2026-09-11T18:54:59.581Z,0.15279296875,445,2026-09-12 00:39:59.581,1784.555555555556
Pulse experiments,pioreactor01,2026-09-11T18:54:59.585Z,0.14939453125,480,2026-09-12 00:39:59.585,1784.555555555556
Pulse experiments,pioreactor01,2026-09-11T18:54:59.591Z,0.17390625,515,2026-09-12 00:39:59.591,1784.555555555556
Pulse experiments,pioreactor01,2026-09-11T18:54:59.594Z,0.2158984375,555,2026-09-12 00:39:59.594,1784.555555555556
Pulse experiments,pioreactor01,2026-09-11T18:54:59.599Z,0.2267578125,590,2026-09-12 00:39:59.599,1784.555555555556
Pulse experiments,pioreactor01,2026-09-11T18:54:59.605Z,0.23294921875,630,2026-09-12 00:39:59.605,1784.555555555556
Pulse experiments,pioreactor01,2026-09-11T18:54:59.608Z,0.12240234375,680,2026-09-12 00:39:59.608,1784.555555555556
Pulse experiments,pioreactor01,2026-09-11T18:55:04.575Z,0.0191015625,415,2026-09-12 00:40:04.575,1784.556944444445
Pulse experiments,pioreactor01,2026-09-11T18:55:04.578Z,0.15248046875,445,2026-09-12 00:40:04.578,1784.556944444445
Pulse experiments,pioreactor01,2026-09-11T18:55:04.584Z,0.14908203125,480,2026-09-12 00:40:04.584,1784.556944444445
Pulse experiments,pioreactor01,2026-09-11T18:55:04.588Z,0.1734765625,515,2026-09-12 00:40:04.588,1784.556944444445
Pulse experiments,pioreactor01,2026-09-11T18:55:04.594Z,0.21494140625,555,2026-09-12 00:40:04.594,1784.556944444445
Pulse experiments,pioreactor01,2026-09-11T18:55:04.598Z,0.2257421875,590,2026-09-12 00:40:04.598,1784.556944444445
Pulse experiments,pioreactor01,2026-09-11T18:55:04.604Z,0.2317578125,630,2026-09-12 00:40:04.604,1784.556944444445
Pulse experiments,pioreactor01,2026-09-11T18:55:04.608Z,0.12125,680,2026-09-12 00:40:04.608,1784.556944444445
Pulse experiments,pioreactor01,2026-09-11T18:55:09.575Z,0.01916015625,415,2026-09-12 00:40:09.575,1784.558333333333
Pulse experiments,pioreactor01,2026-09-11T18:55:09.583Z,0.15291015625,445,2026-09-12 00:40:09.583,1784.558333333333
Pulse experiments,pioreactor01,2026-09-11T18:55:09.588Z,0.14943359375,480,2026-09-12 00:40:09.588,1784.558333333333
Pulse experiments,pioreactor01,2026-09-11T18:55:09.591Z,0.17376953125,515,2026-09-12 00:40:09.591,1784.558333333333
Pulse experiments,pioreactor01,2026-09-11T18:55:09.597Z,0.21443359375,555,2026-09-12 00:40:09.597,1784.558333333333
Pulse experiments,pioreactor01,2026-09-11T18:55:09.602Z,0.22548828125,590,2026-09-12 00:40:09.602,1784.558333333333
Pulse experiments,pioreactor01,2026-09-11T18:55:09.608Z,0.2313671875,630,2026-09-12 00:40:09.608,1784.558333333333
Pulse experiments,pioreactor01,2026-09-11T18:55:09.612Z,0.1209765625,680,2026-09-12 00:40:09.612,1784.558333333333
Pulse experiments,pioreactor01,2026-09-11T18:55:14.575Z,0.01921875,415,2026-09-12 00:40:14.575,1784.559722222222
Pulse experiments,pioreactor01,2026-09-11T18:55:14.579Z,0.15349609375,445,2026-09-12 00:40:14.579,1784.559722222222
Pulse experiments,pioreactor01,2026-09-11T18:55:14.583Z,0.150078125,480,2026-09-12 00:40:14.583,1784.559722222222
Pulse experiments,pioreactor01,2026-09-11T18:55:14.589Z,0.173984375,515,2026-09-12 00:40:14.589,1784.559722222222
Pulse experiments,pioreactor01,2026-09-11T18:55:14.593Z,0.2153515625,555,2026-09-12 00:40:14.593,1784.559722222222
Pulse experiments,pioreactor01,2026-09-11T18:55:14.600Z,0.22666015625,590,2026-09-12 00:40:14.600,1784.559722222222
Pulse experiments,pioreactor01,2026-09-11T18:55:14.604Z,0.23236328125,630,2026-09-12 00:40:14.604,1784.559722222222
Pulse experiments,pioreactor01,2026-09-11T18:55:14.609Z,0.1219921875,680,2026-09-12 00:40:14.609,1784.559722222222
Pulse experiments,pioreactor01,2026-09-11T18:55:19.576Z,0.019140625,415,2026-09-12 00:40:19.576,1784.561111111111
Pulse experiments,pioreactor01,2026-09-11T18:55:19.580Z,0.15267578125,445,2026-09-12 00:40:19.580,1784.561111111111
Pulse experiments,pioreactor01,2026-09-11T18:55:19.585Z,0.1493359375,480,2026-09-12 00:40:19.585,1784.561111111111
Pulse experiments,pioreactor01,2026-09-11T18:55:19.589Z,0.17357421875,515,2026-09-12 00:40:19.589,1784.561111111111
Pulse experiments,pioreactor01,2026-09-11T18:55:19.595Z,0.21544921875,555,2026-09-12 00:40:19.595,1784.561111111111
Pulse experiments,pioreactor01,2026-09-11T18:55:19.599Z,0.2265625,590,2026-09-12 00:40:19.599,1784.561111111111
Pulse experiments,pioreactor01,2026-09-11T18:55:19.604Z,0.23267578125,630,2026-09-12 00:40:19.604,1784.561111111111
Pulse experiments,pioreactor01,2026-09-11T18:55:19.608Z,0.12189453125,680,2026-09-12 00:40:19.608,1784.561111111111
Pulse experiments,pioreactor01,2026-09-11T18:55:24.577Z,0.01923828125,415,2026-09-12 00:40:24.577,1784.5625
Pulse experiments,pioreactor01,2026-09-11T18:55:24.582Z,0.15341796875,445,2026-09-12 00:40:24.582,1784.5625
Pulse experiments,pioreactor01,2026-09-11T18:55:24.587Z,0.150234375,480,2026-09-12 00:40:24.587,1784.5625
Pulse experiments,pioreactor01,2026-09-11T18:55:24.594Z,0.1741015625,515,2026-09-12 00:40:24.594,1784.5625
Pulse experiments,pioreactor01,2026-09-11T18:55:24.598Z,0.2159765625,555,2026-09-12 00:40:24.598,1784.5625
Pulse experiments,pioreactor01,2026-09-11T18:55:24.605Z,0.2269921875,590,2026-09-12 00:40:24.605,1784.5625
Pulse experiments,pioreactor01,2026-09-11T18:55:24.609Z,0.2328125,630,2026-09-12 00:40:24.609,1784.5625
Pulse experiments,pioreactor01,2026-09-11T18:55:24.615Z,0.12224609375,680,2026-09-12 00:40:24.615,1784.5625
Pulse experiments,pioreactor01,2026-09-11T18:55:29.578Z,0.0191015625,415,2026-09-12 00:40:29.578,1784.563888888889
Pulse experiments,pioreactor01,2026-09-11T18:55:29.581Z,0.152578125,445,2026-09-12 00:40:29.581,1784.563888888889
Pulse experiments,pioreactor01,2026-09-11T18:55:29.587Z,0.14921875,480,2026-09-12 00:40:29.587,1784.563888888889
Pulse experiments,pioreactor01,2026-09-11T18:55:29.592Z,0.173515625,515,2026-09-12 00:40:29.592,1784.563888888889
Pulse experiments,pioreactor01,2026-09-11T18:55:29.596Z,0.2148046875,555,2026-09-12 00:40:29.596,1784.563888888889
Pulse experiments,pioreactor01,2026-09-11T18:55:29.601Z,0.225859375,590,2026-09-12 00:40:29.601,1784.563888888889
Pulse experiments,pioreactor01,2026-09-11T18:55:29.605Z,0.23177734375,630,2026-09-12 00:40:29.605,1784.563888888889
Pulse experiments,pioreactor01,2026-09-11T18:55:29.610Z,0.12142578125,680,2026-09-12 00:40:29.610,1784.563888888889
Pulse experiments,pioreactor01,2026-09-11T18:55:34.573Z,0.01748046875,415,2026-09-12 00:40:34.573,1784.565277777778
Pulse experiments,pioreactor01,2026-09-11T18:55:34.578Z,0.1503125,445,2026-09-12 00:40:34.578,1784.565277777778
Pulse experiments,pioreactor01,2026-09-11T18:55:34.582Z,0.1462890625,480,2026-09-12 00:40:34.582,1784.565277777778
Pulse experiments,pioreactor01,2026-09-11T18:55:34.587Z,0.168828125,515,2026-09-12 00:40:34.587,1784.565277777778
Pulse experiments,pioreactor01,2026-09-11T18:55:34.591Z,0.192265625,555,2026-09-12 00:40:34.591,1784.565277777778
Pulse experiments,pioreactor01,2026-09-11T18:55:34.597Z,0.178984375,590,2026-09-12 00:40:34.597,1784.565277777778
Pulse experiments,pioreactor01,2026-09-11T18:55:34.601Z,0.181015625,630,2026-09-12 00:40:34.601,1784.565277777778
Pulse experiments,pioreactor01,2026-09-11T18:55:34.607Z,0.11021484375,680,2026-09-12 00:40:34.607,1784.565277777778
Pulse experiments,pioreactor01,2026-09-11T18:55:39.579Z,0.0174609375,415,2026-09-12 00:40:39.579,1784.566666666667
Pulse experiments,pioreactor01,2026-09-11T18:55:39.584Z,0.1498828125,445,2026-09-12 00:40:39.584,1784.566666666667
Pulse experiments,pioreactor01,2026-09-11T18:55:39.589Z,0.1458203125,480,2026-09-12 00:40:39.589,1784.566666666667
Pulse experiments,pioreactor01,2026-09-11T18:55:39.594Z,0.168515625,515,2026-09-12 00:40:39.594,1784.566666666667
Pulse experiments,pioreactor01,2026-09-11T18:55:39.599Z,0.191875,555,2026-09-12 00:40:39.599,1784.566666666667
Pulse experiments,pioreactor01,2026-09-11T18:55:39.603Z,0.17890625,590,2026-09-12 00:40:39.603,1784.566666666667
Pulse experiments,pioreactor01,2026-09-11T18:55:39.608Z,0.18083984375,630,2026-09-12 00:40:39.608,1784.566666666667
Pulse experiments,pioreactor01,2026-09-11T18:55:39.612Z,0.1101171875,680,2026-09-12 00:40:39.612,1784.566666666667
Pulse experiments,pioreactor01,2026-09-11T18:55:44.573Z,0.0174609375,415,2026-09-12 00:40:44.573,1784.568055555555
Pulse experiments,pioreactor01,2026-09-11T18:55:44.579Z,0.15013671875,445,2026-09-12 00:40:44.579,1784.568055555555
Pulse experiments,pioreactor01,2026-09-11T18:55:44.584Z,0.1461328125,480,2026-09-12 00:40:44.584,1784.568055555555
Pulse experiments,pioreactor01,2026-09-11T18:55:44.589Z,0.16873046875,515,2026-09-12 00:40:44.589,1784.568055555555
Pulse experiments,pioreactor01,2026-09-11T18:55:44.593Z,0.1925,555,2026-09-12 00:40:44.593,1784.568055555555
Pulse experiments,pioreactor01,2026-09-11T18:55:44.599Z,0.179140625,590,2026-09-12 00:40:44.599,1784.568055555555
Pulse experiments,pioreactor01,2026-09-11T18:55:44.603Z,0.18107421875,630,2026-09-12 00:40:44.603,1784.568055555555
Pulse experiments,pioreactor01,2026-09-11T18:55:44.609Z,0.11037109375,680,2026-09-12 00:40:44.609,1784.568055555555
Pulse experiments,pioreactor01,2026-09-11T18:55:49.575Z,0.01748046875,415,2026-09-12 00:40:49.575,1784.569444444444
Pulse experiments,pioreactor01,2026-09-11T18:55:49.580Z,0.15017578125,445,2026-09-12 00:40:49.580,1784.569444444444
Pulse experiments,pioreactor01,2026-09-11T18:55:49.584Z,0.14615234375,480,2026-09-12 00:40:49.584,1784.569444444444
Pulse experiments,pioreactor01,2026-09-11T18:55:49.590Z,0.16876953125,515,2026-09-12 00:40:49.590,1784.569444444444
Pulse experiments,pioreactor01,2026-09-11T18:55:49.594Z,0.19197265625,555,2026-09-12 00:40:49.594,1784.569444444444
Pulse experiments,pioreactor01,2026-09-11T18:55:49.600Z,0.17876953125,590,2026-09-12 00:40:49.600,1784.569444444444
Pulse experiments,pioreactor01,2026-09-11T18:55:49.605Z,0.18080078125,630,2026-09-12 00:40:49.605,1784.569444444444
Pulse experiments,pioreactor01,2026-09-11T18:55:49.610Z,0.10998046875,680,2026-09-12 00:40:49.610,1784.569444444444
Pulse experiments,pioreactor01,2026-09-11T18:55:54.576Z,0.01748046875,415,2026-09-12 00:40:54.576,1784.570833333333
Pulse experiments,pioreactor01,2026-09-11T18:55:54.578Z,0.1500390625,445,2026-09-12 00:40:54.578,1784.570833333333
Pulse experiments,pioreactor01,2026-09-11T18:55:54.585Z,0.14578125,480,2026-09-12 00:40:54.585,1784.570833333333
Pulse experiments,pioreactor01,2026-09-11T18:55:54.589Z,0.16853515625,515,2026-09-12 00:40:54.589,1784.570833333333
Pulse experiments,pioreactor01,2026-09-11T18:55:54.594Z,0.19201171875,555,2026-09-12 00:40:54.594,1784.570833333333
Pulse experiments,pioreactor01,2026-09-11T18:55:54.599Z,0.1788671875,590,2026-09-12 00:40:54.599,1784.570833333333
Pulse experiments,pioreactor01,2026-09-11T18:55:54.604Z,0.18087890625,630,2026-09-12 00:40:54.604,1784.570833333333
Pulse experiments,pioreactor01,2026-09-11T18:55:54.608Z,0.1100390625,680,2026-09-12 00:40:54.608,1784.570833333333
Pulse experiments,pioreactor01,2026-09-11T18:55:59.575Z,0.0175,415,2026-09-12 00:40:59.575,1784.572222222222
Pulse experiments,pioreactor01,2026-09-11T18:55:59.580Z,0.15015625,445,2026-09-12 00:40:59.580,1784.572222222222
Pulse experiments,pioreactor01,2026-09-11T18:55:59.584Z,0.14609375,480,2026-09-12 00:40:59.584,1784.572222222222
Pulse experiments,pioreactor01,2026-09-11T18:55:59.590Z,0.168671875,515,2026-09-12 00:40:59.590,1784.572222222222
Pulse experiments,pioreactor01,2026-09-11T18:55:59.594Z,0.1925390625,555,2026-09-12 00:40:59.594,1784.572222222222
Pulse experiments,pioreactor01,2026-09-11T18:55:59.600Z,0.17912109375,590,2026-09-12 00:40:59.600,1784.572222222222
Pulse experiments,pioreactor01,2026-09-11T18:55:59.604Z,0.1809375,630,2026-09-12 00:40:59.604,1784.572222222222
Pulse experiments,pioreactor01,2026-09-11T18:55:59.610Z,0.110546875,680,2026-09-12 00:40:59.610,1784.572222222222
Pulse experiments,pioreactor01,2026-09-11T18:56:04.576Z,0.01748046875,415,2026-09-12 00:41:04.576,1784.573611111111
Pulse experiments,pioreactor01,2026-09-11T18:56:04.581Z,0.15033203125,445,2026-09-12 00:41:04.581,1784.573611111111
Pulse experiments,pioreactor01,2026-09-11T18:56:04.585Z,0.14607421875,480,2026-09-12 00:41:04.585,1784.573611111111
Pulse experiments,pioreactor01,2026-09-11T18:56:04.591Z,0.16869140625,515,2026-09-12 00:41:04.591,1784.573611111111
Pulse experiments,pioreactor01,2026-09-11T18:56:04.594Z,0.191953125,555,2026-09-12 00:41:04.594,1784.573611111111
Pulse experiments,pioreactor01,2026-09-11T18:56:04.599Z,0.1787109375,590,2026-09-12 00:41:04.599,1784.573611111111
Pulse experiments,pioreactor01,2026-09-11T18:56:04.603Z,0.180859375,630,2026-09-12 00:41:04.603,1784.573611111111
Pulse experiments,pioreactor01,2026-09-11T18:56:04.608Z,0.10978515625,680,2026-09-12 00:41:04.608,1784.573611111111
Pulse experiments,pioreactor01,2026-09-11T18:56:09.572Z,0.0175,415,2026-09-12 00:41:09.572,1784.575
Pulse experiments,pioreactor01,2026-09-11T18:56:09.578Z,0.1497265625,445,2026-09-12 00:41:09.578,1784.575
Pulse experiments,pioreactor01,2026-09-11T18:56:09.584Z,0.14576171875,480,2026-09-12 00:41:09.584,1784.575
Pulse experiments,pioreactor01,2026-09-11T18:56:09.591Z,0.168515625,515,2026-09-12 00:41:09.591,1784.575
Pulse experiments,pioreactor01,2026-09-11T18:56:09.594Z,0.191875,555,2026-09-12 00:41:09.594,1784.575
Pulse experiments,pioreactor01,2026-09-11T18:56:09.599Z,0.17875,590,2026-09-12 00:41:09.599,1784.575
Pulse experiments,pioreactor01,2026-09-11T18:56:09.603Z,0.1807421875,630,2026-09-12 00:41:09.603,1784.575
Pulse experiments,pioreactor01,2026-09-11T18:56:09.608Z,0.10990234375,680,2026-09-12 00:41:09.608,1784.575
Pulse experiments,pioreactor01,2026-09-11T18:56:14.578Z,0.0174609375,415,2026-09-12 00:41:14.578,1784.576388888889
Pulse experiments,pioreactor01,2026-09-11T18:56:14.583Z,0.15005859375,445,2026-09-12 00:41:14.583,1784.576388888889
Pulse experiments,pioreactor01,2026-09-11T18:56:14.586Z,0.14603515625,480,2026-09-12 00:41:14.586,1784.576388888889
Pulse experiments,pioreactor01,2026-09-11T18:56:14.592Z,0.16873046875,515,2026-09-12 00:41:14.592,1784.576388888889
Pulse experiments,pioreactor01,2026-09-11T18:56:14.595Z,0.19232421875,555,2026-09-12 00:41:14.595,1784.576388888889
Pulse experiments,pioreactor01,2026-09-11T18:56:14.602Z,0.179296875,590,2026-09-12 00:41:14.602,1784.576388888889
Pulse experiments,pioreactor01,2026-09-11T18:56:14.606Z,0.18107421875,630,2026-09-12 00:41:14.606,1784.576388888889
Pulse experiments,pioreactor01,2026-09-11T18:56:14.610Z,0.110546875,680,2026-09-12 00:41:14.610,1784.576388888889
Pulse experiments,pioreactor01,2026-09-11T18:56:19.575Z,0.0175390625,415,2026-09-12 00:41:19.575,1784.577777777778
Pulse experiments,pioreactor01,2026-09-11T18:56:19.581Z,0.15021484375,445,2026-09-12 00:41:19.581,1784.577777777778
Pulse experiments,pioreactor01,2026-09-11T18:56:19.585Z,0.1464453125,480,2026-09-12 00:41:19.585,1784.577777777778
Pulse experiments,pioreactor01,2026-09-11T18:56:19.590Z,0.1688671875,515,2026-09-12 00:41:19.590,1784.577777777778
Pulse experiments,pioreactor01,2026-09-11T18:56:19.595Z,0.19220703125,555,2026-09-12 00:41:19.595,1784.577777777778
Pulse experiments,pioreactor01,2026-09-11T18:56:19.600Z,0.17892578125,590,2026-09-12 00:41:19.600,1784.577777777778
Pulse experiments,pioreactor01,2026-09-11T18:56:19.605Z,0.18095703125,630,2026-09-12 00:41:19.605,1784.577777777778
Pulse experiments,pioreactor01,2026-09-11T18:56:19.610Z,0.11001953125,680,2026-09-12 00:41:19.610,1784.577777777778
Pulse experiments,pioreactor01,2026-09-11T18:56:24.575Z,0.0174609375,415,2026-09-12 00:41:24.575,1784.579166666667
Pulse experiments,pioreactor01,2026-09-11T18:56:24.581Z,0.1499609375,445,2026-09-12 00:41:24.581,1784.579166666667
Pulse experiments,pioreactor01,2026-09-11T18:56:24.585Z,0.14568359375,480,2026-09-12 00:41:24.585,1784.579166666667
Pulse experiments,pioreactor01,2026-09-11T18:56:24.591Z,0.16837890625,515,2026-09-12 00:41:24.591,1784.579166666667
Pulse experiments,pioreactor01,2026-09-11T18:56:24.595Z,0.19201171875,555,2026-09-12 00:41:24.595,1784.579166666667
Pulse experiments,pioreactor01,2026-09-11T18:56:24.601Z,0.17888671875,590,2026-09-12 00:41:24.601,1784.579166666667
Pulse experiments,pioreactor01,2026-09-11T18:56:24.606Z,0.18091796875,630,2026-09-12 00:41:24.606,1784.579166666667
Pulse experiments,pioreactor01,2026-09-11T18:56:24.612Z,0.11001953125,680,2026-09-12 00:41:24.612,1784.579166666667
Pulse experiments,pioreactor01,2026-09-11T18:56:29.577Z,0.01751953125,415,2026-09-12 00:41:29.577,1784.580555555556
Pulse experiments,pioreactor01,2026-09-11T18:56:29.581Z,0.15015625,445,2026-09-12 00:41:29.581,1784.580555555556
Pulse experiments,pioreactor01,2026-09-11T18:56:29.588Z,0.14607421875,480,2026-09-12 00:41:29.588,1784.580555555556
Pulse experiments,pioreactor01,2026-09-11T18:56:29.592Z,0.16869140625,515,2026-09-12 00:41:29.592,1784.580555555556
Pulse experiments,pioreactor01,2026-09-11T18:56:29.597Z,0.192265625,555,2026-09-12 00:41:29.597,1784.580555555556
Pulse experiments,pioreactor01,2026-09-11T18:56:29.601Z,0.17923828125,590,2026-09-12 00:41:29.601,1784.580555555556
Pulse experiments,pioreactor01,2026-09-11T18:56:29.607Z,0.18115234375,630,2026-09-12 00:41:29.607,1784.580555555556
Pulse experiments,pioreactor01,2026-09-11T18:56:29.611Z,0.1104296875,680,2026-09-12 00:41:29.611,1784.580555555556
Pulse experiments,pioreactor01,2026-09-11T18:56:34.573Z,0.01751953125,415,2026-09-12 00:41:34.573,1784.581944444444
Pulse experiments,pioreactor01,2026-09-11T18:56:34.577Z,0.1502734375,445,2026-09-12 00:41:34.577,1784.581944444444
Pulse experiments,pioreactor01,2026-09-11T18:56:34.583Z,0.14611328125,480,2026-09-12 00:41:34.583,1784.581944444444
Pulse experiments,pioreactor01,2026-09-11T18:56:34.587Z,0.16896484375,515,2026-09-12 00:41:34.587,1784.581944444444
Pulse experiments,pioreactor01,2026-09-11T18:56:34.593Z,0.192109375,555,2026-09-12 00:41:34.593,1784.581944444444
Pulse experiments,pioreactor01,2026-09-11T18:56:34.598Z,0.17873046875,590,2026-09-12 00:41:34.598,1784.581944444444
Pulse experiments,pioreactor01,2026-09-11T18:56:34.603Z,0.18091796875,630,2026-09-12 00:41:34.603,1784.581944444444
Pulse experiments,pioreactor01,2026-09-11T18:56:34.608Z,0.11015625,680,2026-09-12 00:41:34.608,1784.581944444444
Pulse experiments,pioreactor01,2026-09-11T18:56:39.576Z,0.01744140625,415,2026-09-12 00:41:39.576,1784.583333333333
Pulse experiments,pioreactor01,2026-09-11T18:56:39.579Z,0.1500390625,445,2026-09-12 00:41:39.579,1784.583333333333
Pulse experiments,pioreactor01,2026-09-11T18:56:39.583Z,0.1458984375,480,2026-09-12 00:41:39.583,1784.583333333333
Pulse experiments,pioreactor01,2026-09-11T18:56:39.589Z,0.16845703125,515,2026-09-12 00:41:39.589,1784.583333333333
Pulse experiments,pioreactor01,2026-09-11T18:56:39.598Z,0.19171875,555,2026-09-12 00:41:39.598,1784.583333333333
Pulse experiments,pioreactor01,2026-09-11T18:56:39.601Z,0.17888671875,590,2026-09-12 00:41:39.601,1784.583333333333
Pulse experiments,pioreactor01,2026-09-11T18:56:39.605Z,0.180859375,630,2026-09-12 00:41:39.605,1784.583333333333
Pulse experiments,pioreactor01,2026-09-11T18:56:39.610Z,0.10984375,680,2026-09-12 00:41:39.610,1784.583333333333
Pulse experiments,pioreactor01,2026-09-11T18:56:44.576Z,0.01751953125,415,2026-09-12 00:41:44.576,1784.584722222222
Pulse experiments,pioreactor01,2026-09-11T18:56:44.581Z,0.150078125,445,2026-09-12 00:41:44.581,1784.584722222222
Pulse experiments,pioreactor01,2026-09-11T18:56:44.586Z,0.14611328125,480,2026-09-12 00:41:44.586,1784.584722222222
Pulse experiments,pioreactor01,2026-09-11T18:56:44.591Z,0.16876953125,515,2026-09-12 00:41:44.591,1784.584722222222
Pulse experiments,pioreactor01,2026-09-11T18:56:44.595Z,0.1921875,555,2026-09-12 00:41:44.595,1784.584722222222
Pulse experiments,pioreactor01,2026-09-11T18:56:44.601Z,0.1790625,590,2026-09-12 00:41:44.601,1784.584722222222
Pulse experiments,pioreactor01,2026-09-11T18:56:44.605Z,0.1810546875,630,2026-09-12 00:41:44.605,1784.584722222222
Pulse experiments,pioreactor01,2026-09-11T18:56:44.611Z,0.1102734375,680,2026-09-12 00:41:44.611,1784.584722222222
Pulse experiments,pioreactor01,2026-09-11T18:56:49.576Z,0.0175,415,2026-09-12 00:41:49.576,1784.586111111111
Pulse experiments,pioreactor01,2026-09-11T18:56:49.581Z,0.1499609375,445,2026-09-12 00:41:49.581,1784.586111111111
Pulse experiments,pioreactor01,2026-09-11T18:56:49.586Z,0.14591796875,480,2026-09-12 00:41:49.586,1784.586111111111
Pulse experiments,pioreactor01,2026-09-11T18:56:49.590Z,0.1686328125,515,2026-09-12 00:41:49.590,1784.586111111111
Pulse experiments,pioreactor01,2026-09-11T18:56:49.596Z,0.19185546875,555,2026-09-12 00:41:49.596,1784.586111111111
Pulse experiments,pioreactor01,2026-09-11T18:56:49.600Z,0.17876953125,590,2026-09-12 00:41:49.600,1784.586111111111
Pulse experiments,pioreactor01,2026-09-11T18:56:49.605Z,0.18109375,630,2026-09-12 00:41:49.605,1784.586111111111
Pulse experiments,pioreactor01,2026-09-11T18:56:49.610Z,0.10986328125,680,2026-09-12 00:41:49.610,1784.586111111111
Pulse experiments,pioreactor01,2026-09-11T18:58:50.841Z,0.0209375,415,2026-09-12 00:43:50.841,1784.619722222222
Pulse experiments,pioreactor01,2026-09-11T18:58:50.846Z,0.1737890625,445,2026-09-12 00:43:50.846,1784.619722222222
Pulse experiments,pioreactor01,2026-09-11T18:58:50.852Z,0.1792578125,480,2026-09-12 00:43:50.852,1784.619722222222
Pulse experiments,pioreactor01,2026-09-11T18:58:50.856Z,0.208515625,515,2026-09-12 00:43:50.856,1784.619722222222
Pulse experiments,pioreactor01,2026-09-11T18:58:50.860Z,0.23802734375,555,2026-09-12 00:43:50.860,1784.619722222222
Pulse experiments,pioreactor01,2026-09-11T18:58:50.865Z,0.2359765625,590,2026-09-12 00:43:50.865,1784.619722222222
Pulse experiments,pioreactor01,2026-09-11T18:58:50.870Z,0.23912109375,630,2026-09-12 00:43:50.870,1784.619722222222
Pulse experiments,pioreactor01,2026-09-11T18:58:50.874Z,0.12568359375,680,2026-09-12 00:43:50.874,1784.619722222222
Pulse experiments,pioreactor01,2026-09-11T18:58:55.844Z,0.0209375,415,2026-09-12 00:43:55.844,1784.621111111111
Pulse experiments,pioreactor01,2026-09-11T18:58:55.848Z,0.1737109375,445,2026-09-12 00:43:55.848,1784.621111111111
Pulse experiments,pioreactor01,2026-09-11T18:58:55.852Z,0.17951171875,480,2026-09-12 00:43:55.852,1784.621111111111
Pulse experiments,pioreactor01,2026-09-11T18:58:55.858Z,0.2084375,515,2026-09-12 00:43:55.858,1784.621111111111
Pulse experiments,pioreactor01,2026-09-11T18:58:55.863Z,0.2374609375,555,2026-09-12 00:43:55.863,1784.621111111111
Pulse experiments,pioreactor01,2026-09-11T18:58:55.867Z,0.235546875,590,2026-09-12 00:43:55.867,1784.621111111111
Pulse experiments,pioreactor01,2026-09-11T18:58:55.872Z,0.23859375,630,2026-09-12 00:43:55.872,1784.621111111111
Pulse experiments,pioreactor01,2026-09-11T18:58:55.876Z,0.12546875,680,2026-09-12 00:43:55.876,1784.621111111111
Pulse experiments,pioreactor01,2026-09-11T18:59:00.843Z,0.02107421875,415,2026-09-12 00:44:00.843,1784.6225
Pulse experiments,pioreactor01,2026-09-11T18:59:00.846Z,0.17423828125,445,2026-09-12 00:44:00.846,1784.6225
Pulse experiments,pioreactor01,2026-09-11T18:59:00.852Z,0.18001953125,480,2026-09-12 00:44:00.852,1784.6225
Pulse experiments,pioreactor01,2026-09-11T18:59:00.857Z,0.20916015625,515,2026-09-12 00:44:00.857,1784.6225
Pulse experiments,pioreactor01,2026-09-11T18:59:00.862Z,0.23896484375,555,2026-09-12 00:44:00.862,1784.6225
Pulse experiments,pioreactor01,2026-09-11T18:59:00.867Z,0.23685546875,590,2026-09-12 00:44:00.867,1784.6225
Pulse experiments,pioreactor01,2026-09-11T18:59:00.872Z,0.24015625,630,2026-09-12 00:44:00.872,1784.6225
Pulse experiments,pioreactor01,2026-09-11T18:59:00.877Z,0.126484375,680,2026-09-12 00:44:00.877,1784.6225
Pulse experiments,pioreactor01,2026-09-11T18:59:05.840Z,0.02109375,415,2026-09-12 00:44:05.840,1784.623888888889
Pulse experiments,pioreactor01,2026-09-11T18:59:05.844Z,0.174765625,445,2026-09-12 00:44:05.844,1784.623888888889
Pulse experiments,pioreactor01,2026-09-11T18:59:05.848Z,0.180625,480,2026-09-12 00:44:05.848,1784.623888888889
Pulse experiments,pioreactor01,2026-09-11T18:59:05.853Z,0.2098046875,515,2026-09-12 00:44:05.853,1784.623888888889
Pulse experiments,pioreactor01,2026-09-11T18:59:05.858Z,0.23927734375,555,2026-09-12 00:44:05.858,1784.623888888889
Pulse experiments,pioreactor01,2026-09-11T18:59:05.862Z,0.23775390625,590,2026-09-12 00:44:05.862,1784.623888888889
Pulse experiments,pioreactor01,2026-09-11T18:59:05.868Z,0.2408984375,630,2026-09-12 00:44:05.868,1784.623888888889
Pulse experiments,pioreactor01,2026-09-11T18:59:05.872Z,0.12671875,680,2026-09-12 00:44:05.872,1784.623888888889
Pulse experiments,pioreactor01,2026-09-11T18:59:10.841Z,0.02125,415,2026-09-12 00:44:10.841,1784.625277777778
Pulse experiments,pioreactor01,2026-09-11T18:59:10.845Z,0.17595703125,445,2026-09-12 00:44:10.845,1784.625277777778
Pulse experiments,pioreactor01,2026-09-11T18:59:10.850Z,0.1820703125,480,2026-09-12 00:44:10.850,1784.625277777778
Pulse experiments,pioreactor01,2026-09-11T18:59:10.855Z,0.2113671875,515,2026-09-12 00:44:10.855,1784.625277777778
Pulse experiments,pioreactor01,2026-09-11T18:59:10.860Z,0.24244140625,555,2026-09-12 00:44:10.860,1784.625277777778
Pulse experiments,pioreactor01,2026-09-11T18:59:10.865Z,0.2405859375,590,2026-09-12 00:44:10.865,1784.625277777778
Pulse experiments,pioreactor01,2026-09-11T18:59:10.869Z,0.24376953125,630,2026-09-12 00:44:10.869,1784.625277777778
Pulse experiments,pioreactor01,2026-09-11T18:59:10.874Z,0.12841796875,680,2026-09-12 00:44:10.874,1784.625277777778
Pulse experiments,pioreactor01,2026-09-11T18:59:15.838Z,0.02134765625,415,2026-09-12 00:44:15.838,1784.626666666667
Pulse experiments,pioreactor01,2026-09-11T18:59:15.843Z,0.1768359375,445,2026-09-12 00:44:15.843,1784.626666666667
Pulse experiments,pioreactor01,2026-09-11T18:59:15.847Z,0.183203125,480,2026-09-12 00:44:15.847,1784.626666666667
Pulse experiments,pioreactor01,2026-09-11T18:59:15.853Z,0.21298828125,515,2026-09-12 00:44:15.853,1784.626666666667
Pulse experiments,pioreactor01,2026-09-11T18:59:15.856Z,0.24236328125,555,2026-09-12 00:44:15.856,1784.626666666667
Pulse experiments,pioreactor01,2026-09-11T18:59:15.863Z,0.2405859375,590,2026-09-12 00:44:15.863,1784.626666666667
Pulse experiments,pioreactor01,2026-09-11T18:59:15.866Z,0.2437890625,630,2026-09-12 00:44:15.866,1784.626666666667
Pulse experiments,pioreactor01,2026-09-11T18:59:15.872Z,0.1284375,680,2026-09-12 00:44:15.872,1784.626666666667
Pulse experiments,pioreactor01,2026-09-11T18:59:20.838Z,0.02150390625,415,2026-09-12 00:44:20.838,1784.628055555556
Pulse experiments,pioreactor01,2026-09-11T18:59:20.844Z,0.17859375,445,2026-09-12 00:44:20.844,1784.628055555556
Pulse experiments,pioreactor01,2026-09-11T18:59:20.851Z,0.18587890625,480,2026-09-12 00:44:20.851,1784.628055555556
Pulse experiments,pioreactor01,2026-09-11T18:59:20.856Z,0.21611328125,515,2026-09-12 00:44:20.856,1784.628055555556
Pulse experiments,pioreactor01,2026-09-11T18:59:20.860Z,0.24583984375,555,2026-09-12 00:44:20.860,1784.628055555556
Pulse experiments,pioreactor01,2026-09-11T18:59:20.867Z,0.2438671875,590,2026-09-12 00:44:20.867,1784.628055555556
Pulse experiments,pioreactor01,2026-09-11T18:59:20.874Z,0.24724609375,630,2026-09-12 00:44:20.874,1784.628055555556
Pulse experiments,pioreactor01,2026-09-11T18:59:20.879Z,0.13046875,680,2026-09-12 00:44:20.879,1784.628055555556
Pulse experiments,pioreactor01,2026-09-11T18:59:25.838Z,0.021328125,415,2026-09-12 00:44:25.838,1784.629444444445
Pulse experiments,pioreactor01,2026-09-11T18:59:25.842Z,0.176953125,445,2026-09-12 00:44:25.842,1784.629444444445
Pulse experiments,pioreactor01,2026-09-11T18:59:25.848Z,0.18341796875,480,2026-09-12 00:44:25.848,1784.629444444445
Pulse experiments,pioreactor01,2026-09-11T18:59:25.851Z,0.21333984375,515,2026-09-12 00:44:25.851,1784.629444444445
Pulse experiments,pioreactor01,2026-09-11T18:59:25.855Z,0.243828125,555,2026-09-12 00:44:25.855,1784.629444444445
Pulse experiments,pioreactor01,2026-09-11T18:59:25.861Z,0.24189453125,590,2026-09-12 00:44:25.861,1784.629444444445
Pulse experiments,pioreactor01,2026-09-11T18:59:25.865Z,0.24515625,630,2026-09-12 00:44:25.865,1784.629444444445
Pulse experiments,pioreactor01,2026-09-11T18:59:25.870Z,0.1290625,680,2026-09-12 00:44:25.870,1784.629444444445
Pulse experiments,pioreactor01,2026-09-11T18:59:30.837Z,0.021328125,415,2026-09-12 00:44:30.837,1784.630833333333
Pulse experiments,pioreactor01,2026-09-11T18:59:30.843Z,0.176875,445,2026-09-12 00:44:30.843,1784.630833333333
Pulse experiments,pioreactor01,2026-09-11T18:59:30.847Z,0.1833984375,480,2026-09-12 00:44:30.847,1784.630833333333
Pulse experiments,pioreactor01,2026-09-11T18:59:30.851Z,0.213125,515,2026-09-12 00:44:30.851,1784.630833333333
Pulse experiments,pioreactor01,2026-09-11T18:59:30.856Z,0.24265625,555,2026-09-12 00:44:30.856,1784.630833333333
Pulse experiments,pioreactor01,2026-09-11T18:59:30.860Z,0.240859375,590,2026-09-12 00:44:30.860,1784.630833333333
Pulse experiments,pioreactor01,2026-09-11T18:59:30.866Z,0.24423828125,630,2026-09-12 00:44:30.866,1784.630833333333
Pulse experiments,pioreactor01,2026-09-11T18:59:30.869Z,0.128671875,680,2026-09-12 00:44:30.869,1784.630833333333
Pulse experiments,pioreactor01,2026-09-11T18:59:35.837Z,0.021171875,415,2026-09-12 00:44:35.837,1784.632222222222
Pulse experiments,pioreactor01,2026-09-11T18:59:35.843Z,0.17572265625,445,2026-09-12 00:44:35.843,1784.632222222222
Pulse experiments,pioreactor01,2026-09-11T18:59:35.846Z,0.18197265625,480,2026-09-12 00:44:35.846,1784.632222222222
Pulse experiments,pioreactor01,2026-09-11T18:59:35.852Z,0.211171875,515,2026-09-12 00:44:35.852,1784.632222222222
Pulse experiments,pioreactor01,2026-09-11T18:59:35.856Z,0.24140625,555,2026-09-12 00:44:35.856,1784.632222222222
Pulse experiments,pioreactor01,2026-09-11T18:59:35.861Z,0.2392578125,590,2026-09-12 00:44:35.861,1784.632222222222
Pulse experiments,pioreactor01,2026-09-11T18:59:35.866Z,0.2425,630,2026-09-12 00:44:35.866,1784.632222222222
Pulse experiments,pioreactor01,2026-09-11T18:59:35.869Z,0.12771484375,680,2026-09-12 00:44:35.869,1784.632222222222
Pulse experiments,pioreactor01,2026-09-11T18:59:40.836Z,0.02123046875,415,2026-09-12 00:44:40.836,1784.633611111111
Pulse experiments,pioreactor01,2026-09-11T18:59:40.841Z,0.17568359375,445,2026-09-12 00:44:40.841,1784.633611111111
Pulse experiments,pioreactor01,2026-09-11T18:59:40.845Z,0.1821484375,480,2026-09-12 00:44:40.845,1784.633611111111
Pulse experiments,pioreactor01,2026-09-11T18:59:40.850Z,0.21134765625,515,2026-09-12 00:44:40.850,1784.633611111111
Pulse experiments,pioreactor01,2026-09-11T18:59:40.854Z,0.2411328125,555,2026-09-12 00:44:40.854,1784.633611111111
Pulse experiments,pioreactor01,2026-09-11T18:59:40.858Z,0.23953125,590,2026-09-12 00:44:40.858,1784.633611111111
Pulse experiments,pioreactor01,2026-09-11T18:59:40.863Z,0.24251953125,630,2026-09-12 00:44:40.863,1784.633611111111
Pulse experiments,pioreactor01,2026-09-11T18:59:40.867Z,0.1275390625,680,2026-09-12 00:44:40.867,1784.633611111111
Pulse experiments,pioreactor01,2026-09-11T18:59:45.838Z,0.02126953125,415,2026-09-12 00:44:45.838,1784.635
Pulse experiments,pioreactor01,2026-09-11T18:59:45.844Z,0.176171875,445,2026-09-12 00:44:45.844,1784.635
Pulse experiments,pioreactor01,2026-09-11T18:59:45.848Z,0.18255859375,480,2026-09-12 00:44:45.848,1784.635
Pulse experiments,pioreactor01,2026-09-11T18:59:45.853Z,0.211796875,515,2026-09-12 00:44:45.853,1784.635
Pulse experiments,pioreactor01,2026-09-11T18:59:45.858Z,0.2417578125,555,2026-09-12 00:44:45.858,1784.635
Pulse experiments,pioreactor01,2026-09-11T18:59:45.863Z,0.23984375,590,2026-09-12 00:44:45.863,1784.635
Pulse experiments,pioreactor01,2026-09-11T18:59:45.867Z,0.242890625,630,2026-09-12 00:44:45.867,1784.635
Pulse experiments,pioreactor01,2026-09-11T18:59:45.871Z,0.12798828125,680,2026-09-12 00:44:45.871,1784.635
Pulse experiments,pioreactor01,2026-09-11T18:59:50.845Z,0.02125,415,2026-09-12 00:44:50.845,1784.636388888889
Pulse experiments,pioreactor01,2026-09-11T18:59:50.849Z,0.17666015625,445,2026-09-12 00:44:50.849,1784.636388888889
Pulse experiments,pioreactor01,2026-09-11T18:59:50.854Z,0.18306640625,480,2026-09-12 00:44:50.854,1784.636388888889
Pulse experiments,pioreactor01,2026-09-11T18:59:50.860Z,0.21234375,515,2026-09-12 00:44:50.860,1784.636388888889
Pulse experiments,pioreactor01,2026-09-11T18:59:50.863Z,0.2412890625,555,2026-09-12 00:44:50.863,1784.636388888889
Pulse experiments,pioreactor01,2026-09-11T18:59:50.868Z,0.239453125,590,2026-09-12 00:44:50.868,1784.636388888889
Pulse experiments,pioreactor01,2026-09-11T18:59:50.872Z,0.24255859375,630,2026-09-12 00:44:50.872,1784.636388888889
Pulse experiments,pioreactor01,2026-09-11T18:59:50.877Z,0.127734375,680,2026-09-12 00:44:50.877,1784.636388888889
Pulse experiments,pioreactor01,2026-09-11T18:59:55.840Z,0.02150390625,415,2026-09-12 00:44:55.840,1784.637777777778
Pulse experiments,pioreactor01,2026-09-11T18:59:55.843Z,0.17880859375,445,2026-09-12 00:44:55.843,1784.637777777778
Pulse experiments,pioreactor01,2026-09-11T18:59:55.850Z,0.18599609375,480,2026-09-12 00:44:55.850,1784.637777777778
Pulse experiments,pioreactor01,2026-09-11T18:59:55.856Z,0.21609375,515,2026-09-12 00:44:55.856,1784.637777777778
Pulse experiments,pioreactor01,2026-09-11T18:59:55.862Z,0.24578125,555,2026-09-12 00:44:55.862,1784.637777777778
Pulse experiments,pioreactor01,2026-09-11T18:59:55.866Z,0.24392578125,590,2026-09-12 00:44:55.866,1784.637777777778
Pulse experiments,pioreactor01,2026-09-11T18:59:55.871Z,0.247265625,630,2026-09-12 00:44:55.871,1784.637777777778
Pulse experiments,pioreactor01,2026-09-11T18:59:55.875Z,0.13044921875,680,2026-09-12 00:44:55.875,1784.637777777778
Pulse experiments,pioreactor01,2026-09-11T19:00:00.839Z,0.0214453125,415,2026-09-12 00:45:00.839,1784.639166666667
Pulse experiments,pioreactor01,2026-09-11T19:00:00.846Z,0.17798828125,445,2026-09-12 00:45:00.846,1784.639166666667
Pulse experiments,pioreactor01,2026-09-11T19:00:00.851Z,0.18482421875,480,2026-09-12 00:45:00.851,1784.639166666667
Pulse experiments,pioreactor01,2026-09-11T19:00:00.855Z,0.21484375,515,2026-09-12 00:45:00.855,1784.639166666667
Pulse experiments,pioreactor01,2026-09-11T19:00:00.861Z,0.24294921875,555,2026-09-12 00:45:00.861,1784.639166666667
Pulse experiments,pioreactor01,2026-09-11T19:00:00.864Z,0.24125,590,2026-09-12 00:45:00.864,1784.639166666667
Pulse experiments,pioreactor01,2026-09-11T19:00:00.871Z,0.2444140625,630,2026-09-12 00:45:00.871,1784.639166666667
Pulse experiments,pioreactor01,2026-09-11T19:00:00.874Z,0.1286328125,680,2026-09-12 00:45:00.874,1784.639166666667
Pulse experiments,pioreactor01,2026-09-11T19:00:05.837Z,0.02154296875,415,2026-09-12 00:45:05.837,1784.640555555555
Pulse experiments,pioreactor01,2026-09-11T19:00:05.841Z,0.17955078125,445,2026-09-12 00:45:05.841,1784.640555555555
Pulse experiments,pioreactor01,2026-09-11T19:00:05.847Z,0.18654296875,480,2026-09-12 00:45:05.847,1784.640555555555
Pulse experiments,pioreactor01,2026-09-11T19:00:05.851Z,0.216640625,515,2026-09-12 00:45:05.851,1784.640555555555
Pulse experiments,pioreactor01,2026-09-11T19:00:05.856Z,0.25052734375,555,2026-09-12 00:45:05.856,1784.640555555555
Pulse experiments,pioreactor01,2026-09-11T19:00:05.861Z,0.24849609375,590,2026-09-12 00:45:05.861,1784.640555555555
Pulse experiments,pioreactor01,2026-09-11T19:00:05.866Z,0.251796875,630,2026-09-12 00:45:05.866,1784.640555555555
Pulse experiments,pioreactor01,2026-09-11T19:00:05.871Z,0.13275390625,680,2026-09-12 00:45:05.871,1784.640555555555
Pulse experiments,pioreactor01,2026-09-11T19:00:10.839Z,0.02171875,415,2026-09-12 00:45:10.839,1784.641944444444
Pulse experiments,pioreactor01,2026-09-11T19:00:10.843Z,0.18150390625,445,2026-09-12 00:45:10.843,1784.641944444444
Pulse experiments,pioreactor01,2026-09-11T19:00:10.850Z,0.18884765625,480,2026-09-12 00:45:10.850,1784.641944444444
Pulse experiments,pioreactor01,2026-09-11T19:00:10.854Z,0.218828125,515,2026-09-12 00:45:10.854,1784.641944444444
Pulse experiments,pioreactor01,2026-09-11T19:00:10.859Z,0.2512109375,555,2026-09-12 00:45:10.859,1784.641944444444
Pulse experiments,pioreactor01,2026-09-11T19:00:10.864Z,0.24875,590,2026-09-12 00:45:10.864,1784.641944444444
Pulse experiments,pioreactor01,2026-09-11T19:00:10.869Z,0.252421875,630,2026-09-12 00:45:10.869,1784.641944444444
Pulse experiments,pioreactor01,2026-09-11T19:00:10.873Z,0.1329296875,680,2026-09-12 00:45:10.873,1784.641944444444
Pulse experiments,pioreactor01,2026-09-11T19:00:15.841Z,0.02181640625,415,2026-09-12 00:45:15.841,1784.643333333333
Pulse experiments,pioreactor01,2026-09-11T19:00:15.844Z,0.18234375,445,2026-09-12 00:45:15.844,1784.643333333333
Pulse experiments,pioreactor01,2026-09-11T19:00:15.849Z,0.18943359375,480,2026-09-12 00:45:15.849,1784.643333333333
Pulse experiments,pioreactor01,2026-09-11T19:00:15.854Z,0.22017578125,515,2026-09-12 00:45:15.854,1784.643333333333
Pulse experiments,pioreactor01,2026-09-11T19:00:15.859Z,0.24744140625,555,2026-09-12 00:45:15.859,1784.643333333333
Pulse experiments,pioreactor01,2026-09-11T19:00:15.864Z,0.24541015625,590,2026-09-12 00:45:15.864,1784.643333333333
Pulse experiments,pioreactor01,2026-09-11T19:00:15.870Z,0.248828125,630,2026-09-12 00:45:15.870,1784.643333333333
Pulse experiments,pioreactor01,2026-09-11T19:00:15.874Z,0.1310546875,680,2026-09-12 00:45:15.874,1784.643333333333
Pulse experiments,pioreactor01,2026-09-11T19:00:20.839Z,0.0213671875,415,2026-09-12 00:45:20.839,1784.644722222222
Pulse experiments,pioreactor01,2026-09-11T19:00:20.844Z,0.17744140625,445,2026-09-12 00:45:20.844,1784.644722222222
Pulse experiments,pioreactor01,2026-09-11T19:00:20.849Z,0.18439453125,480,2026-09-12 00:45:20.849,1784.644722222222
Pulse experiments,pioreactor01,2026-09-11T19:00:20.853Z,0.2140625,515,2026-09-12 00:45:20.853,1784.644722222222
Pulse experiments,pioreactor01,2026-09-11T19:00:20.858Z,0.241484375,555,2026-09-12 00:45:20.858,1784.644722222222
Pulse experiments,pioreactor01,2026-09-11T19:00:20.862Z,0.23935546875,590,2026-09-12 00:45:20.862,1784.644722222222
Pulse experiments,pioreactor01,2026-09-11T19:00:20.869Z,0.24244140625,630,2026-09-12 00:45:20.869,1784.644722222222
Pulse experiments,pioreactor01,2026-09-11T19:00:20.873Z,0.1277734375,680,2026-09-12 00:45:20.873,1784.644722222222
Pulse experiments,pioreactor01,2026-09-11T19:00:25.839Z,0.021171875,415,2026-09-12 00:45:25.839,1784.646111111111
Pulse experiments,pioreactor01,2026-09-11T19:00:25.844Z,0.17564453125,445,2026-09-12 00:45:25.844,1784.646111111111
Pulse experiments,pioreactor01,2026-09-11T19:00:25.848Z,0.18185546875,480,2026-09-12 00:45:25.848,1784.646111111111
Pulse experiments,pioreactor01,2026-09-11T19:00:25.853Z,0.211484375,515,2026-09-12 00:45:25.853,1784.646111111111
Pulse experiments,pioreactor01,2026-09-11T19:00:25.858Z,0.24408203125,555,2026-09-12 00:45:25.858,1784.646111111111
Pulse experiments,pioreactor01,2026-09-11T19:00:25.862Z,0.24236328125,590,2026-09-12 00:45:25.862,1784.646111111111
Pulse experiments,pioreactor01,2026-09-11T19:00:25.867Z,0.24544921875,630,2026-09-12 00:45:25.867,1784.646111111111
Pulse experiments,pioreactor01,2026-09-11T19:00:25.871Z,0.1293359375,680,2026-09-12 00:45:25.871,1784.646111111111
Pulse experiments,pioreactor01,2026-09-11T19:00:30.838Z,0.02125,415,2026-09-12 00:45:30.838,1784.6475
Pulse experiments,pioreactor01,2026-09-11T19:00:30.843Z,0.1769140625,445,2026-09-12 00:45:30.843,1784.6475
Pulse experiments,pioreactor01,2026-09-11T19:00:30.847Z,0.18341796875,480,2026-09-12 00:45:30.847,1784.6475
Pulse experiments,pioreactor01,2026-09-11T19:00:30.852Z,0.21294921875,515,2026-09-12 00:45:30.852,1784.6475
Pulse experiments,pioreactor01,2026-09-11T19:00:30.857Z,0.24314453125,555,2026-09-12 00:45:30.857,1784.6475
Pulse experiments,pioreactor01,2026-09-11T19:00:30.861Z,0.241171875,590,2026-09-12 00:45:30.861,1784.6475
Pulse experiments,pioreactor01,2026-09-11T19:00:30.866Z,0.2444140625,630,2026-09-12 00:45:30.866,1784.6475
Pulse experiments,pioreactor01,2026-09-11T19:00:30.871Z,0.12892578125,680,2026-09-12 00:45:30.871,1784.6475
Pulse experiments,pioreactor01,2026-09-11T19:00:35.838Z,0.02125,415,2026-09-12 00:45:35.838,1784.648888888889
Pulse experiments,pioreactor01,2026-09-11T19:00:35.842Z,0.17630859375,445,2026-09-12 00:45:35.842,1784.648888888889
Pulse experiments,pioreactor01,2026-09-11T19:00:35.847Z,0.1827734375,480,2026-09-12 00:45:35.847,1784.648888888889
Pulse experiments,pioreactor01,2026-09-11T19:00:35.851Z,0.21224609375,515,2026-09-12 00:45:35.851,1784.648888888889
Pulse experiments,pioreactor01,2026-09-11T19:00:35.856Z,0.2420703125,555,2026-09-12 00:45:35.856,1784.648888888889
Pulse experiments,pioreactor01,2026-09-11T19:00:35.861Z,0.24029296875,590,2026-09-12 00:45:35.861,1784.648888888889
Pulse experiments,pioreactor01,2026-09-11T19:00:35.865Z,0.2436328125,630,2026-09-12 00:45:35.865,1784.648888888889
Pulse experiments,pioreactor01,2026-09-11T19:00:35.871Z,0.12822265625,680,2026-09-12 00:45:35.871,1784.648888888889
Pulse experiments,pioreactor01,2026-09-11T19:00:40.838Z,0.02107421875,415,2026-09-12 00:45:40.838,1784.650277777778
Pulse experiments,pioreactor01,2026-09-11T19:00:40.841Z,0.1749609375,445,2026-09-12 00:45:40.841,1784.650277777778
Pulse experiments,pioreactor01,2026-09-11T19:00:40.846Z,0.18119140625,480,2026-09-12 00:45:40.846,1784.650277777778
Pulse experiments,pioreactor01,2026-09-11T19:00:40.851Z,0.21033203125,515,2026-09-12 00:45:40.851,1784.650277777778
Pulse experiments,pioreactor01,2026-09-11T19:00:40.856Z,0.2398828125,555,2026-09-12 00:45:40.856,1784.650277777778
Pulse experiments,pioreactor01,2026-09-11T19:00:40.860Z,0.2379296875,590,2026-09-12 00:45:40.860,1784.650277777778
Pulse experiments,pioreactor01,2026-09-11T19:00:40.866Z,0.241015625,630,2026-09-12 00:45:40.866,1784.650277777778
Pulse experiments,pioreactor01,2026-09-11T19:00:40.870Z,0.12712890625,680,2026-09-12 00:45:40.870,1784.650277777778
Pulse experiments,pioreactor01,2026-09-11T19:00:45.839Z,0.02107421875,415,2026-09-12 00:45:45.839,1784.651666666667
Pulse experiments,pioreactor01,2026-09-11T19:00:45.843Z,0.17486328125,445,2026-09-12 00:45:45.843,1784.651666666667
Pulse experiments,pioreactor01,2026-09-11T19:00:45.848Z,0.18103515625,480,2026-09-12 00:45:45.848,1784.651666666667
Pulse experiments,pioreactor01,2026-09-11T19:00:45.853Z,0.2100390625,515,2026-09-12 00:45:45.853,1784.651666666667
Pulse experiments,pioreactor01,2026-09-11T19:00:45.858Z,0.239609375,555,2026-09-12 00:45:45.858,1784.651666666667
Pulse experiments,pioreactor01,2026-09-11T19:00:45.863Z,0.23783203125,590,2026-09-12 00:45:45.863,1784.651666666667
Pulse experiments,pioreactor01,2026-09-11T19:00:45.867Z,0.24087890625,630,2026-09-12 00:45:45.867,1784.651666666667
Pulse experiments,pioreactor01,2026-09-11T19:00:45.872Z,0.12701171875,680,2026-09-12 00:45:45.872,1784.651666666667
Pulse experiments,pioreactor01,2026-09-11T19:00:50.838Z,0.02111328125,415,2026-09-12 00:45:50.838,1784.653055555556
Pulse experiments,pioreactor01,2026-09-11T19:00:50.844Z,0.17478515625,445,2026-09-12 00:45:50.844,1784.653055555556
Pulse experiments,pioreactor01,2026-09-11T19:00:50.847Z,0.18091796875,480,2026-09-12 00:45:50.847,1784.653055555556
Pulse experiments,pioreactor01,2026-09-11T19:00:50.853Z,0.2098828125,515,2026-09-12 00:45:50.853,1784.653055555556
Pulse experiments,pioreactor01,2026-09-11T19:00:50.857Z,0.23970703125,555,2026-09-12 00:45:50.857,1784.653055555556
Pulse experiments,pioreactor01,2026-09-11T19:00:50.862Z,0.2376953125,590,2026-09-12 00:45:50.862,1784.653055555556
Pulse experiments,pioreactor01,2026-09-11T19:00:50.867Z,0.24080078125,630,2026-09-12 00:45:50.867,1784.653055555556
Pulse experiments,pioreactor01,2026-09-11T19:00:50.871Z,0.1268359375,680,2026-09-12 00:45:50.871,1784.653055555556
Pulse experiments,pioreactor01,2026-09-11T19:00:55.842Z,0.0211328125,415,2026-09-12 00:45:55.842,1784.654444444444
Pulse experiments,pioreactor01,2026-09-11T19:00:55.845Z,0.17546875,445,2026-09-12 00:45:55.845,1784.654444444444
Pulse experiments,pioreactor01,2026-09-11T19:00:55.848Z,0.181796875,480,2026-09-12 00:45:55.848,1784.654444444444
Pulse experiments,pioreactor01,2026-09-11T19:00:55.855Z,0.2109765625,515,2026-09-12 00:45:55.855,1784.654444444444
Pulse experiments,pioreactor01,2026-09-11T19:00:55.859Z,0.24013671875,555,2026-09-12 00:45:55.859,1784.654444444444
Pulse experiments,pioreactor01,2026-09-11T19:00:55.865Z,0.23828125,590,2026-09-12 00:45:55.865,1784.654444444444
Pulse experiments,pioreactor01,2026-09-11T19:00:55.871Z,0.24142578125,630,2026-09-12 00:45:55.871,1784.654444444444
Pulse experiments,pioreactor01,2026-09-11T19:00:55.874Z,0.12716796875,680,2026-09-12 00:45:55.874,1784.654444444444
Pulse experiments,pioreactor01,2026-09-11T19:01:00.840Z,0.02103515625,415,2026-09-12 00:46:00.840,1784.655833333333
Pulse experiments,pioreactor01,2026-09-11T19:01:00.844Z,0.17451171875,445,2026-09-12 00:46:00.844,1784.655833333333
Pulse experiments,pioreactor01,2026-09-11T19:01:00.850Z,0.18060546875,480,2026-09-12 00:46:00.850,1784.655833333333
Pulse experiments,pioreactor01,2026-09-11T19:01:00.853Z,0.2097265625,515,2026-09-12 00:46:00.853,1784.655833333333
Pulse experiments,pioreactor01,2026-09-11T19:01:00.858Z,0.240234375,555,2026-09-12 00:46:00.858,1784.655833333333
Pulse experiments,pioreactor01,2026-09-11T19:01:00.862Z,0.2380859375,590,2026-09-12 00:46:00.862,1784.655833333333
Pulse experiments,pioreactor01,2026-09-11T19:01:00.867Z,0.24138671875,630,2026-09-12 00:46:00.867,1784.655833333333
Pulse experiments,pioreactor01,2026-09-11T19:01:00.873Z,0.1272265625,680,2026-09-12 00:46:00.873,1784.655833333333
Pulse experiments,pioreactor01,2026-09-11T19:01:05.840Z,0.0209765625,415,2026-09-12 00:46:05.840,1784.657222222222
Pulse experiments,pioreactor01,2026-09-11T19:01:05.845Z,0.173671875,445,2026-09-12 00:46:05.845,1784.657222222222
Pulse experiments,pioreactor01,2026-09-11T19:01:05.850Z,0.1795703125,480,2026-09-12 00:46:05.850,1784.657222222222
Pulse experiments,pioreactor01,2026-09-11T19:01:05.855Z,0.20857421875,515,2026-09-12 00:46:05.855,1784.657222222222
Pulse experiments,pioreactor01,2026-09-11T19:01:05.859Z,0.23833984375,555,2026-09-12 00:46:05.859,1784.657222222222
Pulse experiments,pioreactor01,2026-09-11T19:01:05.864Z,0.23625,590,2026-09-12 00:46:05.864,1784.657222222222
Pulse experiments,pioreactor01,2026-09-11T19:01:05.870Z,0.239296875,630,2026-09-12 00:46:05.870,1784.657222222222
Pulse experiments,pioreactor01,2026-09-11T19:01:05.875Z,0.12595703125,680,2026-09-12 00:46:05.875,1784.657222222222
Pulse experiments,pioreactor01,2026-09-11T19:01:10.840Z,0.02099609375,415,2026-09-12 00:46:10.840,1784.658611111111
Pulse experiments,pioreactor01,2026-09-11T19:01:10.844Z,0.17423828125,445,2026-09-12 00:46:10.844,1784.658611111111
Pulse experiments,pioreactor01,2026-09-11T19:01:10.848Z,0.18044921875,480,2026-09-12 00:46:10.848,1784.658611111111
Pulse experiments,pioreactor01,2026-09-11T19:01:10.854Z,0.20927734375,515,2026-09-12 00:46:10.854,1784.658611111111
Pulse experiments,pioreactor01,2026-09-11T19:01:10.858Z,0.2385546875,555,2026-09-12 00:46:10.858,1784.658611111111
Pulse experiments,pioreactor01,2026-09-11T19:01:10.863Z,0.23671875,590,2026-09-12 00:46:10.863,1784.658611111111
Pulse experiments,pioreactor01,2026-09-11T19:01:10.868Z,0.23974609375,630,2026-09-12 00:46:10.868,1784.658611111111
Pulse experiments,pioreactor01,2026-09-11T19:01:10.873Z,0.1264453125,680,2026-09-12 00:46:10.873,1784.658611111111
Pulse experiments,pioreactor01,2026-09-11T19:01:15.839Z,0.02103515625,415,2026-09-12 00:46:15.839,1784.66
Pulse experiments,pioreactor01,2026-09-11T19:01:15.842Z,0.174296875,445,2026-09-12 00:46:15.842,1784.66
Pulse experiments,pioreactor01,2026-09-11T19:01:15.848Z,0.1804296875,480,2026-09-12 00:46:15.848,1784.66
Pulse experiments,pioreactor01,2026-09-11T19:01:15.852Z,0.2094140625,515,2026-09-12 00:46:15.852,1784.66
Pulse experiments,pioreactor01,2026-09-11T19:01:15.857Z,0.2391015625,555,2026-09-12 00:46:15.857,1784.66
Pulse experiments,pioreactor01,2026-09-11T19:01:15.861Z,0.2367578125,590,2026-09-12 00:46:15.861,1784.66
Pulse experiments,pioreactor01,2026-09-11T19:01:15.865Z,0.24005859375,630,2026-09-12 00:46:15.865,1784.66
Pulse experiments,pioreactor01,2026-09-11T19:01:15.871Z,0.1265234375,680,2026-09-12 00:46:15.871,1784.66
Pulse experiments,pioreactor01,2026-09-11T19:01:20.839Z,0.0209375,415,2026-09-12 00:46:20.839,1784.661388888889
Pulse experiments,pioreactor01,2026-09-11T19:01:20.845Z,0.17375,445,2026-09-12 00:46:20.845,1784.661388888889
Pulse experiments,pioreactor01,2026-09-11T19:01:20.848Z,0.17958984375,480,2026-09-12 00:46:20.848,1784.661388888889
Pulse experiments,pioreactor01,2026-09-11T19:01:20.853Z,0.2086328125,515,2026-09-12 00:46:20.853,1784.661388888889
Pulse experiments,pioreactor01,2026-09-11T19:01:20.857Z,0.23822265625,555,2026-09-12 00:46:20.857,1784.661388888889
Pulse experiments,pioreactor01,2026-09-11T19:01:20.861Z,0.23607421875,590,2026-09-12 00:46:20.861,1784.661388888889
Pulse experiments,pioreactor01,2026-09-11T19:01:20.868Z,0.23904296875,630,2026-09-12 00:46:20.868,1784.661388888889
Pulse experiments,pioreactor01,2026-09-11T19:01:20.871Z,0.12607421875,680,2026-09-12 00:46:20.871,1784.661388888889
Pulse experiments,pioreactor01,2026-09-11T19:01:25.840Z,0.0209375,415,2026-09-12 00:46:25.840,1784.662777777778
Pulse experiments,pioreactor01,2026-09-11T19:01:25.845Z,0.17373046875,445,2026-09-12 00:46:25.845,1784.662777777778
Pulse experiments,pioreactor01,2026-09-11T19:01:25.848Z,0.17966796875,480,2026-09-12 00:46:25.848,1784.662777777778
Pulse experiments,pioreactor01,2026-09-11T19:01:25.853Z,0.20865234375,515,2026-09-12 00:46:25.853,1784.662777777778
Pulse experiments,pioreactor01,2026-09-11T19:01:25.858Z,0.23833984375,555,2026-09-12 00:46:25.858,1784.662777777778
Pulse experiments,pioreactor01,2026-09-11T19:01:25.861Z,0.23625,590,2026-09-12 00:46:25.861,1784.662777777778
Pulse experiments,pioreactor01,2026-09-11T19:01:25.867Z,0.23923828125,630,2026-09-12 00:46:25.867,1784.662777777778
Pulse experiments,pioreactor01,2026-09-11T19:01:25.870Z,0.12611328125,680,2026-09-12 00:46:25.870,1784.662777777778
Pulse experiments,pioreactor01,2026-09-11T19:01:30.838Z,0.0208984375,415,2026-09-12 00:46:30.838,1784.664166666667
Pulse experiments,pioreactor01,2026-09-11T19:01:30.843Z,0.1730078125,445,2026-09-12 00:46:30.843,1784.664166666667
Pulse experiments,pioreactor01,2026-09-11T19:01:30.849Z,0.17880859375,480,2026-09-12 00:46:30.849,1784.664166666667
Pulse experiments,pioreactor01,2026-09-11T19:01:30.854Z,0.2075390625,515,2026-09-12 00:46:30.854,1784.664166666667
Pulse experiments,pioreactor01,2026-09-11T19:01:30.859Z,0.23693359375,555,2026-09-12 00:46:30.859,1784.664166666667
Pulse experiments,pioreactor01,2026-09-11T19:01:30.863Z,0.23505859375,590,2026-09-12 00:46:30.863,1784.664166666667
Pulse experiments,pioreactor01,2026-09-11T19:01:30.869Z,0.23826171875,630,2026-09-12 00:46:30.869,1784.664166666667
Pulse experiments,pioreactor01,2026-09-11T19:01:30.874Z,0.12541015625,680,2026-09-12 00:46:30.874,1784.664166666667
Pulse experiments,pioreactor01,2026-09-11T19:01:35.843Z,0.020859375,415,2026-09-12 00:46:35.843,1784.665555555556
Pulse experiments,pioreactor01,2026-09-11T19:01:35.847Z,0.17330078125,445,2026-09-12 00:46:35.847,1784.665555555556
Pulse experiments,pioreactor01,2026-09-11T19:01:35.852Z,0.17912109375,480,2026-09-12 00:46:35.852,1784.665555555556
Pulse experiments,pioreactor01,2026-09-11T19:01:35.857Z,0.20791015625,515,2026-09-12 00:46:35.857,1784.665555555556
Pulse experiments,pioreactor01,2026-09-11T19:01:35.861Z,0.237421875,555,2026-09-12 00:46:35.861,1784.665555555556
Pulse experiments,pioreactor01,2026-09-11T19:01:35.867Z,0.2354296875,590,2026-09-12 00:46:35.867,1784.665555555556
Pulse experiments,pioreactor01,2026-09-11T19:01:35.872Z,0.23837890625,630,2026-09-12 00:46:35.872,1784.665555555556
Pulse experiments,pioreactor01,2026-09-11T19:01:35.876Z,0.125703125,680,2026-09-12 00:46:35.876,1784.665555555556
Pulse experiments,pioreactor01,2026-09-11T19:01:40.837Z,0.02091796875,415,2026-09-12 00:46:40.837,1784.666944444444
Pulse experiments,pioreactor01,2026-09-11T19:01:40.843Z,0.17330078125,445,2026-09-12 00:46:40.843,1784.666944444444
Pulse experiments,pioreactor01,2026-09-11T19:01:40.848Z,0.17916015625,480,2026-09-12 00:46:40.848,1784.666944444444
Pulse experiments,pioreactor01,2026-09-11T19:01:40.852Z,0.20794921875,515,2026-09-12 00:46:40.852,1784.666944444444
Pulse experiments,pioreactor01,2026-09-11T19:01:40.856Z,0.23701171875,555,2026-09-12 00:46:40.856,1784.666944444444
Pulse experiments,pioreactor01,2026-09-11T19:01:40.862Z,0.23521484375,590,2026-09-12 00:46:40.862,1784.666944444444
Pulse experiments,pioreactor01,2026-09-11T19:01:40.867Z,0.23826171875,630,2026-09-12 00:46:40.867,1784.666944444444
Pulse experiments,pioreactor01,2026-09-11T19:01:40.871Z,0.12546875,680,2026-09-12 00:46:40.871,1784.666944444444
Pulse experiments,pioreactor01,2026-09-11T19:01:45.842Z,0.020859375,415,2026-09-12 00:46:45.842,1784.668333333333
Pulse experiments,pioreactor01,2026-09-11T19:01:45.847Z,0.173125,445,2026-09-12 00:46:45.847,1784.668333333333
Pulse experiments,pioreactor01,2026-09-11T19:01:45.851Z,0.17908203125,480,2026-09-12 00:46:45.851,1784.668333333333
Pulse experiments,pioreactor01,2026-09-11T19:01:45.856Z,0.2078125,515,2026-09-12 00:46:45.856,1784.668333333333
Pulse experiments,pioreactor01,2026-09-11T19:01:45.860Z,0.23716796875,555,2026-09-12 00:46:45.860,1784.668333333333
Pulse experiments,pioreactor01,2026-09-11T19:01:45.866Z,0.23533203125,590,2026-09-12 00:46:45.866,1784.668333333333
Pulse experiments,pioreactor01,2026-09-11T19:01:45.870Z,0.23837890625,630,2026-09-12 00:46:45.870,1784.668333333333
Pulse experiments,pioreactor01,2026-09-11T19:01:45.875Z,0.1255859375,680,2026-09-12 00:46:45.875,1784.668333333333
Pulse experiments,pioreactor01,2026-09-11T19:01:50.835Z,0.02099609375,415,2026-09-12 00:46:50.835,1784.669722222222
Pulse experiments,pioreactor01,2026-09-11T19:01:50.841Z,0.17384765625,445,2026-09-12 00:46:50.841,1784.669722222222
Pulse experiments,pioreactor01,2026-09-11T19:01:50.845Z,0.17982421875,480,2026-09-12 00:46:50.845,1784.669722222222
Pulse experiments,pioreactor01,2026-09-11T19:01:50.851Z,0.20896484375,515,2026-09-12 00:46:50.851,1784.669722222222
Pulse experiments,pioreactor01,2026-09-11T19:01:50.855Z,0.23658203125,555,2026-09-12 00:46:50.855,1784.669722222222
Pulse experiments,pioreactor01,2026-09-11T19:01:50.860Z,0.23462890625,590,2026-09-12 00:46:50.860,1784.669722222222
Pulse experiments,pioreactor01,2026-09-11T19:01:50.864Z,0.23775390625,630,2026-09-12 00:46:50.864,1784.669722222222
Pulse experiments,pioreactor01,2026-09-11T19:01:50.868Z,0.12509765625,680,2026-09-12 00:46:50.868,1784.669722222222
Pulse experiments,pioreactor01,2026-09-11T19:01:55.841Z,0.020859375,415,2026-09-12 00:46:55.841,1784.671111111111
Pulse experiments,pioreactor01,2026-09-11T19:01:55.845Z,0.17318359375,445,2026-09-12 00:46:55.845,1784.671111111111
Pulse experiments,pioreactor01,2026-09-11T19:01:55.849Z,0.1791015625,480,2026-09-12 00:46:55.849,1784.671111111111
Pulse experiments,pioreactor01,2026-09-11T19:01:55.854Z,0.2082421875,515,2026-09-12 00:46:55.854,1784.671111111111
Pulse experiments,pioreactor01,2026-09-11T19:01:55.858Z,0.23673828125,555,2026-09-12 00:46:55.858,1784.671111111111
Pulse experiments,pioreactor01,2026-09-11T19:01:55.864Z,0.2346875,590,2026-09-12 00:46:55.864,1784.671111111111
Pulse experiments,pioreactor01,2026-09-11T19:01:55.867Z,0.23771484375,630,2026-09-12 00:46:55.867,1784.671111111111
Pulse experiments,pioreactor01,2026-09-11T19:01:55.872Z,0.1250390625,680,2026-09-12 00:46:55.872,1784.671111111111
Pulse experiments,pioreactor01,2026-09-11T19:02:00.841Z,0.02103515625,415,2026-09-12 00:47:00.841,1784.6725
Pulse experiments,pioreactor01,2026-09-11T19:02:00.845Z,0.17517578125,445,2026-09-12 00:47:00.845,1784.6725
Pulse experiments,pioreactor01,2026-09-11T19:02:00.851Z,0.1812109375,480,2026-09-12 00:47:00.851,1784.6725
Pulse experiments,pioreactor01,2026-09-11T19:02:00.855Z,0.2105078125,515,2026-09-12 00:47:00.855,1784.6725
Pulse experiments,pioreactor01,2026-09-11T19:02:00.861Z,0.23994140625,555,2026-09-12 00:47:00.861,1784.6725
Pulse experiments,pioreactor01,2026-09-11T19:02:00.865Z,0.238125,590,2026-09-12 00:47:00.865,1784.6725
Pulse experiments,pioreactor01,2026-09-11T19:02:00.870Z,0.24142578125,630,2026-09-12 00:47:00.870,1784.6725
Pulse experiments,pioreactor01,2026-09-11T19:02:00.874Z,0.12697265625,680,2026-09-12 00:47:00.874,1784.6725
Pulse experiments,pioreactor01,2026-09-11T19:02:05.839Z,0.02087890625,415,2026-09-12 00:47:05.839,1784.673888888889
Pulse experiments,pioreactor01,2026-09-11T19:02:05.845Z,0.17326171875,445,2026-09-12 00:47:05.845,1784.673888888889
Pulse experiments,pioreactor01,2026-09-11T19:02:05.849Z,0.17919921875,480,2026-09-12 00:47:05.849,1784.673888888889
Pulse experiments,pioreactor01,2026-09-11T19:02:05.854Z,0.208125,515,2026-09-12 00:47:05.854,1784.673888888889
Pulse experiments,pioreactor01,2026-09-11T19:02:05.858Z,0.2373828125,555,2026-09-12 00:47:05.858,1784.673888888889
Pulse experiments,pioreactor01,2026-09-11T19:02:05.863Z,0.2355078125,590,2026-09-12 00:47:05.863,1784.673888888889
Pulse experiments,pioreactor01,2026-09-11T19:02:05.867Z,0.238515625,630,2026-09-12 00:47:05.867,1784.673888888889
Pulse experiments,pioreactor01,2026-09-11T19:02:05.871Z,0.12552734375,680,2026-09-12 00:47:05.871,1784.673888888889
Pulse experiments,pioreactor01,2026-09-11T19:02:10.840Z,0.0208984375,415,2026-09-12 00:47:10.840,1784.675277777778
Pulse experiments,pioreactor01,2026-09-11T19:02:10.846Z,0.173203125,445,2026-09-12 00:47:10.846,1784.675277777778
Pulse experiments,pioreactor01,2026-09-11T19:02:10.851Z,0.17904296875,480,2026-09-12 00:47:10.851,1784.675277777778
Pulse experiments,pioreactor01,2026-09-11T19:02:10.856Z,0.20796875,515,2026-09-12 00:47:10.856,1784.675277777778
Pulse experiments,pioreactor01,2026-09-11T19:02:10.860Z,0.23765625,555,2026-09-12 00:47:10.860,1784.675277777778
Pulse experiments,pioreactor01,2026-09-11T19:02:10.866Z,0.23591796875,590,2026-09-12 00:47:10.866,1784.675277777778
Pulse experiments,pioreactor01,2026-09-11T19:02:10.870Z,0.23900390625,630,2026-09-12 00:47:10.870,1784.675277777778
Pulse experiments,pioreactor01,2026-09-11T19:02:10.874Z,0.1257421875,680,2026-09-12 00:47:10.874,1784.675277777778
Pulse experiments,pioreactor01,2026-09-11T19:02:15.839Z,0.0209765625,415,2026-09-12 00:47:15.839,1784.676666666667
Pulse experiments,pioreactor01,2026-09-11T19:02:15.844Z,0.17408203125,445,2026-09-12 00:47:15.844,1784.676666666667
Pulse experiments,pioreactor01,2026-09-11T19:02:15.848Z,0.17990234375,480,2026-09-12 00:47:15.848,1784.676666666667
Pulse experiments,pioreactor01,2026-09-11T19:02:15.854Z,0.20984375,515,2026-09-12 00:47:15.854,1784.676666666667
Pulse experiments,pioreactor01,2026-09-11T19:02:15.858Z,0.2430078125,555,2026-09-12 00:47:15.858,1784.676666666667
Pulse experiments,pioreactor01,2026-09-11T19:02:15.863Z,0.2410546875,590,2026-09-12 00:47:15.863,1784.676666666667
Pulse experiments,pioreactor01,2026-09-11T19:02:15.868Z,0.24443359375,630,2026-09-12 00:47:15.868,1784.676666666667
Pulse experiments,pioreactor01,2026-09-11T19:02:15.873Z,0.12865234375,680,2026-09-12 00:47:15.873,1784.676666666667
Pulse experiments,pioreactor01,2026-09-11T19:02:20.839Z,0.02107421875,415,2026-09-12 00:47:20.839,1784.678055555556
Pulse experiments,pioreactor01,2026-09-11T19:02:20.844Z,0.17560546875,445,2026-09-12 00:47:20.844,1784.678055555556
Pulse experiments,pioreactor01,2026-09-11T19:02:20.849Z,0.18193359375,480,2026-09-12 00:47:20.849,1784.678055555556
Pulse experiments,pioreactor01,2026-09-11T19:02:20.854Z,0.21130859375,515,2026-09-12 00:47:20.854,1784.678055555556
Pulse experiments,pioreactor01,2026-09-11T19:02:20.859Z,0.24103515625,555,2026-09-12 00:47:20.859,1784.678055555556
Pulse experiments,pioreactor01,2026-09-11T19:02:20.864Z,0.23947265625,590,2026-09-12 00:47:20.864,1784.678055555556
Pulse experiments,pioreactor01,2026-09-11T19:02:20.869Z,0.24287109375,630,2026-09-12 00:47:20.869,1784.678055555556
Pulse experiments,pioreactor01,2026-09-11T19:02:20.874Z,0.12763671875,680,2026-09-12 00:47:20.874,1784.678055555556
Pulse experiments,pioreactor01,2026-09-11T19:02:25.842Z,0.02099609375,415,2026-09-12 00:47:25.842,1784.679444444444
Pulse experiments,pioreactor01,2026-09-11T19:02:25.846Z,0.174140625,445,2026-09-12 00:47:25.846,1784.679444444444
Pulse experiments,pioreactor01,2026-09-11T19:02:25.851Z,0.1804296875,480,2026-09-12 00:47:25.851,1784.679444444444
Pulse experiments,pioreactor01,2026-09-11T19:02:25.856Z,0.209921875,515,2026-09-12 00:47:25.856,1784.679444444444
Pulse experiments,pioreactor01,2026-09-11T19:02:25.861Z,0.2412890625,555,2026-09-12 00:47:25.861,1784.679444444444
Pulse experiments,pioreactor01,2026-09-11T19:02:25.866Z,0.23978515625,590,2026-09-12 00:47:25.866,1784.679444444444
Pulse experiments,pioreactor01,2026-09-11T19:02:25.871Z,0.24330078125,630,2026-09-12 00:47:25.871,1784.679444444444
Pulse experiments,pioreactor01,2026-09-11T19:02:25.877Z,0.12802734375,680,2026-09-12 00:47:25.877,1784.679444444444
Pulse experiments,pioreactor01,2026-09-11T19:02:30.840Z,0.0209765625,415,2026-09-12 00:47:30.840,1784.680833333333
Pulse experiments,pioreactor01,2026-09-11T19:02:30.845Z,0.1737109375,445,2026-09-12 00:47:30.845,1784.680833333333
Pulse experiments,pioreactor01,2026-09-11T19:02:30.849Z,0.17998046875,480,2026-09-12 00:47:30.849,1784.680833333333
Pulse experiments,pioreactor01,2026-09-11T19:02:30.855Z,0.20923828125,515,2026-09-12 00:47:30.855,1784.680833333333
Pulse experiments,pioreactor01,2026-09-11T19:02:30.859Z,0.2399609375,555,2026-09-12 00:47:30.859,1784.680833333333
Pulse experiments,pioreactor01,2026-09-11T19:02:30.864Z,0.23822265625,590,2026-09-12 00:47:30.864,1784.680833333333
Pulse experiments,pioreactor01,2026-09-11T19:02:30.868Z,0.24169921875,630,2026-09-12 00:47:30.868,1784.680833333333
Pulse experiments,pioreactor01,2026-09-11T19:02:30.873Z,0.126953125,680,2026-09-12 00:47:30.873,1784.680833333333
Pulse experiments,pioreactor01,2026-09-11T19:02:35.839Z,0.0209375,415,2026-09-12 00:47:35.839,1784.682222222222
Pulse experiments,pioreactor01,2026-09-11T19:02:35.844Z,0.17345703125,445,2026-09-12 00:47:35.844,1784.682222222222
Pulse experiments,pioreactor01,2026-09-11T19:02:35.848Z,0.179453125,480,2026-09-12 00:47:35.848,1784.682222222222
Pulse experiments,pioreactor01,2026-09-11T19:02:35.854Z,0.209140625,515,2026-09-12 00:47:35.854,1784.682222222222
Pulse experiments,pioreactor01,2026-09-11T19:02:35.857Z,0.23833984375,555,2026-09-12 00:47:35.857,1784.682222222222
Pulse experiments,pioreactor01,2026-09-11T19:02:35.862Z,0.23642578125,590,2026-09-12 00:47:35.862,1784.682222222222
Pulse experiments,pioreactor01,2026-09-11T19:02:35.867Z,0.23998046875,630,2026-09-12 00:47:35.867,1784.682222222222
Pulse experiments,pioreactor01,2026-09-11T19:02:35.871Z,0.12609375,680,2026-09-12 00:47:35.871,1784.682222222222
Pulse experiments,pioreactor01,2026-09-11T19:02:40.842Z,0.0209765625,415,2026-09-12 00:47:40.842,1784.683611111111
Pulse experiments,pioreactor01,2026-09-11T19:02:40.846Z,0.1741796875,445,2026-09-12 00:47:40.846,1784.683611111111
Pulse experiments,pioreactor01,2026-09-11T19:02:40.850Z,0.18017578125,480,2026-09-12 00:47:40.850,1784.683611111111
Pulse experiments,pioreactor01,2026-09-11T19:02:40.854Z,0.21025390625,515,2026-09-12 00:47:40.854,1784.683611111111
Pulse experiments,pioreactor01,2026-09-11T19:02:40.859Z,0.238515625,555,2026-09-12 00:47:40.859,1784.683611111111
Pulse experiments,pioreactor01,2026-09-11T19:02:40.864Z,0.23708984375,590,2026-09-12 00:47:40.864,1784.683611111111
Pulse experiments,pioreactor01,2026-09-11T19:02:40.868Z,0.24037109375,630,2026-09-12 00:47:40.868,1784.683611111111
Pulse experiments,pioreactor01,2026-09-11T19:02:40.874Z,0.1262109375,680,2026-09-12 00:47:40.874,1784.683611111111
Pulse experiments,pioreactor01,2026-09-11T19:02:45.841Z,0.0209375,415,2026-09-12 00:47:45.841,1784.685
Pulse experiments,pioreactor01,2026-09-11T19:02:45.846Z,0.173984375,445,2026-09-12 00:47:45.846,1784.685
Pulse experiments,pioreactor01,2026-09-11T19:02:45.850Z,0.17974609375,480,2026-09-12 00:47:45.850,1784.685
Pulse experiments,pioreactor01,2026-09-11T19:02:45.855Z,0.209375,515,2026-09-12 00:47:45.855,1784.685
Pulse experiments,pioreactor01,2026-09-11T19:02:45.860Z,0.24029296875,555,2026-09-12 00:47:45.860,1784.685
Pulse experiments,pioreactor01,2026-09-11T19:02:45.865Z,0.23884765625,590,2026-09-12 00:47:45.865,1784.685
Pulse experiments,pioreactor01,2026-09-11T19:02:45.870Z,0.24236328125,630,2026-09-12 00:47:45.870,1784.685
Pulse experiments,pioreactor01,2026-09-11T19:02:45.877Z,0.127265625,680,2026-09-12 00:47:45.877,1784.685
Pulse experiments,pioreactor01,2026-09-11T19:02:50.837Z,0.021015625,415,2026-09-12 00:47:50.837,1784.686388888889
Pulse experiments,pioreactor01,2026-09-11T19:02:50.885Z,0.1739453125,445,2026-09-12 00:47:50.885,1784.686388888889
Pulse experiments,pioreactor01,2026-09-11T19:02:50.886Z,0.18025390625,480,2026-09-12 00:47:50.886,1784.686388888889
Pulse experiments,pioreactor01,2026-09-11T19:02:50.887Z,0.21001953125,515,2026-09-12 00:47:50.887,1784.686388888889
Pulse experiments,pioreactor01,2026-09-11T19:02:50.888Z,0.23755859375,555,2026-09-12 00:47:50.888,1784.686388888889
Pulse experiments,pioreactor01,2026-09-11T19:02:50.888Z,0.23619140625,590,2026-09-12 00:47:50.888,1784.686388888889
Pulse experiments,pioreactor01,2026-09-11T19:02:50.891Z,0.23951171875,630,2026-09-12 00:47:50.891,1784.686388888889
Pulse experiments,pioreactor01,2026-09-11T19:02:50.891Z,0.12564453125,680,2026-09-12 00:47:50.891,1784.686388888889
Pulse experiments,pioreactor01,2026-09-11T19:02:55.839Z,0.02087890625,415,2026-09-12 00:47:55.839,1784.687777777778
Pulse experiments,pioreactor01,2026-09-11T19:02:55.844Z,0.1730078125,445,2026-09-12 00:47:55.844,1784.687777777778
Pulse experiments,pioreactor01,2026-09-11T19:02:55.848Z,0.17892578125,480,2026-09-12 00:47:55.848,1784.687777777778
Pulse experiments,pioreactor01,2026-09-11T19:02:55.854Z,0.20841796875,515,2026-09-12 00:47:55.854,1784.687777777778
Pulse experiments,pioreactor01,2026-09-11T19:02:55.858Z,0.23552734375,555,2026-09-12 00:47:55.858,1784.687777777778
Pulse experiments,pioreactor01,2026-09-11T19:02:55.863Z,0.23435546875,590,2026-09-12 00:47:55.863,1784.687777777778
Pulse experiments,pioreactor01,2026-09-11T19:02:55.868Z,0.23748046875,630,2026-09-12 00:47:55.868,1784.687777777778
Pulse experiments,pioreactor01,2026-09-11T19:02:55.873Z,0.12462890625,680,2026-09-12 00:47:55.873,1784.687777777778
Pulse experiments,pioreactor01,2026-09-11T19:03:00.840Z,0.0207421875,415,2026-09-12 00:48:00.840,1784.689166666667
Pulse experiments,pioreactor01,2026-09-11T19:03:00.847Z,0.1721875,445,2026-09-12 00:48:00.847,1784.689166666667
Pulse experiments,pioreactor01,2026-09-11T19:03:00.850Z,0.177890625,480,2026-09-12 00:48:00.850,1784.689166666667
Pulse experiments,pioreactor01,2026-09-11T19:03:00.855Z,0.20716796875,515,2026-09-12 00:48:00.855,1784.689166666667
Pulse experiments,pioreactor01,2026-09-11T19:03:00.864Z,0.23421875,555,2026-09-12 00:48:00.864,1784.689166666667
Pulse experiments,pioreactor01,2026-09-11T19:03:00.868Z,0.232734375,590,2026-09-12 00:48:00.868,1784.689166666667
Pulse experiments,pioreactor01,2026-09-11T19:03:00.873Z,0.23560546875,630,2026-09-12 00:48:00.873,1784.689166666667
Pulse experiments,pioreactor01,2026-09-11T19:03:00.878Z,0.123515625,680,2026-09-12 00:48:00.878,1784.689166666667
Pulse experiments,pioreactor01,2026-09-11T19:03:05.840Z,0.0206640625,415,2026-09-12 00:48:05.840,1784.690555555556
Pulse experiments,pioreactor01,2026-09-11T19:03:05.845Z,0.17115234375,445,2026-09-12 00:48:05.845,1784.690555555556
Pulse experiments,pioreactor01,2026-09-11T19:03:05.851Z,0.17658203125,480,2026-09-12 00:48:05.851,1784.690555555556
Pulse experiments,pioreactor01,2026-09-11T19:03:05.856Z,0.2056640625,515,2026-09-12 00:48:05.856,1784.690555555556
Pulse experiments,pioreactor01,2026-09-11T19:03:05.861Z,0.23548828125,555,2026-09-12 00:48:05.861,1784.690555555556
Pulse experiments,pioreactor01,2026-09-11T19:03:05.866Z,0.23396484375,590,2026-09-12 00:48:05.866,1784.690555555556
Pulse experiments,pioreactor01,2026-09-11T19:03:05.871Z,0.23701171875,630,2026-09-12 00:48:05.871,1784.690555555556
Pulse experiments,pioreactor01,2026-09-11T19:03:05.875Z,0.12427734375,680,2026-09-12 00:48:05.875,1784.690555555556
Pulse experiments,pioreactor01,2026-09-11T19:03:10.840Z,0.01892578125,415,2026-09-12 00:48:10.840,1784.691944444445
Pulse experiments,pioreactor01,2026-09-11T19:03:10.846Z,0.15142578125,445,2026-09-12 00:48:10.846,1784.691944444445
Pulse experiments,pioreactor01,2026-09-11T19:03:10.851Z,0.14826171875,480,2026-09-12 00:48:10.851,1784.691944444445
Pulse experiments,pioreactor01,2026-09-11T19:03:10.856Z,0.17181640625,515,2026-09-12 00:48:10.856,1784.691944444445
Pulse experiments,pioreactor01,2026-09-11T19:03:10.860Z,0.2131640625,555,2026-09-12 00:48:10.860,1784.691944444445
Pulse experiments,pioreactor01,2026-09-11T19:03:10.865Z,0.22673828125,590,2026-09-12 00:48:10.865,1784.691944444445
Pulse experiments,pioreactor01,2026-09-11T19:03:10.870Z,0.2311328125,630,2026-09-12 00:48:10.870,1784.691944444445
Pulse experiments,pioreactor01,2026-09-11T19:03:10.874Z,0.1210546875,680,2026-09-12 00:48:10.874,1784.691944444445
Pulse experiments,pioreactor01,2026-09-11T19:03:15.837Z,0.01888671875,415,2026-09-12 00:48:15.837,1784.693333333333
Pulse experiments,pioreactor01,2026-09-11T19:03:15.842Z,0.15080078125,445,2026-09-12 00:48:15.842,1784.693333333333
Pulse experiments,pioreactor01,2026-09-11T19:03:15.846Z,0.147109375,480,2026-09-12 00:48:15.846,1784.693333333333
Pulse experiments,pioreactor01,2026-09-11T19:03:15.852Z,0.17107421875,515,2026-09-12 00:48:15.852,1784.693333333333
Pulse experiments,pioreactor01,2026-09-11T19:03:15.856Z,0.21189453125,555,2026-09-12 00:48:15.856,1784.693333333333
Pulse experiments,pioreactor01,2026-09-11T19:03:15.861Z,0.225546875,590,2026-09-12 00:48:15.861,1784.693333333333
Pulse experiments,pioreactor01,2026-09-11T19:03:15.866Z,0.23009765625,630,2026-09-12 00:48:15.866,1784.693333333333
Pulse experiments,pioreactor01,2026-09-11T19:03:15.870Z,0.12048828125,680,2026-09-12 00:48:15.870,1784.693333333333
Pulse experiments,pioreactor01,2026-09-11T19:03:20.840Z,0.01892578125,415,2026-09-12 00:48:20.840,1784.694722222222
Pulse experiments,pioreactor01,2026-09-11T19:03:20.844Z,0.15095703125,445,2026-09-12 00:48:20.844,1784.694722222222
Pulse experiments,pioreactor01,2026-09-11T19:03:20.849Z,0.1477734375,480,2026-09-12 00:48:20.849,1784.694722222222
Pulse experiments,pioreactor01,2026-09-11T19:03:20.853Z,0.17142578125,515,2026-09-12 00:48:20.853,1784.694722222222
Pulse experiments,pioreactor01,2026-09-11T19:03:20.859Z,0.2129296875,555,2026-09-12 00:48:20.859,1784.694722222222
Pulse experiments,pioreactor01,2026-09-11T19:03:20.863Z,0.2264453125,590,2026-09-12 00:48:20.863,1784.694722222222
Pulse experiments,pioreactor01,2026-09-11T19:03:20.868Z,0.23087890625,630,2026-09-12 00:48:20.868,1784.694722222222
Pulse experiments,pioreactor01,2026-09-11T19:03:20.873Z,0.12103515625,680,2026-09-12 00:48:20.873,1784.694722222222
Pulse experiments,pioreactor01,2026-09-11T19:03:25.840Z,0.01884765625,415,2026-09-12 00:48:25.840,1784.696111111111
Pulse experiments,pioreactor01,2026-09-11T19:03:25.845Z,0.151171875,445,2026-09-12 00:48:25.845,1784.696111111111
Pulse experiments,pioreactor01,2026-09-11T19:03:25.849Z,0.14783203125,480,2026-09-12 00:48:25.849,1784.696111111111
Pulse experiments,pioreactor01,2026-09-11T19:03:25.853Z,0.17154296875,515,2026-09-12 00:48:25.853,1784.696111111111
Pulse experiments,pioreactor01,2026-09-11T19:03:25.859Z,0.21259765625,555,2026-09-12 00:48:25.859,1784.696111111111
Pulse experiments,pioreactor01,2026-09-11T19:03:25.863Z,0.22607421875,590,2026-09-12 00:48:25.863,1784.696111111111
Pulse experiments,pioreactor01,2026-09-11T19:03:25.868Z,0.230390625,630,2026-09-12 00:48:25.868,1784.696111111111
Pulse experiments,pioreactor01,2026-09-11T19:03:25.873Z,0.12087890625,680,2026-09-12 00:48:25.873,1784.696111111111
Pulse experiments,pioreactor01,2026-09-11T19:03:30.838Z,0.01888671875,415,2026-09-12 00:48:30.838,1784.6975
Pulse experiments,pioreactor01,2026-09-11T19:03:30.843Z,0.151015625,445,2026-09-12 00:48:30.843,1784.6975
Pulse experiments,pioreactor01,2026-09-11T19:03:30.847Z,0.14779296875,480,2026-09-12 00:48:30.847,1784.6975
Pulse experiments,pioreactor01,2026-09-11T19:03:30.852Z,0.17142578125,515,2026-09-12 00:48:30.852,1784.6975
Pulse experiments,pioreactor01,2026-09-11T19:03:30.856Z,0.21267578125,555,2026-09-12 00:48:30.856,1784.6975
Pulse experiments,pioreactor01,2026-09-11T19:03:30.861Z,0.22634765625,590,2026-09-12 00:48:30.861,1784.6975
Pulse experiments,pioreactor01,2026-09-11T19:03:30.866Z,0.23060546875,630,2026-09-12 00:48:30.866,1784.6975
Pulse experiments,pioreactor01,2026-09-11T19:03:30.871Z,0.12091796875,680,2026-09-12 00:48:30.871,1784.6975
Pulse experiments,pioreactor01,2026-09-11T19:03:35.837Z,0.01888671875,415,2026-09-12 00:48:35.837,1784.698888888889
Pulse experiments,pioreactor01,2026-09-11T19:03:35.841Z,0.151015625,445,2026-09-12 00:48:35.841,1784.698888888889
Pulse experiments,pioreactor01,2026-09-11T19:03:35.845Z,0.1478515625,480,2026-09-12 00:48:35.845,1784.698888888889
Pulse experiments,pioreactor01,2026-09-11T19:03:35.851Z,0.171640625,515,2026-09-12 00:48:35.851,1784.698888888889
Pulse experiments,pioreactor01,2026-09-11T19:03:35.856Z,0.2131640625,555,2026-09-12 00:48:35.856,1784.698888888889
Pulse experiments,pioreactor01,2026-09-11T19:03:35.861Z,0.22625,590,2026-09-12 00:48:35.861,1784.698888888889
Pulse experiments,pioreactor01,2026-09-11T19:03:35.865Z,0.23056640625,630,2026-09-12 00:48:35.865,1784.698888888889
Pulse experiments,pioreactor01,2026-09-11T19:03:35.870Z,0.12083984375,680,2026-09-12 00:48:35.870,1784.698888888889
Pulse experiments,pioreactor01,2026-09-11T19:03:40.841Z,0.0189453125,415,2026-09-12 00:48:40.841,1784.700277777778
Pulse experiments,pioreactor01,2026-09-11T19:03:40.845Z,0.15130859375,445,2026-09-12 00:48:40.845,1784.700277777778
Pulse experiments,pioreactor01,2026-09-11T19:03:40.849Z,0.14818359375,480,2026-09-12 00:48:40.849,1784.700277777778
Pulse experiments,pioreactor01,2026-09-11T19:03:40.856Z,0.1718359375,515,2026-09-12 00:48:40.856,1784.700277777778
Pulse experiments,pioreactor01,2026-09-11T19:03:40.860Z,0.2130078125,555,2026-09-12 00:48:40.860,1784.700277777778
Pulse experiments,pioreactor01,2026-09-11T19:03:40.865Z,0.22619140625,590,2026-09-12 00:48:40.865,1784.700277777778
Pulse experiments,pioreactor01,2026-09-11T19:03:40.870Z,0.2305859375,630,2026-09-12 00:48:40.870,1784.700277777778
Pulse experiments,pioreactor01,2026-09-11T19:03:40.875Z,0.120859375,680,2026-09-12 00:48:40.875,1784.700277777778
Pulse experiments,pioreactor01,2026-09-11T19:03:45.838Z,0.01890625,415,2026-09-12 00:48:45.838,1784.701666666667
Pulse experiments,pioreactor01,2026-09-11T19:03:45.843Z,0.1514453125,445,2026-09-12 00:48:45.843,1784.701666666667
Pulse experiments,pioreactor01,2026-09-11T19:03:45.848Z,0.1481640625,480,2026-09-12 00:48:45.848,1784.701666666667
Pulse experiments,pioreactor01,2026-09-11T19:03:45.853Z,0.17166015625,515,2026-09-12 00:48:45.853,1784.701666666667
Pulse experiments,pioreactor01,2026-09-11T19:03:45.858Z,0.21259765625,555,2026-09-12 00:48:45.858,1784.701666666667
Pulse experiments,pioreactor01,2026-09-11T19:03:45.863Z,0.2257421875,590,2026-09-12 00:48:45.863,1784.701666666667
Pulse experiments,pioreactor01,2026-09-11T19:03:45.867Z,0.23,630,2026-09-12 00:48:45.867,1784.701666666667
Pulse experiments,pioreactor01,2026-09-11T19:03:45.874Z,0.12052734375,680,2026-09-12 00:48:45.874,1784.701666666667
Pulse experiments,pioreactor01,2026-09-11T19:03:50.841Z,0.01884765625,415,2026-09-12 00:48:50.841,1784.703055555555
Pulse experiments,pioreactor01,2026-09-11T19:03:50.847Z,0.15109375,445,2026-09-12 00:48:50.847,1784.703055555555
Pulse experiments,pioreactor01,2026-09-11T19:03:50.852Z,0.14796875,480,2026-09-12 00:48:50.852,1784.703055555555
Pulse experiments,pioreactor01,2026-09-11T19:03:50.857Z,0.1716796875,515,2026-09-12 00:48:50.857,1784.703055555555
Pulse experiments,pioreactor01,2026-09-11T19:03:50.861Z,0.21306640625,555,2026-09-12 00:48:50.861,1784.703055555555
Pulse experiments,pioreactor01,2026-09-11T19:03:50.867Z,0.22603515625,590,2026-09-12 00:48:50.867,1784.703055555555
Pulse experiments,pioreactor01,2026-09-11T19:03:50.870Z,0.23033203125,630,2026-09-12 00:48:50.870,1784.703055555555
Pulse experiments,pioreactor01,2026-09-11T19:03:50.874Z,0.1207421875,680,2026-09-12 00:48:50.874,1784.703055555555
Pulse experiments,pioreactor01,2026-09-11T19:03:55.840Z,0.01888671875,415,2026-09-12 00:48:55.840,1784.704444444444
Pulse experiments,pioreactor01,2026-09-11T19:03:55.844Z,0.15115234375,445,2026-09-12 00:48:55.844,1784.704444444444
Pulse experiments,pioreactor01,2026-09-11T19:03:55.849Z,0.1480078125,480,2026-09-12 00:48:55.849,1784.704444444444
Pulse experiments,pioreactor01,2026-09-11T19:03:55.853Z,0.1716015625,515,2026-09-12 00:48:55.853,1784.704444444444
Pulse experiments,pioreactor01,2026-09-11T19:03:55.857Z,0.2126953125,555,2026-09-12 00:48:55.857,1784.704444444444
Pulse experiments,pioreactor01,2026-09-11T19:03:55.863Z,0.226015625,590,2026-09-12 00:48:55.863,1784.704444444444
Pulse experiments,pioreactor01,2026-09-11T19:03:55.866Z,0.23033203125,630,2026-09-12 00:48:55.866,1784.704444444444
Pulse experiments,pioreactor01,2026-09-11T19:03:55.872Z,0.1206640625,680,2026-09-12 00:48:55.872,1784.704444444444
Pulse experiments,pioreactor01,2026-09-11T19:04:00.841Z,0.01888671875,415,2026-09-12 00:49:00.841,1784.705833333333
Pulse experiments,pioreactor01,2026-09-11T19:04:00.845Z,0.1512109375,445,2026-09-12 00:49:00.845,1784.705833333333
Pulse experiments,pioreactor01,2026-09-11T19:04:00.851Z,0.148125,480,2026-09-12 00:49:00.851,1784.705833333333
Pulse experiments,pioreactor01,2026-09-11T19:04:00.855Z,0.171640625,515,2026-09-12 00:49:00.855,1784.705833333333
Pulse experiments,pioreactor01,2026-09-11T19:04:00.861Z,0.2126171875,555,2026-09-12 00:49:00.861,1784.705833333333
Pulse experiments,pioreactor01,2026-09-11T19:04:00.865Z,0.22580078125,590,2026-09-12 00:49:00.865,1784.705833333333
Pulse experiments,pioreactor01,2026-09-11T19:04:00.870Z,0.23015625,630,2026-09-12 00:49:00.870,1784.705833333333
Pulse experiments,pioreactor01,2026-09-11T19:04:00.874Z,0.12060546875,680,2026-09-12 00:49:00.874,1784.705833333333
Pulse experiments,pioreactor01,2026-09-11T19:04:05.841Z,0.01888671875,415,2026-09-12 00:49:05.841,1784.707222222222
Pulse experiments,pioreactor01,2026-09-11T19:04:05.844Z,0.1512109375,445,2026-09-12 00:49:05.844,1784.707222222222
Pulse experiments,pioreactor01,2026-09-11T19:04:05.850Z,0.148125,480,2026-09-12 00:49:05.850,1784.707222222222
Pulse experiments,pioreactor01,2026-09-11T19:04:05.854Z,0.17201171875,515,2026-09-12 00:49:05.854,1784.707222222222
Pulse experiments,pioreactor01,2026-09-11T19:04:05.860Z,0.2125,555,2026-09-12 00:49:05.860,1784.707222222222
Pulse experiments,pioreactor01,2026-09-11T19:04:05.864Z,0.225703125,590,2026-09-12 00:49:05.864,1784.707222222222
Pulse experiments,pioreactor01,2026-09-11T19:04:05.869Z,0.22994140625,630,2026-09-12 00:49:05.869,1784.707222222222
Pulse experiments,pioreactor01,2026-09-11T19:04:05.874Z,0.1203125,680,2026-09-12 00:49:05.874,1784.707222222222
Pulse experiments,pioreactor01,2026-09-11T19:04:10.839Z,0.0188671875,415,2026-09-12 00:49:10.839,1784.708611111111
Pulse experiments,pioreactor01,2026-09-11T19:04:10.845Z,0.15111328125,445,2026-09-12 00:49:10.845,1784.708611111111
Pulse experiments,pioreactor01,2026-09-11T19:04:10.849Z,0.14798828125,480,2026-09-12 00:49:10.849,1784.708611111111
Pulse experiments,pioreactor01,2026-09-11T19:04:10.854Z,0.17169921875,515,2026-09-12 00:49:10.854,1784.708611111111
Pulse experiments,pioreactor01,2026-09-11T19:04:10.858Z,0.21330078125,555,2026-09-12 00:49:10.858,1784.708611111111
Pulse experiments,pioreactor01,2026-09-11T19:04:10.862Z,0.22625,590,2026-09-12 00:49:10.862,1784.708611111111
Pulse experiments,pioreactor01,2026-09-11T19:04:10.867Z,0.2303125,630,2026-09-12 00:49:10.867,1784.708611111111
Pulse experiments,pioreactor01,2026-09-11T19:04:10.871Z,0.12091796875,680,2026-09-12 00:49:10.871,1784.708611111111
Pulse experiments,pioreactor01,2026-09-11T19:04:15.836Z,0.01892578125,415,2026-09-12 00:49:15.836,1784.71
Pulse experiments,pioreactor01,2026-09-11T19:04:15.841Z,0.1514453125,445,2026-09-12 00:49:15.841,1784.71
Pulse experiments,pioreactor01,2026-09-11T19:04:15.846Z,0.1483984375,480,2026-09-12 00:49:15.846,1784.71
Pulse experiments,pioreactor01,2026-09-11T19:04:15.852Z,0.17220703125,515,2026-09-12 00:49:15.852,1784.71
Pulse experiments,pioreactor01,2026-09-11T19:04:15.855Z,0.21333984375,555,2026-09-12 00:49:15.855,1784.71
Pulse experiments,pioreactor01,2026-09-11T19:04:15.861Z,0.22619140625,590,2026-09-12 00:49:15.861,1784.71
Pulse experiments,pioreactor01,2026-09-11T19:04:15.865Z,0.23056640625,630,2026-09-12 00:49:15.865,1784.71
Pulse experiments,pioreactor01,2026-09-11T19:04:15.869Z,0.1208984375,680,2026-09-12 00:49:15.869,1784.71
Pulse experiments,pioreactor01,2026-09-11T19:04:20.839Z,0.01890625,415,2026-09-12 00:49:20.839,1784.711388888889
Pulse experiments,pioreactor01,2026-09-11T19:04:20.844Z,0.1512109375,445,2026-09-12 00:49:20.844,1784.711388888889
Pulse experiments,pioreactor01,2026-09-11T19:04:20.848Z,0.1483984375,480,2026-09-12 00:49:20.848,1784.711388888889
Pulse experiments,pioreactor01,2026-09-11T19:04:20.854Z,0.171953125,515,2026-09-12 00:49:20.854,1784.711388888889
Pulse experiments,pioreactor01,2026-09-11T19:04:20.858Z,0.213046875,555,2026-09-12 00:49:20.858,1784.711388888889
Pulse experiments,pioreactor01,2026-09-11T19:04:20.864Z,0.2257421875,590,2026-09-12 00:49:20.864,1784.711388888889
Pulse experiments,pioreactor01,2026-09-11T19:04:20.868Z,0.23021484375,630,2026-09-12 00:49:20.868,1784.711388888889
Pulse experiments,pioreactor01,2026-09-11T19:04:20.874Z,0.12068359375,680,2026-09-12 00:49:20.874,1784.711388888889
Pulse experiments,pioreactor01,2026-09-11T19:04:25.842Z,0.01890625,415,2026-09-12 00:49:25.842,1784.712777777778
Pulse experiments,pioreactor01,2026-09-11T19:04:25.846Z,0.15146484375,445,2026-09-12 00:49:25.846,1784.712777777778
Pulse experiments,pioreactor01,2026-09-11T19:04:25.850Z,0.14830078125,480,2026-09-12 00:49:25.850,1784.712777777778
Pulse experiments,pioreactor01,2026-09-11T19:04:25.856Z,0.1718359375,515,2026-09-12 00:49:25.856,1784.712777777778
Pulse experiments,pioreactor01,2026-09-11T19:04:25.859Z,0.2126171875,555,2026-09-12 00:49:25.859,1784.712777777778
Pulse experiments,pioreactor01,2026-09-11T19:04:25.864Z,0.22568359375,590,2026-09-12 00:49:25.864,1784.712777777778
Pulse experiments,pioreactor01,2026-09-11T19:04:25.869Z,0.229921875,630,2026-09-12 00:49:25.869,1784.712777777778
Pulse experiments,pioreactor01,2026-09-11T19:04:25.874Z,0.1204296875,680,2026-09-12 00:49:25.874,1784.712777777778
Pulse experiments,pioreactor01,2026-09-11T19:04:30.839Z,0.01884765625,415,2026-09-12 00:49:30.839,1784.714166666667
Pulse experiments,pioreactor01,2026-09-11T19:04:30.844Z,0.15103515625,445,2026-09-12 00:49:30.844,1784.714166666667
Pulse experiments,pioreactor01,2026-09-11T19:04:30.848Z,0.14806640625,480,2026-09-12 00:49:30.848,1784.714166666667
Pulse experiments,pioreactor01,2026-09-11T19:04:30.854Z,0.1717578125,515,2026-09-12 00:49:30.854,1784.714166666667
Pulse experiments,pioreactor01,2026-09-11T19:04:30.858Z,0.212890625,555,2026-09-12 00:49:30.858,1784.714166666667
Pulse experiments,pioreactor01,2026-09-11T19:04:30.863Z,0.22595703125,590,2026-09-12 00:49:30.863,1784.714166666667
Pulse experiments,pioreactor01,2026-09-11T19:04:30.868Z,0.23017578125,630,2026-09-12 00:49:30.868,1784.714166666667
Pulse experiments,pioreactor01,2026-09-11T19:04:30.872Z,0.12064453125,680,2026-09-12 00:49:30.872,1784.714166666667
Pulse experiments,pioreactor01,2026-09-11T19:04:35.839Z,0.01888671875,415,2026-09-12 00:49:35.839,1784.715555555556
Pulse experiments,pioreactor01,2026-09-11T19:04:35.844Z,0.1513671875,445,2026-09-12 00:49:35.844,1784.715555555556
Pulse experiments,pioreactor01,2026-09-11T19:04:35.849Z,0.148359375,480,2026-09-12 00:49:35.849,1784.715555555556
Pulse experiments,pioreactor01,2026-09-11T19:04:35.855Z,0.17201171875,515,2026-09-12 00:49:35.855,1784.715555555556
Pulse experiments,pioreactor01,2026-09-11T19:04:35.860Z,0.21275390625,555,2026-09-12 00:49:35.860,1784.715555555556
Pulse experiments,pioreactor01,2026-09-11T19:04:35.865Z,0.22556640625,590,2026-09-12 00:49:35.865,1784.715555555556
Pulse experiments,pioreactor01,2026-09-11T19:04:35.871Z,0.22994140625,630,2026-09-12 00:49:35.871,1784.715555555556
Pulse experiments,pioreactor01,2026-09-11T19:04:35.875Z,0.12044921875,680,2026-09-12 00:49:35.875,1784.715555555556
Pulse experiments,pioreactor01,2026-09-11T19:04:40.838Z,0.01888671875,415,2026-09-12 00:49:40.838,1784.716944444444
Pulse experiments,pioreactor01,2026-09-11T19:04:40.844Z,0.15134765625,445,2026-09-12 00:49:40.844,1784.716944444444
Pulse experiments,pioreactor01,2026-09-11T19:04:40.848Z,0.1483984375,480,2026-09-12 00:49:40.848,1784.716944444444
Pulse experiments,pioreactor01,2026-09-11T19:04:40.853Z,0.1719921875,515,2026-09-12 00:49:40.853,1784.716944444444
Pulse experiments,pioreactor01,2026-09-11T19:04:40.858Z,0.21337890625,555,2026-09-12 00:49:40.858,1784.716944444444
Pulse experiments,pioreactor01,2026-09-11T19:04:40.863Z,0.2262890625,590,2026-09-12 00:49:40.863,1784.716944444444
Pulse experiments,pioreactor01,2026-09-11T19:04:40.868Z,0.230703125,630,2026-09-12 00:49:40.868,1784.716944444444
Pulse experiments,pioreactor01,2026-09-11T19:04:40.873Z,0.1211328125,680,2026-09-12 00:49:40.873,1784.716944444444
Pulse experiments,pioreactor01,2026-09-11T19:04:45.839Z,0.01890625,415,2026-09-12 00:49:45.839,1784.718333333333
Pulse experiments,pioreactor01,2026-09-11T19:04:45.844Z,0.151328125,445,2026-09-12 00:49:45.844,1784.718333333333
Pulse experiments,pioreactor01,2026-09-11T19:04:45.849Z,0.148359375,480,2026-09-12 00:49:45.849,1784.718333333333
Pulse experiments,pioreactor01,2026-09-11T19:04:45.854Z,0.1719140625,515,2026-09-12 00:49:45.854,1784.718333333333
Pulse experiments,pioreactor01,2026-09-11T19:04:45.859Z,0.213125,555,2026-09-12 00:49:45.859,1784.718333333333
Pulse experiments,pioreactor01,2026-09-11T19:04:45.863Z,0.2261328125,590,2026-09-12 00:49:45.863,1784.718333333333
Pulse experiments,pioreactor01,2026-09-11T19:04:45.867Z,0.2304296875,630,2026-09-12 00:49:45.867,1784.718333333333
Pulse experiments,pioreactor01,2026-09-11T19:04:45.872Z,0.1209765625,680,2026-09-12 00:49:45.872,1784.718333333333
Pulse experiments,pioreactor01,2026-09-11T19:04:50.840Z,0.0188671875,415,2026-09-12 00:49:50.840,1784.719722222222
Pulse experiments,pioreactor01,2026-09-11T19:04:50.844Z,0.15142578125,445,2026-09-12 00:49:50.844,1784.719722222222
Pulse experiments,pioreactor01,2026-09-11T19:04:50.850Z,0.14837890625,480,2026-09-12 00:49:50.850,1784.719722222222
Pulse experiments,pioreactor01,2026-09-11T19:04:50.853Z,0.17212890625,515,2026-09-12 00:49:50.853,1784.719722222222
Pulse experiments,pioreactor01,2026-09-11T19:04:50.859Z,0.2140234375,555,2026-09-12 00:49:50.859,1784.719722222222
Pulse experiments,pioreactor01,2026-09-11T19:04:50.863Z,0.22671875,590,2026-09-12 00:49:50.863,1784.719722222222
Pulse experiments,pioreactor01,2026-09-11T19:04:50.868Z,0.23125,630,2026-09-12 00:49:50.868,1784.719722222222
Pulse experiments,pioreactor01,2026-09-11T19:04:50.873Z,0.12130859375,680,2026-09-12 00:49:50.873,1784.719722222222
Pulse experiments,pioreactor01,2026-09-11T19:04:55.840Z,0.018828125,415,2026-09-12 00:49:55.840,1784.721111111111
Pulse experiments,pioreactor01,2026-09-11T19:04:55.902Z,0.150859375,445,2026-09-12 00:49:55.902,1784.721111111111
Pulse experiments,pioreactor01,2026-09-11T19:04:55.903Z,0.14810546875,480,2026-09-12 00:49:55.903,1784.721111111111
Pulse experiments,pioreactor01,2026-09-11T19:04:55.904Z,0.171796875,515,2026-09-12 00:49:55.904,1784.721111111111
Pulse experiments,pioreactor01,2026-09-11T19:04:55.905Z,0.2134765625,555,2026-09-12 00:49:55.905,1784.721111111111
Pulse experiments,pioreactor01,2026-09-11T19:04:55.906Z,0.22615234375,590,2026-09-12 00:49:55.906,1784.721111111111
Pulse experiments,pioreactor01,2026-09-11T19:04:55.906Z,0.230234375,630,2026-09-12 00:49:55.906,1784.721111111111
Pulse experiments,pioreactor01,2026-09-11T19:04:55.907Z,0.1209765625,680,2026-09-12 00:49:55.907,1784.721111111111
Pulse experiments,pioreactor01,2026-09-11T19:05:00.844Z,0.01890625,415,2026-09-12 00:50:00.844,1784.7225
Pulse experiments,pioreactor01,2026-09-11T19:05:00.851Z,0.15140625,445,2026-09-12 00:50:00.851,1784.7225
Pulse experiments,pioreactor01,2026-09-11T19:05:00.857Z,0.1484375,480,2026-09-12 00:50:00.857,1784.7225
Pulse experiments,pioreactor01,2026-09-11T19:05:00.861Z,0.17203125,515,2026-09-12 00:50:00.861,1784.7225
Pulse experiments,pioreactor01,2026-09-11T19:05:00.867Z,0.21341796875,555,2026-09-12 00:50:00.867,1784.7225
Pulse experiments,pioreactor01,2026-09-11T19:05:00.871Z,0.2262890625,590,2026-09-12 00:50:00.871,1784.7225
Pulse experiments,pioreactor01,2026-09-11T19:05:00.876Z,0.2305859375,630,2026-09-12 00:50:00.876,1784.7225
Pulse experiments,pioreactor01,2026-09-11T19:05:00.880Z,0.12109375,680,2026-09-12 00:50:00.880,1784.7225
Pulse experiments,pioreactor01,2026-09-11T19:05:05.840Z,0.01892578125,415,2026-09-12 00:50:05.840,1784.723888888889
Pulse experiments,pioreactor01,2026-09-11T19:05:05.844Z,0.1516796875,445,2026-09-12 00:50:05.844,1784.723888888889
Pulse experiments,pioreactor01,2026-09-11T19:05:05.848Z,0.14890625,480,2026-09-12 00:50:05.848,1784.723888888889
Pulse experiments,pioreactor01,2026-09-11T19:05:05.854Z,0.17240234375,515,2026-09-12 00:50:05.854,1784.723888888889
Pulse experiments,pioreactor01,2026-09-11T19:05:05.858Z,0.21326171875,555,2026-09-12 00:50:05.858,1784.723888888889
Pulse experiments,pioreactor01,2026-09-11T19:05:05.864Z,0.2260546875,590,2026-09-12 00:50:05.864,1784.723888888889
Pulse experiments,pioreactor01,2026-09-11T19:05:05.868Z,0.23029296875,630,2026-09-12 00:50:05.868,1784.723888888889
Pulse experiments,pioreactor01,2026-09-11T19:05:05.872Z,0.12083984375,680,2026-09-12 00:50:05.872,1784.723888888889
Pulse experiments,pioreactor01,2026-09-11T19:05:10.842Z,0.01892578125,415,2026-09-12 00:50:10.842,1784.725277777778
Pulse experiments,pioreactor01,2026-09-11T19:05:10.845Z,0.15140625,445,2026-09-12 00:50:10.845,1784.725277777778
Pulse experiments,pioreactor01,2026-09-11T19:05:10.850Z,0.14853515625,480,2026-09-12 00:50:10.850,1784.725277777778
Pulse experiments,pioreactor01,2026-09-11T19:05:10.856Z,0.17212890625,515,2026-09-12 00:50:10.856,1784.725277777778
Pulse experiments,pioreactor01,2026-09-11T19:05:10.860Z,0.21365234375,555,2026-09-12 00:50:10.860,1784.725277777778
Pulse experiments,pioreactor01,2026-09-11T19:05:10.867Z,0.22634765625,590,2026-09-12 00:50:10.867,1784.725277777778
Pulse experiments,pioreactor01,2026-09-11T19:05:10.870Z,0.23046875,630,2026-09-12 00:50:10.870,1784.725277777778
Pulse experiments,pioreactor01,2026-09-11T19:05:10.875Z,0.12111328125,680,2026-09-12 00:50:10.875,1784.725277777778
Pulse experiments,pioreactor01,2026-09-11T19:05:15.840Z,0.0189453125,415,2026-09-12 00:50:15.840,1784.726666666667
Pulse experiments,pioreactor01,2026-09-11T19:05:15.849Z,0.1517578125,445,2026-09-12 00:50:15.849,1784.726666666667
Pulse experiments,pioreactor01,2026-09-11T19:05:15.851Z,0.14892578125,480,2026-09-12 00:50:15.851,1784.726666666667
Pulse experiments,pioreactor01,2026-09-11T19:05:15.857Z,0.17234375,515,2026-09-12 00:50:15.857,1784.726666666667
Pulse experiments,pioreactor01,2026-09-11T19:05:15.862Z,0.21376953125,555,2026-09-12 00:50:15.862,1784.726666666667
Pulse experiments,pioreactor01,2026-09-11T19:05:15.868Z,0.2262890625,590,2026-09-12 00:50:15.868,1784.726666666667
Pulse experiments,pioreactor01,2026-09-11T19:05:15.872Z,0.2306640625,630,2026-09-12 00:50:15.872,1784.726666666667
Pulse experiments,pioreactor01,2026-09-11T19:05:15.879Z,0.12111328125,680,2026-09-12 00:50:15.879,1784.726666666667
Pulse experiments,pioreactor01,2026-09-11T19:05:20.841Z,0.018828125,415,2026-09-12 00:50:20.841,1784.728055555556
Pulse experiments,pioreactor01,2026-09-11T19:05:20.845Z,0.1511328125,445,2026-09-12 00:50:20.845,1784.728055555556
Pulse experiments,pioreactor01,2026-09-11T19:05:20.851Z,0.14806640625,480,2026-09-12 00:50:20.851,1784.728055555556
Pulse experiments,pioreactor01,2026-09-11T19:05:20.855Z,0.1718359375,515,2026-09-12 00:50:20.855,1784.728055555556
Pulse experiments,pioreactor01,2026-09-11T19:05:20.860Z,0.21267578125,555,2026-09-12 00:50:20.860,1784.728055555556
Pulse experiments,pioreactor01,2026-09-11T19:05:20.865Z,0.22529296875,590,2026-09-12 00:50:20.865,1784.728055555556
Pulse experiments,pioreactor01,2026-09-11T19:05:20.869Z,0.2294140625,630,2026-09-12 00:50:20.869,1784.728055555556
Pulse experiments,pioreactor01,2026-09-11T19:05:20.873Z,0.12017578125,680,2026-09-12 00:50:20.873,1784.728055555556
Pulse experiments,pioreactor01,2026-09-11T19:05:25.837Z,0.0189453125,415,2026-09-12 00:50:25.837,1784.729444444444
Pulse experiments,pioreactor01,2026-09-11T19:05:25.843Z,0.15125,445,2026-09-12 00:50:25.843,1784.729444444444
Pulse experiments,pioreactor01,2026-09-11T19:05:25.847Z,0.14849609375,480,2026-09-12 00:50:25.847,1784.729444444444
Pulse experiments,pioreactor01,2026-09-11T19:05:25.852Z,0.17197265625,515,2026-09-12 00:50:25.852,1784.729444444444
Pulse experiments,pioreactor01,2026-09-11T19:05:25.857Z,0.2129296875,555,2026-09-12 00:50:25.857,1784.729444444444
Pulse experiments,pioreactor01,2026-09-11T19:05:25.861Z,0.2254296875,590,2026-09-12 00:50:25.861,1784.729444444444
Pulse experiments,pioreactor01,2026-09-11T19:05:25.867Z,0.2293359375,630,2026-09-12 00:50:25.867,1784.729444444444
Pulse experiments,pioreactor01,2026-09-11T19:05:25.871Z,0.12056640625,680,2026-09-12 00:50:25.871,1784.729444444444
Pulse experiments,pioreactor01,2026-09-11T19:05:30.837Z,0.01890625,415,2026-09-12 00:50:30.837,1784.730833333333
Pulse experiments,pioreactor01,2026-09-11T19:05:30.841Z,0.15173828125,445,2026-09-12 00:50:30.841,1784.730833333333
Pulse experiments,pioreactor01,2026-09-11T19:05:30.846Z,0.14888671875,480,2026-09-12 00:50:30.846,1784.730833333333
Pulse experiments,pioreactor01,2026-09-11T19:05:30.850Z,0.17220703125,515,2026-09-12 00:50:30.850,1784.730833333333
Pulse experiments,pioreactor01,2026-09-11T19:05:30.856Z,0.21390625,555,2026-09-12 00:50:30.856,1784.730833333333
Pulse experiments,pioreactor01,2026-09-11T19:05:30.860Z,0.2267578125,590,2026-09-12 00:50:30.860,1784.730833333333
Pulse experiments,pioreactor01,2026-09-11T19:05:30.863Z,0.2311328125,630,2026-09-12 00:50:30.863,1784.730833333333
Pulse experiments,pioreactor01,2026-09-11T19:05:30.869Z,0.1212890625,680,2026-09-12 00:50:30.869,1784.730833333333
Pulse experiments,pioreactor01,2026-09-11T19:05:35.838Z,0.0188671875,415,2026-09-12 00:50:35.838,1784.732222222222
Pulse experiments,pioreactor01,2026-09-11T19:05:35.842Z,0.15107421875,445,2026-09-12 00:50:35.842,1784.732222222222
Pulse experiments,pioreactor01,2026-09-11T19:05:35.848Z,0.14818359375,480,2026-09-12 00:50:35.848,1784.732222222222
Pulse experiments,pioreactor01,2026-09-11T19:05:35.853Z,0.17185546875,515,2026-09-12 00:50:35.853,1784.732222222222
Pulse experiments,pioreactor01,2026-09-11T19:05:35.857Z,0.21314453125,555,2026-09-12 00:50:35.857,1784.732222222222
Pulse experiments,pioreactor01,2026-09-11T19:05:35.863Z,0.2256640625,590,2026-09-12 00:50:35.863,1784.732222222222
Pulse experiments,pioreactor01,2026-09-11T19:05:35.867Z,0.22994140625,630,2026-09-12 00:50:35.867,1784.732222222222
Pulse experiments,pioreactor01,2026-09-11T19:05:35.873Z,0.1205078125,680,2026-09-12 00:50:35.873,1784.732222222222
Pulse experiments,pioreactor01,2026-09-11T19:05:40.840Z,0.01880859375,415,2026-09-12 00:50:40.840,1784.733611111111
Pulse experiments,pioreactor01,2026-09-11T19:05:40.846Z,0.150625,445,2026-09-12 00:50:40.846,1784.733611111111
Pulse experiments,pioreactor01,2026-09-11T19:05:40.850Z,0.1478515625,480,2026-09-12 00:50:40.850,1784.733611111111
Pulse experiments,pioreactor01,2026-09-11T19:05:40.854Z,0.17166015625,515,2026-09-12 00:50:40.854,1784.733611111111
Pulse experiments,pioreactor01,2026-09-11T19:05:40.859Z,0.21236328125,555,2026-09-12 00:50:40.859,1784.733611111111
Pulse experiments,pioreactor01,2026-09-11T19:05:40.864Z,0.22501953125,590,2026-09-12 00:50:40.864,1784.733611111111
Pulse experiments,pioreactor01,2026-09-11T19:05:40.869Z,0.22931640625,630,2026-09-12 00:50:40.869,1784.733611111111
Pulse experiments,pioreactor01,2026-09-11T19:05:40.874Z,0.12005859375,680,2026-09-12 00:50:40.874,1784.733611111111
Pulse experiments,pioreactor01,2026-09-11T19:05:45.840Z,0.01888671875,415,2026-09-12 00:50:45.840,1784.735
Pulse experiments,pioreactor01,2026-09-11T19:05:45.845Z,0.15078125,445,2026-09-12 00:50:45.845,1784.735
Pulse experiments,pioreactor01,2026-09-11T19:05:45.850Z,0.1483203125,480,2026-09-12 00:50:45.850,1784.735
Pulse experiments,pioreactor01,2026-09-11T19:05:45.855Z,0.1718359375,515,2026-09-12 00:50:45.855,1784.735
Pulse experiments,pioreactor01,2026-09-11T19:05:45.859Z,0.21251953125,555,2026-09-12 00:50:45.859,1784.735
Pulse experiments,pioreactor01,2026-09-11T19:05:45.863Z,0.22513671875,590,2026-09-12 00:50:45.863,1784.735
Pulse experiments,pioreactor01,2026-09-11T19:05:45.868Z,0.22953125,630,2026-09-12 00:50:45.868,1784.735
Pulse experiments,pioreactor01,2026-09-11T19:05:45.873Z,0.12029296875,680,2026-09-12 00:50:45.873,1784.735
Pulse experiments,pioreactor01,2026-09-11T19:05:50.842Z,0.01896484375,415,2026-09-12 00:50:50.842,1784.736388888889
Pulse experiments,pioreactor01,2026-09-11T19:05:50.850Z,0.15091796875,445,2026-09-12 00:50:50.850,1784.736388888889
Pulse experiments,pioreactor01,2026-09-11T19:05:50.853Z,0.1486328125,480,2026-09-12 00:50:50.853,1784.736388888889
Pulse experiments,pioreactor01,2026-09-11T19:05:50.858Z,0.17203125,515,2026-09-12 00:50:50.858,1784.736388888889
Pulse experiments,pioreactor01,2026-09-11T19:05:50.862Z,0.214140625,555,2026-09-12 00:50:50.862,1784.736388888889
Pulse experiments,pioreactor01,2026-09-11T19:05:50.868Z,0.22638671875,590,2026-09-12 00:50:50.868,1784.736388888889
Pulse experiments,pioreactor01,2026-09-11T19:05:50.871Z,0.23087890625,630,2026-09-12 00:50:50.871,1784.736388888889
Pulse experiments,pioreactor01,2026-09-11T19:05:50.877Z,0.1216015625,680,2026-09-12 00:50:50.877,1784.736388888889
Pulse experiments,pioreactor01,2026-09-11T19:05:55.839Z,0.018828125,415,2026-09-12 00:50:55.839,1784.737777777778
Pulse experiments,pioreactor01,2026-09-11T19:05:55.844Z,0.15041015625,445,2026-09-12 00:50:55.844,1784.737777777778
Pulse experiments,pioreactor01,2026-09-11T19:05:55.849Z,0.14818359375,480,2026-09-12 00:50:55.849,1784.737777777778
Pulse experiments,pioreactor01,2026-09-11T19:05:55.854Z,0.17162109375,515,2026-09-12 00:50:55.854,1784.737777777778
Pulse experiments,pioreactor01,2026-09-11T19:05:55.859Z,0.21296875,555,2026-09-12 00:50:55.859,1784.737777777778
Pulse experiments,pioreactor01,2026-09-11T19:05:55.863Z,0.22541015625,590,2026-09-12 00:50:55.863,1784.737777777778
Pulse experiments,pioreactor01,2026-09-11T19:05:55.867Z,0.2297265625,630,2026-09-12 00:50:55.867,1784.737777777778
Pulse experiments,pioreactor01,2026-09-11T19:05:55.872Z,0.1205859375,680,2026-09-12 00:50:55.872,1784.737777777778
Pulse experiments,pioreactor01,2026-09-11T19:06:00.838Z,0.01888671875,415,2026-09-12 00:51:00.838,1784.739166666667
Pulse experiments,pioreactor01,2026-09-11T19:06:00.843Z,0.15044921875,445,2026-09-12 00:51:00.843,1784.739166666667
Pulse experiments,pioreactor01,2026-09-11T19:06:00.848Z,0.14841796875,480,2026-09-12 00:51:00.848,1784.739166666667
Pulse experiments,pioreactor01,2026-09-11T19:06:00.854Z,0.1717578125,515,2026-09-12 00:51:00.854,1784.739166666667
Pulse experiments,pioreactor01,2026-09-11T19:06:00.857Z,0.21283203125,555,2026-09-12 00:51:00.857,1784.739166666667
Pulse experiments,pioreactor01,2026-09-11T19:06:00.862Z,0.2253125,590,2026-09-12 00:51:00.862,1784.739166666667
Pulse experiments,pioreactor01,2026-09-11T19:06:00.866Z,0.2297265625,630,2026-09-12 00:51:00.866,1784.739166666667
Pulse experiments,pioreactor01,2026-09-11T19:06:00.871Z,0.12025390625,680,2026-09-12 00:51:00.871,1784.739166666667
Pulse experiments,pioreactor01,2026-09-11T19:06:05.840Z,0.01890625,415,2026-09-12 00:51:05.840,1784.740555555556
Pulse experiments,pioreactor01,2026-09-11T19:06:05.845Z,0.1503125,445,2026-09-12 00:51:05.845,1784.740555555556
Pulse experiments,pioreactor01,2026-09-11T19:06:05.849Z,0.14828125,480,2026-09-12 00:51:05.849,1784.740555555556
Pulse experiments,pioreactor01,2026-09-11T19:06:05.855Z,0.17177734375,515,2026-09-12 00:51:05.855,1784.740555555556
Pulse experiments,pioreactor01,2026-09-11T19:06:05.859Z,0.21296875,555,2026-09-12 00:51:05.859,1784.740555555556
Pulse experiments,pioreactor01,2026-09-11T19:06:05.864Z,0.22525390625,590,2026-09-12 00:51:05.864,1784.740555555556
Pulse experiments,pioreactor01,2026-09-11T19:06:05.868Z,0.229765625,630,2026-09-12 00:51:05.868,1784.740555555556
Pulse experiments,pioreactor01,2026-09-11T19:06:05.873Z,0.1204296875,680,2026-09-12 00:51:05.873,1784.740555555556
Pulse experiments,pioreactor01,2026-09-11T19:06:10.840Z,0.01728515625,415,2026-09-12 00:51:10.840,1784.741944444444
Pulse experiments,pioreactor01,2026-09-11T19:06:10.845Z,0.14775390625,445,2026-09-12 00:51:10.845,1784.741944444444
Pulse experiments,pioreactor01,2026-09-11T19:06:10.850Z,0.145546875,480,2026-09-12 00:51:10.850,1784.741944444444
Pulse experiments,pioreactor01,2026-09-11T19:06:10.855Z,0.16703125,515,2026-09-12 00:51:10.855,1784.741944444444
Pulse experiments,pioreactor01,2026-09-11T19:06:10.858Z,0.1906640625,555,2026-09-12 00:51:10.858,1784.741944444444
Pulse experiments,pioreactor01,2026-09-11T19:06:10.865Z,0.17806640625,590,2026-09-12 00:51:10.865,1784.741944444444
Pulse experiments,pioreactor01,2026-09-11T19:06:10.868Z,0.179765625,630,2026-09-12 00:51:10.868,1784.741944444444
Pulse experiments,pioreactor01,2026-09-11T19:06:10.873Z,0.10984375,680,2026-09-12 00:51:10.873,1784.741944444444
Pulse experiments,pioreactor01,2026-09-11T19:06:15.840Z,0.01728515625,415,2026-09-12 00:51:15.840,1784.743333333333
Pulse experiments,pioreactor01,2026-09-11T19:06:15.846Z,0.1475,445,2026-09-12 00:51:15.846,1784.743333333333
Pulse experiments,pioreactor01,2026-09-11T19:06:15.851Z,0.1452734375,480,2026-09-12 00:51:15.851,1784.743333333333
Pulse experiments,pioreactor01,2026-09-11T19:06:15.854Z,0.16689453125,515,2026-09-12 00:51:15.854,1784.743333333333
Pulse experiments,pioreactor01,2026-09-11T19:06:15.859Z,0.1906640625,555,2026-09-12 00:51:15.859,1784.743333333333
Pulse experiments,pioreactor01,2026-09-11T19:06:15.864Z,0.17796875,590,2026-09-12 00:51:15.864,1784.743333333333
Pulse experiments,pioreactor01,2026-09-11T19:06:15.869Z,0.17970703125,630,2026-09-12 00:51:15.869,1784.743333333333
Pulse experiments,pioreactor01,2026-09-11T19:06:15.874Z,0.10978515625,680,2026-09-12 00:51:15.874,1784.743333333333
Pulse experiments,pioreactor01,2026-09-11T19:06:20.838Z,0.017265625,415,2026-09-12 00:51:20.838,1784.744722222222
Pulse experiments,pioreactor01,2026-09-11T19:06:20.841Z,0.14748046875,445,2026-09-12 00:51:20.841,1784.744722222222
Pulse experiments,pioreactor01,2026-09-11T19:06:20.847Z,0.14533203125,480,2026-09-12 00:51:20.847,1784.744722222222
Pulse experiments,pioreactor01,2026-09-11T19:06:20.851Z,0.166875,515,2026-09-12 00:51:20.851,1784.744722222222
Pulse experiments,pioreactor01,2026-09-11T19:06:20.857Z,0.1904296875,555,2026-09-12 00:51:20.857,1784.744722222222
Pulse experiments,pioreactor01,2026-09-11T19:06:20.860Z,0.17796875,590,2026-09-12 00:51:20.860,1784.744722222222
Pulse experiments,pioreactor01,2026-09-11T19:06:20.864Z,0.17966796875,630,2026-09-12 00:51:20.864,1784.744722222222
Pulse experiments,pioreactor01,2026-09-11T19:06:20.870Z,0.109765625,680,2026-09-12 00:51:20.870,1784.744722222222
Pulse experiments,pioreactor01,2026-09-11T19:06:25.839Z,0.01724609375,415,2026-09-12 00:51:25.839,1784.746111111111
Pulse experiments,pioreactor01,2026-09-11T19:06:25.845Z,0.14724609375,445,2026-09-12 00:51:25.845,1784.746111111111
Pulse experiments,pioreactor01,2026-09-11T19:06:25.849Z,0.14517578125,480,2026-09-12 00:51:25.849,1784.746111111111
Pulse experiments,pioreactor01,2026-09-11T19:06:25.854Z,0.1666796875,515,2026-09-12 00:51:25.854,1784.746111111111
Pulse experiments,pioreactor01,2026-09-11T19:06:25.858Z,0.1903515625,555,2026-09-12 00:51:25.858,1784.746111111111
Pulse experiments,pioreactor01,2026-09-11T19:06:25.863Z,0.1776953125,590,2026-09-12 00:51:25.863,1784.746111111111
Pulse experiments,pioreactor01,2026-09-11T19:06:25.867Z,0.17970703125,630,2026-09-12 00:51:25.867,1784.746111111111
Pulse experiments,pioreactor01,2026-09-11T19:06:25.872Z,0.1097265625,680,2026-09-12 00:51:25.872,1784.746111111111
Pulse experiments,pioreactor01,2026-09-11T19:06:30.843Z,0.0173046875,415,2026-09-12 00:51:30.843,1784.7475
Pulse experiments,pioreactor01,2026-09-11T19:06:30.847Z,0.1472265625,445,2026-09-12 00:51:30.847,1784.7475
Pulse experiments,pioreactor01,2026-09-11T19:06:30.851Z,0.1454296875,480,2026-09-12 00:51:30.851,1784.7475
Pulse experiments,pioreactor01,2026-09-11T19:06:30.857Z,0.166875,515,2026-09-12 00:51:30.857,1784.7475
Pulse experiments,pioreactor01,2026-09-11T19:06:30.861Z,0.191015625,555,2026-09-12 00:51:30.861,1784.7475
Pulse experiments,pioreactor01,2026-09-11T19:06:30.866Z,0.1781640625,590,2026-09-12 00:51:30.866,1784.7475
Pulse experiments,pioreactor01,2026-09-11T19:06:30.870Z,0.17966796875,630,2026-09-12 00:51:30.870,1784.7475
Pulse experiments,pioreactor01,2026-09-11T19:06:30.875Z,0.11017578125,680,2026-09-12 00:51:30.875,1784.7475
Pulse experiments,pioreactor01,2026-09-11T19:06:35.839Z,0.01728515625,415,2026-09-12 00:51:35.839,1784.748888888889
Pulse experiments,pioreactor01,2026-09-11T19:06:35.844Z,0.14728515625,445,2026-09-12 00:51:35.844,1784.748888888889
Pulse experiments,pioreactor01,2026-09-11T19:06:35.848Z,0.14521484375,480,2026-09-12 00:51:35.848,1784.748888888889
Pulse experiments,pioreactor01,2026-09-11T19:06:35.853Z,0.166796875,515,2026-09-12 00:51:35.853,1784.748888888889
Pulse experiments,pioreactor01,2026-09-11T19:06:35.858Z,0.190703125,555,2026-09-12 00:51:35.858,1784.748888888889
Pulse experiments,pioreactor01,2026-09-11T19:06:35.863Z,0.178125,590,2026-09-12 00:51:35.863,1784.748888888889
Pulse experiments,pioreactor01,2026-09-11T19:06:35.868Z,0.17978515625,630,2026-09-12 00:51:35.868,1784.748888888889
Pulse experiments,pioreactor01,2026-09-11T19:06:35.873Z,0.110078125,680,2026-09-12 00:51:35.873,1784.748888888889
Pulse experiments,pioreactor01,2026-09-11T19:06:40.839Z,0.0173046875,415,2026-09-12 00:51:40.839,1784.750277777778
Pulse experiments,pioreactor01,2026-09-11T19:06:40.841Z,0.1470703125,445,2026-09-12 00:51:40.841,1784.750277777778
Pulse experiments,pioreactor01,2026-09-11T19:06:40.849Z,0.1452734375,480,2026-09-12 00:51:40.849,1784.750277777778
Pulse experiments,pioreactor01,2026-09-11T19:06:40.853Z,0.16666015625,515,2026-09-12 00:51:40.853,1784.750277777778
Pulse experiments,pioreactor01,2026-09-11T19:06:40.859Z,0.1906640625,555,2026-09-12 00:51:40.859,1784.750277777778
Pulse experiments,pioreactor01,2026-09-11T19:06:40.863Z,0.1780859375,590,2026-09-12 00:51:40.863,1784.750277777778
Pulse experiments,pioreactor01,2026-09-11T19:06:40.869Z,0.1795703125,630,2026-09-12 00:51:40.869,1784.750277777778
Pulse experiments,pioreactor01,2026-09-11T19:06:40.873Z,0.10982421875,680,2026-09-12 00:51:40.873,1784.750277777778
Pulse experiments,pioreactor01,2026-09-11T19:06:45.838Z,0.0173046875,415,2026-09-12 00:51:45.838,1784.751666666667
Pulse experiments,pioreactor01,2026-09-11T19:06:45.844Z,0.14728515625,445,2026-09-12 00:51:45.844,1784.751666666667
Pulse experiments,pioreactor01,2026-09-11T19:06:45.849Z,0.14517578125,480,2026-09-12 00:51:45.849,1784.751666666667
Pulse experiments,pioreactor01,2026-09-11T19:06:45.853Z,0.16669921875,515,2026-09-12 00:51:45.853,1784.751666666667
Pulse experiments,pioreactor01,2026-09-11T19:06:45.860Z,0.19052734375,555,2026-09-12 00:51:45.860,1784.751666666667
Pulse experiments,pioreactor01,2026-09-11T19:06:45.863Z,0.1779296875,590,2026-09-12 00:51:45.863,1784.751666666667
Pulse experiments,pioreactor01,2026-09-11T19:06:45.869Z,0.1795703125,630,2026-09-12 00:51:45.869,1784.751666666667
Pulse experiments,pioreactor01,2026-09-11T19:06:45.873Z,0.10998046875,680,2026-09-12 00:51:45.873,1784.751666666667
Pulse experiments,pioreactor01,2026-09-11T19:06:50.839Z,0.017265625,415,2026-09-12 00:51:50.839,1784.753055555556
Pulse experiments,pioreactor01,2026-09-11T19:06:50.844Z,0.1471875,445,2026-09-12 00:51:50.844,1784.753055555556
Pulse experiments,pioreactor01,2026-09-11T19:06:50.851Z,0.1452734375,480,2026-09-12 00:51:50.851,1784.753055555556
Pulse experiments,pioreactor01,2026-09-11T19:06:50.855Z,0.16671875,515,2026-09-12 00:51:50.855,1784.753055555556
Pulse experiments,pioreactor01,2026-09-11T19:06:50.860Z,0.19091796875,555,2026-09-12 00:51:50.860,1784.753055555556
Pulse experiments,pioreactor01,2026-09-11T19:06:50.865Z,0.177890625,590,2026-09-12 00:51:50.865,1784.753055555556
Pulse experiments,pioreactor01,2026-09-11T19:06:50.870Z,0.1797265625,630,2026-09-12 00:51:50.870,1784.753055555556
Pulse experiments,pioreactor01,2026-09-11T19:06:50.874Z,0.11017578125,680,2026-09-12 00:51:50.874,1784.753055555556
Pulse experiments,pioreactor01,2026-09-11T19:06:55.836Z,0.017265625,415,2026-09-12 00:51:55.836,1784.754444444445
Pulse experiments,pioreactor01,2026-09-11T19:06:55.840Z,0.14705078125,445,2026-09-12 00:51:55.840,1784.754444444445
Pulse experiments,pioreactor01,2026-09-11T19:06:55.846Z,0.14521484375,480,2026-09-12 00:51:55.846,1784.754444444445
Pulse experiments,pioreactor01,2026-09-11T19:06:55.850Z,0.1666796875,515,2026-09-12 00:51:55.850,1784.754444444445
Pulse experiments,pioreactor01,2026-09-11T19:06:55.856Z,0.19095703125,555,2026-09-12 00:51:55.856,1784.754444444445
Pulse experiments,pioreactor01,2026-09-11T19:06:55.860Z,0.17806640625,590,2026-09-12 00:51:55.860,1784.754444444445
Pulse experiments,pioreactor01,2026-09-11T19:06:55.864Z,0.17966796875,630,2026-09-12 00:51:55.864,1784.754444444445
Pulse experiments,pioreactor01,2026-09-11T19:06:55.869Z,0.110234375,680,2026-09-12 00:51:55.869,1784.754444444445
Pulse experiments,pioreactor01,2026-09-11T19:07:00.839Z,0.01728515625,415,2026-09-12 00:52:00.839,1784.755833333333
Pulse experiments,pioreactor01,2026-09-11T19:07:00.848Z,0.14712890625,445,2026-09-12 00:52:00.848,1784.755833333333
Pulse experiments,pioreactor01,2026-09-11T19:07:00.852Z,0.1451171875,480,2026-09-12 00:52:00.852,1784.755833333333
Pulse experiments,pioreactor01,2026-09-11T19:07:00.857Z,0.16671875,515,2026-09-12 00:52:00.857,1784.755833333333
Pulse experiments,pioreactor01,2026-09-11T19:07:00.862Z,0.19087890625,555,2026-09-12 00:52:00.862,1784.755833333333
Pulse experiments,pioreactor01,2026-09-11T19:07:00.867Z,0.1782421875,590,2026-09-12 00:52:00.867,1784.755833333333
Pulse experiments,pioreactor01,2026-09-11T19:07:00.872Z,0.1796875,630,2026-09-12 00:52:00.872,1784.755833333333
Pulse experiments,pioreactor01,2026-09-11T19:07:00.876Z,0.110234375,680,2026-09-12 00:52:00.876,1784.755833333333
Pulse experiments,pioreactor01,2026-09-11T19:07:05.840Z,0.01724609375,415,2026-09-12 00:52:05.840,1784.757222222222
Pulse experiments,pioreactor01,2026-09-11T19:07:05.844Z,0.146953125,445,2026-09-12 00:52:05.844,1784.757222222222
Pulse experiments,pioreactor01,2026-09-11T19:07:05.848Z,0.145078125,480,2026-09-12 00:52:05.848,1784.757222222222
Pulse experiments,pioreactor01,2026-09-11T19:07:05.854Z,0.166640625,515,2026-09-12 00:52:05.854,1784.757222222222
Pulse experiments,pioreactor01,2026-09-11T19:07:05.858Z,0.190625,555,2026-09-12 00:52:05.858,1784.757222222222
Pulse experiments,pioreactor01,2026-09-11T19:07:05.863Z,0.177890625,590,2026-09-12 00:52:05.863,1784.757222222222
Pulse experiments,pioreactor01,2026-09-11T19:07:05.867Z,0.1795703125,630,2026-09-12 00:52:05.867,1784.757222222222
Pulse experiments,pioreactor01,2026-09-11T19:07:05.872Z,0.10994140625,680,2026-09-12 00:52:05.872,1784.757222222222
Pulse experiments,pioreactor01,2026-09-11T19:07:10.839Z,0.017265625,415,2026-09-12 00:52:10.839,1784.758611111111
Pulse experiments,pioreactor01,2026-09-11T19:07:10.844Z,0.14705078125,445,2026-09-12 00:52:10.844,1784.758611111111
Pulse experiments,pioreactor01,2026-09-11T19:07:10.848Z,0.14515625,480,2026-09-12 00:52:10.848,1784.758611111111
Pulse experiments,pioreactor01,2026-09-11T19:07:10.852Z,0.16677734375,515,2026-09-12 00:52:10.852,1784.758611111111
Pulse experiments,pioreactor01,2026-09-11T19:07:10.857Z,0.1908984375,555,2026-09-12 00:52:10.857,1784.758611111111
Pulse experiments,pioreactor01,2026-09-11T19:07:10.861Z,0.1778515625,590,2026-09-12 00:52:10.861,1784.758611111111
Pulse experiments,pioreactor01,2026-09-11T19:07:10.867Z,0.179609375,630,2026-09-12 00:52:10.867,1784.758611111111
Pulse experiments,pioreactor01,2026-09-11T19:07:10.871Z,0.10998046875,680,2026-09-12 00:52:10.871,1784.758611111111
Pulse experiments,pioreactor01,2026-09-11T19:07:15.841Z,0.01724609375,415,2026-09-12 00:52:15.841,1784.76
Pulse experiments,pioreactor01,2026-09-11T19:07:15.848Z,0.14701171875,445,2026-09-12 00:52:15.848,1784.76
Pulse experiments,pioreactor01,2026-09-11T19:07:15.852Z,0.1452734375,480,2026-09-12 00:52:15.852,1784.76
Pulse experiments,pioreactor01,2026-09-11T19:07:15.856Z,0.16669921875,515,2026-09-12 00:52:15.856,1784.76
Pulse experiments,pioreactor01,2026-09-11T19:07:15.861Z,0.19046875,555,2026-09-12 00:52:15.861,1784.76
Pulse experiments,pioreactor01,2026-09-11T19:07:15.866Z,0.17791015625,590,2026-09-12 00:52:15.866,1784.76
Pulse experiments,pioreactor01,2026-09-11T19:07:15.871Z,0.17947265625,630,2026-09-12 00:52:15.871,1784.76
Pulse experiments,pioreactor01,2026-09-11T19:07:15.875Z,0.11015625,680,2026-09-12 00:52:15.875,1784.76
Pulse experiments,pioreactor01,2026-09-11T19:07:20.838Z,0.01724609375,415,2026-09-12 00:52:20.838,1784.761388888889
Pulse experiments,pioreactor01,2026-09-11T19:07:20.843Z,0.14703125,445,2026-09-12 00:52:20.843,1784.761388888889
Pulse experiments,pioreactor01,2026-09-11T19:07:20.848Z,0.14521484375,480,2026-09-12 00:52:20.848,1784.761388888889
Pulse experiments,pioreactor01,2026-09-11T19:07:20.852Z,0.16673828125,515,2026-09-12 00:52:20.852,1784.761388888889
Pulse experiments,pioreactor01,2026-09-11T19:07:20.858Z,0.190703125,555,2026-09-12 00:52:20.858,1784.761388888889
Pulse experiments,pioreactor01,2026-09-11T19:07:20.862Z,0.17798828125,590,2026-09-12 00:52:20.862,1784.761388888889
Pulse experiments,pioreactor01,2026-09-11T19:07:20.867Z,0.17962890625,630,2026-09-12 00:52:20.867,1784.761388888889
Pulse experiments,pioreactor01,2026-09-11T19:07:20.872Z,0.1101171875,680,2026-09-12 00:52:20.872,1784.761388888889
Pulse experiments,pioreactor01,2026-09-11T19:07:25.844Z,0.01724609375,415,2026-09-12 00:52:25.844,1784.762777777778
Pulse experiments,pioreactor01,2026-09-11T19:07:25.848Z,0.14701171875,445,2026-09-12 00:52:25.848,1784.762777777778
Pulse experiments,pioreactor01,2026-09-11T19:07:25.853Z,0.14513671875,480,2026-09-12 00:52:25.853,1784.762777777778
Pulse experiments,pioreactor01,2026-09-11T19:07:25.859Z,0.16673828125,515,2026-09-12 00:52:25.859,1784.762777777778
Pulse experiments,pioreactor01,2026-09-11T19:07:25.862Z,0.19080078125,555,2026-09-12 00:52:25.862,1784.762777777778
Pulse experiments,pioreactor01,2026-09-11T19:07:25.869Z,0.17802734375,590,2026-09-12 00:52:25.869,1784.762777777778
Pulse experiments,pioreactor01,2026-09-11T19:07:25.872Z,0.17966796875,630,2026-09-12 00:52:25.872,1784.762777777778
Pulse experiments,pioreactor01,2026-09-11T19:07:25.878Z,0.110234375,680,2026-09-12 00:52:25.878,1784.762777777778
Pulse experiments,pioreactor01,2026-09-11T19:07:30.844Z,0.0172265625,415,2026-09-12 00:52:30.844,1784.764166666667
Pulse experiments,pioreactor01,2026-09-11T19:07:30.847Z,0.1472265625,445,2026-09-12 00:52:30.847,1784.764166666667
Pulse experiments,pioreactor01,2026-09-11T19:07:30.851Z,0.14517578125,480,2026-09-12 00:52:30.851,1784.764166666667
Pulse experiments,pioreactor01,2026-09-11T19:07:30.856Z,0.16671875,515,2026-09-12 00:52:30.856,1784.764166666667
Pulse experiments,pioreactor01,2026-09-11T19:07:30.860Z,0.190703125,555,2026-09-12 00:52:30.860,1784.764166666667
Pulse experiments,pioreactor01,2026-09-11T19:07:30.865Z,0.1780859375,590,2026-09-12 00:52:30.865,1784.764166666667
Pulse experiments,pioreactor01,2026-09-11T19:07:30.869Z,0.17953125,630,2026-09-12 00:52:30.869,1784.764166666667
Pulse experiments,pioreactor01,2026-09-11T19:07:30.875Z,0.11013671875,680,2026-09-12 00:52:30.875,1784.764166666667
Pulse experiments,pioreactor01,2026-09-11T19:07:35.838Z,0.01720703125,415,2026-09-12 00:52:35.838,1784.765555555555
Pulse experiments,pioreactor01,2026-09-11T19:07:35.843Z,0.1470703125,445,2026-09-12 00:52:35.843,1784.765555555555
Pulse experiments,pioreactor01,2026-09-11T19:07:35.847Z,0.1451953125,480,2026-09-12 00:52:35.847,1784.765555555555
Pulse experiments,pioreactor01,2026-09-11T19:07:35.852Z,0.16669921875,515,2026-09-12 00:52:35.852,1784.765555555555
Pulse experiments,pioreactor01,2026-09-11T19:07:35.857Z,0.19080078125,555,2026-09-12 00:52:35.857,1784.765555555555
Pulse experiments,pioreactor01,2026-09-11T19:07:35.861Z,0.1781640625,590,2026-09-12 00:52:35.861,1784.765555555555
Pulse experiments,pioreactor01,2026-09-11T19:07:35.866Z,0.1796484375,630,2026-09-12 00:52:35.866,1784.765555555555
Pulse experiments,pioreactor01,2026-09-11T19:07:35.870Z,0.1101171875,680,2026-09-12 00:52:35.870,1784.765555555555
Pulse experiments,pioreactor01,2026-09-11T19:07:40.839Z,0.01728515625,415,2026-09-12 00:52:40.839,1784.766944444444
Pulse experiments,pioreactor01,2026-09-11T19:07:40.844Z,0.147265625,445,2026-09-12 00:52:40.844,1784.766944444444
Pulse experiments,pioreactor01,2026-09-11T19:07:40.849Z,0.14541015625,480,2026-09-12 00:52:40.849,1784.766944444444
Pulse experiments,pioreactor01,2026-09-11T19:07:40.853Z,0.1668359375,515,2026-09-12 00:52:40.853,1784.766944444444
Pulse experiments,pioreactor01,2026-09-11T19:07:40.858Z,0.19052734375,555,2026-09-12 00:52:40.858,1784.766944444444
Pulse experiments,pioreactor01,2026-09-11T19:07:40.863Z,0.17814453125,590,2026-09-12 00:52:40.863,1784.766944444444
Pulse experiments,pioreactor01,2026-09-11T19:07:40.867Z,0.1796875,630,2026-09-12 00:52:40.867,1784.766944444444
Pulse experiments,pioreactor01,2026-09-11T19:07:40.873Z,0.11009765625,680,2026-09-12 00:52:40.873,1784.766944444444
Pulse experiments,pioreactor01,2026-09-11T19:07:45.839Z,0.0172265625,415,2026-09-12 00:52:45.839,1784.768333333333
Pulse experiments,pioreactor01,2026-09-11T19:07:45.845Z,0.1473046875,445,2026-09-12 00:52:45.845,1784.768333333333
Pulse experiments,pioreactor01,2026-09-11T19:07:45.850Z,0.14517578125,480,2026-09-12 00:52:45.850,1784.768333333333
Pulse experiments,pioreactor01,2026-09-11T19:07:45.854Z,0.16681640625,515,2026-09-12 00:52:45.854,1784.768333333333
Pulse experiments,pioreactor01,2026-09-11T19:07:45.859Z,0.190625,555,2026-09-12 00:52:45.859,1784.768333333333
Pulse experiments,pioreactor01,2026-09-11T19:07:45.865Z,0.17787109375,590,2026-09-12 00:52:45.865,1784.768333333333
Pulse experiments,pioreactor01,2026-09-11T19:07:45.870Z,0.17947265625,630,2026-09-12 00:52:45.870,1784.768333333333
Pulse experiments,pioreactor01,2026-09-11T19:07:45.875Z,0.10990234375,680,2026-09-12 00:52:45.875,1784.768333333333
Pulse experiments,pioreactor01,2026-09-11T19:07:50.841Z,0.01724609375,415,2026-09-12 00:52:50.841,1784.769722222222
Pulse experiments,pioreactor01,2026-09-11T19:07:50.846Z,0.14708984375,445,2026-09-12 00:52:50.846,1784.769722222222
Pulse experiments,pioreactor01,2026-09-11T19:07:50.850Z,0.1453125,480,2026-09-12 00:52:50.850,1784.769722222222
Pulse experiments,pioreactor01,2026-09-11T19:07:50.857Z,0.1668359375,515,2026-09-12 00:52:50.857,1784.769722222222
Pulse experiments,pioreactor01,2026-09-11T19:07:50.860Z,0.1904296875,555,2026-09-12 00:52:50.860,1784.769722222222
Pulse experiments,pioreactor01,2026-09-11T19:07:50.866Z,0.178046875,590,2026-09-12 00:52:50.866,1784.769722222222
Pulse experiments,pioreactor01,2026-09-11T19:07:50.870Z,0.1794921875,630,2026-09-12 00:52:50.870,1784.769722222222
Pulse experiments,pioreactor01,2026-09-11T19:07:50.875Z,0.10986328125,680,2026-09-12 00:52:50.875,1784.769722222222
Pulse experiments,pioreactor01,2026-09-11T19:07:55.839Z,0.017265625,415,2026-09-12 00:52:55.839,1784.771111111111
Pulse experiments,pioreactor01,2026-09-11T19:07:55.846Z,0.14708984375,445,2026-09-12 00:52:55.846,1784.771111111111
Pulse experiments,pioreactor01,2026-09-11T19:07:55.850Z,0.145390625,480,2026-09-12 00:52:55.850,1784.771111111111
Pulse experiments,pioreactor01,2026-09-11T19:07:55.854Z,0.16685546875,515,2026-09-12 00:52:55.854,1784.771111111111
Pulse experiments,pioreactor01,2026-09-11T19:07:55.859Z,0.19029296875,555,2026-09-12 00:52:55.859,1784.771111111111
Pulse experiments,pioreactor01,2026-09-11T19:07:55.863Z,0.17791015625,590,2026-09-12 00:52:55.863,1784.771111111111
Pulse experiments,pioreactor01,2026-09-11T19:07:55.868Z,0.17935546875,630,2026-09-12 00:52:55.868,1784.771111111111
Pulse experiments,pioreactor01,2026-09-11T19:07:55.873Z,0.1098828125,680,2026-09-12 00:52:55.873,1784.771111111111
Pulse experiments,pioreactor01,2026-09-11T19:08:00.841Z,0.01724609375,415,2026-09-12 00:53:00.841,1784.7725
Pulse experiments,pioreactor01,2026-09-11T19:08:00.846Z,0.14703125,445,2026-09-12 00:53:00.846,1784.7725
Pulse experiments,pioreactor01,2026-09-11T19:08:00.851Z,0.1451953125,480,2026-09-12 00:53:00.851,1784.7725
Pulse experiments,pioreactor01,2026-09-11T19:08:00.856Z,0.16673828125,515,2026-09-12 00:53:00.856,1784.7725
Pulse experiments,pioreactor01,2026-09-11T19:08:00.861Z,0.19046875,555,2026-09-12 00:53:00.861,1784.7725
Pulse experiments,pioreactor01,2026-09-11T19:08:00.866Z,0.1777734375,590,2026-09-12 00:53:00.866,1784.7725
Pulse experiments,pioreactor01,2026-09-11T19:08:00.872Z,0.1795703125,630,2026-09-12 00:53:00.872,1784.7725
Pulse experiments,pioreactor01,2026-09-11T19:08:00.876Z,0.1098046875,680,2026-09-12 00:53:00.876,1784.7725
Pulse experiments,pioreactor01,2026-09-11T19:08:05.839Z,0.0172265625,415,2026-09-12 00:53:05.839,1784.773888888889
Pulse experiments,pioreactor01,2026-09-11T19:08:05.843Z,0.14720703125,445,2026-09-12 00:53:05.843,1784.773888888889
Pulse experiments,pioreactor01,2026-09-11T19:08:05.852Z,0.14533203125,480,2026-09-12 00:53:05.852,1784.773888888889
Pulse experiments,pioreactor01,2026-09-11T19:08:05.854Z,0.16693359375,515,2026-09-12 00:53:05.854,1784.773888888889
Pulse experiments,pioreactor01,2026-09-11T19:08:05.860Z,0.1908984375,555,2026-09-12 00:53:05.860,1784.773888888889
Pulse experiments,pioreactor01,2026-09-11T19:08:05.865Z,0.1781640625,590,2026-09-12 00:53:05.865,1784.773888888889
Pulse experiments,pioreactor01,2026-09-11T19:08:05.870Z,0.1796875,630,2026-09-12 00:53:05.870,1784.773888888889
Pulse experiments,pioreactor01,2026-09-11T19:08:05.875Z,0.11029296875,680,2026-09-12 00:53:05.875,1784.773888888889
Pulse experiments,pioreactor01,2026-09-11T19:08:10.841Z,0.0172265625,415,2026-09-12 00:53:10.841,1784.775277777778
Pulse experiments,pioreactor01,2026-09-11T19:08:10.846Z,0.147265625,445,2026-09-12 00:53:10.846,1784.775277777778
Pulse experiments,pioreactor01,2026-09-11T19:08:10.852Z,0.145078125,480,2026-09-12 00:53:10.852,1784.775277777778
Pulse experiments,pioreactor01,2026-09-11T19:08:10.856Z,0.16671875,515,2026-09-12 00:53:10.856,1784.775277777778
Pulse experiments,pioreactor01,2026-09-11T19:08:10.861Z,0.190625,555,2026-09-12 00:53:10.861,1784.775277777778
Pulse experiments,pioreactor01,2026-09-11T19:08:10.866Z,0.1778125,590,2026-09-12 00:53:10.866,1784.775277777778
Pulse experiments,pioreactor01,2026-09-11T19:08:10.870Z,0.179765625,630,2026-09-12 00:53:10.870,1784.775277777778
Pulse experiments,pioreactor01,2026-09-11T19:08:10.876Z,0.1100390625,680,2026-09-12 00:53:10.876,1784.775277777778
Pulse experiments,pioreactor01,2026-09-11T19:08:15.842Z,0.01724609375,415,2026-09-12 00:53:15.842,1784.776666666667
Pulse experiments,pioreactor01,2026-09-11T19:08:15.847Z,0.14728515625,445,2026-09-12 00:53:15.847,1784.776666666667
Pulse experiments,pioreactor01,2026-09-11T19:08:15.854Z,0.14537109375,480,2026-09-12 00:53:15.854,1784.776666666667
Pulse experiments,pioreactor01,2026-09-11T19:08:15.859Z,0.16677734375,515,2026-09-12 00:53:15.859,1784.776666666667
Pulse experiments,pioreactor01,2026-09-11T19:08:15.864Z,0.19046875,555,2026-09-12 00:53:15.864,1784.776666666667
Pulse experiments,pioreactor01,2026-09-11T19:08:15.869Z,0.1778125,590,2026-09-12 00:53:15.869,1784.776666666667
Pulse experiments,pioreactor01,2026-09-11T19:08:15.876Z,0.1793359375,630,2026-09-12 00:53:15.876,1784.776666666667
Pulse experiments,pioreactor01,2026-09-11T19:08:15.880Z,0.10982421875,680,2026-09-12 00:53:15.880,1784.776666666667
Pulse experiments,pioreactor01,2026-09-11T19:08:20.839Z,0.01724609375,415,2026-09-12 00:53:20.839,1784.778055555556
Pulse experiments,pioreactor01,2026-09-11T19:08:20.844Z,0.14705078125,445,2026-09-12 00:53:20.844,1784.778055555556
Pulse experiments,pioreactor01,2026-09-11T19:08:20.848Z,0.14515625,480,2026-09-12 00:53:20.848,1784.778055555556
Pulse experiments,pioreactor01,2026-09-11T19:08:20.855Z,0.1666796875,515,2026-09-12 00:53:20.855,1784.778055555556
Pulse experiments,pioreactor01,2026-09-11T19:08:20.859Z,0.19056640625,555,2026-09-12 00:53:20.859,1784.778055555556
Pulse experiments,pioreactor01,2026-09-11T19:08:20.865Z,0.17794921875,590,2026-09-12 00:53:20.865,1784.778055555556
Pulse experiments,pioreactor01,2026-09-11T19:08:20.869Z,0.17953125,630,2026-09-12 00:53:20.869,1784.778055555556
Pulse experiments,pioreactor01,2026-09-11T19:08:20.875Z,0.1099609375,680,2026-09-12 00:53:20.875,1784.778055555556
Pulse experiments,pioreactor01,2026-09-11T19:08:25.839Z,0.017265625,415,2026-09-12 00:53:25.839,1784.779444444444
Pulse experiments,pioreactor01,2026-09-11T19:08:25.848Z,0.1471484375,445,2026-09-12 00:53:25.848,1784.779444444444
Pulse experiments,pioreactor01,2026-09-11T19:08:25.851Z,0.145078125,480,2026-09-12 00:53:25.851,1784.779444444444
Pulse experiments,pioreactor01,2026-09-11T19:08:25.856Z,0.16666015625,515,2026-09-12 00:53:25.856,1784.779444444444
Pulse experiments,pioreactor01,2026-09-11T19:08:25.860Z,0.19044921875,555,2026-09-12 00:53:25.860,1784.779444444444
Pulse experiments,pioreactor01,2026-09-11T19:08:25.864Z,0.1777734375,590,2026-09-12 00:53:25.864,1784.779444444444
Pulse experiments,pioreactor01,2026-09-11T19:08:25.870Z,0.17962890625,630,2026-09-12 00:53:25.870,1784.779444444444
Pulse experiments,pioreactor01,2026-09-11T19:08:25.874Z,0.11009765625,680,2026-09-12 00:53:25.874,1784.779444444444
Pulse experiments,pioreactor01,2026-09-11T19:08:30.839Z,0.01724609375,415,2026-09-12 00:53:30.839,1784.780833333333
Pulse experiments,pioreactor01,2026-09-11T19:08:30.843Z,0.1471484375,445,2026-09-12 00:53:30.843,1784.780833333333
Pulse experiments,pioreactor01,2026-09-11T19:08:30.848Z,0.14541015625,480,2026-09-12 00:53:30.848,1784.780833333333
Pulse experiments,pioreactor01,2026-09-11T19:08:30.852Z,0.16666015625,515,2026-09-12 00:53:30.852,1784.780833333333
Pulse experiments,pioreactor01,2026-09-11T19:08:30.859Z,0.1904296875,555,2026-09-12 00:53:30.859,1784.780833333333
Pulse experiments,pioreactor01,2026-09-11T19:08:30.862Z,0.17775390625,590,2026-09-12 00:53:30.862,1784.780833333333
Pulse experiments,pioreactor01,2026-09-11T19:08:30.867Z,0.1796875,630,2026-09-12 00:53:30.867,1784.780833333333
Pulse experiments,pioreactor01,2026-09-11T19:08:30.871Z,0.10990234375,680,2026-09-12 00:53:30.871,1784.780833333333
Pulse experiments,pioreactor01,2026-09-11T19:08:35.839Z,0.01724609375,415,2026-09-12 00:53:35.839,1784.782222222222
Pulse experiments,pioreactor01,2026-09-11T19:08:35.844Z,0.14728515625,445,2026-09-12 00:53:35.844,1784.782222222222
Pulse experiments,pioreactor01,2026-09-11T19:08:35.848Z,0.14525390625,480,2026-09-12 00:53:35.848,1784.782222222222
Pulse experiments,pioreactor01,2026-09-11T19:08:35.853Z,0.166875,515,2026-09-12 00:53:35.853,1784.782222222222
Pulse experiments,pioreactor01,2026-09-11T19:08:35.859Z,0.1903125,555,2026-09-12 00:53:35.859,1784.782222222222
Pulse experiments,pioreactor01,2026-09-11T19:08:35.863Z,0.17767578125,590,2026-09-12 00:53:35.863,1784.782222222222
Pulse experiments,pioreactor01,2026-09-11T19:08:35.869Z,0.1794921875,630,2026-09-12 00:53:35.869,1784.782222222222
Pulse experiments,pioreactor01,2026-09-11T19:08:35.873Z,0.1098828125,680,2026-09-12 00:53:35.873,1784.782222222222
Pulse experiments,pioreactor01,2026-09-11T19:08:40.840Z,0.01720703125,415,2026-09-12 00:53:40.840,1784.783611111111
Pulse experiments,pioreactor01,2026-09-11T19:08:40.846Z,0.1471875,445,2026-09-12 00:53:40.846,1784.783611111111
Pulse experiments,pioreactor01,2026-09-11T19:08:40.850Z,0.14515625,480,2026-09-12 00:53:40.850,1784.783611111111
Pulse experiments,pioreactor01,2026-09-11T19:08:40.853Z,0.1668359375,515,2026-09-12 00:53:40.853,1784.783611111111
Pulse experiments,pioreactor01,2026-09-11T19:08:40.858Z,0.19068359375,555,2026-09-12 00:53:40.858,1784.783611111111
Pulse experiments,pioreactor01,2026-09-11T19:08:40.862Z,0.17796875,590,2026-09-12 00:53:40.862,1784.783611111111
Pulse experiments,pioreactor01,2026-09-11T19:08:40.867Z,0.17958984375,630,2026-09-12 00:53:40.867,1784.783611111111
Pulse experiments,pioreactor01,2026-09-11T19:08:40.871Z,0.1100390625,680,2026-09-12 00:53:40.871,1784.783611111111
Pulse experiments,pioreactor01,2026-09-11T19:08:45.839Z,0.01720703125,415,2026-09-12 00:53:45.839,1784.785
Pulse experiments,pioreactor01,2026-09-11T19:08:45.847Z,0.14708984375,445,2026-09-12 00:53:45.847,1784.785
Pulse experiments,pioreactor01,2026-09-11T19:08:45.853Z,0.14521484375,480,2026-09-12 00:53:45.853,1784.785
Pulse experiments,pioreactor01,2026-09-11T19:08:45.857Z,0.1666796875,515,2026-09-12 00:53:45.857,1784.785
Pulse experiments,pioreactor01,2026-09-11T19:08:45.862Z,0.19064453125,555,2026-09-12 00:53:45.862,1784.785
Pulse experiments,pioreactor01,2026-09-11T19:08:45.866Z,0.17783203125,590,2026-09-12 00:53:45.866,1784.785
Pulse experiments,pioreactor01,2026-09-11T19:08:45.871Z,0.17951171875,630,2026-09-12 00:53:45.871,1784.785
Pulse experiments,pioreactor01,2026-09-11T19:08:45.875Z,0.11005859375,680,2026-09-12 00:53:45.875,1784.785
Pulse experiments,pioreactor01,2026-09-11T19:08:50.839Z,0.01724609375,415,2026-09-12 00:53:50.839,1784.786388888889
Pulse experiments,pioreactor01,2026-09-11T19:08:50.847Z,0.1469140625,445,2026-09-12 00:53:50.847,1784.786388888889
Pulse experiments,pioreactor01,2026-09-11T19:08:50.852Z,0.145,480,2026-09-12 00:53:50.852,1784.786388888889
Pulse experiments,pioreactor01,2026-09-11T19:08:50.856Z,0.16662109375,515,2026-09-12 00:53:50.856,1784.786388888889
Pulse experiments,pioreactor01,2026-09-11T19:08:50.860Z,0.1904296875,555,2026-09-12 00:53:50.860,1784.786388888889
Pulse experiments,pioreactor01,2026-09-11T19:08:50.866Z,0.1777734375,590,2026-09-12 00:53:50.866,1784.786388888889
Pulse experiments,pioreactor01,2026-09-11T19:08:50.870Z,0.17970703125,630,2026-09-12 00:53:50.870,1784.786388888889
Pulse experiments,pioreactor01,2026-09-11T19:08:50.875Z,0.11009765625,680,2026-09-12 00:53:50.875,1784.786388888889
Pulse experiments,pioreactor01,2026-09-11T19:08:55.837Z,0.0171875,415,2026-09-12 00:53:55.837,1784.787777777778
Pulse experiments,pioreactor01,2026-09-11T19:08:55.843Z,0.14708984375,445,2026-09-12 00:53:55.843,1784.787777777778
Pulse experiments,pioreactor01,2026-09-11T19:08:55.846Z,0.1451171875,480,2026-09-12 00:53:55.846,1784.787777777778
Pulse experiments,pioreactor01,2026-09-11T19:08:55.853Z,0.16669921875,515,2026-09-12 00:53:55.853,1784.787777777778
Pulse experiments,pioreactor01,2026-09-11T19:08:55.856Z,0.19068359375,555,2026-09-12 00:53:55.856,1784.787777777778
Pulse experiments,pioreactor01,2026-09-11T19:08:55.863Z,0.17783203125,590,2026-09-12 00:53:55.863,1784.787777777778
Pulse experiments,pioreactor01,2026-09-11T19:08:55.867Z,0.17951171875,630,2026-09-12 00:53:55.867,1784.787777777778
Pulse experiments,pioreactor01,2026-09-11T19:08:55.873Z,0.11009765625,680,2026-09-12 00:53:55.873,1784.787777777778
Pulse experiments,pioreactor01,2026-09-11T19:09:00.838Z,0.0172265625,415,2026-09-12 00:54:00.838,1784.789166666667
Pulse experiments,pioreactor01,2026-09-11T19:09:00.842Z,0.14703125,445,2026-09-12 00:54:00.842,1784.789166666667
Pulse experiments,pioreactor01,2026-09-11T19:09:00.848Z,0.1450390625,480,2026-09-12 00:54:00.848,1784.789166666667
Pulse experiments,pioreactor01,2026-09-11T19:09:00.852Z,0.16673828125,515,2026-09-12 00:54:00.852,1784.789166666667
Pulse experiments,pioreactor01,2026-09-11T19:09:00.857Z,0.1906640625,555,2026-09-12 00:54:00.857,1784.789166666667
Pulse experiments,pioreactor01,2026-09-11T19:09:00.861Z,0.17775390625,590,2026-09-12 00:54:00.861,1784.789166666667
Pulse experiments,pioreactor01,2026-09-11T19:09:00.866Z,0.17947265625,630,2026-09-12 00:54:00.866,1784.789166666667
Pulse experiments,pioreactor01,2026-09-11T19:09:00.871Z,0.11013671875,680,2026-09-12 00:54:00.871,1784.789166666667
Pulse experiments,pioreactor01,2026-09-11T19:09:05.843Z,0.0172265625,415,2026-09-12 00:54:05.843,1784.790555555556
Pulse experiments,pioreactor01,2026-09-11T19:09:05.846Z,0.1470703125,445,2026-09-12 00:54:05.846,1784.790555555556
Pulse experiments,pioreactor01,2026-09-11T19:09:05.850Z,0.14484375,480,2026-09-12 00:54:05.850,1784.790555555556
Pulse experiments,pioreactor01,2026-09-11T19:09:05.855Z,0.1666015625,515,2026-09-12 00:54:05.855,1784.790555555556
Pulse experiments,pioreactor01,2026-09-11T19:09:05.859Z,0.190390625,555,2026-09-12 00:54:05.859,1784.790555555556
Pulse experiments,pioreactor01,2026-09-11T19:09:05.864Z,0.177734375,590,2026-09-12 00:54:05.864,1784.790555555556
Pulse experiments,pioreactor01,2026-09-11T19:09:05.868Z,0.17966796875,630,2026-09-12 00:54:05.868,1784.790555555556
Pulse experiments,pioreactor01,2026-09-11T19:09:05.873Z,0.11015625,680,2026-09-12 00:54:05.873,1784.790555555556
Pulse experiments,pioreactor01,2026-09-11T19:09:10.839Z,0.016484375,415,2026-09-12 00:54:10.839,1784.791944444444
Pulse experiments,pioreactor01,2026-09-11T19:09:10.843Z,0.13767578125,445,2026-09-12 00:54:10.843,1784.791944444444
Pulse experiments,pioreactor01,2026-09-11T19:09:10.849Z,0.1340234375,480,2026-09-12 00:54:10.849,1784.791944444444
Pulse experiments,pioreactor01,2026-09-11T19:09:10.854Z,0.1559765625,515,2026-09-12 00:54:10.854,1784.791944444444
Pulse experiments,pioreactor01,2026-09-11T19:09:10.860Z,0.1831640625,555,2026-09-12 00:54:10.860,1784.791944444444
Pulse experiments,pioreactor01,2026-09-11T19:09:10.864Z,0.1771484375,590,2026-09-12 00:54:10.864,1784.791944444444
Pulse experiments,pioreactor01,2026-09-11T19:09:10.869Z,0.17912109375,630,2026-09-12 00:54:10.869,1784.791944444444
Pulse experiments,pioreactor01,2026-09-11T19:09:10.873Z,0.10755859375,680,2026-09-12 00:54:10.873,1784.791944444444
Pulse experiments,pioreactor01,2026-09-11T19:09:15.841Z,0.0165625,415,2026-09-12 00:54:15.841,1784.793333333333
Pulse experiments,pioreactor01,2026-09-11T19:09:15.846Z,0.137890625,445,2026-09-12 00:54:15.846,1784.793333333333
Pulse experiments,pioreactor01,2026-09-11T19:09:15.850Z,0.1342578125,480,2026-09-12 00:54:15.850,1784.793333333333
Pulse experiments,pioreactor01,2026-09-11T19:09:15.854Z,0.1562109375,515,2026-09-12 00:54:15.854,1784.793333333333
Pulse experiments,pioreactor01,2026-09-11T19:09:15.861Z,0.1826953125,555,2026-09-12 00:54:15.861,1784.793333333333
Pulse experiments,pioreactor01,2026-09-11T19:09:15.864Z,0.17703125,590,2026-09-12 00:54:15.864,1784.793333333333
Pulse experiments,pioreactor01,2026-09-11T19:09:15.869Z,0.17919921875,630,2026-09-12 00:54:15.869,1784.793333333333
Pulse experiments,pioreactor01,2026-09-11T19:09:15.875Z,0.10734375,680,2026-09-12 00:54:15.875,1784.793333333333
Pulse experiments,pioreactor01,2026-09-11T19:09:20.840Z,0.0165234375,415,2026-09-12 00:54:20.840,1784.794722222222
Pulse experiments,pioreactor01,2026-09-11T19:09:20.846Z,0.13763671875,445,2026-09-12 00:54:20.846,1784.794722222222
Pulse experiments,pioreactor01,2026-09-11T19:09:20.851Z,0.1340234375,480,2026-09-12 00:54:20.851,1784.794722222222
Pulse experiments,pioreactor01,2026-09-11T19:09:20.855Z,0.15595703125,515,2026-09-12 00:54:20.855,1784.794722222222
Pulse experiments,pioreactor01,2026-09-11T19:09:20.860Z,0.1828125,555,2026-09-12 00:54:20.860,1784.794722222222
Pulse experiments,pioreactor01,2026-09-11T19:09:20.864Z,0.176875,590,2026-09-12 00:54:20.864,1784.794722222222
Pulse experiments,pioreactor01,2026-09-11T19:09:20.871Z,0.1792578125,630,2026-09-12 00:54:20.871,1784.794722222222
Pulse experiments,pioreactor01,2026-09-11T19:09:20.875Z,0.10732421875,680,2026-09-12 00:54:20.875,1784.794722222222
Pulse experiments,pioreactor01,2026-09-11T19:09:25.839Z,0.01654296875,415,2026-09-12 00:54:25.839,1784.796111111111
Pulse experiments,pioreactor01,2026-09-11T19:09:25.843Z,0.13771484375,445,2026-09-12 00:54:25.843,1784.796111111111
Pulse experiments,pioreactor01,2026-09-11T19:09:25.847Z,0.13421875,480,2026-09-12 00:54:25.847,1784.796111111111
Pulse experiments,pioreactor01,2026-09-11T19:09:25.852Z,0.15611328125,515,2026-09-12 00:54:25.852,1784.796111111111
Pulse experiments,pioreactor01,2026-09-11T19:09:25.856Z,0.182734375,555,2026-09-12 00:54:25.856,1784.796111111111
Pulse experiments,pioreactor01,2026-09-11T19:09:25.861Z,0.17697265625,590,2026-09-12 00:54:25.861,1784.796111111111
Pulse experiments,pioreactor01,2026-09-11T19:09:25.866Z,0.17916015625,630,2026-09-12 00:54:25.866,1784.796111111111
Pulse experiments,pioreactor01,2026-09-11T19:09:25.871Z,0.10744140625,680,2026-09-12 00:54:25.871,1784.796111111111
Pulse experiments,pioreactor01,2026-09-11T19:09:30.837Z,0.01654296875,415,2026-09-12 00:54:30.837,1784.7975
Pulse experiments,pioreactor01,2026-09-11T19:09:30.842Z,0.13783203125,445,2026-09-12 00:54:30.842,1784.7975
Pulse experiments,pioreactor01,2026-09-11T19:09:30.846Z,0.134140625,480,2026-09-12 00:54:30.846,1784.7975
Pulse experiments,pioreactor01,2026-09-11T19:09:30.852Z,0.1561328125,515,2026-09-12 00:54:30.852,1784.7975
Pulse experiments,pioreactor01,2026-09-11T19:09:30.855Z,0.18287109375,555,2026-09-12 00:54:30.855,1784.7975
Pulse experiments,pioreactor01,2026-09-11T19:09:30.860Z,0.17701171875,590,2026-09-12 00:54:30.860,1784.7975
Pulse experiments,pioreactor01,2026-09-11T19:09:30.865Z,0.1791796875,630,2026-09-12 00:54:30.865,1784.7975
Pulse experiments,pioreactor01,2026-09-11T19:09:30.869Z,0.10751953125,680,2026-09-12 00:54:30.869,1784.7975
Pulse experiments,pioreactor01,2026-09-11T19:09:35.841Z,0.0165234375,415,2026-09-12 00:54:35.841,1784.798888888889
Pulse experiments,pioreactor01,2026-09-11T19:09:35.844Z,0.13765625,445,2026-09-12 00:54:35.844,1784.798888888889
Pulse experiments,pioreactor01,2026-09-11T19:09:35.848Z,0.13404296875,480,2026-09-12 00:54:35.848,1784.798888888889
Pulse experiments,pioreactor01,2026-09-11T19:09:35.853Z,0.15599609375,515,2026-09-12 00:54:35.853,1784.798888888889
Pulse experiments,pioreactor01,2026-09-11T19:09:35.859Z,0.182890625,555,2026-09-12 00:54:35.859,1784.798888888889
Pulse experiments,pioreactor01,2026-09-11T19:09:35.863Z,0.17705078125,590,2026-09-12 00:54:35.863,1784.798888888889
Pulse experiments,pioreactor01,2026-09-11T19:09:35.869Z,0.17921875,630,2026-09-12 00:54:35.869,1784.798888888889
Pulse experiments,pioreactor01,2026-09-11T19:09:35.874Z,0.10744140625,680,2026-09-12 00:54:35.874,1784.798888888889
Pulse experiments,pioreactor01,2026-09-11T19:09:40.841Z,0.0165625,415,2026-09-12 00:54:40.841,1784.800277777778
Pulse experiments,pioreactor01,2026-09-11T19:09:40.845Z,0.137734375,445,2026-09-12 00:54:40.845,1784.800277777778
Pulse experiments,pioreactor01,2026-09-11T19:09:40.850Z,0.1340625,480,2026-09-12 00:54:40.850,1784.800277777778
Pulse experiments,pioreactor01,2026-09-11T19:09:40.856Z,0.15599609375,515,2026-09-12 00:54:40.856,1784.800277777778
Pulse experiments,pioreactor01,2026-09-11T19:09:40.860Z,0.18298828125,555,2026-09-12 00:54:40.860,1784.800277777778
Pulse experiments,pioreactor01,2026-09-11T19:09:40.866Z,0.17724609375,590,2026-09-12 00:54:40.866,1784.800277777778
Pulse experiments,pioreactor01,2026-09-11T19:09:40.871Z,0.17892578125,630,2026-09-12 00:54:40.871,1784.800277777778
Pulse experiments,pioreactor01,2026-09-11T19:09:40.877Z,0.107578125,680,2026-09-12 00:54:40.877,1784.800277777778
Pulse experiments,pioreactor01,2026-09-11T19:09:45.840Z,0.01654296875,415,2026-09-12 00:54:45.840,1784.801666666667
Pulse experiments,pioreactor01,2026-09-11T19:09:45.845Z,0.1378515625,445,2026-09-12 00:54:45.845,1784.801666666667
Pulse experiments,pioreactor01,2026-09-11T19:09:45.850Z,0.134140625,480,2026-09-12 00:54:45.850,1784.801666666667
Pulse experiments,pioreactor01,2026-09-11T19:09:45.855Z,0.1559765625,515,2026-09-12 00:54:45.855,1784.801666666667
Pulse experiments,pioreactor01,2026-09-11T19:09:45.860Z,0.18283203125,555,2026-09-12 00:54:45.860,1784.801666666667
Pulse experiments,pioreactor01,2026-09-11T19:09:45.864Z,0.1769921875,590,2026-09-12 00:54:45.864,1784.801666666667
Pulse experiments,pioreactor01,2026-09-11T19:09:45.870Z,0.17908203125,630,2026-09-12 00:54:45.870,1784.801666666667
Pulse experiments,pioreactor01,2026-09-11T19:09:45.873Z,0.10724609375,680,2026-09-12 00:54:45.873,1784.801666666667
Pulse experiments,pioreactor01,2026-09-11T19:09:50.841Z,0.01654296875,415,2026-09-12 00:54:50.841,1784.803055555556
Pulse experiments,pioreactor01,2026-09-11T19:09:50.845Z,0.1378125,445,2026-09-12 00:54:50.845,1784.803055555556
Pulse experiments,pioreactor01,2026-09-11T19:09:50.849Z,0.1341796875,480,2026-09-12 00:54:50.849,1784.803055555556
Pulse experiments,pioreactor01,2026-09-11T19:09:50.855Z,0.156015625,515,2026-09-12 00:54:50.855,1784.803055555556
Pulse experiments,pioreactor01,2026-09-11T19:09:50.858Z,0.1828125,555,2026-09-12 00:54:50.858,1784.803055555556
Pulse experiments,pioreactor01,2026-09-11T19:09:50.863Z,0.17697265625,590,2026-09-12 00:54:50.863,1784.803055555556
Pulse experiments,pioreactor01,2026-09-11T19:09:50.869Z,0.17916015625,630,2026-09-12 00:54:50.869,1784.803055555556
Pulse experiments,pioreactor01,2026-09-11T19:09:50.873Z,0.10734375,680,2026-09-12 00:54:50.873,1784.803055555556
Pulse experiments,pioreactor01,2026-09-11T19:09:55.841Z,0.01654296875,415,2026-09-12 00:54:55.841,1784.804444444444
Pulse experiments,pioreactor01,2026-09-11T19:09:55.845Z,0.13775390625,445,2026-09-12 00:54:55.845,1784.804444444444
Pulse experiments,pioreactor01,2026-09-11T19:09:55.850Z,0.1340625,480,2026-09-12 00:54:55.850,1784.804444444444
Pulse experiments,pioreactor01,2026-09-11T19:09:55.855Z,0.15615234375,515,2026-09-12 00:54:55.855,1784.804444444444
Pulse experiments,pioreactor01,2026-09-11T19:09:55.860Z,0.18294921875,555,2026-09-12 00:54:55.860,1784.804444444444
Pulse experiments,pioreactor01,2026-09-11T19:09:55.864Z,0.1770703125,590,2026-09-12 00:54:55.864,1784.804444444444
Pulse experiments,pioreactor01,2026-09-11T19:09:55.869Z,0.17935546875,630,2026-09-12 00:54:55.869,1784.804444444444
Pulse experiments,pioreactor01,2026-09-11T19:09:55.874Z,0.1075,680,2026-09-12 00:54:55.874,1784.804444444444
Pulse experiments,pioreactor01,2026-09-11T19:10:00.844Z,0.01654296875,415,2026-09-12 00:55:00.844,1784.805833333333
Pulse experiments,pioreactor01,2026-09-11T19:10:00.848Z,0.13779296875,445,2026-09-12 00:55:00.848,1784.805833333333
Pulse experiments,pioreactor01,2026-09-11T19:10:00.855Z,0.13419921875,480,2026-09-12 00:55:00.855,1784.805833333333
Pulse experiments,pioreactor01,2026-09-11T19:10:00.859Z,0.15619140625,515,2026-09-12 00:55:00.859,1784.805833333333
Pulse experiments,pioreactor01,2026-09-11T19:10:00.863Z,0.1830859375,555,2026-09-12 00:55:00.863,1784.805833333333
Pulse experiments,pioreactor01,2026-09-11T19:10:00.868Z,0.17724609375,590,2026-09-12 00:55:00.868,1784.805833333333
Pulse experiments,pioreactor01,2026-09-11T19:10:00.874Z,0.17947265625,630,2026-09-12 00:55:00.874,1784.805833333333
Pulse experiments,pioreactor01,2026-09-11T19:10:00.879Z,0.107890625,680,2026-09-12 00:55:00.879,1784.805833333333
Pulse experiments,pioreactor01,2026-09-11T19:10:05.843Z,0.0165234375,415,2026-09-12 00:55:05.843,1784.807222222222
Pulse experiments,pioreactor01,2026-09-11T19:10:05.848Z,0.13779296875,445,2026-09-12 00:55:05.848,1784.807222222222
Pulse experiments,pioreactor01,2026-09-11T19:10:05.851Z,0.13416015625,480,2026-09-12 00:55:05.851,1784.807222222222
Pulse experiments,pioreactor01,2026-09-11T19:10:05.856Z,0.15607421875,515,2026-09-12 00:55:05.856,1784.807222222222
Pulse experiments,pioreactor01,2026-09-11T19:10:05.861Z,0.18296875,555,2026-09-12 00:55:05.861,1784.807222222222
Pulse experiments,pioreactor01,2026-09-11T19:10:05.866Z,0.17701171875,590,2026-09-12 00:55:05.866,1784.807222222222
Pulse experiments,pioreactor01,2026-09-11T19:10:05.870Z,0.179296875,630,2026-09-12 00:55:05.870,1784.807222222222
Pulse experiments,pioreactor01,2026-09-11T19:10:05.875Z,0.1075,680,2026-09-12 00:55:05.875,1784.807222222222
Pulse experiments,pioreactor01,2026-09-11T19:10:10.844Z,0.01650390625,415,2026-09-12 00:55:10.844,1784.808611111111
Pulse experiments,pioreactor01,2026-09-11T19:10:10.849Z,0.13787109375,445,2026-09-12 00:55:10.849,1784.808611111111
Pulse experiments,pioreactor01,2026-09-11T19:10:10.854Z,0.1341796875,480,2026-09-12 00:55:10.854,1784.808611111111
Pulse experiments,pioreactor01,2026-09-11T19:10:10.859Z,0.15609375,515,2026-09-12 00:55:10.859,1784.808611111111
Pulse experiments,pioreactor01,2026-09-11T19:10:10.865Z,0.1829296875,555,2026-09-12 00:55:10.865,1784.808611111111
Pulse experiments,pioreactor01,2026-09-11T19:10:10.869Z,0.17705078125,590,2026-09-12 00:55:10.869,1784.808611111111
Pulse experiments,pioreactor01,2026-09-11T19:10:10.875Z,0.17921875,630,2026-09-12 00:55:10.875,1784.808611111111
Pulse experiments,pioreactor01,2026-09-11T19:10:10.879Z,0.1075,680,2026-09-12 00:55:10.879,1784.808611111111
Pulse experiments,pioreactor01,2026-09-11T19:10:15.838Z,0.0165625,415,2026-09-12 00:55:15.838,1784.81
Pulse experiments,pioreactor01,2026-09-11T19:10:15.842Z,0.13783203125,445,2026-09-12 00:55:15.842,1784.81
Pulse experiments,pioreactor01,2026-09-11T19:10:15.848Z,0.13423828125,480,2026-09-12 00:55:15.848,1784.81
Pulse experiments,pioreactor01,2026-09-11T19:10:15.851Z,0.15623046875,515,2026-09-12 00:55:15.851,1784.81
Pulse experiments,pioreactor01,2026-09-11T19:10:15.856Z,0.183046875,555,2026-09-12 00:55:15.856,1784.81
Pulse experiments,pioreactor01,2026-09-11T19:10:15.860Z,0.17701171875,590,2026-09-12 00:55:15.860,1784.81
Pulse experiments,pioreactor01,2026-09-11T19:10:15.865Z,0.17923828125,630,2026-09-12 00:55:15.865,1784.81
Pulse experiments,pioreactor01,2026-09-11T19:10:15.870Z,0.10765625,680,2026-09-12 00:55:15.870,1784.81
Pulse experiments,pioreactor01,2026-09-11T19:10:20.837Z,0.0165625,415,2026-09-12 00:55:20.837,1784.811388888889
Pulse experiments,pioreactor01,2026-09-11T19:10:20.841Z,0.1379296875,445,2026-09-12 00:55:20.841,1784.811388888889
Pulse experiments,pioreactor01,2026-09-11T19:10:20.847Z,0.13412109375,480,2026-09-12 00:55:20.847,1784.811388888889
Pulse experiments,pioreactor01,2026-09-11T19:10:20.851Z,0.1561328125,515,2026-09-12 00:55:20.851,1784.811388888889
Pulse experiments,pioreactor01,2026-09-11T19:10:20.856Z,0.1828125,555,2026-09-12 00:55:20.856,1784.811388888889
Pulse experiments,pioreactor01,2026-09-11T19:10:20.862Z,0.17703125,590,2026-09-12 00:55:20.862,1784.811388888889
Pulse experiments,pioreactor01,2026-09-11T19:10:20.866Z,0.17896484375,630,2026-09-12 00:55:20.866,1784.811388888889
Pulse experiments,pioreactor01,2026-09-11T19:10:20.872Z,0.10732421875,680,2026-09-12 00:55:20.872,1784.811388888889
Pulse experiments,pioreactor01,2026-09-11T19:10:25.838Z,0.01654296875,415,2026-09-12 00:55:25.838,1784.812777777778
Pulse experiments,pioreactor01,2026-09-11T19:10:25.844Z,0.13783203125,445,2026-09-12 00:55:25.844,1784.812777777778
Pulse experiments,pioreactor01,2026-09-11T19:10:25.848Z,0.1341796875,480,2026-09-12 00:55:25.848,1784.812777777778
Pulse experiments,pioreactor01,2026-09-11T19:10:25.854Z,0.156015625,515,2026-09-12 00:55:25.854,1784.812777777778
Pulse experiments,pioreactor01,2026-09-11T19:10:25.858Z,0.18291015625,555,2026-09-12 00:55:25.858,1784.812777777778
Pulse experiments,pioreactor01,2026-09-11T19:10:25.864Z,0.17701171875,590,2026-09-12 00:55:25.864,1784.812777777778
Pulse experiments,pioreactor01,2026-09-11T19:10:25.868Z,0.17919921875,630,2026-09-12 00:55:25.868,1784.812777777778
Pulse experiments,pioreactor01,2026-09-11T19:10:25.872Z,0.10744140625,680,2026-09-12 00:55:25.872,1784.812777777778
Pulse experiments,pioreactor01,2026-09-11T19:10:30.840Z,0.01654296875,415,2026-09-12 00:55:30.840,1784.814166666667
Pulse experiments,pioreactor01,2026-09-11T19:10:30.844Z,0.13783203125,445,2026-09-12 00:55:30.844,1784.814166666667
Pulse experiments,pioreactor01,2026-09-11T19:10:30.851Z,0.1341796875,480,2026-09-12 00:55:30.851,1784.814166666667
Pulse experiments,pioreactor01,2026-09-11T19:10:30.855Z,0.15607421875,515,2026-09-12 00:55:30.855,1784.814166666667
Pulse experiments,pioreactor01,2026-09-11T19:10:30.860Z,0.18287109375,555,2026-09-12 00:55:30.860,1784.814166666667
Pulse experiments,pioreactor01,2026-09-11T19:10:30.865Z,0.17732421875,590,2026-09-12 00:55:30.865,1784.814166666667
Pulse experiments,pioreactor01,2026-09-11T19:10:30.869Z,0.17931640625,630,2026-09-12 00:55:30.869,1784.814166666667
Pulse experiments,pioreactor01,2026-09-11T19:10:30.874Z,0.10763671875,680,2026-09-12 00:55:30.874,1784.814166666667
Pulse experiments,pioreactor01,2026-09-11T19:10:35.840Z,0.01654296875,415,2026-09-12 00:55:35.840,1784.815555555556
Pulse experiments,pioreactor01,2026-09-11T19:10:35.846Z,0.137734375,445,2026-09-12 00:55:35.846,1784.815555555556
Pulse experiments,pioreactor01,2026-09-11T19:10:35.850Z,0.13408203125,480,2026-09-12 00:55:35.850,1784.815555555556
Pulse experiments,pioreactor01,2026-09-11T19:10:35.856Z,0.15587890625,515,2026-09-12 00:55:35.856,1784.815555555556
Pulse experiments,pioreactor01,2026-09-11T19:10:35.861Z,0.182890625,555,2026-09-12 00:55:35.861,1784.815555555556
Pulse experiments,pioreactor01,2026-09-11T19:10:35.866Z,0.1769921875,590,2026-09-12 00:55:35.866,1784.815555555556
Pulse experiments,pioreactor01,2026-09-11T19:10:35.870Z,0.17912109375,630,2026-09-12 00:55:35.870,1784.815555555556
Pulse experiments,pioreactor01,2026-09-11T19:10:35.876Z,0.10748046875,680,2026-09-12 00:55:35.876,1784.815555555556
Pulse experiments,pioreactor01,2026-09-11T19:10:40.842Z,0.016484375,415,2026-09-12 00:55:40.842,1784.816944444445
Pulse experiments,pioreactor01,2026-09-11T19:10:40.845Z,0.137734375,445,2026-09-12 00:55:40.845,1784.816944444445
Pulse experiments,pioreactor01,2026-09-11T19:10:40.848Z,0.13400390625,480,2026-09-12 00:55:40.848,1784.816944444445
Pulse experiments,pioreactor01,2026-09-11T19:10:40.852Z,0.15607421875,515,2026-09-12 00:55:40.852,1784.816944444445
Pulse experiments,pioreactor01,2026-09-11T19:10:40.857Z,0.18287109375,555,2026-09-12 00:55:40.857,1784.816944444445
Pulse experiments,pioreactor01,2026-09-11T19:10:40.862Z,0.1772265625,590,2026-09-12 00:55:40.862,1784.816944444445
Pulse experiments,pioreactor01,2026-09-11T19:10:40.866Z,0.17916015625,630,2026-09-12 00:55:40.866,1784.816944444445
Pulse experiments,pioreactor01,2026-09-11T19:10:40.870Z,0.10771484375,680,2026-09-12 00:55:40.870,1784.816944444445
Pulse experiments,pioreactor01,2026-09-11T19:10:45.841Z,0.01650390625,415,2026-09-12 00:55:45.841,1784.818333333333
Pulse experiments,pioreactor01,2026-09-11T19:10:45.844Z,0.1377734375,445,2026-09-12 00:55:45.844,1784.818333333333
Pulse experiments,pioreactor01,2026-09-11T19:10:45.851Z,0.13421875,480,2026-09-12 00:55:45.851,1784.818333333333
Pulse experiments,pioreactor01,2026-09-11T19:10:45.855Z,0.1561328125,515,2026-09-12 00:55:45.855,1784.818333333333
Pulse experiments,pioreactor01,2026-09-11T19:10:45.861Z,0.18267578125,555,2026-09-12 00:55:45.861,1784.818333333333
Pulse experiments,pioreactor01,2026-09-11T19:10:45.866Z,0.17703125,590,2026-09-12 00:55:45.866,1784.818333333333
Pulse experiments,pioreactor01,2026-09-11T19:10:45.871Z,0.179140625,630,2026-09-12 00:55:45.871,1784.818333333333
Pulse experiments,pioreactor01,2026-09-11T19:10:45.876Z,0.10755859375,680,2026-09-12 00:55:45.876,1784.818333333333
Pulse experiments,pioreactor01,2026-09-11T19:10:50.839Z,0.01654296875,415,2026-09-12 00:55:50.839,1784.819722222222
Pulse experiments,pioreactor01,2026-09-11T19:10:50.846Z,0.13783203125,445,2026-09-12 00:55:50.846,1784.819722222222
Pulse experiments,pioreactor01,2026-09-11T19:10:50.852Z,0.13408203125,480,2026-09-12 00:55:50.852,1784.819722222222
Pulse experiments,pioreactor01,2026-09-11T19:10:50.855Z,0.15615234375,515,2026-09-12 00:55:50.855,1784.819722222222
Pulse experiments,pioreactor01,2026-09-11T19:10:50.861Z,0.18275390625,555,2026-09-12 00:55:50.861,1784.819722222222
Pulse experiments,pioreactor01,2026-09-11T19:10:50.865Z,0.17701171875,590,2026-09-12 00:55:50.865,1784.819722222222
Pulse experiments,pioreactor01,2026-09-11T19:10:50.872Z,0.17931640625,630,2026-09-12 00:55:50.872,1784.819722222222
Pulse experiments,pioreactor01,2026-09-11T19:10:50.876Z,0.10755859375,680,2026-09-12 00:55:50.876,1784.819722222222
Pulse experiments,pioreactor01,2026-09-11T19:10:55.838Z,0.01650390625,415,2026-09-12 00:55:55.838,1784.821111111111
Pulse experiments,pioreactor01,2026-09-11T19:10:55.843Z,0.13794921875,445,2026-09-12 00:55:55.843,1784.821111111111
Pulse experiments,pioreactor01,2026-09-11T19:10:55.848Z,0.1340625,480,2026-09-12 00:55:55.848,1784.821111111111
Pulse experiments,pioreactor01,2026-09-11T19:10:55.852Z,0.1561328125,515,2026-09-12 00:55:55.852,1784.821111111111
Pulse experiments,pioreactor01,2026-09-11T19:10:55.858Z,0.18294921875,555,2026-09-12 00:55:55.858,1784.821111111111
Pulse experiments,pioreactor01,2026-09-11T19:10:55.861Z,0.17705078125,590,2026-09-12 00:55:55.861,1784.821111111111
Pulse experiments,pioreactor01,2026-09-11T19:10:55.867Z,0.17919921875,630,2026-09-12 00:55:55.867,1784.821111111111
Pulse experiments,pioreactor01,2026-09-11T19:10:55.870Z,0.1075,680,2026-09-12 00:55:55.870,1784.821111111111
Pulse experiments,pioreactor01,2026-09-11T19:11:00.849Z,0.0165625,415,2026-09-12 00:56:00.849,1784.8225
Pulse experiments,pioreactor01,2026-09-11T19:11:00.852Z,0.13783203125,445,2026-09-12 00:56:00.852,1784.8225
Pulse experiments,pioreactor01,2026-09-11T19:11:00.857Z,0.13404296875,480,2026-09-12 00:56:00.857,1784.8225
Pulse experiments,pioreactor01,2026-09-11T19:11:00.864Z,0.15603515625,515,2026-09-12 00:56:00.864,1784.8225
Pulse experiments,pioreactor01,2026-09-11T19:11:00.871Z,0.182890625,555,2026-09-12 00:56:00.871,1784.8225
Pulse experiments,pioreactor01,2026-09-11T19:11:00.874Z,0.1771875,590,2026-09-12 00:56:00.874,1784.8225
Pulse experiments,pioreactor01,2026-09-11T19:11:00.878Z,0.17904296875,630,2026-09-12 00:56:00.878,1784.8225
Pulse experiments,pioreactor01,2026-09-11T19:11:00.884Z,0.1076171875,680,2026-09-12 00:56:00.884,1784.8225
Pulse experiments,pioreactor01,2026-09-11T19:11:05.844Z,0.01650390625,415,2026-09-12 00:56:05.844,1784.823888888889
Pulse experiments,pioreactor01,2026-09-11T19:11:05.847Z,0.13787109375,445,2026-09-12 00:56:05.847,1784.823888888889
Pulse experiments,pioreactor01,2026-09-11T19:11:05.852Z,0.13412109375,480,2026-09-12 00:56:05.852,1784.823888888889
Pulse experiments,pioreactor01,2026-09-11T19:11:05.857Z,0.1559765625,515,2026-09-12 00:56:05.857,1784.823888888889
Pulse experiments,pioreactor01,2026-09-11T19:11:05.862Z,0.18283203125,555,2026-09-12 00:56:05.862,1784.823888888889
Pulse experiments,pioreactor01,2026-09-11T19:11:05.867Z,0.1770703125,590,2026-09-12 00:56:05.867,1784.823888888889
Pulse experiments,pioreactor01,2026-09-11T19:11:05.872Z,0.17921875,630,2026-09-12 00:56:05.872,1784.823888888889
Pulse experiments,pioreactor01,2026-09-11T19:11:05.877Z,0.10765625,680,2026-09-12 00:56:05.877,1784.823888888889
Pulse experiments,pioreactor01,2026-09-11T19:11:10.842Z,0.0165625,415,2026-09-12 00:56:10.842,1784.825277777778
Pulse experiments,pioreactor01,2026-09-11T19:11:10.891Z,0.1378515625,445,2026-09-12 00:56:10.891,1784.825277777778
Pulse experiments,pioreactor01,2026-09-11T19:11:10.892Z,0.13408203125,480,2026-09-12 00:56:10.892,1784.825277777778
Pulse experiments,pioreactor01,2026-09-11T19:11:10.893Z,0.15595703125,515,2026-09-12 00:56:10.893,1784.825277777778
Pulse experiments,pioreactor01,2026-09-11T19:11:10.894Z,0.1830078125,555,2026-09-12 00:56:10.894,1784.825277777778
Pulse experiments,pioreactor01,2026-09-11T19:11:10.896Z,0.17720703125,590,2026-09-12 00:56:10.896,1784.825277777778
Pulse experiments,pioreactor01,2026-09-11T19:11:10.897Z,0.17919921875,630,2026-09-12 00:56:10.897,1784.825277777778
Pulse experiments,pioreactor01,2026-09-11T19:11:10.897Z,0.10748046875,680,2026-09-12 00:56:10.897,1784.825277777778
Pulse experiments,pioreactor01,2026-09-11T19:11:15.843Z,0.01654296875,415,2026-09-12 00:56:15.843,1784.826666666667
Pulse experiments,pioreactor01,2026-09-11T19:11:15.846Z,0.1378125,445,2026-09-12 00:56:15.846,1784.826666666667
Pulse experiments,pioreactor01,2026-09-11T19:11:15.851Z,0.13419921875,480,2026-09-12 00:56:15.851,1784.826666666667
Pulse experiments,pioreactor01,2026-09-11T19:11:15.857Z,0.15603515625,515,2026-09-12 00:56:15.857,1784.826666666667
Pulse experiments,pioreactor01,2026-09-11T19:11:15.862Z,0.18310546875,555,2026-09-12 00:56:15.862,1784.826666666667
Pulse experiments,pioreactor01,2026-09-11T19:11:15.867Z,0.17736328125,590,2026-09-12 00:56:15.867,1784.826666666667
Pulse experiments,pioreactor01,2026-09-11T19:11:15.871Z,0.17923828125,630,2026-09-12 00:56:15.871,1784.826666666667
Pulse experiments,pioreactor01,2026-09-11T19:11:15.877Z,0.107734375,680,2026-09-12 00:56:15.877,1784.826666666667
Pulse experiments,pioreactor01,2026-09-11T19:11:20.839Z,0.01650390625,415,2026-09-12 00:56:20.839,1784.828055555555
Pulse experiments,pioreactor01,2026-09-11T19:11:20.844Z,0.1378125,445,2026-09-12 00:56:20.844,1784.828055555555
Pulse experiments,pioreactor01,2026-09-11T19:11:20.849Z,0.133984375,480,2026-09-12 00:56:20.849,1784.828055555555
Pulse experiments,pioreactor01,2026-09-11T19:11:20.855Z,0.15609375,515,2026-09-12 00:56:20.855,1784.828055555555
Pulse experiments,pioreactor01,2026-09-11T19:11:20.860Z,0.18263671875,555,2026-09-12 00:56:20.860,1784.828055555555
Pulse experiments,pioreactor01,2026-09-11T19:11:20.866Z,0.17689453125,590,2026-09-12 00:56:20.866,1784.828055555555
Pulse experiments,pioreactor01,2026-09-11T19:11:20.870Z,0.1790625,630,2026-09-12 00:56:20.870,1784.828055555555
Pulse experiments,pioreactor01,2026-09-11T19:11:20.876Z,0.10740234375,680,2026-09-12 00:56:20.876,1784.828055555555
Pulse experiments,pioreactor01,2026-09-11T19:11:25.839Z,0.0165625,415,2026-09-12 00:56:25.839,1784.829444444444
Pulse experiments,pioreactor01,2026-09-11T19:11:25.844Z,0.1377734375,445,2026-09-12 00:56:25.844,1784.829444444444
Pulse experiments,pioreactor01,2026-09-11T19:11:25.850Z,0.1340234375,480,2026-09-12 00:56:25.850,1784.829444444444
Pulse experiments,pioreactor01,2026-09-11T19:11:25.853Z,0.156171875,515,2026-09-12 00:56:25.853,1784.829444444444
Pulse experiments,pioreactor01,2026-09-11T19:11:25.858Z,0.18302734375,555,2026-09-12 00:56:25.858,1784.829444444444
Pulse experiments,pioreactor01,2026-09-11T19:11:25.864Z,0.17697265625,590,2026-09-12 00:56:25.864,1784.829444444444
Pulse experiments,pioreactor01,2026-09-11T19:11:25.870Z,0.1791015625,630,2026-09-12 00:56:25.870,1784.829444444444
Pulse experiments,pioreactor01,2026-09-11T19:11:25.875Z,0.10759765625,680,2026-09-12 00:56:25.875,1784.829444444444
Pulse experiments,pioreactor01,2026-09-11T19:11:30.836Z,0.01654296875,415,2026-09-12 00:56:30.836,1784.830833333333
Pulse experiments,pioreactor01,2026-09-11T19:11:30.841Z,0.137734375,445,2026-09-12 00:56:30.841,1784.830833333333
Pulse experiments,pioreactor01,2026-09-11T19:11:30.846Z,0.13404296875,480,2026-09-12 00:56:30.846,1784.830833333333
Pulse experiments,pioreactor01,2026-09-11T19:11:30.851Z,0.15591796875,515,2026-09-12 00:56:30.851,1784.830833333333
Pulse experiments,pioreactor01,2026-09-11T19:11:30.855Z,0.1826953125,555,2026-09-12 00:56:30.855,1784.830833333333
Pulse experiments,pioreactor01,2026-09-11T19:11:30.861Z,0.1769921875,590,2026-09-12 00:56:30.861,1784.830833333333
Pulse experiments,pioreactor01,2026-09-11T19:11:30.865Z,0.1790625,630,2026-09-12 00:56:30.865,1784.830833333333
Pulse experiments,pioreactor01,2026-09-11T19:11:30.869Z,0.1075,680,2026-09-12 00:56:30.869,1784.830833333333
Pulse experiments,pioreactor01,2026-09-11T19:11:35.837Z,0.01654296875,415,2026-09-12 00:56:35.837,1784.832222222222
Pulse experiments,pioreactor01,2026-09-11T19:11:35.842Z,0.1378515625,445,2026-09-12 00:56:35.842,1784.832222222222
Pulse experiments,pioreactor01,2026-09-11T19:11:35.846Z,0.1339453125,480,2026-09-12 00:56:35.846,1784.832222222222
Pulse experiments,pioreactor01,2026-09-11T19:11:35.852Z,0.15603515625,515,2026-09-12 00:56:35.852,1784.832222222222
Pulse experiments,pioreactor01,2026-09-11T19:11:35.856Z,0.18302734375,555,2026-09-12 00:56:35.856,1784.832222222222
Pulse experiments,pioreactor01,2026-09-11T19:11:35.862Z,0.17703125,590,2026-09-12 00:56:35.862,1784.832222222222
Pulse experiments,pioreactor01,2026-09-11T19:11:35.865Z,0.17923828125,630,2026-09-12 00:56:35.865,1784.832222222222
Pulse experiments,pioreactor01,2026-09-11T19:11:35.871Z,0.1075390625,680,2026-09-12 00:56:35.871,1784.832222222222
Pulse experiments,pioreactor01,2026-09-11T19:11:40.841Z,0.0165234375,415,2026-09-12 00:56:40.841,1784.833611111111
Pulse experiments,pioreactor01,2026-09-11T19:11:40.846Z,0.13794921875,445,2026-09-12 00:56:40.846,1784.833611111111
Pulse experiments,pioreactor01,2026-09-11T19:11:40.850Z,0.13400390625,480,2026-09-12 00:56:40.850,1784.833611111111
Pulse experiments,pioreactor01,2026-09-11T19:11:40.855Z,0.1561328125,515,2026-09-12 00:56:40.855,1784.833611111111
Pulse experiments,pioreactor01,2026-09-11T19:11:40.859Z,0.18279296875,555,2026-09-12 00:56:40.859,1784.833611111111
Pulse experiments,pioreactor01,2026-09-11T19:11:40.863Z,0.17703125,590,2026-09-12 00:56:40.863,1784.833611111111
Pulse experiments,pioreactor01,2026-09-11T19:11:40.868Z,0.178984375,630,2026-09-12 00:56:40.868,1784.833611111111
Pulse experiments,pioreactor01,2026-09-11T19:11:40.872Z,0.10759765625,680,2026-09-12 00:56:40.872,1784.833611111111
Pulse experiments,pioreactor01,2026-09-11T19:11:45.844Z,0.01654296875,415,2026-09-12 00:56:45.844,1784.835
Pulse experiments,pioreactor01,2026-09-11T19:11:45.847Z,0.13794921875,445,2026-09-12 00:56:45.847,1784.835
Pulse experiments,pioreactor01,2026-09-11T19:11:45.851Z,0.13408203125,480,2026-09-12 00:56:45.851,1784.835
Pulse experiments,pioreactor01,2026-09-11T19:11:45.855Z,0.1561328125,515,2026-09-12 00:56:45.855,1784.835
Pulse experiments,pioreactor01,2026-09-11T19:11:45.861Z,0.183046875,555,2026-09-12 00:56:45.861,1784.835
Pulse experiments,pioreactor01,2026-09-11T19:11:45.865Z,0.17708984375,590,2026-09-12 00:56:45.865,1784.835
Pulse experiments,pioreactor01,2026-09-11T19:11:45.869Z,0.1791796875,630,2026-09-12 00:56:45.869,1784.835
Pulse experiments,pioreactor01,2026-09-11T19:11:45.874Z,0.10744140625,680,2026-09-12 00:56:45.874,1784.835
Pulse experiments,pioreactor01,2026-09-11T19:11:50.839Z,0.01650390625,415,2026-09-12 00:56:50.839,1784.836388888889
Pulse experiments,pioreactor01,2026-09-11T19:11:50.845Z,0.137890625,445,2026-09-12 00:56:50.845,1784.836388888889
Pulse experiments,pioreactor01,2026-09-11T19:11:50.849Z,0.13404296875,480,2026-09-12 00:56:50.849,1784.836388888889
Pulse experiments,pioreactor01,2026-09-11T19:11:50.855Z,0.15599609375,515,2026-09-12 00:56:50.855,1784.836388888889
Pulse experiments,pioreactor01,2026-09-11T19:11:50.858Z,0.1830859375,555,2026-09-12 00:56:50.858,1784.836388888889
Pulse experiments,pioreactor01,2026-09-11T19:11:50.863Z,0.17697265625,590,2026-09-12 00:56:50.863,1784.836388888889
Pulse experiments,pioreactor01,2026-09-11T19:11:50.868Z,0.17916015625,630,2026-09-12 00:56:50.868,1784.836388888889
Pulse experiments,pioreactor01,2026-09-11T19:11:50.872Z,0.10765625,680,2026-09-12 00:56:50.872,1784.836388888889
Pulse experiments,pioreactor01,2026-09-11T19:11:55.837Z,0.0165234375,415,2026-09-12 00:56:55.837,1784.837777777778
Pulse experiments,pioreactor01,2026-09-11T19:11:55.842Z,0.1379296875,445,2026-09-12 00:56:55.842,1784.837777777778
Pulse experiments,pioreactor01,2026-09-11T19:11:55.847Z,0.1340625,480,2026-09-12 00:56:55.847,1784.837777777778
Pulse experiments,pioreactor01,2026-09-11T19:11:55.851Z,0.1560546875,515,2026-09-12 00:56:55.851,1784.837777777778
Pulse experiments,pioreactor01,2026-09-11T19:11:55.857Z,0.1830859375,555,2026-09-12 00:56:55.857,1784.837777777778
Pulse experiments,pioreactor01,2026-09-11T19:11:55.861Z,0.1771484375,590,2026-09-12 00:56:55.861,1784.837777777778
Pulse experiments,pioreactor01,2026-09-11T19:11:55.866Z,0.179296875,630,2026-09-12 00:56:55.866,1784.837777777778
Pulse experiments,pioreactor01,2026-09-11T19:11:55.871Z,0.1075390625,680,2026-09-12 00:56:55.871,1784.837777777778
Pulse experiments,pioreactor01,2026-09-11T19:12:00.840Z,0.0165234375,415,2026-09-12 00:57:00.840,1784.839166666667
Pulse experiments,pioreactor01,2026-09-11T19:12:00.846Z,0.1380078125,445,2026-09-12 00:57:00.846,1784.839166666667
Pulse experiments,pioreactor01,2026-09-11T19:12:00.851Z,0.1341015625,480,2026-09-12 00:57:00.851,1784.839166666667
Pulse experiments,pioreactor01,2026-09-11T19:12:00.855Z,0.1560546875,515,2026-09-12 00:57:00.855,1784.839166666667
Pulse experiments,pioreactor01,2026-09-11T19:12:00.860Z,0.1830078125,555,2026-09-12 00:57:00.860,1784.839166666667
Pulse experiments,pioreactor01,2026-09-11T19:12:00.865Z,0.17716796875,590,2026-09-12 00:57:00.865,1784.839166666667
Pulse experiments,pioreactor01,2026-09-11T19:12:00.869Z,0.17919921875,630,2026-09-12 00:57:00.869,1784.839166666667
Pulse experiments,pioreactor01,2026-09-11T19:12:00.874Z,0.1075,680,2026-09-12 00:57:00.874,1784.839166666667
Pulse experiments,pioreactor01,2026-09-11T19:12:05.838Z,0.0165625,415,2026-09-12 00:57:05.838,1784.840555555556
Pulse experiments,pioreactor01,2026-09-11T19:12:05.841Z,0.13791015625,445,2026-09-12 00:57:05.841,1784.840555555556
Pulse experiments,pioreactor01,2026-09-11T19:12:05.847Z,0.1339453125,480,2026-09-12 00:57:05.847,1784.840555555556
Pulse experiments,pioreactor01,2026-09-11T19:12:05.851Z,0.15603515625,515,2026-09-12 00:57:05.851,1784.840555555556
Pulse experiments,pioreactor01,2026-09-11T19:12:05.856Z,0.1827734375,555,2026-09-12 00:57:05.856,1784.840555555556
Pulse experiments,pioreactor01,2026-09-11T19:12:05.861Z,0.17693359375,590,2026-09-12 00:57:05.861,1784.840555555556
Pulse experiments,pioreactor01,2026-09-11T19:12:05.865Z,0.17919921875,630,2026-09-12 00:57:05.865,1784.840555555556
Pulse experiments,pioreactor01,2026-09-11T19:12:05.870Z,0.1075390625,680,2026-09-12 00:57:05.870,1784.840555555556
Pulse experiments,pioreactor01,2026-09-11T19:12:10.839Z,0.01626953125,415,2026-09-12 00:57:10.839,1784.841944444444
Pulse experiments,pioreactor01,2026-09-11T19:12:10.846Z,0.13857421875,445,2026-09-12 00:57:10.846,1784.841944444444
Pulse experiments,pioreactor01,2026-09-11T19:12:10.853Z,0.134765625,480,2026-09-12 00:57:10.853,1784.841944444444
Pulse experiments,pioreactor01,2026-09-11T19:12:10.858Z,0.15560546875,515,2026-09-12 00:57:10.858,1784.841944444444
Pulse experiments,pioreactor01,2026-09-11T19:12:10.863Z,0.1769921875,555,2026-09-12 00:57:10.863,1784.841944444444
Pulse experiments,pioreactor01,2026-09-11T19:12:10.870Z,0.16857421875,590,2026-09-12 00:57:10.870,1784.841944444444
Pulse experiments,pioreactor01,2026-09-11T19:12:10.874Z,0.17294921875,630,2026-09-12 00:57:10.874,1784.841944444444
Pulse experiments,pioreactor01,2026-09-11T19:12:10.879Z,0.1051171875,680,2026-09-12 00:57:10.879,1784.841944444444
Pulse experiments,pioreactor01,2026-09-11T19:12:15.842Z,0.01623046875,415,2026-09-12 00:57:15.842,1784.843333333333
Pulse experiments,pioreactor01,2026-09-11T19:12:15.845Z,0.13806640625,445,2026-09-12 00:57:15.845,1784.843333333333
Pulse experiments,pioreactor01,2026-09-11T19:12:15.850Z,0.13404296875,480,2026-09-12 00:57:15.850,1784.843333333333
Pulse experiments,pioreactor01,2026-09-11T19:12:15.855Z,0.15533203125,515,2026-09-12 00:57:15.855,1784.843333333333
Pulse experiments,pioreactor01,2026-09-11T19:12:15.862Z,0.1767578125,555,2026-09-12 00:57:15.862,1784.843333333333
Pulse experiments,pioreactor01,2026-09-11T19:12:15.865Z,0.16873046875,590,2026-09-12 00:57:15.865,1784.843333333333
Pulse experiments,pioreactor01,2026-09-11T19:12:15.869Z,0.17306640625,630,2026-09-12 00:57:15.869,1784.843333333333
Pulse experiments,pioreactor01,2026-09-11T19:12:15.875Z,0.104140625,680,2026-09-12 00:57:15.875,1784.843333333333
Pulse experiments,pioreactor01,2026-09-11T19:12:20.838Z,0.0162109375,415,2026-09-12 00:57:20.838,1784.844722222222
Pulse experiments,pioreactor01,2026-09-11T19:12:20.843Z,0.1380078125,445,2026-09-12 00:57:20.843,1784.844722222222
Pulse experiments,pioreactor01,2026-09-11T19:12:20.848Z,0.13396484375,480,2026-09-12 00:57:20.848,1784.844722222222
Pulse experiments,pioreactor01,2026-09-11T19:12:20.852Z,0.1553125,515,2026-09-12 00:57:20.852,1784.844722222222
Pulse experiments,pioreactor01,2026-09-11T19:12:20.858Z,0.1766015625,555,2026-09-12 00:57:20.858,1784.844722222222
Pulse experiments,pioreactor01,2026-09-11T19:12:20.863Z,0.1685546875,590,2026-09-12 00:57:20.863,1784.844722222222
Pulse experiments,pioreactor01,2026-09-11T19:12:20.868Z,0.173046875,630,2026-09-12 00:57:20.868,1784.844722222222
Pulse experiments,pioreactor01,2026-09-11T19:12:20.874Z,0.10421875,680,2026-09-12 00:57:20.874,1784.844722222222
Pulse experiments,pioreactor01,2026-09-11T19:12:25.840Z,0.01623046875,415,2026-09-12 00:57:25.840,1784.846111111111
Pulse experiments,pioreactor01,2026-09-11T19:12:25.846Z,0.13796875,445,2026-09-12 00:57:25.846,1784.846111111111
Pulse experiments,pioreactor01,2026-09-11T19:12:25.851Z,0.13390625,480,2026-09-12 00:57:25.851,1784.846111111111
Pulse experiments,pioreactor01,2026-09-11T19:12:25.855Z,0.15537109375,515,2026-09-12 00:57:25.855,1784.846111111111
Pulse experiments,pioreactor01,2026-09-11T19:12:25.859Z,0.176796875,555,2026-09-12 00:57:25.859,1784.846111111111
Pulse experiments,pioreactor01,2026-09-11T19:12:25.864Z,0.16861328125,590,2026-09-12 00:57:25.864,1784.846111111111
Pulse experiments,pioreactor01,2026-09-11T19:12:25.869Z,0.17306640625,630,2026-09-12 00:57:25.869,1784.846111111111
Pulse experiments,pioreactor01,2026-09-11T19:12:25.873Z,0.1041796875,680,2026-09-12 00:57:25.873,1784.846111111111
Pulse experiments,pioreactor01,2026-09-11T19:12:30.841Z,0.01623046875,415,2026-09-12 00:57:30.841,1784.8475
Pulse experiments,pioreactor01,2026-09-11T19:12:30.846Z,0.13796875,445,2026-09-12 00:57:30.846,1784.8475
Pulse experiments,pioreactor01,2026-09-11T19:12:30.851Z,0.13392578125,480,2026-09-12 00:57:30.851,1784.8475
Pulse experiments,pioreactor01,2026-09-11T19:12:30.856Z,0.15533203125,515,2026-09-12 00:57:30.856,1784.8475
Pulse experiments,pioreactor01,2026-09-11T19:12:30.861Z,0.17671875,555,2026-09-12 00:57:30.861,1784.8475
Pulse experiments,pioreactor01,2026-09-11T19:12:30.865Z,0.16857421875,590,2026-09-12 00:57:30.865,1784.8475
Pulse experiments,pioreactor01,2026-09-11T19:12:30.870Z,0.17310546875,630,2026-09-12 00:57:30.870,1784.8475
Pulse experiments,pioreactor01,2026-09-11T19:12:30.876Z,0.10396484375,680,2026-09-12 00:57:30.876,1784.8475
Pulse experiments,pioreactor01,2026-09-11T19:12:35.839Z,0.01623046875,415,2026-09-12 00:57:35.839,1784.848888888889
Pulse experiments,pioreactor01,2026-09-11T19:12:35.842Z,0.13787109375,445,2026-09-12 00:57:35.842,1784.848888888889
Pulse experiments,pioreactor01,2026-09-11T19:12:35.846Z,0.13390625,480,2026-09-12 00:57:35.846,1784.848888888889
Pulse experiments,pioreactor01,2026-09-11T19:12:35.852Z,0.155234375,515,2026-09-12 00:57:35.852,1784.848888888889
Pulse experiments,pioreactor01,2026-09-11T19:12:35.856Z,0.17673828125,555,2026-09-12 00:57:35.856,1784.848888888889
Pulse experiments,pioreactor01,2026-09-11T19:12:35.861Z,0.168515625,590,2026-09-12 00:57:35.861,1784.848888888889
Pulse experiments,pioreactor01,2026-09-11T19:12:35.866Z,0.1730859375,630,2026-09-12 00:57:35.866,1784.848888888889
Pulse experiments,pioreactor01,2026-09-11T19:12:35.871Z,0.10396484375,680,2026-09-12 00:57:35.871,1784.848888888889
Pulse experiments,pioreactor01,2026-09-11T19:12:40.838Z,0.01623046875,415,2026-09-12 00:57:40.838,1784.850277777778
Pulse experiments,pioreactor01,2026-09-11T19:12:40.844Z,0.1379296875,445,2026-09-12 00:57:40.844,1784.850277777778
Pulse experiments,pioreactor01,2026-09-11T19:12:40.848Z,0.1339453125,480,2026-09-12 00:57:40.848,1784.850277777778
Pulse experiments,pioreactor01,2026-09-11T19:12:40.853Z,0.1551953125,515,2026-09-12 00:57:40.853,1784.850277777778
Pulse experiments,pioreactor01,2026-09-11T19:12:40.859Z,0.17666015625,555,2026-09-12 00:57:40.859,1784.850277777778
Pulse experiments,pioreactor01,2026-09-11T19:12:40.864Z,0.16853515625,590,2026-09-12 00:57:40.864,1784.850277777778
Pulse experiments,pioreactor01,2026-09-11T19:12:40.868Z,0.17298828125,630,2026-09-12 00:57:40.868,1784.850277777778
Pulse experiments,pioreactor01,2026-09-11T19:12:40.873Z,0.103984375,680,2026-09-12 00:57:40.873,1784.850277777778
Pulse experiments,pioreactor01,2026-09-11T19:12:45.837Z,0.0162109375,415,2026-09-12 00:57:45.837,1784.851666666667
Pulse experiments,pioreactor01,2026-09-11T19:12:45.845Z,0.13791015625,445,2026-09-12 00:57:45.845,1784.851666666667
Pulse experiments,pioreactor01,2026-09-11T19:12:45.848Z,0.13384765625,480,2026-09-12 00:57:45.848,1784.851666666667
Pulse experiments,pioreactor01,2026-09-11T19:12:45.855Z,0.15537109375,515,2026-09-12 00:57:45.855,1784.851666666667
Pulse experiments,pioreactor01,2026-09-11T19:12:45.860Z,0.17650390625,555,2026-09-12 00:57:45.860,1784.851666666667
Pulse experiments,pioreactor01,2026-09-11T19:12:45.864Z,0.1684765625,590,2026-09-12 00:57:45.864,1784.851666666667
Pulse experiments,pioreactor01,2026-09-11T19:12:45.870Z,0.17294921875,630,2026-09-12 00:57:45.870,1784.851666666667
Pulse experiments,pioreactor01,2026-09-11T19:12:45.874Z,0.103984375,680,2026-09-12 00:57:45.874,1784.851666666667
Pulse experiments,pioreactor01,2026-09-11T19:12:50.838Z,0.0162109375,415,2026-09-12 00:57:50.838,1784.853055555556
Pulse experiments,pioreactor01,2026-09-11T19:12:50.843Z,0.13794921875,445,2026-09-12 00:57:50.843,1784.853055555556
Pulse experiments,pioreactor01,2026-09-11T19:12:50.848Z,0.13392578125,480,2026-09-12 00:57:50.848,1784.853055555556
Pulse experiments,pioreactor01,2026-09-11T19:12:50.852Z,0.15537109375,515,2026-09-12 00:57:50.852,1784.853055555556
Pulse experiments,pioreactor01,2026-09-11T19:12:50.857Z,0.17669921875,555,2026-09-12 00:57:50.857,1784.853055555556
Pulse experiments,pioreactor01,2026-09-11T19:12:50.862Z,0.1684765625,590,2026-09-12 00:57:50.862,1784.853055555556
Pulse experiments,pioreactor01,2026-09-11T19:12:50.867Z,0.17294921875,630,2026-09-12 00:57:50.867,1784.853055555556
Pulse experiments,pioreactor01,2026-09-11T19:12:50.872Z,0.10412109375,680,2026-09-12 00:57:50.872,1784.853055555556
Pulse experiments,pioreactor01,2026-09-11T19:12:55.838Z,0.0162109375,415,2026-09-12 00:57:55.838,1784.854444444444
Pulse experiments,pioreactor01,2026-09-11T19:12:55.843Z,0.1379296875,445,2026-09-12 00:57:55.843,1784.854444444444
Pulse experiments,pioreactor01,2026-09-11T19:12:55.847Z,0.1338671875,480,2026-09-12 00:57:55.847,1784.854444444444
Pulse experiments,pioreactor01,2026-09-11T19:12:55.852Z,0.1551953125,515,2026-09-12 00:57:55.852,1784.854444444444
Pulse experiments,pioreactor01,2026-09-11T19:12:55.856Z,0.176796875,555,2026-09-12 00:57:55.856,1784.854444444444
Pulse experiments,pioreactor01,2026-09-11T19:12:55.862Z,0.168515625,590,2026-09-12 00:57:55.862,1784.854444444444
Pulse experiments,pioreactor01,2026-09-11T19:12:55.865Z,0.173046875,630,2026-09-12 00:57:55.865,1784.854444444444
Pulse experiments,pioreactor01,2026-09-11T19:12:55.870Z,0.1040625,680,2026-09-12 00:57:55.870,1784.854444444444
