experiment,pioreactor_unit,timestamp,reading,band,timestamp_localtime,hours_since_experiment_created
Pulse experiments,pioreactor01,2026-09-11T15:50:03.922Z,0.02001953125,415,2026-09-11 21:35:03.922,1781.473333333333
Pulse experiments,pioreactor01,2026-09-11T15:50:03.928Z,0.16564453125,445,2026-09-11 21:35:03.928,1781.473333333333
Pulse experiments,pioreactor01,2026-09-11T15:50:03.933Z,0.17080078125,480,2026-09-11 21:35:03.933,1781.473333333333
Pulse experiments,pioreactor01,2026-09-11T15:50:03.937Z,0.201640625,515,2026-09-11 21:35:03.937,1781.473333333333
Pulse experiments,pioreactor01,2026-09-11T15:50:03.942Z,0.22775390625,555,2026-09-11 21:35:03.942,1781.473333333333
Pulse experiments,pioreactor01,2026-09-11T15:50:03.948Z,0.22599609375,590,2026-09-11 21:35:03.948,1781.473333333333
Pulse experiments,pioreactor01,2026-09-11T15:50:03.953Z,0.23154296875,630,2026-09-11 21:35:03.953,1781.473333333333
Pulse experiments,pioreactor01,2026-09-11T15:50:03.957Z,0.118671875,680,2026-09-11 21:35:03.957,1781.473333333333
Pulse experiments,pioreactor01,2026-09-11T15:50:08.937Z,0.020078125,415,2026-09-11 21:35:08.937,1781.474722222222
Pulse experiments,pioreactor01,2026-09-11T15:50:08.941Z,0.16556640625,445,2026-09-11 21:35:08.941,1781.474722222222
Pulse experiments,pioreactor01,2026-09-11T15:50:08.946Z,0.1705859375,480,2026-09-11 21:35:08.946,1781.474722222222
Pulse experiments,pioreactor01,2026-09-11T15:50:08.960Z,0.20134765625,515,2026-09-11 21:35:08.960,1781.474722222222
Pulse experiments,pioreactor01,2026-09-11T15:50:08.962Z,0.22728515625,555,2026-09-11 21:35:08.962,1781.474722222222
Pulse experiments,pioreactor01,2026-09-11T15:50:08.966Z,0.22564453125,590,2026-09-11 21:35:08.966,1781.474722222222
Pulse experiments,pioreactor01,2026-09-11T15:50:08.971Z,0.2312109375,630,2026-09-11 21:35:08.971,1781.474722222222
Pulse experiments,pioreactor01,2026-09-11T15:50:08.977Z,0.11837890625,680,2026-09-11 21:35:08.977,1781.474722222222
Pulse experiments,pioreactor01,2026-09-11T15:50:13.954Z,0.0200390625,415,2026-09-11 21:35:13.954,1781.476111111111
Pulse experiments,pioreactor01,2026-09-11T15:50:13.965Z,0.16564453125,445,2026-09-11 21:35:13.965,1781.476111111111
Pulse experiments,pioreactor01,2026-09-11T15:50:13.970Z,0.17076171875,480,2026-09-11 21:35:13.970,1781.476111111111
Pulse experiments,pioreactor01,2026-09-11T15:50:13.975Z,0.2014453125,515,2026-09-11 21:35:13.975,1781.476111111111
Pulse experiments,pioreactor01,2026-09-11T15:50:13.979Z,0.227265625,555,2026-09-11 21:35:13.979,1781.476111111111
Pulse experiments,pioreactor01,2026-09-11T15:50:13.983Z,0.22544921875,590,2026-09-11 21:35:13.983,1781.476111111111
Pulse experiments,pioreactor01,2026-09-11T15:50:13.988Z,0.2309765625,630,2026-09-11 21:35:13.988,1781.476111111111
Pulse experiments,pioreactor01,2026-09-11T15:50:13.992Z,0.11810546875,680,2026-09-11 21:35:13.992,1781.476111111111
Pulse experiments,pioreactor01,2026-09-11T15:50:18.949Z,0.019453125,415,2026-09-11 21:35:18.949,1781.4775
Pulse experiments,pioreactor01,2026-09-11T15:50:18.954Z,0.15857421875,445,2026-09-11 21:35:18.954,1781.4775
Pulse experiments,pioreactor01,2026-09-11T15:50:18.959Z,0.160625,480,2026-09-11 21:35:18.959,1781.4775
Pulse experiments,pioreactor01,2026-09-11T15:50:18.968Z,0.18958984375,515,2026-09-11 21:35:18.968,1781.4775
Pulse experiments,pioreactor01,2026-09-11T15:50:18.974Z,0.22091796875,555,2026-09-11 21:35:18.974,1781.4775
Pulse experiments,pioreactor01,2026-09-11T15:50:18.980Z,0.22435546875,590,2026-09-11 21:35:18.980,1781.4775
Pulse experiments,pioreactor01,2026-09-11T15:50:18.991Z,0.230546875,630,2026-09-11 21:35:18.991,1781.4775
Pulse experiments,pioreactor01,2026-09-11T15:50:18.998Z,0.11744140625,680,2026-09-11 21:35:18.998,1781.4775
Pulse experiments,pioreactor01,2026-09-11T15:50:23.933Z,0.01953125,415,2026-09-11 21:35:23.933,1781.478888888889
Pulse experiments,pioreactor01,2026-09-11T15:50:23.938Z,0.15923828125,445,2026-09-11 21:35:23.938,1781.478888888889
Pulse experiments,pioreactor01,2026-09-11T15:50:23.942Z,0.16134765625,480,2026-09-11 21:35:23.942,1781.478888888889
Pulse experiments,pioreactor01,2026-09-11T15:50:23.947Z,0.19080078125,515,2026-09-11 21:35:23.947,1781.478888888889
Pulse experiments,pioreactor01,2026-09-11T15:50:23.953Z,0.22193359375,555,2026-09-11 21:35:23.953,1781.478888888889
Pulse experiments,pioreactor01,2026-09-11T15:50:23.958Z,0.22453125,590,2026-09-11 21:35:23.958,1781.478888888889
Pulse experiments,pioreactor01,2026-09-11T15:50:23.962Z,0.23048828125,630,2026-09-11 21:35:23.962,1781.478888888889
Pulse experiments,pioreactor01,2026-09-11T15:50:23.967Z,0.11783203125,680,2026-09-11 21:35:23.967,1781.478888888889
Pulse experiments,pioreactor01,2026-09-11T15:50:28.969Z,0.01953125,415,2026-09-11 21:35:28.969,1781.480277777778
Pulse experiments,pioreactor01,2026-09-11T15:50:28.975Z,0.15931640625,445,2026-09-11 21:35:28.975,1781.480277777778
Pulse experiments,pioreactor01,2026-09-11T15:50:28.983Z,0.16146484375,480,2026-09-11 21:35:28.983,1781.480277777778
Pulse experiments,pioreactor01,2026-09-11T15:50:28.989Z,0.19068359375,515,2026-09-11 21:35:28.989,1781.480277777778
Pulse experiments,pioreactor01,2026-09-11T15:50:28.998Z,0.221640625,555,2026-09-11 21:35:28.998,1781.480277777778
Pulse experiments,pioreactor01,2026-09-11T15:50:29.002Z,0.2244140625,590,2026-09-11 21:35:29.002,1781.480555555556
Pulse experiments,pioreactor01,2026-09-11T15:50:29.010Z,0.2303515625,630,2026-09-11 21:35:29.010,1781.480555555556
Pulse experiments,pioreactor01,2026-09-11T15:50:29.014Z,0.1175,680,2026-09-11 21:35:29.014,1781.480555555556
Pulse experiments,pioreactor01,2026-09-11T15:50:33.939Z,0.01951171875,415,2026-09-11 21:35:33.939,1781.481666666667
Pulse experiments,pioreactor01,2026-09-11T15:50:33.946Z,0.15927734375,445,2026-09-11 21:35:33.946,1781.481666666667
Pulse experiments,pioreactor01,2026-09-11T15:50:33.953Z,0.16138671875,480,2026-09-11 21:35:33.953,1781.481666666667
Pulse experiments,pioreactor01,2026-09-11T15:50:33.959Z,0.19078125,515,2026-09-11 21:35:33.959,1781.481666666667
Pulse experiments,pioreactor01,2026-09-11T15:50:33.965Z,0.22177734375,555,2026-09-11 21:35:33.965,1781.481666666667
Pulse experiments,pioreactor01,2026-09-11T15:50:33.974Z,0.2244921875,590,2026-09-11 21:35:33.974,1781.481666666667
Pulse experiments,pioreactor01,2026-09-11T15:50:33.978Z,0.2302734375,630,2026-09-11 21:35:33.978,1781.481666666667
Pulse experiments,pioreactor01,2026-09-11T15:50:33.984Z,0.11767578125,680,2026-09-11 21:35:33.984,1781.481666666667
Pulse experiments,pioreactor01,2026-09-11T15:50:38.929Z,0.01947265625,415,2026-09-11 21:35:38.929,1781.483055555556
Pulse experiments,pioreactor01,2026-09-11T15:50:38.992Z,0.1593359375,445,2026-09-11 21:35:38.992,1781.483055555556
Pulse experiments,pioreactor01,2026-09-11T15:50:38.993Z,0.16150390625,480,2026-09-11 21:35:38.993,1781.483055555556
Pulse experiments,pioreactor01,2026-09-11T15:50:38.993Z,0.19068359375,515,2026-09-11 21:35:38.993,1781.483055555556
Pulse experiments,pioreactor01,2026-09-11T15:50:38.994Z,0.22123046875,555,2026-09-11 21:35:38.994,1781.483055555556
Pulse experiments,pioreactor01,2026-09-11T15:50:38.994Z,0.22423828125,590,2026-09-11 21:35:38.994,1781.483055555556
Pulse experiments,pioreactor01,2026-09-11T15:50:38.995Z,0.23017578125,630,2026-09-11 21:35:38.995,1781.483055555556
Pulse experiments,pioreactor01,2026-09-11T15:50:38.995Z,0.1174609375,680,2026-09-11 21:35:38.995,1781.483055555556
Pulse experiments,pioreactor01,2026-09-11T15:50:43.935Z,0.0195703125,415,2026-09-11 21:35:43.935,1781.484444444445
Pulse experiments,pioreactor01,2026-09-11T15:50:43.941Z,0.15958984375,445,2026-09-11 21:35:43.941,1781.484444444445
Pulse experiments,pioreactor01,2026-09-11T15:50:43.947Z,0.16197265625,480,2026-09-11 21:35:43.947,1781.484444444445
Pulse experiments,pioreactor01,2026-09-11T15:50:43.952Z,0.19107421875,515,2026-09-11 21:35:43.952,1781.484444444445
Pulse experiments,pioreactor01,2026-09-11T15:50:43.957Z,0.22203125,555,2026-09-11 21:35:43.957,1781.484444444445
Pulse experiments,pioreactor01,2026-09-11T15:50:43.968Z,0.22494140625,590,2026-09-11 21:35:43.968,1781.484444444445
Pulse experiments,pioreactor01,2026-09-11T15:50:43.975Z,0.2307421875,630,2026-09-11 21:35:43.975,1781.484444444445
Pulse experiments,pioreactor01,2026-09-11T15:50:43.980Z,0.11787109375,680,2026-09-11 21:35:43.980,1781.484444444445
Pulse experiments,pioreactor01,2026-09-11T15:50:48.942Z,0.0195703125,415,2026-09-11 21:35:48.942,1781.485833333333
Pulse experiments,pioreactor01,2026-09-11T15:50:48.959Z,0.1596875,445,2026-09-11 21:35:48.959,1781.485833333333
Pulse experiments,pioreactor01,2026-09-11T15:50:48.963Z,0.161953125,480,2026-09-11 21:35:48.963,1781.485833333333
Pulse experiments,pioreactor01,2026-09-11T15:50:48.972Z,0.19111328125,515,2026-09-11 21:35:48.972,1781.485833333333
Pulse experiments,pioreactor01,2026-09-11T15:50:48.979Z,0.221640625,555,2026-09-11 21:35:48.979,1781.485833333333
Pulse experiments,pioreactor01,2026-09-11T15:50:48.989Z,0.22427734375,590,2026-09-11 21:35:48.989,1781.485833333333
Pulse experiments,pioreactor01,2026-09-11T15:50:48.998Z,0.23021484375,630,2026-09-11 21:35:48.998,1781.485833333333
Pulse experiments,pioreactor01,2026-09-11T15:50:49.007Z,0.1175390625,680,2026-09-11 21:35:49.007,1781.486111111111
Pulse experiments,pioreactor01,2026-09-11T15:50:53.940Z,0.0195703125,415,2026-09-11 21:35:53.940,1781.487222222222
Pulse experiments,pioreactor01,2026-09-11T15:50:53.948Z,0.15955078125,445,2026-09-11 21:35:53.948,1781.487222222222
Pulse experiments,pioreactor01,2026-09-11T15:50:53.959Z,0.16177734375,480,2026-09-11 21:35:53.959,1781.487222222222
Pulse experiments,pioreactor01,2026-09-11T15:50:53.968Z,0.1912890625,515,2026-09-11 21:35:53.968,1781.487222222222
Pulse experiments,pioreactor01,2026-09-11T15:50:53.977Z,0.22212890625,555,2026-09-11 21:35:53.977,1781.487222222222
Pulse experiments,pioreactor01,2026-09-11T15:50:53.988Z,0.22494140625,590,2026-09-11 21:35:53.988,1781.487222222222
Pulse experiments,pioreactor01,2026-09-11T15:50:53.998Z,0.23087890625,630,2026-09-11 21:35:53.998,1781.487222222222
Pulse experiments,pioreactor01,2026-09-11T15:50:54.004Z,0.11796875,680,2026-09-11 21:35:54.004,1781.4875
Pulse experiments,pioreactor01,2026-09-11T15:50:58.974Z,0.0194921875,415,2026-09-11 21:35:58.974,1781.488611111111
Pulse experiments,pioreactor01,2026-09-11T15:50:58.981Z,0.159296875,445,2026-09-11 21:35:58.981,1781.488611111111
Pulse experiments,pioreactor01,2026-09-11T15:50:58.985Z,0.16140625,480,2026-09-11 21:35:58.985,1781.488611111111
Pulse experiments,pioreactor01,2026-09-11T15:50:58.990Z,0.19078125,515,2026-09-11 21:35:58.990,1781.488611111111
Pulse experiments,pioreactor01,2026-09-11T15:50:58.995Z,0.2212890625,555,2026-09-11 21:35:58.995,1781.488611111111
Pulse experiments,pioreactor01,2026-09-11T15:50:59.001Z,0.22439453125,590,2026-09-11 21:35:59.001,1781.488888888889
Pulse experiments,pioreactor01,2026-09-11T15:50:59.006Z,0.230234375,630,2026-09-11 21:35:59.006,1781.488888888889
Pulse experiments,pioreactor01,2026-09-11T15:50:59.014Z,0.1173828125,680,2026-09-11 21:35:59.014,1781.488888888889
Pulse experiments,pioreactor01,2026-09-11T15:51:03.939Z,0.01958984375,415,2026-09-11 21:36:03.939,1781.49
Pulse experiments,pioreactor01,2026-09-11T15:51:03.947Z,0.15978515625,445,2026-09-11 21:36:03.947,1781.49
Pulse experiments,pioreactor01,2026-09-11T15:51:03.953Z,0.1618359375,480,2026-09-11 21:36:03.953,1781.49
Pulse experiments,pioreactor01,2026-09-11T15:51:03.958Z,0.191484375,515,2026-09-11 21:36:03.958,1781.49
Pulse experiments,pioreactor01,2026-09-11T15:51:03.967Z,0.22208984375,555,2026-09-11 21:36:03.967,1781.49
Pulse experiments,pioreactor01,2026-09-11T15:51:03.973Z,0.2246875,590,2026-09-11 21:36:03.973,1781.49
Pulse experiments,pioreactor01,2026-09-11T15:51:03.979Z,0.23048828125,630,2026-09-11 21:36:03.979,1781.49
Pulse experiments,pioreactor01,2026-09-11T15:51:03.986Z,0.11771484375,680,2026-09-11 21:36:03.986,1781.49
Pulse experiments,pioreactor01,2026-09-11T15:51:08.926Z,0.01955078125,415,2026-09-11 21:36:08.926,1781.491388888889
Pulse experiments,pioreactor01,2026-09-11T15:51:08.934Z,0.159453125,445,2026-09-11 21:36:08.934,1781.491388888889
Pulse experiments,pioreactor01,2026-09-11T15:51:08.938Z,0.161640625,480,2026-09-11 21:36:08.938,1781.491388888889
Pulse experiments,pioreactor01,2026-09-11T15:51:08.944Z,0.191015625,515,2026-09-11 21:36:08.944,1781.491388888889
Pulse experiments,pioreactor01,2026-09-11T15:51:08.950Z,0.2216796875,555,2026-09-11 21:36:08.950,1781.491388888889
Pulse experiments,pioreactor01,2026-09-11T15:51:08.955Z,0.22458984375,590,2026-09-11 21:36:08.955,1781.491388888889
Pulse experiments,pioreactor01,2026-09-11T15:51:08.964Z,0.2305078125,630,2026-09-11 21:36:08.964,1781.491388888889
Pulse experiments,pioreactor01,2026-09-11T15:51:08.968Z,0.117890625,680,2026-09-11 21:36:08.968,1781.491388888889
Pulse experiments,pioreactor01,2026-09-11T15:51:13.946Z,0.01955078125,415,2026-09-11 21:36:13.946,1781.492777777778
Pulse experiments,pioreactor01,2026-09-11T15:51:13.951Z,0.159375,445,2026-09-11 21:36:13.951,1781.492777777778
Pulse experiments,pioreactor01,2026-09-11T15:51:13.957Z,0.16154296875,480,2026-09-11 21:36:13.957,1781.492777777778
Pulse experiments,pioreactor01,2026-09-11T15:51:13.968Z,0.19080078125,515,2026-09-11 21:36:13.968,1781.492777777778
Pulse experiments,pioreactor01,2026-09-11T15:51:13.975Z,0.221484375,555,2026-09-11 21:36:13.975,1781.492777777778
Pulse experiments,pioreactor01,2026-09-11T15:51:13.982Z,0.2243359375,590,2026-09-11 21:36:13.982,1781.492777777778
Pulse experiments,pioreactor01,2026-09-11T15:51:13.987Z,0.23017578125,630,2026-09-11 21:36:13.987,1781.492777777778
Pulse experiments,pioreactor01,2026-09-11T15:51:13.994Z,0.117421875,680,2026-09-11 21:36:13.994,1781.492777777778
Pulse experiments,pioreactor01,2026-09-11T15:51:18.927Z,0.01955078125,415,2026-09-11 21:36:18.927,1781.494166666667
Pulse experiments,pioreactor01,2026-09-11T15:51:18.929Z,0.1596875,445,2026-09-11 21:36:18.929,1781.494166666667
Pulse experiments,pioreactor01,2026-09-11T15:51:18.936Z,0.16189453125,480,2026-09-11 21:36:18.936,1781.494166666667
Pulse experiments,pioreactor01,2026-09-11T15:51:18.942Z,0.19142578125,515,2026-09-11 21:36:18.942,1781.494166666667
Pulse experiments,pioreactor01,2026-09-11T15:51:18.947Z,0.22193359375,555,2026-09-11 21:36:18.947,1781.494166666667
Pulse experiments,pioreactor01,2026-09-11T15:51:18.951Z,0.2248046875,590,2026-09-11 21:36:18.951,1781.494166666667
Pulse experiments,pioreactor01,2026-09-11T15:51:18.957Z,0.23076171875,630,2026-09-11 21:36:18.957,1781.494166666667
Pulse experiments,pioreactor01,2026-09-11T15:51:18.961Z,0.11779296875,680,2026-09-11 21:36:18.961,1781.494166666667
Pulse experiments,pioreactor01,2026-09-11T15:51:23.947Z,0.01951171875,415,2026-09-11 21:36:23.947,1781.495555555555
Pulse experiments,pioreactor01,2026-09-11T15:51:23.951Z,0.15970703125,445,2026-09-11 21:36:23.951,1781.495555555555
Pulse experiments,pioreactor01,2026-09-11T15:51:23.957Z,0.1620703125,480,2026-09-11 21:36:23.957,1781.495555555555
Pulse experiments,pioreactor01,2026-09-11T15:51:23.966Z,0.19119140625,515,2026-09-11 21:36:23.966,1781.495555555555
Pulse experiments,pioreactor01,2026-09-11T15:51:23.971Z,0.22205078125,555,2026-09-11 21:36:23.971,1781.495555555555
Pulse experiments,pioreactor01,2026-09-11T15:51:23.976Z,0.22478515625,590,2026-09-11 21:36:23.976,1781.495555555555
Pulse experiments,pioreactor01,2026-09-11T15:51:23.985Z,0.23080078125,630,2026-09-11 21:36:23.985,1781.495555555555
Pulse experiments,pioreactor01,2026-09-11T15:51:23.994Z,0.11779296875,680,2026-09-11 21:36:23.994,1781.495555555555
Pulse experiments,pioreactor01,2026-09-11T15:51:28.925Z,0.01953125,415,2026-09-11 21:36:28.925,1781.496944444444
Pulse experiments,pioreactor01,2026-09-11T15:51:28.930Z,0.159296875,445,2026-09-11 21:36:28.930,1781.496944444444
Pulse experiments,pioreactor01,2026-09-11T15:51:28.937Z,0.16150390625,480,2026-09-11 21:36:28.937,1781.496944444444
Pulse experiments,pioreactor01,2026-09-11T15:51:28.944Z,0.1908984375,515,2026-09-11 21:36:28.944,1781.496944444444
Pulse experiments,pioreactor01,2026-09-11T15:51:28.954Z,0.22138671875,555,2026-09-11 21:36:28.954,1781.496944444444
Pulse experiments,pioreactor01,2026-09-11T15:51:28.958Z,0.22427734375,590,2026-09-11 21:36:28.958,1781.496944444444
Pulse experiments,pioreactor01,2026-09-11T15:51:28.963Z,0.23021484375,630,2026-09-11 21:36:28.963,1781.496944444444
Pulse experiments,pioreactor01,2026-09-11T15:51:28.968Z,0.1175390625,680,2026-09-11 21:36:28.968,1781.496944444444
Pulse experiments,pioreactor01,2026-09-11T15:51:33.940Z,0.01955078125,415,2026-09-11 21:36:33.940,1781.498333333333
Pulse experiments,pioreactor01,2026-09-11T15:51:33.946Z,0.1597265625,445,2026-09-11 21:36:33.946,1781.498333333333
Pulse experiments,pioreactor01,2026-09-11T15:51:33.953Z,0.16201171875,480,2026-09-11 21:36:33.953,1781.498333333333
Pulse experiments,pioreactor01,2026-09-11T15:51:33.957Z,0.191171875,515,2026-09-11 21:36:33.957,1781.498333333333
Pulse experiments,pioreactor01,2026-09-11T15:51:33.967Z,0.2220703125,555,2026-09-11 21:36:33.967,1781.498333333333
Pulse experiments,pioreactor01,2026-09-11T15:51:33.972Z,0.2246484375,590,2026-09-11 21:36:33.972,1781.498333333333
Pulse experiments,pioreactor01,2026-09-11T15:51:33.979Z,0.23068359375,630,2026-09-11 21:36:33.979,1781.498333333333
Pulse experiments,pioreactor01,2026-09-11T15:51:33.984Z,0.11767578125,680,2026-09-11 21:36:33.984,1781.498333333333
Pulse experiments,pioreactor01,2026-09-11T15:51:38.923Z,0.0195703125,415,2026-09-11 21:36:38.923,1781.499722222222
Pulse experiments,pioreactor01,2026-09-11T15:51:38.928Z,0.15978515625,445,2026-09-11 21:36:38.928,1781.499722222222
Pulse experiments,pioreactor01,2026-09-11T15:51:38.934Z,0.16185546875,480,2026-09-11 21:36:38.934,1781.499722222222
Pulse experiments,pioreactor01,2026-09-11T15:51:38.938Z,0.19125,515,2026-09-11 21:36:38.938,1781.499722222222
Pulse experiments,pioreactor01,2026-09-11T15:51:38.944Z,0.22189453125,555,2026-09-11 21:36:38.944,1781.499722222222
Pulse experiments,pioreactor01,2026-09-11T15:51:38.949Z,0.22447265625,590,2026-09-11 21:36:38.949,1781.499722222222
Pulse experiments,pioreactor01,2026-09-11T15:51:38.954Z,0.23064453125,630,2026-09-11 21:36:38.954,1781.499722222222
Pulse experiments,pioreactor01,2026-09-11T15:51:38.959Z,0.11759765625,680,2026-09-11 21:36:38.959,1781.499722222222
Pulse experiments,pioreactor01,2026-09-11T15:51:43.933Z,0.0194921875,415,2026-09-11 21:36:43.933,1781.501111111111
Pulse experiments,pioreactor01,2026-09-11T15:51:43.947Z,0.15955078125,445,2026-09-11 21:36:43.947,1781.501111111111
Pulse experiments,pioreactor01,2026-09-11T15:51:43.958Z,0.1617578125,480,2026-09-11 21:36:43.958,1781.501111111111
Pulse experiments,pioreactor01,2026-09-11T15:51:43.974Z,0.19125,515,2026-09-11 21:36:43.974,1781.501111111111
Pulse experiments,pioreactor01,2026-09-11T15:51:43.989Z,0.2215625,555,2026-09-11 21:36:43.989,1781.501111111111
Pulse experiments,pioreactor01,2026-09-11T15:51:44.002Z,0.2241796875,590,2026-09-11 21:36:44.002,1781.501388888889
Pulse experiments,pioreactor01,2026-09-11T15:51:44.022Z,0.2301171875,630,2026-09-11 21:36:44.022,1781.501388888889
Pulse experiments,pioreactor01,2026-09-11T15:51:44.030Z,0.11748046875,680,2026-09-11 21:36:44.030,1781.501388888889
Pulse experiments,pioreactor01,2026-09-11T15:51:48.968Z,0.01955078125,415,2026-09-11 21:36:48.968,1781.5025
Pulse experiments,pioreactor01,2026-09-11T15:51:48.973Z,0.1596484375,445,2026-09-11 21:36:48.973,1781.5025
Pulse experiments,pioreactor01,2026-09-11T15:51:48.978Z,0.16197265625,480,2026-09-11 21:36:48.978,1781.5025
Pulse experiments,pioreactor01,2026-09-11T15:51:48.983Z,0.1913671875,515,2026-09-11 21:36:48.983,1781.5025
Pulse experiments,pioreactor01,2026-09-11T15:51:48.988Z,0.222109375,555,2026-09-11 21:36:48.988,1781.5025
Pulse experiments,pioreactor01,2026-09-11T15:51:48.992Z,0.2247265625,590,2026-09-11 21:36:48.992,1781.5025
Pulse experiments,pioreactor01,2026-09-11T15:51:48.999Z,0.230703125,630,2026-09-11 21:36:48.999,1781.5025
Pulse experiments,pioreactor01,2026-09-11T15:51:49.004Z,0.11779296875,680,2026-09-11 21:36:49.004,1781.502777777778
Pulse experiments,pioreactor01,2026-09-11T15:51:53.927Z,0.0195703125,415,2026-09-11 21:36:53.927,1781.503888888889
Pulse experiments,pioreactor01,2026-09-11T15:51:53.932Z,0.15955078125,445,2026-09-11 21:36:53.932,1781.503888888889
Pulse experiments,pioreactor01,2026-09-11T15:51:53.938Z,0.161953125,480,2026-09-11 21:36:53.938,1781.503888888889
Pulse experiments,pioreactor01,2026-09-11T15:51:53.942Z,0.1911328125,515,2026-09-11 21:36:53.942,1781.503888888889
Pulse experiments,pioreactor01,2026-09-11T15:51:53.947Z,0.22197265625,555,2026-09-11 21:36:53.947,1781.503888888889
Pulse experiments,pioreactor01,2026-09-11T15:51:53.953Z,0.22466796875,590,2026-09-11 21:36:53.953,1781.503888888889
Pulse experiments,pioreactor01,2026-09-11T15:51:53.958Z,0.23078125,630,2026-09-11 21:36:53.958,1781.503888888889
Pulse experiments,pioreactor01,2026-09-11T15:51:53.963Z,0.1177734375,680,2026-09-11 21:36:53.963,1781.503888888889
Pulse experiments,pioreactor01,2026-09-11T15:51:58.919Z,0.01951171875,415,2026-09-11 21:36:58.919,1781.505277777778
Pulse experiments,pioreactor01,2026-09-11T15:51:58.924Z,0.15951171875,445,2026-09-11 21:36:58.924,1781.505277777778
Pulse experiments,pioreactor01,2026-09-11T15:51:58.927Z,0.16177734375,480,2026-09-11 21:36:58.927,1781.505277777778
Pulse experiments,pioreactor01,2026-09-11T15:51:58.933Z,0.19126953125,515,2026-09-11 21:36:58.933,1781.505277777778
Pulse experiments,pioreactor01,2026-09-11T15:51:58.938Z,0.22189453125,555,2026-09-11 21:36:58.938,1781.505277777778
Pulse experiments,pioreactor01,2026-09-11T15:51:58.943Z,0.22490234375,590,2026-09-11 21:36:58.943,1781.505277777778
Pulse experiments,pioreactor01,2026-09-11T15:51:58.947Z,0.23080078125,630,2026-09-11 21:36:58.947,1781.505277777778
Pulse experiments,pioreactor01,2026-09-11T15:51:58.953Z,0.117734375,680,2026-09-11 21:36:58.953,1781.505277777778
Pulse experiments,pioreactor01,2026-09-11T15:52:03.949Z,0.01951171875,415,2026-09-11 21:37:03.949,1781.506666666667
Pulse experiments,pioreactor01,2026-09-11T15:52:03.956Z,0.1593359375,445,2026-09-11 21:37:03.956,1781.506666666667
Pulse experiments,pioreactor01,2026-09-11T15:52:03.959Z,0.16166015625,480,2026-09-11 21:37:03.959,1781.506666666667
Pulse experiments,pioreactor01,2026-09-11T15:52:03.964Z,0.1907421875,515,2026-09-11 21:37:03.964,1781.506666666667
Pulse experiments,pioreactor01,2026-09-11T15:52:03.970Z,0.22154296875,555,2026-09-11 21:37:03.970,1781.506666666667
Pulse experiments,pioreactor01,2026-09-11T15:52:03.974Z,0.22435546875,590,2026-09-11 21:37:03.974,1781.506666666667
Pulse experiments,pioreactor01,2026-09-11T15:52:03.983Z,0.2303125,630,2026-09-11 21:37:03.983,1781.506666666667
Pulse experiments,pioreactor01,2026-09-11T15:52:03.986Z,0.1175390625,680,2026-09-11 21:37:03.986,1781.506666666667
Pulse experiments,pioreactor01,2026-09-11T15:52:08.924Z,0.01955078125,415,2026-09-11 21:37:08.924,1781.508055555556
Pulse experiments,pioreactor01,2026-09-11T15:52:08.927Z,0.1595703125,445,2026-09-11 21:37:08.927,1781.508055555556
Pulse experiments,pioreactor01,2026-09-11T15:52:08.932Z,0.161640625,480,2026-09-11 21:37:08.932,1781.508055555556
Pulse experiments,pioreactor01,2026-09-11T15:52:08.937Z,0.1910546875,515,2026-09-11 21:37:08.937,1781.508055555556
Pulse experiments,pioreactor01,2026-09-11T15:52:08.942Z,0.22177734375,555,2026-09-11 21:37:08.942,1781.508055555556
Pulse experiments,pioreactor01,2026-09-11T15:52:08.947Z,0.22451171875,590,2026-09-11 21:37:08.947,1781.508055555556
Pulse experiments,pioreactor01,2026-09-11T15:52:08.953Z,0.23056640625,630,2026-09-11 21:37:08.953,1781.508055555556
Pulse experiments,pioreactor01,2026-09-11T15:52:08.957Z,0.11759765625,680,2026-09-11 21:37:08.957,1781.508055555556
Pulse experiments,pioreactor01,2026-09-11T15:52:13.951Z,0.0195703125,415,2026-09-11 21:37:13.951,1781.509444444444
Pulse experiments,pioreactor01,2026-09-11T15:52:13.957Z,0.1596875,445,2026-09-11 21:37:13.957,1781.509444444444
Pulse experiments,pioreactor01,2026-09-11T15:52:13.963Z,0.1618359375,480,2026-09-11 21:37:13.963,1781.509444444444
Pulse experiments,pioreactor01,2026-09-11T15:52:13.969Z,0.191484375,515,2026-09-11 21:37:13.969,1781.509444444444
Pulse experiments,pioreactor01,2026-09-11T15:52:13.974Z,0.2227734375,555,2026-09-11 21:37:13.974,1781.509444444444
Pulse experiments,pioreactor01,2026-09-11T15:52:13.979Z,0.224921875,590,2026-09-11 21:37:13.979,1781.509444444444
Pulse experiments,pioreactor01,2026-09-11T15:52:13.988Z,0.23109375,630,2026-09-11 21:37:13.988,1781.509444444444
Pulse experiments,pioreactor01,2026-09-11T15:52:13.996Z,0.118046875,680,2026-09-11 21:37:13.996,1781.509444444444
Pulse experiments,pioreactor01,2026-09-11T15:52:18.918Z,0.0194921875,415,2026-09-11 21:37:18.918,1781.510833333333
Pulse experiments,pioreactor01,2026-09-11T15:52:18.924Z,0.15931640625,445,2026-09-11 21:37:18.924,1781.510833333333
Pulse experiments,pioreactor01,2026-09-11T15:52:18.930Z,0.1615234375,480,2026-09-11 21:37:18.930,1781.510833333333
Pulse experiments,pioreactor01,2026-09-11T15:52:18.935Z,0.1910546875,515,2026-09-11 21:37:18.935,1781.510833333333
Pulse experiments,pioreactor01,2026-09-11T15:52:18.940Z,0.2215234375,555,2026-09-11 21:37:18.940,1781.510833333333
Pulse experiments,pioreactor01,2026-09-11T15:52:18.946Z,0.2243359375,590,2026-09-11 21:37:18.946,1781.510833333333
Pulse experiments,pioreactor01,2026-09-11T15:52:18.951Z,0.230234375,630,2026-09-11 21:37:18.951,1781.510833333333
Pulse experiments,pioreactor01,2026-09-11T15:52:18.957Z,0.117578125,680,2026-09-11 21:37:18.957,1781.510833333333
Pulse experiments,pioreactor01,2026-09-11T15:52:23.952Z,0.01955078125,415,2026-09-11 21:37:23.952,1781.512222222222
Pulse experiments,pioreactor01,2026-09-11T15:52:23.958Z,0.15955078125,445,2026-09-11 21:37:23.958,1781.512222222222
Pulse experiments,pioreactor01,2026-09-11T15:52:23.962Z,0.161875,480,2026-09-11 21:37:23.962,1781.512222222222
Pulse experiments,pioreactor01,2026-09-11T15:52:23.963Z,0.191171875,515,2026-09-11 21:37:23.963,1781.512222222222
Pulse experiments,pioreactor01,2026-09-11T15:52:23.989Z,0.22216796875,555,2026-09-11 21:37:23.989,1781.512222222222
Pulse experiments,pioreactor01,2026-09-11T15:52:23.994Z,0.22470703125,590,2026-09-11 21:37:23.994,1781.512222222222
Pulse experiments,pioreactor01,2026-09-11T15:52:24.015Z,0.230859375,630,2026-09-11 21:37:24.015,1781.5125
Pulse experiments,pioreactor01,2026-09-11T15:52:24.019Z,0.1178515625,680,2026-09-11 21:37:24.019,1781.5125
Pulse experiments,pioreactor01,2026-09-11T15:52:28.952Z,0.01951171875,415,2026-09-11 21:37:28.952,1781.513611111111
Pulse experiments,pioreactor01,2026-09-11T15:52:28.958Z,0.159453125,445,2026-09-11 21:37:28.958,1781.513611111111
Pulse experiments,pioreactor01,2026-09-11T15:52:28.961Z,0.16166015625,480,2026-09-11 21:37:28.961,1781.513611111111
Pulse experiments,pioreactor01,2026-09-11T15:52:28.967Z,0.19095703125,515,2026-09-11 21:37:28.967,1781.513611111111
Pulse experiments,pioreactor01,2026-09-11T15:52:28.972Z,0.22177734375,555,2026-09-11 21:37:28.972,1781.513611111111
Pulse experiments,pioreactor01,2026-09-11T15:52:28.976Z,0.22439453125,590,2026-09-11 21:37:28.976,1781.513611111111
Pulse experiments,pioreactor01,2026-09-11T15:52:28.986Z,0.23056640625,630,2026-09-11 21:37:28.986,1781.513611111111
Pulse experiments,pioreactor01,2026-09-11T15:52:28.991Z,0.1175,680,2026-09-11 21:37:28.991,1781.513611111111
Pulse experiments,pioreactor01,2026-09-11T15:52:33.928Z,0.01958984375,415,2026-09-11 21:37:33.928,1781.515
Pulse experiments,pioreactor01,2026-09-11T15:52:33.934Z,0.159765625,445,2026-09-11 21:37:33.934,1781.515
Pulse experiments,pioreactor01,2026-09-11T15:52:33.939Z,0.1619921875,480,2026-09-11 21:37:33.939,1781.515
Pulse experiments,pioreactor01,2026-09-11T15:52:33.944Z,0.19142578125,515,2026-09-11 21:37:33.944,1781.515
Pulse experiments,pioreactor01,2026-09-11T15:52:33.950Z,0.22220703125,555,2026-09-11 21:37:33.950,1781.515
Pulse experiments,pioreactor01,2026-09-11T15:52:33.954Z,0.2249609375,590,2026-09-11 21:37:33.954,1781.515
Pulse experiments,pioreactor01,2026-09-11T15:52:33.959Z,0.23095703125,630,2026-09-11 21:37:33.959,1781.515
Pulse experiments,pioreactor01,2026-09-11T15:52:33.964Z,0.1178515625,680,2026-09-11 21:37:33.964,1781.515
Pulse experiments,pioreactor01,2026-09-11T15:52:38.919Z,0.01955078125,415,2026-09-11 21:37:38.919,1781.516388888889
Pulse experiments,pioreactor01,2026-09-11T15:52:38.924Z,0.1597265625,445,2026-09-11 21:37:38.924,1781.516388888889
Pulse experiments,pioreactor01,2026-09-11T15:52:38.929Z,0.16216796875,480,2026-09-11 21:37:38.929,1781.516388888889
Pulse experiments,pioreactor01,2026-09-11T15:52:38.934Z,0.19146484375,515,2026-09-11 21:37:38.934,1781.516388888889
Pulse experiments,pioreactor01,2026-09-11T15:52:38.939Z,0.2216015625,555,2026-09-11 21:37:38.939,1781.516388888889
Pulse experiments,pioreactor01,2026-09-11T15:52:38.943Z,0.22482421875,590,2026-09-11 21:37:38.943,1781.516388888889
Pulse experiments,pioreactor01,2026-09-11T15:52:38.947Z,0.23046875,630,2026-09-11 21:37:38.947,1781.516388888889
Pulse experiments,pioreactor01,2026-09-11T15:52:38.952Z,0.1176171875,680,2026-09-11 21:37:38.952,1781.516388888889
Pulse experiments,pioreactor01,2026-09-11T15:52:43.928Z,0.01953125,415,2026-09-11 21:37:43.928,1781.517777777778
Pulse experiments,pioreactor01,2026-09-11T15:52:43.934Z,0.15951171875,445,2026-09-11 21:37:43.934,1781.517777777778
Pulse experiments,pioreactor01,2026-09-11T15:52:43.940Z,0.16185546875,480,2026-09-11 21:37:43.940,1781.517777777778
Pulse experiments,pioreactor01,2026-09-11T15:52:43.946Z,0.19099609375,515,2026-09-11 21:37:43.946,1781.517777777778
Pulse experiments,pioreactor01,2026-09-11T15:52:43.948Z,0.2216796875,555,2026-09-11 21:37:43.948,1781.517777777778
Pulse experiments,pioreactor01,2026-09-11T15:52:43.954Z,0.22458984375,590,2026-09-11 21:37:43.954,1781.517777777778
Pulse experiments,pioreactor01,2026-09-11T15:52:43.960Z,0.23048828125,630,2026-09-11 21:37:43.960,1781.517777777778
Pulse experiments,pioreactor01,2026-09-11T15:52:43.968Z,0.117578125,680,2026-09-11 21:37:43.968,1781.517777777778
Pulse experiments,pioreactor01,2026-09-11T15:52:48.950Z,0.01955078125,415,2026-09-11 21:37:48.950,1781.519166666667
Pulse experiments,pioreactor01,2026-09-11T15:52:48.954Z,0.15998046875,445,2026-09-11 21:37:48.954,1781.519166666667
Pulse experiments,pioreactor01,2026-09-11T15:52:48.960Z,0.16201171875,480,2026-09-11 21:37:48.960,1781.519166666667
Pulse experiments,pioreactor01,2026-09-11T15:52:48.973Z,0.1911328125,515,2026-09-11 21:37:48.973,1781.519166666667
Pulse experiments,pioreactor01,2026-09-11T15:52:48.978Z,0.2218359375,555,2026-09-11 21:37:48.978,1781.519166666667
Pulse experiments,pioreactor01,2026-09-11T15:52:48.982Z,0.2246875,590,2026-09-11 21:37:48.982,1781.519166666667
Pulse experiments,pioreactor01,2026-09-11T15:52:48.986Z,0.2305859375,630,2026-09-11 21:37:48.986,1781.519166666667
Pulse experiments,pioreactor01,2026-09-11T15:52:48.993Z,0.11763671875,680,2026-09-11 21:37:48.993,1781.519166666667
Pulse experiments,pioreactor01,2026-09-11T15:52:53.924Z,0.01958984375,415,2026-09-11 21:37:53.924,1781.520555555556
Pulse experiments,pioreactor01,2026-09-11T15:52:53.928Z,0.1598828125,445,2026-09-11 21:37:53.928,1781.520555555556
Pulse experiments,pioreactor01,2026-09-11T15:52:53.937Z,0.16205078125,480,2026-09-11 21:37:53.937,1781.520555555556
Pulse experiments,pioreactor01,2026-09-11T15:52:53.941Z,0.1914453125,515,2026-09-11 21:37:53.941,1781.520555555556
Pulse experiments,pioreactor01,2026-09-11T15:52:53.946Z,0.22236328125,555,2026-09-11 21:37:53.946,1781.520555555556
Pulse experiments,pioreactor01,2026-09-11T15:52:53.951Z,0.22501953125,590,2026-09-11 21:37:53.951,1781.520555555556
Pulse experiments,pioreactor01,2026-09-11T15:52:53.956Z,0.2311328125,630,2026-09-11 21:37:53.956,1781.520555555556
Pulse experiments,pioreactor01,2026-09-11T15:52:53.963Z,0.11791015625,680,2026-09-11 21:37:53.963,1781.520555555556
Pulse experiments,pioreactor01,2026-09-11T15:52:58.919Z,0.01953125,415,2026-09-11 21:37:58.919,1781.521944444444
Pulse experiments,pioreactor01,2026-09-11T15:52:58.923Z,0.159921875,445,2026-09-11 21:37:58.923,1781.521944444444
Pulse experiments,pioreactor01,2026-09-11T15:52:58.929Z,0.1620703125,480,2026-09-11 21:37:58.929,1781.521944444444
Pulse experiments,pioreactor01,2026-09-11T15:52:58.933Z,0.19130859375,515,2026-09-11 21:37:58.933,1781.521944444444
Pulse experiments,pioreactor01,2026-09-11T15:52:58.939Z,0.2223828125,555,2026-09-11 21:37:58.939,1781.521944444444
Pulse experiments,pioreactor01,2026-09-11T15:52:58.941Z,0.2248046875,590,2026-09-11 21:37:58.941,1781.521944444444
Pulse experiments,pioreactor01,2026-09-11T15:52:58.947Z,0.23078125,630,2026-09-11 21:37:58.947,1781.521944444444
Pulse experiments,pioreactor01,2026-09-11T15:52:58.951Z,0.118046875,680,2026-09-11 21:37:58.951,1781.521944444444
Pulse experiments,pioreactor01,2026-09-11T15:53:03.940Z,0.01953125,415,2026-09-11 21:38:03.940,1781.523333333333
Pulse experiments,pioreactor01,2026-09-11T15:53:03.945Z,0.1594140625,445,2026-09-11 21:38:03.945,1781.523333333333
Pulse experiments,pioreactor01,2026-09-11T15:53:03.950Z,0.1615625,480,2026-09-11 21:38:03.950,1781.523333333333
Pulse experiments,pioreactor01,2026-09-11T15:53:03.954Z,0.19099609375,515,2026-09-11 21:38:03.954,1781.523333333333
Pulse experiments,pioreactor01,2026-09-11T15:53:03.960Z,0.22189453125,555,2026-09-11 21:38:03.960,1781.523333333333
Pulse experiments,pioreactor01,2026-09-11T15:53:03.964Z,0.22474609375,590,2026-09-11 21:38:03.964,1781.523333333333
Pulse experiments,pioreactor01,2026-09-11T15:53:03.972Z,0.230703125,630,2026-09-11 21:38:03.972,1781.523333333333
Pulse experiments,pioreactor01,2026-09-11T15:53:03.977Z,0.117578125,680,2026-09-11 21:38:03.977,1781.523333333333
Pulse experiments,pioreactor01,2026-09-11T15:53:08.980Z,0.0195703125,415,2026-09-11 21:38:08.980,1781.524722222222
Pulse experiments,pioreactor01,2026-09-11T15:53:08.985Z,0.15978515625,445,2026-09-11 21:38:08.985,1781.524722222222
Pulse experiments,pioreactor01,2026-09-11T15:53:08.991Z,0.16216796875,480,2026-09-11 21:38:08.991,1781.524722222222
Pulse experiments,pioreactor01,2026-09-11T15:53:08.996Z,0.19146484375,515,2026-09-11 21:38:08.996,1781.524722222222
Pulse experiments,pioreactor01,2026-09-11T15:53:09.003Z,0.222265625,555,2026-09-11 21:38:09.003,1781.525
Pulse experiments,pioreactor01,2026-09-11T15:53:09.008Z,0.22498046875,590,2026-09-11 21:38:09.008,1781.525
Pulse experiments,pioreactor01,2026-09-11T15:53:09.012Z,0.2308984375,630,2026-09-11 21:38:09.012,1781.525
Pulse experiments,pioreactor01,2026-09-11T15:53:09.018Z,0.11791015625,680,2026-09-11 21:38:09.018,1781.525
Pulse experiments,pioreactor01,2026-09-11T15:53:13.924Z,0.01955078125,415,2026-09-11 21:38:13.924,1781.526111111111
Pulse experiments,pioreactor01,2026-09-11T15:53:13.933Z,0.15953125,445,2026-09-11 21:38:13.933,1781.526111111111
Pulse experiments,pioreactor01,2026-09-11T15:53:13.936Z,0.16181640625,480,2026-09-11 21:38:13.936,1781.526111111111
Pulse experiments,pioreactor01,2026-09-11T15:53:13.941Z,0.191171875,515,2026-09-11 21:38:13.941,1781.526111111111
Pulse experiments,pioreactor01,2026-09-11T15:53:13.946Z,0.22158203125,555,2026-09-11 21:38:13.946,1781.526111111111
Pulse experiments,pioreactor01,2026-09-11T15:53:13.951Z,0.22443359375,590,2026-09-11 21:38:13.951,1781.526111111111
Pulse experiments,pioreactor01,2026-09-11T15:53:13.956Z,0.23037109375,630,2026-09-11 21:38:13.956,1781.526111111111
Pulse experiments,pioreactor01,2026-09-11T15:53:13.960Z,0.1176171875,680,2026-09-11 21:38:13.960,1781.526111111111
Pulse experiments,pioreactor01,2026-09-11T15:53:18.965Z,0.01953125,415,2026-09-11 21:38:18.965,1781.5275
Pulse experiments,pioreactor01,2026-09-11T15:53:18.970Z,0.1596484375,445,2026-09-11 21:38:18.970,1781.5275
Pulse experiments,pioreactor01,2026-09-11T15:53:18.976Z,0.16201171875,480,2026-09-11 21:38:18.976,1781.5275
Pulse experiments,pioreactor01,2026-09-11T15:53:18.982Z,0.19142578125,515,2026-09-11 21:38:18.982,1781.5275
Pulse experiments,pioreactor01,2026-09-11T15:53:18.986Z,0.22189453125,555,2026-09-11 21:38:18.986,1781.5275
Pulse experiments,pioreactor01,2026-09-11T15:53:18.990Z,0.2244921875,590,2026-09-11 21:38:18.990,1781.5275
Pulse experiments,pioreactor01,2026-09-11T15:53:18.995Z,0.23052734375,630,2026-09-11 21:38:18.995,1781.5275
Pulse experiments,pioreactor01,2026-09-11T15:53:19.001Z,0.1176953125,680,2026-09-11 21:38:19.001,1781.527777777778
Pulse experiments,pioreactor01,2026-09-11T15:53:23.967Z,0.01953125,415,2026-09-11 21:38:23.967,1781.528888888889
Pulse experiments,pioreactor01,2026-09-11T15:53:23.974Z,0.15958984375,445,2026-09-11 21:38:23.974,1781.528888888889
Pulse experiments,pioreactor01,2026-09-11T15:53:23.979Z,0.1615625,480,2026-09-11 21:38:23.979,1781.528888888889
Pulse experiments,pioreactor01,2026-09-11T15:53:23.984Z,0.1909765625,515,2026-09-11 21:38:23.984,1781.528888888889
Pulse experiments,pioreactor01,2026-09-11T15:53:23.989Z,0.22171875,555,2026-09-11 21:38:23.989,1781.528888888889
Pulse experiments,pioreactor01,2026-09-11T15:53:23.994Z,0.22439453125,590,2026-09-11 21:38:23.994,1781.528888888889
Pulse experiments,pioreactor01,2026-09-11T15:53:24.003Z,0.2305078125,630,2026-09-11 21:38:24.003,1781.529166666667
Pulse experiments,pioreactor01,2026-09-11T15:53:24.007Z,0.11748046875,680,2026-09-11 21:38:24.007,1781.529166666667
Pulse experiments,pioreactor01,2026-09-11T15:53:28.925Z,0.01873046875,415,2026-09-11 21:38:28.925,1781.530277777778
Pulse experiments,pioreactor01,2026-09-11T15:53:28.928Z,0.15017578125,445,2026-09-11 21:38:28.928,1781.530277777778
Pulse experiments,pioreactor01,2026-09-11T15:53:28.936Z,0.14888671875,480,2026-09-11 21:38:28.936,1781.530277777778
Pulse experiments,pioreactor01,2026-09-11T15:53:28.940Z,0.17615234375,515,2026-09-11 21:38:28.940,1781.530277777778
Pulse experiments,pioreactor01,2026-09-11T15:53:28.944Z,0.21251953125,555,2026-09-11 21:38:28.944,1781.530277777778
Pulse experiments,pioreactor01,2026-09-11T15:53:28.948Z,0.2230859375,590,2026-09-11 21:38:28.948,1781.530277777778
Pulse experiments,pioreactor01,2026-09-11T15:53:28.955Z,0.230078125,630,2026-09-11 21:38:28.955,1781.530277777778
Pulse experiments,pioreactor01,2026-09-11T15:53:28.957Z,0.11701171875,680,2026-09-11 21:38:28.957,1781.530277777778
Pulse experiments,pioreactor01,2026-09-11T15:53:33.929Z,0.0187890625,415,2026-09-11 21:38:33.929,1781.531666666667
Pulse experiments,pioreactor01,2026-09-11T15:53:33.934Z,0.15021484375,445,2026-09-11 21:38:33.934,1781.531666666667
Pulse experiments,pioreactor01,2026-09-11T15:53:33.941Z,0.1491015625,480,2026-09-11 21:38:33.941,1781.531666666667
Pulse experiments,pioreactor01,2026-09-11T15:53:33.950Z,0.17646484375,515,2026-09-11 21:38:33.950,1781.531666666667
Pulse experiments,pioreactor01,2026-09-11T15:53:33.958Z,0.21283203125,555,2026-09-11 21:38:33.958,1781.531666666667
Pulse experiments,pioreactor01,2026-09-11T15:53:33.963Z,0.22330078125,590,2026-09-11 21:38:33.963,1781.531666666667
Pulse experiments,pioreactor01,2026-09-11T15:53:33.968Z,0.229765625,630,2026-09-11 21:38:33.968,1781.531666666667
Pulse experiments,pioreactor01,2026-09-11T15:53:33.974Z,0.11685546875,680,2026-09-11 21:38:33.974,1781.531666666667
Pulse experiments,pioreactor01,2026-09-11T15:53:38.937Z,0.0187109375,415,2026-09-11 21:38:38.937,1781.533055555556
Pulse experiments,pioreactor01,2026-09-11T15:53:38.941Z,0.14994140625,445,2026-09-11 21:38:38.941,1781.533055555556
Pulse experiments,pioreactor01,2026-09-11T15:53:38.948Z,0.1490625,480,2026-09-11 21:38:38.948,1781.533055555556
Pulse experiments,pioreactor01,2026-09-11T15:53:38.952Z,0.17630859375,515,2026-09-11 21:38:38.952,1781.533055555556
Pulse experiments,pioreactor01,2026-09-11T15:53:38.958Z,0.2128515625,555,2026-09-11 21:38:38.958,1781.533055555556
Pulse experiments,pioreactor01,2026-09-11T15:53:38.966Z,0.22330078125,590,2026-09-11 21:38:38.966,1781.533055555556
Pulse experiments,pioreactor01,2026-09-11T15:53:38.970Z,0.22962890625,630,2026-09-11 21:38:38.970,1781.533055555556
Pulse experiments,pioreactor01,2026-09-11T15:53:38.975Z,0.1169921875,680,2026-09-11 21:38:38.975,1781.533055555556
Pulse experiments,pioreactor01,2026-09-11T15:53:43.986Z,0.01875,415,2026-09-11 21:38:43.986,1781.534444444444
Pulse experiments,pioreactor01,2026-09-11T15:53:43.991Z,0.1503125,445,2026-09-11 21:38:43.991,1781.534444444444
Pulse experiments,pioreactor01,2026-09-11T15:53:43.997Z,0.14908203125,480,2026-09-11 21:38:43.997,1781.534444444444
Pulse experiments,pioreactor01,2026-09-11T15:53:44.001Z,0.1762890625,515,2026-09-11 21:38:44.001,1781.534722222222
Pulse experiments,pioreactor01,2026-09-11T15:53:44.009Z,0.2125390625,555,2026-09-11 21:38:44.009,1781.534722222222
Pulse experiments,pioreactor01,2026-09-11T15:53:44.015Z,0.223046875,590,2026-09-11 21:38:44.015,1781.534722222222
Pulse experiments,pioreactor01,2026-09-11T15:53:44.021Z,0.23,630,2026-09-11 21:38:44.021,1781.534722222222
Pulse experiments,pioreactor01,2026-09-11T15:53:44.031Z,0.11693359375,680,2026-09-11 21:38:44.031,1781.534722222222
Pulse experiments,pioreactor01,2026-09-11T15:53:48.926Z,0.01876953125,415,2026-09-11 21:38:48.926,1781.535833333333
Pulse experiments,pioreactor01,2026-09-11T15:53:48.931Z,0.1499609375,445,2026-09-11 21:38:48.931,1781.535833333333
Pulse experiments,pioreactor01,2026-09-11T15:53:48.938Z,0.148984375,480,2026-09-11 21:38:48.938,1781.535833333333
Pulse experiments,pioreactor01,2026-09-11T15:53:48.943Z,0.17623046875,515,2026-09-11 21:38:48.943,1781.535833333333
Pulse experiments,pioreactor01,2026-09-11T15:53:48.948Z,0.2121875,555,2026-09-11 21:38:48.948,1781.535833333333
Pulse experiments,pioreactor01,2026-09-11T15:53:48.953Z,0.222421875,590,2026-09-11 21:38:48.953,1781.535833333333
Pulse experiments,pioreactor01,2026-09-11T15:53:48.958Z,0.22927734375,630,2026-09-11 21:38:48.958,1781.535833333333
Pulse experiments,pioreactor01,2026-09-11T15:53:48.966Z,0.1165234375,680,2026-09-11 21:38:48.966,1781.535833333333
Pulse experiments,pioreactor01,2026-09-11T15:53:53.932Z,0.01873046875,415,2026-09-11 21:38:53.932,1781.537222222222
Pulse experiments,pioreactor01,2026-09-11T15:53:53.942Z,0.14982421875,445,2026-09-11 21:38:53.942,1781.537222222222
Pulse experiments,pioreactor01,2026-09-11T15:53:53.945Z,0.1488671875,480,2026-09-11 21:38:53.945,1781.537222222222
Pulse experiments,pioreactor01,2026-09-11T15:53:53.950Z,0.1762109375,515,2026-09-11 21:38:53.950,1781.537222222222
Pulse experiments,pioreactor01,2026-09-11T15:53:53.955Z,0.21265625,555,2026-09-11 21:38:53.955,1781.537222222222
Pulse experiments,pioreactor01,2026-09-11T15:53:53.960Z,0.22275390625,590,2026-09-11 21:38:53.960,1781.537222222222
Pulse experiments,pioreactor01,2026-09-11T15:53:53.965Z,0.22955078125,630,2026-09-11 21:38:53.965,1781.537222222222
Pulse experiments,pioreactor01,2026-09-11T15:53:53.971Z,0.11689453125,680,2026-09-11 21:38:53.971,1781.537222222222
Pulse experiments,pioreactor01,2026-09-11T15:53:58.942Z,0.0187109375,415,2026-09-11 21:38:58.942,1781.538611111111
Pulse experiments,pioreactor01,2026-09-11T15:53:58.945Z,0.15005859375,445,2026-09-11 21:38:58.945,1781.538611111111
Pulse experiments,pioreactor01,2026-09-11T15:53:58.958Z,0.1489453125,480,2026-09-11 21:38:58.958,1781.538611111111
Pulse experiments,pioreactor01,2026-09-11T15:53:58.964Z,0.176015625,515,2026-09-11 21:38:58.964,1781.538611111111
Pulse experiments,pioreactor01,2026-09-11T15:53:58.975Z,0.21189453125,555,2026-09-11 21:38:58.975,1781.538611111111
Pulse experiments,pioreactor01,2026-09-11T15:53:58.988Z,0.22220703125,590,2026-09-11 21:38:58.988,1781.538611111111
Pulse experiments,pioreactor01,2026-09-11T15:53:58.991Z,0.22880859375,630,2026-09-11 21:38:58.991,1781.538611111111
Pulse experiments,pioreactor01,2026-09-11T15:53:58.998Z,0.11642578125,680,2026-09-11 21:38:58.998,1781.538611111111
Pulse experiments,pioreactor01,2026-09-11T15:54:03.938Z,0.0187109375,415,2026-09-11 21:39:03.938,1781.54
Pulse experiments,pioreactor01,2026-09-11T15:54:03.947Z,0.14994140625,445,2026-09-11 21:39:03.947,1781.54
Pulse experiments,pioreactor01,2026-09-11T15:54:03.959Z,0.14875,480,2026-09-11 21:39:03.959,1781.54
Pulse experiments,pioreactor01,2026-09-11T15:54:03.968Z,0.1761328125,515,2026-09-11 21:39:03.968,1781.54
Pulse experiments,pioreactor01,2026-09-11T15:54:03.975Z,0.21203125,555,2026-09-11 21:39:03.975,1781.54
Pulse experiments,pioreactor01,2026-09-11T15:54:03.986Z,0.222265625,590,2026-09-11 21:39:03.986,1781.54
Pulse experiments,pioreactor01,2026-09-11T15:54:03.998Z,0.22892578125,630,2026-09-11 21:39:03.998,1781.54
Pulse experiments,pioreactor01,2026-09-11T15:54:04.005Z,0.11642578125,680,2026-09-11 21:39:04.005,1781.540277777778
Pulse experiments,pioreactor01,2026-09-11T15:54:08.969Z,0.01873046875,415,2026-09-11 21:39:08.969,1781.541388888889
Pulse experiments,pioreactor01,2026-09-11T15:54:08.976Z,0.15005859375,445,2026-09-11 21:39:08.976,1781.541388888889
Pulse experiments,pioreactor01,2026-09-11T15:54:08.985Z,0.1490234375,480,2026-09-11 21:39:08.985,1781.541388888889
Pulse experiments,pioreactor01,2026-09-11T15:54:08.990Z,0.17625,515,2026-09-11 21:39:08.990,1781.541388888889
Pulse experiments,pioreactor01,2026-09-11T15:54:08.993Z,0.21244140625,555,2026-09-11 21:39:08.993,1781.541388888889
Pulse experiments,pioreactor01,2026-09-11T15:54:08.999Z,0.22287109375,590,2026-09-11 21:39:08.999,1781.541388888889
Pulse experiments,pioreactor01,2026-09-11T15:54:09.002Z,0.22966796875,630,2026-09-11 21:39:09.002,1781.541666666667
Pulse experiments,pioreactor01,2026-09-11T15:54:09.007Z,0.1168359375,680,2026-09-11 21:39:09.007,1781.541666666667
Pulse experiments,pioreactor01,2026-09-11T15:54:13.958Z,0.01876953125,415,2026-09-11 21:39:13.958,1781.542777777778
Pulse experiments,pioreactor01,2026-09-11T15:54:13.969Z,0.15015625,445,2026-09-11 21:39:13.969,1781.542777777778
Pulse experiments,pioreactor01,2026-09-11T15:54:13.983Z,0.1491015625,480,2026-09-11 21:39:13.983,1781.542777777778
Pulse experiments,pioreactor01,2026-09-11T15:54:13.986Z,0.1763671875,515,2026-09-11 21:39:13.986,1781.542777777778
Pulse experiments,pioreactor01,2026-09-11T15:54:13.999Z,0.21251953125,555,2026-09-11 21:39:13.999,1781.542777777778
Pulse experiments,pioreactor01,2026-09-11T15:54:14.019Z,0.22275390625,590,2026-09-11 21:39:14.019,1781.543055555556
Pulse experiments,pioreactor01,2026-09-11T15:54:14.025Z,0.2294921875,630,2026-09-11 21:39:14.025,1781.543055555556
Pulse experiments,pioreactor01,2026-09-11T15:54:14.034Z,0.116796875,680,2026-09-11 21:39:14.034,1781.543055555556
Pulse experiments,pioreactor01,2026-09-11T15:54:18.983Z,0.01875,415,2026-09-11 21:39:18.983,1781.544166666667
Pulse experiments,pioreactor01,2026-09-11T15:54:18.990Z,0.15017578125,445,2026-09-11 21:39:18.990,1781.544166666667
Pulse experiments,pioreactor01,2026-09-11T15:54:18.995Z,0.14890625,480,2026-09-11 21:39:18.995,1781.544166666667
Pulse experiments,pioreactor01,2026-09-11T15:54:19.002Z,0.17642578125,515,2026-09-11 21:39:19.002,1781.544444444444
Pulse experiments,pioreactor01,2026-09-11T15:54:19.007Z,0.21244140625,555,2026-09-11 21:39:19.007,1781.544444444444
Pulse experiments,pioreactor01,2026-09-11T15:54:19.013Z,0.22265625,590,2026-09-11 21:39:19.013,1781.544444444444
Pulse experiments,pioreactor01,2026-09-11T15:54:19.018Z,0.229296875,630,2026-09-11 21:39:19.018,1781.544444444444
Pulse experiments,pioreactor01,2026-09-11T15:54:19.027Z,0.1166015625,680,2026-09-11 21:39:19.027,1781.544444444444
Pulse experiments,pioreactor01,2026-09-11T15:54:23.918Z,0.01876953125,415,2026-09-11 21:39:23.918,1781.545555555556
Pulse experiments,pioreactor01,2026-09-11T15:54:23.928Z,0.15021484375,445,2026-09-11 21:39:23.928,1781.545555555556
Pulse experiments,pioreactor01,2026-09-11T15:54:23.937Z,0.14919921875,480,2026-09-11 21:39:23.937,1781.545555555556
Pulse experiments,pioreactor01,2026-09-11T15:54:23.940Z,0.17658203125,515,2026-09-11 21:39:23.940,1781.545555555556
Pulse experiments,pioreactor01,2026-09-11T15:54:23.945Z,0.2128125,555,2026-09-11 21:39:23.945,1781.545555555556
Pulse experiments,pioreactor01,2026-09-11T15:54:23.949Z,0.22302734375,590,2026-09-11 21:39:23.949,1781.545555555556
Pulse experiments,pioreactor01,2026-09-11T15:54:23.954Z,0.2298046875,630,2026-09-11 21:39:23.954,1781.545555555556
Pulse experiments,pioreactor01,2026-09-11T15:54:23.960Z,0.11697265625,680,2026-09-11 21:39:23.960,1781.545555555556
Pulse experiments,pioreactor01,2026-09-11T15:54:28.933Z,0.01876953125,415,2026-09-11 21:39:28.933,1781.546944444445
Pulse experiments,pioreactor01,2026-09-11T15:54:28.944Z,0.15015625,445,2026-09-11 21:39:28.944,1781.546944444445
Pulse experiments,pioreactor01,2026-09-11T15:54:28.956Z,0.14908203125,480,2026-09-11 21:39:28.956,1781.546944444445
Pulse experiments,pioreactor01,2026-09-11T15:54:28.968Z,0.17646484375,515,2026-09-11 21:39:28.968,1781.546944444445
Pulse experiments,pioreactor01,2026-09-11T15:54:28.976Z,0.21255859375,555,2026-09-11 21:39:28.976,1781.546944444445
Pulse experiments,pioreactor01,2026-09-11T15:54:28.986Z,0.22291015625,590,2026-09-11 21:39:28.986,1781.546944444445
Pulse experiments,pioreactor01,2026-09-11T15:54:29.000Z,0.22953125,630,2026-09-11 21:39:29.000,1781.547222222222
Pulse experiments,pioreactor01,2026-09-11T15:54:29.009Z,0.11681640625,680,2026-09-11 21:39:29.009,1781.547222222222
Pulse experiments,pioreactor01,2026-09-11T15:54:33.918Z,0.01876953125,415,2026-09-11 21:39:33.918,1781.548333333333
Pulse experiments,pioreactor01,2026-09-11T15:54:33.923Z,0.1502734375,445,2026-09-11 21:39:33.923,1781.548333333333
Pulse experiments,pioreactor01,2026-09-11T15:54:33.928Z,0.14900390625,480,2026-09-11 21:39:33.928,1781.548333333333
Pulse experiments,pioreactor01,2026-09-11T15:54:33.932Z,0.176484375,515,2026-09-11 21:39:33.932,1781.548333333333
Pulse experiments,pioreactor01,2026-09-11T15:54:33.938Z,0.2127734375,555,2026-09-11 21:39:33.938,1781.548333333333
Pulse experiments,pioreactor01,2026-09-11T15:54:33.941Z,0.22291015625,590,2026-09-11 21:39:33.941,1781.548333333333
Pulse experiments,pioreactor01,2026-09-11T15:54:33.946Z,0.229609375,630,2026-09-11 21:39:33.946,1781.548333333333
Pulse experiments,pioreactor01,2026-09-11T15:54:33.951Z,0.11685546875,680,2026-09-11 21:39:33.951,1781.548333333333
Pulse experiments,pioreactor01,2026-09-11T15:54:38.939Z,0.01875,415,2026-09-11 21:39:38.939,1781.549722222222
Pulse experiments,pioreactor01,2026-09-11T15:54:38.945Z,0.15017578125,445,2026-09-11 21:39:38.945,1781.549722222222
Pulse experiments,pioreactor01,2026-09-11T15:54:38.952Z,0.148984375,480,2026-09-11 21:39:38.952,1781.549722222222
Pulse experiments,pioreactor01,2026-09-11T15:54:38.963Z,0.1763671875,515,2026-09-11 21:39:38.963,1781.549722222222
Pulse experiments,pioreactor01,2026-09-11T15:54:38.974Z,0.212265625,555,2026-09-11 21:39:38.974,1781.549722222222
Pulse experiments,pioreactor01,2026-09-11T15:54:38.984Z,0.2224609375,590,2026-09-11 21:39:38.984,1781.549722222222
Pulse experiments,pioreactor01,2026-09-11T15:54:38.989Z,0.2291015625,630,2026-09-11 21:39:38.989,1781.549722222222
Pulse experiments,pioreactor01,2026-09-11T15:54:38.999Z,0.11642578125,680,2026-09-11 21:39:38.999,1781.549722222222
Pulse experiments,pioreactor01,2026-09-11T15:54:43.921Z,0.01873046875,415,2026-09-11 21:39:43.921,1781.551111111111
Pulse experiments,pioreactor01,2026-09-11T15:54:43.925Z,0.15001953125,445,2026-09-11 21:39:43.925,1781.551111111111
Pulse experiments,pioreactor01,2026-09-11T15:54:43.931Z,0.14888671875,480,2026-09-11 21:39:43.931,1781.551111111111
Pulse experiments,pioreactor01,2026-09-11T15:54:43.935Z,0.1762890625,515,2026-09-11 21:39:43.935,1781.551111111111
Pulse experiments,pioreactor01,2026-09-11T15:54:43.940Z,0.21240234375,555,2026-09-11 21:39:43.940,1781.551111111111
Pulse experiments,pioreactor01,2026-09-11T15:54:43.945Z,0.22271484375,590,2026-09-11 21:39:43.945,1781.551111111111
Pulse experiments,pioreactor01,2026-09-11T15:54:43.951Z,0.229609375,630,2026-09-11 21:39:43.951,1781.551111111111
Pulse experiments,pioreactor01,2026-09-11T15:54:43.955Z,0.11677734375,680,2026-09-11 21:39:43.955,1781.551111111111
Pulse experiments,pioreactor01,2026-09-11T15:54:48.974Z,0.01869140625,415,2026-09-11 21:39:48.974,1781.5525
Pulse experiments,pioreactor01,2026-09-11T15:54:49.031Z,0.15001953125,445,2026-09-11 21:39:49.031,1781.552777777778
Pulse experiments,pioreactor01,2026-09-11T15:54:49.034Z,0.148984375,480,2026-09-11 21:39:49.034,1781.552777777778
Pulse experiments,pioreactor01,2026-09-11T15:54:49.035Z,0.17626953125,515,2026-09-11 21:39:49.035,1781.552777777778
Pulse experiments,pioreactor01,2026-09-11T15:54:49.036Z,0.2124609375,555,2026-09-11 21:39:49.036,1781.552777777778
Pulse experiments,pioreactor01,2026-09-11T15:54:50.514Z,0.22279296875,590,2026-09-11 21:39:50.514,1781.553055555556
Pulse experiments,pioreactor01,2026-09-11T15:54:50.515Z,0.22947265625,630,2026-09-11 21:39:50.515,1781.553055555556
Pulse experiments,pioreactor01,2026-09-11T15:54:50.516Z,0.11671875,680,2026-09-11 21:39:50.516,1781.553055555556
Pulse experiments,pioreactor01,2026-09-11T15:54:53.925Z,0.01876953125,415,2026-09-11 21:39:53.925,1781.553888888889
Pulse experiments,pioreactor01,2026-09-11T15:54:53.931Z,0.15017578125,445,2026-09-11 21:39:53.931,1781.553888888889
Pulse experiments,pioreactor01,2026-09-11T15:54:53.938Z,0.14921875,480,2026-09-11 21:39:53.938,1781.553888888889
Pulse experiments,pioreactor01,2026-09-11T15:54:53.942Z,0.17642578125,515,2026-09-11 21:39:53.942,1781.553888888889
Pulse experiments,pioreactor01,2026-09-11T15:54:53.948Z,0.21212890625,555,2026-09-11 21:39:53.948,1781.553888888889
Pulse experiments,pioreactor01,2026-09-11T15:54:53.952Z,0.2223828125,590,2026-09-11 21:39:53.952,1781.553888888889
Pulse experiments,pioreactor01,2026-09-11T15:54:53.958Z,0.22908203125,630,2026-09-11 21:39:53.958,1781.553888888889
Pulse experiments,pioreactor01,2026-09-11T15:54:53.962Z,0.1164453125,680,2026-09-11 21:39:53.962,1781.553888888889
Pulse experiments,pioreactor01,2026-09-11T15:54:58.918Z,0.01876953125,415,2026-09-11 21:39:58.918,1781.555277777778
Pulse experiments,pioreactor01,2026-09-11T15:54:58.923Z,0.15009765625,445,2026-09-11 21:39:58.923,1781.555277777778
Pulse experiments,pioreactor01,2026-09-11T15:54:58.927Z,0.1488671875,480,2026-09-11 21:39:58.927,1781.555277777778
Pulse experiments,pioreactor01,2026-09-11T15:54:58.932Z,0.17630859375,515,2026-09-11 21:39:58.932,1781.555277777778
Pulse experiments,pioreactor01,2026-09-11T15:54:58.937Z,0.2126171875,555,2026-09-11 21:39:58.937,1781.555277777778
Pulse experiments,pioreactor01,2026-09-11T15:54:58.942Z,0.22287109375,590,2026-09-11 21:39:58.942,1781.555277777778
Pulse experiments,pioreactor01,2026-09-11T15:54:58.948Z,0.229765625,630,2026-09-11 21:39:58.948,1781.555277777778
Pulse experiments,pioreactor01,2026-09-11T15:54:58.954Z,0.11673828125,680,2026-09-11 21:39:58.954,1781.555277777778
Pulse experiments,pioreactor01,2026-09-11T15:55:03.960Z,0.01873046875,415,2026-09-11 21:40:03.960,1781.556666666667
Pulse experiments,pioreactor01,2026-09-11T15:55:03.966Z,0.1501953125,445,2026-09-11 21:40:03.966,1781.556666666667
Pulse experiments,pioreactor01,2026-09-11T15:55:03.972Z,0.14912109375,480,2026-09-11 21:40:03.972,1781.556666666667
Pulse experiments,pioreactor01,2026-09-11T15:55:03.976Z,0.176484375,515,2026-09-11 21:40:03.976,1781.556666666667
Pulse experiments,pioreactor01,2026-09-11T15:55:03.981Z,0.21267578125,555,2026-09-11 21:40:03.981,1781.556666666667
Pulse experiments,pioreactor01,2026-09-11T15:55:03.986Z,0.223046875,590,2026-09-11 21:40:03.986,1781.556666666667
Pulse experiments,pioreactor01,2026-09-11T15:55:03.996Z,0.22978515625,630,2026-09-11 21:40:03.996,1781.556666666667
Pulse experiments,pioreactor01,2026-09-11T15:55:04.000Z,0.11685546875,680,2026-09-11 21:40:04.000,1781.556944444445
Pulse experiments,pioreactor01,2026-09-11T15:55:08.922Z,0.01880859375,415,2026-09-11 21:40:08.922,1781.558055555555
Pulse experiments,pioreactor01,2026-09-11T15:55:08.928Z,0.15044921875,445,2026-09-11 21:40:08.928,1781.558055555555
Pulse experiments,pioreactor01,2026-09-11T15:55:08.932Z,0.14935546875,480,2026-09-11 21:40:08.932,1781.558055555555
Pulse experiments,pioreactor01,2026-09-11T15:55:08.938Z,0.176796875,515,2026-09-11 21:40:08.938,1781.558055555555
Pulse experiments,pioreactor01,2026-09-11T15:55:08.942Z,0.2126953125,555,2026-09-11 21:40:08.942,1781.558055555555
Pulse experiments,pioreactor01,2026-09-11T15:55:08.947Z,0.2230078125,590,2026-09-11 21:40:08.947,1781.558055555555
Pulse experiments,pioreactor01,2026-09-11T15:55:08.951Z,0.22982421875,630,2026-09-11 21:40:08.951,1781.558055555555
Pulse experiments,pioreactor01,2026-09-11T15:55:08.958Z,0.116875,680,2026-09-11 21:40:08.958,1781.558055555555
Pulse experiments,pioreactor01,2026-09-11T15:55:13.921Z,0.01876953125,415,2026-09-11 21:40:13.921,1781.559444444444
Pulse experiments,pioreactor01,2026-09-11T15:55:13.923Z,0.15001953125,445,2026-09-11 21:40:13.923,1781.559444444444
Pulse experiments,pioreactor01,2026-09-11T15:55:13.930Z,0.148984375,480,2026-09-11 21:40:13.930,1781.559444444444
Pulse experiments,pioreactor01,2026-09-11T15:55:13.936Z,0.17630859375,515,2026-09-11 21:40:13.936,1781.559444444444
Pulse experiments,pioreactor01,2026-09-11T15:55:13.942Z,0.21236328125,555,2026-09-11 21:40:13.942,1781.559444444444
Pulse experiments,pioreactor01,2026-09-11T15:55:13.946Z,0.2226953125,590,2026-09-11 21:40:13.946,1781.559444444444
Pulse experiments,pioreactor01,2026-09-11T15:55:13.952Z,0.229375,630,2026-09-11 21:40:13.952,1781.559444444444
Pulse experiments,pioreactor01,2026-09-11T15:55:13.956Z,0.11662109375,680,2026-09-11 21:40:13.956,1781.559444444444
Pulse experiments,pioreactor01,2026-09-11T15:55:18.941Z,0.01876953125,415,2026-09-11 21:40:18.941,1781.560833333333
Pulse experiments,pioreactor01,2026-09-11T15:55:18.948Z,0.15005859375,445,2026-09-11 21:40:18.948,1781.560833333333
Pulse experiments,pioreactor01,2026-09-11T15:55:18.956Z,0.14892578125,480,2026-09-11 21:40:18.956,1781.560833333333
Pulse experiments,pioreactor01,2026-09-11T15:55:18.966Z,0.17654296875,515,2026-09-11 21:40:18.966,1781.560833333333
Pulse experiments,pioreactor01,2026-09-11T15:55:18.973Z,0.21220703125,555,2026-09-11 21:40:18.973,1781.560833333333
Pulse experiments,pioreactor01,2026-09-11T15:55:18.980Z,0.22265625,590,2026-09-11 21:40:18.980,1781.560833333333
Pulse experiments,pioreactor01,2026-09-11T15:55:18.991Z,0.229375,630,2026-09-11 21:40:18.991,1781.560833333333
Pulse experiments,pioreactor01,2026-09-11T15:55:19.003Z,0.1165625,680,2026-09-11 21:40:19.003,1781.561111111111
Pulse experiments,pioreactor01,2026-09-11T15:55:23.921Z,0.01875,415,2026-09-11 21:40:23.921,1781.562222222222
Pulse experiments,pioreactor01,2026-09-11T15:55:23.927Z,0.15021484375,445,2026-09-11 21:40:23.927,1781.562222222222
Pulse experiments,pioreactor01,2026-09-11T15:55:23.930Z,0.14900390625,480,2026-09-11 21:40:23.930,1781.562222222222
Pulse experiments,pioreactor01,2026-09-11T15:55:23.939Z,0.17638671875,515,2026-09-11 21:40:23.939,1781.562222222222
Pulse experiments,pioreactor01,2026-09-11T15:55:23.944Z,0.21251953125,555,2026-09-11 21:40:23.944,1781.562222222222
Pulse experiments,pioreactor01,2026-09-11T15:55:23.947Z,0.222734375,590,2026-09-11 21:40:23.947,1781.562222222222
Pulse experiments,pioreactor01,2026-09-11T15:55:23.953Z,0.229375,630,2026-09-11 21:40:23.953,1781.562222222222
Pulse experiments,pioreactor01,2026-09-11T15:55:23.957Z,0.11669921875,680,2026-09-11 21:40:23.957,1781.562222222222
Pulse experiments,pioreactor01,2026-09-11T15:55:28.921Z,0.01876953125,415,2026-09-11 21:40:28.921,1781.563611111111
Pulse experiments,pioreactor01,2026-09-11T15:55:28.925Z,0.15021484375,445,2026-09-11 21:40:28.925,1781.563611111111
Pulse experiments,pioreactor01,2026-09-11T15:55:28.931Z,0.1493359375,480,2026-09-11 21:40:28.931,1781.563611111111
Pulse experiments,pioreactor01,2026-09-11T15:55:28.935Z,0.17650390625,515,2026-09-11 21:40:28.935,1781.563611111111
Pulse experiments,pioreactor01,2026-09-11T15:55:28.942Z,0.2126953125,555,2026-09-11 21:40:28.942,1781.563611111111
Pulse experiments,pioreactor01,2026-09-11T15:55:28.945Z,0.222734375,590,2026-09-11 21:40:28.945,1781.563611111111
Pulse experiments,pioreactor01,2026-09-11T15:55:28.951Z,0.22962890625,630,2026-09-11 21:40:28.951,1781.563611111111
Pulse experiments,pioreactor01,2026-09-11T15:55:28.956Z,0.11685546875,680,2026-09-11 21:40:28.956,1781.563611111111
Pulse experiments,pioreactor01,2026-09-11T15:55:33.936Z,0.01873046875,415,2026-09-11 21:40:33.936,1781.565
Pulse experiments,pioreactor01,2026-09-11T15:55:33.946Z,0.1500390625,445,2026-09-11 21:40:33.946,1781.565
Pulse experiments,pioreactor01,2026-09-11T15:55:33.948Z,0.14900390625,480,2026-09-11 21:40:33.948,1781.565
Pulse experiments,pioreactor01,2026-09-11T15:55:33.953Z,0.17640625,515,2026-09-11 21:40:33.953,1781.565
Pulse experiments,pioreactor01,2026-09-11T15:55:33.958Z,0.2124609375,555,2026-09-11 21:40:33.958,1781.565
Pulse experiments,pioreactor01,2026-09-11T15:55:33.965Z,0.222578125,590,2026-09-11 21:40:33.965,1781.565
Pulse experiments,pioreactor01,2026-09-11T15:55:33.970Z,0.22951171875,630,2026-09-11 21:40:33.970,1781.565
Pulse experiments,pioreactor01,2026-09-11T15:55:33.975Z,0.1166796875,680,2026-09-11 21:40:33.975,1781.565
Pulse experiments,pioreactor01,2026-09-11T15:55:38.923Z,0.01873046875,415,2026-09-11 21:40:38.923,1781.566388888889
Pulse experiments,pioreactor01,2026-09-11T15:55:38.927Z,0.1499609375,445,2026-09-11 21:40:38.927,1781.566388888889
Pulse experiments,pioreactor01,2026-09-11T15:55:38.933Z,0.148828125,480,2026-09-11 21:40:38.933,1781.566388888889
Pulse experiments,pioreactor01,2026-09-11T15:55:38.937Z,0.17625,515,2026-09-11 21:40:38.937,1781.566388888889
Pulse experiments,pioreactor01,2026-09-11T15:55:38.943Z,0.2121484375,555,2026-09-11 21:40:38.943,1781.566388888889
Pulse experiments,pioreactor01,2026-09-11T15:55:38.947Z,0.22234375,590,2026-09-11 21:40:38.947,1781.566388888889
Pulse experiments,pioreactor01,2026-09-11T15:55:38.953Z,0.22896484375,630,2026-09-11 21:40:38.953,1781.566388888889
Pulse experiments,pioreactor01,2026-09-11T15:55:38.957Z,0.11646484375,680,2026-09-11 21:40:38.957,1781.566388888889
Pulse experiments,pioreactor01,2026-09-11T15:55:43.921Z,0.01869140625,415,2026-09-11 21:40:43.921,1781.567777777778
Pulse experiments,pioreactor01,2026-09-11T15:55:43.926Z,0.15005859375,445,2026-09-11 21:40:43.926,1781.567777777778
Pulse experiments,pioreactor01,2026-09-11T15:55:43.931Z,0.14880859375,480,2026-09-11 21:40:43.931,1781.567777777778
Pulse experiments,pioreactor01,2026-09-11T15:55:43.935Z,0.17619140625,515,2026-09-11 21:40:43.935,1781.567777777778
Pulse experiments,pioreactor01,2026-09-11T15:55:43.940Z,0.2123828125,555,2026-09-11 21:40:43.940,1781.567777777778
Pulse experiments,pioreactor01,2026-09-11T15:55:43.945Z,0.222734375,590,2026-09-11 21:40:43.945,1781.567777777778
Pulse experiments,pioreactor01,2026-09-11T15:55:43.949Z,0.22927734375,630,2026-09-11 21:40:43.949,1781.567777777778
Pulse experiments,pioreactor01,2026-09-11T15:55:43.954Z,0.1165625,680,2026-09-11 21:40:43.954,1781.567777777778
Pulse experiments,pioreactor01,2026-09-11T15:55:48.924Z,0.0187890625,415,2026-09-11 21:40:48.924,1781.569166666667
Pulse experiments,pioreactor01,2026-09-11T15:55:48.929Z,0.15,445,2026-09-11 21:40:48.929,1781.569166666667
Pulse experiments,pioreactor01,2026-09-11T15:55:48.937Z,0.148984375,480,2026-09-11 21:40:48.937,1781.569166666667
Pulse experiments,pioreactor01,2026-09-11T15:55:48.939Z,0.17650390625,515,2026-09-11 21:40:48.939,1781.569166666667
Pulse experiments,pioreactor01,2026-09-11T15:55:48.947Z,0.21275390625,555,2026-09-11 21:40:48.947,1781.569166666667
Pulse experiments,pioreactor01,2026-09-11T15:55:48.953Z,0.2228125,590,2026-09-11 21:40:48.953,1781.569166666667
Pulse experiments,pioreactor01,2026-09-11T15:55:48.958Z,0.22978515625,630,2026-09-11 21:40:48.958,1781.569166666667
Pulse experiments,pioreactor01,2026-09-11T15:55:48.968Z,0.1168359375,680,2026-09-11 21:40:48.968,1781.569166666667
Pulse experiments,pioreactor01,2026-09-11T15:55:53.927Z,0.01875,415,2026-09-11 21:40:53.927,1781.570555555556
Pulse experiments,pioreactor01,2026-09-11T15:55:53.932Z,0.1503515625,445,2026-09-11 21:40:53.932,1781.570555555556
Pulse experiments,pioreactor01,2026-09-11T15:55:53.937Z,0.1492578125,480,2026-09-11 21:40:53.937,1781.570555555556
Pulse experiments,pioreactor01,2026-09-11T15:55:53.943Z,0.17642578125,515,2026-09-11 21:40:53.943,1781.570555555556
Pulse experiments,pioreactor01,2026-09-11T15:55:53.949Z,0.2124609375,555,2026-09-11 21:40:53.949,1781.570555555556
Pulse experiments,pioreactor01,2026-09-11T15:55:53.953Z,0.2224609375,590,2026-09-11 21:40:53.953,1781.570555555556
Pulse experiments,pioreactor01,2026-09-11T15:55:53.960Z,0.2294140625,630,2026-09-11 21:40:53.960,1781.570555555556
Pulse experiments,pioreactor01,2026-09-11T15:55:53.964Z,0.11669921875,680,2026-09-11 21:40:53.964,1781.570555555556
Pulse experiments,pioreactor01,2026-09-11T15:55:58.918Z,0.01876953125,415,2026-09-11 21:40:58.918,1781.571944444444
Pulse experiments,pioreactor01,2026-09-11T15:55:58.922Z,0.1501953125,445,2026-09-11 21:40:58.922,1781.571944444444
Pulse experiments,pioreactor01,2026-09-11T15:55:58.927Z,0.14908203125,480,2026-09-11 21:40:58.927,1781.571944444444
Pulse experiments,pioreactor01,2026-09-11T15:55:58.932Z,0.17669921875,515,2026-09-11 21:40:58.932,1781.571944444444
Pulse experiments,pioreactor01,2026-09-11T15:55:58.937Z,0.212734375,555,2026-09-11 21:40:58.937,1781.571944444444
Pulse experiments,pioreactor01,2026-09-11T15:55:58.941Z,0.222890625,590,2026-09-11 21:40:58.941,1781.571944444444
Pulse experiments,pioreactor01,2026-09-11T15:55:58.947Z,0.22966796875,630,2026-09-11 21:40:58.947,1781.571944444444
Pulse experiments,pioreactor01,2026-09-11T15:55:58.951Z,0.1169921875,680,2026-09-11 21:40:58.951,1781.571944444444
Pulse experiments,pioreactor01,2026-09-11T15:56:03.956Z,0.01875,415,2026-09-11 21:41:03.956,1781.573333333333
Pulse experiments,pioreactor01,2026-09-11T15:56:03.961Z,0.1501171875,445,2026-09-11 21:41:03.961,1781.573333333333
Pulse experiments,pioreactor01,2026-09-11T15:56:03.966Z,0.14908203125,480,2026-09-11 21:41:03.966,1781.573333333333
Pulse experiments,pioreactor01,2026-09-11T15:56:03.971Z,0.17634765625,515,2026-09-11 21:41:03.971,1781.573333333333
Pulse experiments,pioreactor01,2026-09-11T15:56:03.978Z,0.2126171875,555,2026-09-11 21:41:03.978,1781.573333333333
Pulse experiments,pioreactor01,2026-09-11T15:56:03.983Z,0.2228125,590,2026-09-11 21:41:03.983,1781.573333333333
Pulse experiments,pioreactor01,2026-09-11T15:56:03.987Z,0.2296875,630,2026-09-11 21:41:03.987,1781.573333333333
Pulse experiments,pioreactor01,2026-09-11T15:56:03.997Z,0.1169140625,680,2026-09-11 21:41:03.997,1781.573333333333
Pulse experiments,pioreactor01,2026-09-11T15:56:08.976Z,0.01876953125,415,2026-09-11 21:41:08.976,1781.574722222222
Pulse experiments,pioreactor01,2026-09-11T15:56:08.981Z,0.150078125,445,2026-09-11 21:41:08.981,1781.574722222222
Pulse experiments,pioreactor01,2026-09-11T15:56:08.988Z,0.14904296875,480,2026-09-11 21:41:08.988,1781.574722222222
Pulse experiments,pioreactor01,2026-09-11T15:56:08.996Z,0.17646484375,515,2026-09-11 21:41:08.996,1781.574722222222
Pulse experiments,pioreactor01,2026-09-11T15:56:09.000Z,0.2125390625,555,2026-09-11 21:41:09.000,1781.575
Pulse experiments,pioreactor01,2026-09-11T15:56:09.006Z,0.22275390625,590,2026-09-11 21:41:09.006,1781.575
Pulse experiments,pioreactor01,2026-09-11T15:56:09.011Z,0.229609375,630,2026-09-11 21:41:09.011,1781.575
Pulse experiments,pioreactor01,2026-09-11T15:56:09.016Z,0.1167578125,680,2026-09-11 21:41:09.016,1781.575
Pulse experiments,pioreactor01,2026-09-11T15:56:13.925Z,0.01875,415,2026-09-11 21:41:13.925,1781.576111111111
Pulse experiments,pioreactor01,2026-09-11T15:56:13.931Z,0.1503515625,445,2026-09-11 21:41:13.931,1781.576111111111
Pulse experiments,pioreactor01,2026-09-11T15:56:13.937Z,0.1494140625,480,2026-09-11 21:41:13.937,1781.576111111111
Pulse experiments,pioreactor01,2026-09-11T15:56:13.941Z,0.17677734375,515,2026-09-11 21:41:13.941,1781.576111111111
Pulse experiments,pioreactor01,2026-09-11T15:56:13.947Z,0.21271484375,555,2026-09-11 21:41:13.947,1781.576111111111
Pulse experiments,pioreactor01,2026-09-11T15:56:13.954Z,0.22298828125,590,2026-09-11 21:41:13.954,1781.576111111111
Pulse experiments,pioreactor01,2026-09-11T15:56:13.960Z,0.23001953125,630,2026-09-11 21:41:13.960,1781.576111111111
Pulse experiments,pioreactor01,2026-09-11T15:56:13.964Z,0.11673828125,680,2026-09-11 21:41:13.964,1781.576111111111
Pulse experiments,pioreactor01,2026-09-11T15:56:18.936Z,0.01873046875,415,2026-09-11 21:41:18.936,1781.5775
Pulse experiments,pioreactor01,2026-09-11T15:56:18.947Z,0.15013671875,445,2026-09-11 21:41:18.947,1781.5775
Pulse experiments,pioreactor01,2026-09-11T15:56:18.974Z,0.14900390625,480,2026-09-11 21:41:18.974,1781.5775
Pulse experiments,pioreactor01,2026-09-11T15:56:18.985Z,0.17630859375,515,2026-09-11 21:41:18.985,1781.5775
Pulse experiments,pioreactor01,2026-09-11T15:56:19.006Z,0.21259765625,555,2026-09-11 21:41:19.006,1781.577777777778
Pulse experiments,pioreactor01,2026-09-11T15:56:19.023Z,0.222734375,590,2026-09-11 21:41:19.023,1781.577777777778
Pulse experiments,pioreactor01,2026-09-11T15:56:19.036Z,0.22958984375,630,2026-09-11 21:41:19.036,1781.577777777778
Pulse experiments,pioreactor01,2026-09-11T15:56:19.047Z,0.1167578125,680,2026-09-11 21:41:19.047,1781.577777777778
Pulse experiments,pioreactor01,2026-09-11T15:56:23.948Z,0.0187890625,415,2026-09-11 21:41:23.948,1781.578888888889
Pulse experiments,pioreactor01,2026-09-11T15:56:23.955Z,0.15005859375,445,2026-09-11 21:41:23.955,1781.578888888889
Pulse experiments,pioreactor01,2026-09-11T15:56:23.962Z,0.1491796875,480,2026-09-11 21:41:23.962,1781.578888888889
Pulse experiments,pioreactor01,2026-09-11T15:56:23.967Z,0.17654296875,515,2026-09-11 21:41:23.967,1781.578888888889
Pulse experiments,pioreactor01,2026-09-11T15:56:23.974Z,0.21248046875,555,2026-09-11 21:41:23.974,1781.578888888889
Pulse experiments,pioreactor01,2026-09-11T15:56:23.980Z,0.22271484375,590,2026-09-11 21:41:23.980,1781.578888888889
Pulse experiments,pioreactor01,2026-09-11T15:56:23.985Z,0.22923828125,630,2026-09-11 21:41:23.985,1781.578888888889
Pulse experiments,pioreactor01,2026-09-11T15:56:23.991Z,0.11650390625,680,2026-09-11 21:41:23.991,1781.578888888889
Pulse experiments,pioreactor01,2026-09-11T15:56:28.915Z,0.01873046875,415,2026-09-11 21:41:28.915,1781.580277777778
Pulse experiments,pioreactor01,2026-09-11T15:56:28.925Z,0.150234375,445,2026-09-11 21:41:28.925,1781.580277777778
Pulse experiments,pioreactor01,2026-09-11T15:56:28.928Z,0.1491796875,480,2026-09-11 21:41:28.928,1781.580277777778
Pulse experiments,pioreactor01,2026-09-11T15:56:28.930Z,0.17650390625,515,2026-09-11 21:41:28.930,1781.580277777778
Pulse experiments,pioreactor01,2026-09-11T15:56:28.936Z,0.21248046875,555,2026-09-11 21:41:28.936,1781.580277777778
Pulse experiments,pioreactor01,2026-09-11T15:56:28.940Z,0.22275390625,590,2026-09-11 21:41:28.940,1781.580277777778
Pulse experiments,pioreactor01,2026-09-11T15:56:28.945Z,0.2294921875,630,2026-09-11 21:41:28.945,1781.580277777778
Pulse experiments,pioreactor01,2026-09-11T15:56:28.950Z,0.11677734375,680,2026-09-11 21:41:28.950,1781.580277777778
Pulse experiments,pioreactor01,2026-09-11T15:56:33.931Z,0.01875,415,2026-09-11 21:41:33.931,1781.581666666667
Pulse experiments,pioreactor01,2026-09-11T15:56:33.941Z,0.14998046875,445,2026-09-11 21:41:33.941,1781.581666666667
Pulse experiments,pioreactor01,2026-09-11T15:56:33.952Z,0.14888671875,480,2026-09-11 21:41:33.952,1781.581666666667
Pulse experiments,pioreactor01,2026-09-11T15:56:33.964Z,0.176328125,515,2026-09-11 21:41:33.964,1781.581666666667
Pulse experiments,pioreactor01,2026-09-11T15:56:33.976Z,0.2124609375,555,2026-09-11 21:41:33.976,1781.581666666667
Pulse experiments,pioreactor01,2026-09-11T15:56:33.993Z,0.2226171875,590,2026-09-11 21:41:33.993,1781.581666666667
Pulse experiments,pioreactor01,2026-09-11T15:56:34.013Z,0.229375,630,2026-09-11 21:41:34.013,1781.581944444444
Pulse experiments,pioreactor01,2026-09-11T15:56:34.028Z,0.116640625,680,2026-09-11 21:41:34.028,1781.581944444444
Pulse experiments,pioreactor01,2026-09-11T15:56:38.934Z,0.01876953125,415,2026-09-11 21:41:38.934,1781.583055555556
Pulse experiments,pioreactor01,2026-09-11T15:56:38.954Z,0.1501953125,445,2026-09-11 21:41:38.954,1781.583055555556
Pulse experiments,pioreactor01,2026-09-11T15:56:38.963Z,0.1491796875,480,2026-09-11 21:41:38.963,1781.583055555556
Pulse experiments,pioreactor01,2026-09-11T15:56:38.974Z,0.17654296875,515,2026-09-11 21:41:38.974,1781.583055555556
Pulse experiments,pioreactor01,2026-09-11T15:56:38.983Z,0.21251953125,555,2026-09-11 21:41:38.983,1781.583055555556
Pulse experiments,pioreactor01,2026-09-11T15:56:38.995Z,0.22263671875,590,2026-09-11 21:41:38.995,1781.583055555556
Pulse experiments,pioreactor01,2026-09-11T15:56:39.004Z,0.22943359375,630,2026-09-11 21:41:39.004,1781.583333333333
Pulse experiments,pioreactor01,2026-09-11T15:56:39.011Z,0.11671875,680,2026-09-11 21:41:39.011,1781.583333333333
Pulse experiments,pioreactor01,2026-09-11T15:56:43.922Z,0.01876953125,415,2026-09-11 21:41:43.922,1781.584444444444
Pulse experiments,pioreactor01,2026-09-11T15:56:43.929Z,0.15025390625,445,2026-09-11 21:41:43.929,1781.584444444444
Pulse experiments,pioreactor01,2026-09-11T15:56:43.934Z,0.1491796875,480,2026-09-11 21:41:43.934,1781.584444444444
Pulse experiments,pioreactor01,2026-09-11T15:56:43.939Z,0.176484375,515,2026-09-11 21:41:43.939,1781.584444444444
Pulse experiments,pioreactor01,2026-09-11T15:56:43.943Z,0.21244140625,555,2026-09-11 21:41:43.943,1781.584444444444
Pulse experiments,pioreactor01,2026-09-11T15:56:43.948Z,0.2228125,590,2026-09-11 21:41:43.948,1781.584444444444
Pulse experiments,pioreactor01,2026-09-11T15:56:43.955Z,0.22966796875,630,2026-09-11 21:41:43.955,1781.584444444444
Pulse experiments,pioreactor01,2026-09-11T15:56:43.959Z,0.11671875,680,2026-09-11 21:41:43.959,1781.584444444444
Pulse experiments,pioreactor01,2026-09-11T15:56:48.921Z,0.018828125,415,2026-09-11 21:41:48.921,1781.585833333333
Pulse experiments,pioreactor01,2026-09-11T15:56:48.927Z,0.1504296875,445,2026-09-11 21:41:48.927,1781.585833333333
Pulse experiments,pioreactor01,2026-09-11T15:56:48.930Z,0.14935546875,480,2026-09-11 21:41:48.930,1781.585833333333
Pulse experiments,pioreactor01,2026-09-11T15:56:48.937Z,0.17677734375,515,2026-09-11 21:41:48.937,1781.585833333333
Pulse experiments,pioreactor01,2026-09-11T15:56:48.942Z,0.2125,555,2026-09-11 21:41:48.942,1781.585833333333
Pulse experiments,pioreactor01,2026-09-11T15:56:48.948Z,0.22279296875,590,2026-09-11 21:41:48.948,1781.585833333333
Pulse experiments,pioreactor01,2026-09-11T15:56:48.952Z,0.22947265625,630,2026-09-11 21:41:48.952,1781.585833333333
Pulse experiments,pioreactor01,2026-09-11T15:56:48.958Z,0.11673828125,680,2026-09-11 21:41:48.958,1781.585833333333
Pulse experiments,pioreactor01,2026-09-11T15:56:53.921Z,0.01876953125,415,2026-09-11 21:41:53.921,1781.587222222222
Pulse experiments,pioreactor01,2026-09-11T15:56:53.929Z,0.15015625,445,2026-09-11 21:41:53.929,1781.587222222222
Pulse experiments,pioreactor01,2026-09-11T15:56:53.935Z,0.1490234375,480,2026-09-11 21:41:53.935,1781.587222222222
Pulse experiments,pioreactor01,2026-09-11T15:56:53.938Z,0.1764453125,515,2026-09-11 21:41:53.938,1781.587222222222
Pulse experiments,pioreactor01,2026-09-11T15:56:53.943Z,0.21232421875,555,2026-09-11 21:41:53.943,1781.587222222222
Pulse experiments,pioreactor01,2026-09-11T15:56:53.949Z,0.22279296875,590,2026-09-11 21:41:53.949,1781.587222222222
Pulse experiments,pioreactor01,2026-09-11T15:56:53.954Z,0.22947265625,630,2026-09-11 21:41:53.954,1781.587222222222
Pulse experiments,pioreactor01,2026-09-11T15:56:53.960Z,0.1166015625,680,2026-09-11 21:41:53.960,1781.587222222222
Pulse experiments,pioreactor01,2026-09-11T15:56:58.932Z,0.01875,415,2026-09-11 21:41:58.932,1781.588611111111
Pulse experiments,pioreactor01,2026-09-11T15:56:58.941Z,0.15009765625,445,2026-09-11 21:41:58.941,1781.588611111111
Pulse experiments,pioreactor01,2026-09-11T15:56:58.947Z,0.14904296875,480,2026-09-11 21:41:58.947,1781.588611111111
Pulse experiments,pioreactor01,2026-09-11T15:56:58.961Z,0.17634765625,515,2026-09-11 21:41:58.961,1781.588611111111
Pulse experiments,pioreactor01,2026-09-11T15:56:58.971Z,0.21212890625,555,2026-09-11 21:41:58.971,1781.588611111111
Pulse experiments,pioreactor01,2026-09-11T15:56:58.983Z,0.22244140625,590,2026-09-11 21:41:58.983,1781.588611111111
Pulse experiments,pioreactor01,2026-09-11T15:56:58.996Z,0.22923828125,630,2026-09-11 21:41:58.996,1781.588611111111
Pulse experiments,pioreactor01,2026-09-11T15:56:59.007Z,0.11640625,680,2026-09-11 21:41:59.007,1781.588888888889
Pulse experiments,pioreactor01,2026-09-11T15:57:03.938Z,0.01873046875,415,2026-09-11 21:42:03.938,1781.59
Pulse experiments,pioreactor01,2026-09-11T15:57:03.944Z,0.15025390625,445,2026-09-11 21:42:03.944,1781.59
Pulse experiments,pioreactor01,2026-09-11T15:57:03.951Z,0.1491796875,480,2026-09-11 21:42:03.951,1781.59
Pulse experiments,pioreactor01,2026-09-11T15:57:03.955Z,0.17630859375,515,2026-09-11 21:42:03.955,1781.59
Pulse experiments,pioreactor01,2026-09-11T15:57:03.961Z,0.21236328125,555,2026-09-11 21:42:03.961,1781.59
Pulse experiments,pioreactor01,2026-09-11T15:57:03.968Z,0.22265625,590,2026-09-11 21:42:03.968,1781.59
Pulse experiments,pioreactor01,2026-09-11T15:57:03.973Z,0.2291796875,630,2026-09-11 21:42:03.973,1781.59
Pulse experiments,pioreactor01,2026-09-11T15:57:03.977Z,0.116484375,680,2026-09-11 21:42:03.977,1781.59
Pulse experiments,pioreactor01,2026-09-11T15:57:08.925Z,0.01873046875,415,2026-09-11 21:42:08.925,1781.591388888889
Pulse experiments,pioreactor01,2026-09-11T15:57:08.930Z,0.1501953125,445,2026-09-11 21:42:08.930,1781.591388888889
Pulse experiments,pioreactor01,2026-09-11T15:57:08.933Z,0.14931640625,480,2026-09-11 21:42:08.933,1781.591388888889
Pulse experiments,pioreactor01,2026-09-11T15:57:08.939Z,0.17640625,515,2026-09-11 21:42:08.939,1781.591388888889
Pulse experiments,pioreactor01,2026-09-11T15:57:08.943Z,0.21240234375,555,2026-09-11 21:42:08.943,1781.591388888889
Pulse experiments,pioreactor01,2026-09-11T15:57:08.949Z,0.22263671875,590,2026-09-11 21:42:08.949,1781.591388888889
Pulse experiments,pioreactor01,2026-09-11T15:57:08.953Z,0.2293359375,630,2026-09-11 21:42:08.953,1781.591388888889
Pulse experiments,pioreactor01,2026-09-11T15:57:08.959Z,0.11662109375,680,2026-09-11 21:42:08.959,1781.591388888889
Pulse experiments,pioreactor01,2026-09-11T15:57:13.922Z,0.01875,415,2026-09-11 21:42:13.922,1781.592777777778
Pulse experiments,pioreactor01,2026-09-11T15:57:13.927Z,0.1503515625,445,2026-09-11 21:42:13.927,1781.592777777778
Pulse experiments,pioreactor01,2026-09-11T15:57:13.932Z,0.1489453125,480,2026-09-11 21:42:13.932,1781.592777777778
Pulse experiments,pioreactor01,2026-09-11T15:57:13.937Z,0.1763671875,515,2026-09-11 21:42:13.937,1781.592777777778
Pulse experiments,pioreactor01,2026-09-11T15:57:13.941Z,0.21220703125,555,2026-09-11 21:42:13.941,1781.592777777778
Pulse experiments,pioreactor01,2026-09-11T15:57:13.947Z,0.22263671875,590,2026-09-11 21:42:13.947,1781.592777777778
Pulse experiments,pioreactor01,2026-09-11T15:57:13.950Z,0.2292578125,630,2026-09-11 21:42:13.950,1781.592777777778
Pulse experiments,pioreactor01,2026-09-11T15:57:13.955Z,0.116484375,680,2026-09-11 21:42:13.955,1781.592777777778
Pulse experiments,pioreactor01,2026-09-11T15:57:18.921Z,0.0187109375,415,2026-09-11 21:42:18.921,1781.594166666667
Pulse experiments,pioreactor01,2026-09-11T15:57:18.926Z,0.1499609375,445,2026-09-11 21:42:18.926,1781.594166666667
Pulse experiments,pioreactor01,2026-09-11T15:57:18.931Z,0.14892578125,480,2026-09-11 21:42:18.931,1781.594166666667
Pulse experiments,pioreactor01,2026-09-11T15:57:18.934Z,0.176328125,515,2026-09-11 21:42:18.934,1781.594166666667
Pulse experiments,pioreactor01,2026-09-11T15:57:18.940Z,0.212421875,555,2026-09-11 21:42:18.940,1781.594166666667
Pulse experiments,pioreactor01,2026-09-11T15:57:18.945Z,0.2227734375,590,2026-09-11 21:42:18.945,1781.594166666667
Pulse experiments,pioreactor01,2026-09-11T15:57:18.949Z,0.22953125,630,2026-09-11 21:42:18.949,1781.594166666667
Pulse experiments,pioreactor01,2026-09-11T15:57:18.954Z,0.11681640625,680,2026-09-11 21:42:18.954,1781.594166666667
Pulse experiments,pioreactor01,2026-09-11T15:57:23.934Z,0.01875,415,2026-09-11 21:42:23.934,1781.595555555556
Pulse experiments,pioreactor01,2026-09-11T15:57:23.947Z,0.15017578125,445,2026-09-11 21:42:23.947,1781.595555555556
Pulse experiments,pioreactor01,2026-09-11T15:57:23.957Z,0.1491796875,480,2026-09-11 21:42:23.957,1781.595555555556
Pulse experiments,pioreactor01,2026-09-11T15:57:23.972Z,0.17634765625,515,2026-09-11 21:42:23.972,1781.595555555556
Pulse experiments,pioreactor01,2026-09-11T15:57:23.986Z,0.21259765625,555,2026-09-11 21:42:23.986,1781.595555555556
Pulse experiments,pioreactor01,2026-09-11T15:57:23.993Z,0.22296875,590,2026-09-11 21:42:23.993,1781.595555555556
Pulse experiments,pioreactor01,2026-09-11T15:57:24.007Z,0.229765625,630,2026-09-11 21:42:24.007,1781.595833333333
Pulse experiments,pioreactor01,2026-09-11T15:57:24.018Z,0.116875,680,2026-09-11 21:42:24.018,1781.595833333333
Pulse experiments,pioreactor01,2026-09-11T15:57:28.936Z,0.01875,415,2026-09-11 21:42:28.936,1781.596944444444
Pulse experiments,pioreactor01,2026-09-11T15:57:28.950Z,0.15015625,445,2026-09-11 21:42:28.950,1781.596944444444
Pulse experiments,pioreactor01,2026-09-11T15:57:28.969Z,0.14912109375,480,2026-09-11 21:42:28.969,1781.596944444444
Pulse experiments,pioreactor01,2026-09-11T15:57:28.984Z,0.17654296875,515,2026-09-11 21:42:28.984,1781.596944444444
Pulse experiments,pioreactor01,2026-09-11T15:57:28.998Z,0.21220703125,555,2026-09-11 21:42:28.998,1781.596944444444
Pulse experiments,pioreactor01,2026-09-11T15:57:29.007Z,0.22240234375,590,2026-09-11 21:42:29.007,1781.597222222222
Pulse experiments,pioreactor01,2026-09-11T15:57:29.014Z,0.22904296875,630,2026-09-11 21:42:29.014,1781.597222222222
Pulse experiments,pioreactor01,2026-09-11T15:57:29.027Z,0.116484375,680,2026-09-11 21:42:29.027,1781.597222222222
Pulse experiments,pioreactor01,2026-09-11T15:57:33.932Z,0.01869140625,415,2026-09-11 21:42:33.932,1781.598333333333
Pulse experiments,pioreactor01,2026-09-11T15:57:33.941Z,0.15,445,2026-09-11 21:42:33.941,1781.598333333333
Pulse experiments,pioreactor01,2026-09-11T15:57:33.954Z,0.14880859375,480,2026-09-11 21:42:33.954,1781.598333333333
Pulse experiments,pioreactor01,2026-09-11T15:57:33.958Z,0.176171875,515,2026-09-11 21:42:33.958,1781.598333333333
Pulse experiments,pioreactor01,2026-09-11T15:57:33.966Z,0.21224609375,555,2026-09-11 21:42:33.966,1781.598333333333
Pulse experiments,pioreactor01,2026-09-11T15:57:33.978Z,0.22228515625,590,2026-09-11 21:42:33.978,1781.598333333333
Pulse experiments,pioreactor01,2026-09-11T15:57:33.985Z,0.22890625,630,2026-09-11 21:42:33.985,1781.598333333333
Pulse experiments,pioreactor01,2026-09-11T15:57:33.998Z,0.11650390625,680,2026-09-11 21:42:33.998,1781.598333333333
Pulse experiments,pioreactor01,2026-09-11T15:57:38.926Z,0.01875,415,2026-09-11 21:42:38.926,1781.599722222222
Pulse experiments,pioreactor01,2026-09-11T15:57:38.930Z,0.15013671875,445,2026-09-11 21:42:38.930,1781.599722222222
Pulse experiments,pioreactor01,2026-09-11T15:57:38.935Z,0.14904296875,480,2026-09-11 21:42:38.935,1781.599722222222
Pulse experiments,pioreactor01,2026-09-11T15:57:38.942Z,0.17642578125,515,2026-09-11 21:42:38.942,1781.599722222222
Pulse experiments,pioreactor01,2026-09-11T15:57:38.946Z,0.21251953125,555,2026-09-11 21:42:38.946,1781.599722222222
Pulse experiments,pioreactor01,2026-09-11T15:57:38.951Z,0.22248046875,590,2026-09-11 21:42:38.951,1781.599722222222
Pulse experiments,pioreactor01,2026-09-11T15:57:38.956Z,0.2290625,630,2026-09-11 21:42:38.956,1781.599722222222
Pulse experiments,pioreactor01,2026-09-11T15:57:38.963Z,0.11654296875,680,2026-09-11 21:42:38.963,1781.599722222222
Pulse experiments,pioreactor01,2026-09-11T15:57:43.926Z,0.01875,415,2026-09-11 21:42:43.926,1781.601111111111
Pulse experiments,pioreactor01,2026-09-11T15:57:43.930Z,0.15009765625,445,2026-09-11 21:42:43.930,1781.601111111111
Pulse experiments,pioreactor01,2026-09-11T15:57:43.936Z,0.14896484375,480,2026-09-11 21:42:43.936,1781.601111111111
Pulse experiments,pioreactor01,2026-09-11T15:57:43.940Z,0.17638671875,515,2026-09-11 21:42:43.940,1781.601111111111
Pulse experiments,pioreactor01,2026-09-11T15:57:43.946Z,0.21224609375,555,2026-09-11 21:42:43.946,1781.601111111111
Pulse experiments,pioreactor01,2026-09-11T15:57:43.952Z,0.22236328125,590,2026-09-11 21:42:43.952,1781.601111111111
Pulse experiments,pioreactor01,2026-09-11T15:57:43.957Z,0.2290625,630,2026-09-11 21:42:43.957,1781.601111111111
Pulse experiments,pioreactor01,2026-09-11T15:57:43.961Z,0.11650390625,680,2026-09-11 21:42:43.961,1781.601111111111
Pulse experiments,pioreactor01,2026-09-11T15:57:48.920Z,0.01873046875,415,2026-09-11 21:42:48.920,1781.6025
Pulse experiments,pioreactor01,2026-09-11T15:57:48.926Z,0.149921875,445,2026-09-11 21:42:48.926,1781.6025
Pulse experiments,pioreactor01,2026-09-11T15:57:48.931Z,0.14875,480,2026-09-11 21:42:48.931,1781.6025
Pulse experiments,pioreactor01,2026-09-11T15:57:48.935Z,0.17615234375,515,2026-09-11 21:42:48.935,1781.6025
Pulse experiments,pioreactor01,2026-09-11T15:57:48.940Z,0.21220703125,555,2026-09-11 21:42:48.940,1781.6025
Pulse experiments,pioreactor01,2026-09-11T15:57:48.944Z,0.22251953125,590,2026-09-11 21:42:48.944,1781.6025
Pulse experiments,pioreactor01,2026-09-11T15:57:48.949Z,0.2294140625,630,2026-09-11 21:42:48.949,1781.6025
Pulse experiments,pioreactor01,2026-09-11T15:57:48.954Z,0.11654296875,680,2026-09-11 21:42:48.954,1781.6025
Pulse experiments,pioreactor01,2026-09-11T15:57:53.931Z,0.0187109375,415,2026-09-11 21:42:53.931,1781.603888888889
Pulse experiments,pioreactor01,2026-09-11T15:57:53.938Z,0.1502734375,445,2026-09-11 21:42:53.938,1781.603888888889
Pulse experiments,pioreactor01,2026-09-11T15:57:53.942Z,0.1491015625,480,2026-09-11 21:42:53.942,1781.603888888889
Pulse experiments,pioreactor01,2026-09-11T15:57:53.949Z,0.1763671875,515,2026-09-11 21:42:53.949,1781.603888888889
Pulse experiments,pioreactor01,2026-09-11T15:57:53.955Z,0.21248046875,555,2026-09-11 21:42:53.955,1781.603888888889
Pulse experiments,pioreactor01,2026-09-11T15:57:53.960Z,0.2226953125,590,2026-09-11 21:42:53.960,1781.603888888889
Pulse experiments,pioreactor01,2026-09-11T15:57:53.967Z,0.2294140625,630,2026-09-11 21:42:53.967,1781.603888888889
Pulse experiments,pioreactor01,2026-09-11T15:57:53.972Z,0.1166015625,680,2026-09-11 21:42:53.972,1781.603888888889
Pulse experiments,pioreactor01,2026-09-11T15:57:58.922Z,0.0187890625,415,2026-09-11 21:42:58.922,1781.605277777778
Pulse experiments,pioreactor01,2026-09-11T15:57:58.928Z,0.150234375,445,2026-09-11 21:42:58.928,1781.605277777778
Pulse experiments,pioreactor01,2026-09-11T15:57:58.933Z,0.1489453125,480,2026-09-11 21:42:58.933,1781.605277777778
Pulse experiments,pioreactor01,2026-09-11T15:57:58.938Z,0.1766015625,515,2026-09-11 21:42:58.938,1781.605277777778
Pulse experiments,pioreactor01,2026-09-11T15:57:59.675Z,0.212421875,555,2026-09-11 21:42:59.675,1781.605555555556
Pulse experiments,pioreactor01,2026-09-11T15:58:00.744Z,0.22271484375,590,2026-09-11 21:43:00.744,1781.605833333333
Pulse experiments,pioreactor01,2026-09-11T15:58:00.747Z,0.2295703125,630,2026-09-11 21:43:00.747,1781.605833333333
Pulse experiments,pioreactor01,2026-09-11T15:58:00.747Z,0.11689453125,680,2026-09-11 21:43:00.747,1781.605833333333
Pulse experiments,pioreactor01,2026-09-11T15:58:03.918Z,0.0187890625,415,2026-09-11 21:43:03.918,1781.606666666667
Pulse experiments,pioreactor01,2026-09-11T15:58:03.924Z,0.1503125,445,2026-09-11 21:43:03.924,1781.606666666667
Pulse experiments,pioreactor01,2026-09-11T15:58:03.928Z,0.1491796875,480,2026-09-11 21:43:03.928,1781.606666666667
Pulse experiments,pioreactor01,2026-09-11T15:58:03.934Z,0.1763671875,515,2026-09-11 21:43:03.934,1781.606666666667
Pulse experiments,pioreactor01,2026-09-11T15:58:03.938Z,0.21248046875,555,2026-09-11 21:43:03.938,1781.606666666667
Pulse experiments,pioreactor01,2026-09-11T15:58:03.943Z,0.22287109375,590,2026-09-11 21:43:03.943,1781.606666666667
Pulse experiments,pioreactor01,2026-09-11T15:58:03.948Z,0.22935546875,630,2026-09-11 21:43:03.948,1781.606666666667
Pulse experiments,pioreactor01,2026-09-11T15:58:03.954Z,0.11666015625,680,2026-09-11 21:43:03.954,1781.606666666667
Pulse experiments,pioreactor01,2026-09-11T15:58:08.926Z,0.01875,415,2026-09-11 21:43:08.926,1781.608055555556
Pulse experiments,pioreactor01,2026-09-11T15:58:08.937Z,0.15005859375,445,2026-09-11 21:43:08.937,1781.608055555556
Pulse experiments,pioreactor01,2026-09-11T15:58:08.940Z,0.1488671875,480,2026-09-11 21:43:08.940,1781.608055555556
Pulse experiments,pioreactor01,2026-09-11T15:58:08.946Z,0.176171875,515,2026-09-11 21:43:08.946,1781.608055555556
Pulse experiments,pioreactor01,2026-09-11T15:58:08.956Z,0.2121875,555,2026-09-11 21:43:08.956,1781.608055555556
Pulse experiments,pioreactor01,2026-09-11T15:58:08.960Z,0.2224609375,590,2026-09-11 21:43:08.960,1781.608055555556
Pulse experiments,pioreactor01,2026-09-11T15:58:08.967Z,0.22916015625,630,2026-09-11 21:43:08.967,1781.608055555556
Pulse experiments,pioreactor01,2026-09-11T15:58:08.974Z,0.1164453125,680,2026-09-11 21:43:08.974,1781.608055555556
Pulse experiments,pioreactor01,2026-09-11T15:58:13.925Z,0.01873046875,415,2026-09-11 21:43:13.925,1781.609444444445
Pulse experiments,pioreactor01,2026-09-11T15:58:13.929Z,0.14990234375,445,2026-09-11 21:43:13.929,1781.609444444445
Pulse experiments,pioreactor01,2026-09-11T15:58:13.937Z,0.148828125,480,2026-09-11 21:43:13.937,1781.609444444445
Pulse experiments,pioreactor01,2026-09-11T15:58:13.941Z,0.17634765625,515,2026-09-11 21:43:13.941,1781.609444444445
Pulse experiments,pioreactor01,2026-09-11T15:58:13.947Z,0.21224609375,555,2026-09-11 21:43:13.947,1781.609444444445
Pulse experiments,pioreactor01,2026-09-11T15:58:13.953Z,0.2224609375,590,2026-09-11 21:43:13.953,1781.609444444445
Pulse experiments,pioreactor01,2026-09-11T15:58:13.960Z,0.22908203125,630,2026-09-11 21:43:13.960,1781.609444444445
Pulse experiments,pioreactor01,2026-09-11T15:58:13.964Z,0.11654296875,680,2026-09-11 21:43:13.964,1781.609444444445
Pulse experiments,pioreactor01,2026-09-11T15:58:18.925Z,0.01873046875,415,2026-09-11 21:43:18.925,1781.610833333333
Pulse experiments,pioreactor01,2026-09-11T15:58:18.931Z,0.150078125,445,2026-09-11 21:43:18.931,1781.610833333333
Pulse experiments,pioreactor01,2026-09-11T15:58:18.935Z,0.1488671875,480,2026-09-11 21:43:18.935,1781.610833333333
Pulse experiments,pioreactor01,2026-09-11T15:58:18.940Z,0.17619140625,515,2026-09-11 21:43:18.940,1781.610833333333
Pulse experiments,pioreactor01,2026-09-11T15:58:18.945Z,0.21224609375,555,2026-09-11 21:43:18.945,1781.610833333333
Pulse experiments,pioreactor01,2026-09-11T15:58:18.950Z,0.22263671875,590,2026-09-11 21:43:18.950,1781.610833333333
Pulse experiments,pioreactor01,2026-09-11T15:58:18.955Z,0.22955078125,630,2026-09-11 21:43:18.955,1781.610833333333
Pulse experiments,pioreactor01,2026-09-11T15:58:18.960Z,0.11662109375,680,2026-09-11 21:43:18.960,1781.610833333333
Pulse experiments,pioreactor01,2026-09-11T15:58:23.919Z,0.0187109375,415,2026-09-11 21:43:23.919,1781.612222222222
Pulse experiments,pioreactor01,2026-09-11T15:58:23.923Z,0.150078125,445,2026-09-11 21:43:23.923,1781.612222222222
Pulse experiments,pioreactor01,2026-09-11T15:58:23.928Z,0.1490625,480,2026-09-11 21:43:23.928,1781.612222222222
Pulse experiments,pioreactor01,2026-09-11T15:58:23.933Z,0.17640625,515,2026-09-11 21:43:23.933,1781.612222222222
Pulse experiments,pioreactor01,2026-09-11T15:58:23.938Z,0.2128125,555,2026-09-11 21:43:23.938,1781.612222222222
Pulse experiments,pioreactor01,2026-09-11T15:58:23.943Z,0.2229296875,590,2026-09-11 21:43:23.943,1781.612222222222
Pulse experiments,pioreactor01,2026-09-11T15:58:23.949Z,0.2294921875,630,2026-09-11 21:43:23.949,1781.612222222222
Pulse experiments,pioreactor01,2026-09-11T15:58:23.953Z,0.11681640625,680,2026-09-11 21:43:23.953,1781.612222222222
Pulse experiments,pioreactor01,2026-09-11T15:58:28.954Z,0.01873046875,415,2026-09-11 21:43:28.954,1781.613611111111
Pulse experiments,pioreactor01,2026-09-11T15:58:28.958Z,0.1499609375,445,2026-09-11 21:43:28.958,1781.613611111111
Pulse experiments,pioreactor01,2026-09-11T15:58:28.964Z,0.14890625,480,2026-09-11 21:43:28.964,1781.613611111111
Pulse experiments,pioreactor01,2026-09-11T15:58:28.968Z,0.17650390625,515,2026-09-11 21:43:28.968,1781.613611111111
Pulse experiments,pioreactor01,2026-09-11T15:58:28.975Z,0.2126953125,555,2026-09-11 21:43:28.975,1781.613611111111
Pulse experiments,pioreactor01,2026-09-11T15:58:28.979Z,0.22267578125,590,2026-09-11 21:43:28.979,1781.613611111111
Pulse experiments,pioreactor01,2026-09-11T15:58:28.985Z,0.229453125,630,2026-09-11 21:43:28.985,1781.613611111111
Pulse experiments,pioreactor01,2026-09-11T15:58:28.992Z,0.11685546875,680,2026-09-11 21:43:28.992,1781.613611111111
Pulse experiments,pioreactor01,2026-09-11T15:58:33.957Z,0.01873046875,415,2026-09-11 21:43:33.957,1781.615
Pulse experiments,pioreactor01,2026-09-11T15:58:33.967Z,0.14998046875,445,2026-09-11 21:43:33.967,1781.615
Pulse experiments,pioreactor01,2026-09-11T15:58:33.971Z,0.1488671875,480,2026-09-11 21:43:33.971,1781.615
Pulse experiments,pioreactor01,2026-09-11T15:58:33.976Z,0.17630859375,515,2026-09-11 21:43:33.976,1781.615
Pulse experiments,pioreactor01,2026-09-11T15:58:33.982Z,0.21234375,555,2026-09-11 21:43:33.982,1781.615
Pulse experiments,pioreactor01,2026-09-11T15:58:33.986Z,0.222734375,590,2026-09-11 21:43:33.986,1781.615
Pulse experiments,pioreactor01,2026-09-11T15:58:33.998Z,0.229453125,630,2026-09-11 21:43:33.998,1781.615
Pulse experiments,pioreactor01,2026-09-11T15:58:34.003Z,0.11685546875,680,2026-09-11 21:43:34.003,1781.615277777778
Pulse experiments,pioreactor01,2026-09-11T15:58:38.975Z,0.01873046875,415,2026-09-11 21:43:38.975,1781.616388888889
Pulse experiments,pioreactor01,2026-09-11T15:58:38.980Z,0.14986328125,445,2026-09-11 21:43:38.980,1781.616388888889
Pulse experiments,pioreactor01,2026-09-11T15:58:38.985Z,0.1487890625,480,2026-09-11 21:43:38.985,1781.616388888889
Pulse experiments,pioreactor01,2026-09-11T15:58:38.991Z,0.176171875,515,2026-09-11 21:43:38.991,1781.616388888889
Pulse experiments,pioreactor01,2026-09-11T15:58:38.996Z,0.2121875,555,2026-09-11 21:43:38.996,1781.616388888889
Pulse experiments,pioreactor01,2026-09-11T15:58:39.003Z,0.2225,590,2026-09-11 21:43:39.003,1781.616666666667
Pulse experiments,pioreactor01,2026-09-11T15:58:39.009Z,0.229296875,630,2026-09-11 21:43:39.009,1781.616666666667
Pulse experiments,pioreactor01,2026-09-11T15:58:39.018Z,0.11666015625,680,2026-09-11 21:43:39.018,1781.616666666667
Pulse experiments,pioreactor01,2026-09-11T15:58:43.968Z,0.01875,415,2026-09-11 21:43:43.968,1781.617777777778
Pulse experiments,pioreactor01,2026-09-11T15:58:43.972Z,0.1501171875,445,2026-09-11 21:43:43.972,1781.617777777778
Pulse experiments,pioreactor01,2026-09-11T15:58:43.976Z,0.1489453125,480,2026-09-11 21:43:43.976,1781.617777777778
Pulse experiments,pioreactor01,2026-09-11T15:58:43.986Z,0.17626953125,515,2026-09-11 21:43:43.986,1781.617777777778
Pulse experiments,pioreactor01,2026-09-11T15:58:43.990Z,0.21232421875,555,2026-09-11 21:43:43.990,1781.617777777778
Pulse experiments,pioreactor01,2026-09-11T15:58:43.995Z,0.2226171875,590,2026-09-11 21:43:43.995,1781.617777777778
Pulse experiments,pioreactor01,2026-09-11T15:58:43.999Z,0.2293359375,630,2026-09-11 21:43:43.999,1781.617777777778
Pulse experiments,pioreactor01,2026-09-11T15:58:44.010Z,0.1166796875,680,2026-09-11 21:43:44.010,1781.618055555556
Pulse experiments,pioreactor01,2026-09-11T15:58:48.986Z,0.01873046875,415,2026-09-11 21:43:48.986,1781.619166666667
Pulse experiments,pioreactor01,2026-09-11T15:58:48.997Z,0.149921875,445,2026-09-11 21:43:48.997,1781.619166666667
Pulse experiments,pioreactor01,2026-09-11T15:58:49.000Z,0.148828125,480,2026-09-11 21:43:49.000,1781.619444444445
Pulse experiments,pioreactor01,2026-09-11T15:58:49.004Z,0.176015625,515,2026-09-11 21:43:49.004,1781.619444444445
Pulse experiments,pioreactor01,2026-09-11T15:58:49.010Z,0.21216796875,555,2026-09-11 21:43:49.010,1781.619444444445
Pulse experiments,pioreactor01,2026-09-11T15:58:49.017Z,0.2227734375,590,2026-09-11 21:43:49.017,1781.619444444445
Pulse experiments,pioreactor01,2026-09-11T15:58:49.024Z,0.229453125,630,2026-09-11 21:43:49.024,1781.619444444445
Pulse experiments,pioreactor01,2026-09-11T15:58:49.029Z,0.1166796875,680,2026-09-11 21:43:49.029,1781.619444444445
Pulse experiments,pioreactor01,2026-09-11T15:58:53.925Z,0.01873046875,415,2026-09-11 21:43:53.925,1781.620555555555
Pulse experiments,pioreactor01,2026-09-11T15:58:53.930Z,0.15013671875,445,2026-09-11 21:43:53.930,1781.620555555555
Pulse experiments,pioreactor01,2026-09-11T15:58:53.936Z,0.1491015625,480,2026-09-11 21:43:53.936,1781.620555555555
Pulse experiments,pioreactor01,2026-09-11T15:58:53.940Z,0.176171875,515,2026-09-11 21:43:53.940,1781.620555555555
Pulse experiments,pioreactor01,2026-09-11T15:58:53.945Z,0.21259765625,555,2026-09-11 21:43:53.945,1781.620555555555
Pulse experiments,pioreactor01,2026-09-11T15:58:53.949Z,0.22283203125,590,2026-09-11 21:43:53.949,1781.620555555555
Pulse experiments,pioreactor01,2026-09-11T15:58:53.954Z,0.22955078125,630,2026-09-11 21:43:53.954,1781.620555555555
Pulse experiments,pioreactor01,2026-09-11T15:58:53.959Z,0.1167578125,680,2026-09-11 21:43:53.959,1781.620555555555
Pulse experiments,pioreactor01,2026-09-11T15:58:58.968Z,0.01875,415,2026-09-11 21:43:58.968,1781.621944444444
Pulse experiments,pioreactor01,2026-09-11T15:58:58.982Z,0.1500390625,445,2026-09-11 21:43:58.982,1781.621944444444
Pulse experiments,pioreactor01,2026-09-11T15:58:58.984Z,0.1488671875,480,2026-09-11 21:43:58.984,1781.621944444444
Pulse experiments,pioreactor01,2026-09-11T15:58:58.992Z,0.1761328125,515,2026-09-11 21:43:58.992,1781.621944444444
Pulse experiments,pioreactor01,2026-09-11T15:58:58.998Z,0.21255859375,555,2026-09-11 21:43:58.998,1781.621944444444
Pulse experiments,pioreactor01,2026-09-11T15:58:59.003Z,0.2228125,590,2026-09-11 21:43:59.003,1781.622222222222
Pulse experiments,pioreactor01,2026-09-11T15:58:59.007Z,0.229375,630,2026-09-11 21:43:59.007,1781.622222222222
Pulse experiments,pioreactor01,2026-09-11T15:58:59.012Z,0.11677734375,680,2026-09-11 21:43:59.012,1781.622222222222
Pulse experiments,pioreactor01,2026-09-11T15:59:03.945Z,0.01873046875,415,2026-09-11 21:44:03.945,1781.623333333333
Pulse experiments,pioreactor01,2026-09-11T15:59:03.951Z,0.1501171875,445,2026-09-11 21:44:03.951,1781.623333333333
Pulse experiments,pioreactor01,2026-09-11T15:59:03.963Z,0.1489453125,480,2026-09-11 21:44:03.963,1781.623333333333
Pulse experiments,pioreactor01,2026-09-11T15:59:03.972Z,0.17625,515,2026-09-11 21:44:03.972,1781.623333333333
Pulse experiments,pioreactor01,2026-09-11T15:59:03.984Z,0.2125390625,555,2026-09-11 21:44:03.984,1781.623333333333
Pulse experiments,pioreactor01,2026-09-11T15:59:03.992Z,0.22298828125,590,2026-09-11 21:44:03.992,1781.623333333333
Pulse experiments,pioreactor01,2026-09-11T15:59:04.001Z,0.22958984375,630,2026-09-11 21:44:04.001,1781.623611111111
Pulse experiments,pioreactor01,2026-09-11T15:59:04.011Z,0.116796875,680,2026-09-11 21:44:04.011,1781.623611111111
Pulse experiments,pioreactor01,2026-09-11T15:59:08.943Z,0.01875,415,2026-09-11 21:44:08.943,1781.624722222222
Pulse experiments,pioreactor01,2026-09-11T15:59:08.952Z,0.15013671875,445,2026-09-11 21:44:08.952,1781.624722222222
Pulse experiments,pioreactor01,2026-09-11T15:59:08.961Z,0.14904296875,480,2026-09-11 21:44:08.961,1781.624722222222
Pulse experiments,pioreactor01,2026-09-11T15:59:08.978Z,0.1764453125,515,2026-09-11 21:44:08.978,1781.624722222222
Pulse experiments,pioreactor01,2026-09-11T15:59:08.990Z,0.21251953125,555,2026-09-11 21:44:08.990,1781.624722222222
Pulse experiments,pioreactor01,2026-09-11T15:59:09.000Z,0.22267578125,590,2026-09-11 21:44:09.000,1781.625
Pulse experiments,pioreactor01,2026-09-11T15:59:09.008Z,0.2293359375,630,2026-09-11 21:44:09.008,1781.625
Pulse experiments,pioreactor01,2026-09-11T15:59:09.018Z,0.1166796875,680,2026-09-11 21:44:09.018,1781.625
Pulse experiments,pioreactor01,2026-09-11T15:59:13.944Z,0.018671875,415,2026-09-11 21:44:13.944,1781.626111111111
Pulse experiments,pioreactor01,2026-09-11T15:59:13.949Z,0.150078125,445,2026-09-11 21:44:13.949,1781.626111111111
Pulse experiments,pioreactor01,2026-09-11T15:59:13.953Z,0.1489453125,480,2026-09-11 21:44:13.953,1781.626111111111
Pulse experiments,pioreactor01,2026-09-11T15:59:13.959Z,0.1760546875,515,2026-09-11 21:44:13.959,1781.626111111111
Pulse experiments,pioreactor01,2026-09-11T15:59:13.966Z,0.2121484375,555,2026-09-11 21:44:13.966,1781.626111111111
Pulse experiments,pioreactor01,2026-09-11T15:59:13.974Z,0.2223828125,590,2026-09-11 21:44:13.974,1781.626111111111
Pulse experiments,pioreactor01,2026-09-11T15:59:13.980Z,0.22900390625,630,2026-09-11 21:44:13.980,1781.626111111111
Pulse experiments,pioreactor01,2026-09-11T15:59:13.985Z,0.11642578125,680,2026-09-11 21:44:13.985,1781.626111111111
Pulse experiments,pioreactor01,2026-09-11T15:59:18.919Z,0.01873046875,415,2026-09-11 21:44:18.919,1781.6275
Pulse experiments,pioreactor01,2026-09-11T15:59:18.924Z,0.1499609375,445,2026-09-11 21:44:18.924,1781.6275
Pulse experiments,pioreactor01,2026-09-11T15:59:18.928Z,0.14884765625,480,2026-09-11 21:44:18.928,1781.6275
Pulse experiments,pioreactor01,2026-09-11T15:59:18.934Z,0.17611328125,515,2026-09-11 21:44:18.934,1781.6275
Pulse experiments,pioreactor01,2026-09-11T15:59:18.938Z,0.21232421875,555,2026-09-11 21:44:18.938,1781.6275
Pulse experiments,pioreactor01,2026-09-11T15:59:18.945Z,0.2225390625,590,2026-09-11 21:44:18.945,1781.6275
Pulse experiments,pioreactor01,2026-09-11T15:59:18.949Z,0.22923828125,630,2026-09-11 21:44:18.949,1781.6275
Pulse experiments,pioreactor01,2026-09-11T15:59:18.954Z,0.11658203125,680,2026-09-11 21:44:18.954,1781.6275
Pulse experiments,pioreactor01,2026-09-11T15:59:23.966Z,0.01875,415,2026-09-11 21:44:23.966,1781.628888888889
Pulse experiments,pioreactor01,2026-09-11T15:59:23.972Z,0.15009765625,445,2026-09-11 21:44:23.972,1781.628888888889
Pulse experiments,pioreactor01,2026-09-11T15:59:23.978Z,0.14908203125,480,2026-09-11 21:44:23.978,1781.628888888889
Pulse experiments,pioreactor01,2026-09-11T15:59:23.982Z,0.17626953125,515,2026-09-11 21:44:23.982,1781.628888888889
Pulse experiments,pioreactor01,2026-09-11T15:59:23.987Z,0.2123828125,555,2026-09-11 21:44:23.987,1781.628888888889
Pulse experiments,pioreactor01,2026-09-11T15:59:23.992Z,0.2225390625,590,2026-09-11 21:44:23.992,1781.628888888889
Pulse experiments,pioreactor01,2026-09-11T15:59:23.997Z,0.22947265625,630,2026-09-11 21:44:23.997,1781.628888888889
Pulse experiments,pioreactor01,2026-09-11T15:59:24.005Z,0.1166796875,680,2026-09-11 21:44:24.005,1781.629166666667
Pulse experiments,pioreactor01,2026-09-11T15:59:28.917Z,0.01875,415,2026-09-11 21:44:28.917,1781.630277777778
Pulse experiments,pioreactor01,2026-09-11T15:59:28.923Z,0.15015625,445,2026-09-11 21:44:28.923,1781.630277777778
Pulse experiments,pioreactor01,2026-09-11T15:59:28.927Z,0.14900390625,480,2026-09-11 21:44:28.927,1781.630277777778
Pulse experiments,pioreactor01,2026-09-11T15:59:28.934Z,0.17634765625,515,2026-09-11 21:44:28.934,1781.630277777778
Pulse experiments,pioreactor01,2026-09-11T15:59:28.938Z,0.21244140625,555,2026-09-11 21:44:28.938,1781.630277777778
Pulse experiments,pioreactor01,2026-09-11T15:59:28.945Z,0.22275390625,590,2026-09-11 21:44:28.945,1781.630277777778
Pulse experiments,pioreactor01,2026-09-11T15:59:28.950Z,0.2294921875,630,2026-09-11 21:44:28.950,1781.630277777778
Pulse experiments,pioreactor01,2026-09-11T15:59:28.957Z,0.11666015625,680,2026-09-11 21:44:28.957,1781.630277777778
Pulse experiments,pioreactor01,2026-09-11T15:59:33.922Z,0.0187109375,415,2026-09-11 21:44:33.922,1781.631666666667
Pulse experiments,pioreactor01,2026-09-11T15:59:33.925Z,0.14994140625,445,2026-09-11 21:44:33.925,1781.631666666667
Pulse experiments,pioreactor01,2026-09-11T15:59:33.929Z,0.14880859375,480,2026-09-11 21:44:33.929,1781.631666666667
Pulse experiments,pioreactor01,2026-09-11T15:59:33.935Z,0.17615234375,515,2026-09-11 21:44:33.935,1781.631666666667
Pulse experiments,pioreactor01,2026-09-11T15:59:33.939Z,0.212109375,555,2026-09-11 21:44:33.939,1781.631666666667
Pulse experiments,pioreactor01,2026-09-11T15:59:33.944Z,0.22259765625,590,2026-09-11 21:44:33.944,1781.631666666667
Pulse experiments,pioreactor01,2026-09-11T15:59:33.949Z,0.22923828125,630,2026-09-11 21:44:33.949,1781.631666666667
Pulse experiments,pioreactor01,2026-09-11T15:59:33.954Z,0.11654296875,680,2026-09-11 21:44:33.954,1781.631666666667
Pulse experiments,pioreactor01,2026-09-11T15:59:38.942Z,0.01873046875,415,2026-09-11 21:44:38.942,1781.633055555556
Pulse experiments,pioreactor01,2026-09-11T15:59:38.949Z,0.15009765625,445,2026-09-11 21:44:38.949,1781.633055555556
Pulse experiments,pioreactor01,2026-09-11T15:59:38.957Z,0.1489453125,480,2026-09-11 21:44:38.957,1781.633055555556
Pulse experiments,pioreactor01,2026-09-11T15:59:38.966Z,0.17634765625,515,2026-09-11 21:44:38.966,1781.633055555556
Pulse experiments,pioreactor01,2026-09-11T15:59:38.974Z,0.21228515625,555,2026-09-11 21:44:38.974,1781.633055555556
Pulse experiments,pioreactor01,2026-09-11T15:59:38.984Z,0.2226171875,590,2026-09-11 21:44:38.984,1781.633055555556
Pulse experiments,pioreactor01,2026-09-11T15:59:38.994Z,0.229296875,630,2026-09-11 21:44:38.994,1781.633055555556
Pulse experiments,pioreactor01,2026-09-11T15:59:39.001Z,0.11671875,680,2026-09-11 21:44:39.001,1781.633333333333
Pulse experiments,pioreactor01,2026-09-11T15:59:43.932Z,0.01873046875,415,2026-09-11 21:44:43.932,1781.634444444444
Pulse experiments,pioreactor01,2026-09-11T15:59:43.940Z,0.15,445,2026-09-11 21:44:43.940,1781.634444444444
Pulse experiments,pioreactor01,2026-09-11T15:59:43.952Z,0.14888671875,480,2026-09-11 21:44:43.952,1781.634444444444
Pulse experiments,pioreactor01,2026-09-11T15:59:43.963Z,0.17619140625,515,2026-09-11 21:44:43.963,1781.634444444444
Pulse experiments,pioreactor01,2026-09-11T15:59:43.977Z,0.2123828125,555,2026-09-11 21:44:43.977,1781.634444444444
Pulse experiments,pioreactor01,2026-09-11T15:59:43.984Z,0.22259765625,590,2026-09-11 21:44:43.984,1781.634444444444
Pulse experiments,pioreactor01,2026-09-11T15:59:43.992Z,0.22923828125,630,2026-09-11 21:44:43.992,1781.634444444444
Pulse experiments,pioreactor01,2026-09-11T15:59:44.006Z,0.11671875,680,2026-09-11 21:44:44.006,1781.634722222222
Pulse experiments,pioreactor01,2026-09-11T15:59:48.944Z,0.01875,415,2026-09-11 21:44:48.944,1781.635833333333
Pulse experiments,pioreactor01,2026-09-11T15:59:48.950Z,0.150078125,445,2026-09-11 21:44:48.950,1781.635833333333
Pulse experiments,pioreactor01,2026-09-11T15:59:48.958Z,0.14888671875,480,2026-09-11 21:44:48.958,1781.635833333333
Pulse experiments,pioreactor01,2026-09-11T15:59:48.966Z,0.17623046875,515,2026-09-11 21:44:48.966,1781.635833333333
Pulse experiments,pioreactor01,2026-09-11T15:59:48.974Z,0.21228515625,555,2026-09-11 21:44:48.974,1781.635833333333
Pulse experiments,pioreactor01,2026-09-11T15:59:48.982Z,0.22267578125,590,2026-09-11 21:44:48.982,1781.635833333333
Pulse experiments,pioreactor01,2026-09-11T15:59:48.989Z,0.22931640625,630,2026-09-11 21:44:48.989,1781.635833333333
Pulse experiments,pioreactor01,2026-09-11T15:59:48.999Z,0.11669921875,680,2026-09-11 21:44:48.999,1781.635833333333
Pulse experiments,pioreactor01,2026-09-11T15:59:53.925Z,0.01876953125,415,2026-09-11 21:44:53.925,1781.637222222222
Pulse experiments,pioreactor01,2026-09-11T15:59:53.930Z,0.1503125,445,2026-09-11 21:44:53.930,1781.637222222222
Pulse experiments,pioreactor01,2026-09-11T15:59:53.934Z,0.14908203125,480,2026-09-11 21:44:53.934,1781.637222222222
Pulse experiments,pioreactor01,2026-09-11T15:59:53.940Z,0.17646484375,515,2026-09-11 21:44:53.940,1781.637222222222
Pulse experiments,pioreactor01,2026-09-11T15:59:53.944Z,0.21205078125,555,2026-09-11 21:44:53.944,1781.637222222222
Pulse experiments,pioreactor01,2026-09-11T15:59:53.948Z,0.22259765625,590,2026-09-11 21:44:53.948,1781.637222222222
Pulse experiments,pioreactor01,2026-09-11T15:59:53.954Z,0.229375,630,2026-09-11 21:44:53.954,1781.637222222222
Pulse experiments,pioreactor01,2026-09-11T15:59:53.959Z,0.11662109375,680,2026-09-11 21:44:53.959,1781.637222222222
Pulse experiments,pioreactor01,2026-09-11T15:59:58.921Z,0.01873046875,415,2026-09-11 21:44:58.921,1781.638611111111
Pulse experiments,pioreactor01,2026-09-11T15:59:58.927Z,0.150078125,445,2026-09-11 21:44:58.927,1781.638611111111
Pulse experiments,pioreactor01,2026-09-11T15:59:58.931Z,0.14892578125,480,2026-09-11 21:44:58.931,1781.638611111111
Pulse experiments,pioreactor01,2026-09-11T15:59:58.937Z,0.17626953125,515,2026-09-11 21:44:58.937,1781.638611111111
Pulse experiments,pioreactor01,2026-09-11T15:59:58.941Z,0.2123828125,555,2026-09-11 21:44:58.941,1781.638611111111
Pulse experiments,pioreactor01,2026-09-11T15:59:58.946Z,0.2226953125,590,2026-09-11 21:44:58.946,1781.638611111111
Pulse experiments,pioreactor01,2026-09-11T15:59:58.951Z,0.22939453125,630,2026-09-11 21:44:58.951,1781.638611111111
Pulse experiments,pioreactor01,2026-09-11T15:59:58.957Z,0.11666015625,680,2026-09-11 21:44:58.957,1781.638611111111
Pulse experiments,pioreactor01,2026-09-11T16:00:03.920Z,0.01876953125,415,2026-09-11 21:45:03.920,1781.64
Pulse experiments,pioreactor01,2026-09-11T16:00:03.924Z,0.15005859375,445,2026-09-11 21:45:03.924,1781.64
Pulse experiments,pioreactor01,2026-09-11T16:00:03.929Z,0.1490234375,480,2026-09-11 21:45:03.929,1781.64
Pulse experiments,pioreactor01,2026-09-11T16:00:03.934Z,0.176328125,515,2026-09-11 21:45:03.934,1781.64
Pulse experiments,pioreactor01,2026-09-11T16:00:03.940Z,0.21234375,555,2026-09-11 21:45:03.940,1781.64
Pulse experiments,pioreactor01,2026-09-11T16:00:03.944Z,0.222421875,590,2026-09-11 21:45:03.944,1781.64
Pulse experiments,pioreactor01,2026-09-11T16:00:03.949Z,0.2292578125,630,2026-09-11 21:45:03.949,1781.64
Pulse experiments,pioreactor01,2026-09-11T16:00:03.954Z,0.1165625,680,2026-09-11 21:45:03.954,1781.64
Pulse experiments,pioreactor01,2026-09-11T16:00:08.920Z,0.01876953125,415,2026-09-11 21:45:08.920,1781.641388888889
Pulse experiments,pioreactor01,2026-09-11T16:00:08.926Z,0.1500390625,445,2026-09-11 21:45:08.926,1781.641388888889
Pulse experiments,pioreactor01,2026-09-11T16:00:08.930Z,0.14888671875,480,2026-09-11 21:45:08.930,1781.641388888889
Pulse experiments,pioreactor01,2026-09-11T16:00:08.936Z,0.176171875,515,2026-09-11 21:45:08.936,1781.641388888889
Pulse experiments,pioreactor01,2026-09-11T16:00:08.941Z,0.21220703125,555,2026-09-11 21:45:08.941,1781.641388888889
Pulse experiments,pioreactor01,2026-09-11T16:00:08.946Z,0.2224609375,590,2026-09-11 21:45:08.946,1781.641388888889
Pulse experiments,pioreactor01,2026-09-11T16:00:08.951Z,0.2293359375,630,2026-09-11 21:45:08.951,1781.641388888889
Pulse experiments,pioreactor01,2026-09-11T16:00:08.957Z,0.1166796875,680,2026-09-11 21:45:08.957,1781.641388888889
Pulse experiments,pioreactor01,2026-09-11T16:00:13.957Z,0.01869140625,415,2026-09-11 21:45:13.957,1781.642777777778
Pulse experiments,pioreactor01,2026-09-11T16:00:13.966Z,0.15001953125,445,2026-09-11 21:45:13.966,1781.642777777778
Pulse experiments,pioreactor01,2026-09-11T16:00:13.972Z,0.148984375,480,2026-09-11 21:45:13.972,1781.642777777778
Pulse experiments,pioreactor01,2026-09-11T16:00:13.977Z,0.17623046875,515,2026-09-11 21:45:13.977,1781.642777777778
Pulse experiments,pioreactor01,2026-09-11T16:00:13.983Z,0.21263671875,555,2026-09-11 21:45:13.983,1781.642777777778
Pulse experiments,pioreactor01,2026-09-11T16:00:13.988Z,0.2228125,590,2026-09-11 21:45:13.988,1781.642777777778
Pulse experiments,pioreactor01,2026-09-11T16:00:13.996Z,0.22962890625,630,2026-09-11 21:45:13.996,1781.642777777778
Pulse experiments,pioreactor01,2026-09-11T16:00:13.999Z,0.11669921875,680,2026-09-11 21:45:13.999,1781.642777777778
Pulse experiments,pioreactor01,2026-09-11T16:00:18.925Z,0.01875,415,2026-09-11 21:45:18.925,1781.644166666667
Pulse experiments,pioreactor01,2026-09-11T16:00:18.936Z,0.14994140625,445,2026-09-11 21:45:18.936,1781.644166666667
Pulse experiments,pioreactor01,2026-09-11T16:00:18.943Z,0.14880859375,480,2026-09-11 21:45:18.943,1781.644166666667
Pulse experiments,pioreactor01,2026-09-11T16:00:18.948Z,0.17609375,515,2026-09-11 21:45:18.948,1781.644166666667
Pulse experiments,pioreactor01,2026-09-11T16:00:18.957Z,0.21212890625,555,2026-09-11 21:45:18.957,1781.644166666667
Pulse experiments,pioreactor01,2026-09-11T16:00:18.961Z,0.22279296875,590,2026-09-11 21:45:18.961,1781.644166666667
Pulse experiments,pioreactor01,2026-09-11T16:00:18.969Z,0.22916015625,630,2026-09-11 21:45:18.969,1781.644166666667
Pulse experiments,pioreactor01,2026-09-11T16:00:18.974Z,0.11654296875,680,2026-09-11 21:45:18.974,1781.644166666667
Pulse experiments,pioreactor01,2026-09-11T16:00:23.923Z,0.018828125,415,2026-09-11 21:45:23.923,1781.645555555556
Pulse experiments,pioreactor01,2026-09-11T16:00:23.927Z,0.1503125,445,2026-09-11 21:45:23.927,1781.645555555556
Pulse experiments,pioreactor01,2026-09-11T16:00:23.933Z,0.14919921875,480,2026-09-11 21:45:23.933,1781.645555555556
Pulse experiments,pioreactor01,2026-09-11T16:00:23.937Z,0.176640625,515,2026-09-11 21:45:23.937,1781.645555555556
Pulse experiments,pioreactor01,2026-09-11T16:00:23.942Z,0.212734375,555,2026-09-11 21:45:23.942,1781.645555555556
Pulse experiments,pioreactor01,2026-09-11T16:00:23.947Z,0.22283203125,590,2026-09-11 21:45:23.947,1781.645555555556
Pulse experiments,pioreactor01,2026-09-11T16:00:23.952Z,0.22955078125,630,2026-09-11 21:45:23.952,1781.645555555556
Pulse experiments,pioreactor01,2026-09-11T16:00:23.957Z,0.116875,680,2026-09-11 21:45:23.957,1781.645555555556
Pulse experiments,pioreactor01,2026-09-11T16:00:28.922Z,0.01875,415,2026-09-11 21:45:28.922,1781.646944444444
Pulse experiments,pioreactor01,2026-09-11T16:00:28.927Z,0.1499609375,445,2026-09-11 21:45:28.927,1781.646944444444
Pulse experiments,pioreactor01,2026-09-11T16:00:28.932Z,0.14904296875,480,2026-09-11 21:45:28.932,1781.646944444444
Pulse experiments,pioreactor01,2026-09-11T16:00:28.937Z,0.1763671875,515,2026-09-11 21:45:28.937,1781.646944444444
Pulse experiments,pioreactor01,2026-09-11T16:00:28.942Z,0.21255859375,555,2026-09-11 21:45:28.942,1781.646944444444
Pulse experiments,pioreactor01,2026-09-11T16:00:28.947Z,0.2226171875,590,2026-09-11 21:45:28.947,1781.646944444444
Pulse experiments,pioreactor01,2026-09-11T16:00:28.952Z,0.22943359375,630,2026-09-11 21:45:28.952,1781.646944444444
Pulse experiments,pioreactor01,2026-09-11T16:00:28.956Z,0.116796875,680,2026-09-11 21:45:28.956,1781.646944444444
Pulse experiments,pioreactor01,2026-09-11T16:00:33.936Z,0.01875,415,2026-09-11 21:45:33.936,1781.648333333333
Pulse experiments,pioreactor01,2026-09-11T16:00:33.947Z,0.1501171875,445,2026-09-11 21:45:33.947,1781.648333333333
Pulse experiments,pioreactor01,2026-09-11T16:00:33.955Z,0.148984375,480,2026-09-11 21:45:33.955,1781.648333333333
Pulse experiments,pioreactor01,2026-09-11T16:00:33.963Z,0.17625,515,2026-09-11 21:45:33.963,1781.648333333333
Pulse experiments,pioreactor01,2026-09-11T16:00:33.971Z,0.2121484375,555,2026-09-11 21:45:33.971,1781.648333333333
Pulse experiments,pioreactor01,2026-09-11T16:00:33.979Z,0.2224609375,590,2026-09-11 21:45:33.979,1781.648333333333
Pulse experiments,pioreactor01,2026-09-11T16:00:33.988Z,0.2288671875,630,2026-09-11 21:45:33.988,1781.648333333333
Pulse experiments,pioreactor01,2026-09-11T16:00:33.999Z,0.11666015625,680,2026-09-11 21:45:33.999,1781.648333333333
Pulse experiments,pioreactor01,2026-09-11T16:00:38.933Z,0.01875,415,2026-09-11 21:45:38.933,1781.649722222222
Pulse experiments,pioreactor01,2026-09-11T16:00:38.941Z,0.1501171875,445,2026-09-11 21:45:38.941,1781.649722222222
Pulse experiments,pioreactor01,2026-09-11T16:00:38.945Z,0.14908203125,480,2026-09-11 21:45:38.945,1781.649722222222
Pulse experiments,pioreactor01,2026-09-11T16:00:38.947Z,0.17634765625,515,2026-09-11 21:45:38.947,1781.649722222222
Pulse experiments,pioreactor01,2026-09-11T16:00:38.954Z,0.21248046875,555,2026-09-11 21:45:38.954,1781.649722222222
Pulse experiments,pioreactor01,2026-09-11T16:00:38.958Z,0.22287109375,590,2026-09-11 21:45:38.958,1781.649722222222
Pulse experiments,pioreactor01,2026-09-11T16:00:38.963Z,0.2295703125,630,2026-09-11 21:45:38.963,1781.649722222222
Pulse experiments,pioreactor01,2026-09-11T16:00:38.968Z,0.1167578125,680,2026-09-11 21:45:38.968,1781.649722222222
Pulse experiments,pioreactor01,2026-09-11T16:00:43.927Z,0.0187890625,415,2026-09-11 21:45:43.927,1781.651111111111
Pulse experiments,pioreactor01,2026-09-11T16:00:43.936Z,0.15029296875,445,2026-09-11 21:45:43.936,1781.651111111111
Pulse experiments,pioreactor01,2026-09-11T16:00:43.939Z,0.14919921875,480,2026-09-11 21:45:43.939,1781.651111111111
Pulse experiments,pioreactor01,2026-09-11T16:00:43.945Z,0.1765625,515,2026-09-11 21:45:43.945,1781.651111111111
Pulse experiments,pioreactor01,2026-09-11T16:00:43.949Z,0.21236328125,555,2026-09-11 21:45:43.949,1781.651111111111
Pulse experiments,pioreactor01,2026-09-11T16:00:43.954Z,0.2225,590,2026-09-11 21:45:43.954,1781.651111111111
Pulse experiments,pioreactor01,2026-09-11T16:00:43.959Z,0.22919921875,630,2026-09-11 21:45:43.959,1781.651111111111
Pulse experiments,pioreactor01,2026-09-11T16:00:43.967Z,0.1165234375,680,2026-09-11 21:45:43.967,1781.651111111111
Pulse experiments,pioreactor01,2026-09-11T16:00:48.946Z,0.0187890625,415,2026-09-11 21:45:48.946,1781.6525
Pulse experiments,pioreactor01,2026-09-11T16:00:48.955Z,0.1501953125,445,2026-09-11 21:45:48.955,1781.6525
Pulse experiments,pioreactor01,2026-09-11T16:00:48.960Z,0.149140625,480,2026-09-11 21:45:48.960,1781.6525
Pulse experiments,pioreactor01,2026-09-11T16:00:48.965Z,0.1766015625,515,2026-09-11 21:45:48.965,1781.6525
Pulse experiments,pioreactor01,2026-09-11T16:00:48.971Z,0.21234375,555,2026-09-11 21:45:48.971,1781.6525
Pulse experiments,pioreactor01,2026-09-11T16:00:48.976Z,0.22240234375,590,2026-09-11 21:45:48.976,1781.6525
Pulse experiments,pioreactor01,2026-09-11T16:00:48.984Z,0.2295703125,630,2026-09-11 21:45:48.984,1781.6525
Pulse experiments,pioreactor01,2026-09-11T16:00:48.990Z,0.11671875,680,2026-09-11 21:45:48.990,1781.6525
Pulse experiments,pioreactor01,2026-09-11T16:00:53.924Z,0.01873046875,415,2026-09-11 21:45:53.924,1781.653888888889
Pulse experiments,pioreactor01,2026-09-11T16:00:53.928Z,0.15017578125,445,2026-09-11 21:45:53.928,1781.653888888889
Pulse experiments,pioreactor01,2026-09-11T16:00:53.934Z,0.14892578125,480,2026-09-11 21:45:53.934,1781.653888888889
Pulse experiments,pioreactor01,2026-09-11T16:00:53.939Z,0.17619140625,515,2026-09-11 21:45:53.939,1781.653888888889
Pulse experiments,pioreactor01,2026-09-11T16:00:53.945Z,0.21228515625,555,2026-09-11 21:45:53.945,1781.653888888889
Pulse experiments,pioreactor01,2026-09-11T16:00:53.950Z,0.22259765625,590,2026-09-11 21:45:53.950,1781.653888888889
Pulse experiments,pioreactor01,2026-09-11T16:00:53.955Z,0.22923828125,630,2026-09-11 21:45:53.955,1781.653888888889
Pulse experiments,pioreactor01,2026-09-11T16:00:53.960Z,0.11658203125,680,2026-09-11 21:45:53.960,1781.653888888889
Pulse experiments,pioreactor01,2026-09-11T16:00:58.921Z,0.01873046875,415,2026-09-11 21:45:58.921,1781.655277777778
Pulse experiments,pioreactor01,2026-09-11T16:00:58.925Z,0.1500390625,445,2026-09-11 21:45:58.925,1781.655277777778
Pulse experiments,pioreactor01,2026-09-11T16:00:58.930Z,0.1491796875,480,2026-09-11 21:45:58.930,1781.655277777778
Pulse experiments,pioreactor01,2026-09-11T16:00:58.935Z,0.17634765625,515,2026-09-11 21:45:58.935,1781.655277777778
Pulse experiments,pioreactor01,2026-09-11T16:00:58.939Z,0.21232421875,555,2026-09-11 21:45:58.939,1781.655277777778
Pulse experiments,pioreactor01,2026-09-11T16:00:58.944Z,0.22271484375,590,2026-09-11 21:45:58.944,1781.655277777778
Pulse experiments,pioreactor01,2026-09-11T16:00:58.951Z,0.2293359375,630,2026-09-11 21:45:58.951,1781.655277777778
Pulse experiments,pioreactor01,2026-09-11T16:00:58.957Z,0.116796875,680,2026-09-11 21:45:58.957,1781.655277777778
Pulse experiments,pioreactor01,2026-09-11T16:01:03.931Z,0.01875,415,2026-09-11 21:46:03.931,1781.656666666667
Pulse experiments,pioreactor01,2026-09-11T16:01:03.935Z,0.1501953125,445,2026-09-11 21:46:03.935,1781.656666666667
Pulse experiments,pioreactor01,2026-09-11T16:01:03.941Z,0.1488671875,480,2026-09-11 21:46:03.941,1781.656666666667
Pulse experiments,pioreactor01,2026-09-11T16:01:03.945Z,0.17625,515,2026-09-11 21:46:03.945,1781.656666666667
Pulse experiments,pioreactor01,2026-09-11T16:01:03.950Z,0.21236328125,555,2026-09-11 21:46:03.950,1781.656666666667
Pulse experiments,pioreactor01,2026-09-11T16:01:03.953Z,0.2229296875,590,2026-09-11 21:46:03.953,1781.656666666667
Pulse experiments,pioreactor01,2026-09-11T16:01:03.959Z,0.2294140625,630,2026-09-11 21:46:03.959,1781.656666666667
Pulse experiments,pioreactor01,2026-09-11T16:01:03.966Z,0.11677734375,680,2026-09-11 21:46:03.966,1781.656666666667
Pulse experiments,pioreactor01,2026-09-11T16:01:08.924Z,0.01873046875,415,2026-09-11 21:46:08.924,1781.658055555556
Pulse experiments,pioreactor01,2026-09-11T16:01:08.929Z,0.1501953125,445,2026-09-11 21:46:08.929,1781.658055555556
Pulse experiments,pioreactor01,2026-09-11T16:01:08.935Z,0.14888671875,480,2026-09-11 21:46:08.935,1781.658055555556
Pulse experiments,pioreactor01,2026-09-11T16:01:08.943Z,0.17625,515,2026-09-11 21:46:08.943,1781.658055555556
Pulse experiments,pioreactor01,2026-09-11T16:01:08.948Z,0.21201171875,555,2026-09-11 21:46:08.948,1781.658055555556
Pulse experiments,pioreactor01,2026-09-11T16:01:08.954Z,0.22251953125,590,2026-09-11 21:46:08.954,1781.658055555556
Pulse experiments,pioreactor01,2026-09-11T16:01:08.958Z,0.22916015625,630,2026-09-11 21:46:08.958,1781.658055555556
Pulse experiments,pioreactor01,2026-09-11T16:01:08.963Z,0.116484375,680,2026-09-11 21:46:08.963,1781.658055555556
Pulse experiments,pioreactor01,2026-09-11T16:01:13.928Z,0.01875,415,2026-09-11 21:46:13.928,1781.659444444444
Pulse experiments,pioreactor01,2026-09-11T16:01:13.933Z,0.150078125,445,2026-09-11 21:46:13.933,1781.659444444444
Pulse experiments,pioreactor01,2026-09-11T16:01:13.938Z,0.1489453125,480,2026-09-11 21:46:13.938,1781.659444444444
Pulse experiments,pioreactor01,2026-09-11T16:01:13.944Z,0.17626953125,515,2026-09-11 21:46:13.944,1781.659444444444
Pulse experiments,pioreactor01,2026-09-11T16:01:13.950Z,0.2121875,555,2026-09-11 21:46:13.950,1781.659444444444
Pulse experiments,pioreactor01,2026-09-11T16:01:13.957Z,0.222421875,590,2026-09-11 21:46:13.957,1781.659444444444
Pulse experiments,pioreactor01,2026-09-11T16:01:13.963Z,0.22908203125,630,2026-09-11 21:46:13.963,1781.659444444444
Pulse experiments,pioreactor01,2026-09-11T16:01:13.969Z,0.1164453125,680,2026-09-11 21:46:13.969,1781.659444444444
Pulse experiments,pioreactor01,2026-09-11T16:01:18.954Z,0.0187109375,415,2026-09-11 21:46:18.954,1781.660833333333
Pulse experiments,pioreactor01,2026-09-11T16:01:18.959Z,0.15044921875,445,2026-09-11 21:46:18.959,1781.660833333333
Pulse experiments,pioreactor01,2026-09-11T16:01:18.964Z,0.1491796875,480,2026-09-11 21:46:18.964,1781.660833333333
Pulse experiments,pioreactor01,2026-09-11T16:01:18.973Z,0.17642578125,515,2026-09-11 21:46:18.973,1781.660833333333
Pulse experiments,pioreactor01,2026-09-11T16:01:18.976Z,0.21212890625,555,2026-09-11 21:46:18.976,1781.660833333333
Pulse experiments,pioreactor01,2026-09-11T16:01:18.981Z,0.222890625,590,2026-09-11 21:46:18.981,1781.660833333333
Pulse experiments,pioreactor01,2026-09-11T16:01:18.986Z,0.2291796875,630,2026-09-11 21:46:18.986,1781.660833333333
Pulse experiments,pioreactor01,2026-09-11T16:01:18.989Z,0.1166015625,680,2026-09-11 21:46:18.989,1781.660833333333
Pulse experiments,pioreactor01,2026-09-11T16:01:23.967Z,0.01873046875,415,2026-09-11 21:46:23.967,1781.662222222222
Pulse experiments,pioreactor01,2026-09-11T16:01:23.973Z,0.14990234375,445,2026-09-11 21:46:23.973,1781.662222222222
Pulse experiments,pioreactor01,2026-09-11T16:01:23.977Z,0.1489453125,480,2026-09-11 21:46:23.977,1781.662222222222
Pulse experiments,pioreactor01,2026-09-11T16:01:23.981Z,0.1761328125,515,2026-09-11 21:46:23.981,1781.662222222222
Pulse experiments,pioreactor01,2026-09-11T16:01:23.985Z,0.21251953125,555,2026-09-11 21:46:23.985,1781.662222222222
Pulse experiments,pioreactor01,2026-09-11T16:01:23.994Z,0.22265625,590,2026-09-11 21:46:23.994,1781.662222222222
Pulse experiments,pioreactor01,2026-09-11T16:01:23.998Z,0.22943359375,630,2026-09-11 21:46:23.998,1781.662222222222
Pulse experiments,pioreactor01,2026-09-11T16:01:24.002Z,0.1168359375,680,2026-09-11 21:46:24.002,1781.6625
Pulse experiments,pioreactor01,2026-09-11T16:01:28.942Z,0.01876953125,415,2026-09-11 21:46:28.942,1781.663611111111
Pulse experiments,pioreactor01,2026-09-11T16:01:28.948Z,0.1499609375,445,2026-09-11 21:46:28.948,1781.663611111111
Pulse experiments,pioreactor01,2026-09-11T16:01:28.956Z,0.1487890625,480,2026-09-11 21:46:28.956,1781.663611111111
Pulse experiments,pioreactor01,2026-09-11T16:01:28.966Z,0.17615234375,515,2026-09-11 21:46:28.966,1781.663611111111
Pulse experiments,pioreactor01,2026-09-11T16:01:28.972Z,0.21220703125,555,2026-09-11 21:46:28.972,1781.663611111111
Pulse experiments,pioreactor01,2026-09-11T16:01:28.977Z,0.22234375,590,2026-09-11 21:46:28.977,1781.663611111111
Pulse experiments,pioreactor01,2026-09-11T16:01:28.985Z,0.229140625,630,2026-09-11 21:46:28.985,1781.663611111111
Pulse experiments,pioreactor01,2026-09-11T16:01:28.989Z,0.1164453125,680,2026-09-11 21:46:28.989,1781.663611111111
Pulse experiments,pioreactor01,2026-09-11T16:01:33.985Z,0.01876953125,415,2026-09-11 21:46:33.985,1781.665
Pulse experiments,pioreactor01,2026-09-11T16:01:33.990Z,0.15013671875,445,2026-09-11 21:46:33.990,1781.665
Pulse experiments,pioreactor01,2026-09-11T16:01:33.995Z,0.1491796875,480,2026-09-11 21:46:33.995,1781.665
Pulse experiments,pioreactor01,2026-09-11T16:01:34.003Z,0.17642578125,515,2026-09-11 21:46:34.003,1781.665277777778
Pulse experiments,pioreactor01,2026-09-11T16:01:34.009Z,0.2126171875,555,2026-09-11 21:46:34.009,1781.665277777778
Pulse experiments,pioreactor01,2026-09-11T16:01:34.013Z,0.2231640625,590,2026-09-11 21:46:34.013,1781.665277777778
Pulse experiments,pioreactor01,2026-09-11T16:01:34.018Z,0.229765625,630,2026-09-11 21:46:34.018,1781.665277777778
Pulse experiments,pioreactor01,2026-09-11T16:01:34.027Z,0.11685546875,680,2026-09-11 21:46:34.027,1781.665277777778
Pulse experiments,pioreactor01,2026-09-11T16:01:38.927Z,0.01873046875,415,2026-09-11 21:46:38.927,1781.666388888889
Pulse experiments,pioreactor01,2026-09-11T16:01:38.931Z,0.14986328125,445,2026-09-11 21:46:38.931,1781.666388888889
Pulse experiments,pioreactor01,2026-09-11T16:01:38.937Z,0.14876953125,480,2026-09-11 21:46:38.937,1781.666388888889
Pulse experiments,pioreactor01,2026-09-11T16:01:38.942Z,0.17609375,515,2026-09-11 21:46:38.942,1781.666388888889
Pulse experiments,pioreactor01,2026-09-11T16:01:38.948Z,0.2123828125,555,2026-09-11 21:46:38.948,1781.666388888889
Pulse experiments,pioreactor01,2026-09-11T16:01:38.952Z,0.22255859375,590,2026-09-11 21:46:38.952,1781.666388888889
Pulse experiments,pioreactor01,2026-09-11T16:01:38.957Z,0.22919921875,630,2026-09-11 21:46:38.957,1781.666388888889
Pulse experiments,pioreactor01,2026-09-11T16:01:38.962Z,0.1165625,680,2026-09-11 21:46:38.962,1781.666388888889
Pulse experiments,pioreactor01,2026-09-11T16:01:43.937Z,0.01880859375,415,2026-09-11 21:46:43.937,1781.667777777778
Pulse experiments,pioreactor01,2026-09-11T16:01:43.943Z,0.1504296875,445,2026-09-11 21:46:43.943,1781.667777777778
Pulse experiments,pioreactor01,2026-09-11T16:01:43.947Z,0.149296875,480,2026-09-11 21:46:43.947,1781.667777777778
Pulse experiments,pioreactor01,2026-09-11T16:01:43.959Z,0.1764453125,515,2026-09-11 21:46:43.959,1781.667777777778
Pulse experiments,pioreactor01,2026-09-11T16:01:43.964Z,0.21232421875,555,2026-09-11 21:46:43.964,1781.667777777778
Pulse experiments,pioreactor01,2026-09-11T16:01:43.969Z,0.22255859375,590,2026-09-11 21:46:43.969,1781.667777777778
Pulse experiments,pioreactor01,2026-09-11T16:01:43.976Z,0.2293359375,630,2026-09-11 21:46:43.976,1781.667777777778
Pulse experiments,pioreactor01,2026-09-11T16:01:43.982Z,0.1165625,680,2026-09-11 21:46:43.982,1781.667777777778
Pulse experiments,pioreactor01,2026-09-11T16:01:48.938Z,0.01876953125,415,2026-09-11 21:46:48.938,1781.669166666667
Pulse experiments,pioreactor01,2026-09-11T16:01:48.950Z,0.15013671875,445,2026-09-11 21:46:48.950,1781.669166666667
Pulse experiments,pioreactor01,2026-09-11T16:01:48.957Z,0.14890625,480,2026-09-11 21:46:48.957,1781.669166666667
Pulse experiments,pioreactor01,2026-09-11T16:01:48.962Z,0.1763671875,515,2026-09-11 21:46:48.962,1781.669166666667
Pulse experiments,pioreactor01,2026-09-11T16:01:48.966Z,0.2123046875,555,2026-09-11 21:46:48.966,1781.669166666667
Pulse experiments,pioreactor01,2026-09-11T16:01:48.972Z,0.22248046875,590,2026-09-11 21:46:48.972,1781.669166666667
Pulse experiments,pioreactor01,2026-09-11T16:01:48.976Z,0.2291796875,630,2026-09-11 21:46:48.976,1781.669166666667
Pulse experiments,pioreactor01,2026-09-11T16:01:48.985Z,0.11654296875,680,2026-09-11 21:46:48.985,1781.669166666667
Pulse experiments,pioreactor01,2026-09-11T16:01:53.935Z,0.01875,415,2026-09-11 21:46:53.935,1781.670555555556
Pulse experiments,pioreactor01,2026-09-11T16:01:53.939Z,0.1500390625,445,2026-09-11 21:46:53.939,1781.670555555556
Pulse experiments,pioreactor01,2026-09-11T16:01:53.942Z,0.14900390625,480,2026-09-11 21:46:53.942,1781.670555555556
Pulse experiments,pioreactor01,2026-09-11T16:01:53.947Z,0.17638671875,515,2026-09-11 21:46:53.947,1781.670555555556
Pulse experiments,pioreactor01,2026-09-11T16:01:53.953Z,0.21263671875,555,2026-09-11 21:46:53.953,1781.670555555556
Pulse experiments,pioreactor01,2026-09-11T16:01:53.964Z,0.22291015625,590,2026-09-11 21:46:53.964,1781.670555555556
Pulse experiments,pioreactor01,2026-09-11T16:01:53.969Z,0.2295703125,630,2026-09-11 21:46:53.969,1781.670555555556
Pulse experiments,pioreactor01,2026-09-11T16:01:53.975Z,0.116875,680,2026-09-11 21:46:53.975,1781.670555555556
Pulse experiments,pioreactor01,2026-09-11T16:01:58.936Z,0.01876953125,415,2026-09-11 21:46:58.936,1781.671944444445
Pulse experiments,pioreactor01,2026-09-11T16:01:58.942Z,0.1501953125,445,2026-09-11 21:46:58.942,1781.671944444445
Pulse experiments,pioreactor01,2026-09-11T16:01:58.951Z,0.14927734375,480,2026-09-11 21:46:58.951,1781.671944444445
Pulse experiments,pioreactor01,2026-09-11T16:01:58.957Z,0.1766015625,515,2026-09-11 21:46:58.957,1781.671944444445
Pulse experiments,pioreactor01,2026-09-11T16:01:58.963Z,0.21248046875,555,2026-09-11 21:46:58.963,1781.671944444445
Pulse experiments,pioreactor01,2026-09-11T16:01:58.972Z,0.2225390625,590,2026-09-11 21:46:58.972,1781.671944444445
Pulse experiments,pioreactor01,2026-09-11T16:01:58.978Z,0.22953125,630,2026-09-11 21:46:58.978,1781.671944444445
Pulse experiments,pioreactor01,2026-09-11T16:01:58.983Z,0.11669921875,680,2026-09-11 21:46:58.983,1781.671944444445
Pulse experiments,pioreactor01,2026-09-11T16:02:03.949Z,0.01873046875,415,2026-09-11 21:47:03.949,1781.673333333333
Pulse experiments,pioreactor01,2026-09-11T16:02:03.953Z,0.15009765625,445,2026-09-11 21:47:03.953,1781.673333333333
Pulse experiments,pioreactor01,2026-09-11T16:02:03.959Z,0.1491015625,480,2026-09-11 21:47:03.959,1781.673333333333
Pulse experiments,pioreactor01,2026-09-11T16:02:03.968Z,0.17634765625,515,2026-09-11 21:47:03.968,1781.673333333333
Pulse experiments,pioreactor01,2026-09-11T16:02:03.971Z,0.21255859375,555,2026-09-11 21:47:03.971,1781.673333333333
Pulse experiments,pioreactor01,2026-09-11T16:02:03.980Z,0.22263671875,590,2026-09-11 21:47:03.980,1781.673333333333
Pulse experiments,pioreactor01,2026-09-11T16:02:03.984Z,0.22982421875,630,2026-09-11 21:47:03.984,1781.673333333333
Pulse experiments,pioreactor01,2026-09-11T16:02:03.989Z,0.11689453125,680,2026-09-11 21:47:03.989,1781.673333333333
Pulse experiments,pioreactor01,2026-09-11T16:02:08.921Z,0.01875,415,2026-09-11 21:47:08.921,1781.674722222222
Pulse experiments,pioreactor01,2026-09-11T16:02:08.933Z,0.15017578125,445,2026-09-11 21:47:08.933,1781.674722222222
Pulse experiments,pioreactor01,2026-09-11T16:02:08.944Z,0.148984375,480,2026-09-11 21:47:08.944,1781.674722222222
Pulse experiments,pioreactor01,2026-09-11T16:02:08.959Z,0.1762890625,515,2026-09-11 21:47:08.959,1781.674722222222
Pulse experiments,pioreactor01,2026-09-11T16:02:08.966Z,0.212421875,555,2026-09-11 21:47:08.966,1781.674722222222
Pulse experiments,pioreactor01,2026-09-11T16:02:08.978Z,0.22265625,590,2026-09-11 21:47:08.978,1781.674722222222
Pulse experiments,pioreactor01,2026-09-11T16:02:08.990Z,0.2294921875,630,2026-09-11 21:47:08.990,1781.674722222222
Pulse experiments,pioreactor01,2026-09-11T16:02:09.002Z,0.11666015625,680,2026-09-11 21:47:09.002,1781.675
Pulse experiments,pioreactor01,2026-09-11T16:02:13.963Z,0.0187890625,415,2026-09-11 21:47:13.963,1781.676111111111
Pulse experiments,pioreactor01,2026-09-11T16:02:13.965Z,0.15005859375,445,2026-09-11 21:47:13.965,1781.676111111111
Pulse experiments,pioreactor01,2026-09-11T16:02:13.974Z,0.1492578125,480,2026-09-11 21:47:13.974,1781.676111111111
Pulse experiments,pioreactor01,2026-09-11T16:02:13.977Z,0.17625,515,2026-09-11 21:47:13.977,1781.676111111111
Pulse experiments,pioreactor01,2026-09-11T16:02:13.982Z,0.21240234375,555,2026-09-11 21:47:13.982,1781.676111111111
Pulse experiments,pioreactor01,2026-09-11T16:02:13.986Z,0.22234375,590,2026-09-11 21:47:13.986,1781.676111111111
Pulse experiments,pioreactor01,2026-09-11T16:02:13.994Z,0.22916015625,630,2026-09-11 21:47:13.994,1781.676111111111
Pulse experiments,pioreactor01,2026-09-11T16:02:14.001Z,0.1166015625,680,2026-09-11 21:47:14.001,1781.676388888889
Pulse experiments,pioreactor01,2026-09-11T16:02:18.921Z,0.01876953125,415,2026-09-11 21:47:18.921,1781.6775
Pulse experiments,pioreactor01,2026-09-11T16:02:18.926Z,0.15009765625,445,2026-09-11 21:47:18.926,1781.6775
Pulse experiments,pioreactor01,2026-09-11T16:02:18.932Z,0.14908203125,480,2026-09-11 21:47:18.932,1781.6775
Pulse experiments,pioreactor01,2026-09-11T16:02:18.936Z,0.17654296875,515,2026-09-11 21:47:18.936,1781.6775
Pulse experiments,pioreactor01,2026-09-11T16:02:18.941Z,0.21236328125,555,2026-09-11 21:47:18.941,1781.6775
Pulse experiments,pioreactor01,2026-09-11T16:02:18.946Z,0.22234375,590,2026-09-11 21:47:18.946,1781.6775
Pulse experiments,pioreactor01,2026-09-11T16:02:18.951Z,0.22947265625,630,2026-09-11 21:47:18.951,1781.6775
Pulse experiments,pioreactor01,2026-09-11T16:02:18.956Z,0.116484375,680,2026-09-11 21:47:18.956,1781.6775
Pulse experiments,pioreactor01,2026-09-11T16:02:23.959Z,0.01873046875,415,2026-09-11 21:47:23.959,1781.678888888889
Pulse experiments,pioreactor01,2026-09-11T16:02:23.964Z,0.149921875,445,2026-09-11 21:47:23.964,1781.678888888889
Pulse experiments,pioreactor01,2026-09-11T16:02:23.972Z,0.14890625,480,2026-09-11 21:47:23.972,1781.678888888889
Pulse experiments,pioreactor01,2026-09-11T16:02:23.976Z,0.17625,515,2026-09-11 21:47:23.976,1781.678888888889
Pulse experiments,pioreactor01,2026-09-11T16:02:23.981Z,0.21244140625,555,2026-09-11 21:47:23.981,1781.678888888889
Pulse experiments,pioreactor01,2026-09-11T16:02:23.986Z,0.2225390625,590,2026-09-11 21:47:23.986,1781.678888888889
Pulse experiments,pioreactor01,2026-09-11T16:02:23.993Z,0.22927734375,630,2026-09-11 21:47:23.993,1781.678888888889
Pulse experiments,pioreactor01,2026-09-11T16:02:23.996Z,0.116640625,680,2026-09-11 21:47:23.996,1781.678888888889
Pulse experiments,pioreactor01,2026-09-11T16:02:28.917Z,0.01875,415,2026-09-11 21:47:28.917,1781.680277777778
Pulse experiments,pioreactor01,2026-09-11T16:02:28.924Z,0.1504296875,445,2026-09-11 21:47:28.924,1781.680277777778
Pulse experiments,pioreactor01,2026-09-11T16:02:28.929Z,0.14921875,480,2026-09-11 21:47:28.929,1781.680277777778
Pulse experiments,pioreactor01,2026-09-11T16:02:28.933Z,0.17646484375,515,2026-09-11 21:47:28.933,1781.680277777778
Pulse experiments,pioreactor01,2026-09-11T16:02:28.939Z,0.2124609375,555,2026-09-11 21:47:28.939,1781.680277777778
Pulse experiments,pioreactor01,2026-09-11T16:02:28.943Z,0.22259765625,590,2026-09-11 21:47:28.943,1781.680277777778
Pulse experiments,pioreactor01,2026-09-11T16:02:28.949Z,0.22953125,630,2026-09-11 21:47:28.949,1781.680277777778
Pulse experiments,pioreactor01,2026-09-11T16:02:28.953Z,0.11669921875,680,2026-09-11 21:47:28.953,1781.680277777778
Pulse experiments,pioreactor01,2026-09-11T16:02:33.918Z,0.01875,415,2026-09-11 21:47:33.918,1781.681666666667
Pulse experiments,pioreactor01,2026-09-11T16:02:33.922Z,0.1501953125,445,2026-09-11 21:47:33.922,1781.681666666667
Pulse experiments,pioreactor01,2026-09-11T16:02:33.927Z,0.14896484375,480,2026-09-11 21:47:33.927,1781.681666666667
Pulse experiments,pioreactor01,2026-09-11T16:02:33.931Z,0.17619140625,515,2026-09-11 21:47:33.931,1781.681666666667
Pulse experiments,pioreactor01,2026-09-11T16:02:33.935Z,0.2123828125,555,2026-09-11 21:47:33.935,1781.681666666667
Pulse experiments,pioreactor01,2026-09-11T16:02:33.941Z,0.22267578125,590,2026-09-11 21:47:33.941,1781.681666666667
Pulse experiments,pioreactor01,2026-09-11T16:02:33.945Z,0.2298046875,630,2026-09-11 21:47:33.945,1781.681666666667
Pulse experiments,pioreactor01,2026-09-11T16:02:33.951Z,0.11669921875,680,2026-09-11 21:47:33.951,1781.681666666667
Pulse experiments,pioreactor01,2026-09-11T16:02:38.932Z,0.01873046875,415,2026-09-11 21:47:38.932,1781.683055555555
Pulse experiments,pioreactor01,2026-09-11T16:02:38.943Z,0.1499609375,445,2026-09-11 21:47:38.943,1781.683055555555
Pulse experiments,pioreactor01,2026-09-11T16:02:38.958Z,0.148828125,480,2026-09-11 21:47:38.958,1781.683055555555
Pulse experiments,pioreactor01,2026-09-11T16:02:38.968Z,0.176171875,515,2026-09-11 21:47:38.968,1781.683055555555
Pulse experiments,pioreactor01,2026-09-11T16:02:38.979Z,0.2123046875,555,2026-09-11 21:47:38.979,1781.683055555555
Pulse experiments,pioreactor01,2026-09-11T16:02:38.992Z,0.22244140625,590,2026-09-11 21:47:38.992,1781.683055555555
Pulse experiments,pioreactor01,2026-09-11T16:02:39.002Z,0.2293359375,630,2026-09-11 21:47:39.002,1781.683333333333
Pulse experiments,pioreactor01,2026-09-11T16:02:39.011Z,0.116640625,680,2026-09-11 21:47:39.011,1781.683333333333
Pulse experiments,pioreactor01,2026-09-11T16:02:43.927Z,0.018671875,415,2026-09-11 21:47:43.927,1781.684444444444
Pulse experiments,pioreactor01,2026-09-11T16:02:43.933Z,0.14990234375,445,2026-09-11 21:47:43.933,1781.684444444444
Pulse experiments,pioreactor01,2026-09-11T16:02:43.937Z,0.14880859375,480,2026-09-11 21:47:43.937,1781.684444444444
Pulse experiments,pioreactor01,2026-09-11T16:02:43.943Z,0.17615234375,515,2026-09-11 21:47:43.943,1781.684444444444
Pulse experiments,pioreactor01,2026-09-11T16:02:43.949Z,0.212421875,555,2026-09-11 21:47:43.949,1781.684444444444
Pulse experiments,pioreactor01,2026-09-11T16:02:43.955Z,0.22251953125,590,2026-09-11 21:47:43.955,1781.684444444444
Pulse experiments,pioreactor01,2026-09-11T16:02:43.961Z,0.22927734375,630,2026-09-11 21:47:43.961,1781.684444444444
Pulse experiments,pioreactor01,2026-09-11T16:02:43.965Z,0.11671875,680,2026-09-11 21:47:43.965,1781.684444444444
Pulse experiments,pioreactor01,2026-09-11T16:02:48.917Z,0.0187109375,415,2026-09-11 21:47:48.917,1781.685833333333
Pulse experiments,pioreactor01,2026-09-11T16:02:48.922Z,0.15005859375,445,2026-09-11 21:47:48.922,1781.685833333333
Pulse experiments,pioreactor01,2026-09-11T16:02:48.927Z,0.14888671875,480,2026-09-11 21:47:48.927,1781.685833333333
Pulse experiments,pioreactor01,2026-09-11T16:02:48.931Z,0.17640625,515,2026-09-11 21:47:48.931,1781.685833333333
Pulse experiments,pioreactor01,2026-09-11T16:02:48.936Z,0.2121484375,555,2026-09-11 21:47:48.936,1781.685833333333
Pulse experiments,pioreactor01,2026-09-11T16:02:48.941Z,0.22220703125,590,2026-09-11 21:47:48.941,1781.685833333333
Pulse experiments,pioreactor01,2026-09-11T16:02:48.945Z,0.2290234375,630,2026-09-11 21:47:48.945,1781.685833333333
Pulse experiments,pioreactor01,2026-09-11T16:02:48.949Z,0.11642578125,680,2026-09-11 21:47:48.949,1781.685833333333
Pulse experiments,pioreactor01,2026-09-11T16:02:53.920Z,0.01876953125,415,2026-09-11 21:47:53.920,1781.687222222222
Pulse experiments,pioreactor01,2026-09-11T16:02:53.924Z,0.1501953125,445,2026-09-11 21:47:53.924,1781.687222222222
Pulse experiments,pioreactor01,2026-09-11T16:02:53.929Z,0.14892578125,480,2026-09-11 21:47:53.929,1781.687222222222
Pulse experiments,pioreactor01,2026-09-11T16:02:53.933Z,0.176171875,515,2026-09-11 21:47:53.933,1781.687222222222
Pulse experiments,pioreactor01,2026-09-11T16:02:53.939Z,0.21248046875,555,2026-09-11 21:47:53.939,1781.687222222222
Pulse experiments,pioreactor01,2026-09-11T16:02:53.943Z,0.22294921875,590,2026-09-11 21:47:53.943,1781.687222222222
Pulse experiments,pioreactor01,2026-09-11T16:02:53.948Z,0.22958984375,630,2026-09-11 21:47:53.948,1781.687222222222
Pulse experiments,pioreactor01,2026-09-11T16:02:53.953Z,0.11673828125,680,2026-09-11 21:47:53.953,1781.687222222222
Pulse experiments,pioreactor01,2026-09-11T16:02:58.918Z,0.0187890625,415,2026-09-11 21:47:58.918,1781.688611111111
Pulse experiments,pioreactor01,2026-09-11T16:02:58.923Z,0.15009765625,445,2026-09-11 21:47:58.923,1781.688611111111
Pulse experiments,pioreactor01,2026-09-11T16:02:58.926Z,0.1491015625,480,2026-09-11 21:47:58.926,1781.688611111111
Pulse experiments,pioreactor01,2026-09-11T16:02:58.932Z,0.17650390625,515,2026-09-11 21:47:58.932,1781.688611111111
Pulse experiments,pioreactor01,2026-09-11T16:02:58.937Z,0.21275390625,555,2026-09-11 21:47:58.937,1781.688611111111
Pulse experiments,pioreactor01,2026-09-11T16:02:58.943Z,0.22259765625,590,2026-09-11 21:47:58.943,1781.688611111111
Pulse experiments,pioreactor01,2026-09-11T16:02:58.947Z,0.2295703125,630,2026-09-11 21:47:58.947,1781.688611111111
Pulse experiments,pioreactor01,2026-09-11T16:02:58.955Z,0.11685546875,680,2026-09-11 21:47:58.955,1781.688611111111
Pulse experiments,pioreactor01,2026-09-11T16:03:03.930Z,0.01873046875,415,2026-09-11 21:48:03.930,1781.69
Pulse experiments,pioreactor01,2026-09-11T16:03:03.947Z,0.150234375,445,2026-09-11 21:48:03.947,1781.69
Pulse experiments,pioreactor01,2026-09-11T16:03:03.962Z,0.149140625,480,2026-09-11 21:48:03.962,1781.69
Pulse experiments,pioreactor01,2026-09-11T16:03:03.974Z,0.1764453125,515,2026-09-11 21:48:03.974,1781.69
Pulse experiments,pioreactor01,2026-09-11T16:03:03.991Z,0.21212890625,555,2026-09-11 21:48:03.991,1781.69
Pulse experiments,pioreactor01,2026-09-11T16:03:03.999Z,0.222421875,590,2026-09-11 21:48:03.999,1781.69
Pulse experiments,pioreactor01,2026-09-11T16:03:04.009Z,0.2292578125,630,2026-09-11 21:48:04.009,1781.690277777778
Pulse experiments,pioreactor01,2026-09-11T16:03:04.022Z,0.116328125,680,2026-09-11 21:48:04.022,1781.690277777778
Pulse experiments,pioreactor01,2026-09-11T16:03:08.930Z,0.0187890625,415,2026-09-11 21:48:08.930,1781.691388888889
Pulse experiments,pioreactor01,2026-09-11T16:03:08.941Z,0.15013671875,445,2026-09-11 21:48:08.941,1781.691388888889
Pulse experiments,pioreactor01,2026-09-11T16:03:08.952Z,0.14935546875,480,2026-09-11 21:48:08.952,1781.691388888889
Pulse experiments,pioreactor01,2026-09-11T16:03:08.958Z,0.176328125,515,2026-09-11 21:48:08.958,1781.691388888889
Pulse experiments,pioreactor01,2026-09-11T16:03:08.971Z,0.2123046875,555,2026-09-11 21:48:08.971,1781.691388888889
Pulse experiments,pioreactor01,2026-09-11T16:03:08.979Z,0.22279296875,590,2026-09-11 21:48:08.979,1781.691388888889
Pulse experiments,pioreactor01,2026-09-11T16:03:08.994Z,0.22955078125,630,2026-09-11 21:48:08.994,1781.691388888889
Pulse experiments,pioreactor01,2026-09-11T16:03:09.001Z,0.11673828125,680,2026-09-11 21:48:09.001,1781.691666666667
Pulse experiments,pioreactor01,2026-09-11T16:03:13.965Z,0.01876953125,415,2026-09-11 21:48:13.965,1781.692777777778
Pulse experiments,pioreactor01,2026-09-11T16:03:13.975Z,0.15017578125,445,2026-09-11 21:48:13.975,1781.692777777778
Pulse experiments,pioreactor01,2026-09-11T16:03:13.993Z,0.149140625,480,2026-09-11 21:48:13.993,1781.692777777778
Pulse experiments,pioreactor01,2026-09-11T16:03:14.009Z,0.176328125,515,2026-09-11 21:48:14.009,1781.693055555555
Pulse experiments,pioreactor01,2026-09-11T16:03:14.048Z,0.2123046875,555,2026-09-11 21:48:14.048,1781.693055555555
Pulse experiments,pioreactor01,2026-09-11T16:03:14.058Z,0.222421875,590,2026-09-11 21:48:14.058,1781.693055555555
Pulse experiments,pioreactor01,2026-09-11T16:03:14.060Z,0.2290234375,630,2026-09-11 21:48:14.060,1781.693055555555
Pulse experiments,pioreactor01,2026-09-11T16:03:14.121Z,0.116484375,680,2026-09-11 21:48:14.121,1781.693055555555
Pulse experiments,pioreactor01,2026-09-11T16:03:18.923Z,0.01876953125,415,2026-09-11 21:48:18.923,1781.694166666667
Pulse experiments,pioreactor01,2026-09-11T16:03:18.927Z,0.15044921875,445,2026-09-11 21:48:18.927,1781.694166666667
Pulse experiments,pioreactor01,2026-09-11T16:03:18.935Z,0.1491796875,480,2026-09-11 21:48:18.935,1781.694166666667
Pulse experiments,pioreactor01,2026-09-11T16:03:18.942Z,0.176484375,515,2026-09-11 21:48:18.942,1781.694166666667
Pulse experiments,pioreactor01,2026-09-11T16:03:18.947Z,0.21248046875,555,2026-09-11 21:48:18.947,1781.694166666667
Pulse experiments,pioreactor01,2026-09-11T16:03:18.954Z,0.22265625,590,2026-09-11 21:48:18.954,1781.694166666667
Pulse experiments,pioreactor01,2026-09-11T16:03:18.959Z,0.2294140625,630,2026-09-11 21:48:18.959,1781.694166666667
Pulse experiments,pioreactor01,2026-09-11T16:03:18.963Z,0.11666015625,680,2026-09-11 21:48:18.963,1781.694166666667
Pulse experiments,pioreactor01,2026-09-11T16:03:23.917Z,0.0187109375,415,2026-09-11 21:48:23.917,1781.695555555556
Pulse experiments,pioreactor01,2026-09-11T16:03:23.922Z,0.15,445,2026-09-11 21:48:23.922,1781.695555555556
Pulse experiments,pioreactor01,2026-09-11T16:03:23.927Z,0.14904296875,480,2026-09-11 21:48:23.927,1781.695555555556
Pulse experiments,pioreactor01,2026-09-11T16:03:23.931Z,0.17626953125,515,2026-09-11 21:48:23.931,1781.695555555556
Pulse experiments,pioreactor01,2026-09-11T16:03:23.937Z,0.2121484375,555,2026-09-11 21:48:23.937,1781.695555555556
Pulse experiments,pioreactor01,2026-09-11T16:03:23.941Z,0.2223046875,590,2026-09-11 21:48:23.941,1781.695555555556
Pulse experiments,pioreactor01,2026-09-11T16:03:23.945Z,0.229296875,630,2026-09-11 21:48:23.945,1781.695555555556
Pulse experiments,pioreactor01,2026-09-11T16:03:23.950Z,0.11650390625,680,2026-09-11 21:48:23.950,1781.695555555556
Pulse experiments,pioreactor01,2026-09-11T16:03:28.926Z,0.01869140625,415,2026-09-11 21:48:28.926,1781.696944444444
Pulse experiments,pioreactor01,2026-09-11T16:03:28.932Z,0.14998046875,445,2026-09-11 21:48:28.932,1781.696944444444
Pulse experiments,pioreactor01,2026-09-11T16:03:28.936Z,0.1488671875,480,2026-09-11 21:48:28.936,1781.696944444444
Pulse experiments,pioreactor01,2026-09-11T16:03:28.942Z,0.1762109375,515,2026-09-11 21:48:28.942,1781.696944444444
Pulse experiments,pioreactor01,2026-09-11T16:03:28.950Z,0.2121484375,555,2026-09-11 21:48:28.950,1781.696944444444
Pulse experiments,pioreactor01,2026-09-11T16:03:28.955Z,0.22232421875,590,2026-09-11 21:48:28.955,1781.696944444444
Pulse experiments,pioreactor01,2026-09-11T16:03:28.958Z,0.229140625,630,2026-09-11 21:48:28.958,1781.696944444444
Pulse experiments,pioreactor01,2026-09-11T16:03:28.966Z,0.116484375,680,2026-09-11 21:48:28.966,1781.696944444444
Pulse experiments,pioreactor01,2026-09-11T16:03:33.926Z,0.0187890625,415,2026-09-11 21:48:33.926,1781.698333333333
Pulse experiments,pioreactor01,2026-09-11T16:03:33.930Z,0.15044921875,445,2026-09-11 21:48:33.930,1781.698333333333
Pulse experiments,pioreactor01,2026-09-11T16:03:33.936Z,0.14921875,480,2026-09-11 21:48:33.936,1781.698333333333
Pulse experiments,pioreactor01,2026-09-11T16:03:33.941Z,0.176640625,515,2026-09-11 21:48:33.941,1781.698333333333
Pulse experiments,pioreactor01,2026-09-11T16:03:33.945Z,0.21275390625,555,2026-09-11 21:48:33.945,1781.698333333333
Pulse experiments,pioreactor01,2026-09-11T16:03:33.949Z,0.22279296875,590,2026-09-11 21:48:33.949,1781.698333333333
Pulse experiments,pioreactor01,2026-09-11T16:03:33.955Z,0.2294921875,630,2026-09-11 21:48:33.955,1781.698333333333
Pulse experiments,pioreactor01,2026-09-11T16:03:33.960Z,0.116953125,680,2026-09-11 21:48:33.960,1781.698333333333
Pulse experiments,pioreactor01,2026-09-11T16:03:38.943Z,0.00392578125,415,2026-09-11 21:48:38.943,1781.699722222222
Pulse experiments,pioreactor01,2026-09-11T16:03:38.948Z,0.0196875,445,2026-09-11 21:48:38.948,1781.699722222222
Pulse experiments,pioreactor01,2026-09-11T16:03:38.952Z,0.02859375,480,2026-09-11 21:48:38.952,1781.699722222222
Pulse experiments,pioreactor01,2026-09-11T16:03:38.958Z,0.031015625,515,2026-09-11 21:48:38.958,1781.699722222222
Pulse experiments,pioreactor01,2026-09-11T16:03:38.963Z,0.03607421875,555,2026-09-11 21:48:38.963,1781.699722222222
Pulse experiments,pioreactor01,2026-09-11T16:03:39.688Z,0.03734375,590,2026-09-11 21:48:39.688,1781.7
Pulse experiments,pioreactor01,2026-09-11T16:03:39.689Z,0.0384765625,630,2026-09-11 21:48:39.689,1781.7
Pulse experiments,pioreactor01,2026-09-11T16:03:39.903Z,0.024296875,680,2026-09-11 21:48:39.903,1781.7
Pulse experiments,pioreactor01,2026-09-11T16:03:43.925Z,0.00390625,415,2026-09-11 21:48:43.925,1781.701111111111
Pulse experiments,pioreactor01,2026-09-11T16:03:43.933Z,0.01974609375,445,2026-09-11 21:48:43.933,1781.701111111111
Pulse experiments,pioreactor01,2026-09-11T16:03:43.939Z,0.02859375,480,2026-09-11 21:48:43.939,1781.701111111111
Pulse experiments,pioreactor01,2026-09-11T16:03:43.943Z,0.0309765625,515,2026-09-11 21:48:43.943,1781.701111111111
Pulse experiments,pioreactor01,2026-09-11T16:03:43.948Z,0.0360546875,555,2026-09-11 21:48:43.948,1781.701111111111
Pulse experiments,pioreactor01,2026-09-11T16:03:43.954Z,0.03732421875,590,2026-09-11 21:48:43.954,1781.701111111111
Pulse experiments,pioreactor01,2026-09-11T16:03:43.961Z,0.03845703125,630,2026-09-11 21:48:43.961,1781.701111111111
Pulse experiments,pioreactor01,2026-09-11T16:03:43.964Z,0.02431640625,680,2026-09-11 21:48:43.964,1781.701111111111
Pulse experiments,pioreactor01,2026-09-11T16:03:48.952Z,0.00388671875,415,2026-09-11 21:48:48.952,1781.7025
Pulse experiments,pioreactor01,2026-09-11T16:03:48.956Z,0.0196875,445,2026-09-11 21:48:48.956,1781.7025
Pulse experiments,pioreactor01,2026-09-11T16:03:48.960Z,0.02861328125,480,2026-09-11 21:48:48.960,1781.7025
Pulse experiments,pioreactor01,2026-09-11T16:03:48.965Z,0.03099609375,515,2026-09-11 21:48:48.965,1781.7025
Pulse experiments,pioreactor01,2026-09-11T16:03:48.972Z,0.03607421875,555,2026-09-11 21:48:48.972,1781.7025
Pulse experiments,pioreactor01,2026-09-11T16:03:48.979Z,0.03736328125,590,2026-09-11 21:48:48.979,1781.7025
Pulse experiments,pioreactor01,2026-09-11T16:03:48.983Z,0.03841796875,630,2026-09-11 21:48:48.983,1781.7025
Pulse experiments,pioreactor01,2026-09-11T16:03:48.987Z,0.024296875,680,2026-09-11 21:48:48.987,1781.7025
Pulse experiments,pioreactor01,2026-09-11T16:03:53.931Z,0.02166015625,415,2026-09-11 21:48:53.931,1781.703888888889
Pulse experiments,pioreactor01,2026-09-11T16:03:53.934Z,0.177734375,445,2026-09-11 21:48:53.934,1781.703888888889
Pulse experiments,pioreactor01,2026-09-11T16:03:53.939Z,0.1818359375,480,2026-09-11 21:48:53.939,1781.703888888889
Pulse experiments,pioreactor01,2026-09-11T16:03:53.945Z,0.214609375,515,2026-09-11 21:48:53.945,1781.703888888889
Pulse experiments,pioreactor01,2026-09-11T16:03:53.952Z,0.2478515625,555,2026-09-11 21:48:53.952,1781.703888888889
Pulse experiments,pioreactor01,2026-09-11T16:03:53.961Z,0.24470703125,590,2026-09-11 21:48:53.961,1781.703888888889
Pulse experiments,pioreactor01,2026-09-11T16:03:53.966Z,0.24896484375,630,2026-09-11 21:48:53.966,1781.703888888889
Pulse experiments,pioreactor01,2026-09-11T16:03:53.971Z,0.1311328125,680,2026-09-11 21:48:53.971,1781.703888888889
Pulse experiments,pioreactor01,2026-09-11T16:03:58.947Z,0.02150390625,415,2026-09-11 21:48:58.947,1781.705277777778
Pulse experiments,pioreactor01,2026-09-11T16:03:58.953Z,0.173984375,445,2026-09-11 21:48:58.953,1781.705277777778
Pulse experiments,pioreactor01,2026-09-11T16:03:58.957Z,0.1816796875,480,2026-09-11 21:48:58.957,1781.705277777778
Pulse experiments,pioreactor01,2026-09-11T16:03:58.964Z,0.21171875,515,2026-09-11 21:48:58.964,1781.705277777778
Pulse experiments,pioreactor01,2026-09-11T16:03:58.970Z,0.23263671875,555,2026-09-11 21:48:58.970,1781.705277777778
Pulse experiments,pioreactor01,2026-09-11T16:03:58.975Z,0.2299609375,590,2026-09-11 21:48:58.975,1781.705277777778
Pulse experiments,pioreactor01,2026-09-11T16:03:58.980Z,0.235,630,2026-09-11 21:48:58.980,1781.705277777778
Pulse experiments,pioreactor01,2026-09-11T16:03:58.989Z,0.1224609375,680,2026-09-11 21:48:58.989,1781.705277777778
Pulse experiments,pioreactor01,2026-09-11T16:04:03.938Z,0.021171875,415,2026-09-11 21:49:03.938,1781.706666666667
Pulse experiments,pioreactor01,2026-09-11T16:04:03.944Z,0.1717578125,445,2026-09-11 21:49:03.944,1781.706666666667
Pulse experiments,pioreactor01,2026-09-11T16:04:03.949Z,0.17806640625,480,2026-09-11 21:49:03.949,1781.706666666667
Pulse experiments,pioreactor01,2026-09-11T16:04:03.954Z,0.20875,515,2026-09-11 21:49:03.954,1781.706666666667
Pulse experiments,pioreactor01,2026-09-11T16:04:03.960Z,0.23724609375,555,2026-09-11 21:49:03.960,1781.706666666667
Pulse experiments,pioreactor01,2026-09-11T16:04:03.963Z,0.23525390625,590,2026-09-11 21:49:03.963,1781.706666666667
Pulse experiments,pioreactor01,2026-09-11T16:04:03.969Z,0.2391796875,630,2026-09-11 21:49:03.969,1781.706666666667
Pulse experiments,pioreactor01,2026-09-11T16:04:03.978Z,0.12515625,680,2026-09-11 21:49:03.978,1781.706666666667
Pulse experiments,pioreactor01,2026-09-11T16:04:08.916Z,0.01912109375,415,2026-09-11 21:49:08.916,1781.708055555556
Pulse experiments,pioreactor01,2026-09-11T16:04:08.920Z,0.1546875,445,2026-09-11 21:49:08.920,1781.708055555556
Pulse experiments,pioreactor01,2026-09-11T16:04:08.926Z,0.15970703125,480,2026-09-11 21:49:08.926,1781.708055555556
Pulse experiments,pioreactor01,2026-09-11T16:04:08.931Z,0.18748046875,515,2026-09-11 21:49:08.931,1781.708055555556
Pulse experiments,pioreactor01,2026-09-11T16:04:08.938Z,0.2156640625,555,2026-09-11 21:49:08.938,1781.708055555556
Pulse experiments,pioreactor01,2026-09-11T16:04:08.941Z,0.21419921875,590,2026-09-11 21:49:08.941,1781.708055555556
Pulse experiments,pioreactor01,2026-09-11T16:04:08.944Z,0.21955078125,630,2026-09-11 21:49:08.944,1781.708055555556
Pulse experiments,pioreactor01,2026-09-11T16:04:08.950Z,0.1138671875,680,2026-09-11 21:49:08.950,1781.708055555556
Pulse experiments,pioreactor01,2026-09-11T16:04:13.940Z,0.02140625,415,2026-09-11 21:49:13.940,1781.709444444444
Pulse experiments,pioreactor01,2026-09-11T16:04:13.948Z,0.1724609375,445,2026-09-11 21:49:13.948,1781.709444444444
Pulse experiments,pioreactor01,2026-09-11T16:04:13.958Z,0.17986328125,480,2026-09-11 21:49:13.958,1781.709444444444
Pulse experiments,pioreactor01,2026-09-11T16:04:13.968Z,0.20982421875,515,2026-09-11 21:49:13.968,1781.709444444444
Pulse experiments,pioreactor01,2026-09-11T16:04:13.977Z,0.23986328125,555,2026-09-11 21:49:13.977,1781.709444444444
Pulse experiments,pioreactor01,2026-09-11T16:04:13.986Z,0.236796875,590,2026-09-11 21:49:13.986,1781.709444444444
Pulse experiments,pioreactor01,2026-09-11T16:04:13.994Z,0.24029296875,630,2026-09-11 21:49:13.994,1781.709444444444
Pulse experiments,pioreactor01,2026-09-11T16:04:14.004Z,0.1267578125,680,2026-09-11 21:49:14.004,1781.709722222222
Pulse experiments,pioreactor01,2026-09-11T16:04:18.918Z,0.02107421875,415,2026-09-11 21:49:18.918,1781.710833333333
Pulse experiments,pioreactor01,2026-09-11T16:04:18.922Z,0.17080078125,445,2026-09-11 21:49:18.922,1781.710833333333
Pulse experiments,pioreactor01,2026-09-11T16:04:18.927Z,0.17734375,480,2026-09-11 21:49:18.927,1781.710833333333
Pulse experiments,pioreactor01,2026-09-11T16:04:18.932Z,0.20765625,515,2026-09-11 21:49:18.932,1781.710833333333
Pulse experiments,pioreactor01,2026-09-11T16:04:18.937Z,0.23755859375,555,2026-09-11 21:49:18.937,1781.710833333333
Pulse experiments,pioreactor01,2026-09-11T16:04:18.942Z,0.2346875,590,2026-09-11 21:49:18.942,1781.710833333333
Pulse experiments,pioreactor01,2026-09-11T16:04:18.946Z,0.23873046875,630,2026-09-11 21:49:18.946,1781.710833333333
Pulse experiments,pioreactor01,2026-09-11T16:04:18.953Z,0.125234375,680,2026-09-11 21:49:18.953,1781.710833333333
Pulse experiments,pioreactor01,2026-09-11T16:04:23.934Z,0.02123046875,415,2026-09-11 21:49:23.934,1781.712222222222
Pulse experiments,pioreactor01,2026-09-11T16:04:23.948Z,0.1715234375,445,2026-09-11 21:49:23.948,1781.712222222222
Pulse experiments,pioreactor01,2026-09-11T16:04:23.964Z,0.17802734375,480,2026-09-11 21:49:23.964,1781.712222222222
Pulse experiments,pioreactor01,2026-09-11T16:04:23.980Z,0.20849609375,515,2026-09-11 21:49:23.980,1781.712222222222
Pulse experiments,pioreactor01,2026-09-11T16:04:23.994Z,0.237578125,555,2026-09-11 21:49:23.994,1781.712222222222
Pulse experiments,pioreactor01,2026-09-11T16:04:24.007Z,0.23458984375,590,2026-09-11 21:49:24.007,1781.7125
Pulse experiments,pioreactor01,2026-09-11T16:04:24.023Z,0.23900390625,630,2026-09-11 21:49:24.023,1781.7125
Pulse experiments,pioreactor01,2026-09-11T16:04:24.039Z,0.12505859375,680,2026-09-11 21:49:24.039,1781.7125
Pulse experiments,pioreactor01,2026-09-11T16:04:28.949Z,0.0212109375,415,2026-09-11 21:49:28.949,1781.713611111111
Pulse experiments,pioreactor01,2026-09-11T16:04:28.956Z,0.1714453125,445,2026-09-11 21:49:28.956,1781.713611111111
Pulse experiments,pioreactor01,2026-09-11T16:04:28.965Z,0.17806640625,480,2026-09-11 21:49:28.965,1781.713611111111
Pulse experiments,pioreactor01,2026-09-11T16:04:28.978Z,0.20857421875,515,2026-09-11 21:49:28.978,1781.713611111111
Pulse experiments,pioreactor01,2026-09-11T16:04:28.986Z,0.2376953125,555,2026-09-11 21:49:28.986,1781.713611111111
Pulse experiments,pioreactor01,2026-09-11T16:04:28.997Z,0.2347265625,590,2026-09-11 21:49:28.997,1781.713611111111
Pulse experiments,pioreactor01,2026-09-11T16:04:29.006Z,0.23908203125,630,2026-09-11 21:49:29.006,1781.713888888889
Pulse experiments,pioreactor01,2026-09-11T16:04:29.013Z,0.12525390625,680,2026-09-11 21:49:29.013,1781.713888888889
Pulse experiments,pioreactor01,2026-09-11T16:04:33.925Z,0.02125,415,2026-09-11 21:49:33.925,1781.715
Pulse experiments,pioreactor01,2026-09-11T16:04:33.930Z,0.17205078125,445,2026-09-11 21:49:33.930,1781.715
Pulse experiments,pioreactor01,2026-09-11T16:04:33.934Z,0.1783984375,480,2026-09-11 21:49:33.934,1781.715
Pulse experiments,pioreactor01,2026-09-11T16:04:33.939Z,0.2091015625,515,2026-09-11 21:49:33.939,1781.715
Pulse experiments,pioreactor01,2026-09-11T16:04:33.943Z,0.23802734375,555,2026-09-11 21:49:33.943,1781.715
Pulse experiments,pioreactor01,2026-09-11T16:04:33.950Z,0.23607421875,590,2026-09-11 21:49:33.950,1781.715
Pulse experiments,pioreactor01,2026-09-11T16:04:33.953Z,0.24005859375,630,2026-09-11 21:49:33.953,1781.715
Pulse experiments,pioreactor01,2026-09-11T16:04:33.959Z,0.12546875,680,2026-09-11 21:49:33.959,1781.715
Pulse experiments,pioreactor01,2026-09-11T16:04:38.919Z,0.0211328125,415,2026-09-11 21:49:38.919,1781.716388888889
Pulse experiments,pioreactor01,2026-09-11T16:04:38.924Z,0.1712890625,445,2026-09-11 21:49:38.924,1781.716388888889
Pulse experiments,pioreactor01,2026-09-11T16:04:38.929Z,0.177890625,480,2026-09-11 21:49:38.929,1781.716388888889
Pulse experiments,pioreactor01,2026-09-11T16:04:38.935Z,0.20857421875,515,2026-09-11 21:49:38.935,1781.716388888889
Pulse experiments,pioreactor01,2026-09-11T16:04:38.940Z,0.23775390625,555,2026-09-11 21:49:38.940,1781.716388888889
Pulse experiments,pioreactor01,2026-09-11T16:04:38.944Z,0.23498046875,590,2026-09-11 21:49:38.944,1781.716388888889
Pulse experiments,pioreactor01,2026-09-11T16:04:38.949Z,0.23923828125,630,2026-09-11 21:49:38.949,1781.716388888889
Pulse experiments,pioreactor01,2026-09-11T16:04:38.954Z,0.12521484375,680,2026-09-11 21:49:38.954,1781.716388888889
Pulse experiments,pioreactor01,2026-09-11T16:04:43.921Z,0.02123046875,415,2026-09-11 21:49:43.921,1781.717777777778
Pulse experiments,pioreactor01,2026-09-11T16:04:43.925Z,0.17130859375,445,2026-09-11 21:49:43.925,1781.717777777778
Pulse experiments,pioreactor01,2026-09-11T16:04:43.930Z,0.1778515625,480,2026-09-11 21:49:43.930,1781.717777777778
Pulse experiments,pioreactor01,2026-09-11T16:04:43.937Z,0.20845703125,515,2026-09-11 21:49:43.937,1781.717777777778
Pulse experiments,pioreactor01,2026-09-11T16:04:43.942Z,0.23767578125,555,2026-09-11 21:49:43.942,1781.717777777778
Pulse experiments,pioreactor01,2026-09-11T16:04:43.949Z,0.2355078125,590,2026-09-11 21:49:43.949,1781.717777777778
Pulse experiments,pioreactor01,2026-09-11T16:04:43.954Z,0.23951171875,630,2026-09-11 21:49:43.954,1781.717777777778
Pulse experiments,pioreactor01,2026-09-11T16:04:43.958Z,0.12529296875,680,2026-09-11 21:49:43.958,1781.717777777778
Pulse experiments,pioreactor01,2026-09-11T16:04:48.922Z,0.0212109375,415,2026-09-11 21:49:48.922,1781.719166666667
Pulse experiments,pioreactor01,2026-09-11T16:04:48.927Z,0.17171875,445,2026-09-11 21:49:48.927,1781.719166666667
Pulse experiments,pioreactor01,2026-09-11T16:04:48.932Z,0.17787109375,480,2026-09-11 21:49:48.932,1781.719166666667
Pulse experiments,pioreactor01,2026-09-11T16:04:48.937Z,0.20873046875,515,2026-09-11 21:49:48.937,1781.719166666667
Pulse experiments,pioreactor01,2026-09-11T16:04:48.942Z,0.23796875,555,2026-09-11 21:49:48.942,1781.719166666667
Pulse experiments,pioreactor01,2026-09-11T16:04:48.947Z,0.2353125,590,2026-09-11 21:49:48.947,1781.719166666667
Pulse experiments,pioreactor01,2026-09-11T16:04:48.951Z,0.239609375,630,2026-09-11 21:49:48.951,1781.719166666667
Pulse experiments,pioreactor01,2026-09-11T16:04:48.956Z,0.12537109375,680,2026-09-11 21:49:48.956,1781.719166666667
Pulse experiments,pioreactor01,2026-09-11T16:04:53.936Z,0.02115234375,415,2026-09-11 21:49:53.936,1781.720555555556
Pulse experiments,pioreactor01,2026-09-11T16:04:53.943Z,0.17154296875,445,2026-09-11 21:49:53.943,1781.720555555556
Pulse experiments,pioreactor01,2026-09-11T16:04:53.953Z,0.17796875,480,2026-09-11 21:49:53.953,1781.720555555556
Pulse experiments,pioreactor01,2026-09-11T16:04:53.957Z,0.2086328125,515,2026-09-11 21:49:53.957,1781.720555555556
Pulse experiments,pioreactor01,2026-09-11T16:04:53.966Z,0.23794921875,555,2026-09-11 21:49:53.966,1781.720555555556
Pulse experiments,pioreactor01,2026-09-11T16:04:53.974Z,0.2356640625,590,2026-09-11 21:49:53.974,1781.720555555556
Pulse experiments,pioreactor01,2026-09-11T16:04:53.983Z,0.23953125,630,2026-09-11 21:49:53.983,1781.720555555556
Pulse experiments,pioreactor01,2026-09-11T16:04:53.997Z,0.125390625,680,2026-09-11 21:49:53.997,1781.720555555556
Pulse experiments,pioreactor01,2026-09-11T16:04:58.930Z,0.02123046875,415,2026-09-11 21:49:58.930,1781.721944444444
Pulse experiments,pioreactor01,2026-09-11T16:04:58.933Z,0.1715625,445,2026-09-11 21:49:58.933,1781.721944444444
Pulse experiments,pioreactor01,2026-09-11T16:04:58.938Z,0.17794921875,480,2026-09-11 21:49:58.938,1781.721944444444
Pulse experiments,pioreactor01,2026-09-11T16:04:58.942Z,0.20861328125,515,2026-09-11 21:49:58.942,1781.721944444444
Pulse experiments,pioreactor01,2026-09-11T16:04:58.948Z,0.23828125,555,2026-09-11 21:49:58.948,1781.721944444444
Pulse experiments,pioreactor01,2026-09-11T16:04:58.953Z,0.2355859375,590,2026-09-11 21:49:58.953,1781.721944444444
Pulse experiments,pioreactor01,2026-09-11T16:04:58.959Z,0.23966796875,630,2026-09-11 21:49:58.959,1781.721944444444
Pulse experiments,pioreactor01,2026-09-11T16:04:58.962Z,0.12583984375,680,2026-09-11 21:49:58.962,1781.721944444444
Pulse experiments,pioreactor01,2026-09-11T16:05:03.919Z,0.02123046875,415,2026-09-11 21:50:03.919,1781.723333333333
Pulse experiments,pioreactor01,2026-09-11T16:05:03.925Z,0.17177734375,445,2026-09-11 21:50:03.925,1781.723333333333
Pulse experiments,pioreactor01,2026-09-11T16:05:03.929Z,0.17841796875,480,2026-09-11 21:50:03.929,1781.723333333333
Pulse experiments,pioreactor01,2026-09-11T16:05:03.935Z,0.20904296875,515,2026-09-11 21:50:03.935,1781.723333333333
Pulse experiments,pioreactor01,2026-09-11T16:05:03.939Z,0.23751953125,555,2026-09-11 21:50:03.939,1781.723333333333
Pulse experiments,pioreactor01,2026-09-11T16:05:03.945Z,0.235,590,2026-09-11 21:50:03.945,1781.723333333333
Pulse experiments,pioreactor01,2026-09-11T16:05:03.948Z,0.2392578125,630,2026-09-11 21:50:03.948,1781.723333333333
Pulse experiments,pioreactor01,2026-09-11T16:05:03.954Z,0.12517578125,680,2026-09-11 21:50:03.954,1781.723333333333
Pulse experiments,pioreactor01,2026-09-11T16:05:08.923Z,0.02126953125,415,2026-09-11 21:50:08.923,1781.724722222222
Pulse experiments,pioreactor01,2026-09-11T16:05:08.927Z,0.17171875,445,2026-09-11 21:50:08.927,1781.724722222222
Pulse experiments,pioreactor01,2026-09-11T16:05:08.933Z,0.17814453125,480,2026-09-11 21:50:08.933,1781.724722222222
Pulse experiments,pioreactor01,2026-09-11T16:05:08.937Z,0.20873046875,515,2026-09-11 21:50:08.937,1781.724722222222
Pulse experiments,pioreactor01,2026-09-11T16:05:08.941Z,0.238359375,555,2026-09-11 21:50:08.941,1781.724722222222
Pulse experiments,pioreactor01,2026-09-11T16:05:08.946Z,0.23552734375,590,2026-09-11 21:50:08.946,1781.724722222222
Pulse experiments,pioreactor01,2026-09-11T16:05:08.951Z,0.23978515625,630,2026-09-11 21:50:08.951,1781.724722222222
Pulse experiments,pioreactor01,2026-09-11T16:05:08.956Z,0.12564453125,680,2026-09-11 21:50:08.956,1781.724722222222
Pulse experiments,pioreactor01,2026-09-11T16:05:13.932Z,0.021171875,415,2026-09-11 21:50:13.932,1781.726111111111
Pulse experiments,pioreactor01,2026-09-11T16:05:13.943Z,0.17146484375,445,2026-09-11 21:50:13.943,1781.726111111111
Pulse experiments,pioreactor01,2026-09-11T16:05:13.957Z,0.1780859375,480,2026-09-11 21:50:13.957,1781.726111111111
Pulse experiments,pioreactor01,2026-09-11T16:05:13.976Z,0.20884765625,515,2026-09-11 21:50:13.976,1781.726111111111
Pulse experiments,pioreactor01,2026-09-11T16:05:13.993Z,0.23794921875,555,2026-09-11 21:50:13.993,1781.726111111111
Pulse experiments,pioreactor01,2026-09-11T16:05:14.006Z,0.23548828125,590,2026-09-11 21:50:14.006,1781.726388888889
Pulse experiments,pioreactor01,2026-09-11T16:05:14.021Z,0.2396484375,630,2026-09-11 21:50:14.021,1781.726388888889
Pulse experiments,pioreactor01,2026-09-11T16:05:14.036Z,0.1254296875,680,2026-09-11 21:50:14.036,1781.726388888889
Pulse experiments,pioreactor01,2026-09-11T16:05:18.922Z,0.02123046875,415,2026-09-11 21:50:18.922,1781.7275
Pulse experiments,pioreactor01,2026-09-11T16:05:18.925Z,0.17146484375,445,2026-09-11 21:50:18.925,1781.7275
Pulse experiments,pioreactor01,2026-09-11T16:05:18.929Z,0.178125,480,2026-09-11 21:50:18.929,1781.7275
Pulse experiments,pioreactor01,2026-09-11T16:05:18.934Z,0.2085546875,515,2026-09-11 21:50:18.934,1781.7275
Pulse experiments,pioreactor01,2026-09-11T16:05:18.938Z,0.2383203125,555,2026-09-11 21:50:18.938,1781.7275
Pulse experiments,pioreactor01,2026-09-11T16:05:18.945Z,0.235390625,590,2026-09-11 21:50:18.945,1781.7275
Pulse experiments,pioreactor01,2026-09-11T16:05:18.949Z,0.2395703125,630,2026-09-11 21:50:18.949,1781.7275
Pulse experiments,pioreactor01,2026-09-11T16:05:18.954Z,0.1256640625,680,2026-09-11 21:50:18.954,1781.7275
Pulse experiments,pioreactor01,2026-09-11T16:05:23.937Z,0.02125,415,2026-09-11 21:50:23.937,1781.728888888889
Pulse experiments,pioreactor01,2026-09-11T16:05:23.943Z,0.1716796875,445,2026-09-11 21:50:23.943,1781.728888888889
Pulse experiments,pioreactor01,2026-09-11T16:05:23.952Z,0.178125,480,2026-09-11 21:50:23.952,1781.728888888889
Pulse experiments,pioreactor01,2026-09-11T16:05:23.958Z,0.20896484375,515,2026-09-11 21:50:23.958,1781.728888888889
Pulse experiments,pioreactor01,2026-09-11T16:05:23.963Z,0.23783203125,555,2026-09-11 21:50:23.963,1781.728888888889
Pulse experiments,pioreactor01,2026-09-11T16:05:23.967Z,0.235078125,590,2026-09-11 21:50:23.967,1781.728888888889
Pulse experiments,pioreactor01,2026-09-11T16:05:23.975Z,0.23947265625,630,2026-09-11 21:50:23.975,1781.728888888889
Pulse experiments,pioreactor01,2026-09-11T16:05:23.984Z,0.12515625,680,2026-09-11 21:50:23.984,1781.728888888889
Pulse experiments,pioreactor01,2026-09-11T16:05:28.931Z,0.02119140625,415,2026-09-11 21:50:28.931,1781.730277777778
Pulse experiments,pioreactor01,2026-09-11T16:05:28.934Z,0.171484375,445,2026-09-11 21:50:28.934,1781.730277777778
Pulse experiments,pioreactor01,2026-09-11T16:05:28.938Z,0.17798828125,480,2026-09-11 21:50:28.938,1781.730277777778
Pulse experiments,pioreactor01,2026-09-11T16:05:28.943Z,0.20845703125,515,2026-09-11 21:50:28.943,1781.730277777778
Pulse experiments,pioreactor01,2026-09-11T16:05:28.947Z,0.23767578125,555,2026-09-11 21:50:28.947,1781.730277777778
Pulse experiments,pioreactor01,2026-09-11T16:05:28.956Z,0.235,590,2026-09-11 21:50:28.956,1781.730277777778
Pulse experiments,pioreactor01,2026-09-11T16:05:28.960Z,0.23916015625,630,2026-09-11 21:50:28.960,1781.730277777778
Pulse experiments,pioreactor01,2026-09-11T16:05:28.965Z,0.1253125,680,2026-09-11 21:50:28.965,1781.730277777778
Pulse experiments,pioreactor01,2026-09-11T16:05:33.987Z,0.02123046875,415,2026-09-11 21:50:33.987,1781.731666666667
Pulse experiments,pioreactor01,2026-09-11T16:05:33.995Z,0.1715234375,445,2026-09-11 21:50:33.995,1781.731666666667
Pulse experiments,pioreactor01,2026-09-11T16:05:34.000Z,0.1780859375,480,2026-09-11 21:50:34.000,1781.731944444444
Pulse experiments,pioreactor01,2026-09-11T16:05:34.005Z,0.2085546875,515,2026-09-11 21:50:34.005,1781.731944444444
Pulse experiments,pioreactor01,2026-09-11T16:05:34.012Z,0.23837890625,555,2026-09-11 21:50:34.012,1781.731944444444
Pulse experiments,pioreactor01,2026-09-11T16:05:34.018Z,0.23537109375,590,2026-09-11 21:50:34.018,1781.731944444444
Pulse experiments,pioreactor01,2026-09-11T16:05:34.023Z,0.2398828125,630,2026-09-11 21:50:34.023,1781.731944444444
Pulse experiments,pioreactor01,2026-09-11T16:05:34.028Z,0.1253125,680,2026-09-11 21:50:34.028,1781.731944444444
Pulse experiments,pioreactor01,2026-09-11T16:05:38.923Z,0.02119140625,415,2026-09-11 21:50:38.923,1781.733055555556
Pulse experiments,pioreactor01,2026-09-11T16:05:38.928Z,0.1716796875,445,2026-09-11 21:50:38.928,1781.733055555556
Pulse experiments,pioreactor01,2026-09-11T16:05:38.937Z,0.17814453125,480,2026-09-11 21:50:38.937,1781.733055555556
Pulse experiments,pioreactor01,2026-09-11T16:05:38.940Z,0.20859375,515,2026-09-11 21:50:38.940,1781.733055555556
Pulse experiments,pioreactor01,2026-09-11T16:05:38.946Z,0.238046875,555,2026-09-11 21:50:38.946,1781.733055555556
Pulse experiments,pioreactor01,2026-09-11T16:05:38.951Z,0.235546875,590,2026-09-11 21:50:38.951,1781.733055555556
Pulse experiments,pioreactor01,2026-09-11T16:05:38.960Z,0.239765625,630,2026-09-11 21:50:38.960,1781.733055555556
Pulse experiments,pioreactor01,2026-09-11T16:05:38.964Z,0.12546875,680,2026-09-11 21:50:38.964,1781.733055555556
Pulse experiments,pioreactor01,2026-09-11T16:05:43.921Z,0.02119140625,415,2026-09-11 21:50:43.921,1781.734444444445
Pulse experiments,pioreactor01,2026-09-11T16:05:43.927Z,0.17189453125,445,2026-09-11 21:50:43.927,1781.734444444445
Pulse experiments,pioreactor01,2026-09-11T16:05:43.931Z,0.17796875,480,2026-09-11 21:50:43.931,1781.734444444445
Pulse experiments,pioreactor01,2026-09-11T16:05:43.936Z,0.208671875,515,2026-09-11 21:50:43.936,1781.734444444445
Pulse experiments,pioreactor01,2026-09-11T16:05:43.942Z,0.23767578125,555,2026-09-11 21:50:43.942,1781.734444444445
Pulse experiments,pioreactor01,2026-09-11T16:05:43.947Z,0.23544921875,590,2026-09-11 21:50:43.947,1781.734444444445
Pulse experiments,pioreactor01,2026-09-11T16:05:43.954Z,0.23974609375,630,2026-09-11 21:50:43.954,1781.734444444445
Pulse experiments,pioreactor01,2026-09-11T16:05:43.958Z,0.12521484375,680,2026-09-11 21:50:43.958,1781.734444444445
Pulse experiments,pioreactor01,2026-09-11T16:05:48.921Z,0.02119140625,415,2026-09-11 21:50:48.921,1781.735833333333
Pulse experiments,pioreactor01,2026-09-11T16:05:48.926Z,0.17193359375,445,2026-09-11 21:50:48.926,1781.735833333333
Pulse experiments,pioreactor01,2026-09-11T16:05:48.930Z,0.17818359375,480,2026-09-11 21:50:48.930,1781.735833333333
Pulse experiments,pioreactor01,2026-09-11T16:05:48.937Z,0.20888671875,515,2026-09-11 21:50:48.937,1781.735833333333
Pulse experiments,pioreactor01,2026-09-11T16:05:48.943Z,0.23828125,555,2026-09-11 21:50:48.943,1781.735833333333
Pulse experiments,pioreactor01,2026-09-11T16:05:48.946Z,0.23572265625,590,2026-09-11 21:50:48.946,1781.735833333333
Pulse experiments,pioreactor01,2026-09-11T16:05:48.951Z,0.24005859375,630,2026-09-11 21:50:48.951,1781.735833333333
Pulse experiments,pioreactor01,2026-09-11T16:05:48.956Z,0.12544921875,680,2026-09-11 21:50:48.956,1781.735833333333
Pulse experiments,pioreactor01,2026-09-11T16:05:53.924Z,0.02126953125,415,2026-09-11 21:50:53.924,1781.737222222222
Pulse experiments,pioreactor01,2026-09-11T16:05:53.927Z,0.171875,445,2026-09-11 21:50:53.927,1781.737222222222
Pulse experiments,pioreactor01,2026-09-11T16:05:53.933Z,0.17826171875,480,2026-09-11 21:50:53.933,1781.737222222222
Pulse experiments,pioreactor01,2026-09-11T16:05:53.937Z,0.2090234375,515,2026-09-11 21:50:53.937,1781.737222222222
Pulse experiments,pioreactor01,2026-09-11T16:05:53.943Z,0.23783203125,555,2026-09-11 21:50:53.943,1781.737222222222
Pulse experiments,pioreactor01,2026-09-11T16:05:53.947Z,0.235625,590,2026-09-11 21:50:53.947,1781.737222222222
Pulse experiments,pioreactor01,2026-09-11T16:05:53.953Z,0.23966796875,630,2026-09-11 21:50:53.953,1781.737222222222
Pulse experiments,pioreactor01,2026-09-11T16:05:53.958Z,0.12517578125,680,2026-09-11 21:50:53.958,1781.737222222222
Pulse experiments,pioreactor01,2026-09-11T16:05:58.916Z,0.02130859375,415,2026-09-11 21:50:58.916,1781.738611111111
Pulse experiments,pioreactor01,2026-09-11T16:05:58.920Z,0.17212890625,445,2026-09-11 21:50:58.920,1781.738611111111
Pulse experiments,pioreactor01,2026-09-11T16:05:58.926Z,0.1783203125,480,2026-09-11 21:50:58.926,1781.738611111111
Pulse experiments,pioreactor01,2026-09-11T16:05:58.930Z,0.20921875,515,2026-09-11 21:50:58.930,1781.738611111111
Pulse experiments,pioreactor01,2026-09-11T16:05:58.936Z,0.23849609375,555,2026-09-11 21:50:58.936,1781.738611111111
Pulse experiments,pioreactor01,2026-09-11T16:05:58.940Z,0.236328125,590,2026-09-11 21:50:58.940,1781.738611111111
Pulse experiments,pioreactor01,2026-09-11T16:05:58.946Z,0.24025390625,630,2026-09-11 21:50:58.946,1781.738611111111
Pulse experiments,pioreactor01,2026-09-11T16:05:58.950Z,0.125625,680,2026-09-11 21:50:58.950,1781.738611111111
Pulse experiments,pioreactor01,2026-09-11T16:06:03.951Z,0.02126953125,415,2026-09-11 21:51:03.951,1781.74
Pulse experiments,pioreactor01,2026-09-11T16:06:03.954Z,0.17205078125,445,2026-09-11 21:51:03.954,1781.74
Pulse experiments,pioreactor01,2026-09-11T16:06:03.962Z,0.1782421875,480,2026-09-11 21:51:03.962,1781.74
Pulse experiments,pioreactor01,2026-09-11T16:06:03.968Z,0.20904296875,515,2026-09-11 21:51:03.968,1781.74
Pulse experiments,pioreactor01,2026-09-11T16:06:03.973Z,0.23818359375,555,2026-09-11 21:51:03.973,1781.74
Pulse experiments,pioreactor01,2026-09-11T16:06:03.977Z,0.23623046875,590,2026-09-11 21:51:03.977,1781.74
Pulse experiments,pioreactor01,2026-09-11T16:06:03.983Z,0.24021484375,630,2026-09-11 21:51:03.983,1781.74
Pulse experiments,pioreactor01,2026-09-11T16:06:03.987Z,0.125703125,680,2026-09-11 21:51:03.987,1781.74
Pulse experiments,pioreactor01,2026-09-11T16:06:08.959Z,0.0212890625,415,2026-09-11 21:51:08.959,1781.741388888889
Pulse experiments,pioreactor01,2026-09-11T16:06:08.963Z,0.172109375,445,2026-09-11 21:51:08.963,1781.741388888889
Pulse experiments,pioreactor01,2026-09-11T16:06:08.969Z,0.17833984375,480,2026-09-11 21:51:08.969,1781.741388888889
Pulse experiments,pioreactor01,2026-09-11T16:06:08.973Z,0.209296875,515,2026-09-11 21:51:08.973,1781.741388888889
Pulse experiments,pioreactor01,2026-09-11T16:06:08.978Z,0.2380859375,555,2026-09-11 21:51:08.978,1781.741388888889
Pulse experiments,pioreactor01,2026-09-11T16:06:08.984Z,0.23580078125,590,2026-09-11 21:51:08.984,1781.741388888889
Pulse experiments,pioreactor01,2026-09-11T16:06:08.988Z,0.2401171875,630,2026-09-11 21:51:08.988,1781.741388888889
Pulse experiments,pioreactor01,2026-09-11T16:06:08.997Z,0.12537109375,680,2026-09-11 21:51:08.997,1781.741388888889
Pulse experiments,pioreactor01,2026-09-11T16:06:13.919Z,0.0212890625,415,2026-09-11 21:51:13.919,1781.742777777778
Pulse experiments,pioreactor01,2026-09-11T16:06:13.925Z,0.17203125,445,2026-09-11 21:51:13.925,1781.742777777778
Pulse experiments,pioreactor01,2026-09-11T16:06:13.929Z,0.17822265625,480,2026-09-11 21:51:13.929,1781.742777777778
Pulse experiments,pioreactor01,2026-09-11T16:06:13.935Z,0.20931640625,515,2026-09-11 21:51:13.935,1781.742777777778
Pulse experiments,pioreactor01,2026-09-11T16:06:13.939Z,0.23828125,555,2026-09-11 21:51:13.939,1781.742777777778
Pulse experiments,pioreactor01,2026-09-11T16:06:13.945Z,0.23609375,590,2026-09-11 21:51:13.945,1781.742777777778
Pulse experiments,pioreactor01,2026-09-11T16:06:13.950Z,0.2400390625,630,2026-09-11 21:51:13.950,1781.742777777778
Pulse experiments,pioreactor01,2026-09-11T16:06:13.955Z,0.12509765625,680,2026-09-11 21:51:13.955,1781.742777777778
Pulse experiments,pioreactor01,2026-09-11T16:06:18.949Z,0.02130859375,415,2026-09-11 21:51:18.949,1781.744166666667
Pulse experiments,pioreactor01,2026-09-11T16:06:18.955Z,0.17212890625,445,2026-09-11 21:51:18.955,1781.744166666667
Pulse experiments,pioreactor01,2026-09-11T16:06:18.963Z,0.17833984375,480,2026-09-11 21:51:18.963,1781.744166666667
Pulse experiments,pioreactor01,2026-09-11T16:06:18.967Z,0.2091796875,515,2026-09-11 21:51:18.967,1781.744166666667
Pulse experiments,pioreactor01,2026-09-11T16:06:18.972Z,0.23787109375,555,2026-09-11 21:51:18.972,1781.744166666667
Pulse experiments,pioreactor01,2026-09-11T16:06:18.979Z,0.2354296875,590,2026-09-11 21:51:18.979,1781.744166666667
Pulse experiments,pioreactor01,2026-09-11T16:06:18.984Z,0.23984375,630,2026-09-11 21:51:18.984,1781.744166666667
Pulse experiments,pioreactor01,2026-09-11T16:06:18.987Z,0.12537109375,680,2026-09-11 21:51:18.987,1781.744166666667
Pulse experiments,pioreactor01,2026-09-11T16:06:23.969Z,0.02125,415,2026-09-11 21:51:23.969,1781.745555555555
Pulse experiments,pioreactor01,2026-09-11T16:06:23.975Z,0.171796875,445,2026-09-11 21:51:23.975,1781.745555555555
Pulse experiments,pioreactor01,2026-09-11T16:06:23.981Z,0.1785546875,480,2026-09-11 21:51:23.981,1781.745555555555
Pulse experiments,pioreactor01,2026-09-11T16:06:23.985Z,0.208984375,515,2026-09-11 21:51:23.985,1781.745555555555
Pulse experiments,pioreactor01,2026-09-11T16:06:23.993Z,0.2380859375,555,2026-09-11 21:51:23.993,1781.745555555555
Pulse experiments,pioreactor01,2026-09-11T16:06:23.998Z,0.23552734375,590,2026-09-11 21:51:23.998,1781.745555555555
Pulse experiments,pioreactor01,2026-09-11T16:06:24.005Z,0.2397265625,630,2026-09-11 21:51:24.005,1781.745833333333
Pulse experiments,pioreactor01,2026-09-11T16:06:24.011Z,0.1254296875,680,2026-09-11 21:51:24.011,1781.745833333333
Pulse experiments,pioreactor01,2026-09-11T16:06:28.925Z,0.02123046875,415,2026-09-11 21:51:28.925,1781.746944444444
Pulse experiments,pioreactor01,2026-09-11T16:06:28.930Z,0.171640625,445,2026-09-11 21:51:28.930,1781.746944444444
Pulse experiments,pioreactor01,2026-09-11T16:06:28.934Z,0.1780859375,480,2026-09-11 21:51:28.934,1781.746944444444
Pulse experiments,pioreactor01,2026-09-11T16:06:28.939Z,0.20884765625,515,2026-09-11 21:51:28.939,1781.746944444444
Pulse experiments,pioreactor01,2026-09-11T16:06:28.944Z,0.23806640625,555,2026-09-11 21:51:28.944,1781.746944444444
Pulse experiments,pioreactor01,2026-09-11T16:06:28.951Z,0.235234375,590,2026-09-11 21:51:28.951,1781.746944444444
Pulse experiments,pioreactor01,2026-09-11T16:06:28.958Z,0.23974609375,630,2026-09-11 21:51:28.958,1781.746944444444
Pulse experiments,pioreactor01,2026-09-11T16:06:28.962Z,0.12556640625,680,2026-09-11 21:51:28.962,1781.746944444444
Pulse experiments,pioreactor01,2026-09-11T16:06:33.950Z,0.0212109375,415,2026-09-11 21:51:33.950,1781.748333333333
Pulse experiments,pioreactor01,2026-09-11T16:06:33.958Z,0.17162109375,445,2026-09-11 21:51:33.958,1781.748333333333
Pulse experiments,pioreactor01,2026-09-11T16:06:33.966Z,0.17810546875,480,2026-09-11 21:51:33.966,1781.748333333333
Pulse experiments,pioreactor01,2026-09-11T16:06:33.970Z,0.208515625,515,2026-09-11 21:51:33.970,1781.748333333333
Pulse experiments,pioreactor01,2026-09-11T16:06:33.975Z,0.23822265625,555,2026-09-11 21:51:33.975,1781.748333333333
Pulse experiments,pioreactor01,2026-09-11T16:06:33.982Z,0.23583984375,590,2026-09-11 21:51:33.982,1781.748333333333
Pulse experiments,pioreactor01,2026-09-11T16:06:33.987Z,0.23994140625,630,2026-09-11 21:51:33.987,1781.748333333333
Pulse experiments,pioreactor01,2026-09-11T16:06:33.991Z,0.1253515625,680,2026-09-11 21:51:33.991,1781.748333333333
Pulse experiments,pioreactor01,2026-09-11T16:06:38.952Z,0.02123046875,415,2026-09-11 21:51:38.952,1781.749722222222
Pulse experiments,pioreactor01,2026-09-11T16:06:38.955Z,0.1719140625,445,2026-09-11 21:51:38.955,1781.749722222222
Pulse experiments,pioreactor01,2026-09-11T16:06:38.962Z,0.17833984375,480,2026-09-11 21:51:38.962,1781.749722222222
Pulse experiments,pioreactor01,2026-09-11T16:06:38.966Z,0.20921875,515,2026-09-11 21:51:38.966,1781.749722222222
Pulse experiments,pioreactor01,2026-09-11T16:06:38.976Z,0.23833984375,555,2026-09-11 21:51:38.976,1781.749722222222
Pulse experiments,pioreactor01,2026-09-11T16:06:38.978Z,0.235703125,590,2026-09-11 21:51:38.978,1781.749722222222
Pulse experiments,pioreactor01,2026-09-11T16:06:38.983Z,0.23998046875,630,2026-09-11 21:51:38.983,1781.749722222222
Pulse experiments,pioreactor01,2026-09-11T16:06:38.988Z,0.1254296875,680,2026-09-11 21:51:38.988,1781.749722222222
Pulse experiments,pioreactor01,2026-09-11T16:06:43.925Z,0.02123046875,415,2026-09-11 21:51:43.925,1781.751111111111
Pulse experiments,pioreactor01,2026-09-11T16:06:43.929Z,0.171796875,445,2026-09-11 21:51:43.929,1781.751111111111
Pulse experiments,pioreactor01,2026-09-11T16:06:43.933Z,0.178125,480,2026-09-11 21:51:43.933,1781.751111111111
Pulse experiments,pioreactor01,2026-09-11T16:06:43.938Z,0.208984375,515,2026-09-11 21:51:43.938,1781.751111111111
Pulse experiments,pioreactor01,2026-09-11T16:06:43.944Z,0.238125,555,2026-09-11 21:51:43.944,1781.751111111111
Pulse experiments,pioreactor01,2026-09-11T16:06:43.948Z,0.235625,590,2026-09-11 21:51:43.948,1781.751111111111
Pulse experiments,pioreactor01,2026-09-11T16:06:43.953Z,0.23998046875,630,2026-09-11 21:51:43.953,1781.751111111111
Pulse experiments,pioreactor01,2026-09-11T16:06:43.957Z,0.12515625,680,2026-09-11 21:51:43.957,1781.751111111111
Pulse experiments,pioreactor01,2026-09-11T16:06:48.934Z,0.02126953125,415,2026-09-11 21:51:48.934,1781.7525
Pulse experiments,pioreactor01,2026-09-11T16:06:48.936Z,0.172109375,445,2026-09-11 21:51:48.936,1781.7525
Pulse experiments,pioreactor01,2026-09-11T16:06:48.945Z,0.17833984375,480,2026-09-11 21:51:48.945,1781.7525
Pulse experiments,pioreactor01,2026-09-11T16:06:48.950Z,0.20955078125,515,2026-09-11 21:51:48.950,1781.7525
Pulse experiments,pioreactor01,2026-09-11T16:06:48.955Z,0.238125,555,2026-09-11 21:51:48.955,1781.7525
Pulse experiments,pioreactor01,2026-09-11T16:06:48.959Z,0.235859375,590,2026-09-11 21:51:48.959,1781.7525
Pulse experiments,pioreactor01,2026-09-11T16:06:48.968Z,0.240234375,630,2026-09-11 21:51:48.968,1781.7525
Pulse experiments,pioreactor01,2026-09-11T16:06:48.971Z,0.12546875,680,2026-09-11 21:51:48.971,1781.7525
Pulse experiments,pioreactor01,2026-09-11T16:06:53.936Z,0.0212890625,415,2026-09-11 21:51:53.936,1781.753888888889
Pulse experiments,pioreactor01,2026-09-11T16:06:53.939Z,0.1720703125,445,2026-09-11 21:51:53.939,1781.753888888889
Pulse experiments,pioreactor01,2026-09-11T16:06:53.944Z,0.1782421875,480,2026-09-11 21:51:53.944,1781.753888888889
Pulse experiments,pioreactor01,2026-09-11T16:06:53.953Z,0.20919921875,515,2026-09-11 21:51:53.953,1781.753888888889
Pulse experiments,pioreactor01,2026-09-11T16:06:53.958Z,0.23857421875,555,2026-09-11 21:51:53.958,1781.753888888889
Pulse experiments,pioreactor01,2026-09-11T16:06:53.965Z,0.2361328125,590,2026-09-11 21:51:53.965,1781.753888888889
Pulse experiments,pioreactor01,2026-09-11T16:06:53.972Z,0.24037109375,630,2026-09-11 21:51:53.972,1781.753888888889
Pulse experiments,pioreactor01,2026-09-11T16:06:53.976Z,0.12548828125,680,2026-09-11 21:51:53.976,1781.753888888889
Pulse experiments,pioreactor01,2026-09-11T16:06:58.946Z,0.0212890625,415,2026-09-11 21:51:58.946,1781.755277777778
Pulse experiments,pioreactor01,2026-09-11T16:06:58.956Z,0.17205078125,445,2026-09-11 21:51:58.956,1781.755277777778
Pulse experiments,pioreactor01,2026-09-11T16:06:58.966Z,0.17833984375,480,2026-09-11 21:51:58.966,1781.755277777778
Pulse experiments,pioreactor01,2026-09-11T16:06:58.978Z,0.2093359375,515,2026-09-11 21:51:58.978,1781.755277777778
Pulse experiments,pioreactor01,2026-09-11T16:06:58.988Z,0.2383203125,555,2026-09-11 21:51:58.988,1781.755277777778
Pulse experiments,pioreactor01,2026-09-11T16:06:58.997Z,0.236015625,590,2026-09-11 21:51:58.997,1781.755277777778
Pulse experiments,pioreactor01,2026-09-11T16:06:59.005Z,0.24029296875,630,2026-09-11 21:51:59.005,1781.755555555555
Pulse experiments,pioreactor01,2026-09-11T16:06:59.016Z,0.12517578125,680,2026-09-11 21:51:59.016,1781.755555555555
Pulse experiments,pioreactor01,2026-09-11T16:07:03.945Z,0.02125,415,2026-09-11 21:52:03.945,1781.756666666667
Pulse experiments,pioreactor01,2026-09-11T16:07:03.950Z,0.17220703125,445,2026-09-11 21:52:03.950,1781.756666666667
Pulse experiments,pioreactor01,2026-09-11T16:07:03.955Z,0.17876953125,480,2026-09-11 21:52:03.955,1781.756666666667
Pulse experiments,pioreactor01,2026-09-11T16:07:03.963Z,0.20943359375,515,2026-09-11 21:52:03.963,1781.756666666667
Pulse experiments,pioreactor01,2026-09-11T16:07:03.969Z,0.23849609375,555,2026-09-11 21:52:03.969,1781.756666666667
Pulse experiments,pioreactor01,2026-09-11T16:07:03.974Z,0.236171875,590,2026-09-11 21:52:03.974,1781.756666666667
Pulse experiments,pioreactor01,2026-09-11T16:07:03.979Z,0.24015625,630,2026-09-11 21:52:03.979,1781.756666666667
Pulse experiments,pioreactor01,2026-09-11T16:07:03.983Z,0.12552734375,680,2026-09-11 21:52:03.983,1781.756666666667
Pulse experiments,pioreactor01,2026-09-11T16:07:08.949Z,0.02130859375,415,2026-09-11 21:52:08.949,1781.758055555556
Pulse experiments,pioreactor01,2026-09-11T16:07:10.566Z,0.17203125,445,2026-09-11 21:52:10.566,1781.758611111111
Pulse experiments,pioreactor01,2026-09-11T16:07:10.573Z,0.17861328125,480,2026-09-11 21:52:10.573,1781.758611111111
Pulse experiments,pioreactor01,2026-09-11T16:07:10.578Z,0.2094140625,515,2026-09-11 21:52:10.578,1781.758611111111
Pulse experiments,pioreactor01,2026-09-11T16:07:10.584Z,0.23814453125,555,2026-09-11 21:52:10.584,1781.758611111111
Pulse experiments,pioreactor01,2026-09-11T16:07:10.589Z,0.2360546875,590,2026-09-11 21:52:10.589,1781.758611111111
Pulse experiments,pioreactor01,2026-09-11T16:07:10.595Z,0.2403125,630,2026-09-11 21:52:10.595,1781.758611111111
Pulse experiments,pioreactor01,2026-09-11T16:07:10.599Z,0.1251953125,680,2026-09-11 21:52:10.599,1781.758611111111
Pulse experiments,pioreactor01,2026-09-11T16:07:13.925Z,0.02123046875,415,2026-09-11 21:52:13.925,1781.759444444444
Pulse experiments,pioreactor01,2026-09-11T16:07:13.929Z,0.17203125,445,2026-09-11 21:52:13.929,1781.759444444444
Pulse experiments,pioreactor01,2026-09-11T16:07:13.933Z,0.1783203125,480,2026-09-11 21:52:13.933,1781.759444444444
Pulse experiments,pioreactor01,2026-09-11T16:07:13.938Z,0.209453125,515,2026-09-11 21:52:13.938,1781.759444444444
Pulse experiments,pioreactor01,2026-09-11T16:07:13.944Z,0.23826171875,555,2026-09-11 21:52:13.944,1781.759444444444
Pulse experiments,pioreactor01,2026-09-11T16:07:13.949Z,0.23595703125,590,2026-09-11 21:52:13.949,1781.759444444444
Pulse experiments,pioreactor01,2026-09-11T16:07:13.953Z,0.24017578125,630,2026-09-11 21:52:13.953,1781.759444444444
Pulse experiments,pioreactor01,2026-09-11T16:07:13.959Z,0.12556640625,680,2026-09-11 21:52:13.959,1781.759444444444
Pulse experiments,pioreactor01,2026-09-11T16:07:18.955Z,0.021328125,415,2026-09-11 21:52:18.955,1781.760833333333
Pulse experiments,pioreactor01,2026-09-11T16:07:18.958Z,0.1720703125,445,2026-09-11 21:52:18.958,1781.760833333333
Pulse experiments,pioreactor01,2026-09-11T16:07:18.963Z,0.178671875,480,2026-09-11 21:52:18.963,1781.760833333333
Pulse experiments,pioreactor01,2026-09-11T16:07:18.968Z,0.20923828125,515,2026-09-11 21:52:18.968,1781.760833333333
Pulse experiments,pioreactor01,2026-09-11T16:07:18.975Z,0.23833984375,555,2026-09-11 21:52:18.975,1781.760833333333
Pulse experiments,pioreactor01,2026-09-11T16:07:18.984Z,0.23599609375,590,2026-09-11 21:52:18.984,1781.760833333333
Pulse experiments,pioreactor01,2026-09-11T16:07:18.986Z,0.24005859375,630,2026-09-11 21:52:18.986,1781.760833333333
Pulse experiments,pioreactor01,2026-09-11T16:07:18.997Z,0.12546875,680,2026-09-11 21:52:18.997,1781.760833333333
Pulse experiments,pioreactor01,2026-09-11T16:07:23.952Z,0.02130859375,415,2026-09-11 21:52:23.952,1781.762222222222
Pulse experiments,pioreactor01,2026-09-11T16:07:23.955Z,0.17216796875,445,2026-09-11 21:52:23.955,1781.762222222222
Pulse experiments,pioreactor01,2026-09-11T16:07:23.964Z,0.178125,480,2026-09-11 21:52:23.964,1781.762222222222
Pulse experiments,pioreactor01,2026-09-11T16:07:23.975Z,0.2096484375,515,2026-09-11 21:52:23.975,1781.762222222222
Pulse experiments,pioreactor01,2026-09-11T16:07:23.986Z,0.238515625,555,2026-09-11 21:52:23.986,1781.762222222222
Pulse experiments,pioreactor01,2026-09-11T16:07:23.993Z,0.2362890625,590,2026-09-11 21:52:23.993,1781.762222222222
Pulse experiments,pioreactor01,2026-09-11T16:07:24.004Z,0.24060546875,630,2026-09-11 21:52:24.004,1781.7625
Pulse experiments,pioreactor01,2026-09-11T16:07:24.014Z,0.12548828125,680,2026-09-11 21:52:24.014,1781.7625
Pulse experiments,pioreactor01,2026-09-11T16:07:28.933Z,0.02130859375,415,2026-09-11 21:52:28.933,1781.763611111111
Pulse experiments,pioreactor01,2026-09-11T16:07:28.938Z,0.1721484375,445,2026-09-11 21:52:28.938,1781.763611111111
Pulse experiments,pioreactor01,2026-09-11T16:07:28.951Z,0.17810546875,480,2026-09-11 21:52:28.951,1781.763611111111
Pulse experiments,pioreactor01,2026-09-11T16:07:28.954Z,0.20974609375,515,2026-09-11 21:52:28.954,1781.763611111111
Pulse experiments,pioreactor01,2026-09-11T16:07:28.970Z,0.23876953125,555,2026-09-11 21:52:28.970,1781.763611111111
Pulse experiments,pioreactor01,2026-09-11T16:07:28.979Z,0.236484375,590,2026-09-11 21:52:28.979,1781.763611111111
Pulse experiments,pioreactor01,2026-09-11T16:07:28.985Z,0.240546875,630,2026-09-11 21:52:28.985,1781.763611111111
Pulse experiments,pioreactor01,2026-09-11T16:07:28.990Z,0.12552734375,680,2026-09-11 21:52:28.990,1781.763611111111
Pulse experiments,pioreactor01,2026-09-11T16:07:33.969Z,0.02125,415,2026-09-11 21:52:33.969,1781.765
Pulse experiments,pioreactor01,2026-09-11T16:07:33.974Z,0.17208984375,445,2026-09-11 21:52:33.974,1781.765
Pulse experiments,pioreactor01,2026-09-11T16:07:33.980Z,0.17828125,480,2026-09-11 21:52:33.980,1781.765
Pulse experiments,pioreactor01,2026-09-11T16:07:33.993Z,0.2095703125,515,2026-09-11 21:52:33.993,1781.765
Pulse experiments,pioreactor01,2026-09-11T16:07:33.996Z,0.2383203125,555,2026-09-11 21:52:33.996,1781.765
Pulse experiments,pioreactor01,2026-09-11T16:07:34.004Z,0.23623046875,590,2026-09-11 21:52:34.004,1781.765277777778
Pulse experiments,pioreactor01,2026-09-11T16:07:34.007Z,0.24078125,630,2026-09-11 21:52:34.007,1781.765277777778
Pulse experiments,pioreactor01,2026-09-11T16:07:34.012Z,0.1253515625,680,2026-09-11 21:52:34.012,1781.765277777778
Pulse experiments,pioreactor01,2026-09-11T16:07:38.941Z,0.02126953125,415,2026-09-11 21:52:38.941,1781.766388888889
Pulse experiments,pioreactor01,2026-09-11T16:07:38.946Z,0.1720703125,445,2026-09-11 21:52:38.946,1781.766388888889
Pulse experiments,pioreactor01,2026-09-11T16:07:38.960Z,0.17861328125,480,2026-09-11 21:52:38.960,1781.766388888889
Pulse experiments,pioreactor01,2026-09-11T16:07:38.970Z,0.20947265625,515,2026-09-11 21:52:38.970,1781.766388888889
Pulse experiments,pioreactor01,2026-09-11T16:07:38.989Z,0.23859375,555,2026-09-11 21:52:38.989,1781.766388888889
Pulse experiments,pioreactor01,2026-09-11T16:07:39.009Z,0.23615234375,590,2026-09-11 21:52:39.009,1781.766666666667
Pulse experiments,pioreactor01,2026-09-11T16:07:39.019Z,0.2402734375,630,2026-09-11 21:52:39.019,1781.766666666667
Pulse experiments,pioreactor01,2026-09-11T16:07:39.039Z,0.12525390625,680,2026-09-11 21:52:39.039,1781.766666666667
Pulse experiments,pioreactor01,2026-09-11T16:07:43.968Z,0.02123046875,415,2026-09-11 21:52:43.968,1781.767777777778
Pulse experiments,pioreactor01,2026-09-11T16:07:43.974Z,0.1721484375,445,2026-09-11 21:52:43.974,1781.767777777778
Pulse experiments,pioreactor01,2026-09-11T16:07:43.980Z,0.17830078125,480,2026-09-11 21:52:43.980,1781.767777777778
Pulse experiments,pioreactor01,2026-09-11T16:07:43.988Z,0.2094921875,515,2026-09-11 21:52:43.988,1781.767777777778
Pulse experiments,pioreactor01,2026-09-11T16:07:43.992Z,0.2385546875,555,2026-09-11 21:52:43.992,1781.767777777778
Pulse experiments,pioreactor01,2026-09-11T16:07:43.997Z,0.2362109375,590,2026-09-11 21:52:43.997,1781.767777777778
Pulse experiments,pioreactor01,2026-09-11T16:07:44.003Z,0.24021484375,630,2026-09-11 21:52:44.003,1781.768055555556
Pulse experiments,pioreactor01,2026-09-11T16:07:44.007Z,0.125546875,680,2026-09-11 21:52:44.007,1781.768055555556
Pulse experiments,pioreactor01,2026-09-11T16:07:48.919Z,0.02126953125,415,2026-09-11 21:52:48.919,1781.769166666667
Pulse experiments,pioreactor01,2026-09-11T16:07:48.925Z,0.17201171875,445,2026-09-11 21:52:48.925,1781.769166666667
Pulse experiments,pioreactor01,2026-09-11T16:07:48.929Z,0.178359375,480,2026-09-11 21:52:48.929,1781.769166666667
Pulse experiments,pioreactor01,2026-09-11T16:07:48.933Z,0.20955078125,515,2026-09-11 21:52:48.933,1781.769166666667
Pulse experiments,pioreactor01,2026-09-11T16:07:48.939Z,0.238828125,555,2026-09-11 21:52:48.939,1781.769166666667
Pulse experiments,pioreactor01,2026-09-11T16:07:48.943Z,0.23650390625,590,2026-09-11 21:52:48.943,1781.769166666667
Pulse experiments,pioreactor01,2026-09-11T16:07:48.949Z,0.24083984375,630,2026-09-11 21:52:48.949,1781.769166666667
Pulse experiments,pioreactor01,2026-09-11T16:07:48.953Z,0.125546875,680,2026-09-11 21:52:48.953,1781.769166666667
Pulse experiments,pioreactor01,2026-09-11T16:07:53.929Z,0.021328125,415,2026-09-11 21:52:53.929,1781.770555555556
Pulse experiments,pioreactor01,2026-09-11T16:07:53.940Z,0.17224609375,445,2026-09-11 21:52:53.940,1781.770555555556
Pulse experiments,pioreactor01,2026-09-11T16:07:53.944Z,0.1783984375,480,2026-09-11 21:52:53.944,1781.770555555556
Pulse experiments,pioreactor01,2026-09-11T16:07:53.952Z,0.20966796875,515,2026-09-11 21:52:53.952,1781.770555555556
Pulse experiments,pioreactor01,2026-09-11T16:07:53.961Z,0.23830078125,555,2026-09-11 21:52:53.961,1781.770555555556
Pulse experiments,pioreactor01,2026-09-11T16:07:53.967Z,0.23619140625,590,2026-09-11 21:52:53.967,1781.770555555556
Pulse experiments,pioreactor01,2026-09-11T16:07:53.975Z,0.240234375,630,2026-09-11 21:52:53.975,1781.770555555556
Pulse experiments,pioreactor01,2026-09-11T16:07:53.979Z,0.12515625,680,2026-09-11 21:52:53.979,1781.770555555556
Pulse experiments,pioreactor01,2026-09-11T16:07:58.923Z,0.02126953125,415,2026-09-11 21:52:58.923,1781.771944444444
Pulse experiments,pioreactor01,2026-09-11T16:07:58.929Z,0.1723828125,445,2026-09-11 21:52:58.929,1781.771944444444
Pulse experiments,pioreactor01,2026-09-11T16:07:58.933Z,0.17828125,480,2026-09-11 21:52:58.933,1781.771944444444
Pulse experiments,pioreactor01,2026-09-11T16:07:58.937Z,0.20947265625,515,2026-09-11 21:52:58.937,1781.771944444444
Pulse experiments,pioreactor01,2026-09-11T16:07:58.943Z,0.238515625,555,2026-09-11 21:52:58.943,1781.771944444444
Pulse experiments,pioreactor01,2026-09-11T16:07:58.947Z,0.2361328125,590,2026-09-11 21:52:58.947,1781.771944444444
Pulse experiments,pioreactor01,2026-09-11T16:07:58.952Z,0.2404296875,630,2026-09-11 21:52:58.952,1781.771944444444
Pulse experiments,pioreactor01,2026-09-11T16:07:58.957Z,0.12537109375,680,2026-09-11 21:52:58.957,1781.771944444444
Pulse experiments,pioreactor01,2026-09-11T16:08:03.918Z,0.02130859375,415,2026-09-11 21:53:03.918,1781.773333333333
Pulse experiments,pioreactor01,2026-09-11T16:08:03.925Z,0.17208984375,445,2026-09-11 21:53:03.925,1781.773333333333
Pulse experiments,pioreactor01,2026-09-11T16:08:03.929Z,0.17830078125,480,2026-09-11 21:53:03.929,1781.773333333333
Pulse experiments,pioreactor01,2026-09-11T16:08:03.935Z,0.2095703125,515,2026-09-11 21:53:03.935,1781.773333333333
Pulse experiments,pioreactor01,2026-09-11T16:08:03.939Z,0.238515625,555,2026-09-11 21:53:03.939,1781.773333333333
Pulse experiments,pioreactor01,2026-09-11T16:08:03.944Z,0.23671875,590,2026-09-11 21:53:03.944,1781.773333333333
Pulse experiments,pioreactor01,2026-09-11T16:08:03.948Z,0.2408203125,630,2026-09-11 21:53:03.948,1781.773333333333
Pulse experiments,pioreactor01,2026-09-11T16:08:03.952Z,0.12544921875,680,2026-09-11 21:53:03.952,1781.773333333333
Pulse experiments,pioreactor01,2026-09-11T16:08:08.923Z,0.02130859375,415,2026-09-11 21:53:08.923,1781.774722222222
Pulse experiments,pioreactor01,2026-09-11T16:08:08.930Z,0.1723046875,445,2026-09-11 21:53:08.930,1781.774722222222
Pulse experiments,pioreactor01,2026-09-11T16:08:08.933Z,0.17833984375,480,2026-09-11 21:53:08.933,1781.774722222222
Pulse experiments,pioreactor01,2026-09-11T16:08:08.939Z,0.2096875,515,2026-09-11 21:53:08.939,1781.774722222222
Pulse experiments,pioreactor01,2026-09-11T16:08:08.945Z,0.23865234375,555,2026-09-11 21:53:08.945,1781.774722222222
Pulse experiments,pioreactor01,2026-09-11T16:08:08.950Z,0.2366015625,590,2026-09-11 21:53:08.950,1781.774722222222
Pulse experiments,pioreactor01,2026-09-11T16:08:08.954Z,0.240703125,630,2026-09-11 21:53:08.954,1781.774722222222
Pulse experiments,pioreactor01,2026-09-11T16:08:08.960Z,0.1255859375,680,2026-09-11 21:53:08.960,1781.774722222222
Pulse experiments,pioreactor01,2026-09-11T16:08:13.935Z,0.0212109375,415,2026-09-11 21:53:13.935,1781.776111111111
Pulse experiments,pioreactor01,2026-09-11T16:08:13.945Z,0.1719921875,445,2026-09-11 21:53:13.945,1781.776111111111
Pulse experiments,pioreactor01,2026-09-11T16:08:13.949Z,0.17826171875,480,2026-09-11 21:53:13.949,1781.776111111111
Pulse experiments,pioreactor01,2026-09-11T16:08:13.955Z,0.2091015625,515,2026-09-11 21:53:13.955,1781.776111111111
Pulse experiments,pioreactor01,2026-09-11T16:08:13.964Z,0.23837890625,555,2026-09-11 21:53:13.964,1781.776111111111
Pulse experiments,pioreactor01,2026-09-11T16:08:13.971Z,0.23619140625,590,2026-09-11 21:53:13.971,1781.776111111111
Pulse experiments,pioreactor01,2026-09-11T16:08:13.976Z,0.240390625,630,2026-09-11 21:53:13.976,1781.776111111111
Pulse experiments,pioreactor01,2026-09-11T16:08:13.987Z,0.12515625,680,2026-09-11 21:53:13.987,1781.776111111111
Pulse experiments,pioreactor01,2026-09-11T16:08:18.923Z,0.02125,415,2026-09-11 21:53:18.923,1781.7775
Pulse experiments,pioreactor01,2026-09-11T16:08:18.927Z,0.17220703125,445,2026-09-11 21:53:18.927,1781.7775
Pulse experiments,pioreactor01,2026-09-11T16:08:18.934Z,0.1782421875,480,2026-09-11 21:53:18.934,1781.7775
Pulse experiments,pioreactor01,2026-09-11T16:08:18.938Z,0.20962890625,515,2026-09-11 21:53:18.938,1781.7775
Pulse experiments,pioreactor01,2026-09-11T16:08:18.942Z,0.23841796875,555,2026-09-11 21:53:18.942,1781.7775
Pulse experiments,pioreactor01,2026-09-11T16:08:18.948Z,0.23654296875,590,2026-09-11 21:53:18.948,1781.7775
Pulse experiments,pioreactor01,2026-09-11T16:08:18.952Z,0.240625,630,2026-09-11 21:53:18.952,1781.7775
Pulse experiments,pioreactor01,2026-09-11T16:08:18.957Z,0.12548828125,680,2026-09-11 21:53:18.957,1781.7775
Pulse experiments,pioreactor01,2026-09-11T16:08:23.920Z,0.0212890625,415,2026-09-11 21:53:23.920,1781.778888888889
Pulse experiments,pioreactor01,2026-09-11T16:08:23.925Z,0.1719140625,445,2026-09-11 21:53:23.925,1781.778888888889
Pulse experiments,pioreactor01,2026-09-11T16:08:23.931Z,0.177890625,480,2026-09-11 21:53:23.931,1781.778888888889
Pulse experiments,pioreactor01,2026-09-11T16:08:23.936Z,0.20953125,515,2026-09-11 21:53:23.936,1781.778888888889
Pulse experiments,pioreactor01,2026-09-11T16:08:23.941Z,0.238671875,555,2026-09-11 21:53:23.941,1781.778888888889
Pulse experiments,pioreactor01,2026-09-11T16:08:23.945Z,0.2366015625,590,2026-09-11 21:53:23.945,1781.778888888889
Pulse experiments,pioreactor01,2026-09-11T16:08:23.954Z,0.24080078125,630,2026-09-11 21:53:23.954,1781.778888888889
Pulse experiments,pioreactor01,2026-09-11T16:08:23.957Z,0.1254296875,680,2026-09-11 21:53:23.957,1781.778888888889
Pulse experiments,pioreactor01,2026-09-11T16:08:28.922Z,0.0212890625,415,2026-09-11 21:53:28.922,1781.780277777778
Pulse experiments,pioreactor01,2026-09-11T16:08:28.927Z,0.17228515625,445,2026-09-11 21:53:28.927,1781.780277777778
Pulse experiments,pioreactor01,2026-09-11T16:08:28.932Z,0.178359375,480,2026-09-11 21:53:28.932,1781.780277777778
Pulse experiments,pioreactor01,2026-09-11T16:08:28.937Z,0.2094921875,515,2026-09-11 21:53:28.937,1781.780277777778
Pulse experiments,pioreactor01,2026-09-11T16:08:28.942Z,0.238671875,555,2026-09-11 21:53:28.942,1781.780277777778
Pulse experiments,pioreactor01,2026-09-11T16:08:28.946Z,0.23630859375,590,2026-09-11 21:53:28.946,1781.780277777778
Pulse experiments,pioreactor01,2026-09-11T16:08:28.951Z,0.24048828125,630,2026-09-11 21:53:28.951,1781.780277777778
Pulse experiments,pioreactor01,2026-09-11T16:08:28.957Z,0.1253125,680,2026-09-11 21:53:28.957,1781.780277777778
Pulse experiments,pioreactor01,2026-09-11T16:08:33.924Z,0.02123046875,415,2026-09-11 21:53:33.924,1781.781666666667
Pulse experiments,pioreactor01,2026-09-11T16:08:33.928Z,0.17201171875,445,2026-09-11 21:53:33.928,1781.781666666667
Pulse experiments,pioreactor01,2026-09-11T16:08:33.934Z,0.17810546875,480,2026-09-11 21:53:33.934,1781.781666666667
Pulse experiments,pioreactor01,2026-09-11T16:08:33.938Z,0.2094140625,515,2026-09-11 21:53:33.938,1781.781666666667
Pulse experiments,pioreactor01,2026-09-11T16:08:33.944Z,0.23841796875,555,2026-09-11 21:53:33.944,1781.781666666667
Pulse experiments,pioreactor01,2026-09-11T16:08:33.948Z,0.23630859375,590,2026-09-11 21:53:33.948,1781.781666666667
Pulse experiments,pioreactor01,2026-09-11T16:08:33.952Z,0.24048828125,630,2026-09-11 21:53:33.952,1781.781666666667
Pulse experiments,pioreactor01,2026-09-11T16:08:33.958Z,0.12529296875,680,2026-09-11 21:53:33.958,1781.781666666667
Pulse experiments,pioreactor01,2026-09-11T16:08:38.919Z,0.0212890625,415,2026-09-11 21:53:38.919,1781.783055555556
Pulse experiments,pioreactor01,2026-09-11T16:08:38.925Z,0.17208984375,445,2026-09-11 21:53:38.925,1781.783055555556
Pulse experiments,pioreactor01,2026-09-11T16:08:38.930Z,0.1781640625,480,2026-09-11 21:53:38.930,1781.783055555556
Pulse experiments,pioreactor01,2026-09-11T16:08:38.935Z,0.209765625,515,2026-09-11 21:53:38.935,1781.783055555556
Pulse experiments,pioreactor01,2026-09-11T16:08:38.940Z,0.2387109375,555,2026-09-11 21:53:38.940,1781.783055555556
Pulse experiments,pioreactor01,2026-09-11T16:08:38.946Z,0.23638671875,590,2026-09-11 21:53:38.946,1781.783055555556
Pulse experiments,pioreactor01,2026-09-11T16:08:38.953Z,0.240546875,630,2026-09-11 21:53:38.953,1781.783055555556
Pulse experiments,pioreactor01,2026-09-11T16:08:38.958Z,0.12548828125,680,2026-09-11 21:53:38.958,1781.783055555556
Pulse experiments,pioreactor01,2026-09-11T16:08:43.919Z,0.02126953125,415,2026-09-11 21:53:43.919,1781.784444444444
Pulse experiments,pioreactor01,2026-09-11T16:08:43.921Z,0.17203125,445,2026-09-11 21:53:43.921,1781.784444444444
Pulse experiments,pioreactor01,2026-09-11T16:08:43.927Z,0.17818359375,480,2026-09-11 21:53:43.927,1781.784444444444
Pulse experiments,pioreactor01,2026-09-11T16:08:43.932Z,0.2096484375,515,2026-09-11 21:53:43.932,1781.784444444444
Pulse experiments,pioreactor01,2026-09-11T16:08:43.937Z,0.2388671875,555,2026-09-11 21:53:43.937,1781.784444444444
Pulse experiments,pioreactor01,2026-09-11T16:08:43.941Z,0.2362890625,590,2026-09-11 21:53:43.941,1781.784444444444
Pulse experiments,pioreactor01,2026-09-11T16:08:43.947Z,0.24033203125,630,2026-09-11 21:53:43.947,1781.784444444444
Pulse experiments,pioreactor01,2026-09-11T16:08:43.951Z,0.12552734375,680,2026-09-11 21:53:43.951,1781.784444444444
Pulse experiments,pioreactor01,2026-09-11T16:08:48.919Z,0.0212890625,415,2026-09-11 21:53:48.919,1781.785833333333
Pulse experiments,pioreactor01,2026-09-11T16:08:48.925Z,0.1721875,445,2026-09-11 21:53:48.925,1781.785833333333
Pulse experiments,pioreactor01,2026-09-11T16:08:48.929Z,0.1782421875,480,2026-09-11 21:53:48.929,1781.785833333333
Pulse experiments,pioreactor01,2026-09-11T16:08:48.934Z,0.20958984375,515,2026-09-11 21:53:48.934,1781.785833333333
Pulse experiments,pioreactor01,2026-09-11T16:08:48.939Z,0.2387890625,555,2026-09-11 21:53:48.939,1781.785833333333
Pulse experiments,pioreactor01,2026-09-11T16:08:48.943Z,0.23646484375,590,2026-09-11 21:53:48.943,1781.785833333333
Pulse experiments,pioreactor01,2026-09-11T16:08:48.949Z,0.24064453125,630,2026-09-11 21:53:48.949,1781.785833333333
Pulse experiments,pioreactor01,2026-09-11T16:08:48.953Z,0.12529296875,680,2026-09-11 21:53:48.953,1781.785833333333
Pulse experiments,pioreactor01,2026-09-11T16:08:53.918Z,0.02125,415,2026-09-11 21:53:53.918,1781.787222222222
Pulse experiments,pioreactor01,2026-09-11T16:08:53.923Z,0.1723828125,445,2026-09-11 21:53:53.923,1781.787222222222
Pulse experiments,pioreactor01,2026-09-11T16:08:53.929Z,0.1784765625,480,2026-09-11 21:53:53.929,1781.787222222222
Pulse experiments,pioreactor01,2026-09-11T16:08:53.933Z,0.20953125,515,2026-09-11 21:53:53.933,1781.787222222222
Pulse experiments,pioreactor01,2026-09-11T16:08:53.940Z,0.23865234375,555,2026-09-11 21:53:53.940,1781.787222222222
Pulse experiments,pioreactor01,2026-09-11T16:08:53.944Z,0.23623046875,590,2026-09-11 21:53:53.944,1781.787222222222
Pulse experiments,pioreactor01,2026-09-11T16:08:53.949Z,0.240546875,630,2026-09-11 21:53:53.949,1781.787222222222
Pulse experiments,pioreactor01,2026-09-11T16:08:53.953Z,0.12548828125,680,2026-09-11 21:53:53.953,1781.787222222222
Pulse experiments,pioreactor01,2026-09-11T16:08:58.923Z,0.02130859375,415,2026-09-11 21:53:58.923,1781.788611111111
Pulse experiments,pioreactor01,2026-09-11T16:08:58.928Z,0.1721484375,445,2026-09-11 21:53:58.928,1781.788611111111
Pulse experiments,pioreactor01,2026-09-11T16:08:58.933Z,0.178359375,480,2026-09-11 21:53:58.933,1781.788611111111
Pulse experiments,pioreactor01,2026-09-11T16:08:58.938Z,0.20958984375,515,2026-09-11 21:53:58.938,1781.788611111111
Pulse experiments,pioreactor01,2026-09-11T16:08:58.943Z,0.2384375,555,2026-09-11 21:53:58.943,1781.788611111111
Pulse experiments,pioreactor01,2026-09-11T16:08:58.946Z,0.2366015625,590,2026-09-11 21:53:58.946,1781.788611111111
Pulse experiments,pioreactor01,2026-09-11T16:08:58.953Z,0.24044921875,630,2026-09-11 21:53:58.953,1781.788611111111
Pulse experiments,pioreactor01,2026-09-11T16:08:58.957Z,0.12529296875,680,2026-09-11 21:53:58.957,1781.788611111111
Pulse experiments,pioreactor01,2026-09-11T16:09:03.926Z,0.02125,415,2026-09-11 21:54:03.926,1781.79
Pulse experiments,pioreactor01,2026-09-11T16:09:03.930Z,0.1721484375,445,2026-09-11 21:54:03.930,1781.79
Pulse experiments,pioreactor01,2026-09-11T16:09:03.938Z,0.17828125,480,2026-09-11 21:54:03.938,1781.79
Pulse experiments,pioreactor01,2026-09-11T16:09:03.943Z,0.2098828125,515,2026-09-11 21:54:03.943,1781.79
Pulse experiments,pioreactor01,2026-09-11T16:09:03.948Z,0.238515625,555,2026-09-11 21:54:03.948,1781.79
Pulse experiments,pioreactor01,2026-09-11T16:09:03.956Z,0.23673828125,590,2026-09-11 21:54:03.956,1781.79
Pulse experiments,pioreactor01,2026-09-11T16:09:03.961Z,0.24056640625,630,2026-09-11 21:54:03.961,1781.79
Pulse experiments,pioreactor01,2026-09-11T16:09:03.966Z,0.12564453125,680,2026-09-11 21:54:03.966,1781.79
Pulse experiments,pioreactor01,2026-09-11T16:09:08.924Z,0.02126953125,415,2026-09-11 21:54:08.924,1781.791388888889
Pulse experiments,pioreactor01,2026-09-11T16:09:08.929Z,0.17216796875,445,2026-09-11 21:54:08.929,1781.791388888889
Pulse experiments,pioreactor01,2026-09-11T16:09:08.933Z,0.17822265625,480,2026-09-11 21:54:08.933,1781.791388888889
Pulse experiments,pioreactor01,2026-09-11T16:09:08.941Z,0.20966796875,515,2026-09-11 21:54:08.941,1781.791388888889
Pulse experiments,pioreactor01,2026-09-11T16:09:08.947Z,0.2386328125,555,2026-09-11 21:54:08.947,1781.791388888889
Pulse experiments,pioreactor01,2026-09-11T16:09:08.952Z,0.23634765625,590,2026-09-11 21:54:08.952,1781.791388888889
Pulse experiments,pioreactor01,2026-09-11T16:09:08.957Z,0.2403515625,630,2026-09-11 21:54:08.957,1781.791388888889
Pulse experiments,pioreactor01,2026-09-11T16:09:08.964Z,0.1253515625,680,2026-09-11 21:54:08.964,1781.791388888889
Pulse experiments,pioreactor01,2026-09-11T16:09:13.927Z,0.0212890625,415,2026-09-11 21:54:13.927,1781.792777777778
Pulse experiments,pioreactor01,2026-09-11T16:09:13.933Z,0.17205078125,445,2026-09-11 21:54:13.933,1781.792777777778
Pulse experiments,pioreactor01,2026-09-11T16:09:13.938Z,0.178125,480,2026-09-11 21:54:13.938,1781.792777777778
Pulse experiments,pioreactor01,2026-09-11T16:09:13.944Z,0.2096484375,515,2026-09-11 21:54:13.944,1781.792777777778
Pulse experiments,pioreactor01,2026-09-11T16:09:13.948Z,0.2383203125,555,2026-09-11 21:54:13.948,1781.792777777778
Pulse experiments,pioreactor01,2026-09-11T16:09:13.955Z,0.23646484375,590,2026-09-11 21:54:13.955,1781.792777777778
Pulse experiments,pioreactor01,2026-09-11T16:09:13.960Z,0.2406640625,630,2026-09-11 21:54:13.960,1781.792777777778
Pulse experiments,pioreactor01,2026-09-11T16:09:13.965Z,0.125,680,2026-09-11 21:54:13.965,1781.792777777778
Pulse experiments,pioreactor01,2026-09-11T16:09:18.949Z,0.02119140625,415,2026-09-11 21:54:18.949,1781.794166666667
Pulse experiments,pioreactor01,2026-09-11T16:09:18.955Z,0.17162109375,445,2026-09-11 21:54:18.955,1781.794166666667
Pulse experiments,pioreactor01,2026-09-11T16:09:18.965Z,0.177578125,480,2026-09-11 21:54:18.965,1781.794166666667
Pulse experiments,pioreactor01,2026-09-11T16:09:18.968Z,0.20923828125,515,2026-09-11 21:54:18.968,1781.794166666667
Pulse experiments,pioreactor01,2026-09-11T16:09:18.975Z,0.23841796875,555,2026-09-11 21:54:18.975,1781.794166666667
Pulse experiments,pioreactor01,2026-09-11T16:09:18.979Z,0.23615234375,590,2026-09-11 21:54:18.979,1781.794166666667
Pulse experiments,pioreactor01,2026-09-11T16:09:18.984Z,0.2403125,630,2026-09-11 21:54:18.984,1781.794166666667
Pulse experiments,pioreactor01,2026-09-11T16:09:18.990Z,0.1251953125,680,2026-09-11 21:54:18.990,1781.794166666667
Pulse experiments,pioreactor01,2026-09-11T16:09:23.925Z,0.021328125,415,2026-09-11 21:54:23.925,1781.795555555556
Pulse experiments,pioreactor01,2026-09-11T16:09:23.934Z,0.172421875,445,2026-09-11 21:54:23.934,1781.795555555556
Pulse experiments,pioreactor01,2026-09-11T16:09:23.939Z,0.17828125,480,2026-09-11 21:54:23.939,1781.795555555556
Pulse experiments,pioreactor01,2026-09-11T16:09:23.943Z,0.209765625,515,2026-09-11 21:54:23.943,1781.795555555556
Pulse experiments,pioreactor01,2026-09-11T16:09:23.949Z,0.23861328125,555,2026-09-11 21:54:23.949,1781.795555555556
Pulse experiments,pioreactor01,2026-09-11T16:09:23.958Z,0.23646484375,590,2026-09-11 21:54:23.958,1781.795555555556
Pulse experiments,pioreactor01,2026-09-11T16:09:23.962Z,0.240703125,630,2026-09-11 21:54:23.962,1781.795555555556
Pulse experiments,pioreactor01,2026-09-11T16:09:23.967Z,0.12517578125,680,2026-09-11 21:54:23.967,1781.795555555556
Pulse experiments,pioreactor01,2026-09-11T16:09:28.926Z,0.02130859375,415,2026-09-11 21:54:28.926,1781.796944444445
Pulse experiments,pioreactor01,2026-09-11T16:09:28.930Z,0.17205078125,445,2026-09-11 21:54:28.930,1781.796944444445
Pulse experiments,pioreactor01,2026-09-11T16:09:28.935Z,0.178046875,480,2026-09-11 21:54:28.935,1781.796944444445
Pulse experiments,pioreactor01,2026-09-11T16:09:28.942Z,0.20953125,515,2026-09-11 21:54:28.942,1781.796944444445
Pulse experiments,pioreactor01,2026-09-11T16:09:28.944Z,0.23849609375,555,2026-09-11 21:54:28.944,1781.796944444445
Pulse experiments,pioreactor01,2026-09-11T16:09:28.949Z,0.23625,590,2026-09-11 21:54:28.949,1781.796944444445
Pulse experiments,pioreactor01,2026-09-11T16:09:28.955Z,0.240390625,630,2026-09-11 21:54:28.955,1781.796944444445
Pulse experiments,pioreactor01,2026-09-11T16:09:28.964Z,0.1253515625,680,2026-09-11 21:54:28.964,1781.796944444445
Pulse experiments,pioreactor01,2026-09-11T16:09:33.932Z,0.02126953125,415,2026-09-11 21:54:33.932,1781.798333333333
Pulse experiments,pioreactor01,2026-09-11T16:09:33.935Z,0.1723046875,445,2026-09-11 21:54:33.935,1781.798333333333
Pulse experiments,pioreactor01,2026-09-11T16:09:33.941Z,0.178515625,480,2026-09-11 21:54:33.941,1781.798333333333
Pulse experiments,pioreactor01,2026-09-11T16:09:33.949Z,0.2097265625,515,2026-09-11 21:54:33.949,1781.798333333333
Pulse experiments,pioreactor01,2026-09-11T16:09:33.952Z,0.23841796875,555,2026-09-11 21:54:33.952,1781.798333333333
Pulse experiments,pioreactor01,2026-09-11T16:09:33.957Z,0.23634765625,590,2026-09-11 21:54:33.957,1781.798333333333
Pulse experiments,pioreactor01,2026-09-11T16:09:33.968Z,0.2404296875,630,2026-09-11 21:54:33.968,1781.798333333333
Pulse experiments,pioreactor01,2026-09-11T16:09:33.972Z,0.1253125,680,2026-09-11 21:54:33.972,1781.798333333333
Pulse experiments,pioreactor01,2026-09-11T16:09:38.929Z,0.02134765625,415,2026-09-11 21:54:38.929,1781.799722222222
Pulse experiments,pioreactor01,2026-09-11T16:09:38.932Z,0.17205078125,445,2026-09-11 21:54:38.932,1781.799722222222
Pulse experiments,pioreactor01,2026-09-11T16:09:38.937Z,0.17822265625,480,2026-09-11 21:54:38.937,1781.799722222222
Pulse experiments,pioreactor01,2026-09-11T16:09:38.945Z,0.2096484375,515,2026-09-11 21:54:38.945,1781.799722222222
Pulse experiments,pioreactor01,2026-09-11T16:09:38.949Z,0.23869140625,555,2026-09-11 21:54:38.949,1781.799722222222
Pulse experiments,pioreactor01,2026-09-11T16:09:38.954Z,0.236484375,590,2026-09-11 21:54:38.954,1781.799722222222
Pulse experiments,pioreactor01,2026-09-11T16:09:38.960Z,0.24068359375,630,2026-09-11 21:54:38.960,1781.799722222222
Pulse experiments,pioreactor01,2026-09-11T16:09:38.966Z,0.125625,680,2026-09-11 21:54:38.966,1781.799722222222
Pulse experiments,pioreactor01,2026-09-11T16:09:43.932Z,0.02125,415,2026-09-11 21:54:43.932,1781.801111111111
Pulse experiments,pioreactor01,2026-09-11T16:09:43.936Z,0.17220703125,445,2026-09-11 21:54:43.936,1781.801111111111
Pulse experiments,pioreactor01,2026-09-11T16:09:43.944Z,0.1780078125,480,2026-09-11 21:54:43.944,1781.801111111111
Pulse experiments,pioreactor01,2026-09-11T16:09:43.948Z,0.2095703125,515,2026-09-11 21:54:43.948,1781.801111111111
Pulse experiments,pioreactor01,2026-09-11T16:09:43.953Z,0.238828125,555,2026-09-11 21:54:43.953,1781.801111111111
Pulse experiments,pioreactor01,2026-09-11T16:09:43.958Z,0.23662109375,590,2026-09-11 21:54:43.958,1781.801111111111
Pulse experiments,pioreactor01,2026-09-11T16:09:43.967Z,0.24080078125,630,2026-09-11 21:54:43.967,1781.801111111111
Pulse experiments,pioreactor01,2026-09-11T16:09:43.974Z,0.1255078125,680,2026-09-11 21:54:43.974,1781.801111111111
Pulse experiments,pioreactor01,2026-09-11T16:09:48.932Z,0.02130859375,415,2026-09-11 21:54:48.932,1781.8025
Pulse experiments,pioreactor01,2026-09-11T16:09:48.940Z,0.17208984375,445,2026-09-11 21:54:48.940,1781.8025
Pulse experiments,pioreactor01,2026-09-11T16:09:48.945Z,0.1778125,480,2026-09-11 21:54:48.945,1781.8025
Pulse experiments,pioreactor01,2026-09-11T16:09:48.955Z,0.209765625,515,2026-09-11 21:54:48.955,1781.8025
Pulse experiments,pioreactor01,2026-09-11T16:09:48.958Z,0.2385546875,555,2026-09-11 21:54:48.958,1781.8025
Pulse experiments,pioreactor01,2026-09-11T16:09:48.963Z,0.23630859375,590,2026-09-11 21:54:48.963,1781.8025
Pulse experiments,pioreactor01,2026-09-11T16:09:48.969Z,0.240390625,630,2026-09-11 21:54:48.969,1781.8025
Pulse experiments,pioreactor01,2026-09-11T16:09:48.975Z,0.1253125,680,2026-09-11 21:54:48.975,1781.8025
Pulse experiments,pioreactor01,2026-09-11T16:09:53.917Z,0.02125,415,2026-09-11 21:54:53.917,1781.803888888889
Pulse experiments,pioreactor01,2026-09-11T16:09:53.922Z,0.17224609375,445,2026-09-11 21:54:53.922,1781.803888888889
Pulse experiments,pioreactor01,2026-09-11T16:09:53.926Z,0.17833984375,480,2026-09-11 21:54:53.926,1781.803888888889
Pulse experiments,pioreactor01,2026-09-11T16:09:53.932Z,0.2097265625,515,2026-09-11 21:54:53.932,1781.803888888889
Pulse experiments,pioreactor01,2026-09-11T16:09:53.936Z,0.23845703125,555,2026-09-11 21:54:53.936,1781.803888888889
Pulse experiments,pioreactor01,2026-09-11T16:09:53.941Z,0.236171875,590,2026-09-11 21:54:53.941,1781.803888888889
Pulse experiments,pioreactor01,2026-09-11T16:09:53.946Z,0.24029296875,630,2026-09-11 21:54:53.946,1781.803888888889
Pulse experiments,pioreactor01,2026-09-11T16:09:53.949Z,0.1252734375,680,2026-09-11 21:54:53.949,1781.803888888889
Pulse experiments,pioreactor01,2026-09-11T16:09:58.934Z,0.021328125,415,2026-09-11 21:54:58.934,1781.805277777778
Pulse experiments,pioreactor01,2026-09-11T16:09:58.944Z,0.17197265625,445,2026-09-11 21:54:58.944,1781.805277777778
Pulse experiments,pioreactor01,2026-09-11T16:09:58.956Z,0.17779296875,480,2026-09-11 21:54:58.956,1781.805277777778
Pulse experiments,pioreactor01,2026-09-11T16:09:58.969Z,0.209609375,515,2026-09-11 21:54:58.969,1781.805277777778
Pulse experiments,pioreactor01,2026-09-11T16:09:58.978Z,0.23869140625,555,2026-09-11 21:54:58.978,1781.805277777778
Pulse experiments,pioreactor01,2026-09-11T16:09:58.994Z,0.23669921875,590,2026-09-11 21:54:58.994,1781.805277777778
Pulse experiments,pioreactor01,2026-09-11T16:09:59.005Z,0.2407421875,630,2026-09-11 21:54:59.005,1781.805555555556
Pulse experiments,pioreactor01,2026-09-11T16:09:59.014Z,0.12556640625,680,2026-09-11 21:54:59.014,1781.805555555556
Pulse experiments,pioreactor01,2026-09-11T16:10:03.925Z,0.0212890625,415,2026-09-11 21:55:03.925,1781.806666666667
Pulse experiments,pioreactor01,2026-09-11T16:10:03.932Z,0.17208984375,445,2026-09-11 21:55:03.932,1781.806666666667
Pulse experiments,pioreactor01,2026-09-11T16:10:03.937Z,0.1778125,480,2026-09-11 21:55:03.937,1781.806666666667
Pulse experiments,pioreactor01,2026-09-11T16:10:03.944Z,0.20939453125,515,2026-09-11 21:55:03.944,1781.806666666667
Pulse experiments,pioreactor01,2026-09-11T16:10:03.948Z,0.2387109375,555,2026-09-11 21:55:03.948,1781.806666666667
Pulse experiments,pioreactor01,2026-09-11T16:10:03.958Z,0.2365234375,590,2026-09-11 21:55:03.958,1781.806666666667
Pulse experiments,pioreactor01,2026-09-11T16:10:03.965Z,0.24072265625,630,2026-09-11 21:55:03.965,1781.806666666667
Pulse experiments,pioreactor01,2026-09-11T16:10:03.970Z,0.12537109375,680,2026-09-11 21:55:03.970,1781.806666666667
Pulse experiments,pioreactor01,2026-09-11T16:10:08.921Z,0.02130859375,415,2026-09-11 21:55:08.921,1781.808055555555
Pulse experiments,pioreactor01,2026-09-11T16:10:08.924Z,0.17208984375,445,2026-09-11 21:55:08.924,1781.808055555555
Pulse experiments,pioreactor01,2026-09-11T16:10:08.927Z,0.1781640625,480,2026-09-11 21:55:08.927,1781.808055555555
Pulse experiments,pioreactor01,2026-09-11T16:10:08.932Z,0.2098046875,515,2026-09-11 21:55:08.932,1781.808055555555
Pulse experiments,pioreactor01,2026-09-11T16:10:08.937Z,0.23892578125,555,2026-09-11 21:55:08.937,1781.808055555555
Pulse experiments,pioreactor01,2026-09-11T16:10:08.942Z,0.2365234375,590,2026-09-11 21:55:08.942,1781.808055555555
Pulse experiments,pioreactor01,2026-09-11T16:10:08.946Z,0.24060546875,630,2026-09-11 21:55:08.946,1781.808055555555
Pulse experiments,pioreactor01,2026-09-11T16:10:08.951Z,0.1256640625,680,2026-09-11 21:55:08.951,1781.808055555555
Pulse experiments,pioreactor01,2026-09-11T16:10:13.919Z,0.02130859375,415,2026-09-11 21:55:13.919,1781.809444444444
Pulse experiments,pioreactor01,2026-09-11T16:10:13.923Z,0.1721484375,445,2026-09-11 21:55:13.923,1781.809444444444
Pulse experiments,pioreactor01,2026-09-11T16:10:13.926Z,0.17814453125,480,2026-09-11 21:55:13.926,1781.809444444444
Pulse experiments,pioreactor01,2026-09-11T16:10:13.932Z,0.20966796875,515,2026-09-11 21:55:13.932,1781.809444444444
Pulse experiments,pioreactor01,2026-09-11T16:10:13.936Z,0.23876953125,555,2026-09-11 21:55:13.936,1781.809444444444
Pulse experiments,pioreactor01,2026-09-11T16:10:13.941Z,0.23650390625,590,2026-09-11 21:55:13.941,1781.809444444444
Pulse experiments,pioreactor01,2026-09-11T16:10:13.945Z,0.2405859375,630,2026-09-11 21:55:13.945,1781.809444444444
Pulse experiments,pioreactor01,2026-09-11T16:10:13.949Z,0.12544921875,680,2026-09-11 21:55:13.949,1781.809444444444
Pulse experiments,pioreactor01,2026-09-11T16:10:18.920Z,0.02123046875,415,2026-09-11 21:55:18.920,1781.810833333333
Pulse experiments,pioreactor01,2026-09-11T16:10:18.924Z,0.172265625,445,2026-09-11 21:55:18.924,1781.810833333333
Pulse experiments,pioreactor01,2026-09-11T16:10:18.929Z,0.1783984375,480,2026-09-11 21:55:18.929,1781.810833333333
Pulse experiments,pioreactor01,2026-09-11T16:10:18.933Z,0.20955078125,515,2026-09-11 21:55:18.933,1781.810833333333
Pulse experiments,pioreactor01,2026-09-11T16:10:18.938Z,0.23861328125,555,2026-09-11 21:55:18.938,1781.810833333333
Pulse experiments,pioreactor01,2026-09-11T16:10:18.942Z,0.23638671875,590,2026-09-11 21:55:18.942,1781.810833333333
Pulse experiments,pioreactor01,2026-09-11T16:10:18.946Z,0.24041015625,630,2026-09-11 21:55:18.946,1781.810833333333
Pulse experiments,pioreactor01,2026-09-11T16:10:18.952Z,0.1253515625,680,2026-09-11 21:55:18.952,1781.810833333333
Pulse experiments,pioreactor01,2026-09-11T16:10:23.936Z,0.0212890625,415,2026-09-11 21:55:23.936,1781.812222222222
Pulse experiments,pioreactor01,2026-09-11T16:10:23.942Z,0.1721875,445,2026-09-11 21:55:23.942,1781.812222222222
Pulse experiments,pioreactor01,2026-09-11T16:10:23.947Z,0.17802734375,480,2026-09-11 21:55:23.947,1781.812222222222
Pulse experiments,pioreactor01,2026-09-11T16:10:23.953Z,0.209765625,515,2026-09-11 21:55:23.953,1781.812222222222
Pulse experiments,pioreactor01,2026-09-11T16:10:23.956Z,0.23896484375,555,2026-09-11 21:55:23.956,1781.812222222222
Pulse experiments,pioreactor01,2026-09-11T16:10:23.962Z,0.2363671875,590,2026-09-11 21:55:23.962,1781.812222222222
Pulse experiments,pioreactor01,2026-09-11T16:10:23.966Z,0.2409375,630,2026-09-11 21:55:23.966,1781.812222222222
Pulse experiments,pioreactor01,2026-09-11T16:10:23.971Z,0.1255078125,680,2026-09-11 21:55:23.971,1781.812222222222
Pulse experiments,pioreactor01,2026-09-11T16:10:28.933Z,0.021328125,415,2026-09-11 21:55:28.933,1781.813611111111
Pulse experiments,pioreactor01,2026-09-11T16:10:28.943Z,0.17197265625,445,2026-09-11 21:55:28.943,1781.813611111111
Pulse experiments,pioreactor01,2026-09-11T16:10:28.947Z,0.1782421875,480,2026-09-11 21:55:28.947,1781.813611111111
Pulse experiments,pioreactor01,2026-09-11T16:10:28.955Z,0.20958984375,515,2026-09-11 21:55:28.955,1781.813611111111
Pulse experiments,pioreactor01,2026-09-11T16:10:28.959Z,0.2383984375,555,2026-09-11 21:55:28.959,1781.813611111111
Pulse experiments,pioreactor01,2026-09-11T16:10:28.966Z,0.23658203125,590,2026-09-11 21:55:28.966,1781.813611111111
Pulse experiments,pioreactor01,2026-09-11T16:10:28.970Z,0.24052734375,630,2026-09-11 21:55:28.970,1781.813611111111
Pulse experiments,pioreactor01,2026-09-11T16:10:28.975Z,0.12515625,680,2026-09-11 21:55:28.975,1781.813611111111
Pulse experiments,pioreactor01,2026-09-11T16:10:33.993Z,0.0213671875,415,2026-09-11 21:55:33.993,1781.815
Pulse experiments,pioreactor01,2026-09-11T16:10:33.998Z,0.17216796875,445,2026-09-11 21:55:33.998,1781.815
Pulse experiments,pioreactor01,2026-09-11T16:10:34.002Z,0.178203125,480,2026-09-11 21:55:34.002,1781.815277777778
Pulse experiments,pioreactor01,2026-09-11T16:10:34.009Z,0.20978515625,515,2026-09-11 21:55:34.009,1781.815277777778
Pulse experiments,pioreactor01,2026-09-11T16:10:34.013Z,0.2391015625,555,2026-09-11 21:55:34.013,1781.815277777778
Pulse experiments,pioreactor01,2026-09-11T16:10:34.020Z,0.23654296875,590,2026-09-11 21:55:34.020,1781.815277777778
Pulse experiments,pioreactor01,2026-09-11T16:10:34.023Z,0.24107421875,630,2026-09-11 21:55:34.023,1781.815277777778
Pulse experiments,pioreactor01,2026-09-11T16:10:34.028Z,0.12552734375,680,2026-09-11 21:55:34.028,1781.815277777778
Pulse experiments,pioreactor01,2026-09-11T16:10:38.936Z,0.02126953125,415,2026-09-11 21:55:38.936,1781.816388888889
Pulse experiments,pioreactor01,2026-09-11T16:10:38.946Z,0.17212890625,445,2026-09-11 21:55:38.946,1781.816388888889
Pulse experiments,pioreactor01,2026-09-11T16:10:38.958Z,0.17814453125,480,2026-09-11 21:55:38.958,1781.816388888889
Pulse experiments,pioreactor01,2026-09-11T16:10:38.977Z,0.2095703125,515,2026-09-11 21:55:38.977,1781.816388888889
Pulse experiments,pioreactor01,2026-09-11T16:10:38.991Z,0.2386328125,555,2026-09-11 21:55:38.991,1781.816388888889
Pulse experiments,pioreactor01,2026-09-11T16:10:39.004Z,0.23625,590,2026-09-11 21:55:39.004,1781.816666666667
Pulse experiments,pioreactor01,2026-09-11T16:10:39.020Z,0.24037109375,630,2026-09-11 21:55:39.020,1781.816666666667
Pulse experiments,pioreactor01,2026-09-11T16:10:39.034Z,0.12541015625,680,2026-09-11 21:55:39.034,1781.816666666667
Pulse experiments,pioreactor01,2026-09-11T16:10:43.919Z,0.0212890625,415,2026-09-11 21:55:43.919,1781.817777777778
Pulse experiments,pioreactor01,2026-09-11T16:10:43.923Z,0.17232421875,445,2026-09-11 21:55:43.923,1781.817777777778
Pulse experiments,pioreactor01,2026-09-11T16:10:43.929Z,0.17822265625,480,2026-09-11 21:55:43.929,1781.817777777778
Pulse experiments,pioreactor01,2026-09-11T16:10:43.933Z,0.209921875,515,2026-09-11 21:55:43.933,1781.817777777778
Pulse experiments,pioreactor01,2026-09-11T16:10:43.938Z,0.23896484375,555,2026-09-11 21:55:43.938,1781.817777777778
Pulse experiments,pioreactor01,2026-09-11T16:10:43.943Z,0.2365234375,590,2026-09-11 21:55:43.943,1781.817777777778
Pulse experiments,pioreactor01,2026-09-11T16:10:43.949Z,0.24078125,630,2026-09-11 21:55:43.949,1781.817777777778
Pulse experiments,pioreactor01,2026-09-11T16:10:43.954Z,0.12568359375,680,2026-09-11 21:55:43.954,1781.817777777778
Pulse experiments,pioreactor01,2026-09-11T16:10:48.939Z,0.02130859375,415,2026-09-11 21:55:48.939,1781.819166666667
Pulse experiments,pioreactor01,2026-09-11T16:10:48.948Z,0.1723828125,445,2026-09-11 21:55:48.948,1781.819166666667
Pulse experiments,pioreactor01,2026-09-11T16:10:48.956Z,0.1780859375,480,2026-09-11 21:55:48.956,1781.819166666667
Pulse experiments,pioreactor01,2026-09-11T16:10:48.964Z,0.20998046875,515,2026-09-11 21:55:48.964,1781.819166666667
Pulse experiments,pioreactor01,2026-09-11T16:10:48.972Z,0.23876953125,555,2026-09-11 21:55:48.972,1781.819166666667
Pulse experiments,pioreactor01,2026-09-11T16:10:48.982Z,0.236484375,590,2026-09-11 21:55:48.982,1781.819166666667
Pulse experiments,pioreactor01,2026-09-11T16:10:48.989Z,0.24060546875,630,2026-09-11 21:55:48.989,1781.819166666667
Pulse experiments,pioreactor01,2026-09-11T16:10:48.997Z,0.12537109375,680,2026-09-11 21:55:48.997,1781.819166666667
Pulse experiments,pioreactor01,2026-09-11T16:10:53.919Z,0.02154296875,415,2026-09-11 21:55:53.919,1781.820555555556
Pulse experiments,pioreactor01,2026-09-11T16:10:53.923Z,0.17337890625,445,2026-09-11 21:55:53.923,1781.820555555556
Pulse experiments,pioreactor01,2026-09-11T16:10:53.927Z,0.17986328125,480,2026-09-11 21:55:53.927,1781.820555555556
Pulse experiments,pioreactor01,2026-09-11T16:10:53.933Z,0.21189453125,515,2026-09-11 21:55:53.933,1781.820555555556
Pulse experiments,pioreactor01,2026-09-11T16:10:53.937Z,0.24166015625,555,2026-09-11 21:55:53.937,1781.820555555556
Pulse experiments,pioreactor01,2026-09-11T16:10:53.943Z,0.2393359375,590,2026-09-11 21:55:53.943,1781.820555555556
Pulse experiments,pioreactor01,2026-09-11T16:10:53.948Z,0.24390625,630,2026-09-11 21:55:53.948,1781.820555555556
Pulse experiments,pioreactor01,2026-09-11T16:10:53.953Z,0.127109375,680,2026-09-11 21:55:53.953,1781.820555555556
Pulse experiments,pioreactor01,2026-09-11T16:10:58.921Z,0.02197265625,415,2026-09-11 21:55:58.921,1781.821944444444
Pulse experiments,pioreactor01,2026-09-11T16:10:58.926Z,0.17755859375,445,2026-09-11 21:55:58.926,1781.821944444444
Pulse experiments,pioreactor01,2026-09-11T16:10:58.930Z,0.184453125,480,2026-09-11 21:55:58.930,1781.821944444444
Pulse experiments,pioreactor01,2026-09-11T16:10:58.936Z,0.21712890625,515,2026-09-11 21:55:58.936,1781.821944444444
Pulse experiments,pioreactor01,2026-09-11T16:10:58.940Z,0.2459765625,555,2026-09-11 21:55:58.940,1781.821944444444
Pulse experiments,pioreactor01,2026-09-11T16:10:58.945Z,0.24359375,590,2026-09-11 21:55:58.945,1781.821944444444
Pulse experiments,pioreactor01,2026-09-11T16:10:58.949Z,0.2484765625,630,2026-09-11 21:55:58.949,1781.821944444444
Pulse experiments,pioreactor01,2026-09-11T16:10:58.964Z,0.12916015625,680,2026-09-11 21:55:58.964,1781.821944444444
Pulse experiments,pioreactor01,2026-09-11T16:11:03.924Z,0.0221875,415,2026-09-11 21:56:03.924,1781.823333333333
Pulse experiments,pioreactor01,2026-09-11T16:11:03.929Z,0.1799609375,445,2026-09-11 21:56:03.929,1781.823333333333
Pulse experiments,pioreactor01,2026-09-11T16:11:03.934Z,0.18658203125,480,2026-09-11 21:56:03.934,1781.823333333333
Pulse experiments,pioreactor01,2026-09-11T16:11:03.938Z,0.219453125,515,2026-09-11 21:56:03.938,1781.823333333333
Pulse experiments,pioreactor01,2026-09-11T16:11:03.944Z,0.25119140625,555,2026-09-11 21:56:03.944,1781.823333333333
Pulse experiments,pioreactor01,2026-09-11T16:11:03.947Z,0.2486328125,590,2026-09-11 21:56:03.947,1781.823333333333
Pulse experiments,pioreactor01,2026-09-11T16:11:03.952Z,0.2537890625,630,2026-09-11 21:56:03.952,1781.823333333333
Pulse experiments,pioreactor01,2026-09-11T16:11:03.958Z,0.131796875,680,2026-09-11 21:56:03.958,1781.823333333333
Pulse experiments,pioreactor01,2026-09-11T16:11:08.942Z,0.02216796875,415,2026-09-11 21:56:08.942,1781.824722222222
Pulse experiments,pioreactor01,2026-09-11T16:11:08.949Z,0.18013671875,445,2026-09-11 21:56:08.949,1781.824722222222
Pulse experiments,pioreactor01,2026-09-11T16:11:08.953Z,0.186640625,480,2026-09-11 21:56:08.953,1781.824722222222
Pulse experiments,pioreactor01,2026-09-11T16:11:08.958Z,0.21966796875,515,2026-09-11 21:56:08.958,1781.824722222222
Pulse experiments,pioreactor01,2026-09-11T16:11:08.963Z,0.25326171875,555,2026-09-11 21:56:08.963,1781.824722222222
Pulse experiments,pioreactor01,2026-09-11T16:11:08.967Z,0.2504296875,590,2026-09-11 21:56:08.967,1781.824722222222
Pulse experiments,pioreactor01,2026-09-11T16:11:08.973Z,0.25525390625,630,2026-09-11 21:56:08.973,1781.824722222222
Pulse experiments,pioreactor01,2026-09-11T16:11:08.977Z,0.13283203125,680,2026-09-11 21:56:08.977,1781.824722222222
Pulse experiments,pioreactor01,2026-09-11T16:11:13.931Z,0.02220703125,415,2026-09-11 21:56:13.931,1781.826111111111
Pulse experiments,pioreactor01,2026-09-11T16:11:13.936Z,0.1798046875,445,2026-09-11 21:56:13.936,1781.826111111111
Pulse experiments,pioreactor01,2026-09-11T16:11:13.943Z,0.1862890625,480,2026-09-11 21:56:13.943,1781.826111111111
Pulse experiments,pioreactor01,2026-09-11T16:11:13.952Z,0.219375,515,2026-09-11 21:56:13.952,1781.826111111111
Pulse experiments,pioreactor01,2026-09-11T16:11:13.960Z,0.2511328125,555,2026-09-11 21:56:13.960,1781.826111111111
Pulse experiments,pioreactor01,2026-09-11T16:11:13.967Z,0.2483984375,590,2026-09-11 21:56:13.967,1781.826111111111
Pulse experiments,pioreactor01,2026-09-11T16:11:13.972Z,0.25357421875,630,2026-09-11 21:56:13.972,1781.826111111111
Pulse experiments,pioreactor01,2026-09-11T16:11:13.977Z,0.131640625,680,2026-09-11 21:56:13.977,1781.826111111111
Pulse experiments,pioreactor01,2026-09-11T16:11:18.944Z,0.02224609375,415,2026-09-11 21:56:18.944,1781.8275
Pulse experiments,pioreactor01,2026-09-11T16:11:18.950Z,0.18064453125,445,2026-09-11 21:56:18.950,1781.8275
Pulse experiments,pioreactor01,2026-09-11T16:11:18.954Z,0.18701171875,480,2026-09-11 21:56:18.954,1781.8275
Pulse experiments,pioreactor01,2026-09-11T16:11:18.959Z,0.220234375,515,2026-09-11 21:56:18.959,1781.8275
Pulse experiments,pioreactor01,2026-09-11T16:11:18.962Z,0.25205078125,555,2026-09-11 21:56:18.962,1781.8275
Pulse experiments,pioreactor01,2026-09-11T16:11:18.968Z,0.2496875,590,2026-09-11 21:56:18.968,1781.8275
Pulse experiments,pioreactor01,2026-09-11T16:11:18.972Z,0.25455078125,630,2026-09-11 21:56:18.972,1781.8275
Pulse experiments,pioreactor01,2026-09-11T16:11:18.978Z,0.1319921875,680,2026-09-11 21:56:18.978,1781.8275
Pulse experiments,pioreactor01,2026-09-11T16:11:23.944Z,0.022109375,415,2026-09-11 21:56:23.944,1781.828888888889
Pulse experiments,pioreactor01,2026-09-11T16:11:23.953Z,0.17892578125,445,2026-09-11 21:56:23.953,1781.828888888889
Pulse experiments,pioreactor01,2026-09-11T16:11:23.960Z,0.1853515625,480,2026-09-11 21:56:23.960,1781.828888888889
Pulse experiments,pioreactor01,2026-09-11T16:11:23.979Z,0.218359375,515,2026-09-11 21:56:23.979,1781.828888888889
Pulse experiments,pioreactor01,2026-09-11T16:11:23.985Z,0.25052734375,555,2026-09-11 21:56:23.985,1781.828888888889
Pulse experiments,pioreactor01,2026-09-11T16:11:23.999Z,0.24775390625,590,2026-09-11 21:56:23.999,1781.828888888889
Pulse experiments,pioreactor01,2026-09-11T16:11:24.014Z,0.25314453125,630,2026-09-11 21:56:24.014,1781.829166666667
Pulse experiments,pioreactor01,2026-09-11T16:11:24.027Z,0.1316015625,680,2026-09-11 21:56:24.027,1781.829166666667
Pulse experiments,pioreactor01,2026-09-11T16:11:28.923Z,0.0210546875,415,2026-09-11 21:56:28.923,1781.830277777778
Pulse experiments,pioreactor01,2026-09-11T16:11:28.927Z,0.1678125,445,2026-09-11 21:56:28.927,1781.830277777778
Pulse experiments,pioreactor01,2026-09-11T16:11:28.933Z,0.1705078125,480,2026-09-11 21:56:28.933,1781.830277777778
Pulse experiments,pioreactor01,2026-09-11T16:11:28.937Z,0.2001953125,515,2026-09-11 21:56:28.937,1781.830277777778
Pulse experiments,pioreactor01,2026-09-11T16:11:28.943Z,0.2390625,555,2026-09-11 21:56:28.943,1781.830277777778
Pulse experiments,pioreactor01,2026-09-11T16:11:28.947Z,0.243046875,590,2026-09-11 21:56:28.947,1781.830277777778
Pulse experiments,pioreactor01,2026-09-11T16:11:28.954Z,0.24814453125,630,2026-09-11 21:56:28.954,1781.830277777778
Pulse experiments,pioreactor01,2026-09-11T16:11:28.959Z,0.1284765625,680,2026-09-11 21:56:28.959,1781.830277777778
Pulse experiments,pioreactor01,2026-09-11T16:11:33.950Z,0.021640625,415,2026-09-11 21:56:33.950,1781.831666666667
Pulse experiments,pioreactor01,2026-09-11T16:11:33.954Z,0.17396484375,445,2026-09-11 21:56:33.954,1781.831666666667
Pulse experiments,pioreactor01,2026-09-11T16:11:33.959Z,0.17701171875,480,2026-09-11 21:56:33.959,1781.831666666667
Pulse experiments,pioreactor01,2026-09-11T16:11:33.964Z,0.208046875,515,2026-09-11 21:56:33.964,1781.831666666667
Pulse experiments,pioreactor01,2026-09-11T16:11:33.969Z,0.24603515625,555,2026-09-11 21:56:33.969,1781.831666666667
Pulse experiments,pioreactor01,2026-09-11T16:11:33.975Z,0.2488671875,590,2026-09-11 21:56:33.975,1781.831666666667
Pulse experiments,pioreactor01,2026-09-11T16:11:33.980Z,0.2547265625,630,2026-09-11 21:56:33.980,1781.831666666667
Pulse experiments,pioreactor01,2026-09-11T16:11:33.985Z,0.1320703125,680,2026-09-11 21:56:33.985,1781.831666666667
Pulse experiments,pioreactor01,2026-09-11T16:11:38.952Z,0.02181640625,415,2026-09-11 21:56:38.952,1781.833055555556
Pulse experiments,pioreactor01,2026-09-11T16:11:38.958Z,0.17498046875,445,2026-09-11 21:56:38.958,1781.833055555556
Pulse experiments,pioreactor01,2026-09-11T16:11:38.963Z,0.17806640625,480,2026-09-11 21:56:38.963,1781.833055555556
Pulse experiments,pioreactor01,2026-09-11T16:11:38.969Z,0.20923828125,515,2026-09-11 21:56:38.969,1781.833055555556
Pulse experiments,pioreactor01,2026-09-11T16:11:38.975Z,0.2434765625,555,2026-09-11 21:56:38.975,1781.833055555556
Pulse experiments,pioreactor01,2026-09-11T16:11:38.978Z,0.2462109375,590,2026-09-11 21:56:38.978,1781.833055555556
Pulse experiments,pioreactor01,2026-09-11T16:11:38.985Z,0.25189453125,630,2026-09-11 21:56:38.985,1781.833055555556
Pulse experiments,pioreactor01,2026-09-11T16:11:38.993Z,0.1308203125,680,2026-09-11 21:56:38.993,1781.833055555556
Pulse experiments,pioreactor01,2026-09-11T16:11:43.930Z,0.0216015625,415,2026-09-11 21:56:43.930,1781.834444444444
Pulse experiments,pioreactor01,2026-09-11T16:11:43.934Z,0.17318359375,445,2026-09-11 21:56:43.934,1781.834444444444
Pulse experiments,pioreactor01,2026-09-11T16:11:43.940Z,0.1763671875,480,2026-09-11 21:56:43.940,1781.834444444444
Pulse experiments,pioreactor01,2026-09-11T16:11:43.946Z,0.2078515625,515,2026-09-11 21:56:43.946,1781.834444444444
Pulse experiments,pioreactor01,2026-09-11T16:11:43.950Z,0.2455078125,555,2026-09-11 21:56:43.950,1781.834444444444
Pulse experiments,pioreactor01,2026-09-11T16:11:43.956Z,0.24802734375,590,2026-09-11 21:56:43.956,1781.834444444444
Pulse experiments,pioreactor01,2026-09-11T16:11:43.962Z,0.2537109375,630,2026-09-11 21:56:43.962,1781.834444444444
Pulse experiments,pioreactor01,2026-09-11T16:11:43.969Z,0.13146484375,680,2026-09-11 21:56:43.969,1781.834444444444
Pulse experiments,pioreactor01,2026-09-11T16:11:48.927Z,0.02154296875,415,2026-09-11 21:56:48.927,1781.835833333333
Pulse experiments,pioreactor01,2026-09-11T16:11:48.937Z,0.17255859375,445,2026-09-11 21:56:48.937,1781.835833333333
Pulse experiments,pioreactor01,2026-09-11T16:11:48.945Z,0.1758203125,480,2026-09-11 21:56:48.945,1781.835833333333
Pulse experiments,pioreactor01,2026-09-11T16:11:48.954Z,0.2070703125,515,2026-09-11 21:56:48.954,1781.835833333333
Pulse experiments,pioreactor01,2026-09-11T16:11:48.962Z,0.245078125,555,2026-09-11 21:56:48.962,1781.835833333333
Pulse experiments,pioreactor01,2026-09-11T16:11:48.970Z,0.24810546875,590,2026-09-11 21:56:48.970,1781.835833333333
Pulse experiments,pioreactor01,2026-09-11T16:11:48.977Z,0.253515625,630,2026-09-11 21:56:48.977,1781.835833333333
Pulse experiments,pioreactor01,2026-09-11T16:11:48.986Z,0.13158203125,680,2026-09-11 21:56:48.986,1781.835833333333
Pulse experiments,pioreactor01,2026-09-11T16:11:53.920Z,0.0216796875,415,2026-09-11 21:56:53.920,1781.837222222222
Pulse experiments,pioreactor01,2026-09-11T16:11:53.923Z,0.174140625,445,2026-09-11 21:56:53.923,1781.837222222222
Pulse experiments,pioreactor01,2026-09-11T16:11:53.930Z,0.177265625,480,2026-09-11 21:56:53.930,1781.837222222222
Pulse experiments,pioreactor01,2026-09-11T16:11:53.934Z,0.20869140625,515,2026-09-11 21:56:53.934,1781.837222222222
Pulse experiments,pioreactor01,2026-09-11T16:11:53.939Z,0.24529296875,555,2026-09-11 21:56:53.939,1781.837222222222
Pulse experiments,pioreactor01,2026-09-11T16:11:53.944Z,0.24796875,590,2026-09-11 21:56:53.944,1781.837222222222
Pulse experiments,pioreactor01,2026-09-11T16:11:53.949Z,0.25361328125,630,2026-09-11 21:56:53.949,1781.837222222222
Pulse experiments,pioreactor01,2026-09-11T16:11:53.953Z,0.13162109375,680,2026-09-11 21:56:53.953,1781.837222222222
Pulse experiments,pioreactor01,2026-09-11T16:11:58.919Z,0.0215234375,415,2026-09-11 21:56:58.919,1781.838611111111
Pulse experiments,pioreactor01,2026-09-11T16:11:58.923Z,0.17283203125,445,2026-09-11 21:56:58.923,1781.838611111111
Pulse experiments,pioreactor01,2026-09-11T16:11:58.928Z,0.17634765625,480,2026-09-11 21:56:58.928,1781.838611111111
Pulse experiments,pioreactor01,2026-09-11T16:11:58.933Z,0.207421875,515,2026-09-11 21:56:58.933,1781.838611111111
Pulse experiments,pioreactor01,2026-09-11T16:11:58.939Z,0.2419140625,555,2026-09-11 21:56:58.939,1781.838611111111
Pulse experiments,pioreactor01,2026-09-11T16:11:58.943Z,0.243984375,590,2026-09-11 21:56:58.943,1781.838611111111
Pulse experiments,pioreactor01,2026-09-11T16:11:58.949Z,0.2497265625,630,2026-09-11 21:56:58.949,1781.838611111111
Pulse experiments,pioreactor01,2026-09-11T16:11:58.953Z,0.12935546875,680,2026-09-11 21:56:58.953,1781.838611111111
Pulse experiments,pioreactor01,2026-09-11T16:12:03.960Z,0.0218359375,415,2026-09-11 21:57:03.960,1781.84
Pulse experiments,pioreactor01,2026-09-11T16:12:03.965Z,0.1753125,445,2026-09-11 21:57:03.965,1781.84
Pulse experiments,pioreactor01,2026-09-11T16:12:03.971Z,0.178515625,480,2026-09-11 21:57:03.971,1781.84
Pulse experiments,pioreactor01,2026-09-11T16:12:03.975Z,0.2103125,515,2026-09-11 21:57:03.975,1781.84
Pulse experiments,pioreactor01,2026-09-11T16:12:03.980Z,0.24578125,555,2026-09-11 21:57:03.980,1781.84
Pulse experiments,pioreactor01,2026-09-11T16:12:03.986Z,0.24837890625,590,2026-09-11 21:57:03.986,1781.84
Pulse experiments,pioreactor01,2026-09-11T16:12:03.993Z,0.2540625,630,2026-09-11 21:57:03.993,1781.84
Pulse experiments,pioreactor01,2026-09-11T16:12:04.001Z,0.131796875,680,2026-09-11 21:57:04.001,1781.840277777778
Pulse experiments,pioreactor01,2026-09-11T16:12:08.917Z,0.0215234375,415,2026-09-11 21:57:08.917,1781.841388888889
Pulse experiments,pioreactor01,2026-09-11T16:12:08.925Z,0.17248046875,445,2026-09-11 21:57:08.925,1781.841388888889
Pulse experiments,pioreactor01,2026-09-11T16:12:08.930Z,0.176171875,480,2026-09-11 21:57:08.930,1781.841388888889
Pulse experiments,pioreactor01,2026-09-11T16:12:08.935Z,0.2071875,515,2026-09-11 21:57:08.935,1781.841388888889
Pulse experiments,pioreactor01,2026-09-11T16:12:08.939Z,0.24109375,555,2026-09-11 21:57:08.939,1781.841388888889
Pulse experiments,pioreactor01,2026-09-11T16:12:08.944Z,0.24359375,590,2026-09-11 21:57:08.944,1781.841388888889
Pulse experiments,pioreactor01,2026-09-11T16:12:08.949Z,0.24943359375,630,2026-09-11 21:57:08.949,1781.841388888889
Pulse experiments,pioreactor01,2026-09-11T16:12:08.953Z,0.129296875,680,2026-09-11 21:57:08.953,1781.841388888889
Pulse experiments,pioreactor01,2026-09-11T16:12:13.959Z,0.0215625,415,2026-09-11 21:57:13.959,1781.842777777778
Pulse experiments,pioreactor01,2026-09-11T16:12:13.968Z,0.17322265625,445,2026-09-11 21:57:13.968,1781.842777777778
Pulse experiments,pioreactor01,2026-09-11T16:12:13.972Z,0.17671875,480,2026-09-11 21:57:13.972,1781.842777777778
Pulse experiments,pioreactor01,2026-09-11T16:12:13.977Z,0.20810546875,515,2026-09-11 21:57:13.977,1781.842777777778
Pulse experiments,pioreactor01,2026-09-11T16:12:13.987Z,0.2450390625,555,2026-09-11 21:57:13.987,1781.842777777778
Pulse experiments,pioreactor01,2026-09-11T16:12:13.990Z,0.2475,590,2026-09-11 21:57:13.990,1781.842777777778
Pulse experiments,pioreactor01,2026-09-11T16:12:13.994Z,0.25337890625,630,2026-09-11 21:57:13.994,1781.842777777778
Pulse experiments,pioreactor01,2026-09-11T16:12:13.999Z,0.131171875,680,2026-09-11 21:57:13.999,1781.842777777778
Pulse experiments,pioreactor01,2026-09-11T16:12:18.920Z,0.02162109375,415,2026-09-11 21:57:18.920,1781.844166666667
Pulse experiments,pioreactor01,2026-09-11T16:12:18.925Z,0.1728125,445,2026-09-11 21:57:18.925,1781.844166666667
Pulse experiments,pioreactor01,2026-09-11T16:12:18.930Z,0.17646484375,480,2026-09-11 21:57:18.930,1781.844166666667
Pulse experiments,pioreactor01,2026-09-11T16:12:18.936Z,0.20759765625,515,2026-09-11 21:57:18.936,1781.844166666667
Pulse experiments,pioreactor01,2026-09-11T16:12:18.941Z,0.24458984375,555,2026-09-11 21:57:18.941,1781.844166666667
Pulse experiments,pioreactor01,2026-09-11T16:12:18.946Z,0.2475390625,590,2026-09-11 21:57:18.946,1781.844166666667
Pulse experiments,pioreactor01,2026-09-11T16:12:18.951Z,0.253359375,630,2026-09-11 21:57:18.951,1781.844166666667
Pulse experiments,pioreactor01,2026-09-11T16:12:18.956Z,0.1311328125,680,2026-09-11 21:57:18.956,1781.844166666667
Pulse experiments,pioreactor01,2026-09-11T16:12:23.921Z,0.02126953125,415,2026-09-11 21:57:23.921,1781.845555555556
Pulse experiments,pioreactor01,2026-09-11T16:12:23.926Z,0.1711328125,445,2026-09-11 21:57:23.926,1781.845555555556
Pulse experiments,pioreactor01,2026-09-11T16:12:23.933Z,0.1743359375,480,2026-09-11 21:57:23.933,1781.845555555556
Pulse experiments,pioreactor01,2026-09-11T16:12:23.938Z,0.2053125,515,2026-09-11 21:57:23.938,1781.845555555556
Pulse experiments,pioreactor01,2026-09-11T16:12:23.943Z,0.239921875,555,2026-09-11 21:57:23.943,1781.845555555556
Pulse experiments,pioreactor01,2026-09-11T16:12:23.947Z,0.24189453125,590,2026-09-11 21:57:23.947,1781.845555555556
Pulse experiments,pioreactor01,2026-09-11T16:12:23.952Z,0.24740234375,630,2026-09-11 21:57:23.952,1781.845555555556
Pulse experiments,pioreactor01,2026-09-11T16:12:23.956Z,0.128203125,680,2026-09-11 21:57:23.956,1781.845555555556
Pulse experiments,pioreactor01,2026-09-11T16:12:28.919Z,0.0217578125,415,2026-09-11 21:57:28.919,1781.846944444444
Pulse experiments,pioreactor01,2026-09-11T16:12:28.923Z,0.1744140625,445,2026-09-11 21:57:28.923,1781.846944444444
Pulse experiments,pioreactor01,2026-09-11T16:12:28.929Z,0.17814453125,480,2026-09-11 21:57:28.929,1781.846944444444
Pulse experiments,pioreactor01,2026-09-11T16:12:28.934Z,0.20958984375,515,2026-09-11 21:57:28.934,1781.846944444444
Pulse experiments,pioreactor01,2026-09-11T16:12:28.939Z,0.24349609375,555,2026-09-11 21:57:28.939,1781.846944444444
Pulse experiments,pioreactor01,2026-09-11T16:12:28.943Z,0.24603515625,590,2026-09-11 21:57:28.943,1781.846944444444
Pulse experiments,pioreactor01,2026-09-11T16:12:28.949Z,0.251640625,630,2026-09-11 21:57:28.949,1781.846944444444
Pulse experiments,pioreactor01,2026-09-11T16:12:28.953Z,0.13041015625,680,2026-09-11 21:57:28.953,1781.846944444444
Pulse experiments,pioreactor01,2026-09-11T16:12:33.929Z,0.021484375,415,2026-09-11 21:57:33.929,1781.848333333333
Pulse experiments,pioreactor01,2026-09-11T16:12:33.942Z,0.1725390625,445,2026-09-11 21:57:33.942,1781.848333333333
Pulse experiments,pioreactor01,2026-09-11T16:12:33.954Z,0.1759765625,480,2026-09-11 21:57:33.954,1781.848333333333
Pulse experiments,pioreactor01,2026-09-11T16:12:33.966Z,0.2069140625,515,2026-09-11 21:57:33.966,1781.848333333333
Pulse experiments,pioreactor01,2026-09-11T16:12:33.978Z,0.2402734375,555,2026-09-11 21:57:33.978,1781.848333333333
Pulse experiments,pioreactor01,2026-09-11T16:12:33.994Z,0.2428515625,590,2026-09-11 21:57:33.994,1781.848333333333
Pulse experiments,pioreactor01,2026-09-11T16:12:34.011Z,0.2477734375,630,2026-09-11 21:57:34.011,1781.848611111111
Pulse experiments,pioreactor01,2026-09-11T16:12:34.026Z,0.12841796875,680,2026-09-11 21:57:34.026,1781.848611111111
Pulse experiments,pioreactor01,2026-09-11T16:12:38.936Z,0.02158203125,415,2026-09-11 21:57:38.936,1781.849722222222
Pulse experiments,pioreactor01,2026-09-11T16:12:38.940Z,0.17318359375,445,2026-09-11 21:57:38.940,1781.849722222222
Pulse experiments,pioreactor01,2026-09-11T16:12:38.945Z,0.17642578125,480,2026-09-11 21:57:38.945,1781.849722222222
Pulse experiments,pioreactor01,2026-09-11T16:12:38.950Z,0.2077734375,515,2026-09-11 21:57:38.950,1781.849722222222
Pulse experiments,pioreactor01,2026-09-11T16:12:38.955Z,0.242265625,555,2026-09-11 21:57:38.955,1781.849722222222
Pulse experiments,pioreactor01,2026-09-11T16:12:38.960Z,0.2444140625,590,2026-09-11 21:57:38.960,1781.849722222222
Pulse experiments,pioreactor01,2026-09-11T16:12:38.964Z,0.250234375,630,2026-09-11 21:57:38.964,1781.849722222222
Pulse experiments,pioreactor01,2026-09-11T16:12:38.968Z,0.1297265625,680,2026-09-11 21:57:38.968,1781.849722222222
Pulse experiments,pioreactor01,2026-09-11T16:12:43.937Z,0.02138671875,415,2026-09-11 21:57:43.937,1781.851111111111
Pulse experiments,pioreactor01,2026-09-11T16:12:43.944Z,0.17189453125,445,2026-09-11 21:57:43.944,1781.851111111111
Pulse experiments,pioreactor01,2026-09-11T16:12:43.951Z,0.17541015625,480,2026-09-11 21:57:43.951,1781.851111111111
Pulse experiments,pioreactor01,2026-09-11T16:12:43.958Z,0.20619140625,515,2026-09-11 21:57:43.958,1781.851111111111
Pulse experiments,pioreactor01,2026-09-11T16:12:43.962Z,0.2388671875,555,2026-09-11 21:57:43.962,1781.851111111111
Pulse experiments,pioreactor01,2026-09-11T16:12:43.970Z,0.24138671875,590,2026-09-11 21:57:43.970,1781.851111111111
Pulse experiments,pioreactor01,2026-09-11T16:12:43.973Z,0.2464453125,630,2026-09-11 21:57:43.973,1781.851111111111
Pulse experiments,pioreactor01,2026-09-11T16:12:43.978Z,0.1278125,680,2026-09-11 21:57:43.978,1781.851111111111
Pulse experiments,pioreactor01,2026-09-11T16:12:48.917Z,0.021328125,415,2026-09-11 21:57:48.917,1781.8525
Pulse experiments,pioreactor01,2026-09-11T16:12:48.921Z,0.17107421875,445,2026-09-11 21:57:48.921,1781.8525
Pulse experiments,pioreactor01,2026-09-11T16:12:48.927Z,0.17435546875,480,2026-09-11 21:57:48.927,1781.8525
Pulse experiments,pioreactor01,2026-09-11T16:12:48.930Z,0.20529296875,515,2026-09-11 21:57:48.930,1781.8525
Pulse experiments,pioreactor01,2026-09-11T16:12:48.936Z,0.23939453125,555,2026-09-11 21:57:48.936,1781.8525
Pulse experiments,pioreactor01,2026-09-11T16:12:48.940Z,0.2416015625,590,2026-09-11 21:57:48.940,1781.8525
Pulse experiments,pioreactor01,2026-09-11T16:12:48.945Z,0.24705078125,630,2026-09-11 21:57:48.945,1781.8525
Pulse experiments,pioreactor01,2026-09-11T16:12:48.951Z,0.12833984375,680,2026-09-11 21:57:48.951,1781.8525
Pulse experiments,pioreactor01,2026-09-11T16:12:53.939Z,0.02134765625,415,2026-09-11 21:57:53.939,1781.853888888889
Pulse experiments,pioreactor01,2026-09-11T16:12:53.946Z,0.171328125,445,2026-09-11 21:57:53.946,1781.853888888889
Pulse experiments,pioreactor01,2026-09-11T16:12:53.957Z,0.17466796875,480,2026-09-11 21:57:53.957,1781.853888888889
Pulse experiments,pioreactor01,2026-09-11T16:12:53.959Z,0.20580078125,515,2026-09-11 21:57:53.959,1781.853888888889
Pulse experiments,pioreactor01,2026-09-11T16:12:53.963Z,0.23990234375,555,2026-09-11 21:57:53.963,1781.853888888889
Pulse experiments,pioreactor01,2026-09-11T16:12:53.973Z,0.24208984375,590,2026-09-11 21:57:53.973,1781.853888888889
Pulse experiments,pioreactor01,2026-09-11T16:12:53.982Z,0.24740234375,630,2026-09-11 21:57:53.982,1781.853888888889
Pulse experiments,pioreactor01,2026-09-11T16:12:53.990Z,0.12822265625,680,2026-09-11 21:57:53.990,1781.853888888889
Pulse experiments,pioreactor01,2026-09-11T16:12:58.957Z,0.02130859375,415,2026-09-11 21:57:58.957,1781.855277777778
Pulse experiments,pioreactor01,2026-09-11T16:12:58.960Z,0.1716015625,445,2026-09-11 21:57:58.960,1781.855277777778
Pulse experiments,pioreactor01,2026-09-11T16:12:58.967Z,0.17466796875,480,2026-09-11 21:57:58.967,1781.855277777778
Pulse experiments,pioreactor01,2026-09-11T16:12:58.972Z,0.20556640625,515,2026-09-11 21:57:58.972,1781.855277777778
Pulse experiments,pioreactor01,2026-09-11T16:12:58.979Z,0.2394140625,555,2026-09-11 21:57:58.979,1781.855277777778
Pulse experiments,pioreactor01,2026-09-11T16:12:58.983Z,0.24171875,590,2026-09-11 21:57:58.983,1781.855277777778
Pulse experiments,pioreactor01,2026-09-11T16:12:58.989Z,0.24712890625,630,2026-09-11 21:57:58.989,1781.855277777778
Pulse experiments,pioreactor01,2026-09-11T16:12:58.993Z,0.12814453125,680,2026-09-11 21:57:58.993,1781.855277777778
Pulse experiments,pioreactor01,2026-09-11T16:13:03.924Z,0.0212890625,415,2026-09-11 21:58:03.924,1781.856666666667
Pulse experiments,pioreactor01,2026-09-11T16:13:03.930Z,0.1706640625,445,2026-09-11 21:58:03.930,1781.856666666667
Pulse experiments,pioreactor01,2026-09-11T16:13:03.932Z,0.17380859375,480,2026-09-11 21:58:03.932,1781.856666666667
Pulse experiments,pioreactor01,2026-09-11T16:13:03.938Z,0.20458984375,515,2026-09-11 21:58:03.938,1781.856666666667
Pulse experiments,pioreactor01,2026-09-11T16:13:03.942Z,0.23921875,555,2026-09-11 21:58:03.942,1781.856666666667
Pulse experiments,pioreactor01,2026-09-11T16:13:03.948Z,0.24177734375,590,2026-09-11 21:58:03.948,1781.856666666667
Pulse experiments,pioreactor01,2026-09-11T16:13:03.953Z,0.2469140625,630,2026-09-11 21:58:03.953,1781.856666666667
Pulse experiments,pioreactor01,2026-09-11T16:13:03.958Z,0.12798828125,680,2026-09-11 21:58:03.958,1781.856666666667
Pulse experiments,pioreactor01,2026-09-11T16:13:08.934Z,0.021484375,415,2026-09-11 21:58:08.934,1781.858055555556
Pulse experiments,pioreactor01,2026-09-11T16:13:08.938Z,0.1724609375,445,2026-09-11 21:58:08.938,1781.858055555556
Pulse experiments,pioreactor01,2026-09-11T16:13:08.943Z,0.175703125,480,2026-09-11 21:58:08.943,1781.858055555556
Pulse experiments,pioreactor01,2026-09-11T16:13:08.947Z,0.20716796875,515,2026-09-11 21:58:08.947,1781.858055555556
Pulse experiments,pioreactor01,2026-09-11T16:13:08.956Z,0.24505859375,555,2026-09-11 21:58:08.956,1781.858055555556
Pulse experiments,pioreactor01,2026-09-11T16:13:08.960Z,0.2478125,590,2026-09-11 21:58:08.960,1781.858055555556
Pulse experiments,pioreactor01,2026-09-11T16:13:08.964Z,0.2532421875,630,2026-09-11 21:58:08.964,1781.858055555556
Pulse experiments,pioreactor01,2026-09-11T16:13:08.969Z,0.13142578125,680,2026-09-11 21:58:08.969,1781.858055555556
Pulse experiments,pioreactor01,2026-09-11T16:13:13.923Z,0.02126953125,415,2026-09-11 21:58:13.923,1781.859444444445
Pulse experiments,pioreactor01,2026-09-11T16:13:13.928Z,0.17046875,445,2026-09-11 21:58:13.928,1781.859444444445
Pulse experiments,pioreactor01,2026-09-11T16:13:13.933Z,0.17375,480,2026-09-11 21:58:13.933,1781.859444444445
Pulse experiments,pioreactor01,2026-09-11T16:13:13.939Z,0.204453125,515,2026-09-11 21:58:13.939,1781.859444444445
Pulse experiments,pioreactor01,2026-09-11T16:13:13.946Z,0.23970703125,555,2026-09-11 21:58:13.946,1781.859444444445
Pulse experiments,pioreactor01,2026-09-11T16:13:13.952Z,0.24234375,590,2026-09-11 21:58:13.952,1781.859444444445
Pulse experiments,pioreactor01,2026-09-11T16:13:13.962Z,0.24751953125,630,2026-09-11 21:58:13.962,1781.859444444445
Pulse experiments,pioreactor01,2026-09-11T16:13:13.971Z,0.128203125,680,2026-09-11 21:58:13.971,1781.859444444445
Pulse experiments,pioreactor01,2026-09-11T16:13:18.928Z,0.02138671875,415,2026-09-11 21:58:18.928,1781.860833333333
Pulse experiments,pioreactor01,2026-09-11T16:13:18.932Z,0.17166015625,445,2026-09-11 21:58:18.932,1781.860833333333
Pulse experiments,pioreactor01,2026-09-11T16:13:18.937Z,0.17490234375,480,2026-09-11 21:58:18.937,1781.860833333333
Pulse experiments,pioreactor01,2026-09-11T16:13:18.943Z,0.205859375,515,2026-09-11 21:58:18.943,1781.860833333333
Pulse experiments,pioreactor01,2026-09-11T16:13:18.949Z,0.23923828125,555,2026-09-11 21:58:18.949,1781.860833333333
Pulse experiments,pioreactor01,2026-09-11T16:13:18.953Z,0.2415234375,590,2026-09-11 21:58:18.953,1781.860833333333
Pulse experiments,pioreactor01,2026-09-11T16:13:18.960Z,0.246953125,630,2026-09-11 21:58:18.960,1781.860833333333
Pulse experiments,pioreactor01,2026-09-11T16:13:18.973Z,0.1280078125,680,2026-09-11 21:58:18.973,1781.860833333333
Pulse experiments,pioreactor01,2026-09-11T16:13:23.920Z,0.0213671875,415,2026-09-11 21:58:23.920,1781.862222222222
Pulse experiments,pioreactor01,2026-09-11T16:13:23.924Z,0.1715625,445,2026-09-11 21:58:23.924,1781.862222222222
Pulse experiments,pioreactor01,2026-09-11T16:13:23.931Z,0.17474609375,480,2026-09-11 21:58:23.931,1781.862222222222
Pulse experiments,pioreactor01,2026-09-11T16:13:23.935Z,0.20587890625,515,2026-09-11 21:58:23.935,1781.862222222222
Pulse experiments,pioreactor01,2026-09-11T16:13:23.940Z,0.2394921875,555,2026-09-11 21:58:23.940,1781.862222222222
Pulse experiments,pioreactor01,2026-09-11T16:13:23.945Z,0.24169921875,590,2026-09-11 21:58:23.945,1781.862222222222
Pulse experiments,pioreactor01,2026-09-11T16:13:23.950Z,0.2471875,630,2026-09-11 21:58:23.950,1781.862222222222
Pulse experiments,pioreactor01,2026-09-11T16:13:23.955Z,0.128125,680,2026-09-11 21:58:23.955,1781.862222222222
Pulse experiments,pioreactor01,2026-09-11T16:13:28.936Z,0.02138671875,415,2026-09-11 21:58:28.936,1781.863611111111
Pulse experiments,pioreactor01,2026-09-11T16:13:28.944Z,0.17158203125,445,2026-09-11 21:58:28.944,1781.863611111111
Pulse experiments,pioreactor01,2026-09-11T16:13:28.952Z,0.17513671875,480,2026-09-11 21:58:28.952,1781.863611111111
Pulse experiments,pioreactor01,2026-09-11T16:13:28.959Z,0.2059375,515,2026-09-11 21:58:28.959,1781.863611111111
Pulse experiments,pioreactor01,2026-09-11T16:13:28.962Z,0.23935546875,555,2026-09-11 21:58:28.962,1781.863611111111
Pulse experiments,pioreactor01,2026-09-11T16:13:28.966Z,0.24154296875,590,2026-09-11 21:58:28.966,1781.863611111111
Pulse experiments,pioreactor01,2026-09-11T16:13:28.972Z,0.246796875,630,2026-09-11 21:58:28.972,1781.863611111111
Pulse experiments,pioreactor01,2026-09-11T16:13:28.978Z,0.12810546875,680,2026-09-11 21:58:28.978,1781.863611111111
Pulse experiments,pioreactor01,2026-09-11T16:13:33.922Z,0.02130859375,415,2026-09-11 21:58:33.922,1781.865
Pulse experiments,pioreactor01,2026-09-11T16:13:33.927Z,0.17107421875,445,2026-09-11 21:58:33.927,1781.865
Pulse experiments,pioreactor01,2026-09-11T16:13:33.930Z,0.1743359375,480,2026-09-11 21:58:33.930,1781.865
Pulse experiments,pioreactor01,2026-09-11T16:13:33.937Z,0.20505859375,515,2026-09-11 21:58:33.937,1781.865
Pulse experiments,pioreactor01,2026-09-11T16:13:33.941Z,0.23927734375,555,2026-09-11 21:58:33.941,1781.865
Pulse experiments,pioreactor01,2026-09-11T16:13:33.945Z,0.24138671875,590,2026-09-11 21:58:33.945,1781.865
Pulse experiments,pioreactor01,2026-09-11T16:13:33.949Z,0.2467578125,630,2026-09-11 21:58:33.949,1781.865
Pulse experiments,pioreactor01,2026-09-11T16:13:33.955Z,0.12818359375,680,2026-09-11 21:58:33.955,1781.865
Pulse experiments,pioreactor01,2026-09-11T16:13:38.974Z,0.02123046875,415,2026-09-11 21:58:38.974,1781.866388888889
Pulse experiments,pioreactor01,2026-09-11T16:13:40.379Z,0.17076171875,445,2026-09-11 21:58:40.379,1781.866944444444
Pulse experiments,pioreactor01,2026-09-11T16:13:40.959Z,0.17421875,480,2026-09-11 21:58:40.959,1781.866944444444
Pulse experiments,pioreactor01,2026-09-11T16:13:40.962Z,0.20474609375,515,2026-09-11 21:58:40.962,1781.866944444444
Pulse experiments,pioreactor01,2026-09-11T16:13:40.963Z,0.238828125,555,2026-09-11 21:58:40.963,1781.866944444444
Pulse experiments,pioreactor01,2026-09-11T16:13:40.968Z,0.24083984375,590,2026-09-11 21:58:40.968,1781.866944444444
Pulse experiments,pioreactor01,2026-09-11T16:13:40.975Z,0.2460546875,630,2026-09-11 21:58:40.975,1781.866944444444
Pulse experiments,pioreactor01,2026-09-11T16:13:40.976Z,0.12771484375,680,2026-09-11 21:58:40.976,1781.866944444444
Pulse experiments,pioreactor01,2026-09-11T16:13:43.920Z,0.02125,415,2026-09-11 21:58:43.920,1781.867777777778
Pulse experiments,pioreactor01,2026-09-11T16:13:43.925Z,0.17080078125,445,2026-09-11 21:58:43.925,1781.867777777778
Pulse experiments,pioreactor01,2026-09-11T16:13:43.929Z,0.1740625,480,2026-09-11 21:58:43.929,1781.867777777778
Pulse experiments,pioreactor01,2026-09-11T16:13:43.935Z,0.20498046875,515,2026-09-11 21:58:43.935,1781.867777777778
Pulse experiments,pioreactor01,2026-09-11T16:13:43.940Z,0.2385546875,555,2026-09-11 21:58:43.940,1781.867777777778
Pulse experiments,pioreactor01,2026-09-11T16:13:43.944Z,0.2407421875,590,2026-09-11 21:58:43.944,1781.867777777778
Pulse experiments,pioreactor01,2026-09-11T16:13:43.948Z,0.24587890625,630,2026-09-11 21:58:43.948,1781.867777777778
Pulse experiments,pioreactor01,2026-09-11T16:13:43.953Z,0.12763671875,680,2026-09-11 21:58:43.953,1781.867777777778
Pulse experiments,pioreactor01,2026-09-11T16:13:48.947Z,0.02123046875,415,2026-09-11 21:58:48.947,1781.869166666667
Pulse experiments,pioreactor01,2026-09-11T16:13:48.951Z,0.1701953125,445,2026-09-11 21:58:48.951,1781.869166666667
Pulse experiments,pioreactor01,2026-09-11T16:13:48.956Z,0.173515625,480,2026-09-11 21:58:48.956,1781.869166666667
Pulse experiments,pioreactor01,2026-09-11T16:13:48.961Z,0.20392578125,515,2026-09-11 21:58:48.961,1781.869166666667
Pulse experiments,pioreactor01,2026-09-11T16:13:48.966Z,0.238046875,555,2026-09-11 21:58:48.966,1781.869166666667
Pulse experiments,pioreactor01,2026-09-11T16:13:48.971Z,0.24041015625,590,2026-09-11 21:58:48.971,1781.869166666667
Pulse experiments,pioreactor01,2026-09-11T16:13:48.976Z,0.245234375,630,2026-09-11 21:58:48.976,1781.869166666667
Pulse experiments,pioreactor01,2026-09-11T16:13:48.981Z,0.12732421875,680,2026-09-11 21:58:48.981,1781.869166666667
Pulse experiments,pioreactor01,2026-09-11T16:13:53.951Z,0.02126953125,415,2026-09-11 21:58:53.951,1781.870555555555
Pulse experiments,pioreactor01,2026-09-11T16:13:53.955Z,0.1707421875,445,2026-09-11 21:58:53.955,1781.870555555555
Pulse experiments,pioreactor01,2026-09-11T16:13:53.961Z,0.17412109375,480,2026-09-11 21:58:53.961,1781.870555555555
Pulse experiments,pioreactor01,2026-09-11T16:13:53.965Z,0.20474609375,515,2026-09-11 21:58:53.965,1781.870555555555
Pulse experiments,pioreactor01,2026-09-11T16:13:53.971Z,0.23814453125,555,2026-09-11 21:58:53.971,1781.870555555555
Pulse experiments,pioreactor01,2026-09-11T16:13:53.975Z,0.240625,590,2026-09-11 21:58:53.975,1781.870555555555
Pulse experiments,pioreactor01,2026-09-11T16:13:53.980Z,0.24556640625,630,2026-09-11 21:58:53.980,1781.870555555555
Pulse experiments,pioreactor01,2026-09-11T16:13:53.989Z,0.127421875,680,2026-09-11 21:58:53.989,1781.870555555555
Pulse experiments,pioreactor01,2026-09-11T16:13:58.960Z,0.0212109375,415,2026-09-11 21:58:58.960,1781.871944444444
Pulse experiments,pioreactor01,2026-09-11T16:13:58.964Z,0.17025390625,445,2026-09-11 21:58:58.964,1781.871944444444
Pulse experiments,pioreactor01,2026-09-11T16:13:58.971Z,0.1734765625,480,2026-09-11 21:58:58.971,1781.871944444444
Pulse experiments,pioreactor01,2026-09-11T16:13:58.977Z,0.204375,515,2026-09-11 21:58:58.977,1781.871944444444
Pulse experiments,pioreactor01,2026-09-11T16:13:58.982Z,0.23798828125,555,2026-09-11 21:58:58.982,1781.871944444444
Pulse experiments,pioreactor01,2026-09-11T16:13:58.986Z,0.2400390625,590,2026-09-11 21:58:58.986,1781.871944444444
Pulse experiments,pioreactor01,2026-09-11T16:13:58.995Z,0.24529296875,630,2026-09-11 21:58:58.995,1781.871944444444
Pulse experiments,pioreactor01,2026-09-11T16:13:58.999Z,0.12728515625,680,2026-09-11 21:58:58.999,1781.871944444444
Pulse experiments,pioreactor01,2026-09-11T16:14:03.936Z,0.02123046875,415,2026-09-11 21:59:03.936,1781.873333333333
Pulse experiments,pioreactor01,2026-09-11T16:14:03.957Z,0.17015625,445,2026-09-11 21:59:03.957,1781.873333333333
Pulse experiments,pioreactor01,2026-09-11T16:14:03.971Z,0.17345703125,480,2026-09-11 21:59:03.971,1781.873333333333
Pulse experiments,pioreactor01,2026-09-11T16:14:03.984Z,0.2041015625,515,2026-09-11 21:59:03.984,1781.873333333333
Pulse experiments,pioreactor01,2026-09-11T16:14:03.995Z,0.2385546875,555,2026-09-11 21:59:03.995,1781.873333333333
Pulse experiments,pioreactor01,2026-09-11T16:14:04.015Z,0.24044921875,590,2026-09-11 21:59:04.015,1781.873611111111
Pulse experiments,pioreactor01,2026-09-11T16:14:04.037Z,0.246015625,630,2026-09-11 21:59:04.037,1781.873611111111
Pulse experiments,pioreactor01,2026-09-11T16:14:04.055Z,0.12755859375,680,2026-09-11 21:59:04.055,1781.873611111111
Pulse experiments,pioreactor01,2026-09-11T16:14:08.942Z,0.0212109375,415,2026-09-11 21:59:08.942,1781.874722222222
Pulse experiments,pioreactor01,2026-09-11T16:14:08.949Z,0.170234375,445,2026-09-11 21:59:08.949,1781.874722222222
Pulse experiments,pioreactor01,2026-09-11T16:14:08.955Z,0.173515625,480,2026-09-11 21:59:08.955,1781.874722222222
Pulse experiments,pioreactor01,2026-09-11T16:14:08.962Z,0.20419921875,515,2026-09-11 21:59:08.962,1781.874722222222
Pulse experiments,pioreactor01,2026-09-11T16:14:08.967Z,0.23806640625,555,2026-09-11 21:59:08.967,1781.874722222222
Pulse experiments,pioreactor01,2026-09-11T16:14:08.971Z,0.24033203125,590,2026-09-11 21:59:08.971,1781.874722222222
Pulse experiments,pioreactor01,2026-09-11T16:14:08.975Z,0.24580078125,630,2026-09-11 21:59:08.975,1781.874722222222
Pulse experiments,pioreactor01,2026-09-11T16:14:08.980Z,0.12748046875,680,2026-09-11 21:59:08.980,1781.874722222222
Pulse experiments,pioreactor01,2026-09-11T16:14:13.950Z,0.0201171875,415,2026-09-11 21:59:13.950,1781.876111111111
Pulse experiments,pioreactor01,2026-09-11T16:14:13.956Z,0.1569140625,445,2026-09-11 21:59:13.956,1781.876111111111
Pulse experiments,pioreactor01,2026-09-11T16:14:13.969Z,0.1562109375,480,2026-09-11 21:59:13.969,1781.876111111111
Pulse experiments,pioreactor01,2026-09-11T16:14:13.976Z,0.18345703125,515,2026-09-11 21:59:13.976,1781.876111111111
Pulse experiments,pioreactor01,2026-09-11T16:14:13.982Z,0.22625,555,2026-09-11 21:59:13.982,1781.876111111111
Pulse experiments,pioreactor01,2026-09-11T16:14:13.988Z,0.2392578125,590,2026-09-11 21:59:13.988,1781.876111111111
Pulse experiments,pioreactor01,2026-09-11T16:14:13.994Z,0.245546875,630,2026-09-11 21:59:13.994,1781.876111111111
Pulse experiments,pioreactor01,2026-09-11T16:14:14.001Z,0.1267578125,680,2026-09-11 21:59:14.001,1781.876388888889
Pulse experiments,pioreactor01,2026-09-11T16:14:18.924Z,0.0200390625,415,2026-09-11 21:59:18.924,1781.8775
Pulse experiments,pioreactor01,2026-09-11T16:14:18.934Z,0.157578125,445,2026-09-11 21:59:18.934,1781.8775
Pulse experiments,pioreactor01,2026-09-11T16:14:18.937Z,0.15572265625,480,2026-09-11 21:59:18.937,1781.8775
Pulse experiments,pioreactor01,2026-09-11T16:14:18.955Z,0.1836328125,515,2026-09-11 21:59:18.955,1781.8775
Pulse experiments,pioreactor01,2026-09-11T16:14:18.965Z,0.22587890625,555,2026-09-11 21:59:18.965,1781.8775
Pulse experiments,pioreactor01,2026-09-11T16:14:18.976Z,0.23861328125,590,2026-09-11 21:59:18.976,1781.8775
Pulse experiments,pioreactor01,2026-09-11T16:14:18.986Z,0.24541015625,630,2026-09-11 21:59:18.986,1781.8775
Pulse experiments,pioreactor01,2026-09-11T16:14:18.994Z,0.126328125,680,2026-09-11 21:59:18.994,1781.8775
Pulse experiments,pioreactor01,2026-09-11T16:14:23.929Z,0.020078125,415,2026-09-11 21:59:23.929,1781.878888888889
Pulse experiments,pioreactor01,2026-09-11T16:14:23.935Z,0.15755859375,445,2026-09-11 21:59:23.935,1781.878888888889
Pulse experiments,pioreactor01,2026-09-11T16:14:23.939Z,0.15576171875,480,2026-09-11 21:59:23.939,1781.878888888889
Pulse experiments,pioreactor01,2026-09-11T16:14:23.944Z,0.18380859375,515,2026-09-11 21:59:23.944,1781.878888888889
Pulse experiments,pioreactor01,2026-09-11T16:14:23.949Z,0.22466796875,555,2026-09-11 21:59:23.949,1781.878888888889
Pulse experiments,pioreactor01,2026-09-11T16:14:23.955Z,0.23642578125,590,2026-09-11 21:59:23.955,1781.878888888889
Pulse experiments,pioreactor01,2026-09-11T16:14:23.958Z,0.242734375,630,2026-09-11 21:59:23.958,1781.878888888889
Pulse experiments,pioreactor01,2026-09-11T16:14:23.964Z,0.12515625,680,2026-09-11 21:59:23.964,1781.878888888889
Pulse experiments,pioreactor01,2026-09-11T16:14:28.920Z,0.02017578125,415,2026-09-11 21:59:28.920,1781.880277777778
Pulse experiments,pioreactor01,2026-09-11T16:14:28.926Z,0.15763671875,445,2026-09-11 21:59:28.926,1781.880277777778
Pulse experiments,pioreactor01,2026-09-11T16:14:28.929Z,0.15603515625,480,2026-09-11 21:59:28.929,1781.880277777778
Pulse experiments,pioreactor01,2026-09-11T16:14:28.935Z,0.18423828125,515,2026-09-11 21:59:28.935,1781.880277777778
Pulse experiments,pioreactor01,2026-09-11T16:14:28.940Z,0.22490234375,555,2026-09-11 21:59:28.940,1781.880277777778
Pulse experiments,pioreactor01,2026-09-11T16:14:28.946Z,0.23669921875,590,2026-09-11 21:59:28.946,1781.880277777778
Pulse experiments,pioreactor01,2026-09-11T16:14:28.952Z,0.243359375,630,2026-09-11 21:59:28.952,1781.880277777778
Pulse experiments,pioreactor01,2026-09-11T16:14:28.958Z,0.12533203125,680,2026-09-11 21:59:28.958,1781.880277777778
Pulse experiments,pioreactor01,2026-09-11T16:14:33.934Z,0.02013671875,415,2026-09-11 21:59:33.934,1781.881666666667
Pulse experiments,pioreactor01,2026-09-11T16:14:33.939Z,0.15794921875,445,2026-09-11 21:59:33.939,1781.881666666667
Pulse experiments,pioreactor01,2026-09-11T16:14:33.945Z,0.15638671875,480,2026-09-11 21:59:33.945,1781.881666666667
Pulse experiments,pioreactor01,2026-09-11T16:14:33.951Z,0.18451171875,515,2026-09-11 21:59:33.951,1781.881666666667
Pulse experiments,pioreactor01,2026-09-11T16:14:33.956Z,0.2252734375,555,2026-09-11 21:59:33.956,1781.881666666667
Pulse experiments,pioreactor01,2026-09-11T16:14:33.966Z,0.23669921875,590,2026-09-11 21:59:33.966,1781.881666666667
Pulse experiments,pioreactor01,2026-09-11T16:14:33.971Z,0.24322265625,630,2026-09-11 21:59:33.971,1781.881666666667
Pulse experiments,pioreactor01,2026-09-11T16:14:33.980Z,0.12537109375,680,2026-09-11 21:59:33.980,1781.881666666667
Pulse experiments,pioreactor01,2026-09-11T16:14:38.924Z,0.02021484375,415,2026-09-11 21:59:38.924,1781.883055555556
Pulse experiments,pioreactor01,2026-09-11T16:14:38.930Z,0.1580078125,445,2026-09-11 21:59:38.930,1781.883055555556
Pulse experiments,pioreactor01,2026-09-11T16:14:38.935Z,0.1564453125,480,2026-09-11 21:59:38.935,1781.883055555556
Pulse experiments,pioreactor01,2026-09-11T16:14:38.939Z,0.184765625,515,2026-09-11 21:59:38.939,1781.883055555556
Pulse experiments,pioreactor01,2026-09-11T16:14:38.943Z,0.22484375,555,2026-09-11 21:59:38.943,1781.883055555556
Pulse experiments,pioreactor01,2026-09-11T16:14:38.948Z,0.2366015625,590,2026-09-11 21:59:38.948,1781.883055555556
Pulse experiments,pioreactor01,2026-09-11T16:14:38.953Z,0.2428515625,630,2026-09-11 21:59:38.953,1781.883055555556
Pulse experiments,pioreactor01,2026-09-11T16:14:38.958Z,0.1253515625,680,2026-09-11 21:59:38.958,1781.883055555556
Pulse experiments,pioreactor01,2026-09-11T16:14:43.922Z,0.0201953125,415,2026-09-11 21:59:43.922,1781.884444444444
Pulse experiments,pioreactor01,2026-09-11T16:14:43.926Z,0.15818359375,445,2026-09-11 21:59:43.926,1781.884444444444
Pulse experiments,pioreactor01,2026-09-11T16:14:43.929Z,0.1565625,480,2026-09-11 21:59:43.929,1781.884444444444
Pulse experiments,pioreactor01,2026-09-11T16:14:43.934Z,0.18525390625,515,2026-09-11 21:59:43.934,1781.884444444444
Pulse experiments,pioreactor01,2026-09-11T16:14:43.939Z,0.22521484375,555,2026-09-11 21:59:43.939,1781.884444444444
Pulse experiments,pioreactor01,2026-09-11T16:14:43.944Z,0.23662109375,590,2026-09-11 21:59:43.944,1781.884444444444
Pulse experiments,pioreactor01,2026-09-11T16:14:43.948Z,0.24310546875,630,2026-09-11 21:59:43.948,1781.884444444444
Pulse experiments,pioreactor01,2026-09-11T16:14:43.954Z,0.12552734375,680,2026-09-11 21:59:43.954,1781.884444444444
Pulse experiments,pioreactor01,2026-09-11T16:14:48.976Z,0.0201171875,415,2026-09-11 21:59:48.976,1781.885833333333
Pulse experiments,pioreactor01,2026-09-11T16:14:48.982Z,0.1576171875,445,2026-09-11 21:59:48.982,1781.885833333333
Pulse experiments,pioreactor01,2026-09-11T16:14:48.988Z,0.15599609375,480,2026-09-11 21:59:48.988,1781.885833333333
Pulse experiments,pioreactor01,2026-09-11T16:14:48.993Z,0.18423828125,515,2026-09-11 21:59:48.993,1781.885833333333
Pulse experiments,pioreactor01,2026-09-11T16:14:48.998Z,0.22466796875,555,2026-09-11 21:59:48.998,1781.885833333333
Pulse experiments,pioreactor01,2026-09-11T16:14:49.004Z,0.23625,590,2026-09-11 21:59:49.004,1781.886111111111
Pulse experiments,pioreactor01,2026-09-11T16:14:49.010Z,0.24251953125,630,2026-09-11 21:59:49.010,1781.886111111111
Pulse experiments,pioreactor01,2026-09-11T16:14:49.015Z,0.12515625,680,2026-09-11 21:59:49.015,1781.886111111111
Pulse experiments,pioreactor01,2026-09-11T16:14:53.967Z,0.020078125,415,2026-09-11 21:59:53.967,1781.887222222222
Pulse experiments,pioreactor01,2026-09-11T16:14:53.973Z,0.15744140625,445,2026-09-11 21:59:53.973,1781.887222222222
Pulse experiments,pioreactor01,2026-09-11T16:14:53.979Z,0.15568359375,480,2026-09-11 21:59:53.979,1781.887222222222
Pulse experiments,pioreactor01,2026-09-11T16:14:53.986Z,0.18404296875,515,2026-09-11 21:59:53.986,1781.887222222222
Pulse experiments,pioreactor01,2026-09-11T16:14:53.991Z,0.22501953125,555,2026-09-11 21:59:53.991,1781.887222222222
Pulse experiments,pioreactor01,2026-09-11T16:14:53.999Z,0.23640625,590,2026-09-11 21:59:53.999,1781.887222222222
Pulse experiments,pioreactor01,2026-09-11T16:14:54.006Z,0.24271484375,630,2026-09-11 21:59:54.006,1781.8875
Pulse experiments,pioreactor01,2026-09-11T16:14:54.011Z,0.12521484375,680,2026-09-11 21:59:54.011,1781.8875
Pulse experiments,pioreactor01,2026-09-11T16:14:58.917Z,0.02005859375,415,2026-09-11 21:59:58.917,1781.888611111111
Pulse experiments,pioreactor01,2026-09-11T16:14:58.922Z,0.1573046875,445,2026-09-11 21:59:58.922,1781.888611111111
Pulse experiments,pioreactor01,2026-09-11T16:14:58.926Z,0.15560546875,480,2026-09-11 21:59:58.926,1781.888611111111
Pulse experiments,pioreactor01,2026-09-11T16:14:58.933Z,0.1840234375,515,2026-09-11 21:59:58.933,1781.888611111111
Pulse experiments,pioreactor01,2026-09-11T16:14:58.936Z,0.22482421875,555,2026-09-11 21:59:58.936,1781.888611111111
Pulse experiments,pioreactor01,2026-09-11T16:14:58.942Z,0.23638671875,590,2026-09-11 21:59:58.942,1781.888611111111
Pulse experiments,pioreactor01,2026-09-11T16:14:58.947Z,0.24265625,630,2026-09-11 21:59:58.947,1781.888611111111
Pulse experiments,pioreactor01,2026-09-11T16:14:58.952Z,0.1253515625,680,2026-09-11 21:59:58.952,1781.888611111111
