experiment,pioreactor_unit,timestamp,reading,band,timestamp_localtime,hours_since_experiment_created
Pulse experiments,pioreactor01,2026-09-14T16:56:44.170Z,0.01962890625,415,2026-09-14 22:41:44.170,1854.584722222222
Pulse experiments,pioreactor01,2026-09-14T16:56:44.174Z,0.15666015625,445,2026-09-14 22:41:44.174,1854.584722222222
Pulse experiments,pioreactor01,2026-09-14T16:56:44.180Z,0.17015625,480,2026-09-14 22:41:44.180,1854.584722222222
Pulse experiments,pioreactor01,2026-09-14T16:56:44.185Z,0.19919921875,515,2026-09-14 22:41:44.185,1854.584722222222
Pulse experiments,pioreactor01,2026-09-14T16:56:44.192Z,0.229453125,555,2026-09-14 22:41:44.192,1854.584722222222
Pulse experiments,pioreactor01,2026-09-14T16:56:44.195Z,0.22724609375,590,2026-09-14 22:41:44.195,1854.584722222222
Pulse experiments,pioreactor01,2026-09-14T16:56:44.201Z,0.2336328125,630,2026-09-14 22:41:44.201,1854.584722222222
Pulse experiments,pioreactor01,2026-09-14T16:56:44.205Z,0.1223046875,680,2026-09-14 22:41:44.205,1854.584722222222
Pulse experiments,pioreactor01,2026-09-14T16:56:49.172Z,0.0196875,415,2026-09-14 22:41:49.172,1854.586111111111
Pulse experiments,pioreactor01,2026-09-14T16:56:49.176Z,0.15681640625,445,2026-09-14 22:41:49.176,1854.586111111111
Pulse experiments,pioreactor01,2026-09-14T16:56:49.182Z,0.17033203125,480,2026-09-14 22:41:49.182,1854.586111111111
Pulse experiments,pioreactor01,2026-09-14T16:56:49.187Z,0.199765625,515,2026-09-14 22:41:49.187,1854.586111111111
Pulse experiments,pioreactor01,2026-09-14T16:56:49.191Z,0.230078125,555,2026-09-14 22:41:49.191,1854.586111111111
Pulse experiments,pioreactor01,2026-09-14T16:56:49.196Z,0.22771484375,590,2026-09-14 22:41:49.196,1854.586111111111
Pulse experiments,pioreactor01,2026-09-14T16:56:49.200Z,0.23416015625,630,2026-09-14 22:41:49.200,1854.586111111111
Pulse experiments,pioreactor01,2026-09-14T16:56:49.205Z,0.1225390625,680,2026-09-14 22:41:49.205,1854.586111111111
Pulse experiments,pioreactor01,2026-09-14T16:56:54.174Z,0.0197265625,415,2026-09-14 22:41:54.174,1854.5875
Pulse experiments,pioreactor01,2026-09-14T16:56:54.177Z,0.1569921875,445,2026-09-14 22:41:54.177,1854.5875
Pulse experiments,pioreactor01,2026-09-14T16:56:54.182Z,0.1704296875,480,2026-09-14 22:41:54.182,1854.5875
Pulse experiments,pioreactor01,2026-09-14T16:56:54.187Z,0.19998046875,515,2026-09-14 22:41:54.187,1854.5875
Pulse experiments,pioreactor01,2026-09-14T16:56:54.191Z,0.23017578125,555,2026-09-14 22:41:54.191,1854.5875
Pulse experiments,pioreactor01,2026-09-14T16:56:54.196Z,0.22783203125,590,2026-09-14 22:41:54.196,1854.5875
Pulse experiments,pioreactor01,2026-09-14T16:56:54.200Z,0.23400390625,630,2026-09-14 22:41:54.200,1854.5875
Pulse experiments,pioreactor01,2026-09-14T16:56:54.205Z,0.12263671875,680,2026-09-14 22:41:54.205,1854.5875
Pulse experiments,pioreactor01,2026-09-14T16:56:59.170Z,0.01970703125,415,2026-09-14 22:41:59.170,1854.588888888889
Pulse experiments,pioreactor01,2026-09-14T16:56:59.174Z,0.15716796875,445,2026-09-14 22:41:59.174,1854.588888888889
Pulse experiments,pioreactor01,2026-09-14T16:56:59.179Z,0.1705078125,480,2026-09-14 22:41:59.179,1854.588888888889
Pulse experiments,pioreactor01,2026-09-14T16:56:59.183Z,0.200078125,515,2026-09-14 22:41:59.183,1854.588888888889
Pulse experiments,pioreactor01,2026-09-14T16:56:59.188Z,0.22986328125,555,2026-09-14 22:41:59.188,1854.588888888889
Pulse experiments,pioreactor01,2026-09-14T16:56:59.193Z,0.22779296875,590,2026-09-14 22:41:59.193,1854.588888888889
Pulse experiments,pioreactor01,2026-09-14T16:56:59.197Z,0.2340234375,630,2026-09-14 22:41:59.197,1854.588888888889
Pulse experiments,pioreactor01,2026-09-14T16:56:59.201Z,0.12236328125,680,2026-09-14 22:41:59.201,1854.588888888889
Pulse experiments,pioreactor01,2026-09-14T16:57:04.173Z,0.0197265625,415,2026-09-14 22:42:04.173,1854.590277777778
Pulse experiments,pioreactor01,2026-09-14T16:57:04.177Z,0.15724609375,445,2026-09-14 22:42:04.177,1854.590277777778
Pulse experiments,pioreactor01,2026-09-14T16:57:04.182Z,0.17056640625,480,2026-09-14 22:42:04.182,1854.590277777778
Pulse experiments,pioreactor01,2026-09-14T16:57:04.187Z,0.20009765625,515,2026-09-14 22:42:04.187,1854.590277777778
Pulse experiments,pioreactor01,2026-09-14T16:57:04.193Z,0.23009765625,555,2026-09-14 22:42:04.193,1854.590277777778
Pulse experiments,pioreactor01,2026-09-14T16:57:04.197Z,0.22830078125,590,2026-09-14 22:42:04.197,1854.590277777778
Pulse experiments,pioreactor01,2026-09-14T16:57:04.201Z,0.2344921875,630,2026-09-14 22:42:04.201,1854.590277777778
Pulse experiments,pioreactor01,2026-09-14T16:57:04.206Z,0.1227734375,680,2026-09-14 22:42:04.206,1854.590277777778
Pulse experiments,pioreactor01,2026-09-14T16:57:09.170Z,0.01974609375,415,2026-09-14 22:42:09.170,1854.591666666667
Pulse experiments,pioreactor01,2026-09-14T16:57:09.175Z,0.1571875,445,2026-09-14 22:42:09.175,1854.591666666667
Pulse experiments,pioreactor01,2026-09-14T16:57:09.179Z,0.17091796875,480,2026-09-14 22:42:09.179,1854.591666666667
Pulse experiments,pioreactor01,2026-09-14T16:57:09.186Z,0.20021484375,515,2026-09-14 22:42:09.186,1854.591666666667
Pulse experiments,pioreactor01,2026-09-14T16:57:09.189Z,0.23052734375,555,2026-09-14 22:42:09.189,1854.591666666667
Pulse experiments,pioreactor01,2026-09-14T16:57:09.194Z,0.2282421875,590,2026-09-14 22:42:09.194,1854.591666666667
Pulse experiments,pioreactor01,2026-09-14T16:57:09.199Z,0.2344140625,630,2026-09-14 22:42:09.199,1854.591666666667
Pulse experiments,pioreactor01,2026-09-14T16:57:09.202Z,0.12287109375,680,2026-09-14 22:42:09.202,1854.591666666667
Pulse experiments,pioreactor01,2026-09-14T16:57:14.169Z,0.019765625,415,2026-09-14 22:42:14.169,1854.593055555556
Pulse experiments,pioreactor01,2026-09-14T16:57:14.173Z,0.15716796875,445,2026-09-14 22:42:14.173,1854.593055555556
Pulse experiments,pioreactor01,2026-09-14T16:57:14.179Z,0.17064453125,480,2026-09-14 22:42:14.179,1854.593055555556
Pulse experiments,pioreactor01,2026-09-14T16:57:14.182Z,0.20037109375,515,2026-09-14 22:42:14.182,1854.593055555556
Pulse experiments,pioreactor01,2026-09-14T16:57:14.188Z,0.22974609375,555,2026-09-14 22:42:14.188,1854.593055555556
Pulse experiments,pioreactor01,2026-09-14T16:57:14.193Z,0.22765625,590,2026-09-14 22:42:14.193,1854.593055555556
Pulse experiments,pioreactor01,2026-09-14T16:57:14.199Z,0.2338671875,630,2026-09-14 22:42:14.199,1854.593055555556
Pulse experiments,pioreactor01,2026-09-14T16:57:14.204Z,0.12228515625,680,2026-09-14 22:42:14.204,1854.593055555556
Pulse experiments,pioreactor01,2026-09-14T16:57:19.172Z,0.0197265625,415,2026-09-14 22:42:19.172,1854.594444444444
Pulse experiments,pioreactor01,2026-09-14T16:57:19.176Z,0.15685546875,445,2026-09-14 22:42:19.176,1854.594444444444
Pulse experiments,pioreactor01,2026-09-14T16:57:19.181Z,0.17029296875,480,2026-09-14 22:42:19.181,1854.594444444444
Pulse experiments,pioreactor01,2026-09-14T16:57:19.186Z,0.19990234375,515,2026-09-14 22:42:19.186,1854.594444444444
Pulse experiments,pioreactor01,2026-09-14T16:57:19.190Z,0.2300390625,555,2026-09-14 22:42:19.190,1854.594444444444
Pulse experiments,pioreactor01,2026-09-14T16:57:19.195Z,0.22771484375,590,2026-09-14 22:42:19.195,1854.594444444444
Pulse experiments,pioreactor01,2026-09-14T16:57:19.200Z,0.23400390625,630,2026-09-14 22:42:19.200,1854.594444444444
Pulse experiments,pioreactor01,2026-09-14T16:57:19.206Z,0.1224609375,680,2026-09-14 22:42:19.206,1854.594444444444
Pulse experiments,pioreactor01,2026-09-14T16:57:24.173Z,0.019765625,415,2026-09-14 22:42:24.173,1854.595833333333
Pulse experiments,pioreactor01,2026-09-14T16:57:24.176Z,0.1573046875,445,2026-09-14 22:42:24.176,1854.595833333333
Pulse experiments,pioreactor01,2026-09-14T16:57:24.181Z,0.17076171875,480,2026-09-14 22:42:24.181,1854.595833333333
Pulse experiments,pioreactor01,2026-09-14T16:57:24.185Z,0.20048828125,515,2026-09-14 22:42:24.185,1854.595833333333
Pulse experiments,pioreactor01,2026-09-14T16:57:24.190Z,0.23052734375,555,2026-09-14 22:42:24.190,1854.595833333333
Pulse experiments,pioreactor01,2026-09-14T16:57:24.195Z,0.22833984375,590,2026-09-14 22:42:24.195,1854.595833333333
Pulse experiments,pioreactor01,2026-09-14T16:57:24.198Z,0.23431640625,630,2026-09-14 22:42:24.198,1854.595833333333
Pulse experiments,pioreactor01,2026-09-14T16:57:24.203Z,0.1227734375,680,2026-09-14 22:42:24.203,1854.595833333333
Pulse experiments,pioreactor01,2026-09-14T16:57:29.170Z,0.0197265625,415,2026-09-14 22:42:29.170,1854.597222222222
Pulse experiments,pioreactor01,2026-09-14T16:57:29.173Z,0.15701171875,445,2026-09-14 22:42:29.173,1854.597222222222
Pulse experiments,pioreactor01,2026-09-14T16:57:29.178Z,0.17021484375,480,2026-09-14 22:42:29.178,1854.597222222222
Pulse experiments,pioreactor01,2026-09-14T16:57:29.183Z,0.1998828125,515,2026-09-14 22:42:29.183,1854.597222222222
Pulse experiments,pioreactor01,2026-09-14T16:57:29.189Z,0.22955078125,555,2026-09-14 22:42:29.189,1854.597222222222
Pulse experiments,pioreactor01,2026-09-14T16:57:29.192Z,0.22734375,590,2026-09-14 22:42:29.192,1854.597222222222
Pulse experiments,pioreactor01,2026-09-14T16:57:29.197Z,0.2334375,630,2026-09-14 22:42:29.197,1854.597222222222
Pulse experiments,pioreactor01,2026-09-14T16:57:29.201Z,0.1220703125,680,2026-09-14 22:42:29.201,1854.597222222222
Pulse experiments,pioreactor01,2026-09-14T16:57:34.169Z,0.01974609375,415,2026-09-14 22:42:34.169,1854.598611111111
Pulse experiments,pioreactor01,2026-09-14T16:57:34.175Z,0.1570703125,445,2026-09-14 22:42:34.175,1854.598611111111
Pulse experiments,pioreactor01,2026-09-14T16:57:34.178Z,0.1702734375,480,2026-09-14 22:42:34.178,1854.598611111111
Pulse experiments,pioreactor01,2026-09-14T16:57:34.182Z,0.19984375,515,2026-09-14 22:42:34.182,1854.598611111111
Pulse experiments,pioreactor01,2026-09-14T16:57:34.188Z,0.23080078125,555,2026-09-14 22:42:34.188,1854.598611111111
Pulse experiments,pioreactor01,2026-09-14T16:57:34.191Z,0.22845703125,590,2026-09-14 22:42:34.191,1854.598611111111
Pulse experiments,pioreactor01,2026-09-14T16:57:34.197Z,0.23466796875,630,2026-09-14 22:42:34.197,1854.598611111111
Pulse experiments,pioreactor01,2026-09-14T16:57:34.200Z,0.12306640625,680,2026-09-14 22:42:34.200,1854.598611111111
Pulse experiments,pioreactor01,2026-09-14T16:57:39.171Z,0.0197265625,415,2026-09-14 22:42:39.171,1854.6
Pulse experiments,pioreactor01,2026-09-14T16:57:39.176Z,0.1570703125,445,2026-09-14 22:42:39.176,1854.6
Pulse experiments,pioreactor01,2026-09-14T16:57:39.181Z,0.170546875,480,2026-09-14 22:42:39.181,1854.6
Pulse experiments,pioreactor01,2026-09-14T16:57:39.186Z,0.2000390625,515,2026-09-14 22:42:39.186,1854.6
Pulse experiments,pioreactor01,2026-09-14T16:57:39.191Z,0.23068359375,555,2026-09-14 22:42:39.191,1854.6
Pulse experiments,pioreactor01,2026-09-14T16:57:39.196Z,0.22826171875,590,2026-09-14 22:42:39.196,1854.6
Pulse experiments,pioreactor01,2026-09-14T16:57:39.201Z,0.2346875,630,2026-09-14 22:42:39.201,1854.6
Pulse experiments,pioreactor01,2026-09-14T16:57:39.206Z,0.12287109375,680,2026-09-14 22:42:39.206,1854.6
Pulse experiments,pioreactor01,2026-09-14T16:57:44.170Z,0.01978515625,415,2026-09-14 22:42:44.170,1854.601388888889
Pulse experiments,pioreactor01,2026-09-14T16:57:44.175Z,0.157109375,445,2026-09-14 22:42:44.175,1854.601388888889
Pulse experiments,pioreactor01,2026-09-14T16:57:44.180Z,0.17044921875,480,2026-09-14 22:42:44.180,1854.601388888889
Pulse experiments,pioreactor01,2026-09-14T16:57:44.184Z,0.20001953125,515,2026-09-14 22:42:44.184,1854.601388888889
Pulse experiments,pioreactor01,2026-09-14T16:57:44.190Z,0.23072265625,555,2026-09-14 22:42:44.190,1854.601388888889
Pulse experiments,pioreactor01,2026-09-14T16:57:44.196Z,0.22833984375,590,2026-09-14 22:42:44.196,1854.601388888889
Pulse experiments,pioreactor01,2026-09-14T16:57:44.199Z,0.2347265625,630,2026-09-14 22:42:44.199,1854.601388888889
Pulse experiments,pioreactor01,2026-09-14T16:57:44.203Z,0.12283203125,680,2026-09-14 22:42:44.203,1854.601388888889
Pulse experiments,pioreactor01,2026-09-14T16:57:49.174Z,0.01970703125,415,2026-09-14 22:42:49.174,1854.602777777778
Pulse experiments,pioreactor01,2026-09-14T16:57:49.176Z,0.1571484375,445,2026-09-14 22:42:49.176,1854.602777777778
Pulse experiments,pioreactor01,2026-09-14T16:57:49.181Z,0.17072265625,480,2026-09-14 22:42:49.181,1854.602777777778
Pulse experiments,pioreactor01,2026-09-14T16:57:49.186Z,0.20029296875,515,2026-09-14 22:42:49.186,1854.602777777778
Pulse experiments,pioreactor01,2026-09-14T16:57:49.192Z,0.23076171875,555,2026-09-14 22:42:49.192,1854.602777777778
Pulse experiments,pioreactor01,2026-09-14T16:57:49.195Z,0.22833984375,590,2026-09-14 22:42:49.195,1854.602777777778
Pulse experiments,pioreactor01,2026-09-14T16:57:49.202Z,0.23435546875,630,2026-09-14 22:42:49.202,1854.602777777778
Pulse experiments,pioreactor01,2026-09-14T16:57:49.205Z,0.12267578125,680,2026-09-14 22:42:49.205,1854.602777777778
Pulse experiments,pioreactor01,2026-09-14T16:57:54.171Z,0.0198046875,415,2026-09-14 22:42:54.171,1854.604166666667
Pulse experiments,pioreactor01,2026-09-14T16:57:54.177Z,0.15712890625,445,2026-09-14 22:42:54.177,1854.604166666667
Pulse experiments,pioreactor01,2026-09-14T16:57:54.183Z,0.17068359375,480,2026-09-14 22:42:54.183,1854.604166666667
Pulse experiments,pioreactor01,2026-09-14T16:57:54.187Z,0.2000390625,515,2026-09-14 22:42:54.187,1854.604166666667
Pulse experiments,pioreactor01,2026-09-14T16:57:54.193Z,0.23005859375,555,2026-09-14 22:42:54.193,1854.604166666667
Pulse experiments,pioreactor01,2026-09-14T16:57:54.197Z,0.22779296875,590,2026-09-14 22:42:54.197,1854.604166666667
Pulse experiments,pioreactor01,2026-09-14T16:57:54.201Z,0.23421875,630,2026-09-14 22:42:54.201,1854.604166666667
Pulse experiments,pioreactor01,2026-09-14T16:57:54.206Z,0.1223828125,680,2026-09-14 22:42:54.206,1854.604166666667
Pulse experiments,pioreactor01,2026-09-14T16:57:59.170Z,0.019765625,415,2026-09-14 22:42:59.170,1854.605555555556
Pulse experiments,pioreactor01,2026-09-14T16:57:59.174Z,0.15744140625,445,2026-09-14 22:42:59.174,1854.605555555556
Pulse experiments,pioreactor01,2026-09-14T16:57:59.179Z,0.17056640625,480,2026-09-14 22:42:59.179,1854.605555555556
Pulse experiments,pioreactor01,2026-09-14T16:57:59.185Z,0.20021484375,515,2026-09-14 22:42:59.185,1854.605555555556
Pulse experiments,pioreactor01,2026-09-14T16:57:59.190Z,0.23048828125,555,2026-09-14 22:42:59.190,1854.605555555556
Pulse experiments,pioreactor01,2026-09-14T16:57:59.196Z,0.2282421875,590,2026-09-14 22:42:59.196,1854.605555555556
Pulse experiments,pioreactor01,2026-09-14T16:57:59.200Z,0.23466796875,630,2026-09-14 22:42:59.200,1854.605555555556
Pulse experiments,pioreactor01,2026-09-14T16:57:59.205Z,0.122734375,680,2026-09-14 22:42:59.205,1854.605555555556
Pulse experiments,pioreactor01,2026-09-14T16:58:04.170Z,0.019765625,415,2026-09-14 22:43:04.170,1854.606944444444
Pulse experiments,pioreactor01,2026-09-14T16:58:04.175Z,0.15712890625,445,2026-09-14 22:43:04.175,1854.606944444444
Pulse experiments,pioreactor01,2026-09-14T16:58:04.180Z,0.1705859375,480,2026-09-14 22:43:04.180,1854.606944444444
Pulse experiments,pioreactor01,2026-09-14T16:58:04.184Z,0.2001171875,515,2026-09-14 22:43:04.184,1854.606944444444
Pulse experiments,pioreactor01,2026-09-14T16:58:04.189Z,0.230078125,555,2026-09-14 22:43:04.189,1854.606944444444
Pulse experiments,pioreactor01,2026-09-14T16:58:04.194Z,0.22779296875,590,2026-09-14 22:43:04.194,1854.606944444444
Pulse experiments,pioreactor01,2026-09-14T16:58:04.200Z,0.23392578125,630,2026-09-14 22:43:04.200,1854.606944444444
Pulse experiments,pioreactor01,2026-09-14T16:58:04.204Z,0.12251953125,680,2026-09-14 22:43:04.204,1854.606944444444
Pulse experiments,pioreactor01,2026-09-14T16:58:09.171Z,0.01974609375,415,2026-09-14 22:43:09.171,1854.608333333333
Pulse experiments,pioreactor01,2026-09-14T16:58:09.177Z,0.157265625,445,2026-09-14 22:43:09.177,1854.608333333333
Pulse experiments,pioreactor01,2026-09-14T16:58:09.180Z,0.17060546875,480,2026-09-14 22:43:09.180,1854.608333333333
Pulse experiments,pioreactor01,2026-09-14T16:58:09.185Z,0.20033203125,515,2026-09-14 22:43:09.185,1854.608333333333
Pulse experiments,pioreactor01,2026-09-14T16:58:09.189Z,0.229921875,555,2026-09-14 22:43:09.189,1854.608333333333
Pulse experiments,pioreactor01,2026-09-14T16:58:09.193Z,0.2277734375,590,2026-09-14 22:43:09.193,1854.608333333333
Pulse experiments,pioreactor01,2026-09-14T16:58:09.199Z,0.23408203125,630,2026-09-14 22:43:09.199,1854.608333333333
Pulse experiments,pioreactor01,2026-09-14T16:58:09.202Z,0.1223046875,680,2026-09-14 22:43:09.202,1854.608333333333
Pulse experiments,pioreactor01,2026-09-14T16:58:14.172Z,0.0197265625,415,2026-09-14 22:43:14.172,1854.609722222222
Pulse experiments,pioreactor01,2026-09-14T16:58:14.177Z,0.1576171875,445,2026-09-14 22:43:14.177,1854.609722222222
Pulse experiments,pioreactor01,2026-09-14T16:58:14.181Z,0.17123046875,480,2026-09-14 22:43:14.181,1854.609722222222
Pulse experiments,pioreactor01,2026-09-14T16:58:14.186Z,0.2005078125,515,2026-09-14 22:43:14.186,1854.609722222222
Pulse experiments,pioreactor01,2026-09-14T16:58:14.191Z,0.23080078125,555,2026-09-14 22:43:14.191,1854.609722222222
Pulse experiments,pioreactor01,2026-09-14T16:58:14.197Z,0.22845703125,590,2026-09-14 22:43:14.197,1854.609722222222
Pulse experiments,pioreactor01,2026-09-14T16:58:14.202Z,0.2348046875,630,2026-09-14 22:43:14.202,1854.609722222222
Pulse experiments,pioreactor01,2026-09-14T16:58:14.206Z,0.12298828125,680,2026-09-14 22:43:14.206,1854.609722222222
Pulse experiments,pioreactor01,2026-09-14T16:58:19.168Z,0.019765625,415,2026-09-14 22:43:19.168,1854.611111111111
Pulse experiments,pioreactor01,2026-09-14T16:58:19.173Z,0.157421875,445,2026-09-14 22:43:19.173,1854.611111111111
Pulse experiments,pioreactor01,2026-09-14T16:58:19.178Z,0.1709375,480,2026-09-14 22:43:19.178,1854.611111111111
Pulse experiments,pioreactor01,2026-09-14T16:58:19.181Z,0.2005078125,515,2026-09-14 22:43:19.181,1854.611111111111
Pulse experiments,pioreactor01,2026-09-14T16:58:19.186Z,0.2308984375,555,2026-09-14 22:43:19.186,1854.611111111111
Pulse experiments,pioreactor01,2026-09-14T16:58:19.191Z,0.22892578125,590,2026-09-14 22:43:19.191,1854.611111111111
Pulse experiments,pioreactor01,2026-09-14T16:58:19.196Z,0.235,630,2026-09-14 22:43:19.196,1854.611111111111
Pulse experiments,pioreactor01,2026-09-14T16:58:19.200Z,0.12314453125,680,2026-09-14 22:43:19.200,1854.611111111111
Pulse experiments,pioreactor01,2026-09-14T16:58:24.172Z,0.01978515625,415,2026-09-14 22:43:24.172,1854.6125
Pulse experiments,pioreactor01,2026-09-14T16:58:24.176Z,0.15724609375,445,2026-09-14 22:43:24.176,1854.6125
Pulse experiments,pioreactor01,2026-09-14T16:58:24.181Z,0.170703125,480,2026-09-14 22:43:24.181,1854.6125
Pulse experiments,pioreactor01,2026-09-14T16:58:24.187Z,0.2002734375,515,2026-09-14 22:43:24.187,1854.6125
Pulse experiments,pioreactor01,2026-09-14T16:58:24.192Z,0.23060546875,555,2026-09-14 22:43:24.192,1854.6125
Pulse experiments,pioreactor01,2026-09-14T16:58:24.196Z,0.22861328125,590,2026-09-14 22:43:24.196,1854.6125
Pulse experiments,pioreactor01,2026-09-14T16:58:24.201Z,0.2346484375,630,2026-09-14 22:43:24.201,1854.6125
Pulse experiments,pioreactor01,2026-09-14T16:58:24.206Z,0.1228515625,680,2026-09-14 22:43:24.206,1854.6125
Pulse experiments,pioreactor01,2026-09-14T16:58:29.168Z,0.01966796875,415,2026-09-14 22:43:29.168,1854.613888888889
Pulse experiments,pioreactor01,2026-09-14T16:58:29.173Z,0.15677734375,445,2026-09-14 22:43:29.173,1854.613888888889
Pulse experiments,pioreactor01,2026-09-14T16:58:29.180Z,0.16998046875,480,2026-09-14 22:43:29.180,1854.613888888889
Pulse experiments,pioreactor01,2026-09-14T16:58:29.184Z,0.19951171875,515,2026-09-14 22:43:29.184,1854.613888888889
Pulse experiments,pioreactor01,2026-09-14T16:58:29.188Z,0.230859375,555,2026-09-14 22:43:29.188,1854.613888888889
Pulse experiments,pioreactor01,2026-09-14T16:58:29.193Z,0.228515625,590,2026-09-14 22:43:29.193,1854.613888888889
Pulse experiments,pioreactor01,2026-09-14T16:58:29.198Z,0.234765625,630,2026-09-14 22:43:29.198,1854.613888888889
Pulse experiments,pioreactor01,2026-09-14T16:58:29.203Z,0.12294921875,680,2026-09-14 22:43:29.203,1854.613888888889
Pulse experiments,pioreactor01,2026-09-14T16:58:34.171Z,0.01974609375,415,2026-09-14 22:43:34.171,1854.615277777778
Pulse experiments,pioreactor01,2026-09-14T16:58:34.177Z,0.15712890625,445,2026-09-14 22:43:34.177,1854.615277777778
Pulse experiments,pioreactor01,2026-09-14T16:58:34.181Z,0.17078125,480,2026-09-14 22:43:34.181,1854.615277777778
Pulse experiments,pioreactor01,2026-09-14T16:58:34.186Z,0.19994140625,515,2026-09-14 22:43:34.186,1854.615277777778
Pulse experiments,pioreactor01,2026-09-14T16:58:34.190Z,0.2305859375,555,2026-09-14 22:43:34.190,1854.615277777778
Pulse experiments,pioreactor01,2026-09-14T16:58:34.196Z,0.2284375,590,2026-09-14 22:43:34.196,1854.615277777778
Pulse experiments,pioreactor01,2026-09-14T16:58:34.200Z,0.2346875,630,2026-09-14 22:43:34.200,1854.615277777778
Pulse experiments,pioreactor01,2026-09-14T16:58:34.206Z,0.123046875,680,2026-09-14 22:43:34.206,1854.615277777778
Pulse experiments,pioreactor01,2026-09-14T16:58:39.174Z,0.019765625,415,2026-09-14 22:43:39.174,1854.616666666667
Pulse experiments,pioreactor01,2026-09-14T16:58:39.178Z,0.15740234375,445,2026-09-14 22:43:39.178,1854.616666666667
Pulse experiments,pioreactor01,2026-09-14T16:58:39.184Z,0.17078125,480,2026-09-14 22:43:39.184,1854.616666666667
Pulse experiments,pioreactor01,2026-09-14T16:58:39.189Z,0.20029296875,515,2026-09-14 22:43:39.189,1854.616666666667
Pulse experiments,pioreactor01,2026-09-14T16:58:39.193Z,0.23041015625,555,2026-09-14 22:43:39.193,1854.616666666667
Pulse experiments,pioreactor01,2026-09-14T16:58:39.198Z,0.2280859375,590,2026-09-14 22:43:39.198,1854.616666666667
Pulse experiments,pioreactor01,2026-09-14T16:58:39.203Z,0.2344140625,630,2026-09-14 22:43:39.203,1854.616666666667
Pulse experiments,pioreactor01,2026-09-14T16:58:39.208Z,0.12275390625,680,2026-09-14 22:43:39.208,1854.616666666667
Pulse experiments,pioreactor01,2026-09-14T16:58:44.169Z,0.019765625,415,2026-09-14 22:43:44.169,1854.618055555556
Pulse experiments,pioreactor01,2026-09-14T16:58:44.175Z,0.1574609375,445,2026-09-14 22:43:44.175,1854.618055555556
Pulse experiments,pioreactor01,2026-09-14T16:58:44.179Z,0.1708203125,480,2026-09-14 22:43:44.179,1854.618055555556
Pulse experiments,pioreactor01,2026-09-14T16:58:44.184Z,0.200546875,515,2026-09-14 22:43:44.184,1854.618055555556
Pulse experiments,pioreactor01,2026-09-14T16:58:44.188Z,0.231328125,555,2026-09-14 22:43:44.188,1854.618055555556
Pulse experiments,pioreactor01,2026-09-14T16:58:44.192Z,0.22890625,590,2026-09-14 22:43:44.192,1854.618055555556
Pulse experiments,pioreactor01,2026-09-14T16:58:44.198Z,0.235234375,630,2026-09-14 22:43:44.198,1854.618055555556
Pulse experiments,pioreactor01,2026-09-14T16:58:44.201Z,0.1233203125,680,2026-09-14 22:43:44.201,1854.618055555556
Pulse experiments,pioreactor01,2026-09-14T16:58:49.174Z,0.01978515625,415,2026-09-14 22:43:49.174,1854.619444444445
Pulse experiments,pioreactor01,2026-09-14T16:58:49.178Z,0.1576953125,445,2026-09-14 22:43:49.178,1854.619444444445
Pulse experiments,pioreactor01,2026-09-14T16:58:49.182Z,0.171015625,480,2026-09-14 22:43:49.182,1854.619444444445
Pulse experiments,pioreactor01,2026-09-14T16:58:49.187Z,0.20048828125,515,2026-09-14 22:43:49.187,1854.619444444445
Pulse experiments,pioreactor01,2026-09-14T16:58:49.191Z,0.23115234375,555,2026-09-14 22:43:49.191,1854.619444444445
Pulse experiments,pioreactor01,2026-09-14T16:58:49.196Z,0.228828125,590,2026-09-14 22:43:49.196,1854.619444444445
Pulse experiments,pioreactor01,2026-09-14T16:58:49.201Z,0.2352734375,630,2026-09-14 22:43:49.201,1854.619444444445
Pulse experiments,pioreactor01,2026-09-14T16:58:49.205Z,0.12318359375,680,2026-09-14 22:43:49.205,1854.619444444445
Pulse experiments,pioreactor01,2026-09-14T16:58:54.171Z,0.0197265625,415,2026-09-14 22:43:54.171,1854.620833333333
Pulse experiments,pioreactor01,2026-09-14T16:58:54.175Z,0.15689453125,445,2026-09-14 22:43:54.175,1854.620833333333
Pulse experiments,pioreactor01,2026-09-14T16:58:54.179Z,0.1699609375,480,2026-09-14 22:43:54.179,1854.620833333333
Pulse experiments,pioreactor01,2026-09-14T16:58:54.184Z,0.19990234375,515,2026-09-14 22:43:54.184,1854.620833333333
Pulse experiments,pioreactor01,2026-09-14T16:58:54.188Z,0.23021484375,555,2026-09-14 22:43:54.188,1854.620833333333
Pulse experiments,pioreactor01,2026-09-14T16:58:54.192Z,0.22794921875,590,2026-09-14 22:43:54.192,1854.620833333333
Pulse experiments,pioreactor01,2026-09-14T16:58:54.197Z,0.23419921875,630,2026-09-14 22:43:54.197,1854.620833333333
Pulse experiments,pioreactor01,2026-09-14T16:58:54.201Z,0.1225,680,2026-09-14 22:43:54.201,1854.620833333333
Pulse experiments,pioreactor01,2026-09-14T16:58:59.174Z,0.01978515625,415,2026-09-14 22:43:59.174,1854.622222222222
Pulse experiments,pioreactor01,2026-09-14T16:58:59.177Z,0.1574609375,445,2026-09-14 22:43:59.177,1854.622222222222
Pulse experiments,pioreactor01,2026-09-14T16:58:59.182Z,0.17095703125,480,2026-09-14 22:43:59.182,1854.622222222222
Pulse experiments,pioreactor01,2026-09-14T16:58:59.188Z,0.20044921875,515,2026-09-14 22:43:59.188,1854.622222222222
Pulse experiments,pioreactor01,2026-09-14T16:58:59.193Z,0.2308984375,555,2026-09-14 22:43:59.193,1854.622222222222
Pulse experiments,pioreactor01,2026-09-14T16:58:59.198Z,0.22876953125,590,2026-09-14 22:43:59.198,1854.622222222222
Pulse experiments,pioreactor01,2026-09-14T16:58:59.202Z,0.234921875,630,2026-09-14 22:43:59.202,1854.622222222222
Pulse experiments,pioreactor01,2026-09-14T16:58:59.207Z,0.12310546875,680,2026-09-14 22:43:59.207,1854.622222222222
Pulse experiments,pioreactor01,2026-09-14T16:59:04.172Z,0.01984375,415,2026-09-14 22:44:04.172,1854.623611111111
Pulse experiments,pioreactor01,2026-09-14T16:59:04.176Z,0.1578125,445,2026-09-14 22:44:04.176,1854.623611111111
Pulse experiments,pioreactor01,2026-09-14T16:59:04.181Z,0.171171875,480,2026-09-14 22:44:04.181,1854.623611111111
Pulse experiments,pioreactor01,2026-09-14T16:59:04.186Z,0.2008203125,515,2026-09-14 22:44:04.186,1854.623611111111
Pulse experiments,pioreactor01,2026-09-14T16:59:04.190Z,0.23111328125,555,2026-09-14 22:44:04.190,1854.623611111111
Pulse experiments,pioreactor01,2026-09-14T16:59:04.196Z,0.22876953125,590,2026-09-14 22:44:04.196,1854.623611111111
Pulse experiments,pioreactor01,2026-09-14T16:59:04.200Z,0.23505859375,630,2026-09-14 22:44:04.200,1854.623611111111
Pulse experiments,pioreactor01,2026-09-14T16:59:04.205Z,0.12298828125,680,2026-09-14 22:44:04.205,1854.623611111111
Pulse experiments,pioreactor01,2026-09-14T16:59:09.171Z,0.019765625,415,2026-09-14 22:44:09.171,1854.625
Pulse experiments,pioreactor01,2026-09-14T16:59:09.177Z,0.15765625,445,2026-09-14 22:44:09.177,1854.625
Pulse experiments,pioreactor01,2026-09-14T16:59:09.181Z,0.171015625,480,2026-09-14 22:44:09.181,1854.625
Pulse experiments,pioreactor01,2026-09-14T16:59:09.187Z,0.200703125,515,2026-09-14 22:44:09.187,1854.625
Pulse experiments,pioreactor01,2026-09-14T16:59:09.191Z,0.23052734375,555,2026-09-14 22:44:09.191,1854.625
Pulse experiments,pioreactor01,2026-09-14T16:59:09.197Z,0.22830078125,590,2026-09-14 22:44:09.197,1854.625
Pulse experiments,pioreactor01,2026-09-14T16:59:09.202Z,0.2346875,630,2026-09-14 22:44:09.202,1854.625
Pulse experiments,pioreactor01,2026-09-14T16:59:09.207Z,0.12267578125,680,2026-09-14 22:44:09.207,1854.625
Pulse experiments,pioreactor01,2026-09-14T16:59:14.172Z,0.01978515625,415,2026-09-14 22:44:14.172,1854.626388888889
Pulse experiments,pioreactor01,2026-09-14T16:59:14.177Z,0.15736328125,445,2026-09-14 22:44:14.177,1854.626388888889
Pulse experiments,pioreactor01,2026-09-14T16:59:14.181Z,0.170703125,480,2026-09-14 22:44:14.181,1854.626388888889
Pulse experiments,pioreactor01,2026-09-14T16:59:14.188Z,0.20033203125,515,2026-09-14 22:44:14.188,1854.626388888889
Pulse experiments,pioreactor01,2026-09-14T16:59:14.192Z,0.23095703125,555,2026-09-14 22:44:14.192,1854.626388888889
Pulse experiments,pioreactor01,2026-09-14T16:59:14.198Z,0.22865234375,590,2026-09-14 22:44:14.198,1854.626388888889
Pulse experiments,pioreactor01,2026-09-14T16:59:14.201Z,0.23478515625,630,2026-09-14 22:44:14.201,1854.626388888889
Pulse experiments,pioreactor01,2026-09-14T16:59:14.207Z,0.12306640625,680,2026-09-14 22:44:14.207,1854.626388888889
Pulse experiments,pioreactor01,2026-09-14T16:59:19.167Z,0.0198046875,415,2026-09-14 22:44:19.167,1854.627777777778
Pulse experiments,pioreactor01,2026-09-14T16:59:19.174Z,0.15748046875,445,2026-09-14 22:44:19.174,1854.627777777778
Pulse experiments,pioreactor01,2026-09-14T16:59:19.178Z,0.1709765625,480,2026-09-14 22:44:19.178,1854.627777777778
Pulse experiments,pioreactor01,2026-09-14T16:59:19.183Z,0.20033203125,515,2026-09-14 22:44:19.183,1854.627777777778
Pulse experiments,pioreactor01,2026-09-14T16:59:19.188Z,0.23046875,555,2026-09-14 22:44:19.188,1854.627777777778
Pulse experiments,pioreactor01,2026-09-14T16:59:19.193Z,0.228125,590,2026-09-14 22:44:19.193,1854.627777777778
Pulse experiments,pioreactor01,2026-09-14T16:59:19.198Z,0.23427734375,630,2026-09-14 22:44:19.198,1854.627777777778
Pulse experiments,pioreactor01,2026-09-14T16:59:19.202Z,0.12279296875,680,2026-09-14 22:44:19.202,1854.627777777778
Pulse experiments,pioreactor01,2026-09-14T16:59:24.171Z,0.01974609375,415,2026-09-14 22:44:24.171,1854.629166666667
Pulse experiments,pioreactor01,2026-09-14T16:59:24.175Z,0.1573828125,445,2026-09-14 22:44:24.175,1854.629166666667
Pulse experiments,pioreactor01,2026-09-14T16:59:24.180Z,0.17076171875,480,2026-09-14 22:44:24.180,1854.629166666667
Pulse experiments,pioreactor01,2026-09-14T16:59:24.185Z,0.2002734375,515,2026-09-14 22:44:24.185,1854.629166666667
Pulse experiments,pioreactor01,2026-09-14T16:59:24.191Z,0.23056640625,555,2026-09-14 22:44:24.191,1854.629166666667
Pulse experiments,pioreactor01,2026-09-14T16:59:24.195Z,0.22830078125,590,2026-09-14 22:44:24.195,1854.629166666667
Pulse experiments,pioreactor01,2026-09-14T16:59:24.201Z,0.2347265625,630,2026-09-14 22:44:24.201,1854.629166666667
Pulse experiments,pioreactor01,2026-09-14T16:59:24.205Z,0.122890625,680,2026-09-14 22:44:24.205,1854.629166666667
Pulse experiments,pioreactor01,2026-09-14T16:59:29.169Z,0.0198046875,415,2026-09-14 22:44:29.169,1854.630555555555
Pulse experiments,pioreactor01,2026-09-14T16:59:29.173Z,0.157578125,445,2026-09-14 22:44:29.173,1854.630555555555
Pulse experiments,pioreactor01,2026-09-14T16:59:29.178Z,0.17076171875,480,2026-09-14 22:44:29.178,1854.630555555555
Pulse experiments,pioreactor01,2026-09-14T16:59:29.182Z,0.2005859375,515,2026-09-14 22:44:29.182,1854.630555555555
Pulse experiments,pioreactor01,2026-09-14T16:59:29.187Z,0.230546875,555,2026-09-14 22:44:29.187,1854.630555555555
Pulse experiments,pioreactor01,2026-09-14T16:59:29.192Z,0.22828125,590,2026-09-14 22:44:29.192,1854.630555555555
Pulse experiments,pioreactor01,2026-09-14T16:59:29.197Z,0.23462890625,630,2026-09-14 22:44:29.197,1854.630555555555
Pulse experiments,pioreactor01,2026-09-14T16:59:29.201Z,0.122578125,680,2026-09-14 22:44:29.201,1854.630555555555
Pulse experiments,pioreactor01,2026-09-14T16:59:34.171Z,0.01978515625,415,2026-09-14 22:44:34.171,1854.631944444444
Pulse experiments,pioreactor01,2026-09-14T16:59:34.175Z,0.1574609375,445,2026-09-14 22:44:34.175,1854.631944444444
Pulse experiments,pioreactor01,2026-09-14T16:59:34.180Z,0.17072265625,480,2026-09-14 22:44:34.180,1854.631944444444
Pulse experiments,pioreactor01,2026-09-14T16:59:34.185Z,0.200234375,515,2026-09-14 22:44:34.185,1854.631944444444
Pulse experiments,pioreactor01,2026-09-14T16:59:34.189Z,0.2305078125,555,2026-09-14 22:44:34.189,1854.631944444444
Pulse experiments,pioreactor01,2026-09-14T16:59:34.194Z,0.22841796875,590,2026-09-14 22:44:34.194,1854.631944444444
Pulse experiments,pioreactor01,2026-09-14T16:59:34.198Z,0.23466796875,630,2026-09-14 22:44:34.198,1854.631944444444
Pulse experiments,pioreactor01,2026-09-14T16:59:34.203Z,0.12291015625,680,2026-09-14 22:44:34.203,1854.631944444444
Pulse experiments,pioreactor01,2026-09-14T16:59:39.167Z,0.0197265625,415,2026-09-14 22:44:39.167,1854.633333333333
Pulse experiments,pioreactor01,2026-09-14T16:59:39.175Z,0.15751953125,445,2026-09-14 22:44:39.175,1854.633333333333
Pulse experiments,pioreactor01,2026-09-14T16:59:39.179Z,0.170859375,480,2026-09-14 22:44:39.179,1854.633333333333
Pulse experiments,pioreactor01,2026-09-14T16:59:39.183Z,0.20044921875,515,2026-09-14 22:44:39.183,1854.633333333333
Pulse experiments,pioreactor01,2026-09-14T16:59:39.188Z,0.23140625,555,2026-09-14 22:44:39.188,1854.633333333333
Pulse experiments,pioreactor01,2026-09-14T16:59:39.194Z,0.22896484375,590,2026-09-14 22:44:39.194,1854.633333333333
Pulse experiments,pioreactor01,2026-09-14T16:59:39.199Z,0.23546875,630,2026-09-14 22:44:39.199,1854.633333333333
Pulse experiments,pioreactor01,2026-09-14T16:59:39.205Z,0.12333984375,680,2026-09-14 22:44:39.205,1854.633333333333
Pulse experiments,pioreactor01,2026-09-14T16:59:44.171Z,0.01978515625,415,2026-09-14 22:44:44.171,1854.634722222222
Pulse experiments,pioreactor01,2026-09-14T16:59:44.176Z,0.15765625,445,2026-09-14 22:44:44.176,1854.634722222222
Pulse experiments,pioreactor01,2026-09-14T16:59:44.181Z,0.171015625,480,2026-09-14 22:44:44.181,1854.634722222222
Pulse experiments,pioreactor01,2026-09-14T16:59:44.185Z,0.20056640625,515,2026-09-14 22:44:44.185,1854.634722222222
Pulse experiments,pioreactor01,2026-09-14T16:59:44.190Z,0.23123046875,555,2026-09-14 22:44:44.190,1854.634722222222
Pulse experiments,pioreactor01,2026-09-14T16:59:44.194Z,0.22890625,590,2026-09-14 22:44:44.194,1854.634722222222
Pulse experiments,pioreactor01,2026-09-14T16:59:44.199Z,0.23509765625,630,2026-09-14 22:44:44.199,1854.634722222222
Pulse experiments,pioreactor01,2026-09-14T16:59:44.203Z,0.123125,680,2026-09-14 22:44:44.203,1854.634722222222
Pulse experiments,pioreactor01,2026-09-14T16:59:49.171Z,0.019765625,415,2026-09-14 22:44:49.171,1854.636111111111
Pulse experiments,pioreactor01,2026-09-14T16:59:49.175Z,0.157265625,445,2026-09-14 22:44:49.175,1854.636111111111
Pulse experiments,pioreactor01,2026-09-14T16:59:49.181Z,0.1704296875,480,2026-09-14 22:44:49.181,1854.636111111111
Pulse experiments,pioreactor01,2026-09-14T16:59:49.185Z,0.20009765625,515,2026-09-14 22:44:49.185,1854.636111111111
Pulse experiments,pioreactor01,2026-09-14T16:59:49.191Z,0.23041015625,555,2026-09-14 22:44:49.191,1854.636111111111
Pulse experiments,pioreactor01,2026-09-14T16:59:49.195Z,0.228515625,590,2026-09-14 22:44:49.195,1854.636111111111
Pulse experiments,pioreactor01,2026-09-14T16:59:49.200Z,0.23455078125,630,2026-09-14 22:44:49.200,1854.636111111111
Pulse experiments,pioreactor01,2026-09-14T16:59:49.204Z,0.12271484375,680,2026-09-14 22:44:49.204,1854.636111111111
Pulse experiments,pioreactor01,2026-09-14T16:59:54.173Z,0.01978515625,415,2026-09-14 22:44:54.173,1854.6375
Pulse experiments,pioreactor01,2026-09-14T16:59:54.179Z,0.1574609375,445,2026-09-14 22:44:54.179,1854.6375
Pulse experiments,pioreactor01,2026-09-14T16:59:54.187Z,0.17083984375,480,2026-09-14 22:44:54.187,1854.6375
Pulse experiments,pioreactor01,2026-09-14T16:59:54.190Z,0.20048828125,515,2026-09-14 22:44:54.190,1854.6375
Pulse experiments,pioreactor01,2026-09-14T16:59:54.195Z,0.23029296875,555,2026-09-14 22:44:54.195,1854.6375
Pulse experiments,pioreactor01,2026-09-14T16:59:54.199Z,0.22841796875,590,2026-09-14 22:44:54.199,1854.6375
Pulse experiments,pioreactor01,2026-09-14T16:59:54.205Z,0.23453125,630,2026-09-14 22:44:54.205,1854.6375
Pulse experiments,pioreactor01,2026-09-14T16:59:54.209Z,0.1226171875,680,2026-09-14 22:44:54.209,1854.6375
Pulse experiments,pioreactor01,2026-09-14T16:59:59.170Z,0.01978515625,415,2026-09-14 22:44:59.170,1854.638888888889
Pulse experiments,pioreactor01,2026-09-14T16:59:59.174Z,0.15763671875,445,2026-09-14 22:44:59.174,1854.638888888889
Pulse experiments,pioreactor01,2026-09-14T16:59:59.179Z,0.17087890625,480,2026-09-14 22:44:59.179,1854.638888888889
Pulse experiments,pioreactor01,2026-09-14T16:59:59.184Z,0.20046875,515,2026-09-14 22:44:59.184,1854.638888888889
Pulse experiments,pioreactor01,2026-09-14T16:59:59.188Z,0.23064453125,555,2026-09-14 22:44:59.188,1854.638888888889
Pulse experiments,pioreactor01,2026-09-14T16:59:59.194Z,0.2283984375,590,2026-09-14 22:44:59.194,1854.638888888889
Pulse experiments,pioreactor01,2026-09-14T16:59:59.197Z,0.2347265625,630,2026-09-14 22:44:59.197,1854.638888888889
Pulse experiments,pioreactor01,2026-09-14T16:59:59.202Z,0.12267578125,680,2026-09-14 22:44:59.202,1854.638888888889
Pulse experiments,pioreactor01,2026-09-14T17:00:04.170Z,0.019765625,415,2026-09-14 22:45:04.170,1854.640277777778
Pulse experiments,pioreactor01,2026-09-14T17:00:04.174Z,0.15736328125,445,2026-09-14 22:45:04.174,1854.640277777778
Pulse experiments,pioreactor01,2026-09-14T17:00:04.179Z,0.17072265625,480,2026-09-14 22:45:04.179,1854.640277777778
Pulse experiments,pioreactor01,2026-09-14T17:00:04.183Z,0.200234375,515,2026-09-14 22:45:04.183,1854.640277777778
Pulse experiments,pioreactor01,2026-09-14T17:00:04.186Z,0.2308203125,555,2026-09-14 22:45:04.186,1854.640277777778
Pulse experiments,pioreactor01,2026-09-14T17:00:04.192Z,0.22833984375,590,2026-09-14 22:45:04.192,1854.640277777778
Pulse experiments,pioreactor01,2026-09-14T17:00:04.196Z,0.234453125,630,2026-09-14 22:45:04.196,1854.640277777778
Pulse experiments,pioreactor01,2026-09-14T17:00:04.201Z,0.1227734375,680,2026-09-14 22:45:04.201,1854.640277777778
Pulse experiments,pioreactor01,2026-09-14T17:00:09.169Z,0.0198046875,415,2026-09-14 22:45:09.169,1854.641666666667
Pulse experiments,pioreactor01,2026-09-14T17:00:09.174Z,0.15765625,445,2026-09-14 22:45:09.174,1854.641666666667
Pulse experiments,pioreactor01,2026-09-14T17:00:09.178Z,0.1710546875,480,2026-09-14 22:45:09.178,1854.641666666667
Pulse experiments,pioreactor01,2026-09-14T17:00:09.184Z,0.20064453125,515,2026-09-14 22:45:09.184,1854.641666666667
Pulse experiments,pioreactor01,2026-09-14T17:00:09.188Z,0.2308203125,555,2026-09-14 22:45:09.188,1854.641666666667
Pulse experiments,pioreactor01,2026-09-14T17:00:09.192Z,0.2283984375,590,2026-09-14 22:45:09.192,1854.641666666667
Pulse experiments,pioreactor01,2026-09-14T17:00:09.197Z,0.23451171875,630,2026-09-14 22:45:09.197,1854.641666666667
Pulse experiments,pioreactor01,2026-09-14T17:00:09.205Z,0.1228515625,680,2026-09-14 22:45:09.205,1854.641666666667
Pulse experiments,pioreactor01,2026-09-14T17:00:14.187Z,0.01982421875,415,2026-09-14 22:45:14.187,1854.643055555556
Pulse experiments,pioreactor01,2026-09-14T17:00:14.198Z,0.1579296875,445,2026-09-14 22:45:14.198,1854.643055555556
Pulse experiments,pioreactor01,2026-09-14T17:00:14.203Z,0.17109375,480,2026-09-14 22:45:14.203,1854.643055555556
Pulse experiments,pioreactor01,2026-09-14T17:00:14.212Z,0.20083984375,515,2026-09-14 22:45:14.212,1854.643055555556
Pulse experiments,pioreactor01,2026-09-14T17:00:14.221Z,0.23095703125,555,2026-09-14 22:45:14.221,1854.643055555556
Pulse experiments,pioreactor01,2026-09-14T17:00:14.231Z,0.22865234375,590,2026-09-14 22:45:14.231,1854.643055555556
Pulse experiments,pioreactor01,2026-09-14T17:00:14.238Z,0.23482421875,630,2026-09-14 22:45:14.238,1854.643055555556
Pulse experiments,pioreactor01,2026-09-14T17:00:14.247Z,0.1229296875,680,2026-09-14 22:45:14.247,1854.643055555556
Pulse experiments,pioreactor01,2026-09-14T17:00:19.201Z,0.019765625,415,2026-09-14 22:45:19.201,1854.644444444444
Pulse experiments,pioreactor01,2026-09-14T17:00:19.205Z,0.157578125,445,2026-09-14 22:45:19.205,1854.644444444444
Pulse experiments,pioreactor01,2026-09-14T17:00:19.217Z,0.1705078125,480,2026-09-14 22:45:19.217,1854.644444444444
Pulse experiments,pioreactor01,2026-09-14T17:00:19.221Z,0.20033203125,515,2026-09-14 22:45:19.221,1854.644444444444
Pulse experiments,pioreactor01,2026-09-14T17:00:19.232Z,0.2315625,555,2026-09-14 22:45:19.232,1854.644444444444
Pulse experiments,pioreactor01,2026-09-14T17:00:19.241Z,0.229375,590,2026-09-14 22:45:19.241,1854.644444444444
Pulse experiments,pioreactor01,2026-09-14T17:00:19.249Z,0.23560546875,630,2026-09-14 22:45:19.249,1854.644444444444
Pulse experiments,pioreactor01,2026-09-14T17:00:19.258Z,0.1234375,680,2026-09-14 22:45:19.258,1854.644444444444
Pulse experiments,pioreactor01,2026-09-14T17:00:24.179Z,0.01982421875,415,2026-09-14 22:45:24.179,1854.645833333333
Pulse experiments,pioreactor01,2026-09-14T17:00:24.186Z,0.15771484375,445,2026-09-14 22:45:24.186,1854.645833333333
Pulse experiments,pioreactor01,2026-09-14T17:00:24.192Z,0.17095703125,480,2026-09-14 22:45:24.192,1854.645833333333
Pulse experiments,pioreactor01,2026-09-14T17:00:24.198Z,0.20046875,515,2026-09-14 22:45:24.198,1854.645833333333
Pulse experiments,pioreactor01,2026-09-14T17:00:24.205Z,0.23046875,555,2026-09-14 22:45:24.205,1854.645833333333
Pulse experiments,pioreactor01,2026-09-14T17:00:24.212Z,0.22849609375,590,2026-09-14 22:45:24.212,1854.645833333333
Pulse experiments,pioreactor01,2026-09-14T17:00:24.219Z,0.234609375,630,2026-09-14 22:45:24.219,1854.645833333333
Pulse experiments,pioreactor01,2026-09-14T17:00:24.225Z,0.12275390625,680,2026-09-14 22:45:24.225,1854.645833333333
Pulse experiments,pioreactor01,2026-09-14T17:00:29.187Z,0.01978515625,415,2026-09-14 22:45:29.187,1854.647222222222
Pulse experiments,pioreactor01,2026-09-14T17:00:29.192Z,0.15755859375,445,2026-09-14 22:45:29.192,1854.647222222222
Pulse experiments,pioreactor01,2026-09-14T17:00:29.199Z,0.17068359375,480,2026-09-14 22:45:29.199,1854.647222222222
Pulse experiments,pioreactor01,2026-09-14T17:00:29.204Z,0.20017578125,515,2026-09-14 22:45:29.204,1854.647222222222
Pulse experiments,pioreactor01,2026-09-14T17:00:29.210Z,0.2307421875,555,2026-09-14 22:45:29.210,1854.647222222222
Pulse experiments,pioreactor01,2026-09-14T17:00:29.216Z,0.2285546875,590,2026-09-14 22:45:29.216,1854.647222222222
Pulse experiments,pioreactor01,2026-09-14T17:00:29.221Z,0.23486328125,630,2026-09-14 22:45:29.221,1854.647222222222
Pulse experiments,pioreactor01,2026-09-14T17:00:29.227Z,0.12287109375,680,2026-09-14 22:45:29.227,1854.647222222222
Pulse experiments,pioreactor01,2026-09-14T17:00:34.192Z,0.01984375,415,2026-09-14 22:45:34.192,1854.648611111111
Pulse experiments,pioreactor01,2026-09-14T17:00:34.199Z,0.15791015625,445,2026-09-14 22:45:34.199,1854.648611111111
Pulse experiments,pioreactor01,2026-09-14T17:00:34.205Z,0.17158203125,480,2026-09-14 22:45:34.205,1854.648611111111
Pulse experiments,pioreactor01,2026-09-14T17:00:34.209Z,0.201015625,515,2026-09-14 22:45:34.209,1854.648611111111
Pulse experiments,pioreactor01,2026-09-14T17:00:34.213Z,0.23126953125,555,2026-09-14 22:45:34.213,1854.648611111111
Pulse experiments,pioreactor01,2026-09-14T17:00:34.218Z,0.228828125,590,2026-09-14 22:45:34.218,1854.648611111111
Pulse experiments,pioreactor01,2026-09-14T17:00:34.225Z,0.23501953125,630,2026-09-14 22:45:34.225,1854.648611111111
Pulse experiments,pioreactor01,2026-09-14T17:00:34.231Z,0.122890625,680,2026-09-14 22:45:34.231,1854.648611111111
Pulse experiments,pioreactor01,2026-09-14T17:00:39.187Z,0.0198046875,415,2026-09-14 22:45:39.187,1854.65
Pulse experiments,pioreactor01,2026-09-14T17:00:39.196Z,0.1577734375,445,2026-09-14 22:45:39.196,1854.65
Pulse experiments,pioreactor01,2026-09-14T17:00:39.207Z,0.170859375,480,2026-09-14 22:45:39.207,1854.65
Pulse experiments,pioreactor01,2026-09-14T17:00:39.218Z,0.200546875,515,2026-09-14 22:45:39.218,1854.65
Pulse experiments,pioreactor01,2026-09-14T17:00:39.222Z,0.2308984375,555,2026-09-14 22:45:39.222,1854.65
Pulse experiments,pioreactor01,2026-09-14T17:00:39.229Z,0.22880859375,590,2026-09-14 22:45:39.229,1854.65
Pulse experiments,pioreactor01,2026-09-14T17:00:39.234Z,0.23490234375,630,2026-09-14 22:45:39.234,1854.65
Pulse experiments,pioreactor01,2026-09-14T17:00:39.240Z,0.12294921875,680,2026-09-14 22:45:39.240,1854.65
Pulse experiments,pioreactor01,2026-09-14T17:00:44.184Z,0.01978515625,415,2026-09-14 22:45:44.184,1854.651388888889
Pulse experiments,pioreactor01,2026-09-14T17:00:44.192Z,0.15763671875,445,2026-09-14 22:45:44.192,1854.651388888889
Pulse experiments,pioreactor01,2026-09-14T17:00:44.196Z,0.1708203125,480,2026-09-14 22:45:44.196,1854.651388888889
Pulse experiments,pioreactor01,2026-09-14T17:00:44.202Z,0.20052734375,515,2026-09-14 22:45:44.202,1854.651388888889
Pulse experiments,pioreactor01,2026-09-14T17:00:44.208Z,0.23091796875,555,2026-09-14 22:45:44.208,1854.651388888889
Pulse experiments,pioreactor01,2026-09-14T17:00:44.215Z,0.22890625,590,2026-09-14 22:45:44.215,1854.651388888889
Pulse experiments,pioreactor01,2026-09-14T17:00:44.220Z,0.2349609375,630,2026-09-14 22:45:44.220,1854.651388888889
Pulse experiments,pioreactor01,2026-09-14T17:00:44.226Z,0.1228515625,680,2026-09-14 22:45:44.226,1854.651388888889
Pulse experiments,pioreactor01,2026-09-14T17:00:49.191Z,0.01986328125,415,2026-09-14 22:45:49.191,1854.652777777778
Pulse experiments,pioreactor01,2026-09-14T17:00:49.194Z,0.158125,445,2026-09-14 22:45:49.194,1854.652777777778
Pulse experiments,pioreactor01,2026-09-14T17:00:49.201Z,0.171328125,480,2026-09-14 22:45:49.201,1854.652777777778
Pulse experiments,pioreactor01,2026-09-14T17:00:49.206Z,0.2009375,515,2026-09-14 22:45:49.206,1854.652777777778
Pulse experiments,pioreactor01,2026-09-14T17:00:49.209Z,0.2309765625,555,2026-09-14 22:45:49.209,1854.652777777778
Pulse experiments,pioreactor01,2026-09-14T17:00:49.216Z,0.2285546875,590,2026-09-14 22:45:49.216,1854.652777777778
Pulse experiments,pioreactor01,2026-09-14T17:00:49.224Z,0.2349609375,630,2026-09-14 22:45:49.224,1854.652777777778
Pulse experiments,pioreactor01,2026-09-14T17:00:49.229Z,0.12271484375,680,2026-09-14 22:45:49.229,1854.652777777778
Pulse experiments,pioreactor01,2026-09-14T17:00:54.181Z,0.01978515625,415,2026-09-14 22:45:54.181,1854.654166666667
Pulse experiments,pioreactor01,2026-09-14T17:00:54.186Z,0.15810546875,445,2026-09-14 22:45:54.186,1854.654166666667
Pulse experiments,pioreactor01,2026-09-14T17:00:54.193Z,0.171328125,480,2026-09-14 22:45:54.193,1854.654166666667
Pulse experiments,pioreactor01,2026-09-14T17:00:54.200Z,0.20095703125,515,2026-09-14 22:45:54.200,1854.654166666667
Pulse experiments,pioreactor01,2026-09-14T17:00:54.207Z,0.23123046875,555,2026-09-14 22:45:54.207,1854.654166666667
Pulse experiments,pioreactor01,2026-09-14T17:00:54.214Z,0.2287890625,590,2026-09-14 22:45:54.214,1854.654166666667
Pulse experiments,pioreactor01,2026-09-14T17:00:54.223Z,0.23521484375,630,2026-09-14 22:45:54.223,1854.654166666667
Pulse experiments,pioreactor01,2026-09-14T17:00:54.229Z,0.12314453125,680,2026-09-14 22:45:54.229,1854.654166666667
Pulse experiments,pioreactor01,2026-09-14T17:00:59.186Z,0.01982421875,415,2026-09-14 22:45:59.186,1854.655555555556
Pulse experiments,pioreactor01,2026-09-14T17:00:59.192Z,0.1579296875,445,2026-09-14 22:45:59.192,1854.655555555556
Pulse experiments,pioreactor01,2026-09-14T17:00:59.198Z,0.171171875,480,2026-09-14 22:45:59.198,1854.655555555556
Pulse experiments,pioreactor01,2026-09-14T17:00:59.204Z,0.200859375,515,2026-09-14 22:45:59.204,1854.655555555556
Pulse experiments,pioreactor01,2026-09-14T17:00:59.211Z,0.2312109375,555,2026-09-14 22:45:59.211,1854.655555555556
Pulse experiments,pioreactor01,2026-09-14T17:00:59.217Z,0.22908203125,590,2026-09-14 22:45:59.217,1854.655555555556
Pulse experiments,pioreactor01,2026-09-14T17:00:59.226Z,0.2351953125,630,2026-09-14 22:45:59.226,1854.655555555556
Pulse experiments,pioreactor01,2026-09-14T17:00:59.232Z,0.123046875,680,2026-09-14 22:45:59.232,1854.655555555556
Pulse experiments,pioreactor01,2026-09-14T17:01:04.186Z,0.01978515625,415,2026-09-14 22:46:04.186,1854.656944444444
Pulse experiments,pioreactor01,2026-09-14T17:01:04.191Z,0.15763671875,445,2026-09-14 22:46:04.191,1854.656944444444
Pulse experiments,pioreactor01,2026-09-14T17:01:04.197Z,0.17103515625,480,2026-09-14 22:46:04.197,1854.656944444444
Pulse experiments,pioreactor01,2026-09-14T17:01:04.202Z,0.20048828125,515,2026-09-14 22:46:04.202,1854.656944444444
Pulse experiments,pioreactor01,2026-09-14T17:01:04.211Z,0.23130859375,555,2026-09-14 22:46:04.211,1854.656944444444
Pulse experiments,pioreactor01,2026-09-14T17:01:04.220Z,0.22896484375,590,2026-09-14 22:46:04.220,1854.656944444444
Pulse experiments,pioreactor01,2026-09-14T17:01:04.229Z,0.23544921875,630,2026-09-14 22:46:04.229,1854.656944444444
Pulse experiments,pioreactor01,2026-09-14T17:01:04.237Z,0.123359375,680,2026-09-14 22:46:04.237,1854.656944444444
Pulse experiments,pioreactor01,2026-09-14T17:01:09.183Z,0.019765625,415,2026-09-14 22:46:09.183,1854.658333333333
Pulse experiments,pioreactor01,2026-09-14T17:01:09.187Z,0.15775390625,445,2026-09-14 22:46:09.187,1854.658333333333
Pulse experiments,pioreactor01,2026-09-14T17:01:09.192Z,0.1709375,480,2026-09-14 22:46:09.192,1854.658333333333
Pulse experiments,pioreactor01,2026-09-14T17:01:09.197Z,0.2006640625,515,2026-09-14 22:46:09.197,1854.658333333333
Pulse experiments,pioreactor01,2026-09-14T17:01:09.202Z,0.230625,555,2026-09-14 22:46:09.202,1854.658333333333
Pulse experiments,pioreactor01,2026-09-14T17:01:09.206Z,0.22828125,590,2026-09-14 22:46:09.206,1854.658333333333
Pulse experiments,pioreactor01,2026-09-14T17:01:09.211Z,0.2346484375,630,2026-09-14 22:46:09.211,1854.658333333333
Pulse experiments,pioreactor01,2026-09-14T17:01:09.218Z,0.12291015625,680,2026-09-14 22:46:09.218,1854.658333333333
Pulse experiments,pioreactor01,2026-09-14T17:01:14.202Z,0.01978515625,415,2026-09-14 22:46:14.202,1854.659722222222
Pulse experiments,pioreactor01,2026-09-14T17:01:14.207Z,0.1578125,445,2026-09-14 22:46:14.207,1854.659722222222
Pulse experiments,pioreactor01,2026-09-14T17:01:14.216Z,0.17115234375,480,2026-09-14 22:46:14.216,1854.659722222222
Pulse experiments,pioreactor01,2026-09-14T17:01:14.223Z,0.20076171875,515,2026-09-14 22:46:14.223,1854.659722222222
Pulse experiments,pioreactor01,2026-09-14T17:01:14.225Z,0.2305859375,555,2026-09-14 22:46:14.225,1854.659722222222
Pulse experiments,pioreactor01,2026-09-14T17:01:14.231Z,0.228359375,590,2026-09-14 22:46:14.231,1854.659722222222
Pulse experiments,pioreactor01,2026-09-14T17:01:14.240Z,0.23462890625,630,2026-09-14 22:46:14.240,1854.659722222222
Pulse experiments,pioreactor01,2026-09-14T17:01:14.247Z,0.122734375,680,2026-09-14 22:46:14.247,1854.659722222222
Pulse experiments,pioreactor01,2026-09-14T17:01:19.245Z,0.01974609375,415,2026-09-14 22:46:19.245,1854.661111111111
Pulse experiments,pioreactor01,2026-09-14T17:01:19.253Z,0.15712890625,445,2026-09-14 22:46:19.253,1854.661111111111
Pulse experiments,pioreactor01,2026-09-14T17:01:19.264Z,0.17015625,480,2026-09-14 22:46:19.264,1854.661111111111
Pulse experiments,pioreactor01,2026-09-14T17:01:19.273Z,0.19962890625,515,2026-09-14 22:46:19.273,1854.661111111111
Pulse experiments,pioreactor01,2026-09-14T17:01:19.281Z,0.23015625,555,2026-09-14 22:46:19.281,1854.661111111111
Pulse experiments,pioreactor01,2026-09-14T17:01:19.296Z,0.22826171875,590,2026-09-14 22:46:19.296,1854.661111111111
Pulse experiments,pioreactor01,2026-09-14T17:01:19.307Z,0.2344140625,630,2026-09-14 22:46:19.307,1854.661111111111
Pulse experiments,pioreactor01,2026-09-14T17:01:19.318Z,0.12255859375,680,2026-09-14 22:46:19.318,1854.661111111111
Pulse experiments,pioreactor01,2026-09-14T17:01:24.221Z,0.0197265625,415,2026-09-14 22:46:24.221,1854.6625
Pulse experiments,pioreactor01,2026-09-14T17:01:24.229Z,0.15755859375,445,2026-09-14 22:46:24.229,1854.6625
Pulse experiments,pioreactor01,2026-09-14T17:01:24.237Z,0.1706640625,480,2026-09-14 22:46:24.237,1854.6625
Pulse experiments,pioreactor01,2026-09-14T17:01:24.243Z,0.20037109375,515,2026-09-14 22:46:24.243,1854.6625
Pulse experiments,pioreactor01,2026-09-14T17:01:24.249Z,0.2304296875,555,2026-09-14 22:46:24.249,1854.6625
Pulse experiments,pioreactor01,2026-09-14T17:01:24.253Z,0.22849609375,590,2026-09-14 22:46:24.253,1854.6625
Pulse experiments,pioreactor01,2026-09-14T17:01:24.260Z,0.23447265625,630,2026-09-14 22:46:24.260,1854.6625
Pulse experiments,pioreactor01,2026-09-14T17:01:24.268Z,0.1226171875,680,2026-09-14 22:46:24.268,1854.6625
Pulse experiments,pioreactor01,2026-09-14T17:01:29.260Z,0.01984375,415,2026-09-14 22:46:29.260,1854.663888888889
Pulse experiments,pioreactor01,2026-09-14T17:01:29.270Z,0.1583203125,445,2026-09-14 22:46:29.270,1854.663888888889
Pulse experiments,pioreactor01,2026-09-14T17:01:29.278Z,0.17177734375,480,2026-09-14 22:46:29.278,1854.663888888889
Pulse experiments,pioreactor01,2026-09-14T17:01:29.284Z,0.20142578125,515,2026-09-14 22:46:29.284,1854.663888888889
Pulse experiments,pioreactor01,2026-09-14T17:01:29.290Z,0.2315625,555,2026-09-14 22:46:29.290,1854.663888888889
Pulse experiments,pioreactor01,2026-09-14T17:01:29.296Z,0.2290625,590,2026-09-14 22:46:29.296,1854.663888888889
Pulse experiments,pioreactor01,2026-09-14T17:01:29.302Z,0.23525390625,630,2026-09-14 22:46:29.302,1854.663888888889
Pulse experiments,pioreactor01,2026-09-14T17:01:29.309Z,0.12333984375,680,2026-09-14 22:46:29.309,1854.663888888889
Pulse experiments,pioreactor01,2026-09-14T17:01:34.170Z,0.01978515625,415,2026-09-14 22:46:34.170,1854.665277777778
Pulse experiments,pioreactor01,2026-09-14T17:01:34.175Z,0.15744140625,445,2026-09-14 22:46:34.175,1854.665277777778
Pulse experiments,pioreactor01,2026-09-14T17:01:34.180Z,0.17025390625,480,2026-09-14 22:46:34.180,1854.665277777778
Pulse experiments,pioreactor01,2026-09-14T17:01:34.186Z,0.20009765625,515,2026-09-14 22:46:34.186,1854.665277777778
Pulse experiments,pioreactor01,2026-09-14T17:01:34.190Z,0.230625,555,2026-09-14 22:46:34.190,1854.665277777778
Pulse experiments,pioreactor01,2026-09-14T17:01:34.195Z,0.2283984375,590,2026-09-14 22:46:34.195,1854.665277777778
Pulse experiments,pioreactor01,2026-09-14T17:01:34.200Z,0.234453125,630,2026-09-14 22:46:34.200,1854.665277777778
Pulse experiments,pioreactor01,2026-09-14T17:01:34.206Z,0.12267578125,680,2026-09-14 22:46:34.206,1854.665277777778
Pulse experiments,pioreactor01,2026-09-14T17:01:39.172Z,0.0198046875,415,2026-09-14 22:46:39.172,1854.666666666667
Pulse experiments,pioreactor01,2026-09-14T17:01:39.178Z,0.1580078125,445,2026-09-14 22:46:39.178,1854.666666666667
Pulse experiments,pioreactor01,2026-09-14T17:01:39.182Z,0.1708203125,480,2026-09-14 22:46:39.182,1854.666666666667
Pulse experiments,pioreactor01,2026-09-14T17:01:39.187Z,0.20048828125,515,2026-09-14 22:46:39.187,1854.666666666667
Pulse experiments,pioreactor01,2026-09-14T17:01:39.192Z,0.2310546875,555,2026-09-14 22:46:39.192,1854.666666666667
Pulse experiments,pioreactor01,2026-09-14T17:01:39.196Z,0.2287109375,590,2026-09-14 22:46:39.196,1854.666666666667
Pulse experiments,pioreactor01,2026-09-14T17:01:39.201Z,0.23509765625,630,2026-09-14 22:46:39.201,1854.666666666667
Pulse experiments,pioreactor01,2026-09-14T17:01:39.205Z,0.1229296875,680,2026-09-14 22:46:39.205,1854.666666666667
Pulse experiments,pioreactor01,2026-09-14T17:01:44.169Z,0.0198046875,415,2026-09-14 22:46:44.169,1854.668055555556
Pulse experiments,pioreactor01,2026-09-14T17:01:44.173Z,0.1577734375,445,2026-09-14 22:46:44.173,1854.668055555556
Pulse experiments,pioreactor01,2026-09-14T17:01:44.179Z,0.17076171875,480,2026-09-14 22:46:44.179,1854.668055555556
Pulse experiments,pioreactor01,2026-09-14T17:01:44.182Z,0.20044921875,515,2026-09-14 22:46:44.182,1854.668055555556
Pulse experiments,pioreactor01,2026-09-14T17:01:44.188Z,0.23080078125,555,2026-09-14 22:46:44.188,1854.668055555556
Pulse experiments,pioreactor01,2026-09-14T17:01:44.192Z,0.22888671875,590,2026-09-14 22:46:44.192,1854.668055555556
Pulse experiments,pioreactor01,2026-09-14T17:01:44.196Z,0.23509765625,630,2026-09-14 22:46:44.196,1854.668055555556
Pulse experiments,pioreactor01,2026-09-14T17:01:44.202Z,0.123046875,680,2026-09-14 22:46:44.202,1854.668055555556
Pulse experiments,pioreactor01,2026-09-14T17:01:49.171Z,0.0198046875,415,2026-09-14 22:46:49.171,1854.669444444444
Pulse experiments,pioreactor01,2026-09-14T17:01:49.178Z,0.1581640625,445,2026-09-14 22:46:49.178,1854.669444444444
Pulse experiments,pioreactor01,2026-09-14T17:01:49.182Z,0.171640625,480,2026-09-14 22:46:49.182,1854.669444444444
Pulse experiments,pioreactor01,2026-09-14T17:01:49.188Z,0.2011328125,515,2026-09-14 22:46:49.188,1854.669444444444
Pulse experiments,pioreactor01,2026-09-14T17:01:49.193Z,0.23115234375,555,2026-09-14 22:46:49.193,1854.669444444444
Pulse experiments,pioreactor01,2026-09-14T17:01:49.198Z,0.22869140625,590,2026-09-14 22:46:49.198,1854.669444444444
Pulse experiments,pioreactor01,2026-09-14T17:01:49.204Z,0.2348046875,630,2026-09-14 22:46:49.204,1854.669444444444
Pulse experiments,pioreactor01,2026-09-14T17:01:49.207Z,0.123046875,680,2026-09-14 22:46:49.207,1854.669444444444
Pulse experiments,pioreactor01,2026-09-14T17:01:54.169Z,0.01978515625,415,2026-09-14 22:46:54.169,1854.670833333333
Pulse experiments,pioreactor01,2026-09-14T17:01:54.176Z,0.15771484375,445,2026-09-14 22:46:54.176,1854.670833333333
Pulse experiments,pioreactor01,2026-09-14T17:01:54.181Z,0.170859375,480,2026-09-14 22:46:54.181,1854.670833333333
Pulse experiments,pioreactor01,2026-09-14T17:01:54.185Z,0.2004296875,515,2026-09-14 22:46:54.185,1854.670833333333
Pulse experiments,pioreactor01,2026-09-14T17:01:54.192Z,0.2308203125,555,2026-09-14 22:46:54.192,1854.670833333333
Pulse experiments,pioreactor01,2026-09-14T17:01:54.196Z,0.22857421875,590,2026-09-14 22:46:54.196,1854.670833333333
Pulse experiments,pioreactor01,2026-09-14T17:01:54.201Z,0.23498046875,630,2026-09-14 22:46:54.201,1854.670833333333
Pulse experiments,pioreactor01,2026-09-14T17:01:54.207Z,0.12294921875,680,2026-09-14 22:46:54.207,1854.670833333333
Pulse experiments,pioreactor01,2026-09-14T17:01:59.169Z,0.01978515625,415,2026-09-14 22:46:59.169,1854.672222222222
Pulse experiments,pioreactor01,2026-09-14T17:01:59.175Z,0.15779296875,445,2026-09-14 22:46:59.175,1854.672222222222
Pulse experiments,pioreactor01,2026-09-14T17:01:59.180Z,0.1709765625,480,2026-09-14 22:46:59.180,1854.672222222222
Pulse experiments,pioreactor01,2026-09-14T17:01:59.186Z,0.200703125,515,2026-09-14 22:46:59.186,1854.672222222222
Pulse experiments,pioreactor01,2026-09-14T17:01:59.190Z,0.23103515625,555,2026-09-14 22:46:59.190,1854.672222222222
Pulse experiments,pioreactor01,2026-09-14T17:01:59.196Z,0.228671875,590,2026-09-14 22:46:59.196,1854.672222222222
Pulse experiments,pioreactor01,2026-09-14T17:01:59.201Z,0.23513671875,630,2026-09-14 22:46:59.201,1854.672222222222
Pulse experiments,pioreactor01,2026-09-14T17:01:59.206Z,0.12306640625,680,2026-09-14 22:46:59.206,1854.672222222222
Pulse experiments,pioreactor01,2026-09-14T17:02:04.171Z,0.01984375,415,2026-09-14 22:47:04.171,1854.673611111111
Pulse experiments,pioreactor01,2026-09-14T17:02:04.177Z,0.15798828125,445,2026-09-14 22:47:04.177,1854.673611111111
Pulse experiments,pioreactor01,2026-09-14T17:02:04.180Z,0.17130859375,480,2026-09-14 22:47:04.180,1854.673611111111
Pulse experiments,pioreactor01,2026-09-14T17:02:04.186Z,0.20107421875,515,2026-09-14 22:47:04.186,1854.673611111111
Pulse experiments,pioreactor01,2026-09-14T17:02:04.189Z,0.2310546875,555,2026-09-14 22:47:04.189,1854.673611111111
Pulse experiments,pioreactor01,2026-09-14T17:02:04.194Z,0.2287109375,590,2026-09-14 22:47:04.194,1854.673611111111
Pulse experiments,pioreactor01,2026-09-14T17:02:04.199Z,0.23474609375,630,2026-09-14 22:47:04.199,1854.673611111111
Pulse experiments,pioreactor01,2026-09-14T17:02:04.203Z,0.1230859375,680,2026-09-14 22:47:04.203,1854.673611111111
Pulse experiments,pioreactor01,2026-09-14T17:02:09.174Z,0.01984375,415,2026-09-14 22:47:09.174,1854.675
Pulse experiments,pioreactor01,2026-09-14T17:02:09.178Z,0.158046875,445,2026-09-14 22:47:09.178,1854.675
Pulse experiments,pioreactor01,2026-09-14T17:02:09.183Z,0.1714453125,480,2026-09-14 22:47:09.183,1854.675
Pulse experiments,pioreactor01,2026-09-14T17:02:09.189Z,0.20099609375,515,2026-09-14 22:47:09.189,1854.675
Pulse experiments,pioreactor01,2026-09-14T17:02:09.192Z,0.23091796875,555,2026-09-14 22:47:09.192,1854.675
Pulse experiments,pioreactor01,2026-09-14T17:02:09.199Z,0.228671875,590,2026-09-14 22:47:09.199,1854.675
Pulse experiments,pioreactor01,2026-09-14T17:02:09.203Z,0.234921875,630,2026-09-14 22:47:09.203,1854.675
Pulse experiments,pioreactor01,2026-09-14T17:02:09.211Z,0.1228125,680,2026-09-14 22:47:09.211,1854.675
Pulse experiments,pioreactor01,2026-09-14T17:02:14.173Z,0.01984375,415,2026-09-14 22:47:14.173,1854.676388888889
Pulse experiments,pioreactor01,2026-09-14T17:02:14.179Z,0.158046875,445,2026-09-14 22:47:14.179,1854.676388888889
Pulse experiments,pioreactor01,2026-09-14T17:02:14.182Z,0.171171875,480,2026-09-14 22:47:14.182,1854.676388888889
Pulse experiments,pioreactor01,2026-09-14T17:02:14.190Z,0.20064453125,515,2026-09-14 22:47:14.190,1854.676388888889
Pulse experiments,pioreactor01,2026-09-14T17:02:14.196Z,0.23140625,555,2026-09-14 22:47:14.196,1854.676388888889
Pulse experiments,pioreactor01,2026-09-14T17:02:14.202Z,0.22912109375,590,2026-09-14 22:47:14.202,1854.676388888889
Pulse experiments,pioreactor01,2026-09-14T17:02:14.206Z,0.23498046875,630,2026-09-14 22:47:14.206,1854.676388888889
Pulse experiments,pioreactor01,2026-09-14T17:02:14.210Z,0.123046875,680,2026-09-14 22:47:14.210,1854.676388888889
Pulse experiments,pioreactor01,2026-09-14T17:02:19.173Z,0.01984375,415,2026-09-14 22:47:19.173,1854.677777777778
Pulse experiments,pioreactor01,2026-09-14T17:02:19.178Z,0.157890625,445,2026-09-14 22:47:19.178,1854.677777777778
Pulse experiments,pioreactor01,2026-09-14T17:02:19.182Z,0.17123046875,480,2026-09-14 22:47:19.182,1854.677777777778
Pulse experiments,pioreactor01,2026-09-14T17:02:19.187Z,0.20080078125,515,2026-09-14 22:47:19.187,1854.677777777778
Pulse experiments,pioreactor01,2026-09-14T17:02:19.192Z,0.230625,555,2026-09-14 22:47:19.192,1854.677777777778
Pulse experiments,pioreactor01,2026-09-14T17:02:19.196Z,0.2285546875,590,2026-09-14 22:47:19.196,1854.677777777778
Pulse experiments,pioreactor01,2026-09-14T17:02:19.202Z,0.23486328125,630,2026-09-14 22:47:19.202,1854.677777777778
Pulse experiments,pioreactor01,2026-09-14T17:02:19.206Z,0.12287109375,680,2026-09-14 22:47:19.206,1854.677777777778
Pulse experiments,pioreactor01,2026-09-14T17:02:24.170Z,0.01984375,415,2026-09-14 22:47:24.170,1854.679166666667
Pulse experiments,pioreactor01,2026-09-14T17:02:24.175Z,0.1576953125,445,2026-09-14 22:47:24.175,1854.679166666667
Pulse experiments,pioreactor01,2026-09-14T17:02:24.179Z,0.1712109375,480,2026-09-14 22:47:24.179,1854.679166666667
Pulse experiments,pioreactor01,2026-09-14T17:02:24.184Z,0.200703125,515,2026-09-14 22:47:24.184,1854.679166666667
Pulse experiments,pioreactor01,2026-09-14T17:02:24.188Z,0.23080078125,555,2026-09-14 22:47:24.188,1854.679166666667
Pulse experiments,pioreactor01,2026-09-14T17:02:24.193Z,0.22888671875,590,2026-09-14 22:47:24.193,1854.679166666667
Pulse experiments,pioreactor01,2026-09-14T17:02:24.198Z,0.2350390625,630,2026-09-14 22:47:24.198,1854.679166666667
Pulse experiments,pioreactor01,2026-09-14T17:02:24.202Z,0.12298828125,680,2026-09-14 22:47:24.202,1854.679166666667
Pulse experiments,pioreactor01,2026-09-14T17:02:29.169Z,0.01984375,415,2026-09-14 22:47:29.169,1854.680555555556
Pulse experiments,pioreactor01,2026-09-14T17:02:29.175Z,0.15802734375,445,2026-09-14 22:47:29.175,1854.680555555556
Pulse experiments,pioreactor01,2026-09-14T17:02:29.179Z,0.17125,480,2026-09-14 22:47:29.179,1854.680555555556
Pulse experiments,pioreactor01,2026-09-14T17:02:29.184Z,0.200859375,515,2026-09-14 22:47:29.184,1854.680555555556
Pulse experiments,pioreactor01,2026-09-14T17:02:29.189Z,0.231015625,555,2026-09-14 22:47:29.189,1854.680555555556
Pulse experiments,pioreactor01,2026-09-14T17:02:29.195Z,0.22876953125,590,2026-09-14 22:47:29.195,1854.680555555556
Pulse experiments,pioreactor01,2026-09-14T17:02:29.200Z,0.2351953125,630,2026-09-14 22:47:29.200,1854.680555555556
Pulse experiments,pioreactor01,2026-09-14T17:02:29.205Z,0.12306640625,680,2026-09-14 22:47:29.205,1854.680555555556
Pulse experiments,pioreactor01,2026-09-14T17:02:34.172Z,0.0198828125,415,2026-09-14 22:47:34.172,1854.681944444445
Pulse experiments,pioreactor01,2026-09-14T17:02:34.178Z,0.158203125,445,2026-09-14 22:47:34.178,1854.681944444445
Pulse experiments,pioreactor01,2026-09-14T17:02:34.182Z,0.1716015625,480,2026-09-14 22:47:34.182,1854.681944444445
Pulse experiments,pioreactor01,2026-09-14T17:02:34.187Z,0.20109375,515,2026-09-14 22:47:34.187,1854.681944444445
Pulse experiments,pioreactor01,2026-09-14T17:02:34.191Z,0.23119140625,555,2026-09-14 22:47:34.191,1854.681944444445
Pulse experiments,pioreactor01,2026-09-14T17:02:34.196Z,0.228984375,590,2026-09-14 22:47:34.196,1854.681944444445
Pulse experiments,pioreactor01,2026-09-14T17:02:34.202Z,0.23515625,630,2026-09-14 22:47:34.202,1854.681944444445
Pulse experiments,pioreactor01,2026-09-14T17:02:34.206Z,0.12314453125,680,2026-09-14 22:47:34.206,1854.681944444445
Pulse experiments,pioreactor01,2026-09-14T17:02:39.171Z,0.0198046875,415,2026-09-14 22:47:39.171,1854.683333333333
Pulse experiments,pioreactor01,2026-09-14T17:02:39.176Z,0.15806640625,445,2026-09-14 22:47:39.176,1854.683333333333
Pulse experiments,pioreactor01,2026-09-14T17:02:39.181Z,0.17134765625,480,2026-09-14 22:47:39.181,1854.683333333333
Pulse experiments,pioreactor01,2026-09-14T17:02:39.188Z,0.200859375,515,2026-09-14 22:47:39.188,1854.683333333333
Pulse experiments,pioreactor01,2026-09-14T17:02:39.192Z,0.23080078125,555,2026-09-14 22:47:39.192,1854.683333333333
Pulse experiments,pioreactor01,2026-09-14T17:02:39.198Z,0.22859375,590,2026-09-14 22:47:39.198,1854.683333333333
Pulse experiments,pioreactor01,2026-09-14T17:02:39.201Z,0.23470703125,630,2026-09-14 22:47:39.201,1854.683333333333
Pulse experiments,pioreactor01,2026-09-14T17:02:39.206Z,0.1228515625,680,2026-09-14 22:47:39.206,1854.683333333333
Pulse experiments,pioreactor01,2026-09-14T17:02:44.172Z,0.01984375,415,2026-09-14 22:47:44.172,1854.684722222222
Pulse experiments,pioreactor01,2026-09-14T17:02:44.178Z,0.15826171875,445,2026-09-14 22:47:44.178,1854.684722222222
Pulse experiments,pioreactor01,2026-09-14T17:02:44.183Z,0.1719140625,480,2026-09-14 22:47:44.183,1854.684722222222
Pulse experiments,pioreactor01,2026-09-14T17:02:44.188Z,0.20115234375,515,2026-09-14 22:47:44.188,1854.684722222222
Pulse experiments,pioreactor01,2026-09-14T17:02:44.194Z,0.2315625,555,2026-09-14 22:47:44.194,1854.684722222222
Pulse experiments,pioreactor01,2026-09-14T17:02:44.199Z,0.229375,590,2026-09-14 22:47:44.199,1854.684722222222
Pulse experiments,pioreactor01,2026-09-14T17:02:44.204Z,0.2356640625,630,2026-09-14 22:47:44.204,1854.684722222222
Pulse experiments,pioreactor01,2026-09-14T17:02:44.209Z,0.123359375,680,2026-09-14 22:47:44.209,1854.684722222222
Pulse experiments,pioreactor01,2026-09-14T17:02:49.169Z,0.01974609375,415,2026-09-14 22:47:49.169,1854.686111111111
Pulse experiments,pioreactor01,2026-09-14T17:02:49.173Z,0.15759765625,445,2026-09-14 22:47:49.173,1854.686111111111
Pulse experiments,pioreactor01,2026-09-14T17:02:49.179Z,0.1710546875,480,2026-09-14 22:47:49.179,1854.686111111111
Pulse experiments,pioreactor01,2026-09-14T17:02:49.184Z,0.2004296875,515,2026-09-14 22:47:49.184,1854.686111111111
Pulse experiments,pioreactor01,2026-09-14T17:02:49.189Z,0.2309765625,555,2026-09-14 22:47:49.189,1854.686111111111
Pulse experiments,pioreactor01,2026-09-14T17:02:49.194Z,0.22875,590,2026-09-14 22:47:49.194,1854.686111111111
Pulse experiments,pioreactor01,2026-09-14T17:02:49.198Z,0.235234375,630,2026-09-14 22:47:49.198,1854.686111111111
Pulse experiments,pioreactor01,2026-09-14T17:02:49.204Z,0.12296875,680,2026-09-14 22:47:49.204,1854.686111111111
Pulse experiments,pioreactor01,2026-09-14T17:02:54.168Z,0.0198046875,415,2026-09-14 22:47:54.168,1854.6875
Pulse experiments,pioreactor01,2026-09-14T17:02:54.172Z,0.15822265625,445,2026-09-14 22:47:54.172,1854.6875
Pulse experiments,pioreactor01,2026-09-14T17:02:54.178Z,0.17171875,480,2026-09-14 22:47:54.178,1854.6875
Pulse experiments,pioreactor01,2026-09-14T17:02:54.182Z,0.20115234375,515,2026-09-14 22:47:54.182,1854.6875
Pulse experiments,pioreactor01,2026-09-14T17:02:54.187Z,0.23162109375,555,2026-09-14 22:47:54.187,1854.6875
Pulse experiments,pioreactor01,2026-09-14T17:02:54.191Z,0.22908203125,590,2026-09-14 22:47:54.191,1854.6875
Pulse experiments,pioreactor01,2026-09-14T17:02:54.197Z,0.2356640625,630,2026-09-14 22:47:54.197,1854.6875
Pulse experiments,pioreactor01,2026-09-14T17:02:54.201Z,0.123359375,680,2026-09-14 22:47:54.201,1854.6875
Pulse experiments,pioreactor01,2026-09-14T17:02:59.169Z,0.01984375,415,2026-09-14 22:47:59.169,1854.688888888889
Pulse experiments,pioreactor01,2026-09-14T17:02:59.176Z,0.15794921875,445,2026-09-14 22:47:59.176,1854.688888888889
Pulse experiments,pioreactor01,2026-09-14T17:02:59.179Z,0.1710546875,480,2026-09-14 22:47:59.179,1854.688888888889
Pulse experiments,pioreactor01,2026-09-14T17:02:59.184Z,0.20068359375,515,2026-09-14 22:47:59.184,1854.688888888889
Pulse experiments,pioreactor01,2026-09-14T17:02:59.189Z,0.23111328125,555,2026-09-14 22:47:59.189,1854.688888888889
Pulse experiments,pioreactor01,2026-09-14T17:02:59.194Z,0.22869140625,590,2026-09-14 22:47:59.194,1854.688888888889
Pulse experiments,pioreactor01,2026-09-14T17:02:59.200Z,0.23486328125,630,2026-09-14 22:47:59.200,1854.688888888889
Pulse experiments,pioreactor01,2026-09-14T17:02:59.204Z,0.12294921875,680,2026-09-14 22:47:59.204,1854.688888888889
Pulse experiments,pioreactor01,2026-09-14T17:03:04.171Z,0.019765625,415,2026-09-14 22:48:04.171,1854.690277777778
Pulse experiments,pioreactor01,2026-09-14T17:03:04.177Z,0.1578125,445,2026-09-14 22:48:04.177,1854.690277777778
Pulse experiments,pioreactor01,2026-09-14T17:03:04.182Z,0.17099609375,480,2026-09-14 22:48:04.182,1854.690277777778
Pulse experiments,pioreactor01,2026-09-14T17:03:04.187Z,0.20046875,515,2026-09-14 22:48:04.187,1854.690277777778
Pulse experiments,pioreactor01,2026-09-14T17:03:04.192Z,0.23087890625,555,2026-09-14 22:48:04.192,1854.690277777778
Pulse experiments,pioreactor01,2026-09-14T17:03:04.197Z,0.22857421875,590,2026-09-14 22:48:04.197,1854.690277777778
Pulse experiments,pioreactor01,2026-09-14T17:03:04.202Z,0.23484375,630,2026-09-14 22:48:04.202,1854.690277777778
Pulse experiments,pioreactor01,2026-09-14T17:03:04.207Z,0.12296875,680,2026-09-14 22:48:04.207,1854.690277777778
Pulse experiments,pioreactor01,2026-09-14T17:03:09.169Z,0.01982421875,415,2026-09-14 22:48:09.169,1854.691666666667
Pulse experiments,pioreactor01,2026-09-14T17:03:09.175Z,0.1578125,445,2026-09-14 22:48:09.175,1854.691666666667
Pulse experiments,pioreactor01,2026-09-14T17:03:09.180Z,0.17142578125,480,2026-09-14 22:48:09.180,1854.691666666667
Pulse experiments,pioreactor01,2026-09-14T17:03:09.185Z,0.2009765625,515,2026-09-14 22:48:09.185,1854.691666666667
Pulse experiments,pioreactor01,2026-09-14T17:03:09.189Z,0.23072265625,555,2026-09-14 22:48:09.189,1854.691666666667
Pulse experiments,pioreactor01,2026-09-14T17:03:09.195Z,0.22837890625,590,2026-09-14 22:48:09.195,1854.691666666667
Pulse experiments,pioreactor01,2026-09-14T17:03:09.199Z,0.2345703125,630,2026-09-14 22:48:09.199,1854.691666666667
Pulse experiments,pioreactor01,2026-09-14T17:03:09.204Z,0.1228515625,680,2026-09-14 22:48:09.204,1854.691666666667
Pulse experiments,pioreactor01,2026-09-14T17:03:14.169Z,0.01982421875,415,2026-09-14 22:48:14.169,1854.693055555555
Pulse experiments,pioreactor01,2026-09-14T17:03:14.174Z,0.15759765625,445,2026-09-14 22:48:14.174,1854.693055555555
Pulse experiments,pioreactor01,2026-09-14T17:03:14.178Z,0.17087890625,480,2026-09-14 22:48:14.178,1854.693055555555
Pulse experiments,pioreactor01,2026-09-14T17:03:14.184Z,0.20052734375,515,2026-09-14 22:48:14.184,1854.693055555555
Pulse experiments,pioreactor01,2026-09-14T17:03:14.188Z,0.231328125,555,2026-09-14 22:48:14.188,1854.693055555555
Pulse experiments,pioreactor01,2026-09-14T17:03:14.193Z,0.22884765625,590,2026-09-14 22:48:14.193,1854.693055555555
Pulse experiments,pioreactor01,2026-09-14T17:03:14.199Z,0.23525390625,630,2026-09-14 22:48:14.199,1854.693055555555
Pulse experiments,pioreactor01,2026-09-14T17:03:14.204Z,0.12306640625,680,2026-09-14 22:48:14.204,1854.693055555555
Pulse experiments,pioreactor01,2026-09-14T17:03:19.173Z,0.01986328125,415,2026-09-14 22:48:19.173,1854.694444444444
Pulse experiments,pioreactor01,2026-09-14T17:03:19.177Z,0.1580859375,445,2026-09-14 22:48:19.177,1854.694444444444
Pulse experiments,pioreactor01,2026-09-14T17:03:19.181Z,0.17158203125,480,2026-09-14 22:48:19.181,1854.694444444444
Pulse experiments,pioreactor01,2026-09-14T17:03:19.186Z,0.201015625,515,2026-09-14 22:48:19.186,1854.694444444444
Pulse experiments,pioreactor01,2026-09-14T17:03:19.191Z,0.23115234375,555,2026-09-14 22:48:19.191,1854.694444444444
Pulse experiments,pioreactor01,2026-09-14T17:03:19.196Z,0.22884765625,590,2026-09-14 22:48:19.196,1854.694444444444
Pulse experiments,pioreactor01,2026-09-14T17:03:19.199Z,0.2351953125,630,2026-09-14 22:48:19.199,1854.694444444444
Pulse experiments,pioreactor01,2026-09-14T17:03:19.206Z,0.12310546875,680,2026-09-14 22:48:19.206,1854.694444444444
Pulse experiments,pioreactor01,2026-09-14T17:03:24.170Z,0.01984375,415,2026-09-14 22:48:24.170,1854.695833333333
Pulse experiments,pioreactor01,2026-09-14T17:03:24.177Z,0.1581640625,445,2026-09-14 22:48:24.177,1854.695833333333
Pulse experiments,pioreactor01,2026-09-14T17:03:24.181Z,0.17158203125,480,2026-09-14 22:48:24.181,1854.695833333333
Pulse experiments,pioreactor01,2026-09-14T17:03:24.186Z,0.20107421875,515,2026-09-14 22:48:24.186,1854.695833333333
Pulse experiments,pioreactor01,2026-09-14T17:03:24.190Z,0.23115234375,555,2026-09-14 22:48:24.190,1854.695833333333
Pulse experiments,pioreactor01,2026-09-14T17:03:24.194Z,0.22888671875,590,2026-09-14 22:48:24.194,1854.695833333333
Pulse experiments,pioreactor01,2026-09-14T17:03:24.199Z,0.23541015625,630,2026-09-14 22:48:24.199,1854.695833333333
Pulse experiments,pioreactor01,2026-09-14T17:03:24.204Z,0.12310546875,680,2026-09-14 22:48:24.204,1854.695833333333
Pulse experiments,pioreactor01,2026-09-14T17:03:29.169Z,0.0198046875,415,2026-09-14 22:48:29.169,1854.697222222222
Pulse experiments,pioreactor01,2026-09-14T17:03:29.174Z,0.15765625,445,2026-09-14 22:48:29.174,1854.697222222222
Pulse experiments,pioreactor01,2026-09-14T17:03:29.180Z,0.1709375,480,2026-09-14 22:48:29.180,1854.697222222222
Pulse experiments,pioreactor01,2026-09-14T17:03:29.184Z,0.20064453125,515,2026-09-14 22:48:29.184,1854.697222222222
Pulse experiments,pioreactor01,2026-09-14T17:03:29.190Z,0.23125,555,2026-09-14 22:48:29.190,1854.697222222222
Pulse experiments,pioreactor01,2026-09-14T17:03:29.194Z,0.2291015625,590,2026-09-14 22:48:29.194,1854.697222222222
Pulse experiments,pioreactor01,2026-09-14T17:03:29.199Z,0.23509765625,630,2026-09-14 22:48:29.199,1854.697222222222
Pulse experiments,pioreactor01,2026-09-14T17:03:29.203Z,0.12302734375,680,2026-09-14 22:48:29.203,1854.697222222222
Pulse experiments,pioreactor01,2026-09-14T17:03:34.168Z,0.0198046875,415,2026-09-14 22:48:34.168,1854.698611111111
Pulse experiments,pioreactor01,2026-09-14T17:03:34.175Z,0.15796875,445,2026-09-14 22:48:34.175,1854.698611111111
Pulse experiments,pioreactor01,2026-09-14T17:03:34.179Z,0.1715234375,480,2026-09-14 22:48:34.179,1854.698611111111
Pulse experiments,pioreactor01,2026-09-14T17:03:34.187Z,0.2007421875,515,2026-09-14 22:48:34.187,1854.698611111111
Pulse experiments,pioreactor01,2026-09-14T17:03:34.189Z,0.2315625,555,2026-09-14 22:48:34.189,1854.698611111111
Pulse experiments,pioreactor01,2026-09-14T17:03:34.194Z,0.2292578125,590,2026-09-14 22:48:34.194,1854.698611111111
Pulse experiments,pioreactor01,2026-09-14T17:03:34.200Z,0.23568359375,630,2026-09-14 22:48:34.200,1854.698611111111
Pulse experiments,pioreactor01,2026-09-14T17:03:34.204Z,0.12322265625,680,2026-09-14 22:48:34.204,1854.698611111111
Pulse experiments,pioreactor01,2026-09-14T17:03:39.170Z,0.01982421875,415,2026-09-14 22:48:39.170,1854.7
Pulse experiments,pioreactor01,2026-09-14T17:03:39.174Z,0.15828125,445,2026-09-14 22:48:39.174,1854.7
Pulse experiments,pioreactor01,2026-09-14T17:03:39.179Z,0.17146484375,480,2026-09-14 22:48:39.179,1854.7
Pulse experiments,pioreactor01,2026-09-14T17:03:39.185Z,0.201171875,515,2026-09-14 22:48:39.185,1854.7
Pulse experiments,pioreactor01,2026-09-14T17:03:39.190Z,0.23123046875,555,2026-09-14 22:48:39.190,1854.7
Pulse experiments,pioreactor01,2026-09-14T17:03:39.195Z,0.22890625,590,2026-09-14 22:48:39.195,1854.7
Pulse experiments,pioreactor01,2026-09-14T17:03:39.201Z,0.23521484375,630,2026-09-14 22:48:39.201,1854.7
Pulse experiments,pioreactor01,2026-09-14T17:03:39.206Z,0.123046875,680,2026-09-14 22:48:39.206,1854.7
Pulse experiments,pioreactor01,2026-09-14T17:03:44.171Z,0.01978515625,415,2026-09-14 22:48:44.171,1854.701388888889
Pulse experiments,pioreactor01,2026-09-14T17:03:44.176Z,0.1580859375,445,2026-09-14 22:48:44.176,1854.701388888889
Pulse experiments,pioreactor01,2026-09-14T17:03:44.180Z,0.1714453125,480,2026-09-14 22:48:44.180,1854.701388888889
Pulse experiments,pioreactor01,2026-09-14T17:03:44.186Z,0.20068359375,515,2026-09-14 22:48:44.186,1854.701388888889
Pulse experiments,pioreactor01,2026-09-14T17:03:44.190Z,0.2313671875,555,2026-09-14 22:48:44.190,1854.701388888889
Pulse experiments,pioreactor01,2026-09-14T17:03:44.195Z,0.228828125,590,2026-09-14 22:48:44.195,1854.701388888889
Pulse experiments,pioreactor01,2026-09-14T17:03:44.200Z,0.23501953125,630,2026-09-14 22:48:44.200,1854.701388888889
Pulse experiments,pioreactor01,2026-09-14T17:03:44.206Z,0.123046875,680,2026-09-14 22:48:44.206,1854.701388888889
Pulse experiments,pioreactor01,2026-09-14T17:03:49.167Z,0.01986328125,415,2026-09-14 22:48:49.167,1854.702777777778
Pulse experiments,pioreactor01,2026-09-14T17:03:49.173Z,0.15794921875,445,2026-09-14 22:48:49.173,1854.702777777778
Pulse experiments,pioreactor01,2026-09-14T17:03:49.177Z,0.17158203125,480,2026-09-14 22:48:49.177,1854.702777777778
Pulse experiments,pioreactor01,2026-09-14T17:03:49.182Z,0.20078125,515,2026-09-14 22:48:49.182,1854.702777777778
Pulse experiments,pioreactor01,2026-09-14T17:03:49.186Z,0.2308203125,555,2026-09-14 22:48:49.186,1854.702777777778
Pulse experiments,pioreactor01,2026-09-14T17:03:49.191Z,0.22853515625,590,2026-09-14 22:48:49.191,1854.702777777778
Pulse experiments,pioreactor01,2026-09-14T17:03:49.196Z,0.23478515625,630,2026-09-14 22:48:49.196,1854.702777777778
Pulse experiments,pioreactor01,2026-09-14T17:03:49.200Z,0.12271484375,680,2026-09-14 22:48:49.200,1854.702777777778
Pulse experiments,pioreactor01,2026-09-14T17:03:54.170Z,0.01978515625,415,2026-09-14 22:48:54.170,1854.704166666667
Pulse experiments,pioreactor01,2026-09-14T17:03:54.174Z,0.15787109375,445,2026-09-14 22:48:54.174,1854.704166666667
Pulse experiments,pioreactor01,2026-09-14T17:03:54.180Z,0.17111328125,480,2026-09-14 22:48:54.180,1854.704166666667
Pulse experiments,pioreactor01,2026-09-14T17:03:54.183Z,0.20037109375,515,2026-09-14 22:48:54.183,1854.704166666667
Pulse experiments,pioreactor01,2026-09-14T17:03:54.189Z,0.23056640625,555,2026-09-14 22:48:54.189,1854.704166666667
Pulse experiments,pioreactor01,2026-09-14T17:03:54.194Z,0.22845703125,590,2026-09-14 22:48:54.194,1854.704166666667
Pulse experiments,pioreactor01,2026-09-14T17:03:54.198Z,0.23484375,630,2026-09-14 22:48:54.198,1854.704166666667
Pulse experiments,pioreactor01,2026-09-14T17:03:54.203Z,0.122734375,680,2026-09-14 22:48:54.203,1854.704166666667
Pulse experiments,pioreactor01,2026-09-14T17:03:59.177Z,0.01986328125,415,2026-09-14 22:48:59.177,1854.705555555556
Pulse experiments,pioreactor01,2026-09-14T17:03:59.181Z,0.15796875,445,2026-09-14 22:48:59.181,1854.705555555556
Pulse experiments,pioreactor01,2026-09-14T17:03:59.186Z,0.17123046875,480,2026-09-14 22:48:59.186,1854.705555555556
Pulse experiments,pioreactor01,2026-09-14T17:03:59.191Z,0.200859375,515,2026-09-14 22:48:59.191,1854.705555555556
Pulse experiments,pioreactor01,2026-09-14T17:03:59.196Z,0.23146484375,555,2026-09-14 22:48:59.196,1854.705555555556
Pulse experiments,pioreactor01,2026-09-14T17:03:59.202Z,0.22896484375,590,2026-09-14 22:48:59.202,1854.705555555556
Pulse experiments,pioreactor01,2026-09-14T17:03:59.205Z,0.23509765625,630,2026-09-14 22:48:59.205,1854.705555555556
Pulse experiments,pioreactor01,2026-09-14T17:03:59.212Z,0.12328125,680,2026-09-14 22:48:59.212,1854.705555555556
Pulse experiments,pioreactor01,2026-09-14T17:04:04.169Z,0.01984375,415,2026-09-14 22:49:04.169,1854.706944444444
Pulse experiments,pioreactor01,2026-09-14T17:04:04.176Z,0.158125,445,2026-09-14 22:49:04.176,1854.706944444444
Pulse experiments,pioreactor01,2026-09-14T17:04:04.179Z,0.17158203125,480,2026-09-14 22:49:04.179,1854.706944444444
Pulse experiments,pioreactor01,2026-09-14T17:04:04.186Z,0.2008203125,515,2026-09-14 22:49:04.186,1854.706944444444
Pulse experiments,pioreactor01,2026-09-14T17:04:04.190Z,0.23146484375,555,2026-09-14 22:49:04.190,1854.706944444444
Pulse experiments,pioreactor01,2026-09-14T17:04:04.196Z,0.22908203125,590,2026-09-14 22:49:04.196,1854.706944444444
Pulse experiments,pioreactor01,2026-09-14T17:04:04.200Z,0.2353125,630,2026-09-14 22:49:04.200,1854.706944444444
Pulse experiments,pioreactor01,2026-09-14T17:04:04.204Z,0.12322265625,680,2026-09-14 22:49:04.204,1854.706944444444
Pulse experiments,pioreactor01,2026-09-14T17:04:09.169Z,0.0198046875,415,2026-09-14 22:49:09.169,1854.708333333333
Pulse experiments,pioreactor01,2026-09-14T17:04:09.175Z,0.157734375,445,2026-09-14 22:49:09.175,1854.708333333333
Pulse experiments,pioreactor01,2026-09-14T17:04:09.179Z,0.1709375,480,2026-09-14 22:49:09.179,1854.708333333333
Pulse experiments,pioreactor01,2026-09-14T17:04:09.185Z,0.2005859375,515,2026-09-14 22:49:09.185,1854.708333333333
Pulse experiments,pioreactor01,2026-09-14T17:04:09.189Z,0.2315234375,555,2026-09-14 22:49:09.189,1854.708333333333
Pulse experiments,pioreactor01,2026-09-14T17:04:09.194Z,0.229140625,590,2026-09-14 22:49:09.194,1854.708333333333
Pulse experiments,pioreactor01,2026-09-14T17:04:09.199Z,0.2352734375,630,2026-09-14 22:49:09.199,1854.708333333333
Pulse experiments,pioreactor01,2026-09-14T17:04:09.204Z,0.1233203125,680,2026-09-14 22:49:09.204,1854.708333333333
Pulse experiments,pioreactor01,2026-09-14T17:04:14.170Z,0.01986328125,415,2026-09-14 22:49:14.170,1854.709722222222
Pulse experiments,pioreactor01,2026-09-14T17:04:14.176Z,0.15794921875,445,2026-09-14 22:49:14.176,1854.709722222222
Pulse experiments,pioreactor01,2026-09-14T17:04:14.180Z,0.1715234375,480,2026-09-14 22:49:14.180,1854.709722222222
Pulse experiments,pioreactor01,2026-09-14T17:04:14.189Z,0.2009375,515,2026-09-14 22:49:14.189,1854.709722222222
Pulse experiments,pioreactor01,2026-09-14T17:04:14.193Z,0.23087890625,555,2026-09-14 22:49:14.193,1854.709722222222
Pulse experiments,pioreactor01,2026-09-14T17:04:14.199Z,0.2285546875,590,2026-09-14 22:49:14.199,1854.709722222222
Pulse experiments,pioreactor01,2026-09-14T17:04:14.206Z,0.2350390625,630,2026-09-14 22:49:14.206,1854.709722222222
Pulse experiments,pioreactor01,2026-09-14T17:04:14.212Z,0.12298828125,680,2026-09-14 22:49:14.212,1854.709722222222
Pulse experiments,pioreactor01,2026-09-14T17:04:19.175Z,0.01978515625,415,2026-09-14 22:49:19.175,1854.711111111111
Pulse experiments,pioreactor01,2026-09-14T17:04:19.181Z,0.15796875,445,2026-09-14 22:49:19.181,1854.711111111111
Pulse experiments,pioreactor01,2026-09-14T17:04:19.187Z,0.171171875,480,2026-09-14 22:49:19.187,1854.711111111111
Pulse experiments,pioreactor01,2026-09-14T17:04:19.191Z,0.20072265625,515,2026-09-14 22:49:19.191,1854.711111111111
Pulse experiments,pioreactor01,2026-09-14T17:04:19.197Z,0.2312890625,555,2026-09-14 22:49:19.197,1854.711111111111
Pulse experiments,pioreactor01,2026-09-14T17:04:19.201Z,0.22890625,590,2026-09-14 22:49:19.201,1854.711111111111
Pulse experiments,pioreactor01,2026-09-14T17:04:19.205Z,0.23529296875,630,2026-09-14 22:49:19.205,1854.711111111111
Pulse experiments,pioreactor01,2026-09-14T17:04:19.211Z,0.12302734375,680,2026-09-14 22:49:19.211,1854.711111111111
Pulse experiments,pioreactor01,2026-09-14T17:04:24.169Z,0.0198046875,415,2026-09-14 22:49:24.169,1854.7125
Pulse experiments,pioreactor01,2026-09-14T17:04:24.173Z,0.1581640625,445,2026-09-14 22:49:24.173,1854.7125
Pulse experiments,pioreactor01,2026-09-14T17:04:24.180Z,0.171640625,480,2026-09-14 22:49:24.180,1854.7125
Pulse experiments,pioreactor01,2026-09-14T17:04:24.183Z,0.20103515625,515,2026-09-14 22:49:24.183,1854.7125
Pulse experiments,pioreactor01,2026-09-14T17:04:24.188Z,0.23115234375,555,2026-09-14 22:49:24.188,1854.7125
Pulse experiments,pioreactor01,2026-09-14T17:04:24.193Z,0.22888671875,590,2026-09-14 22:49:24.193,1854.7125
Pulse experiments,pioreactor01,2026-09-14T17:04:24.197Z,0.2353125,630,2026-09-14 22:49:24.197,1854.7125
Pulse experiments,pioreactor01,2026-09-14T17:04:24.202Z,0.123203125,680,2026-09-14 22:49:24.202,1854.7125
Pulse experiments,pioreactor01,2026-09-14T17:04:29.175Z,0.01984375,415,2026-09-14 22:49:29.175,1854.713888888889
Pulse experiments,pioreactor01,2026-09-14T17:04:29.181Z,0.15783203125,445,2026-09-14 22:49:29.181,1854.713888888889
Pulse experiments,pioreactor01,2026-09-14T17:04:29.185Z,0.171171875,480,2026-09-14 22:49:29.185,1854.713888888889
Pulse experiments,pioreactor01,2026-09-14T17:04:29.189Z,0.2006640625,515,2026-09-14 22:49:29.189,1854.713888888889
Pulse experiments,pioreactor01,2026-09-14T17:04:29.193Z,0.23099609375,555,2026-09-14 22:49:29.193,1854.713888888889
Pulse experiments,pioreactor01,2026-09-14T17:04:29.199Z,0.22865234375,590,2026-09-14 22:49:29.199,1854.713888888889
Pulse experiments,pioreactor01,2026-09-14T17:04:29.204Z,0.23490234375,630,2026-09-14 22:49:29.204,1854.713888888889
Pulse experiments,pioreactor01,2026-09-14T17:04:29.209Z,0.1228515625,680,2026-09-14 22:49:29.209,1854.713888888889
Pulse experiments,pioreactor01,2026-09-14T17:04:34.169Z,0.01984375,415,2026-09-14 22:49:34.169,1854.715277777778
Pulse experiments,pioreactor01,2026-09-14T17:04:34.175Z,0.157890625,445,2026-09-14 22:49:34.175,1854.715277777778
Pulse experiments,pioreactor01,2026-09-14T17:04:34.179Z,0.17125,480,2026-09-14 22:49:34.179,1854.715277777778
Pulse experiments,pioreactor01,2026-09-14T17:04:34.183Z,0.20078125,515,2026-09-14 22:49:34.183,1854.715277777778
Pulse experiments,pioreactor01,2026-09-14T17:04:34.189Z,0.23138671875,555,2026-09-14 22:49:34.189,1854.715277777778
Pulse experiments,pioreactor01,2026-09-14T17:04:34.193Z,0.22908203125,590,2026-09-14 22:49:34.193,1854.715277777778
Pulse experiments,pioreactor01,2026-09-14T17:04:34.198Z,0.23529296875,630,2026-09-14 22:49:34.198,1854.715277777778
Pulse experiments,pioreactor01,2026-09-14T17:04:34.202Z,0.1232421875,680,2026-09-14 22:49:34.202,1854.715277777778
Pulse experiments,pioreactor01,2026-09-14T17:04:39.170Z,0.0198828125,415,2026-09-14 22:49:39.170,1854.716666666667
Pulse experiments,pioreactor01,2026-09-14T17:04:39.175Z,0.158203125,445,2026-09-14 22:49:39.175,1854.716666666667
Pulse experiments,pioreactor01,2026-09-14T17:04:39.180Z,0.17166015625,480,2026-09-14 22:49:39.180,1854.716666666667
Pulse experiments,pioreactor01,2026-09-14T17:04:39.185Z,0.201015625,515,2026-09-14 22:49:39.185,1854.716666666667
Pulse experiments,pioreactor01,2026-09-14T17:04:39.190Z,0.23197265625,555,2026-09-14 22:49:39.190,1854.716666666667
Pulse experiments,pioreactor01,2026-09-14T17:04:39.195Z,0.2294921875,590,2026-09-14 22:49:39.195,1854.716666666667
Pulse experiments,pioreactor01,2026-09-14T17:04:39.201Z,0.2358984375,630,2026-09-14 22:49:39.201,1854.716666666667
Pulse experiments,pioreactor01,2026-09-14T17:04:39.205Z,0.12345703125,680,2026-09-14 22:49:39.205,1854.716666666667
Pulse experiments,pioreactor01,2026-09-14T17:04:44.171Z,0.01990234375,415,2026-09-14 22:49:44.171,1854.718055555556
Pulse experiments,pioreactor01,2026-09-14T17:04:44.176Z,0.158125,445,2026-09-14 22:49:44.176,1854.718055555556
Pulse experiments,pioreactor01,2026-09-14T17:04:44.179Z,0.17169921875,480,2026-09-14 22:49:44.179,1854.718055555556
Pulse experiments,pioreactor01,2026-09-14T17:04:44.184Z,0.20107421875,515,2026-09-14 22:49:44.184,1854.718055555556
Pulse experiments,pioreactor01,2026-09-14T17:04:44.190Z,0.2312890625,555,2026-09-14 22:49:44.190,1854.718055555556
Pulse experiments,pioreactor01,2026-09-14T17:04:44.194Z,0.228828125,590,2026-09-14 22:49:44.194,1854.718055555556
Pulse experiments,pioreactor01,2026-09-14T17:04:44.199Z,0.23521484375,630,2026-09-14 22:49:44.199,1854.718055555556
Pulse experiments,pioreactor01,2026-09-14T17:04:44.203Z,0.12298828125,680,2026-09-14 22:49:44.203,1854.718055555556
Pulse experiments,pioreactor01,2026-09-14T17:04:49.171Z,0.01982421875,415,2026-09-14 22:49:49.171,1854.719444444444
Pulse experiments,pioreactor01,2026-09-14T17:04:49.174Z,0.15796875,445,2026-09-14 22:49:49.174,1854.719444444444
Pulse experiments,pioreactor01,2026-09-14T17:04:49.180Z,0.17126953125,480,2026-09-14 22:49:49.180,1854.719444444444
Pulse experiments,pioreactor01,2026-09-14T17:04:49.183Z,0.200703125,515,2026-09-14 22:49:49.183,1854.719444444444
Pulse experiments,pioreactor01,2026-09-14T17:04:49.189Z,0.23109375,555,2026-09-14 22:49:49.189,1854.719444444444
Pulse experiments,pioreactor01,2026-09-14T17:04:49.193Z,0.22869140625,590,2026-09-14 22:49:49.193,1854.719444444444
Pulse experiments,pioreactor01,2026-09-14T17:04:49.198Z,0.2351171875,630,2026-09-14 22:49:49.198,1854.719444444444
Pulse experiments,pioreactor01,2026-09-14T17:04:49.202Z,0.12302734375,680,2026-09-14 22:49:49.202,1854.719444444444
Pulse experiments,pioreactor01,2026-09-14T17:04:54.173Z,0.0198046875,415,2026-09-14 22:49:54.173,1854.720833333333
Pulse experiments,pioreactor01,2026-09-14T17:04:54.178Z,0.15798828125,445,2026-09-14 22:49:54.178,1854.720833333333
Pulse experiments,pioreactor01,2026-09-14T17:04:54.182Z,0.17162109375,480,2026-09-14 22:49:54.182,1854.720833333333
Pulse experiments,pioreactor01,2026-09-14T17:04:54.188Z,0.20115234375,515,2026-09-14 22:49:54.188,1854.720833333333
Pulse experiments,pioreactor01,2026-09-14T17:04:54.191Z,0.23142578125,555,2026-09-14 22:49:54.191,1854.720833333333
Pulse experiments,pioreactor01,2026-09-14T17:04:54.196Z,0.228828125,590,2026-09-14 22:49:54.196,1854.720833333333
Pulse experiments,pioreactor01,2026-09-14T17:04:54.201Z,0.23509765625,630,2026-09-14 22:49:54.201,1854.720833333333
Pulse experiments,pioreactor01,2026-09-14T17:04:54.205Z,0.12298828125,680,2026-09-14 22:49:54.205,1854.720833333333
Pulse experiments,pioreactor01,2026-09-14T17:04:59.169Z,0.01978515625,415,2026-09-14 22:49:59.169,1854.722222222222
Pulse experiments,pioreactor01,2026-09-14T17:04:59.175Z,0.1578125,445,2026-09-14 22:49:59.175,1854.722222222222
Pulse experiments,pioreactor01,2026-09-14T17:04:59.179Z,0.17091796875,480,2026-09-14 22:49:59.179,1854.722222222222
Pulse experiments,pioreactor01,2026-09-14T17:04:59.184Z,0.20060546875,515,2026-09-14 22:49:59.184,1854.722222222222
Pulse experiments,pioreactor01,2026-09-14T17:04:59.188Z,0.23103515625,555,2026-09-14 22:49:59.188,1854.722222222222
Pulse experiments,pioreactor01,2026-09-14T17:04:59.194Z,0.228671875,590,2026-09-14 22:49:59.194,1854.722222222222
Pulse experiments,pioreactor01,2026-09-14T17:04:59.198Z,0.2349609375,630,2026-09-14 22:49:59.198,1854.722222222222
Pulse experiments,pioreactor01,2026-09-14T17:04:59.204Z,0.12294921875,680,2026-09-14 22:49:59.204,1854.722222222222
Pulse experiments,pioreactor01,2026-09-14T17:05:04.172Z,0.01982421875,415,2026-09-14 22:50:04.172,1854.723611111111
Pulse experiments,pioreactor01,2026-09-14T17:05:04.177Z,0.158046875,445,2026-09-14 22:50:04.177,1854.723611111111
Pulse experiments,pioreactor01,2026-09-14T17:05:04.182Z,0.17173828125,480,2026-09-14 22:50:04.182,1854.723611111111
Pulse experiments,pioreactor01,2026-09-14T17:05:04.188Z,0.20111328125,515,2026-09-14 22:50:04.188,1854.723611111111
Pulse experiments,pioreactor01,2026-09-14T17:05:04.192Z,0.23130859375,555,2026-09-14 22:50:04.192,1854.723611111111
Pulse experiments,pioreactor01,2026-09-14T17:05:04.197Z,0.22931640625,590,2026-09-14 22:50:04.197,1854.723611111111
Pulse experiments,pioreactor01,2026-09-14T17:05:04.202Z,0.235390625,630,2026-09-14 22:50:04.202,1854.723611111111
Pulse experiments,pioreactor01,2026-09-14T17:05:04.207Z,0.1232421875,680,2026-09-14 22:50:04.207,1854.723611111111
Pulse experiments,pioreactor01,2026-09-14T17:05:09.171Z,0.01984375,415,2026-09-14 22:50:09.171,1854.725
Pulse experiments,pioreactor01,2026-09-14T17:05:09.176Z,0.157890625,445,2026-09-14 22:50:09.176,1854.725
Pulse experiments,pioreactor01,2026-09-14T17:05:09.180Z,0.1711328125,480,2026-09-14 22:50:09.180,1854.725
Pulse experiments,pioreactor01,2026-09-14T17:05:09.185Z,0.200703125,515,2026-09-14 22:50:09.185,1854.725
Pulse experiments,pioreactor01,2026-09-14T17:05:09.189Z,0.23080078125,555,2026-09-14 22:50:09.189,1854.725
Pulse experiments,pioreactor01,2026-09-14T17:05:09.194Z,0.22859375,590,2026-09-14 22:50:09.194,1854.725
Pulse experiments,pioreactor01,2026-09-14T17:05:09.198Z,0.2347265625,630,2026-09-14 22:50:09.198,1854.725
Pulse experiments,pioreactor01,2026-09-14T17:05:09.202Z,0.12263671875,680,2026-09-14 22:50:09.202,1854.725
Pulse experiments,pioreactor01,2026-09-14T17:05:14.172Z,0.0198046875,415,2026-09-14 22:50:14.172,1854.726388888889
Pulse experiments,pioreactor01,2026-09-14T17:05:14.177Z,0.1578125,445,2026-09-14 22:50:14.177,1854.726388888889
Pulse experiments,pioreactor01,2026-09-14T17:05:14.181Z,0.17109375,480,2026-09-14 22:50:14.181,1854.726388888889
Pulse experiments,pioreactor01,2026-09-14T17:05:14.185Z,0.20078125,515,2026-09-14 22:50:14.185,1854.726388888889
Pulse experiments,pioreactor01,2026-09-14T17:05:14.190Z,0.23134765625,555,2026-09-14 22:50:14.190,1854.726388888889
Pulse experiments,pioreactor01,2026-09-14T17:05:14.195Z,0.22908203125,590,2026-09-14 22:50:14.195,1854.726388888889
Pulse experiments,pioreactor01,2026-09-14T17:05:14.201Z,0.23537109375,630,2026-09-14 22:50:14.201,1854.726388888889
Pulse experiments,pioreactor01,2026-09-14T17:05:14.204Z,0.1231640625,680,2026-09-14 22:50:14.204,1854.726388888889
Pulse experiments,pioreactor01,2026-09-14T17:05:19.175Z,0.01982421875,415,2026-09-14 22:50:19.175,1854.727777777778
Pulse experiments,pioreactor01,2026-09-14T17:05:19.179Z,0.1580078125,445,2026-09-14 22:50:19.179,1854.727777777778
Pulse experiments,pioreactor01,2026-09-14T17:05:19.182Z,0.17158203125,480,2026-09-14 22:50:19.182,1854.727777777778
Pulse experiments,pioreactor01,2026-09-14T17:05:19.190Z,0.2010546875,515,2026-09-14 22:50:19.190,1854.727777777778
Pulse experiments,pioreactor01,2026-09-14T17:05:19.193Z,0.23115234375,555,2026-09-14 22:50:19.193,1854.727777777778
Pulse experiments,pioreactor01,2026-09-14T17:05:19.198Z,0.22869140625,590,2026-09-14 22:50:19.198,1854.727777777778
Pulse experiments,pioreactor01,2026-09-14T17:05:19.202Z,0.23486328125,630,2026-09-14 22:50:19.202,1854.727777777778
Pulse experiments,pioreactor01,2026-09-14T17:05:19.207Z,0.12287109375,680,2026-09-14 22:50:19.207,1854.727777777778
Pulse experiments,pioreactor01,2026-09-14T17:05:24.175Z,0.01984375,415,2026-09-14 22:50:24.175,1854.729166666667
Pulse experiments,pioreactor01,2026-09-14T17:05:24.179Z,0.15818359375,445,2026-09-14 22:50:24.179,1854.729166666667
Pulse experiments,pioreactor01,2026-09-14T17:05:24.186Z,0.17171875,480,2026-09-14 22:50:24.186,1854.729166666667
Pulse experiments,pioreactor01,2026-09-14T17:05:24.192Z,0.20115234375,515,2026-09-14 22:50:24.192,1854.729166666667
Pulse experiments,pioreactor01,2026-09-14T17:05:24.198Z,0.23169921875,555,2026-09-14 22:50:24.198,1854.729166666667
Pulse experiments,pioreactor01,2026-09-14T17:05:24.203Z,0.22904296875,590,2026-09-14 22:50:24.203,1854.729166666667
Pulse experiments,pioreactor01,2026-09-14T17:05:24.207Z,0.235546875,630,2026-09-14 22:50:24.207,1854.729166666667
Pulse experiments,pioreactor01,2026-09-14T17:05:24.213Z,0.12318359375,680,2026-09-14 22:50:24.213,1854.729166666667
Pulse experiments,pioreactor01,2026-09-14T17:05:29.173Z,0.01978515625,415,2026-09-14 22:50:29.173,1854.730555555556
Pulse experiments,pioreactor01,2026-09-14T17:05:29.177Z,0.15787109375,445,2026-09-14 22:50:29.177,1854.730555555556
Pulse experiments,pioreactor01,2026-09-14T17:05:29.181Z,0.171171875,480,2026-09-14 22:50:29.181,1854.730555555556
Pulse experiments,pioreactor01,2026-09-14T17:05:29.187Z,0.20064453125,515,2026-09-14 22:50:29.187,1854.730555555556
Pulse experiments,pioreactor01,2026-09-14T17:05:29.192Z,0.2312890625,555,2026-09-14 22:50:29.192,1854.730555555556
Pulse experiments,pioreactor01,2026-09-14T17:05:29.197Z,0.2288671875,590,2026-09-14 22:50:29.197,1854.730555555556
Pulse experiments,pioreactor01,2026-09-14T17:05:29.201Z,0.23513671875,630,2026-09-14 22:50:29.201,1854.730555555556
Pulse experiments,pioreactor01,2026-09-14T17:05:29.208Z,0.12306640625,680,2026-09-14 22:50:29.208,1854.730555555556
Pulse experiments,pioreactor01,2026-09-14T17:05:34.175Z,0.01986328125,415,2026-09-14 22:50:34.175,1854.731944444444
Pulse experiments,pioreactor01,2026-09-14T17:05:34.181Z,0.157890625,445,2026-09-14 22:50:34.181,1854.731944444444
Pulse experiments,pioreactor01,2026-09-14T17:05:34.187Z,0.17134765625,480,2026-09-14 22:50:34.187,1854.731944444444
Pulse experiments,pioreactor01,2026-09-14T17:05:34.191Z,0.20099609375,515,2026-09-14 22:50:34.191,1854.731944444444
Pulse experiments,pioreactor01,2026-09-14T17:05:34.197Z,0.23142578125,555,2026-09-14 22:50:34.197,1854.731944444444
Pulse experiments,pioreactor01,2026-09-14T17:05:34.201Z,0.22896484375,590,2026-09-14 22:50:34.201,1854.731944444444
Pulse experiments,pioreactor01,2026-09-14T17:05:34.206Z,0.23525390625,630,2026-09-14 22:50:34.206,1854.731944444444
Pulse experiments,pioreactor01,2026-09-14T17:05:34.215Z,0.12306640625,680,2026-09-14 22:50:34.215,1854.731944444444
Pulse experiments,pioreactor01,2026-09-14T17:05:39.172Z,0.01982421875,415,2026-09-14 22:50:39.172,1854.733333333333
Pulse experiments,pioreactor01,2026-09-14T17:05:39.177Z,0.158125,445,2026-09-14 22:50:39.177,1854.733333333333
Pulse experiments,pioreactor01,2026-09-14T17:05:39.183Z,0.17142578125,480,2026-09-14 22:50:39.183,1854.733333333333
Pulse experiments,pioreactor01,2026-09-14T17:05:39.187Z,0.200859375,515,2026-09-14 22:50:39.187,1854.733333333333
Pulse experiments,pioreactor01,2026-09-14T17:05:39.192Z,0.2308203125,555,2026-09-14 22:50:39.192,1854.733333333333
Pulse experiments,pioreactor01,2026-09-14T17:05:39.196Z,0.22861328125,590,2026-09-14 22:50:39.196,1854.733333333333
Pulse experiments,pioreactor01,2026-09-14T17:05:39.202Z,0.23484375,630,2026-09-14 22:50:39.202,1854.733333333333
Pulse experiments,pioreactor01,2026-09-14T17:05:39.206Z,0.1226953125,680,2026-09-14 22:50:39.206,1854.733333333333
Pulse experiments,pioreactor01,2026-09-14T17:05:44.171Z,0.01984375,415,2026-09-14 22:50:44.171,1854.734722222222
Pulse experiments,pioreactor01,2026-09-14T17:05:44.176Z,0.15796875,445,2026-09-14 22:50:44.176,1854.734722222222
Pulse experiments,pioreactor01,2026-09-14T17:05:44.180Z,0.17115234375,480,2026-09-14 22:50:44.180,1854.734722222222
Pulse experiments,pioreactor01,2026-09-14T17:05:44.184Z,0.20052734375,515,2026-09-14 22:50:44.184,1854.734722222222
Pulse experiments,pioreactor01,2026-09-14T17:05:44.189Z,0.23142578125,555,2026-09-14 22:50:44.189,1854.734722222222
Pulse experiments,pioreactor01,2026-09-14T17:05:44.193Z,0.22927734375,590,2026-09-14 22:50:44.193,1854.734722222222
Pulse experiments,pioreactor01,2026-09-14T17:05:44.198Z,0.23546875,630,2026-09-14 22:50:44.198,1854.734722222222
Pulse experiments,pioreactor01,2026-09-14T17:05:44.203Z,0.12310546875,680,2026-09-14 22:50:44.203,1854.734722222222
Pulse experiments,pioreactor01,2026-09-14T17:05:49.169Z,0.0198828125,415,2026-09-14 22:50:49.169,1854.736111111111
Pulse experiments,pioreactor01,2026-09-14T17:05:49.174Z,0.158125,445,2026-09-14 22:50:49.174,1854.736111111111
Pulse experiments,pioreactor01,2026-09-14T17:05:49.179Z,0.171796875,480,2026-09-14 22:50:49.179,1854.736111111111
Pulse experiments,pioreactor01,2026-09-14T17:05:49.184Z,0.20115234375,515,2026-09-14 22:50:49.184,1854.736111111111
Pulse experiments,pioreactor01,2026-09-14T17:05:49.187Z,0.23138671875,555,2026-09-14 22:50:49.187,1854.736111111111
Pulse experiments,pioreactor01,2026-09-14T17:05:49.192Z,0.22900390625,590,2026-09-14 22:50:49.192,1854.736111111111
Pulse experiments,pioreactor01,2026-09-14T17:05:49.197Z,0.23509765625,630,2026-09-14 22:50:49.197,1854.736111111111
Pulse experiments,pioreactor01,2026-09-14T17:05:49.202Z,0.1230859375,680,2026-09-14 22:50:49.202,1854.736111111111
Pulse experiments,pioreactor01,2026-09-14T17:05:54.171Z,0.0198828125,415,2026-09-14 22:50:54.171,1854.7375
Pulse experiments,pioreactor01,2026-09-14T17:05:54.177Z,0.1580078125,445,2026-09-14 22:50:54.177,1854.7375
Pulse experiments,pioreactor01,2026-09-14T17:05:54.181Z,0.171328125,480,2026-09-14 22:50:54.181,1854.7375
Pulse experiments,pioreactor01,2026-09-14T17:05:54.186Z,0.201015625,515,2026-09-14 22:50:54.186,1854.7375
Pulse experiments,pioreactor01,2026-09-14T17:05:54.190Z,0.231484375,555,2026-09-14 22:50:54.190,1854.7375
Pulse experiments,pioreactor01,2026-09-14T17:05:54.194Z,0.228984375,590,2026-09-14 22:50:54.194,1854.7375
Pulse experiments,pioreactor01,2026-09-14T17:05:54.199Z,0.235546875,630,2026-09-14 22:50:54.199,1854.7375
Pulse experiments,pioreactor01,2026-09-14T17:05:54.204Z,0.12306640625,680,2026-09-14 22:50:54.204,1854.7375
Pulse experiments,pioreactor01,2026-09-14T17:05:59.172Z,0.01984375,415,2026-09-14 22:50:59.172,1854.738888888889
Pulse experiments,pioreactor01,2026-09-14T17:05:59.177Z,0.15806640625,445,2026-09-14 22:50:59.177,1854.738888888889
Pulse experiments,pioreactor01,2026-09-14T17:05:59.184Z,0.17162109375,480,2026-09-14 22:50:59.184,1854.738888888889
Pulse experiments,pioreactor01,2026-09-14T17:05:59.188Z,0.2010546875,515,2026-09-14 22:50:59.188,1854.738888888889
Pulse experiments,pioreactor01,2026-09-14T17:05:59.195Z,0.231640625,555,2026-09-14 22:50:59.195,1854.738888888889
Pulse experiments,pioreactor01,2026-09-14T17:05:59.200Z,0.229375,590,2026-09-14 22:50:59.200,1854.738888888889
Pulse experiments,pioreactor01,2026-09-14T17:05:59.206Z,0.235625,630,2026-09-14 22:50:59.206,1854.738888888889
Pulse experiments,pioreactor01,2026-09-14T17:05:59.210Z,0.1233984375,680,2026-09-14 22:50:59.210,1854.738888888889
Pulse experiments,pioreactor01,2026-09-14T17:06:04.170Z,0.01978515625,415,2026-09-14 22:51:04.170,1854.740277777778
Pulse experiments,pioreactor01,2026-09-14T17:06:04.174Z,0.157734375,445,2026-09-14 22:51:04.174,1854.740277777778
Pulse experiments,pioreactor01,2026-09-14T17:06:04.179Z,0.17130859375,480,2026-09-14 22:51:04.179,1854.740277777778
Pulse experiments,pioreactor01,2026-09-14T17:06:04.184Z,0.20056640625,515,2026-09-14 22:51:04.184,1854.740277777778
Pulse experiments,pioreactor01,2026-09-14T17:06:04.189Z,0.2312109375,555,2026-09-14 22:51:04.189,1854.740277777778
Pulse experiments,pioreactor01,2026-09-14T17:06:04.194Z,0.229140625,590,2026-09-14 22:51:04.194,1854.740277777778
Pulse experiments,pioreactor01,2026-09-14T17:06:04.199Z,0.23533203125,630,2026-09-14 22:51:04.199,1854.740277777778
Pulse experiments,pioreactor01,2026-09-14T17:06:04.203Z,0.12322265625,680,2026-09-14 22:51:04.203,1854.740277777778
Pulse experiments,pioreactor01,2026-09-14T17:06:09.174Z,0.0198828125,415,2026-09-14 22:51:09.174,1854.741666666667
Pulse experiments,pioreactor01,2026-09-14T17:06:09.177Z,0.15833984375,445,2026-09-14 22:51:09.177,1854.741666666667
Pulse experiments,pioreactor01,2026-09-14T17:06:09.183Z,0.17185546875,480,2026-09-14 22:51:09.183,1854.741666666667
Pulse experiments,pioreactor01,2026-09-14T17:06:09.187Z,0.20123046875,515,2026-09-14 22:51:09.187,1854.741666666667
Pulse experiments,pioreactor01,2026-09-14T17:06:09.191Z,0.23140625,555,2026-09-14 22:51:09.191,1854.741666666667
Pulse experiments,pioreactor01,2026-09-14T17:06:09.196Z,0.22908203125,590,2026-09-14 22:51:09.196,1854.741666666667
Pulse experiments,pioreactor01,2026-09-14T17:06:09.200Z,0.2355078125,630,2026-09-14 22:51:09.200,1854.741666666667
Pulse experiments,pioreactor01,2026-09-14T17:06:09.206Z,0.123203125,680,2026-09-14 22:51:09.206,1854.741666666667
Pulse experiments,pioreactor01,2026-09-14T17:06:14.173Z,0.01982421875,415,2026-09-14 22:51:14.173,1854.743055555556
Pulse experiments,pioreactor01,2026-09-14T17:06:14.178Z,0.157734375,445,2026-09-14 22:51:14.178,1854.743055555556
Pulse experiments,pioreactor01,2026-09-14T17:06:14.183Z,0.17125,480,2026-09-14 22:51:14.183,1854.743055555556
Pulse experiments,pioreactor01,2026-09-14T17:06:14.188Z,0.20060546875,515,2026-09-14 22:51:14.188,1854.743055555556
Pulse experiments,pioreactor01,2026-09-14T17:06:14.192Z,0.2312109375,555,2026-09-14 22:51:14.192,1854.743055555556
Pulse experiments,pioreactor01,2026-09-14T17:06:14.197Z,0.228828125,590,2026-09-14 22:51:14.197,1854.743055555556
Pulse experiments,pioreactor01,2026-09-14T17:06:14.202Z,0.2348828125,630,2026-09-14 22:51:14.202,1854.743055555556
Pulse experiments,pioreactor01,2026-09-14T17:06:14.206Z,0.1230078125,680,2026-09-14 22:51:14.206,1854.743055555556
Pulse experiments,pioreactor01,2026-09-14T17:06:19.175Z,0.0198046875,415,2026-09-14 22:51:19.175,1854.744444444445
Pulse experiments,pioreactor01,2026-09-14T17:06:19.177Z,0.15759765625,445,2026-09-14 22:51:19.177,1854.744444444445
Pulse experiments,pioreactor01,2026-09-14T17:06:19.182Z,0.17115234375,480,2026-09-14 22:51:19.182,1854.744444444445
Pulse experiments,pioreactor01,2026-09-14T17:06:19.188Z,0.200546875,515,2026-09-14 22:51:19.188,1854.744444444445
Pulse experiments,pioreactor01,2026-09-14T17:06:19.197Z,0.231640625,555,2026-09-14 22:51:19.197,1854.744444444445
Pulse experiments,pioreactor01,2026-09-14T17:06:19.198Z,0.22912109375,590,2026-09-14 22:51:19.198,1854.744444444445
Pulse experiments,pioreactor01,2026-09-14T17:06:19.204Z,0.2353125,630,2026-09-14 22:51:19.204,1854.744444444445
Pulse experiments,pioreactor01,2026-09-14T17:06:19.210Z,0.1231640625,680,2026-09-14 22:51:19.210,1854.744444444445
Pulse experiments,pioreactor01,2026-09-14T17:06:24.171Z,0.01994140625,415,2026-09-14 22:51:24.171,1854.745833333333
Pulse experiments,pioreactor01,2026-09-14T17:06:24.175Z,0.1584375,445,2026-09-14 22:51:24.175,1854.745833333333
Pulse experiments,pioreactor01,2026-09-14T17:06:24.183Z,0.17201171875,480,2026-09-14 22:51:24.183,1854.745833333333
Pulse experiments,pioreactor01,2026-09-14T17:06:24.185Z,0.2014453125,515,2026-09-14 22:51:24.185,1854.745833333333
Pulse experiments,pioreactor01,2026-09-14T17:06:24.192Z,0.23177734375,555,2026-09-14 22:51:24.192,1854.745833333333
Pulse experiments,pioreactor01,2026-09-14T17:06:24.196Z,0.22919921875,590,2026-09-14 22:51:24.196,1854.745833333333
Pulse experiments,pioreactor01,2026-09-14T17:06:24.201Z,0.235390625,630,2026-09-14 22:51:24.201,1854.745833333333
Pulse experiments,pioreactor01,2026-09-14T17:06:24.205Z,0.12322265625,680,2026-09-14 22:51:24.205,1854.745833333333
Pulse experiments,pioreactor01,2026-09-14T17:06:29.169Z,0.01982421875,415,2026-09-14 22:51:29.169,1854.747222222222
Pulse experiments,pioreactor01,2026-09-14T17:06:29.174Z,0.15791015625,445,2026-09-14 22:51:29.174,1854.747222222222
Pulse experiments,pioreactor01,2026-09-14T17:06:29.178Z,0.17125,480,2026-09-14 22:51:29.178,1854.747222222222
Pulse experiments,pioreactor01,2026-09-14T17:06:29.182Z,0.20091796875,515,2026-09-14 22:51:29.182,1854.747222222222
Pulse experiments,pioreactor01,2026-09-14T17:06:29.187Z,0.23166015625,555,2026-09-14 22:51:29.187,1854.747222222222
Pulse experiments,pioreactor01,2026-09-14T17:06:29.192Z,0.22912109375,590,2026-09-14 22:51:29.192,1854.747222222222
Pulse experiments,pioreactor01,2026-09-14T17:06:29.197Z,0.23548828125,630,2026-09-14 22:51:29.197,1854.747222222222
Pulse experiments,pioreactor01,2026-09-14T17:06:29.202Z,0.12314453125,680,2026-09-14 22:51:29.202,1854.747222222222
Pulse experiments,pioreactor01,2026-09-14T17:06:34.175Z,0.01982421875,415,2026-09-14 22:51:34.175,1854.748611111111
Pulse experiments,pioreactor01,2026-09-14T17:06:34.177Z,0.15794921875,445,2026-09-14 22:51:34.177,1854.748611111111
Pulse experiments,pioreactor01,2026-09-14T17:06:34.182Z,0.17130859375,480,2026-09-14 22:51:34.182,1854.748611111111
Pulse experiments,pioreactor01,2026-09-14T17:06:34.187Z,0.2006640625,515,2026-09-14 22:51:34.187,1854.748611111111
Pulse experiments,pioreactor01,2026-09-14T17:06:34.193Z,0.23201171875,555,2026-09-14 22:51:34.193,1854.748611111111
Pulse experiments,pioreactor01,2026-09-14T17:06:34.197Z,0.2294140625,590,2026-09-14 22:51:34.197,1854.748611111111
Pulse experiments,pioreactor01,2026-09-14T17:06:34.203Z,0.2356640625,630,2026-09-14 22:51:34.203,1854.748611111111
Pulse experiments,pioreactor01,2026-09-14T17:06:34.212Z,0.12361328125,680,2026-09-14 22:51:34.212,1854.748611111111
Pulse experiments,pioreactor01,2026-09-14T17:06:39.172Z,0.019921875,415,2026-09-14 22:51:39.172,1854.75
Pulse experiments,pioreactor01,2026-09-14T17:06:39.178Z,0.15849609375,445,2026-09-14 22:51:39.178,1854.75
Pulse experiments,pioreactor01,2026-09-14T17:06:39.185Z,0.17193359375,480,2026-09-14 22:51:39.185,1854.75
Pulse experiments,pioreactor01,2026-09-14T17:06:39.189Z,0.201171875,515,2026-09-14 22:51:39.189,1854.75
Pulse experiments,pioreactor01,2026-09-14T17:06:39.195Z,0.2313671875,555,2026-09-14 22:51:39.195,1854.75
Pulse experiments,pioreactor01,2026-09-14T17:06:39.201Z,0.22876953125,590,2026-09-14 22:51:39.201,1854.75
Pulse experiments,pioreactor01,2026-09-14T17:06:39.207Z,0.23525390625,630,2026-09-14 22:51:39.207,1854.75
Pulse experiments,pioreactor01,2026-09-14T17:06:39.212Z,0.1230859375,680,2026-09-14 22:51:39.212,1854.75
Pulse experiments,pioreactor01,2026-09-14T17:06:44.171Z,0.01986328125,415,2026-09-14 22:51:44.171,1854.751388888889
Pulse experiments,pioreactor01,2026-09-14T17:06:44.177Z,0.1582421875,445,2026-09-14 22:51:44.177,1854.751388888889
Pulse experiments,pioreactor01,2026-09-14T17:06:44.181Z,0.1717578125,480,2026-09-14 22:51:44.181,1854.751388888889
Pulse experiments,pioreactor01,2026-09-14T17:06:44.186Z,0.20119140625,515,2026-09-14 22:51:44.186,1854.751388888889
Pulse experiments,pioreactor01,2026-09-14T17:06:44.190Z,0.23095703125,555,2026-09-14 22:51:44.190,1854.751388888889
Pulse experiments,pioreactor01,2026-09-14T17:06:44.195Z,0.2286328125,590,2026-09-14 22:51:44.195,1854.751388888889
Pulse experiments,pioreactor01,2026-09-14T17:06:44.200Z,0.23484375,630,2026-09-14 22:51:44.200,1854.751388888889
Pulse experiments,pioreactor01,2026-09-14T17:06:44.203Z,0.1227734375,680,2026-09-14 22:51:44.203,1854.751388888889
Pulse experiments,pioreactor01,2026-09-14T17:06:49.172Z,0.01984375,415,2026-09-14 22:51:49.172,1854.752777777778
Pulse experiments,pioreactor01,2026-09-14T17:06:49.177Z,0.15794921875,445,2026-09-14 22:51:49.177,1854.752777777778
Pulse experiments,pioreactor01,2026-09-14T17:06:49.181Z,0.1715625,480,2026-09-14 22:51:49.181,1854.752777777778
Pulse experiments,pioreactor01,2026-09-14T17:06:49.186Z,0.200703125,515,2026-09-14 22:51:49.186,1854.752777777778
Pulse experiments,pioreactor01,2026-09-14T17:06:49.190Z,0.2318359375,555,2026-09-14 22:51:49.190,1854.752777777778
Pulse experiments,pioreactor01,2026-09-14T17:06:49.195Z,0.22921875,590,2026-09-14 22:51:49.195,1854.752777777778
Pulse experiments,pioreactor01,2026-09-14T17:06:49.200Z,0.2357421875,630,2026-09-14 22:51:49.200,1854.752777777778
Pulse experiments,pioreactor01,2026-09-14T17:06:49.206Z,0.12333984375,680,2026-09-14 22:51:49.206,1854.752777777778
Pulse experiments,pioreactor01,2026-09-14T17:06:54.172Z,0.01990234375,415,2026-09-14 22:51:54.172,1854.754166666667
Pulse experiments,pioreactor01,2026-09-14T17:06:54.176Z,0.1583984375,445,2026-09-14 22:51:54.176,1854.754166666667
Pulse experiments,pioreactor01,2026-09-14T17:06:54.182Z,0.17166015625,480,2026-09-14 22:51:54.182,1854.754166666667
Pulse experiments,pioreactor01,2026-09-14T17:06:54.185Z,0.20138671875,515,2026-09-14 22:51:54.185,1854.754166666667
Pulse experiments,pioreactor01,2026-09-14T17:06:54.191Z,0.23185546875,555,2026-09-14 22:51:54.191,1854.754166666667
Pulse experiments,pioreactor01,2026-09-14T17:06:54.195Z,0.22958984375,590,2026-09-14 22:51:54.195,1854.754166666667
Pulse experiments,pioreactor01,2026-09-14T17:06:54.200Z,0.2357421875,630,2026-09-14 22:51:54.200,1854.754166666667
Pulse experiments,pioreactor01,2026-09-14T17:06:54.205Z,0.12330078125,680,2026-09-14 22:51:54.205,1854.754166666667
Pulse experiments,pioreactor01,2026-09-14T17:06:59.169Z,0.01982421875,415,2026-09-14 22:51:59.169,1854.755555555555
Pulse experiments,pioreactor01,2026-09-14T17:06:59.174Z,0.15826171875,445,2026-09-14 22:51:59.174,1854.755555555555
Pulse experiments,pioreactor01,2026-09-14T17:06:59.177Z,0.17142578125,480,2026-09-14 22:51:59.177,1854.755555555555
Pulse experiments,pioreactor01,2026-09-14T17:06:59.183Z,0.200859375,515,2026-09-14 22:51:59.183,1854.755555555555
Pulse experiments,pioreactor01,2026-09-14T17:06:59.187Z,0.2316796875,555,2026-09-14 22:51:59.187,1854.755555555555
Pulse experiments,pioreactor01,2026-09-14T17:06:59.191Z,0.22896484375,590,2026-09-14 22:51:59.191,1854.755555555555
Pulse experiments,pioreactor01,2026-09-14T17:06:59.197Z,0.23544921875,630,2026-09-14 22:51:59.197,1854.755555555555
Pulse experiments,pioreactor01,2026-09-14T17:06:59.200Z,0.12296875,680,2026-09-14 22:51:59.200,1854.755555555555
Pulse experiments,pioreactor01,2026-09-14T17:07:04.168Z,0.0198828125,415,2026-09-14 22:52:04.168,1854.756944444444
Pulse experiments,pioreactor01,2026-09-14T17:07:04.174Z,0.15802734375,445,2026-09-14 22:52:04.174,1854.756944444444
Pulse experiments,pioreactor01,2026-09-14T17:07:04.179Z,0.171328125,480,2026-09-14 22:52:04.179,1854.756944444444
Pulse experiments,pioreactor01,2026-09-14T17:07:04.184Z,0.20078125,515,2026-09-14 22:52:04.184,1854.756944444444
Pulse experiments,pioreactor01,2026-09-14T17:07:04.188Z,0.23078125,555,2026-09-14 22:52:04.188,1854.756944444444
Pulse experiments,pioreactor01,2026-09-14T17:07:04.193Z,0.22841796875,590,2026-09-14 22:52:04.193,1854.756944444444
Pulse experiments,pioreactor01,2026-09-14T17:07:04.198Z,0.2349609375,630,2026-09-14 22:52:04.198,1854.756944444444
Pulse experiments,pioreactor01,2026-09-14T17:07:04.202Z,0.1226171875,680,2026-09-14 22:52:04.202,1854.756944444444
Pulse experiments,pioreactor01,2026-09-14T17:07:09.170Z,0.01990234375,415,2026-09-14 22:52:09.170,1854.758333333333
Pulse experiments,pioreactor01,2026-09-14T17:07:09.177Z,0.158359375,445,2026-09-14 22:52:09.177,1854.758333333333
Pulse experiments,pioreactor01,2026-09-14T17:07:09.181Z,0.17173828125,480,2026-09-14 22:52:09.181,1854.758333333333
Pulse experiments,pioreactor01,2026-09-14T17:07:09.186Z,0.2011328125,515,2026-09-14 22:52:09.186,1854.758333333333
Pulse experiments,pioreactor01,2026-09-14T17:07:09.190Z,0.2318359375,555,2026-09-14 22:52:09.190,1854.758333333333
Pulse experiments,pioreactor01,2026-09-14T17:07:09.194Z,0.22923828125,590,2026-09-14 22:52:09.194,1854.758333333333
Pulse experiments,pioreactor01,2026-09-14T17:07:09.201Z,0.2354296875,630,2026-09-14 22:52:09.201,1854.758333333333
Pulse experiments,pioreactor01,2026-09-14T17:07:09.204Z,0.12341796875,680,2026-09-14 22:52:09.204,1854.758333333333
Pulse experiments,pioreactor01,2026-09-14T17:07:14.177Z,0.01982421875,415,2026-09-14 22:52:14.177,1854.759722222222
Pulse experiments,pioreactor01,2026-09-14T17:07:14.184Z,0.15775390625,445,2026-09-14 22:52:14.184,1854.759722222222
Pulse experiments,pioreactor01,2026-09-14T17:07:14.190Z,0.1710546875,480,2026-09-14 22:52:14.190,1854.759722222222
Pulse experiments,pioreactor01,2026-09-14T17:07:14.191Z,0.2002734375,515,2026-09-14 22:52:14.191,1854.759722222222
Pulse experiments,pioreactor01,2026-09-14T17:07:14.202Z,0.2310546875,555,2026-09-14 22:52:14.202,1854.759722222222
Pulse experiments,pioreactor01,2026-09-14T17:07:14.209Z,0.22904296875,590,2026-09-14 22:52:14.209,1854.759722222222
Pulse experiments,pioreactor01,2026-09-14T17:07:14.215Z,0.23515625,630,2026-09-14 22:52:14.215,1854.759722222222
Pulse experiments,pioreactor01,2026-09-14T17:07:14.222Z,0.1229296875,680,2026-09-14 22:52:14.222,1854.759722222222
Pulse experiments,pioreactor01,2026-09-14T17:07:19.182Z,0.01982421875,415,2026-09-14 22:52:19.182,1854.761111111111
Pulse experiments,pioreactor01,2026-09-14T17:07:19.186Z,0.1576953125,445,2026-09-14 22:52:19.186,1854.761111111111
Pulse experiments,pioreactor01,2026-09-14T17:07:19.191Z,0.17109375,480,2026-09-14 22:52:19.191,1854.761111111111
Pulse experiments,pioreactor01,2026-09-14T17:07:19.196Z,0.20037109375,515,2026-09-14 22:52:19.196,1854.761111111111
Pulse experiments,pioreactor01,2026-09-14T17:07:19.201Z,0.22990234375,555,2026-09-14 22:52:19.201,1854.761111111111
Pulse experiments,pioreactor01,2026-09-14T17:07:19.206Z,0.22771484375,590,2026-09-14 22:52:19.206,1854.761111111111
Pulse experiments,pioreactor01,2026-09-14T17:07:19.211Z,0.23396484375,630,2026-09-14 22:52:19.211,1854.761111111111
Pulse experiments,pioreactor01,2026-09-14T17:07:19.216Z,0.12212890625,680,2026-09-14 22:52:19.216,1854.761111111111
Pulse experiments,pioreactor01,2026-09-14T17:07:24.183Z,0.019921875,415,2026-09-14 22:52:24.183,1854.7625
Pulse experiments,pioreactor01,2026-09-14T17:07:24.188Z,0.15771484375,445,2026-09-14 22:52:24.188,1854.7625
Pulse experiments,pioreactor01,2026-09-14T17:07:24.192Z,0.17142578125,480,2026-09-14 22:52:24.192,1854.7625
Pulse experiments,pioreactor01,2026-09-14T17:07:24.198Z,0.20087890625,515,2026-09-14 22:52:24.198,1854.7625
Pulse experiments,pioreactor01,2026-09-14T17:07:24.201Z,0.23072265625,555,2026-09-14 22:52:24.201,1854.7625
Pulse experiments,pioreactor01,2026-09-14T17:07:24.207Z,0.22873046875,590,2026-09-14 22:52:24.207,1854.7625
Pulse experiments,pioreactor01,2026-09-14T17:07:24.211Z,0.234609375,630,2026-09-14 22:52:24.211,1854.7625
Pulse experiments,pioreactor01,2026-09-14T17:07:24.215Z,0.1228515625,680,2026-09-14 22:52:24.215,1854.7625
Pulse experiments,pioreactor01,2026-09-14T17:07:29.190Z,0.02009765625,415,2026-09-14 22:52:29.190,1854.763888888889
Pulse experiments,pioreactor01,2026-09-14T17:07:29.199Z,0.1590625,445,2026-09-14 22:52:29.199,1854.763888888889
Pulse experiments,pioreactor01,2026-09-14T17:07:29.204Z,0.17314453125,480,2026-09-14 22:52:29.204,1854.763888888889
Pulse experiments,pioreactor01,2026-09-14T17:07:29.214Z,0.20279296875,515,2026-09-14 22:52:29.214,1854.763888888889
Pulse experiments,pioreactor01,2026-09-14T17:07:29.222Z,0.234375,555,2026-09-14 22:52:29.222,1854.763888888889
Pulse experiments,pioreactor01,2026-09-14T17:07:29.231Z,0.23166015625,590,2026-09-14 22:52:29.231,1854.763888888889
Pulse experiments,pioreactor01,2026-09-14T17:07:29.235Z,0.23810546875,630,2026-09-14 22:52:29.235,1854.763888888889
Pulse experiments,pioreactor01,2026-09-14T17:07:29.244Z,0.12478515625,680,2026-09-14 22:52:29.244,1854.763888888889
Pulse experiments,pioreactor01,2026-09-14T17:07:34.181Z,0.02001953125,415,2026-09-14 22:52:34.181,1854.765277777778
Pulse experiments,pioreactor01,2026-09-14T17:07:34.188Z,0.15884765625,445,2026-09-14 22:52:34.188,1854.765277777778
Pulse experiments,pioreactor01,2026-09-14T17:07:34.193Z,0.17275390625,480,2026-09-14 22:52:34.193,1854.765277777778
Pulse experiments,pioreactor01,2026-09-14T17:07:34.203Z,0.20255859375,515,2026-09-14 22:52:34.203,1854.765277777778
Pulse experiments,pioreactor01,2026-09-14T17:07:34.206Z,0.2332421875,555,2026-09-14 22:52:34.206,1854.765277777778
Pulse experiments,pioreactor01,2026-09-14T17:07:34.210Z,0.22953125,590,2026-09-14 22:52:34.210,1854.765277777778
Pulse experiments,pioreactor01,2026-09-14T17:07:34.218Z,0.2371875,630,2026-09-14 22:52:34.218,1854.765277777778
Pulse experiments,pioreactor01,2026-09-14T17:07:34.223Z,0.12388671875,680,2026-09-14 22:52:34.223,1854.765277777778
Pulse experiments,pioreactor01,2026-09-14T17:07:39.181Z,0.0200390625,415,2026-09-14 22:52:39.181,1854.766666666667
Pulse experiments,pioreactor01,2026-09-14T17:07:39.187Z,0.15908203125,445,2026-09-14 22:52:39.187,1854.766666666667
Pulse experiments,pioreactor01,2026-09-14T17:07:39.193Z,0.17369140625,480,2026-09-14 22:52:39.193,1854.766666666667
Pulse experiments,pioreactor01,2026-09-14T17:07:39.199Z,0.203125,515,2026-09-14 22:52:39.199,1854.766666666667
Pulse experiments,pioreactor01,2026-09-14T17:07:39.204Z,0.23470703125,555,2026-09-14 22:52:39.204,1854.766666666667
Pulse experiments,pioreactor01,2026-09-14T17:07:39.210Z,0.2308984375,590,2026-09-14 22:52:39.210,1854.766666666667
Pulse experiments,pioreactor01,2026-09-14T17:07:39.216Z,0.23943359375,630,2026-09-14 22:52:39.216,1854.766666666667
Pulse experiments,pioreactor01,2026-09-14T17:07:39.226Z,0.1246484375,680,2026-09-14 22:52:39.226,1854.766666666667
Pulse experiments,pioreactor01,2026-09-14T17:07:44.183Z,0.02013671875,415,2026-09-14 22:52:44.183,1854.768055555556
Pulse experiments,pioreactor01,2026-09-14T17:07:44.188Z,0.159921875,445,2026-09-14 22:52:44.188,1854.768055555556
Pulse experiments,pioreactor01,2026-09-14T17:07:44.196Z,0.17484375,480,2026-09-14 22:52:44.196,1854.768055555556
Pulse experiments,pioreactor01,2026-09-14T17:07:44.200Z,0.20419921875,515,2026-09-14 22:52:44.200,1854.768055555556
Pulse experiments,pioreactor01,2026-09-14T17:07:44.208Z,0.23568359375,555,2026-09-14 22:52:44.208,1854.768055555556
Pulse experiments,pioreactor01,2026-09-14T17:07:44.215Z,0.23166015625,590,2026-09-14 22:52:44.215,1854.768055555556
Pulse experiments,pioreactor01,2026-09-14T17:07:44.221Z,0.24013671875,630,2026-09-14 22:52:44.221,1854.768055555556
Pulse experiments,pioreactor01,2026-09-14T17:07:44.227Z,0.1250390625,680,2026-09-14 22:52:44.227,1854.768055555556
Pulse experiments,pioreactor01,2026-09-14T17:07:49.188Z,0.020078125,415,2026-09-14 22:52:49.188,1854.769444444444
Pulse experiments,pioreactor01,2026-09-14T17:07:49.194Z,0.15966796875,445,2026-09-14 22:52:49.194,1854.769444444444
Pulse experiments,pioreactor01,2026-09-14T17:07:49.199Z,0.1743359375,480,2026-09-14 22:52:49.199,1854.769444444444
Pulse experiments,pioreactor01,2026-09-14T17:07:49.204Z,0.20373046875,515,2026-09-14 22:52:49.204,1854.769444444444
Pulse experiments,pioreactor01,2026-09-14T17:07:49.210Z,0.2352734375,555,2026-09-14 22:52:49.210,1854.769444444444
Pulse experiments,pioreactor01,2026-09-14T17:07:49.216Z,0.23134765625,590,2026-09-14 22:52:49.216,1854.769444444444
Pulse experiments,pioreactor01,2026-09-14T17:07:49.221Z,0.23984375,630,2026-09-14 22:52:49.221,1854.769444444444
Pulse experiments,pioreactor01,2026-09-14T17:07:49.227Z,0.1252734375,680,2026-09-14 22:52:49.227,1854.769444444444
Pulse experiments,pioreactor01,2026-09-14T17:07:54.186Z,0.02021484375,415,2026-09-14 22:52:54.186,1854.770833333333
Pulse experiments,pioreactor01,2026-09-14T17:07:54.191Z,0.160390625,445,2026-09-14 22:52:54.191,1854.770833333333
Pulse experiments,pioreactor01,2026-09-14T17:07:54.196Z,0.17501953125,480,2026-09-14 22:52:54.196,1854.770833333333
Pulse experiments,pioreactor01,2026-09-14T17:07:54.202Z,0.20486328125,515,2026-09-14 22:52:54.202,1854.770833333333
Pulse experiments,pioreactor01,2026-09-14T17:07:54.209Z,0.23591796875,555,2026-09-14 22:52:54.209,1854.770833333333
Pulse experiments,pioreactor01,2026-09-14T17:07:54.211Z,0.23193359375,590,2026-09-14 22:52:54.211,1854.770833333333
Pulse experiments,pioreactor01,2026-09-14T17:07:54.217Z,0.24033203125,630,2026-09-14 22:52:54.217,1854.770833333333
Pulse experiments,pioreactor01,2026-09-14T17:07:54.222Z,0.1253125,680,2026-09-14 22:52:54.222,1854.770833333333
Pulse experiments,pioreactor01,2026-09-14T17:07:59.186Z,0.0201953125,415,2026-09-14 22:52:59.186,1854.772222222222
Pulse experiments,pioreactor01,2026-09-14T17:07:59.195Z,0.1603125,445,2026-09-14 22:52:59.195,1854.772222222222
Pulse experiments,pioreactor01,2026-09-14T17:07:59.198Z,0.17490234375,480,2026-09-14 22:52:59.198,1854.772222222222
Pulse experiments,pioreactor01,2026-09-14T17:07:59.204Z,0.2044140625,515,2026-09-14 22:52:59.204,1854.772222222222
Pulse experiments,pioreactor01,2026-09-14T17:07:59.213Z,0.2361328125,555,2026-09-14 22:52:59.213,1854.772222222222
Pulse experiments,pioreactor01,2026-09-14T17:07:59.219Z,0.2318359375,590,2026-09-14 22:52:59.219,1854.772222222222
Pulse experiments,pioreactor01,2026-09-14T17:07:59.224Z,0.240703125,630,2026-09-14 22:52:59.224,1854.772222222222
Pulse experiments,pioreactor01,2026-09-14T17:07:59.227Z,0.1255859375,680,2026-09-14 22:52:59.227,1854.772222222222
Pulse experiments,pioreactor01,2026-09-14T17:08:04.187Z,0.0201171875,415,2026-09-14 22:53:04.187,1854.773611111111
Pulse experiments,pioreactor01,2026-09-14T17:08:04.193Z,0.1600390625,445,2026-09-14 22:53:04.193,1854.773611111111
Pulse experiments,pioreactor01,2026-09-14T17:08:04.199Z,0.1746484375,480,2026-09-14 22:53:04.199,1854.773611111111
Pulse experiments,pioreactor01,2026-09-14T17:08:04.208Z,0.2039453125,515,2026-09-14 22:53:04.208,1854.773611111111
Pulse experiments,pioreactor01,2026-09-14T17:08:04.216Z,0.2355859375,555,2026-09-14 22:53:04.216,1854.773611111111
Pulse experiments,pioreactor01,2026-09-14T17:08:04.220Z,0.23171875,590,2026-09-14 22:53:04.220,1854.773611111111
Pulse experiments,pioreactor01,2026-09-14T17:08:04.228Z,0.23966796875,630,2026-09-14 22:53:04.228,1854.773611111111
Pulse experiments,pioreactor01,2026-09-14T17:08:04.234Z,0.12501953125,680,2026-09-14 22:53:04.234,1854.773611111111
Pulse experiments,pioreactor01,2026-09-14T17:08:09.184Z,0.02009765625,415,2026-09-14 22:53:09.184,1854.775
Pulse experiments,pioreactor01,2026-09-14T17:08:09.190Z,0.1594921875,445,2026-09-14 22:53:09.190,1854.775
Pulse experiments,pioreactor01,2026-09-14T17:08:09.195Z,0.1739453125,480,2026-09-14 22:53:09.195,1854.775
Pulse experiments,pioreactor01,2026-09-14T17:08:09.201Z,0.203046875,515,2026-09-14 22:53:09.201,1854.775
Pulse experiments,pioreactor01,2026-09-14T17:08:09.210Z,0.2341796875,555,2026-09-14 22:53:09.210,1854.775
Pulse experiments,pioreactor01,2026-09-14T17:08:09.217Z,0.23111328125,590,2026-09-14 22:53:09.217,1854.775
Pulse experiments,pioreactor01,2026-09-14T17:08:09.221Z,0.23796875,630,2026-09-14 22:53:09.221,1854.775
Pulse experiments,pioreactor01,2026-09-14T17:08:09.230Z,0.1246875,680,2026-09-14 22:53:09.230,1854.775
Pulse experiments,pioreactor01,2026-09-14T17:08:14.188Z,0.02015625,415,2026-09-14 22:53:14.188,1854.776388888889
Pulse experiments,pioreactor01,2026-09-14T17:08:14.192Z,0.15927734375,445,2026-09-14 22:53:14.192,1854.776388888889
Pulse experiments,pioreactor01,2026-09-14T17:08:14.204Z,0.1738671875,480,2026-09-14 22:53:14.204,1854.776388888889
Pulse experiments,pioreactor01,2026-09-14T17:08:14.206Z,0.203359375,515,2026-09-14 22:53:14.206,1854.776388888889
Pulse experiments,pioreactor01,2026-09-14T17:08:14.211Z,0.2351953125,555,2026-09-14 22:53:14.211,1854.776388888889
Pulse experiments,pioreactor01,2026-09-14T17:08:14.218Z,0.23271484375,590,2026-09-14 22:53:14.218,1854.776388888889
Pulse experiments,pioreactor01,2026-09-14T17:08:14.223Z,0.23880859375,630,2026-09-14 22:53:14.223,1854.776388888889
Pulse experiments,pioreactor01,2026-09-14T17:08:14.229Z,0.125546875,680,2026-09-14 22:53:14.229,1854.776388888889
Pulse experiments,pioreactor01,2026-09-14T17:08:19.188Z,0.02033203125,415,2026-09-14 22:53:19.188,1854.777777777778
Pulse experiments,pioreactor01,2026-09-14T17:08:19.191Z,0.1611328125,445,2026-09-14 22:53:19.191,1854.777777777778
Pulse experiments,pioreactor01,2026-09-14T17:08:19.196Z,0.17548828125,480,2026-09-14 22:53:19.196,1854.777777777778
Pulse experiments,pioreactor01,2026-09-14T17:08:19.204Z,0.205625,515,2026-09-14 22:53:19.204,1854.777777777778
Pulse experiments,pioreactor01,2026-09-14T17:08:19.212Z,0.23642578125,555,2026-09-14 22:53:19.212,1854.777777777778
Pulse experiments,pioreactor01,2026-09-14T17:08:19.215Z,0.23421875,590,2026-09-14 22:53:19.215,1854.777777777778
Pulse experiments,pioreactor01,2026-09-14T17:08:19.220Z,0.240546875,630,2026-09-14 22:53:19.220,1854.777777777778
Pulse experiments,pioreactor01,2026-09-14T17:08:19.227Z,0.12607421875,680,2026-09-14 22:53:19.227,1854.777777777778
Pulse experiments,pioreactor01,2026-09-14T17:08:24.187Z,0.02013671875,415,2026-09-14 22:53:24.187,1854.779166666667
Pulse experiments,pioreactor01,2026-09-14T17:08:24.192Z,0.15978515625,445,2026-09-14 22:53:24.192,1854.779166666667
Pulse experiments,pioreactor01,2026-09-14T17:08:24.198Z,0.17349609375,480,2026-09-14 22:53:24.198,1854.779166666667
Pulse experiments,pioreactor01,2026-09-14T17:08:24.202Z,0.20322265625,515,2026-09-14 22:53:24.202,1854.779166666667
Pulse experiments,pioreactor01,2026-09-14T17:08:24.209Z,0.2344921875,555,2026-09-14 22:53:24.209,1854.779166666667
Pulse experiments,pioreactor01,2026-09-14T17:08:24.217Z,0.23224609375,590,2026-09-14 22:53:24.217,1854.779166666667
Pulse experiments,pioreactor01,2026-09-14T17:08:24.221Z,0.23849609375,630,2026-09-14 22:53:24.221,1854.779166666667
Pulse experiments,pioreactor01,2026-09-14T17:08:24.226Z,0.12484375,680,2026-09-14 22:53:24.226,1854.779166666667
Pulse experiments,pioreactor01,2026-09-14T17:08:29.189Z,0.02005859375,415,2026-09-14 22:53:29.189,1854.780555555556
Pulse experiments,pioreactor01,2026-09-14T17:08:29.196Z,0.15953125,445,2026-09-14 22:53:29.196,1854.780555555556
Pulse experiments,pioreactor01,2026-09-14T17:08:29.202Z,0.1731640625,480,2026-09-14 22:53:29.202,1854.780555555556
Pulse experiments,pioreactor01,2026-09-14T17:08:29.207Z,0.20279296875,515,2026-09-14 22:53:29.207,1854.780555555556
Pulse experiments,pioreactor01,2026-09-14T17:08:29.215Z,0.23322265625,555,2026-09-14 22:53:29.215,1854.780555555556
Pulse experiments,pioreactor01,2026-09-14T17:08:29.219Z,0.23123046875,590,2026-09-14 22:53:29.219,1854.780555555556
Pulse experiments,pioreactor01,2026-09-14T17:08:29.224Z,0.23736328125,630,2026-09-14 22:53:29.224,1854.780555555556
Pulse experiments,pioreactor01,2026-09-14T17:08:29.229Z,0.1240625,680,2026-09-14 22:53:29.229,1854.780555555556
Pulse experiments,pioreactor01,2026-09-14T17:08:34.187Z,0.02005859375,415,2026-09-14 22:53:34.187,1854.781944444444
Pulse experiments,pioreactor01,2026-09-14T17:08:34.198Z,0.1595703125,445,2026-09-14 22:53:34.198,1854.781944444444
Pulse experiments,pioreactor01,2026-09-14T17:08:34.202Z,0.173203125,480,2026-09-14 22:53:34.202,1854.781944444444
Pulse experiments,pioreactor01,2026-09-14T17:08:34.207Z,0.20298828125,515,2026-09-14 22:53:34.207,1854.781944444444
Pulse experiments,pioreactor01,2026-09-14T17:08:34.214Z,0.23435546875,555,2026-09-14 22:53:34.214,1854.781944444444
Pulse experiments,pioreactor01,2026-09-14T17:08:34.218Z,0.2320703125,590,2026-09-14 22:53:34.218,1854.781944444444
Pulse experiments,pioreactor01,2026-09-14T17:08:34.224Z,0.23828125,630,2026-09-14 22:53:34.224,1854.781944444444
Pulse experiments,pioreactor01,2026-09-14T17:08:34.229Z,0.12484375,680,2026-09-14 22:53:34.229,1854.781944444444
Pulse experiments,pioreactor01,2026-09-14T17:08:39.186Z,0.02005859375,415,2026-09-14 22:53:39.186,1854.783333333333
Pulse experiments,pioreactor01,2026-09-14T17:08:39.201Z,0.1588671875,445,2026-09-14 22:53:39.201,1854.783333333333
Pulse experiments,pioreactor01,2026-09-14T17:08:39.204Z,0.1726953125,480,2026-09-14 22:53:39.204,1854.783333333333
Pulse experiments,pioreactor01,2026-09-14T17:08:39.210Z,0.20224609375,515,2026-09-14 22:53:39.210,1854.783333333333
Pulse experiments,pioreactor01,2026-09-14T17:08:39.222Z,0.23349609375,555,2026-09-14 22:53:39.222,1854.783333333333
Pulse experiments,pioreactor01,2026-09-14T17:08:39.223Z,0.23140625,590,2026-09-14 22:53:39.223,1854.783333333333
Pulse experiments,pioreactor01,2026-09-14T17:08:39.236Z,0.2375,630,2026-09-14 22:53:39.236,1854.783333333333
Pulse experiments,pioreactor01,2026-09-14T17:08:39.238Z,0.1244140625,680,2026-09-14 22:53:39.238,1854.783333333333
Pulse experiments,pioreactor01,2026-09-14T17:08:44.190Z,0.02009765625,415,2026-09-14 22:53:44.190,1854.784722222222
Pulse experiments,pioreactor01,2026-09-14T17:08:44.194Z,0.15962890625,445,2026-09-14 22:53:44.194,1854.784722222222
Pulse experiments,pioreactor01,2026-09-14T17:08:44.198Z,0.17353515625,480,2026-09-14 22:53:44.198,1854.784722222222
Pulse experiments,pioreactor01,2026-09-14T17:08:44.202Z,0.203125,515,2026-09-14 22:53:44.202,1854.784722222222
Pulse experiments,pioreactor01,2026-09-14T17:08:44.207Z,0.23359375,555,2026-09-14 22:53:44.207,1854.784722222222
Pulse experiments,pioreactor01,2026-09-14T17:08:44.219Z,0.23146484375,590,2026-09-14 22:53:44.219,1854.784722222222
Pulse experiments,pioreactor01,2026-09-14T17:08:44.224Z,0.23765625,630,2026-09-14 22:53:44.224,1854.784722222222
Pulse experiments,pioreactor01,2026-09-14T17:08:44.227Z,0.1244921875,680,2026-09-14 22:53:44.227,1854.784722222222
Pulse experiments,pioreactor01,2026-09-14T17:08:49.194Z,0.0200390625,415,2026-09-14 22:53:49.194,1854.786111111111
Pulse experiments,pioreactor01,2026-09-14T17:08:49.199Z,0.15904296875,445,2026-09-14 22:53:49.199,1854.786111111111
Pulse experiments,pioreactor01,2026-09-14T17:08:49.208Z,0.17287109375,480,2026-09-14 22:53:49.208,1854.786111111111
Pulse experiments,pioreactor01,2026-09-14T17:08:49.213Z,0.20240234375,515,2026-09-14 22:53:49.213,1854.786111111111
Pulse experiments,pioreactor01,2026-09-14T17:08:49.219Z,0.23369140625,555,2026-09-14 22:53:49.219,1854.786111111111
Pulse experiments,pioreactor01,2026-09-14T17:08:49.227Z,0.2316015625,590,2026-09-14 22:53:49.227,1854.786111111111
Pulse experiments,pioreactor01,2026-09-14T17:08:49.232Z,0.23775390625,630,2026-09-14 22:53:49.232,1854.786111111111
Pulse experiments,pioreactor01,2026-09-14T17:08:49.239Z,0.12447265625,680,2026-09-14 22:53:49.239,1854.786111111111
Pulse experiments,pioreactor01,2026-09-14T17:08:54.184Z,0.02,415,2026-09-14 22:53:54.184,1854.7875
Pulse experiments,pioreactor01,2026-09-14T17:08:54.189Z,0.158515625,445,2026-09-14 22:53:54.189,1854.7875
Pulse experiments,pioreactor01,2026-09-14T17:08:54.195Z,0.17228515625,480,2026-09-14 22:53:54.195,1854.7875
Pulse experiments,pioreactor01,2026-09-14T17:08:54.202Z,0.20177734375,515,2026-09-14 22:53:54.202,1854.7875
Pulse experiments,pioreactor01,2026-09-14T17:08:54.210Z,0.23216796875,555,2026-09-14 22:53:54.210,1854.7875
Pulse experiments,pioreactor01,2026-09-14T17:08:54.214Z,0.2303125,590,2026-09-14 22:53:54.214,1854.7875
Pulse experiments,pioreactor01,2026-09-14T17:08:54.225Z,0.2365625,630,2026-09-14 22:53:54.225,1854.7875
Pulse experiments,pioreactor01,2026-09-14T17:08:54.231Z,0.12376953125,680,2026-09-14 22:53:54.231,1854.7875
Pulse experiments,pioreactor01,2026-09-14T17:08:59.183Z,0.0200390625,415,2026-09-14 22:53:59.183,1854.788888888889
Pulse experiments,pioreactor01,2026-09-14T17:08:59.189Z,0.15880859375,445,2026-09-14 22:53:59.189,1854.788888888889
Pulse experiments,pioreactor01,2026-09-14T17:08:59.198Z,0.17263671875,480,2026-09-14 22:53:59.198,1854.788888888889
Pulse experiments,pioreactor01,2026-09-14T17:08:59.202Z,0.202265625,515,2026-09-14 22:53:59.202,1854.788888888889
Pulse experiments,pioreactor01,2026-09-14T17:08:59.209Z,0.232890625,555,2026-09-14 22:53:59.209,1854.788888888889
Pulse experiments,pioreactor01,2026-09-14T17:08:59.214Z,0.2308203125,590,2026-09-14 22:53:59.214,1854.788888888889
Pulse experiments,pioreactor01,2026-09-14T17:08:59.221Z,0.23693359375,630,2026-09-14 22:53:59.221,1854.788888888889
Pulse experiments,pioreactor01,2026-09-14T17:08:59.227Z,0.1240625,680,2026-09-14 22:53:59.227,1854.788888888889
Pulse experiments,pioreactor01,2026-09-14T17:09:04.183Z,0.0200390625,415,2026-09-14 22:54:04.183,1854.790277777778
Pulse experiments,pioreactor01,2026-09-14T17:09:04.190Z,0.159140625,445,2026-09-14 22:54:04.190,1854.790277777778
Pulse experiments,pioreactor01,2026-09-14T17:09:04.197Z,0.17283203125,480,2026-09-14 22:54:04.197,1854.790277777778
Pulse experiments,pioreactor01,2026-09-14T17:09:04.202Z,0.20248046875,515,2026-09-14 22:54:04.202,1854.790277777778
Pulse experiments,pioreactor01,2026-09-14T17:09:04.209Z,0.23240234375,555,2026-09-14 22:54:04.209,1854.790277777778
Pulse experiments,pioreactor01,2026-09-14T17:09:04.218Z,0.2302734375,590,2026-09-14 22:54:04.218,1854.790277777778
Pulse experiments,pioreactor01,2026-09-14T17:09:04.224Z,0.2365625,630,2026-09-14 22:54:04.224,1854.790277777778
Pulse experiments,pioreactor01,2026-09-14T17:09:04.230Z,0.12357421875,680,2026-09-14 22:54:04.230,1854.790277777778
Pulse experiments,pioreactor01,2026-09-14T17:09:09.189Z,0.0199609375,415,2026-09-14 22:54:09.189,1854.791666666667
Pulse experiments,pioreactor01,2026-09-14T17:09:09.194Z,0.158671875,445,2026-09-14 22:54:09.194,1854.791666666667
Pulse experiments,pioreactor01,2026-09-14T17:09:09.198Z,0.17228515625,480,2026-09-14 22:54:09.198,1854.791666666667
Pulse experiments,pioreactor01,2026-09-14T17:09:09.206Z,0.201875,515,2026-09-14 22:54:09.206,1854.791666666667
Pulse experiments,pioreactor01,2026-09-14T17:09:09.212Z,0.23220703125,555,2026-09-14 22:54:09.212,1854.791666666667
Pulse experiments,pioreactor01,2026-09-14T17:09:09.220Z,0.2301953125,590,2026-09-14 22:54:09.220,1854.791666666667
Pulse experiments,pioreactor01,2026-09-14T17:09:09.222Z,0.2363671875,630,2026-09-14 22:54:09.222,1854.791666666667
Pulse experiments,pioreactor01,2026-09-14T17:09:09.232Z,0.12361328125,680,2026-09-14 22:54:09.232,1854.791666666667
Pulse experiments,pioreactor01,2026-09-14T17:09:14.189Z,0.019921875,415,2026-09-14 22:54:14.189,1854.793055555556
Pulse experiments,pioreactor01,2026-09-14T17:09:14.194Z,0.15814453125,445,2026-09-14 22:54:14.194,1854.793055555556
Pulse experiments,pioreactor01,2026-09-14T17:09:14.200Z,0.1718359375,480,2026-09-14 22:54:14.200,1854.793055555556
Pulse experiments,pioreactor01,2026-09-14T17:09:14.206Z,0.20119140625,515,2026-09-14 22:54:14.206,1854.793055555556
Pulse experiments,pioreactor01,2026-09-14T17:09:14.214Z,0.23138671875,555,2026-09-14 22:54:14.214,1854.793055555556
Pulse experiments,pioreactor01,2026-09-14T17:09:14.217Z,0.22921875,590,2026-09-14 22:54:14.217,1854.793055555556
Pulse experiments,pioreactor01,2026-09-14T17:09:14.222Z,0.23556640625,630,2026-09-14 22:54:14.222,1854.793055555556
Pulse experiments,pioreactor01,2026-09-14T17:09:14.228Z,0.12306640625,680,2026-09-14 22:54:14.228,1854.793055555556
Pulse experiments,pioreactor01,2026-09-14T17:09:19.190Z,0.01998046875,415,2026-09-14 22:54:19.190,1854.794444444444
Pulse experiments,pioreactor01,2026-09-14T17:09:19.204Z,0.15861328125,445,2026-09-14 22:54:19.204,1854.794444444444
Pulse experiments,pioreactor01,2026-09-14T17:09:19.207Z,0.1722265625,480,2026-09-14 22:54:19.207,1854.794444444444
Pulse experiments,pioreactor01,2026-09-14T17:09:19.215Z,0.20189453125,515,2026-09-14 22:54:19.215,1854.794444444444
Pulse experiments,pioreactor01,2026-09-14T17:09:19.221Z,0.23173828125,555,2026-09-14 22:54:19.221,1854.794444444444
Pulse experiments,pioreactor01,2026-09-14T17:09:19.225Z,0.22958984375,590,2026-09-14 22:54:19.225,1854.794444444444
Pulse experiments,pioreactor01,2026-09-14T17:09:19.232Z,0.23603515625,630,2026-09-14 22:54:19.232,1854.794444444444
Pulse experiments,pioreactor01,2026-09-14T17:09:19.236Z,0.12330078125,680,2026-09-14 22:54:19.236,1854.794444444444
Pulse experiments,pioreactor01,2026-09-14T17:09:24.180Z,0.02005859375,415,2026-09-14 22:54:24.180,1854.795833333333
Pulse experiments,pioreactor01,2026-09-14T17:09:24.186Z,0.15908203125,445,2026-09-14 22:54:24.186,1854.795833333333
Pulse experiments,pioreactor01,2026-09-14T17:09:24.191Z,0.1727734375,480,2026-09-14 22:54:24.191,1854.795833333333
Pulse experiments,pioreactor01,2026-09-14T17:09:24.198Z,0.2024609375,515,2026-09-14 22:54:24.198,1854.795833333333
Pulse experiments,pioreactor01,2026-09-14T17:09:24.203Z,0.23314453125,555,2026-09-14 22:54:24.203,1854.795833333333
Pulse experiments,pioreactor01,2026-09-14T17:09:24.207Z,0.23111328125,590,2026-09-14 22:54:24.207,1854.795833333333
Pulse experiments,pioreactor01,2026-09-14T17:09:24.215Z,0.23720703125,630,2026-09-14 22:54:24.215,1854.795833333333
Pulse experiments,pioreactor01,2026-09-14T17:09:24.219Z,0.1241796875,680,2026-09-14 22:54:24.219,1854.795833333333
Pulse experiments,pioreactor01,2026-09-14T17:09:29.178Z,0.02,415,2026-09-14 22:54:29.178,1854.797222222222
Pulse experiments,pioreactor01,2026-09-14T17:09:29.185Z,0.15845703125,445,2026-09-14 22:54:29.185,1854.797222222222
Pulse experiments,pioreactor01,2026-09-14T17:09:29.191Z,0.172265625,480,2026-09-14 22:54:29.191,1854.797222222222
Pulse experiments,pioreactor01,2026-09-14T17:09:29.204Z,0.20154296875,515,2026-09-14 22:54:29.204,1854.797222222222
Pulse experiments,pioreactor01,2026-09-14T17:09:29.208Z,0.2325390625,555,2026-09-14 22:54:29.208,1854.797222222222
Pulse experiments,pioreactor01,2026-09-14T17:09:29.218Z,0.230625,590,2026-09-14 22:54:29.218,1854.797222222222
Pulse experiments,pioreactor01,2026-09-14T17:09:29.223Z,0.23638671875,630,2026-09-14 22:54:29.223,1854.797222222222
Pulse experiments,pioreactor01,2026-09-14T17:09:29.228Z,0.123828125,680,2026-09-14 22:54:29.228,1854.797222222222
Pulse experiments,pioreactor01,2026-09-14T17:09:34.187Z,0.02001953125,415,2026-09-14 22:54:34.187,1854.798611111111
Pulse experiments,pioreactor01,2026-09-14T17:09:34.194Z,0.15919921875,445,2026-09-14 22:54:34.194,1854.798611111111
Pulse experiments,pioreactor01,2026-09-14T17:09:34.198Z,0.1728515625,480,2026-09-14 22:54:34.198,1854.798611111111
Pulse experiments,pioreactor01,2026-09-14T17:09:34.205Z,0.202578125,515,2026-09-14 22:54:34.205,1854.798611111111
Pulse experiments,pioreactor01,2026-09-14T17:09:34.215Z,0.23267578125,555,2026-09-14 22:54:34.215,1854.798611111111
Pulse experiments,pioreactor01,2026-09-14T17:09:34.221Z,0.23060546875,590,2026-09-14 22:54:34.221,1854.798611111111
Pulse experiments,pioreactor01,2026-09-14T17:09:34.230Z,0.23666015625,630,2026-09-14 22:54:34.230,1854.798611111111
Pulse experiments,pioreactor01,2026-09-14T17:09:34.235Z,0.1237109375,680,2026-09-14 22:54:34.235,1854.798611111111
Pulse experiments,pioreactor01,2026-09-14T17:09:39.185Z,0.02001953125,415,2026-09-14 22:54:39.185,1854.8
Pulse experiments,pioreactor01,2026-09-14T17:09:39.191Z,0.1587890625,445,2026-09-14 22:54:39.191,1854.8
Pulse experiments,pioreactor01,2026-09-14T17:09:39.196Z,0.1724609375,480,2026-09-14 22:54:39.196,1854.8
Pulse experiments,pioreactor01,2026-09-14T17:09:39.202Z,0.201875,515,2026-09-14 22:54:39.202,1854.8
Pulse experiments,pioreactor01,2026-09-14T17:09:39.207Z,0.232421875,555,2026-09-14 22:54:39.207,1854.8
Pulse experiments,pioreactor01,2026-09-14T17:09:39.213Z,0.23025390625,590,2026-09-14 22:54:39.213,1854.8
Pulse experiments,pioreactor01,2026-09-14T17:09:39.219Z,0.2365625,630,2026-09-14 22:54:39.219,1854.8
Pulse experiments,pioreactor01,2026-09-14T17:09:39.227Z,0.1238671875,680,2026-09-14 22:54:39.227,1854.8
Pulse experiments,pioreactor01,2026-09-14T17:09:44.189Z,0.019921875,415,2026-09-14 22:54:44.189,1854.801388888889
Pulse experiments,pioreactor01,2026-09-14T17:09:44.195Z,0.15869140625,445,2026-09-14 22:54:44.195,1854.801388888889
Pulse experiments,pioreactor01,2026-09-14T17:09:44.207Z,0.17197265625,480,2026-09-14 22:54:44.207,1854.801388888889
Pulse experiments,pioreactor01,2026-09-14T17:09:44.214Z,0.2018359375,515,2026-09-14 22:54:44.214,1854.801388888889
Pulse experiments,pioreactor01,2026-09-14T17:09:44.219Z,0.23224609375,555,2026-09-14 22:54:44.219,1854.801388888889
Pulse experiments,pioreactor01,2026-09-14T17:09:44.222Z,0.23052734375,590,2026-09-14 22:54:44.222,1854.801388888889
Pulse experiments,pioreactor01,2026-09-14T17:09:44.228Z,0.23642578125,630,2026-09-14 22:54:44.228,1854.801388888889
Pulse experiments,pioreactor01,2026-09-14T17:09:44.234Z,0.12369140625,680,2026-09-14 22:54:44.234,1854.801388888889
Pulse experiments,pioreactor01,2026-09-14T17:09:49.193Z,0.02005859375,415,2026-09-14 22:54:49.193,1854.802777777778
Pulse experiments,pioreactor01,2026-09-14T17:09:49.196Z,0.15904296875,445,2026-09-14 22:54:49.196,1854.802777777778
Pulse experiments,pioreactor01,2026-09-14T17:09:49.205Z,0.1727734375,480,2026-09-14 22:54:49.205,1854.802777777778
Pulse experiments,pioreactor01,2026-09-14T17:09:49.210Z,0.2023046875,515,2026-09-14 22:54:49.210,1854.802777777778
Pulse experiments,pioreactor01,2026-09-14T17:09:49.214Z,0.2334765625,555,2026-09-14 22:54:49.214,1854.802777777778
Pulse experiments,pioreactor01,2026-09-14T17:09:49.221Z,0.2312109375,590,2026-09-14 22:54:49.221,1854.802777777778
Pulse experiments,pioreactor01,2026-09-14T17:09:49.226Z,0.23703125,630,2026-09-14 22:54:49.226,1854.802777777778
Pulse experiments,pioreactor01,2026-09-14T17:09:49.234Z,0.1242578125,680,2026-09-14 22:54:49.234,1854.802777777778
Pulse experiments,pioreactor01,2026-09-14T17:09:54.186Z,0.02,415,2026-09-14 22:54:54.186,1854.804166666667
Pulse experiments,pioreactor01,2026-09-14T17:09:54.190Z,0.159140625,445,2026-09-14 22:54:54.190,1854.804166666667
Pulse experiments,pioreactor01,2026-09-14T17:09:54.197Z,0.17306640625,480,2026-09-14 22:54:54.197,1854.804166666667
Pulse experiments,pioreactor01,2026-09-14T17:09:54.201Z,0.202578125,515,2026-09-14 22:54:54.201,1854.804166666667
Pulse experiments,pioreactor01,2026-09-14T17:09:54.210Z,0.2323046875,555,2026-09-14 22:54:54.210,1854.804166666667
Pulse experiments,pioreactor01,2026-09-14T17:09:54.213Z,0.2302734375,590,2026-09-14 22:54:54.213,1854.804166666667
Pulse experiments,pioreactor01,2026-09-14T17:09:54.221Z,0.2361328125,630,2026-09-14 22:54:54.221,1854.804166666667
Pulse experiments,pioreactor01,2026-09-14T17:09:54.226Z,0.12361328125,680,2026-09-14 22:54:54.226,1854.804166666667
Pulse experiments,pioreactor01,2026-09-14T17:09:59.185Z,0.0199609375,415,2026-09-14 22:54:59.185,1854.805555555556
Pulse experiments,pioreactor01,2026-09-14T17:09:59.191Z,0.15822265625,445,2026-09-14 22:54:59.191,1854.805555555556
Pulse experiments,pioreactor01,2026-09-14T17:09:59.199Z,0.17181640625,480,2026-09-14 22:54:59.199,1854.805555555556
Pulse experiments,pioreactor01,2026-09-14T17:09:59.204Z,0.20119140625,515,2026-09-14 22:54:59.204,1854.805555555556
Pulse experiments,pioreactor01,2026-09-14T17:09:59.209Z,0.23111328125,555,2026-09-14 22:54:59.209,1854.805555555556
Pulse experiments,pioreactor01,2026-09-14T17:09:59.217Z,0.2297265625,590,2026-09-14 22:54:59.217,1854.805555555556
Pulse experiments,pioreactor01,2026-09-14T17:09:59.224Z,0.23548828125,630,2026-09-14 22:54:59.224,1854.805555555556
Pulse experiments,pioreactor01,2026-09-14T17:09:59.233Z,0.12306640625,680,2026-09-14 22:54:59.233,1854.805555555556
Pulse experiments,pioreactor01,2026-09-14T17:10:04.186Z,0.01998046875,415,2026-09-14 22:55:04.186,1854.806944444445
Pulse experiments,pioreactor01,2026-09-14T17:10:04.193Z,0.15869140625,445,2026-09-14 22:55:04.193,1854.806944444445
Pulse experiments,pioreactor01,2026-09-14T17:10:04.203Z,0.17220703125,480,2026-09-14 22:55:04.203,1854.806944444445
Pulse experiments,pioreactor01,2026-09-14T17:10:04.205Z,0.20169921875,515,2026-09-14 22:55:04.205,1854.806944444445
Pulse experiments,pioreactor01,2026-09-14T17:10:04.211Z,0.23201171875,555,2026-09-14 22:55:04.211,1854.806944444445
Pulse experiments,pioreactor01,2026-09-14T17:10:04.218Z,0.2303125,590,2026-09-14 22:55:04.218,1854.806944444445
Pulse experiments,pioreactor01,2026-09-14T17:10:04.225Z,0.23587890625,630,2026-09-14 22:55:04.225,1854.806944444445
Pulse experiments,pioreactor01,2026-09-14T17:10:04.230Z,0.123515625,680,2026-09-14 22:55:04.230,1854.806944444445
Pulse experiments,pioreactor01,2026-09-14T17:10:09.181Z,0.02001953125,415,2026-09-14 22:55:09.181,1854.808333333333
Pulse experiments,pioreactor01,2026-09-14T17:10:09.189Z,0.15890625,445,2026-09-14 22:55:09.189,1854.808333333333
Pulse experiments,pioreactor01,2026-09-14T17:10:09.195Z,0.172421875,480,2026-09-14 22:55:09.195,1854.808333333333
Pulse experiments,pioreactor01,2026-09-14T17:10:09.199Z,0.2021875,515,2026-09-14 22:55:09.199,1854.808333333333
Pulse experiments,pioreactor01,2026-09-14T17:10:09.204Z,0.23248046875,555,2026-09-14 22:55:09.204,1854.808333333333
Pulse experiments,pioreactor01,2026-09-14T17:10:09.211Z,0.2305078125,590,2026-09-14 22:55:09.211,1854.808333333333
Pulse experiments,pioreactor01,2026-09-14T17:10:09.215Z,0.23640625,630,2026-09-14 22:55:09.215,1854.808333333333
Pulse experiments,pioreactor01,2026-09-14T17:10:09.221Z,0.12349609375,680,2026-09-14 22:55:09.221,1854.808333333333
Pulse experiments,pioreactor01,2026-09-14T17:10:14.208Z,0.01986328125,415,2026-09-14 22:55:14.208,1854.809722222222
Pulse experiments,pioreactor01,2026-09-14T17:10:14.213Z,0.157265625,445,2026-09-14 22:55:14.213,1854.809722222222
Pulse experiments,pioreactor01,2026-09-14T17:10:14.219Z,0.16943359375,480,2026-09-14 22:55:14.219,1854.809722222222
Pulse experiments,pioreactor01,2026-09-14T17:10:14.226Z,0.198515625,515,2026-09-14 22:55:14.226,1854.809722222222
Pulse experiments,pioreactor01,2026-09-14T17:10:14.233Z,0.2312109375,555,2026-09-14 22:55:14.233,1854.809722222222
Pulse experiments,pioreactor01,2026-09-14T17:10:14.239Z,0.23080078125,590,2026-09-14 22:55:14.239,1854.809722222222
Pulse experiments,pioreactor01,2026-09-14T17:10:14.248Z,0.23681640625,630,2026-09-14 22:55:14.248,1854.809722222222
Pulse experiments,pioreactor01,2026-09-14T17:10:14.252Z,0.1239453125,680,2026-09-14 22:55:14.252,1854.809722222222
Pulse experiments,pioreactor01,2026-09-14T17:10:19.193Z,0.01984375,415,2026-09-14 22:55:19.193,1854.811111111111
Pulse experiments,pioreactor01,2026-09-14T17:10:19.200Z,0.1573046875,445,2026-09-14 22:55:19.200,1854.811111111111
Pulse experiments,pioreactor01,2026-09-14T17:10:19.210Z,0.1696484375,480,2026-09-14 22:55:19.210,1854.811111111111
Pulse experiments,pioreactor01,2026-09-14T17:10:19.222Z,0.19869140625,515,2026-09-14 22:55:19.222,1854.811111111111
Pulse experiments,pioreactor01,2026-09-14T17:10:19.225Z,0.231171875,555,2026-09-14 22:55:19.225,1854.811111111111
Pulse experiments,pioreactor01,2026-09-14T17:10:19.232Z,0.23111328125,590,2026-09-14 22:55:19.232,1854.811111111111
Pulse experiments,pioreactor01,2026-09-14T17:10:19.238Z,0.23734375,630,2026-09-14 22:55:19.238,1854.811111111111
Pulse experiments,pioreactor01,2026-09-14T17:10:19.244Z,0.12404296875,680,2026-09-14 22:55:19.244,1854.811111111111
Pulse experiments,pioreactor01,2026-09-14T17:10:24.192Z,0.0198828125,415,2026-09-14 22:55:24.192,1854.8125
Pulse experiments,pioreactor01,2026-09-14T17:10:24.197Z,0.1573828125,445,2026-09-14 22:55:24.197,1854.8125
Pulse experiments,pioreactor01,2026-09-14T17:10:24.204Z,0.16951171875,480,2026-09-14 22:55:24.204,1854.8125
Pulse experiments,pioreactor01,2026-09-14T17:10:24.213Z,0.19853515625,515,2026-09-14 22:55:24.213,1854.8125
Pulse experiments,pioreactor01,2026-09-14T17:10:24.222Z,0.231484375,555,2026-09-14 22:55:24.222,1854.8125
Pulse experiments,pioreactor01,2026-09-14T17:10:24.226Z,0.23083984375,590,2026-09-14 22:55:24.226,1854.8125
Pulse experiments,pioreactor01,2026-09-14T17:10:24.232Z,0.2370703125,630,2026-09-14 22:55:24.232,1854.8125
Pulse experiments,pioreactor01,2026-09-14T17:10:24.237Z,0.1238671875,680,2026-09-14 22:55:24.237,1854.8125
Pulse experiments,pioreactor01,2026-09-14T17:10:29.182Z,0.01982421875,415,2026-09-14 22:55:29.182,1854.813888888889
Pulse experiments,pioreactor01,2026-09-14T17:10:29.189Z,0.156796875,445,2026-09-14 22:55:29.189,1854.813888888889
Pulse experiments,pioreactor01,2026-09-14T17:10:29.193Z,0.1691015625,480,2026-09-14 22:55:29.193,1854.813888888889
Pulse experiments,pioreactor01,2026-09-14T17:10:29.204Z,0.1980078125,515,2026-09-14 22:55:29.204,1854.813888888889
Pulse experiments,pioreactor01,2026-09-14T17:10:29.211Z,0.2311328125,555,2026-09-14 22:55:29.211,1854.813888888889
Pulse experiments,pioreactor01,2026-09-14T17:10:29.216Z,0.230625,590,2026-09-14 22:55:29.216,1854.813888888889
Pulse experiments,pioreactor01,2026-09-14T17:10:29.227Z,0.236484375,630,2026-09-14 22:55:29.227,1854.813888888889
Pulse experiments,pioreactor01,2026-09-14T17:10:29.239Z,0.123828125,680,2026-09-14 22:55:29.239,1854.813888888889
Pulse experiments,pioreactor01,2026-09-14T17:10:34.197Z,0.0199609375,415,2026-09-14 22:55:34.197,1854.815277777778
Pulse experiments,pioreactor01,2026-09-14T17:10:34.202Z,0.15791015625,445,2026-09-14 22:55:34.202,1854.815277777778
Pulse experiments,pioreactor01,2026-09-14T17:10:34.214Z,0.17060546875,480,2026-09-14 22:55:34.214,1854.815277777778
Pulse experiments,pioreactor01,2026-09-14T17:10:34.217Z,0.1994921875,515,2026-09-14 22:55:34.217,1854.815277777778
Pulse experiments,pioreactor01,2026-09-14T17:10:34.221Z,0.2318359375,555,2026-09-14 22:55:34.221,1854.815277777778
Pulse experiments,pioreactor01,2026-09-14T17:10:34.227Z,0.231171875,590,2026-09-14 22:55:34.227,1854.815277777778
Pulse experiments,pioreactor01,2026-09-14T17:10:34.233Z,0.23736328125,630,2026-09-14 22:55:34.233,1854.815277777778
Pulse experiments,pioreactor01,2026-09-14T17:10:34.242Z,0.12431640625,680,2026-09-14 22:55:34.242,1854.815277777778
Pulse experiments,pioreactor01,2026-09-14T17:10:39.185Z,0.019921875,415,2026-09-14 22:55:39.185,1854.816666666667
Pulse experiments,pioreactor01,2026-09-14T17:10:39.193Z,0.157578125,445,2026-09-14 22:55:39.193,1854.816666666667
Pulse experiments,pioreactor01,2026-09-14T17:10:39.198Z,0.170234375,480,2026-09-14 22:55:39.198,1854.816666666667
Pulse experiments,pioreactor01,2026-09-14T17:10:39.204Z,0.19919921875,515,2026-09-14 22:55:39.204,1854.816666666667
Pulse experiments,pioreactor01,2026-09-14T17:10:39.211Z,0.23189453125,555,2026-09-14 22:55:39.211,1854.816666666667
Pulse experiments,pioreactor01,2026-09-14T17:10:39.217Z,0.23107421875,590,2026-09-14 22:55:39.217,1854.816666666667
Pulse experiments,pioreactor01,2026-09-14T17:10:39.221Z,0.23763671875,630,2026-09-14 22:55:39.221,1854.816666666667
Pulse experiments,pioreactor01,2026-09-14T17:10:39.227Z,0.124375,680,2026-09-14 22:55:39.227,1854.816666666667
Pulse experiments,pioreactor01,2026-09-14T17:10:44.187Z,0.01982421875,415,2026-09-14 22:55:44.187,1854.818055555555
Pulse experiments,pioreactor01,2026-09-14T17:10:44.193Z,0.1569921875,445,2026-09-14 22:55:44.193,1854.818055555555
Pulse experiments,pioreactor01,2026-09-14T17:10:44.202Z,0.1692578125,480,2026-09-14 22:55:44.202,1854.818055555555
Pulse experiments,pioreactor01,2026-09-14T17:10:44.208Z,0.1983203125,515,2026-09-14 22:55:44.208,1854.818055555555
Pulse experiments,pioreactor01,2026-09-14T17:10:44.212Z,0.23083984375,555,2026-09-14 22:55:44.212,1854.818055555555
Pulse experiments,pioreactor01,2026-09-14T17:10:44.217Z,0.23029296875,590,2026-09-14 22:55:44.217,1854.818055555555
Pulse experiments,pioreactor01,2026-09-14T17:10:44.223Z,0.2360546875,630,2026-09-14 22:55:44.223,1854.818055555555
Pulse experiments,pioreactor01,2026-09-14T17:10:44.230Z,0.12373046875,680,2026-09-14 22:55:44.230,1854.818055555555
Pulse experiments,pioreactor01,2026-09-14T17:10:49.232Z,0.01986328125,415,2026-09-14 22:55:49.232,1854.819444444444
Pulse experiments,pioreactor01,2026-09-14T17:10:49.246Z,0.15736328125,445,2026-09-14 22:55:49.246,1854.819444444444
Pulse experiments,pioreactor01,2026-09-14T17:10:49.256Z,0.1696875,480,2026-09-14 22:55:49.256,1854.819444444444
Pulse experiments,pioreactor01,2026-09-14T17:10:49.266Z,0.19873046875,515,2026-09-14 22:55:49.266,1854.819444444444
Pulse experiments,pioreactor01,2026-09-14T17:10:49.275Z,0.23076171875,555,2026-09-14 22:55:49.275,1854.819444444444
Pulse experiments,pioreactor01,2026-09-14T17:10:49.283Z,0.23001953125,590,2026-09-14 22:55:49.283,1854.819444444444
Pulse experiments,pioreactor01,2026-09-14T17:10:49.299Z,0.23630859375,630,2026-09-14 22:55:49.299,1854.819444444444
Pulse experiments,pioreactor01,2026-09-14T17:10:49.302Z,0.12345703125,680,2026-09-14 22:55:49.302,1854.819444444444
Pulse experiments,pioreactor01,2026-09-14T17:10:54.244Z,0.0199609375,415,2026-09-14 22:55:54.244,1854.820833333333
Pulse experiments,pioreactor01,2026-09-14T17:10:54.252Z,0.15791015625,445,2026-09-14 22:55:54.252,1854.820833333333
Pulse experiments,pioreactor01,2026-09-14T17:10:54.263Z,0.17033203125,480,2026-09-14 22:55:54.263,1854.820833333333
Pulse experiments,pioreactor01,2026-09-14T17:10:54.270Z,0.19955078125,515,2026-09-14 22:55:54.270,1854.820833333333
Pulse experiments,pioreactor01,2026-09-14T17:10:54.281Z,0.23138671875,555,2026-09-14 22:55:54.281,1854.820833333333
Pulse experiments,pioreactor01,2026-09-14T17:10:54.286Z,0.23056640625,590,2026-09-14 22:55:54.286,1854.820833333333
Pulse experiments,pioreactor01,2026-09-14T17:10:54.293Z,0.23689453125,630,2026-09-14 22:55:54.293,1854.820833333333
Pulse experiments,pioreactor01,2026-09-14T17:10:54.300Z,0.1239453125,680,2026-09-14 22:55:54.300,1854.820833333333
Pulse experiments,pioreactor01,2026-09-14T17:10:59.182Z,0.01994140625,415,2026-09-14 22:55:59.182,1854.822222222222
Pulse experiments,pioreactor01,2026-09-14T17:10:59.190Z,0.15783203125,445,2026-09-14 22:55:59.190,1854.822222222222
Pulse experiments,pioreactor01,2026-09-14T17:10:59.199Z,0.17044921875,480,2026-09-14 22:55:59.199,1854.822222222222
Pulse experiments,pioreactor01,2026-09-14T17:10:59.204Z,0.199765625,515,2026-09-14 22:55:59.204,1854.822222222222
Pulse experiments,pioreactor01,2026-09-14T17:10:59.210Z,0.2311328125,555,2026-09-14 22:55:59.210,1854.822222222222
Pulse experiments,pioreactor01,2026-09-14T17:10:59.216Z,0.23068359375,590,2026-09-14 22:55:59.216,1854.822222222222
Pulse experiments,pioreactor01,2026-09-14T17:10:59.220Z,0.236640625,630,2026-09-14 22:55:59.220,1854.822222222222
Pulse experiments,pioreactor01,2026-09-14T17:10:59.228Z,0.123984375,680,2026-09-14 22:55:59.228,1854.822222222222
Pulse experiments,pioreactor01,2026-09-14T17:11:04.204Z,0.01994140625,415,2026-09-14 22:56:04.204,1854.823611111111
Pulse experiments,pioreactor01,2026-09-14T17:11:04.214Z,0.1578515625,445,2026-09-14 22:56:04.214,1854.823611111111
Pulse experiments,pioreactor01,2026-09-14T17:11:04.219Z,0.1705859375,480,2026-09-14 22:56:04.219,1854.823611111111
Pulse experiments,pioreactor01,2026-09-14T17:11:04.227Z,0.19939453125,515,2026-09-14 22:56:04.227,1854.823611111111
Pulse experiments,pioreactor01,2026-09-14T17:11:04.237Z,0.230703125,555,2026-09-14 22:56:04.237,1854.823611111111
Pulse experiments,pioreactor01,2026-09-14T17:11:04.247Z,0.22984375,590,2026-09-14 22:56:04.247,1854.823611111111
Pulse experiments,pioreactor01,2026-09-14T17:11:04.254Z,0.23578125,630,2026-09-14 22:56:04.254,1854.823611111111
Pulse experiments,pioreactor01,2026-09-14T17:11:04.261Z,0.123125,680,2026-09-14 22:56:04.261,1854.823611111111
Pulse experiments,pioreactor01,2026-09-14T17:11:09.227Z,0.019921875,415,2026-09-14 22:56:09.227,1854.825
Pulse experiments,pioreactor01,2026-09-14T17:11:09.238Z,0.15783203125,445,2026-09-14 22:56:09.238,1854.825
Pulse experiments,pioreactor01,2026-09-14T17:11:09.244Z,0.17068359375,480,2026-09-14 22:56:09.244,1854.825
Pulse experiments,pioreactor01,2026-09-14T17:11:09.252Z,0.1996484375,515,2026-09-14 22:56:09.252,1854.825
Pulse experiments,pioreactor01,2026-09-14T17:11:09.256Z,0.231171875,555,2026-09-14 22:56:09.256,1854.825
Pulse experiments,pioreactor01,2026-09-14T17:11:09.264Z,0.23044921875,590,2026-09-14 22:56:09.264,1854.825
Pulse experiments,pioreactor01,2026-09-14T17:11:09.271Z,0.23638671875,630,2026-09-14 22:56:09.271,1854.825
Pulse experiments,pioreactor01,2026-09-14T17:11:09.278Z,0.12353515625,680,2026-09-14 22:56:09.278,1854.825
Pulse experiments,pioreactor01,2026-09-14T17:11:14.238Z,0.0198828125,415,2026-09-14 22:56:14.238,1854.826388888889
Pulse experiments,pioreactor01,2026-09-14T17:11:14.244Z,0.15751953125,445,2026-09-14 22:56:14.244,1854.826388888889
Pulse experiments,pioreactor01,2026-09-14T17:11:14.255Z,0.17044921875,480,2026-09-14 22:56:14.255,1854.826388888889
Pulse experiments,pioreactor01,2026-09-14T17:11:14.261Z,0.1995703125,515,2026-09-14 22:56:14.261,1854.826388888889
Pulse experiments,pioreactor01,2026-09-14T17:11:14.272Z,0.23216796875,555,2026-09-14 22:56:14.272,1854.826388888889
Pulse experiments,pioreactor01,2026-09-14T17:11:14.287Z,0.231015625,590,2026-09-14 22:56:14.287,1854.826388888889
Pulse experiments,pioreactor01,2026-09-14T17:11:14.292Z,0.2371484375,630,2026-09-14 22:56:14.292,1854.826388888889
Pulse experiments,pioreactor01,2026-09-14T17:11:14.301Z,0.12427734375,680,2026-09-14 22:56:14.301,1854.826388888889
Pulse experiments,pioreactor01,2026-09-14T17:11:19.216Z,0.01998046875,415,2026-09-14 22:56:19.216,1854.827777777778
Pulse experiments,pioreactor01,2026-09-14T17:11:19.227Z,0.15796875,445,2026-09-14 22:56:19.227,1854.827777777778
Pulse experiments,pioreactor01,2026-09-14T17:11:19.238Z,0.170546875,480,2026-09-14 22:56:19.238,1854.827777777778
Pulse experiments,pioreactor01,2026-09-14T17:11:19.247Z,0.19990234375,515,2026-09-14 22:56:19.247,1854.827777777778
Pulse experiments,pioreactor01,2026-09-14T17:11:19.257Z,0.23103515625,555,2026-09-14 22:56:19.257,1854.827777777778
Pulse experiments,pioreactor01,2026-09-14T17:11:19.265Z,0.23015625,590,2026-09-14 22:56:19.265,1854.827777777778
Pulse experiments,pioreactor01,2026-09-14T17:11:19.284Z,0.23615234375,630,2026-09-14 22:56:19.284,1854.827777777778
Pulse experiments,pioreactor01,2026-09-14T17:11:19.291Z,0.12337890625,680,2026-09-14 22:56:19.291,1854.827777777778
Pulse experiments,pioreactor01,2026-09-14T17:11:24.218Z,0.02,415,2026-09-14 22:56:24.218,1854.829166666667
Pulse experiments,pioreactor01,2026-09-14T17:11:24.227Z,0.157890625,445,2026-09-14 22:56:24.227,1854.829166666667
Pulse experiments,pioreactor01,2026-09-14T17:11:24.235Z,0.1708984375,480,2026-09-14 22:56:24.235,1854.829166666667
Pulse experiments,pioreactor01,2026-09-14T17:11:24.242Z,0.20013671875,515,2026-09-14 22:56:24.242,1854.829166666667
Pulse experiments,pioreactor01,2026-09-14T17:11:24.253Z,0.23095703125,555,2026-09-14 22:56:24.253,1854.829166666667
Pulse experiments,pioreactor01,2026-09-14T17:11:24.259Z,0.2299609375,590,2026-09-14 22:56:24.259,1854.829166666667
Pulse experiments,pioreactor01,2026-09-14T17:11:24.266Z,0.23587890625,630,2026-09-14 22:56:24.266,1854.829166666667
Pulse experiments,pioreactor01,2026-09-14T17:11:24.275Z,0.1235546875,680,2026-09-14 22:56:24.275,1854.829166666667
Pulse experiments,pioreactor01,2026-09-14T17:11:29.209Z,0.02,415,2026-09-14 22:56:29.209,1854.830555555556
Pulse experiments,pioreactor01,2026-09-14T17:11:29.215Z,0.15822265625,445,2026-09-14 22:56:29.215,1854.830555555556
Pulse experiments,pioreactor01,2026-09-14T17:11:29.225Z,0.1712109375,480,2026-09-14 22:56:29.225,1854.830555555556
Pulse experiments,pioreactor01,2026-09-14T17:11:29.232Z,0.2005078125,515,2026-09-14 22:56:29.232,1854.830555555556
Pulse experiments,pioreactor01,2026-09-14T17:11:29.241Z,0.232109375,555,2026-09-14 22:56:29.241,1854.830555555556
Pulse experiments,pioreactor01,2026-09-14T17:11:29.248Z,0.2308984375,590,2026-09-14 22:56:29.248,1854.830555555556
Pulse experiments,pioreactor01,2026-09-14T17:11:29.255Z,0.236796875,630,2026-09-14 22:56:29.255,1854.830555555556
Pulse experiments,pioreactor01,2026-09-14T17:11:29.263Z,0.12416015625,680,2026-09-14 22:56:29.263,1854.830555555556
Pulse experiments,pioreactor01,2026-09-14T17:11:34.209Z,0.01998046875,415,2026-09-14 22:56:34.209,1854.831944444444
Pulse experiments,pioreactor01,2026-09-14T17:11:34.217Z,0.15845703125,445,2026-09-14 22:56:34.217,1854.831944444444
Pulse experiments,pioreactor01,2026-09-14T17:11:34.226Z,0.17154296875,480,2026-09-14 22:56:34.226,1854.831944444444
Pulse experiments,pioreactor01,2026-09-14T17:11:34.234Z,0.20064453125,515,2026-09-14 22:56:34.234,1854.831944444444
Pulse experiments,pioreactor01,2026-09-14T17:11:34.244Z,0.23189453125,555,2026-09-14 22:56:34.244,1854.831944444444
Pulse experiments,pioreactor01,2026-09-14T17:11:34.256Z,0.23091796875,590,2026-09-14 22:56:34.256,1854.831944444444
Pulse experiments,pioreactor01,2026-09-14T17:11:34.262Z,0.2369921875,630,2026-09-14 22:56:34.262,1854.831944444444
Pulse experiments,pioreactor01,2026-09-14T17:11:34.270Z,0.1240234375,680,2026-09-14 22:56:34.270,1854.831944444444
Pulse experiments,pioreactor01,2026-09-14T17:11:39.223Z,0.01994140625,415,2026-09-14 22:56:39.223,1854.833333333333
Pulse experiments,pioreactor01,2026-09-14T17:11:39.233Z,0.1581640625,445,2026-09-14 22:56:39.233,1854.833333333333
Pulse experiments,pioreactor01,2026-09-14T17:11:39.240Z,0.17134765625,480,2026-09-14 22:56:39.240,1854.833333333333
Pulse experiments,pioreactor01,2026-09-14T17:11:39.250Z,0.20048828125,515,2026-09-14 22:56:39.250,1854.833333333333
Pulse experiments,pioreactor01,2026-09-14T17:11:39.257Z,0.23197265625,555,2026-09-14 22:56:39.257,1854.833333333333
Pulse experiments,pioreactor01,2026-09-14T17:11:39.265Z,0.23109375,590,2026-09-14 22:56:39.265,1854.833333333333
Pulse experiments,pioreactor01,2026-09-14T17:11:39.276Z,0.23703125,630,2026-09-14 22:56:39.276,1854.833333333333
Pulse experiments,pioreactor01,2026-09-14T17:11:39.282Z,0.12416015625,680,2026-09-14 22:56:39.282,1854.833333333333
Pulse experiments,pioreactor01,2026-09-14T17:11:44.218Z,0.01998046875,415,2026-09-14 22:56:44.218,1854.834722222222
Pulse experiments,pioreactor01,2026-09-14T17:11:44.228Z,0.158203125,445,2026-09-14 22:56:44.228,1854.834722222222
Pulse experiments,pioreactor01,2026-09-14T17:11:44.232Z,0.17091796875,480,2026-09-14 22:56:44.232,1854.834722222222
Pulse experiments,pioreactor01,2026-09-14T17:11:44.243Z,0.2004296875,515,2026-09-14 22:56:44.243,1854.834722222222
Pulse experiments,pioreactor01,2026-09-14T17:11:44.249Z,0.23146484375,555,2026-09-14 22:56:44.249,1854.834722222222
Pulse experiments,pioreactor01,2026-09-14T17:11:44.256Z,0.230390625,590,2026-09-14 22:56:44.256,1854.834722222222
Pulse experiments,pioreactor01,2026-09-14T17:11:44.262Z,0.23619140625,630,2026-09-14 22:56:44.262,1854.834722222222
Pulse experiments,pioreactor01,2026-09-14T17:11:44.270Z,0.1234765625,680,2026-09-14 22:56:44.270,1854.834722222222
Pulse experiments,pioreactor01,2026-09-14T17:11:49.233Z,0.0199609375,415,2026-09-14 22:56:49.233,1854.836111111111
Pulse experiments,pioreactor01,2026-09-14T17:11:49.236Z,0.157734375,445,2026-09-14 22:56:49.236,1854.836111111111
Pulse experiments,pioreactor01,2026-09-14T17:11:49.245Z,0.17078125,480,2026-09-14 22:56:49.245,1854.836111111111
Pulse experiments,pioreactor01,2026-09-14T17:11:49.252Z,0.1999609375,515,2026-09-14 22:56:49.252,1854.836111111111
Pulse experiments,pioreactor01,2026-09-14T17:11:49.265Z,0.23216796875,555,2026-09-14 22:56:49.265,1854.836111111111
Pulse experiments,pioreactor01,2026-09-14T17:11:49.271Z,0.2309765625,590,2026-09-14 22:56:49.271,1854.836111111111
Pulse experiments,pioreactor01,2026-09-14T17:11:49.279Z,0.236640625,630,2026-09-14 22:56:49.279,1854.836111111111
Pulse experiments,pioreactor01,2026-09-14T17:11:49.288Z,0.124296875,680,2026-09-14 22:56:49.288,1854.836111111111
Pulse experiments,pioreactor01,2026-09-14T17:11:54.236Z,0.0200390625,415,2026-09-14 22:56:54.236,1854.8375
Pulse experiments,pioreactor01,2026-09-14T17:11:54.245Z,0.15822265625,445,2026-09-14 22:56:54.245,1854.8375
Pulse experiments,pioreactor01,2026-09-14T17:11:54.252Z,0.17138671875,480,2026-09-14 22:56:54.252,1854.8375
Pulse experiments,pioreactor01,2026-09-14T17:11:54.259Z,0.20080078125,515,2026-09-14 22:56:54.259,1854.8375
Pulse experiments,pioreactor01,2026-09-14T17:11:54.268Z,0.23212890625,555,2026-09-14 22:56:54.268,1854.8375
Pulse experiments,pioreactor01,2026-09-14T17:11:54.278Z,0.2310546875,590,2026-09-14 22:56:54.278,1854.8375
Pulse experiments,pioreactor01,2026-09-14T17:11:54.289Z,0.23712890625,630,2026-09-14 22:56:54.289,1854.8375
Pulse experiments,pioreactor01,2026-09-14T17:11:54.297Z,0.12419921875,680,2026-09-14 22:56:54.297,1854.8375
Pulse experiments,pioreactor01,2026-09-14T17:11:59.228Z,0.0199609375,415,2026-09-14 22:56:59.228,1854.838888888889
Pulse experiments,pioreactor01,2026-09-14T17:11:59.239Z,0.15791015625,445,2026-09-14 22:56:59.239,1854.838888888889
Pulse experiments,pioreactor01,2026-09-14T17:11:59.241Z,0.17099609375,480,2026-09-14 22:56:59.241,1854.838888888889
Pulse experiments,pioreactor01,2026-09-14T17:11:59.248Z,0.20025390625,515,2026-09-14 22:56:59.248,1854.838888888889
Pulse experiments,pioreactor01,2026-09-14T17:11:59.256Z,0.23111328125,555,2026-09-14 22:56:59.256,1854.838888888889
Pulse experiments,pioreactor01,2026-09-14T17:11:59.266Z,0.22970703125,590,2026-09-14 22:56:59.266,1854.838888888889
Pulse experiments,pioreactor01,2026-09-14T17:11:59.278Z,0.2357421875,630,2026-09-14 22:56:59.278,1854.838888888889
Pulse experiments,pioreactor01,2026-09-14T17:11:59.282Z,0.12337890625,680,2026-09-14 22:56:59.282,1854.838888888889
Pulse experiments,pioreactor01,2026-09-14T17:12:04.208Z,0.019921875,415,2026-09-14 22:57:04.208,1854.840277777778
Pulse experiments,pioreactor01,2026-09-14T17:12:04.217Z,0.1580078125,445,2026-09-14 22:57:04.217,1854.840277777778
Pulse experiments,pioreactor01,2026-09-14T17:12:04.225Z,0.171015625,480,2026-09-14 22:57:04.225,1854.840277777778
Pulse experiments,pioreactor01,2026-09-14T17:12:04.232Z,0.20048828125,515,2026-09-14 22:57:04.232,1854.840277777778
Pulse experiments,pioreactor01,2026-09-14T17:12:04.240Z,0.23119140625,555,2026-09-14 22:57:04.240,1854.840277777778
Pulse experiments,pioreactor01,2026-09-14T17:12:04.247Z,0.22984375,590,2026-09-14 22:57:04.247,1854.840277777778
Pulse experiments,pioreactor01,2026-09-14T17:12:04.254Z,0.235859375,630,2026-09-14 22:57:04.254,1854.840277777778
Pulse experiments,pioreactor01,2026-09-14T17:12:04.261Z,0.1233984375,680,2026-09-14 22:57:04.261,1854.840277777778
Pulse experiments,pioreactor01,2026-09-14T17:12:09.223Z,0.02001953125,415,2026-09-14 22:57:09.223,1854.841666666667
Pulse experiments,pioreactor01,2026-09-14T17:12:09.233Z,0.1583203125,445,2026-09-14 22:57:09.233,1854.841666666667
Pulse experiments,pioreactor01,2026-09-14T17:12:09.251Z,0.1717578125,480,2026-09-14 22:57:09.251,1854.841666666667
Pulse experiments,pioreactor01,2026-09-14T17:12:09.253Z,0.20109375,515,2026-09-14 22:57:09.253,1854.841666666667
Pulse experiments,pioreactor01,2026-09-14T17:12:09.266Z,0.2326171875,555,2026-09-14 22:57:09.266,1854.841666666667
Pulse experiments,pioreactor01,2026-09-14T17:12:09.274Z,0.23107421875,590,2026-09-14 22:57:09.274,1854.841666666667
Pulse experiments,pioreactor01,2026-09-14T17:12:09.282Z,0.23705078125,630,2026-09-14 22:57:09.282,1854.841666666667
Pulse experiments,pioreactor01,2026-09-14T17:12:09.290Z,0.12431640625,680,2026-09-14 22:57:09.290,1854.841666666667
Pulse experiments,pioreactor01,2026-09-14T17:12:14.222Z,0.02001953125,415,2026-09-14 22:57:14.222,1854.843055555556
Pulse experiments,pioreactor01,2026-09-14T17:12:14.234Z,0.15826171875,445,2026-09-14 22:57:14.234,1854.843055555556
Pulse experiments,pioreactor01,2026-09-14T17:12:14.242Z,0.17140625,480,2026-09-14 22:57:14.242,1854.843055555556
Pulse experiments,pioreactor01,2026-09-14T17:12:14.250Z,0.2008984375,515,2026-09-14 22:57:14.250,1854.843055555556
Pulse experiments,pioreactor01,2026-09-14T17:12:14.263Z,0.23216796875,555,2026-09-14 22:57:14.263,1854.843055555556
Pulse experiments,pioreactor01,2026-09-14T17:12:14.267Z,0.23095703125,590,2026-09-14 22:57:14.267,1854.843055555556
Pulse experiments,pioreactor01,2026-09-14T17:12:14.277Z,0.23689453125,630,2026-09-14 22:57:14.277,1854.843055555556
Pulse experiments,pioreactor01,2026-09-14T17:12:14.291Z,0.12416015625,680,2026-09-14 22:57:14.291,1854.843055555556
Pulse experiments,pioreactor01,2026-09-14T17:12:19.220Z,0.019921875,415,2026-09-14 22:57:19.220,1854.844444444444
Pulse experiments,pioreactor01,2026-09-14T17:12:19.235Z,0.1574609375,445,2026-09-14 22:57:19.235,1854.844444444444
Pulse experiments,pioreactor01,2026-09-14T17:12:19.244Z,0.170546875,480,2026-09-14 22:57:19.244,1854.844444444444
Pulse experiments,pioreactor01,2026-09-14T17:12:19.250Z,0.19984375,515,2026-09-14 22:57:19.250,1854.844444444444
Pulse experiments,pioreactor01,2026-09-14T17:12:19.263Z,0.23083984375,555,2026-09-14 22:57:19.263,1854.844444444444
Pulse experiments,pioreactor01,2026-09-14T17:12:19.271Z,0.2296484375,590,2026-09-14 22:57:19.271,1854.844444444444
Pulse experiments,pioreactor01,2026-09-14T17:12:19.277Z,0.2352734375,630,2026-09-14 22:57:19.277,1854.844444444444
Pulse experiments,pioreactor01,2026-09-14T17:12:19.283Z,0.12322265625,680,2026-09-14 22:57:19.283,1854.844444444444
Pulse experiments,pioreactor01,2026-09-14T17:12:24.236Z,0.01990234375,415,2026-09-14 22:57:24.236,1854.845833333333
Pulse experiments,pioreactor01,2026-09-14T17:12:24.246Z,0.15783203125,445,2026-09-14 22:57:24.246,1854.845833333333
Pulse experiments,pioreactor01,2026-09-14T17:12:24.259Z,0.170859375,480,2026-09-14 22:57:24.259,1854.845833333333
Pulse experiments,pioreactor01,2026-09-14T17:12:24.269Z,0.20009765625,515,2026-09-14 22:57:24.269,1854.845833333333
Pulse experiments,pioreactor01,2026-09-14T17:12:24.273Z,0.23177734375,555,2026-09-14 22:57:24.273,1854.845833333333
Pulse experiments,pioreactor01,2026-09-14T17:12:24.290Z,0.23046875,590,2026-09-14 22:57:24.290,1854.845833333333
Pulse experiments,pioreactor01,2026-09-14T17:12:24.294Z,0.23623046875,630,2026-09-14 22:57:24.294,1854.845833333333
Pulse experiments,pioreactor01,2026-09-14T17:12:24.307Z,0.12365234375,680,2026-09-14 22:57:24.307,1854.845833333333
Pulse experiments,pioreactor01,2026-09-14T17:12:29.226Z,0.02001953125,415,2026-09-14 22:57:29.226,1854.847222222222
Pulse experiments,pioreactor01,2026-09-14T17:12:29.237Z,0.15814453125,445,2026-09-14 22:57:29.237,1854.847222222222
Pulse experiments,pioreactor01,2026-09-14T17:12:29.241Z,0.17146484375,480,2026-09-14 22:57:29.241,1854.847222222222
Pulse experiments,pioreactor01,2026-09-14T17:12:29.255Z,0.2009375,515,2026-09-14 22:57:29.255,1854.847222222222
Pulse experiments,pioreactor01,2026-09-14T17:12:29.258Z,0.23169921875,555,2026-09-14 22:57:29.258,1854.847222222222
Pulse experiments,pioreactor01,2026-09-14T17:12:29.264Z,0.230390625,590,2026-09-14 22:57:29.264,1854.847222222222
Pulse experiments,pioreactor01,2026-09-14T17:12:29.268Z,0.23623046875,630,2026-09-14 22:57:29.268,1854.847222222222
Pulse experiments,pioreactor01,2026-09-14T17:12:29.276Z,0.1238671875,680,2026-09-14 22:57:29.276,1854.847222222222
Pulse experiments,pioreactor01,2026-09-14T17:12:34.220Z,0.01994140625,415,2026-09-14 22:57:34.220,1854.848611111111
Pulse experiments,pioreactor01,2026-09-14T17:12:34.227Z,0.1578125,445,2026-09-14 22:57:34.227,1854.848611111111
Pulse experiments,pioreactor01,2026-09-14T17:12:34.236Z,0.17107421875,480,2026-09-14 22:57:34.236,1854.848611111111
Pulse experiments,pioreactor01,2026-09-14T17:12:34.245Z,0.2005859375,515,2026-09-14 22:57:34.245,1854.848611111111
Pulse experiments,pioreactor01,2026-09-14T17:12:34.253Z,0.23140625,555,2026-09-14 22:57:34.253,1854.848611111111
Pulse experiments,pioreactor01,2026-09-14T17:12:34.262Z,0.23017578125,590,2026-09-14 22:57:34.262,1854.848611111111
Pulse experiments,pioreactor01,2026-09-14T17:12:34.269Z,0.23587890625,630,2026-09-14 22:57:34.269,1854.848611111111
Pulse experiments,pioreactor01,2026-09-14T17:12:34.276Z,0.123515625,680,2026-09-14 22:57:34.276,1854.848611111111
Pulse experiments,pioreactor01,2026-09-14T17:12:39.230Z,0.0199609375,415,2026-09-14 22:57:39.230,1854.85
Pulse experiments,pioreactor01,2026-09-14T17:12:39.242Z,0.15775390625,445,2026-09-14 22:57:39.242,1854.85
Pulse experiments,pioreactor01,2026-09-14T17:12:39.250Z,0.17087890625,480,2026-09-14 22:57:39.250,1854.85
Pulse experiments,pioreactor01,2026-09-14T17:12:39.257Z,0.2002734375,515,2026-09-14 22:57:39.257,1854.85
Pulse experiments,pioreactor01,2026-09-14T17:12:39.266Z,0.23125,555,2026-09-14 22:57:39.266,1854.85
Pulse experiments,pioreactor01,2026-09-14T17:12:39.272Z,0.2296875,590,2026-09-14 22:57:39.272,1854.85
Pulse experiments,pioreactor01,2026-09-14T17:12:39.281Z,0.235625,630,2026-09-14 22:57:39.281,1854.85
Pulse experiments,pioreactor01,2026-09-14T17:12:39.294Z,0.12349609375,680,2026-09-14 22:57:39.294,1854.85
Pulse experiments,pioreactor01,2026-09-14T17:12:44.227Z,0.02009765625,415,2026-09-14 22:57:44.227,1854.851388888889
Pulse experiments,pioreactor01,2026-09-14T17:12:44.235Z,0.1585546875,445,2026-09-14 22:57:44.235,1854.851388888889
Pulse experiments,pioreactor01,2026-09-14T17:12:44.245Z,0.17203125,480,2026-09-14 22:57:44.245,1854.851388888889
Pulse experiments,pioreactor01,2026-09-14T17:12:44.251Z,0.2016015625,515,2026-09-14 22:57:44.251,1854.851388888889
Pulse experiments,pioreactor01,2026-09-14T17:12:44.257Z,0.23244140625,555,2026-09-14 22:57:44.257,1854.851388888889
Pulse experiments,pioreactor01,2026-09-14T17:12:44.267Z,0.2306640625,590,2026-09-14 22:57:44.267,1854.851388888889
Pulse experiments,pioreactor01,2026-09-14T17:12:44.274Z,0.23669921875,630,2026-09-14 22:57:44.274,1854.851388888889
Pulse experiments,pioreactor01,2026-09-14T17:12:44.285Z,0.12412109375,680,2026-09-14 22:57:44.285,1854.851388888889
Pulse experiments,pioreactor01,2026-09-14T17:12:49.245Z,0.0198828125,415,2026-09-14 22:57:49.245,1854.852777777778
Pulse experiments,pioreactor01,2026-09-14T17:12:49.254Z,0.1577734375,445,2026-09-14 22:57:49.254,1854.852777777778
Pulse experiments,pioreactor01,2026-09-14T17:12:49.261Z,0.17080078125,480,2026-09-14 22:57:49.261,1854.852777777778
Pulse experiments,pioreactor01,2026-09-14T17:12:49.270Z,0.200390625,515,2026-09-14 22:57:49.270,1854.852777777778
Pulse experiments,pioreactor01,2026-09-14T17:12:49.276Z,0.231953125,555,2026-09-14 22:57:49.276,1854.852777777778
Pulse experiments,pioreactor01,2026-09-14T17:12:49.282Z,0.23060546875,590,2026-09-14 22:57:49.282,1854.852777777778
Pulse experiments,pioreactor01,2026-09-14T17:12:49.289Z,0.2362890625,630,2026-09-14 22:57:49.289,1854.852777777778
Pulse experiments,pioreactor01,2026-09-14T17:12:49.296Z,0.123671875,680,2026-09-14 22:57:49.296,1854.852777777778
Pulse experiments,pioreactor01,2026-09-14T17:12:54.250Z,0.02,415,2026-09-14 22:57:54.250,1854.854166666667
Pulse experiments,pioreactor01,2026-09-14T17:12:54.257Z,0.1583203125,445,2026-09-14 22:57:54.257,1854.854166666667
Pulse experiments,pioreactor01,2026-09-14T17:12:54.266Z,0.17138671875,480,2026-09-14 22:57:54.266,1854.854166666667
Pulse experiments,pioreactor01,2026-09-14T17:12:54.277Z,0.20091796875,515,2026-09-14 22:57:54.277,1854.854166666667
Pulse experiments,pioreactor01,2026-09-14T17:12:54.284Z,0.23232421875,555,2026-09-14 22:57:54.284,1854.854166666667
Pulse experiments,pioreactor01,2026-09-14T17:12:54.291Z,0.23099609375,590,2026-09-14 22:57:54.291,1854.854166666667
Pulse experiments,pioreactor01,2026-09-14T17:12:54.300Z,0.23658203125,630,2026-09-14 22:57:54.300,1854.854166666667
Pulse experiments,pioreactor01,2026-09-14T17:12:54.316Z,0.1240625,680,2026-09-14 22:57:54.316,1854.854166666667
Pulse experiments,pioreactor01,2026-09-14T17:12:59.221Z,0.02,415,2026-09-14 22:57:59.221,1854.855555555556
Pulse experiments,pioreactor01,2026-09-14T17:12:59.231Z,0.15794921875,445,2026-09-14 22:57:59.231,1854.855555555556
Pulse experiments,pioreactor01,2026-09-14T17:12:59.237Z,0.17140625,480,2026-09-14 22:57:59.237,1854.855555555556
Pulse experiments,pioreactor01,2026-09-14T17:12:59.243Z,0.2008984375,515,2026-09-14 22:57:59.243,1854.855555555556
Pulse experiments,pioreactor01,2026-09-14T17:12:59.250Z,0.23146484375,555,2026-09-14 22:57:59.250,1854.855555555556
Pulse experiments,pioreactor01,2026-09-14T17:12:59.260Z,0.23,590,2026-09-14 22:57:59.260,1854.855555555556
Pulse experiments,pioreactor01,2026-09-14T17:12:59.265Z,0.2358203125,630,2026-09-14 22:57:59.265,1854.855555555556
Pulse experiments,pioreactor01,2026-09-14T17:12:59.272Z,0.1233203125,680,2026-09-14 22:57:59.272,1854.855555555556
Pulse experiments,pioreactor01,2026-09-14T17:13:04.236Z,0.02005859375,415,2026-09-14 22:58:04.236,1854.856944444444
Pulse experiments,pioreactor01,2026-09-14T17:13:04.247Z,0.15865234375,445,2026-09-14 22:58:04.247,1854.856944444444
Pulse experiments,pioreactor01,2026-09-14T17:13:04.259Z,0.17205078125,480,2026-09-14 22:58:04.259,1854.856944444444
Pulse experiments,pioreactor01,2026-09-14T17:13:04.269Z,0.201796875,515,2026-09-14 22:58:04.269,1854.856944444444
Pulse experiments,pioreactor01,2026-09-14T17:13:04.279Z,0.23296875,555,2026-09-14 22:58:04.279,1854.856944444444
Pulse experiments,pioreactor01,2026-09-14T17:13:04.289Z,0.231328125,590,2026-09-14 22:58:04.289,1854.856944444444
Pulse experiments,pioreactor01,2026-09-14T17:13:04.297Z,0.23705078125,630,2026-09-14 22:58:04.297,1854.856944444444
Pulse experiments,pioreactor01,2026-09-14T17:13:04.301Z,0.1242578125,680,2026-09-14 22:58:04.301,1854.856944444444
Pulse experiments,pioreactor01,2026-09-14T17:13:09.218Z,0.01998046875,415,2026-09-14 22:58:09.218,1854.858333333333
Pulse experiments,pioreactor01,2026-09-14T17:13:09.225Z,0.15830078125,445,2026-09-14 22:58:09.225,1854.858333333333
Pulse experiments,pioreactor01,2026-09-14T17:13:09.233Z,0.1716796875,480,2026-09-14 22:58:09.233,1854.858333333333
Pulse experiments,pioreactor01,2026-09-14T17:13:09.240Z,0.20125,515,2026-09-14 22:58:09.240,1854.858333333333
Pulse experiments,pioreactor01,2026-09-14T17:13:09.243Z,0.2325390625,555,2026-09-14 22:58:09.243,1854.858333333333
Pulse experiments,pioreactor01,2026-09-14T17:13:09.251Z,0.23080078125,590,2026-09-14 22:58:09.251,1854.858333333333
Pulse experiments,pioreactor01,2026-09-14T17:13:09.261Z,0.236796875,630,2026-09-14 22:58:09.261,1854.858333333333
Pulse experiments,pioreactor01,2026-09-14T17:13:09.269Z,0.12392578125,680,2026-09-14 22:58:09.269,1854.858333333333
Pulse experiments,pioreactor01,2026-09-14T17:13:14.223Z,0.02,415,2026-09-14 22:58:14.223,1854.859722222222
Pulse experiments,pioreactor01,2026-09-14T17:13:14.230Z,0.15822265625,445,2026-09-14 22:58:14.230,1854.859722222222
Pulse experiments,pioreactor01,2026-09-14T17:13:14.247Z,0.17185546875,480,2026-09-14 22:58:14.247,1854.859722222222
Pulse experiments,pioreactor01,2026-09-14T17:13:14.257Z,0.201171875,515,2026-09-14 22:58:14.257,1854.859722222222
Pulse experiments,pioreactor01,2026-09-14T17:13:14.266Z,0.23234375,555,2026-09-14 22:58:14.266,1854.859722222222
Pulse experiments,pioreactor01,2026-09-14T17:13:14.275Z,0.2303515625,590,2026-09-14 22:58:14.275,1854.859722222222
Pulse experiments,pioreactor01,2026-09-14T17:13:14.284Z,0.2364453125,630,2026-09-14 22:58:14.284,1854.859722222222
Pulse experiments,pioreactor01,2026-09-14T17:13:14.296Z,0.123984375,680,2026-09-14 22:58:14.296,1854.859722222222
Pulse experiments,pioreactor01,2026-09-14T17:13:19.236Z,0.01998046875,415,2026-09-14 22:58:19.236,1854.861111111111
Pulse experiments,pioreactor01,2026-09-14T17:13:19.248Z,0.15826171875,445,2026-09-14 22:58:19.248,1854.861111111111
Pulse experiments,pioreactor01,2026-09-14T17:13:19.260Z,0.17162109375,480,2026-09-14 22:58:19.260,1854.861111111111
Pulse experiments,pioreactor01,2026-09-14T17:13:19.272Z,0.20126953125,515,2026-09-14 22:58:19.272,1854.861111111111
Pulse experiments,pioreactor01,2026-09-14T17:13:19.282Z,0.2322265625,555,2026-09-14 22:58:19.282,1854.861111111111
Pulse experiments,pioreactor01,2026-09-14T17:13:19.298Z,0.2303515625,590,2026-09-14 22:58:19.298,1854.861111111111
Pulse experiments,pioreactor01,2026-09-14T17:13:19.307Z,0.2365234375,630,2026-09-14 22:58:19.307,1854.861111111111
Pulse experiments,pioreactor01,2026-09-14T17:13:19.321Z,0.12376953125,680,2026-09-14 22:58:19.321,1854.861111111111
Pulse experiments,pioreactor01,2026-09-14T17:13:24.238Z,0.0199609375,415,2026-09-14 22:58:24.238,1854.8625
Pulse experiments,pioreactor01,2026-09-14T17:13:24.247Z,0.1583203125,445,2026-09-14 22:58:24.247,1854.8625
Pulse experiments,pioreactor01,2026-09-14T17:13:24.261Z,0.171484375,480,2026-09-14 22:58:24.261,1854.8625
Pulse experiments,pioreactor01,2026-09-14T17:13:24.269Z,0.20103515625,515,2026-09-14 22:58:24.269,1854.8625
Pulse experiments,pioreactor01,2026-09-14T17:13:24.276Z,0.23201171875,555,2026-09-14 22:58:24.276,1854.8625
Pulse experiments,pioreactor01,2026-09-14T17:13:24.287Z,0.2301171875,590,2026-09-14 22:58:24.287,1854.8625
Pulse experiments,pioreactor01,2026-09-14T17:13:24.299Z,0.2359765625,630,2026-09-14 22:58:24.299,1854.8625
Pulse experiments,pioreactor01,2026-09-14T17:13:24.308Z,0.12369140625,680,2026-09-14 22:58:24.308,1854.8625
Pulse experiments,pioreactor01,2026-09-14T17:13:29.222Z,0.02,415,2026-09-14 22:58:29.222,1854.863888888889
Pulse experiments,pioreactor01,2026-09-14T17:13:29.233Z,0.15826171875,445,2026-09-14 22:58:29.233,1854.863888888889
Pulse experiments,pioreactor01,2026-09-14T17:13:29.240Z,0.1717578125,480,2026-09-14 22:58:29.240,1854.863888888889
Pulse experiments,pioreactor01,2026-09-14T17:13:29.247Z,0.2012109375,515,2026-09-14 22:58:29.247,1854.863888888889
Pulse experiments,pioreactor01,2026-09-14T17:13:29.254Z,0.23220703125,555,2026-09-14 22:58:29.254,1854.863888888889
Pulse experiments,pioreactor01,2026-09-14T17:13:29.263Z,0.23037109375,590,2026-09-14 22:58:29.263,1854.863888888889
Pulse experiments,pioreactor01,2026-09-14T17:13:29.278Z,0.2365234375,630,2026-09-14 22:58:29.278,1854.863888888889
Pulse experiments,pioreactor01,2026-09-14T17:13:29.282Z,0.1240625,680,2026-09-14 22:58:29.282,1854.863888888889
Pulse experiments,pioreactor01,2026-09-14T17:13:34.239Z,0.0199609375,415,2026-09-14 22:58:34.239,1854.865277777778
Pulse experiments,pioreactor01,2026-09-14T17:13:34.245Z,0.15822265625,445,2026-09-14 22:58:34.245,1854.865277777778
Pulse experiments,pioreactor01,2026-09-14T17:13:34.254Z,0.1712890625,480,2026-09-14 22:58:34.254,1854.865277777778
Pulse experiments,pioreactor01,2026-09-14T17:13:34.260Z,0.20080078125,515,2026-09-14 22:58:34.260,1854.865277777778
Pulse experiments,pioreactor01,2026-09-14T17:13:34.272Z,0.23314453125,555,2026-09-14 22:58:34.272,1854.865277777778
Pulse experiments,pioreactor01,2026-09-14T17:13:34.274Z,0.23109375,590,2026-09-14 22:58:34.274,1854.865277777778
Pulse experiments,pioreactor01,2026-09-14T17:13:34.283Z,0.23728515625,630,2026-09-14 22:58:34.283,1854.865277777778
Pulse experiments,pioreactor01,2026-09-14T17:13:34.293Z,0.1242578125,680,2026-09-14 22:58:34.293,1854.865277777778
Pulse experiments,pioreactor01,2026-09-14T17:13:39.224Z,0.0199609375,415,2026-09-14 22:58:39.224,1854.866666666667
Pulse experiments,pioreactor01,2026-09-14T17:13:39.231Z,0.15802734375,445,2026-09-14 22:58:39.231,1854.866666666667
Pulse experiments,pioreactor01,2026-09-14T17:13:39.239Z,0.1711328125,480,2026-09-14 22:58:39.239,1854.866666666667
Pulse experiments,pioreactor01,2026-09-14T17:13:39.246Z,0.2006640625,515,2026-09-14 22:58:39.246,1854.866666666667
Pulse experiments,pioreactor01,2026-09-14T17:13:39.257Z,0.23171875,555,2026-09-14 22:58:39.257,1854.866666666667
Pulse experiments,pioreactor01,2026-09-14T17:13:39.276Z,0.23021484375,590,2026-09-14 22:58:39.276,1854.866666666667
Pulse experiments,pioreactor01,2026-09-14T17:13:39.283Z,0.2359765625,630,2026-09-14 22:58:39.283,1854.866666666667
Pulse experiments,pioreactor01,2026-09-14T17:13:39.292Z,0.12365234375,680,2026-09-14 22:58:39.292,1854.866666666667
Pulse experiments,pioreactor01,2026-09-14T17:13:44.210Z,0.02001953125,415,2026-09-14 22:58:44.210,1854.868055555556
Pulse experiments,pioreactor01,2026-09-14T17:13:44.218Z,0.15841796875,445,2026-09-14 22:58:44.218,1854.868055555556
Pulse experiments,pioreactor01,2026-09-14T17:13:44.226Z,0.17208984375,480,2026-09-14 22:58:44.226,1854.868055555556
Pulse experiments,pioreactor01,2026-09-14T17:13:44.234Z,0.20138671875,515,2026-09-14 22:58:44.234,1854.868055555556
Pulse experiments,pioreactor01,2026-09-14T17:13:44.241Z,0.23240234375,555,2026-09-14 22:58:44.241,1854.868055555556
Pulse experiments,pioreactor01,2026-09-14T17:13:44.250Z,0.23037109375,590,2026-09-14 22:58:44.250,1854.868055555556
Pulse experiments,pioreactor01,2026-09-14T17:13:44.258Z,0.23662109375,630,2026-09-14 22:58:44.258,1854.868055555556
Pulse experiments,pioreactor01,2026-09-14T17:13:44.265Z,0.12404296875,680,2026-09-14 22:58:44.265,1854.868055555556
Pulse experiments,pioreactor01,2026-09-14T17:13:49.219Z,0.01998046875,415,2026-09-14 22:58:49.219,1854.869444444445
Pulse experiments,pioreactor01,2026-09-14T17:13:49.225Z,0.158046875,445,2026-09-14 22:58:49.225,1854.869444444445
Pulse experiments,pioreactor01,2026-09-14T17:13:49.231Z,0.1716796875,480,2026-09-14 22:58:49.231,1854.869444444445
Pulse experiments,pioreactor01,2026-09-14T17:13:49.239Z,0.20111328125,515,2026-09-14 22:58:49.239,1854.869444444445
Pulse experiments,pioreactor01,2026-09-14T17:13:49.246Z,0.23255859375,555,2026-09-14 22:58:49.246,1854.869444444445
Pulse experiments,pioreactor01,2026-09-14T17:13:49.254Z,0.23087890625,590,2026-09-14 22:58:49.254,1854.869444444445
Pulse experiments,pioreactor01,2026-09-14T17:13:49.259Z,0.23677734375,630,2026-09-14 22:58:49.259,1854.869444444445
Pulse experiments,pioreactor01,2026-09-14T17:13:49.267Z,0.123984375,680,2026-09-14 22:58:49.267,1854.869444444445
Pulse experiments,pioreactor01,2026-09-14T17:13:54.220Z,0.02005859375,415,2026-09-14 22:58:54.220,1854.870833333333
Pulse experiments,pioreactor01,2026-09-14T17:13:54.226Z,0.1590625,445,2026-09-14 22:58:54.226,1854.870833333333
Pulse experiments,pioreactor01,2026-09-14T17:13:54.238Z,0.17259765625,480,2026-09-14 22:58:54.238,1854.870833333333
Pulse experiments,pioreactor01,2026-09-14T17:13:54.243Z,0.2023046875,515,2026-09-14 22:58:54.243,1854.870833333333
Pulse experiments,pioreactor01,2026-09-14T17:13:54.253Z,0.23337890625,555,2026-09-14 22:58:54.253,1854.870833333333
Pulse experiments,pioreactor01,2026-09-14T17:13:54.267Z,0.2310546875,590,2026-09-14 22:58:54.267,1854.870833333333
Pulse experiments,pioreactor01,2026-09-14T17:13:54.275Z,0.23712890625,630,2026-09-14 22:58:54.275,1854.870833333333
Pulse experiments,pioreactor01,2026-09-14T17:13:54.287Z,0.124375,680,2026-09-14 22:58:54.287,1854.870833333333
Pulse experiments,pioreactor01,2026-09-14T17:13:59.220Z,0.02,415,2026-09-14 22:58:59.220,1854.872222222222
Pulse experiments,pioreactor01,2026-09-14T17:13:59.226Z,0.158515625,445,2026-09-14 22:58:59.226,1854.872222222222
Pulse experiments,pioreactor01,2026-09-14T17:13:59.231Z,0.172265625,480,2026-09-14 22:58:59.231,1854.872222222222
Pulse experiments,pioreactor01,2026-09-14T17:13:59.241Z,0.2016796875,515,2026-09-14 22:58:59.241,1854.872222222222
Pulse experiments,pioreactor01,2026-09-14T17:13:59.251Z,0.23216796875,555,2026-09-14 22:58:59.251,1854.872222222222
Pulse experiments,pioreactor01,2026-09-14T17:13:59.261Z,0.23033203125,590,2026-09-14 22:58:59.261,1854.872222222222
Pulse experiments,pioreactor01,2026-09-14T17:13:59.267Z,0.236484375,630,2026-09-14 22:58:59.267,1854.872222222222
Pulse experiments,pioreactor01,2026-09-14T17:13:59.276Z,0.12380859375,680,2026-09-14 22:58:59.276,1854.872222222222
Pulse experiments,pioreactor01,2026-09-14T17:14:04.239Z,0.02001953125,415,2026-09-14 22:59:04.239,1854.873611111111
Pulse experiments,pioreactor01,2026-09-14T17:14:04.247Z,0.1584765625,445,2026-09-14 22:59:04.247,1854.873611111111
Pulse experiments,pioreactor01,2026-09-14T17:14:04.253Z,0.1721484375,480,2026-09-14 22:59:04.253,1854.873611111111
Pulse experiments,pioreactor01,2026-09-14T17:14:04.259Z,0.20171875,515,2026-09-14 22:59:04.259,1854.873611111111
Pulse experiments,pioreactor01,2026-09-14T17:14:04.267Z,0.23220703125,555,2026-09-14 22:59:04.267,1854.873611111111
Pulse experiments,pioreactor01,2026-09-14T17:14:04.277Z,0.230078125,590,2026-09-14 22:59:04.277,1854.873611111111
Pulse experiments,pioreactor01,2026-09-14T17:14:04.283Z,0.23615234375,630,2026-09-14 22:59:04.283,1854.873611111111
Pulse experiments,pioreactor01,2026-09-14T17:14:04.291Z,0.1237109375,680,2026-09-14 22:59:04.291,1854.873611111111
Pulse experiments,pioreactor01,2026-09-14T17:14:09.218Z,0.02005859375,415,2026-09-14 22:59:09.218,1854.875
Pulse experiments,pioreactor01,2026-09-14T17:14:09.230Z,0.158984375,445,2026-09-14 22:59:09.230,1854.875
Pulse experiments,pioreactor01,2026-09-14T17:14:09.249Z,0.172578125,480,2026-09-14 22:59:09.249,1854.875
Pulse experiments,pioreactor01,2026-09-14T17:14:09.258Z,0.20234375,515,2026-09-14 22:59:09.258,1854.875
Pulse experiments,pioreactor01,2026-09-14T17:14:09.268Z,0.23171875,555,2026-09-14 22:59:09.268,1854.875
Pulse experiments,pioreactor01,2026-09-14T17:14:09.281Z,0.22962890625,590,2026-09-14 22:59:09.281,1854.875
Pulse experiments,pioreactor01,2026-09-14T17:14:09.290Z,0.2356640625,630,2026-09-14 22:59:09.290,1854.875
Pulse experiments,pioreactor01,2026-09-14T17:14:09.305Z,0.12345703125,680,2026-09-14 22:59:09.305,1854.875
Pulse experiments,pioreactor01,2026-09-14T17:14:14.231Z,0.0200390625,415,2026-09-14 22:59:14.231,1854.876388888889
Pulse experiments,pioreactor01,2026-09-14T17:14:14.238Z,0.15857421875,445,2026-09-14 22:59:14.238,1854.876388888889
Pulse experiments,pioreactor01,2026-09-14T17:14:14.246Z,0.17208984375,480,2026-09-14 22:59:14.246,1854.876388888889
Pulse experiments,pioreactor01,2026-09-14T17:14:14.260Z,0.20166015625,515,2026-09-14 22:59:14.260,1854.876388888889
Pulse experiments,pioreactor01,2026-09-14T17:14:14.270Z,0.232578125,555,2026-09-14 22:59:14.270,1854.876388888889
Pulse experiments,pioreactor01,2026-09-14T17:14:14.272Z,0.2308203125,590,2026-09-14 22:59:14.272,1854.876388888889
Pulse experiments,pioreactor01,2026-09-14T17:14:14.282Z,0.236640625,630,2026-09-14 22:59:14.282,1854.876388888889
Pulse experiments,pioreactor01,2026-09-14T17:14:14.283Z,0.12404296875,680,2026-09-14 22:59:14.283,1854.876388888889
Pulse experiments,pioreactor01,2026-09-14T17:14:19.256Z,0.0200390625,415,2026-09-14 22:59:19.256,1854.877777777778
Pulse experiments,pioreactor01,2026-09-14T17:14:19.262Z,0.15861328125,445,2026-09-14 22:59:19.262,1854.877777777778
Pulse experiments,pioreactor01,2026-09-14T17:14:19.269Z,0.17228515625,480,2026-09-14 22:59:19.269,1854.877777777778
Pulse experiments,pioreactor01,2026-09-14T17:14:19.278Z,0.201875,515,2026-09-14 22:59:19.278,1854.877777777778
Pulse experiments,pioreactor01,2026-09-14T17:14:19.287Z,0.23275390625,555,2026-09-14 22:59:19.287,1854.877777777778
Pulse experiments,pioreactor01,2026-09-14T17:14:19.292Z,0.23072265625,590,2026-09-14 22:59:19.292,1854.877777777778
Pulse experiments,pioreactor01,2026-09-14T17:14:19.298Z,0.23662109375,630,2026-09-14 22:59:19.298,1854.877777777778
Pulse experiments,pioreactor01,2026-09-14T17:14:19.305Z,0.12390625,680,2026-09-14 22:59:19.305,1854.877777777778
Pulse experiments,pioreactor01,2026-09-14T17:14:24.230Z,0.02005859375,415,2026-09-14 22:59:24.230,1854.879166666667
Pulse experiments,pioreactor01,2026-09-14T17:14:24.241Z,0.15900390625,445,2026-09-14 22:59:24.241,1854.879166666667
Pulse experiments,pioreactor01,2026-09-14T17:14:24.249Z,0.17287109375,480,2026-09-14 22:59:24.249,1854.879166666667
Pulse experiments,pioreactor01,2026-09-14T17:14:24.259Z,0.20255859375,515,2026-09-14 22:59:24.259,1854.879166666667
Pulse experiments,pioreactor01,2026-09-14T17:14:24.276Z,0.2325,555,2026-09-14 22:59:24.276,1854.879166666667
Pulse experiments,pioreactor01,2026-09-14T17:14:24.285Z,0.22990234375,590,2026-09-14 22:59:24.285,1854.879166666667
Pulse experiments,pioreactor01,2026-09-14T17:14:24.292Z,0.23640625,630,2026-09-14 22:59:24.292,1854.879166666667
Pulse experiments,pioreactor01,2026-09-14T17:14:24.299Z,0.12376953125,680,2026-09-14 22:59:24.299,1854.879166666667
Pulse experiments,pioreactor01,2026-09-14T17:14:29.248Z,0.02005859375,415,2026-09-14 22:59:29.248,1854.880555555555
Pulse experiments,pioreactor01,2026-09-14T17:14:29.256Z,0.1590625,445,2026-09-14 22:59:29.256,1854.880555555555
Pulse experiments,pioreactor01,2026-09-14T17:14:29.264Z,0.1727734375,480,2026-09-14 22:59:29.264,1854.880555555555
Pulse experiments,pioreactor01,2026-09-14T17:14:29.273Z,0.2025390625,515,2026-09-14 22:59:29.273,1854.880555555555
Pulse experiments,pioreactor01,2026-09-14T17:14:29.285Z,0.23279296875,555,2026-09-14 22:59:29.285,1854.880555555555
Pulse experiments,pioreactor01,2026-09-14T17:14:29.304Z,0.23029296875,590,2026-09-14 22:59:29.304,1854.880555555555
Pulse experiments,pioreactor01,2026-09-14T17:14:29.308Z,0.23689453125,630,2026-09-14 22:59:29.308,1854.880555555555
Pulse experiments,pioreactor01,2026-09-14T17:14:29.364Z,0.12404296875,680,2026-09-14 22:59:29.364,1854.880555555555
Pulse experiments,pioreactor01,2026-09-14T17:14:34.215Z,0.020078125,415,2026-09-14 22:59:34.215,1854.881944444444
Pulse experiments,pioreactor01,2026-09-14T17:14:34.224Z,0.158984375,445,2026-09-14 22:59:34.224,1854.881944444444
Pulse experiments,pioreactor01,2026-09-14T17:14:34.233Z,0.172578125,480,2026-09-14 22:59:34.233,1854.881944444444
Pulse experiments,pioreactor01,2026-09-14T17:14:34.241Z,0.202421875,515,2026-09-14 22:59:34.241,1854.881944444444
Pulse experiments,pioreactor01,2026-09-14T17:14:34.248Z,0.23314453125,555,2026-09-14 22:59:34.248,1854.881944444444
Pulse experiments,pioreactor01,2026-09-14T17:14:34.257Z,0.23130859375,590,2026-09-14 22:59:34.257,1854.881944444444
Pulse experiments,pioreactor01,2026-09-14T17:14:34.264Z,0.23724609375,630,2026-09-14 22:59:34.264,1854.881944444444
Pulse experiments,pioreactor01,2026-09-14T17:14:34.272Z,0.12419921875,680,2026-09-14 22:59:34.272,1854.881944444444
Pulse experiments,pioreactor01,2026-09-14T17:14:39.224Z,0.0200390625,415,2026-09-14 22:59:39.224,1854.883333333333
Pulse experiments,pioreactor01,2026-09-14T17:14:39.269Z,0.15880859375,445,2026-09-14 22:59:39.269,1854.883333333333
Pulse experiments,pioreactor01,2026-09-14T17:14:39.278Z,0.172578125,480,2026-09-14 22:59:39.278,1854.883333333333
Pulse experiments,pioreactor01,2026-09-14T17:14:39.285Z,0.2022265625,515,2026-09-14 22:59:39.285,1854.883333333333
Pulse experiments,pioreactor01,2026-09-14T17:14:39.292Z,0.233125,555,2026-09-14 22:59:39.292,1854.883333333333
Pulse experiments,pioreactor01,2026-09-14T17:14:39.301Z,0.23078125,590,2026-09-14 22:59:39.301,1854.883333333333
Pulse experiments,pioreactor01,2026-09-14T17:14:39.315Z,0.23720703125,630,2026-09-14 22:59:39.315,1854.883333333333
Pulse experiments,pioreactor01,2026-09-14T17:14:39.319Z,0.12431640625,680,2026-09-14 22:59:39.319,1854.883333333333
Pulse experiments,pioreactor01,2026-09-14T17:14:44.245Z,0.02005859375,415,2026-09-14 22:59:44.245,1854.884722222222
Pulse experiments,pioreactor01,2026-09-14T17:14:44.257Z,0.15859375,445,2026-09-14 22:59:44.257,1854.884722222222
Pulse experiments,pioreactor01,2026-09-14T17:14:44.261Z,0.17248046875,480,2026-09-14 22:59:44.261,1854.884722222222
Pulse experiments,pioreactor01,2026-09-14T17:14:44.278Z,0.20201171875,515,2026-09-14 22:59:44.278,1854.884722222222
Pulse experiments,pioreactor01,2026-09-14T17:14:44.295Z,0.23359375,555,2026-09-14 22:59:44.295,1854.884722222222
Pulse experiments,pioreactor01,2026-09-14T17:14:44.307Z,0.23123046875,590,2026-09-14 22:59:44.307,1854.884722222222
Pulse experiments,pioreactor01,2026-09-14T17:14:44.322Z,0.23791015625,630,2026-09-14 22:59:44.322,1854.884722222222
Pulse experiments,pioreactor01,2026-09-14T17:14:44.336Z,0.12455078125,680,2026-09-14 22:59:44.336,1854.884722222222
Pulse experiments,pioreactor01,2026-09-14T17:14:49.220Z,0.02005859375,415,2026-09-14 22:59:49.220,1854.886111111111
Pulse experiments,pioreactor01,2026-09-14T17:14:49.232Z,0.158828125,445,2026-09-14 22:59:49.232,1854.886111111111
Pulse experiments,pioreactor01,2026-09-14T17:14:49.246Z,0.17267578125,480,2026-09-14 22:59:49.246,1854.886111111111
Pulse experiments,pioreactor01,2026-09-14T17:14:49.255Z,0.20234375,515,2026-09-14 22:59:49.255,1854.886111111111
Pulse experiments,pioreactor01,2026-09-14T17:14:49.263Z,0.2335546875,555,2026-09-14 22:59:49.263,1854.886111111111
Pulse experiments,pioreactor01,2026-09-14T17:14:49.271Z,0.23103515625,590,2026-09-14 22:59:49.271,1854.886111111111
Pulse experiments,pioreactor01,2026-09-14T17:14:49.281Z,0.23748046875,630,2026-09-14 22:59:49.281,1854.886111111111
Pulse experiments,pioreactor01,2026-09-14T17:14:49.288Z,0.12421875,680,2026-09-14 22:59:49.288,1854.886111111111
Pulse experiments,pioreactor01,2026-09-14T17:14:54.236Z,0.0200390625,415,2026-09-14 22:59:54.236,1854.8875
Pulse experiments,pioreactor01,2026-09-14T17:14:54.249Z,0.1585546875,445,2026-09-14 22:59:54.249,1854.8875
Pulse experiments,pioreactor01,2026-09-14T17:14:54.263Z,0.17244140625,480,2026-09-14 22:59:54.263,1854.8875
Pulse experiments,pioreactor01,2026-09-14T17:14:54.269Z,0.20189453125,515,2026-09-14 22:59:54.269,1854.8875
Pulse experiments,pioreactor01,2026-09-14T17:14:54.281Z,0.23271484375,555,2026-09-14 22:59:54.281,1854.8875
Pulse experiments,pioreactor01,2026-09-14T17:14:54.292Z,0.23046875,590,2026-09-14 22:59:54.292,1854.8875
Pulse experiments,pioreactor01,2026-09-14T17:14:54.301Z,0.236875,630,2026-09-14 22:59:54.301,1854.8875
Pulse experiments,pioreactor01,2026-09-14T17:14:54.311Z,0.1237890625,680,2026-09-14 22:59:54.311,1854.8875
Pulse experiments,pioreactor01,2026-09-14T17:14:59.240Z,0.0199609375,415,2026-09-14 22:59:59.240,1854.888888888889
Pulse experiments,pioreactor01,2026-09-14T17:14:59.251Z,0.15814453125,445,2026-09-14 22:59:59.251,1854.888888888889
Pulse experiments,pioreactor01,2026-09-14T17:14:59.261Z,0.1716015625,480,2026-09-14 22:59:59.261,1854.888888888889
Pulse experiments,pioreactor01,2026-09-14T17:14:59.270Z,0.20130859375,515,2026-09-14 22:59:59.270,1854.888888888889
Pulse experiments,pioreactor01,2026-09-14T17:14:59.277Z,0.232109375,555,2026-09-14 22:59:59.277,1854.888888888889
Pulse experiments,pioreactor01,2026-09-14T17:14:59.287Z,0.22951171875,590,2026-09-14 22:59:59.287,1854.888888888889
Pulse experiments,pioreactor01,2026-09-14T17:14:59.293Z,0.23619140625,630,2026-09-14 22:59:59.293,1854.888888888889
Pulse experiments,pioreactor01,2026-09-14T17:14:59.307Z,0.12359375,680,2026-09-14 22:59:59.307,1854.888888888889
Pulse experiments,pioreactor01,2026-09-14T17:15:04.247Z,0.020078125,415,2026-09-14 23:00:04.247,1854.890277777778
Pulse experiments,pioreactor01,2026-09-14T17:15:04.262Z,0.1588671875,445,2026-09-14 23:00:04.262,1854.890277777778
Pulse experiments,pioreactor01,2026-09-14T17:15:04.271Z,0.17271484375,480,2026-09-14 23:00:04.271,1854.890277777778
Pulse experiments,pioreactor01,2026-09-14T17:15:04.279Z,0.20244140625,515,2026-09-14 23:00:04.279,1854.890277777778
Pulse experiments,pioreactor01,2026-09-14T17:15:04.287Z,0.23412109375,555,2026-09-14 23:00:04.287,1854.890277777778
Pulse experiments,pioreactor01,2026-09-14T17:15:04.294Z,0.231640625,590,2026-09-14 23:00:04.294,1854.890277777778
Pulse experiments,pioreactor01,2026-09-14T17:15:04.304Z,0.2381640625,630,2026-09-14 23:00:04.304,1854.890277777778
Pulse experiments,pioreactor01,2026-09-14T17:15:04.310Z,0.1246484375,680,2026-09-14 23:00:04.310,1854.890277777778
Pulse experiments,pioreactor01,2026-09-14T17:15:09.242Z,0.02015625,415,2026-09-14 23:00:09.242,1854.891666666667
Pulse experiments,pioreactor01,2026-09-14T17:15:09.247Z,0.1596875,445,2026-09-14 23:00:09.247,1854.891666666667
Pulse experiments,pioreactor01,2026-09-14T17:15:09.256Z,0.173515625,480,2026-09-14 23:00:09.256,1854.891666666667
Pulse experiments,pioreactor01,2026-09-14T17:15:09.270Z,0.20333984375,515,2026-09-14 23:00:09.270,1854.891666666667
Pulse experiments,pioreactor01,2026-09-14T17:15:09.281Z,0.2337109375,555,2026-09-14 23:00:09.281,1854.891666666667
Pulse experiments,pioreactor01,2026-09-14T17:15:09.293Z,0.23115234375,590,2026-09-14 23:00:09.293,1854.891666666667
Pulse experiments,pioreactor01,2026-09-14T17:15:09.303Z,0.23775390625,630,2026-09-14 23:00:09.303,1854.891666666667
Pulse experiments,pioreactor01,2026-09-14T17:15:09.316Z,0.12427734375,680,2026-09-14 23:00:09.316,1854.891666666667
Pulse experiments,pioreactor01,2026-09-14T17:15:14.232Z,0.0200390625,415,2026-09-14 23:00:14.232,1854.893055555556
Pulse experiments,pioreactor01,2026-09-14T17:15:14.242Z,0.15876953125,445,2026-09-14 23:00:14.242,1854.893055555556
Pulse experiments,pioreactor01,2026-09-14T17:15:14.248Z,0.1725390625,480,2026-09-14 23:00:14.248,1854.893055555556
Pulse experiments,pioreactor01,2026-09-14T17:15:14.262Z,0.202421875,515,2026-09-14 23:00:14.262,1854.893055555556
Pulse experiments,pioreactor01,2026-09-14T17:15:14.271Z,0.23234375,555,2026-09-14 23:00:14.271,1854.893055555556
Pulse experiments,pioreactor01,2026-09-14T17:15:14.284Z,0.229375,590,2026-09-14 23:00:14.284,1854.893055555556
Pulse experiments,pioreactor01,2026-09-14T17:15:14.293Z,0.23625,630,2026-09-14 23:00:14.293,1854.893055555556
Pulse experiments,pioreactor01,2026-09-14T17:15:14.304Z,0.12361328125,680,2026-09-14 23:00:14.304,1854.893055555556
Pulse experiments,pioreactor01,2026-09-14T17:15:19.206Z,0.02001953125,415,2026-09-14 23:00:19.206,1854.894444444444
Pulse experiments,pioreactor01,2026-09-14T17:15:19.221Z,0.1587890625,445,2026-09-14 23:00:19.221,1854.894444444444
Pulse experiments,pioreactor01,2026-09-14T17:15:19.227Z,0.1723046875,480,2026-09-14 23:00:19.227,1854.894444444444
Pulse experiments,pioreactor01,2026-09-14T17:15:19.239Z,0.202265625,515,2026-09-14 23:00:19.239,1854.894444444444
Pulse experiments,pioreactor01,2026-09-14T17:15:19.249Z,0.23298828125,555,2026-09-14 23:00:19.249,1854.894444444444
Pulse experiments,pioreactor01,2026-09-14T17:15:19.256Z,0.23048828125,590,2026-09-14 23:00:19.256,1854.894444444444
Pulse experiments,pioreactor01,2026-09-14T17:15:19.264Z,0.23724609375,630,2026-09-14 23:00:19.264,1854.894444444444
Pulse experiments,pioreactor01,2026-09-14T17:15:19.276Z,0.1239453125,680,2026-09-14 23:00:19.276,1854.894444444444
Pulse experiments,pioreactor01,2026-09-14T17:15:24.239Z,0.01994140625,415,2026-09-14 23:00:24.239,1854.895833333333
Pulse experiments,pioreactor01,2026-09-14T17:15:24.247Z,0.1581640625,445,2026-09-14 23:00:24.247,1854.895833333333
Pulse experiments,pioreactor01,2026-09-14T17:15:24.258Z,0.1716796875,480,2026-09-14 23:00:24.258,1854.895833333333
Pulse experiments,pioreactor01,2026-09-14T17:15:24.267Z,0.20125,515,2026-09-14 23:00:24.267,1854.895833333333
Pulse experiments,pioreactor01,2026-09-14T17:15:24.275Z,0.23267578125,555,2026-09-14 23:00:24.275,1854.895833333333
Pulse experiments,pioreactor01,2026-09-14T17:15:24.288Z,0.2302734375,590,2026-09-14 23:00:24.288,1854.895833333333
Pulse experiments,pioreactor01,2026-09-14T17:15:24.296Z,0.23669921875,630,2026-09-14 23:00:24.296,1854.895833333333
Pulse experiments,pioreactor01,2026-09-14T17:15:24.304Z,0.1239453125,680,2026-09-14 23:00:24.304,1854.895833333333
Pulse experiments,pioreactor01,2026-09-14T17:15:29.225Z,0.0200390625,415,2026-09-14 23:00:29.225,1854.897222222222
Pulse experiments,pioreactor01,2026-09-14T17:15:29.238Z,0.15876953125,445,2026-09-14 23:00:29.238,1854.897222222222
Pulse experiments,pioreactor01,2026-09-14T17:15:29.251Z,0.17255859375,480,2026-09-14 23:00:29.251,1854.897222222222
Pulse experiments,pioreactor01,2026-09-14T17:15:29.270Z,0.202265625,515,2026-09-14 23:00:29.270,1854.897222222222
Pulse experiments,pioreactor01,2026-09-14T17:15:29.282Z,0.23283203125,555,2026-09-14 23:00:29.282,1854.897222222222
Pulse experiments,pioreactor01,2026-09-14T17:15:29.304Z,0.2302734375,590,2026-09-14 23:00:29.304,1854.897222222222
Pulse experiments,pioreactor01,2026-09-14T17:15:29.310Z,0.23693359375,630,2026-09-14 23:00:29.310,1854.897222222222
Pulse experiments,pioreactor01,2026-09-14T17:15:29.321Z,0.12376953125,680,2026-09-14 23:00:29.321,1854.897222222222
Pulse experiments,pioreactor01,2026-09-14T17:15:34.263Z,0.0200390625,415,2026-09-14 23:00:34.263,1854.898611111111
Pulse experiments,pioreactor01,2026-09-14T17:15:34.271Z,0.15873046875,445,2026-09-14 23:00:34.271,1854.898611111111
Pulse experiments,pioreactor01,2026-09-14T17:15:34.281Z,0.1723828125,480,2026-09-14 23:00:34.281,1854.898611111111
Pulse experiments,pioreactor01,2026-09-14T17:15:34.291Z,0.201953125,515,2026-09-14 23:00:34.291,1854.898611111111
Pulse experiments,pioreactor01,2026-09-14T17:15:34.294Z,0.23310546875,555,2026-09-14 23:00:34.294,1854.898611111111
Pulse experiments,pioreactor01,2026-09-14T17:15:34.301Z,0.2306640625,590,2026-09-14 23:00:34.301,1854.898611111111
Pulse experiments,pioreactor01,2026-09-14T17:15:34.313Z,0.2371875,630,2026-09-14 23:00:34.313,1854.898611111111
Pulse experiments,pioreactor01,2026-09-14T17:15:34.324Z,0.1241796875,680,2026-09-14 23:00:34.324,1854.898611111111
Pulse experiments,pioreactor01,2026-09-14T17:15:39.244Z,0.02,415,2026-09-14 23:00:39.244,1854.9
Pulse experiments,pioreactor01,2026-09-14T17:15:39.251Z,0.15861328125,445,2026-09-14 23:00:39.251,1854.9
Pulse experiments,pioreactor01,2026-09-14T17:15:39.259Z,0.17224609375,480,2026-09-14 23:00:39.259,1854.9
Pulse experiments,pioreactor01,2026-09-14T17:15:39.265Z,0.20205078125,515,2026-09-14 23:00:39.265,1854.9
Pulse experiments,pioreactor01,2026-09-14T17:15:39.277Z,0.23236328125,555,2026-09-14 23:00:39.277,1854.9
Pulse experiments,pioreactor01,2026-09-14T17:15:39.288Z,0.22984375,590,2026-09-14 23:00:39.288,1854.9
Pulse experiments,pioreactor01,2026-09-14T17:15:39.300Z,0.2365625,630,2026-09-14 23:00:39.300,1854.9
Pulse experiments,pioreactor01,2026-09-14T17:15:39.305Z,0.12353515625,680,2026-09-14 23:00:39.305,1854.9
Pulse experiments,pioreactor01,2026-09-14T17:15:44.219Z,0.02,415,2026-09-14 23:00:44.219,1854.901388888889
Pulse experiments,pioreactor01,2026-09-14T17:15:44.242Z,0.1582421875,445,2026-09-14 23:00:44.242,1854.901388888889
Pulse experiments,pioreactor01,2026-09-14T17:15:44.251Z,0.1720703125,480,2026-09-14 23:00:44.251,1854.901388888889
Pulse experiments,pioreactor01,2026-09-14T17:15:44.261Z,0.201484375,515,2026-09-14 23:00:44.261,1854.901388888889
Pulse experiments,pioreactor01,2026-09-14T17:15:44.266Z,0.23259765625,555,2026-09-14 23:00:44.266,1854.901388888889
Pulse experiments,pioreactor01,2026-09-14T17:15:44.277Z,0.23005859375,590,2026-09-14 23:00:44.277,1854.901388888889
Pulse experiments,pioreactor01,2026-09-14T17:15:44.283Z,0.23703125,630,2026-09-14 23:00:44.283,1854.901388888889
Pulse experiments,pioreactor01,2026-09-14T17:15:44.293Z,0.1237109375,680,2026-09-14 23:00:44.293,1854.901388888889
Pulse experiments,pioreactor01,2026-09-14T17:15:49.221Z,0.0200390625,415,2026-09-14 23:00:49.221,1854.902777777778
Pulse experiments,pioreactor01,2026-09-14T17:15:49.232Z,0.1589453125,445,2026-09-14 23:00:49.232,1854.902777777778
Pulse experiments,pioreactor01,2026-09-14T17:15:49.240Z,0.17265625,480,2026-09-14 23:00:49.240,1854.902777777778
Pulse experiments,pioreactor01,2026-09-14T17:15:49.251Z,0.2021875,515,2026-09-14 23:00:49.251,1854.902777777778
Pulse experiments,pioreactor01,2026-09-14T17:15:49.260Z,0.23365234375,555,2026-09-14 23:00:49.260,1854.902777777778
Pulse experiments,pioreactor01,2026-09-14T17:15:49.277Z,0.23068359375,590,2026-09-14 23:00:49.277,1854.902777777778
Pulse experiments,pioreactor01,2026-09-14T17:15:49.279Z,0.2376953125,630,2026-09-14 23:00:49.279,1854.902777777778
Pulse experiments,pioreactor01,2026-09-14T17:15:49.334Z,0.12423828125,680,2026-09-14 23:00:49.334,1854.902777777778
Pulse experiments,pioreactor01,2026-09-14T17:15:54.232Z,0.02013671875,415,2026-09-14 23:00:54.232,1854.904166666667
Pulse experiments,pioreactor01,2026-09-14T17:15:54.244Z,0.1590625,445,2026-09-14 23:00:54.244,1854.904166666667
Pulse experiments,pioreactor01,2026-09-14T17:15:54.264Z,0.17302734375,480,2026-09-14 23:00:54.264,1854.904166666667
Pulse experiments,pioreactor01,2026-09-14T17:15:54.279Z,0.20275390625,515,2026-09-14 23:00:54.279,1854.904166666667
Pulse experiments,pioreactor01,2026-09-14T17:15:54.293Z,0.23240234375,555,2026-09-14 23:00:54.293,1854.904166666667
Pulse experiments,pioreactor01,2026-09-14T17:15:54.295Z,0.2296484375,590,2026-09-14 23:00:54.295,1854.904166666667
Pulse experiments,pioreactor01,2026-09-14T17:15:54.303Z,0.23658203125,630,2026-09-14 23:00:54.303,1854.904166666667
Pulse experiments,pioreactor01,2026-09-14T17:15:54.314Z,0.12345703125,680,2026-09-14 23:00:54.314,1854.904166666667
Pulse experiments,pioreactor01,2026-09-14T17:15:59.240Z,0.0200390625,415,2026-09-14 23:00:59.240,1854.905555555556
Pulse experiments,pioreactor01,2026-09-14T17:15:59.249Z,0.15919921875,445,2026-09-14 23:00:59.249,1854.905555555556
Pulse experiments,pioreactor01,2026-09-14T17:15:59.262Z,0.17306640625,480,2026-09-14 23:00:59.262,1854.905555555556
Pulse experiments,pioreactor01,2026-09-14T17:15:59.278Z,0.202890625,515,2026-09-14 23:00:59.278,1854.905555555556
Pulse experiments,pioreactor01,2026-09-14T17:15:59.284Z,0.23267578125,555,2026-09-14 23:00:59.284,1854.905555555556
Pulse experiments,pioreactor01,2026-09-14T17:15:59.292Z,0.22953125,590,2026-09-14 23:00:59.292,1854.905555555556
Pulse experiments,pioreactor01,2026-09-14T17:15:59.302Z,0.236640625,630,2026-09-14 23:00:59.302,1854.905555555556
Pulse experiments,pioreactor01,2026-09-14T17:15:59.313Z,0.12359375,680,2026-09-14 23:00:59.313,1854.905555555556
Pulse experiments,pioreactor01,2026-09-14T17:16:04.241Z,0.02009765625,415,2026-09-14 23:01:04.241,1854.906944444444
Pulse experiments,pioreactor01,2026-09-14T17:16:04.249Z,0.1592578125,445,2026-09-14 23:01:04.249,1854.906944444444
Pulse experiments,pioreactor01,2026-09-14T17:16:04.260Z,0.173203125,480,2026-09-14 23:01:04.260,1854.906944444444
Pulse experiments,pioreactor01,2026-09-14T17:16:04.265Z,0.20318359375,515,2026-09-14 23:01:04.265,1854.906944444444
Pulse experiments,pioreactor01,2026-09-14T17:16:04.278Z,0.2327734375,555,2026-09-14 23:01:04.278,1854.906944444444
Pulse experiments,pioreactor01,2026-09-14T17:16:04.286Z,0.2304296875,590,2026-09-14 23:01:04.286,1854.906944444444
Pulse experiments,pioreactor01,2026-09-14T17:16:04.296Z,0.2371875,630,2026-09-14 23:01:04.296,1854.906944444444
Pulse experiments,pioreactor01,2026-09-14T17:16:04.310Z,0.12384765625,680,2026-09-14 23:01:04.310,1854.906944444444
Pulse experiments,pioreactor01,2026-09-14T17:16:09.247Z,0.02005859375,415,2026-09-14 23:01:09.247,1854.908333333333
Pulse experiments,pioreactor01,2026-09-14T17:16:09.256Z,0.1589453125,445,2026-09-14 23:01:09.256,1854.908333333333
Pulse experiments,pioreactor01,2026-09-14T17:16:09.266Z,0.172734375,480,2026-09-14 23:01:09.266,1854.908333333333
Pulse experiments,pioreactor01,2026-09-14T17:16:09.276Z,0.2026171875,515,2026-09-14 23:01:09.276,1854.908333333333
Pulse experiments,pioreactor01,2026-09-14T17:16:09.295Z,0.2330078125,555,2026-09-14 23:01:09.295,1854.908333333333
Pulse experiments,pioreactor01,2026-09-14T17:16:09.315Z,0.23041015625,590,2026-09-14 23:01:09.315,1854.908333333333
Pulse experiments,pioreactor01,2026-09-14T17:16:09.319Z,0.2374609375,630,2026-09-14 23:01:09.319,1854.908333333333
Pulse experiments,pioreactor01,2026-09-14T17:16:09.364Z,0.12390625,680,2026-09-14 23:01:09.364,1854.908333333333
Pulse experiments,pioreactor01,2026-09-14T17:16:14.221Z,0.02001953125,415,2026-09-14 23:01:14.221,1854.909722222222
Pulse experiments,pioreactor01,2026-09-14T17:16:14.228Z,0.15892578125,445,2026-09-14 23:01:14.228,1854.909722222222
Pulse experiments,pioreactor01,2026-09-14T17:16:14.235Z,0.17267578125,480,2026-09-14 23:01:14.235,1854.909722222222
Pulse experiments,pioreactor01,2026-09-14T17:16:14.242Z,0.2023046875,515,2026-09-14 23:01:14.242,1854.909722222222
Pulse experiments,pioreactor01,2026-09-14T17:16:14.253Z,0.2324609375,555,2026-09-14 23:01:14.253,1854.909722222222
Pulse experiments,pioreactor01,2026-09-14T17:16:14.262Z,0.2298828125,590,2026-09-14 23:01:14.262,1854.909722222222
Pulse experiments,pioreactor01,2026-09-14T17:16:14.271Z,0.236875,630,2026-09-14 23:01:14.271,1854.909722222222
Pulse experiments,pioreactor01,2026-09-14T17:16:14.279Z,0.1235546875,680,2026-09-14 23:01:14.279,1854.909722222222
Pulse experiments,pioreactor01,2026-09-14T17:16:19.204Z,0.02005859375,415,2026-09-14 23:01:19.204,1854.911111111111
Pulse experiments,pioreactor01,2026-09-14T17:16:19.222Z,0.158984375,445,2026-09-14 23:01:19.222,1854.911111111111
Pulse experiments,pioreactor01,2026-09-14T17:16:19.228Z,0.1727734375,480,2026-09-14 23:01:19.228,1854.911111111111
Pulse experiments,pioreactor01,2026-09-14T17:16:19.234Z,0.2024609375,515,2026-09-14 23:01:19.234,1854.911111111111
Pulse experiments,pioreactor01,2026-09-14T17:16:19.244Z,0.23349609375,555,2026-09-14 23:01:19.244,1854.911111111111
Pulse experiments,pioreactor01,2026-09-14T17:16:19.255Z,0.230625,590,2026-09-14 23:01:19.255,1854.911111111111
Pulse experiments,pioreactor01,2026-09-14T17:16:19.262Z,0.2376171875,630,2026-09-14 23:01:19.262,1854.911111111111
Pulse experiments,pioreactor01,2026-09-14T17:16:19.273Z,0.123984375,680,2026-09-14 23:01:19.273,1854.911111111111
Pulse experiments,pioreactor01,2026-09-14T17:16:24.241Z,0.02,415,2026-09-14 23:01:24.241,1854.9125
Pulse experiments,pioreactor01,2026-09-14T17:16:24.249Z,0.15859375,445,2026-09-14 23:01:24.249,1854.9125
Pulse experiments,pioreactor01,2026-09-14T17:16:24.260Z,0.1722265625,480,2026-09-14 23:01:24.260,1854.9125
Pulse experiments,pioreactor01,2026-09-14T17:16:24.270Z,0.20181640625,515,2026-09-14 23:01:24.270,1854.9125
Pulse experiments,pioreactor01,2026-09-14T17:16:24.287Z,0.232890625,555,2026-09-14 23:01:24.287,1854.9125
Pulse experiments,pioreactor01,2026-09-14T17:16:24.297Z,0.23021484375,590,2026-09-14 23:01:24.297,1854.9125
Pulse experiments,pioreactor01,2026-09-14T17:16:24.313Z,0.23732421875,630,2026-09-14 23:01:24.313,1854.9125
Pulse experiments,pioreactor01,2026-09-14T17:16:24.321Z,0.12375,680,2026-09-14 23:01:24.321,1854.9125
Pulse experiments,pioreactor01,2026-09-14T17:16:29.242Z,0.020078125,415,2026-09-14 23:01:29.242,1854.913888888889
Pulse experiments,pioreactor01,2026-09-14T17:16:29.254Z,0.1591015625,445,2026-09-14 23:01:29.254,1854.913888888889
Pulse experiments,pioreactor01,2026-09-14T17:16:29.265Z,0.17314453125,480,2026-09-14 23:01:29.265,1854.913888888889
Pulse experiments,pioreactor01,2026-09-14T17:16:29.274Z,0.20306640625,515,2026-09-14 23:01:29.274,1854.913888888889
Pulse experiments,pioreactor01,2026-09-14T17:16:29.282Z,0.23314453125,555,2026-09-14 23:01:29.282,1854.913888888889
Pulse experiments,pioreactor01,2026-09-14T17:16:29.286Z,0.2303125,590,2026-09-14 23:01:29.286,1854.913888888889
Pulse experiments,pioreactor01,2026-09-14T17:16:29.297Z,0.237421875,630,2026-09-14 23:01:29.297,1854.913888888889
Pulse experiments,pioreactor01,2026-09-14T17:16:29.304Z,0.12390625,680,2026-09-14 23:01:29.304,1854.913888888889
Pulse experiments,pioreactor01,2026-09-14T17:16:34.243Z,0.02,415,2026-09-14 23:01:34.243,1854.915277777778
Pulse experiments,pioreactor01,2026-09-14T17:16:34.259Z,0.15857421875,445,2026-09-14 23:01:34.259,1854.915277777778
Pulse experiments,pioreactor01,2026-09-14T17:16:34.272Z,0.172265625,480,2026-09-14 23:01:34.272,1854.915277777778
Pulse experiments,pioreactor01,2026-09-14T17:16:34.285Z,0.2021484375,515,2026-09-14 23:01:34.285,1854.915277777778
Pulse experiments,pioreactor01,2026-09-14T17:16:34.299Z,0.23283203125,555,2026-09-14 23:01:34.299,1854.915277777778
Pulse experiments,pioreactor01,2026-09-14T17:16:34.314Z,0.23025390625,590,2026-09-14 23:01:34.314,1854.915277777778
Pulse experiments,pioreactor01,2026-09-14T17:16:34.325Z,0.23734375,630,2026-09-14 23:01:34.325,1854.915277777778
Pulse experiments,pioreactor01,2026-09-14T17:16:34.336Z,0.1237109375,680,2026-09-14 23:01:34.336,1854.915277777778
Pulse experiments,pioreactor01,2026-09-14T17:16:39.216Z,0.01994140625,415,2026-09-14 23:01:39.216,1854.916666666667
Pulse experiments,pioreactor01,2026-09-14T17:16:39.225Z,0.1583984375,445,2026-09-14 23:01:39.225,1854.916666666667
Pulse experiments,pioreactor01,2026-09-14T17:16:39.239Z,0.171875,480,2026-09-14 23:01:39.239,1854.916666666667
Pulse experiments,pioreactor01,2026-09-14T17:16:39.247Z,0.20142578125,515,2026-09-14 23:01:39.247,1854.916666666667
Pulse experiments,pioreactor01,2026-09-14T17:16:39.256Z,0.23287109375,555,2026-09-14 23:01:39.256,1854.916666666667
Pulse experiments,pioreactor01,2026-09-14T17:16:39.267Z,0.23013671875,590,2026-09-14 23:01:39.267,1854.916666666667
Pulse experiments,pioreactor01,2026-09-14T17:16:39.271Z,0.23720703125,630,2026-09-14 23:01:39.271,1854.916666666667
Pulse experiments,pioreactor01,2026-09-14T17:16:39.279Z,0.123828125,680,2026-09-14 23:01:39.279,1854.916666666667
Pulse experiments,pioreactor01,2026-09-14T17:16:44.235Z,0.0200390625,415,2026-09-14 23:01:44.235,1854.918055555556
Pulse experiments,pioreactor01,2026-09-14T17:16:44.258Z,0.1590625,445,2026-09-14 23:01:44.258,1854.918055555556
Pulse experiments,pioreactor01,2026-09-14T17:16:44.268Z,0.1728515625,480,2026-09-14 23:01:44.268,1854.918055555556
Pulse experiments,pioreactor01,2026-09-14T17:16:44.281Z,0.20244140625,515,2026-09-14 23:01:44.281,1854.918055555556
Pulse experiments,pioreactor01,2026-09-14T17:16:44.294Z,0.2337109375,555,2026-09-14 23:01:44.294,1854.918055555556
Pulse experiments,pioreactor01,2026-09-14T17:16:44.302Z,0.23076171875,590,2026-09-14 23:01:44.302,1854.918055555556
Pulse experiments,pioreactor01,2026-09-14T17:16:44.317Z,0.23775390625,630,2026-09-14 23:01:44.317,1854.918055555556
Pulse experiments,pioreactor01,2026-09-14T17:16:44.330Z,0.1240625,680,2026-09-14 23:01:44.330,1854.918055555556
Pulse experiments,pioreactor01,2026-09-14T17:16:49.219Z,0.02,415,2026-09-14 23:01:49.219,1854.919444444444
Pulse experiments,pioreactor01,2026-09-14T17:16:49.228Z,0.1586328125,445,2026-09-14 23:01:49.228,1854.919444444444
Pulse experiments,pioreactor01,2026-09-14T17:16:49.238Z,0.1726171875,480,2026-09-14 23:01:49.238,1854.919444444444
Pulse experiments,pioreactor01,2026-09-14T17:16:49.246Z,0.20185546875,515,2026-09-14 23:01:49.246,1854.919444444444
Pulse experiments,pioreactor01,2026-09-14T17:16:49.255Z,0.231953125,555,2026-09-14 23:01:49.255,1854.919444444444
Pulse experiments,pioreactor01,2026-09-14T17:16:49.265Z,0.22890625,590,2026-09-14 23:01:49.265,1854.919444444444
Pulse experiments,pioreactor01,2026-09-14T17:16:49.276Z,0.2358203125,630,2026-09-14 23:01:49.276,1854.919444444444
Pulse experiments,pioreactor01,2026-09-14T17:16:49.285Z,0.12306640625,680,2026-09-14 23:01:49.285,1854.919444444444
Pulse experiments,pioreactor01,2026-09-14T17:16:54.236Z,0.0199609375,415,2026-09-14 23:01:54.236,1854.920833333333
Pulse experiments,pioreactor01,2026-09-14T17:16:54.247Z,0.15837890625,445,2026-09-14 23:01:54.247,1854.920833333333
Pulse experiments,pioreactor01,2026-09-14T17:16:54.260Z,0.1722265625,480,2026-09-14 23:01:54.260,1854.920833333333
Pulse experiments,pioreactor01,2026-09-14T17:16:54.270Z,0.20185546875,515,2026-09-14 23:01:54.270,1854.920833333333
Pulse experiments,pioreactor01,2026-09-14T17:16:54.276Z,0.23296875,555,2026-09-14 23:01:54.276,1854.920833333333
Pulse experiments,pioreactor01,2026-09-14T17:16:54.289Z,0.23029296875,590,2026-09-14 23:01:54.289,1854.920833333333
Pulse experiments,pioreactor01,2026-09-14T17:16:54.298Z,0.237578125,630,2026-09-14 23:01:54.298,1854.920833333333
Pulse experiments,pioreactor01,2026-09-14T17:16:54.305Z,0.12392578125,680,2026-09-14 23:01:54.305,1854.920833333333
Pulse experiments,pioreactor01,2026-09-14T17:16:59.225Z,0.0200390625,415,2026-09-14 23:01:59.225,1854.922222222222
Pulse experiments,pioreactor01,2026-09-14T17:16:59.235Z,0.15896484375,445,2026-09-14 23:01:59.235,1854.922222222222
Pulse experiments,pioreactor01,2026-09-14T17:16:59.246Z,0.1730859375,480,2026-09-14 23:01:59.246,1854.922222222222
Pulse experiments,pioreactor01,2026-09-14T17:16:59.253Z,0.2026171875,515,2026-09-14 23:01:59.253,1854.922222222222
Pulse experiments,pioreactor01,2026-09-14T17:16:59.265Z,0.23345703125,555,2026-09-14 23:01:59.265,1854.922222222222
Pulse experiments,pioreactor01,2026-09-14T17:16:59.276Z,0.23029296875,590,2026-09-14 23:01:59.276,1854.922222222222
Pulse experiments,pioreactor01,2026-09-14T17:16:59.284Z,0.237578125,630,2026-09-14 23:01:59.284,1854.922222222222
Pulse experiments,pioreactor01,2026-09-14T17:16:59.292Z,0.12376953125,680,2026-09-14 23:01:59.292,1854.922222222222
Pulse experiments,pioreactor01,2026-09-14T17:17:04.232Z,0.01998046875,415,2026-09-14 23:02:04.232,1854.923611111111
Pulse experiments,pioreactor01,2026-09-14T17:17:04.239Z,0.15859375,445,2026-09-14 23:02:04.239,1854.923611111111
Pulse experiments,pioreactor01,2026-09-14T17:17:04.247Z,0.17240234375,480,2026-09-14 23:02:04.247,1854.923611111111
Pulse experiments,pioreactor01,2026-09-14T17:17:04.255Z,0.20197265625,515,2026-09-14 23:02:04.255,1854.923611111111
Pulse experiments,pioreactor01,2026-09-14T17:17:04.267Z,0.2327734375,555,2026-09-14 23:02:04.267,1854.923611111111
Pulse experiments,pioreactor01,2026-09-14T17:17:04.277Z,0.22990234375,590,2026-09-14 23:02:04.277,1854.923611111111
Pulse experiments,pioreactor01,2026-09-14T17:17:04.283Z,0.236875,630,2026-09-14 23:02:04.283,1854.923611111111
Pulse experiments,pioreactor01,2026-09-14T17:17:04.288Z,0.1237109375,680,2026-09-14 23:02:04.288,1854.923611111111
Pulse experiments,pioreactor01,2026-09-14T17:17:09.270Z,0.01998046875,415,2026-09-14 23:02:09.270,1854.925
Pulse experiments,pioreactor01,2026-09-14T17:17:09.285Z,0.158671875,445,2026-09-14 23:02:09.285,1854.925
Pulse experiments,pioreactor01,2026-09-14T17:17:09.293Z,0.17265625,480,2026-09-14 23:02:09.293,1854.925
Pulse experiments,pioreactor01,2026-09-14T17:17:09.305Z,0.20197265625,515,2026-09-14 23:02:09.305,1854.925
Pulse experiments,pioreactor01,2026-09-14T17:17:09.316Z,0.23279296875,555,2026-09-14 23:02:09.316,1854.925
Pulse experiments,pioreactor01,2026-09-14T17:17:09.326Z,0.22966796875,590,2026-09-14 23:02:09.326,1854.925
Pulse experiments,pioreactor01,2026-09-14T17:17:09.339Z,0.23693359375,630,2026-09-14 23:02:09.339,1854.925
Pulse experiments,pioreactor01,2026-09-14T17:17:09.347Z,0.12361328125,680,2026-09-14 23:02:09.347,1854.925
Pulse experiments,pioreactor01,2026-09-14T17:17:14.238Z,0.0200390625,415,2026-09-14 23:02:14.238,1854.926388888889
Pulse experiments,pioreactor01,2026-09-14T17:17:14.244Z,0.1588671875,445,2026-09-14 23:02:14.244,1854.926388888889
Pulse experiments,pioreactor01,2026-09-14T17:17:14.252Z,0.17310546875,480,2026-09-14 23:02:14.252,1854.926388888889
Pulse experiments,pioreactor01,2026-09-14T17:17:14.260Z,0.20240234375,515,2026-09-14 23:02:14.260,1854.926388888889
Pulse experiments,pioreactor01,2026-09-14T17:17:14.267Z,0.232578125,555,2026-09-14 23:02:14.267,1854.926388888889
Pulse experiments,pioreactor01,2026-09-14T17:17:14.280Z,0.2292578125,590,2026-09-14 23:02:14.280,1854.926388888889
Pulse experiments,pioreactor01,2026-09-14T17:17:14.293Z,0.23654296875,630,2026-09-14 23:02:14.293,1854.926388888889
Pulse experiments,pioreactor01,2026-09-14T17:17:14.308Z,0.1234765625,680,2026-09-14 23:02:14.308,1854.926388888889
Pulse experiments,pioreactor01,2026-09-14T17:17:19.187Z,0.0200390625,415,2026-09-14 23:02:19.187,1854.927777777778
Pulse experiments,pioreactor01,2026-09-14T17:17:19.190Z,0.15908203125,445,2026-09-14 23:02:19.190,1854.927777777778
Pulse experiments,pioreactor01,2026-09-14T17:17:19.198Z,0.1727734375,480,2026-09-14 23:02:19.198,1854.927777777778
Pulse experiments,pioreactor01,2026-09-14T17:17:19.204Z,0.20220703125,515,2026-09-14 23:02:19.204,1854.927777777778
Pulse experiments,pioreactor01,2026-09-14T17:17:19.210Z,0.2326953125,555,2026-09-14 23:02:19.210,1854.927777777778
Pulse experiments,pioreactor01,2026-09-14T17:17:19.216Z,0.22978515625,590,2026-09-14 23:02:19.216,1854.927777777778
Pulse experiments,pioreactor01,2026-09-14T17:17:19.225Z,0.236796875,630,2026-09-14 23:02:19.225,1854.927777777778
Pulse experiments,pioreactor01,2026-09-14T17:17:19.229Z,0.12345703125,680,2026-09-14 23:02:19.229,1854.927777777778
Pulse experiments,pioreactor01,2026-09-14T17:17:24.214Z,0.01998046875,415,2026-09-14 23:02:24.214,1854.929166666667
Pulse experiments,pioreactor01,2026-09-14T17:17:24.222Z,0.15873046875,445,2026-09-14 23:02:24.222,1854.929166666667
Pulse experiments,pioreactor01,2026-09-14T17:17:24.234Z,0.1726171875,480,2026-09-14 23:02:24.234,1854.929166666667
Pulse experiments,pioreactor01,2026-09-14T17:17:24.243Z,0.20169921875,515,2026-09-14 23:02:24.243,1854.929166666667
Pulse experiments,pioreactor01,2026-09-14T17:17:24.251Z,0.23265625,555,2026-09-14 23:02:24.251,1854.929166666667
Pulse experiments,pioreactor01,2026-09-14T17:17:24.258Z,0.22955078125,590,2026-09-14 23:02:24.258,1854.929166666667
Pulse experiments,pioreactor01,2026-09-14T17:17:24.269Z,0.236796875,630,2026-09-14 23:02:24.269,1854.929166666667
Pulse experiments,pioreactor01,2026-09-14T17:17:24.278Z,0.1237890625,680,2026-09-14 23:02:24.278,1854.929166666667
Pulse experiments,pioreactor01,2026-09-14T17:17:29.231Z,0.02005859375,415,2026-09-14 23:02:29.231,1854.930555555556
Pulse experiments,pioreactor01,2026-09-14T17:17:29.245Z,0.1591015625,445,2026-09-14 23:02:29.245,1854.930555555556
Pulse experiments,pioreactor01,2026-09-14T17:17:29.252Z,0.17314453125,480,2026-09-14 23:02:29.252,1854.930555555556
Pulse experiments,pioreactor01,2026-09-14T17:17:29.264Z,0.20255859375,515,2026-09-14 23:02:29.264,1854.930555555556
Pulse experiments,pioreactor01,2026-09-14T17:17:29.273Z,0.23265625,555,2026-09-14 23:02:29.273,1854.930555555556
Pulse experiments,pioreactor01,2026-09-14T17:17:29.284Z,0.22939453125,590,2026-09-14 23:02:29.284,1854.930555555556
Pulse experiments,pioreactor01,2026-09-14T17:17:29.293Z,0.2364453125,630,2026-09-14 23:02:29.293,1854.930555555556
Pulse experiments,pioreactor01,2026-09-14T17:17:29.300Z,0.1237109375,680,2026-09-14 23:02:29.300,1854.930555555556
Pulse experiments,pioreactor01,2026-09-14T17:17:34.218Z,0.01994140625,415,2026-09-14 23:02:34.218,1854.931944444445
Pulse experiments,pioreactor01,2026-09-14T17:17:34.226Z,0.15857421875,445,2026-09-14 23:02:34.226,1854.931944444445
Pulse experiments,pioreactor01,2026-09-14T17:17:34.233Z,0.17234375,480,2026-09-14 23:02:34.233,1854.931944444445
Pulse experiments,pioreactor01,2026-09-14T17:17:34.239Z,0.20197265625,515,2026-09-14 23:02:34.239,1854.931944444445
Pulse experiments,pioreactor01,2026-09-14T17:17:34.248Z,0.2335546875,555,2026-09-14 23:02:34.248,1854.931944444445
Pulse experiments,pioreactor01,2026-09-14T17:17:34.263Z,0.230234375,590,2026-09-14 23:02:34.263,1854.931944444445
Pulse experiments,pioreactor01,2026-09-14T17:17:34.265Z,0.23740234375,630,2026-09-14 23:02:34.265,1854.931944444445
Pulse experiments,pioreactor01,2026-09-14T17:17:34.272Z,0.12392578125,680,2026-09-14 23:02:34.272,1854.931944444445
Pulse experiments,pioreactor01,2026-09-14T17:17:39.236Z,0.02005859375,415,2026-09-14 23:02:39.236,1854.933333333333
Pulse experiments,pioreactor01,2026-09-14T17:17:39.242Z,0.15904296875,445,2026-09-14 23:02:39.242,1854.933333333333
Pulse experiments,pioreactor01,2026-09-14T17:17:39.248Z,0.173125,480,2026-09-14 23:02:39.248,1854.933333333333
Pulse experiments,pioreactor01,2026-09-14T17:17:39.255Z,0.2025390625,515,2026-09-14 23:02:39.255,1854.933333333333
Pulse experiments,pioreactor01,2026-09-14T17:17:39.262Z,0.23380859375,555,2026-09-14 23:02:39.262,1854.933333333333
Pulse experiments,pioreactor01,2026-09-14T17:17:39.267Z,0.23046875,590,2026-09-14 23:02:39.267,1854.933333333333
Pulse experiments,pioreactor01,2026-09-14T17:17:39.275Z,0.2378515625,630,2026-09-14 23:02:39.275,1854.933333333333
Pulse experiments,pioreactor01,2026-09-14T17:17:39.281Z,0.124140625,680,2026-09-14 23:02:39.281,1854.933333333333
Pulse experiments,pioreactor01,2026-09-14T17:17:44.240Z,0.02001953125,415,2026-09-14 23:02:44.240,1854.934722222222
Pulse experiments,pioreactor01,2026-09-14T17:17:44.246Z,0.15890625,445,2026-09-14 23:02:44.246,1854.934722222222
Pulse experiments,pioreactor01,2026-09-14T17:17:44.256Z,0.1730859375,480,2026-09-14 23:02:44.256,1854.934722222222
Pulse experiments,pioreactor01,2026-09-14T17:17:44.265Z,0.2023828125,515,2026-09-14 23:02:44.265,1854.934722222222
Pulse experiments,pioreactor01,2026-09-14T17:17:44.279Z,0.2337109375,555,2026-09-14 23:02:44.279,1854.934722222222
Pulse experiments,pioreactor01,2026-09-14T17:17:44.286Z,0.23041015625,590,2026-09-14 23:02:44.286,1854.934722222222
Pulse experiments,pioreactor01,2026-09-14T17:17:44.293Z,0.237578125,630,2026-09-14 23:02:44.293,1854.934722222222
Pulse experiments,pioreactor01,2026-09-14T17:17:44.303Z,0.12423828125,680,2026-09-14 23:02:44.303,1854.934722222222
Pulse experiments,pioreactor01,2026-09-14T17:17:49.224Z,0.0200390625,415,2026-09-14 23:02:49.224,1854.936111111111
Pulse experiments,pioreactor01,2026-09-14T17:17:49.227Z,0.15890625,445,2026-09-14 23:02:49.227,1854.936111111111
Pulse experiments,pioreactor01,2026-09-14T17:17:49.235Z,0.1728125,480,2026-09-14 23:02:49.235,1854.936111111111
Pulse experiments,pioreactor01,2026-09-14T17:17:49.242Z,0.2021875,515,2026-09-14 23:02:49.242,1854.936111111111
Pulse experiments,pioreactor01,2026-09-14T17:17:49.249Z,0.23306640625,555,2026-09-14 23:02:49.249,1854.936111111111
Pulse experiments,pioreactor01,2026-09-14T17:17:49.256Z,0.23017578125,590,2026-09-14 23:02:49.256,1854.936111111111
Pulse experiments,pioreactor01,2026-09-14T17:17:49.265Z,0.237421875,630,2026-09-14 23:02:49.265,1854.936111111111
Pulse experiments,pioreactor01,2026-09-14T17:17:49.270Z,0.1238671875,680,2026-09-14 23:02:49.270,1854.936111111111
Pulse experiments,pioreactor01,2026-09-14T17:17:54.257Z,0.0200390625,415,2026-09-14 23:02:54.257,1854.9375
Pulse experiments,pioreactor01,2026-09-14T17:17:54.264Z,0.15923828125,445,2026-09-14 23:02:54.264,1854.9375
Pulse experiments,pioreactor01,2026-09-14T17:17:54.271Z,0.17326171875,480,2026-09-14 23:02:54.271,1854.9375
Pulse experiments,pioreactor01,2026-09-14T17:17:54.278Z,0.20240234375,515,2026-09-14 23:02:54.278,1854.9375
Pulse experiments,pioreactor01,2026-09-14T17:17:54.287Z,0.2347265625,555,2026-09-14 23:02:54.287,1854.9375
Pulse experiments,pioreactor01,2026-09-14T17:17:54.295Z,0.23142578125,590,2026-09-14 23:02:54.295,1854.9375
Pulse experiments,pioreactor01,2026-09-14T17:17:54.307Z,0.2386328125,630,2026-09-14 23:02:54.307,1854.9375
Pulse experiments,pioreactor01,2026-09-14T17:17:54.313Z,0.1248828125,680,2026-09-14 23:02:54.313,1854.9375
Pulse experiments,pioreactor01,2026-09-14T17:17:59.252Z,0.0200390625,415,2026-09-14 23:02:59.252,1854.938888888889
Pulse experiments,pioreactor01,2026-09-14T17:17:59.262Z,0.1591015625,445,2026-09-14 23:02:59.262,1854.938888888889
Pulse experiments,pioreactor01,2026-09-14T17:17:59.274Z,0.17318359375,480,2026-09-14 23:02:59.274,1854.938888888889
Pulse experiments,pioreactor01,2026-09-14T17:17:59.280Z,0.20240234375,515,2026-09-14 23:02:59.280,1854.938888888889
Pulse experiments,pioreactor01,2026-09-14T17:17:59.286Z,0.23390625,555,2026-09-14 23:02:59.286,1854.938888888889
Pulse experiments,pioreactor01,2026-09-14T17:17:59.294Z,0.23033203125,590,2026-09-14 23:02:59.294,1854.938888888889
Pulse experiments,pioreactor01,2026-09-14T17:17:59.301Z,0.23779296875,630,2026-09-14 23:02:59.301,1854.938888888889
Pulse experiments,pioreactor01,2026-09-14T17:17:59.309Z,0.124296875,680,2026-09-14 23:02:59.309,1854.938888888889
Pulse experiments,pioreactor01,2026-09-14T17:18:04.246Z,0.01994140625,415,2026-09-14 23:03:04.246,1854.940277777778
Pulse experiments,pioreactor01,2026-09-14T17:18:04.257Z,0.15837890625,445,2026-09-14 23:03:04.257,1854.940277777778
Pulse experiments,pioreactor01,2026-09-14T17:18:04.265Z,0.1721875,480,2026-09-14 23:03:04.265,1854.940277777778
Pulse experiments,pioreactor01,2026-09-14T17:18:04.283Z,0.2012890625,515,2026-09-14 23:03:04.283,1854.940277777778
Pulse experiments,pioreactor01,2026-09-14T17:18:04.286Z,0.2333203125,555,2026-09-14 23:03:04.286,1854.940277777778
Pulse experiments,pioreactor01,2026-09-14T17:18:04.293Z,0.2303125,590,2026-09-14 23:03:04.293,1854.940277777778
Pulse experiments,pioreactor01,2026-09-14T17:18:04.302Z,0.237421875,630,2026-09-14 23:03:04.302,1854.940277777778
Pulse experiments,pioreactor01,2026-09-14T17:18:04.310Z,0.12412109375,680,2026-09-14 23:03:04.310,1854.940277777778
Pulse experiments,pioreactor01,2026-09-14T17:18:09.230Z,0.0199609375,415,2026-09-14 23:03:09.230,1854.941666666667
Pulse experiments,pioreactor01,2026-09-14T17:18:09.240Z,0.15873046875,445,2026-09-14 23:03:09.240,1854.941666666667
Pulse experiments,pioreactor01,2026-09-14T17:18:09.254Z,0.1726953125,480,2026-09-14 23:03:09.254,1854.941666666667
Pulse experiments,pioreactor01,2026-09-14T17:18:09.263Z,0.20181640625,515,2026-09-14 23:03:09.263,1854.941666666667
Pulse experiments,pioreactor01,2026-09-14T17:18:09.268Z,0.234375,555,2026-09-14 23:03:09.268,1854.941666666667
Pulse experiments,pioreactor01,2026-09-14T17:18:09.275Z,0.2313671875,590,2026-09-14 23:03:09.275,1854.941666666667
Pulse experiments,pioreactor01,2026-09-14T17:18:09.285Z,0.2385546875,630,2026-09-14 23:03:09.285,1854.941666666667
Pulse experiments,pioreactor01,2026-09-14T17:18:09.301Z,0.1242578125,680,2026-09-14 23:03:09.301,1854.941666666667
Pulse experiments,pioreactor01,2026-09-14T17:18:14.237Z,0.02,415,2026-09-14 23:03:14.237,1854.943055555555
Pulse experiments,pioreactor01,2026-09-14T17:18:14.245Z,0.159140625,445,2026-09-14 23:03:14.245,1854.943055555555
Pulse experiments,pioreactor01,2026-09-14T17:18:14.255Z,0.17310546875,480,2026-09-14 23:03:14.255,1854.943055555555
Pulse experiments,pioreactor01,2026-09-14T17:18:14.265Z,0.20232421875,515,2026-09-14 23:03:14.265,1854.943055555555
Pulse experiments,pioreactor01,2026-09-14T17:18:14.271Z,0.2333984375,555,2026-09-14 23:03:14.271,1854.943055555555
Pulse experiments,pioreactor01,2026-09-14T17:18:14.284Z,0.23017578125,590,2026-09-14 23:03:14.284,1854.943055555555
Pulse experiments,pioreactor01,2026-09-14T17:18:14.300Z,0.2373828125,630,2026-09-14 23:03:14.300,1854.943055555555
Pulse experiments,pioreactor01,2026-09-14T17:18:14.308Z,0.12392578125,680,2026-09-14 23:03:14.308,1854.943055555555
Pulse experiments,pioreactor01,2026-09-14T17:18:19.228Z,0.0199609375,415,2026-09-14 23:03:19.228,1854.944444444444
Pulse experiments,pioreactor01,2026-09-14T17:18:19.236Z,0.158984375,445,2026-09-14 23:03:19.236,1854.944444444444
Pulse experiments,pioreactor01,2026-09-14T17:18:19.249Z,0.17302734375,480,2026-09-14 23:03:19.249,1854.944444444444
Pulse experiments,pioreactor01,2026-09-14T17:18:19.254Z,0.2017578125,515,2026-09-14 23:03:19.254,1854.944444444444
Pulse experiments,pioreactor01,2026-09-14T17:18:19.265Z,0.23263671875,555,2026-09-14 23:03:19.265,1854.944444444444
Pulse experiments,pioreactor01,2026-09-14T17:18:19.272Z,0.22955078125,590,2026-09-14 23:03:19.272,1854.944444444444
Pulse experiments,pioreactor01,2026-09-14T17:18:19.282Z,0.23671875,630,2026-09-14 23:03:19.282,1854.944444444444
Pulse experiments,pioreactor01,2026-09-14T17:18:19.296Z,0.123671875,680,2026-09-14 23:03:19.296,1854.944444444444
Pulse experiments,pioreactor01,2026-09-14T17:18:24.219Z,0.02001953125,415,2026-09-14 23:03:24.219,1854.945833333333
Pulse experiments,pioreactor01,2026-09-14T17:18:24.225Z,0.15923828125,445,2026-09-14 23:03:24.225,1854.945833333333
Pulse experiments,pioreactor01,2026-09-14T17:18:24.233Z,0.173125,480,2026-09-14 23:03:24.233,1854.945833333333
Pulse experiments,pioreactor01,2026-09-14T17:18:24.243Z,0.20236328125,515,2026-09-14 23:03:24.243,1854.945833333333
Pulse experiments,pioreactor01,2026-09-14T17:18:24.249Z,0.233125,555,2026-09-14 23:03:24.249,1854.945833333333
Pulse experiments,pioreactor01,2026-09-14T17:18:24.259Z,0.22990234375,590,2026-09-14 23:03:24.259,1854.945833333333
Pulse experiments,pioreactor01,2026-09-14T17:18:24.266Z,0.23724609375,630,2026-09-14 23:03:24.266,1854.945833333333
Pulse experiments,pioreactor01,2026-09-14T17:18:24.282Z,0.12388671875,680,2026-09-14 23:03:24.282,1854.945833333333
Pulse experiments,pioreactor01,2026-09-14T17:18:29.233Z,0.020078125,415,2026-09-14 23:03:29.233,1854.947222222222
Pulse experiments,pioreactor01,2026-09-14T17:18:29.245Z,0.15931640625,445,2026-09-14 23:03:29.245,1854.947222222222
Pulse experiments,pioreactor01,2026-09-14T17:18:29.249Z,0.17326171875,480,2026-09-14 23:03:29.249,1854.947222222222
Pulse experiments,pioreactor01,2026-09-14T17:18:29.263Z,0.20275390625,515,2026-09-14 23:03:29.263,1854.947222222222
Pulse experiments,pioreactor01,2026-09-14T17:18:29.267Z,0.2341015625,555,2026-09-14 23:03:29.267,1854.947222222222
Pulse experiments,pioreactor01,2026-09-14T17:18:29.277Z,0.2307421875,590,2026-09-14 23:03:29.277,1854.947222222222
Pulse experiments,pioreactor01,2026-09-14T17:18:29.287Z,0.23814453125,630,2026-09-14 23:03:29.287,1854.947222222222
Pulse experiments,pioreactor01,2026-09-14T17:18:29.295Z,0.12419921875,680,2026-09-14 23:03:29.295,1854.947222222222
Pulse experiments,pioreactor01,2026-09-14T17:18:34.203Z,0.01998046875,415,2026-09-14 23:03:34.203,1854.948611111111
Pulse experiments,pioreactor01,2026-09-14T17:18:34.210Z,0.159140625,445,2026-09-14 23:03:34.210,1854.948611111111
Pulse experiments,pioreactor01,2026-09-14T17:18:34.217Z,0.173203125,480,2026-09-14 23:03:34.217,1854.948611111111
Pulse experiments,pioreactor01,2026-09-14T17:18:34.227Z,0.202421875,515,2026-09-14 23:03:34.227,1854.948611111111
Pulse experiments,pioreactor01,2026-09-14T17:18:34.236Z,0.23330078125,555,2026-09-14 23:03:34.236,1854.948611111111
Pulse experiments,pioreactor01,2026-09-14T17:18:34.244Z,0.22998046875,590,2026-09-14 23:03:34.244,1854.948611111111
Pulse experiments,pioreactor01,2026-09-14T17:18:34.253Z,0.2373828125,630,2026-09-14 23:03:34.253,1854.948611111111
Pulse experiments,pioreactor01,2026-09-14T17:18:34.261Z,0.1238671875,680,2026-09-14 23:03:34.261,1854.948611111111
Pulse experiments,pioreactor01,2026-09-14T17:18:39.196Z,0.01994140625,415,2026-09-14 23:03:39.196,1854.95
Pulse experiments,pioreactor01,2026-09-14T17:18:39.211Z,0.15861328125,445,2026-09-14 23:03:39.211,1854.95
Pulse experiments,pioreactor01,2026-09-14T17:18:39.221Z,0.172421875,480,2026-09-14 23:03:39.221,1854.95
Pulse experiments,pioreactor01,2026-09-14T17:18:39.230Z,0.2014453125,515,2026-09-14 23:03:39.230,1854.95
Pulse experiments,pioreactor01,2026-09-14T17:18:39.239Z,0.2327734375,555,2026-09-14 23:03:39.239,1854.95
Pulse experiments,pioreactor01,2026-09-14T17:18:39.245Z,0.22966796875,590,2026-09-14 23:03:39.245,1854.95
Pulse experiments,pioreactor01,2026-09-14T17:18:39.250Z,0.236953125,630,2026-09-14 23:03:39.250,1854.95
Pulse experiments,pioreactor01,2026-09-14T17:18:39.258Z,0.12373046875,680,2026-09-14 23:03:39.258,1854.95
Pulse experiments,pioreactor01,2026-09-14T17:18:44.210Z,0.02001953125,415,2026-09-14 23:03:44.210,1854.951388888889
Pulse experiments,pioreactor01,2026-09-14T17:18:44.223Z,0.1587890625,445,2026-09-14 23:03:44.223,1854.951388888889
Pulse experiments,pioreactor01,2026-09-14T17:18:44.231Z,0.17298828125,480,2026-09-14 23:03:44.231,1854.951388888889
Pulse experiments,pioreactor01,2026-09-14T17:18:44.241Z,0.20208984375,515,2026-09-14 23:03:44.241,1854.951388888889
Pulse experiments,pioreactor01,2026-09-14T17:18:44.249Z,0.233984375,555,2026-09-14 23:03:44.249,1854.951388888889
Pulse experiments,pioreactor01,2026-09-14T17:18:44.258Z,0.23060546875,590,2026-09-14 23:03:44.258,1854.951388888889
Pulse experiments,pioreactor01,2026-09-14T17:18:44.271Z,0.2377734375,630,2026-09-14 23:03:44.271,1854.951388888889
Pulse experiments,pioreactor01,2026-09-14T17:18:44.280Z,0.12423828125,680,2026-09-14 23:03:44.280,1854.951388888889
Pulse experiments,pioreactor01,2026-09-14T17:18:49.232Z,0.0201171875,415,2026-09-14 23:03:49.232,1854.952777777778
Pulse experiments,pioreactor01,2026-09-14T17:18:49.237Z,0.15982421875,445,2026-09-14 23:03:49.237,1854.952777777778
Pulse experiments,pioreactor01,2026-09-14T17:18:49.246Z,0.17412109375,480,2026-09-14 23:03:49.246,1854.952777777778
Pulse experiments,pioreactor01,2026-09-14T17:18:49.257Z,0.2034375,515,2026-09-14 23:03:49.257,1854.952777777778
Pulse experiments,pioreactor01,2026-09-14T17:18:49.265Z,0.23396484375,555,2026-09-14 23:03:49.265,1854.952777777778
Pulse experiments,pioreactor01,2026-09-14T17:18:49.275Z,0.23046875,590,2026-09-14 23:03:49.275,1854.952777777778
Pulse experiments,pioreactor01,2026-09-14T17:18:49.285Z,0.238125,630,2026-09-14 23:03:49.285,1854.952777777778
Pulse experiments,pioreactor01,2026-09-14T17:18:49.293Z,0.12427734375,680,2026-09-14 23:03:49.293,1854.952777777778
Pulse experiments,pioreactor01,2026-09-14T17:18:54.219Z,0.01927734375,415,2026-09-14 23:03:54.219,1854.954166666667
Pulse experiments,pioreactor01,2026-09-14T17:18:54.233Z,0.15037109375,445,2026-09-14 23:03:54.233,1854.954166666667
Pulse experiments,pioreactor01,2026-09-14T17:18:54.238Z,0.1592578125,480,2026-09-14 23:03:54.238,1854.954166666667
Pulse experiments,pioreactor01,2026-09-14T17:18:54.249Z,0.18578125,515,2026-09-14 23:03:54.249,1854.954166666667
Pulse experiments,pioreactor01,2026-09-14T17:18:54.258Z,0.2241015625,555,2026-09-14 23:03:54.258,1854.954166666667
Pulse experiments,pioreactor01,2026-09-14T17:18:54.265Z,0.2287890625,590,2026-09-14 23:03:54.265,1854.954166666667
Pulse experiments,pioreactor01,2026-09-14T17:18:54.274Z,0.2362109375,630,2026-09-14 23:03:54.274,1854.954166666667
Pulse experiments,pioreactor01,2026-09-14T17:18:54.288Z,0.12306640625,680,2026-09-14 23:03:54.288,1854.954166666667
Pulse experiments,pioreactor01,2026-09-14T17:18:59.234Z,0.01931640625,415,2026-09-14 23:03:59.234,1854.955555555556
Pulse experiments,pioreactor01,2026-09-14T17:18:59.239Z,0.15125,445,2026-09-14 23:03:59.239,1854.955555555556
Pulse experiments,pioreactor01,2026-09-14T17:18:59.246Z,0.16056640625,480,2026-09-14 23:03:59.246,1854.955555555556
Pulse experiments,pioreactor01,2026-09-14T17:18:59.253Z,0.1871484375,515,2026-09-14 23:03:59.253,1854.955555555556
Pulse experiments,pioreactor01,2026-09-14T17:18:59.260Z,0.22423828125,555,2026-09-14 23:03:59.260,1854.955555555556
Pulse experiments,pioreactor01,2026-09-14T17:18:59.267Z,0.22853515625,590,2026-09-14 23:03:59.267,1854.955555555556
Pulse experiments,pioreactor01,2026-09-14T17:18:59.275Z,0.23580078125,630,2026-09-14 23:03:59.275,1854.955555555556
Pulse experiments,pioreactor01,2026-09-14T17:18:59.284Z,0.122890625,680,2026-09-14 23:03:59.284,1854.955555555556
Pulse experiments,pioreactor01,2026-09-14T17:19:04.231Z,0.01943359375,415,2026-09-14 23:04:04.231,1854.956944444444
Pulse experiments,pioreactor01,2026-09-14T17:19:04.237Z,0.1523046875,445,2026-09-14 23:04:04.237,1854.956944444444
Pulse experiments,pioreactor01,2026-09-14T17:19:04.243Z,0.1616796875,480,2026-09-14 23:04:04.243,1854.956944444444
Pulse experiments,pioreactor01,2026-09-14T17:19:04.250Z,0.18884765625,515,2026-09-14 23:04:04.250,1854.956944444444
Pulse experiments,pioreactor01,2026-09-14T17:19:04.262Z,0.22546875,555,2026-09-14 23:04:04.262,1854.956944444444
Pulse experiments,pioreactor01,2026-09-14T17:19:04.270Z,0.22927734375,590,2026-09-14 23:04:04.270,1854.956944444444
Pulse experiments,pioreactor01,2026-09-14T17:19:04.280Z,0.23669921875,630,2026-09-14 23:04:04.280,1854.956944444444
Pulse experiments,pioreactor01,2026-09-14T17:19:04.286Z,0.1235546875,680,2026-09-14 23:04:04.286,1854.956944444444
Pulse experiments,pioreactor01,2026-09-14T17:19:09.200Z,0.019375,415,2026-09-14 23:04:09.200,1854.958333333333
Pulse experiments,pioreactor01,2026-09-14T17:19:09.203Z,0.15208984375,445,2026-09-14 23:04:09.203,1854.958333333333
Pulse experiments,pioreactor01,2026-09-14T17:19:09.217Z,0.16140625,480,2026-09-14 23:04:09.217,1854.958333333333
Pulse experiments,pioreactor01,2026-09-14T17:19:09.220Z,0.1884375,515,2026-09-14 23:04:09.220,1854.958333333333
Pulse experiments,pioreactor01,2026-09-14T17:19:09.226Z,0.22501953125,555,2026-09-14 23:04:09.226,1854.958333333333
Pulse experiments,pioreactor01,2026-09-14T17:19:09.234Z,0.22875,590,2026-09-14 23:04:09.234,1854.958333333333
Pulse experiments,pioreactor01,2026-09-14T17:19:09.243Z,0.23625,630,2026-09-14 23:04:09.243,1854.958333333333
Pulse experiments,pioreactor01,2026-09-14T17:19:09.249Z,0.1231640625,680,2026-09-14 23:04:09.249,1854.958333333333
Pulse experiments,pioreactor01,2026-09-14T17:19:14.218Z,0.01947265625,415,2026-09-14 23:04:14.218,1854.959722222222
Pulse experiments,pioreactor01,2026-09-14T17:19:14.224Z,0.15240234375,445,2026-09-14 23:04:14.224,1854.959722222222
Pulse experiments,pioreactor01,2026-09-14T17:19:14.225Z,0.16212890625,480,2026-09-14 23:04:14.225,1854.959722222222
Pulse experiments,pioreactor01,2026-09-14T17:19:14.229Z,0.18931640625,515,2026-09-14 23:04:14.229,1854.959722222222
Pulse experiments,pioreactor01,2026-09-14T17:19:14.235Z,0.2251953125,555,2026-09-14 23:04:14.235,1854.959722222222
Pulse experiments,pioreactor01,2026-09-14T17:19:14.245Z,0.228203125,590,2026-09-14 23:04:14.245,1854.959722222222
Pulse experiments,pioreactor01,2026-09-14T17:19:14.250Z,0.23560546875,630,2026-09-14 23:04:14.250,1854.959722222222
Pulse experiments,pioreactor01,2026-09-14T17:19:14.264Z,0.122890625,680,2026-09-14 23:04:14.264,1854.959722222222
Pulse experiments,pioreactor01,2026-09-14T17:19:19.245Z,0.019453125,415,2026-09-14 23:04:19.245,1854.961111111111
Pulse experiments,pioreactor01,2026-09-14T17:19:19.252Z,0.15271484375,445,2026-09-14 23:04:19.252,1854.961111111111
Pulse experiments,pioreactor01,2026-09-14T17:19:19.262Z,0.1625390625,480,2026-09-14 23:04:19.262,1854.961111111111
Pulse experiments,pioreactor01,2026-09-14T17:19:19.270Z,0.18955078125,515,2026-09-14 23:04:19.270,1854.961111111111
Pulse experiments,pioreactor01,2026-09-14T17:19:19.280Z,0.22552734375,555,2026-09-14 23:04:19.280,1854.961111111111
Pulse experiments,pioreactor01,2026-09-14T17:19:19.289Z,0.22828125,590,2026-09-14 23:04:19.289,1854.961111111111
Pulse experiments,pioreactor01,2026-09-14T17:19:19.296Z,0.23578125,630,2026-09-14 23:04:19.296,1854.961111111111
Pulse experiments,pioreactor01,2026-09-14T17:19:19.302Z,0.1228125,680,2026-09-14 23:04:19.302,1854.961111111111
Pulse experiments,pioreactor01,2026-09-14T17:19:24.236Z,0.01947265625,415,2026-09-14 23:04:24.236,1854.9625
Pulse experiments,pioreactor01,2026-09-14T17:19:24.245Z,0.15263671875,445,2026-09-14 23:04:24.245,1854.9625
Pulse experiments,pioreactor01,2026-09-14T17:19:24.254Z,0.1625390625,480,2026-09-14 23:04:24.254,1854.9625
Pulse experiments,pioreactor01,2026-09-14T17:19:24.262Z,0.1898046875,515,2026-09-14 23:04:24.262,1854.9625
Pulse experiments,pioreactor01,2026-09-14T17:19:24.269Z,0.22640625,555,2026-09-14 23:04:24.269,1854.9625
Pulse experiments,pioreactor01,2026-09-14T17:19:24.276Z,0.22923828125,590,2026-09-14 23:04:24.276,1854.9625
Pulse experiments,pioreactor01,2026-09-14T17:19:24.284Z,0.23685546875,630,2026-09-14 23:04:24.284,1854.9625
Pulse experiments,pioreactor01,2026-09-14T17:19:24.292Z,0.12330078125,680,2026-09-14 23:04:24.292,1854.9625
Pulse experiments,pioreactor01,2026-09-14T17:19:29.214Z,0.019453125,415,2026-09-14 23:04:29.214,1854.963888888889
Pulse experiments,pioreactor01,2026-09-14T17:19:29.222Z,0.15275390625,445,2026-09-14 23:04:29.222,1854.963888888889
Pulse experiments,pioreactor01,2026-09-14T17:19:29.228Z,0.1628515625,480,2026-09-14 23:04:29.228,1854.963888888889
Pulse experiments,pioreactor01,2026-09-14T17:19:29.238Z,0.1900390625,515,2026-09-14 23:04:29.238,1854.963888888889
Pulse experiments,pioreactor01,2026-09-14T17:19:29.249Z,0.2259765625,555,2026-09-14 23:04:29.249,1854.963888888889
Pulse experiments,pioreactor01,2026-09-14T17:19:29.257Z,0.22845703125,590,2026-09-14 23:04:29.257,1854.963888888889
Pulse experiments,pioreactor01,2026-09-14T17:19:29.264Z,0.23546875,630,2026-09-14 23:04:29.264,1854.963888888889
Pulse experiments,pioreactor01,2026-09-14T17:19:29.275Z,0.12287109375,680,2026-09-14 23:04:29.275,1854.963888888889
Pulse experiments,pioreactor01,2026-09-14T17:19:34.219Z,0.01947265625,415,2026-09-14 23:04:34.219,1854.965277777778
Pulse experiments,pioreactor01,2026-09-14T17:19:34.233Z,0.1530078125,445,2026-09-14 23:04:34.233,1854.965277777778
Pulse experiments,pioreactor01,2026-09-14T17:19:34.241Z,0.1635546875,480,2026-09-14 23:04:34.241,1854.965277777778
Pulse experiments,pioreactor01,2026-09-14T17:19:34.251Z,0.1905078125,515,2026-09-14 23:04:34.251,1854.965277777778
Pulse experiments,pioreactor01,2026-09-14T17:19:34.261Z,0.22595703125,555,2026-09-14 23:04:34.261,1854.965277777778
Pulse experiments,pioreactor01,2026-09-14T17:19:34.270Z,0.228046875,590,2026-09-14 23:04:34.270,1854.965277777778
Pulse experiments,pioreactor01,2026-09-14T17:19:34.282Z,0.2355859375,630,2026-09-14 23:04:34.282,1854.965277777778
Pulse experiments,pioreactor01,2026-09-14T17:19:34.287Z,0.1226171875,680,2026-09-14 23:04:34.287,1854.965277777778
Pulse experiments,pioreactor01,2026-09-14T17:19:39.211Z,0.01962890625,415,2026-09-14 23:04:39.211,1854.966666666667
Pulse experiments,pioreactor01,2026-09-14T17:19:39.221Z,0.154296875,445,2026-09-14 23:04:39.221,1854.966666666667
Pulse experiments,pioreactor01,2026-09-14T17:19:39.227Z,0.16458984375,480,2026-09-14 23:04:39.227,1854.966666666667
Pulse experiments,pioreactor01,2026-09-14T17:19:39.237Z,0.19228515625,515,2026-09-14 23:04:39.237,1854.966666666667
Pulse experiments,pioreactor01,2026-09-14T17:19:39.244Z,0.22712890625,555,2026-09-14 23:04:39.244,1854.966666666667
Pulse experiments,pioreactor01,2026-09-14T17:19:39.258Z,0.22916015625,590,2026-09-14 23:04:39.258,1854.966666666667
Pulse experiments,pioreactor01,2026-09-14T17:19:39.267Z,0.236328125,630,2026-09-14 23:04:39.267,1854.966666666667
Pulse experiments,pioreactor01,2026-09-14T17:19:39.272Z,0.12330078125,680,2026-09-14 23:04:39.272,1854.966666666667
Pulse experiments,pioreactor01,2026-09-14T17:19:44.214Z,0.01958984375,415,2026-09-14 23:04:44.214,1854.968055555556
Pulse experiments,pioreactor01,2026-09-14T17:19:44.223Z,0.1540625,445,2026-09-14 23:04:44.223,1854.968055555556
Pulse experiments,pioreactor01,2026-09-14T17:19:44.230Z,0.1647265625,480,2026-09-14 23:04:44.230,1854.968055555556
Pulse experiments,pioreactor01,2026-09-14T17:19:44.236Z,0.19203125,515,2026-09-14 23:04:44.236,1854.968055555556
Pulse experiments,pioreactor01,2026-09-14T17:19:44.246Z,0.2276171875,555,2026-09-14 23:04:44.246,1854.968055555556
Pulse experiments,pioreactor01,2026-09-14T17:19:44.254Z,0.22912109375,590,2026-09-14 23:04:44.254,1854.968055555556
Pulse experiments,pioreactor01,2026-09-14T17:19:44.260Z,0.23662109375,630,2026-09-14 23:04:44.260,1854.968055555556
Pulse experiments,pioreactor01,2026-09-14T17:19:44.272Z,0.12337890625,680,2026-09-14 23:04:44.272,1854.968055555556
Pulse experiments,pioreactor01,2026-09-14T17:19:49.220Z,0.01958984375,415,2026-09-14 23:04:49.220,1854.969444444444
Pulse experiments,pioreactor01,2026-09-14T17:19:49.230Z,0.15431640625,445,2026-09-14 23:04:49.230,1854.969444444444
Pulse experiments,pioreactor01,2026-09-14T17:19:49.236Z,0.16509765625,480,2026-09-14 23:04:49.236,1854.969444444444
Pulse experiments,pioreactor01,2026-09-14T17:19:49.245Z,0.192734375,515,2026-09-14 23:04:49.245,1854.969444444444
Pulse experiments,pioreactor01,2026-09-14T17:19:49.253Z,0.228515625,555,2026-09-14 23:04:49.253,1854.969444444444
Pulse experiments,pioreactor01,2026-09-14T17:19:49.262Z,0.23029296875,590,2026-09-14 23:04:49.262,1854.969444444444
Pulse experiments,pioreactor01,2026-09-14T17:19:49.274Z,0.23744140625,630,2026-09-14 23:04:49.274,1854.969444444444
Pulse experiments,pioreactor01,2026-09-14T17:19:49.284Z,0.12373046875,680,2026-09-14 23:04:49.284,1854.969444444444
Pulse experiments,pioreactor01,2026-09-14T17:19:54.204Z,0.01955078125,415,2026-09-14 23:04:54.204,1854.970833333333
Pulse experiments,pioreactor01,2026-09-14T17:19:54.214Z,0.1539453125,445,2026-09-14 23:04:54.214,1854.970833333333
Pulse experiments,pioreactor01,2026-09-14T17:19:54.226Z,0.164921875,480,2026-09-14 23:04:54.226,1854.970833333333
Pulse experiments,pioreactor01,2026-09-14T17:19:54.236Z,0.19236328125,515,2026-09-14 23:04:54.236,1854.970833333333
Pulse experiments,pioreactor01,2026-09-14T17:19:54.249Z,0.2273828125,555,2026-09-14 23:04:54.249,1854.970833333333
Pulse experiments,pioreactor01,2026-09-14T17:19:54.257Z,0.2286328125,590,2026-09-14 23:04:54.257,1854.970833333333
Pulse experiments,pioreactor01,2026-09-14T17:19:54.261Z,0.23607421875,630,2026-09-14 23:04:54.261,1854.970833333333
Pulse experiments,pioreactor01,2026-09-14T17:19:54.267Z,0.123125,680,2026-09-14 23:04:54.267,1854.970833333333
Pulse experiments,pioreactor01,2026-09-14T17:19:59.238Z,0.0196484375,415,2026-09-14 23:04:59.238,1854.972222222222
Pulse experiments,pioreactor01,2026-09-14T17:19:59.241Z,0.1548828125,445,2026-09-14 23:04:59.241,1854.972222222222
Pulse experiments,pioreactor01,2026-09-14T17:19:59.250Z,0.1658203125,480,2026-09-14 23:04:59.250,1854.972222222222
Pulse experiments,pioreactor01,2026-09-14T17:19:59.256Z,0.19353515625,515,2026-09-14 23:04:59.256,1854.972222222222
Pulse experiments,pioreactor01,2026-09-14T17:19:59.268Z,0.2280859375,555,2026-09-14 23:04:59.268,1854.972222222222
Pulse experiments,pioreactor01,2026-09-14T17:19:59.277Z,0.22912109375,590,2026-09-14 23:04:59.277,1854.972222222222
Pulse experiments,pioreactor01,2026-09-14T17:19:59.284Z,0.236484375,630,2026-09-14 23:04:59.284,1854.972222222222
Pulse experiments,pioreactor01,2026-09-14T17:19:59.291Z,0.1234375,680,2026-09-14 23:04:59.291,1854.972222222222
Pulse experiments,pioreactor01,2026-09-14T17:20:04.244Z,0.019609375,415,2026-09-14 23:05:04.244,1854.973611111111
Pulse experiments,pioreactor01,2026-09-14T17:20:04.249Z,0.1547265625,445,2026-09-14 23:05:04.249,1854.973611111111
Pulse experiments,pioreactor01,2026-09-14T17:20:04.257Z,0.16591796875,480,2026-09-14 23:05:04.257,1854.973611111111
Pulse experiments,pioreactor01,2026-09-14T17:20:04.265Z,0.1935546875,515,2026-09-14 23:05:04.265,1854.973611111111
Pulse experiments,pioreactor01,2026-09-14T17:20:04.272Z,0.22755859375,555,2026-09-14 23:05:04.272,1854.973611111111
Pulse experiments,pioreactor01,2026-09-14T17:20:04.281Z,0.2283203125,590,2026-09-14 23:05:04.281,1854.973611111111
Pulse experiments,pioreactor01,2026-09-14T17:20:04.294Z,0.2356640625,630,2026-09-14 23:05:04.294,1854.973611111111
Pulse experiments,pioreactor01,2026-09-14T17:20:04.299Z,0.1229296875,680,2026-09-14 23:05:04.299,1854.973611111111
Pulse experiments,pioreactor01,2026-09-14T17:20:09.231Z,0.0196484375,415,2026-09-14 23:05:09.231,1854.975
Pulse experiments,pioreactor01,2026-09-14T17:20:09.240Z,0.155390625,445,2026-09-14 23:05:09.240,1854.975
Pulse experiments,pioreactor01,2026-09-14T17:20:09.245Z,0.1665234375,480,2026-09-14 23:05:09.245,1854.975
Pulse experiments,pioreactor01,2026-09-14T17:20:09.255Z,0.194296875,515,2026-09-14 23:05:09.255,1854.975
Pulse experiments,pioreactor01,2026-09-14T17:20:09.266Z,0.22955078125,555,2026-09-14 23:05:09.266,1854.975
Pulse experiments,pioreactor01,2026-09-14T17:20:09.274Z,0.23015625,590,2026-09-14 23:05:09.274,1854.975
Pulse experiments,pioreactor01,2026-09-14T17:20:09.283Z,0.23794921875,630,2026-09-14 23:05:09.283,1854.975
Pulse experiments,pioreactor01,2026-09-14T17:20:09.294Z,0.12400390625,680,2026-09-14 23:05:09.294,1854.975
Pulse experiments,pioreactor01,2026-09-14T17:20:14.233Z,0.01962890625,415,2026-09-14 23:05:14.233,1854.976388888889
Pulse experiments,pioreactor01,2026-09-14T17:20:14.244Z,0.15501953125,445,2026-09-14 23:05:14.244,1854.976388888889
Pulse experiments,pioreactor01,2026-09-14T17:20:14.251Z,0.16630859375,480,2026-09-14 23:05:14.251,1854.976388888889
Pulse experiments,pioreactor01,2026-09-14T17:20:14.258Z,0.19400390625,515,2026-09-14 23:05:14.258,1854.976388888889
Pulse experiments,pioreactor01,2026-09-14T17:20:14.267Z,0.229375,555,2026-09-14 23:05:14.267,1854.976388888889
Pulse experiments,pioreactor01,2026-09-14T17:20:14.275Z,0.23009765625,590,2026-09-14 23:05:14.275,1854.976388888889
Pulse experiments,pioreactor01,2026-09-14T17:20:14.282Z,0.23763671875,630,2026-09-14 23:05:14.282,1854.976388888889
Pulse experiments,pioreactor01,2026-09-14T17:20:14.288Z,0.1237109375,680,2026-09-14 23:05:14.288,1854.976388888889
Pulse experiments,pioreactor01,2026-09-14T17:20:19.234Z,0.0196875,415,2026-09-14 23:05:19.234,1854.977777777778
Pulse experiments,pioreactor01,2026-09-14T17:20:19.242Z,0.1554296875,445,2026-09-14 23:05:19.242,1854.977777777778
Pulse experiments,pioreactor01,2026-09-14T17:20:19.251Z,0.16673828125,480,2026-09-14 23:05:19.251,1854.977777777778
Pulse experiments,pioreactor01,2026-09-14T17:20:19.261Z,0.19466796875,515,2026-09-14 23:05:19.261,1854.977777777778
Pulse experiments,pioreactor01,2026-09-14T17:20:19.272Z,0.2293359375,555,2026-09-14 23:05:19.272,1854.977777777778
Pulse experiments,pioreactor01,2026-09-14T17:20:19.280Z,0.22990234375,590,2026-09-14 23:05:19.280,1854.977777777778
Pulse experiments,pioreactor01,2026-09-14T17:20:19.292Z,0.23697265625,630,2026-09-14 23:05:19.292,1854.977777777778
Pulse experiments,pioreactor01,2026-09-14T17:20:19.297Z,0.12380859375,680,2026-09-14 23:05:19.297,1854.977777777778
Pulse experiments,pioreactor01,2026-09-14T17:20:24.204Z,0.01970703125,415,2026-09-14 23:05:24.204,1854.979166666667
Pulse experiments,pioreactor01,2026-09-14T17:20:24.215Z,0.155546875,445,2026-09-14 23:05:24.215,1854.979166666667
Pulse experiments,pioreactor01,2026-09-14T17:20:24.225Z,0.1671875,480,2026-09-14 23:05:24.225,1854.979166666667
Pulse experiments,pioreactor01,2026-09-14T17:20:24.234Z,0.19513671875,515,2026-09-14 23:05:24.234,1854.979166666667
Pulse experiments,pioreactor01,2026-09-14T17:20:24.241Z,0.2289453125,555,2026-09-14 23:05:24.241,1854.979166666667
Pulse experiments,pioreactor01,2026-09-14T17:20:24.248Z,0.22916015625,590,2026-09-14 23:05:24.248,1854.979166666667
Pulse experiments,pioreactor01,2026-09-14T17:20:24.254Z,0.23671875,630,2026-09-14 23:05:24.254,1854.979166666667
Pulse experiments,pioreactor01,2026-09-14T17:20:24.262Z,0.12357421875,680,2026-09-14 23:05:24.262,1854.979166666667
Pulse experiments,pioreactor01,2026-09-14T17:20:29.243Z,0.01978515625,415,2026-09-14 23:05:29.243,1854.980555555556
Pulse experiments,pioreactor01,2026-09-14T17:20:29.255Z,0.1561328125,445,2026-09-14 23:05:29.255,1854.980555555556
Pulse experiments,pioreactor01,2026-09-14T17:20:29.261Z,0.16810546875,480,2026-09-14 23:05:29.261,1854.980555555556
Pulse experiments,pioreactor01,2026-09-14T17:20:29.277Z,0.19599609375,515,2026-09-14 23:05:29.277,1854.980555555556
Pulse experiments,pioreactor01,2026-09-14T17:20:29.284Z,0.22931640625,555,2026-09-14 23:05:29.284,1854.980555555556
Pulse experiments,pioreactor01,2026-09-14T17:20:29.295Z,0.2291015625,590,2026-09-14 23:05:29.295,1854.980555555556
Pulse experiments,pioreactor01,2026-09-14T17:20:29.302Z,0.2369140625,630,2026-09-14 23:05:29.302,1854.980555555556
Pulse experiments,pioreactor01,2026-09-14T17:20:29.310Z,0.12349609375,680,2026-09-14 23:05:29.310,1854.980555555556
Pulse experiments,pioreactor01,2026-09-14T17:20:34.231Z,0.01970703125,415,2026-09-14 23:05:34.231,1854.981944444444
Pulse experiments,pioreactor01,2026-09-14T17:20:34.239Z,0.1558984375,445,2026-09-14 23:05:34.239,1854.981944444444
Pulse experiments,pioreactor01,2026-09-14T17:20:34.251Z,0.16751953125,480,2026-09-14 23:05:34.251,1854.981944444444
Pulse experiments,pioreactor01,2026-09-14T17:20:34.258Z,0.1955078125,515,2026-09-14 23:05:34.258,1854.981944444444
Pulse experiments,pioreactor01,2026-09-14T17:20:34.269Z,0.2293359375,555,2026-09-14 23:05:34.269,1854.981944444444
Pulse experiments,pioreactor01,2026-09-14T17:20:34.277Z,0.22947265625,590,2026-09-14 23:05:34.277,1854.981944444444
Pulse experiments,pioreactor01,2026-09-14T17:20:34.288Z,0.2369140625,630,2026-09-14 23:05:34.288,1854.981944444444
Pulse experiments,pioreactor01,2026-09-14T17:20:34.295Z,0.1235546875,680,2026-09-14 23:05:34.295,1854.981944444444
Pulse experiments,pioreactor01,2026-09-14T17:20:39.207Z,0.01974609375,415,2026-09-14 23:05:39.207,1854.983333333333
Pulse experiments,pioreactor01,2026-09-14T17:20:39.217Z,0.15587890625,445,2026-09-14 23:05:39.217,1854.983333333333
Pulse experiments,pioreactor01,2026-09-14T17:20:39.228Z,0.16783203125,480,2026-09-14 23:05:39.228,1854.983333333333
Pulse experiments,pioreactor01,2026-09-14T17:20:39.234Z,0.19583984375,515,2026-09-14 23:05:39.234,1854.983333333333
Pulse experiments,pioreactor01,2026-09-14T17:20:39.242Z,0.22984375,555,2026-09-14 23:05:39.242,1854.983333333333
Pulse experiments,pioreactor01,2026-09-14T17:20:39.249Z,0.22962890625,590,2026-09-14 23:05:39.249,1854.983333333333
Pulse experiments,pioreactor01,2026-09-14T17:20:39.257Z,0.23748046875,630,2026-09-14 23:05:39.257,1854.983333333333
Pulse experiments,pioreactor01,2026-09-14T17:20:39.264Z,0.12375,680,2026-09-14 23:05:39.264,1854.983333333333
Pulse experiments,pioreactor01,2026-09-14T17:20:44.232Z,0.01984375,415,2026-09-14 23:05:44.232,1854.984722222222
Pulse experiments,pioreactor01,2026-09-14T17:20:44.244Z,0.15658203125,445,2026-09-14 23:05:44.244,1854.984722222222
Pulse experiments,pioreactor01,2026-09-14T17:20:44.249Z,0.1687890625,480,2026-09-14 23:05:44.249,1854.984722222222
Pulse experiments,pioreactor01,2026-09-14T17:20:44.257Z,0.1968359375,515,2026-09-14 23:05:44.257,1854.984722222222
Pulse experiments,pioreactor01,2026-09-14T17:20:44.265Z,0.229375,555,2026-09-14 23:05:44.265,1854.984722222222
Pulse experiments,pioreactor01,2026-09-14T17:20:44.275Z,0.22876953125,590,2026-09-14 23:05:44.275,1854.984722222222
Pulse experiments,pioreactor01,2026-09-14T17:20:44.283Z,0.23642578125,630,2026-09-14 23:05:44.283,1854.984722222222
Pulse experiments,pioreactor01,2026-09-14T17:20:44.290Z,0.12333984375,680,2026-09-14 23:05:44.290,1854.984722222222
Pulse experiments,pioreactor01,2026-09-14T17:20:49.223Z,0.01966796875,415,2026-09-14 23:05:49.223,1854.986111111111
Pulse experiments,pioreactor01,2026-09-14T17:20:49.230Z,0.15576171875,445,2026-09-14 23:05:49.230,1854.986111111111
Pulse experiments,pioreactor01,2026-09-14T17:20:49.243Z,0.167890625,480,2026-09-14 23:05:49.243,1854.986111111111
Pulse experiments,pioreactor01,2026-09-14T17:20:49.256Z,0.19578125,515,2026-09-14 23:05:49.256,1854.986111111111
Pulse experiments,pioreactor01,2026-09-14T17:20:49.264Z,0.2299609375,555,2026-09-14 23:05:49.264,1854.986111111111
Pulse experiments,pioreactor01,2026-09-14T17:20:49.276Z,0.22962890625,590,2026-09-14 23:05:49.276,1854.986111111111
Pulse experiments,pioreactor01,2026-09-14T17:20:49.286Z,0.236796875,630,2026-09-14 23:05:49.286,1854.986111111111
Pulse experiments,pioreactor01,2026-09-14T17:20:49.297Z,0.12373046875,680,2026-09-14 23:05:49.297,1854.986111111111
Pulse experiments,pioreactor01,2026-09-14T17:20:54.218Z,0.01974609375,415,2026-09-14 23:05:54.218,1854.9875
Pulse experiments,pioreactor01,2026-09-14T17:20:54.227Z,0.1564453125,445,2026-09-14 23:05:54.227,1854.9875
Pulse experiments,pioreactor01,2026-09-14T17:20:54.242Z,0.1686328125,480,2026-09-14 23:05:54.242,1854.9875
Pulse experiments,pioreactor01,2026-09-14T17:20:54.247Z,0.19662109375,515,2026-09-14 23:05:54.247,1854.9875
Pulse experiments,pioreactor01,2026-09-14T17:20:54.254Z,0.23068359375,555,2026-09-14 23:05:54.254,1854.9875
Pulse experiments,pioreactor01,2026-09-14T17:20:54.263Z,0.2296875,590,2026-09-14 23:05:54.263,1854.9875
Pulse experiments,pioreactor01,2026-09-14T17:20:54.270Z,0.23759765625,630,2026-09-14 23:05:54.270,1854.9875
Pulse experiments,pioreactor01,2026-09-14T17:20:54.276Z,0.12400390625,680,2026-09-14 23:05:54.276,1854.9875
Pulse experiments,pioreactor01,2026-09-14T17:20:59.221Z,0.01982421875,415,2026-09-14 23:05:59.221,1854.988888888889
Pulse experiments,pioreactor01,2026-09-14T17:20:59.230Z,0.15666015625,445,2026-09-14 23:05:59.230,1854.988888888889
Pulse experiments,pioreactor01,2026-09-14T17:20:59.238Z,0.16919921875,480,2026-09-14 23:05:59.238,1854.988888888889
Pulse experiments,pioreactor01,2026-09-14T17:20:59.246Z,0.1973046875,515,2026-09-14 23:05:59.246,1854.988888888889
Pulse experiments,pioreactor01,2026-09-14T17:20:59.252Z,0.23044921875,555,2026-09-14 23:05:59.252,1854.988888888889
Pulse experiments,pioreactor01,2026-09-14T17:20:59.261Z,0.22923828125,590,2026-09-14 23:05:59.261,1854.988888888889
Pulse experiments,pioreactor01,2026-09-14T17:20:59.272Z,0.23708984375,630,2026-09-14 23:05:59.272,1854.988888888889
Pulse experiments,pioreactor01,2026-09-14T17:20:59.280Z,0.1237109375,680,2026-09-14 23:05:59.280,1854.988888888889
Pulse experiments,pioreactor01,2026-09-14T17:21:04.227Z,0.01982421875,415,2026-09-14 23:06:04.227,1854.990277777778
Pulse experiments,pioreactor01,2026-09-14T17:21:04.232Z,0.15689453125,445,2026-09-14 23:06:04.232,1854.990277777778
Pulse experiments,pioreactor01,2026-09-14T17:21:04.244Z,0.16923828125,480,2026-09-14 23:06:04.244,1854.990277777778
Pulse experiments,pioreactor01,2026-09-14T17:21:04.251Z,0.19744140625,515,2026-09-14 23:06:04.251,1854.990277777778
Pulse experiments,pioreactor01,2026-09-14T17:21:04.257Z,0.2313671875,555,2026-09-14 23:06:04.257,1854.990277777778
Pulse experiments,pioreactor01,2026-09-14T17:21:04.264Z,0.23044921875,590,2026-09-14 23:06:04.264,1854.990277777778
Pulse experiments,pioreactor01,2026-09-14T17:21:04.275Z,0.23798828125,630,2026-09-14 23:06:04.275,1854.990277777778
Pulse experiments,pioreactor01,2026-09-14T17:21:04.284Z,0.1241796875,680,2026-09-14 23:06:04.284,1854.990277777778
Pulse experiments,pioreactor01,2026-09-14T17:21:09.232Z,0.01986328125,415,2026-09-14 23:06:09.232,1854.991666666667
Pulse experiments,pioreactor01,2026-09-14T17:21:09.241Z,0.15697265625,445,2026-09-14 23:06:09.241,1854.991666666667
Pulse experiments,pioreactor01,2026-09-14T17:21:09.248Z,0.16962890625,480,2026-09-14 23:06:09.248,1854.991666666667
Pulse experiments,pioreactor01,2026-09-14T17:21:09.257Z,0.19763671875,515,2026-09-14 23:06:09.257,1854.991666666667
Pulse experiments,pioreactor01,2026-09-14T17:21:09.264Z,0.23111328125,555,2026-09-14 23:06:09.264,1854.991666666667
Pulse experiments,pioreactor01,2026-09-14T17:21:09.269Z,0.22986328125,590,2026-09-14 23:06:09.269,1854.991666666667
Pulse experiments,pioreactor01,2026-09-14T17:21:09.277Z,0.237734375,630,2026-09-14 23:06:09.277,1854.991666666667
Pulse experiments,pioreactor01,2026-09-14T17:21:09.282Z,0.123984375,680,2026-09-14 23:06:09.282,1854.991666666667
Pulse experiments,pioreactor01,2026-09-14T17:21:14.219Z,0.0198828125,415,2026-09-14 23:06:14.219,1854.993055555556
Pulse experiments,pioreactor01,2026-09-14T17:21:14.231Z,0.15763671875,445,2026-09-14 23:06:14.231,1854.993055555556
Pulse experiments,pioreactor01,2026-09-14T17:21:14.237Z,0.17033203125,480,2026-09-14 23:06:14.237,1854.993055555556
Pulse experiments,pioreactor01,2026-09-14T17:21:14.243Z,0.19837890625,515,2026-09-14 23:06:14.243,1854.993055555556
Pulse experiments,pioreactor01,2026-09-14T17:21:14.249Z,0.232265625,555,2026-09-14 23:06:14.249,1854.993055555556
Pulse experiments,pioreactor01,2026-09-14T17:21:14.257Z,0.23138671875,590,2026-09-14 23:06:14.257,1854.993055555556
Pulse experiments,pioreactor01,2026-09-14T17:21:14.264Z,0.23888671875,630,2026-09-14 23:06:14.264,1854.993055555556
Pulse experiments,pioreactor01,2026-09-14T17:21:14.272Z,0.12474609375,680,2026-09-14 23:06:14.272,1854.993055555556
Pulse experiments,pioreactor01,2026-09-14T17:21:19.226Z,0.01982421875,415,2026-09-14 23:06:19.226,1854.994444444445
Pulse experiments,pioreactor01,2026-09-14T17:21:19.231Z,0.1571484375,445,2026-09-14 23:06:19.231,1854.994444444445
Pulse experiments,pioreactor01,2026-09-14T17:21:19.244Z,0.16931640625,480,2026-09-14 23:06:19.244,1854.994444444445
Pulse experiments,pioreactor01,2026-09-14T17:21:19.251Z,0.19794921875,515,2026-09-14 23:06:19.251,1854.994444444445
Pulse experiments,pioreactor01,2026-09-14T17:21:19.259Z,0.23052734375,555,2026-09-14 23:06:19.259,1854.994444444445
Pulse experiments,pioreactor01,2026-09-14T17:21:19.267Z,0.229296875,590,2026-09-14 23:06:19.267,1854.994444444445
Pulse experiments,pioreactor01,2026-09-14T17:21:19.282Z,0.2366796875,630,2026-09-14 23:06:19.282,1854.994444444445
Pulse experiments,pioreactor01,2026-09-14T17:21:19.292Z,0.12349609375,680,2026-09-14 23:06:19.292,1854.994444444445
Pulse experiments,pioreactor01,2026-09-14T17:21:24.222Z,0.01990234375,415,2026-09-14 23:06:24.222,1854.995833333333
Pulse experiments,pioreactor01,2026-09-14T17:21:24.236Z,0.158125,445,2026-09-14 23:06:24.236,1854.995833333333
Pulse experiments,pioreactor01,2026-09-14T17:21:24.243Z,0.17064453125,480,2026-09-14 23:06:24.243,1854.995833333333
Pulse experiments,pioreactor01,2026-09-14T17:21:24.250Z,0.19943359375,515,2026-09-14 23:06:24.250,1854.995833333333
Pulse experiments,pioreactor01,2026-09-14T17:21:24.258Z,0.23109375,555,2026-09-14 23:06:24.258,1854.995833333333
Pulse experiments,pioreactor01,2026-09-14T17:21:24.265Z,0.2295703125,590,2026-09-14 23:06:24.265,1854.995833333333
Pulse experiments,pioreactor01,2026-09-14T17:21:24.274Z,0.2373828125,630,2026-09-14 23:06:24.274,1854.995833333333
Pulse experiments,pioreactor01,2026-09-14T17:21:24.283Z,0.12375,680,2026-09-14 23:06:24.283,1854.995833333333
Pulse experiments,pioreactor01,2026-09-14T17:21:29.221Z,0.01982421875,415,2026-09-14 23:06:29.221,1854.997222222222
Pulse experiments,pioreactor01,2026-09-14T17:21:29.233Z,0.15759765625,445,2026-09-14 23:06:29.233,1854.997222222222
Pulse experiments,pioreactor01,2026-09-14T17:21:29.239Z,0.1702734375,480,2026-09-14 23:06:29.239,1854.997222222222
Pulse experiments,pioreactor01,2026-09-14T17:21:29.246Z,0.1985546875,515,2026-09-14 23:06:29.246,1854.997222222222
Pulse experiments,pioreactor01,2026-09-14T17:21:29.252Z,0.2316796875,555,2026-09-14 23:06:29.252,1854.997222222222
Pulse experiments,pioreactor01,2026-09-14T17:21:29.260Z,0.23052734375,590,2026-09-14 23:06:29.260,1854.997222222222
Pulse experiments,pioreactor01,2026-09-14T17:21:29.268Z,0.23806640625,630,2026-09-14 23:06:29.268,1854.997222222222
Pulse experiments,pioreactor01,2026-09-14T17:21:29.276Z,0.124296875,680,2026-09-14 23:06:29.276,1854.997222222222
Pulse experiments,pioreactor01,2026-09-14T17:21:34.227Z,0.01986328125,415,2026-09-14 23:06:34.227,1854.998611111111
Pulse experiments,pioreactor01,2026-09-14T17:21:34.241Z,0.157109375,445,2026-09-14 23:06:34.241,1854.998611111111
Pulse experiments,pioreactor01,2026-09-14T17:21:34.245Z,0.16986328125,480,2026-09-14 23:06:34.245,1854.998611111111
Pulse experiments,pioreactor01,2026-09-14T17:21:34.255Z,0.198359375,515,2026-09-14 23:06:34.255,1854.998611111111
Pulse experiments,pioreactor01,2026-09-14T17:21:34.262Z,0.23060546875,555,2026-09-14 23:06:34.262,1854.998611111111
Pulse experiments,pioreactor01,2026-09-14T17:21:34.273Z,0.2291015625,590,2026-09-14 23:06:34.273,1854.998611111111
Pulse experiments,pioreactor01,2026-09-14T17:21:34.278Z,0.236796875,630,2026-09-14 23:06:34.278,1854.998611111111
Pulse experiments,pioreactor01,2026-09-14T17:21:34.292Z,0.12365234375,680,2026-09-14 23:06:34.292,1854.998611111111
Pulse experiments,pioreactor01,2026-09-14T17:21:39.237Z,0.019921875,415,2026-09-14 23:06:39.237,1855.0
Pulse experiments,pioreactor01,2026-09-14T17:21:39.246Z,0.15798828125,445,2026-09-14 23:06:39.246,1855.0
Pulse experiments,pioreactor01,2026-09-14T17:21:39.256Z,0.17109375,480,2026-09-14 23:06:39.256,1855.0
Pulse experiments,pioreactor01,2026-09-14T17:21:39.264Z,0.1994140625,515,2026-09-14 23:06:39.264,1855.0
Pulse experiments,pioreactor01,2026-09-14T17:21:39.270Z,0.2332421875,555,2026-09-14 23:06:39.270,1855.0
Pulse experiments,pioreactor01,2026-09-14T17:21:39.277Z,0.23138671875,590,2026-09-14 23:06:39.277,1855.0
Pulse experiments,pioreactor01,2026-09-14T17:21:39.285Z,0.23955078125,630,2026-09-14 23:06:39.285,1855.0
Pulse experiments,pioreactor01,2026-09-14T17:21:39.292Z,0.12484375,680,2026-09-14 23:06:39.292,1855.0
Pulse experiments,pioreactor01,2026-09-14T17:21:44.218Z,0.01994140625,415,2026-09-14 23:06:44.218,1855.001388888889
Pulse experiments,pioreactor01,2026-09-14T17:21:44.229Z,0.15796875,445,2026-09-14 23:06:44.229,1855.001388888889
Pulse experiments,pioreactor01,2026-09-14T17:21:44.241Z,0.1708984375,480,2026-09-14 23:06:44.241,1855.001388888889
Pulse experiments,pioreactor01,2026-09-14T17:21:44.247Z,0.1990234375,515,2026-09-14 23:06:44.247,1855.001388888889
Pulse experiments,pioreactor01,2026-09-14T17:21:44.255Z,0.2324609375,555,2026-09-14 23:06:44.255,1855.001388888889
Pulse experiments,pioreactor01,2026-09-14T17:21:44.267Z,0.23072265625,590,2026-09-14 23:06:44.267,1855.001388888889
Pulse experiments,pioreactor01,2026-09-14T17:21:44.277Z,0.23837890625,630,2026-09-14 23:06:44.277,1855.001388888889
Pulse experiments,pioreactor01,2026-09-14T17:21:44.288Z,0.12431640625,680,2026-09-14 23:06:44.288,1855.001388888889
Pulse experiments,pioreactor01,2026-09-14T17:21:49.227Z,0.01986328125,415,2026-09-14 23:06:49.227,1855.002777777778
Pulse experiments,pioreactor01,2026-09-14T17:21:49.234Z,0.15736328125,445,2026-09-14 23:06:49.234,1855.002777777778
Pulse experiments,pioreactor01,2026-09-14T17:21:49.244Z,0.1703125,480,2026-09-14 23:06:49.244,1855.002777777778
Pulse experiments,pioreactor01,2026-09-14T17:21:49.250Z,0.19861328125,515,2026-09-14 23:06:49.250,1855.002777777778
Pulse experiments,pioreactor01,2026-09-14T17:21:49.258Z,0.23154296875,555,2026-09-14 23:06:49.258,1855.002777777778
Pulse experiments,pioreactor01,2026-09-14T17:21:49.269Z,0.22962890625,590,2026-09-14 23:06:49.269,1855.002777777778
Pulse experiments,pioreactor01,2026-09-14T17:21:49.277Z,0.23740234375,630,2026-09-14 23:06:49.277,1855.002777777778
Pulse experiments,pioreactor01,2026-09-14T17:21:49.282Z,0.12388671875,680,2026-09-14 23:06:49.282,1855.002777777778
Pulse experiments,pioreactor01,2026-09-14T17:21:54.222Z,0.01990234375,415,2026-09-14 23:06:54.222,1855.004166666667
Pulse experiments,pioreactor01,2026-09-14T17:21:54.234Z,0.1582421875,445,2026-09-14 23:06:54.234,1855.004166666667
Pulse experiments,pioreactor01,2026-09-14T17:21:54.242Z,0.17115234375,480,2026-09-14 23:06:54.242,1855.004166666667
Pulse experiments,pioreactor01,2026-09-14T17:21:54.256Z,0.1994140625,515,2026-09-14 23:06:54.256,1855.004166666667
Pulse experiments,pioreactor01,2026-09-14T17:21:54.262Z,0.2313671875,555,2026-09-14 23:06:54.262,1855.004166666667
Pulse experiments,pioreactor01,2026-09-14T17:21:54.274Z,0.229140625,590,2026-09-14 23:06:54.274,1855.004166666667
Pulse experiments,pioreactor01,2026-09-14T17:21:54.282Z,0.23689453125,630,2026-09-14 23:06:54.282,1855.004166666667
Pulse experiments,pioreactor01,2026-09-14T17:21:54.294Z,0.12361328125,680,2026-09-14 23:06:54.294,1855.004166666667
Pulse experiments,pioreactor01,2026-09-14T17:21:59.229Z,0.01990234375,415,2026-09-14 23:06:59.229,1855.005555555555
Pulse experiments,pioreactor01,2026-09-14T17:21:59.240Z,0.1575,445,2026-09-14 23:06:59.240,1855.005555555555
Pulse experiments,pioreactor01,2026-09-14T17:21:59.247Z,0.17048828125,480,2026-09-14 23:06:59.247,1855.005555555555
Pulse experiments,pioreactor01,2026-09-14T17:21:59.254Z,0.19890625,515,2026-09-14 23:06:59.254,1855.005555555555
Pulse experiments,pioreactor01,2026-09-14T17:21:59.265Z,0.23142578125,555,2026-09-14 23:06:59.265,1855.005555555555
Pulse experiments,pioreactor01,2026-09-14T17:21:59.274Z,0.229453125,590,2026-09-14 23:06:59.274,1855.005555555555
Pulse experiments,pioreactor01,2026-09-14T17:21:59.279Z,0.23693359375,630,2026-09-14 23:06:59.279,1855.005555555555
Pulse experiments,pioreactor01,2026-09-14T17:21:59.288Z,0.12392578125,680,2026-09-14 23:06:59.288,1855.005555555555
Pulse experiments,pioreactor01,2026-09-14T17:22:04.222Z,0.01990234375,415,2026-09-14 23:07:04.222,1855.006944444444
Pulse experiments,pioreactor01,2026-09-14T17:22:04.230Z,0.15740234375,445,2026-09-14 23:07:04.230,1855.006944444444
Pulse experiments,pioreactor01,2026-09-14T17:22:04.234Z,0.17013671875,480,2026-09-14 23:07:04.234,1855.006944444444
Pulse experiments,pioreactor01,2026-09-14T17:22:04.241Z,0.19884765625,515,2026-09-14 23:07:04.241,1855.006944444444
Pulse experiments,pioreactor01,2026-09-14T17:22:04.247Z,0.2311328125,555,2026-09-14 23:07:04.247,1855.006944444444
Pulse experiments,pioreactor01,2026-09-14T17:22:04.255Z,0.22994140625,590,2026-09-14 23:07:04.255,1855.006944444444
Pulse experiments,pioreactor01,2026-09-14T17:22:04.263Z,0.2366796875,630,2026-09-14 23:07:04.263,1855.006944444444
Pulse experiments,pioreactor01,2026-09-14T17:22:04.273Z,0.12396484375,680,2026-09-14 23:07:04.273,1855.006944444444
Pulse experiments,pioreactor01,2026-09-14T17:22:09.243Z,0.01998046875,415,2026-09-14 23:07:09.243,1855.008333333333
Pulse experiments,pioreactor01,2026-09-14T17:22:09.250Z,0.15791015625,445,2026-09-14 23:07:09.250,1855.008333333333
Pulse experiments,pioreactor01,2026-09-14T17:22:09.267Z,0.17083984375,480,2026-09-14 23:07:09.267,1855.008333333333
Pulse experiments,pioreactor01,2026-09-14T17:22:09.274Z,0.19953125,515,2026-09-14 23:07:09.274,1855.008333333333
Pulse experiments,pioreactor01,2026-09-14T17:22:09.279Z,0.2319140625,555,2026-09-14 23:07:09.279,1855.008333333333
Pulse experiments,pioreactor01,2026-09-14T17:22:09.287Z,0.23072265625,590,2026-09-14 23:07:09.287,1855.008333333333
Pulse experiments,pioreactor01,2026-09-14T17:22:09.294Z,0.23724609375,630,2026-09-14 23:07:09.294,1855.008333333333
Pulse experiments,pioreactor01,2026-09-14T17:22:09.303Z,0.12439453125,680,2026-09-14 23:07:09.303,1855.008333333333
Pulse experiments,pioreactor01,2026-09-14T17:22:14.211Z,0.01998046875,415,2026-09-14 23:07:14.211,1855.009722222222
Pulse experiments,pioreactor01,2026-09-14T17:22:14.222Z,0.158125,445,2026-09-14 23:07:14.222,1855.009722222222
Pulse experiments,pioreactor01,2026-09-14T17:22:14.228Z,0.1709765625,480,2026-09-14 23:07:14.228,1855.009722222222
Pulse experiments,pioreactor01,2026-09-14T17:22:14.237Z,0.20005859375,515,2026-09-14 23:07:14.237,1855.009722222222
Pulse experiments,pioreactor01,2026-09-14T17:22:14.241Z,0.23203125,555,2026-09-14 23:07:14.241,1855.009722222222
Pulse experiments,pioreactor01,2026-09-14T17:22:14.249Z,0.23072265625,590,2026-09-14 23:07:14.249,1855.009722222222
Pulse experiments,pioreactor01,2026-09-14T17:22:14.257Z,0.2373828125,630,2026-09-14 23:07:14.257,1855.009722222222
Pulse experiments,pioreactor01,2026-09-14T17:22:14.264Z,0.12419921875,680,2026-09-14 23:07:14.264,1855.009722222222
Pulse experiments,pioreactor01,2026-09-14T17:22:19.226Z,0.02,415,2026-09-14 23:07:19.226,1855.011111111111
Pulse experiments,pioreactor01,2026-09-14T17:22:19.239Z,0.15818359375,445,2026-09-14 23:07:19.239,1855.011111111111
Pulse experiments,pioreactor01,2026-09-14T17:22:19.252Z,0.1710546875,480,2026-09-14 23:07:19.252,1855.011111111111
Pulse experiments,pioreactor01,2026-09-14T17:22:19.274Z,0.19998046875,515,2026-09-14 23:07:19.274,1855.011111111111
Pulse experiments,pioreactor01,2026-09-14T17:22:19.283Z,0.23208984375,555,2026-09-14 23:07:19.283,1855.011111111111
Pulse experiments,pioreactor01,2026-09-14T17:22:19.295Z,0.23099609375,590,2026-09-14 23:07:19.295,1855.011111111111
Pulse experiments,pioreactor01,2026-09-14T17:22:19.305Z,0.23759765625,630,2026-09-14 23:07:19.305,1855.011111111111
Pulse experiments,pioreactor01,2026-09-14T17:22:19.315Z,0.1244921875,680,2026-09-14 23:07:19.315,1855.011111111111
Pulse experiments,pioreactor01,2026-09-14T17:22:24.241Z,0.02,415,2026-09-14 23:07:24.241,1855.0125
Pulse experiments,pioreactor01,2026-09-14T17:22:24.248Z,0.15828125,445,2026-09-14 23:07:24.248,1855.0125
Pulse experiments,pioreactor01,2026-09-14T17:22:24.255Z,0.171640625,480,2026-09-14 23:07:24.255,1855.0125
Pulse experiments,pioreactor01,2026-09-14T17:22:24.264Z,0.200234375,515,2026-09-14 23:07:24.264,1855.0125
Pulse experiments,pioreactor01,2026-09-14T17:22:24.268Z,0.23275390625,555,2026-09-14 23:07:24.268,1855.0125
Pulse experiments,pioreactor01,2026-09-14T17:22:24.276Z,0.23130859375,590,2026-09-14 23:07:24.276,1855.0125
Pulse experiments,pioreactor01,2026-09-14T17:22:24.284Z,0.2380859375,630,2026-09-14 23:07:24.284,1855.0125
Pulse experiments,pioreactor01,2026-09-14T17:22:24.291Z,0.12466796875,680,2026-09-14 23:07:24.291,1855.0125
Pulse experiments,pioreactor01,2026-09-14T17:22:29.268Z,0.01998046875,415,2026-09-14 23:07:29.268,1855.013888888889
Pulse experiments,pioreactor01,2026-09-14T17:22:29.279Z,0.15794921875,445,2026-09-14 23:07:29.279,1855.013888888889
Pulse experiments,pioreactor01,2026-09-14T17:22:29.290Z,0.17087890625,480,2026-09-14 23:07:29.290,1855.013888888889
Pulse experiments,pioreactor01,2026-09-14T17:22:29.305Z,0.19970703125,515,2026-09-14 23:07:29.305,1855.013888888889
Pulse experiments,pioreactor01,2026-09-14T17:22:29.314Z,0.2326953125,555,2026-09-14 23:07:29.314,1855.013888888889
Pulse experiments,pioreactor01,2026-09-14T17:22:29.321Z,0.231015625,590,2026-09-14 23:07:29.321,1855.013888888889
Pulse experiments,pioreactor01,2026-09-14T17:22:29.333Z,0.23796875,630,2026-09-14 23:07:29.333,1855.013888888889
Pulse experiments,pioreactor01,2026-09-14T17:22:29.340Z,0.1246875,680,2026-09-14 23:07:29.340,1855.013888888889
Pulse experiments,pioreactor01,2026-09-14T17:22:34.216Z,0.02,415,2026-09-14 23:07:34.216,1855.015277777778
Pulse experiments,pioreactor01,2026-09-14T17:22:34.231Z,0.1580859375,445,2026-09-14 23:07:34.231,1855.015277777778
Pulse experiments,pioreactor01,2026-09-14T17:22:34.240Z,0.17119140625,480,2026-09-14 23:07:34.240,1855.015277777778
Pulse experiments,pioreactor01,2026-09-14T17:22:34.253Z,0.20021484375,515,2026-09-14 23:07:34.253,1855.015277777778
Pulse experiments,pioreactor01,2026-09-14T17:22:34.260Z,0.2316796875,555,2026-09-14 23:07:34.260,1855.015277777778
Pulse experiments,pioreactor01,2026-09-14T17:22:34.269Z,0.23029296875,590,2026-09-14 23:07:34.269,1855.015277777778
Pulse experiments,pioreactor01,2026-09-14T17:22:34.282Z,0.2370703125,630,2026-09-14 23:07:34.282,1855.015277777778
Pulse experiments,pioreactor01,2026-09-14T17:22:34.288Z,0.12396484375,680,2026-09-14 23:07:34.288,1855.015277777778
Pulse experiments,pioreactor01,2026-09-14T17:22:39.241Z,0.02,415,2026-09-14 23:07:39.241,1855.016666666667
Pulse experiments,pioreactor01,2026-09-14T17:22:39.245Z,0.1581640625,445,2026-09-14 23:07:39.245,1855.016666666667
Pulse experiments,pioreactor01,2026-09-14T17:22:39.254Z,0.17150390625,480,2026-09-14 23:07:39.254,1855.016666666667
Pulse experiments,pioreactor01,2026-09-14T17:22:39.261Z,0.20025390625,515,2026-09-14 23:07:39.261,1855.016666666667
Pulse experiments,pioreactor01,2026-09-14T17:22:39.270Z,0.2326171875,555,2026-09-14 23:07:39.270,1855.016666666667
Pulse experiments,pioreactor01,2026-09-14T17:22:39.277Z,0.23078125,590,2026-09-14 23:07:39.277,1855.016666666667
Pulse experiments,pioreactor01,2026-09-14T17:22:39.287Z,0.23791015625,630,2026-09-14 23:07:39.287,1855.016666666667
Pulse experiments,pioreactor01,2026-09-14T17:22:39.294Z,0.1243359375,680,2026-09-14 23:07:39.294,1855.016666666667
Pulse experiments,pioreactor01,2026-09-14T17:22:44.206Z,0.0199609375,415,2026-09-14 23:07:44.206,1855.018055555556
Pulse experiments,pioreactor01,2026-09-14T17:22:44.214Z,0.15798828125,445,2026-09-14 23:07:44.214,1855.018055555556
Pulse experiments,pioreactor01,2026-09-14T17:22:44.224Z,0.17123046875,480,2026-09-14 23:07:44.224,1855.018055555556
Pulse experiments,pioreactor01,2026-09-14T17:22:44.232Z,0.1999609375,515,2026-09-14 23:07:44.232,1855.018055555556
Pulse experiments,pioreactor01,2026-09-14T17:22:44.244Z,0.23212890625,555,2026-09-14 23:07:44.244,1855.018055555556
Pulse experiments,pioreactor01,2026-09-14T17:22:44.250Z,0.23029296875,590,2026-09-14 23:07:44.250,1855.018055555556
Pulse experiments,pioreactor01,2026-09-14T17:22:44.259Z,0.23708984375,630,2026-09-14 23:07:44.259,1855.018055555556
Pulse experiments,pioreactor01,2026-09-14T17:22:44.266Z,0.1241796875,680,2026-09-14 23:07:44.266,1855.018055555556
Pulse experiments,pioreactor01,2026-09-14T17:22:49.222Z,0.01998046875,415,2026-09-14 23:07:49.222,1855.019444444444
Pulse experiments,pioreactor01,2026-09-14T17:22:49.232Z,0.15849609375,445,2026-09-14 23:07:49.232,1855.019444444444
Pulse experiments,pioreactor01,2026-09-14T17:22:49.242Z,0.17193359375,480,2026-09-14 23:07:49.242,1855.019444444444
Pulse experiments,pioreactor01,2026-09-14T17:22:49.252Z,0.2008203125,515,2026-09-14 23:07:49.252,1855.019444444444
Pulse experiments,pioreactor01,2026-09-14T17:22:49.263Z,0.23318359375,555,2026-09-14 23:07:49.263,1855.019444444444
Pulse experiments,pioreactor01,2026-09-14T17:22:49.266Z,0.2307421875,590,2026-09-14 23:07:49.266,1855.019444444444
Pulse experiments,pioreactor01,2026-09-14T17:22:49.277Z,0.23783203125,630,2026-09-14 23:07:49.277,1855.019444444444
Pulse experiments,pioreactor01,2026-09-14T17:22:49.285Z,0.12447265625,680,2026-09-14 23:07:49.285,1855.019444444444
Pulse experiments,pioreactor01,2026-09-14T17:22:54.205Z,0.02,415,2026-09-14 23:07:54.205,1855.020833333333
Pulse experiments,pioreactor01,2026-09-14T17:22:54.214Z,0.1583984375,445,2026-09-14 23:07:54.214,1855.020833333333
Pulse experiments,pioreactor01,2026-09-14T17:22:54.226Z,0.17171875,480,2026-09-14 23:07:54.226,1855.020833333333
Pulse experiments,pioreactor01,2026-09-14T17:22:54.232Z,0.200546875,515,2026-09-14 23:07:54.232,1855.020833333333
Pulse experiments,pioreactor01,2026-09-14T17:22:54.243Z,0.2325,555,2026-09-14 23:07:54.243,1855.020833333333
Pulse experiments,pioreactor01,2026-09-14T17:22:54.253Z,0.2306640625,590,2026-09-14 23:07:54.253,1855.020833333333
Pulse experiments,pioreactor01,2026-09-14T17:22:54.257Z,0.23744140625,630,2026-09-14 23:07:54.257,1855.020833333333
Pulse experiments,pioreactor01,2026-09-14T17:22:54.263Z,0.1242578125,680,2026-09-14 23:07:54.263,1855.020833333333
Pulse experiments,pioreactor01,2026-09-14T17:22:59.215Z,0.019921875,415,2026-09-14 23:07:59.215,1855.022222222222
Pulse experiments,pioreactor01,2026-09-14T17:22:59.219Z,0.15828125,445,2026-09-14 23:07:59.219,1855.022222222222
Pulse experiments,pioreactor01,2026-09-14T17:22:59.226Z,0.171875,480,2026-09-14 23:07:59.226,1855.022222222222
Pulse experiments,pioreactor01,2026-09-14T17:22:59.232Z,0.2003125,515,2026-09-14 23:07:59.232,1855.022222222222
Pulse experiments,pioreactor01,2026-09-14T17:22:59.242Z,0.23271484375,555,2026-09-14 23:07:59.242,1855.022222222222
Pulse experiments,pioreactor01,2026-09-14T17:22:59.252Z,0.230546875,590,2026-09-14 23:07:59.252,1855.022222222222
Pulse experiments,pioreactor01,2026-09-14T17:22:59.261Z,0.23732421875,630,2026-09-14 23:07:59.261,1855.022222222222
Pulse experiments,pioreactor01,2026-09-14T17:22:59.277Z,0.12443359375,680,2026-09-14 23:07:59.277,1855.022222222222
Pulse experiments,pioreactor01,2026-09-14T17:23:04.239Z,0.0200390625,415,2026-09-14 23:08:04.239,1855.023611111111
Pulse experiments,pioreactor01,2026-09-14T17:23:04.247Z,0.15861328125,445,2026-09-14 23:08:04.247,1855.023611111111
Pulse experiments,pioreactor01,2026-09-14T17:23:04.256Z,0.17216796875,480,2026-09-14 23:08:04.256,1855.023611111111
Pulse experiments,pioreactor01,2026-09-14T17:23:04.263Z,0.2009765625,515,2026-09-14 23:08:04.263,1855.023611111111
Pulse experiments,pioreactor01,2026-09-14T17:23:04.269Z,0.23279296875,555,2026-09-14 23:08:04.269,1855.023611111111
Pulse experiments,pioreactor01,2026-09-14T17:23:04.278Z,0.2303515625,590,2026-09-14 23:08:04.278,1855.023611111111
Pulse experiments,pioreactor01,2026-09-14T17:23:04.294Z,0.23736328125,630,2026-09-14 23:08:04.294,1855.023611111111
Pulse experiments,pioreactor01,2026-09-14T17:23:04.296Z,0.1241796875,680,2026-09-14 23:08:04.296,1855.023611111111
Pulse experiments,pioreactor01,2026-09-14T17:23:09.224Z,0.02001953125,415,2026-09-14 23:08:09.224,1855.025
Pulse experiments,pioreactor01,2026-09-14T17:23:09.232Z,0.15869140625,445,2026-09-14 23:08:09.232,1855.025
Pulse experiments,pioreactor01,2026-09-14T17:23:09.243Z,0.1722265625,480,2026-09-14 23:08:09.243,1855.025
Pulse experiments,pioreactor01,2026-09-14T17:23:09.251Z,0.20078125,515,2026-09-14 23:08:09.251,1855.025
Pulse experiments,pioreactor01,2026-09-14T17:23:09.257Z,0.2330859375,555,2026-09-14 23:08:09.257,1855.025
Pulse experiments,pioreactor01,2026-09-14T17:23:09.271Z,0.23072265625,590,2026-09-14 23:08:09.271,1855.025
Pulse experiments,pioreactor01,2026-09-14T17:23:09.276Z,0.2375390625,630,2026-09-14 23:08:09.276,1855.025
Pulse experiments,pioreactor01,2026-09-14T17:23:09.285Z,0.1244921875,680,2026-09-14 23:08:09.285,1855.025
Pulse experiments,pioreactor01,2026-09-14T17:23:14.215Z,0.02005859375,415,2026-09-14 23:08:14.215,1855.026388888889
Pulse experiments,pioreactor01,2026-09-14T17:23:14.228Z,0.1590625,445,2026-09-14 23:08:14.228,1855.026388888889
Pulse experiments,pioreactor01,2026-09-14T17:23:14.240Z,0.1726953125,480,2026-09-14 23:08:14.240,1855.026388888889
Pulse experiments,pioreactor01,2026-09-14T17:23:14.251Z,0.201484375,515,2026-09-14 23:08:14.251,1855.026388888889
Pulse experiments,pioreactor01,2026-09-14T17:23:14.261Z,0.23318359375,555,2026-09-14 23:08:14.261,1855.026388888889
Pulse experiments,pioreactor01,2026-09-14T17:23:14.270Z,0.2306640625,590,2026-09-14 23:08:14.270,1855.026388888889
Pulse experiments,pioreactor01,2026-09-14T17:23:14.275Z,0.237890625,630,2026-09-14 23:08:14.275,1855.026388888889
Pulse experiments,pioreactor01,2026-09-14T17:23:14.284Z,0.12439453125,680,2026-09-14 23:08:14.284,1855.026388888889
Pulse experiments,pioreactor01,2026-09-14T17:23:19.232Z,0.0199609375,415,2026-09-14 23:08:19.232,1855.027777777778
Pulse experiments,pioreactor01,2026-09-14T17:23:19.243Z,0.15865234375,445,2026-09-14 23:08:19.243,1855.027777777778
Pulse experiments,pioreactor01,2026-09-14T17:23:19.258Z,0.17216796875,480,2026-09-14 23:08:19.258,1855.027777777778
Pulse experiments,pioreactor01,2026-09-14T17:23:19.259Z,0.20083984375,515,2026-09-14 23:08:19.259,1855.027777777778
Pulse experiments,pioreactor01,2026-09-14T17:23:19.270Z,0.2333203125,555,2026-09-14 23:08:19.270,1855.027777777778
Pulse experiments,pioreactor01,2026-09-14T17:23:19.271Z,0.23083984375,590,2026-09-14 23:08:19.271,1855.027777777778
Pulse experiments,pioreactor01,2026-09-14T17:23:19.289Z,0.23814453125,630,2026-09-14 23:08:19.289,1855.027777777778
Pulse experiments,pioreactor01,2026-09-14T17:23:19.291Z,0.12447265625,680,2026-09-14 23:08:19.291,1855.027777777778
Pulse experiments,pioreactor01,2026-09-14T17:23:24.247Z,0.02005859375,415,2026-09-14 23:08:24.247,1855.029166666667
Pulse experiments,pioreactor01,2026-09-14T17:23:24.257Z,0.15912109375,445,2026-09-14 23:08:24.257,1855.029166666667
Pulse experiments,pioreactor01,2026-09-14T17:23:24.267Z,0.17275390625,480,2026-09-14 23:08:24.267,1855.029166666667
Pulse experiments,pioreactor01,2026-09-14T17:23:24.277Z,0.20123046875,515,2026-09-14 23:08:24.277,1855.029166666667
Pulse experiments,pioreactor01,2026-09-14T17:23:24.286Z,0.23359375,555,2026-09-14 23:08:24.286,1855.029166666667
Pulse experiments,pioreactor01,2026-09-14T17:23:24.295Z,0.2308203125,590,2026-09-14 23:08:24.295,1855.029166666667
Pulse experiments,pioreactor01,2026-09-14T17:23:24.303Z,0.23775390625,630,2026-09-14 23:08:24.303,1855.029166666667
Pulse experiments,pioreactor01,2026-09-14T17:23:24.311Z,0.124609375,680,2026-09-14 23:08:24.311,1855.029166666667
Pulse experiments,pioreactor01,2026-09-14T17:23:29.264Z,0.02009765625,415,2026-09-14 23:08:29.264,1855.030555555556
Pulse experiments,pioreactor01,2026-09-14T17:23:29.271Z,0.15923828125,445,2026-09-14 23:08:29.271,1855.030555555556
Pulse experiments,pioreactor01,2026-09-14T17:23:29.279Z,0.1728125,480,2026-09-14 23:08:29.279,1855.030555555556
Pulse experiments,pioreactor01,2026-09-14T17:23:29.289Z,0.20193359375,515,2026-09-14 23:08:29.289,1855.030555555556
Pulse experiments,pioreactor01,2026-09-14T17:23:29.294Z,0.233359375,555,2026-09-14 23:08:29.294,1855.030555555556
Pulse experiments,pioreactor01,2026-09-14T17:23:29.305Z,0.23044921875,590,2026-09-14 23:08:29.305,1855.030555555556
Pulse experiments,pioreactor01,2026-09-14T17:23:29.311Z,0.23755859375,630,2026-09-14 23:08:29.311,1855.030555555556
Pulse experiments,pioreactor01,2026-09-14T17:23:29.320Z,0.1244921875,680,2026-09-14 23:08:29.320,1855.030555555556
Pulse experiments,pioreactor01,2026-09-14T17:23:34.218Z,0.02,415,2026-09-14 23:08:34.218,1855.031944444444
Pulse experiments,pioreactor01,2026-09-14T17:23:34.224Z,0.15876953125,445,2026-09-14 23:08:34.224,1855.031944444444
Pulse experiments,pioreactor01,2026-09-14T17:23:34.232Z,0.1723828125,480,2026-09-14 23:08:34.232,1855.031944444444
Pulse experiments,pioreactor01,2026-09-14T17:23:34.240Z,0.20103515625,515,2026-09-14 23:08:34.240,1855.031944444444
Pulse experiments,pioreactor01,2026-09-14T17:23:34.244Z,0.23310546875,555,2026-09-14 23:08:34.244,1855.031944444444
Pulse experiments,pioreactor01,2026-09-14T17:23:34.257Z,0.230234375,590,2026-09-14 23:08:34.257,1855.031944444444
Pulse experiments,pioreactor01,2026-09-14T17:23:34.267Z,0.23732421875,630,2026-09-14 23:08:34.267,1855.031944444444
Pulse experiments,pioreactor01,2026-09-14T17:23:34.280Z,0.1244140625,680,2026-09-14 23:08:34.280,1855.031944444444
Pulse experiments,pioreactor01,2026-09-14T17:23:39.233Z,0.01998046875,415,2026-09-14 23:08:39.233,1855.033333333333
Pulse experiments,pioreactor01,2026-09-14T17:23:39.242Z,0.15890625,445,2026-09-14 23:08:39.242,1855.033333333333
Pulse experiments,pioreactor01,2026-09-14T17:23:39.248Z,0.17271484375,480,2026-09-14 23:08:39.248,1855.033333333333
Pulse experiments,pioreactor01,2026-09-14T17:23:39.255Z,0.20103515625,515,2026-09-14 23:08:39.255,1855.033333333333
Pulse experiments,pioreactor01,2026-09-14T17:23:39.260Z,0.23328125,555,2026-09-14 23:08:39.260,1855.033333333333
Pulse experiments,pioreactor01,2026-09-14T17:23:39.268Z,0.23064453125,590,2026-09-14 23:08:39.268,1855.033333333333
Pulse experiments,pioreactor01,2026-09-14T17:23:39.273Z,0.2378125,630,2026-09-14 23:08:39.273,1855.033333333333
Pulse experiments,pioreactor01,2026-09-14T17:23:39.286Z,0.1245703125,680,2026-09-14 23:08:39.286,1855.033333333333
Pulse experiments,pioreactor01,2026-09-14T17:23:44.190Z,0.02001953125,415,2026-09-14 23:08:44.190,1855.034722222222
Pulse experiments,pioreactor01,2026-09-14T17:23:44.198Z,0.1587890625,445,2026-09-14 23:08:44.198,1855.034722222222
Pulse experiments,pioreactor01,2026-09-14T17:23:44.206Z,0.1725390625,480,2026-09-14 23:08:44.206,1855.034722222222
Pulse experiments,pioreactor01,2026-09-14T17:23:44.211Z,0.2011328125,515,2026-09-14 23:08:44.211,1855.034722222222
Pulse experiments,pioreactor01,2026-09-14T17:23:44.218Z,0.23337890625,555,2026-09-14 23:08:44.218,1855.034722222222
Pulse experiments,pioreactor01,2026-09-14T17:23:44.230Z,0.23052734375,590,2026-09-14 23:08:44.230,1855.034722222222
Pulse experiments,pioreactor01,2026-09-14T17:23:44.238Z,0.237734375,630,2026-09-14 23:08:44.238,1855.034722222222
Pulse experiments,pioreactor01,2026-09-14T17:23:44.246Z,0.12435546875,680,2026-09-14 23:08:44.246,1855.034722222222
Pulse experiments,pioreactor01,2026-09-14T17:23:49.183Z,0.02,415,2026-09-14 23:08:49.183,1855.036111111111
Pulse experiments,pioreactor01,2026-09-14T17:23:49.191Z,0.15904296875,445,2026-09-14 23:08:49.191,1855.036111111111
Pulse experiments,pioreactor01,2026-09-14T17:23:49.204Z,0.17259765625,480,2026-09-14 23:08:49.204,1855.036111111111
Pulse experiments,pioreactor01,2026-09-14T17:23:49.209Z,0.20095703125,515,2026-09-14 23:08:49.209,1855.036111111111
Pulse experiments,pioreactor01,2026-09-14T17:23:49.216Z,0.2325390625,555,2026-09-14 23:08:49.216,1855.036111111111
Pulse experiments,pioreactor01,2026-09-14T17:23:49.223Z,0.2294921875,590,2026-09-14 23:08:49.223,1855.036111111111
Pulse experiments,pioreactor01,2026-09-14T17:23:49.228Z,0.23681640625,630,2026-09-14 23:08:49.228,1855.036111111111
Pulse experiments,pioreactor01,2026-09-14T17:23:49.234Z,0.12388671875,680,2026-09-14 23:08:49.234,1855.036111111111
Pulse experiments,pioreactor01,2026-09-14T17:23:54.230Z,0.02005859375,415,2026-09-14 23:08:54.230,1855.0375
Pulse experiments,pioreactor01,2026-09-14T17:23:54.239Z,0.15923828125,445,2026-09-14 23:08:54.239,1855.0375
Pulse experiments,pioreactor01,2026-09-14T17:23:54.248Z,0.17306640625,480,2026-09-14 23:08:54.248,1855.0375
Pulse experiments,pioreactor01,2026-09-14T17:23:54.264Z,0.2018359375,515,2026-09-14 23:08:54.264,1855.0375
Pulse experiments,pioreactor01,2026-09-14T17:23:54.269Z,0.23361328125,555,2026-09-14 23:08:54.269,1855.0375
Pulse experiments,pioreactor01,2026-09-14T17:23:54.273Z,0.230234375,590,2026-09-14 23:08:54.273,1855.0375
Pulse experiments,pioreactor01,2026-09-14T17:23:54.281Z,0.237578125,630,2026-09-14 23:08:54.281,1855.0375
Pulse experiments,pioreactor01,2026-09-14T17:23:54.288Z,0.12443359375,680,2026-09-14 23:08:54.288,1855.0375
Pulse experiments,pioreactor01,2026-09-14T17:23:59.259Z,0.0200390625,415,2026-09-14 23:08:59.259,1855.038888888889
Pulse experiments,pioreactor01,2026-09-14T17:23:59.271Z,0.1589453125,445,2026-09-14 23:08:59.271,1855.038888888889
Pulse experiments,pioreactor01,2026-09-14T17:23:59.278Z,0.1728125,480,2026-09-14 23:08:59.278,1855.038888888889
Pulse experiments,pioreactor01,2026-09-14T17:23:59.285Z,0.2015625,515,2026-09-14 23:08:59.285,1855.038888888889
Pulse experiments,pioreactor01,2026-09-14T17:23:59.293Z,0.23296875,555,2026-09-14 23:08:59.293,1855.038888888889
Pulse experiments,pioreactor01,2026-09-14T17:23:59.300Z,0.230390625,590,2026-09-14 23:08:59.300,1855.038888888889
Pulse experiments,pioreactor01,2026-09-14T17:23:59.307Z,0.2373046875,630,2026-09-14 23:08:59.307,1855.038888888889
Pulse experiments,pioreactor01,2026-09-14T17:23:59.313Z,0.12396484375,680,2026-09-14 23:08:59.313,1855.038888888889
Pulse experiments,pioreactor01,2026-09-14T17:24:04.208Z,0.01998046875,415,2026-09-14 23:09:04.208,1855.040277777778
Pulse experiments,pioreactor01,2026-09-14T17:24:04.217Z,0.158828125,445,2026-09-14 23:09:04.217,1855.040277777778
Pulse experiments,pioreactor01,2026-09-14T17:24:04.224Z,0.17271484375,480,2026-09-14 23:09:04.224,1855.040277777778
Pulse experiments,pioreactor01,2026-09-14T17:24:04.231Z,0.2012109375,515,2026-09-14 23:09:04.231,1855.040277777778
Pulse experiments,pioreactor01,2026-09-14T17:24:04.240Z,0.23353515625,555,2026-09-14 23:09:04.240,1855.040277777778
Pulse experiments,pioreactor01,2026-09-14T17:24:04.247Z,0.23046875,590,2026-09-14 23:09:04.247,1855.040277777778
Pulse experiments,pioreactor01,2026-09-14T17:24:04.256Z,0.23802734375,630,2026-09-14 23:09:04.256,1855.040277777778
Pulse experiments,pioreactor01,2026-09-14T17:24:04.263Z,0.1244140625,680,2026-09-14 23:09:04.263,1855.040277777778
Pulse experiments,pioreactor01,2026-09-14T17:24:09.229Z,0.01998046875,415,2026-09-14 23:09:09.229,1855.041666666667
Pulse experiments,pioreactor01,2026-09-14T17:24:09.243Z,0.159140625,445,2026-09-14 23:09:09.243,1855.041666666667
Pulse experiments,pioreactor01,2026-09-14T17:24:09.262Z,0.1728515625,480,2026-09-14 23:09:09.262,1855.041666666667
Pulse experiments,pioreactor01,2026-09-14T17:24:09.273Z,0.20154296875,515,2026-09-14 23:09:09.273,1855.041666666667
Pulse experiments,pioreactor01,2026-09-14T17:24:09.288Z,0.23369140625,555,2026-09-14 23:09:09.288,1855.041666666667
Pulse experiments,pioreactor01,2026-09-14T17:24:09.298Z,0.2306640625,590,2026-09-14 23:09:09.298,1855.041666666667
Pulse experiments,pioreactor01,2026-09-14T17:24:09.313Z,0.2378125,630,2026-09-14 23:09:09.313,1855.041666666667
Pulse experiments,pioreactor01,2026-09-14T17:24:09.325Z,0.124296875,680,2026-09-14 23:09:09.325,1855.041666666667
Pulse experiments,pioreactor01,2026-09-14T17:24:14.218Z,0.01998046875,415,2026-09-14 23:09:14.218,1855.043055555556
Pulse experiments,pioreactor01,2026-09-14T17:24:14.232Z,0.15904296875,445,2026-09-14 23:09:14.232,1855.043055555556
Pulse experiments,pioreactor01,2026-09-14T17:24:14.238Z,0.17279296875,480,2026-09-14 23:09:14.238,1855.043055555556
Pulse experiments,pioreactor01,2026-09-14T17:24:14.247Z,0.20154296875,515,2026-09-14 23:09:14.247,1855.043055555556
Pulse experiments,pioreactor01,2026-09-14T17:24:14.255Z,0.233671875,555,2026-09-14 23:09:14.255,1855.043055555556
Pulse experiments,pioreactor01,2026-09-14T17:24:14.266Z,0.23072265625,590,2026-09-14 23:09:14.266,1855.043055555556
Pulse experiments,pioreactor01,2026-09-14T17:24:14.276Z,0.23802734375,630,2026-09-14 23:09:14.276,1855.043055555556
Pulse experiments,pioreactor01,2026-09-14T17:24:14.284Z,0.12462890625,680,2026-09-14 23:09:14.284,1855.043055555556
Pulse experiments,pioreactor01,2026-09-14T17:24:19.229Z,0.01998046875,415,2026-09-14 23:09:19.229,1855.044444444444
Pulse experiments,pioreactor01,2026-09-14T17:24:19.240Z,0.15939453125,445,2026-09-14 23:09:19.240,1855.044444444444
Pulse experiments,pioreactor01,2026-09-14T17:24:19.251Z,0.17318359375,480,2026-09-14 23:09:19.251,1855.044444444444
Pulse experiments,pioreactor01,2026-09-14T17:24:19.260Z,0.20171875,515,2026-09-14 23:09:19.260,1855.044444444444
Pulse experiments,pioreactor01,2026-09-14T17:24:19.265Z,0.2330859375,555,2026-09-14 23:09:19.265,1855.044444444444
Pulse experiments,pioreactor01,2026-09-14T17:24:19.275Z,0.23033203125,590,2026-09-14 23:09:19.275,1855.044444444444
Pulse experiments,pioreactor01,2026-09-14T17:24:19.284Z,0.2373046875,630,2026-09-14 23:09:19.284,1855.044444444444
Pulse experiments,pioreactor01,2026-09-14T17:24:19.292Z,0.124140625,680,2026-09-14 23:09:19.292,1855.044444444444
Pulse experiments,pioreactor01,2026-09-14T17:24:24.227Z,0.02005859375,415,2026-09-14 23:09:24.227,1855.045833333333
Pulse experiments,pioreactor01,2026-09-14T17:24:24.234Z,0.15939453125,445,2026-09-14 23:09:24.234,1855.045833333333
Pulse experiments,pioreactor01,2026-09-14T17:24:24.246Z,0.17326171875,480,2026-09-14 23:09:24.246,1855.045833333333
Pulse experiments,pioreactor01,2026-09-14T17:24:24.254Z,0.2019921875,515,2026-09-14 23:09:24.254,1855.045833333333
Pulse experiments,pioreactor01,2026-09-14T17:24:24.259Z,0.23373046875,555,2026-09-14 23:09:24.259,1855.045833333333
Pulse experiments,pioreactor01,2026-09-14T17:24:24.269Z,0.230625,590,2026-09-14 23:09:24.269,1855.045833333333
Pulse experiments,pioreactor01,2026-09-14T17:24:24.275Z,0.23810546875,630,2026-09-14 23:09:24.275,1855.045833333333
Pulse experiments,pioreactor01,2026-09-14T17:24:24.283Z,0.12451171875,680,2026-09-14 23:09:24.283,1855.045833333333
Pulse experiments,pioreactor01,2026-09-14T17:24:29.230Z,0.01998046875,415,2026-09-14 23:09:29.230,1855.047222222222
Pulse experiments,pioreactor01,2026-09-14T17:24:29.239Z,0.15912109375,445,2026-09-14 23:09:29.239,1855.047222222222
Pulse experiments,pioreactor01,2026-09-14T17:24:29.248Z,0.17306640625,480,2026-09-14 23:09:29.248,1855.047222222222
Pulse experiments,pioreactor01,2026-09-14T17:24:29.258Z,0.20185546875,515,2026-09-14 23:09:29.258,1855.047222222222
Pulse experiments,pioreactor01,2026-09-14T17:24:29.272Z,0.2333203125,555,2026-09-14 23:09:29.272,1855.047222222222
Pulse experiments,pioreactor01,2026-09-14T17:24:29.276Z,0.23015625,590,2026-09-14 23:09:29.276,1855.047222222222
Pulse experiments,pioreactor01,2026-09-14T17:24:29.281Z,0.2377734375,630,2026-09-14 23:09:29.281,1855.047222222222
Pulse experiments,pioreactor01,2026-09-14T17:24:29.285Z,0.12416015625,680,2026-09-14 23:09:29.285,1855.047222222222
Pulse experiments,pioreactor01,2026-09-14T17:24:34.222Z,0.01998046875,415,2026-09-14 23:09:34.222,1855.048611111111
Pulse experiments,pioreactor01,2026-09-14T17:24:34.232Z,0.15921875,445,2026-09-14 23:09:34.232,1855.048611111111
Pulse experiments,pioreactor01,2026-09-14T17:24:34.245Z,0.1733203125,480,2026-09-14 23:09:34.245,1855.048611111111
Pulse experiments,pioreactor01,2026-09-14T17:24:34.254Z,0.20173828125,515,2026-09-14 23:09:34.254,1855.048611111111
Pulse experiments,pioreactor01,2026-09-14T17:24:34.265Z,0.23298828125,555,2026-09-14 23:09:34.265,1855.048611111111
Pulse experiments,pioreactor01,2026-09-14T17:24:34.274Z,0.22994140625,590,2026-09-14 23:09:34.274,1855.048611111111
Pulse experiments,pioreactor01,2026-09-14T17:24:34.286Z,0.2373046875,630,2026-09-14 23:09:34.286,1855.048611111111
Pulse experiments,pioreactor01,2026-09-14T17:24:34.293Z,0.124140625,680,2026-09-14 23:09:34.293,1855.048611111111
Pulse experiments,pioreactor01,2026-09-14T17:24:39.222Z,0.0199609375,415,2026-09-14 23:09:39.222,1855.05
Pulse experiments,pioreactor01,2026-09-14T17:24:39.231Z,0.1591796875,445,2026-09-14 23:09:39.231,1855.05
Pulse experiments,pioreactor01,2026-09-14T17:24:39.237Z,0.17322265625,480,2026-09-14 23:09:39.237,1855.05
Pulse experiments,pioreactor01,2026-09-14T17:24:39.243Z,0.2016015625,515,2026-09-14 23:09:39.243,1855.05
Pulse experiments,pioreactor01,2026-09-14T17:24:39.250Z,0.2332421875,555,2026-09-14 23:09:39.250,1855.05
Pulse experiments,pioreactor01,2026-09-14T17:24:39.259Z,0.23015625,590,2026-09-14 23:09:39.259,1855.05
Pulse experiments,pioreactor01,2026-09-14T17:24:39.266Z,0.237578125,630,2026-09-14 23:09:39.266,1855.05
Pulse experiments,pioreactor01,2026-09-14T17:24:39.275Z,0.12396484375,680,2026-09-14 23:09:39.275,1855.05
Pulse experiments,pioreactor01,2026-09-14T17:24:44.237Z,0.02,415,2026-09-14 23:09:44.237,1855.051388888889
Pulse experiments,pioreactor01,2026-09-14T17:24:44.244Z,0.15927734375,445,2026-09-14 23:09:44.244,1855.051388888889
Pulse experiments,pioreactor01,2026-09-14T17:24:44.251Z,0.1729296875,480,2026-09-14 23:09:44.251,1855.051388888889
Pulse experiments,pioreactor01,2026-09-14T17:24:44.260Z,0.20171875,515,2026-09-14 23:09:44.260,1855.051388888889
Pulse experiments,pioreactor01,2026-09-14T17:24:44.268Z,0.23349609375,555,2026-09-14 23:09:44.268,1855.051388888889
Pulse experiments,pioreactor01,2026-09-14T17:24:44.273Z,0.23048828125,590,2026-09-14 23:09:44.273,1855.051388888889
Pulse experiments,pioreactor01,2026-09-14T17:24:44.279Z,0.2377734375,630,2026-09-14 23:09:44.279,1855.051388888889
Pulse experiments,pioreactor01,2026-09-14T17:24:44.291Z,0.12431640625,680,2026-09-14 23:09:44.291,1855.051388888889
Pulse experiments,pioreactor01,2026-09-14T17:24:49.222Z,0.0199609375,415,2026-09-14 23:09:49.222,1855.052777777778
Pulse experiments,pioreactor01,2026-09-14T17:24:49.226Z,0.1590234375,445,2026-09-14 23:09:49.226,1855.052777777778
Pulse experiments,pioreactor01,2026-09-14T17:24:49.238Z,0.17296875,480,2026-09-14 23:09:49.238,1855.052777777778
Pulse experiments,pioreactor01,2026-09-14T17:24:49.247Z,0.2015625,515,2026-09-14 23:09:49.247,1855.052777777778
Pulse experiments,pioreactor01,2026-09-14T17:24:49.254Z,0.23263671875,555,2026-09-14 23:09:49.254,1855.052777777778
Pulse experiments,pioreactor01,2026-09-14T17:24:49.262Z,0.22939453125,590,2026-09-14 23:09:49.262,1855.052777777778
Pulse experiments,pioreactor01,2026-09-14T17:24:49.267Z,0.23693359375,630,2026-09-14 23:09:49.267,1855.052777777778
Pulse experiments,pioreactor01,2026-09-14T17:24:49.276Z,0.1239453125,680,2026-09-14 23:09:49.276,1855.052777777778
Pulse experiments,pioreactor01,2026-09-14T17:24:54.230Z,0.02,415,2026-09-14 23:09:54.230,1855.054166666667
Pulse experiments,pioreactor01,2026-09-14T17:24:54.241Z,0.1591796875,445,2026-09-14 23:09:54.241,1855.054166666667
Pulse experiments,pioreactor01,2026-09-14T17:24:54.253Z,0.1732421875,480,2026-09-14 23:09:54.253,1855.054166666667
Pulse experiments,pioreactor01,2026-09-14T17:24:54.266Z,0.20173828125,515,2026-09-14 23:09:54.266,1855.054166666667
Pulse experiments,pioreactor01,2026-09-14T17:24:54.273Z,0.23365234375,555,2026-09-14 23:09:54.273,1855.054166666667
Pulse experiments,pioreactor01,2026-09-14T17:24:54.288Z,0.23052734375,590,2026-09-14 23:09:54.288,1855.054166666667
Pulse experiments,pioreactor01,2026-09-14T17:24:54.298Z,0.23798828125,630,2026-09-14 23:09:54.298,1855.054166666667
Pulse experiments,pioreactor01,2026-09-14T17:24:54.309Z,0.12453125,680,2026-09-14 23:09:54.309,1855.054166666667
Pulse experiments,pioreactor01,2026-09-14T17:24:59.272Z,0.0199609375,415,2026-09-14 23:09:59.272,1855.055555555556
Pulse experiments,pioreactor01,2026-09-14T17:24:59.280Z,0.1591796875,445,2026-09-14 23:09:59.280,1855.055555555556
Pulse experiments,pioreactor01,2026-09-14T17:24:59.289Z,0.1730859375,480,2026-09-14 23:09:59.289,1855.055555555556
Pulse experiments,pioreactor01,2026-09-14T17:24:59.297Z,0.201875,515,2026-09-14 23:09:59.297,1855.055555555556
Pulse experiments,pioreactor01,2026-09-14T17:24:59.307Z,0.23314453125,555,2026-09-14 23:09:59.307,1855.055555555556
Pulse experiments,pioreactor01,2026-09-14T17:24:59.314Z,0.22982421875,590,2026-09-14 23:09:59.314,1855.055555555556
Pulse experiments,pioreactor01,2026-09-14T17:24:59.323Z,0.23724609375,630,2026-09-14 23:09:59.323,1855.055555555556
Pulse experiments,pioreactor01,2026-09-14T17:24:59.333Z,0.124140625,680,2026-09-14 23:09:59.333,1855.055555555556
Pulse experiments,pioreactor01,2026-09-14T17:25:04.248Z,0.01998046875,415,2026-09-14 23:10:04.248,1855.056944444445
Pulse experiments,pioreactor01,2026-09-14T17:25:04.257Z,0.15896484375,445,2026-09-14 23:10:04.257,1855.056944444445
Pulse experiments,pioreactor01,2026-09-14T17:25:04.276Z,0.1726953125,480,2026-09-14 23:10:04.276,1855.056944444445
Pulse experiments,pioreactor01,2026-09-14T17:25:04.291Z,0.20142578125,515,2026-09-14 23:10:04.291,1855.056944444445
Pulse experiments,pioreactor01,2026-09-14T17:25:04.299Z,0.23287109375,555,2026-09-14 23:10:04.299,1855.056944444445
Pulse experiments,pioreactor01,2026-09-14T17:25:04.311Z,0.22951171875,590,2026-09-14 23:10:04.311,1855.056944444445
Pulse experiments,pioreactor01,2026-09-14T17:25:04.324Z,0.237265625,630,2026-09-14 23:10:04.324,1855.056944444445
Pulse experiments,pioreactor01,2026-09-14T17:25:04.330Z,0.12375,680,2026-09-14 23:10:04.330,1855.056944444445
Pulse experiments,pioreactor01,2026-09-14T17:25:09.234Z,0.02001953125,415,2026-09-14 23:10:09.234,1855.058333333333
Pulse experiments,pioreactor01,2026-09-14T17:25:09.244Z,0.1593359375,445,2026-09-14 23:10:09.244,1855.058333333333
Pulse experiments,pioreactor01,2026-09-14T17:25:09.258Z,0.1731640625,480,2026-09-14 23:10:09.258,1855.058333333333
Pulse experiments,pioreactor01,2026-09-14T17:25:09.261Z,0.20208984375,515,2026-09-14 23:10:09.261,1855.058333333333
Pulse experiments,pioreactor01,2026-09-14T17:25:09.273Z,0.23322265625,555,2026-09-14 23:10:09.273,1855.058333333333
Pulse experiments,pioreactor01,2026-09-14T17:25:09.279Z,0.22970703125,590,2026-09-14 23:10:09.279,1855.058333333333
Pulse experiments,pioreactor01,2026-09-14T17:25:09.291Z,0.23732421875,630,2026-09-14 23:10:09.291,1855.058333333333
Pulse experiments,pioreactor01,2026-09-14T17:25:09.294Z,0.12408203125,680,2026-09-14 23:10:09.294,1855.058333333333
Pulse experiments,pioreactor01,2026-09-14T17:25:14.238Z,0.02001953125,415,2026-09-14 23:10:14.238,1855.059722222222
Pulse experiments,pioreactor01,2026-09-14T17:25:14.250Z,0.1591796875,445,2026-09-14 23:10:14.250,1855.059722222222
Pulse experiments,pioreactor01,2026-09-14T17:25:14.266Z,0.17345703125,480,2026-09-14 23:10:14.266,1855.059722222222
Pulse experiments,pioreactor01,2026-09-14T17:25:14.279Z,0.20173828125,515,2026-09-14 23:10:14.279,1855.059722222222
Pulse experiments,pioreactor01,2026-09-14T17:25:14.290Z,0.2336328125,555,2026-09-14 23:10:14.290,1855.059722222222
Pulse experiments,pioreactor01,2026-09-14T17:25:14.297Z,0.230078125,590,2026-09-14 23:10:14.297,1855.059722222222
Pulse experiments,pioreactor01,2026-09-14T17:25:14.306Z,0.23765625,630,2026-09-14 23:10:14.306,1855.059722222222
Pulse experiments,pioreactor01,2026-09-14T17:25:14.318Z,0.12439453125,680,2026-09-14 23:10:14.318,1855.059722222222
Pulse experiments,pioreactor01,2026-09-14T17:25:19.270Z,0.01998046875,415,2026-09-14 23:10:19.270,1855.061111111111
Pulse experiments,pioreactor01,2026-09-14T17:25:19.276Z,0.15919921875,445,2026-09-14 23:10:19.276,1855.061111111111
Pulse experiments,pioreactor01,2026-09-14T17:25:19.283Z,0.17306640625,480,2026-09-14 23:10:19.283,1855.061111111111
Pulse experiments,pioreactor01,2026-09-14T17:25:19.293Z,0.20158203125,515,2026-09-14 23:10:19.293,1855.061111111111
Pulse experiments,pioreactor01,2026-09-14T17:25:19.301Z,0.23302734375,555,2026-09-14 23:10:19.301,1855.061111111111
Pulse experiments,pioreactor01,2026-09-14T17:25:19.311Z,0.22947265625,590,2026-09-14 23:10:19.311,1855.061111111111
Pulse experiments,pioreactor01,2026-09-14T17:25:19.320Z,0.23734375,630,2026-09-14 23:10:19.320,1855.061111111111
Pulse experiments,pioreactor01,2026-09-14T17:25:19.327Z,0.12384765625,680,2026-09-14 23:10:19.327,1855.061111111111
Pulse experiments,pioreactor01,2026-09-14T17:25:24.240Z,0.02001953125,415,2026-09-14 23:10:24.240,1855.0625
Pulse experiments,pioreactor01,2026-09-14T17:25:24.254Z,0.15943359375,445,2026-09-14 23:10:24.254,1855.0625
Pulse experiments,pioreactor01,2026-09-14T17:25:24.257Z,0.17337890625,480,2026-09-14 23:10:24.257,1855.0625
Pulse experiments,pioreactor01,2026-09-14T17:25:24.266Z,0.2020703125,515,2026-09-14 23:10:24.266,1855.0625
Pulse experiments,pioreactor01,2026-09-14T17:25:24.278Z,0.2334375,555,2026-09-14 23:10:24.278,1855.0625
Pulse experiments,pioreactor01,2026-09-14T17:25:24.288Z,0.23,590,2026-09-14 23:10:24.288,1855.0625
Pulse experiments,pioreactor01,2026-09-14T17:25:24.293Z,0.23794921875,630,2026-09-14 23:10:24.293,1855.0625
Pulse experiments,pioreactor01,2026-09-14T17:25:24.300Z,0.124140625,680,2026-09-14 23:10:24.300,1855.0625
Pulse experiments,pioreactor01,2026-09-14T17:25:29.255Z,0.0200390625,415,2026-09-14 23:10:29.255,1855.063888888889
Pulse experiments,pioreactor01,2026-09-14T17:25:29.264Z,0.15955078125,445,2026-09-14 23:10:29.264,1855.063888888889
Pulse experiments,pioreactor01,2026-09-14T17:25:29.274Z,0.1734765625,480,2026-09-14 23:10:29.274,1855.063888888889
Pulse experiments,pioreactor01,2026-09-14T17:25:29.281Z,0.20236328125,515,2026-09-14 23:10:29.281,1855.063888888889
Pulse experiments,pioreactor01,2026-09-14T17:25:29.294Z,0.2343359375,555,2026-09-14 23:10:29.294,1855.063888888889
Pulse experiments,pioreactor01,2026-09-14T17:25:29.300Z,0.2308203125,590,2026-09-14 23:10:29.300,1855.063888888889
Pulse experiments,pioreactor01,2026-09-14T17:25:29.311Z,0.23888671875,630,2026-09-14 23:10:29.311,1855.063888888889
Pulse experiments,pioreactor01,2026-09-14T17:25:29.316Z,0.124765625,680,2026-09-14 23:10:29.316,1855.063888888889
Pulse experiments,pioreactor01,2026-09-14T17:25:34.252Z,0.01998046875,415,2026-09-14 23:10:34.252,1855.065277777778
Pulse experiments,pioreactor01,2026-09-14T17:25:34.262Z,0.15974609375,445,2026-09-14 23:10:34.262,1855.065277777778
Pulse experiments,pioreactor01,2026-09-14T17:25:34.274Z,0.1737890625,480,2026-09-14 23:10:34.274,1855.065277777778
Pulse experiments,pioreactor01,2026-09-14T17:25:34.284Z,0.20193359375,515,2026-09-14 23:10:34.284,1855.065277777778
Pulse experiments,pioreactor01,2026-09-14T17:25:34.296Z,0.23302734375,555,2026-09-14 23:10:34.296,1855.065277777778
Pulse experiments,pioreactor01,2026-09-14T17:25:34.306Z,0.22974609375,590,2026-09-14 23:10:34.306,1855.065277777778
Pulse experiments,pioreactor01,2026-09-14T17:25:34.320Z,0.23724609375,630,2026-09-14 23:10:34.320,1855.065277777778
Pulse experiments,pioreactor01,2026-09-14T17:25:34.331Z,0.12396484375,680,2026-09-14 23:10:34.331,1855.065277777778
Pulse experiments,pioreactor01,2026-09-14T17:25:39.229Z,0.02,415,2026-09-14 23:10:39.229,1855.066666666667
Pulse experiments,pioreactor01,2026-09-14T17:25:39.238Z,0.15951171875,445,2026-09-14 23:10:39.238,1855.066666666667
Pulse experiments,pioreactor01,2026-09-14T17:25:39.243Z,0.17369140625,480,2026-09-14 23:10:39.243,1855.066666666667
Pulse experiments,pioreactor01,2026-09-14T17:25:39.249Z,0.2023046875,515,2026-09-14 23:10:39.249,1855.066666666667
Pulse experiments,pioreactor01,2026-09-14T17:25:39.257Z,0.2342578125,555,2026-09-14 23:10:39.257,1855.066666666667
Pulse experiments,pioreactor01,2026-09-14T17:25:39.266Z,0.23052734375,590,2026-09-14 23:10:39.266,1855.066666666667
Pulse experiments,pioreactor01,2026-09-14T17:25:39.277Z,0.23830078125,630,2026-09-14 23:10:39.277,1855.066666666667
Pulse experiments,pioreactor01,2026-09-14T17:25:39.287Z,0.12453125,680,2026-09-14 23:10:39.287,1855.066666666667
Pulse experiments,pioreactor01,2026-09-14T17:25:44.222Z,0.020078125,415,2026-09-14 23:10:44.222,1855.068055555555
Pulse experiments,pioreactor01,2026-09-14T17:25:44.235Z,0.16017578125,445,2026-09-14 23:10:44.235,1855.068055555555
Pulse experiments,pioreactor01,2026-09-14T17:25:44.242Z,0.1742578125,480,2026-09-14 23:10:44.242,1855.068055555555
Pulse experiments,pioreactor01,2026-09-14T17:25:44.251Z,0.20291015625,515,2026-09-14 23:10:44.251,1855.068055555555
Pulse experiments,pioreactor01,2026-09-14T17:25:44.260Z,0.234921875,555,2026-09-14 23:10:44.260,1855.068055555555
Pulse experiments,pioreactor01,2026-09-14T17:25:44.271Z,0.23134765625,590,2026-09-14 23:10:44.271,1855.068055555555
Pulse experiments,pioreactor01,2026-09-14T17:25:44.278Z,0.23927734375,630,2026-09-14 23:10:44.278,1855.068055555555
Pulse experiments,pioreactor01,2026-09-14T17:25:44.285Z,0.12498046875,680,2026-09-14 23:10:44.285,1855.068055555555
Pulse experiments,pioreactor01,2026-09-14T17:25:49.257Z,0.02015625,415,2026-09-14 23:10:49.257,1855.069444444444
Pulse experiments,pioreactor01,2026-09-14T17:25:49.270Z,0.15970703125,445,2026-09-14 23:10:49.270,1855.069444444444
Pulse experiments,pioreactor01,2026-09-14T17:25:49.274Z,0.1736328125,480,2026-09-14 23:10:49.274,1855.069444444444
Pulse experiments,pioreactor01,2026-09-14T17:25:49.287Z,0.20275390625,515,2026-09-14 23:10:49.287,1855.069444444444
Pulse experiments,pioreactor01,2026-09-14T17:25:49.289Z,0.233203125,555,2026-09-14 23:10:49.289,1855.069444444444
Pulse experiments,pioreactor01,2026-09-14T17:25:49.298Z,0.23044921875,590,2026-09-14 23:10:49.298,1855.069444444444
Pulse experiments,pioreactor01,2026-09-14T17:25:49.308Z,0.23701171875,630,2026-09-14 23:10:49.308,1855.069444444444
Pulse experiments,pioreactor01,2026-09-14T17:25:49.319Z,0.12416015625,680,2026-09-14 23:10:49.319,1855.069444444444
Pulse experiments,pioreactor01,2026-09-14T17:25:54.263Z,0.02015625,415,2026-09-14 23:10:54.263,1855.070833333333
Pulse experiments,pioreactor01,2026-09-14T17:25:54.274Z,0.15962890625,445,2026-09-14 23:10:54.274,1855.070833333333
Pulse experiments,pioreactor01,2026-09-14T17:25:54.283Z,0.17345703125,480,2026-09-14 23:10:54.283,1855.070833333333
Pulse experiments,pioreactor01,2026-09-14T17:25:54.292Z,0.20287109375,515,2026-09-14 23:10:54.292,1855.070833333333
Pulse experiments,pioreactor01,2026-09-14T17:25:54.302Z,0.232890625,555,2026-09-14 23:10:54.302,1855.070833333333
Pulse experiments,pioreactor01,2026-09-14T17:25:54.308Z,0.23087890625,590,2026-09-14 23:10:54.308,1855.070833333333
Pulse experiments,pioreactor01,2026-09-14T17:25:54.318Z,0.2370703125,630,2026-09-14 23:10:54.318,1855.070833333333
Pulse experiments,pioreactor01,2026-09-14T17:25:54.324Z,0.12419921875,680,2026-09-14 23:10:54.324,1855.070833333333
Pulse experiments,pioreactor01,2026-09-14T17:25:59.257Z,0.02001953125,415,2026-09-14 23:10:59.257,1855.072222222222
Pulse experiments,pioreactor01,2026-09-14T17:25:59.265Z,0.15869140625,445,2026-09-14 23:10:59.265,1855.072222222222
Pulse experiments,pioreactor01,2026-09-14T17:25:59.271Z,0.17259765625,480,2026-09-14 23:10:59.271,1855.072222222222
Pulse experiments,pioreactor01,2026-09-14T17:25:59.282Z,0.20146484375,515,2026-09-14 23:10:59.282,1855.072222222222
Pulse experiments,pioreactor01,2026-09-14T17:25:59.290Z,0.2320703125,555,2026-09-14 23:10:59.290,1855.072222222222
Pulse experiments,pioreactor01,2026-09-14T17:25:59.297Z,0.23009765625,590,2026-09-14 23:10:59.297,1855.072222222222
Pulse experiments,pioreactor01,2026-09-14T17:25:59.307Z,0.23625,630,2026-09-14 23:10:59.307,1855.072222222222
Pulse experiments,pioreactor01,2026-09-14T17:25:59.316Z,0.1240625,680,2026-09-14 23:10:59.316,1855.072222222222
Pulse experiments,pioreactor01,2026-09-14T17:26:04.230Z,0.02013671875,415,2026-09-14 23:11:04.230,1855.073611111111
Pulse experiments,pioreactor01,2026-09-14T17:26:04.233Z,0.15947265625,445,2026-09-14 23:11:04.233,1855.073611111111
Pulse experiments,pioreactor01,2026-09-14T17:26:04.249Z,0.1734765625,480,2026-09-14 23:11:04.249,1855.073611111111
Pulse experiments,pioreactor01,2026-09-14T17:26:04.254Z,0.20255859375,515,2026-09-14 23:11:04.254,1855.073611111111
Pulse experiments,pioreactor01,2026-09-14T17:26:04.263Z,0.23259765625,555,2026-09-14 23:11:04.263,1855.073611111111
Pulse experiments,pioreactor01,2026-09-14T17:26:04.272Z,0.23044921875,590,2026-09-14 23:11:04.272,1855.073611111111
Pulse experiments,pioreactor01,2026-09-14T17:26:04.280Z,0.236640625,630,2026-09-14 23:11:04.280,1855.073611111111
Pulse experiments,pioreactor01,2026-09-14T17:26:04.289Z,0.12408203125,680,2026-09-14 23:11:04.289,1855.073611111111
Pulse experiments,pioreactor01,2026-09-14T17:26:09.229Z,0.02005859375,415,2026-09-14 23:11:09.229,1855.075
Pulse experiments,pioreactor01,2026-09-14T17:26:09.238Z,0.15939453125,445,2026-09-14 23:11:09.238,1855.075
Pulse experiments,pioreactor01,2026-09-14T17:26:09.245Z,0.17302734375,480,2026-09-14 23:11:09.245,1855.075
Pulse experiments,pioreactor01,2026-09-14T17:26:09.254Z,0.20208984375,515,2026-09-14 23:11:09.254,1855.075
Pulse experiments,pioreactor01,2026-09-14T17:26:09.266Z,0.23357421875,555,2026-09-14 23:11:09.266,1855.075
Pulse experiments,pioreactor01,2026-09-14T17:26:09.278Z,0.23103515625,590,2026-09-14 23:11:09.278,1855.075
Pulse experiments,pioreactor01,2026-09-14T17:26:09.286Z,0.23751953125,630,2026-09-14 23:11:09.286,1855.075
Pulse experiments,pioreactor01,2026-09-14T17:26:09.294Z,0.12455078125,680,2026-09-14 23:11:09.294,1855.075
Pulse experiments,pioreactor01,2026-09-14T17:26:14.231Z,0.02005859375,415,2026-09-14 23:11:14.231,1855.076388888889
Pulse experiments,pioreactor01,2026-09-14T17:26:14.244Z,0.15931640625,445,2026-09-14 23:11:14.244,1855.076388888889
Pulse experiments,pioreactor01,2026-09-14T17:26:14.254Z,0.173046875,480,2026-09-14 23:11:14.254,1855.076388888889
Pulse experiments,pioreactor01,2026-09-14T17:26:14.265Z,0.20228515625,515,2026-09-14 23:11:14.265,1855.076388888889
Pulse experiments,pioreactor01,2026-09-14T17:26:14.274Z,0.232578125,555,2026-09-14 23:11:14.274,1855.076388888889
Pulse experiments,pioreactor01,2026-09-14T17:26:14.287Z,0.23025390625,590,2026-09-14 23:11:14.287,1855.076388888889
Pulse experiments,pioreactor01,2026-09-14T17:26:14.296Z,0.23662109375,630,2026-09-14 23:11:14.296,1855.076388888889
Pulse experiments,pioreactor01,2026-09-14T17:26:14.305Z,0.1241015625,680,2026-09-14 23:11:14.305,1855.076388888889
Pulse experiments,pioreactor01,2026-09-14T17:26:19.245Z,0.01998046875,415,2026-09-14 23:11:19.245,1855.077777777778
Pulse experiments,pioreactor01,2026-09-14T17:26:19.253Z,0.15880859375,445,2026-09-14 23:11:19.253,1855.077777777778
Pulse experiments,pioreactor01,2026-09-14T17:26:19.259Z,0.1727734375,480,2026-09-14 23:11:19.259,1855.077777777778
Pulse experiments,pioreactor01,2026-09-14T17:26:19.268Z,0.201484375,515,2026-09-14 23:11:19.268,1855.077777777778
Pulse experiments,pioreactor01,2026-09-14T17:26:19.275Z,0.23265625,555,2026-09-14 23:11:19.275,1855.077777777778
Pulse experiments,pioreactor01,2026-09-14T17:26:19.283Z,0.2303125,590,2026-09-14 23:11:19.283,1855.077777777778
Pulse experiments,pioreactor01,2026-09-14T17:26:19.295Z,0.23642578125,630,2026-09-14 23:11:19.295,1855.077777777778
Pulse experiments,pioreactor01,2026-09-14T17:26:19.299Z,0.12412109375,680,2026-09-14 23:11:19.299,1855.077777777778
Pulse experiments,pioreactor01,2026-09-14T17:26:24.226Z,0.02005859375,415,2026-09-14 23:11:24.226,1855.079166666667
Pulse experiments,pioreactor01,2026-09-14T17:26:24.237Z,0.15947265625,445,2026-09-14 23:11:24.237,1855.079166666667
Pulse experiments,pioreactor01,2026-09-14T17:26:24.244Z,0.173203125,480,2026-09-14 23:11:24.244,1855.079166666667
Pulse experiments,pioreactor01,2026-09-14T17:26:24.250Z,0.20224609375,515,2026-09-14 23:11:24.250,1855.079166666667
Pulse experiments,pioreactor01,2026-09-14T17:26:24.262Z,0.23333984375,555,2026-09-14 23:11:24.262,1855.079166666667
Pulse experiments,pioreactor01,2026-09-14T17:26:24.273Z,0.2311328125,590,2026-09-14 23:11:24.273,1855.079166666667
Pulse experiments,pioreactor01,2026-09-14T17:26:24.281Z,0.237109375,630,2026-09-14 23:11:24.281,1855.079166666667
Pulse experiments,pioreactor01,2026-09-14T17:26:24.290Z,0.12453125,680,2026-09-14 23:11:24.290,1855.079166666667
Pulse experiments,pioreactor01,2026-09-14T17:26:29.222Z,0.0200390625,415,2026-09-14 23:11:29.222,1855.080555555556
Pulse experiments,pioreactor01,2026-09-14T17:26:29.231Z,0.15951171875,445,2026-09-14 23:11:29.231,1855.080555555556
Pulse experiments,pioreactor01,2026-09-14T17:26:29.240Z,0.1730859375,480,2026-09-14 23:11:29.240,1855.080555555556
Pulse experiments,pioreactor01,2026-09-14T17:26:29.246Z,0.20216796875,515,2026-09-14 23:11:29.246,1855.080555555556
Pulse experiments,pioreactor01,2026-09-14T17:26:29.253Z,0.2329296875,555,2026-09-14 23:11:29.253,1855.080555555556
Pulse experiments,pioreactor01,2026-09-14T17:26:29.259Z,0.2305859375,590,2026-09-14 23:11:29.259,1855.080555555556
Pulse experiments,pioreactor01,2026-09-14T17:26:29.269Z,0.23703125,630,2026-09-14 23:11:29.269,1855.080555555556
Pulse experiments,pioreactor01,2026-09-14T17:26:29.277Z,0.12421875,680,2026-09-14 23:11:29.277,1855.080555555556
Pulse experiments,pioreactor01,2026-09-14T17:26:34.223Z,0.020078125,415,2026-09-14 23:11:34.223,1855.081944444444
Pulse experiments,pioreactor01,2026-09-14T17:26:34.238Z,0.15958984375,445,2026-09-14 23:11:34.238,1855.081944444444
Pulse experiments,pioreactor01,2026-09-14T17:26:34.246Z,0.17341796875,480,2026-09-14 23:11:34.246,1855.081944444444
Pulse experiments,pioreactor01,2026-09-14T17:26:34.255Z,0.20208984375,515,2026-09-14 23:11:34.255,1855.081944444444
Pulse experiments,pioreactor01,2026-09-14T17:26:34.262Z,0.2326953125,555,2026-09-14 23:11:34.262,1855.081944444444
Pulse experiments,pioreactor01,2026-09-14T17:26:34.268Z,0.2304296875,590,2026-09-14 23:11:34.268,1855.081944444444
Pulse experiments,pioreactor01,2026-09-14T17:26:34.275Z,0.23640625,630,2026-09-14 23:11:34.275,1855.081944444444
Pulse experiments,pioreactor01,2026-09-14T17:26:34.282Z,0.124140625,680,2026-09-14 23:11:34.282,1855.081944444444
Pulse experiments,pioreactor01,2026-09-14T17:26:39.216Z,0.02001953125,415,2026-09-14 23:11:39.216,1855.083333333333
Pulse experiments,pioreactor01,2026-09-14T17:26:39.224Z,0.1588671875,445,2026-09-14 23:11:39.224,1855.083333333333
Pulse experiments,pioreactor01,2026-09-14T17:26:39.229Z,0.17279296875,480,2026-09-14 23:11:39.229,1855.083333333333
Pulse experiments,pioreactor01,2026-09-14T17:26:39.244Z,0.201484375,515,2026-09-14 23:11:39.244,1855.083333333333
Pulse experiments,pioreactor01,2026-09-14T17:26:39.254Z,0.232734375,555,2026-09-14 23:11:39.254,1855.083333333333
Pulse experiments,pioreactor01,2026-09-14T17:26:39.263Z,0.23029296875,590,2026-09-14 23:11:39.263,1855.083333333333
Pulse experiments,pioreactor01,2026-09-14T17:26:39.273Z,0.2366796875,630,2026-09-14 23:11:39.273,1855.083333333333
Pulse experiments,pioreactor01,2026-09-14T17:26:39.278Z,0.12419921875,680,2026-09-14 23:11:39.278,1855.083333333333
Pulse experiments,pioreactor01,2026-09-14T17:26:44.208Z,0.0200390625,415,2026-09-14 23:11:44.208,1855.084722222222
Pulse experiments,pioreactor01,2026-09-14T17:26:44.216Z,0.15919921875,445,2026-09-14 23:11:44.216,1855.084722222222
Pulse experiments,pioreactor01,2026-09-14T17:26:44.226Z,0.17298828125,480,2026-09-14 23:11:44.226,1855.084722222222
Pulse experiments,pioreactor01,2026-09-14T17:26:44.231Z,0.20185546875,515,2026-09-14 23:11:44.231,1855.084722222222
Pulse experiments,pioreactor01,2026-09-14T17:26:44.239Z,0.2326953125,555,2026-09-14 23:11:44.239,1855.084722222222
Pulse experiments,pioreactor01,2026-09-14T17:26:44.246Z,0.23033203125,590,2026-09-14 23:11:44.246,1855.084722222222
Pulse experiments,pioreactor01,2026-09-14T17:26:44.252Z,0.23681640625,630,2026-09-14 23:11:44.252,1855.084722222222
Pulse experiments,pioreactor01,2026-09-14T17:26:44.259Z,0.124140625,680,2026-09-14 23:11:44.259,1855.084722222222
Pulse experiments,pioreactor01,2026-09-14T17:26:49.215Z,0.01998046875,415,2026-09-14 23:11:49.215,1855.086111111111
Pulse experiments,pioreactor01,2026-09-14T17:26:49.226Z,0.1590234375,445,2026-09-14 23:11:49.226,1855.086111111111
Pulse experiments,pioreactor01,2026-09-14T17:26:49.236Z,0.17318359375,480,2026-09-14 23:11:49.236,1855.086111111111
Pulse experiments,pioreactor01,2026-09-14T17:26:49.242Z,0.20158203125,515,2026-09-14 23:11:49.242,1855.086111111111
Pulse experiments,pioreactor01,2026-09-14T17:26:49.250Z,0.23236328125,555,2026-09-14 23:11:49.250,1855.086111111111
Pulse experiments,pioreactor01,2026-09-14T17:26:49.259Z,0.2294921875,590,2026-09-14 23:11:49.259,1855.086111111111
Pulse experiments,pioreactor01,2026-09-14T17:26:49.275Z,0.2360546875,630,2026-09-14 23:11:49.275,1855.086111111111
Pulse experiments,pioreactor01,2026-09-14T17:26:49.283Z,0.1238671875,680,2026-09-14 23:11:49.283,1855.086111111111
Pulse experiments,pioreactor01,2026-09-14T17:26:54.225Z,0.02,415,2026-09-14 23:11:54.225,1855.0875
Pulse experiments,pioreactor01,2026-09-14T17:26:54.238Z,0.15908203125,445,2026-09-14 23:11:54.238,1855.0875
Pulse experiments,pioreactor01,2026-09-14T17:26:54.249Z,0.1726171875,480,2026-09-14 23:11:54.249,1855.0875
Pulse experiments,pioreactor01,2026-09-14T17:26:54.259Z,0.2016015625,515,2026-09-14 23:11:54.259,1855.0875
Pulse experiments,pioreactor01,2026-09-14T17:26:54.266Z,0.23271484375,555,2026-09-14 23:11:54.266,1855.0875
Pulse experiments,pioreactor01,2026-09-14T17:26:54.281Z,0.23037109375,590,2026-09-14 23:11:54.281,1855.0875
Pulse experiments,pioreactor01,2026-09-14T17:26:54.289Z,0.236796875,630,2026-09-14 23:11:54.289,1855.0875
Pulse experiments,pioreactor01,2026-09-14T17:26:54.297Z,0.12400390625,680,2026-09-14 23:11:54.297,1855.0875
Pulse experiments,pioreactor01,2026-09-14T17:26:59.240Z,0.02001953125,415,2026-09-14 23:11:59.240,1855.088888888889
Pulse experiments,pioreactor01,2026-09-14T17:26:59.248Z,0.15921875,445,2026-09-14 23:11:59.248,1855.088888888889
Pulse experiments,pioreactor01,2026-09-14T17:26:59.257Z,0.1731640625,480,2026-09-14 23:11:59.257,1855.088888888889
Pulse experiments,pioreactor01,2026-09-14T17:26:59.267Z,0.2016796875,515,2026-09-14 23:11:59.267,1855.088888888889
Pulse experiments,pioreactor01,2026-09-14T17:26:59.279Z,0.23263671875,555,2026-09-14 23:11:59.279,1855.088888888889
Pulse experiments,pioreactor01,2026-09-14T17:26:59.291Z,0.23001953125,590,2026-09-14 23:11:59.291,1855.088888888889
Pulse experiments,pioreactor01,2026-09-14T17:26:59.300Z,0.23623046875,630,2026-09-14 23:11:59.300,1855.088888888889
Pulse experiments,pioreactor01,2026-09-14T17:26:59.318Z,0.1240234375,680,2026-09-14 23:11:59.318,1855.088888888889
Pulse experiments,pioreactor01,2026-09-14T17:27:04.215Z,0.02005859375,415,2026-09-14 23:12:04.215,1855.090277777778
Pulse experiments,pioreactor01,2026-09-14T17:27:04.223Z,0.1592578125,445,2026-09-14 23:12:04.223,1855.090277777778
Pulse experiments,pioreactor01,2026-09-14T17:27:04.231Z,0.17326171875,480,2026-09-14 23:12:04.231,1855.090277777778
Pulse experiments,pioreactor01,2026-09-14T17:27:04.236Z,0.202109375,515,2026-09-14 23:12:04.236,1855.090277777778
Pulse experiments,pioreactor01,2026-09-14T17:27:04.248Z,0.23306640625,555,2026-09-14 23:12:04.248,1855.090277777778
Pulse experiments,pioreactor01,2026-09-14T17:27:04.253Z,0.2303125,590,2026-09-14 23:12:04.253,1855.090277777778
Pulse experiments,pioreactor01,2026-09-14T17:27:04.261Z,0.2368359375,630,2026-09-14 23:12:04.261,1855.090277777778
Pulse experiments,pioreactor01,2026-09-14T17:27:04.269Z,0.1243359375,680,2026-09-14 23:12:04.269,1855.090277777778
Pulse experiments,pioreactor01,2026-09-14T17:27:09.220Z,0.02009765625,415,2026-09-14 23:12:09.220,1855.091666666667
Pulse experiments,pioreactor01,2026-09-14T17:27:09.228Z,0.15986328125,445,2026-09-14 23:12:09.228,1855.091666666667
Pulse experiments,pioreactor01,2026-09-14T17:27:09.233Z,0.17388671875,480,2026-09-14 23:12:09.233,1855.091666666667
Pulse experiments,pioreactor01,2026-09-14T17:27:09.242Z,0.20251953125,515,2026-09-14 23:12:09.242,1855.091666666667
Pulse experiments,pioreactor01,2026-09-14T17:27:09.254Z,0.2332421875,555,2026-09-14 23:12:09.254,1855.091666666667
Pulse experiments,pioreactor01,2026-09-14T17:27:09.260Z,0.23001953125,590,2026-09-14 23:12:09.260,1855.091666666667
Pulse experiments,pioreactor01,2026-09-14T17:27:09.266Z,0.2370703125,630,2026-09-14 23:12:09.266,1855.091666666667
Pulse experiments,pioreactor01,2026-09-14T17:27:09.275Z,0.1241796875,680,2026-09-14 23:12:09.275,1855.091666666667
Pulse experiments,pioreactor01,2026-09-14T17:27:14.213Z,0.01400390625,415,2026-09-14 23:12:14.213,1855.093055555556
Pulse experiments,pioreactor01,2026-09-14T17:27:14.229Z,0.0675,445,2026-09-14 23:12:14.229,1855.093055555556
Pulse experiments,pioreactor01,2026-09-14T17:27:14.236Z,0.120234375,480,2026-09-14 23:12:14.236,1855.093055555556
Pulse experiments,pioreactor01,2026-09-14T17:27:14.244Z,0.14685546875,515,2026-09-14 23:12:14.244,1855.093055555556
Pulse experiments,pioreactor01,2026-09-14T17:27:14.253Z,0.18169921875,555,2026-09-14 23:12:14.253,1855.093055555556
Pulse experiments,pioreactor01,2026-09-14T17:27:14.258Z,0.17265625,590,2026-09-14 23:12:14.258,1855.093055555556
Pulse experiments,pioreactor01,2026-09-14T17:27:14.270Z,0.23556640625,630,2026-09-14 23:12:14.270,1855.093055555556
Pulse experiments,pioreactor01,2026-09-14T17:27:14.276Z,0.08291015625,680,2026-09-14 23:12:14.276,1855.093055555556
Pulse experiments,pioreactor01,2026-09-14T17:27:19.244Z,0.020078125,415,2026-09-14 23:12:19.244,1855.094444444444
Pulse experiments,pioreactor01,2026-09-14T17:27:19.254Z,0.1596875,445,2026-09-14 23:12:19.254,1855.094444444444
Pulse experiments,pioreactor01,2026-09-14T17:27:19.265Z,0.17361328125,480,2026-09-14 23:12:19.265,1855.094444444444
Pulse experiments,pioreactor01,2026-09-14T17:27:19.270Z,0.20232421875,515,2026-09-14 23:12:19.270,1855.094444444444
Pulse experiments,pioreactor01,2026-09-14T17:27:19.289Z,0.23390625,555,2026-09-14 23:12:19.289,1855.094444444444
Pulse experiments,pioreactor01,2026-09-14T17:27:19.300Z,0.23107421875,590,2026-09-14 23:12:19.300,1855.094444444444
Pulse experiments,pioreactor01,2026-09-14T17:27:19.306Z,0.23751953125,630,2026-09-14 23:12:19.306,1855.094444444444
Pulse experiments,pioreactor01,2026-09-14T17:27:19.355Z,0.124453125,680,2026-09-14 23:12:19.355,1855.094444444444
Pulse experiments,pioreactor01,2026-09-14T17:27:24.216Z,0.02,415,2026-09-14 23:12:24.216,1855.095833333333
Pulse experiments,pioreactor01,2026-09-14T17:27:24.222Z,0.15921875,445,2026-09-14 23:12:24.222,1855.095833333333
Pulse experiments,pioreactor01,2026-09-14T17:27:24.232Z,0.1730859375,480,2026-09-14 23:12:24.232,1855.095833333333
Pulse experiments,pioreactor01,2026-09-14T17:27:24.247Z,0.20201171875,515,2026-09-14 23:12:24.247,1855.095833333333
Pulse experiments,pioreactor01,2026-09-14T17:27:24.260Z,0.2330859375,555,2026-09-14 23:12:24.260,1855.095833333333
Pulse experiments,pioreactor01,2026-09-14T17:27:24.271Z,0.23009765625,590,2026-09-14 23:12:24.271,1855.095833333333
Pulse experiments,pioreactor01,2026-09-14T17:27:24.285Z,0.23712890625,630,2026-09-14 23:12:24.285,1855.095833333333
Pulse experiments,pioreactor01,2026-09-14T17:27:24.302Z,0.12416015625,680,2026-09-14 23:12:24.302,1855.095833333333
Pulse experiments,pioreactor01,2026-09-14T17:27:29.242Z,0.02001953125,415,2026-09-14 23:12:29.242,1855.097222222222
Pulse experiments,pioreactor01,2026-09-14T17:27:29.254Z,0.15908203125,445,2026-09-14 23:12:29.254,1855.097222222222
Pulse experiments,pioreactor01,2026-09-14T17:27:29.261Z,0.1729296875,480,2026-09-14 23:12:29.261,1855.097222222222
Pulse experiments,pioreactor01,2026-09-14T17:27:29.271Z,0.2019921875,515,2026-09-14 23:12:29.271,1855.097222222222
Pulse experiments,pioreactor01,2026-09-14T17:27:29.279Z,0.233046875,555,2026-09-14 23:12:29.279,1855.097222222222
Pulse experiments,pioreactor01,2026-09-14T17:27:29.289Z,0.2297265625,590,2026-09-14 23:12:29.289,1855.097222222222
Pulse experiments,pioreactor01,2026-09-14T17:27:29.302Z,0.23681640625,630,2026-09-14 23:12:29.302,1855.097222222222
Pulse experiments,pioreactor01,2026-09-14T17:27:29.314Z,0.12396484375,680,2026-09-14 23:12:29.314,1855.097222222222
Pulse experiments,pioreactor01,2026-09-14T17:27:34.257Z,0.020078125,415,2026-09-14 23:12:34.257,1855.098611111111
Pulse experiments,pioreactor01,2026-09-14T17:27:34.264Z,0.159609375,445,2026-09-14 23:12:34.264,1855.098611111111
Pulse experiments,pioreactor01,2026-09-14T17:27:34.274Z,0.17365234375,480,2026-09-14 23:12:34.274,1855.098611111111
Pulse experiments,pioreactor01,2026-09-14T17:27:34.285Z,0.202578125,515,2026-09-14 23:12:34.285,1855.098611111111
Pulse experiments,pioreactor01,2026-09-14T17:27:34.295Z,0.23248046875,555,2026-09-14 23:12:34.295,1855.098611111111
Pulse experiments,pioreactor01,2026-09-14T17:27:34.311Z,0.229453125,590,2026-09-14 23:12:34.311,1855.098611111111
Pulse experiments,pioreactor01,2026-09-14T17:27:34.323Z,0.23642578125,630,2026-09-14 23:12:34.323,1855.098611111111
Pulse experiments,pioreactor01,2026-09-14T17:27:34.331Z,0.12373046875,680,2026-09-14 23:12:34.331,1855.098611111111
Pulse experiments,pioreactor01,2026-09-14T17:27:39.228Z,0.02009765625,415,2026-09-14 23:12:39.228,1855.1
Pulse experiments,pioreactor01,2026-09-14T17:27:39.234Z,0.159921875,445,2026-09-14 23:12:39.234,1855.1
Pulse experiments,pioreactor01,2026-09-14T17:27:39.242Z,0.17365234375,480,2026-09-14 23:12:39.242,1855.1
Pulse experiments,pioreactor01,2026-09-14T17:27:39.250Z,0.20265625,515,2026-09-14 23:12:39.250,1855.1
Pulse experiments,pioreactor01,2026-09-14T17:27:39.259Z,0.2331640625,555,2026-09-14 23:12:39.259,1855.1
Pulse experiments,pioreactor01,2026-09-14T17:27:39.270Z,0.23029296875,590,2026-09-14 23:12:39.270,1855.1
Pulse experiments,pioreactor01,2026-09-14T17:27:39.280Z,0.23689453125,630,2026-09-14 23:12:39.280,1855.1
Pulse experiments,pioreactor01,2026-09-14T17:27:39.289Z,0.12396484375,680,2026-09-14 23:12:39.289,1855.1
Pulse experiments,pioreactor01,2026-09-14T17:27:44.233Z,0.02005859375,415,2026-09-14 23:12:44.233,1855.101388888889
Pulse experiments,pioreactor01,2026-09-14T17:27:44.248Z,0.1595703125,445,2026-09-14 23:12:44.248,1855.101388888889
Pulse experiments,pioreactor01,2026-09-14T17:27:44.271Z,0.17353515625,480,2026-09-14 23:12:44.271,1855.101388888889
Pulse experiments,pioreactor01,2026-09-14T17:27:44.284Z,0.20255859375,515,2026-09-14 23:12:44.284,1855.101388888889
Pulse experiments,pioreactor01,2026-09-14T17:27:44.297Z,0.2337109375,555,2026-09-14 23:12:44.297,1855.101388888889
Pulse experiments,pioreactor01,2026-09-14T17:27:44.314Z,0.23029296875,590,2026-09-14 23:12:44.314,1855.101388888889
Pulse experiments,pioreactor01,2026-09-14T17:27:44.327Z,0.23740234375,630,2026-09-14 23:12:44.327,1855.101388888889
Pulse experiments,pioreactor01,2026-09-14T17:27:44.350Z,0.12451171875,680,2026-09-14 23:12:44.350,1855.101388888889
Pulse experiments,pioreactor01,2026-09-14T17:27:49.229Z,0.02001953125,415,2026-09-14 23:12:49.229,1855.102777777778
Pulse experiments,pioreactor01,2026-09-14T17:27:49.238Z,0.1597265625,445,2026-09-14 23:12:49.238,1855.102777777778
Pulse experiments,pioreactor01,2026-09-14T17:27:49.247Z,0.1738671875,480,2026-09-14 23:12:49.247,1855.102777777778
Pulse experiments,pioreactor01,2026-09-14T17:27:49.255Z,0.20220703125,515,2026-09-14 23:12:49.255,1855.102777777778
Pulse experiments,pioreactor01,2026-09-14T17:27:49.267Z,0.234609375,555,2026-09-14 23:12:49.267,1855.102777777778
Pulse experiments,pioreactor01,2026-09-14T17:27:49.278Z,0.23111328125,590,2026-09-14 23:12:49.278,1855.102777777778
Pulse experiments,pioreactor01,2026-09-14T17:27:49.288Z,0.23828125,630,2026-09-14 23:12:49.288,1855.102777777778
Pulse experiments,pioreactor01,2026-09-14T17:27:49.296Z,0.12484375,680,2026-09-14 23:12:49.296,1855.102777777778
Pulse experiments,pioreactor01,2026-09-14T17:27:54.239Z,0.020078125,415,2026-09-14 23:12:54.239,1855.104166666667
Pulse experiments,pioreactor01,2026-09-14T17:27:54.249Z,0.159921875,445,2026-09-14 23:12:54.249,1855.104166666667
Pulse experiments,pioreactor01,2026-09-14T17:27:54.261Z,0.17404296875,480,2026-09-14 23:12:54.261,1855.104166666667
Pulse experiments,pioreactor01,2026-09-14T17:27:54.267Z,0.2026953125,515,2026-09-14 23:12:54.267,1855.104166666667
Pulse experiments,pioreactor01,2026-09-14T17:27:54.275Z,0.23375,555,2026-09-14 23:12:54.275,1855.104166666667
Pulse experiments,pioreactor01,2026-09-14T17:27:54.283Z,0.230390625,590,2026-09-14 23:12:54.283,1855.104166666667
Pulse experiments,pioreactor01,2026-09-14T17:27:54.293Z,0.23763671875,630,2026-09-14 23:12:54.293,1855.104166666667
Pulse experiments,pioreactor01,2026-09-14T17:27:54.300Z,0.124453125,680,2026-09-14 23:12:54.300,1855.104166666667
Pulse experiments,pioreactor01,2026-09-14T17:27:59.245Z,0.0199609375,415,2026-09-14 23:12:59.245,1855.105555555556
Pulse experiments,pioreactor01,2026-09-14T17:27:59.251Z,0.15908203125,445,2026-09-14 23:12:59.251,1855.105555555556
Pulse experiments,pioreactor01,2026-09-14T17:27:59.260Z,0.17318359375,480,2026-09-14 23:12:59.260,1855.105555555556
Pulse experiments,pioreactor01,2026-09-14T17:27:59.271Z,0.20181640625,515,2026-09-14 23:12:59.271,1855.105555555556
Pulse experiments,pioreactor01,2026-09-14T17:27:59.280Z,0.23462890625,555,2026-09-14 23:12:59.280,1855.105555555556
Pulse experiments,pioreactor01,2026-09-14T17:27:59.291Z,0.23150390625,590,2026-09-14 23:12:59.291,1855.105555555556
Pulse experiments,pioreactor01,2026-09-14T17:27:59.303Z,0.2383984375,630,2026-09-14 23:12:59.303,1855.105555555556
Pulse experiments,pioreactor01,2026-09-14T17:27:59.312Z,0.124765625,680,2026-09-14 23:12:59.312,1855.105555555556
Pulse experiments,pioreactor01,2026-09-14T17:28:04.247Z,0.02013671875,415,2026-09-14 23:13:04.247,1855.106944444444
Pulse experiments,pioreactor01,2026-09-14T17:28:04.257Z,0.15998046875,445,2026-09-14 23:13:04.257,1855.106944444444
Pulse experiments,pioreactor01,2026-09-14T17:28:04.268Z,0.1741015625,480,2026-09-14 23:13:04.268,1855.106944444444
Pulse experiments,pioreactor01,2026-09-14T17:28:04.276Z,0.2030078125,515,2026-09-14 23:13:04.276,1855.106944444444
Pulse experiments,pioreactor01,2026-09-14T17:28:04.284Z,0.2329296875,555,2026-09-14 23:13:04.284,1855.106944444444
Pulse experiments,pioreactor01,2026-09-14T17:28:04.296Z,0.22955078125,590,2026-09-14 23:13:04.296,1855.106944444444
Pulse experiments,pioreactor01,2026-09-14T17:28:04.304Z,0.23669921875,630,2026-09-14 23:13:04.304,1855.106944444444
Pulse experiments,pioreactor01,2026-09-14T17:28:04.314Z,0.1237890625,680,2026-09-14 23:13:04.314,1855.106944444444
Pulse experiments,pioreactor01,2026-09-14T17:28:09.251Z,0.02001953125,415,2026-09-14 23:13:09.251,1855.108333333333
Pulse experiments,pioreactor01,2026-09-14T17:28:09.261Z,0.159375,445,2026-09-14 23:13:09.261,1855.108333333333
Pulse experiments,pioreactor01,2026-09-14T17:28:09.268Z,0.1733203125,480,2026-09-14 23:13:09.268,1855.108333333333
Pulse experiments,pioreactor01,2026-09-14T17:28:09.277Z,0.202109375,515,2026-09-14 23:13:09.277,1855.108333333333
Pulse experiments,pioreactor01,2026-09-14T17:28:09.286Z,0.23337890625,555,2026-09-14 23:13:09.286,1855.108333333333
Pulse experiments,pioreactor01,2026-09-14T17:28:09.293Z,0.23052734375,590,2026-09-14 23:13:09.293,1855.108333333333
Pulse experiments,pioreactor01,2026-09-14T17:28:09.301Z,0.23779296875,630,2026-09-14 23:13:09.301,1855.108333333333
Pulse experiments,pioreactor01,2026-09-14T17:28:09.310Z,0.12423828125,680,2026-09-14 23:13:09.310,1855.108333333333
Pulse experiments,pioreactor01,2026-09-14T17:28:14.276Z,0.02,415,2026-09-14 23:13:14.276,1855.109722222222
Pulse experiments,pioreactor01,2026-09-14T17:28:14.289Z,0.15935546875,445,2026-09-14 23:13:14.289,1855.109722222222
Pulse experiments,pioreactor01,2026-09-14T17:28:14.300Z,0.173515625,480,2026-09-14 23:13:14.300,1855.109722222222
Pulse experiments,pioreactor01,2026-09-14T17:28:14.310Z,0.2016796875,515,2026-09-14 23:13:14.310,1855.109722222222
Pulse experiments,pioreactor01,2026-09-14T17:28:14.323Z,0.233671875,555,2026-09-14 23:13:14.323,1855.109722222222
Pulse experiments,pioreactor01,2026-09-14T17:28:14.329Z,0.230234375,590,2026-09-14 23:13:14.329,1855.109722222222
Pulse experiments,pioreactor01,2026-09-14T17:28:14.353Z,0.2373828125,630,2026-09-14 23:13:14.353,1855.109722222222
Pulse experiments,pioreactor01,2026-09-14T17:28:14.362Z,0.124296875,680,2026-09-14 23:13:14.362,1855.109722222222
Pulse experiments,pioreactor01,2026-09-14T17:28:19.256Z,0.020078125,415,2026-09-14 23:13:19.256,1855.111111111111
Pulse experiments,pioreactor01,2026-09-14T17:28:19.274Z,0.15962890625,445,2026-09-14 23:13:19.274,1855.111111111111
Pulse experiments,pioreactor01,2026-09-14T17:28:19.287Z,0.17392578125,480,2026-09-14 23:13:19.287,1855.111111111111
Pulse experiments,pioreactor01,2026-09-14T17:28:19.302Z,0.20265625,515,2026-09-14 23:13:19.302,1855.111111111111
Pulse experiments,pioreactor01,2026-09-14T17:28:19.319Z,0.2338671875,555,2026-09-14 23:13:19.319,1855.111111111111
Pulse experiments,pioreactor01,2026-09-14T17:28:19.334Z,0.2301953125,590,2026-09-14 23:13:19.334,1855.111111111111
Pulse experiments,pioreactor01,2026-09-14T17:28:19.357Z,0.23767578125,630,2026-09-14 23:13:19.357,1855.111111111111
Pulse experiments,pioreactor01,2026-09-14T17:28:19.366Z,0.1244140625,680,2026-09-14 23:13:19.366,1855.111111111111
Pulse experiments,pioreactor01,2026-09-14T17:28:24.236Z,0.02001953125,415,2026-09-14 23:13:24.236,1855.1125
Pulse experiments,pioreactor01,2026-09-14T17:28:24.248Z,0.15931640625,445,2026-09-14 23:13:24.248,1855.1125
Pulse experiments,pioreactor01,2026-09-14T17:28:24.260Z,0.1734375,480,2026-09-14 23:13:24.260,1855.1125
Pulse experiments,pioreactor01,2026-09-14T17:28:24.269Z,0.20201171875,515,2026-09-14 23:13:24.269,1855.1125
Pulse experiments,pioreactor01,2026-09-14T17:28:24.278Z,0.23310546875,555,2026-09-14 23:13:24.278,1855.1125
Pulse experiments,pioreactor01,2026-09-14T17:28:24.286Z,0.22978515625,590,2026-09-14 23:13:24.286,1855.1125
Pulse experiments,pioreactor01,2026-09-14T17:28:24.294Z,0.236640625,630,2026-09-14 23:13:24.294,1855.1125
Pulse experiments,pioreactor01,2026-09-14T17:28:24.302Z,0.12396484375,680,2026-09-14 23:13:24.302,1855.1125
Pulse experiments,pioreactor01,2026-09-14T17:28:29.263Z,0.01998046875,415,2026-09-14 23:13:29.263,1855.113888888889
Pulse experiments,pioreactor01,2026-09-14T17:28:29.273Z,0.159453125,445,2026-09-14 23:13:29.273,1855.113888888889
Pulse experiments,pioreactor01,2026-09-14T17:28:29.279Z,0.17322265625,480,2026-09-14 23:13:29.279,1855.113888888889
Pulse experiments,pioreactor01,2026-09-14T17:28:29.287Z,0.20197265625,515,2026-09-14 23:13:29.287,1855.113888888889
Pulse experiments,pioreactor01,2026-09-14T17:28:29.294Z,0.23376953125,555,2026-09-14 23:13:29.294,1855.113888888889
Pulse experiments,pioreactor01,2026-09-14T17:28:29.301Z,0.2305078125,590,2026-09-14 23:13:29.301,1855.113888888889
Pulse experiments,pioreactor01,2026-09-14T17:28:29.309Z,0.23759765625,630,2026-09-14 23:13:29.309,1855.113888888889
Pulse experiments,pioreactor01,2026-09-14T17:28:29.317Z,0.1241796875,680,2026-09-14 23:13:29.317,1855.113888888889
Pulse experiments,pioreactor01,2026-09-14T17:28:34.214Z,0.02,415,2026-09-14 23:13:34.214,1855.115277777778
Pulse experiments,pioreactor01,2026-09-14T17:28:34.222Z,0.15935546875,445,2026-09-14 23:13:34.222,1855.115277777778
Pulse experiments,pioreactor01,2026-09-14T17:28:34.236Z,0.17333984375,480,2026-09-14 23:13:34.236,1855.115277777778
Pulse experiments,pioreactor01,2026-09-14T17:28:34.246Z,0.20228515625,515,2026-09-14 23:13:34.246,1855.115277777778
Pulse experiments,pioreactor01,2026-09-14T17:28:34.257Z,0.23337890625,555,2026-09-14 23:13:34.257,1855.115277777778
Pulse experiments,pioreactor01,2026-09-14T17:28:34.268Z,0.23013671875,590,2026-09-14 23:13:34.268,1855.115277777778
Pulse experiments,pioreactor01,2026-09-14T17:28:34.280Z,0.23751953125,630,2026-09-14 23:13:34.280,1855.115277777778
Pulse experiments,pioreactor01,2026-09-14T17:28:34.291Z,0.1242578125,680,2026-09-14 23:13:34.291,1855.115277777778
Pulse experiments,pioreactor01,2026-09-14T17:28:39.238Z,0.02013671875,415,2026-09-14 23:13:39.238,1855.116666666667
Pulse experiments,pioreactor01,2026-09-14T17:28:39.247Z,0.1599609375,445,2026-09-14 23:13:39.247,1855.116666666667
Pulse experiments,pioreactor01,2026-09-14T17:28:39.255Z,0.17396484375,480,2026-09-14 23:13:39.255,1855.116666666667
Pulse experiments,pioreactor01,2026-09-14T17:28:39.268Z,0.202890625,515,2026-09-14 23:13:39.268,1855.116666666667
Pulse experiments,pioreactor01,2026-09-14T17:28:39.275Z,0.23314453125,555,2026-09-14 23:13:39.275,1855.116666666667
Pulse experiments,pioreactor01,2026-09-14T17:28:39.283Z,0.22970703125,590,2026-09-14 23:13:39.283,1855.116666666667
Pulse experiments,pioreactor01,2026-09-14T17:28:39.291Z,0.23693359375,630,2026-09-14 23:13:39.291,1855.116666666667
Pulse experiments,pioreactor01,2026-09-14T17:28:39.298Z,0.12376953125,680,2026-09-14 23:13:39.298,1855.116666666667
Pulse experiments,pioreactor01,2026-09-14T17:28:44.258Z,0.01998046875,415,2026-09-14 23:13:44.258,1855.118055555556
Pulse experiments,pioreactor01,2026-09-14T17:28:44.273Z,0.15939453125,445,2026-09-14 23:13:44.273,1855.118055555556
Pulse experiments,pioreactor01,2026-09-14T17:28:44.277Z,0.1734765625,480,2026-09-14 23:13:44.277,1855.118055555556
Pulse experiments,pioreactor01,2026-09-14T17:28:44.288Z,0.201796875,515,2026-09-14 23:13:44.288,1855.118055555556
Pulse experiments,pioreactor01,2026-09-14T17:28:44.303Z,0.23421875,555,2026-09-14 23:13:44.303,1855.118055555556
Pulse experiments,pioreactor01,2026-09-14T17:28:44.316Z,0.23076171875,590,2026-09-14 23:13:44.316,1855.118055555556
Pulse experiments,pioreactor01,2026-09-14T17:28:44.325Z,0.23818359375,630,2026-09-14 23:13:44.325,1855.118055555556
Pulse experiments,pioreactor01,2026-09-14T17:28:44.332Z,0.1245703125,680,2026-09-14 23:13:44.332,1855.118055555556
Pulse experiments,pioreactor01,2026-09-14T17:28:49.224Z,0.02001953125,415,2026-09-14 23:13:49.224,1855.119444444445
Pulse experiments,pioreactor01,2026-09-14T17:28:49.247Z,0.15955078125,445,2026-09-14 23:13:49.247,1855.119444444445
Pulse experiments,pioreactor01,2026-09-14T17:28:49.265Z,0.17314453125,480,2026-09-14 23:13:49.265,1855.119444444445
Pulse experiments,pioreactor01,2026-09-14T17:28:49.271Z,0.20193359375,515,2026-09-14 23:13:49.271,1855.119444444445
Pulse experiments,pioreactor01,2026-09-14T17:28:49.288Z,0.23345703125,555,2026-09-14 23:13:49.288,1855.119444444445
Pulse experiments,pioreactor01,2026-09-14T17:28:49.314Z,0.23015625,590,2026-09-14 23:13:49.314,1855.119444444445
Pulse experiments,pioreactor01,2026-09-14T17:28:49.325Z,0.237265625,630,2026-09-14 23:13:49.325,1855.119444444445
Pulse experiments,pioreactor01,2026-09-14T17:28:49.338Z,0.12400390625,680,2026-09-14 23:13:49.338,1855.119444444445
Pulse experiments,pioreactor01,2026-09-14T17:28:54.238Z,0.01998046875,415,2026-09-14 23:13:54.238,1855.120833333333
Pulse experiments,pioreactor01,2026-09-14T17:28:54.249Z,0.159453125,445,2026-09-14 23:13:54.249,1855.120833333333
Pulse experiments,pioreactor01,2026-09-14T17:28:54.258Z,0.1736328125,480,2026-09-14 23:13:54.258,1855.120833333333
Pulse experiments,pioreactor01,2026-09-14T17:28:54.264Z,0.20201171875,515,2026-09-14 23:13:54.264,1855.120833333333
Pulse experiments,pioreactor01,2026-09-14T17:28:54.277Z,0.232734375,555,2026-09-14 23:13:54.277,1855.120833333333
Pulse experiments,pioreactor01,2026-09-14T17:28:54.287Z,0.2293359375,590,2026-09-14 23:13:54.287,1855.120833333333
Pulse experiments,pioreactor01,2026-09-14T17:28:54.299Z,0.23673828125,630,2026-09-14 23:13:54.299,1855.120833333333
Pulse experiments,pioreactor01,2026-09-14T17:28:54.308Z,0.1237109375,680,2026-09-14 23:13:54.308,1855.120833333333
Pulse experiments,pioreactor01,2026-09-14T17:28:59.255Z,0.02,415,2026-09-14 23:13:59.255,1855.122222222222
Pulse experiments,pioreactor01,2026-09-14T17:28:59.262Z,0.15923828125,445,2026-09-14 23:13:59.262,1855.122222222222
Pulse experiments,pioreactor01,2026-09-14T17:28:59.270Z,0.17353515625,480,2026-09-14 23:13:59.270,1855.122222222222
Pulse experiments,pioreactor01,2026-09-14T17:28:59.279Z,0.20181640625,515,2026-09-14 23:13:59.279,1855.122222222222
Pulse experiments,pioreactor01,2026-09-14T17:28:59.292Z,0.23328125,555,2026-09-14 23:13:59.292,1855.122222222222
Pulse experiments,pioreactor01,2026-09-14T17:28:59.300Z,0.2296484375,590,2026-09-14 23:13:59.300,1855.122222222222
Pulse experiments,pioreactor01,2026-09-14T17:28:59.311Z,0.236875,630,2026-09-14 23:13:59.311,1855.122222222222
Pulse experiments,pioreactor01,2026-09-14T17:28:59.325Z,0.123984375,680,2026-09-14 23:13:59.325,1855.122222222222
Pulse experiments,pioreactor01,2026-09-14T17:29:04.273Z,0.0199609375,415,2026-09-14 23:14:04.273,1855.123611111111
Pulse experiments,pioreactor01,2026-09-14T17:29:04.288Z,0.159453125,445,2026-09-14 23:14:04.288,1855.123611111111
Pulse experiments,pioreactor01,2026-09-14T17:29:04.300Z,0.1734765625,480,2026-09-14 23:14:04.300,1855.123611111111
Pulse experiments,pioreactor01,2026-09-14T17:29:04.312Z,0.201796875,515,2026-09-14 23:14:04.312,1855.123611111111
Pulse experiments,pioreactor01,2026-09-14T17:29:04.334Z,0.23328125,555,2026-09-14 23:14:04.334,1855.123611111111
Pulse experiments,pioreactor01,2026-09-14T17:29:04.347Z,0.22962890625,590,2026-09-14 23:14:04.347,1855.123611111111
Pulse experiments,pioreactor01,2026-09-14T17:29:04.352Z,0.2372265625,630,2026-09-14 23:14:04.352,1855.123611111111
Pulse experiments,pioreactor01,2026-09-14T17:29:04.405Z,0.124140625,680,2026-09-14 23:14:04.405,1855.123611111111
Pulse experiments,pioreactor01,2026-09-14T17:29:09.249Z,0.020078125,415,2026-09-14 23:14:09.249,1855.125
Pulse experiments,pioreactor01,2026-09-14T17:29:09.259Z,0.16009765625,445,2026-09-14 23:14:09.259,1855.125
Pulse experiments,pioreactor01,2026-09-14T17:29:09.275Z,0.17416015625,480,2026-09-14 23:14:09.275,1855.125
Pulse experiments,pioreactor01,2026-09-14T17:29:09.287Z,0.2028125,515,2026-09-14 23:14:09.287,1855.125
Pulse experiments,pioreactor01,2026-09-14T17:29:09.296Z,0.23337890625,555,2026-09-14 23:14:09.296,1855.125
Pulse experiments,pioreactor01,2026-09-14T17:29:09.311Z,0.2299609375,590,2026-09-14 23:14:09.311,1855.125
Pulse experiments,pioreactor01,2026-09-14T17:29:09.320Z,0.2374609375,630,2026-09-14 23:14:09.320,1855.125
Pulse experiments,pioreactor01,2026-09-14T17:29:09.331Z,0.1241796875,680,2026-09-14 23:14:09.331,1855.125
Pulse experiments,pioreactor01,2026-09-14T17:29:14.266Z,0.02005859375,415,2026-09-14 23:14:14.266,1855.126388888889
Pulse experiments,pioreactor01,2026-09-14T17:29:14.273Z,0.15994140625,445,2026-09-14 23:14:14.273,1855.126388888889
Pulse experiments,pioreactor01,2026-09-14T17:29:14.284Z,0.1740625,480,2026-09-14 23:14:14.284,1855.126388888889
Pulse experiments,pioreactor01,2026-09-14T17:29:14.291Z,0.20265625,515,2026-09-14 23:14:14.291,1855.126388888889
Pulse experiments,pioreactor01,2026-09-14T17:29:14.299Z,0.23439453125,555,2026-09-14 23:14:14.299,1855.126388888889
Pulse experiments,pioreactor01,2026-09-14T17:29:14.306Z,0.2305859375,590,2026-09-14 23:14:14.306,1855.126388888889
Pulse experiments,pioreactor01,2026-09-14T17:29:14.316Z,0.23841796875,630,2026-09-14 23:14:14.316,1855.126388888889
Pulse experiments,pioreactor01,2026-09-14T17:29:14.329Z,0.12462890625,680,2026-09-14 23:14:14.329,1855.126388888889
Pulse experiments,pioreactor01,2026-09-14T17:29:19.241Z,0.02,415,2026-09-14 23:14:19.241,1855.127777777778
Pulse experiments,pioreactor01,2026-09-14T17:29:19.250Z,0.15986328125,445,2026-09-14 23:14:19.250,1855.127777777778
Pulse experiments,pioreactor01,2026-09-14T17:29:19.262Z,0.173671875,480,2026-09-14 23:14:19.262,1855.127777777778
Pulse experiments,pioreactor01,2026-09-14T17:29:19.271Z,0.20255859375,515,2026-09-14 23:14:19.271,1855.127777777778
Pulse experiments,pioreactor01,2026-09-14T17:29:19.282Z,0.23359375,555,2026-09-14 23:14:19.282,1855.127777777778
Pulse experiments,pioreactor01,2026-09-14T17:29:19.291Z,0.22994140625,590,2026-09-14 23:14:19.291,1855.127777777778
Pulse experiments,pioreactor01,2026-09-14T17:29:19.299Z,0.23767578125,630,2026-09-14 23:14:19.299,1855.127777777778
Pulse experiments,pioreactor01,2026-09-14T17:29:19.314Z,0.12412109375,680,2026-09-14 23:14:19.314,1855.127777777778
Pulse experiments,pioreactor01,2026-09-14T17:29:24.233Z,0.02,415,2026-09-14 23:14:24.233,1855.129166666667
Pulse experiments,pioreactor01,2026-09-14T17:29:24.249Z,0.1595703125,445,2026-09-14 23:14:24.249,1855.129166666667
Pulse experiments,pioreactor01,2026-09-14T17:29:24.257Z,0.1737890625,480,2026-09-14 23:14:24.257,1855.129166666667
Pulse experiments,pioreactor01,2026-09-14T17:29:24.264Z,0.2022265625,515,2026-09-14 23:14:24.264,1855.129166666667
Pulse experiments,pioreactor01,2026-09-14T17:29:24.278Z,0.23349609375,555,2026-09-14 23:14:24.278,1855.129166666667
Pulse experiments,pioreactor01,2026-09-14T17:29:24.289Z,0.23,590,2026-09-14 23:14:24.289,1855.129166666667
Pulse experiments,pioreactor01,2026-09-14T17:29:24.300Z,0.2373828125,630,2026-09-14 23:14:24.300,1855.129166666667
Pulse experiments,pioreactor01,2026-09-14T17:29:24.312Z,0.12400390625,680,2026-09-14 23:14:24.312,1855.129166666667
Pulse experiments,pioreactor01,2026-09-14T17:29:29.255Z,0.020078125,415,2026-09-14 23:14:29.255,1855.130555555555
Pulse experiments,pioreactor01,2026-09-14T17:29:29.263Z,0.16025390625,445,2026-09-14 23:14:29.263,1855.130555555555
Pulse experiments,pioreactor01,2026-09-14T17:29:29.269Z,0.17412109375,480,2026-09-14 23:14:29.269,1855.130555555555
Pulse experiments,pioreactor01,2026-09-14T17:29:29.277Z,0.2029296875,515,2026-09-14 23:14:29.277,1855.130555555555
Pulse experiments,pioreactor01,2026-09-14T17:29:29.286Z,0.2340234375,555,2026-09-14 23:14:29.286,1855.130555555555
Pulse experiments,pioreactor01,2026-09-14T17:29:29.294Z,0.23076171875,590,2026-09-14 23:14:29.294,1855.130555555555
Pulse experiments,pioreactor01,2026-09-14T17:29:29.307Z,0.23818359375,630,2026-09-14 23:14:29.307,1855.130555555555
Pulse experiments,pioreactor01,2026-09-14T17:29:29.316Z,0.12435546875,680,2026-09-14 23:14:29.316,1855.130555555555
Pulse experiments,pioreactor01,2026-09-14T17:29:34.253Z,0.02001953125,415,2026-09-14 23:14:34.253,1855.131944444444
Pulse experiments,pioreactor01,2026-09-14T17:29:34.266Z,0.15978515625,445,2026-09-14 23:14:34.266,1855.131944444444
Pulse experiments,pioreactor01,2026-09-14T17:29:34.277Z,0.17390625,480,2026-09-14 23:14:34.277,1855.131944444444
Pulse experiments,pioreactor01,2026-09-14T17:29:34.285Z,0.20244140625,515,2026-09-14 23:14:34.285,1855.131944444444
Pulse experiments,pioreactor01,2026-09-14T17:29:34.297Z,0.23341796875,555,2026-09-14 23:14:34.297,1855.131944444444
Pulse experiments,pioreactor01,2026-09-14T17:29:34.307Z,0.22951171875,590,2026-09-14 23:14:34.307,1855.131944444444
Pulse experiments,pioreactor01,2026-09-14T17:29:34.320Z,0.23701171875,630,2026-09-14 23:14:34.320,1855.131944444444
Pulse experiments,pioreactor01,2026-09-14T17:29:34.333Z,0.12388671875,680,2026-09-14 23:14:34.333,1855.131944444444
Pulse experiments,pioreactor01,2026-09-14T17:29:39.237Z,0.02009765625,415,2026-09-14 23:14:39.237,1855.133333333333
Pulse experiments,pioreactor01,2026-09-14T17:29:39.243Z,0.16037109375,445,2026-09-14 23:14:39.243,1855.133333333333
Pulse experiments,pioreactor01,2026-09-14T17:29:39.255Z,0.17443359375,480,2026-09-14 23:14:39.255,1855.133333333333
Pulse experiments,pioreactor01,2026-09-14T17:29:39.264Z,0.20330078125,515,2026-09-14 23:14:39.264,1855.133333333333
Pulse experiments,pioreactor01,2026-09-14T17:29:39.270Z,0.23375,555,2026-09-14 23:14:39.270,1855.133333333333
Pulse experiments,pioreactor01,2026-09-14T17:29:39.275Z,0.23025390625,590,2026-09-14 23:14:39.275,1855.133333333333
Pulse experiments,pioreactor01,2026-09-14T17:29:39.283Z,0.23765625,630,2026-09-14 23:14:39.283,1855.133333333333
Pulse experiments,pioreactor01,2026-09-14T17:29:39.292Z,0.12404296875,680,2026-09-14 23:14:39.292,1855.133333333333
Pulse experiments,pioreactor01,2026-09-14T17:29:44.224Z,0.02001953125,415,2026-09-14 23:14:44.224,1855.134722222222
Pulse experiments,pioreactor01,2026-09-14T17:29:44.237Z,0.15994140625,445,2026-09-14 23:14:44.237,1855.134722222222
Pulse experiments,pioreactor01,2026-09-14T17:29:44.248Z,0.17392578125,480,2026-09-14 23:14:44.248,1855.134722222222
Pulse experiments,pioreactor01,2026-09-14T17:29:44.258Z,0.202421875,515,2026-09-14 23:14:44.258,1855.134722222222
Pulse experiments,pioreactor01,2026-09-14T17:29:44.267Z,0.23392578125,555,2026-09-14 23:14:44.267,1855.134722222222
Pulse experiments,pioreactor01,2026-09-14T17:29:44.276Z,0.23021484375,590,2026-09-14 23:14:44.276,1855.134722222222
Pulse experiments,pioreactor01,2026-09-14T17:29:44.284Z,0.2377734375,630,2026-09-14 23:14:44.284,1855.134722222222
Pulse experiments,pioreactor01,2026-09-14T17:29:44.294Z,0.12421875,680,2026-09-14 23:14:44.294,1855.134722222222
Pulse experiments,pioreactor01,2026-09-14T17:29:49.244Z,0.0200390625,415,2026-09-14 23:14:49.244,1855.136111111111
Pulse experiments,pioreactor01,2026-09-14T17:29:49.254Z,0.1597265625,445,2026-09-14 23:14:49.254,1855.136111111111
Pulse experiments,pioreactor01,2026-09-14T17:29:49.272Z,0.1736328125,480,2026-09-14 23:14:49.272,1855.136111111111
Pulse experiments,pioreactor01,2026-09-14T17:29:49.284Z,0.20234375,515,2026-09-14 23:14:49.284,1855.136111111111
Pulse experiments,pioreactor01,2026-09-14T17:29:49.297Z,0.2331640625,555,2026-09-14 23:14:49.297,1855.136111111111
Pulse experiments,pioreactor01,2026-09-14T17:29:49.308Z,0.2307421875,590,2026-09-14 23:14:49.308,1855.136111111111
Pulse experiments,pioreactor01,2026-09-14T17:29:49.321Z,0.23666015625,630,2026-09-14 23:14:49.321,1855.136111111111
Pulse experiments,pioreactor01,2026-09-14T17:29:49.336Z,0.12435546875,680,2026-09-14 23:14:49.336,1855.136111111111
Pulse experiments,pioreactor01,2026-09-14T17:29:54.236Z,0.020234375,415,2026-09-14 23:14:54.236,1855.1375
Pulse experiments,pioreactor01,2026-09-14T17:29:54.245Z,0.16068359375,445,2026-09-14 23:14:54.245,1855.1375
Pulse experiments,pioreactor01,2026-09-14T17:29:54.255Z,0.1744921875,480,2026-09-14 23:14:54.255,1855.1375
Pulse experiments,pioreactor01,2026-09-14T17:29:54.271Z,0.20396484375,515,2026-09-14 23:14:54.271,1855.1375
Pulse experiments,pioreactor01,2026-09-14T17:29:54.280Z,0.23470703125,555,2026-09-14 23:14:54.280,1855.1375
Pulse experiments,pioreactor01,2026-09-14T17:29:54.288Z,0.23251953125,590,2026-09-14 23:14:54.288,1855.1375
Pulse experiments,pioreactor01,2026-09-14T17:29:54.297Z,0.23845703125,630,2026-09-14 23:14:54.297,1855.1375
Pulse experiments,pioreactor01,2026-09-14T17:29:54.306Z,0.12533203125,680,2026-09-14 23:14:54.306,1855.1375
Pulse experiments,pioreactor01,2026-09-14T17:29:59.230Z,0.02015625,415,2026-09-14 23:14:59.230,1855.138888888889
Pulse experiments,pioreactor01,2026-09-14T17:29:59.237Z,0.16029296875,445,2026-09-14 23:14:59.237,1855.138888888889
Pulse experiments,pioreactor01,2026-09-14T17:29:59.251Z,0.17384765625,480,2026-09-14 23:14:59.251,1855.138888888889
Pulse experiments,pioreactor01,2026-09-14T17:29:59.256Z,0.20318359375,515,2026-09-14 23:14:59.256,1855.138888888889
Pulse experiments,pioreactor01,2026-09-14T17:29:59.267Z,0.23359375,555,2026-09-14 23:14:59.267,1855.138888888889
Pulse experiments,pioreactor01,2026-09-14T17:29:59.273Z,0.231328125,590,2026-09-14 23:14:59.273,1855.138888888889
Pulse experiments,pioreactor01,2026-09-14T17:29:59.284Z,0.2369921875,630,2026-09-14 23:14:59.284,1855.138888888889
Pulse experiments,pioreactor01,2026-09-14T17:29:59.292Z,0.12458984375,680,2026-09-14 23:14:59.292,1855.138888888889
Pulse experiments,pioreactor01,2026-09-14T17:30:04.231Z,0.02009765625,415,2026-09-14 23:15:04.231,1855.140277777778
Pulse experiments,pioreactor01,2026-09-14T17:30:04.240Z,0.15974609375,445,2026-09-14 23:15:04.240,1855.140277777778
Pulse experiments,pioreactor01,2026-09-14T17:30:04.264Z,0.17318359375,480,2026-09-14 23:15:04.264,1855.140277777778
Pulse experiments,pioreactor01,2026-09-14T17:30:04.269Z,0.2028125,515,2026-09-14 23:15:04.269,1855.140277777778
Pulse experiments,pioreactor01,2026-09-14T17:30:04.284Z,0.23353515625,555,2026-09-14 23:15:04.284,1855.140277777778
Pulse experiments,pioreactor01,2026-09-14T17:30:04.294Z,0.23166015625,590,2026-09-14 23:15:04.294,1855.140277777778
Pulse experiments,pioreactor01,2026-09-14T17:30:04.308Z,0.2373828125,630,2026-09-14 23:15:04.308,1855.140277777778
Pulse experiments,pioreactor01,2026-09-14T17:30:04.314Z,0.12447265625,680,2026-09-14 23:15:04.314,1855.140277777778
Pulse experiments,pioreactor01,2026-09-14T17:30:09.210Z,0.02009765625,415,2026-09-14 23:15:09.210,1855.141666666667
Pulse experiments,pioreactor01,2026-09-14T17:30:09.218Z,0.159453125,445,2026-09-14 23:15:09.218,1855.141666666667
Pulse experiments,pioreactor01,2026-09-14T17:30:09.225Z,0.17333984375,480,2026-09-14 23:15:09.225,1855.141666666667
Pulse experiments,pioreactor01,2026-09-14T17:30:09.233Z,0.20220703125,515,2026-09-14 23:15:09.233,1855.141666666667
Pulse experiments,pioreactor01,2026-09-14T17:30:09.243Z,0.23228515625,555,2026-09-14 23:15:09.243,1855.141666666667
Pulse experiments,pioreactor01,2026-09-14T17:30:09.251Z,0.2327734375,590,2026-09-14 23:15:09.251,1855.141666666667
Pulse experiments,pioreactor01,2026-09-14T17:30:09.259Z,0.23826171875,630,2026-09-14 23:15:09.259,1855.141666666667
Pulse experiments,pioreactor01,2026-09-14T17:30:09.269Z,0.125625,680,2026-09-14 23:15:09.269,1855.141666666667
Pulse experiments,pioreactor01,2026-09-14T17:30:14.280Z,0.01919921875,415,2026-09-14 23:15:14.280,1855.143055555556
Pulse experiments,pioreactor01,2026-09-14T17:30:14.297Z,0.14888671875,445,2026-09-14 23:15:14.297,1855.143055555556
Pulse experiments,pioreactor01,2026-09-14T17:30:14.302Z,0.1551953125,480,2026-09-14 23:15:14.302,1855.143055555556
Pulse experiments,pioreactor01,2026-09-14T17:30:14.312Z,0.1812890625,515,2026-09-14 23:15:14.312,1855.143055555556
Pulse experiments,pioreactor01,2026-09-14T17:30:14.322Z,0.220546875,555,2026-09-14 23:15:14.322,1855.143055555556
Pulse experiments,pioreactor01,2026-09-14T17:30:14.332Z,0.23001953125,590,2026-09-14 23:15:14.332,1855.143055555556
Pulse experiments,pioreactor01,2026-09-14T17:30:14.337Z,0.23666015625,630,2026-09-14 23:15:14.337,1855.143055555556
Pulse experiments,pioreactor01,2026-09-14T17:30:14.345Z,0.12328125,680,2026-09-14 23:15:14.345,1855.143055555556
Pulse experiments,pioreactor01,2026-09-14T17:30:19.228Z,0.01916015625,415,2026-09-14 23:15:19.228,1855.144444444444
Pulse experiments,pioreactor01,2026-09-14T17:30:19.237Z,0.14859375,445,2026-09-14 23:15:19.237,1855.144444444444
Pulse experiments,pioreactor01,2026-09-14T17:30:19.245Z,0.1553515625,480,2026-09-14 23:15:19.245,1855.144444444444
Pulse experiments,pioreactor01,2026-09-14T17:30:19.250Z,0.18119140625,515,2026-09-14 23:15:19.250,1855.144444444444
Pulse experiments,pioreactor01,2026-09-14T17:30:19.256Z,0.2206640625,555,2026-09-14 23:15:19.256,1855.144444444444
Pulse experiments,pioreactor01,2026-09-14T17:30:19.263Z,0.2290625,590,2026-09-14 23:15:19.263,1855.144444444444
Pulse experiments,pioreactor01,2026-09-14T17:30:19.268Z,0.23572265625,630,2026-09-14 23:15:19.268,1855.144444444444
Pulse experiments,pioreactor01,2026-09-14T17:30:19.276Z,0.12310546875,680,2026-09-14 23:15:19.276,1855.144444444444
Pulse experiments,pioreactor01,2026-09-14T17:30:24.206Z,0.01923828125,415,2026-09-14 23:15:24.206,1855.145833333333
Pulse experiments,pioreactor01,2026-09-14T17:30:24.216Z,0.14908203125,445,2026-09-14 23:15:24.216,1855.145833333333
Pulse experiments,pioreactor01,2026-09-14T17:30:24.224Z,0.1559375,480,2026-09-14 23:15:24.224,1855.145833333333
Pulse experiments,pioreactor01,2026-09-14T17:30:24.231Z,0.1819921875,515,2026-09-14 23:15:24.231,1855.145833333333
Pulse experiments,pioreactor01,2026-09-14T17:30:24.241Z,0.22125,555,2026-09-14 23:15:24.241,1855.145833333333
Pulse experiments,pioreactor01,2026-09-14T17:30:24.249Z,0.2298046875,590,2026-09-14 23:15:24.249,1855.145833333333
Pulse experiments,pioreactor01,2026-09-14T17:30:24.260Z,0.2364453125,630,2026-09-14 23:15:24.260,1855.145833333333
Pulse experiments,pioreactor01,2026-09-14T17:30:24.266Z,0.12359375,680,2026-09-14 23:15:24.266,1855.145833333333
Pulse experiments,pioreactor01,2026-09-14T17:30:29.223Z,0.01927734375,415,2026-09-14 23:15:29.223,1855.147222222222
Pulse experiments,pioreactor01,2026-09-14T17:30:29.234Z,0.14970703125,445,2026-09-14 23:15:29.234,1855.147222222222
Pulse experiments,pioreactor01,2026-09-14T17:30:29.241Z,0.15662109375,480,2026-09-14 23:15:29.241,1855.147222222222
Pulse experiments,pioreactor01,2026-09-14T17:30:29.250Z,0.183125,515,2026-09-14 23:15:29.250,1855.147222222222
Pulse experiments,pioreactor01,2026-09-14T17:30:29.256Z,0.2221484375,555,2026-09-14 23:15:29.256,1855.147222222222
Pulse experiments,pioreactor01,2026-09-14T17:30:29.265Z,0.23009765625,590,2026-09-14 23:15:29.265,1855.147222222222
Pulse experiments,pioreactor01,2026-09-14T17:30:29.277Z,0.23642578125,630,2026-09-14 23:15:29.277,1855.147222222222
Pulse experiments,pioreactor01,2026-09-14T17:30:29.287Z,0.12373046875,680,2026-09-14 23:15:29.287,1855.147222222222
Pulse experiments,pioreactor01,2026-09-14T17:30:34.238Z,0.01931640625,415,2026-09-14 23:15:34.238,1855.148611111111
Pulse experiments,pioreactor01,2026-09-14T17:30:34.245Z,0.15,445,2026-09-14 23:15:34.245,1855.148611111111
Pulse experiments,pioreactor01,2026-09-14T17:30:34.252Z,0.15708984375,480,2026-09-14 23:15:34.252,1855.148611111111
Pulse experiments,pioreactor01,2026-09-14T17:30:34.262Z,0.1834375,515,2026-09-14 23:15:34.262,1855.148611111111
Pulse experiments,pioreactor01,2026-09-14T17:30:34.269Z,0.2220703125,555,2026-09-14 23:15:34.269,1855.148611111111
Pulse experiments,pioreactor01,2026-09-14T17:30:34.276Z,0.2296484375,590,2026-09-14 23:15:34.276,1855.148611111111
Pulse experiments,pioreactor01,2026-09-14T17:30:34.285Z,0.23609375,630,2026-09-14 23:15:34.285,1855.148611111111
Pulse experiments,pioreactor01,2026-09-14T17:30:34.296Z,0.12357421875,680,2026-09-14 23:15:34.296,1855.148611111111
Pulse experiments,pioreactor01,2026-09-14T17:30:39.233Z,0.01927734375,415,2026-09-14 23:15:39.233,1855.15
Pulse experiments,pioreactor01,2026-09-14T17:30:39.243Z,0.15001953125,445,2026-09-14 23:15:39.243,1855.15
Pulse experiments,pioreactor01,2026-09-14T17:30:39.250Z,0.15759765625,480,2026-09-14 23:15:39.250,1855.15
Pulse experiments,pioreactor01,2026-09-14T17:30:39.260Z,0.183828125,515,2026-09-14 23:15:39.260,1855.15
Pulse experiments,pioreactor01,2026-09-14T17:30:39.271Z,0.22265625,555,2026-09-14 23:15:39.271,1855.15
Pulse experiments,pioreactor01,2026-09-14T17:30:39.280Z,0.2298828125,590,2026-09-14 23:15:39.280,1855.15
Pulse experiments,pioreactor01,2026-09-14T17:30:39.285Z,0.23599609375,630,2026-09-14 23:15:39.285,1855.15
Pulse experiments,pioreactor01,2026-09-14T17:30:39.295Z,0.12376953125,680,2026-09-14 23:15:39.295,1855.15
Pulse experiments,pioreactor01,2026-09-14T17:30:44.235Z,0.01931640625,415,2026-09-14 23:15:44.235,1855.151388888889
Pulse experiments,pioreactor01,2026-09-14T17:30:44.243Z,0.15029296875,445,2026-09-14 23:15:44.243,1855.151388888889
Pulse experiments,pioreactor01,2026-09-14T17:30:44.254Z,0.15794921875,480,2026-09-14 23:15:44.254,1855.151388888889
Pulse experiments,pioreactor01,2026-09-14T17:30:44.262Z,0.18453125,515,2026-09-14 23:15:44.262,1855.151388888889
Pulse experiments,pioreactor01,2026-09-14T17:30:44.271Z,0.2228125,555,2026-09-14 23:15:44.271,1855.151388888889
Pulse experiments,pioreactor01,2026-09-14T17:30:44.278Z,0.22986328125,590,2026-09-14 23:15:44.278,1855.151388888889
Pulse experiments,pioreactor01,2026-09-14T17:30:44.286Z,0.2358203125,630,2026-09-14 23:15:44.286,1855.151388888889
Pulse experiments,pioreactor01,2026-09-14T17:30:44.294Z,0.1234375,680,2026-09-14 23:15:44.294,1855.151388888889
Pulse experiments,pioreactor01,2026-09-14T17:30:49.241Z,0.01931640625,415,2026-09-14 23:15:49.241,1855.152777777778
Pulse experiments,pioreactor01,2026-09-14T17:30:49.253Z,0.15048828125,445,2026-09-14 23:15:49.253,1855.152777777778
Pulse experiments,pioreactor01,2026-09-14T17:30:49.268Z,0.15796875,480,2026-09-14 23:15:49.268,1855.152777777778
Pulse experiments,pioreactor01,2026-09-14T17:30:49.281Z,0.1844921875,515,2026-09-14 23:15:49.281,1855.152777777778
Pulse experiments,pioreactor01,2026-09-14T17:30:49.287Z,0.222578125,555,2026-09-14 23:15:49.287,1855.152777777778
Pulse experiments,pioreactor01,2026-09-14T17:30:49.294Z,0.22947265625,590,2026-09-14 23:15:49.294,1855.152777777778
Pulse experiments,pioreactor01,2026-09-14T17:30:49.301Z,0.23537109375,630,2026-09-14 23:15:49.301,1855.152777777778
Pulse experiments,pioreactor01,2026-09-14T17:30:49.307Z,0.12326171875,680,2026-09-14 23:15:49.307,1855.152777777778
Pulse experiments,pioreactor01,2026-09-14T17:30:54.221Z,0.019296875,415,2026-09-14 23:15:54.221,1855.154166666667
Pulse experiments,pioreactor01,2026-09-14T17:30:54.228Z,0.15080078125,445,2026-09-14 23:15:54.228,1855.154166666667
Pulse experiments,pioreactor01,2026-09-14T17:30:54.240Z,0.1585546875,480,2026-09-14 23:15:54.240,1855.154166666667
Pulse experiments,pioreactor01,2026-09-14T17:30:54.250Z,0.18517578125,515,2026-09-14 23:15:54.250,1855.154166666667
Pulse experiments,pioreactor01,2026-09-14T17:30:54.259Z,0.2226953125,555,2026-09-14 23:15:54.259,1855.154166666667
Pulse experiments,pioreactor01,2026-09-14T17:30:54.265Z,0.22916015625,590,2026-09-14 23:15:54.265,1855.154166666667
Pulse experiments,pioreactor01,2026-09-14T17:30:54.277Z,0.23513671875,630,2026-09-14 23:15:54.277,1855.154166666667
Pulse experiments,pioreactor01,2026-09-14T17:30:54.286Z,0.12298828125,680,2026-09-14 23:15:54.286,1855.154166666667
Pulse experiments,pioreactor01,2026-09-14T17:30:59.206Z,0.0194140625,415,2026-09-14 23:15:59.206,1855.155555555556
Pulse experiments,pioreactor01,2026-09-14T17:30:59.213Z,0.15126953125,445,2026-09-14 23:15:59.213,1855.155555555556
Pulse experiments,pioreactor01,2026-09-14T17:30:59.222Z,0.159375,480,2026-09-14 23:15:59.222,1855.155555555556
Pulse experiments,pioreactor01,2026-09-14T17:30:59.228Z,0.18619140625,515,2026-09-14 23:15:59.228,1855.155555555556
Pulse experiments,pioreactor01,2026-09-14T17:30:59.235Z,0.22421875,555,2026-09-14 23:15:59.235,1855.155555555556
Pulse experiments,pioreactor01,2026-09-14T17:30:59.244Z,0.2302734375,590,2026-09-14 23:15:59.244,1855.155555555556
Pulse experiments,pioreactor01,2026-09-14T17:30:59.252Z,0.23638671875,630,2026-09-14 23:15:59.252,1855.155555555556
Pulse experiments,pioreactor01,2026-09-14T17:30:59.261Z,0.1237109375,680,2026-09-14 23:15:59.261,1855.155555555556
Pulse experiments,pioreactor01,2026-09-14T17:31:04.208Z,0.0194140625,415,2026-09-14 23:16:04.208,1855.156944444444
Pulse experiments,pioreactor01,2026-09-14T17:31:04.218Z,0.15146484375,445,2026-09-14 23:16:04.218,1855.156944444444
Pulse experiments,pioreactor01,2026-09-14T17:31:04.225Z,0.159765625,480,2026-09-14 23:16:04.225,1855.156944444444
Pulse experiments,pioreactor01,2026-09-14T17:31:04.230Z,0.18666015625,515,2026-09-14 23:16:04.230,1855.156944444444
Pulse experiments,pioreactor01,2026-09-14T17:31:04.236Z,0.2240625,555,2026-09-14 23:16:04.236,1855.156944444444
Pulse experiments,pioreactor01,2026-09-14T17:31:04.243Z,0.2298046875,590,2026-09-14 23:16:04.243,1855.156944444444
Pulse experiments,pioreactor01,2026-09-14T17:31:04.251Z,0.23580078125,630,2026-09-14 23:16:04.251,1855.156944444444
Pulse experiments,pioreactor01,2026-09-14T17:31:04.257Z,0.123515625,680,2026-09-14 23:16:04.257,1855.156944444444
Pulse experiments,pioreactor01,2026-09-14T17:31:09.217Z,0.01943359375,415,2026-09-14 23:16:09.217,1855.158333333333
Pulse experiments,pioreactor01,2026-09-14T17:31:09.226Z,0.15193359375,445,2026-09-14 23:16:09.226,1855.158333333333
Pulse experiments,pioreactor01,2026-09-14T17:31:09.233Z,0.1603125,480,2026-09-14 23:16:09.233,1855.158333333333
Pulse experiments,pioreactor01,2026-09-14T17:31:09.241Z,0.18732421875,515,2026-09-14 23:16:09.241,1855.158333333333
Pulse experiments,pioreactor01,2026-09-14T17:31:09.248Z,0.22423828125,555,2026-09-14 23:16:09.248,1855.158333333333
Pulse experiments,pioreactor01,2026-09-14T17:31:09.254Z,0.2297265625,590,2026-09-14 23:16:09.254,1855.158333333333
Pulse experiments,pioreactor01,2026-09-14T17:31:09.263Z,0.2358203125,630,2026-09-14 23:16:09.263,1855.158333333333
Pulse experiments,pioreactor01,2026-09-14T17:31:09.273Z,0.12337890625,680,2026-09-14 23:16:09.273,1855.158333333333
Pulse experiments,pioreactor01,2026-09-14T17:31:14.231Z,0.0194140625,415,2026-09-14 23:16:14.231,1855.159722222222
Pulse experiments,pioreactor01,2026-09-14T17:31:14.241Z,0.15197265625,445,2026-09-14 23:16:14.241,1855.159722222222
Pulse experiments,pioreactor01,2026-09-14T17:31:14.254Z,0.160546875,480,2026-09-14 23:16:14.254,1855.159722222222
Pulse experiments,pioreactor01,2026-09-14T17:31:14.264Z,0.1874609375,515,2026-09-14 23:16:14.264,1855.159722222222
Pulse experiments,pioreactor01,2026-09-14T17:31:14.269Z,0.22404296875,555,2026-09-14 23:16:14.269,1855.159722222222
Pulse experiments,pioreactor01,2026-09-14T17:31:14.281Z,0.2289453125,590,2026-09-14 23:16:14.281,1855.159722222222
Pulse experiments,pioreactor01,2026-09-14T17:31:14.292Z,0.23521484375,630,2026-09-14 23:16:14.292,1855.159722222222
Pulse experiments,pioreactor01,2026-09-14T17:31:14.297Z,0.1231640625,680,2026-09-14 23:16:14.297,1855.159722222222
Pulse experiments,pioreactor01,2026-09-14T17:31:19.230Z,0.019375,415,2026-09-14 23:16:19.230,1855.161111111111
Pulse experiments,pioreactor01,2026-09-14T17:31:19.239Z,0.1518359375,445,2026-09-14 23:16:19.239,1855.161111111111
Pulse experiments,pioreactor01,2026-09-14T17:31:19.247Z,0.16068359375,480,2026-09-14 23:16:19.247,1855.161111111111
Pulse experiments,pioreactor01,2026-09-14T17:31:19.251Z,0.18765625,515,2026-09-14 23:16:19.251,1855.161111111111
Pulse experiments,pioreactor01,2026-09-14T17:31:19.262Z,0.224765625,555,2026-09-14 23:16:19.262,1855.161111111111
Pulse experiments,pioreactor01,2026-09-14T17:31:19.267Z,0.22953125,590,2026-09-14 23:16:19.267,1855.161111111111
Pulse experiments,pioreactor01,2026-09-14T17:31:19.274Z,0.235703125,630,2026-09-14 23:16:19.274,1855.161111111111
Pulse experiments,pioreactor01,2026-09-14T17:31:19.280Z,0.1233203125,680,2026-09-14 23:16:19.280,1855.161111111111
Pulse experiments,pioreactor01,2026-09-14T17:31:24.237Z,0.019453125,415,2026-09-14 23:16:24.237,1855.1625
Pulse experiments,pioreactor01,2026-09-14T17:31:24.247Z,0.15220703125,445,2026-09-14 23:16:24.247,1855.1625
Pulse experiments,pioreactor01,2026-09-14T17:31:24.254Z,0.16125,480,2026-09-14 23:16:24.254,1855.1625
Pulse experiments,pioreactor01,2026-09-14T17:31:24.263Z,0.18828125,515,2026-09-14 23:16:24.263,1855.1625
Pulse experiments,pioreactor01,2026-09-14T17:31:24.274Z,0.22453125,555,2026-09-14 23:16:24.274,1855.1625
Pulse experiments,pioreactor01,2026-09-14T17:31:24.281Z,0.2290234375,590,2026-09-14 23:16:24.281,1855.1625
Pulse experiments,pioreactor01,2026-09-14T17:31:24.288Z,0.23505859375,630,2026-09-14 23:16:24.288,1855.1625
Pulse experiments,pioreactor01,2026-09-14T17:31:24.297Z,0.12328125,680,2026-09-14 23:16:24.297,1855.1625
Pulse experiments,pioreactor01,2026-09-14T17:31:29.214Z,0.019453125,415,2026-09-14 23:16:29.214,1855.163888888889
Pulse experiments,pioreactor01,2026-09-14T17:31:29.221Z,0.15259765625,445,2026-09-14 23:16:29.221,1855.163888888889
Pulse experiments,pioreactor01,2026-09-14T17:31:29.232Z,0.1617578125,480,2026-09-14 23:16:29.232,1855.163888888889
Pulse experiments,pioreactor01,2026-09-14T17:31:29.240Z,0.18880859375,515,2026-09-14 23:16:29.240,1855.163888888889
Pulse experiments,pioreactor01,2026-09-14T17:31:29.246Z,0.22521484375,555,2026-09-14 23:16:29.246,1855.163888888889
Pulse experiments,pioreactor01,2026-09-14T17:31:29.254Z,0.22947265625,590,2026-09-14 23:16:29.254,1855.163888888889
Pulse experiments,pioreactor01,2026-09-14T17:31:29.264Z,0.235234375,630,2026-09-14 23:16:29.264,1855.163888888889
Pulse experiments,pioreactor01,2026-09-14T17:31:29.270Z,0.12330078125,680,2026-09-14 23:16:29.270,1855.163888888889
Pulse experiments,pioreactor01,2026-09-14T17:31:34.223Z,0.01951171875,415,2026-09-14 23:16:34.223,1855.165277777778
Pulse experiments,pioreactor01,2026-09-14T17:31:34.231Z,0.1528125,445,2026-09-14 23:16:34.231,1855.165277777778
Pulse experiments,pioreactor01,2026-09-14T17:31:34.240Z,0.16197265625,480,2026-09-14 23:16:34.240,1855.165277777778
Pulse experiments,pioreactor01,2026-09-14T17:31:34.245Z,0.18916015625,515,2026-09-14 23:16:34.245,1855.165277777778
Pulse experiments,pioreactor01,2026-09-14T17:31:34.252Z,0.22513671875,555,2026-09-14 23:16:34.252,1855.165277777778
Pulse experiments,pioreactor01,2026-09-14T17:31:34.261Z,0.2292578125,590,2026-09-14 23:16:34.261,1855.165277777778
Pulse experiments,pioreactor01,2026-09-14T17:31:34.267Z,0.23513671875,630,2026-09-14 23:16:34.267,1855.165277777778
Pulse experiments,pioreactor01,2026-09-14T17:31:34.273Z,0.12333984375,680,2026-09-14 23:16:34.273,1855.165277777778
Pulse experiments,pioreactor01,2026-09-14T17:31:39.217Z,0.01958984375,415,2026-09-14 23:16:39.217,1855.166666666667
Pulse experiments,pioreactor01,2026-09-14T17:31:39.221Z,0.1533984375,445,2026-09-14 23:16:39.221,1855.166666666667
Pulse experiments,pioreactor01,2026-09-14T17:31:39.226Z,0.16259765625,480,2026-09-14 23:16:39.226,1855.166666666667
Pulse experiments,pioreactor01,2026-09-14T17:31:39.231Z,0.19009765625,515,2026-09-14 23:16:39.231,1855.166666666667
Pulse experiments,pioreactor01,2026-09-14T17:31:39.237Z,0.2255078125,555,2026-09-14 23:16:39.237,1855.166666666667
Pulse experiments,pioreactor01,2026-09-14T17:31:39.243Z,0.22931640625,590,2026-09-14 23:16:39.243,1855.166666666667
Pulse experiments,pioreactor01,2026-09-14T17:31:39.248Z,0.23521484375,630,2026-09-14 23:16:39.248,1855.166666666667
Pulse experiments,pioreactor01,2026-09-14T17:31:39.254Z,0.123125,680,2026-09-14 23:16:39.254,1855.166666666667
Pulse experiments,pioreactor01,2026-09-14T17:31:44.215Z,0.01955078125,415,2026-09-14 23:16:44.215,1855.168055555556
Pulse experiments,pioreactor01,2026-09-14T17:31:44.224Z,0.15337890625,445,2026-09-14 23:16:44.224,1855.168055555556
Pulse experiments,pioreactor01,2026-09-14T17:31:44.234Z,0.162890625,480,2026-09-14 23:16:44.234,1855.168055555556
Pulse experiments,pioreactor01,2026-09-14T17:31:44.242Z,0.19005859375,515,2026-09-14 23:16:44.242,1855.168055555556
Pulse experiments,pioreactor01,2026-09-14T17:31:44.255Z,0.2259375,555,2026-09-14 23:16:44.255,1855.168055555556
Pulse experiments,pioreactor01,2026-09-14T17:31:44.260Z,0.22953125,590,2026-09-14 23:16:44.260,1855.168055555556
Pulse experiments,pioreactor01,2026-09-14T17:31:44.266Z,0.23552734375,630,2026-09-14 23:16:44.266,1855.168055555556
Pulse experiments,pioreactor01,2026-09-14T17:31:44.274Z,0.12333984375,680,2026-09-14 23:16:44.274,1855.168055555556
Pulse experiments,pioreactor01,2026-09-14T17:31:49.221Z,0.01953125,415,2026-09-14 23:16:49.221,1855.169444444444
Pulse experiments,pioreactor01,2026-09-14T17:31:49.234Z,0.1532421875,445,2026-09-14 23:16:49.234,1855.169444444444
Pulse experiments,pioreactor01,2026-09-14T17:31:49.245Z,0.1630078125,480,2026-09-14 23:16:49.245,1855.169444444444
Pulse experiments,pioreactor01,2026-09-14T17:31:49.254Z,0.19041015625,515,2026-09-14 23:16:49.254,1855.169444444444
Pulse experiments,pioreactor01,2026-09-14T17:31:49.261Z,0.22625,555,2026-09-14 23:16:49.261,1855.169444444444
Pulse experiments,pioreactor01,2026-09-14T17:31:49.271Z,0.22966796875,590,2026-09-14 23:16:49.271,1855.169444444444
Pulse experiments,pioreactor01,2026-09-14T17:31:49.279Z,0.23564453125,630,2026-09-14 23:16:49.279,1855.169444444444
Pulse experiments,pioreactor01,2026-09-14T17:31:49.286Z,0.12337890625,680,2026-09-14 23:16:49.286,1855.169444444444
Pulse experiments,pioreactor01,2026-09-14T17:31:54.239Z,0.01955078125,415,2026-09-14 23:16:54.239,1855.170833333333
Pulse experiments,pioreactor01,2026-09-14T17:31:54.251Z,0.15376953125,445,2026-09-14 23:16:54.251,1855.170833333333
Pulse experiments,pioreactor01,2026-09-14T17:31:54.262Z,0.163359375,480,2026-09-14 23:16:54.262,1855.170833333333
Pulse experiments,pioreactor01,2026-09-14T17:31:54.274Z,0.1908984375,515,2026-09-14 23:16:54.274,1855.170833333333
Pulse experiments,pioreactor01,2026-09-14T17:31:54.282Z,0.22619140625,555,2026-09-14 23:16:54.282,1855.170833333333
Pulse experiments,pioreactor01,2026-09-14T17:31:54.290Z,0.229375,590,2026-09-14 23:16:54.290,1855.170833333333
Pulse experiments,pioreactor01,2026-09-14T17:31:54.299Z,0.23525390625,630,2026-09-14 23:16:54.299,1855.170833333333
Pulse experiments,pioreactor01,2026-09-14T17:31:54.308Z,0.123359375,680,2026-09-14 23:16:54.308,1855.170833333333
Pulse experiments,pioreactor01,2026-09-14T17:31:59.232Z,0.01962890625,415,2026-09-14 23:16:59.232,1855.172222222222
Pulse experiments,pioreactor01,2026-09-14T17:31:59.242Z,0.15408203125,445,2026-09-14 23:16:59.242,1855.172222222222
Pulse experiments,pioreactor01,2026-09-14T17:31:59.252Z,0.16412109375,480,2026-09-14 23:16:59.252,1855.172222222222
Pulse experiments,pioreactor01,2026-09-14T17:31:59.256Z,0.1916015625,515,2026-09-14 23:16:59.256,1855.172222222222
Pulse experiments,pioreactor01,2026-09-14T17:31:59.264Z,0.2265234375,555,2026-09-14 23:16:59.264,1855.172222222222
Pulse experiments,pioreactor01,2026-09-14T17:31:59.275Z,0.229296875,590,2026-09-14 23:16:59.275,1855.172222222222
Pulse experiments,pioreactor01,2026-09-14T17:31:59.287Z,0.23533203125,630,2026-09-14 23:16:59.287,1855.172222222222
Pulse experiments,pioreactor01,2026-09-14T17:31:59.295Z,0.1233203125,680,2026-09-14 23:16:59.295,1855.172222222222
Pulse experiments,pioreactor01,2026-09-14T17:32:04.228Z,0.019609375,415,2026-09-14 23:17:04.228,1855.173611111111
Pulse experiments,pioreactor01,2026-09-14T17:32:04.240Z,0.154140625,445,2026-09-14 23:17:04.240,1855.173611111111
Pulse experiments,pioreactor01,2026-09-14T17:32:04.254Z,0.164296875,480,2026-09-14 23:17:04.254,1855.173611111111
Pulse experiments,pioreactor01,2026-09-14T17:32:04.257Z,0.1916796875,515,2026-09-14 23:17:04.257,1855.173611111111
Pulse experiments,pioreactor01,2026-09-14T17:32:04.269Z,0.227109375,555,2026-09-14 23:17:04.269,1855.173611111111
Pulse experiments,pioreactor01,2026-09-14T17:32:04.283Z,0.22978515625,590,2026-09-14 23:17:04.283,1855.173611111111
Pulse experiments,pioreactor01,2026-09-14T17:32:04.292Z,0.2359375,630,2026-09-14 23:17:04.292,1855.173611111111
Pulse experiments,pioreactor01,2026-09-14T17:32:04.297Z,0.1236328125,680,2026-09-14 23:17:04.297,1855.173611111111
Pulse experiments,pioreactor01,2026-09-14T17:32:09.225Z,0.0196484375,415,2026-09-14 23:17:09.225,1855.175
Pulse experiments,pioreactor01,2026-09-14T17:32:09.232Z,0.15458984375,445,2026-09-14 23:17:09.232,1855.175
Pulse experiments,pioreactor01,2026-09-14T17:32:09.240Z,0.16498046875,480,2026-09-14 23:17:09.240,1855.175
Pulse experiments,pioreactor01,2026-09-14T17:32:09.248Z,0.19240234375,515,2026-09-14 23:17:09.248,1855.175
Pulse experiments,pioreactor01,2026-09-14T17:32:09.256Z,0.227578125,555,2026-09-14 23:17:09.256,1855.175
Pulse experiments,pioreactor01,2026-09-14T17:32:09.261Z,0.23,590,2026-09-14 23:17:09.261,1855.175
Pulse experiments,pioreactor01,2026-09-14T17:32:09.268Z,0.236015625,630,2026-09-14 23:17:09.268,1855.175
Pulse experiments,pioreactor01,2026-09-14T17:32:09.276Z,0.12375,680,2026-09-14 23:17:09.276,1855.175
Pulse experiments,pioreactor01,2026-09-14T17:32:14.220Z,0.0196875,415,2026-09-14 23:17:14.220,1855.176388888889
Pulse experiments,pioreactor01,2026-09-14T17:32:14.228Z,0.15462890625,445,2026-09-14 23:17:14.228,1855.176388888889
Pulse experiments,pioreactor01,2026-09-14T17:32:14.236Z,0.16513671875,480,2026-09-14 23:17:14.236,1855.176388888889
Pulse experiments,pioreactor01,2026-09-14T17:32:14.245Z,0.192578125,515,2026-09-14 23:17:14.245,1855.176388888889
Pulse experiments,pioreactor01,2026-09-14T17:32:14.253Z,0.22740234375,555,2026-09-14 23:17:14.253,1855.176388888889
Pulse experiments,pioreactor01,2026-09-14T17:32:14.257Z,0.22931640625,590,2026-09-14 23:17:14.257,1855.176388888889
Pulse experiments,pioreactor01,2026-09-14T17:32:14.265Z,0.23572265625,630,2026-09-14 23:17:14.265,1855.176388888889
Pulse experiments,pioreactor01,2026-09-14T17:32:14.273Z,0.12345703125,680,2026-09-14 23:17:14.273,1855.176388888889
Pulse experiments,pioreactor01,2026-09-14T17:32:19.226Z,0.01962890625,415,2026-09-14 23:17:19.226,1855.177777777778
Pulse experiments,pioreactor01,2026-09-14T17:32:19.238Z,0.1544921875,445,2026-09-14 23:17:19.238,1855.177777777778
Pulse experiments,pioreactor01,2026-09-14T17:32:19.244Z,0.16494140625,480,2026-09-14 23:17:19.244,1855.177777777778
Pulse experiments,pioreactor01,2026-09-14T17:32:19.257Z,0.19251953125,515,2026-09-14 23:17:19.257,1855.177777777778
Pulse experiments,pioreactor01,2026-09-14T17:32:19.268Z,0.2279296875,555,2026-09-14 23:17:19.268,1855.177777777778
Pulse experiments,pioreactor01,2026-09-14T17:32:19.278Z,0.22998046875,590,2026-09-14 23:17:19.278,1855.177777777778
Pulse experiments,pioreactor01,2026-09-14T17:32:19.284Z,0.23623046875,630,2026-09-14 23:17:19.284,1855.177777777778
Pulse experiments,pioreactor01,2026-09-14T17:32:19.291Z,0.12376953125,680,2026-09-14 23:17:19.291,1855.177777777778
Pulse experiments,pioreactor01,2026-09-14T17:32:24.233Z,0.01966796875,415,2026-09-14 23:17:24.233,1855.179166666667
Pulse experiments,pioreactor01,2026-09-14T17:32:24.239Z,0.155078125,445,2026-09-14 23:17:24.239,1855.179166666667
Pulse experiments,pioreactor01,2026-09-14T17:32:24.250Z,0.16572265625,480,2026-09-14 23:17:24.250,1855.179166666667
Pulse experiments,pioreactor01,2026-09-14T17:32:24.261Z,0.19349609375,515,2026-09-14 23:17:24.261,1855.179166666667
Pulse experiments,pioreactor01,2026-09-14T17:32:24.267Z,0.22791015625,555,2026-09-14 23:17:24.267,1855.179166666667
Pulse experiments,pioreactor01,2026-09-14T17:32:24.278Z,0.2298828125,590,2026-09-14 23:17:24.278,1855.179166666667
Pulse experiments,pioreactor01,2026-09-14T17:32:24.287Z,0.23568359375,630,2026-09-14 23:17:24.287,1855.179166666667
Pulse experiments,pioreactor01,2026-09-14T17:32:24.291Z,0.12359375,680,2026-09-14 23:17:24.291,1855.179166666667
Pulse experiments,pioreactor01,2026-09-14T17:32:29.240Z,0.0197265625,415,2026-09-14 23:17:29.240,1855.180555555556
Pulse experiments,pioreactor01,2026-09-14T17:32:29.248Z,0.15533203125,445,2026-09-14 23:17:29.248,1855.180555555556
Pulse experiments,pioreactor01,2026-09-14T17:32:29.255Z,0.1659765625,480,2026-09-14 23:17:29.255,1855.180555555556
Pulse experiments,pioreactor01,2026-09-14T17:32:29.266Z,0.1938671875,515,2026-09-14 23:17:29.266,1855.180555555556
Pulse experiments,pioreactor01,2026-09-14T17:32:29.273Z,0.22779296875,555,2026-09-14 23:17:29.273,1855.180555555556
Pulse experiments,pioreactor01,2026-09-14T17:32:29.288Z,0.2296484375,590,2026-09-14 23:17:29.288,1855.180555555556
Pulse experiments,pioreactor01,2026-09-14T17:32:29.293Z,0.23591796875,630,2026-09-14 23:17:29.293,1855.180555555556
Pulse experiments,pioreactor01,2026-09-14T17:32:29.302Z,0.123359375,680,2026-09-14 23:17:29.302,1855.180555555556
Pulse experiments,pioreactor01,2026-09-14T17:32:34.231Z,0.01978515625,415,2026-09-14 23:17:34.231,1855.181944444445
Pulse experiments,pioreactor01,2026-09-14T17:32:34.240Z,0.15572265625,445,2026-09-14 23:17:34.240,1855.181944444445
Pulse experiments,pioreactor01,2026-09-14T17:32:34.246Z,0.16693359375,480,2026-09-14 23:17:34.246,1855.181944444445
Pulse experiments,pioreactor01,2026-09-14T17:32:34.260Z,0.195078125,515,2026-09-14 23:17:34.260,1855.181944444445
Pulse experiments,pioreactor01,2026-09-14T17:32:34.268Z,0.2287109375,555,2026-09-14 23:17:34.268,1855.181944444445
Pulse experiments,pioreactor01,2026-09-14T17:32:34.276Z,0.229765625,590,2026-09-14 23:17:34.276,1855.181944444445
Pulse experiments,pioreactor01,2026-09-14T17:32:34.283Z,0.23654296875,630,2026-09-14 23:17:34.283,1855.181944444445
Pulse experiments,pioreactor01,2026-09-14T17:32:34.300Z,0.12375,680,2026-09-14 23:17:34.300,1855.181944444445
Pulse experiments,pioreactor01,2026-09-14T17:32:39.283Z,0.0198046875,415,2026-09-14 23:17:39.283,1855.183333333333
Pulse experiments,pioreactor01,2026-09-14T17:32:39.297Z,0.15607421875,445,2026-09-14 23:17:39.297,1855.183333333333
Pulse experiments,pioreactor01,2026-09-14T17:32:39.313Z,0.16716796875,480,2026-09-14 23:17:39.313,1855.183333333333
Pulse experiments,pioreactor01,2026-09-14T17:32:39.323Z,0.1951171875,515,2026-09-14 23:17:39.323,1855.183333333333
Pulse experiments,pioreactor01,2026-09-14T17:32:39.335Z,0.22958984375,555,2026-09-14 23:17:39.335,1855.183333333333
Pulse experiments,pioreactor01,2026-09-14T17:32:39.340Z,0.230703125,590,2026-09-14 23:17:39.340,1855.183333333333
Pulse experiments,pioreactor01,2026-09-14T17:32:39.349Z,0.23701171875,630,2026-09-14 23:17:39.349,1855.183333333333
Pulse experiments,pioreactor01,2026-09-14T17:32:39.362Z,0.1241796875,680,2026-09-14 23:17:39.362,1855.183333333333
Pulse experiments,pioreactor01,2026-09-14T17:32:44.238Z,0.019765625,415,2026-09-14 23:17:44.238,1855.184722222222
Pulse experiments,pioreactor01,2026-09-14T17:32:44.243Z,0.15580078125,445,2026-09-14 23:17:44.243,1855.184722222222
Pulse experiments,pioreactor01,2026-09-14T17:32:44.258Z,0.16673828125,480,2026-09-14 23:17:44.258,1855.184722222222
Pulse experiments,pioreactor01,2026-09-14T17:32:44.274Z,0.19482421875,515,2026-09-14 23:17:44.274,1855.184722222222
Pulse experiments,pioreactor01,2026-09-14T17:32:44.289Z,0.2284375,555,2026-09-14 23:17:44.289,1855.184722222222
Pulse experiments,pioreactor01,2026-09-14T17:32:44.298Z,0.22923828125,590,2026-09-14 23:17:44.298,1855.184722222222
Pulse experiments,pioreactor01,2026-09-14T17:32:44.314Z,0.235625,630,2026-09-14 23:17:44.314,1855.184722222222
Pulse experiments,pioreactor01,2026-09-14T17:32:44.329Z,0.12359375,680,2026-09-14 23:17:44.329,1855.184722222222
Pulse experiments,pioreactor01,2026-09-14T17:32:49.224Z,0.01974609375,415,2026-09-14 23:17:49.224,1855.186111111111
Pulse experiments,pioreactor01,2026-09-14T17:32:49.231Z,0.1559375,445,2026-09-14 23:17:49.231,1855.186111111111
Pulse experiments,pioreactor01,2026-09-14T17:32:49.247Z,0.16693359375,480,2026-09-14 23:17:49.247,1855.186111111111
Pulse experiments,pioreactor01,2026-09-14T17:32:49.256Z,0.19498046875,515,2026-09-14 23:17:49.256,1855.186111111111
Pulse experiments,pioreactor01,2026-09-14T17:32:49.261Z,0.2285546875,555,2026-09-14 23:17:49.261,1855.186111111111
Pulse experiments,pioreactor01,2026-09-14T17:32:49.269Z,0.22955078125,590,2026-09-14 23:17:49.269,1855.186111111111
Pulse experiments,pioreactor01,2026-09-14T17:32:49.277Z,0.2358984375,630,2026-09-14 23:17:49.277,1855.186111111111
Pulse experiments,pioreactor01,2026-09-14T17:32:49.283Z,0.12353515625,680,2026-09-14 23:17:49.283,1855.186111111111
Pulse experiments,pioreactor01,2026-09-14T17:32:54.241Z,0.0197265625,415,2026-09-14 23:17:54.241,1855.1875
Pulse experiments,pioreactor01,2026-09-14T17:32:54.247Z,0.1557421875,445,2026-09-14 23:17:54.247,1855.1875
Pulse experiments,pioreactor01,2026-09-14T17:32:54.251Z,0.167109375,480,2026-09-14 23:17:54.251,1855.1875
Pulse experiments,pioreactor01,2026-09-14T17:32:54.259Z,0.19482421875,515,2026-09-14 23:17:54.259,1855.1875
Pulse experiments,pioreactor01,2026-09-14T17:32:54.268Z,0.2288671875,555,2026-09-14 23:17:54.268,1855.1875
Pulse experiments,pioreactor01,2026-09-14T17:32:54.279Z,0.22947265625,590,2026-09-14 23:17:54.279,1855.1875
Pulse experiments,pioreactor01,2026-09-14T17:32:54.288Z,0.2359765625,630,2026-09-14 23:17:54.288,1855.1875
Pulse experiments,pioreactor01,2026-09-14T17:32:54.300Z,0.123671875,680,2026-09-14 23:17:54.300,1855.1875
Pulse experiments,pioreactor01,2026-09-14T17:32:59.241Z,0.01982421875,415,2026-09-14 23:17:59.241,1855.188888888889
Pulse experiments,pioreactor01,2026-09-14T17:32:59.252Z,0.15630859375,445,2026-09-14 23:17:59.252,1855.188888888889
Pulse experiments,pioreactor01,2026-09-14T17:32:59.254Z,0.16794921875,480,2026-09-14 23:17:59.254,1855.188888888889
Pulse experiments,pioreactor01,2026-09-14T17:32:59.267Z,0.19607421875,515,2026-09-14 23:17:59.267,1855.188888888889
Pulse experiments,pioreactor01,2026-09-14T17:32:59.267Z,0.22896484375,555,2026-09-14 23:17:59.267,1855.188888888889
Pulse experiments,pioreactor01,2026-09-14T17:32:59.283Z,0.22951171875,590,2026-09-14 23:17:59.283,1855.188888888889
Pulse experiments,pioreactor01,2026-09-14T17:32:59.284Z,0.23634765625,630,2026-09-14 23:17:59.284,1855.188888888889
Pulse experiments,pioreactor01,2026-09-14T17:32:59.313Z,0.12341796875,680,2026-09-14 23:17:59.313,1855.188888888889
Pulse experiments,pioreactor01,2026-09-14T17:33:04.228Z,0.01978515625,415,2026-09-14 23:18:04.228,1855.190277777778
Pulse experiments,pioreactor01,2026-09-14T17:33:04.238Z,0.15609375,445,2026-09-14 23:18:04.238,1855.190277777778
Pulse experiments,pioreactor01,2026-09-14T17:33:04.246Z,0.16787109375,480,2026-09-14 23:18:04.246,1855.190277777778
Pulse experiments,pioreactor01,2026-09-14T17:33:04.252Z,0.19572265625,515,2026-09-14 23:18:04.252,1855.190277777778
Pulse experiments,pioreactor01,2026-09-14T17:33:04.260Z,0.22974609375,555,2026-09-14 23:18:04.260,1855.190277777778
Pulse experiments,pioreactor01,2026-09-14T17:33:04.270Z,0.2301171875,590,2026-09-14 23:18:04.270,1855.190277777778
Pulse experiments,pioreactor01,2026-09-14T17:33:04.277Z,0.23646484375,630,2026-09-14 23:18:04.277,1855.190277777778
Pulse experiments,pioreactor01,2026-09-14T17:33:04.285Z,0.12388671875,680,2026-09-14 23:18:04.285,1855.190277777778
Pulse experiments,pioreactor01,2026-09-14T17:33:09.240Z,0.01978515625,415,2026-09-14 23:18:09.240,1855.191666666667
Pulse experiments,pioreactor01,2026-09-14T17:33:09.247Z,0.15625,445,2026-09-14 23:18:09.247,1855.191666666667
Pulse experiments,pioreactor01,2026-09-14T17:33:09.254Z,0.1680859375,480,2026-09-14 23:18:09.254,1855.191666666667
Pulse experiments,pioreactor01,2026-09-14T17:33:09.260Z,0.19611328125,515,2026-09-14 23:18:09.260,1855.191666666667
Pulse experiments,pioreactor01,2026-09-14T17:33:09.273Z,0.22947265625,555,2026-09-14 23:18:09.273,1855.191666666667
Pulse experiments,pioreactor01,2026-09-14T17:33:09.278Z,0.22927734375,590,2026-09-14 23:18:09.278,1855.191666666667
Pulse experiments,pioreactor01,2026-09-14T17:33:09.284Z,0.2360546875,630,2026-09-14 23:18:09.284,1855.191666666667
Pulse experiments,pioreactor01,2026-09-14T17:33:09.293Z,0.12357421875,680,2026-09-14 23:18:09.293,1855.191666666667
Pulse experiments,pioreactor01,2026-09-14T17:33:14.226Z,0.01984375,415,2026-09-14 23:18:14.226,1855.193055555555
Pulse experiments,pioreactor01,2026-09-14T17:33:14.229Z,0.1568359375,445,2026-09-14 23:18:14.229,1855.193055555555
Pulse experiments,pioreactor01,2026-09-14T17:33:14.237Z,0.16869140625,480,2026-09-14 23:18:14.237,1855.193055555555
Pulse experiments,pioreactor01,2026-09-14T17:33:14.246Z,0.196796875,515,2026-09-14 23:18:14.246,1855.193055555555
Pulse experiments,pioreactor01,2026-09-14T17:33:14.254Z,0.23017578125,555,2026-09-14 23:18:14.254,1855.193055555555
Pulse experiments,pioreactor01,2026-09-14T17:33:14.268Z,0.22998046875,590,2026-09-14 23:18:14.268,1855.193055555555
Pulse experiments,pioreactor01,2026-09-14T17:33:14.272Z,0.236953125,630,2026-09-14 23:18:14.272,1855.193055555555
Pulse experiments,pioreactor01,2026-09-14T17:33:14.282Z,0.12375,680,2026-09-14 23:18:14.282,1855.193055555555
Pulse experiments,pioreactor01,2026-09-14T17:33:19.226Z,0.01974609375,415,2026-09-14 23:18:19.226,1855.194444444444
Pulse experiments,pioreactor01,2026-09-14T17:33:19.239Z,0.156328125,445,2026-09-14 23:18:19.239,1855.194444444444
Pulse experiments,pioreactor01,2026-09-14T17:33:19.243Z,0.16796875,480,2026-09-14 23:18:19.243,1855.194444444444
Pulse experiments,pioreactor01,2026-09-14T17:33:19.249Z,0.19603515625,515,2026-09-14 23:18:19.249,1855.194444444444
Pulse experiments,pioreactor01,2026-09-14T17:33:19.253Z,0.22953125,555,2026-09-14 23:18:19.253,1855.194444444444
Pulse experiments,pioreactor01,2026-09-14T17:33:19.261Z,0.22912109375,590,2026-09-14 23:18:19.261,1855.194444444444
Pulse experiments,pioreactor01,2026-09-14T17:33:19.267Z,0.23595703125,630,2026-09-14 23:18:19.267,1855.194444444444
Pulse experiments,pioreactor01,2026-09-14T17:33:19.275Z,0.12361328125,680,2026-09-14 23:18:19.275,1855.194444444444
Pulse experiments,pioreactor01,2026-09-14T17:33:24.229Z,0.01984375,415,2026-09-14 23:18:24.229,1855.195833333333
Pulse experiments,pioreactor01,2026-09-14T17:33:24.237Z,0.15685546875,445,2026-09-14 23:18:24.237,1855.195833333333
Pulse experiments,pioreactor01,2026-09-14T17:33:24.249Z,0.16853515625,480,2026-09-14 23:18:24.249,1855.195833333333
Pulse experiments,pioreactor01,2026-09-14T17:33:24.260Z,0.19697265625,515,2026-09-14 23:18:24.260,1855.195833333333
Pulse experiments,pioreactor01,2026-09-14T17:33:24.269Z,0.2301171875,555,2026-09-14 23:18:24.269,1855.195833333333
Pulse experiments,pioreactor01,2026-09-14T17:33:24.278Z,0.2296875,590,2026-09-14 23:18:24.278,1855.195833333333
Pulse experiments,pioreactor01,2026-09-14T17:33:24.287Z,0.236484375,630,2026-09-14 23:18:24.287,1855.195833333333
Pulse experiments,pioreactor01,2026-09-14T17:33:24.301Z,0.12373046875,680,2026-09-14 23:18:24.301,1855.195833333333
Pulse experiments,pioreactor01,2026-09-14T17:33:29.212Z,0.01982421875,415,2026-09-14 23:18:29.212,1855.197222222222
Pulse experiments,pioreactor01,2026-09-14T17:33:29.215Z,0.1566796875,445,2026-09-14 23:18:29.215,1855.197222222222
Pulse experiments,pioreactor01,2026-09-14T17:33:29.225Z,0.16861328125,480,2026-09-14 23:18:29.225,1855.197222222222
Pulse experiments,pioreactor01,2026-09-14T17:33:29.237Z,0.196953125,515,2026-09-14 23:18:29.237,1855.197222222222
Pulse experiments,pioreactor01,2026-09-14T17:33:29.243Z,0.22955078125,555,2026-09-14 23:18:29.243,1855.197222222222
Pulse experiments,pioreactor01,2026-09-14T17:33:29.250Z,0.22923828125,590,2026-09-14 23:18:29.250,1855.197222222222
Pulse experiments,pioreactor01,2026-09-14T17:33:29.256Z,0.23607421875,630,2026-09-14 23:18:29.256,1855.197222222222
Pulse experiments,pioreactor01,2026-09-14T17:33:29.262Z,0.12328125,680,2026-09-14 23:18:29.262,1855.197222222222
Pulse experiments,pioreactor01,2026-09-14T17:33:34.281Z,0.0198046875,415,2026-09-14 23:18:34.281,1855.198611111111
Pulse experiments,pioreactor01,2026-09-14T17:33:34.294Z,0.15669921875,445,2026-09-14 23:18:34.294,1855.198611111111
Pulse experiments,pioreactor01,2026-09-14T17:33:34.302Z,0.16849609375,480,2026-09-14 23:18:34.302,1855.198611111111
Pulse experiments,pioreactor01,2026-09-14T17:33:34.311Z,0.1970703125,515,2026-09-14 23:18:34.311,1855.198611111111
Pulse experiments,pioreactor01,2026-09-14T17:33:34.318Z,0.23,555,2026-09-14 23:18:34.318,1855.198611111111
Pulse experiments,pioreactor01,2026-09-14T17:33:34.328Z,0.22939453125,590,2026-09-14 23:18:34.328,1855.198611111111
Pulse experiments,pioreactor01,2026-09-14T17:33:34.334Z,0.23599609375,630,2026-09-14 23:18:34.334,1855.198611111111
Pulse experiments,pioreactor01,2026-09-14T17:33:34.340Z,0.12359375,680,2026-09-14 23:18:34.340,1855.198611111111
Pulse experiments,pioreactor01,2026-09-14T17:33:39.223Z,0.01982421875,415,2026-09-14 23:18:39.223,1855.2
Pulse experiments,pioreactor01,2026-09-14T17:33:39.234Z,0.15669921875,445,2026-09-14 23:18:39.234,1855.2
Pulse experiments,pioreactor01,2026-09-14T17:33:39.248Z,0.1685546875,480,2026-09-14 23:18:39.248,1855.2
Pulse experiments,pioreactor01,2026-09-14T17:33:39.257Z,0.19703125,515,2026-09-14 23:18:39.257,1855.2
Pulse experiments,pioreactor01,2026-09-14T17:33:39.262Z,0.22998046875,555,2026-09-14 23:18:39.262,1855.2
Pulse experiments,pioreactor01,2026-09-14T17:33:39.276Z,0.2290234375,590,2026-09-14 23:18:39.276,1855.2
Pulse experiments,pioreactor01,2026-09-14T17:33:39.287Z,0.2362109375,630,2026-09-14 23:18:39.287,1855.2
Pulse experiments,pioreactor01,2026-09-14T17:33:39.290Z,0.1233203125,680,2026-09-14 23:18:39.290,1855.2
Pulse experiments,pioreactor01,2026-09-14T17:33:44.200Z,0.01984375,415,2026-09-14 23:18:44.200,1855.201388888889
Pulse experiments,pioreactor01,2026-09-14T17:33:44.206Z,0.15701171875,445,2026-09-14 23:18:44.206,1855.201388888889
Pulse experiments,pioreactor01,2026-09-14T17:33:44.214Z,0.1688671875,480,2026-09-14 23:18:44.214,1855.201388888889
Pulse experiments,pioreactor01,2026-09-14T17:33:44.227Z,0.1976953125,515,2026-09-14 23:18:44.227,1855.201388888889
Pulse experiments,pioreactor01,2026-09-14T17:33:44.237Z,0.2305078125,555,2026-09-14 23:18:44.237,1855.201388888889
Pulse experiments,pioreactor01,2026-09-14T17:33:44.243Z,0.22974609375,590,2026-09-14 23:18:44.243,1855.201388888889
Pulse experiments,pioreactor01,2026-09-14T17:33:44.251Z,0.23673828125,630,2026-09-14 23:18:44.251,1855.201388888889
Pulse experiments,pioreactor01,2026-09-14T17:33:44.256Z,0.12353515625,680,2026-09-14 23:18:44.256,1855.201388888889
Pulse experiments,pioreactor01,2026-09-14T17:33:49.224Z,0.01982421875,415,2026-09-14 23:18:49.224,1855.202777777778
Pulse experiments,pioreactor01,2026-09-14T17:33:49.232Z,0.1569921875,445,2026-09-14 23:18:49.232,1855.202777777778
Pulse experiments,pioreactor01,2026-09-14T17:33:49.239Z,0.1692578125,480,2026-09-14 23:18:49.239,1855.202777777778
Pulse experiments,pioreactor01,2026-09-14T17:33:49.247Z,0.197265625,515,2026-09-14 23:18:49.247,1855.202777777778
Pulse experiments,pioreactor01,2026-09-14T17:33:49.256Z,0.23044921875,555,2026-09-14 23:18:49.256,1855.202777777778
Pulse experiments,pioreactor01,2026-09-14T17:33:49.264Z,0.22921875,590,2026-09-14 23:18:49.264,1855.202777777778
Pulse experiments,pioreactor01,2026-09-14T17:33:49.276Z,0.236171875,630,2026-09-14 23:18:49.276,1855.202777777778
Pulse experiments,pioreactor01,2026-09-14T17:33:49.281Z,0.12359375,680,2026-09-14 23:18:49.281,1855.202777777778
Pulse experiments,pioreactor01,2026-09-14T17:33:54.232Z,0.01982421875,415,2026-09-14 23:18:54.232,1855.204166666667
Pulse experiments,pioreactor01,2026-09-14T17:33:54.242Z,0.15681640625,445,2026-09-14 23:18:54.242,1855.204166666667
Pulse experiments,pioreactor01,2026-09-14T17:33:54.249Z,0.1692578125,480,2026-09-14 23:18:54.249,1855.204166666667
Pulse experiments,pioreactor01,2026-09-14T17:33:54.258Z,0.19736328125,515,2026-09-14 23:18:54.258,1855.204166666667
Pulse experiments,pioreactor01,2026-09-14T17:33:54.264Z,0.23029296875,555,2026-09-14 23:18:54.264,1855.204166666667
Pulse experiments,pioreactor01,2026-09-14T17:33:54.272Z,0.22919921875,590,2026-09-14 23:18:54.272,1855.204166666667
Pulse experiments,pioreactor01,2026-09-14T17:33:54.282Z,0.23638671875,630,2026-09-14 23:18:54.282,1855.204166666667
Pulse experiments,pioreactor01,2026-09-14T17:33:54.295Z,0.12341796875,680,2026-09-14 23:18:54.295,1855.204166666667
Pulse experiments,pioreactor01,2026-09-14T17:33:59.211Z,0.0198828125,415,2026-09-14 23:18:59.211,1855.205555555556
Pulse experiments,pioreactor01,2026-09-14T17:33:59.221Z,0.15759765625,445,2026-09-14 23:18:59.221,1855.205555555556
Pulse experiments,pioreactor01,2026-09-14T17:33:59.226Z,0.1696875,480,2026-09-14 23:18:59.226,1855.205555555556
Pulse experiments,pioreactor01,2026-09-14T17:33:59.232Z,0.19828125,515,2026-09-14 23:18:59.232,1855.205555555556
Pulse experiments,pioreactor01,2026-09-14T17:33:59.238Z,0.23041015625,555,2026-09-14 23:18:59.238,1855.205555555556
Pulse experiments,pioreactor01,2026-09-14T17:33:59.246Z,0.22923828125,590,2026-09-14 23:18:59.246,1855.205555555556
Pulse experiments,pioreactor01,2026-09-14T17:33:59.254Z,0.23642578125,630,2026-09-14 23:18:59.254,1855.205555555556
Pulse experiments,pioreactor01,2026-09-14T17:33:59.259Z,0.123359375,680,2026-09-14 23:18:59.259,1855.205555555556
Pulse experiments,pioreactor01,2026-09-14T17:34:04.197Z,0.01978515625,415,2026-09-14 23:19:04.197,1855.206944444444
Pulse experiments,pioreactor01,2026-09-14T17:34:04.208Z,0.157109375,445,2026-09-14 23:19:04.208,1855.206944444444
Pulse experiments,pioreactor01,2026-09-14T17:34:04.215Z,0.1693359375,480,2026-09-14 23:19:04.215,1855.206944444444
Pulse experiments,pioreactor01,2026-09-14T17:34:04.218Z,0.19767578125,515,2026-09-14 23:19:04.218,1855.206944444444
Pulse experiments,pioreactor01,2026-09-14T17:34:04.228Z,0.2300390625,555,2026-09-14 23:19:04.228,1855.206944444444
Pulse experiments,pioreactor01,2026-09-14T17:34:04.236Z,0.22876953125,590,2026-09-14 23:19:04.236,1855.206944444444
Pulse experiments,pioreactor01,2026-09-14T17:34:04.247Z,0.23607421875,630,2026-09-14 23:19:04.247,1855.206944444444
Pulse experiments,pioreactor01,2026-09-14T17:34:04.250Z,0.12314453125,680,2026-09-14 23:19:04.250,1855.206944444444
Pulse experiments,pioreactor01,2026-09-14T17:34:09.223Z,0.01990234375,415,2026-09-14 23:19:09.223,1855.208333333333
Pulse experiments,pioreactor01,2026-09-14T17:34:09.231Z,0.1576171875,445,2026-09-14 23:19:09.231,1855.208333333333
Pulse experiments,pioreactor01,2026-09-14T17:34:09.249Z,0.17005859375,480,2026-09-14 23:19:09.249,1855.208333333333
Pulse experiments,pioreactor01,2026-09-14T17:34:09.258Z,0.19865234375,515,2026-09-14 23:19:09.258,1855.208333333333
Pulse experiments,pioreactor01,2026-09-14T17:34:09.264Z,0.23134765625,555,2026-09-14 23:19:09.264,1855.208333333333
Pulse experiments,pioreactor01,2026-09-14T17:34:09.272Z,0.2299609375,590,2026-09-14 23:19:09.272,1855.208333333333
Pulse experiments,pioreactor01,2026-09-14T17:34:09.281Z,0.23703125,630,2026-09-14 23:19:09.281,1855.208333333333
Pulse experiments,pioreactor01,2026-09-14T17:34:09.288Z,0.12384765625,680,2026-09-14 23:19:09.288,1855.208333333333
Pulse experiments,pioreactor01,2026-09-14T17:34:14.213Z,0.0198828125,415,2026-09-14 23:19:14.213,1855.209722222222
Pulse experiments,pioreactor01,2026-09-14T17:34:14.222Z,0.15759765625,445,2026-09-14 23:19:14.222,1855.209722222222
Pulse experiments,pioreactor01,2026-09-14T17:34:14.231Z,0.17021484375,480,2026-09-14 23:19:14.231,1855.209722222222
Pulse experiments,pioreactor01,2026-09-14T17:34:14.237Z,0.1984375,515,2026-09-14 23:19:14.237,1855.209722222222
Pulse experiments,pioreactor01,2026-09-14T17:34:14.247Z,0.230859375,555,2026-09-14 23:19:14.247,1855.209722222222
Pulse experiments,pioreactor01,2026-09-14T17:34:14.253Z,0.22900390625,590,2026-09-14 23:19:14.253,1855.209722222222
Pulse experiments,pioreactor01,2026-09-14T17:34:14.259Z,0.236015625,630,2026-09-14 23:19:14.259,1855.209722222222
Pulse experiments,pioreactor01,2026-09-14T17:34:14.266Z,0.12353515625,680,2026-09-14 23:19:14.266,1855.209722222222
Pulse experiments,pioreactor01,2026-09-14T17:34:19.202Z,0.01978515625,415,2026-09-14 23:19:19.202,1855.211111111111
Pulse experiments,pioreactor01,2026-09-14T17:34:19.209Z,0.15724609375,445,2026-09-14 23:19:19.209,1855.211111111111
Pulse experiments,pioreactor01,2026-09-14T17:34:19.217Z,0.16990234375,480,2026-09-14 23:19:19.217,1855.211111111111
Pulse experiments,pioreactor01,2026-09-14T17:34:19.222Z,0.19818359375,515,2026-09-14 23:19:19.222,1855.211111111111
Pulse experiments,pioreactor01,2026-09-14T17:34:19.230Z,0.23076171875,555,2026-09-14 23:19:19.230,1855.211111111111
Pulse experiments,pioreactor01,2026-09-14T17:34:19.242Z,0.22904296875,590,2026-09-14 23:19:19.242,1855.211111111111
Pulse experiments,pioreactor01,2026-09-14T17:34:19.253Z,0.2362890625,630,2026-09-14 23:19:19.253,1855.211111111111
Pulse experiments,pioreactor01,2026-09-14T17:34:19.261Z,0.1233984375,680,2026-09-14 23:19:19.261,1855.211111111111
Pulse experiments,pioreactor01,2026-09-14T17:34:24.222Z,0.0198828125,415,2026-09-14 23:19:24.222,1855.2125
Pulse experiments,pioreactor01,2026-09-14T17:34:24.230Z,0.1576171875,445,2026-09-14 23:19:24.230,1855.2125
Pulse experiments,pioreactor01,2026-09-14T17:34:24.237Z,0.17044921875,480,2026-09-14 23:19:24.237,1855.2125
Pulse experiments,pioreactor01,2026-09-14T17:34:24.246Z,0.198671875,515,2026-09-14 23:19:24.246,1855.2125
Pulse experiments,pioreactor01,2026-09-14T17:34:24.251Z,0.23076171875,555,2026-09-14 23:19:24.251,1855.2125
Pulse experiments,pioreactor01,2026-09-14T17:34:24.260Z,0.22904296875,590,2026-09-14 23:19:24.260,1855.2125
Pulse experiments,pioreactor01,2026-09-14T17:34:24.267Z,0.23609375,630,2026-09-14 23:19:24.267,1855.2125
Pulse experiments,pioreactor01,2026-09-14T17:34:24.278Z,0.123359375,680,2026-09-14 23:19:24.278,1855.2125
Pulse experiments,pioreactor01,2026-09-14T17:34:29.233Z,0.01984375,415,2026-09-14 23:19:29.233,1855.213888888889
Pulse experiments,pioreactor01,2026-09-14T17:34:29.243Z,0.15779296875,445,2026-09-14 23:19:29.243,1855.213888888889
Pulse experiments,pioreactor01,2026-09-14T17:34:29.249Z,0.17046875,480,2026-09-14 23:19:29.249,1855.213888888889
Pulse experiments,pioreactor01,2026-09-14T17:34:29.256Z,0.19869140625,515,2026-09-14 23:19:29.256,1855.213888888889
Pulse experiments,pioreactor01,2026-09-14T17:34:29.263Z,0.2309765625,555,2026-09-14 23:19:29.263,1855.213888888889
Pulse experiments,pioreactor01,2026-09-14T17:34:29.268Z,0.22921875,590,2026-09-14 23:19:29.268,1855.213888888889
Pulse experiments,pioreactor01,2026-09-14T17:34:29.279Z,0.2365234375,630,2026-09-14 23:19:29.279,1855.213888888889
Pulse experiments,pioreactor01,2026-09-14T17:34:29.284Z,0.123359375,680,2026-09-14 23:19:29.284,1855.213888888889
Pulse experiments,pioreactor01,2026-09-14T17:34:34.217Z,0.01990234375,415,2026-09-14 23:19:34.217,1855.215277777778
Pulse experiments,pioreactor01,2026-09-14T17:34:34.232Z,0.158046875,445,2026-09-14 23:19:34.232,1855.215277777778
Pulse experiments,pioreactor01,2026-09-14T17:34:34.238Z,0.17078125,480,2026-09-14 23:19:34.238,1855.215277777778
Pulse experiments,pioreactor01,2026-09-14T17:34:34.250Z,0.1991015625,515,2026-09-14 23:19:34.250,1855.215277777778
Pulse experiments,pioreactor01,2026-09-14T17:34:34.259Z,0.231796875,555,2026-09-14 23:19:34.259,1855.215277777778
Pulse experiments,pioreactor01,2026-09-14T17:34:34.266Z,0.2297265625,590,2026-09-14 23:19:34.266,1855.215277777778
Pulse experiments,pioreactor01,2026-09-14T17:34:34.276Z,0.2372265625,630,2026-09-14 23:19:34.276,1855.215277777778
Pulse experiments,pioreactor01,2026-09-14T17:34:34.283Z,0.12373046875,680,2026-09-14 23:19:34.283,1855.215277777778
Pulse experiments,pioreactor01,2026-09-14T17:34:39.229Z,0.01986328125,415,2026-09-14 23:19:39.229,1855.216666666667
Pulse experiments,pioreactor01,2026-09-14T17:34:39.236Z,0.157734375,445,2026-09-14 23:19:39.236,1855.216666666667
Pulse experiments,pioreactor01,2026-09-14T17:34:39.245Z,0.1704296875,480,2026-09-14 23:19:39.245,1855.216666666667
Pulse experiments,pioreactor01,2026-09-14T17:34:39.247Z,0.19865234375,515,2026-09-14 23:19:39.247,1855.216666666667
Pulse experiments,pioreactor01,2026-09-14T17:34:39.254Z,0.23181640625,555,2026-09-14 23:19:39.254,1855.216666666667
Pulse experiments,pioreactor01,2026-09-14T17:34:39.273Z,0.23015625,590,2026-09-14 23:19:39.273,1855.216666666667
Pulse experiments,pioreactor01,2026-09-14T17:34:39.277Z,0.23708984375,630,2026-09-14 23:19:39.277,1855.216666666667
Pulse experiments,pioreactor01,2026-09-14T17:34:39.324Z,0.12388671875,680,2026-09-14 23:19:39.324,1855.216666666667
Pulse experiments,pioreactor01,2026-09-14T17:34:44.241Z,0.01990234375,415,2026-09-14 23:19:44.241,1855.218055555556
Pulse experiments,pioreactor01,2026-09-14T17:34:44.251Z,0.15798828125,445,2026-09-14 23:19:44.251,1855.218055555556
Pulse experiments,pioreactor01,2026-09-14T17:34:44.255Z,0.17099609375,480,2026-09-14 23:19:44.255,1855.218055555556
Pulse experiments,pioreactor01,2026-09-14T17:34:44.262Z,0.19923828125,515,2026-09-14 23:19:44.262,1855.218055555556
Pulse experiments,pioreactor01,2026-09-14T17:34:44.279Z,0.23125,555,2026-09-14 23:19:44.279,1855.218055555556
Pulse experiments,pioreactor01,2026-09-14T17:34:44.286Z,0.22896484375,590,2026-09-14 23:19:44.286,1855.218055555556
Pulse experiments,pioreactor01,2026-09-14T17:34:44.287Z,0.2364453125,630,2026-09-14 23:19:44.287,1855.218055555556
Pulse experiments,pioreactor01,2026-09-14T17:34:44.324Z,0.12341796875,680,2026-09-14 23:19:44.324,1855.218055555556
Pulse experiments,pioreactor01,2026-09-14T17:34:49.227Z,0.0199609375,415,2026-09-14 23:19:49.227,1855.219444444444
Pulse experiments,pioreactor01,2026-09-14T17:34:49.235Z,0.15828125,445,2026-09-14 23:19:49.235,1855.219444444444
Pulse experiments,pioreactor01,2026-09-14T17:34:49.239Z,0.1712890625,480,2026-09-14 23:19:49.239,1855.219444444444
Pulse experiments,pioreactor01,2026-09-14T17:34:49.248Z,0.19962890625,515,2026-09-14 23:19:49.248,1855.219444444444
Pulse experiments,pioreactor01,2026-09-14T17:34:49.256Z,0.23169921875,555,2026-09-14 23:19:49.256,1855.219444444444
Pulse experiments,pioreactor01,2026-09-14T17:34:49.274Z,0.22958984375,590,2026-09-14 23:19:49.274,1855.219444444444
Pulse experiments,pioreactor01,2026-09-14T17:34:49.282Z,0.2367578125,630,2026-09-14 23:19:49.282,1855.219444444444
Pulse experiments,pioreactor01,2026-09-14T17:34:49.288Z,0.12375,680,2026-09-14 23:19:49.288,1855.219444444444
Pulse experiments,pioreactor01,2026-09-14T17:34:54.210Z,0.01994140625,415,2026-09-14 23:19:54.210,1855.220833333333
Pulse experiments,pioreactor01,2026-09-14T17:34:54.218Z,0.15830078125,445,2026-09-14 23:19:54.218,1855.220833333333
Pulse experiments,pioreactor01,2026-09-14T17:34:54.227Z,0.17111328125,480,2026-09-14 23:19:54.227,1855.220833333333
Pulse experiments,pioreactor01,2026-09-14T17:34:54.237Z,0.19990234375,515,2026-09-14 23:19:54.237,1855.220833333333
Pulse experiments,pioreactor01,2026-09-14T17:34:54.247Z,0.23181640625,555,2026-09-14 23:19:54.247,1855.220833333333
Pulse experiments,pioreactor01,2026-09-14T17:34:54.256Z,0.22958984375,590,2026-09-14 23:19:54.256,1855.220833333333
Pulse experiments,pioreactor01,2026-09-14T17:34:54.262Z,0.23720703125,630,2026-09-14 23:19:54.262,1855.220833333333
Pulse experiments,pioreactor01,2026-09-14T17:34:54.269Z,0.12375,680,2026-09-14 23:19:54.269,1855.220833333333
Pulse experiments,pioreactor01,2026-09-14T17:34:59.224Z,0.019921875,415,2026-09-14 23:19:59.224,1855.222222222222
Pulse experiments,pioreactor01,2026-09-14T17:34:59.233Z,0.15814453125,445,2026-09-14 23:19:59.233,1855.222222222222
Pulse experiments,pioreactor01,2026-09-14T17:34:59.244Z,0.1712890625,480,2026-09-14 23:19:59.244,1855.222222222222
Pulse experiments,pioreactor01,2026-09-14T17:34:59.255Z,0.1996484375,515,2026-09-14 23:19:59.255,1855.222222222222
Pulse experiments,pioreactor01,2026-09-14T17:34:59.265Z,0.23205078125,555,2026-09-14 23:19:59.265,1855.222222222222
Pulse experiments,pioreactor01,2026-09-14T17:34:59.273Z,0.229453125,590,2026-09-14 23:19:59.273,1855.222222222222
Pulse experiments,pioreactor01,2026-09-14T17:34:59.281Z,0.2369140625,630,2026-09-14 23:19:59.281,1855.222222222222
Pulse experiments,pioreactor01,2026-09-14T17:34:59.291Z,0.12380859375,680,2026-09-14 23:19:59.291,1855.222222222222
