experiment,pioreactor_unit,timestamp,event,volume_change_ml,source_of_event,timestamp_localtime,hours_since_experiment_created
Pulse experiments,pioreactor01,2026-09-14T17:07:17.215Z,remove_waste,0.0806626833,UI,2026-09-14 22:52:17.215,1854.760555555556
Pulse experiments,pioreactor01,2026-09-14T17:07:17.717Z,remove_waste,0.0806626833,UI,2026-09-14 22:52:17.717,1854.760555555556
Pulse experiments,pioreactor01,2026-09-14T17:07:18.219Z,remove_waste,0.0806626833,UI,2026-09-14 22:52:18.219,1854.760833333333
Pulse experiments,pioreactor01,2026-09-14T17:07:18.719Z,remove_waste,0.0806626833,UI,2026-09-14 22:52:18.719,1854.760833333333
Pulse experiments,pioreactor01,2026-09-14T17:07:19.220Z,remove_waste,0.0806626833,UI,2026-09-14 22:52:19.220,1854.761111111111
Pulse experiments,pioreactor01,2026-09-14T17:07:19.721Z,remove_waste,0.0806626833,UI,2026-09-14 22:52:19.721,1854.761111111111
Pulse experiments,pioreactor01,2026-09-14T17:07:20.221Z,remove_waste,0.0806626833,UI,2026-09-14 22:52:20.221,1854.761388888889
Pulse experiments,pioreactor01,2026-09-14T17:07:20.722Z,remove_waste,0.0806626833,UI,2026-09-14 22:52:20.722,1854.761388888889
Pulse experiments,pioreactor01,2026-09-14T17:07:21.222Z,remove_waste,0.0806626833,UI,2026-09-14 22:52:21.222,1854.761666666667
Pulse experiments,pioreactor01,2026-09-14T17:07:21.723Z,remove_waste,0.0806626833,UI,2026-09-14 22:52:21.723,1854.761666666667
Pulse experiments,pioreactor01,2026-09-14T17:07:22.224Z,remove_waste,0.0806626833,UI,2026-09-14 22:52:22.224,1854.761944444444
Pulse experiments,pioreactor01,2026-09-14T17:07:22.724Z,remove_waste,0.0806626833,UI,2026-09-14 22:52:22.724,1854.761944444444
Pulse experiments,pioreactor01,2026-09-14T17:07:23.225Z,remove_waste,0.0806626833,UI,2026-09-14 22:52:23.225,1854.762222222222
Pulse experiments,pioreactor01,2026-09-14T17:07:23.726Z,remove_waste,0.0806626833,UI,2026-09-14 22:52:23.726,1854.762222222222
Pulse experiments,pioreactor01,2026-09-14T17:07:24.226Z,remove_waste,0.0806626833,UI,2026-09-14 22:52:24.226,1854.7625
Pulse experiments,pioreactor01,2026-09-14T17:07:24.727Z,remove_waste,0.0806626833,UI,2026-09-14 22:52:24.727,1854.7625
Pulse experiments,pioreactor01,2026-09-14T17:07:25.228Z,remove_waste,0.0806626833,UI,2026-09-14 22:52:25.228,1854.762777777778
Pulse experiments,pioreactor01,2026-09-14T17:07:25.728Z,remove_waste,0.0806626833,UI,2026-09-14 22:52:25.728,1854.762777777778
Pulse experiments,pioreactor01,2026-09-14T17:07:26.229Z,remove_waste,0.0806626833,UI,2026-09-14 22:52:26.229,1854.763055555556
Pulse experiments,pioreactor01,2026-09-14T17:07:26.730Z,remove_waste,0.0806626833,UI,2026-09-14 22:52:26.730,1854.763055555556
Pulse experiments,pioreactor01,2026-09-14T17:07:27.231Z,remove_waste,0.0806626833,UI,2026-09-14 22:52:27.231,1854.763333333333
Pulse experiments,pioreactor01,2026-09-14T17:07:27.392Z,add_media,0.0776751765,UI,2026-09-14 22:52:27.392,1854.763333333333
Pulse experiments,pioreactor01,2026-09-14T17:07:27.731Z,remove_waste,0.0806626833,UI,2026-09-14 22:52:27.731,1854.763333333333
Pulse experiments,pioreactor01,2026-09-14T17:07:27.895Z,add_media,0.0776751765,UI,2026-09-14 22:52:27.895,1854.763333333333
Pulse experiments,pioreactor01,2026-09-14T17:07:28.232Z,remove_waste,0.0806626833,UI,2026-09-14 22:52:28.232,1854.763611111111
Pulse experiments,pioreactor01,2026-09-14T17:07:28.395Z,add_media,0.0776751765,UI,2026-09-14 22:52:28.395,1854.763611111111
Pulse experiments,pioreactor01,2026-09-14T17:07:28.733Z,remove_waste,0.0806626833,UI,2026-09-14 22:52:28.733,1854.763611111111
Pulse experiments,pioreactor01,2026-09-14T17:07:28.896Z,add_media,0.0776751765,UI,2026-09-14 22:52:28.896,1854.763611111111
Pulse experiments,pioreactor01,2026-09-14T17:07:29.234Z,remove_waste,0.0806626833,UI,2026-09-14 22:52:29.234,1854.763888888889
Pulse experiments,pioreactor01,2026-09-14T17:07:29.397Z,add_media,0.0776751765,UI,2026-09-14 22:52:29.397,1854.763888888889
Pulse experiments,pioreactor01,2026-09-14T17:07:29.735Z,remove_waste,0.0806626833,UI,2026-09-14 22:52:29.735,1854.763888888889
Pulse experiments,pioreactor01,2026-09-14T17:07:29.898Z,add_media,0.0776751765,UI,2026-09-14 22:52:29.898,1854.763888888889
Pulse experiments,pioreactor01,2026-09-14T17:07:30.235Z,remove_waste,0.0806626833,UI,2026-09-14 22:52:30.235,1854.764166666667
Pulse experiments,pioreactor01,2026-09-14T17:07:30.398Z,add_media,0.0776751765,UI,2026-09-14 22:52:30.398,1854.764166666667
Pulse experiments,pioreactor01,2026-09-14T17:07:30.736Z,remove_waste,0.0806626833,UI,2026-09-14 22:52:30.736,1854.764166666667
Pulse experiments,pioreactor01,2026-09-14T17:07:30.899Z,add_media,0.0776751765,UI,2026-09-14 22:52:30.899,1854.764166666667
Pulse experiments,pioreactor01,2026-09-14T17:07:31.237Z,remove_waste,0.0806626833,UI,2026-09-14 22:52:31.237,1854.764444444445
Pulse experiments,pioreactor01,2026-09-14T17:07:31.400Z,add_media,0.0776751765,UI,2026-09-14 22:52:31.400,1854.764444444445
Pulse experiments,pioreactor01,2026-09-14T17:07:31.738Z,remove_waste,0.0806626833,UI,2026-09-14 22:52:31.738,1854.764444444445
Pulse experiments,pioreactor01,2026-09-14T17:07:31.900Z,add_media,0.0776751765,UI,2026-09-14 22:52:31.900,1854.764444444445
Pulse experiments,pioreactor01,2026-09-14T17:07:32.238Z,remove_waste,0.0806626833,UI,2026-09-14 22:52:32.238,1854.764722222222
Pulse experiments,pioreactor01,2026-09-14T17:07:32.401Z,add_media,0.0776751765,UI,2026-09-14 22:52:32.401,1854.764722222222
Pulse experiments,pioreactor01,2026-09-14T17:07:32.739Z,remove_waste,0.0806626833,UI,2026-09-14 22:52:32.739,1854.764722222222
Pulse experiments,pioreactor01,2026-09-14T17:07:32.902Z,add_media,0.0776751765,UI,2026-09-14 22:52:32.902,1854.764722222222
Pulse experiments,pioreactor01,2026-09-14T17:07:33.240Z,remove_waste,0.0806626833,UI,2026-09-14 22:52:33.240,1854.765
Pulse experiments,pioreactor01,2026-09-14T17:07:33.403Z,add_media,0.0776751765,UI,2026-09-14 22:52:33.403,1854.765
Pulse experiments,pioreactor01,2026-09-14T17:07:33.741Z,remove_waste,0.0806626833,UI,2026-09-14 22:52:33.741,1854.765
Pulse experiments,pioreactor01,2026-09-14T17:07:33.904Z,add_media,0.0776751765,UI,2026-09-14 22:52:33.904,1854.765
Pulse experiments,pioreactor01,2026-09-14T17:07:34.241Z,remove_waste,0.0806626833,UI,2026-09-14 22:52:34.241,1854.765277777778
Pulse experiments,pioreactor01,2026-09-14T17:07:34.404Z,add_media,0.0776751765,UI,2026-09-14 22:52:34.404,1854.765277777778
Pulse experiments,pioreactor01,2026-09-14T17:07:34.742Z,remove_waste,0.0806626833,UI,2026-09-14 22:52:34.742,1854.765277777778
Pulse experiments,pioreactor01,2026-09-14T17:07:34.907Z,add_media,0.0776751765,UI,2026-09-14 22:52:34.907,1854.765277777778
Pulse experiments,pioreactor01,2026-09-14T17:07:35.243Z,remove_waste,0.0806626833,UI,2026-09-14 22:52:35.243,1854.765555555555
Pulse experiments,pioreactor01,2026-09-14T17:07:35.408Z,add_media,0.0776751765,UI,2026-09-14 22:52:35.408,1854.765555555555
Pulse experiments,pioreactor01,2026-09-14T17:07:35.744Z,remove_waste,0.0806626833,UI,2026-09-14 22:52:35.744,1854.765555555555
Pulse experiments,pioreactor01,2026-09-14T17:07:35.909Z,add_media,0.0776751765,UI,2026-09-14 22:52:35.909,1854.765555555555
Pulse experiments,pioreactor01,2026-09-14T17:07:36.245Z,remove_waste,0.0806626833,UI,2026-09-14 22:52:36.245,1854.765833333333
Pulse experiments,pioreactor01,2026-09-14T17:07:36.409Z,add_media,0.0776751765,UI,2026-09-14 22:52:36.409,1854.765833333333
Pulse experiments,pioreactor01,2026-09-14T17:07:36.746Z,remove_waste,0.0806626833,UI,2026-09-14 22:52:36.746,1854.765833333333
Pulse experiments,pioreactor01,2026-09-14T17:07:36.911Z,add_media,0.0776751765,UI,2026-09-14 22:52:36.911,1854.765833333333
Pulse experiments,pioreactor01,2026-09-14T17:07:37.247Z,remove_waste,0.0806626833,UI,2026-09-14 22:52:37.247,1854.766111111111
Pulse experiments,pioreactor01,2026-09-14T17:07:37.411Z,add_media,0.0776751765,UI,2026-09-14 22:52:37.411,1854.766111111111
Pulse experiments,pioreactor01,2026-09-14T17:07:37.748Z,remove_waste,0.0806626833,UI,2026-09-14 22:52:37.748,1854.766111111111
Pulse experiments,pioreactor01,2026-09-14T17:07:37.912Z,add_media,0.0776751765,UI,2026-09-14 22:52:37.912,1854.766111111111
Pulse experiments,pioreactor01,2026-09-14T17:07:38.248Z,remove_waste,0.0806626833,UI,2026-09-14 22:52:38.248,1854.766388888889
Pulse experiments,pioreactor01,2026-09-14T17:07:38.413Z,add_media,0.0776751765,UI,2026-09-14 22:52:38.413,1854.766388888889
Pulse experiments,pioreactor01,2026-09-14T17:07:38.750Z,remove_waste,0.0806626833,UI,2026-09-14 22:52:38.750,1854.766388888889
Pulse experiments,pioreactor01,2026-09-14T17:07:38.913Z,add_media,0.0776751765,UI,2026-09-14 22:52:38.913,1854.766388888889
Pulse experiments,pioreactor01,2026-09-14T17:07:39.251Z,remove_waste,0.0806626833,UI,2026-09-14 22:52:39.251,1854.766666666667
Pulse experiments,pioreactor01,2026-09-14T17:07:39.414Z,add_media,0.0776751765,UI,2026-09-14 22:52:39.414,1854.766666666667
Pulse experiments,pioreactor01,2026-09-14T17:07:39.752Z,remove_waste,0.0806626833,UI,2026-09-14 22:52:39.752,1854.766666666667
Pulse experiments,pioreactor01,2026-09-14T17:07:39.915Z,add_media,0.0776751765,UI,2026-09-14 22:52:39.915,1854.766666666667
Pulse experiments,pioreactor01,2026-09-14T17:07:40.253Z,remove_waste,0.0806626833,UI,2026-09-14 22:52:40.253,1854.766944444444
Pulse experiments,pioreactor01,2026-09-14T17:07:40.415Z,add_media,0.0776751765,UI,2026-09-14 22:52:40.415,1854.766944444444
Pulse experiments,pioreactor01,2026-09-14T17:07:40.754Z,remove_waste,0.0806626833,UI,2026-09-14 22:52:40.754,1854.766944444444
Pulse experiments,pioreactor01,2026-09-14T17:07:40.916Z,add_media,0.0776751765,UI,2026-09-14 22:52:40.916,1854.766944444444
Pulse experiments,pioreactor01,2026-09-14T17:07:41.254Z,remove_waste,0.0806626833,UI,2026-09-14 22:52:41.254,1854.767222222222
Pulse experiments,pioreactor01,2026-09-14T17:07:41.418Z,add_media,0.0776751765,UI,2026-09-14 22:52:41.418,1854.767222222222
Pulse experiments,pioreactor01,2026-09-14T17:07:41.755Z,remove_waste,0.0806626833,UI,2026-09-14 22:52:41.755,1854.767222222222
Pulse experiments,pioreactor01,2026-09-14T17:07:41.919Z,add_media,0.0776751765,UI,2026-09-14 22:52:41.919,1854.767222222222
Pulse experiments,pioreactor01,2026-09-14T17:07:42.256Z,remove_waste,0.0806626833,UI,2026-09-14 22:52:42.256,1854.7675
Pulse experiments,pioreactor01,2026-09-14T17:07:42.419Z,add_media,0.0776751765,UI,2026-09-14 22:52:42.419,1854.7675
Pulse experiments,pioreactor01,2026-09-14T17:07:42.756Z,remove_waste,0.0806626833,UI,2026-09-14 22:52:42.756,1854.7675
Pulse experiments,pioreactor01,2026-09-14T17:07:42.920Z,add_media,0.0776751765,UI,2026-09-14 22:52:42.920,1854.7675
Pulse experiments,pioreactor01,2026-09-14T17:07:43.257Z,remove_waste,0.0806626833,UI,2026-09-14 22:52:43.257,1854.767777777778
Pulse experiments,pioreactor01,2026-09-14T17:07:43.421Z,add_media,0.0776751765,UI,2026-09-14 22:52:43.421,1854.767777777778
Pulse experiments,pioreactor01,2026-09-14T17:07:43.758Z,remove_waste,0.0806626833,UI,2026-09-14 22:52:43.758,1854.767777777778
Pulse experiments,pioreactor01,2026-09-14T17:07:43.922Z,add_media,0.0776751765,UI,2026-09-14 22:52:43.922,1854.767777777778
Pulse experiments,pioreactor01,2026-09-14T17:07:44.259Z,remove_waste,0.0806626833,UI,2026-09-14 22:52:44.259,1854.768055555556
Pulse experiments,pioreactor01,2026-09-14T17:07:44.422Z,add_media,0.0776751765,UI,2026-09-14 22:52:44.422,1854.768055555556
Pulse experiments,pioreactor01,2026-09-14T17:07:44.760Z,remove_waste,0.0806626833,UI,2026-09-14 22:52:44.760,1854.768055555556
Pulse experiments,pioreactor01,2026-09-14T17:07:44.923Z,add_media,0.0776751765,UI,2026-09-14 22:52:44.923,1854.768055555556
Pulse experiments,pioreactor01,2026-09-14T17:07:45.260Z,remove_waste,0.0806626833,UI,2026-09-14 22:52:45.260,1854.768333333333
Pulse experiments,pioreactor01,2026-09-14T17:07:45.424Z,add_media,0.0776751765,UI,2026-09-14 22:52:45.424,1854.768333333333
Pulse experiments,pioreactor01,2026-09-14T17:07:45.761Z,remove_waste,0.0806626833,UI,2026-09-14 22:52:45.761,1854.768333333333
Pulse experiments,pioreactor01,2026-09-14T17:07:45.925Z,add_media,0.0776751765,UI,2026-09-14 22:52:45.925,1854.768333333333
Pulse experiments,pioreactor01,2026-09-14T17:07:46.262Z,remove_waste,0.0806626833,UI,2026-09-14 22:52:46.262,1854.768611111111
Pulse experiments,pioreactor01,2026-09-14T17:07:46.427Z,add_media,0.0776751765,UI,2026-09-14 22:52:46.427,1854.768611111111
Pulse experiments,pioreactor01,2026-09-14T17:07:46.762Z,remove_waste,0.0806626833,UI,2026-09-14 22:52:46.762,1854.768611111111
Pulse experiments,pioreactor01,2026-09-14T17:07:46.927Z,add_media,0.0776751765,UI,2026-09-14 22:52:46.927,1854.768611111111
Pulse experiments,pioreactor01,2026-09-14T17:07:47.263Z,remove_waste,0.0806626833,UI,2026-09-14 22:52:47.263,1854.768888888889
Pulse experiments,pioreactor01,2026-09-14T17:07:47.428Z,add_media,0.0776751765,UI,2026-09-14 22:52:47.428,1854.768888888889
Pulse experiments,pioreactor01,2026-09-14T17:07:47.773Z,remove_waste,0.0806626833,UI,2026-09-14 22:52:47.773,1854.768888888889
Pulse experiments,pioreactor01,2026-09-14T17:07:47.929Z,add_media,0.0776751765,UI,2026-09-14 22:52:47.929,1854.768888888889
Pulse experiments,pioreactor01,2026-09-14T17:07:48.273Z,remove_waste,0.0806626833,UI,2026-09-14 22:52:48.273,1854.769166666667
Pulse experiments,pioreactor01,2026-09-14T17:07:48.430Z,add_media,0.0776751765,UI,2026-09-14 22:52:48.430,1854.769166666667
Pulse experiments,pioreactor01,2026-09-14T17:07:48.774Z,remove_waste,0.0806626833,UI,2026-09-14 22:52:48.774,1854.769166666667
Pulse experiments,pioreactor01,2026-09-14T17:07:48.930Z,add_media,0.0776751765,UI,2026-09-14 22:52:48.930,1854.769166666667
Pulse experiments,pioreactor01,2026-09-14T17:07:49.275Z,remove_waste,0.0806626833,UI,2026-09-14 22:52:49.275,1854.769444444444
Pulse experiments,pioreactor01,2026-09-14T17:07:49.432Z,add_media,0.0776751765,UI,2026-09-14 22:52:49.432,1854.769444444444
Pulse experiments,pioreactor01,2026-09-14T17:07:49.775Z,remove_waste,0.0806626833,UI,2026-09-14 22:52:49.775,1854.769444444444
Pulse experiments,pioreactor01,2026-09-14T17:07:49.933Z,add_media,0.0776751765,UI,2026-09-14 22:52:49.933,1854.769444444444
Pulse experiments,pioreactor01,2026-09-14T17:07:50.276Z,remove_waste,0.0806626833,UI,2026-09-14 22:52:50.276,1854.769722222222
Pulse experiments,pioreactor01,2026-09-14T17:07:50.433Z,add_media,0.0776751765,UI,2026-09-14 22:52:50.433,1854.769722222222
Pulse experiments,pioreactor01,2026-09-14T17:07:50.777Z,remove_waste,0.0806626833,UI,2026-09-14 22:52:50.777,1854.769722222222
Pulse experiments,pioreactor01,2026-09-14T17:07:50.934Z,add_media,0.0776751765,UI,2026-09-14 22:52:50.934,1854.769722222222
Pulse experiments,pioreactor01,2026-09-14T17:07:51.278Z,remove_waste,0.0806626833,UI,2026-09-14 22:52:51.278,1854.77
Pulse experiments,pioreactor01,2026-09-14T17:07:51.435Z,add_media,0.0776751765,UI,2026-09-14 22:52:51.435,1854.77
Pulse experiments,pioreactor01,2026-09-14T17:07:51.779Z,remove_waste,0.0806626833,UI,2026-09-14 22:52:51.779,1854.77
Pulse experiments,pioreactor01,2026-09-14T17:07:51.936Z,add_media,0.0776751765,UI,2026-09-14 22:52:51.936,1854.77
Pulse experiments,pioreactor01,2026-09-14T17:07:52.279Z,remove_waste,0.0806626833,UI,2026-09-14 22:52:52.279,1854.770277777778
Pulse experiments,pioreactor01,2026-09-14T17:07:52.437Z,add_media,0.0776751765,UI,2026-09-14 22:52:52.437,1854.770277777778
Pulse experiments,pioreactor01,2026-09-14T17:07:52.780Z,remove_waste,0.0806626833,UI,2026-09-14 22:52:52.780,1854.770277777778
Pulse experiments,pioreactor01,2026-09-14T17:07:52.937Z,add_media,0.0776751765,UI,2026-09-14 22:52:52.937,1854.770277777778
Pulse experiments,pioreactor01,2026-09-14T17:07:53.281Z,remove_waste,0.0806626833,UI,2026-09-14 22:52:53.281,1854.770555555556
Pulse experiments,pioreactor01,2026-09-14T17:07:53.438Z,add_media,0.0776751765,UI,2026-09-14 22:52:53.438,1854.770555555556
Pulse experiments,pioreactor01,2026-09-14T17:07:53.781Z,remove_waste,0.0806626833,UI,2026-09-14 22:52:53.781,1854.770555555556
Pulse experiments,pioreactor01,2026-09-14T17:07:53.939Z,add_media,0.0776751765,UI,2026-09-14 22:52:53.939,1854.770555555556
Pulse experiments,pioreactor01,2026-09-14T17:07:54.282Z,remove_waste,0.0806626833,UI,2026-09-14 22:52:54.282,1854.770833333333
Pulse experiments,pioreactor01,2026-09-14T17:07:54.440Z,add_media,0.0776751765,UI,2026-09-14 22:52:54.440,1854.770833333333
Pulse experiments,pioreactor01,2026-09-14T17:07:54.784Z,remove_waste,0.0806626833,UI,2026-09-14 22:52:54.784,1854.770833333333
Pulse experiments,pioreactor01,2026-09-14T17:07:54.941Z,add_media,0.0776751765,UI,2026-09-14 22:52:54.941,1854.770833333333
Pulse experiments,pioreactor01,2026-09-14T17:07:55.284Z,remove_waste,0.0806626833,UI,2026-09-14 22:52:55.284,1854.771111111111
Pulse experiments,pioreactor01,2026-09-14T17:07:55.442Z,add_media,0.0776751765,UI,2026-09-14 22:52:55.442,1854.771111111111
Pulse experiments,pioreactor01,2026-09-14T17:07:55.785Z,remove_waste,0.0806626833,UI,2026-09-14 22:52:55.785,1854.771111111111
Pulse experiments,pioreactor01,2026-09-14T17:07:55.942Z,add_media,0.0776751765,UI,2026-09-14 22:52:55.942,1854.771111111111
Pulse experiments,pioreactor01,2026-09-14T17:07:56.286Z,remove_waste,0.0806626833,UI,2026-09-14 22:52:56.286,1854.771388888889
Pulse experiments,pioreactor01,2026-09-14T17:07:56.443Z,add_media,0.0776751765,UI,2026-09-14 22:52:56.443,1854.771388888889
Pulse experiments,pioreactor01,2026-09-14T17:07:56.786Z,remove_waste,0.0806626833,UI,2026-09-14 22:52:56.786,1854.771388888889
Pulse experiments,pioreactor01,2026-09-14T17:07:56.944Z,add_media,0.0776751765,UI,2026-09-14 22:52:56.944,1854.771388888889
Pulse experiments,pioreactor01,2026-09-14T17:07:57.287Z,remove_waste,0.0806626833,UI,2026-09-14 22:52:57.287,1854.771666666667
Pulse experiments,pioreactor01,2026-09-14T17:07:57.445Z,add_media,0.0776751765,UI,2026-09-14 22:52:57.445,1854.771666666667
Pulse experiments,pioreactor01,2026-09-14T17:07:57.788Z,remove_waste,0.0806626833,UI,2026-09-14 22:52:57.788,1854.771666666667
Pulse experiments,pioreactor01,2026-09-14T17:07:57.945Z,add_media,0.0776751765,UI,2026-09-14 22:52:57.945,1854.771666666667
Pulse experiments,pioreactor01,2026-09-14T17:07:58.289Z,remove_waste,0.0806626833,UI,2026-09-14 22:52:58.289,1854.771944444444
Pulse experiments,pioreactor01,2026-09-14T17:07:58.446Z,add_media,0.0776751765,UI,2026-09-14 22:52:58.446,1854.771944444444
Pulse experiments,pioreactor01,2026-09-14T17:07:58.789Z,remove_waste,0.0806626833,UI,2026-09-14 22:52:58.789,1854.771944444444
Pulse experiments,pioreactor01,2026-09-14T17:07:58.947Z,add_media,0.0776751765,UI,2026-09-14 22:52:58.947,1854.771944444444
Pulse experiments,pioreactor01,2026-09-14T17:07:59.290Z,remove_waste,0.0806626833,UI,2026-09-14 22:52:59.290,1854.772222222222
Pulse experiments,pioreactor01,2026-09-14T17:07:59.448Z,add_media,0.0776751765,UI,2026-09-14 22:52:59.448,1854.772222222222
Pulse experiments,pioreactor01,2026-09-14T17:07:59.791Z,remove_waste,0.0806626833,UI,2026-09-14 22:52:59.791,1854.772222222222
Pulse experiments,pioreactor01,2026-09-14T17:07:59.948Z,add_media,0.0776751765,UI,2026-09-14 22:52:59.948,1854.772222222222
Pulse experiments,pioreactor01,2026-09-14T17:08:00.291Z,remove_waste,0.0806626833,UI,2026-09-14 22:53:00.291,1854.7725
Pulse experiments,pioreactor01,2026-09-14T17:08:00.449Z,add_media,0.0776751765,UI,2026-09-14 22:53:00.449,1854.7725
Pulse experiments,pioreactor01,2026-09-14T17:08:00.792Z,remove_waste,0.0806626833,UI,2026-09-14 22:53:00.792,1854.7725
Pulse experiments,pioreactor01,2026-09-14T17:08:00.950Z,add_media,0.0776751765,UI,2026-09-14 22:53:00.950,1854.7725
Pulse experiments,pioreactor01,2026-09-14T17:08:01.293Z,remove_waste,0.0806626833,UI,2026-09-14 22:53:01.293,1854.772777777778
Pulse experiments,pioreactor01,2026-09-14T17:08:01.452Z,add_media,0.0776751765,UI,2026-09-14 22:53:01.452,1854.772777777778
Pulse experiments,pioreactor01,2026-09-14T17:08:01.794Z,remove_waste,0.0806626833,UI,2026-09-14 22:53:01.794,1854.772777777778
Pulse experiments,pioreactor01,2026-09-14T17:08:01.953Z,add_media,0.0776751765,UI,2026-09-14 22:53:01.953,1854.772777777778
Pulse experiments,pioreactor01,2026-09-14T17:08:02.294Z,remove_waste,0.0806626833,UI,2026-09-14 22:53:02.294,1854.773055555556
Pulse experiments,pioreactor01,2026-09-14T17:08:02.454Z,add_media,0.0776751765,UI,2026-09-14 22:53:02.454,1854.773055555556
Pulse experiments,pioreactor01,2026-09-14T17:08:02.795Z,remove_waste,0.0806626833,UI,2026-09-14 22:53:02.795,1854.773055555556
Pulse experiments,pioreactor01,2026-09-14T17:08:02.954Z,add_media,0.0776751765,UI,2026-09-14 22:53:02.954,1854.773055555556
Pulse experiments,pioreactor01,2026-09-14T17:08:03.296Z,remove_waste,0.0806626833,UI,2026-09-14 22:53:03.296,1854.773333333333
Pulse experiments,pioreactor01,2026-09-14T17:08:03.455Z,add_media,0.0776751765,UI,2026-09-14 22:53:03.455,1854.773333333333
Pulse experiments,pioreactor01,2026-09-14T17:08:03.797Z,remove_waste,0.0806626833,UI,2026-09-14 22:53:03.797,1854.773333333333
Pulse experiments,pioreactor01,2026-09-14T17:08:03.956Z,add_media,0.0776751765,UI,2026-09-14 22:53:03.956,1854.773333333333
Pulse experiments,pioreactor01,2026-09-14T17:08:04.297Z,remove_waste,0.0806626833,UI,2026-09-14 22:53:04.297,1854.773611111111
Pulse experiments,pioreactor01,2026-09-14T17:08:04.457Z,add_media,0.0776751765,UI,2026-09-14 22:53:04.457,1854.773611111111
Pulse experiments,pioreactor01,2026-09-14T17:08:04.799Z,remove_waste,0.0806626833,UI,2026-09-14 22:53:04.799,1854.773611111111
Pulse experiments,pioreactor01,2026-09-14T17:08:04.957Z,add_media,0.0776751765,UI,2026-09-14 22:53:04.957,1854.773611111111
Pulse experiments,pioreactor01,2026-09-14T17:08:05.299Z,remove_waste,0.0806626833,UI,2026-09-14 22:53:05.299,1854.773888888889
Pulse experiments,pioreactor01,2026-09-14T17:08:05.459Z,add_media,0.0776751765,UI,2026-09-14 22:53:05.459,1854.773888888889
Pulse experiments,pioreactor01,2026-09-14T17:08:05.800Z,remove_waste,0.0806626833,UI,2026-09-14 22:53:05.800,1854.773888888889
Pulse experiments,pioreactor01,2026-09-14T17:08:05.959Z,add_media,0.0776751765,UI,2026-09-14 22:53:05.959,1854.773888888889
Pulse experiments,pioreactor01,2026-09-14T17:08:06.301Z,remove_waste,0.0806626833,UI,2026-09-14 22:53:06.301,1854.774166666667
Pulse experiments,pioreactor01,2026-09-14T17:08:06.460Z,add_media,0.0776751765,UI,2026-09-14 22:53:06.460,1854.774166666667
Pulse experiments,pioreactor01,2026-09-14T17:08:06.802Z,remove_waste,0.0806626833,UI,2026-09-14 22:53:06.802,1854.774166666667
Pulse experiments,pioreactor01,2026-09-14T17:08:06.961Z,add_media,0.0776751765,UI,2026-09-14 22:53:06.961,1854.774166666667
Pulse experiments,pioreactor01,2026-09-14T17:08:07.303Z,remove_waste,0.0806626833,UI,2026-09-14 22:53:07.303,1854.774444444444
Pulse experiments,pioreactor01,2026-09-14T17:08:07.462Z,add_media,0.0776751765,UI,2026-09-14 22:53:07.462,1854.774444444444
Pulse experiments,pioreactor01,2026-09-14T17:08:07.803Z,remove_waste,0.0806626833,UI,2026-09-14 22:53:07.803,1854.774444444444
Pulse experiments,pioreactor01,2026-09-14T17:08:07.962Z,add_media,0.0776751765,UI,2026-09-14 22:53:07.962,1854.774444444444
Pulse experiments,pioreactor01,2026-09-14T17:08:08.304Z,remove_waste,0.0806626833,UI,2026-09-14 22:53:08.304,1854.774722222222
Pulse experiments,pioreactor01,2026-09-14T17:08:08.463Z,add_media,0.0776751765,UI,2026-09-14 22:53:08.463,1854.774722222222
Pulse experiments,pioreactor01,2026-09-14T17:08:08.804Z,remove_waste,0.0806626833,UI,2026-09-14 22:53:08.804,1854.774722222222
Pulse experiments,pioreactor01,2026-09-14T17:08:08.964Z,add_media,0.0776751765,UI,2026-09-14 22:53:08.964,1854.774722222222
Pulse experiments,pioreactor01,2026-09-14T17:08:09.305Z,remove_waste,0.0806626833,UI,2026-09-14 22:53:09.305,1854.775
Pulse experiments,pioreactor01,2026-09-14T17:08:09.464Z,add_media,0.0776751765,UI,2026-09-14 22:53:09.464,1854.775
Pulse experiments,pioreactor01,2026-09-14T17:08:09.806Z,remove_waste,0.0806626833,UI,2026-09-14 22:53:09.806,1854.775
Pulse experiments,pioreactor01,2026-09-14T17:08:09.965Z,add_media,0.0776751765,UI,2026-09-14 22:53:09.965,1854.775
Pulse experiments,pioreactor01,2026-09-14T17:08:10.306Z,remove_waste,0.0806626833,UI,2026-09-14 22:53:10.306,1854.775277777778
Pulse experiments,pioreactor01,2026-09-14T17:08:10.466Z,add_media,0.0776751765,UI,2026-09-14 22:53:10.466,1854.775277777778
Pulse experiments,pioreactor01,2026-09-14T17:08:10.807Z,remove_waste,0.0806626833,UI,2026-09-14 22:53:10.807,1854.775277777778
Pulse experiments,pioreactor01,2026-09-14T17:08:10.967Z,add_media,0.0776751765,UI,2026-09-14 22:53:10.967,1854.775277777778
Pulse experiments,pioreactor01,2026-09-14T17:08:11.308Z,remove_waste,0.0806626833,UI,2026-09-14 22:53:11.308,1854.775555555555
Pulse experiments,pioreactor01,2026-09-14T17:08:11.468Z,add_media,0.0776751765,UI,2026-09-14 22:53:11.468,1854.775555555555
Pulse experiments,pioreactor01,2026-09-14T17:08:11.808Z,remove_waste,0.0806626833,UI,2026-09-14 22:53:11.808,1854.775555555555
Pulse experiments,pioreactor01,2026-09-14T17:08:11.969Z,add_media,0.0776751765,UI,2026-09-14 22:53:11.969,1854.775555555555
Pulse experiments,pioreactor01,2026-09-14T17:08:12.309Z,remove_waste,0.0806626833,UI,2026-09-14 22:53:12.309,1854.775833333333
Pulse experiments,pioreactor01,2026-09-14T17:08:12.470Z,add_media,0.0776751765,UI,2026-09-14 22:53:12.470,1854.775833333333
Pulse experiments,pioreactor01,2026-09-14T17:08:12.810Z,remove_waste,0.0806626833,UI,2026-09-14 22:53:12.810,1854.775833333333
Pulse experiments,pioreactor01,2026-09-14T17:08:12.970Z,add_media,0.0776751765,UI,2026-09-14 22:53:12.970,1854.775833333333
Pulse experiments,pioreactor01,2026-09-14T17:08:13.310Z,remove_waste,0.0806626833,UI,2026-09-14 22:53:13.310,1854.776111111111
Pulse experiments,pioreactor01,2026-09-14T17:08:13.471Z,add_media,0.0776751765,UI,2026-09-14 22:53:13.471,1854.776111111111
Pulse experiments,pioreactor01,2026-09-14T17:08:13.811Z,remove_waste,0.0806626833,UI,2026-09-14 22:53:13.811,1854.776111111111
Pulse experiments,pioreactor01,2026-09-14T17:08:13.972Z,add_media,0.0776751765,UI,2026-09-14 22:53:13.972,1854.776111111111
Pulse experiments,pioreactor01,2026-09-14T17:08:14.312Z,remove_waste,0.0806626833,UI,2026-09-14 22:53:14.312,1854.776388888889
Pulse experiments,pioreactor01,2026-09-14T17:08:14.472Z,add_media,0.0776751765,UI,2026-09-14 22:53:14.472,1854.776388888889
Pulse experiments,pioreactor01,2026-09-14T17:08:14.812Z,remove_waste,0.0806626833,UI,2026-09-14 22:53:14.812,1854.776388888889
Pulse experiments,pioreactor01,2026-09-14T17:08:14.974Z,add_media,0.0776751765,UI,2026-09-14 22:53:14.974,1854.776388888889
Pulse experiments,pioreactor01,2026-09-14T17:08:15.313Z,remove_waste,0.0806626833,UI,2026-09-14 22:53:15.313,1854.776666666667
Pulse experiments,pioreactor01,2026-09-14T17:08:15.474Z,add_media,0.0776751765,UI,2026-09-14 22:53:15.474,1854.776666666667
Pulse experiments,pioreactor01,2026-09-14T17:08:15.814Z,remove_waste,0.0806626833,UI,2026-09-14 22:53:15.814,1854.776666666667
Pulse experiments,pioreactor01,2026-09-14T17:08:15.976Z,add_media,0.0776751765,UI,2026-09-14 22:53:15.976,1854.776666666667
Pulse experiments,pioreactor01,2026-09-14T17:08:16.314Z,remove_waste,0.0806626833,UI,2026-09-14 22:53:16.314,1854.776944444445
Pulse experiments,pioreactor01,2026-09-14T17:08:16.476Z,add_media,0.0776751765,UI,2026-09-14 22:53:16.476,1854.776944444445
Pulse experiments,pioreactor01,2026-09-14T17:08:16.815Z,remove_waste,0.0806626833,UI,2026-09-14 22:53:16.815,1854.776944444445
Pulse experiments,pioreactor01,2026-09-14T17:08:16.977Z,add_media,0.0776751765,UI,2026-09-14 22:53:16.977,1854.776944444445
Pulse experiments,pioreactor01,2026-09-14T17:08:17.316Z,remove_waste,0.0806626833,UI,2026-09-14 22:53:17.316,1854.777222222222
Pulse experiments,pioreactor01,2026-09-14T17:08:17.478Z,add_media,0.0776751765,UI,2026-09-14 22:53:17.478,1854.777222222222
Pulse experiments,pioreactor01,2026-09-14T17:08:17.816Z,remove_waste,0.0806626833,UI,2026-09-14 22:53:17.816,1854.777222222222
Pulse experiments,pioreactor01,2026-09-14T17:08:17.979Z,add_media,0.0776751765,UI,2026-09-14 22:53:17.979,1854.777222222222
Pulse experiments,pioreactor01,2026-09-14T17:08:18.317Z,remove_waste,0.0806626833,UI,2026-09-14 22:53:18.317,1854.7775
Pulse experiments,pioreactor01,2026-09-14T17:08:18.480Z,add_media,0.0776751765,UI,2026-09-14 22:53:18.480,1854.7775
Pulse experiments,pioreactor01,2026-09-14T17:08:18.818Z,remove_waste,0.0806626833,UI,2026-09-14 22:53:18.818,1854.7775
Pulse experiments,pioreactor01,2026-09-14T17:08:18.982Z,add_media,0.0776751765,UI,2026-09-14 22:53:18.982,1854.7775
Pulse experiments,pioreactor01,2026-09-14T17:08:19.319Z,remove_waste,0.0806626833,UI,2026-09-14 22:53:19.319,1854.777777777778
Pulse experiments,pioreactor01,2026-09-14T17:08:19.484Z,add_media,0.0776751765,UI,2026-09-14 22:53:19.484,1854.777777777778
Pulse experiments,pioreactor01,2026-09-14T17:08:19.820Z,remove_waste,0.0806626833,UI,2026-09-14 22:53:19.820,1854.777777777778
Pulse experiments,pioreactor01,2026-09-14T17:08:19.985Z,add_media,0.0776751765,UI,2026-09-14 22:53:19.985,1854.777777777778
Pulse experiments,pioreactor01,2026-09-14T17:08:20.320Z,remove_waste,0.0806626833,UI,2026-09-14 22:53:20.320,1854.778055555556
Pulse experiments,pioreactor01,2026-09-14T17:08:20.486Z,add_media,0.0776751765,UI,2026-09-14 22:53:20.486,1854.778055555556
Pulse experiments,pioreactor01,2026-09-14T17:08:20.821Z,remove_waste,0.0806626833,UI,2026-09-14 22:53:20.821,1854.778055555556
Pulse experiments,pioreactor01,2026-09-14T17:08:20.986Z,add_media,0.0776751765,UI,2026-09-14 22:53:20.986,1854.778055555556
Pulse experiments,pioreactor01,2026-09-14T17:08:21.321Z,remove_waste,0.0806626833,UI,2026-09-14 22:53:21.321,1854.778333333333
Pulse experiments,pioreactor01,2026-09-14T17:08:21.487Z,add_media,0.0776751765,UI,2026-09-14 22:53:21.487,1854.778333333333
Pulse experiments,pioreactor01,2026-09-14T17:08:21.822Z,remove_waste,0.0806626833,UI,2026-09-14 22:53:21.822,1854.778333333333
Pulse experiments,pioreactor01,2026-09-14T17:08:21.988Z,add_media,0.0776751765,UI,2026-09-14 22:53:21.988,1854.778333333333
Pulse experiments,pioreactor01,2026-09-14T17:08:22.323Z,remove_waste,0.0806626833,UI,2026-09-14 22:53:22.323,1854.778611111111
Pulse experiments,pioreactor01,2026-09-14T17:08:22.488Z,add_media,0.0776751765,UI,2026-09-14 22:53:22.488,1854.778611111111
Pulse experiments,pioreactor01,2026-09-14T17:08:22.824Z,remove_waste,0.0806626833,UI,2026-09-14 22:53:22.824,1854.778611111111
Pulse experiments,pioreactor01,2026-09-14T17:08:22.989Z,add_media,0.0776751765,UI,2026-09-14 22:53:22.989,1854.778611111111
Pulse experiments,pioreactor01,2026-09-14T17:08:23.324Z,remove_waste,0.0806626833,UI,2026-09-14 22:53:23.324,1854.778888888889
Pulse experiments,pioreactor01,2026-09-14T17:08:23.490Z,add_media,0.0776751765,UI,2026-09-14 22:53:23.490,1854.778888888889
Pulse experiments,pioreactor01,2026-09-14T17:08:23.825Z,remove_waste,0.0806626833,UI,2026-09-14 22:53:23.825,1854.778888888889
Pulse experiments,pioreactor01,2026-09-14T17:08:23.990Z,add_media,0.0776751765,UI,2026-09-14 22:53:23.990,1854.778888888889
Pulse experiments,pioreactor01,2026-09-14T17:08:24.326Z,remove_waste,0.0806626833,UI,2026-09-14 22:53:24.326,1854.779166666667
Pulse experiments,pioreactor01,2026-09-14T17:08:24.491Z,add_media,0.0776751765,UI,2026-09-14 22:53:24.491,1854.779166666667
Pulse experiments,pioreactor01,2026-09-14T17:08:24.826Z,remove_waste,0.0806626833,UI,2026-09-14 22:53:24.826,1854.779166666667
Pulse experiments,pioreactor01,2026-09-14T17:08:24.994Z,add_media,0.0776751765,UI,2026-09-14 22:53:24.994,1854.779166666667
Pulse experiments,pioreactor01,2026-09-14T17:08:25.327Z,remove_waste,0.0806626833,UI,2026-09-14 22:53:25.327,1854.779444444444
Pulse experiments,pioreactor01,2026-09-14T17:08:25.495Z,add_media,0.0776751765,UI,2026-09-14 22:53:25.495,1854.779444444444
Pulse experiments,pioreactor01,2026-09-14T17:08:25.828Z,remove_waste,0.0806626833,UI,2026-09-14 22:53:25.828,1854.779444444444
Pulse experiments,pioreactor01,2026-09-14T17:08:25.995Z,add_media,0.0776751765,UI,2026-09-14 22:53:25.995,1854.779444444444
Pulse experiments,pioreactor01,2026-09-14T17:08:26.329Z,remove_waste,0.0806626833,UI,2026-09-14 22:53:26.329,1854.779722222222
Pulse experiments,pioreactor01,2026-09-14T17:08:26.499Z,add_media,0.0776751765,UI,2026-09-14 22:53:26.499,1854.779722222222
Pulse experiments,pioreactor01,2026-09-14T17:08:26.829Z,remove_waste,0.0806626833,UI,2026-09-14 22:53:26.829,1854.779722222222
Pulse experiments,pioreactor01,2026-09-14T17:08:26.999Z,add_media,0.0776751765,UI,2026-09-14 22:53:26.999,1854.779722222222
Pulse experiments,pioreactor01,2026-09-14T17:08:27.330Z,remove_waste,0.0806626833,UI,2026-09-14 22:53:27.330,1854.78
Pulse experiments,pioreactor01,2026-09-14T17:08:27.500Z,add_media,0.0776751765,UI,2026-09-14 22:53:27.500,1854.78
Pulse experiments,pioreactor01,2026-09-14T17:08:27.831Z,remove_waste,0.0806626833,UI,2026-09-14 22:53:27.831,1854.78
Pulse experiments,pioreactor01,2026-09-14T17:08:28.001Z,add_media,0.0776751765,UI,2026-09-14 22:53:28.001,1854.780277777778
Pulse experiments,pioreactor01,2026-09-14T17:08:28.332Z,remove_waste,0.0806626833,UI,2026-09-14 22:53:28.332,1854.780277777778
Pulse experiments,pioreactor01,2026-09-14T17:08:28.501Z,add_media,0.0776751765,UI,2026-09-14 22:53:28.501,1854.780277777778
Pulse experiments,pioreactor01,2026-09-14T17:08:28.832Z,remove_waste,0.0806626833,UI,2026-09-14 22:53:28.832,1854.780277777778
Pulse experiments,pioreactor01,2026-09-14T17:08:29.002Z,add_media,0.0776751765,UI,2026-09-14 22:53:29.002,1854.780555555556
Pulse experiments,pioreactor01,2026-09-14T17:08:29.333Z,remove_waste,0.0806626833,UI,2026-09-14 22:53:29.333,1854.780555555556
Pulse experiments,pioreactor01,2026-09-14T17:08:29.503Z,add_media,0.0776751765,UI,2026-09-14 22:53:29.503,1854.780555555556
Pulse experiments,pioreactor01,2026-09-14T17:08:29.834Z,remove_waste,0.0806626833,UI,2026-09-14 22:53:29.834,1854.780555555556
Pulse experiments,pioreactor01,2026-09-14T17:08:30.004Z,add_media,0.0776751765,UI,2026-09-14 22:53:30.004,1854.780833333333
Pulse experiments,pioreactor01,2026-09-14T17:08:30.334Z,remove_waste,0.0806626833,UI,2026-09-14 22:53:30.334,1854.780833333333
Pulse experiments,pioreactor01,2026-09-14T17:08:30.504Z,add_media,0.0776751765,UI,2026-09-14 22:53:30.504,1854.780833333333
Pulse experiments,pioreactor01,2026-09-14T17:08:30.835Z,remove_waste,0.0806626833,UI,2026-09-14 22:53:30.835,1854.780833333333
Pulse experiments,pioreactor01,2026-09-14T17:08:31.005Z,add_media,0.0776751765,UI,2026-09-14 22:53:31.005,1854.781111111111
Pulse experiments,pioreactor01,2026-09-14T17:08:31.336Z,remove_waste,0.0806626833,UI,2026-09-14 22:53:31.336,1854.781111111111
Pulse experiments,pioreactor01,2026-09-14T17:08:31.506Z,add_media,0.0776751765,UI,2026-09-14 22:53:31.506,1854.781111111111
Pulse experiments,pioreactor01,2026-09-14T17:08:31.836Z,remove_waste,0.0806626833,UI,2026-09-14 22:53:31.836,1854.781111111111
Pulse experiments,pioreactor01,2026-09-14T17:08:32.006Z,add_media,0.0776751765,UI,2026-09-14 22:53:32.006,1854.781388888889
Pulse experiments,pioreactor01,2026-09-14T17:08:32.337Z,remove_waste,0.0806626833,UI,2026-09-14 22:53:32.337,1854.781388888889
Pulse experiments,pioreactor01,2026-09-14T17:08:32.507Z,add_media,0.0776751765,UI,2026-09-14 22:53:32.507,1854.781388888889
Pulse experiments,pioreactor01,2026-09-14T17:08:32.838Z,remove_waste,0.0806626833,UI,2026-09-14 22:53:32.838,1854.781388888889
Pulse experiments,pioreactor01,2026-09-14T17:08:33.007Z,add_media,0.0776751765,UI,2026-09-14 22:53:33.007,1854.781666666667
Pulse experiments,pioreactor01,2026-09-14T17:08:33.339Z,remove_waste,0.0806626833,UI,2026-09-14 22:53:33.339,1854.781666666667
Pulse experiments,pioreactor01,2026-09-14T17:08:33.508Z,add_media,0.0776751765,UI,2026-09-14 22:53:33.508,1854.781666666667
Pulse experiments,pioreactor01,2026-09-14T17:08:33.840Z,remove_waste,0.0806626833,UI,2026-09-14 22:53:33.840,1854.781666666667
Pulse experiments,pioreactor01,2026-09-14T17:08:34.009Z,add_media,0.0776751765,UI,2026-09-14 22:53:34.009,1854.781944444444
Pulse experiments,pioreactor01,2026-09-14T17:08:34.341Z,remove_waste,0.0806626833,UI,2026-09-14 22:53:34.341,1854.781944444444
Pulse experiments,pioreactor01,2026-09-14T17:08:34.510Z,add_media,0.0776751765,UI,2026-09-14 22:53:34.510,1854.781944444444
Pulse experiments,pioreactor01,2026-09-14T17:08:34.841Z,remove_waste,0.0806626833,UI,2026-09-14 22:53:34.841,1854.781944444444
Pulse experiments,pioreactor01,2026-09-14T17:08:35.010Z,add_media,0.0776751765,UI,2026-09-14 22:53:35.010,1854.782222222222
Pulse experiments,pioreactor01,2026-09-14T17:08:35.342Z,remove_waste,0.0806626833,UI,2026-09-14 22:53:35.342,1854.782222222222
Pulse experiments,pioreactor01,2026-09-14T17:08:35.511Z,add_media,0.0776751765,UI,2026-09-14 22:53:35.511,1854.782222222222
Pulse experiments,pioreactor01,2026-09-14T17:08:35.843Z,remove_waste,0.0806626833,UI,2026-09-14 22:53:35.843,1854.782222222222
Pulse experiments,pioreactor01,2026-09-14T17:08:36.012Z,add_media,0.0776751765,UI,2026-09-14 22:53:36.012,1854.7825
Pulse experiments,pioreactor01,2026-09-14T17:08:36.344Z,remove_waste,0.0806626833,UI,2026-09-14 22:53:36.344,1854.7825
Pulse experiments,pioreactor01,2026-09-14T17:08:36.513Z,add_media,0.0776751765,UI,2026-09-14 22:53:36.513,1854.7825
Pulse experiments,pioreactor01,2026-09-14T17:08:36.844Z,remove_waste,0.0806626833,UI,2026-09-14 22:53:36.844,1854.7825
Pulse experiments,pioreactor01,2026-09-14T17:08:37.013Z,add_media,0.0776751765,UI,2026-09-14 22:53:37.013,1854.782777777778
Pulse experiments,pioreactor01,2026-09-14T17:08:37.345Z,remove_waste,0.0806626833,UI,2026-09-14 22:53:37.345,1854.782777777778
Pulse experiments,pioreactor01,2026-09-14T17:08:37.514Z,add_media,0.0776751765,UI,2026-09-14 22:53:37.514,1854.782777777778
Pulse experiments,pioreactor01,2026-09-14T17:08:37.845Z,remove_waste,0.0806626833,UI,2026-09-14 22:53:37.845,1854.782777777778
Pulse experiments,pioreactor01,2026-09-14T17:08:38.020Z,add_media,0.0776751765,UI,2026-09-14 22:53:38.020,1854.783055555556
Pulse experiments,pioreactor01,2026-09-14T17:08:38.347Z,remove_waste,0.0806626833,UI,2026-09-14 22:53:38.347,1854.783055555556
Pulse experiments,pioreactor01,2026-09-14T17:08:38.521Z,add_media,0.0776751765,UI,2026-09-14 22:53:38.521,1854.783055555556
Pulse experiments,pioreactor01,2026-09-14T17:08:38.847Z,remove_waste,0.0806626833,UI,2026-09-14 22:53:38.847,1854.783055555556
Pulse experiments,pioreactor01,2026-09-14T17:08:39.022Z,add_media,0.0776751765,UI,2026-09-14 22:53:39.022,1854.783333333333
Pulse experiments,pioreactor01,2026-09-14T17:08:39.348Z,remove_waste,0.0806626833,UI,2026-09-14 22:53:39.348,1854.783333333333
Pulse experiments,pioreactor01,2026-09-14T17:08:39.523Z,add_media,0.0776751765,UI,2026-09-14 22:53:39.523,1854.783333333333
Pulse experiments,pioreactor01,2026-09-14T17:08:39.849Z,remove_waste,0.0806626833,UI,2026-09-14 22:53:39.849,1854.783333333333
Pulse experiments,pioreactor01,2026-09-14T17:08:40.023Z,add_media,0.0776751765,UI,2026-09-14 22:53:40.023,1854.783611111111
Pulse experiments,pioreactor01,2026-09-14T17:08:40.350Z,remove_waste,0.0806626833,UI,2026-09-14 22:53:40.350,1854.783611111111
Pulse experiments,pioreactor01,2026-09-14T17:08:40.524Z,add_media,0.0776751765,UI,2026-09-14 22:53:40.524,1854.783611111111
Pulse experiments,pioreactor01,2026-09-14T17:08:40.850Z,remove_waste,0.0806626833,UI,2026-09-14 22:53:40.850,1854.783611111111
Pulse experiments,pioreactor01,2026-09-14T17:08:41.026Z,add_media,0.0776751765,UI,2026-09-14 22:53:41.026,1854.783888888889
Pulse experiments,pioreactor01,2026-09-14T17:08:41.354Z,remove_waste,0.0806626833,UI,2026-09-14 22:53:41.354,1854.783888888889
Pulse experiments,pioreactor01,2026-09-14T17:08:41.526Z,add_media,0.0776751765,UI,2026-09-14 22:53:41.526,1854.783888888889
Pulse experiments,pioreactor01,2026-09-14T17:08:41.854Z,remove_waste,0.0806626833,UI,2026-09-14 22:53:41.854,1854.783888888889
Pulse experiments,pioreactor01,2026-09-14T17:08:42.027Z,add_media,0.0776751765,UI,2026-09-14 22:53:42.027,1854.784166666667
Pulse experiments,pioreactor01,2026-09-14T17:08:42.355Z,remove_waste,0.0806626833,UI,2026-09-14 22:53:42.355,1854.784166666667
Pulse experiments,pioreactor01,2026-09-14T17:08:42.528Z,add_media,0.0776751765,UI,2026-09-14 22:53:42.528,1854.784166666667
Pulse experiments,pioreactor01,2026-09-14T17:08:42.856Z,remove_waste,0.0806626833,UI,2026-09-14 22:53:42.856,1854.784166666667
Pulse experiments,pioreactor01,2026-09-14T17:08:43.029Z,add_media,0.0776751765,UI,2026-09-14 22:53:43.029,1854.784444444444
Pulse experiments,pioreactor01,2026-09-14T17:08:43.357Z,remove_waste,0.0806626833,UI,2026-09-14 22:53:43.357,1854.784444444444
Pulse experiments,pioreactor01,2026-09-14T17:08:43.529Z,add_media,0.0776751765,UI,2026-09-14 22:53:43.529,1854.784444444444
Pulse experiments,pioreactor01,2026-09-14T17:08:43.857Z,remove_waste,0.0806626833,UI,2026-09-14 22:53:43.857,1854.784444444444
Pulse experiments,pioreactor01,2026-09-14T17:08:44.034Z,add_media,0.0776751765,UI,2026-09-14 22:53:44.034,1854.784722222222
Pulse experiments,pioreactor01,2026-09-14T17:08:44.358Z,remove_waste,0.0806626833,UI,2026-09-14 22:53:44.358,1854.784722222222
Pulse experiments,pioreactor01,2026-09-14T17:08:44.535Z,add_media,0.0776751765,UI,2026-09-14 22:53:44.535,1854.784722222222
Pulse experiments,pioreactor01,2026-09-14T17:08:44.859Z,remove_waste,0.0806626833,UI,2026-09-14 22:53:44.859,1854.784722222222
Pulse experiments,pioreactor01,2026-09-14T17:08:45.035Z,add_media,0.0776751765,UI,2026-09-14 22:53:45.035,1854.785
Pulse experiments,pioreactor01,2026-09-14T17:08:45.360Z,remove_waste,0.0806626833,UI,2026-09-14 22:53:45.360,1854.785
Pulse experiments,pioreactor01,2026-09-14T17:08:45.536Z,add_media,0.0776751765,UI,2026-09-14 22:53:45.536,1854.785
Pulse experiments,pioreactor01,2026-09-14T17:08:45.860Z,remove_waste,0.0806626833,UI,2026-09-14 22:53:45.860,1854.785
Pulse experiments,pioreactor01,2026-09-14T17:08:46.037Z,add_media,0.0776751765,UI,2026-09-14 22:53:46.037,1854.785277777778
Pulse experiments,pioreactor01,2026-09-14T17:08:46.361Z,remove_waste,0.0806626833,UI,2026-09-14 22:53:46.361,1854.785277777778
Pulse experiments,pioreactor01,2026-09-14T17:08:46.538Z,add_media,0.0776751765,UI,2026-09-14 22:53:46.538,1854.785277777778
Pulse experiments,pioreactor01,2026-09-14T17:08:46.862Z,remove_waste,0.0806626833,UI,2026-09-14 22:53:46.862,1854.785277777778
Pulse experiments,pioreactor01,2026-09-14T17:08:47.039Z,add_media,0.0776751765,UI,2026-09-14 22:53:47.039,1854.785555555555
Pulse experiments,pioreactor01,2026-09-14T17:08:47.363Z,remove_waste,0.0806626833,UI,2026-09-14 22:53:47.363,1854.785555555555
Pulse experiments,pioreactor01,2026-09-14T17:08:47.539Z,add_media,0.0776751765,UI,2026-09-14 22:53:47.539,1854.785555555555
Pulse experiments,pioreactor01,2026-09-14T17:08:47.864Z,remove_waste,0.0806626833,UI,2026-09-14 22:53:47.864,1854.785555555555
Pulse experiments,pioreactor01,2026-09-14T17:08:48.040Z,add_media,0.0776751765,UI,2026-09-14 22:53:48.040,1854.785833333333
Pulse experiments,pioreactor01,2026-09-14T17:08:48.365Z,remove_waste,0.0806626833,UI,2026-09-14 22:53:48.365,1854.785833333333
Pulse experiments,pioreactor01,2026-09-14T17:08:48.541Z,add_media,0.0776751765,UI,2026-09-14 22:53:48.541,1854.785833333333
Pulse experiments,pioreactor01,2026-09-14T17:08:48.865Z,remove_waste,0.0806626833,UI,2026-09-14 22:53:48.865,1854.785833333333
Pulse experiments,pioreactor01,2026-09-14T17:08:49.041Z,add_media,0.0776751765,UI,2026-09-14 22:53:49.041,1854.786111111111
Pulse experiments,pioreactor01,2026-09-14T17:08:49.366Z,remove_waste,0.0806626833,UI,2026-09-14 22:53:49.366,1854.786111111111
Pulse experiments,pioreactor01,2026-09-14T17:08:49.542Z,add_media,0.0776751765,UI,2026-09-14 22:53:49.542,1854.786111111111
Pulse experiments,pioreactor01,2026-09-14T17:08:49.867Z,remove_waste,0.0806626833,UI,2026-09-14 22:53:49.867,1854.786111111111
Pulse experiments,pioreactor01,2026-09-14T17:08:50.043Z,add_media,0.0776751765,UI,2026-09-14 22:53:50.043,1854.786388888889
Pulse experiments,pioreactor01,2026-09-14T17:08:50.367Z,remove_waste,0.0806626833,UI,2026-09-14 22:53:50.367,1854.786388888889
Pulse experiments,pioreactor01,2026-09-14T17:08:50.544Z,add_media,0.0776751765,UI,2026-09-14 22:53:50.544,1854.786388888889
Pulse experiments,pioreactor01,2026-09-14T17:08:50.868Z,remove_waste,0.0806626833,UI,2026-09-14 22:53:50.868,1854.786388888889
Pulse experiments,pioreactor01,2026-09-14T17:08:51.046Z,add_media,0.0776751765,UI,2026-09-14 22:53:51.046,1854.786666666667
Pulse experiments,pioreactor01,2026-09-14T17:08:51.369Z,remove_waste,0.0806626833,UI,2026-09-14 22:53:51.369,1854.786666666667
Pulse experiments,pioreactor01,2026-09-14T17:08:51.547Z,add_media,0.0776751765,UI,2026-09-14 22:53:51.547,1854.786666666667
Pulse experiments,pioreactor01,2026-09-14T17:08:51.870Z,remove_waste,0.0806626833,UI,2026-09-14 22:53:51.870,1854.786666666667
Pulse experiments,pioreactor01,2026-09-14T17:08:52.048Z,add_media,0.0776751765,UI,2026-09-14 22:53:52.048,1854.786944444445
Pulse experiments,pioreactor01,2026-09-14T17:08:52.372Z,remove_waste,0.0806626833,UI,2026-09-14 22:53:52.372,1854.786944444445
Pulse experiments,pioreactor01,2026-09-14T17:08:52.548Z,add_media,0.0776751765,UI,2026-09-14 22:53:52.548,1854.786944444445
Pulse experiments,pioreactor01,2026-09-14T17:08:52.873Z,remove_waste,0.0806626833,UI,2026-09-14 22:53:52.873,1854.786944444445
Pulse experiments,pioreactor01,2026-09-14T17:08:53.049Z,add_media,0.0776751765,UI,2026-09-14 22:53:53.049,1854.787222222222
Pulse experiments,pioreactor01,2026-09-14T17:08:53.373Z,remove_waste,0.0806626833,UI,2026-09-14 22:53:53.373,1854.787222222222
Pulse experiments,pioreactor01,2026-09-14T17:08:53.550Z,add_media,0.0776751765,UI,2026-09-14 22:53:53.550,1854.787222222222
Pulse experiments,pioreactor01,2026-09-14T17:08:53.874Z,remove_waste,0.0806626833,UI,2026-09-14 22:53:53.874,1854.787222222222
Pulse experiments,pioreactor01,2026-09-14T17:08:54.054Z,add_media,0.0776751765,UI,2026-09-14 22:53:54.054,1854.7875
Pulse experiments,pioreactor01,2026-09-14T17:08:54.375Z,remove_waste,0.0806626833,UI,2026-09-14 22:53:54.375,1854.7875
Pulse experiments,pioreactor01,2026-09-14T17:08:54.555Z,add_media,0.0776751765,UI,2026-09-14 22:53:54.555,1854.7875
Pulse experiments,pioreactor01,2026-09-14T17:08:54.875Z,remove_waste,0.0806626833,UI,2026-09-14 22:53:54.875,1854.7875
Pulse experiments,pioreactor01,2026-09-14T17:08:55.055Z,add_media,0.0776751765,UI,2026-09-14 22:53:55.055,1854.787777777778
Pulse experiments,pioreactor01,2026-09-14T17:08:55.376Z,remove_waste,0.0806626833,UI,2026-09-14 22:53:55.376,1854.787777777778
Pulse experiments,pioreactor01,2026-09-14T17:08:55.556Z,add_media,0.0776751765,UI,2026-09-14 22:53:55.556,1854.787777777778
Pulse experiments,pioreactor01,2026-09-14T17:08:55.877Z,remove_waste,0.0806626833,UI,2026-09-14 22:53:55.877,1854.787777777778
Pulse experiments,pioreactor01,2026-09-14T17:08:56.057Z,add_media,0.0776751765,UI,2026-09-14 22:53:56.057,1854.788055555556
Pulse experiments,pioreactor01,2026-09-14T17:08:56.377Z,remove_waste,0.0806626833,UI,2026-09-14 22:53:56.377,1854.788055555556
Pulse experiments,pioreactor01,2026-09-14T17:08:56.558Z,add_media,0.0776751765,UI,2026-09-14 22:53:56.558,1854.788055555556
Pulse experiments,pioreactor01,2026-09-14T17:08:56.878Z,remove_waste,0.0806626833,UI,2026-09-14 22:53:56.878,1854.788055555556
Pulse experiments,pioreactor01,2026-09-14T17:08:57.059Z,add_media,0.0776751765,UI,2026-09-14 22:53:57.059,1854.788333333333
Pulse experiments,pioreactor01,2026-09-14T17:08:57.379Z,remove_waste,0.0806626833,UI,2026-09-14 22:53:57.379,1854.788333333333
Pulse experiments,pioreactor01,2026-09-14T17:08:57.559Z,add_media,0.0776751765,UI,2026-09-14 22:53:57.559,1854.788333333333
Pulse experiments,pioreactor01,2026-09-14T17:08:57.879Z,remove_waste,0.0806626833,UI,2026-09-14 22:53:57.879,1854.788333333333
Pulse experiments,pioreactor01,2026-09-14T17:08:58.060Z,add_media,0.0776751765,UI,2026-09-14 22:53:58.060,1854.788611111111
Pulse experiments,pioreactor01,2026-09-14T17:08:58.380Z,remove_waste,0.0806626833,UI,2026-09-14 22:53:58.380,1854.788611111111
Pulse experiments,pioreactor01,2026-09-14T17:08:58.561Z,add_media,0.0776751765,UI,2026-09-14 22:53:58.561,1854.788611111111
Pulse experiments,pioreactor01,2026-09-14T17:08:58.881Z,remove_waste,0.0806626833,UI,2026-09-14 22:53:58.881,1854.788611111111
Pulse experiments,pioreactor01,2026-09-14T17:08:59.061Z,add_media,0.0776751765,UI,2026-09-14 22:53:59.061,1854.788888888889
Pulse experiments,pioreactor01,2026-09-14T17:08:59.382Z,remove_waste,0.0806626833,UI,2026-09-14 22:53:59.382,1854.788888888889
Pulse experiments,pioreactor01,2026-09-14T17:08:59.562Z,add_media,0.0776751765,UI,2026-09-14 22:53:59.562,1854.788888888889
Pulse experiments,pioreactor01,2026-09-14T17:08:59.883Z,remove_waste,0.0806626833,UI,2026-09-14 22:53:59.883,1854.788888888889
Pulse experiments,pioreactor01,2026-09-14T17:09:00.063Z,add_media,0.0776751765,UI,2026-09-14 22:54:00.063,1854.789166666667
Pulse experiments,pioreactor01,2026-09-14T17:09:00.383Z,remove_waste,0.0806626833,UI,2026-09-14 22:54:00.383,1854.789166666667
Pulse experiments,pioreactor01,2026-09-14T17:09:00.564Z,add_media,0.0776751765,UI,2026-09-14 22:54:00.564,1854.789166666667
Pulse experiments,pioreactor01,2026-09-14T17:09:00.884Z,remove_waste,0.0806626833,UI,2026-09-14 22:54:00.884,1854.789166666667
Pulse experiments,pioreactor01,2026-09-14T17:09:01.064Z,add_media,0.0776751765,UI,2026-09-14 22:54:01.064,1854.789444444444
Pulse experiments,pioreactor01,2026-09-14T17:09:01.385Z,remove_waste,0.0806626833,UI,2026-09-14 22:54:01.385,1854.789444444444
Pulse experiments,pioreactor01,2026-09-14T17:09:01.566Z,add_media,0.0776751765,UI,2026-09-14 22:54:01.566,1854.789444444444
Pulse experiments,pioreactor01,2026-09-14T17:09:01.887Z,remove_waste,0.0806626833,UI,2026-09-14 22:54:01.887,1854.789444444444
Pulse experiments,pioreactor01,2026-09-14T17:09:02.066Z,add_media,0.0776751765,UI,2026-09-14 22:54:02.066,1854.789722222222
Pulse experiments,pioreactor01,2026-09-14T17:09:02.388Z,remove_waste,0.0806626833,UI,2026-09-14 22:54:02.388,1854.789722222222
Pulse experiments,pioreactor01,2026-09-14T17:09:02.567Z,add_media,0.0776751765,UI,2026-09-14 22:54:02.567,1854.789722222222
Pulse experiments,pioreactor01,2026-09-14T17:09:02.888Z,remove_waste,0.0806626833,UI,2026-09-14 22:54:02.888,1854.789722222222
Pulse experiments,pioreactor01,2026-09-14T17:09:03.068Z,add_media,0.0776751765,UI,2026-09-14 22:54:03.068,1854.79
Pulse experiments,pioreactor01,2026-09-14T17:09:03.389Z,remove_waste,0.0806626833,UI,2026-09-14 22:54:03.389,1854.79
Pulse experiments,pioreactor01,2026-09-14T17:09:03.570Z,add_media,0.0776751765,UI,2026-09-14 22:54:03.570,1854.79
Pulse experiments,pioreactor01,2026-09-14T17:09:03.890Z,remove_waste,0.0806626833,UI,2026-09-14 22:54:03.890,1854.79
Pulse experiments,pioreactor01,2026-09-14T17:09:04.070Z,add_media,0.0776751765,UI,2026-09-14 22:54:04.070,1854.790277777778
Pulse experiments,pioreactor01,2026-09-14T17:09:04.390Z,remove_waste,0.0806626833,UI,2026-09-14 22:54:04.390,1854.790277777778
Pulse experiments,pioreactor01,2026-09-14T17:09:04.571Z,add_media,0.0776751765,UI,2026-09-14 22:54:04.571,1854.790277777778
Pulse experiments,pioreactor01,2026-09-14T17:09:04.891Z,remove_waste,0.0806626833,UI,2026-09-14 22:54:04.891,1854.790277777778
Pulse experiments,pioreactor01,2026-09-14T17:09:05.072Z,add_media,0.0776751765,UI,2026-09-14 22:54:05.072,1854.790555555556
Pulse experiments,pioreactor01,2026-09-14T17:09:05.392Z,remove_waste,0.0806626833,UI,2026-09-14 22:54:05.392,1854.790555555556
Pulse experiments,pioreactor01,2026-09-14T17:09:05.572Z,add_media,0.0776751765,UI,2026-09-14 22:54:05.572,1854.790555555556
Pulse experiments,pioreactor01,2026-09-14T17:09:05.893Z,remove_waste,0.0806626833,UI,2026-09-14 22:54:05.893,1854.790555555556
Pulse experiments,pioreactor01,2026-09-14T17:09:06.073Z,add_media,0.0776751765,UI,2026-09-14 22:54:06.073,1854.790833333333
Pulse experiments,pioreactor01,2026-09-14T17:09:06.393Z,remove_waste,0.0806626833,UI,2026-09-14 22:54:06.393,1854.790833333333
Pulse experiments,pioreactor01,2026-09-14T17:09:06.574Z,add_media,0.0776751765,UI,2026-09-14 22:54:06.574,1854.790833333333
Pulse experiments,pioreactor01,2026-09-14T17:09:06.894Z,remove_waste,0.0806626833,UI,2026-09-14 22:54:06.894,1854.790833333333
Pulse experiments,pioreactor01,2026-09-14T17:09:07.074Z,add_media,0.0776751765,UI,2026-09-14 22:54:07.074,1854.791111111111
Pulse experiments,pioreactor01,2026-09-14T17:09:07.395Z,remove_waste,0.0806626833,UI,2026-09-14 22:54:07.395,1854.791111111111
Pulse experiments,pioreactor01,2026-09-14T17:09:07.575Z,add_media,0.0776751765,UI,2026-09-14 22:54:07.575,1854.791111111111
Pulse experiments,pioreactor01,2026-09-14T17:09:07.896Z,remove_waste,0.0806626833,UI,2026-09-14 22:54:07.896,1854.791111111111
Pulse experiments,pioreactor01,2026-09-14T17:09:08.077Z,add_media,0.0776751765,UI,2026-09-14 22:54:08.077,1854.791388888889
Pulse experiments,pioreactor01,2026-09-14T17:09:08.396Z,remove_waste,0.0806626833,UI,2026-09-14 22:54:08.396,1854.791388888889
Pulse experiments,pioreactor01,2026-09-14T17:09:08.579Z,add_media,0.0776751765,UI,2026-09-14 22:54:08.579,1854.791388888889
Pulse experiments,pioreactor01,2026-09-14T17:09:08.899Z,remove_waste,0.0806626833,UI,2026-09-14 22:54:08.899,1854.791388888889
Pulse experiments,pioreactor01,2026-09-14T17:09:09.079Z,add_media,0.0776751765,UI,2026-09-14 22:54:09.079,1854.791666666667
Pulse experiments,pioreactor01,2026-09-14T17:09:09.400Z,remove_waste,0.0806626833,UI,2026-09-14 22:54:09.400,1854.791666666667
Pulse experiments,pioreactor01,2026-09-14T17:09:09.580Z,add_media,0.0776751765,UI,2026-09-14 22:54:09.580,1854.791666666667
Pulse experiments,pioreactor01,2026-09-14T17:09:09.900Z,remove_waste,0.0806626833,UI,2026-09-14 22:54:09.900,1854.791666666667
Pulse experiments,pioreactor01,2026-09-14T17:09:10.081Z,add_media,0.0776751765,UI,2026-09-14 22:54:10.081,1854.791944444444
Pulse experiments,pioreactor01,2026-09-14T17:09:10.401Z,remove_waste,0.0806626833,UI,2026-09-14 22:54:10.401,1854.791944444444
Pulse experiments,pioreactor01,2026-09-14T17:09:10.582Z,add_media,0.0776751765,UI,2026-09-14 22:54:10.582,1854.791944444444
Pulse experiments,pioreactor01,2026-09-14T17:09:10.902Z,remove_waste,0.0806626833,UI,2026-09-14 22:54:10.902,1854.791944444444
Pulse experiments,pioreactor01,2026-09-14T17:09:11.083Z,add_media,0.0776751765,UI,2026-09-14 22:54:11.083,1854.792222222222
Pulse experiments,pioreactor01,2026-09-14T17:09:11.403Z,remove_waste,0.0806626833,UI,2026-09-14 22:54:11.403,1854.792222222222
Pulse experiments,pioreactor01,2026-09-14T17:09:11.584Z,add_media,0.0776751765,UI,2026-09-14 22:54:11.584,1854.792222222222
Pulse experiments,pioreactor01,2026-09-14T17:09:11.904Z,remove_waste,0.0806626833,UI,2026-09-14 22:54:11.904,1854.792222222222
Pulse experiments,pioreactor01,2026-09-14T17:09:12.084Z,add_media,0.0776751765,UI,2026-09-14 22:54:12.084,1854.7925
Pulse experiments,pioreactor01,2026-09-14T17:09:12.405Z,remove_waste,0.0806626833,UI,2026-09-14 22:54:12.405,1854.7925
Pulse experiments,pioreactor01,2026-09-14T17:09:12.585Z,add_media,0.0776751765,UI,2026-09-14 22:54:12.585,1854.7925
Pulse experiments,pioreactor01,2026-09-14T17:09:12.905Z,remove_waste,0.0806626833,UI,2026-09-14 22:54:12.905,1854.7925
Pulse experiments,pioreactor01,2026-09-14T17:09:13.086Z,add_media,0.0776751765,UI,2026-09-14 22:54:13.086,1854.792777777778
Pulse experiments,pioreactor01,2026-09-14T17:09:13.406Z,remove_waste,0.0806626833,UI,2026-09-14 22:54:13.406,1854.792777777778
Pulse experiments,pioreactor01,2026-09-14T17:09:13.587Z,add_media,0.0776751765,UI,2026-09-14 22:54:13.587,1854.792777777778
Pulse experiments,pioreactor01,2026-09-14T17:09:13.908Z,remove_waste,0.0806626833,UI,2026-09-14 22:54:13.908,1854.792777777778
Pulse experiments,pioreactor01,2026-09-14T17:09:14.091Z,add_media,0.0776751765,UI,2026-09-14 22:54:14.091,1854.793055555556
Pulse experiments,pioreactor01,2026-09-14T17:09:14.409Z,remove_waste,0.0806626833,UI,2026-09-14 22:54:14.409,1854.793055555556
Pulse experiments,pioreactor01,2026-09-14T17:09:14.592Z,add_media,0.0776751765,UI,2026-09-14 22:54:14.592,1854.793055555556
Pulse experiments,pioreactor01,2026-09-14T17:09:14.910Z,remove_waste,0.0806626833,UI,2026-09-14 22:54:14.910,1854.793055555556
Pulse experiments,pioreactor01,2026-09-14T17:09:15.092Z,add_media,0.0776751765,UI,2026-09-14 22:54:15.092,1854.793333333333
Pulse experiments,pioreactor01,2026-09-14T17:09:15.411Z,remove_waste,0.0806626833,UI,2026-09-14 22:54:15.411,1854.793333333333
Pulse experiments,pioreactor01,2026-09-14T17:09:15.593Z,add_media,0.0776751765,UI,2026-09-14 22:54:15.593,1854.793333333333
Pulse experiments,pioreactor01,2026-09-14T17:09:15.911Z,remove_waste,0.0806626833,UI,2026-09-14 22:54:15.911,1854.793333333333
Pulse experiments,pioreactor01,2026-09-14T17:09:16.095Z,add_media,0.0776751765,UI,2026-09-14 22:54:16.095,1854.793611111111
Pulse experiments,pioreactor01,2026-09-14T17:09:16.412Z,remove_waste,0.0806626833,UI,2026-09-14 22:54:16.412,1854.793611111111
Pulse experiments,pioreactor01,2026-09-14T17:09:16.596Z,add_media,0.0776751765,UI,2026-09-14 22:54:16.596,1854.793611111111
Pulse experiments,pioreactor01,2026-09-14T17:09:16.913Z,remove_waste,0.0806626833,UI,2026-09-14 22:54:16.913,1854.793611111111
Pulse experiments,pioreactor01,2026-09-14T17:09:17.096Z,add_media,0.0776751765,UI,2026-09-14 22:54:17.096,1854.793888888889
Pulse experiments,pioreactor01,2026-09-14T17:09:17.413Z,remove_waste,0.0806626833,UI,2026-09-14 22:54:17.413,1854.793888888889
Pulse experiments,pioreactor01,2026-09-14T17:09:17.597Z,add_media,0.0776751765,UI,2026-09-14 22:54:17.597,1854.793888888889
Pulse experiments,pioreactor01,2026-09-14T17:09:17.914Z,remove_waste,0.0806626833,UI,2026-09-14 22:54:17.914,1854.793888888889
Pulse experiments,pioreactor01,2026-09-14T17:09:18.098Z,add_media,0.0776751765,UI,2026-09-14 22:54:18.098,1854.794166666667
Pulse experiments,pioreactor01,2026-09-14T17:09:18.415Z,remove_waste,0.0806626833,UI,2026-09-14 22:54:18.415,1854.794166666667
Pulse experiments,pioreactor01,2026-09-14T17:09:18.598Z,add_media,0.0776751765,UI,2026-09-14 22:54:18.598,1854.794166666667
Pulse experiments,pioreactor01,2026-09-14T17:09:18.916Z,remove_waste,0.0806626833,UI,2026-09-14 22:54:18.916,1854.794166666667
Pulse experiments,pioreactor01,2026-09-14T17:09:19.099Z,add_media,0.0776751765,UI,2026-09-14 22:54:19.099,1854.794444444444
Pulse experiments,pioreactor01,2026-09-14T17:09:19.417Z,remove_waste,0.0806626833,UI,2026-09-14 22:54:19.417,1854.794444444444
Pulse experiments,pioreactor01,2026-09-14T17:09:19.600Z,add_media,0.0776751765,UI,2026-09-14 22:54:19.600,1854.794444444444
Pulse experiments,pioreactor01,2026-09-14T17:09:19.917Z,remove_waste,0.0806626833,UI,2026-09-14 22:54:19.917,1854.794444444444
Pulse experiments,pioreactor01,2026-09-14T17:09:20.100Z,add_media,0.0776751765,UI,2026-09-14 22:54:20.100,1854.794722222222
Pulse experiments,pioreactor01,2026-09-14T17:09:20.418Z,remove_waste,0.0806626833,UI,2026-09-14 22:54:20.418,1854.794722222222
Pulse experiments,pioreactor01,2026-09-14T17:09:20.601Z,add_media,0.0776751765,UI,2026-09-14 22:54:20.601,1854.794722222222
Pulse experiments,pioreactor01,2026-09-14T17:09:20.919Z,remove_waste,0.0806626833,UI,2026-09-14 22:54:20.919,1854.794722222222
Pulse experiments,pioreactor01,2026-09-14T17:09:21.102Z,add_media,0.0776751765,UI,2026-09-14 22:54:21.102,1854.795
Pulse experiments,pioreactor01,2026-09-14T17:09:21.420Z,remove_waste,0.0806626833,UI,2026-09-14 22:54:21.420,1854.795
Pulse experiments,pioreactor01,2026-09-14T17:09:21.602Z,add_media,0.0776751765,UI,2026-09-14 22:54:21.602,1854.795
Pulse experiments,pioreactor01,2026-09-14T17:09:21.920Z,remove_waste,0.0806626833,UI,2026-09-14 22:54:21.920,1854.795
Pulse experiments,pioreactor01,2026-09-14T17:09:22.104Z,add_media,0.0776751765,UI,2026-09-14 22:54:22.104,1854.795277777778
Pulse experiments,pioreactor01,2026-09-14T17:09:22.421Z,remove_waste,0.0806626833,UI,2026-09-14 22:54:22.421,1854.795277777778
Pulse experiments,pioreactor01,2026-09-14T17:09:22.605Z,add_media,0.0776751765,UI,2026-09-14 22:54:22.605,1854.795277777778
Pulse experiments,pioreactor01,2026-09-14T17:09:22.922Z,remove_waste,0.0806626833,UI,2026-09-14 22:54:22.922,1854.795277777778
Pulse experiments,pioreactor01,2026-09-14T17:09:23.106Z,add_media,0.0776751765,UI,2026-09-14 22:54:23.106,1854.795555555556
Pulse experiments,pioreactor01,2026-09-14T17:09:23.423Z,remove_waste,0.0806626833,UI,2026-09-14 22:54:23.423,1854.795555555556
Pulse experiments,pioreactor01,2026-09-14T17:09:23.606Z,add_media,0.0776751765,UI,2026-09-14 22:54:23.606,1854.795555555556
Pulse experiments,pioreactor01,2026-09-14T17:09:23.923Z,remove_waste,0.0806626833,UI,2026-09-14 22:54:23.923,1854.795555555556
Pulse experiments,pioreactor01,2026-09-14T17:09:24.107Z,add_media,0.0776751765,UI,2026-09-14 22:54:24.107,1854.795833333333
Pulse experiments,pioreactor01,2026-09-14T17:09:24.424Z,remove_waste,0.0806626833,UI,2026-09-14 22:54:24.424,1854.795833333333
Pulse experiments,pioreactor01,2026-09-14T17:09:24.608Z,add_media,0.0776751765,UI,2026-09-14 22:54:24.608,1854.795833333333
Pulse experiments,pioreactor01,2026-09-14T17:09:24.925Z,remove_waste,0.0806626833,UI,2026-09-14 22:54:24.925,1854.795833333333
Pulse experiments,pioreactor01,2026-09-14T17:09:25.108Z,add_media,0.0776751765,UI,2026-09-14 22:54:25.108,1854.796111111111
Pulse experiments,pioreactor01,2026-09-14T17:09:25.427Z,remove_waste,0.0806626833,UI,2026-09-14 22:54:25.427,1854.796111111111
Pulse experiments,pioreactor01,2026-09-14T17:09:25.609Z,add_media,0.0776751765,UI,2026-09-14 22:54:25.609,1854.796111111111
Pulse experiments,pioreactor01,2026-09-14T17:09:25.927Z,remove_waste,0.0806626833,UI,2026-09-14 22:54:25.927,1854.796111111111
Pulse experiments,pioreactor01,2026-09-14T17:09:26.110Z,add_media,0.0776751765,UI,2026-09-14 22:54:26.110,1854.796388888889
Pulse experiments,pioreactor01,2026-09-14T17:09:26.428Z,remove_waste,0.0806626833,UI,2026-09-14 22:54:26.428,1854.796388888889
Pulse experiments,pioreactor01,2026-09-14T17:09:26.611Z,add_media,0.0776751765,UI,2026-09-14 22:54:26.611,1854.796388888889
Pulse experiments,pioreactor01,2026-09-14T17:09:26.934Z,remove_waste,0.0806626833,UI,2026-09-14 22:54:26.934,1854.796388888889
Pulse experiments,pioreactor01,2026-09-14T17:09:27.112Z,add_media,0.0776751765,UI,2026-09-14 22:54:27.112,1854.796666666667
Pulse experiments,pioreactor01,2026-09-14T17:09:27.435Z,remove_waste,0.0806626833,UI,2026-09-14 22:54:27.435,1854.796666666667
Pulse experiments,pioreactor01,2026-09-14T17:09:27.612Z,add_media,0.0776751765,UI,2026-09-14 22:54:27.612,1854.796666666667
Pulse experiments,pioreactor01,2026-09-14T17:09:27.935Z,remove_waste,0.0806626833,UI,2026-09-14 22:54:27.935,1854.796666666667
Pulse experiments,pioreactor01,2026-09-14T17:09:28.113Z,add_media,0.0776751765,UI,2026-09-14 22:54:28.113,1854.796944444445
Pulse experiments,pioreactor01,2026-09-14T17:09:28.436Z,remove_waste,0.0806626833,UI,2026-09-14 22:54:28.436,1854.796944444445
Pulse experiments,pioreactor01,2026-09-14T17:09:28.615Z,add_media,0.0776751765,UI,2026-09-14 22:54:28.615,1854.796944444445
Pulse experiments,pioreactor01,2026-09-14T17:09:28.937Z,remove_waste,0.0806626833,UI,2026-09-14 22:54:28.937,1854.796944444445
Pulse experiments,pioreactor01,2026-09-14T17:09:29.115Z,add_media,0.0776751765,UI,2026-09-14 22:54:29.115,1854.797222222222
Pulse experiments,pioreactor01,2026-09-14T17:09:29.437Z,remove_waste,0.0806626833,UI,2026-09-14 22:54:29.437,1854.797222222222
Pulse experiments,pioreactor01,2026-09-14T17:09:29.616Z,add_media,0.0776751765,UI,2026-09-14 22:54:29.616,1854.797222222222
Pulse experiments,pioreactor01,2026-09-14T17:09:29.938Z,remove_waste,0.0806626833,UI,2026-09-14 22:54:29.938,1854.797222222222
Pulse experiments,pioreactor01,2026-09-14T17:09:30.117Z,add_media,0.0776751765,UI,2026-09-14 22:54:30.117,1854.7975
Pulse experiments,pioreactor01,2026-09-14T17:09:30.439Z,remove_waste,0.0806626833,UI,2026-09-14 22:54:30.439,1854.7975
Pulse experiments,pioreactor01,2026-09-14T17:09:30.618Z,add_media,0.0776751765,UI,2026-09-14 22:54:30.618,1854.7975
Pulse experiments,pioreactor01,2026-09-14T17:09:30.939Z,remove_waste,0.0806626833,UI,2026-09-14 22:54:30.939,1854.7975
Pulse experiments,pioreactor01,2026-09-14T17:09:31.119Z,add_media,0.0776751765,UI,2026-09-14 22:54:31.119,1854.797777777778
Pulse experiments,pioreactor01,2026-09-14T17:09:31.441Z,remove_waste,0.0806626833,UI,2026-09-14 22:54:31.441,1854.797777777778
Pulse experiments,pioreactor01,2026-09-14T17:09:31.619Z,add_media,0.0776751765,UI,2026-09-14 22:54:31.619,1854.797777777778
Pulse experiments,pioreactor01,2026-09-14T17:09:31.942Z,remove_waste,0.0806626833,UI,2026-09-14 22:54:31.942,1854.797777777778
Pulse experiments,pioreactor01,2026-09-14T17:09:32.120Z,add_media,0.0776751765,UI,2026-09-14 22:54:32.120,1854.798055555555
Pulse experiments,pioreactor01,2026-09-14T17:09:32.442Z,remove_waste,0.0806626833,UI,2026-09-14 22:54:32.442,1854.798055555555
Pulse experiments,pioreactor01,2026-09-14T17:09:32.621Z,add_media,0.0776751765,UI,2026-09-14 22:54:32.621,1854.798055555555
Pulse experiments,pioreactor01,2026-09-14T17:09:32.943Z,remove_waste,0.0806626833,UI,2026-09-14 22:54:32.943,1854.798055555555
Pulse experiments,pioreactor01,2026-09-14T17:09:33.122Z,add_media,0.0776751765,UI,2026-09-14 22:54:33.122,1854.798333333333
Pulse experiments,pioreactor01,2026-09-14T17:09:33.444Z,remove_waste,0.0806626833,UI,2026-09-14 22:54:33.444,1854.798333333333
Pulse experiments,pioreactor01,2026-09-14T17:09:33.622Z,add_media,0.0776751765,UI,2026-09-14 22:54:33.622,1854.798333333333
Pulse experiments,pioreactor01,2026-09-14T17:09:33.945Z,remove_waste,0.0806626833,UI,2026-09-14 22:54:33.945,1854.798333333333
Pulse experiments,pioreactor01,2026-09-14T17:09:34.123Z,add_media,0.0776751765,UI,2026-09-14 22:54:34.123,1854.798611111111
Pulse experiments,pioreactor01,2026-09-14T17:09:34.445Z,remove_waste,0.0806626833,UI,2026-09-14 22:54:34.445,1854.798611111111
Pulse experiments,pioreactor01,2026-09-14T17:09:34.624Z,add_media,0.0776751765,UI,2026-09-14 22:54:34.624,1854.798611111111
Pulse experiments,pioreactor01,2026-09-14T17:09:34.946Z,remove_waste,0.0806626833,UI,2026-09-14 22:54:34.946,1854.798611111111
Pulse experiments,pioreactor01,2026-09-14T17:09:35.125Z,add_media,0.0776751765,UI,2026-09-14 22:54:35.125,1854.798888888889
Pulse experiments,pioreactor01,2026-09-14T17:09:35.447Z,remove_waste,0.0806626833,UI,2026-09-14 22:54:35.447,1854.798888888889
Pulse experiments,pioreactor01,2026-09-14T17:09:35.625Z,add_media,0.0776751765,UI,2026-09-14 22:54:35.625,1854.798888888889
Pulse experiments,pioreactor01,2026-09-14T17:09:35.947Z,remove_waste,0.0806626833,UI,2026-09-14 22:54:35.947,1854.798888888889
Pulse experiments,pioreactor01,2026-09-14T17:09:36.126Z,add_media,0.0776751765,UI,2026-09-14 22:54:36.126,1854.799166666667
Pulse experiments,pioreactor01,2026-09-14T17:09:36.448Z,remove_waste,0.0806626833,UI,2026-09-14 22:54:36.448,1854.799166666667
Pulse experiments,pioreactor01,2026-09-14T17:09:36.627Z,add_media,0.0776751765,UI,2026-09-14 22:54:36.627,1854.799166666667
Pulse experiments,pioreactor01,2026-09-14T17:09:36.949Z,remove_waste,0.0806626833,UI,2026-09-14 22:54:36.949,1854.799166666667
Pulse experiments,pioreactor01,2026-09-14T17:09:37.128Z,add_media,0.0776751765,UI,2026-09-14 22:54:37.128,1854.799444444444
Pulse experiments,pioreactor01,2026-09-14T17:09:37.449Z,remove_waste,0.0806626833,UI,2026-09-14 22:54:37.449,1854.799444444444
Pulse experiments,pioreactor01,2026-09-14T17:09:37.629Z,add_media,0.0776751765,UI,2026-09-14 22:54:37.629,1854.799444444444
Pulse experiments,pioreactor01,2026-09-14T17:09:37.950Z,remove_waste,0.0806626833,UI,2026-09-14 22:54:37.950,1854.799444444444
Pulse experiments,pioreactor01,2026-09-14T17:09:38.130Z,add_media,0.0776751765,UI,2026-09-14 22:54:38.130,1854.799722222222
Pulse experiments,pioreactor01,2026-09-14T17:09:38.451Z,remove_waste,0.0806626833,UI,2026-09-14 22:54:38.451,1854.799722222222
Pulse experiments,pioreactor01,2026-09-14T17:09:38.631Z,add_media,0.0776751765,UI,2026-09-14 22:54:38.631,1854.799722222222
Pulse experiments,pioreactor01,2026-09-14T17:09:38.951Z,remove_waste,0.0806626833,UI,2026-09-14 22:54:38.951,1854.799722222222
Pulse experiments,pioreactor01,2026-09-14T17:09:39.132Z,add_media,0.0776751765,UI,2026-09-14 22:54:39.132,1854.8
Pulse experiments,pioreactor01,2026-09-14T17:09:39.452Z,remove_waste,0.0806626833,UI,2026-09-14 22:54:39.452,1854.8
Pulse experiments,pioreactor01,2026-09-14T17:09:39.632Z,add_media,0.0776751765,UI,2026-09-14 22:54:39.632,1854.8
Pulse experiments,pioreactor01,2026-09-14T17:09:39.953Z,remove_waste,0.0806626833,UI,2026-09-14 22:54:39.953,1854.8
Pulse experiments,pioreactor01,2026-09-14T17:09:40.133Z,add_media,0.0776751765,UI,2026-09-14 22:54:40.133,1854.800277777778
Pulse experiments,pioreactor01,2026-09-14T17:09:40.453Z,remove_waste,0.0806626833,UI,2026-09-14 22:54:40.453,1854.800277777778
Pulse experiments,pioreactor01,2026-09-14T17:09:40.634Z,add_media,0.0776751765,UI,2026-09-14 22:54:40.634,1854.800277777778
Pulse experiments,pioreactor01,2026-09-14T17:09:40.954Z,remove_waste,0.0806626833,UI,2026-09-14 22:54:40.954,1854.800277777778
Pulse experiments,pioreactor01,2026-09-14T17:09:41.135Z,add_media,0.0776751765,UI,2026-09-14 22:54:41.135,1854.800555555556
Pulse experiments,pioreactor01,2026-09-14T17:09:41.455Z,remove_waste,0.0806626833,UI,2026-09-14 22:54:41.455,1854.800555555556
Pulse experiments,pioreactor01,2026-09-14T17:09:41.635Z,add_media,0.0776751765,UI,2026-09-14 22:54:41.635,1854.800555555556
Pulse experiments,pioreactor01,2026-09-14T17:09:41.955Z,remove_waste,0.0806626833,UI,2026-09-14 22:54:41.955,1854.800555555556
Pulse experiments,pioreactor01,2026-09-14T17:09:42.136Z,add_media,0.0776751765,UI,2026-09-14 22:54:42.136,1854.800833333333
Pulse experiments,pioreactor01,2026-09-14T17:09:42.456Z,remove_waste,0.0806626833,UI,2026-09-14 22:54:42.456,1854.800833333333
Pulse experiments,pioreactor01,2026-09-14T17:09:42.637Z,add_media,0.0776751765,UI,2026-09-14 22:54:42.637,1854.800833333333
Pulse experiments,pioreactor01,2026-09-14T17:09:42.957Z,remove_waste,0.0806626833,UI,2026-09-14 22:54:42.957,1854.800833333333
Pulse experiments,pioreactor01,2026-09-14T17:09:43.138Z,add_media,0.0776751765,UI,2026-09-14 22:54:43.138,1854.801111111111
Pulse experiments,pioreactor01,2026-09-14T17:09:43.457Z,remove_waste,0.0806626833,UI,2026-09-14 22:54:43.457,1854.801111111111
Pulse experiments,pioreactor01,2026-09-14T17:09:43.639Z,add_media,0.0776751765,UI,2026-09-14 22:54:43.639,1854.801111111111
Pulse experiments,pioreactor01,2026-09-14T17:09:43.958Z,remove_waste,0.0806626833,UI,2026-09-14 22:54:43.958,1854.801111111111
Pulse experiments,pioreactor01,2026-09-14T17:09:44.140Z,add_media,0.0776751765,UI,2026-09-14 22:54:44.140,1854.801388888889
Pulse experiments,pioreactor01,2026-09-14T17:09:44.459Z,remove_waste,0.0806626833,UI,2026-09-14 22:54:44.459,1854.801388888889
Pulse experiments,pioreactor01,2026-09-14T17:09:44.641Z,add_media,0.0776751765,UI,2026-09-14 22:54:44.641,1854.801388888889
Pulse experiments,pioreactor01,2026-09-14T17:09:44.959Z,remove_waste,0.0806626833,UI,2026-09-14 22:54:44.959,1854.801388888889
Pulse experiments,pioreactor01,2026-09-14T17:09:45.142Z,add_media,0.0776751765,UI,2026-09-14 22:54:45.142,1854.801666666667
Pulse experiments,pioreactor01,2026-09-14T17:09:45.460Z,remove_waste,0.0806626833,UI,2026-09-14 22:54:45.460,1854.801666666667
Pulse experiments,pioreactor01,2026-09-14T17:09:45.643Z,add_media,0.0776751765,UI,2026-09-14 22:54:45.643,1854.801666666667
Pulse experiments,pioreactor01,2026-09-14T17:09:45.961Z,remove_waste,0.0806626833,UI,2026-09-14 22:54:45.961,1854.801666666667
Pulse experiments,pioreactor01,2026-09-14T17:09:46.143Z,add_media,0.0776751765,UI,2026-09-14 22:54:46.143,1854.801944444444
Pulse experiments,pioreactor01,2026-09-14T17:09:46.461Z,remove_waste,0.0806626833,UI,2026-09-14 22:54:46.461,1854.801944444444
Pulse experiments,pioreactor01,2026-09-14T17:09:46.644Z,add_media,0.0776751765,UI,2026-09-14 22:54:46.644,1854.801944444444
Pulse experiments,pioreactor01,2026-09-14T17:09:46.962Z,remove_waste,0.0806626833,UI,2026-09-14 22:54:46.962,1854.801944444444
Pulse experiments,pioreactor01,2026-09-14T17:09:47.146Z,add_media,0.0776751765,UI,2026-09-14 22:54:47.146,1854.802222222222
Pulse experiments,pioreactor01,2026-09-14T17:09:47.463Z,remove_waste,0.0806626833,UI,2026-09-14 22:54:47.463,1854.802222222222
Pulse experiments,pioreactor01,2026-09-14T17:09:47.647Z,add_media,0.0776751765,UI,2026-09-14 22:54:47.647,1854.802222222222
Pulse experiments,pioreactor01,2026-09-14T17:09:47.964Z,remove_waste,0.0806626833,UI,2026-09-14 22:54:47.964,1854.802222222222
Pulse experiments,pioreactor01,2026-09-14T17:09:48.148Z,add_media,0.0776751765,UI,2026-09-14 22:54:48.148,1854.8025
Pulse experiments,pioreactor01,2026-09-14T17:09:48.464Z,remove_waste,0.0806626833,UI,2026-09-14 22:54:48.464,1854.8025
Pulse experiments,pioreactor01,2026-09-14T17:09:48.649Z,add_media,0.0776751765,UI,2026-09-14 22:54:48.649,1854.8025
Pulse experiments,pioreactor01,2026-09-14T17:09:48.965Z,remove_waste,0.0806626833,UI,2026-09-14 22:54:48.965,1854.8025
Pulse experiments,pioreactor01,2026-09-14T17:09:49.150Z,add_media,0.0776751765,UI,2026-09-14 22:54:49.150,1854.802777777778
Pulse experiments,pioreactor01,2026-09-14T17:09:49.466Z,remove_waste,0.0806626833,UI,2026-09-14 22:54:49.466,1854.802777777778
Pulse experiments,pioreactor01,2026-09-14T17:09:49.651Z,add_media,0.0776751765,UI,2026-09-14 22:54:49.651,1854.802777777778
Pulse experiments,pioreactor01,2026-09-14T17:09:49.966Z,remove_waste,0.0806626833,UI,2026-09-14 22:54:49.966,1854.802777777778
Pulse experiments,pioreactor01,2026-09-14T17:09:50.152Z,add_media,0.0776751765,UI,2026-09-14 22:54:50.152,1854.803055555556
Pulse experiments,pioreactor01,2026-09-14T17:09:50.467Z,remove_waste,0.0806626833,UI,2026-09-14 22:54:50.467,1854.803055555556
Pulse experiments,pioreactor01,2026-09-14T17:09:50.652Z,add_media,0.0776751765,UI,2026-09-14 22:54:50.652,1854.803055555556
Pulse experiments,pioreactor01,2026-09-14T17:09:50.967Z,remove_waste,0.0806626833,UI,2026-09-14 22:54:50.967,1854.803055555556
Pulse experiments,pioreactor01,2026-09-14T17:09:51.153Z,add_media,0.0776751765,UI,2026-09-14 22:54:51.153,1854.803333333333
Pulse experiments,pioreactor01,2026-09-14T17:09:51.468Z,remove_waste,0.0806626833,UI,2026-09-14 22:54:51.468,1854.803333333333
Pulse experiments,pioreactor01,2026-09-14T17:09:51.654Z,add_media,0.0776751765,UI,2026-09-14 22:54:51.654,1854.803333333333
Pulse experiments,pioreactor01,2026-09-14T17:09:51.969Z,remove_waste,0.0806626833,UI,2026-09-14 22:54:51.969,1854.803333333333
Pulse experiments,pioreactor01,2026-09-14T17:09:52.155Z,add_media,0.0776751765,UI,2026-09-14 22:54:52.155,1854.803611111111
Pulse experiments,pioreactor01,2026-09-14T17:09:52.469Z,remove_waste,0.0806626833,UI,2026-09-14 22:54:52.469,1854.803611111111
Pulse experiments,pioreactor01,2026-09-14T17:09:52.655Z,add_media,0.0776751765,UI,2026-09-14 22:54:52.655,1854.803611111111
Pulse experiments,pioreactor01,2026-09-14T17:09:52.970Z,remove_waste,0.0806626833,UI,2026-09-14 22:54:52.970,1854.803611111111
Pulse experiments,pioreactor01,2026-09-14T17:09:53.156Z,add_media,0.0776751765,UI,2026-09-14 22:54:53.156,1854.803888888889
Pulse experiments,pioreactor01,2026-09-14T17:09:53.471Z,remove_waste,0.0806626833,UI,2026-09-14 22:54:53.471,1854.803888888889
Pulse experiments,pioreactor01,2026-09-14T17:09:53.657Z,add_media,0.0776751765,UI,2026-09-14 22:54:53.657,1854.803888888889
Pulse experiments,pioreactor01,2026-09-14T17:09:53.971Z,remove_waste,0.0806626833,UI,2026-09-14 22:54:53.971,1854.803888888889
Pulse experiments,pioreactor01,2026-09-14T17:09:54.158Z,add_media,0.0776751765,UI,2026-09-14 22:54:54.158,1854.804166666667
Pulse experiments,pioreactor01,2026-09-14T17:09:54.472Z,remove_waste,0.0806626833,UI,2026-09-14 22:54:54.472,1854.804166666667
Pulse experiments,pioreactor01,2026-09-14T17:09:54.659Z,add_media,0.0776751765,UI,2026-09-14 22:54:54.659,1854.804166666667
Pulse experiments,pioreactor01,2026-09-14T17:09:54.973Z,remove_waste,0.0806626833,UI,2026-09-14 22:54:54.973,1854.804166666667
Pulse experiments,pioreactor01,2026-09-14T17:09:55.159Z,add_media,0.0776751765,UI,2026-09-14 22:54:55.159,1854.804444444444
Pulse experiments,pioreactor01,2026-09-14T17:09:55.473Z,remove_waste,0.0806626833,UI,2026-09-14 22:54:55.473,1854.804444444444
Pulse experiments,pioreactor01,2026-09-14T17:09:55.660Z,add_media,0.0776751765,UI,2026-09-14 22:54:55.660,1854.804444444444
Pulse experiments,pioreactor01,2026-09-14T17:09:55.974Z,remove_waste,0.0806626833,UI,2026-09-14 22:54:55.974,1854.804444444444
Pulse experiments,pioreactor01,2026-09-14T17:09:56.161Z,add_media,0.0776751765,UI,2026-09-14 22:54:56.161,1854.804722222222
Pulse experiments,pioreactor01,2026-09-14T17:09:56.475Z,remove_waste,0.0806626833,UI,2026-09-14 22:54:56.475,1854.804722222222
Pulse experiments,pioreactor01,2026-09-14T17:09:56.662Z,add_media,0.0776751765,UI,2026-09-14 22:54:56.662,1854.804722222222
Pulse experiments,pioreactor01,2026-09-14T17:09:56.975Z,remove_waste,0.0806626833,UI,2026-09-14 22:54:56.975,1854.804722222222
Pulse experiments,pioreactor01,2026-09-14T17:09:57.162Z,add_media,0.0776751765,UI,2026-09-14 22:54:57.162,1854.805
Pulse experiments,pioreactor01,2026-09-14T17:09:57.476Z,remove_waste,0.0806626833,UI,2026-09-14 22:54:57.476,1854.805
Pulse experiments,pioreactor01,2026-09-14T17:09:57.663Z,add_media,0.0776751765,UI,2026-09-14 22:54:57.663,1854.805
Pulse experiments,pioreactor01,2026-09-14T17:09:57.977Z,remove_waste,0.0806626833,UI,2026-09-14 22:54:57.977,1854.805
Pulse experiments,pioreactor01,2026-09-14T17:09:58.164Z,add_media,0.0776751765,UI,2026-09-14 22:54:58.164,1854.805277777778
Pulse experiments,pioreactor01,2026-09-14T17:09:58.478Z,remove_waste,0.0806626833,UI,2026-09-14 22:54:58.478,1854.805277777778
Pulse experiments,pioreactor01,2026-09-14T17:09:58.665Z,add_media,0.0776751765,UI,2026-09-14 22:54:58.665,1854.805277777778
Pulse experiments,pioreactor01,2026-09-14T17:09:58.979Z,remove_waste,0.0806626833,UI,2026-09-14 22:54:58.979,1854.805277777778
Pulse experiments,pioreactor01,2026-09-14T17:09:59.165Z,add_media,0.0776751765,UI,2026-09-14 22:54:59.165,1854.805555555556
Pulse experiments,pioreactor01,2026-09-14T17:09:59.480Z,remove_waste,0.0806626833,UI,2026-09-14 22:54:59.480,1854.805555555556
Pulse experiments,pioreactor01,2026-09-14T17:09:59.666Z,add_media,0.0776751765,UI,2026-09-14 22:54:59.666,1854.805555555556
Pulse experiments,pioreactor01,2026-09-14T17:09:59.981Z,remove_waste,0.0806626833,UI,2026-09-14 22:54:59.981,1854.805555555556
Pulse experiments,pioreactor01,2026-09-14T17:10:00.167Z,add_media,0.0776751765,UI,2026-09-14 22:55:00.167,1854.805833333333
Pulse experiments,pioreactor01,2026-09-14T17:10:00.482Z,remove_waste,0.0806626833,UI,2026-09-14 22:55:00.482,1854.805833333333
Pulse experiments,pioreactor01,2026-09-14T17:10:00.668Z,add_media,0.0776751765,UI,2026-09-14 22:55:00.668,1854.805833333333
Pulse experiments,pioreactor01,2026-09-14T17:10:00.982Z,remove_waste,0.0806626833,UI,2026-09-14 22:55:00.982,1854.805833333333
Pulse experiments,pioreactor01,2026-09-14T17:10:01.168Z,add_media,0.0776751765,UI,2026-09-14 22:55:01.168,1854.806111111111
Pulse experiments,pioreactor01,2026-09-14T17:10:01.483Z,remove_waste,0.0806626833,UI,2026-09-14 22:55:01.483,1854.806111111111
Pulse experiments,pioreactor01,2026-09-14T17:10:01.671Z,add_media,0.0776751765,UI,2026-09-14 22:55:01.671,1854.806111111111
Pulse experiments,pioreactor01,2026-09-14T17:10:01.984Z,remove_waste,0.0806626833,UI,2026-09-14 22:55:01.984,1854.806111111111
Pulse experiments,pioreactor01,2026-09-14T17:10:02.171Z,add_media,0.0776751765,UI,2026-09-14 22:55:02.171,1854.806388888889
Pulse experiments,pioreactor01,2026-09-14T17:10:02.485Z,remove_waste,0.0806626833,UI,2026-09-14 22:55:02.485,1854.806388888889
Pulse experiments,pioreactor01,2026-09-14T17:10:02.672Z,add_media,0.0776751765,UI,2026-09-14 22:55:02.672,1854.806388888889
Pulse experiments,pioreactor01,2026-09-14T17:10:02.986Z,remove_waste,0.0806626833,UI,2026-09-14 22:55:02.986,1854.806388888889
Pulse experiments,pioreactor01,2026-09-14T17:10:03.173Z,add_media,0.0776751765,UI,2026-09-14 22:55:03.173,1854.806666666667
Pulse experiments,pioreactor01,2026-09-14T17:10:03.486Z,remove_waste,0.0806626833,UI,2026-09-14 22:55:03.486,1854.806666666667
Pulse experiments,pioreactor01,2026-09-14T17:10:03.673Z,add_media,0.0776751765,UI,2026-09-14 22:55:03.673,1854.806666666667
Pulse experiments,pioreactor01,2026-09-14T17:10:03.987Z,remove_waste,0.0806626833,UI,2026-09-14 22:55:03.987,1854.806666666667
Pulse experiments,pioreactor01,2026-09-14T17:10:04.174Z,add_media,0.0776751765,UI,2026-09-14 22:55:04.174,1854.806944444445
Pulse experiments,pioreactor01,2026-09-14T17:10:04.488Z,remove_waste,0.0806626833,UI,2026-09-14 22:55:04.488,1854.806944444445
Pulse experiments,pioreactor01,2026-09-14T17:10:04.675Z,add_media,0.0776751765,UI,2026-09-14 22:55:04.675,1854.806944444445
Pulse experiments,pioreactor01,2026-09-14T17:10:04.988Z,remove_waste,0.0806626833,UI,2026-09-14 22:55:04.988,1854.806944444445
Pulse experiments,pioreactor01,2026-09-14T17:10:05.176Z,add_media,0.0776751765,UI,2026-09-14 22:55:05.176,1854.807222222222
Pulse experiments,pioreactor01,2026-09-14T17:10:05.489Z,remove_waste,0.0806626833,UI,2026-09-14 22:55:05.489,1854.807222222222
Pulse experiments,pioreactor01,2026-09-14T17:10:05.677Z,add_media,0.0776751765,UI,2026-09-14 22:55:05.677,1854.807222222222
Pulse experiments,pioreactor01,2026-09-14T17:10:05.990Z,remove_waste,0.0806626833,UI,2026-09-14 22:55:05.990,1854.807222222222
Pulse experiments,pioreactor01,2026-09-14T17:10:06.177Z,add_media,0.0776751765,UI,2026-09-14 22:55:06.177,1854.8075
Pulse experiments,pioreactor01,2026-09-14T17:10:06.490Z,remove_waste,0.0806626833,UI,2026-09-14 22:55:06.490,1854.8075
Pulse experiments,pioreactor01,2026-09-14T17:10:06.678Z,add_media,0.0776751765,UI,2026-09-14 22:55:06.678,1854.8075
Pulse experiments,pioreactor01,2026-09-14T17:10:06.991Z,remove_waste,0.0806626833,UI,2026-09-14 22:55:06.991,1854.8075
Pulse experiments,pioreactor01,2026-09-14T17:10:07.179Z,add_media,0.0776751765,UI,2026-09-14 22:55:07.179,1854.807777777778
Pulse experiments,pioreactor01,2026-09-14T17:10:07.492Z,remove_waste,0.0806626833,UI,2026-09-14 22:55:07.492,1854.807777777778
Pulse experiments,pioreactor01,2026-09-14T17:10:07.680Z,add_media,0.0776751765,UI,2026-09-14 22:55:07.680,1854.807777777778
Pulse experiments,pioreactor01,2026-09-14T17:10:07.992Z,remove_waste,0.0806626833,UI,2026-09-14 22:55:07.992,1854.807777777778
Pulse experiments,pioreactor01,2026-09-14T17:10:08.181Z,add_media,0.0776751765,UI,2026-09-14 22:55:08.181,1854.808055555555
Pulse experiments,pioreactor01,2026-09-14T17:10:08.493Z,remove_waste,0.0806626833,UI,2026-09-14 22:55:08.493,1854.808055555555
Pulse experiments,pioreactor01,2026-09-14T17:10:08.681Z,add_media,0.0776751765,UI,2026-09-14 22:55:08.681,1854.808055555555
Pulse experiments,pioreactor01,2026-09-14T17:10:08.994Z,remove_waste,0.0806626833,UI,2026-09-14 22:55:08.994,1854.808055555555
Pulse experiments,pioreactor01,2026-09-14T17:10:09.182Z,add_media,0.0776751765,UI,2026-09-14 22:55:09.182,1854.808333333333
Pulse experiments,pioreactor01,2026-09-14T17:10:09.495Z,remove_waste,0.0806626833,UI,2026-09-14 22:55:09.495,1854.808333333333
Pulse experiments,pioreactor01,2026-09-14T17:10:09.686Z,add_media,0.0776751765,UI,2026-09-14 22:55:09.686,1854.808333333333
Pulse experiments,pioreactor01,2026-09-14T17:10:09.996Z,remove_waste,0.0806626833,UI,2026-09-14 22:55:09.996,1854.808333333333
Pulse experiments,pioreactor01,2026-09-14T17:10:10.186Z,add_media,0.0776751765,UI,2026-09-14 22:55:10.186,1854.808611111111
Pulse experiments,pioreactor01,2026-09-14T17:10:10.498Z,remove_waste,0.0806626833,UI,2026-09-14 22:55:10.498,1854.808611111111
Pulse experiments,pioreactor01,2026-09-14T17:10:10.687Z,add_media,0.0776751765,UI,2026-09-14 22:55:10.687,1854.808611111111
Pulse experiments,pioreactor01,2026-09-14T17:10:10.999Z,remove_waste,0.0806626833,UI,2026-09-14 22:55:10.999,1854.808611111111
Pulse experiments,pioreactor01,2026-09-14T17:10:11.188Z,add_media,0.0776751765,UI,2026-09-14 22:55:11.188,1854.808888888889
Pulse experiments,pioreactor01,2026-09-14T17:10:11.500Z,remove_waste,0.0806626833,UI,2026-09-14 22:55:11.500,1854.808888888889
Pulse experiments,pioreactor01,2026-09-14T17:10:11.689Z,add_media,0.0776751765,UI,2026-09-14 22:55:11.689,1854.808888888889
Pulse experiments,pioreactor01,2026-09-14T17:10:11.834Z,add_alt_media,0.2016567083,UI,2026-09-14 22:55:11.834,1854.808888888889
Pulse experiments,pioreactor01,2026-09-14T17:10:12.000Z,remove_waste,0.0806626833,UI,2026-09-14 22:55:12.000,1854.809166666667
Pulse experiments,pioreactor01,2026-09-14T17:10:12.190Z,add_media,0.0776751765,UI,2026-09-14 22:55:12.190,1854.809166666667
Pulse experiments,pioreactor01,2026-09-14T17:10:12.336Z,add_alt_media,0.2016567083,UI,2026-09-14 22:55:12.336,1854.809166666667
Pulse experiments,pioreactor01,2026-09-14T17:10:12.501Z,remove_waste,0.0806626833,UI,2026-09-14 22:55:12.501,1854.809166666667
Pulse experiments,pioreactor01,2026-09-14T17:10:12.691Z,add_media,0.0776751765,UI,2026-09-14 22:55:12.691,1854.809166666667
Pulse experiments,pioreactor01,2026-09-14T17:10:12.837Z,add_alt_media,0.0966865834,UI,2026-09-14 22:55:12.837,1854.809166666667
Pulse experiments,pioreactor01,2026-09-14T17:10:13.002Z,remove_waste,0.0806626833,UI,2026-09-14 22:55:13.002,1854.809444444444
Pulse experiments,pioreactor01,2026-09-14T17:10:13.191Z,add_media,0.0776751765,UI,2026-09-14 22:55:13.191,1854.809444444444
Pulse experiments,pioreactor01,2026-09-14T17:10:13.503Z,remove_waste,0.0806626833,UI,2026-09-14 22:55:13.503,1854.809444444444
Pulse experiments,pioreactor01,2026-09-14T17:10:13.692Z,add_media,0.0776751765,UI,2026-09-14 22:55:13.692,1854.809444444444
Pulse experiments,pioreactor01,2026-09-14T17:10:14.004Z,remove_waste,0.0806626833,UI,2026-09-14 22:55:14.004,1854.809722222222
Pulse experiments,pioreactor01,2026-09-14T17:10:14.193Z,add_media,0.0776751765,UI,2026-09-14 22:55:14.193,1854.809722222222
Pulse experiments,pioreactor01,2026-09-14T17:10:14.505Z,remove_waste,0.0806626833,UI,2026-09-14 22:55:14.505,1854.809722222222
Pulse experiments,pioreactor01,2026-09-14T17:10:14.694Z,add_media,0.0776751765,UI,2026-09-14 22:55:14.694,1854.809722222222
Pulse experiments,pioreactor01,2026-09-14T17:10:15.005Z,remove_waste,0.0806626833,UI,2026-09-14 22:55:15.005,1854.81
Pulse experiments,pioreactor01,2026-09-14T17:10:15.195Z,add_media,0.0776751765,UI,2026-09-14 22:55:15.195,1854.81
Pulse experiments,pioreactor01,2026-09-14T17:10:15.506Z,remove_waste,0.0806626833,UI,2026-09-14 22:55:15.506,1854.81
Pulse experiments,pioreactor01,2026-09-14T17:10:15.695Z,add_media,0.0776751765,UI,2026-09-14 22:55:15.695,1854.81
Pulse experiments,pioreactor01,2026-09-14T17:10:16.007Z,remove_waste,0.0806626833,UI,2026-09-14 22:55:16.007,1854.810277777778
Pulse experiments,pioreactor01,2026-09-14T17:10:16.196Z,add_media,0.0776751765,UI,2026-09-14 22:55:16.196,1854.810277777778
Pulse experiments,pioreactor01,2026-09-14T17:10:16.508Z,remove_waste,0.0806626833,UI,2026-09-14 22:55:16.508,1854.810277777778
Pulse experiments,pioreactor01,2026-09-14T17:10:16.697Z,add_media,0.0776751765,UI,2026-09-14 22:55:16.697,1854.810277777778
Pulse experiments,pioreactor01,2026-09-14T17:10:17.008Z,remove_waste,0.0806626833,UI,2026-09-14 22:55:17.008,1854.810555555556
Pulse experiments,pioreactor01,2026-09-14T17:10:17.197Z,add_media,0.0776751765,UI,2026-09-14 22:55:17.197,1854.810555555556
Pulse experiments,pioreactor01,2026-09-14T17:10:17.509Z,remove_waste,0.0806626833,UI,2026-09-14 22:55:17.509,1854.810555555556
Pulse experiments,pioreactor01,2026-09-14T17:10:17.698Z,add_media,0.0776751765,UI,2026-09-14 22:55:17.698,1854.810555555556
Pulse experiments,pioreactor01,2026-09-14T17:10:18.010Z,remove_waste,0.0806626833,UI,2026-09-14 22:55:18.010,1854.810833333333
Pulse experiments,pioreactor01,2026-09-14T17:10:18.199Z,add_media,0.0776751765,UI,2026-09-14 22:55:18.199,1854.810833333333
Pulse experiments,pioreactor01,2026-09-14T17:10:18.510Z,remove_waste,0.0806626833,UI,2026-09-14 22:55:18.510,1854.810833333333
Pulse experiments,pioreactor01,2026-09-14T17:10:18.699Z,add_media,0.0776751765,UI,2026-09-14 22:55:18.699,1854.810833333333
Pulse experiments,pioreactor01,2026-09-14T17:10:19.011Z,remove_waste,0.0806626833,UI,2026-09-14 22:55:19.011,1854.811111111111
Pulse experiments,pioreactor01,2026-09-14T17:10:19.201Z,add_media,0.0776751765,UI,2026-09-14 22:55:19.201,1854.811111111111
Pulse experiments,pioreactor01,2026-09-14T17:10:19.512Z,remove_waste,0.0806626833,UI,2026-09-14 22:55:19.512,1854.811111111111
Pulse experiments,pioreactor01,2026-09-14T17:10:19.702Z,add_media,0.0776751765,UI,2026-09-14 22:55:19.702,1854.811111111111
Pulse experiments,pioreactor01,2026-09-14T17:10:20.012Z,remove_waste,0.0806626833,UI,2026-09-14 22:55:20.012,1854.811388888889
Pulse experiments,pioreactor01,2026-09-14T17:10:20.202Z,add_media,0.0776751765,UI,2026-09-14 22:55:20.202,1854.811388888889
Pulse experiments,pioreactor01,2026-09-14T17:10:20.513Z,remove_waste,0.0806626833,UI,2026-09-14 22:55:20.513,1854.811388888889
Pulse experiments,pioreactor01,2026-09-14T17:10:20.703Z,add_media,0.0776751765,UI,2026-09-14 22:55:20.703,1854.811388888889
Pulse experiments,pioreactor01,2026-09-14T17:10:21.014Z,remove_waste,0.0806626833,UI,2026-09-14 22:55:21.014,1854.811666666667
Pulse experiments,pioreactor01,2026-09-14T17:10:21.204Z,add_media,0.0776751765,UI,2026-09-14 22:55:21.204,1854.811666666667
Pulse experiments,pioreactor01,2026-09-14T17:10:21.514Z,remove_waste,0.0806626833,UI,2026-09-14 22:55:21.514,1854.811666666667
Pulse experiments,pioreactor01,2026-09-14T17:10:21.704Z,add_media,0.0776751765,UI,2026-09-14 22:55:21.704,1854.811666666667
Pulse experiments,pioreactor01,2026-09-14T17:10:22.015Z,remove_waste,0.0806626833,UI,2026-09-14 22:55:22.015,1854.811944444444
Pulse experiments,pioreactor01,2026-09-14T17:10:22.209Z,add_media,0.0776751765,UI,2026-09-14 22:55:22.209,1854.811944444444
Pulse experiments,pioreactor01,2026-09-14T17:10:22.516Z,remove_waste,0.0806626833,UI,2026-09-14 22:55:22.516,1854.811944444444
Pulse experiments,pioreactor01,2026-09-14T17:10:22.710Z,add_media,0.0776751765,UI,2026-09-14 22:55:22.710,1854.811944444444
Pulse experiments,pioreactor01,2026-09-14T17:10:23.017Z,remove_waste,0.0806626833,UI,2026-09-14 22:55:23.017,1854.812222222222
Pulse experiments,pioreactor01,2026-09-14T17:10:23.210Z,add_media,0.0776751765,UI,2026-09-14 22:55:23.210,1854.812222222222
Pulse experiments,pioreactor01,2026-09-14T17:10:23.518Z,remove_waste,0.0806626833,UI,2026-09-14 22:55:23.518,1854.812222222222
Pulse experiments,pioreactor01,2026-09-14T17:10:23.711Z,add_media,0.0776751765,UI,2026-09-14 22:55:23.711,1854.812222222222
Pulse experiments,pioreactor01,2026-09-14T17:10:24.019Z,remove_waste,0.0806626833,UI,2026-09-14 22:55:24.019,1854.8125
Pulse experiments,pioreactor01,2026-09-14T17:10:24.212Z,add_media,0.0776751765,UI,2026-09-14 22:55:24.212,1854.8125
Pulse experiments,pioreactor01,2026-09-14T17:10:24.519Z,remove_waste,0.0806626833,UI,2026-09-14 22:55:24.519,1854.8125
Pulse experiments,pioreactor01,2026-09-14T17:10:24.713Z,add_media,0.0776751765,UI,2026-09-14 22:55:24.713,1854.8125
Pulse experiments,pioreactor01,2026-09-14T17:10:25.020Z,remove_waste,0.0806626833,UI,2026-09-14 22:55:25.020,1854.812777777778
Pulse experiments,pioreactor01,2026-09-14T17:10:25.214Z,add_media,0.0776751765,UI,2026-09-14 22:55:25.214,1854.812777777778
Pulse experiments,pioreactor01,2026-09-14T17:10:25.521Z,remove_waste,0.0806626833,UI,2026-09-14 22:55:25.521,1854.812777777778
Pulse experiments,pioreactor01,2026-09-14T17:10:25.715Z,add_media,0.0776751765,UI,2026-09-14 22:55:25.715,1854.812777777778
Pulse experiments,pioreactor01,2026-09-14T17:10:26.022Z,remove_waste,0.0806626833,UI,2026-09-14 22:55:26.022,1854.813055555556
Pulse experiments,pioreactor01,2026-09-14T17:10:26.218Z,add_media,0.0776751765,UI,2026-09-14 22:55:26.218,1854.813055555556
Pulse experiments,pioreactor01,2026-09-14T17:10:26.522Z,remove_waste,0.0806626833,UI,2026-09-14 22:55:26.522,1854.813055555556
Pulse experiments,pioreactor01,2026-09-14T17:10:26.719Z,add_media,0.0776751765,UI,2026-09-14 22:55:26.719,1854.813055555556
Pulse experiments,pioreactor01,2026-09-14T17:10:27.023Z,remove_waste,0.0806626833,UI,2026-09-14 22:55:27.023,1854.813333333333
Pulse experiments,pioreactor01,2026-09-14T17:10:27.219Z,add_media,0.0776751765,UI,2026-09-14 22:55:27.219,1854.813333333333
Pulse experiments,pioreactor01,2026-09-14T17:10:27.526Z,remove_waste,0.0806626833,UI,2026-09-14 22:55:27.526,1854.813333333333
Pulse experiments,pioreactor01,2026-09-14T17:10:27.720Z,add_media,0.0776751765,UI,2026-09-14 22:55:27.720,1854.813333333333
Pulse experiments,pioreactor01,2026-09-14T17:10:28.026Z,remove_waste,0.0806626833,UI,2026-09-14 22:55:28.026,1854.813611111111
Pulse experiments,pioreactor01,2026-09-14T17:10:28.221Z,add_media,0.0776751765,UI,2026-09-14 22:55:28.221,1854.813611111111
Pulse experiments,pioreactor01,2026-09-14T17:10:28.528Z,remove_waste,0.0806626833,UI,2026-09-14 22:55:28.528,1854.813611111111
Pulse experiments,pioreactor01,2026-09-14T17:10:28.723Z,add_media,0.0776751765,UI,2026-09-14 22:55:28.723,1854.813611111111
Pulse experiments,pioreactor01,2026-09-14T17:10:29.029Z,remove_waste,0.0806626833,UI,2026-09-14 22:55:29.029,1854.813888888889
Pulse experiments,pioreactor01,2026-09-14T17:10:29.223Z,add_media,0.0776751765,UI,2026-09-14 22:55:29.223,1854.813888888889
Pulse experiments,pioreactor01,2026-09-14T17:10:29.529Z,remove_waste,0.0806626833,UI,2026-09-14 22:55:29.529,1854.813888888889
Pulse experiments,pioreactor01,2026-09-14T17:10:29.728Z,add_media,0.0776751765,UI,2026-09-14 22:55:29.728,1854.813888888889
Pulse experiments,pioreactor01,2026-09-14T17:10:30.030Z,remove_waste,0.0806626833,UI,2026-09-14 22:55:30.030,1854.814166666667
Pulse experiments,pioreactor01,2026-09-14T17:10:30.228Z,add_media,0.0776751765,UI,2026-09-14 22:55:30.228,1854.814166666667
Pulse experiments,pioreactor01,2026-09-14T17:10:30.531Z,remove_waste,0.0806626833,UI,2026-09-14 22:55:30.531,1854.814166666667
Pulse experiments,pioreactor01,2026-09-14T17:10:30.729Z,add_media,0.0776751765,UI,2026-09-14 22:55:30.729,1854.814166666667
Pulse experiments,pioreactor01,2026-09-14T17:10:31.031Z,remove_waste,0.0806626833,UI,2026-09-14 22:55:31.031,1854.814444444444
Pulse experiments,pioreactor01,2026-09-14T17:10:31.230Z,add_media,0.0776751765,UI,2026-09-14 22:55:31.230,1854.814444444444
Pulse experiments,pioreactor01,2026-09-14T17:10:31.532Z,remove_waste,0.0806626833,UI,2026-09-14 22:55:31.532,1854.814444444444
Pulse experiments,pioreactor01,2026-09-14T17:10:31.730Z,add_media,0.0776751765,UI,2026-09-14 22:55:31.730,1854.814444444444
Pulse experiments,pioreactor01,2026-09-14T17:10:32.033Z,remove_waste,0.0806626833,UI,2026-09-14 22:55:32.033,1854.814722222222
Pulse experiments,pioreactor01,2026-09-14T17:10:32.231Z,add_media,0.0776751765,UI,2026-09-14 22:55:32.231,1854.814722222222
Pulse experiments,pioreactor01,2026-09-14T17:10:32.534Z,remove_waste,0.0806626833,UI,2026-09-14 22:55:32.534,1854.814722222222
Pulse experiments,pioreactor01,2026-09-14T17:10:32.732Z,add_media,0.0776751765,UI,2026-09-14 22:55:32.732,1854.814722222222
Pulse experiments,pioreactor01,2026-09-14T17:10:33.035Z,remove_waste,0.0806626833,UI,2026-09-14 22:55:33.035,1854.815
Pulse experiments,pioreactor01,2026-09-14T17:10:33.232Z,add_media,0.0776751765,UI,2026-09-14 22:55:33.232,1854.815
Pulse experiments,pioreactor01,2026-09-14T17:10:33.536Z,remove_waste,0.0806626833,UI,2026-09-14 22:55:33.536,1854.815
Pulse experiments,pioreactor01,2026-09-14T17:10:33.733Z,add_media,0.0776751765,UI,2026-09-14 22:55:33.733,1854.815
Pulse experiments,pioreactor01,2026-09-14T17:10:34.036Z,remove_waste,0.0806626833,UI,2026-09-14 22:55:34.036,1854.815277777778
Pulse experiments,pioreactor01,2026-09-14T17:10:34.234Z,add_media,0.0776751765,UI,2026-09-14 22:55:34.234,1854.815277777778
Pulse experiments,pioreactor01,2026-09-14T17:10:34.537Z,remove_waste,0.0806626833,UI,2026-09-14 22:55:34.537,1854.815277777778
Pulse experiments,pioreactor01,2026-09-14T17:10:34.735Z,add_media,0.0776751765,UI,2026-09-14 22:55:34.735,1854.815277777778
Pulse experiments,pioreactor01,2026-09-14T17:10:35.038Z,remove_waste,0.0806626833,UI,2026-09-14 22:55:35.038,1854.815555555556
Pulse experiments,pioreactor01,2026-09-14T17:10:35.236Z,add_media,0.0776751765,UI,2026-09-14 22:55:35.236,1854.815555555556
Pulse experiments,pioreactor01,2026-09-14T17:10:35.538Z,remove_waste,0.0806626833,UI,2026-09-14 22:55:35.538,1854.815555555556
Pulse experiments,pioreactor01,2026-09-14T17:10:35.738Z,add_media,0.0776751765,UI,2026-09-14 22:55:35.738,1854.815555555556
Pulse experiments,pioreactor01,2026-09-14T17:10:36.039Z,remove_waste,0.0806626833,UI,2026-09-14 22:55:36.039,1854.815833333333
Pulse experiments,pioreactor01,2026-09-14T17:10:36.239Z,add_media,0.0776751765,UI,2026-09-14 22:55:36.239,1854.815833333333
Pulse experiments,pioreactor01,2026-09-14T17:10:36.540Z,remove_waste,0.0806626833,UI,2026-09-14 22:55:36.540,1854.815833333333
Pulse experiments,pioreactor01,2026-09-14T17:10:36.739Z,add_media,0.0776751765,UI,2026-09-14 22:55:36.739,1854.815833333333
Pulse experiments,pioreactor01,2026-09-14T17:10:37.040Z,remove_waste,0.0806626833,UI,2026-09-14 22:55:37.040,1854.816111111111
Pulse experiments,pioreactor01,2026-09-14T17:10:37.240Z,add_media,0.0776751765,UI,2026-09-14 22:55:37.240,1854.816111111111
Pulse experiments,pioreactor01,2026-09-14T17:10:37.541Z,remove_waste,0.0806626833,UI,2026-09-14 22:55:37.541,1854.816111111111
Pulse experiments,pioreactor01,2026-09-14T17:10:37.741Z,add_media,0.0776751765,UI,2026-09-14 22:55:37.741,1854.816111111111
Pulse experiments,pioreactor01,2026-09-14T17:10:38.042Z,remove_waste,0.0806626833,UI,2026-09-14 22:55:38.042,1854.816388888889
Pulse experiments,pioreactor01,2026-09-14T17:10:38.241Z,add_media,0.0776751765,UI,2026-09-14 22:55:38.241,1854.816388888889
Pulse experiments,pioreactor01,2026-09-14T17:10:38.543Z,remove_waste,0.0806626833,UI,2026-09-14 22:55:38.543,1854.816388888889
Pulse experiments,pioreactor01,2026-09-14T17:10:38.742Z,add_media,0.0776751765,UI,2026-09-14 22:55:38.742,1854.816388888889
Pulse experiments,pioreactor01,2026-09-14T17:10:39.044Z,remove_waste,0.0806626833,UI,2026-09-14 22:55:39.044,1854.816666666667
Pulse experiments,pioreactor01,2026-09-14T17:10:39.243Z,add_media,0.0776751765,UI,2026-09-14 22:55:39.243,1854.816666666667
Pulse experiments,pioreactor01,2026-09-14T17:10:39.545Z,remove_waste,0.0806626833,UI,2026-09-14 22:55:39.545,1854.816666666667
Pulse experiments,pioreactor01,2026-09-14T17:10:39.744Z,add_media,0.0776751765,UI,2026-09-14 22:55:39.744,1854.816666666667
Pulse experiments,pioreactor01,2026-09-14T17:10:40.045Z,remove_waste,0.0806626833,UI,2026-09-14 22:55:40.045,1854.816944444445
Pulse experiments,pioreactor01,2026-09-14T17:10:40.245Z,add_media,0.0776751765,UI,2026-09-14 22:55:40.245,1854.816944444445
Pulse experiments,pioreactor01,2026-09-14T17:10:40.546Z,remove_waste,0.0806626833,UI,2026-09-14 22:55:40.546,1854.816944444445
Pulse experiments,pioreactor01,2026-09-14T17:10:40.745Z,add_media,0.0776751765,UI,2026-09-14 22:55:40.745,1854.816944444445
Pulse experiments,pioreactor01,2026-09-14T17:10:41.047Z,remove_waste,0.0806626833,UI,2026-09-14 22:55:41.047,1854.817222222222
Pulse experiments,pioreactor01,2026-09-14T17:10:41.246Z,add_media,0.0776751765,UI,2026-09-14 22:55:41.246,1854.817222222222
Pulse experiments,pioreactor01,2026-09-14T17:10:41.547Z,remove_waste,0.0806626833,UI,2026-09-14 22:55:41.547,1854.817222222222
Pulse experiments,pioreactor01,2026-09-14T17:10:41.747Z,add_media,0.0776751765,UI,2026-09-14 22:55:41.747,1854.817222222222
Pulse experiments,pioreactor01,2026-09-14T17:10:42.049Z,remove_waste,0.0806626833,UI,2026-09-14 22:55:42.049,1854.8175
Pulse experiments,pioreactor01,2026-09-14T17:10:42.248Z,add_media,0.0776751765,UI,2026-09-14 22:55:42.248,1854.8175
Pulse experiments,pioreactor01,2026-09-14T17:10:42.549Z,remove_waste,0.0806626833,UI,2026-09-14 22:55:42.549,1854.8175
Pulse experiments,pioreactor01,2026-09-14T17:10:42.748Z,add_media,0.0776751765,UI,2026-09-14 22:55:42.748,1854.8175
Pulse experiments,pioreactor01,2026-09-14T17:10:43.050Z,remove_waste,0.0806626833,UI,2026-09-14 22:55:43.050,1854.817777777778
Pulse experiments,pioreactor01,2026-09-14T17:10:43.249Z,add_media,0.0776751765,UI,2026-09-14 22:55:43.249,1854.817777777778
Pulse experiments,pioreactor01,2026-09-14T17:10:43.552Z,remove_waste,0.0806626833,UI,2026-09-14 22:55:43.552,1854.817777777778
Pulse experiments,pioreactor01,2026-09-14T17:10:43.750Z,add_media,0.0776751765,UI,2026-09-14 22:55:43.750,1854.817777777778
Pulse experiments,pioreactor01,2026-09-14T17:10:44.054Z,remove_waste,0.0806626833,UI,2026-09-14 22:55:44.054,1854.818055555555
Pulse experiments,pioreactor01,2026-09-14T17:10:44.251Z,add_media,0.0776751765,UI,2026-09-14 22:55:44.251,1854.818055555555
Pulse experiments,pioreactor01,2026-09-14T17:10:44.555Z,remove_waste,0.0806626833,UI,2026-09-14 22:55:44.555,1854.818055555555
Pulse experiments,pioreactor01,2026-09-14T17:10:44.751Z,add_media,0.0776751765,UI,2026-09-14 22:55:44.751,1854.818055555555
Pulse experiments,pioreactor01,2026-09-14T17:10:45.055Z,remove_waste,0.0806626833,UI,2026-09-14 22:55:45.055,1854.818333333333
Pulse experiments,pioreactor01,2026-09-14T17:10:45.252Z,add_media,0.0776751765,UI,2026-09-14 22:55:45.252,1854.818333333333
Pulse experiments,pioreactor01,2026-09-14T17:10:45.556Z,remove_waste,0.0806626833,UI,2026-09-14 22:55:45.556,1854.818333333333
Pulse experiments,pioreactor01,2026-09-14T17:10:45.753Z,add_media,0.0776751765,UI,2026-09-14 22:55:45.753,1854.818333333333
Pulse experiments,pioreactor01,2026-09-14T17:10:46.057Z,remove_waste,0.0806626833,UI,2026-09-14 22:55:46.057,1854.818611111111
Pulse experiments,pioreactor01,2026-09-14T17:10:46.254Z,add_media,0.0776751765,UI,2026-09-14 22:55:46.254,1854.818611111111
Pulse experiments,pioreactor01,2026-09-14T17:10:46.558Z,remove_waste,0.0806626833,UI,2026-09-14 22:55:46.558,1854.818611111111
Pulse experiments,pioreactor01,2026-09-14T17:10:46.755Z,add_media,0.0776751765,UI,2026-09-14 22:55:46.755,1854.818611111111
Pulse experiments,pioreactor01,2026-09-14T17:10:47.059Z,remove_waste,0.0806626833,UI,2026-09-14 22:55:47.059,1854.818888888889
Pulse experiments,pioreactor01,2026-09-14T17:10:47.256Z,add_media,0.0776751765,UI,2026-09-14 22:55:47.256,1854.818888888889
Pulse experiments,pioreactor01,2026-09-14T17:10:47.560Z,remove_waste,0.0806626833,UI,2026-09-14 22:55:47.560,1854.818888888889
Pulse experiments,pioreactor01,2026-09-14T17:10:47.757Z,add_media,0.0776751765,UI,2026-09-14 22:55:47.757,1854.818888888889
Pulse experiments,pioreactor01,2026-09-14T17:10:48.062Z,remove_waste,0.0806626833,UI,2026-09-14 22:55:48.062,1854.819166666667
Pulse experiments,pioreactor01,2026-09-14T17:10:48.258Z,add_media,0.0776751765,UI,2026-09-14 22:55:48.258,1854.819166666667
Pulse experiments,pioreactor01,2026-09-14T17:10:48.563Z,remove_waste,0.0806626833,UI,2026-09-14 22:55:48.563,1854.819166666667
Pulse experiments,pioreactor01,2026-09-14T17:10:48.759Z,add_media,0.0776751765,UI,2026-09-14 22:55:48.759,1854.819166666667
Pulse experiments,pioreactor01,2026-09-14T17:10:49.064Z,remove_waste,0.0806626833,UI,2026-09-14 22:55:49.064,1854.819444444444
Pulse experiments,pioreactor01,2026-09-14T17:10:49.260Z,add_media,0.0776751765,UI,2026-09-14 22:55:49.260,1854.819444444444
Pulse experiments,pioreactor01,2026-09-14T17:10:49.564Z,remove_waste,0.0806626833,UI,2026-09-14 22:55:49.564,1854.819444444444
Pulse experiments,pioreactor01,2026-09-14T17:10:49.761Z,add_media,0.0776751765,UI,2026-09-14 22:55:49.761,1854.819444444444
Pulse experiments,pioreactor01,2026-09-14T17:10:50.065Z,remove_waste,0.0806626833,UI,2026-09-14 22:55:50.065,1854.819722222222
Pulse experiments,pioreactor01,2026-09-14T17:10:50.264Z,add_media,0.0776751765,UI,2026-09-14 22:55:50.264,1854.819722222222
Pulse experiments,pioreactor01,2026-09-14T17:10:50.567Z,remove_waste,0.0806626833,UI,2026-09-14 22:55:50.567,1854.819722222222
Pulse experiments,pioreactor01,2026-09-14T17:10:50.764Z,add_media,0.0776751765,UI,2026-09-14 22:55:50.764,1854.819722222222
Pulse experiments,pioreactor01,2026-09-14T17:10:51.068Z,remove_waste,0.0806626833,UI,2026-09-14 22:55:51.068,1854.82
Pulse experiments,pioreactor01,2026-09-14T17:10:51.265Z,add_media,0.0776751765,UI,2026-09-14 22:55:51.265,1854.82
Pulse experiments,pioreactor01,2026-09-14T17:10:51.569Z,remove_waste,0.0806626833,UI,2026-09-14 22:55:51.569,1854.82
Pulse experiments,pioreactor01,2026-09-14T17:10:51.766Z,add_media,0.0776751765,UI,2026-09-14 22:55:51.766,1854.82
Pulse experiments,pioreactor01,2026-09-14T17:10:52.070Z,remove_waste,0.0806626833,UI,2026-09-14 22:55:52.070,1854.820277777778
Pulse experiments,pioreactor01,2026-09-14T17:10:52.267Z,add_media,0.0776751765,UI,2026-09-14 22:55:52.267,1854.820277777778
Pulse experiments,pioreactor01,2026-09-14T17:10:52.571Z,remove_waste,0.0806626833,UI,2026-09-14 22:55:52.571,1854.820277777778
Pulse experiments,pioreactor01,2026-09-14T17:10:52.769Z,add_media,0.0776751765,UI,2026-09-14 22:55:52.769,1854.820277777778
Pulse experiments,pioreactor01,2026-09-14T17:10:53.073Z,remove_waste,0.0806626833,UI,2026-09-14 22:55:53.073,1854.820555555556
Pulse experiments,pioreactor01,2026-09-14T17:10:53.270Z,add_media,0.0776751765,UI,2026-09-14 22:55:53.270,1854.820555555556
Pulse experiments,pioreactor01,2026-09-14T17:10:53.573Z,remove_waste,0.0806626833,UI,2026-09-14 22:55:53.573,1854.820555555556
Pulse experiments,pioreactor01,2026-09-14T17:10:53.770Z,add_media,0.0776751765,UI,2026-09-14 22:55:53.770,1854.820555555556
Pulse experiments,pioreactor01,2026-09-14T17:10:54.075Z,remove_waste,0.0806626833,UI,2026-09-14 22:55:54.075,1854.820833333333
Pulse experiments,pioreactor01,2026-09-14T17:10:54.271Z,add_media,0.0776751765,UI,2026-09-14 22:55:54.271,1854.820833333333
Pulse experiments,pioreactor01,2026-09-14T17:10:54.575Z,remove_waste,0.0806626833,UI,2026-09-14 22:55:54.575,1854.820833333333
Pulse experiments,pioreactor01,2026-09-14T17:10:54.772Z,add_media,0.0776751765,UI,2026-09-14 22:55:54.772,1854.820833333333
Pulse experiments,pioreactor01,2026-09-14T17:10:55.076Z,remove_waste,0.0806626833,UI,2026-09-14 22:55:55.076,1854.821111111111
Pulse experiments,pioreactor01,2026-09-14T17:10:55.274Z,add_media,0.0776751765,UI,2026-09-14 22:55:55.274,1854.821111111111
Pulse experiments,pioreactor01,2026-09-14T17:10:55.577Z,remove_waste,0.0806626833,UI,2026-09-14 22:55:55.577,1854.821111111111
Pulse experiments,pioreactor01,2026-09-14T17:10:55.774Z,add_media,0.0776751765,UI,2026-09-14 22:55:55.774,1854.821111111111
Pulse experiments,pioreactor01,2026-09-14T17:10:56.078Z,remove_waste,0.0806626833,UI,2026-09-14 22:55:56.078,1854.821388888889
Pulse experiments,pioreactor01,2026-09-14T17:10:56.275Z,add_media,0.0776751765,UI,2026-09-14 22:55:56.275,1854.821388888889
Pulse experiments,pioreactor01,2026-09-14T17:10:56.579Z,remove_waste,0.0806626833,UI,2026-09-14 22:55:56.579,1854.821388888889
Pulse experiments,pioreactor01,2026-09-14T17:10:56.776Z,add_media,0.0776751765,UI,2026-09-14 22:55:56.776,1854.821388888889
Pulse experiments,pioreactor01,2026-09-14T17:10:57.080Z,remove_waste,0.0806626833,UI,2026-09-14 22:55:57.080,1854.821666666667
Pulse experiments,pioreactor01,2026-09-14T17:10:57.277Z,add_media,0.0776751765,UI,2026-09-14 22:55:57.277,1854.821666666667
Pulse experiments,pioreactor01,2026-09-14T17:10:57.581Z,remove_waste,0.0806626833,UI,2026-09-14 22:55:57.581,1854.821666666667
Pulse experiments,pioreactor01,2026-09-14T17:10:57.780Z,add_media,0.0776751765,UI,2026-09-14 22:55:57.780,1854.821666666667
Pulse experiments,pioreactor01,2026-09-14T17:10:58.082Z,remove_waste,0.0806626833,UI,2026-09-14 22:55:58.082,1854.821944444444
Pulse experiments,pioreactor01,2026-09-14T17:10:58.281Z,add_media,0.0776751765,UI,2026-09-14 22:55:58.281,1854.821944444444
Pulse experiments,pioreactor01,2026-09-14T17:10:58.583Z,remove_waste,0.0806626833,UI,2026-09-14 22:55:58.583,1854.821944444444
Pulse experiments,pioreactor01,2026-09-14T17:10:58.782Z,add_media,0.0776751765,UI,2026-09-14 22:55:58.782,1854.821944444444
Pulse experiments,pioreactor01,2026-09-14T17:10:59.083Z,remove_waste,0.0806626833,UI,2026-09-14 22:55:59.083,1854.822222222222
Pulse experiments,pioreactor01,2026-09-14T17:10:59.282Z,add_media,0.0776751765,UI,2026-09-14 22:55:59.282,1854.822222222222
Pulse experiments,pioreactor01,2026-09-14T17:10:59.584Z,remove_waste,0.0806626833,UI,2026-09-14 22:55:59.584,1854.822222222222
Pulse experiments,pioreactor01,2026-09-14T17:10:59.783Z,add_media,0.0776751765,UI,2026-09-14 22:55:59.783,1854.822222222222
Pulse experiments,pioreactor01,2026-09-14T17:11:00.087Z,remove_waste,0.0806626833,UI,2026-09-14 22:56:00.087,1854.8225
Pulse experiments,pioreactor01,2026-09-14T17:11:00.284Z,add_media,0.0776751765,UI,2026-09-14 22:56:00.284,1854.8225
Pulse experiments,pioreactor01,2026-09-14T17:11:00.588Z,remove_waste,0.0806626833,UI,2026-09-14 22:56:00.588,1854.8225
Pulse experiments,pioreactor01,2026-09-14T17:11:00.785Z,add_media,0.0776751765,UI,2026-09-14 22:56:00.785,1854.8225
Pulse experiments,pioreactor01,2026-09-14T17:11:01.088Z,remove_waste,0.0806626833,UI,2026-09-14 22:56:01.088,1854.822777777778
Pulse experiments,pioreactor01,2026-09-14T17:11:01.286Z,add_media,0.0776751765,UI,2026-09-14 22:56:01.286,1854.822777777778
Pulse experiments,pioreactor01,2026-09-14T17:11:01.589Z,remove_waste,0.0806626833,UI,2026-09-14 22:56:01.589,1854.822777777778
Pulse experiments,pioreactor01,2026-09-14T17:11:01.787Z,add_media,0.0776751765,UI,2026-09-14 22:56:01.787,1854.822777777778
Pulse experiments,pioreactor01,2026-09-14T17:11:02.090Z,remove_waste,0.0806626833,UI,2026-09-14 22:56:02.090,1854.823055555556
Pulse experiments,pioreactor01,2026-09-14T17:11:02.288Z,add_media,0.0776751765,UI,2026-09-14 22:56:02.288,1854.823055555556
Pulse experiments,pioreactor01,2026-09-14T17:11:02.591Z,remove_waste,0.0806626833,UI,2026-09-14 22:56:02.591,1854.823055555556
Pulse experiments,pioreactor01,2026-09-14T17:11:02.789Z,add_media,0.0776751765,UI,2026-09-14 22:56:02.789,1854.823055555556
Pulse experiments,pioreactor01,2026-09-14T17:11:03.092Z,remove_waste,0.0806626833,UI,2026-09-14 22:56:03.092,1854.823333333333
Pulse experiments,pioreactor01,2026-09-14T17:11:03.289Z,add_media,0.0776751765,UI,2026-09-14 22:56:03.289,1854.823333333333
Pulse experiments,pioreactor01,2026-09-14T17:11:03.592Z,remove_waste,0.0806626833,UI,2026-09-14 22:56:03.592,1854.823333333333
Pulse experiments,pioreactor01,2026-09-14T17:11:03.790Z,add_media,0.0776751765,UI,2026-09-14 22:56:03.790,1854.823333333333
Pulse experiments,pioreactor01,2026-09-14T17:11:04.093Z,remove_waste,0.0806626833,UI,2026-09-14 22:56:04.093,1854.823611111111
Pulse experiments,pioreactor01,2026-09-14T17:11:04.291Z,add_media,0.0776751765,UI,2026-09-14 22:56:04.291,1854.823611111111
Pulse experiments,pioreactor01,2026-09-14T17:11:04.594Z,remove_waste,0.0806626833,UI,2026-09-14 22:56:04.594,1854.823611111111
Pulse experiments,pioreactor01,2026-09-14T17:11:04.791Z,add_media,0.0776751765,UI,2026-09-14 22:56:04.791,1854.823611111111
Pulse experiments,pioreactor01,2026-09-14T17:11:05.095Z,remove_waste,0.0806626833,UI,2026-09-14 22:56:05.095,1854.823888888889
Pulse experiments,pioreactor01,2026-09-14T17:11:05.292Z,add_media,0.0776751765,UI,2026-09-14 22:56:05.292,1854.823888888889
Pulse experiments,pioreactor01,2026-09-14T17:11:05.596Z,remove_waste,0.0806626833,UI,2026-09-14 22:56:05.596,1854.823888888889
Pulse experiments,pioreactor01,2026-09-14T17:11:05.793Z,add_media,0.0776751765,UI,2026-09-14 22:56:05.793,1854.823888888889
Pulse experiments,pioreactor01,2026-09-14T17:11:06.097Z,remove_waste,0.0806626833,UI,2026-09-14 22:56:06.097,1854.824166666667
Pulse experiments,pioreactor01,2026-09-14T17:11:06.294Z,add_media,0.0776751765,UI,2026-09-14 22:56:06.294,1854.824166666667
Pulse experiments,pioreactor01,2026-09-14T17:11:06.598Z,remove_waste,0.0806626833,UI,2026-09-14 22:56:06.598,1854.824166666667
Pulse experiments,pioreactor01,2026-09-14T17:11:06.795Z,add_media,0.0776751765,UI,2026-09-14 22:56:06.795,1854.824166666667
Pulse experiments,pioreactor01,2026-09-14T17:11:07.099Z,remove_waste,0.0806626833,UI,2026-09-14 22:56:07.099,1854.824444444444
Pulse experiments,pioreactor01,2026-09-14T17:11:07.296Z,add_media,0.0776751765,UI,2026-09-14 22:56:07.296,1854.824444444444
Pulse experiments,pioreactor01,2026-09-14T17:11:07.600Z,remove_waste,0.0806626833,UI,2026-09-14 22:56:07.600,1854.824444444444
Pulse experiments,pioreactor01,2026-09-14T17:11:07.797Z,add_media,0.0776751765,UI,2026-09-14 22:56:07.797,1854.824444444444
Pulse experiments,pioreactor01,2026-09-14T17:11:08.100Z,remove_waste,0.0806626833,UI,2026-09-14 22:56:08.100,1854.824722222222
Pulse experiments,pioreactor01,2026-09-14T17:11:08.298Z,add_media,0.0776751765,UI,2026-09-14 22:56:08.298,1854.824722222222
Pulse experiments,pioreactor01,2026-09-14T17:11:08.601Z,remove_waste,0.0806626833,UI,2026-09-14 22:56:08.601,1854.824722222222
Pulse experiments,pioreactor01,2026-09-14T17:11:08.799Z,add_media,0.0776751765,UI,2026-09-14 22:56:08.799,1854.824722222222
Pulse experiments,pioreactor01,2026-09-14T17:11:09.102Z,remove_waste,0.0806626833,UI,2026-09-14 22:56:09.102,1854.825
Pulse experiments,pioreactor01,2026-09-14T17:11:09.300Z,add_media,0.0776751765,UI,2026-09-14 22:56:09.300,1854.825
Pulse experiments,pioreactor01,2026-09-14T17:11:09.604Z,remove_waste,0.0806626833,UI,2026-09-14 22:56:09.604,1854.825
Pulse experiments,pioreactor01,2026-09-14T17:11:09.802Z,add_media,0.0776751765,UI,2026-09-14 22:56:09.802,1854.825
Pulse experiments,pioreactor01,2026-09-14T17:11:10.105Z,remove_waste,0.0806626833,UI,2026-09-14 22:56:10.105,1854.825277777778
Pulse experiments,pioreactor01,2026-09-14T17:11:10.303Z,add_media,0.0776751765,UI,2026-09-14 22:56:10.303,1854.825277777778
Pulse experiments,pioreactor01,2026-09-14T17:11:10.606Z,remove_waste,0.0806626833,UI,2026-09-14 22:56:10.606,1854.825277777778
Pulse experiments,pioreactor01,2026-09-14T17:11:10.804Z,add_media,0.0776751765,UI,2026-09-14 22:56:10.804,1854.825277777778
Pulse experiments,pioreactor01,2026-09-14T17:11:11.109Z,remove_waste,0.0806626833,UI,2026-09-14 22:56:11.109,1854.825555555556
Pulse experiments,pioreactor01,2026-09-14T17:11:11.305Z,add_media,0.0776751765,UI,2026-09-14 22:56:11.305,1854.825555555556
Pulse experiments,pioreactor01,2026-09-14T17:11:11.609Z,remove_waste,0.0806626833,UI,2026-09-14 22:56:11.609,1854.825555555556
Pulse experiments,pioreactor01,2026-09-14T17:11:11.807Z,add_media,0.0776751765,UI,2026-09-14 22:56:11.807,1854.825555555556
Pulse experiments,pioreactor01,2026-09-14T17:11:12.111Z,remove_waste,0.0806626833,UI,2026-09-14 22:56:12.111,1854.825833333333
Pulse experiments,pioreactor01,2026-09-14T17:11:12.308Z,add_media,0.0776751765,UI,2026-09-14 22:56:12.308,1854.825833333333
Pulse experiments,pioreactor01,2026-09-14T17:11:12.612Z,remove_waste,0.0806626833,UI,2026-09-14 22:56:12.612,1854.825833333333
Pulse experiments,pioreactor01,2026-09-14T17:11:12.809Z,add_media,0.0776751765,UI,2026-09-14 22:56:12.809,1854.825833333333
Pulse experiments,pioreactor01,2026-09-14T17:11:13.115Z,remove_waste,0.0806626833,UI,2026-09-14 22:56:13.115,1854.826111111111
Pulse experiments,pioreactor01,2026-09-14T17:11:13.310Z,add_media,0.0776751765,UI,2026-09-14 22:56:13.310,1854.826111111111
Pulse experiments,pioreactor01,2026-09-14T17:11:13.616Z,remove_waste,0.0806626833,UI,2026-09-14 22:56:13.616,1854.826111111111
Pulse experiments,pioreactor01,2026-09-14T17:11:13.811Z,add_media,0.0776751765,UI,2026-09-14 22:56:13.811,1854.826111111111
Pulse experiments,pioreactor01,2026-09-14T17:11:14.118Z,remove_waste,0.0806626833,UI,2026-09-14 22:56:14.118,1854.826388888889
Pulse experiments,pioreactor01,2026-09-14T17:11:14.312Z,add_media,0.0776751765,UI,2026-09-14 22:56:14.312,1854.826388888889
Pulse experiments,pioreactor01,2026-09-14T17:11:14.619Z,remove_waste,0.0806626833,UI,2026-09-14 22:56:14.619,1854.826388888889
Pulse experiments,pioreactor01,2026-09-14T17:11:14.813Z,add_media,0.0776751765,UI,2026-09-14 22:56:14.813,1854.826388888889
Pulse experiments,pioreactor01,2026-09-14T17:11:15.120Z,remove_waste,0.0806626833,UI,2026-09-14 22:56:15.120,1854.826666666667
Pulse experiments,pioreactor01,2026-09-14T17:11:15.314Z,add_media,0.0776751765,UI,2026-09-14 22:56:15.314,1854.826666666667
Pulse experiments,pioreactor01,2026-09-14T17:11:15.621Z,remove_waste,0.0806626833,UI,2026-09-14 22:56:15.621,1854.826666666667
Pulse experiments,pioreactor01,2026-09-14T17:11:15.816Z,add_media,0.0776751765,UI,2026-09-14 22:56:15.816,1854.826666666667
Pulse experiments,pioreactor01,2026-09-14T17:11:16.122Z,remove_waste,0.0806626833,UI,2026-09-14 22:56:16.122,1854.826944444445
Pulse experiments,pioreactor01,2026-09-14T17:11:16.317Z,add_media,0.0776751765,UI,2026-09-14 22:56:16.317,1854.826944444445
Pulse experiments,pioreactor01,2026-09-14T17:11:16.622Z,remove_waste,0.0806626833,UI,2026-09-14 22:56:16.622,1854.826944444445
Pulse experiments,pioreactor01,2026-09-14T17:11:16.818Z,add_media,0.0776751765,UI,2026-09-14 22:56:16.818,1854.826944444445
Pulse experiments,pioreactor01,2026-09-14T17:11:17.124Z,remove_waste,0.0806626833,UI,2026-09-14 22:56:17.124,1854.827222222222
Pulse experiments,pioreactor01,2026-09-14T17:11:17.319Z,add_media,0.0776751765,UI,2026-09-14 22:56:17.319,1854.827222222222
Pulse experiments,pioreactor01,2026-09-14T17:11:17.625Z,remove_waste,0.0806626833,UI,2026-09-14 22:56:17.625,1854.827222222222
Pulse experiments,pioreactor01,2026-09-14T17:11:17.820Z,add_media,0.0776751765,UI,2026-09-14 22:56:17.820,1854.827222222222
Pulse experiments,pioreactor01,2026-09-14T17:11:18.125Z,remove_waste,0.0806626833,UI,2026-09-14 22:56:18.125,1854.8275
Pulse experiments,pioreactor01,2026-09-14T17:11:18.321Z,add_media,0.0776751765,UI,2026-09-14 22:56:18.321,1854.8275
Pulse experiments,pioreactor01,2026-09-14T17:11:18.626Z,remove_waste,0.0806626833,UI,2026-09-14 22:56:18.626,1854.8275
Pulse experiments,pioreactor01,2026-09-14T17:11:18.824Z,add_media,0.0776751765,UI,2026-09-14 22:56:18.824,1854.8275
Pulse experiments,pioreactor01,2026-09-14T17:11:19.127Z,remove_waste,0.0806626833,UI,2026-09-14 22:56:19.127,1854.827777777778
Pulse experiments,pioreactor01,2026-09-14T17:11:19.326Z,add_media,0.0776751765,UI,2026-09-14 22:56:19.326,1854.827777777778
Pulse experiments,pioreactor01,2026-09-14T17:11:19.628Z,remove_waste,0.0806626833,UI,2026-09-14 22:56:19.628,1854.827777777778
Pulse experiments,pioreactor01,2026-09-14T17:11:19.827Z,add_media,0.0776751765,UI,2026-09-14 22:56:19.827,1854.827777777778
Pulse experiments,pioreactor01,2026-09-14T17:11:20.128Z,remove_waste,0.0806626833,UI,2026-09-14 22:56:20.128,1854.828055555555
Pulse experiments,pioreactor01,2026-09-14T17:11:20.328Z,add_media,0.0776751765,UI,2026-09-14 22:56:20.328,1854.828055555555
Pulse experiments,pioreactor01,2026-09-14T17:11:20.630Z,remove_waste,0.0806626833,UI,2026-09-14 22:56:20.630,1854.828055555555
Pulse experiments,pioreactor01,2026-09-14T17:11:20.829Z,add_media,0.0776751765,UI,2026-09-14 22:56:20.829,1854.828055555555
Pulse experiments,pioreactor01,2026-09-14T17:11:21.131Z,remove_waste,0.0806626833,UI,2026-09-14 22:56:21.131,1854.828333333333
Pulse experiments,pioreactor01,2026-09-14T17:11:21.330Z,add_media,0.0776751765,UI,2026-09-14 22:56:21.330,1854.828333333333
Pulse experiments,pioreactor01,2026-09-14T17:11:21.632Z,remove_waste,0.0806626833,UI,2026-09-14 22:56:21.632,1854.828333333333
Pulse experiments,pioreactor01,2026-09-14T17:11:21.831Z,add_media,0.0776751765,UI,2026-09-14 22:56:21.831,1854.828333333333
Pulse experiments,pioreactor01,2026-09-14T17:11:22.133Z,remove_waste,0.0806626833,UI,2026-09-14 22:56:22.133,1854.828611111111
Pulse experiments,pioreactor01,2026-09-14T17:11:22.331Z,add_media,0.0776751765,UI,2026-09-14 22:56:22.331,1854.828611111111
Pulse experiments,pioreactor01,2026-09-14T17:11:22.633Z,remove_waste,0.0806626833,UI,2026-09-14 22:56:22.633,1854.828611111111
Pulse experiments,pioreactor01,2026-09-14T17:11:22.832Z,add_media,0.0776751765,UI,2026-09-14 22:56:22.832,1854.828611111111
Pulse experiments,pioreactor01,2026-09-14T17:11:23.134Z,remove_waste,0.0806626833,UI,2026-09-14 22:56:23.134,1854.828888888889
Pulse experiments,pioreactor01,2026-09-14T17:11:23.333Z,add_media,0.0776751765,UI,2026-09-14 22:56:23.333,1854.828888888889
Pulse experiments,pioreactor01,2026-09-14T17:11:23.635Z,remove_waste,0.0806626833,UI,2026-09-14 22:56:23.635,1854.828888888889
Pulse experiments,pioreactor01,2026-09-14T17:11:23.834Z,add_media,0.0776751765,UI,2026-09-14 22:56:23.834,1854.828888888889
Pulse experiments,pioreactor01,2026-09-14T17:11:24.136Z,remove_waste,0.0806626833,UI,2026-09-14 22:56:24.136,1854.829166666667
Pulse experiments,pioreactor01,2026-09-14T17:11:24.335Z,add_media,0.0776751765,UI,2026-09-14 22:56:24.335,1854.829166666667
Pulse experiments,pioreactor01,2026-09-14T17:11:24.637Z,remove_waste,0.0806626833,UI,2026-09-14 22:56:24.637,1854.829166666667
Pulse experiments,pioreactor01,2026-09-14T17:11:24.836Z,add_media,0.0776751765,UI,2026-09-14 22:56:24.836,1854.829166666667
Pulse experiments,pioreactor01,2026-09-14T17:11:25.138Z,remove_waste,0.0806626833,UI,2026-09-14 22:56:25.138,1854.829444444444
Pulse experiments,pioreactor01,2026-09-14T17:11:25.337Z,add_media,0.0776751765,UI,2026-09-14 22:56:25.337,1854.829444444444
Pulse experiments,pioreactor01,2026-09-14T17:11:25.639Z,remove_waste,0.0806626833,UI,2026-09-14 22:56:25.639,1854.829444444444
Pulse experiments,pioreactor01,2026-09-14T17:11:25.839Z,add_media,0.0776751765,UI,2026-09-14 22:56:25.839,1854.829444444444
Pulse experiments,pioreactor01,2026-09-14T17:11:26.140Z,remove_waste,0.0806626833,UI,2026-09-14 22:56:26.140,1854.829722222222
Pulse experiments,pioreactor01,2026-09-14T17:11:26.344Z,add_media,0.0776751765,UI,2026-09-14 22:56:26.344,1854.829722222222
Pulse experiments,pioreactor01,2026-09-14T17:11:26.642Z,remove_waste,0.0806626833,UI,2026-09-14 22:56:26.642,1854.829722222222
Pulse experiments,pioreactor01,2026-09-14T17:11:26.844Z,add_media,0.0776751765,UI,2026-09-14 22:56:26.844,1854.829722222222
Pulse experiments,pioreactor01,2026-09-14T17:11:27.143Z,remove_waste,0.0806626833,UI,2026-09-14 22:56:27.143,1854.83
Pulse experiments,pioreactor01,2026-09-14T17:11:27.345Z,add_media,0.0776751765,UI,2026-09-14 22:56:27.345,1854.83
Pulse experiments,pioreactor01,2026-09-14T17:11:27.645Z,remove_waste,0.0806626833,UI,2026-09-14 22:56:27.645,1854.83
Pulse experiments,pioreactor01,2026-09-14T17:11:27.846Z,add_media,0.0776751765,UI,2026-09-14 22:56:27.846,1854.83
Pulse experiments,pioreactor01,2026-09-14T17:11:28.145Z,remove_waste,0.0806626833,UI,2026-09-14 22:56:28.145,1854.830277777778
Pulse experiments,pioreactor01,2026-09-14T17:11:28.349Z,add_media,0.0776751765,UI,2026-09-14 22:56:28.349,1854.830277777778
Pulse experiments,pioreactor01,2026-09-14T17:11:28.646Z,remove_waste,0.0806626833,UI,2026-09-14 22:56:28.646,1854.830277777778
Pulse experiments,pioreactor01,2026-09-14T17:11:28.850Z,add_media,0.0776751765,UI,2026-09-14 22:56:28.850,1854.830277777778
Pulse experiments,pioreactor01,2026-09-14T17:11:29.148Z,remove_waste,0.0806626833,UI,2026-09-14 22:56:29.148,1854.830555555556
Pulse experiments,pioreactor01,2026-09-14T17:11:29.353Z,add_media,0.0776751765,UI,2026-09-14 22:56:29.353,1854.830555555556
Pulse experiments,pioreactor01,2026-09-14T17:11:29.650Z,remove_waste,0.0806626833,UI,2026-09-14 22:56:29.650,1854.830555555556
Pulse experiments,pioreactor01,2026-09-14T17:11:29.854Z,add_media,0.0776751765,UI,2026-09-14 22:56:29.854,1854.830555555556
Pulse experiments,pioreactor01,2026-09-14T17:11:30.151Z,remove_waste,0.0806626833,UI,2026-09-14 22:56:30.151,1854.830833333333
Pulse experiments,pioreactor01,2026-09-14T17:11:30.355Z,add_media,0.0776751765,UI,2026-09-14 22:56:30.355,1854.830833333333
Pulse experiments,pioreactor01,2026-09-14T17:11:30.652Z,remove_waste,0.0806626833,UI,2026-09-14 22:56:30.652,1854.830833333333
Pulse experiments,pioreactor01,2026-09-14T17:11:30.856Z,add_media,0.0776751765,UI,2026-09-14 22:56:30.856,1854.830833333333
Pulse experiments,pioreactor01,2026-09-14T17:11:31.153Z,remove_waste,0.0806626833,UI,2026-09-14 22:56:31.153,1854.831111111111
Pulse experiments,pioreactor01,2026-09-14T17:11:31.357Z,add_media,0.0776751765,UI,2026-09-14 22:56:31.357,1854.831111111111
Pulse experiments,pioreactor01,2026-09-14T17:11:31.654Z,remove_waste,0.0806626833,UI,2026-09-14 22:56:31.654,1854.831111111111
Pulse experiments,pioreactor01,2026-09-14T17:11:31.858Z,add_media,0.0776751765,UI,2026-09-14 22:56:31.858,1854.831111111111
Pulse experiments,pioreactor01,2026-09-14T17:11:32.155Z,remove_waste,0.0806626833,UI,2026-09-14 22:56:32.155,1854.831388888889
Pulse experiments,pioreactor01,2026-09-14T17:11:32.358Z,add_media,0.0776751765,UI,2026-09-14 22:56:32.358,1854.831388888889
Pulse experiments,pioreactor01,2026-09-14T17:11:32.657Z,remove_waste,0.0806626833,UI,2026-09-14 22:56:32.657,1854.831388888889
Pulse experiments,pioreactor01,2026-09-14T17:11:32.861Z,add_media,0.0776751765,UI,2026-09-14 22:56:32.861,1854.831388888889
Pulse experiments,pioreactor01,2026-09-14T17:11:33.157Z,remove_waste,0.0806626833,UI,2026-09-14 22:56:33.157,1854.831666666667
Pulse experiments,pioreactor01,2026-09-14T17:11:33.362Z,add_media,0.0776751765,UI,2026-09-14 22:56:33.362,1854.831666666667
Pulse experiments,pioreactor01,2026-09-14T17:11:33.658Z,remove_waste,0.0806626833,UI,2026-09-14 22:56:33.658,1854.831666666667
Pulse experiments,pioreactor01,2026-09-14T17:11:33.863Z,add_media,0.0776751765,UI,2026-09-14 22:56:33.863,1854.831666666667
Pulse experiments,pioreactor01,2026-09-14T17:11:34.159Z,remove_waste,0.0806626833,UI,2026-09-14 22:56:34.159,1854.831944444444
Pulse experiments,pioreactor01,2026-09-14T17:11:34.364Z,add_media,0.0776751765,UI,2026-09-14 22:56:34.364,1854.831944444444
Pulse experiments,pioreactor01,2026-09-14T17:11:34.660Z,remove_waste,0.0806626833,UI,2026-09-14 22:56:34.660,1854.831944444444
Pulse experiments,pioreactor01,2026-09-14T17:11:34.865Z,add_media,0.0776751765,UI,2026-09-14 22:56:34.865,1854.831944444444
Pulse experiments,pioreactor01,2026-09-14T17:11:35.160Z,remove_waste,0.0806626833,UI,2026-09-14 22:56:35.160,1854.832222222222
Pulse experiments,pioreactor01,2026-09-14T17:11:35.367Z,add_media,0.0776751765,UI,2026-09-14 22:56:35.367,1854.832222222222
Pulse experiments,pioreactor01,2026-09-14T17:11:35.661Z,remove_waste,0.0806626833,UI,2026-09-14 22:56:35.661,1854.832222222222
Pulse experiments,pioreactor01,2026-09-14T17:11:35.868Z,add_media,0.0776751765,UI,2026-09-14 22:56:35.868,1854.832222222222
Pulse experiments,pioreactor01,2026-09-14T17:11:36.162Z,remove_waste,0.0806626833,UI,2026-09-14 22:56:36.162,1854.8325
Pulse experiments,pioreactor01,2026-09-14T17:11:36.369Z,add_media,0.0776751765,UI,2026-09-14 22:56:36.369,1854.8325
Pulse experiments,pioreactor01,2026-09-14T17:11:36.664Z,remove_waste,0.0806626833,UI,2026-09-14 22:56:36.664,1854.8325
Pulse experiments,pioreactor01,2026-09-14T17:11:36.869Z,add_media,0.0776751765,UI,2026-09-14 22:56:36.869,1854.8325
Pulse experiments,pioreactor01,2026-09-14T17:11:37.165Z,remove_waste,0.0806626833,UI,2026-09-14 22:56:37.165,1854.832777777778
Pulse experiments,pioreactor01,2026-09-14T17:11:37.370Z,add_media,0.0776751765,UI,2026-09-14 22:56:37.370,1854.832777777778
Pulse experiments,pioreactor01,2026-09-14T17:11:37.666Z,remove_waste,0.0806626833,UI,2026-09-14 22:56:37.666,1854.832777777778
Pulse experiments,pioreactor01,2026-09-14T17:11:37.871Z,add_media,0.0776751765,UI,2026-09-14 22:56:37.871,1854.832777777778
Pulse experiments,pioreactor01,2026-09-14T17:11:38.167Z,remove_waste,0.0806626833,UI,2026-09-14 22:56:38.167,1854.833055555556
Pulse experiments,pioreactor01,2026-09-14T17:11:38.371Z,add_media,0.0776751765,UI,2026-09-14 22:56:38.371,1854.833055555556
Pulse experiments,pioreactor01,2026-09-14T17:11:38.668Z,remove_waste,0.0806626833,UI,2026-09-14 22:56:38.668,1854.833055555556
Pulse experiments,pioreactor01,2026-09-14T17:11:38.872Z,add_media,0.0776751765,UI,2026-09-14 22:56:38.872,1854.833055555556
Pulse experiments,pioreactor01,2026-09-14T17:11:39.169Z,remove_waste,0.0806626833,UI,2026-09-14 22:56:39.169,1854.833333333333
Pulse experiments,pioreactor01,2026-09-14T17:11:39.373Z,add_media,0.0776751765,UI,2026-09-14 22:56:39.373,1854.833333333333
Pulse experiments,pioreactor01,2026-09-14T17:11:39.671Z,remove_waste,0.0806626833,UI,2026-09-14 22:56:39.671,1854.833333333333
Pulse experiments,pioreactor01,2026-09-14T17:11:39.874Z,add_media,0.0776751765,UI,2026-09-14 22:56:39.874,1854.833333333333
Pulse experiments,pioreactor01,2026-09-14T17:11:40.172Z,remove_waste,0.0806626833,UI,2026-09-14 22:56:40.172,1854.833611111111
Pulse experiments,pioreactor01,2026-09-14T17:11:40.375Z,add_media,0.0776751765,UI,2026-09-14 22:56:40.375,1854.833611111111
Pulse experiments,pioreactor01,2026-09-14T17:11:40.673Z,remove_waste,0.0806626833,UI,2026-09-14 22:56:40.673,1854.833611111111
Pulse experiments,pioreactor01,2026-09-14T17:11:40.876Z,add_media,0.0776751765,UI,2026-09-14 22:56:40.876,1854.833611111111
Pulse experiments,pioreactor01,2026-09-14T17:11:41.174Z,remove_waste,0.0806626833,UI,2026-09-14 22:56:41.174,1854.833888888889
Pulse experiments,pioreactor01,2026-09-14T17:11:41.376Z,add_media,0.0776751765,UI,2026-09-14 22:56:41.376,1854.833888888889
Pulse experiments,pioreactor01,2026-09-14T17:11:41.675Z,remove_waste,0.0806626833,UI,2026-09-14 22:56:41.675,1854.833888888889
Pulse experiments,pioreactor01,2026-09-14T17:11:41.877Z,add_media,0.0776751765,UI,2026-09-14 22:56:41.877,1854.833888888889
Pulse experiments,pioreactor01,2026-09-14T17:11:42.176Z,remove_waste,0.0806626833,UI,2026-09-14 22:56:42.176,1854.834166666667
Pulse experiments,pioreactor01,2026-09-14T17:11:42.378Z,add_media,0.0776751765,UI,2026-09-14 22:56:42.378,1854.834166666667
Pulse experiments,pioreactor01,2026-09-14T17:11:42.677Z,remove_waste,0.0806626833,UI,2026-09-14 22:56:42.677,1854.834166666667
Pulse experiments,pioreactor01,2026-09-14T17:11:42.879Z,add_media,0.0776751765,UI,2026-09-14 22:56:42.879,1854.834166666667
Pulse experiments,pioreactor01,2026-09-14T17:11:43.178Z,remove_waste,0.0806626833,UI,2026-09-14 22:56:43.178,1854.834444444444
Pulse experiments,pioreactor01,2026-09-14T17:11:43.381Z,add_media,0.0776751765,UI,2026-09-14 22:56:43.381,1854.834444444444
Pulse experiments,pioreactor01,2026-09-14T17:11:43.679Z,remove_waste,0.0806626833,UI,2026-09-14 22:56:43.679,1854.834444444444
Pulse experiments,pioreactor01,2026-09-14T17:11:43.882Z,add_media,0.0776751765,UI,2026-09-14 22:56:43.882,1854.834444444444
Pulse experiments,pioreactor01,2026-09-14T17:11:44.180Z,remove_waste,0.0806626833,UI,2026-09-14 22:56:44.180,1854.834722222222
Pulse experiments,pioreactor01,2026-09-14T17:11:44.383Z,add_media,0.0776751765,UI,2026-09-14 22:56:44.383,1854.834722222222
Pulse experiments,pioreactor01,2026-09-14T17:11:44.681Z,remove_waste,0.0806626833,UI,2026-09-14 22:56:44.681,1854.834722222222
Pulse experiments,pioreactor01,2026-09-14T17:11:44.884Z,add_media,0.0776751765,UI,2026-09-14 22:56:44.884,1854.834722222222
Pulse experiments,pioreactor01,2026-09-14T17:11:45.181Z,remove_waste,0.0806626833,UI,2026-09-14 22:56:45.181,1854.835
Pulse experiments,pioreactor01,2026-09-14T17:11:45.385Z,add_media,0.0776751765,UI,2026-09-14 22:56:45.385,1854.835
Pulse experiments,pioreactor01,2026-09-14T17:11:45.682Z,remove_waste,0.0806626833,UI,2026-09-14 22:56:45.682,1854.835
Pulse experiments,pioreactor01,2026-09-14T17:11:45.886Z,add_media,0.0776751765,UI,2026-09-14 22:56:45.886,1854.835
Pulse experiments,pioreactor01,2026-09-14T17:11:46.183Z,remove_waste,0.0806626833,UI,2026-09-14 22:56:46.183,1854.835277777778
Pulse experiments,pioreactor01,2026-09-14T17:11:46.387Z,add_media,0.0776751765,UI,2026-09-14 22:56:46.387,1854.835277777778
Pulse experiments,pioreactor01,2026-09-14T17:11:46.684Z,remove_waste,0.0806626833,UI,2026-09-14 22:56:46.684,1854.835277777778
Pulse experiments,pioreactor01,2026-09-14T17:11:46.887Z,add_media,0.0776751765,UI,2026-09-14 22:56:46.887,1854.835277777778
Pulse experiments,pioreactor01,2026-09-14T17:11:47.185Z,remove_waste,0.0806626833,UI,2026-09-14 22:56:47.185,1854.835555555556
Pulse experiments,pioreactor01,2026-09-14T17:11:47.389Z,add_media,0.0776751765,UI,2026-09-14 22:56:47.389,1854.835555555556
Pulse experiments,pioreactor01,2026-09-14T17:11:47.686Z,remove_waste,0.0806626833,UI,2026-09-14 22:56:47.686,1854.835555555556
Pulse experiments,pioreactor01,2026-09-14T17:11:47.890Z,add_media,0.0776751765,UI,2026-09-14 22:56:47.890,1854.835555555556
Pulse experiments,pioreactor01,2026-09-14T17:11:48.186Z,remove_waste,0.0806626833,UI,2026-09-14 22:56:48.186,1854.835833333333
Pulse experiments,pioreactor01,2026-09-14T17:11:48.392Z,add_media,0.0776751765,UI,2026-09-14 22:56:48.392,1854.835833333333
Pulse experiments,pioreactor01,2026-09-14T17:11:48.687Z,remove_waste,0.0806626833,UI,2026-09-14 22:56:48.687,1854.835833333333
Pulse experiments,pioreactor01,2026-09-14T17:11:48.892Z,add_media,0.0776751765,UI,2026-09-14 22:56:48.892,1854.835833333333
Pulse experiments,pioreactor01,2026-09-14T17:11:49.189Z,remove_waste,0.0806626833,UI,2026-09-14 22:56:49.189,1854.836111111111
Pulse experiments,pioreactor01,2026-09-14T17:11:49.393Z,add_media,0.0776751765,UI,2026-09-14 22:56:49.393,1854.836111111111
Pulse experiments,pioreactor01,2026-09-14T17:11:49.690Z,remove_waste,0.0806626833,UI,2026-09-14 22:56:49.690,1854.836111111111
Pulse experiments,pioreactor01,2026-09-14T17:11:49.894Z,add_media,0.0776751765,UI,2026-09-14 22:56:49.894,1854.836111111111
Pulse experiments,pioreactor01,2026-09-14T17:11:50.191Z,remove_waste,0.0806626833,UI,2026-09-14 22:56:50.191,1854.836388888889
Pulse experiments,pioreactor01,2026-09-14T17:11:50.396Z,add_media,0.0776751765,UI,2026-09-14 22:56:50.396,1854.836388888889
Pulse experiments,pioreactor01,2026-09-14T17:11:50.691Z,remove_waste,0.0806626833,UI,2026-09-14 22:56:50.691,1854.836388888889
Pulse experiments,pioreactor01,2026-09-14T17:11:50.897Z,add_media,0.0776751765,UI,2026-09-14 22:56:50.897,1854.836388888889
Pulse experiments,pioreactor01,2026-09-14T17:11:51.192Z,remove_waste,0.0806626833,UI,2026-09-14 22:56:51.192,1854.836666666667
Pulse experiments,pioreactor01,2026-09-14T17:11:51.398Z,add_media,0.0776751765,UI,2026-09-14 22:56:51.398,1854.836666666667
Pulse experiments,pioreactor01,2026-09-14T17:11:51.694Z,remove_waste,0.0806626833,UI,2026-09-14 22:56:51.694,1854.836666666667
Pulse experiments,pioreactor01,2026-09-14T17:11:51.899Z,add_media,0.0776751765,UI,2026-09-14 22:56:51.899,1854.836666666667
Pulse experiments,pioreactor01,2026-09-14T17:11:52.195Z,remove_waste,0.0806626833,UI,2026-09-14 22:56:52.195,1854.836944444444
Pulse experiments,pioreactor01,2026-09-14T17:11:52.399Z,add_media,0.0776751765,UI,2026-09-14 22:56:52.399,1854.836944444444
Pulse experiments,pioreactor01,2026-09-14T17:11:52.700Z,remove_waste,0.0806626833,UI,2026-09-14 22:56:52.700,1854.836944444444
Pulse experiments,pioreactor01,2026-09-14T17:11:52.900Z,add_media,0.0776751765,UI,2026-09-14 22:56:52.900,1854.836944444444
Pulse experiments,pioreactor01,2026-09-14T17:11:53.201Z,remove_waste,0.0806626833,UI,2026-09-14 22:56:53.201,1854.837222222222
Pulse experiments,pioreactor01,2026-09-14T17:11:53.404Z,add_media,0.0776751765,UI,2026-09-14 22:56:53.404,1854.837222222222
Pulse experiments,pioreactor01,2026-09-14T17:11:53.702Z,remove_waste,0.0806626833,UI,2026-09-14 22:56:53.702,1854.837222222222
Pulse experiments,pioreactor01,2026-09-14T17:11:53.907Z,add_media,0.0776751765,UI,2026-09-14 22:56:53.907,1854.837222222222
Pulse experiments,pioreactor01,2026-09-14T17:11:54.203Z,remove_waste,0.0806626833,UI,2026-09-14 22:56:54.203,1854.8375
Pulse experiments,pioreactor01,2026-09-14T17:11:54.408Z,add_media,0.0776751765,UI,2026-09-14 22:56:54.408,1854.8375
Pulse experiments,pioreactor01,2026-09-14T17:11:54.704Z,remove_waste,0.0806626833,UI,2026-09-14 22:56:54.704,1854.8375
Pulse experiments,pioreactor01,2026-09-14T17:11:54.908Z,add_media,0.0776751765,UI,2026-09-14 22:56:54.908,1854.8375
Pulse experiments,pioreactor01,2026-09-14T17:11:55.205Z,remove_waste,0.0806626833,UI,2026-09-14 22:56:55.205,1854.837777777778
Pulse experiments,pioreactor01,2026-09-14T17:11:55.409Z,add_media,0.0776751765,UI,2026-09-14 22:56:55.409,1854.837777777778
Pulse experiments,pioreactor01,2026-09-14T17:11:55.705Z,remove_waste,0.0806626833,UI,2026-09-14 22:56:55.705,1854.837777777778
Pulse experiments,pioreactor01,2026-09-14T17:11:55.910Z,add_media,0.0776751765,UI,2026-09-14 22:56:55.910,1854.837777777778
Pulse experiments,pioreactor01,2026-09-14T17:11:56.206Z,remove_waste,0.0806626833,UI,2026-09-14 22:56:56.206,1854.838055555555
Pulse experiments,pioreactor01,2026-09-14T17:11:56.411Z,add_media,0.0776751765,UI,2026-09-14 22:56:56.411,1854.838055555555
Pulse experiments,pioreactor01,2026-09-14T17:11:56.707Z,remove_waste,0.0806626833,UI,2026-09-14 22:56:56.707,1854.838055555555
Pulse experiments,pioreactor01,2026-09-14T17:11:56.912Z,add_media,0.0776751765,UI,2026-09-14 22:56:56.912,1854.838055555555
Pulse experiments,pioreactor01,2026-09-14T17:11:57.209Z,remove_waste,0.0806626833,UI,2026-09-14 22:56:57.209,1854.838333333333
Pulse experiments,pioreactor01,2026-09-14T17:11:57.413Z,add_media,0.0776751765,UI,2026-09-14 22:56:57.413,1854.838333333333
Pulse experiments,pioreactor01,2026-09-14T17:11:57.710Z,remove_waste,0.0806626833,UI,2026-09-14 22:56:57.710,1854.838333333333
Pulse experiments,pioreactor01,2026-09-14T17:11:57.914Z,add_media,0.0776751765,UI,2026-09-14 22:56:57.914,1854.838333333333
Pulse experiments,pioreactor01,2026-09-14T17:11:58.212Z,remove_waste,0.0806626833,UI,2026-09-14 22:56:58.212,1854.838611111111
Pulse experiments,pioreactor01,2026-09-14T17:11:58.415Z,add_media,0.0776751765,UI,2026-09-14 22:56:58.415,1854.838611111111
Pulse experiments,pioreactor01,2026-09-14T17:11:58.713Z,remove_waste,0.0806626833,UI,2026-09-14 22:56:58.713,1854.838611111111
Pulse experiments,pioreactor01,2026-09-14T17:11:58.916Z,add_media,0.0776751765,UI,2026-09-14 22:56:58.916,1854.838611111111
Pulse experiments,pioreactor01,2026-09-14T17:11:59.214Z,remove_waste,0.0806626833,UI,2026-09-14 22:56:59.214,1854.838888888889
Pulse experiments,pioreactor01,2026-09-14T17:11:59.417Z,add_media,0.0776751765,UI,2026-09-14 22:56:59.417,1854.838888888889
Pulse experiments,pioreactor01,2026-09-14T17:11:59.716Z,remove_waste,0.0806626833,UI,2026-09-14 22:56:59.716,1854.838888888889
Pulse experiments,pioreactor01,2026-09-14T17:11:59.918Z,add_media,0.0776751765,UI,2026-09-14 22:56:59.918,1854.838888888889
Pulse experiments,pioreactor01,2026-09-14T17:12:00.217Z,remove_waste,0.0806626833,UI,2026-09-14 22:57:00.217,1854.839166666667
Pulse experiments,pioreactor01,2026-09-14T17:12:00.418Z,add_media,0.0776751765,UI,2026-09-14 22:57:00.418,1854.839166666667
Pulse experiments,pioreactor01,2026-09-14T17:12:00.717Z,remove_waste,0.0806626833,UI,2026-09-14 22:57:00.717,1854.839166666667
Pulse experiments,pioreactor01,2026-09-14T17:12:00.919Z,add_media,0.0776751765,UI,2026-09-14 22:57:00.919,1854.839166666667
Pulse experiments,pioreactor01,2026-09-14T17:12:01.218Z,remove_waste,0.0806626833,UI,2026-09-14 22:57:01.218,1854.839444444445
Pulse experiments,pioreactor01,2026-09-14T17:12:01.420Z,add_media,0.0776751765,UI,2026-09-14 22:57:01.420,1854.839444444445
Pulse experiments,pioreactor01,2026-09-14T17:12:01.720Z,remove_waste,0.0806626833,UI,2026-09-14 22:57:01.720,1854.839444444445
Pulse experiments,pioreactor01,2026-09-14T17:12:01.921Z,add_media,0.0776751765,UI,2026-09-14 22:57:01.921,1854.839444444445
Pulse experiments,pioreactor01,2026-09-14T17:12:02.221Z,remove_waste,0.0806626833,UI,2026-09-14 22:57:02.221,1854.839722222222
Pulse experiments,pioreactor01,2026-09-14T17:12:02.421Z,add_media,0.0776751765,UI,2026-09-14 22:57:02.421,1854.839722222222
Pulse experiments,pioreactor01,2026-09-14T17:12:02.721Z,remove_waste,0.0806626833,UI,2026-09-14 22:57:02.721,1854.839722222222
Pulse experiments,pioreactor01,2026-09-14T17:12:02.922Z,add_media,0.0776751765,UI,2026-09-14 22:57:02.922,1854.839722222222
Pulse experiments,pioreactor01,2026-09-14T17:12:03.222Z,remove_waste,0.0806626833,UI,2026-09-14 22:57:03.222,1854.84
Pulse experiments,pioreactor01,2026-09-14T17:12:03.423Z,add_media,0.0776751765,UI,2026-09-14 22:57:03.423,1854.84
Pulse experiments,pioreactor01,2026-09-14T17:12:03.724Z,remove_waste,0.0806626833,UI,2026-09-14 22:57:03.724,1854.84
Pulse experiments,pioreactor01,2026-09-14T17:12:03.924Z,add_media,0.0776751765,UI,2026-09-14 22:57:03.924,1854.84
Pulse experiments,pioreactor01,2026-09-14T17:12:04.225Z,remove_waste,0.0806626833,UI,2026-09-14 22:57:04.225,1854.840277777778
Pulse experiments,pioreactor01,2026-09-14T17:12:04.425Z,add_media,0.0776751765,UI,2026-09-14 22:57:04.425,1854.840277777778
Pulse experiments,pioreactor01,2026-09-14T17:12:04.728Z,remove_waste,0.0806626833,UI,2026-09-14 22:57:04.728,1854.840277777778
Pulse experiments,pioreactor01,2026-09-14T17:12:04.926Z,add_media,0.0776751765,UI,2026-09-14 22:57:04.926,1854.840277777778
Pulse experiments,pioreactor01,2026-09-14T17:12:05.229Z,remove_waste,0.0806626833,UI,2026-09-14 22:57:05.229,1854.840555555556
Pulse experiments,pioreactor01,2026-09-14T17:12:05.428Z,add_media,0.0776751765,UI,2026-09-14 22:57:05.428,1854.840555555556
Pulse experiments,pioreactor01,2026-09-14T17:12:05.730Z,remove_waste,0.0806626833,UI,2026-09-14 22:57:05.730,1854.840555555556
Pulse experiments,pioreactor01,2026-09-14T17:12:05.930Z,add_media,0.0776751765,UI,2026-09-14 22:57:05.930,1854.840555555556
Pulse experiments,pioreactor01,2026-09-14T17:12:06.230Z,remove_waste,0.0806626833,UI,2026-09-14 22:57:06.230,1854.840833333333
Pulse experiments,pioreactor01,2026-09-14T17:12:06.432Z,add_media,0.0776751765,UI,2026-09-14 22:57:06.432,1854.840833333333
Pulse experiments,pioreactor01,2026-09-14T17:12:06.732Z,remove_waste,0.0806626833,UI,2026-09-14 22:57:06.732,1854.840833333333
Pulse experiments,pioreactor01,2026-09-14T17:12:06.933Z,add_media,0.0776751765,UI,2026-09-14 22:57:06.933,1854.840833333333
Pulse experiments,pioreactor01,2026-09-14T17:12:07.233Z,remove_waste,0.0806626833,UI,2026-09-14 22:57:07.233,1854.841111111111
Pulse experiments,pioreactor01,2026-09-14T17:12:07.435Z,add_media,0.0776751765,UI,2026-09-14 22:57:07.435,1854.841111111111
Pulse experiments,pioreactor01,2026-09-14T17:12:07.734Z,remove_waste,0.0806626833,UI,2026-09-14 22:57:07.734,1854.841111111111
Pulse experiments,pioreactor01,2026-09-14T17:12:07.935Z,add_media,0.0776751765,UI,2026-09-14 22:57:07.935,1854.841111111111
Pulse experiments,pioreactor01,2026-09-14T17:12:08.235Z,remove_waste,0.0806626833,UI,2026-09-14 22:57:08.235,1854.841388888889
Pulse experiments,pioreactor01,2026-09-14T17:12:08.438Z,add_media,0.0776751765,UI,2026-09-14 22:57:08.438,1854.841388888889
Pulse experiments,pioreactor01,2026-09-14T17:12:08.738Z,remove_waste,0.0806626833,UI,2026-09-14 22:57:08.738,1854.841388888889
Pulse experiments,pioreactor01,2026-09-14T17:12:08.939Z,add_media,0.0776751765,UI,2026-09-14 22:57:08.939,1854.841388888889
Pulse experiments,pioreactor01,2026-09-14T17:12:09.239Z,remove_waste,0.0806626833,UI,2026-09-14 22:57:09.239,1854.841666666667
Pulse experiments,pioreactor01,2026-09-14T17:12:09.441Z,add_media,0.0776751765,UI,2026-09-14 22:57:09.441,1854.841666666667
Pulse experiments,pioreactor01,2026-09-14T17:12:09.741Z,remove_waste,0.0806626833,UI,2026-09-14 22:57:09.741,1854.841666666667
Pulse experiments,pioreactor01,2026-09-14T17:12:09.942Z,add_media,0.0776751765,UI,2026-09-14 22:57:09.942,1854.841666666667
Pulse experiments,pioreactor01,2026-09-14T17:12:10.242Z,remove_waste,0.0806626833,UI,2026-09-14 22:57:10.242,1854.841944444444
Pulse experiments,pioreactor01,2026-09-14T17:12:10.443Z,add_media,0.0776751765,UI,2026-09-14 22:57:10.443,1854.841944444444
Pulse experiments,pioreactor01,2026-09-14T17:12:10.743Z,remove_waste,0.0806626833,UI,2026-09-14 22:57:10.743,1854.841944444444
Pulse experiments,pioreactor01,2026-09-14T17:12:10.944Z,add_media,0.0776751765,UI,2026-09-14 22:57:10.944,1854.841944444444
Pulse experiments,pioreactor01,2026-09-14T17:12:11.244Z,remove_waste,0.0806626833,UI,2026-09-14 22:57:11.244,1854.842222222222
Pulse experiments,pioreactor01,2026-09-14T17:12:11.445Z,add_media,0.0776751765,UI,2026-09-14 22:57:11.445,1854.842222222222
Pulse experiments,pioreactor01,2026-09-14T17:12:11.744Z,remove_waste,0.0806626833,UI,2026-09-14 22:57:11.744,1854.842222222222
Pulse experiments,pioreactor01,2026-09-14T17:12:11.946Z,add_media,0.0776751765,UI,2026-09-14 22:57:11.946,1854.842222222222
Pulse experiments,pioreactor01,2026-09-14T17:12:12.245Z,remove_waste,0.0806626833,UI,2026-09-14 22:57:12.245,1854.8425
Pulse experiments,pioreactor01,2026-09-14T17:12:12.447Z,add_media,0.0776751765,UI,2026-09-14 22:57:12.447,1854.8425
Pulse experiments,pioreactor01,2026-09-14T17:12:12.746Z,remove_waste,0.0806626833,UI,2026-09-14 22:57:12.746,1854.8425
Pulse experiments,pioreactor01,2026-09-14T17:12:12.948Z,add_media,0.0776751765,UI,2026-09-14 22:57:12.948,1854.8425
Pulse experiments,pioreactor01,2026-09-14T17:12:13.248Z,remove_waste,0.0806626833,UI,2026-09-14 22:57:13.248,1854.842777777778
Pulse experiments,pioreactor01,2026-09-14T17:12:13.449Z,add_media,0.0776751765,UI,2026-09-14 22:57:13.449,1854.842777777778
Pulse experiments,pioreactor01,2026-09-14T17:12:13.749Z,remove_waste,0.0806626833,UI,2026-09-14 22:57:13.749,1854.842777777778
Pulse experiments,pioreactor01,2026-09-14T17:12:13.949Z,add_media,0.0776751765,UI,2026-09-14 22:57:13.949,1854.842777777778
Pulse experiments,pioreactor01,2026-09-14T17:12:14.250Z,remove_waste,0.0806626833,UI,2026-09-14 22:57:14.250,1854.843055555556
Pulse experiments,pioreactor01,2026-09-14T17:12:14.451Z,add_media,0.0776751765,UI,2026-09-14 22:57:14.451,1854.843055555556
Pulse experiments,pioreactor01,2026-09-14T17:12:14.751Z,remove_waste,0.0806626833,UI,2026-09-14 22:57:14.751,1854.843055555556
Pulse experiments,pioreactor01,2026-09-14T17:12:14.952Z,add_media,0.0776751765,UI,2026-09-14 22:57:14.952,1854.843055555556
Pulse experiments,pioreactor01,2026-09-14T17:12:15.251Z,remove_waste,0.0806626833,UI,2026-09-14 22:57:15.251,1854.843333333333
Pulse experiments,pioreactor01,2026-09-14T17:12:15.453Z,add_media,0.0776751765,UI,2026-09-14 22:57:15.453,1854.843333333333
Pulse experiments,pioreactor01,2026-09-14T17:12:15.752Z,remove_waste,0.0806626833,UI,2026-09-14 22:57:15.752,1854.843333333333
Pulse experiments,pioreactor01,2026-09-14T17:12:15.953Z,add_media,0.0776751765,UI,2026-09-14 22:57:15.953,1854.843333333333
Pulse experiments,pioreactor01,2026-09-14T17:12:16.253Z,remove_waste,0.0806626833,UI,2026-09-14 22:57:16.253,1854.843611111111
Pulse experiments,pioreactor01,2026-09-14T17:12:16.454Z,add_media,0.0776751765,UI,2026-09-14 22:57:16.454,1854.843611111111
Pulse experiments,pioreactor01,2026-09-14T17:12:16.754Z,remove_waste,0.0806626833,UI,2026-09-14 22:57:16.754,1854.843611111111
Pulse experiments,pioreactor01,2026-09-14T17:12:16.955Z,add_media,0.0776751765,UI,2026-09-14 22:57:16.955,1854.843611111111
Pulse experiments,pioreactor01,2026-09-14T17:12:17.255Z,remove_waste,0.0806626833,UI,2026-09-14 22:57:17.255,1854.843888888889
Pulse experiments,pioreactor01,2026-09-14T17:12:17.456Z,add_media,0.0776751765,UI,2026-09-14 22:57:17.456,1854.843888888889
Pulse experiments,pioreactor01,2026-09-14T17:12:17.756Z,remove_waste,0.0806626833,UI,2026-09-14 22:57:17.756,1854.843888888889
Pulse experiments,pioreactor01,2026-09-14T17:12:17.957Z,add_media,0.0776751765,UI,2026-09-14 22:57:17.957,1854.843888888889
Pulse experiments,pioreactor01,2026-09-14T17:12:18.257Z,remove_waste,0.0806626833,UI,2026-09-14 22:57:18.257,1854.844166666667
Pulse experiments,pioreactor01,2026-09-14T17:12:18.459Z,add_media,0.0776751765,UI,2026-09-14 22:57:18.459,1854.844166666667
Pulse experiments,pioreactor01,2026-09-14T17:12:18.758Z,remove_waste,0.0806626833,UI,2026-09-14 22:57:18.758,1854.844166666667
Pulse experiments,pioreactor01,2026-09-14T17:12:18.960Z,add_media,0.0776751765,UI,2026-09-14 22:57:18.960,1854.844166666667
Pulse experiments,pioreactor01,2026-09-14T17:12:19.259Z,remove_waste,0.0806626833,UI,2026-09-14 22:57:19.259,1854.844444444444
Pulse experiments,pioreactor01,2026-09-14T17:12:19.460Z,add_media,0.0776751765,UI,2026-09-14 22:57:19.460,1854.844444444444
Pulse experiments,pioreactor01,2026-09-14T17:12:19.762Z,remove_waste,0.0806626833,UI,2026-09-14 22:57:19.762,1854.844444444444
Pulse experiments,pioreactor01,2026-09-14T17:12:19.961Z,add_media,0.0776751765,UI,2026-09-14 22:57:19.961,1854.844444444444
Pulse experiments,pioreactor01,2026-09-14T17:12:20.263Z,remove_waste,0.0806626833,UI,2026-09-14 22:57:20.263,1854.844722222222
Pulse experiments,pioreactor01,2026-09-14T17:12:20.462Z,add_media,0.0776751765,UI,2026-09-14 22:57:20.462,1854.844722222222
Pulse experiments,pioreactor01,2026-09-14T17:12:20.765Z,remove_waste,0.0806626833,UI,2026-09-14 22:57:20.765,1854.844722222222
Pulse experiments,pioreactor01,2026-09-14T17:12:20.963Z,add_media,0.0776751765,UI,2026-09-14 22:57:20.963,1854.844722222222
Pulse experiments,pioreactor01,2026-09-14T17:12:21.268Z,remove_waste,0.0806626833,UI,2026-09-14 22:57:21.268,1854.845
Pulse experiments,pioreactor01,2026-09-14T17:12:21.463Z,add_media,0.0776751765,UI,2026-09-14 22:57:21.463,1854.845
Pulse experiments,pioreactor01,2026-09-14T17:12:21.768Z,remove_waste,0.0806626833,UI,2026-09-14 22:57:21.768,1854.845
Pulse experiments,pioreactor01,2026-09-14T17:12:21.964Z,add_media,0.0776751765,UI,2026-09-14 22:57:21.964,1854.845
Pulse experiments,pioreactor01,2026-09-14T17:12:22.269Z,remove_waste,0.0806626833,UI,2026-09-14 22:57:22.269,1854.845277777778
Pulse experiments,pioreactor01,2026-09-14T17:12:22.465Z,add_media,0.0776751765,UI,2026-09-14 22:57:22.465,1854.845277777778
Pulse experiments,pioreactor01,2026-09-14T17:12:22.772Z,remove_waste,0.0806626833,UI,2026-09-14 22:57:22.772,1854.845277777778
Pulse experiments,pioreactor01,2026-09-14T17:12:22.966Z,add_media,0.0776751765,UI,2026-09-14 22:57:22.966,1854.845277777778
Pulse experiments,pioreactor01,2026-09-14T17:12:23.273Z,remove_waste,0.0806626833,UI,2026-09-14 22:57:23.273,1854.845555555556
Pulse experiments,pioreactor01,2026-09-14T17:12:23.466Z,add_media,0.0776751765,UI,2026-09-14 22:57:23.466,1854.845555555556
Pulse experiments,pioreactor01,2026-09-14T17:12:23.774Z,remove_waste,0.0806626833,UI,2026-09-14 22:57:23.774,1854.845555555556
Pulse experiments,pioreactor01,2026-09-14T17:12:23.968Z,add_media,0.0776751765,UI,2026-09-14 22:57:23.968,1854.845555555556
Pulse experiments,pioreactor01,2026-09-14T17:12:24.275Z,remove_waste,0.0806626833,UI,2026-09-14 22:57:24.275,1854.845833333333
Pulse experiments,pioreactor01,2026-09-14T17:12:24.469Z,add_media,0.0776751765,UI,2026-09-14 22:57:24.469,1854.845833333333
Pulse experiments,pioreactor01,2026-09-14T17:12:24.776Z,remove_waste,0.0806626833,UI,2026-09-14 22:57:24.776,1854.845833333333
Pulse experiments,pioreactor01,2026-09-14T17:12:24.969Z,add_media,0.0776751765,UI,2026-09-14 22:57:24.969,1854.845833333333
Pulse experiments,pioreactor01,2026-09-14T17:12:25.277Z,remove_waste,0.0806626833,UI,2026-09-14 22:57:25.277,1854.846111111111
Pulse experiments,pioreactor01,2026-09-14T17:12:25.471Z,add_media,0.0776751765,UI,2026-09-14 22:57:25.471,1854.846111111111
Pulse experiments,pioreactor01,2026-09-14T17:12:25.778Z,remove_waste,0.0806626833,UI,2026-09-14 22:57:25.778,1854.846111111111
Pulse experiments,pioreactor01,2026-09-14T17:12:25.972Z,add_media,0.0776751765,UI,2026-09-14 22:57:25.972,1854.846111111111
Pulse experiments,pioreactor01,2026-09-14T17:12:26.279Z,remove_waste,0.0806626833,UI,2026-09-14 22:57:26.279,1854.846388888889
Pulse experiments,pioreactor01,2026-09-14T17:12:26.474Z,add_media,0.0776751765,UI,2026-09-14 22:57:26.474,1854.846388888889
Pulse experiments,pioreactor01,2026-09-14T17:12:26.781Z,remove_waste,0.0806626833,UI,2026-09-14 22:57:26.781,1854.846388888889
Pulse experiments,pioreactor01,2026-09-14T17:12:26.975Z,add_media,0.0776751765,UI,2026-09-14 22:57:26.975,1854.846388888889
Pulse experiments,pioreactor01,2026-09-14T17:12:27.282Z,remove_waste,0.0806626833,UI,2026-09-14 22:57:27.282,1854.846666666667
Pulse experiments,pioreactor01,2026-09-14T17:12:27.476Z,add_media,0.0776751765,UI,2026-09-14 22:57:27.476,1854.846666666667
Pulse experiments,pioreactor01,2026-09-14T17:12:27.783Z,remove_waste,0.0806626833,UI,2026-09-14 22:57:27.783,1854.846666666667
Pulse experiments,pioreactor01,2026-09-14T17:12:27.978Z,add_media,0.0776751765,UI,2026-09-14 22:57:27.978,1854.846666666667
Pulse experiments,pioreactor01,2026-09-14T17:12:28.284Z,remove_waste,0.0806626833,UI,2026-09-14 22:57:28.284,1854.846944444444
Pulse experiments,pioreactor01,2026-09-14T17:12:28.479Z,add_media,0.0776751765,UI,2026-09-14 22:57:28.479,1854.846944444444
Pulse experiments,pioreactor01,2026-09-14T17:12:28.785Z,remove_waste,0.0806626833,UI,2026-09-14 22:57:28.785,1854.846944444444
Pulse experiments,pioreactor01,2026-09-14T17:12:28.980Z,add_media,0.0776751765,UI,2026-09-14 22:57:28.980,1854.846944444444
Pulse experiments,pioreactor01,2026-09-14T17:12:29.286Z,remove_waste,0.0806626833,UI,2026-09-14 22:57:29.286,1854.847222222222
Pulse experiments,pioreactor01,2026-09-14T17:12:29.482Z,add_media,0.0776751765,UI,2026-09-14 22:57:29.482,1854.847222222222
Pulse experiments,pioreactor01,2026-09-14T17:12:29.787Z,remove_waste,0.0806626833,UI,2026-09-14 22:57:29.787,1854.847222222222
Pulse experiments,pioreactor01,2026-09-14T17:12:29.983Z,add_media,0.0776751765,UI,2026-09-14 22:57:29.983,1854.847222222222
Pulse experiments,pioreactor01,2026-09-14T17:12:30.288Z,remove_waste,0.0806626833,UI,2026-09-14 22:57:30.288,1854.8475
Pulse experiments,pioreactor01,2026-09-14T17:12:30.484Z,add_media,0.0776751765,UI,2026-09-14 22:57:30.484,1854.8475
Pulse experiments,pioreactor01,2026-09-14T17:12:30.789Z,remove_waste,0.0806626833,UI,2026-09-14 22:57:30.789,1854.8475
Pulse experiments,pioreactor01,2026-09-14T17:12:30.986Z,add_media,0.0776751765,UI,2026-09-14 22:57:30.986,1854.8475
Pulse experiments,pioreactor01,2026-09-14T17:12:31.290Z,remove_waste,0.0806626833,UI,2026-09-14 22:57:31.290,1854.847777777778
Pulse experiments,pioreactor01,2026-09-14T17:12:31.491Z,add_media,0.0776751765,UI,2026-09-14 22:57:31.491,1854.847777777778
Pulse experiments,pioreactor01,2026-09-14T17:12:31.791Z,remove_waste,0.0806626833,UI,2026-09-14 22:57:31.791,1854.847777777778
Pulse experiments,pioreactor01,2026-09-14T17:12:31.992Z,add_media,0.0776751765,UI,2026-09-14 22:57:31.992,1854.847777777778
Pulse experiments,pioreactor01,2026-09-14T17:12:32.292Z,remove_waste,0.0806626833,UI,2026-09-14 22:57:32.292,1854.848055555555
Pulse experiments,pioreactor01,2026-09-14T17:12:32.493Z,add_media,0.0776751765,UI,2026-09-14 22:57:32.493,1854.848055555555
Pulse experiments,pioreactor01,2026-09-14T17:12:32.793Z,remove_waste,0.0806626833,UI,2026-09-14 22:57:32.793,1854.848055555555
Pulse experiments,pioreactor01,2026-09-14T17:12:32.995Z,add_media,0.0776751765,UI,2026-09-14 22:57:32.995,1854.848055555555
Pulse experiments,pioreactor01,2026-09-14T17:12:33.294Z,remove_waste,0.0806626833,UI,2026-09-14 22:57:33.294,1854.848333333333
Pulse experiments,pioreactor01,2026-09-14T17:12:33.496Z,add_media,0.0776751765,UI,2026-09-14 22:57:33.496,1854.848333333333
Pulse experiments,pioreactor01,2026-09-14T17:12:33.795Z,remove_waste,0.0806626833,UI,2026-09-14 22:57:33.795,1854.848333333333
Pulse experiments,pioreactor01,2026-09-14T17:12:33.997Z,add_media,0.0776751765,UI,2026-09-14 22:57:33.997,1854.848333333333
Pulse experiments,pioreactor01,2026-09-14T17:12:34.296Z,remove_waste,0.0806626833,UI,2026-09-14 22:57:34.296,1854.848611111111
Pulse experiments,pioreactor01,2026-09-14T17:12:34.498Z,add_media,0.0776751765,UI,2026-09-14 22:57:34.498,1854.848611111111
Pulse experiments,pioreactor01,2026-09-14T17:12:34.797Z,remove_waste,0.0806626833,UI,2026-09-14 22:57:34.797,1854.848611111111
Pulse experiments,pioreactor01,2026-09-14T17:12:34.999Z,add_media,0.0776751765,UI,2026-09-14 22:57:34.999,1854.848611111111
Pulse experiments,pioreactor01,2026-09-14T17:12:35.298Z,remove_waste,0.0806626833,UI,2026-09-14 22:57:35.298,1854.848888888889
Pulse experiments,pioreactor01,2026-09-14T17:12:35.500Z,add_media,0.0776751765,UI,2026-09-14 22:57:35.500,1854.848888888889
Pulse experiments,pioreactor01,2026-09-14T17:12:35.798Z,remove_waste,0.0806626833,UI,2026-09-14 22:57:35.798,1854.848888888889
Pulse experiments,pioreactor01,2026-09-14T17:12:36.001Z,add_media,0.0776751765,UI,2026-09-14 22:57:36.001,1854.849166666667
Pulse experiments,pioreactor01,2026-09-14T17:12:36.300Z,remove_waste,0.0806626833,UI,2026-09-14 22:57:36.300,1854.849166666667
Pulse experiments,pioreactor01,2026-09-14T17:12:36.501Z,add_media,0.0776751765,UI,2026-09-14 22:57:36.501,1854.849166666667
Pulse experiments,pioreactor01,2026-09-14T17:12:36.801Z,remove_waste,0.0806626833,UI,2026-09-14 22:57:36.801,1854.849166666667
Pulse experiments,pioreactor01,2026-09-14T17:12:37.002Z,add_media,0.0776751765,UI,2026-09-14 22:57:37.002,1854.849444444445
Pulse experiments,pioreactor01,2026-09-14T17:12:37.302Z,remove_waste,0.0806626833,UI,2026-09-14 22:57:37.302,1854.849444444445
Pulse experiments,pioreactor01,2026-09-14T17:12:37.503Z,add_media,0.0776751765,UI,2026-09-14 22:57:37.503,1854.849444444445
Pulse experiments,pioreactor01,2026-09-14T17:12:37.804Z,remove_waste,0.0806626833,UI,2026-09-14 22:57:37.804,1854.849444444445
Pulse experiments,pioreactor01,2026-09-14T17:12:38.004Z,add_media,0.0776751765,UI,2026-09-14 22:57:38.004,1854.849722222222
Pulse experiments,pioreactor01,2026-09-14T17:12:38.305Z,remove_waste,0.0806626833,UI,2026-09-14 22:57:38.305,1854.849722222222
Pulse experiments,pioreactor01,2026-09-14T17:12:38.505Z,add_media,0.0776751765,UI,2026-09-14 22:57:38.505,1854.849722222222
Pulse experiments,pioreactor01,2026-09-14T17:12:38.806Z,remove_waste,0.0806626833,UI,2026-09-14 22:57:38.806,1854.849722222222
Pulse experiments,pioreactor01,2026-09-14T17:12:39.006Z,add_media,0.0776751765,UI,2026-09-14 22:57:39.006,1854.85
Pulse experiments,pioreactor01,2026-09-14T17:12:39.307Z,remove_waste,0.0806626833,UI,2026-09-14 22:57:39.307,1854.85
Pulse experiments,pioreactor01,2026-09-14T17:12:39.507Z,add_media,0.0776751765,UI,2026-09-14 22:57:39.507,1854.85
Pulse experiments,pioreactor01,2026-09-14T17:12:39.809Z,remove_waste,0.0806626833,UI,2026-09-14 22:57:39.809,1854.85
Pulse experiments,pioreactor01,2026-09-14T17:12:40.008Z,add_media,0.0776751765,UI,2026-09-14 22:57:40.008,1854.850277777778
Pulse experiments,pioreactor01,2026-09-14T17:12:40.309Z,remove_waste,0.0806626833,UI,2026-09-14 22:57:40.309,1854.850277777778
Pulse experiments,pioreactor01,2026-09-14T17:12:40.509Z,add_media,0.0776751765,UI,2026-09-14 22:57:40.509,1854.850277777778
Pulse experiments,pioreactor01,2026-09-14T17:12:40.811Z,remove_waste,0.0806626833,UI,2026-09-14 22:57:40.811,1854.850277777778
Pulse experiments,pioreactor01,2026-09-14T17:12:41.010Z,add_media,0.0776751765,UI,2026-09-14 22:57:41.010,1854.850555555556
Pulse experiments,pioreactor01,2026-09-14T17:12:41.312Z,remove_waste,0.0806626833,UI,2026-09-14 22:57:41.312,1854.850555555556
Pulse experiments,pioreactor01,2026-09-14T17:12:41.511Z,add_media,0.0776751765,UI,2026-09-14 22:57:41.511,1854.850555555556
Pulse experiments,pioreactor01,2026-09-14T17:12:41.813Z,remove_waste,0.0806626833,UI,2026-09-14 22:57:41.813,1854.850555555556
Pulse experiments,pioreactor01,2026-09-14T17:12:42.012Z,add_media,0.0776751765,UI,2026-09-14 22:57:42.012,1854.850833333333
Pulse experiments,pioreactor01,2026-09-14T17:12:42.314Z,remove_waste,0.0806626833,UI,2026-09-14 22:57:42.314,1854.850833333333
Pulse experiments,pioreactor01,2026-09-14T17:12:42.512Z,add_media,0.0776751765,UI,2026-09-14 22:57:42.512,1854.850833333333
Pulse experiments,pioreactor01,2026-09-14T17:12:42.815Z,remove_waste,0.0806626833,UI,2026-09-14 22:57:42.815,1854.850833333333
Pulse experiments,pioreactor01,2026-09-14T17:12:43.013Z,add_media,0.0776751765,UI,2026-09-14 22:57:43.013,1854.851111111111
Pulse experiments,pioreactor01,2026-09-14T17:12:43.316Z,remove_waste,0.0806626833,UI,2026-09-14 22:57:43.316,1854.851111111111
Pulse experiments,pioreactor01,2026-09-14T17:12:43.515Z,add_media,0.0776751765,UI,2026-09-14 22:57:43.515,1854.851111111111
Pulse experiments,pioreactor01,2026-09-14T17:12:43.817Z,remove_waste,0.0806626833,UI,2026-09-14 22:57:43.817,1854.851111111111
Pulse experiments,pioreactor01,2026-09-14T17:12:44.016Z,add_media,0.0776751765,UI,2026-09-14 22:57:44.016,1854.851388888889
Pulse experiments,pioreactor01,2026-09-14T17:12:44.318Z,remove_waste,0.0806626833,UI,2026-09-14 22:57:44.318,1854.851388888889
Pulse experiments,pioreactor01,2026-09-14T17:12:44.517Z,add_media,0.0776751765,UI,2026-09-14 22:57:44.517,1854.851388888889
Pulse experiments,pioreactor01,2026-09-14T17:12:44.820Z,remove_waste,0.0806626833,UI,2026-09-14 22:57:44.820,1854.851388888889
Pulse experiments,pioreactor01,2026-09-14T17:12:45.018Z,add_media,0.0776751765,UI,2026-09-14 22:57:45.018,1854.851666666667
Pulse experiments,pioreactor01,2026-09-14T17:12:45.321Z,remove_waste,0.0806626833,UI,2026-09-14 22:57:45.321,1854.851666666667
Pulse experiments,pioreactor01,2026-09-14T17:12:45.519Z,add_media,0.0776751765,UI,2026-09-14 22:57:45.519,1854.851666666667
Pulse experiments,pioreactor01,2026-09-14T17:12:45.822Z,remove_waste,0.0806626833,UI,2026-09-14 22:57:45.822,1854.851666666667
Pulse experiments,pioreactor01,2026-09-14T17:12:46.020Z,add_media,0.0776751765,UI,2026-09-14 22:57:46.020,1854.851944444444
Pulse experiments,pioreactor01,2026-09-14T17:12:46.323Z,remove_waste,0.0806626833,UI,2026-09-14 22:57:46.323,1854.851944444444
Pulse experiments,pioreactor01,2026-09-14T17:12:46.520Z,add_media,0.0776751765,UI,2026-09-14 22:57:46.520,1854.851944444444
Pulse experiments,pioreactor01,2026-09-14T17:12:46.825Z,remove_waste,0.0806626833,UI,2026-09-14 22:57:46.825,1854.851944444444
Pulse experiments,pioreactor01,2026-09-14T17:12:47.021Z,add_media,0.0776751765,UI,2026-09-14 22:57:47.021,1854.852222222222
Pulse experiments,pioreactor01,2026-09-14T17:12:47.326Z,remove_waste,0.0806626833,UI,2026-09-14 22:57:47.326,1854.852222222222
Pulse experiments,pioreactor01,2026-09-14T17:12:47.522Z,add_media,0.0776751765,UI,2026-09-14 22:57:47.522,1854.852222222222
Pulse experiments,pioreactor01,2026-09-14T17:12:47.826Z,remove_waste,0.0806626833,UI,2026-09-14 22:57:47.826,1854.852222222222
Pulse experiments,pioreactor01,2026-09-14T17:12:48.023Z,add_media,0.0776751765,UI,2026-09-14 22:57:48.023,1854.8525
Pulse experiments,pioreactor01,2026-09-14T17:12:48.329Z,remove_waste,0.0806626833,UI,2026-09-14 22:57:48.329,1854.8525
Pulse experiments,pioreactor01,2026-09-14T17:12:48.523Z,add_media,0.0776751765,UI,2026-09-14 22:57:48.523,1854.8525
Pulse experiments,pioreactor01,2026-09-14T17:12:48.830Z,remove_waste,0.0806626833,UI,2026-09-14 22:57:48.830,1854.8525
Pulse experiments,pioreactor01,2026-09-14T17:12:49.024Z,add_media,0.0776751765,UI,2026-09-14 22:57:49.024,1854.852777777778
Pulse experiments,pioreactor01,2026-09-14T17:12:49.330Z,remove_waste,0.0806626833,UI,2026-09-14 22:57:49.330,1854.852777777778
Pulse experiments,pioreactor01,2026-09-14T17:12:49.525Z,add_media,0.0776751765,UI,2026-09-14 22:57:49.525,1854.852777777778
Pulse experiments,pioreactor01,2026-09-14T17:12:49.831Z,remove_waste,0.0806626833,UI,2026-09-14 22:57:49.831,1854.852777777778
Pulse experiments,pioreactor01,2026-09-14T17:12:50.026Z,add_media,0.0776751765,UI,2026-09-14 22:57:50.026,1854.853055555556
Pulse experiments,pioreactor01,2026-09-14T17:12:50.332Z,remove_waste,0.0806626833,UI,2026-09-14 22:57:50.332,1854.853055555556
Pulse experiments,pioreactor01,2026-09-14T17:12:50.527Z,add_media,0.0776751765,UI,2026-09-14 22:57:50.527,1854.853055555556
Pulse experiments,pioreactor01,2026-09-14T17:12:50.833Z,remove_waste,0.0806626833,UI,2026-09-14 22:57:50.833,1854.853055555556
Pulse experiments,pioreactor01,2026-09-14T17:12:51.029Z,add_media,0.0776751765,UI,2026-09-14 22:57:51.029,1854.853333333333
Pulse experiments,pioreactor01,2026-09-14T17:12:51.334Z,remove_waste,0.0806626833,UI,2026-09-14 22:57:51.334,1854.853333333333
Pulse experiments,pioreactor01,2026-09-14T17:12:51.530Z,add_media,0.0776751765,UI,2026-09-14 22:57:51.530,1854.853333333333
Pulse experiments,pioreactor01,2026-09-14T17:12:51.835Z,remove_waste,0.0806626833,UI,2026-09-14 22:57:51.835,1854.853333333333
Pulse experiments,pioreactor01,2026-09-14T17:12:52.031Z,add_media,0.0776751765,UI,2026-09-14 22:57:52.031,1854.853611111111
Pulse experiments,pioreactor01,2026-09-14T17:12:52.336Z,remove_waste,0.0806626833,UI,2026-09-14 22:57:52.336,1854.853611111111
Pulse experiments,pioreactor01,2026-09-14T17:12:52.532Z,add_media,0.0776751765,UI,2026-09-14 22:57:52.532,1854.853611111111
Pulse experiments,pioreactor01,2026-09-14T17:12:52.837Z,remove_waste,0.0806626833,UI,2026-09-14 22:57:52.837,1854.853611111111
Pulse experiments,pioreactor01,2026-09-14T17:12:53.032Z,add_media,0.0776751765,UI,2026-09-14 22:57:53.032,1854.853888888889
Pulse experiments,pioreactor01,2026-09-14T17:12:53.338Z,remove_waste,0.0806626833,UI,2026-09-14 22:57:53.338,1854.853888888889
Pulse experiments,pioreactor01,2026-09-14T17:12:53.534Z,add_media,0.0776751765,UI,2026-09-14 22:57:53.534,1854.853888888889
Pulse experiments,pioreactor01,2026-09-14T17:12:53.839Z,remove_waste,0.0806626833,UI,2026-09-14 22:57:53.839,1854.853888888889
Pulse experiments,pioreactor01,2026-09-14T17:12:54.036Z,add_media,0.0776751765,UI,2026-09-14 22:57:54.036,1854.854166666667
Pulse experiments,pioreactor01,2026-09-14T17:12:54.340Z,remove_waste,0.0806626833,UI,2026-09-14 22:57:54.340,1854.854166666667
Pulse experiments,pioreactor01,2026-09-14T17:12:54.537Z,add_media,0.0776751765,UI,2026-09-14 22:57:54.537,1854.854166666667
Pulse experiments,pioreactor01,2026-09-14T17:12:54.841Z,remove_waste,0.0806626833,UI,2026-09-14 22:57:54.841,1854.854166666667
Pulse experiments,pioreactor01,2026-09-14T17:12:55.040Z,add_media,0.0776751765,UI,2026-09-14 22:57:55.040,1854.854444444444
Pulse experiments,pioreactor01,2026-09-14T17:12:55.342Z,remove_waste,0.0806626833,UI,2026-09-14 22:57:55.342,1854.854444444444
Pulse experiments,pioreactor01,2026-09-14T17:12:55.542Z,add_media,0.0776751765,UI,2026-09-14 22:57:55.542,1854.854444444444
Pulse experiments,pioreactor01,2026-09-14T17:12:55.842Z,remove_waste,0.0806626833,UI,2026-09-14 22:57:55.842,1854.854444444444
Pulse experiments,pioreactor01,2026-09-14T17:12:56.043Z,add_media,0.0776751765,UI,2026-09-14 22:57:56.043,1854.854722222222
Pulse experiments,pioreactor01,2026-09-14T17:12:56.344Z,remove_waste,0.0806626833,UI,2026-09-14 22:57:56.344,1854.854722222222
Pulse experiments,pioreactor01,2026-09-14T17:12:56.543Z,add_media,0.0776751765,UI,2026-09-14 22:57:56.543,1854.854722222222
Pulse experiments,pioreactor01,2026-09-14T17:12:56.845Z,remove_waste,0.0806626833,UI,2026-09-14 22:57:56.845,1854.854722222222
Pulse experiments,pioreactor01,2026-09-14T17:12:57.045Z,add_media,0.0776751765,UI,2026-09-14 22:57:57.045,1854.855
Pulse experiments,pioreactor01,2026-09-14T17:12:57.346Z,remove_waste,0.0806626833,UI,2026-09-14 22:57:57.346,1854.855
Pulse experiments,pioreactor01,2026-09-14T17:12:57.546Z,add_media,0.0776751765,UI,2026-09-14 22:57:57.546,1854.855
Pulse experiments,pioreactor01,2026-09-14T17:12:57.846Z,remove_waste,0.0806626833,UI,2026-09-14 22:57:57.846,1854.855
Pulse experiments,pioreactor01,2026-09-14T17:12:58.047Z,add_media,0.0776751765,UI,2026-09-14 22:57:58.047,1854.855277777778
Pulse experiments,pioreactor01,2026-09-14T17:12:58.347Z,remove_waste,0.0806626833,UI,2026-09-14 22:57:58.347,1854.855277777778
Pulse experiments,pioreactor01,2026-09-14T17:12:58.549Z,add_media,0.0776751765,UI,2026-09-14 22:57:58.549,1854.855277777778
Pulse experiments,pioreactor01,2026-09-14T17:12:58.849Z,remove_waste,0.0806626833,UI,2026-09-14 22:57:58.849,1854.855277777778
Pulse experiments,pioreactor01,2026-09-14T17:12:59.053Z,add_media,0.0776751765,UI,2026-09-14 22:57:59.053,1854.855555555556
Pulse experiments,pioreactor01,2026-09-14T17:12:59.349Z,remove_waste,0.0806626833,UI,2026-09-14 22:57:59.349,1854.855555555556
Pulse experiments,pioreactor01,2026-09-14T17:12:59.554Z,add_media,0.0776751765,UI,2026-09-14 22:57:59.554,1854.855555555556
Pulse experiments,pioreactor01,2026-09-14T17:12:59.850Z,remove_waste,0.0806626833,UI,2026-09-14 22:57:59.850,1854.855555555556
Pulse experiments,pioreactor01,2026-09-14T17:13:00.056Z,add_media,0.0776751765,UI,2026-09-14 22:58:00.056,1854.855833333333
Pulse experiments,pioreactor01,2026-09-14T17:13:00.351Z,remove_waste,0.0806626833,UI,2026-09-14 22:58:00.351,1854.855833333333
Pulse experiments,pioreactor01,2026-09-14T17:13:00.556Z,add_media,0.0776751765,UI,2026-09-14 22:58:00.556,1854.855833333333
Pulse experiments,pioreactor01,2026-09-14T17:13:00.851Z,remove_waste,0.0806626833,UI,2026-09-14 22:58:00.851,1854.855833333333
Pulse experiments,pioreactor01,2026-09-14T17:13:01.057Z,add_media,0.0776751765,UI,2026-09-14 22:58:01.057,1854.856111111111
Pulse experiments,pioreactor01,2026-09-14T17:13:01.352Z,remove_waste,0.0806626833,UI,2026-09-14 22:58:01.352,1854.856111111111
Pulse experiments,pioreactor01,2026-09-14T17:13:01.558Z,add_media,0.0776751765,UI,2026-09-14 22:58:01.558,1854.856111111111
Pulse experiments,pioreactor01,2026-09-14T17:13:01.854Z,remove_waste,0.0806626833,UI,2026-09-14 22:58:01.854,1854.856111111111
Pulse experiments,pioreactor01,2026-09-14T17:13:02.058Z,add_media,0.0776751765,UI,2026-09-14 22:58:02.058,1854.856388888889
Pulse experiments,pioreactor01,2026-09-14T17:13:02.355Z,remove_waste,0.0806626833,UI,2026-09-14 22:58:02.355,1854.856388888889
Pulse experiments,pioreactor01,2026-09-14T17:13:02.561Z,add_media,0.0776751765,UI,2026-09-14 22:58:02.561,1854.856388888889
Pulse experiments,pioreactor01,2026-09-14T17:13:02.855Z,remove_waste,0.0806626833,UI,2026-09-14 22:58:02.855,1854.856388888889
Pulse experiments,pioreactor01,2026-09-14T17:13:03.061Z,add_media,0.0776751765,UI,2026-09-14 22:58:03.061,1854.856666666667
Pulse experiments,pioreactor01,2026-09-14T17:13:03.358Z,remove_waste,0.0806626833,UI,2026-09-14 22:58:03.358,1854.856666666667
Pulse experiments,pioreactor01,2026-09-14T17:13:03.563Z,add_media,0.0776751765,UI,2026-09-14 22:58:03.563,1854.856666666667
Pulse experiments,pioreactor01,2026-09-14T17:13:03.858Z,remove_waste,0.0806626833,UI,2026-09-14 22:58:03.858,1854.856666666667
Pulse experiments,pioreactor01,2026-09-14T17:13:04.064Z,add_media,0.0776751765,UI,2026-09-14 22:58:04.064,1854.856944444444
Pulse experiments,pioreactor01,2026-09-14T17:13:04.359Z,remove_waste,0.0806626833,UI,2026-09-14 22:58:04.359,1854.856944444444
Pulse experiments,pioreactor01,2026-09-14T17:13:04.565Z,add_media,0.0776751765,UI,2026-09-14 22:58:04.565,1854.856944444444
Pulse experiments,pioreactor01,2026-09-14T17:13:04.860Z,remove_waste,0.0806626833,UI,2026-09-14 22:58:04.860,1854.856944444444
Pulse experiments,pioreactor01,2026-09-14T17:13:05.066Z,add_media,0.0776751765,UI,2026-09-14 22:58:05.066,1854.857222222222
Pulse experiments,pioreactor01,2026-09-14T17:13:05.361Z,remove_waste,0.0806626833,UI,2026-09-14 22:58:05.361,1854.857222222222
Pulse experiments,pioreactor01,2026-09-14T17:13:05.567Z,add_media,0.0776751765,UI,2026-09-14 22:58:05.567,1854.857222222222
Pulse experiments,pioreactor01,2026-09-14T17:13:05.861Z,remove_waste,0.0806626833,UI,2026-09-14 22:58:05.861,1854.857222222222
Pulse experiments,pioreactor01,2026-09-14T17:13:06.068Z,add_media,0.0776751765,UI,2026-09-14 22:58:06.068,1854.8575
Pulse experiments,pioreactor01,2026-09-14T17:13:06.362Z,remove_waste,0.0806626833,UI,2026-09-14 22:58:06.362,1854.8575
Pulse experiments,pioreactor01,2026-09-14T17:13:06.569Z,add_media,0.0776751765,UI,2026-09-14 22:58:06.569,1854.8575
Pulse experiments,pioreactor01,2026-09-14T17:13:06.863Z,remove_waste,0.0806626833,UI,2026-09-14 22:58:06.863,1854.8575
Pulse experiments,pioreactor01,2026-09-14T17:13:07.070Z,add_media,0.0776751765,UI,2026-09-14 22:58:07.070,1854.857777777778
Pulse experiments,pioreactor01,2026-09-14T17:13:07.365Z,remove_waste,0.0806626833,UI,2026-09-14 22:58:07.365,1854.857777777778
Pulse experiments,pioreactor01,2026-09-14T17:13:07.571Z,add_media,0.0776751765,UI,2026-09-14 22:58:07.571,1854.857777777778
Pulse experiments,pioreactor01,2026-09-14T17:13:07.865Z,remove_waste,0.0806626833,UI,2026-09-14 22:58:07.865,1854.857777777778
Pulse experiments,pioreactor01,2026-09-14T17:13:08.073Z,add_media,0.0776751765,UI,2026-09-14 22:58:08.073,1854.858055555556
Pulse experiments,pioreactor01,2026-09-14T17:13:08.367Z,remove_waste,0.0806626833,UI,2026-09-14 22:58:08.367,1854.858055555556
Pulse experiments,pioreactor01,2026-09-14T17:13:08.574Z,add_media,0.0776751765,UI,2026-09-14 22:58:08.574,1854.858055555556
Pulse experiments,pioreactor01,2026-09-14T17:13:08.868Z,remove_waste,0.0806626833,UI,2026-09-14 22:58:08.868,1854.858055555556
Pulse experiments,pioreactor01,2026-09-14T17:13:09.075Z,add_media,0.0776751765,UI,2026-09-14 22:58:09.075,1854.858333333333
Pulse experiments,pioreactor01,2026-09-14T17:13:09.369Z,remove_waste,0.0806626833,UI,2026-09-14 22:58:09.369,1854.858333333333
Pulse experiments,pioreactor01,2026-09-14T17:13:09.576Z,add_media,0.0776751765,UI,2026-09-14 22:58:09.576,1854.858333333333
Pulse experiments,pioreactor01,2026-09-14T17:13:09.869Z,remove_waste,0.0806626833,UI,2026-09-14 22:58:09.869,1854.858333333333
Pulse experiments,pioreactor01,2026-09-14T17:13:10.077Z,add_media,0.0776751765,UI,2026-09-14 22:58:10.077,1854.858611111111
Pulse experiments,pioreactor01,2026-09-14T17:13:10.370Z,remove_waste,0.0806626833,UI,2026-09-14 22:58:10.370,1854.858611111111
Pulse experiments,pioreactor01,2026-09-14T17:13:10.579Z,add_media,0.0776751765,UI,2026-09-14 22:58:10.579,1854.858611111111
Pulse experiments,pioreactor01,2026-09-14T17:13:10.871Z,remove_waste,0.0806626833,UI,2026-09-14 22:58:10.871,1854.858611111111
Pulse experiments,pioreactor01,2026-09-14T17:13:11.079Z,add_media,0.0776751765,UI,2026-09-14 22:58:11.079,1854.858888888889
Pulse experiments,pioreactor01,2026-09-14T17:13:11.372Z,remove_waste,0.0806626833,UI,2026-09-14 22:58:11.372,1854.858888888889
Pulse experiments,pioreactor01,2026-09-14T17:13:11.580Z,add_media,0.0776751765,UI,2026-09-14 22:58:11.580,1854.858888888889
Pulse experiments,pioreactor01,2026-09-14T17:13:11.873Z,remove_waste,0.0806626833,UI,2026-09-14 22:58:11.873,1854.858888888889
Pulse experiments,pioreactor01,2026-09-14T17:13:12.081Z,add_media,0.0776751765,UI,2026-09-14 22:58:12.081,1854.859166666667
Pulse experiments,pioreactor01,2026-09-14T17:13:12.374Z,remove_waste,0.0806626833,UI,2026-09-14 22:58:12.374,1854.859166666667
Pulse experiments,pioreactor01,2026-09-14T17:13:12.582Z,add_media,0.0776751765,UI,2026-09-14 22:58:12.582,1854.859166666667
Pulse experiments,pioreactor01,2026-09-14T17:13:12.875Z,remove_waste,0.0806626833,UI,2026-09-14 22:58:12.875,1854.859166666667
Pulse experiments,pioreactor01,2026-09-14T17:13:13.083Z,add_media,0.0776751765,UI,2026-09-14 22:58:13.083,1854.859444444445
Pulse experiments,pioreactor01,2026-09-14T17:13:13.376Z,remove_waste,0.0806626833,UI,2026-09-14 22:58:13.376,1854.859444444445
Pulse experiments,pioreactor01,2026-09-14T17:13:13.585Z,add_media,0.0776751765,UI,2026-09-14 22:58:13.585,1854.859444444445
Pulse experiments,pioreactor01,2026-09-14T17:13:13.876Z,remove_waste,0.0806626833,UI,2026-09-14 22:58:13.876,1854.859444444445
Pulse experiments,pioreactor01,2026-09-14T17:13:14.086Z,add_media,0.0776751765,UI,2026-09-14 22:58:14.086,1854.859722222222
Pulse experiments,pioreactor01,2026-09-14T17:13:14.377Z,remove_waste,0.0806626833,UI,2026-09-14 22:58:14.377,1854.859722222222
Pulse experiments,pioreactor01,2026-09-14T17:13:14.588Z,add_media,0.0776751765,UI,2026-09-14 22:58:14.588,1854.859722222222
Pulse experiments,pioreactor01,2026-09-14T17:13:14.878Z,remove_waste,0.0806626833,UI,2026-09-14 22:58:14.878,1854.859722222222
Pulse experiments,pioreactor01,2026-09-14T17:13:15.088Z,add_media,0.0776751765,UI,2026-09-14 22:58:15.088,1854.86
Pulse experiments,pioreactor01,2026-09-14T17:13:15.379Z,remove_waste,0.0806626833,UI,2026-09-14 22:58:15.379,1854.86
Pulse experiments,pioreactor01,2026-09-14T17:13:15.589Z,add_media,0.0776751765,UI,2026-09-14 22:58:15.589,1854.86
Pulse experiments,pioreactor01,2026-09-14T17:13:15.880Z,remove_waste,0.0806626833,UI,2026-09-14 22:58:15.880,1854.86
Pulse experiments,pioreactor01,2026-09-14T17:13:16.090Z,add_media,0.0776751765,UI,2026-09-14 22:58:16.090,1854.860277777778
Pulse experiments,pioreactor01,2026-09-14T17:13:16.381Z,remove_waste,0.0806626833,UI,2026-09-14 22:58:16.381,1854.860277777778
Pulse experiments,pioreactor01,2026-09-14T17:13:16.591Z,add_media,0.0776751765,UI,2026-09-14 22:58:16.591,1854.860277777778
Pulse experiments,pioreactor01,2026-09-14T17:13:16.882Z,remove_waste,0.0806626833,UI,2026-09-14 22:58:16.882,1854.860277777778
Pulse experiments,pioreactor01,2026-09-14T17:13:17.092Z,add_media,0.0776751765,UI,2026-09-14 22:58:17.092,1854.860555555555
Pulse experiments,pioreactor01,2026-09-14T17:13:17.382Z,remove_waste,0.0806626833,UI,2026-09-14 22:58:17.382,1854.860555555555
Pulse experiments,pioreactor01,2026-09-14T17:13:17.592Z,add_media,0.0776751765,UI,2026-09-14 22:58:17.592,1854.860555555555
Pulse experiments,pioreactor01,2026-09-14T17:13:17.884Z,remove_waste,0.0806626833,UI,2026-09-14 22:58:17.884,1854.860555555555
Pulse experiments,pioreactor01,2026-09-14T17:13:18.093Z,add_media,0.0776751765,UI,2026-09-14 22:58:18.093,1854.860833333333
Pulse experiments,pioreactor01,2026-09-14T17:13:18.385Z,remove_waste,0.0806626833,UI,2026-09-14 22:58:18.385,1854.860833333333
Pulse experiments,pioreactor01,2026-09-14T17:13:18.604Z,add_media,0.0776751765,UI,2026-09-14 22:58:18.604,1854.860833333333
Pulse experiments,pioreactor01,2026-09-14T17:13:18.885Z,remove_waste,0.0806626833,UI,2026-09-14 22:58:18.885,1854.860833333333
Pulse experiments,pioreactor01,2026-09-14T17:13:19.105Z,add_media,0.0776751765,UI,2026-09-14 22:58:19.105,1854.861111111111
Pulse experiments,pioreactor01,2026-09-14T17:13:19.388Z,remove_waste,0.0806626833,UI,2026-09-14 22:58:19.388,1854.861111111111
Pulse experiments,pioreactor01,2026-09-14T17:13:19.607Z,add_media,0.0776751765,UI,2026-09-14 22:58:19.607,1854.861111111111
Pulse experiments,pioreactor01,2026-09-14T17:13:19.889Z,remove_waste,0.0806626833,UI,2026-09-14 22:58:19.889,1854.861111111111
Pulse experiments,pioreactor01,2026-09-14T17:13:20.109Z,add_media,0.0776751765,UI,2026-09-14 22:58:20.109,1854.861388888889
Pulse experiments,pioreactor01,2026-09-14T17:13:20.390Z,remove_waste,0.0806626833,UI,2026-09-14 22:58:20.390,1854.861388888889
Pulse experiments,pioreactor01,2026-09-14T17:13:20.610Z,add_media,0.0776751765,UI,2026-09-14 22:58:20.610,1854.861388888889
Pulse experiments,pioreactor01,2026-09-14T17:13:20.891Z,remove_waste,0.0806626833,UI,2026-09-14 22:58:20.891,1854.861388888889
Pulse experiments,pioreactor01,2026-09-14T17:13:21.112Z,add_media,0.0776751765,UI,2026-09-14 22:58:21.112,1854.861666666667
Pulse experiments,pioreactor01,2026-09-14T17:13:21.392Z,remove_waste,0.0806626833,UI,2026-09-14 22:58:21.392,1854.861666666667
Pulse experiments,pioreactor01,2026-09-14T17:13:21.615Z,add_media,0.0776751765,UI,2026-09-14 22:58:21.615,1854.861666666667
Pulse experiments,pioreactor01,2026-09-14T17:13:21.893Z,remove_waste,0.0806626833,UI,2026-09-14 22:58:21.893,1854.861666666667
Pulse experiments,pioreactor01,2026-09-14T17:13:22.120Z,add_media,0.0776751765,UI,2026-09-14 22:58:22.120,1854.861944444444
Pulse experiments,pioreactor01,2026-09-14T17:13:22.394Z,remove_waste,0.0806626833,UI,2026-09-14 22:58:22.394,1854.861944444444
Pulse experiments,pioreactor01,2026-09-14T17:13:22.620Z,add_media,0.0776751765,UI,2026-09-14 22:58:22.620,1854.861944444444
Pulse experiments,pioreactor01,2026-09-14T17:13:22.895Z,remove_waste,0.0806626833,UI,2026-09-14 22:58:22.895,1854.861944444444
Pulse experiments,pioreactor01,2026-09-14T17:13:23.121Z,add_media,0.0776751765,UI,2026-09-14 22:58:23.121,1854.862222222222
Pulse experiments,pioreactor01,2026-09-14T17:13:23.396Z,remove_waste,0.0806626833,UI,2026-09-14 22:58:23.396,1854.862222222222
Pulse experiments,pioreactor01,2026-09-14T17:13:23.623Z,add_media,0.0776751765,UI,2026-09-14 22:58:23.623,1854.862222222222
Pulse experiments,pioreactor01,2026-09-14T17:13:23.901Z,remove_waste,0.0806626833,UI,2026-09-14 22:58:23.901,1854.862222222222
Pulse experiments,pioreactor01,2026-09-14T17:13:24.124Z,add_media,0.0776751765,UI,2026-09-14 22:58:24.124,1854.8625
Pulse experiments,pioreactor01,2026-09-14T17:13:24.402Z,remove_waste,0.0806626833,UI,2026-09-14 22:58:24.402,1854.8625
Pulse experiments,pioreactor01,2026-09-14T17:13:24.624Z,add_media,0.0776751765,UI,2026-09-14 22:58:24.624,1854.8625
Pulse experiments,pioreactor01,2026-09-14T17:13:24.903Z,remove_waste,0.0806626833,UI,2026-09-14 22:58:24.903,1854.8625
Pulse experiments,pioreactor01,2026-09-14T17:13:25.125Z,add_media,0.0776751765,UI,2026-09-14 22:58:25.125,1854.862777777778
Pulse experiments,pioreactor01,2026-09-14T17:13:25.404Z,remove_waste,0.0806626833,UI,2026-09-14 22:58:25.404,1854.862777777778
Pulse experiments,pioreactor01,2026-09-14T17:13:25.626Z,add_media,0.0776751765,UI,2026-09-14 22:58:25.626,1854.862777777778
Pulse experiments,pioreactor01,2026-09-14T17:13:25.904Z,remove_waste,0.0806626833,UI,2026-09-14 22:58:25.904,1854.862777777778
Pulse experiments,pioreactor01,2026-09-14T17:13:26.127Z,add_media,0.0776751765,UI,2026-09-14 22:58:26.127,1854.863055555556
Pulse experiments,pioreactor01,2026-09-14T17:13:26.405Z,remove_waste,0.0806626833,UI,2026-09-14 22:58:26.405,1854.863055555556
Pulse experiments,pioreactor01,2026-09-14T17:13:26.628Z,add_media,0.0776751765,UI,2026-09-14 22:58:26.628,1854.863055555556
Pulse experiments,pioreactor01,2026-09-14T17:13:26.906Z,remove_waste,0.0806626833,UI,2026-09-14 22:58:26.906,1854.863055555556
Pulse experiments,pioreactor01,2026-09-14T17:13:27.130Z,add_media,0.0776751765,UI,2026-09-14 22:58:27.130,1854.863333333333
Pulse experiments,pioreactor01,2026-09-14T17:13:27.407Z,remove_waste,0.0806626833,UI,2026-09-14 22:58:27.407,1854.863333333333
Pulse experiments,pioreactor01,2026-09-14T17:13:27.631Z,add_media,0.0776751765,UI,2026-09-14 22:58:27.631,1854.863333333333
Pulse experiments,pioreactor01,2026-09-14T17:13:27.909Z,remove_waste,0.0806626833,UI,2026-09-14 22:58:27.909,1854.863333333333
Pulse experiments,pioreactor01,2026-09-14T17:13:28.134Z,add_media,0.0776751765,UI,2026-09-14 22:58:28.134,1854.863611111111
Pulse experiments,pioreactor01,2026-09-14T17:13:28.410Z,remove_waste,0.0806626833,UI,2026-09-14 22:58:28.410,1854.863611111111
Pulse experiments,pioreactor01,2026-09-14T17:13:28.635Z,add_media,0.0776751765,UI,2026-09-14 22:58:28.635,1854.863611111111
Pulse experiments,pioreactor01,2026-09-14T17:13:28.911Z,remove_waste,0.0806626833,UI,2026-09-14 22:58:28.911,1854.863611111111
Pulse experiments,pioreactor01,2026-09-14T17:13:29.135Z,add_media,0.0776751765,UI,2026-09-14 22:58:29.135,1854.863888888889
Pulse experiments,pioreactor01,2026-09-14T17:13:29.412Z,remove_waste,0.0806626833,UI,2026-09-14 22:58:29.412,1854.863888888889
Pulse experiments,pioreactor01,2026-09-14T17:13:29.636Z,add_media,0.0776751765,UI,2026-09-14 22:58:29.636,1854.863888888889
Pulse experiments,pioreactor01,2026-09-14T17:13:29.914Z,remove_waste,0.0806626833,UI,2026-09-14 22:58:29.914,1854.863888888889
Pulse experiments,pioreactor01,2026-09-14T17:13:30.137Z,add_media,0.0776751765,UI,2026-09-14 22:58:30.137,1854.864166666667
Pulse experiments,pioreactor01,2026-09-14T17:13:30.415Z,remove_waste,0.0806626833,UI,2026-09-14 22:58:30.415,1854.864166666667
Pulse experiments,pioreactor01,2026-09-14T17:13:30.638Z,add_media,0.0776751765,UI,2026-09-14 22:58:30.638,1854.864166666667
Pulse experiments,pioreactor01,2026-09-14T17:13:30.915Z,remove_waste,0.0806626833,UI,2026-09-14 22:58:30.915,1854.864166666667
Pulse experiments,pioreactor01,2026-09-14T17:13:31.139Z,add_media,0.0776751765,UI,2026-09-14 22:58:31.139,1854.864444444444
Pulse experiments,pioreactor01,2026-09-14T17:13:31.416Z,remove_waste,0.0806626833,UI,2026-09-14 22:58:31.416,1854.864444444444
Pulse experiments,pioreactor01,2026-09-14T17:13:31.640Z,add_media,0.0776751765,UI,2026-09-14 22:58:31.640,1854.864444444444
Pulse experiments,pioreactor01,2026-09-14T17:13:31.917Z,remove_waste,0.0806626833,UI,2026-09-14 22:58:31.917,1854.864444444444
Pulse experiments,pioreactor01,2026-09-14T17:13:32.142Z,add_media,0.0776751765,UI,2026-09-14 22:58:32.142,1854.864722222222
Pulse experiments,pioreactor01,2026-09-14T17:13:32.418Z,remove_waste,0.0806626833,UI,2026-09-14 22:58:32.418,1854.864722222222
Pulse experiments,pioreactor01,2026-09-14T17:13:32.643Z,add_media,0.0776751765,UI,2026-09-14 22:58:32.643,1854.864722222222
Pulse experiments,pioreactor01,2026-09-14T17:13:32.918Z,remove_waste,0.0806626833,UI,2026-09-14 22:58:32.918,1854.864722222222
Pulse experiments,pioreactor01,2026-09-14T17:13:33.143Z,add_media,0.0776751765,UI,2026-09-14 22:58:33.143,1854.865
Pulse experiments,pioreactor01,2026-09-14T17:13:33.419Z,remove_waste,0.0806626833,UI,2026-09-14 22:58:33.419,1854.865
Pulse experiments,pioreactor01,2026-09-14T17:13:33.652Z,add_media,0.0776751765,UI,2026-09-14 22:58:33.652,1854.865
Pulse experiments,pioreactor01,2026-09-14T17:13:33.920Z,remove_waste,0.0806626833,UI,2026-09-14 22:58:33.920,1854.865
Pulse experiments,pioreactor01,2026-09-14T17:13:34.153Z,add_media,0.0776751765,UI,2026-09-14 22:58:34.153,1854.865277777778
Pulse experiments,pioreactor01,2026-09-14T17:13:34.421Z,remove_waste,0.0806626833,UI,2026-09-14 22:58:34.421,1854.865277777778
Pulse experiments,pioreactor01,2026-09-14T17:13:34.654Z,add_media,0.0776751765,UI,2026-09-14 22:58:34.654,1854.865277777778
Pulse experiments,pioreactor01,2026-09-14T17:13:34.922Z,remove_waste,0.0806626833,UI,2026-09-14 22:58:34.922,1854.865277777778
Pulse experiments,pioreactor01,2026-09-14T17:13:35.155Z,add_media,0.0776751765,UI,2026-09-14 22:58:35.155,1854.865555555556
Pulse experiments,pioreactor01,2026-09-14T17:13:35.423Z,remove_waste,0.0806626833,UI,2026-09-14 22:58:35.423,1854.865555555556
Pulse experiments,pioreactor01,2026-09-14T17:13:35.656Z,add_media,0.0776751765,UI,2026-09-14 22:58:35.656,1854.865555555556
Pulse experiments,pioreactor01,2026-09-14T17:13:35.925Z,remove_waste,0.0806626833,UI,2026-09-14 22:58:35.925,1854.865555555556
Pulse experiments,pioreactor01,2026-09-14T17:13:36.157Z,add_media,0.0776751765,UI,2026-09-14 22:58:36.157,1854.865833333333
Pulse experiments,pioreactor01,2026-09-14T17:13:36.427Z,remove_waste,0.0806626833,UI,2026-09-14 22:58:36.427,1854.865833333333
Pulse experiments,pioreactor01,2026-09-14T17:13:36.658Z,add_media,0.0776751765,UI,2026-09-14 22:58:36.658,1854.865833333333
Pulse experiments,pioreactor01,2026-09-14T17:13:36.927Z,remove_waste,0.0806626833,UI,2026-09-14 22:58:36.927,1854.865833333333
Pulse experiments,pioreactor01,2026-09-14T17:13:37.159Z,add_media,0.0776751765,UI,2026-09-14 22:58:37.159,1854.866111111111
Pulse experiments,pioreactor01,2026-09-14T17:13:37.430Z,remove_waste,0.0806626833,UI,2026-09-14 22:58:37.430,1854.866111111111
Pulse experiments,pioreactor01,2026-09-14T17:13:37.661Z,add_media,0.0776751765,UI,2026-09-14 22:58:37.661,1854.866111111111
Pulse experiments,pioreactor01,2026-09-14T17:13:37.931Z,remove_waste,0.0806626833,UI,2026-09-14 22:58:37.931,1854.866111111111
Pulse experiments,pioreactor01,2026-09-14T17:13:38.162Z,add_media,0.0776751765,UI,2026-09-14 22:58:38.162,1854.866388888889
Pulse experiments,pioreactor01,2026-09-14T17:13:38.432Z,remove_waste,0.0806626833,UI,2026-09-14 22:58:38.432,1854.866388888889
Pulse experiments,pioreactor01,2026-09-14T17:13:38.663Z,add_media,0.0776751765,UI,2026-09-14 22:58:38.663,1854.866388888889
Pulse experiments,pioreactor01,2026-09-14T17:13:38.932Z,remove_waste,0.0806626833,UI,2026-09-14 22:58:38.932,1854.866388888889
Pulse experiments,pioreactor01,2026-09-14T17:13:39.164Z,add_media,0.0776751765,UI,2026-09-14 22:58:39.164,1854.866666666667
Pulse experiments,pioreactor01,2026-09-14T17:13:39.434Z,remove_waste,0.0806626833,UI,2026-09-14 22:58:39.434,1854.866666666667
Pulse experiments,pioreactor01,2026-09-14T17:13:39.665Z,add_media,0.0776751765,UI,2026-09-14 22:58:39.665,1854.866666666667
Pulse experiments,pioreactor01,2026-09-14T17:13:39.935Z,remove_waste,0.0806626833,UI,2026-09-14 22:58:39.935,1854.866666666667
Pulse experiments,pioreactor01,2026-09-14T17:13:40.166Z,add_media,0.0776751765,UI,2026-09-14 22:58:40.166,1854.866944444444
Pulse experiments,pioreactor01,2026-09-14T17:13:40.436Z,remove_waste,0.0806626833,UI,2026-09-14 22:58:40.436,1854.866944444444
Pulse experiments,pioreactor01,2026-09-14T17:13:40.667Z,add_media,0.0776751765,UI,2026-09-14 22:58:40.667,1854.866944444444
Pulse experiments,pioreactor01,2026-09-14T17:13:40.937Z,remove_waste,0.0806626833,UI,2026-09-14 22:58:40.937,1854.866944444444
Pulse experiments,pioreactor01,2026-09-14T17:13:41.168Z,add_media,0.0776751765,UI,2026-09-14 22:58:41.168,1854.867222222222
Pulse experiments,pioreactor01,2026-09-14T17:13:41.438Z,remove_waste,0.0806626833,UI,2026-09-14 22:58:41.438,1854.867222222222
Pulse experiments,pioreactor01,2026-09-14T17:13:41.668Z,add_media,0.0776751765,UI,2026-09-14 22:58:41.668,1854.867222222222
Pulse experiments,pioreactor01,2026-09-14T17:13:41.939Z,remove_waste,0.0806626833,UI,2026-09-14 22:58:41.939,1854.867222222222
Pulse experiments,pioreactor01,2026-09-14T17:13:42.170Z,add_media,0.0776751765,UI,2026-09-14 22:58:42.170,1854.8675
Pulse experiments,pioreactor01,2026-09-14T17:13:42.440Z,remove_waste,0.0806626833,UI,2026-09-14 22:58:42.440,1854.8675
Pulse experiments,pioreactor01,2026-09-14T17:13:42.671Z,add_media,0.0776751765,UI,2026-09-14 22:58:42.671,1854.8675
Pulse experiments,pioreactor01,2026-09-14T17:13:42.940Z,remove_waste,0.0806626833,UI,2026-09-14 22:58:42.940,1854.8675
Pulse experiments,pioreactor01,2026-09-14T17:13:43.172Z,add_media,0.0776751765,UI,2026-09-14 22:58:43.172,1854.867777777778
Pulse experiments,pioreactor01,2026-09-14T17:13:43.444Z,remove_waste,0.0806626833,UI,2026-09-14 22:58:43.444,1854.867777777778
Pulse experiments,pioreactor01,2026-09-14T17:13:43.673Z,add_media,0.0776751765,UI,2026-09-14 22:58:43.673,1854.867777777778
Pulse experiments,pioreactor01,2026-09-14T17:13:43.945Z,remove_waste,0.0806626833,UI,2026-09-14 22:58:43.945,1854.867777777778
Pulse experiments,pioreactor01,2026-09-14T17:13:44.174Z,add_media,0.0776751765,UI,2026-09-14 22:58:44.174,1854.868055555556
Pulse experiments,pioreactor01,2026-09-14T17:13:44.447Z,remove_waste,0.0806626833,UI,2026-09-14 22:58:44.447,1854.868055555556
Pulse experiments,pioreactor01,2026-09-14T17:13:44.674Z,add_media,0.0776751765,UI,2026-09-14 22:58:44.674,1854.868055555556
Pulse experiments,pioreactor01,2026-09-14T17:13:44.948Z,remove_waste,0.0806626833,UI,2026-09-14 22:58:44.948,1854.868055555556
Pulse experiments,pioreactor01,2026-09-14T17:13:45.175Z,add_media,0.0776751765,UI,2026-09-14 22:58:45.175,1854.868333333333
Pulse experiments,pioreactor01,2026-09-14T17:13:45.449Z,remove_waste,0.0806626833,UI,2026-09-14 22:58:45.449,1854.868333333333
Pulse experiments,pioreactor01,2026-09-14T17:13:45.676Z,add_media,0.0776751765,UI,2026-09-14 22:58:45.676,1854.868333333333
Pulse experiments,pioreactor01,2026-09-14T17:13:45.949Z,remove_waste,0.0806626833,UI,2026-09-14 22:58:45.949,1854.868333333333
Pulse experiments,pioreactor01,2026-09-14T17:13:46.177Z,add_media,0.0776751765,UI,2026-09-14 22:58:46.177,1854.868611111111
Pulse experiments,pioreactor01,2026-09-14T17:13:46.451Z,remove_waste,0.0806626833,UI,2026-09-14 22:58:46.451,1854.868611111111
Pulse experiments,pioreactor01,2026-09-14T17:13:46.678Z,add_media,0.0776751765,UI,2026-09-14 22:58:46.678,1854.868611111111
Pulse experiments,pioreactor01,2026-09-14T17:13:46.952Z,remove_waste,0.0806626833,UI,2026-09-14 22:58:46.952,1854.868611111111
Pulse experiments,pioreactor01,2026-09-14T17:13:47.179Z,add_media,0.0776751765,UI,2026-09-14 22:58:47.179,1854.868888888889
Pulse experiments,pioreactor01,2026-09-14T17:13:47.452Z,remove_waste,0.0806626833,UI,2026-09-14 22:58:47.452,1854.868888888889
Pulse experiments,pioreactor01,2026-09-14T17:13:47.680Z,add_media,0.0776751765,UI,2026-09-14 22:58:47.680,1854.868888888889
Pulse experiments,pioreactor01,2026-09-14T17:13:47.953Z,remove_waste,0.0806626833,UI,2026-09-14 22:58:47.953,1854.868888888889
Pulse experiments,pioreactor01,2026-09-14T17:13:48.181Z,add_media,0.0776751765,UI,2026-09-14 22:58:48.181,1854.869166666667
Pulse experiments,pioreactor01,2026-09-14T17:13:48.459Z,remove_waste,0.0806626833,UI,2026-09-14 22:58:48.459,1854.869166666667
Pulse experiments,pioreactor01,2026-09-14T17:13:48.682Z,add_media,0.0776751765,UI,2026-09-14 22:58:48.682,1854.869166666667
Pulse experiments,pioreactor01,2026-09-14T17:13:48.959Z,remove_waste,0.0806626833,UI,2026-09-14 22:58:48.959,1854.869166666667
Pulse experiments,pioreactor01,2026-09-14T17:13:49.182Z,add_media,0.0776751765,UI,2026-09-14 22:58:49.182,1854.869444444445
Pulse experiments,pioreactor01,2026-09-14T17:13:49.460Z,remove_waste,0.0806626833,UI,2026-09-14 22:58:49.460,1854.869444444445
Pulse experiments,pioreactor01,2026-09-14T17:13:49.684Z,add_media,0.0776751765,UI,2026-09-14 22:58:49.684,1854.869444444445
Pulse experiments,pioreactor01,2026-09-14T17:13:49.961Z,remove_waste,0.0806626833,UI,2026-09-14 22:58:49.961,1854.869444444445
Pulse experiments,pioreactor01,2026-09-14T17:13:50.185Z,add_media,0.0776751765,UI,2026-09-14 22:58:50.185,1854.869722222222
Pulse experiments,pioreactor01,2026-09-14T17:13:50.462Z,remove_waste,0.0806626833,UI,2026-09-14 22:58:50.462,1854.869722222222
Pulse experiments,pioreactor01,2026-09-14T17:13:50.686Z,add_media,0.0776751765,UI,2026-09-14 22:58:50.686,1854.869722222222
Pulse experiments,pioreactor01,2026-09-14T17:13:50.963Z,remove_waste,0.0806626833,UI,2026-09-14 22:58:50.963,1854.869722222222
Pulse experiments,pioreactor01,2026-09-14T17:13:51.187Z,add_media,0.0776751765,UI,2026-09-14 22:58:51.187,1854.87
Pulse experiments,pioreactor01,2026-09-14T17:13:51.464Z,remove_waste,0.0806626833,UI,2026-09-14 22:58:51.464,1854.87
Pulse experiments,pioreactor01,2026-09-14T17:13:51.688Z,add_media,0.0776751765,UI,2026-09-14 22:58:51.688,1854.87
Pulse experiments,pioreactor01,2026-09-14T17:13:51.965Z,remove_waste,0.0806626833,UI,2026-09-14 22:58:51.965,1854.87
Pulse experiments,pioreactor01,2026-09-14T17:13:52.189Z,add_media,0.0776751765,UI,2026-09-14 22:58:52.189,1854.870277777778
Pulse experiments,pioreactor01,2026-09-14T17:13:52.466Z,remove_waste,0.0806626833,UI,2026-09-14 22:58:52.466,1854.870277777778
Pulse experiments,pioreactor01,2026-09-14T17:13:52.690Z,add_media,0.0776751765,UI,2026-09-14 22:58:52.690,1854.870277777778
Pulse experiments,pioreactor01,2026-09-14T17:13:52.966Z,remove_waste,0.0806626833,UI,2026-09-14 22:58:52.966,1854.870277777778
Pulse experiments,pioreactor01,2026-09-14T17:13:53.194Z,add_media,0.0776751765,UI,2026-09-14 22:58:53.194,1854.870555555555
Pulse experiments,pioreactor01,2026-09-14T17:13:53.467Z,remove_waste,0.0806626833,UI,2026-09-14 22:58:53.467,1854.870555555555
Pulse experiments,pioreactor01,2026-09-14T17:13:53.695Z,add_media,0.0776751765,UI,2026-09-14 22:58:53.695,1854.870555555555
Pulse experiments,pioreactor01,2026-09-14T17:13:53.969Z,remove_waste,0.0806626833,UI,2026-09-14 22:58:53.969,1854.870555555555
Pulse experiments,pioreactor01,2026-09-14T17:13:54.195Z,add_media,0.0776751765,UI,2026-09-14 22:58:54.195,1854.870833333333
Pulse experiments,pioreactor01,2026-09-14T17:13:54.470Z,remove_waste,0.0806626833,UI,2026-09-14 22:58:54.470,1854.870833333333
Pulse experiments,pioreactor01,2026-09-14T17:13:54.697Z,add_media,0.0776751765,UI,2026-09-14 22:58:54.697,1854.870833333333
Pulse experiments,pioreactor01,2026-09-14T17:13:54.970Z,remove_waste,0.0806626833,UI,2026-09-14 22:58:54.970,1854.870833333333
Pulse experiments,pioreactor01,2026-09-14T17:13:55.197Z,add_media,0.0776751765,UI,2026-09-14 22:58:55.197,1854.871111111111
Pulse experiments,pioreactor01,2026-09-14T17:13:55.471Z,remove_waste,0.0806626833,UI,2026-09-14 22:58:55.471,1854.871111111111
Pulse experiments,pioreactor01,2026-09-14T17:13:55.698Z,add_media,0.0776751765,UI,2026-09-14 22:58:55.698,1854.871111111111
Pulse experiments,pioreactor01,2026-09-14T17:13:55.972Z,remove_waste,0.0806626833,UI,2026-09-14 22:58:55.972,1854.871111111111
Pulse experiments,pioreactor01,2026-09-14T17:13:56.199Z,add_media,0.0776751765,UI,2026-09-14 22:58:56.199,1854.871388888889
Pulse experiments,pioreactor01,2026-09-14T17:13:56.473Z,remove_waste,0.0806626833,UI,2026-09-14 22:58:56.473,1854.871388888889
Pulse experiments,pioreactor01,2026-09-14T17:13:56.700Z,add_media,0.0776751765,UI,2026-09-14 22:58:56.700,1854.871388888889
Pulse experiments,pioreactor01,2026-09-14T17:13:56.974Z,remove_waste,0.0806626833,UI,2026-09-14 22:58:56.974,1854.871388888889
Pulse experiments,pioreactor01,2026-09-14T17:13:57.201Z,add_media,0.0776751765,UI,2026-09-14 22:58:57.201,1854.871666666667
Pulse experiments,pioreactor01,2026-09-14T17:13:57.475Z,remove_waste,0.0806626833,UI,2026-09-14 22:58:57.475,1854.871666666667
Pulse experiments,pioreactor01,2026-09-14T17:13:57.703Z,add_media,0.0776751765,UI,2026-09-14 22:58:57.703,1854.871666666667
Pulse experiments,pioreactor01,2026-09-14T17:13:57.976Z,remove_waste,0.0806626833,UI,2026-09-14 22:58:57.976,1854.871666666667
Pulse experiments,pioreactor01,2026-09-14T17:13:58.204Z,add_media,0.0776751765,UI,2026-09-14 22:58:58.204,1854.871944444444
Pulse experiments,pioreactor01,2026-09-14T17:13:58.477Z,remove_waste,0.0806626833,UI,2026-09-14 22:58:58.477,1854.871944444444
Pulse experiments,pioreactor01,2026-09-14T17:13:58.705Z,add_media,0.0776751765,UI,2026-09-14 22:58:58.705,1854.871944444444
Pulse experiments,pioreactor01,2026-09-14T17:13:58.978Z,remove_waste,0.0806626833,UI,2026-09-14 22:58:58.978,1854.871944444444
Pulse experiments,pioreactor01,2026-09-14T17:13:59.205Z,add_media,0.0776751765,UI,2026-09-14 22:58:59.205,1854.872222222222
Pulse experiments,pioreactor01,2026-09-14T17:13:59.480Z,remove_waste,0.0806626833,UI,2026-09-14 22:58:59.480,1854.872222222222
Pulse experiments,pioreactor01,2026-09-14T17:13:59.710Z,add_media,0.0776751765,UI,2026-09-14 22:58:59.710,1854.872222222222
Pulse experiments,pioreactor01,2026-09-14T17:13:59.981Z,remove_waste,0.0806626833,UI,2026-09-14 22:58:59.981,1854.872222222222
Pulse experiments,pioreactor01,2026-09-14T17:14:00.211Z,add_media,0.0776751765,UI,2026-09-14 22:59:00.211,1854.8725
Pulse experiments,pioreactor01,2026-09-14T17:14:00.482Z,remove_waste,0.0806626833,UI,2026-09-14 22:59:00.482,1854.8725
Pulse experiments,pioreactor01,2026-09-14T17:14:00.711Z,add_media,0.0776751765,UI,2026-09-14 22:59:00.711,1854.8725
Pulse experiments,pioreactor01,2026-09-14T17:14:00.983Z,remove_waste,0.0806626833,UI,2026-09-14 22:59:00.983,1854.8725
Pulse experiments,pioreactor01,2026-09-14T17:14:01.212Z,add_media,0.0776751765,UI,2026-09-14 22:59:01.212,1854.872777777778
Pulse experiments,pioreactor01,2026-09-14T17:14:01.484Z,remove_waste,0.0806626833,UI,2026-09-14 22:59:01.484,1854.872777777778
Pulse experiments,pioreactor01,2026-09-14T17:14:01.713Z,add_media,0.0776751765,UI,2026-09-14 22:59:01.713,1854.872777777778
Pulse experiments,pioreactor01,2026-09-14T17:14:01.985Z,remove_waste,0.0806626833,UI,2026-09-14 22:59:01.985,1854.872777777778
Pulse experiments,pioreactor01,2026-09-14T17:14:02.214Z,add_media,0.0776751765,UI,2026-09-14 22:59:02.214,1854.873055555556
Pulse experiments,pioreactor01,2026-09-14T17:14:02.486Z,remove_waste,0.0806626833,UI,2026-09-14 22:59:02.486,1854.873055555556
Pulse experiments,pioreactor01,2026-09-14T17:14:02.716Z,add_media,0.0776751765,UI,2026-09-14 22:59:02.716,1854.873055555556
Pulse experiments,pioreactor01,2026-09-14T17:14:02.987Z,remove_waste,0.0806626833,UI,2026-09-14 22:59:02.987,1854.873055555556
Pulse experiments,pioreactor01,2026-09-14T17:14:03.216Z,add_media,0.0776751765,UI,2026-09-14 22:59:03.216,1854.873333333333
Pulse experiments,pioreactor01,2026-09-14T17:14:03.487Z,remove_waste,0.0806626833,UI,2026-09-14 22:59:03.487,1854.873333333333
Pulse experiments,pioreactor01,2026-09-14T17:14:03.718Z,add_media,0.0776751765,UI,2026-09-14 22:59:03.718,1854.873333333333
Pulse experiments,pioreactor01,2026-09-14T17:14:03.989Z,remove_waste,0.0806626833,UI,2026-09-14 22:59:03.989,1854.873333333333
Pulse experiments,pioreactor01,2026-09-14T17:14:04.221Z,add_media,0.0776751765,UI,2026-09-14 22:59:04.221,1854.873611111111
Pulse experiments,pioreactor01,2026-09-14T17:14:04.490Z,remove_waste,0.0806626833,UI,2026-09-14 22:59:04.490,1854.873611111111
Pulse experiments,pioreactor01,2026-09-14T17:14:04.723Z,add_media,0.0776751765,UI,2026-09-14 22:59:04.723,1854.873611111111
Pulse experiments,pioreactor01,2026-09-14T17:14:04.991Z,remove_waste,0.0806626833,UI,2026-09-14 22:59:04.991,1854.873611111111
Pulse experiments,pioreactor01,2026-09-14T17:14:05.224Z,add_media,0.0776751765,UI,2026-09-14 22:59:05.224,1854.873888888889
Pulse experiments,pioreactor01,2026-09-14T17:14:05.492Z,remove_waste,0.0806626833,UI,2026-09-14 22:59:05.492,1854.873888888889
Pulse experiments,pioreactor01,2026-09-14T17:14:05.725Z,add_media,0.0776751765,UI,2026-09-14 22:59:05.725,1854.873888888889
Pulse experiments,pioreactor01,2026-09-14T17:14:05.993Z,remove_waste,0.0806626833,UI,2026-09-14 22:59:05.993,1854.873888888889
Pulse experiments,pioreactor01,2026-09-14T17:14:06.226Z,add_media,0.0776751765,UI,2026-09-14 22:59:06.226,1854.874166666667
Pulse experiments,pioreactor01,2026-09-14T17:14:06.493Z,remove_waste,0.0806626833,UI,2026-09-14 22:59:06.493,1854.874166666667
Pulse experiments,pioreactor01,2026-09-14T17:14:06.727Z,add_media,0.0776751765,UI,2026-09-14 22:59:06.727,1854.874166666667
Pulse experiments,pioreactor01,2026-09-14T17:14:06.995Z,remove_waste,0.0806626833,UI,2026-09-14 22:59:06.995,1854.874166666667
Pulse experiments,pioreactor01,2026-09-14T17:14:07.228Z,add_media,0.0776751765,UI,2026-09-14 22:59:07.228,1854.874444444444
Pulse experiments,pioreactor01,2026-09-14T17:14:07.496Z,remove_waste,0.0806626833,UI,2026-09-14 22:59:07.496,1854.874444444444
Pulse experiments,pioreactor01,2026-09-14T17:14:07.728Z,add_media,0.0776751765,UI,2026-09-14 22:59:07.728,1854.874444444444
Pulse experiments,pioreactor01,2026-09-14T17:14:07.997Z,remove_waste,0.0806626833,UI,2026-09-14 22:59:07.997,1854.874444444444
Pulse experiments,pioreactor01,2026-09-14T17:14:08.229Z,add_media,0.0776751765,UI,2026-09-14 22:59:08.229,1854.874722222222
Pulse experiments,pioreactor01,2026-09-14T17:14:08.499Z,remove_waste,0.0806626833,UI,2026-09-14 22:59:08.499,1854.874722222222
Pulse experiments,pioreactor01,2026-09-14T17:14:08.731Z,add_media,0.0776751765,UI,2026-09-14 22:59:08.731,1854.874722222222
Pulse experiments,pioreactor01,2026-09-14T17:14:09.000Z,remove_waste,0.0806626833,UI,2026-09-14 22:59:09.000,1854.875
Pulse experiments,pioreactor01,2026-09-14T17:14:09.232Z,add_media,0.0776751765,UI,2026-09-14 22:59:09.232,1854.875
Pulse experiments,pioreactor01,2026-09-14T17:14:09.501Z,remove_waste,0.0806626833,UI,2026-09-14 22:59:09.501,1854.875
Pulse experiments,pioreactor01,2026-09-14T17:14:09.733Z,add_media,0.0776751765,UI,2026-09-14 22:59:09.733,1854.875
Pulse experiments,pioreactor01,2026-09-14T17:14:10.002Z,remove_waste,0.0806626833,UI,2026-09-14 22:59:10.002,1854.875277777778
Pulse experiments,pioreactor01,2026-09-14T17:14:10.234Z,add_media,0.0776751765,UI,2026-09-14 22:59:10.234,1854.875277777778
Pulse experiments,pioreactor01,2026-09-14T17:14:10.503Z,remove_waste,0.0806626833,UI,2026-09-14 22:59:10.503,1854.875277777778
Pulse experiments,pioreactor01,2026-09-14T17:14:10.734Z,add_media,0.0776751765,UI,2026-09-14 22:59:10.734,1854.875277777778
Pulse experiments,pioreactor01,2026-09-14T17:14:11.004Z,remove_waste,0.0806626833,UI,2026-09-14 22:59:11.004,1854.875555555556
Pulse experiments,pioreactor01,2026-09-14T17:14:11.235Z,add_media,0.0776751765,UI,2026-09-14 22:59:11.235,1854.875555555556
Pulse experiments,pioreactor01,2026-09-14T17:14:11.504Z,remove_waste,0.0806626833,UI,2026-09-14 22:59:11.504,1854.875555555556
Pulse experiments,pioreactor01,2026-09-14T17:14:11.736Z,add_media,0.0776751765,UI,2026-09-14 22:59:11.736,1854.875555555556
Pulse experiments,pioreactor01,2026-09-14T17:14:12.005Z,remove_waste,0.0806626833,UI,2026-09-14 22:59:12.005,1854.875833333333
Pulse experiments,pioreactor01,2026-09-14T17:14:12.237Z,add_media,0.0776751765,UI,2026-09-14 22:59:12.237,1854.875833333333
Pulse experiments,pioreactor01,2026-09-14T17:14:12.506Z,remove_waste,0.0806626833,UI,2026-09-14 22:59:12.506,1854.875833333333
Pulse experiments,pioreactor01,2026-09-14T17:14:12.738Z,add_media,0.0776751765,UI,2026-09-14 22:59:12.738,1854.875833333333
Pulse experiments,pioreactor01,2026-09-14T17:14:13.007Z,remove_waste,0.0806626833,UI,2026-09-14 22:59:13.007,1854.876111111111
Pulse experiments,pioreactor01,2026-09-14T17:14:13.238Z,add_media,0.0776751765,UI,2026-09-14 22:59:13.238,1854.876111111111
Pulse experiments,pioreactor01,2026-09-14T17:14:13.508Z,remove_waste,0.0806626833,UI,2026-09-14 22:59:13.508,1854.876111111111
Pulse experiments,pioreactor01,2026-09-14T17:14:13.739Z,add_media,0.0776751765,UI,2026-09-14 22:59:13.739,1854.876111111111
Pulse experiments,pioreactor01,2026-09-14T17:14:14.010Z,remove_waste,0.0806626833,UI,2026-09-14 22:59:14.010,1854.876388888889
Pulse experiments,pioreactor01,2026-09-14T17:14:14.240Z,add_media,0.0776751765,UI,2026-09-14 22:59:14.240,1854.876388888889
Pulse experiments,pioreactor01,2026-09-14T17:14:14.511Z,remove_waste,0.0806626833,UI,2026-09-14 22:59:14.511,1854.876388888889
Pulse experiments,pioreactor01,2026-09-14T17:14:14.742Z,add_media,0.0776751765,UI,2026-09-14 22:59:14.742,1854.876388888889
Pulse experiments,pioreactor01,2026-09-14T17:14:15.012Z,remove_waste,0.0806626833,UI,2026-09-14 22:59:15.012,1854.876666666667
Pulse experiments,pioreactor01,2026-09-14T17:14:15.243Z,add_media,0.0776751765,UI,2026-09-14 22:59:15.243,1854.876666666667
Pulse experiments,pioreactor01,2026-09-14T17:14:15.513Z,remove_waste,0.0806626833,UI,2026-09-14 22:59:15.513,1854.876666666667
Pulse experiments,pioreactor01,2026-09-14T17:14:15.744Z,add_media,0.0776751765,UI,2026-09-14 22:59:15.744,1854.876666666667
Pulse experiments,pioreactor01,2026-09-14T17:14:16.013Z,remove_waste,0.0806626833,UI,2026-09-14 22:59:16.013,1854.876944444444
Pulse experiments,pioreactor01,2026-09-14T17:14:16.245Z,add_media,0.0776751765,UI,2026-09-14 22:59:16.245,1854.876944444444
Pulse experiments,pioreactor01,2026-09-14T17:14:16.514Z,remove_waste,0.0806626833,UI,2026-09-14 22:59:16.514,1854.876944444444
Pulse experiments,pioreactor01,2026-09-14T17:14:16.746Z,add_media,0.0776751765,UI,2026-09-14 22:59:16.746,1854.876944444444
Pulse experiments,pioreactor01,2026-09-14T17:14:17.015Z,remove_waste,0.0806626833,UI,2026-09-14 22:59:17.015,1854.877222222222
Pulse experiments,pioreactor01,2026-09-14T17:14:17.247Z,add_media,0.0776751765,UI,2026-09-14 22:59:17.247,1854.877222222222
Pulse experiments,pioreactor01,2026-09-14T17:14:17.516Z,remove_waste,0.0806626833,UI,2026-09-14 22:59:17.516,1854.877222222222
Pulse experiments,pioreactor01,2026-09-14T17:14:17.747Z,add_media,0.0776751765,UI,2026-09-14 22:59:17.747,1854.877222222222
Pulse experiments,pioreactor01,2026-09-14T17:14:18.017Z,remove_waste,0.0806626833,UI,2026-09-14 22:59:18.017,1854.8775
Pulse experiments,pioreactor01,2026-09-14T17:14:18.248Z,add_media,0.0776751765,UI,2026-09-14 22:59:18.248,1854.8775
Pulse experiments,pioreactor01,2026-09-14T17:14:18.518Z,remove_waste,0.0806626833,UI,2026-09-14 22:59:18.518,1854.8775
Pulse experiments,pioreactor01,2026-09-14T17:14:18.754Z,add_media,0.0776751765,UI,2026-09-14 22:59:18.754,1854.8775
Pulse experiments,pioreactor01,2026-09-14T17:14:19.019Z,remove_waste,0.0806626833,UI,2026-09-14 22:59:19.019,1854.877777777778
Pulse experiments,pioreactor01,2026-09-14T17:14:19.255Z,add_media,0.0776751765,UI,2026-09-14 22:59:19.255,1854.877777777778
Pulse experiments,pioreactor01,2026-09-14T17:14:19.519Z,remove_waste,0.0806626833,UI,2026-09-14 22:59:19.519,1854.877777777778
Pulse experiments,pioreactor01,2026-09-14T17:14:19.756Z,add_media,0.0776751765,UI,2026-09-14 22:59:19.756,1854.877777777778
Pulse experiments,pioreactor01,2026-09-14T17:14:20.020Z,remove_waste,0.0806626833,UI,2026-09-14 22:59:20.020,1854.878055555556
Pulse experiments,pioreactor01,2026-09-14T17:14:20.257Z,add_media,0.0776751765,UI,2026-09-14 22:59:20.257,1854.878055555556
Pulse experiments,pioreactor01,2026-09-14T17:14:20.521Z,remove_waste,0.0806626833,UI,2026-09-14 22:59:20.521,1854.878055555556
Pulse experiments,pioreactor01,2026-09-14T17:14:20.757Z,add_media,0.0776751765,UI,2026-09-14 22:59:20.757,1854.878055555556
Pulse experiments,pioreactor01,2026-09-14T17:14:21.022Z,remove_waste,0.0806626833,UI,2026-09-14 22:59:21.022,1854.878333333333
Pulse experiments,pioreactor01,2026-09-14T17:14:21.259Z,add_media,0.0776751765,UI,2026-09-14 22:59:21.259,1854.878333333333
Pulse experiments,pioreactor01,2026-09-14T17:14:21.523Z,remove_waste,0.0806626833,UI,2026-09-14 22:59:21.523,1854.878333333333
Pulse experiments,pioreactor01,2026-09-14T17:14:21.760Z,add_media,0.0776751765,UI,2026-09-14 22:59:21.760,1854.878333333333
Pulse experiments,pioreactor01,2026-09-14T17:14:22.023Z,remove_waste,0.0806626833,UI,2026-09-14 22:59:22.023,1854.878611111111
Pulse experiments,pioreactor01,2026-09-14T17:14:22.262Z,add_media,0.0776751765,UI,2026-09-14 22:59:22.262,1854.878611111111
Pulse experiments,pioreactor01,2026-09-14T17:14:22.524Z,remove_waste,0.0806626833,UI,2026-09-14 22:59:22.524,1854.878611111111
Pulse experiments,pioreactor01,2026-09-14T17:14:22.764Z,add_media,0.0776751765,UI,2026-09-14 22:59:22.764,1854.878611111111
Pulse experiments,pioreactor01,2026-09-14T17:14:23.026Z,remove_waste,0.0806626833,UI,2026-09-14 22:59:23.026,1854.878888888889
Pulse experiments,pioreactor01,2026-09-14T17:14:23.265Z,add_media,0.0776751765,UI,2026-09-14 22:59:23.265,1854.878888888889
Pulse experiments,pioreactor01,2026-09-14T17:14:23.527Z,remove_waste,0.0806626833,UI,2026-09-14 22:59:23.527,1854.878888888889
Pulse experiments,pioreactor01,2026-09-14T17:14:23.766Z,add_media,0.0776751765,UI,2026-09-14 22:59:23.766,1854.878888888889
Pulse experiments,pioreactor01,2026-09-14T17:14:24.028Z,remove_waste,0.0806626833,UI,2026-09-14 22:59:24.028,1854.879166666667
Pulse experiments,pioreactor01,2026-09-14T17:14:24.268Z,add_media,0.0776751765,UI,2026-09-14 22:59:24.268,1854.879166666667
Pulse experiments,pioreactor01,2026-09-14T17:14:24.529Z,remove_waste,0.0806626833,UI,2026-09-14 22:59:24.529,1854.879166666667
Pulse experiments,pioreactor01,2026-09-14T17:14:24.768Z,add_media,0.0776751765,UI,2026-09-14 22:59:24.768,1854.879166666667
Pulse experiments,pioreactor01,2026-09-14T17:14:25.030Z,remove_waste,0.0806626833,UI,2026-09-14 22:59:25.030,1854.879444444445
Pulse experiments,pioreactor01,2026-09-14T17:14:25.269Z,add_media,0.0776751765,UI,2026-09-14 22:59:25.269,1854.879444444445
Pulse experiments,pioreactor01,2026-09-14T17:14:25.531Z,remove_waste,0.0806626833,UI,2026-09-14 22:59:25.531,1854.879444444445
Pulse experiments,pioreactor01,2026-09-14T17:14:25.771Z,add_media,0.0776751765,UI,2026-09-14 22:59:25.771,1854.879444444445
Pulse experiments,pioreactor01,2026-09-14T17:14:26.032Z,remove_waste,0.0806626833,UI,2026-09-14 22:59:26.032,1854.879722222222
Pulse experiments,pioreactor01,2026-09-14T17:14:26.272Z,add_media,0.0776751765,UI,2026-09-14 22:59:26.272,1854.879722222222
Pulse experiments,pioreactor01,2026-09-14T17:14:26.532Z,remove_waste,0.0806626833,UI,2026-09-14 22:59:26.532,1854.879722222222
Pulse experiments,pioreactor01,2026-09-14T17:14:26.773Z,add_media,0.0776751765,UI,2026-09-14 22:59:26.773,1854.879722222222
Pulse experiments,pioreactor01,2026-09-14T17:14:27.035Z,remove_waste,0.0806626833,UI,2026-09-14 22:59:27.035,1854.88
Pulse experiments,pioreactor01,2026-09-14T17:14:27.273Z,add_media,0.0776751765,UI,2026-09-14 22:59:27.273,1854.88
Pulse experiments,pioreactor01,2026-09-14T17:14:27.535Z,remove_waste,0.0806626833,UI,2026-09-14 22:59:27.535,1854.88
Pulse experiments,pioreactor01,2026-09-14T17:14:27.775Z,add_media,0.0776751765,UI,2026-09-14 22:59:27.775,1854.88
Pulse experiments,pioreactor01,2026-09-14T17:14:28.037Z,remove_waste,0.0806626833,UI,2026-09-14 22:59:28.037,1854.880277777778
Pulse experiments,pioreactor01,2026-09-14T17:14:28.275Z,add_media,0.0776751765,UI,2026-09-14 22:59:28.275,1854.880277777778
Pulse experiments,pioreactor01,2026-09-14T17:14:28.537Z,remove_waste,0.0806626833,UI,2026-09-14 22:59:28.537,1854.880277777778
Pulse experiments,pioreactor01,2026-09-14T17:14:28.776Z,add_media,0.0776751765,UI,2026-09-14 22:59:28.776,1854.880277777778
Pulse experiments,pioreactor01,2026-09-14T17:14:29.038Z,remove_waste,0.0806626833,UI,2026-09-14 22:59:29.038,1854.880555555555
Pulse experiments,pioreactor01,2026-09-14T17:14:29.277Z,add_media,0.0776751765,UI,2026-09-14 22:59:29.277,1854.880555555555
Pulse experiments,pioreactor01,2026-09-14T17:14:29.539Z,remove_waste,0.0806626833,UI,2026-09-14 22:59:29.539,1854.880555555555
Pulse experiments,pioreactor01,2026-09-14T17:14:29.779Z,add_media,0.0776751765,UI,2026-09-14 22:59:29.779,1854.880555555555
Pulse experiments,pioreactor01,2026-09-14T17:14:30.040Z,remove_waste,0.0806626833,UI,2026-09-14 22:59:30.040,1854.880833333333
Pulse experiments,pioreactor01,2026-09-14T17:14:30.279Z,add_media,0.0776751765,UI,2026-09-14 22:59:30.279,1854.880833333333
Pulse experiments,pioreactor01,2026-09-14T17:14:30.540Z,remove_waste,0.0806626833,UI,2026-09-14 22:59:30.540,1854.880833333333
Pulse experiments,pioreactor01,2026-09-14T17:14:30.781Z,add_media,0.0776751765,UI,2026-09-14 22:59:30.781,1854.880833333333
Pulse experiments,pioreactor01,2026-09-14T17:14:31.041Z,remove_waste,0.0806626833,UI,2026-09-14 22:59:31.041,1854.881111111111
Pulse experiments,pioreactor01,2026-09-14T17:14:31.283Z,add_media,0.0776751765,UI,2026-09-14 22:59:31.283,1854.881111111111
Pulse experiments,pioreactor01,2026-09-14T17:14:31.542Z,remove_waste,0.0806626833,UI,2026-09-14 22:59:31.542,1854.881111111111
Pulse experiments,pioreactor01,2026-09-14T17:14:31.784Z,add_media,0.0776751765,UI,2026-09-14 22:59:31.784,1854.881111111111
Pulse experiments,pioreactor01,2026-09-14T17:14:32.044Z,remove_waste,0.0806626833,UI,2026-09-14 22:59:32.044,1854.881388888889
Pulse experiments,pioreactor01,2026-09-14T17:14:32.285Z,add_media,0.0776751765,UI,2026-09-14 22:59:32.285,1854.881388888889
Pulse experiments,pioreactor01,2026-09-14T17:14:32.545Z,remove_waste,0.0806626833,UI,2026-09-14 22:59:32.545,1854.881388888889
Pulse experiments,pioreactor01,2026-09-14T17:14:32.788Z,add_media,0.0776751765,UI,2026-09-14 22:59:32.788,1854.881388888889
Pulse experiments,pioreactor01,2026-09-14T17:14:33.046Z,remove_waste,0.0806626833,UI,2026-09-14 22:59:33.046,1854.881666666667
Pulse experiments,pioreactor01,2026-09-14T17:14:33.289Z,add_media,0.0776751765,UI,2026-09-14 22:59:33.289,1854.881666666667
Pulse experiments,pioreactor01,2026-09-14T17:14:33.546Z,remove_waste,0.0806626833,UI,2026-09-14 22:59:33.546,1854.881666666667
Pulse experiments,pioreactor01,2026-09-14T17:14:33.790Z,add_media,0.0776751765,UI,2026-09-14 22:59:33.790,1854.881666666667
Pulse experiments,pioreactor01,2026-09-14T17:14:34.047Z,remove_waste,0.0806626833,UI,2026-09-14 22:59:34.047,1854.881944444444
Pulse experiments,pioreactor01,2026-09-14T17:14:34.291Z,add_media,0.0776751765,UI,2026-09-14 22:59:34.291,1854.881944444444
Pulse experiments,pioreactor01,2026-09-14T17:14:34.548Z,remove_waste,0.0806626833,UI,2026-09-14 22:59:34.548,1854.881944444444
Pulse experiments,pioreactor01,2026-09-14T17:14:34.793Z,add_media,0.0776751765,UI,2026-09-14 22:59:34.793,1854.881944444444
Pulse experiments,pioreactor01,2026-09-14T17:14:35.049Z,remove_waste,0.0806626833,UI,2026-09-14 22:59:35.049,1854.882222222222
Pulse experiments,pioreactor01,2026-09-14T17:14:35.294Z,add_media,0.0776751765,UI,2026-09-14 22:59:35.294,1854.882222222222
Pulse experiments,pioreactor01,2026-09-14T17:14:35.550Z,remove_waste,0.0806626833,UI,2026-09-14 22:59:35.550,1854.882222222222
Pulse experiments,pioreactor01,2026-09-14T17:14:35.795Z,add_media,0.0776751765,UI,2026-09-14 22:59:35.795,1854.882222222222
Pulse experiments,pioreactor01,2026-09-14T17:14:36.051Z,remove_waste,0.0806626833,UI,2026-09-14 22:59:36.051,1854.8825
Pulse experiments,pioreactor01,2026-09-14T17:14:36.295Z,add_media,0.0776751765,UI,2026-09-14 22:59:36.295,1854.8825
Pulse experiments,pioreactor01,2026-09-14T17:14:36.551Z,remove_waste,0.0806626833,UI,2026-09-14 22:59:36.551,1854.8825
Pulse experiments,pioreactor01,2026-09-14T17:14:36.798Z,add_media,0.0776751765,UI,2026-09-14 22:59:36.798,1854.8825
Pulse experiments,pioreactor01,2026-09-14T17:14:37.053Z,remove_waste,0.0806626833,UI,2026-09-14 22:59:37.053,1854.882777777778
Pulse experiments,pioreactor01,2026-09-14T17:14:37.298Z,add_media,0.0776751765,UI,2026-09-14 22:59:37.298,1854.882777777778
Pulse experiments,pioreactor01,2026-09-14T17:14:37.556Z,remove_waste,0.0806626833,UI,2026-09-14 22:59:37.556,1854.882777777778
Pulse experiments,pioreactor01,2026-09-14T17:14:37.799Z,add_media,0.0776751765,UI,2026-09-14 22:59:37.799,1854.882777777778
Pulse experiments,pioreactor01,2026-09-14T17:14:38.056Z,remove_waste,0.0806626833,UI,2026-09-14 22:59:38.056,1854.883055555556
Pulse experiments,pioreactor01,2026-09-14T17:14:38.301Z,add_media,0.0776751765,UI,2026-09-14 22:59:38.301,1854.883055555556
Pulse experiments,pioreactor01,2026-09-14T17:14:38.557Z,remove_waste,0.0806626833,UI,2026-09-14 22:59:38.557,1854.883055555556
Pulse experiments,pioreactor01,2026-09-14T17:14:38.803Z,add_media,0.0776751765,UI,2026-09-14 22:59:38.803,1854.883055555556
Pulse experiments,pioreactor01,2026-09-14T17:14:39.058Z,remove_waste,0.0806626833,UI,2026-09-14 22:59:39.058,1854.883333333333
Pulse experiments,pioreactor01,2026-09-14T17:14:39.304Z,add_media,0.0776751765,UI,2026-09-14 22:59:39.304,1854.883333333333
Pulse experiments,pioreactor01,2026-09-14T17:14:39.560Z,remove_waste,0.0806626833,UI,2026-09-14 22:59:39.560,1854.883333333333
Pulse experiments,pioreactor01,2026-09-14T17:14:39.805Z,add_media,0.0776751765,UI,2026-09-14 22:59:39.805,1854.883333333333
Pulse experiments,pioreactor01,2026-09-14T17:14:40.060Z,remove_waste,0.0806626833,UI,2026-09-14 22:59:40.060,1854.883611111111
Pulse experiments,pioreactor01,2026-09-14T17:14:40.306Z,add_media,0.0776751765,UI,2026-09-14 22:59:40.306,1854.883611111111
Pulse experiments,pioreactor01,2026-09-14T17:14:40.562Z,remove_waste,0.0806626833,UI,2026-09-14 22:59:40.562,1854.883611111111
Pulse experiments,pioreactor01,2026-09-14T17:14:40.807Z,add_media,0.0776751765,UI,2026-09-14 22:59:40.807,1854.883611111111
Pulse experiments,pioreactor01,2026-09-14T17:14:41.062Z,remove_waste,0.0806626833,UI,2026-09-14 22:59:41.062,1854.883888888889
Pulse experiments,pioreactor01,2026-09-14T17:14:41.308Z,add_media,0.0776751765,UI,2026-09-14 22:59:41.308,1854.883888888889
Pulse experiments,pioreactor01,2026-09-14T17:14:41.563Z,remove_waste,0.0806626833,UI,2026-09-14 22:59:41.563,1854.883888888889
Pulse experiments,pioreactor01,2026-09-14T17:14:41.808Z,add_media,0.0776751765,UI,2026-09-14 22:59:41.808,1854.883888888889
Pulse experiments,pioreactor01,2026-09-14T17:14:42.064Z,remove_waste,0.0806626833,UI,2026-09-14 22:59:42.064,1854.884166666667
Pulse experiments,pioreactor01,2026-09-14T17:14:42.310Z,add_media,0.0776751765,UI,2026-09-14 22:59:42.310,1854.884166666667
Pulse experiments,pioreactor01,2026-09-14T17:14:42.565Z,remove_waste,0.0806626833,UI,2026-09-14 22:59:42.565,1854.884166666667
Pulse experiments,pioreactor01,2026-09-14T17:14:42.811Z,add_media,0.0776751765,UI,2026-09-14 22:59:42.811,1854.884166666667
Pulse experiments,pioreactor01,2026-09-14T17:14:43.066Z,remove_waste,0.0806626833,UI,2026-09-14 22:59:43.066,1854.884444444444
Pulse experiments,pioreactor01,2026-09-14T17:14:43.312Z,add_media,0.0776751765,UI,2026-09-14 22:59:43.312,1854.884444444444
Pulse experiments,pioreactor01,2026-09-14T17:14:43.570Z,remove_waste,0.0806626833,UI,2026-09-14 22:59:43.570,1854.884444444444
Pulse experiments,pioreactor01,2026-09-14T17:14:43.813Z,add_media,0.0776751765,UI,2026-09-14 22:59:43.813,1854.884444444444
Pulse experiments,pioreactor01,2026-09-14T17:14:44.071Z,remove_waste,0.0806626833,UI,2026-09-14 22:59:44.071,1854.884722222222
Pulse experiments,pioreactor01,2026-09-14T17:14:44.314Z,add_media,0.0776751765,UI,2026-09-14 22:59:44.314,1854.884722222222
Pulse experiments,pioreactor01,2026-09-14T17:14:44.572Z,remove_waste,0.0806626833,UI,2026-09-14 22:59:44.572,1854.884722222222
Pulse experiments,pioreactor01,2026-09-14T17:14:44.815Z,add_media,0.0776751765,UI,2026-09-14 22:59:44.815,1854.884722222222
Pulse experiments,pioreactor01,2026-09-14T17:14:45.075Z,remove_waste,0.0806626833,UI,2026-09-14 22:59:45.075,1854.885
Pulse experiments,pioreactor01,2026-09-14T17:14:45.317Z,add_media,0.0776751765,UI,2026-09-14 22:59:45.317,1854.885
Pulse experiments,pioreactor01,2026-09-14T17:14:45.576Z,remove_waste,0.0806626833,UI,2026-09-14 22:59:45.576,1854.885
Pulse experiments,pioreactor01,2026-09-14T17:14:45.818Z,add_media,0.0776751765,UI,2026-09-14 22:59:45.818,1854.885
Pulse experiments,pioreactor01,2026-09-14T17:14:46.077Z,remove_waste,0.0806626833,UI,2026-09-14 22:59:46.077,1854.885277777778
Pulse experiments,pioreactor01,2026-09-14T17:14:46.319Z,add_media,0.0776751765,UI,2026-09-14 22:59:46.319,1854.885277777778
Pulse experiments,pioreactor01,2026-09-14T17:14:46.577Z,remove_waste,0.0806626833,UI,2026-09-14 22:59:46.577,1854.885277777778
Pulse experiments,pioreactor01,2026-09-14T17:14:46.825Z,add_media,0.0776751765,UI,2026-09-14 22:59:46.825,1854.885277777778
Pulse experiments,pioreactor01,2026-09-14T17:14:47.078Z,remove_waste,0.0806626833,UI,2026-09-14 22:59:47.078,1854.885555555556
Pulse experiments,pioreactor01,2026-09-14T17:14:47.326Z,add_media,0.0776751765,UI,2026-09-14 22:59:47.326,1854.885555555556
Pulse experiments,pioreactor01,2026-09-14T17:14:47.581Z,remove_waste,0.0806626833,UI,2026-09-14 22:59:47.581,1854.885555555556
Pulse experiments,pioreactor01,2026-09-14T17:14:47.827Z,add_media,0.0776751765,UI,2026-09-14 22:59:47.827,1854.885555555556
Pulse experiments,pioreactor01,2026-09-14T17:14:48.083Z,remove_waste,0.0806626833,UI,2026-09-14 22:59:48.083,1854.885833333333
Pulse experiments,pioreactor01,2026-09-14T17:14:48.328Z,add_media,0.0776751765,UI,2026-09-14 22:59:48.328,1854.885833333333
Pulse experiments,pioreactor01,2026-09-14T17:14:48.584Z,remove_waste,0.0806626833,UI,2026-09-14 22:59:48.584,1854.885833333333
Pulse experiments,pioreactor01,2026-09-14T17:14:48.829Z,add_media,0.0776751765,UI,2026-09-14 22:59:48.829,1854.885833333333
Pulse experiments,pioreactor01,2026-09-14T17:14:49.086Z,remove_waste,0.0806626833,UI,2026-09-14 22:59:49.086,1854.886111111111
Pulse experiments,pioreactor01,2026-09-14T17:14:49.330Z,add_media,0.0776751765,UI,2026-09-14 22:59:49.330,1854.886111111111
Pulse experiments,pioreactor01,2026-09-14T17:14:49.587Z,remove_waste,0.0806626833,UI,2026-09-14 22:59:49.587,1854.886111111111
Pulse experiments,pioreactor01,2026-09-14T17:14:49.832Z,add_media,0.0776751765,UI,2026-09-14 22:59:49.832,1854.886111111111
Pulse experiments,pioreactor01,2026-09-14T17:14:50.089Z,remove_waste,0.0806626833,UI,2026-09-14 22:59:50.089,1854.886388888889
Pulse experiments,pioreactor01,2026-09-14T17:14:50.334Z,add_media,0.0776751765,UI,2026-09-14 22:59:50.334,1854.886388888889
Pulse experiments,pioreactor01,2026-09-14T17:14:50.590Z,remove_waste,0.0806626833,UI,2026-09-14 22:59:50.590,1854.886388888889
Pulse experiments,pioreactor01,2026-09-14T17:14:50.835Z,add_media,0.0776751765,UI,2026-09-14 22:59:50.835,1854.886388888889
Pulse experiments,pioreactor01,2026-09-14T17:14:51.091Z,remove_waste,0.0806626833,UI,2026-09-14 22:59:51.091,1854.886666666667
Pulse experiments,pioreactor01,2026-09-14T17:14:51.336Z,add_media,0.0776751765,UI,2026-09-14 22:59:51.336,1854.886666666667
Pulse experiments,pioreactor01,2026-09-14T17:14:51.592Z,remove_waste,0.0806626833,UI,2026-09-14 22:59:51.592,1854.886666666667
Pulse experiments,pioreactor01,2026-09-14T17:14:51.838Z,add_media,0.0776751765,UI,2026-09-14 22:59:51.838,1854.886666666667
Pulse experiments,pioreactor01,2026-09-14T17:14:52.093Z,remove_waste,0.0806626833,UI,2026-09-14 22:59:52.093,1854.886944444444
Pulse experiments,pioreactor01,2026-09-14T17:14:52.339Z,add_media,0.0776751765,UI,2026-09-14 22:59:52.339,1854.886944444444
Pulse experiments,pioreactor01,2026-09-14T17:14:52.594Z,remove_waste,0.0806626833,UI,2026-09-14 22:59:52.594,1854.886944444444
Pulse experiments,pioreactor01,2026-09-14T17:14:52.840Z,add_media,0.0776751765,UI,2026-09-14 22:59:52.840,1854.886944444444
Pulse experiments,pioreactor01,2026-09-14T17:14:53.096Z,remove_waste,0.0806626833,UI,2026-09-14 22:59:53.096,1854.887222222222
Pulse experiments,pioreactor01,2026-09-14T17:14:53.341Z,add_media,0.0776751765,UI,2026-09-14 22:59:53.341,1854.887222222222
Pulse experiments,pioreactor01,2026-09-14T17:14:53.597Z,remove_waste,0.0806626833,UI,2026-09-14 22:59:53.597,1854.887222222222
Pulse experiments,pioreactor01,2026-09-14T17:14:53.842Z,add_media,0.0776751765,UI,2026-09-14 22:59:53.842,1854.887222222222
Pulse experiments,pioreactor01,2026-09-14T17:14:54.098Z,remove_waste,0.0806626833,UI,2026-09-14 22:59:54.098,1854.8875
Pulse experiments,pioreactor01,2026-09-14T17:14:54.343Z,add_media,0.0776751765,UI,2026-09-14 22:59:54.343,1854.8875
Pulse experiments,pioreactor01,2026-09-14T17:14:54.599Z,remove_waste,0.0806626833,UI,2026-09-14 22:59:54.599,1854.8875
Pulse experiments,pioreactor01,2026-09-14T17:14:54.844Z,add_media,0.0776751765,UI,2026-09-14 22:59:54.844,1854.8875
Pulse experiments,pioreactor01,2026-09-14T17:14:55.101Z,remove_waste,0.0806626833,UI,2026-09-14 22:59:55.101,1854.887777777778
Pulse experiments,pioreactor01,2026-09-14T17:14:55.345Z,add_media,0.0776751765,UI,2026-09-14 22:59:55.345,1854.887777777778
Pulse experiments,pioreactor01,2026-09-14T17:14:55.602Z,remove_waste,0.0806626833,UI,2026-09-14 22:59:55.602,1854.887777777778
Pulse experiments,pioreactor01,2026-09-14T17:14:55.846Z,add_media,0.0776751765,UI,2026-09-14 22:59:55.846,1854.887777777778
Pulse experiments,pioreactor01,2026-09-14T17:14:56.103Z,remove_waste,0.0806626833,UI,2026-09-14 22:59:56.103,1854.888055555556
Pulse experiments,pioreactor01,2026-09-14T17:14:56.346Z,add_media,0.0776751765,UI,2026-09-14 22:59:56.346,1854.888055555556
Pulse experiments,pioreactor01,2026-09-14T17:14:56.604Z,remove_waste,0.0806626833,UI,2026-09-14 22:59:56.604,1854.888055555556
Pulse experiments,pioreactor01,2026-09-14T17:14:56.848Z,add_media,0.0776751765,UI,2026-09-14 22:59:56.848,1854.888055555556
Pulse experiments,pioreactor01,2026-09-14T17:14:57.105Z,remove_waste,0.0806626833,UI,2026-09-14 22:59:57.105,1854.888333333333
Pulse experiments,pioreactor01,2026-09-14T17:14:57.349Z,add_media,0.0776751765,UI,2026-09-14 22:59:57.349,1854.888333333333
Pulse experiments,pioreactor01,2026-09-14T17:14:57.606Z,remove_waste,0.0806626833,UI,2026-09-14 22:59:57.606,1854.888333333333
Pulse experiments,pioreactor01,2026-09-14T17:14:57.850Z,add_media,0.0776751765,UI,2026-09-14 22:59:57.850,1854.888333333333
Pulse experiments,pioreactor01,2026-09-14T17:14:58.107Z,remove_waste,0.0806626833,UI,2026-09-14 22:59:58.107,1854.888611111111
Pulse experiments,pioreactor01,2026-09-14T17:14:58.354Z,add_media,0.0776751765,UI,2026-09-14 22:59:58.354,1854.888611111111
Pulse experiments,pioreactor01,2026-09-14T17:14:58.607Z,remove_waste,0.0806626833,UI,2026-09-14 22:59:58.607,1854.888611111111
Pulse experiments,pioreactor01,2026-09-14T17:14:58.855Z,add_media,0.0776751765,UI,2026-09-14 22:59:58.855,1854.888611111111
Pulse experiments,pioreactor01,2026-09-14T17:14:59.108Z,remove_waste,0.0806626833,UI,2026-09-14 22:59:59.108,1854.888888888889
Pulse experiments,pioreactor01,2026-09-14T17:14:59.356Z,add_media,0.0776751765,UI,2026-09-14 22:59:59.356,1854.888888888889
Pulse experiments,pioreactor01,2026-09-14T17:14:59.609Z,remove_waste,0.0806626833,UI,2026-09-14 22:59:59.609,1854.888888888889
Pulse experiments,pioreactor01,2026-09-14T17:14:59.857Z,add_media,0.0776751765,UI,2026-09-14 22:59:59.857,1854.888888888889
Pulse experiments,pioreactor01,2026-09-14T17:15:00.111Z,remove_waste,0.0806626833,UI,2026-09-14 23:00:00.111,1854.889166666667
Pulse experiments,pioreactor01,2026-09-14T17:15:00.358Z,add_media,0.0776751765,UI,2026-09-14 23:00:00.358,1854.889166666667
Pulse experiments,pioreactor01,2026-09-14T17:15:00.612Z,remove_waste,0.0806626833,UI,2026-09-14 23:00:00.612,1854.889166666667
Pulse experiments,pioreactor01,2026-09-14T17:15:00.859Z,add_media,0.0776751765,UI,2026-09-14 23:00:00.859,1854.889166666667
Pulse experiments,pioreactor01,2026-09-14T17:15:01.113Z,remove_waste,0.0806626833,UI,2026-09-14 23:00:01.113,1854.889444444445
Pulse experiments,pioreactor01,2026-09-14T17:15:01.359Z,add_media,0.0776751765,UI,2026-09-14 23:00:01.359,1854.889444444445
Pulse experiments,pioreactor01,2026-09-14T17:15:01.615Z,remove_waste,0.0806626833,UI,2026-09-14 23:00:01.615,1854.889444444445
Pulse experiments,pioreactor01,2026-09-14T17:15:01.860Z,add_media,0.0776751765,UI,2026-09-14 23:00:01.860,1854.889444444445
Pulse experiments,pioreactor01,2026-09-14T17:15:02.115Z,remove_waste,0.0806626833,UI,2026-09-14 23:00:02.115,1854.889722222222
Pulse experiments,pioreactor01,2026-09-14T17:15:02.361Z,add_media,0.0776751765,UI,2026-09-14 23:00:02.361,1854.889722222222
Pulse experiments,pioreactor01,2026-09-14T17:15:02.617Z,remove_waste,0.0806626833,UI,2026-09-14 23:00:02.617,1854.889722222222
Pulse experiments,pioreactor01,2026-09-14T17:15:02.864Z,add_media,0.0776751765,UI,2026-09-14 23:00:02.864,1854.889722222222
Pulse experiments,pioreactor01,2026-09-14T17:15:03.119Z,remove_waste,0.0806626833,UI,2026-09-14 23:00:03.119,1854.89
Pulse experiments,pioreactor01,2026-09-14T17:15:03.365Z,add_media,0.0776751765,UI,2026-09-14 23:00:03.365,1854.89
Pulse experiments,pioreactor01,2026-09-14T17:15:03.620Z,remove_waste,0.0806626833,UI,2026-09-14 23:00:03.620,1854.89
Pulse experiments,pioreactor01,2026-09-14T17:15:03.866Z,add_media,0.0776751765,UI,2026-09-14 23:00:03.866,1854.89
Pulse experiments,pioreactor01,2026-09-14T17:15:04.120Z,remove_waste,0.0806626833,UI,2026-09-14 23:00:04.120,1854.890277777778
Pulse experiments,pioreactor01,2026-09-14T17:15:04.367Z,add_media,0.0776751765,UI,2026-09-14 23:00:04.367,1854.890277777778
Pulse experiments,pioreactor01,2026-09-14T17:15:04.621Z,remove_waste,0.0806626833,UI,2026-09-14 23:00:04.621,1854.890277777778
Pulse experiments,pioreactor01,2026-09-14T17:15:04.868Z,add_media,0.0776751765,UI,2026-09-14 23:00:04.868,1854.890277777778
Pulse experiments,pioreactor01,2026-09-14T17:15:05.123Z,remove_waste,0.0806626833,UI,2026-09-14 23:00:05.123,1854.890555555555
Pulse experiments,pioreactor01,2026-09-14T17:15:05.369Z,add_media,0.0776751765,UI,2026-09-14 23:00:05.369,1854.890555555555
Pulse experiments,pioreactor01,2026-09-14T17:15:05.624Z,remove_waste,0.0806626833,UI,2026-09-14 23:00:05.624,1854.890555555555
Pulse experiments,pioreactor01,2026-09-14T17:15:05.870Z,add_media,0.0776751765,UI,2026-09-14 23:00:05.870,1854.890555555555
Pulse experiments,pioreactor01,2026-09-14T17:15:06.127Z,remove_waste,0.0806626833,UI,2026-09-14 23:00:06.127,1854.890833333333
Pulse experiments,pioreactor01,2026-09-14T17:15:06.370Z,add_media,0.0776751765,UI,2026-09-14 23:00:06.370,1854.890833333333
Pulse experiments,pioreactor01,2026-09-14T17:15:06.629Z,remove_waste,0.0806626833,UI,2026-09-14 23:00:06.629,1854.890833333333
Pulse experiments,pioreactor01,2026-09-14T17:15:06.871Z,add_media,0.0776751765,UI,2026-09-14 23:00:06.871,1854.890833333333
Pulse experiments,pioreactor01,2026-09-14T17:15:07.131Z,remove_waste,0.0806626833,UI,2026-09-14 23:00:07.131,1854.891111111111
Pulse experiments,pioreactor01,2026-09-14T17:15:07.372Z,add_media,0.0776751765,UI,2026-09-14 23:00:07.372,1854.891111111111
Pulse experiments,pioreactor01,2026-09-14T17:15:07.632Z,remove_waste,0.0806626833,UI,2026-09-14 23:00:07.632,1854.891111111111
Pulse experiments,pioreactor01,2026-09-14T17:15:07.873Z,add_media,0.0776751765,UI,2026-09-14 23:00:07.873,1854.891111111111
Pulse experiments,pioreactor01,2026-09-14T17:15:08.133Z,remove_waste,0.0806626833,UI,2026-09-14 23:00:08.133,1854.891388888889
Pulse experiments,pioreactor01,2026-09-14T17:15:08.374Z,add_media,0.0776751765,UI,2026-09-14 23:00:08.374,1854.891388888889
Pulse experiments,pioreactor01,2026-09-14T17:15:08.634Z,remove_waste,0.0806626833,UI,2026-09-14 23:00:08.634,1854.891388888889
Pulse experiments,pioreactor01,2026-09-14T17:15:08.876Z,add_media,0.0776751765,UI,2026-09-14 23:00:08.876,1854.891388888889
Pulse experiments,pioreactor01,2026-09-14T17:15:09.135Z,remove_waste,0.0806626833,UI,2026-09-14 23:00:09.135,1854.891666666667
Pulse experiments,pioreactor01,2026-09-14T17:15:09.377Z,add_media,0.0776751765,UI,2026-09-14 23:00:09.377,1854.891666666667
Pulse experiments,pioreactor01,2026-09-14T17:15:09.636Z,remove_waste,0.0806626833,UI,2026-09-14 23:00:09.636,1854.891666666667
Pulse experiments,pioreactor01,2026-09-14T17:15:09.878Z,add_media,0.0776751765,UI,2026-09-14 23:00:09.878,1854.891666666667
Pulse experiments,pioreactor01,2026-09-14T17:15:10.137Z,remove_waste,0.0806626833,UI,2026-09-14 23:00:10.137,1854.891944444444
Pulse experiments,pioreactor01,2026-09-14T17:15:10.379Z,add_media,0.0776751765,UI,2026-09-14 23:00:10.379,1854.891944444444
Pulse experiments,pioreactor01,2026-09-14T17:15:10.638Z,remove_waste,0.0806626833,UI,2026-09-14 23:00:10.638,1854.891944444444
Pulse experiments,pioreactor01,2026-09-14T17:15:10.880Z,add_media,0.0776751765,UI,2026-09-14 23:00:10.880,1854.891944444444
Pulse experiments,pioreactor01,2026-09-14T17:15:11.139Z,remove_waste,0.0806626833,UI,2026-09-14 23:00:11.139,1854.892222222222
Pulse experiments,pioreactor01,2026-09-14T17:15:11.381Z,add_media,0.0776751765,UI,2026-09-14 23:00:11.381,1854.892222222222
Pulse experiments,pioreactor01,2026-09-14T17:15:11.640Z,remove_waste,0.0806626833,UI,2026-09-14 23:00:11.640,1854.892222222222
Pulse experiments,pioreactor01,2026-09-14T17:15:11.882Z,add_media,0.0776751765,UI,2026-09-14 23:00:11.882,1854.892222222222
Pulse experiments,pioreactor01,2026-09-14T17:15:12.141Z,remove_waste,0.0806626833,UI,2026-09-14 23:00:12.141,1854.8925
Pulse experiments,pioreactor01,2026-09-14T17:15:12.383Z,add_media,0.0776751765,UI,2026-09-14 23:00:12.383,1854.8925
Pulse experiments,pioreactor01,2026-09-14T17:15:12.642Z,remove_waste,0.0806626833,UI,2026-09-14 23:00:12.642,1854.8925
Pulse experiments,pioreactor01,2026-09-14T17:15:12.889Z,add_media,0.0776751765,UI,2026-09-14 23:00:12.889,1854.8925
Pulse experiments,pioreactor01,2026-09-14T17:15:13.143Z,remove_waste,0.0806626833,UI,2026-09-14 23:00:13.143,1854.892777777778
Pulse experiments,pioreactor01,2026-09-14T17:15:13.389Z,add_media,0.0776751765,UI,2026-09-14 23:00:13.389,1854.892777777778
Pulse experiments,pioreactor01,2026-09-14T17:15:13.644Z,remove_waste,0.0806626833,UI,2026-09-14 23:00:13.644,1854.892777777778
Pulse experiments,pioreactor01,2026-09-14T17:15:13.890Z,add_media,0.0776751765,UI,2026-09-14 23:00:13.890,1854.892777777778
Pulse experiments,pioreactor01,2026-09-14T17:15:14.145Z,remove_waste,0.0806626833,UI,2026-09-14 23:00:14.145,1854.893055555556
Pulse experiments,pioreactor01,2026-09-14T17:15:14.391Z,add_media,0.0776751765,UI,2026-09-14 23:00:14.391,1854.893055555556
Pulse experiments,pioreactor01,2026-09-14T17:15:14.646Z,remove_waste,0.0806626833,UI,2026-09-14 23:00:14.646,1854.893055555556
Pulse experiments,pioreactor01,2026-09-14T17:15:14.892Z,add_media,0.0776751765,UI,2026-09-14 23:00:14.892,1854.893055555556
Pulse experiments,pioreactor01,2026-09-14T17:15:15.147Z,remove_waste,0.0806626833,UI,2026-09-14 23:00:15.147,1854.893333333333
Pulse experiments,pioreactor01,2026-09-14T17:15:15.393Z,add_media,0.0776751765,UI,2026-09-14 23:00:15.393,1854.893333333333
Pulse experiments,pioreactor01,2026-09-14T17:15:15.648Z,remove_waste,0.0806626833,UI,2026-09-14 23:00:15.648,1854.893333333333
Pulse experiments,pioreactor01,2026-09-14T17:15:15.894Z,add_media,0.0776751765,UI,2026-09-14 23:00:15.894,1854.893333333333
Pulse experiments,pioreactor01,2026-09-14T17:15:16.148Z,remove_waste,0.0806626833,UI,2026-09-14 23:00:16.148,1854.893611111111
Pulse experiments,pioreactor01,2026-09-14T17:15:16.395Z,add_media,0.0776751765,UI,2026-09-14 23:00:16.395,1854.893611111111
Pulse experiments,pioreactor01,2026-09-14T17:15:16.649Z,remove_waste,0.0806626833,UI,2026-09-14 23:00:16.649,1854.893611111111
Pulse experiments,pioreactor01,2026-09-14T17:15:16.896Z,add_media,0.0776751765,UI,2026-09-14 23:00:16.896,1854.893611111111
Pulse experiments,pioreactor01,2026-09-14T17:15:17.150Z,remove_waste,0.0806626833,UI,2026-09-14 23:00:17.150,1854.893888888889
Pulse experiments,pioreactor01,2026-09-14T17:15:17.397Z,add_media,0.0776751765,UI,2026-09-14 23:00:17.397,1854.893888888889
Pulse experiments,pioreactor01,2026-09-14T17:15:17.652Z,remove_waste,0.0806626833,UI,2026-09-14 23:00:17.652,1854.893888888889
Pulse experiments,pioreactor01,2026-09-14T17:15:17.898Z,add_media,0.0776751765,UI,2026-09-14 23:00:17.898,1854.893888888889
Pulse experiments,pioreactor01,2026-09-14T17:15:18.153Z,remove_waste,0.0806626833,UI,2026-09-14 23:00:18.153,1854.894166666667
Pulse experiments,pioreactor01,2026-09-14T17:15:18.399Z,add_media,0.0776751765,UI,2026-09-14 23:00:18.399,1854.894166666667
Pulse experiments,pioreactor01,2026-09-14T17:15:18.655Z,remove_waste,0.0806626833,UI,2026-09-14 23:00:18.655,1854.894166666667
Pulse experiments,pioreactor01,2026-09-14T17:15:18.900Z,add_media,0.0776751765,UI,2026-09-14 23:00:18.900,1854.894166666667
Pulse experiments,pioreactor01,2026-09-14T17:15:19.156Z,remove_waste,0.0806626833,UI,2026-09-14 23:00:19.156,1854.894444444444
Pulse experiments,pioreactor01,2026-09-14T17:15:19.400Z,add_media,0.0776751765,UI,2026-09-14 23:00:19.400,1854.894444444444
Pulse experiments,pioreactor01,2026-09-14T17:15:19.658Z,remove_waste,0.0806626833,UI,2026-09-14 23:00:19.658,1854.894444444444
Pulse experiments,pioreactor01,2026-09-14T17:15:19.901Z,add_media,0.0776751765,UI,2026-09-14 23:00:19.901,1854.894444444444
Pulse experiments,pioreactor01,2026-09-14T17:15:20.159Z,remove_waste,0.0806626833,UI,2026-09-14 23:00:20.159,1854.894722222222
Pulse experiments,pioreactor01,2026-09-14T17:15:20.402Z,add_media,0.0776751765,UI,2026-09-14 23:00:20.402,1854.894722222222
Pulse experiments,pioreactor01,2026-09-14T17:15:20.660Z,remove_waste,0.0806626833,UI,2026-09-14 23:00:20.660,1854.894722222222
Pulse experiments,pioreactor01,2026-09-14T17:15:20.903Z,add_media,0.0776751765,UI,2026-09-14 23:00:20.903,1854.894722222222
Pulse experiments,pioreactor01,2026-09-14T17:15:21.161Z,remove_waste,0.0806626833,UI,2026-09-14 23:00:21.161,1854.895
Pulse experiments,pioreactor01,2026-09-14T17:15:21.404Z,add_media,0.0776751765,UI,2026-09-14 23:00:21.404,1854.895
Pulse experiments,pioreactor01,2026-09-14T17:15:21.662Z,remove_waste,0.0806626833,UI,2026-09-14 23:00:21.662,1854.895
Pulse experiments,pioreactor01,2026-09-14T17:15:21.907Z,add_media,0.0776751765,UI,2026-09-14 23:00:21.907,1854.895
Pulse experiments,pioreactor01,2026-09-14T17:15:22.164Z,remove_waste,0.0806626833,UI,2026-09-14 23:00:22.164,1854.895277777778
Pulse experiments,pioreactor01,2026-09-14T17:15:22.407Z,add_media,0.0776751765,UI,2026-09-14 23:00:22.407,1854.895277777778
Pulse experiments,pioreactor01,2026-09-14T17:15:22.668Z,remove_waste,0.0806626833,UI,2026-09-14 23:00:22.668,1854.895277777778
Pulse experiments,pioreactor01,2026-09-14T17:15:22.908Z,add_media,0.0776751765,UI,2026-09-14 23:00:22.908,1854.895277777778
Pulse experiments,pioreactor01,2026-09-14T17:15:23.169Z,remove_waste,0.0806626833,UI,2026-09-14 23:00:23.169,1854.895555555556
Pulse experiments,pioreactor01,2026-09-14T17:15:23.409Z,add_media,0.0776751765,UI,2026-09-14 23:00:23.409,1854.895555555556
Pulse experiments,pioreactor01,2026-09-14T17:15:23.670Z,remove_waste,0.0806626833,UI,2026-09-14 23:00:23.670,1854.895555555556
Pulse experiments,pioreactor01,2026-09-14T17:15:23.910Z,add_media,0.0776751765,UI,2026-09-14 23:00:23.910,1854.895555555556
Pulse experiments,pioreactor01,2026-09-14T17:15:24.172Z,remove_waste,0.0806626833,UI,2026-09-14 23:00:24.172,1854.895833333333
Pulse experiments,pioreactor01,2026-09-14T17:15:24.411Z,add_media,0.0776751765,UI,2026-09-14 23:00:24.411,1854.895833333333
Pulse experiments,pioreactor01,2026-09-14T17:15:24.673Z,remove_waste,0.0806626833,UI,2026-09-14 23:00:24.673,1854.895833333333
Pulse experiments,pioreactor01,2026-09-14T17:15:24.912Z,add_media,0.0776751765,UI,2026-09-14 23:00:24.912,1854.895833333333
Pulse experiments,pioreactor01,2026-09-14T17:15:25.174Z,remove_waste,0.0806626833,UI,2026-09-14 23:00:25.174,1854.896111111111
Pulse experiments,pioreactor01,2026-09-14T17:15:25.413Z,add_media,0.0776751765,UI,2026-09-14 23:00:25.413,1854.896111111111
Pulse experiments,pioreactor01,2026-09-14T17:15:25.676Z,remove_waste,0.0806626833,UI,2026-09-14 23:00:25.676,1854.896111111111
Pulse experiments,pioreactor01,2026-09-14T17:15:25.914Z,add_media,0.0776751765,UI,2026-09-14 23:00:25.914,1854.896111111111
Pulse experiments,pioreactor01,2026-09-14T17:15:26.176Z,remove_waste,0.0806626833,UI,2026-09-14 23:00:26.176,1854.896388888889
Pulse experiments,pioreactor01,2026-09-14T17:15:26.415Z,add_media,0.0776751765,UI,2026-09-14 23:00:26.415,1854.896388888889
Pulse experiments,pioreactor01,2026-09-14T17:15:26.678Z,remove_waste,0.0806626833,UI,2026-09-14 23:00:26.678,1854.896388888889
Pulse experiments,pioreactor01,2026-09-14T17:15:26.916Z,add_media,0.0776751765,UI,2026-09-14 23:00:26.916,1854.896388888889
Pulse experiments,pioreactor01,2026-09-14T17:15:27.179Z,remove_waste,0.0806626833,UI,2026-09-14 23:00:27.179,1854.896666666667
Pulse experiments,pioreactor01,2026-09-14T17:15:27.417Z,add_media,0.0776751765,UI,2026-09-14 23:00:27.417,1854.896666666667
Pulse experiments,pioreactor01,2026-09-14T17:15:27.682Z,remove_waste,0.0806626833,UI,2026-09-14 23:00:27.682,1854.896666666667
Pulse experiments,pioreactor01,2026-09-14T17:15:27.917Z,add_media,0.0776751765,UI,2026-09-14 23:00:27.917,1854.896666666667
Pulse experiments,pioreactor01,2026-09-14T17:15:28.185Z,remove_waste,0.0806626833,UI,2026-09-14 23:00:28.185,1854.896944444444
Pulse experiments,pioreactor01,2026-09-14T17:15:28.419Z,add_media,0.0776751765,UI,2026-09-14 23:00:28.419,1854.896944444444
Pulse experiments,pioreactor01,2026-09-14T17:15:28.690Z,remove_waste,0.0806626833,UI,2026-09-14 23:00:28.690,1854.896944444444
Pulse experiments,pioreactor01,2026-09-14T17:15:28.920Z,add_media,0.0776751765,UI,2026-09-14 23:00:28.920,1854.896944444444
Pulse experiments,pioreactor01,2026-09-14T17:15:29.194Z,remove_waste,0.0806626833,UI,2026-09-14 23:00:29.194,1854.897222222222
Pulse experiments,pioreactor01,2026-09-14T17:15:29.421Z,add_media,0.0776751765,UI,2026-09-14 23:00:29.421,1854.897222222222
Pulse experiments,pioreactor01,2026-09-14T17:15:29.695Z,remove_waste,0.0806626833,UI,2026-09-14 23:00:29.695,1854.897222222222
Pulse experiments,pioreactor01,2026-09-14T17:15:29.922Z,add_media,0.0776751765,UI,2026-09-14 23:00:29.922,1854.897222222222
Pulse experiments,pioreactor01,2026-09-14T17:15:30.196Z,remove_waste,0.0806626833,UI,2026-09-14 23:00:30.196,1854.8975
Pulse experiments,pioreactor01,2026-09-14T17:15:30.424Z,add_media,0.0776751765,UI,2026-09-14 23:00:30.424,1854.8975
Pulse experiments,pioreactor01,2026-09-14T17:15:30.697Z,remove_waste,0.0806626833,UI,2026-09-14 23:00:30.697,1854.8975
Pulse experiments,pioreactor01,2026-09-14T17:15:30.925Z,add_media,0.0776751765,UI,2026-09-14 23:00:30.925,1854.8975
Pulse experiments,pioreactor01,2026-09-14T17:15:31.198Z,remove_waste,0.0806626833,UI,2026-09-14 23:00:31.198,1854.897777777778
Pulse experiments,pioreactor01,2026-09-14T17:15:31.426Z,add_media,0.0776751765,UI,2026-09-14 23:00:31.426,1854.897777777778
Pulse experiments,pioreactor01,2026-09-14T17:15:31.699Z,remove_waste,0.0806626833,UI,2026-09-14 23:00:31.699,1854.897777777778
Pulse experiments,pioreactor01,2026-09-14T17:15:31.927Z,add_media,0.0776751765,UI,2026-09-14 23:00:31.927,1854.897777777778
Pulse experiments,pioreactor01,2026-09-14T17:15:32.201Z,remove_waste,0.0806626833,UI,2026-09-14 23:00:32.201,1854.898055555556
Pulse experiments,pioreactor01,2026-09-14T17:15:32.428Z,add_media,0.0776751765,UI,2026-09-14 23:00:32.428,1854.898055555556
Pulse experiments,pioreactor01,2026-09-14T17:15:32.702Z,remove_waste,0.0806626833,UI,2026-09-14 23:00:32.702,1854.898055555556
Pulse experiments,pioreactor01,2026-09-14T17:15:32.929Z,add_media,0.0776751765,UI,2026-09-14 23:00:32.929,1854.898055555556
Pulse experiments,pioreactor01,2026-09-14T17:15:33.203Z,remove_waste,0.0806626833,UI,2026-09-14 23:00:33.203,1854.898333333333
Pulse experiments,pioreactor01,2026-09-14T17:15:33.430Z,add_media,0.0776751765,UI,2026-09-14 23:00:33.430,1854.898333333333
Pulse experiments,pioreactor01,2026-09-14T17:15:33.704Z,remove_waste,0.0806626833,UI,2026-09-14 23:00:33.704,1854.898333333333
Pulse experiments,pioreactor01,2026-09-14T17:15:33.931Z,add_media,0.0776751765,UI,2026-09-14 23:00:33.931,1854.898333333333
Pulse experiments,pioreactor01,2026-09-14T17:15:34.205Z,remove_waste,0.0806626833,UI,2026-09-14 23:00:34.205,1854.898611111111
Pulse experiments,pioreactor01,2026-09-14T17:15:34.432Z,add_media,0.0776751765,UI,2026-09-14 23:00:34.432,1854.898611111111
Pulse experiments,pioreactor01,2026-09-14T17:15:34.706Z,remove_waste,0.0806626833,UI,2026-09-14 23:00:34.706,1854.898611111111
Pulse experiments,pioreactor01,2026-09-14T17:15:34.933Z,add_media,0.0776751765,UI,2026-09-14 23:00:34.933,1854.898611111111
Pulse experiments,pioreactor01,2026-09-14T17:15:35.207Z,remove_waste,0.0806626833,UI,2026-09-14 23:00:35.207,1854.898888888889
Pulse experiments,pioreactor01,2026-09-14T17:15:35.434Z,add_media,0.0776751765,UI,2026-09-14 23:00:35.434,1854.898888888889
Pulse experiments,pioreactor01,2026-09-14T17:15:35.708Z,remove_waste,0.0806626833,UI,2026-09-14 23:00:35.708,1854.898888888889
Pulse experiments,pioreactor01,2026-09-14T17:15:35.935Z,add_media,0.0776751765,UI,2026-09-14 23:00:35.935,1854.898888888889
Pulse experiments,pioreactor01,2026-09-14T17:15:36.210Z,remove_waste,0.0806626833,UI,2026-09-14 23:00:36.210,1854.899166666667
Pulse experiments,pioreactor01,2026-09-14T17:15:36.436Z,add_media,0.0776751765,UI,2026-09-14 23:00:36.436,1854.899166666667
Pulse experiments,pioreactor01,2026-09-14T17:15:36.711Z,remove_waste,0.0806626833,UI,2026-09-14 23:00:36.711,1854.899166666667
Pulse experiments,pioreactor01,2026-09-14T17:15:36.940Z,add_media,0.0776751765,UI,2026-09-14 23:00:36.940,1854.899166666667
Pulse experiments,pioreactor01,2026-09-14T17:15:37.212Z,remove_waste,0.0806626833,UI,2026-09-14 23:00:37.212,1854.899444444444
Pulse experiments,pioreactor01,2026-09-14T17:15:37.441Z,add_media,0.0776751765,UI,2026-09-14 23:00:37.441,1854.899444444444
Pulse experiments,pioreactor01,2026-09-14T17:15:37.714Z,remove_waste,0.0806626833,UI,2026-09-14 23:00:37.714,1854.899444444444
Pulse experiments,pioreactor01,2026-09-14T17:15:37.942Z,add_media,0.0776751765,UI,2026-09-14 23:00:37.942,1854.899444444444
Pulse experiments,pioreactor01,2026-09-14T17:15:38.215Z,remove_waste,0.0806626833,UI,2026-09-14 23:00:38.215,1854.899722222222
Pulse experiments,pioreactor01,2026-09-14T17:15:38.445Z,add_media,0.0776751765,UI,2026-09-14 23:00:38.445,1854.899722222222
Pulse experiments,pioreactor01,2026-09-14T17:15:38.717Z,remove_waste,0.0806626833,UI,2026-09-14 23:00:38.717,1854.899722222222
Pulse experiments,pioreactor01,2026-09-14T17:15:38.946Z,add_media,0.0776751765,UI,2026-09-14 23:00:38.946,1854.899722222222
Pulse experiments,pioreactor01,2026-09-14T17:15:39.218Z,remove_waste,0.0806626833,UI,2026-09-14 23:00:39.218,1854.9
Pulse experiments,pioreactor01,2026-09-14T17:15:39.447Z,add_media,0.0776751765,UI,2026-09-14 23:00:39.447,1854.9
Pulse experiments,pioreactor01,2026-09-14T17:15:39.719Z,remove_waste,0.0806626833,UI,2026-09-14 23:00:39.719,1854.9
Pulse experiments,pioreactor01,2026-09-14T17:15:39.948Z,add_media,0.0776751765,UI,2026-09-14 23:00:39.948,1854.9
Pulse experiments,pioreactor01,2026-09-14T17:15:40.220Z,remove_waste,0.0806626833,UI,2026-09-14 23:00:40.220,1854.900277777778
Pulse experiments,pioreactor01,2026-09-14T17:15:40.449Z,add_media,0.0776751765,UI,2026-09-14 23:00:40.449,1854.900277777778
Pulse experiments,pioreactor01,2026-09-14T17:15:40.720Z,remove_waste,0.0806626833,UI,2026-09-14 23:00:40.720,1854.900277777778
Pulse experiments,pioreactor01,2026-09-14T17:15:40.949Z,add_media,0.0776751765,UI,2026-09-14 23:00:40.949,1854.900277777778
Pulse experiments,pioreactor01,2026-09-14T17:15:41.221Z,remove_waste,0.0806626833,UI,2026-09-14 23:00:41.221,1854.900555555555
Pulse experiments,pioreactor01,2026-09-14T17:15:41.450Z,add_media,0.0776751765,UI,2026-09-14 23:00:41.450,1854.900555555555
Pulse experiments,pioreactor01,2026-09-14T17:15:41.722Z,remove_waste,0.0806626833,UI,2026-09-14 23:00:41.722,1854.900555555555
Pulse experiments,pioreactor01,2026-09-14T17:15:41.951Z,add_media,0.0776751765,UI,2026-09-14 23:00:41.951,1854.900555555555
Pulse experiments,pioreactor01,2026-09-14T17:15:42.223Z,remove_waste,0.0806626833,UI,2026-09-14 23:00:42.223,1854.900833333333
Pulse experiments,pioreactor01,2026-09-14T17:15:42.452Z,add_media,0.0776751765,UI,2026-09-14 23:00:42.452,1854.900833333333
Pulse experiments,pioreactor01,2026-09-14T17:15:42.725Z,remove_waste,0.0806626833,UI,2026-09-14 23:00:42.725,1854.900833333333
Pulse experiments,pioreactor01,2026-09-14T17:15:42.953Z,add_media,0.0776751765,UI,2026-09-14 23:00:42.953,1854.900833333333
Pulse experiments,pioreactor01,2026-09-14T17:15:43.226Z,remove_waste,0.0806626833,UI,2026-09-14 23:00:43.226,1854.901111111111
Pulse experiments,pioreactor01,2026-09-14T17:15:43.454Z,add_media,0.0776751765,UI,2026-09-14 23:00:43.454,1854.901111111111
Pulse experiments,pioreactor01,2026-09-14T17:15:43.727Z,remove_waste,0.0806626833,UI,2026-09-14 23:00:43.727,1854.901111111111
Pulse experiments,pioreactor01,2026-09-14T17:15:43.955Z,add_media,0.0776751765,UI,2026-09-14 23:00:43.955,1854.901111111111
Pulse experiments,pioreactor01,2026-09-14T17:15:44.228Z,remove_waste,0.0806626833,UI,2026-09-14 23:00:44.228,1854.901388888889
Pulse experiments,pioreactor01,2026-09-14T17:15:44.456Z,add_media,0.0776751765,UI,2026-09-14 23:00:44.456,1854.901388888889
Pulse experiments,pioreactor01,2026-09-14T17:15:44.730Z,remove_waste,0.0806626833,UI,2026-09-14 23:00:44.730,1854.901388888889
Pulse experiments,pioreactor01,2026-09-14T17:15:44.956Z,add_media,0.0776751765,UI,2026-09-14 23:00:44.956,1854.901388888889
Pulse experiments,pioreactor01,2026-09-14T17:15:45.231Z,remove_waste,0.0806626833,UI,2026-09-14 23:00:45.231,1854.901666666667
Pulse experiments,pioreactor01,2026-09-14T17:15:45.457Z,add_media,0.0776751765,UI,2026-09-14 23:00:45.457,1854.901666666667
Pulse experiments,pioreactor01,2026-09-14T17:15:45.732Z,remove_waste,0.0806626833,UI,2026-09-14 23:00:45.732,1854.901666666667
Pulse experiments,pioreactor01,2026-09-14T17:15:45.958Z,add_media,0.0776751765,UI,2026-09-14 23:00:45.958,1854.901666666667
Pulse experiments,pioreactor01,2026-09-14T17:15:46.233Z,remove_waste,0.0806626833,UI,2026-09-14 23:00:46.233,1854.901944444445
Pulse experiments,pioreactor01,2026-09-14T17:15:46.459Z,add_media,0.0776751765,UI,2026-09-14 23:00:46.459,1854.901944444445
Pulse experiments,pioreactor01,2026-09-14T17:15:46.734Z,remove_waste,0.0806626833,UI,2026-09-14 23:00:46.734,1854.901944444445
Pulse experiments,pioreactor01,2026-09-14T17:15:46.960Z,add_media,0.0776751765,UI,2026-09-14 23:00:46.960,1854.901944444445
Pulse experiments,pioreactor01,2026-09-14T17:15:47.235Z,remove_waste,0.0806626833,UI,2026-09-14 23:00:47.235,1854.902222222222
Pulse experiments,pioreactor01,2026-09-14T17:15:47.461Z,add_media,0.0776751765,UI,2026-09-14 23:00:47.461,1854.902222222222
Pulse experiments,pioreactor01,2026-09-14T17:15:47.736Z,remove_waste,0.0806626833,UI,2026-09-14 23:00:47.736,1854.902222222222
Pulse experiments,pioreactor01,2026-09-14T17:15:47.961Z,add_media,0.0776751765,UI,2026-09-14 23:00:47.961,1854.902222222222
Pulse experiments,pioreactor01,2026-09-14T17:15:48.237Z,remove_waste,0.0806626833,UI,2026-09-14 23:00:48.237,1854.9025
Pulse experiments,pioreactor01,2026-09-14T17:15:48.462Z,add_media,0.0776751765,UI,2026-09-14 23:00:48.462,1854.9025
Pulse experiments,pioreactor01,2026-09-14T17:15:48.737Z,remove_waste,0.0806626833,UI,2026-09-14 23:00:48.737,1854.9025
Pulse experiments,pioreactor01,2026-09-14T17:15:48.963Z,add_media,0.0776751765,UI,2026-09-14 23:00:48.963,1854.9025
Pulse experiments,pioreactor01,2026-09-14T17:15:49.238Z,remove_waste,0.0806626833,UI,2026-09-14 23:00:49.238,1854.902777777778
Pulse experiments,pioreactor01,2026-09-14T17:15:49.464Z,add_media,0.0776751765,UI,2026-09-14 23:00:49.464,1854.902777777778
Pulse experiments,pioreactor01,2026-09-14T17:15:49.739Z,remove_waste,0.0806626833,UI,2026-09-14 23:00:49.739,1854.902777777778
Pulse experiments,pioreactor01,2026-09-14T17:15:49.965Z,add_media,0.0776751765,UI,2026-09-14 23:00:49.965,1854.902777777778
Pulse experiments,pioreactor01,2026-09-14T17:15:50.240Z,remove_waste,0.0806626833,UI,2026-09-14 23:00:50.240,1854.903055555556
Pulse experiments,pioreactor01,2026-09-14T17:15:50.466Z,add_media,0.0776751765,UI,2026-09-14 23:00:50.466,1854.903055555556
Pulse experiments,pioreactor01,2026-09-14T17:15:50.741Z,remove_waste,0.0806626833,UI,2026-09-14 23:00:50.741,1854.903055555556
Pulse experiments,pioreactor01,2026-09-14T17:15:50.967Z,add_media,0.0776751765,UI,2026-09-14 23:00:50.967,1854.903055555556
Pulse experiments,pioreactor01,2026-09-14T17:15:51.242Z,remove_waste,0.0806626833,UI,2026-09-14 23:00:51.242,1854.903333333333
Pulse experiments,pioreactor01,2026-09-14T17:15:51.469Z,add_media,0.0776751765,UI,2026-09-14 23:00:51.469,1854.903333333333
Pulse experiments,pioreactor01,2026-09-14T17:15:51.743Z,remove_waste,0.0806626833,UI,2026-09-14 23:00:51.743,1854.903333333333
Pulse experiments,pioreactor01,2026-09-14T17:15:51.970Z,add_media,0.0776751765,UI,2026-09-14 23:00:51.970,1854.903333333333
Pulse experiments,pioreactor01,2026-09-14T17:15:52.244Z,remove_waste,0.0806626833,UI,2026-09-14 23:00:52.244,1854.903611111111
Pulse experiments,pioreactor01,2026-09-14T17:15:52.470Z,add_media,0.0776751765,UI,2026-09-14 23:00:52.470,1854.903611111111
Pulse experiments,pioreactor01,2026-09-14T17:15:52.745Z,remove_waste,0.0806626833,UI,2026-09-14 23:00:52.745,1854.903611111111
Pulse experiments,pioreactor01,2026-09-14T17:15:52.971Z,add_media,0.0776751765,UI,2026-09-14 23:00:52.971,1854.903611111111
Pulse experiments,pioreactor01,2026-09-14T17:15:53.245Z,remove_waste,0.0806626833,UI,2026-09-14 23:00:53.245,1854.903888888889
Pulse experiments,pioreactor01,2026-09-14T17:15:53.472Z,add_media,0.0776751765,UI,2026-09-14 23:00:53.472,1854.903888888889
Pulse experiments,pioreactor01,2026-09-14T17:15:53.746Z,remove_waste,0.0806626833,UI,2026-09-14 23:00:53.746,1854.903888888889
Pulse experiments,pioreactor01,2026-09-14T17:15:53.973Z,add_media,0.0776751765,UI,2026-09-14 23:00:53.973,1854.903888888889
Pulse experiments,pioreactor01,2026-09-14T17:15:54.247Z,remove_waste,0.0806626833,UI,2026-09-14 23:00:54.247,1854.904166666667
Pulse experiments,pioreactor01,2026-09-14T17:15:54.475Z,add_media,0.0776751765,UI,2026-09-14 23:00:54.475,1854.904166666667
Pulse experiments,pioreactor01,2026-09-14T17:15:54.748Z,remove_waste,0.0806626833,UI,2026-09-14 23:00:54.748,1854.904166666667
Pulse experiments,pioreactor01,2026-09-14T17:15:54.976Z,add_media,0.0776751765,UI,2026-09-14 23:00:54.976,1854.904166666667
Pulse experiments,pioreactor01,2026-09-14T17:15:55.249Z,remove_waste,0.0806626833,UI,2026-09-14 23:00:55.249,1854.904444444444
Pulse experiments,pioreactor01,2026-09-14T17:15:55.477Z,add_media,0.0776751765,UI,2026-09-14 23:00:55.477,1854.904444444444
Pulse experiments,pioreactor01,2026-09-14T17:15:55.751Z,remove_waste,0.0806626833,UI,2026-09-14 23:00:55.751,1854.904444444444
Pulse experiments,pioreactor01,2026-09-14T17:15:55.978Z,add_media,0.0776751765,UI,2026-09-14 23:00:55.978,1854.904444444444
Pulse experiments,pioreactor01,2026-09-14T17:15:56.252Z,remove_waste,0.0806626833,UI,2026-09-14 23:00:56.252,1854.904722222222
Pulse experiments,pioreactor01,2026-09-14T17:15:56.480Z,add_media,0.0776751765,UI,2026-09-14 23:00:56.480,1854.904722222222
Pulse experiments,pioreactor01,2026-09-14T17:15:56.753Z,remove_waste,0.0806626833,UI,2026-09-14 23:00:56.753,1854.904722222222
Pulse experiments,pioreactor01,2026-09-14T17:15:56.981Z,add_media,0.0776751765,UI,2026-09-14 23:00:56.981,1854.904722222222
Pulse experiments,pioreactor01,2026-09-14T17:15:57.254Z,remove_waste,0.0806626833,UI,2026-09-14 23:00:57.254,1854.905
Pulse experiments,pioreactor01,2026-09-14T17:15:57.482Z,add_media,0.0776751765,UI,2026-09-14 23:00:57.482,1854.905
Pulse experiments,pioreactor01,2026-09-14T17:15:57.755Z,remove_waste,0.0806626833,UI,2026-09-14 23:00:57.755,1854.905
Pulse experiments,pioreactor01,2026-09-14T17:15:57.982Z,add_media,0.0776751765,UI,2026-09-14 23:00:57.982,1854.905
Pulse experiments,pioreactor01,2026-09-14T17:15:58.256Z,remove_waste,0.0806626833,UI,2026-09-14 23:00:58.256,1854.905277777778
Pulse experiments,pioreactor01,2026-09-14T17:15:58.486Z,add_media,0.0776751765,UI,2026-09-14 23:00:58.486,1854.905277777778
Pulse experiments,pioreactor01,2026-09-14T17:15:58.757Z,remove_waste,0.0806626833,UI,2026-09-14 23:00:58.757,1854.905277777778
Pulse experiments,pioreactor01,2026-09-14T17:15:58.988Z,add_media,0.0776751765,UI,2026-09-14 23:00:58.988,1854.905277777778
Pulse experiments,pioreactor01,2026-09-14T17:15:59.258Z,remove_waste,0.0806626833,UI,2026-09-14 23:00:59.258,1854.905555555556
Pulse experiments,pioreactor01,2026-09-14T17:15:59.488Z,add_media,0.0776751765,UI,2026-09-14 23:00:59.488,1854.905555555556
Pulse experiments,pioreactor01,2026-09-14T17:15:59.759Z,remove_waste,0.0806626833,UI,2026-09-14 23:00:59.759,1854.905555555556
Pulse experiments,pioreactor01,2026-09-14T17:15:59.989Z,add_media,0.0776751765,UI,2026-09-14 23:00:59.989,1854.905555555556
Pulse experiments,pioreactor01,2026-09-14T17:16:00.260Z,remove_waste,0.0806626833,UI,2026-09-14 23:01:00.260,1854.905833333333
Pulse experiments,pioreactor01,2026-09-14T17:16:00.490Z,add_media,0.0776751765,UI,2026-09-14 23:01:00.490,1854.905833333333
Pulse experiments,pioreactor01,2026-09-14T17:16:00.762Z,remove_waste,0.0806626833,UI,2026-09-14 23:01:00.762,1854.905833333333
Pulse experiments,pioreactor01,2026-09-14T17:16:00.992Z,add_media,0.0776751765,UI,2026-09-14 23:01:00.992,1854.905833333333
Pulse experiments,pioreactor01,2026-09-14T17:16:01.263Z,remove_waste,0.0806626833,UI,2026-09-14 23:01:01.263,1854.906111111111
Pulse experiments,pioreactor01,2026-09-14T17:16:01.492Z,add_media,0.0776751765,UI,2026-09-14 23:01:01.492,1854.906111111111
Pulse experiments,pioreactor01,2026-09-14T17:16:01.764Z,remove_waste,0.0806626833,UI,2026-09-14 23:01:01.764,1854.906111111111
Pulse experiments,pioreactor01,2026-09-14T17:16:01.993Z,add_media,0.0776751765,UI,2026-09-14 23:01:01.993,1854.906111111111
Pulse experiments,pioreactor01,2026-09-14T17:16:02.265Z,remove_waste,0.0806626833,UI,2026-09-14 23:01:02.265,1854.906388888889
Pulse experiments,pioreactor01,2026-09-14T17:16:02.495Z,add_media,0.0776751765,UI,2026-09-14 23:01:02.495,1854.906388888889
Pulse experiments,pioreactor01,2026-09-14T17:16:02.765Z,remove_waste,0.0806626833,UI,2026-09-14 23:01:02.765,1854.906388888889
Pulse experiments,pioreactor01,2026-09-14T17:16:02.996Z,add_media,0.0776751765,UI,2026-09-14 23:01:02.996,1854.906388888889
Pulse experiments,pioreactor01,2026-09-14T17:16:03.266Z,remove_waste,0.0806626833,UI,2026-09-14 23:01:03.266,1854.906666666667
Pulse experiments,pioreactor01,2026-09-14T17:16:03.498Z,add_media,0.0776751765,UI,2026-09-14 23:01:03.498,1854.906666666667
Pulse experiments,pioreactor01,2026-09-14T17:16:03.767Z,remove_waste,0.0806626833,UI,2026-09-14 23:01:03.767,1854.906666666667
Pulse experiments,pioreactor01,2026-09-14T17:16:03.998Z,add_media,0.0776751765,UI,2026-09-14 23:01:03.998,1854.906666666667
Pulse experiments,pioreactor01,2026-09-14T17:16:04.269Z,remove_waste,0.0806626833,UI,2026-09-14 23:01:04.269,1854.906944444444
Pulse experiments,pioreactor01,2026-09-14T17:16:04.499Z,add_media,0.0776751765,UI,2026-09-14 23:01:04.499,1854.906944444444
Pulse experiments,pioreactor01,2026-09-14T17:16:04.771Z,remove_waste,0.0806626833,UI,2026-09-14 23:01:04.771,1854.906944444444
Pulse experiments,pioreactor01,2026-09-14T17:16:05.001Z,add_media,0.0776751765,UI,2026-09-14 23:01:05.001,1854.907222222222
Pulse experiments,pioreactor01,2026-09-14T17:16:05.271Z,remove_waste,0.0806626833,UI,2026-09-14 23:01:05.271,1854.907222222222
Pulse experiments,pioreactor01,2026-09-14T17:16:05.502Z,add_media,0.0776751765,UI,2026-09-14 23:01:05.502,1854.907222222222
Pulse experiments,pioreactor01,2026-09-14T17:16:05.772Z,remove_waste,0.0806626833,UI,2026-09-14 23:01:05.772,1854.907222222222
Pulse experiments,pioreactor01,2026-09-14T17:16:06.003Z,add_media,0.0776751765,UI,2026-09-14 23:01:06.003,1854.9075
Pulse experiments,pioreactor01,2026-09-14T17:16:06.273Z,remove_waste,0.0806626833,UI,2026-09-14 23:01:06.273,1854.9075
Pulse experiments,pioreactor01,2026-09-14T17:16:06.504Z,add_media,0.0776751765,UI,2026-09-14 23:01:06.504,1854.9075
Pulse experiments,pioreactor01,2026-09-14T17:16:06.774Z,remove_waste,0.0806626833,UI,2026-09-14 23:01:06.774,1854.9075
Pulse experiments,pioreactor01,2026-09-14T17:16:07.005Z,add_media,0.0776751765,UI,2026-09-14 23:01:07.005,1854.907777777778
Pulse experiments,pioreactor01,2026-09-14T17:16:07.275Z,remove_waste,0.0806626833,UI,2026-09-14 23:01:07.275,1854.907777777778
Pulse experiments,pioreactor01,2026-09-14T17:16:07.505Z,add_media,0.0776751765,UI,2026-09-14 23:01:07.505,1854.907777777778
Pulse experiments,pioreactor01,2026-09-14T17:16:07.777Z,remove_waste,0.0806626833,UI,2026-09-14 23:01:07.777,1854.907777777778
Pulse experiments,pioreactor01,2026-09-14T17:16:08.006Z,add_media,0.0776751765,UI,2026-09-14 23:01:08.006,1854.908055555556
Pulse experiments,pioreactor01,2026-09-14T17:16:08.278Z,remove_waste,0.0806626833,UI,2026-09-14 23:01:08.278,1854.908055555556
Pulse experiments,pioreactor01,2026-09-14T17:16:08.508Z,add_media,0.0776751765,UI,2026-09-14 23:01:08.508,1854.908055555556
Pulse experiments,pioreactor01,2026-09-14T17:16:08.779Z,remove_waste,0.0806626833,UI,2026-09-14 23:01:08.779,1854.908055555556
Pulse experiments,pioreactor01,2026-09-14T17:16:09.009Z,add_media,0.0776751765,UI,2026-09-14 23:01:09.009,1854.908333333333
Pulse experiments,pioreactor01,2026-09-14T17:16:09.280Z,remove_waste,0.0806626833,UI,2026-09-14 23:01:09.280,1854.908333333333
Pulse experiments,pioreactor01,2026-09-14T17:16:09.510Z,add_media,0.0776751765,UI,2026-09-14 23:01:09.510,1854.908333333333
Pulse experiments,pioreactor01,2026-09-14T17:16:09.782Z,remove_waste,0.0806626833,UI,2026-09-14 23:01:09.782,1854.908333333333
Pulse experiments,pioreactor01,2026-09-14T17:16:10.011Z,add_media,0.0776751765,UI,2026-09-14 23:01:10.011,1854.908611111111
Pulse experiments,pioreactor01,2026-09-14T17:16:10.283Z,remove_waste,0.0806626833,UI,2026-09-14 23:01:10.283,1854.908611111111
Pulse experiments,pioreactor01,2026-09-14T17:16:10.513Z,add_media,0.0776751765,UI,2026-09-14 23:01:10.513,1854.908611111111
Pulse experiments,pioreactor01,2026-09-14T17:16:10.783Z,remove_waste,0.0806626833,UI,2026-09-14 23:01:10.783,1854.908611111111
Pulse experiments,pioreactor01,2026-09-14T17:16:11.014Z,add_media,0.0776751765,UI,2026-09-14 23:01:11.014,1854.908888888889
Pulse experiments,pioreactor01,2026-09-14T17:16:11.284Z,remove_waste,0.0806626833,UI,2026-09-14 23:01:11.284,1854.908888888889
Pulse experiments,pioreactor01,2026-09-14T17:16:11.515Z,add_media,0.0776751765,UI,2026-09-14 23:01:11.515,1854.908888888889
Pulse experiments,pioreactor01,2026-09-14T17:16:11.785Z,remove_waste,0.0806626833,UI,2026-09-14 23:01:11.785,1854.908888888889
Pulse experiments,pioreactor01,2026-09-14T17:16:12.016Z,add_media,0.0776751765,UI,2026-09-14 23:01:12.016,1854.909166666667
Pulse experiments,pioreactor01,2026-09-14T17:16:12.286Z,remove_waste,0.0806626833,UI,2026-09-14 23:01:12.286,1854.909166666667
Pulse experiments,pioreactor01,2026-09-14T17:16:12.517Z,add_media,0.0776751765,UI,2026-09-14 23:01:12.517,1854.909166666667
Pulse experiments,pioreactor01,2026-09-14T17:16:12.786Z,remove_waste,0.0806626833,UI,2026-09-14 23:01:12.786,1854.909166666667
Pulse experiments,pioreactor01,2026-09-14T17:16:13.018Z,add_media,0.0776751765,UI,2026-09-14 23:01:13.018,1854.909444444444
Pulse experiments,pioreactor01,2026-09-14T17:16:13.287Z,remove_waste,0.0806626833,UI,2026-09-14 23:01:13.287,1854.909444444444
Pulse experiments,pioreactor01,2026-09-14T17:16:13.519Z,add_media,0.0776751765,UI,2026-09-14 23:01:13.519,1854.909444444444
Pulse experiments,pioreactor01,2026-09-14T17:16:13.788Z,remove_waste,0.0806626833,UI,2026-09-14 23:01:13.788,1854.909444444444
Pulse experiments,pioreactor01,2026-09-14T17:16:14.021Z,add_media,0.0776751765,UI,2026-09-14 23:01:14.021,1854.909722222222
Pulse experiments,pioreactor01,2026-09-14T17:16:14.289Z,remove_waste,0.0806626833,UI,2026-09-14 23:01:14.289,1854.909722222222
Pulse experiments,pioreactor01,2026-09-14T17:16:14.522Z,add_media,0.0776751765,UI,2026-09-14 23:01:14.522,1854.909722222222
Pulse experiments,pioreactor01,2026-09-14T17:16:14.791Z,remove_waste,0.0806626833,UI,2026-09-14 23:01:14.791,1854.909722222222
Pulse experiments,pioreactor01,2026-09-14T17:16:15.023Z,add_media,0.0776751765,UI,2026-09-14 23:01:15.023,1854.91
Pulse experiments,pioreactor01,2026-09-14T17:16:15.292Z,remove_waste,0.0806626833,UI,2026-09-14 23:01:15.292,1854.91
Pulse experiments,pioreactor01,2026-09-14T17:16:15.524Z,add_media,0.0776751765,UI,2026-09-14 23:01:15.524,1854.91
Pulse experiments,pioreactor01,2026-09-14T17:16:15.793Z,remove_waste,0.0806626833,UI,2026-09-14 23:01:15.793,1854.91
Pulse experiments,pioreactor01,2026-09-14T17:16:16.025Z,add_media,0.0776751765,UI,2026-09-14 23:01:16.025,1854.910277777778
Pulse experiments,pioreactor01,2026-09-14T17:16:16.294Z,remove_waste,0.0806626833,UI,2026-09-14 23:01:16.294,1854.910277777778
Pulse experiments,pioreactor01,2026-09-14T17:16:16.525Z,add_media,0.0776751765,UI,2026-09-14 23:01:16.525,1854.910277777778
Pulse experiments,pioreactor01,2026-09-14T17:16:16.795Z,remove_waste,0.0806626833,UI,2026-09-14 23:01:16.795,1854.910277777778
Pulse experiments,pioreactor01,2026-09-14T17:16:17.026Z,add_media,0.0776751765,UI,2026-09-14 23:01:17.026,1854.910555555555
Pulse experiments,pioreactor01,2026-09-14T17:16:17.296Z,remove_waste,0.0806626833,UI,2026-09-14 23:01:17.296,1854.910555555555
Pulse experiments,pioreactor01,2026-09-14T17:16:17.527Z,add_media,0.0776751765,UI,2026-09-14 23:01:17.527,1854.910555555555
Pulse experiments,pioreactor01,2026-09-14T17:16:17.798Z,remove_waste,0.0806626833,UI,2026-09-14 23:01:17.798,1854.910555555555
Pulse experiments,pioreactor01,2026-09-14T17:16:18.028Z,add_media,0.0776751765,UI,2026-09-14 23:01:18.028,1854.910833333333
Pulse experiments,pioreactor01,2026-09-14T17:16:18.300Z,remove_waste,0.0806626833,UI,2026-09-14 23:01:18.300,1854.910833333333
Pulse experiments,pioreactor01,2026-09-14T17:16:18.529Z,add_media,0.0776751765,UI,2026-09-14 23:01:18.529,1854.910833333333
Pulse experiments,pioreactor01,2026-09-14T17:16:18.801Z,remove_waste,0.0806626833,UI,2026-09-14 23:01:18.801,1854.910833333333
Pulse experiments,pioreactor01,2026-09-14T17:16:19.029Z,add_media,0.0776751765,UI,2026-09-14 23:01:19.029,1854.911111111111
Pulse experiments,pioreactor01,2026-09-14T17:16:19.303Z,remove_waste,0.0806626833,UI,2026-09-14 23:01:19.303,1854.911111111111
Pulse experiments,pioreactor01,2026-09-14T17:16:19.530Z,add_media,0.0776751765,UI,2026-09-14 23:01:19.530,1854.911111111111
Pulse experiments,pioreactor01,2026-09-14T17:16:19.804Z,remove_waste,0.0806626833,UI,2026-09-14 23:01:19.804,1854.911111111111
Pulse experiments,pioreactor01,2026-09-14T17:16:20.031Z,add_media,0.0776751765,UI,2026-09-14 23:01:20.031,1854.911388888889
Pulse experiments,pioreactor01,2026-09-14T17:16:20.305Z,remove_waste,0.0806626833,UI,2026-09-14 23:01:20.305,1854.911388888889
Pulse experiments,pioreactor01,2026-09-14T17:16:20.532Z,add_media,0.0776751765,UI,2026-09-14 23:01:20.532,1854.911388888889
Pulse experiments,pioreactor01,2026-09-14T17:16:20.806Z,remove_waste,0.0806626833,UI,2026-09-14 23:01:20.806,1854.911388888889
Pulse experiments,pioreactor01,2026-09-14T17:16:21.034Z,add_media,0.0776751765,UI,2026-09-14 23:01:21.034,1854.911666666667
Pulse experiments,pioreactor01,2026-09-14T17:16:21.307Z,remove_waste,0.0806626833,UI,2026-09-14 23:01:21.307,1854.911666666667
Pulse experiments,pioreactor01,2026-09-14T17:16:21.536Z,add_media,0.0776751765,UI,2026-09-14 23:01:21.536,1854.911666666667
Pulse experiments,pioreactor01,2026-09-14T17:16:21.809Z,remove_waste,0.0806626833,UI,2026-09-14 23:01:21.809,1854.911666666667
Pulse experiments,pioreactor01,2026-09-14T17:16:22.037Z,add_media,0.0776751765,UI,2026-09-14 23:01:22.037,1854.911944444445
Pulse experiments,pioreactor01,2026-09-14T17:16:22.310Z,remove_waste,0.0806626833,UI,2026-09-14 23:01:22.310,1854.911944444445
Pulse experiments,pioreactor01,2026-09-14T17:16:22.538Z,add_media,0.0776751765,UI,2026-09-14 23:01:22.538,1854.911944444445
Pulse experiments,pioreactor01,2026-09-14T17:16:22.811Z,remove_waste,0.0806626833,UI,2026-09-14 23:01:22.811,1854.911944444445
Pulse experiments,pioreactor01,2026-09-14T17:16:23.039Z,add_media,0.0776751765,UI,2026-09-14 23:01:23.039,1854.912222222222
Pulse experiments,pioreactor01,2026-09-14T17:16:23.312Z,remove_waste,0.0806626833,UI,2026-09-14 23:01:23.312,1854.912222222222
Pulse experiments,pioreactor01,2026-09-14T17:16:23.544Z,add_media,0.0776751765,UI,2026-09-14 23:01:23.544,1854.912222222222
Pulse experiments,pioreactor01,2026-09-14T17:16:23.814Z,remove_waste,0.0806626833,UI,2026-09-14 23:01:23.814,1854.912222222222
Pulse experiments,pioreactor01,2026-09-14T17:16:24.045Z,add_media,0.0776751765,UI,2026-09-14 23:01:24.045,1854.9125
Pulse experiments,pioreactor01,2026-09-14T17:16:24.315Z,remove_waste,0.0806626833,UI,2026-09-14 23:01:24.315,1854.9125
Pulse experiments,pioreactor01,2026-09-14T17:16:24.547Z,add_media,0.0776751765,UI,2026-09-14 23:01:24.547,1854.9125
Pulse experiments,pioreactor01,2026-09-14T17:16:24.815Z,remove_waste,0.0806626833,UI,2026-09-14 23:01:24.815,1854.9125
Pulse experiments,pioreactor01,2026-09-14T17:16:25.047Z,add_media,0.0776751765,UI,2026-09-14 23:01:25.047,1854.912777777778
Pulse experiments,pioreactor01,2026-09-14T17:16:25.316Z,remove_waste,0.0806626833,UI,2026-09-14 23:01:25.316,1854.912777777778
Pulse experiments,pioreactor01,2026-09-14T17:16:25.548Z,add_media,0.0776751765,UI,2026-09-14 23:01:25.548,1854.912777777778
Pulse experiments,pioreactor01,2026-09-14T17:16:25.817Z,remove_waste,0.0806626833,UI,2026-09-14 23:01:25.817,1854.912777777778
Pulse experiments,pioreactor01,2026-09-14T17:16:26.049Z,add_media,0.0776751765,UI,2026-09-14 23:01:26.049,1854.913055555556
Pulse experiments,pioreactor01,2026-09-14T17:16:26.318Z,remove_waste,0.0806626833,UI,2026-09-14 23:01:26.318,1854.913055555556
Pulse experiments,pioreactor01,2026-09-14T17:16:26.550Z,add_media,0.0776751765,UI,2026-09-14 23:01:26.550,1854.913055555556
Pulse experiments,pioreactor01,2026-09-14T17:16:26.819Z,remove_waste,0.0806626833,UI,2026-09-14 23:01:26.819,1854.913055555556
Pulse experiments,pioreactor01,2026-09-14T17:16:27.052Z,add_media,0.0776751765,UI,2026-09-14 23:01:27.052,1854.913333333333
Pulse experiments,pioreactor01,2026-09-14T17:16:27.321Z,remove_waste,0.0806626833,UI,2026-09-14 23:01:27.321,1854.913333333333
Pulse experiments,pioreactor01,2026-09-14T17:16:27.553Z,add_media,0.0776751765,UI,2026-09-14 23:01:27.553,1854.913333333333
Pulse experiments,pioreactor01,2026-09-14T17:16:27.822Z,remove_waste,0.0806626833,UI,2026-09-14 23:01:27.822,1854.913333333333
Pulse experiments,pioreactor01,2026-09-14T17:16:28.054Z,add_media,0.0776751765,UI,2026-09-14 23:01:28.054,1854.913611111111
Pulse experiments,pioreactor01,2026-09-14T17:16:28.323Z,remove_waste,0.0806626833,UI,2026-09-14 23:01:28.323,1854.913611111111
Pulse experiments,pioreactor01,2026-09-14T17:16:28.555Z,add_media,0.0776751765,UI,2026-09-14 23:01:28.555,1854.913611111111
Pulse experiments,pioreactor01,2026-09-14T17:16:28.824Z,remove_waste,0.0806626833,UI,2026-09-14 23:01:28.824,1854.913611111111
Pulse experiments,pioreactor01,2026-09-14T17:16:29.056Z,add_media,0.0776751765,UI,2026-09-14 23:01:29.056,1854.913888888889
Pulse experiments,pioreactor01,2026-09-14T17:16:29.325Z,remove_waste,0.0806626833,UI,2026-09-14 23:01:29.325,1854.913888888889
Pulse experiments,pioreactor01,2026-09-14T17:16:29.557Z,add_media,0.0776751765,UI,2026-09-14 23:01:29.557,1854.913888888889
Pulse experiments,pioreactor01,2026-09-14T17:16:29.826Z,remove_waste,0.0806626833,UI,2026-09-14 23:01:29.826,1854.913888888889
Pulse experiments,pioreactor01,2026-09-14T17:16:30.058Z,add_media,0.0776751765,UI,2026-09-14 23:01:30.058,1854.914166666667
Pulse experiments,pioreactor01,2026-09-14T17:16:30.327Z,remove_waste,0.0806626833,UI,2026-09-14 23:01:30.327,1854.914166666667
Pulse experiments,pioreactor01,2026-09-14T17:16:30.559Z,add_media,0.0776751765,UI,2026-09-14 23:01:30.559,1854.914166666667
Pulse experiments,pioreactor01,2026-09-14T17:16:30.828Z,remove_waste,0.0806626833,UI,2026-09-14 23:01:30.828,1854.914166666667
Pulse experiments,pioreactor01,2026-09-14T17:16:31.060Z,add_media,0.0776751765,UI,2026-09-14 23:01:31.060,1854.914444444444
Pulse experiments,pioreactor01,2026-09-14T17:16:31.329Z,remove_waste,0.0806626833,UI,2026-09-14 23:01:31.329,1854.914444444444
Pulse experiments,pioreactor01,2026-09-14T17:16:31.561Z,add_media,0.0776751765,UI,2026-09-14 23:01:31.561,1854.914444444444
Pulse experiments,pioreactor01,2026-09-14T17:16:31.830Z,remove_waste,0.0806626833,UI,2026-09-14 23:01:31.830,1854.914444444444
Pulse experiments,pioreactor01,2026-09-14T17:16:32.063Z,add_media,0.0776751765,UI,2026-09-14 23:01:32.063,1854.914722222222
Pulse experiments,pioreactor01,2026-09-14T17:16:32.331Z,remove_waste,0.0806626833,UI,2026-09-14 23:01:32.331,1854.914722222222
Pulse experiments,pioreactor01,2026-09-14T17:16:32.564Z,add_media,0.0776751765,UI,2026-09-14 23:01:32.564,1854.914722222222
Pulse experiments,pioreactor01,2026-09-14T17:16:32.834Z,remove_waste,0.0806626833,UI,2026-09-14 23:01:32.834,1854.914722222222
Pulse experiments,pioreactor01,2026-09-14T17:16:33.065Z,add_media,0.0776751765,UI,2026-09-14 23:01:33.065,1854.915
Pulse experiments,pioreactor01,2026-09-14T17:16:33.335Z,remove_waste,0.0806626833,UI,2026-09-14 23:01:33.335,1854.915
Pulse experiments,pioreactor01,2026-09-14T17:16:33.567Z,add_media,0.0776751765,UI,2026-09-14 23:01:33.567,1854.915
Pulse experiments,pioreactor01,2026-09-14T17:16:33.835Z,remove_waste,0.0806626833,UI,2026-09-14 23:01:33.835,1854.915
Pulse experiments,pioreactor01,2026-09-14T17:16:34.068Z,add_media,0.0776751765,UI,2026-09-14 23:01:34.068,1854.915277777778
Pulse experiments,pioreactor01,2026-09-14T17:16:34.336Z,remove_waste,0.0806626833,UI,2026-09-14 23:01:34.336,1854.915277777778
Pulse experiments,pioreactor01,2026-09-14T17:16:34.569Z,add_media,0.0776751765,UI,2026-09-14 23:01:34.569,1854.915277777778
Pulse experiments,pioreactor01,2026-09-14T17:16:34.838Z,remove_waste,0.0806626833,UI,2026-09-14 23:01:34.838,1854.915277777778
Pulse experiments,pioreactor01,2026-09-14T17:16:35.069Z,add_media,0.0776751765,UI,2026-09-14 23:01:35.069,1854.915555555556
Pulse experiments,pioreactor01,2026-09-14T17:16:35.339Z,remove_waste,0.0806626833,UI,2026-09-14 23:01:35.339,1854.915555555556
Pulse experiments,pioreactor01,2026-09-14T17:16:35.571Z,add_media,0.0776751765,UI,2026-09-14 23:01:35.571,1854.915555555556
Pulse experiments,pioreactor01,2026-09-14T17:16:35.840Z,remove_waste,0.0806626833,UI,2026-09-14 23:01:35.840,1854.915555555556
Pulse experiments,pioreactor01,2026-09-14T17:16:36.072Z,add_media,0.0776751765,UI,2026-09-14 23:01:36.072,1854.915833333333
Pulse experiments,pioreactor01,2026-09-14T17:16:36.341Z,remove_waste,0.0806626833,UI,2026-09-14 23:01:36.341,1854.915833333333
Pulse experiments,pioreactor01,2026-09-14T17:16:36.574Z,add_media,0.0776751765,UI,2026-09-14 23:01:36.574,1854.915833333333
Pulse experiments,pioreactor01,2026-09-14T17:16:36.841Z,remove_waste,0.0806626833,UI,2026-09-14 23:01:36.841,1854.915833333333
Pulse experiments,pioreactor01,2026-09-14T17:16:37.075Z,add_media,0.0776751765,UI,2026-09-14 23:01:37.075,1854.916111111111
Pulse experiments,pioreactor01,2026-09-14T17:16:37.343Z,remove_waste,0.0806626833,UI,2026-09-14 23:01:37.343,1854.916111111111
Pulse experiments,pioreactor01,2026-09-14T17:16:37.576Z,add_media,0.0776751765,UI,2026-09-14 23:01:37.576,1854.916111111111
Pulse experiments,pioreactor01,2026-09-14T17:16:37.844Z,remove_waste,0.0806626833,UI,2026-09-14 23:01:37.844,1854.916111111111
Pulse experiments,pioreactor01,2026-09-14T17:16:38.077Z,add_media,0.0776751765,UI,2026-09-14 23:01:38.077,1854.916388888889
Pulse experiments,pioreactor01,2026-09-14T17:16:38.345Z,remove_waste,0.0806626833,UI,2026-09-14 23:01:38.345,1854.916388888889
Pulse experiments,pioreactor01,2026-09-14T17:16:38.578Z,add_media,0.0776751765,UI,2026-09-14 23:01:38.578,1854.916388888889
Pulse experiments,pioreactor01,2026-09-14T17:16:38.846Z,remove_waste,0.0806626833,UI,2026-09-14 23:01:38.846,1854.916388888889
Pulse experiments,pioreactor01,2026-09-14T17:16:39.080Z,add_media,0.0776751765,UI,2026-09-14 23:01:39.080,1854.916666666667
Pulse experiments,pioreactor01,2026-09-14T17:16:39.347Z,remove_waste,0.0806626833,UI,2026-09-14 23:01:39.347,1854.916666666667
Pulse experiments,pioreactor01,2026-09-14T17:16:39.581Z,add_media,0.0776751765,UI,2026-09-14 23:01:39.581,1854.916666666667
Pulse experiments,pioreactor01,2026-09-14T17:16:39.848Z,remove_waste,0.0806626833,UI,2026-09-14 23:01:39.848,1854.916666666667
Pulse experiments,pioreactor01,2026-09-14T17:16:40.082Z,add_media,0.0776751765,UI,2026-09-14 23:01:40.082,1854.916944444444
Pulse experiments,pioreactor01,2026-09-14T17:16:40.350Z,remove_waste,0.0806626833,UI,2026-09-14 23:01:40.350,1854.916944444444
Pulse experiments,pioreactor01,2026-09-14T17:16:40.583Z,add_media,0.0776751765,UI,2026-09-14 23:01:40.583,1854.916944444444
Pulse experiments,pioreactor01,2026-09-14T17:16:40.851Z,remove_waste,0.0806626833,UI,2026-09-14 23:01:40.851,1854.916944444444
Pulse experiments,pioreactor01,2026-09-14T17:16:41.084Z,add_media,0.0776751765,UI,2026-09-14 23:01:41.084,1854.917222222222
Pulse experiments,pioreactor01,2026-09-14T17:16:41.353Z,remove_waste,0.0806626833,UI,2026-09-14 23:01:41.353,1854.917222222222
Pulse experiments,pioreactor01,2026-09-14T17:16:41.586Z,add_media,0.0776751765,UI,2026-09-14 23:01:41.586,1854.917222222222
Pulse experiments,pioreactor01,2026-09-14T17:16:41.854Z,remove_waste,0.0806626833,UI,2026-09-14 23:01:41.854,1854.917222222222
Pulse experiments,pioreactor01,2026-09-14T17:16:42.087Z,add_media,0.0776751765,UI,2026-09-14 23:01:42.087,1854.9175
Pulse experiments,pioreactor01,2026-09-14T17:16:42.355Z,remove_waste,0.0806626833,UI,2026-09-14 23:01:42.355,1854.9175
Pulse experiments,pioreactor01,2026-09-14T17:16:42.588Z,add_media,0.0776751765,UI,2026-09-14 23:01:42.588,1854.9175
Pulse experiments,pioreactor01,2026-09-14T17:16:42.856Z,remove_waste,0.0806626833,UI,2026-09-14 23:01:42.856,1854.9175
Pulse experiments,pioreactor01,2026-09-14T17:16:43.090Z,add_media,0.0776751765,UI,2026-09-14 23:01:43.090,1854.917777777778
Pulse experiments,pioreactor01,2026-09-14T17:16:43.357Z,remove_waste,0.0806626833,UI,2026-09-14 23:01:43.357,1854.917777777778
Pulse experiments,pioreactor01,2026-09-14T17:16:43.591Z,add_media,0.0776751765,UI,2026-09-14 23:01:43.591,1854.917777777778
Pulse experiments,pioreactor01,2026-09-14T17:16:43.859Z,remove_waste,0.0806626833,UI,2026-09-14 23:01:43.859,1854.917777777778
Pulse experiments,pioreactor01,2026-09-14T17:16:44.092Z,add_media,0.0776751765,UI,2026-09-14 23:01:44.092,1854.918055555556
Pulse experiments,pioreactor01,2026-09-14T17:16:44.360Z,remove_waste,0.0806626833,UI,2026-09-14 23:01:44.360,1854.918055555556
Pulse experiments,pioreactor01,2026-09-14T17:16:44.593Z,add_media,0.0776751765,UI,2026-09-14 23:01:44.593,1854.918055555556
Pulse experiments,pioreactor01,2026-09-14T17:16:44.861Z,remove_waste,0.0806626833,UI,2026-09-14 23:01:44.861,1854.918055555556
Pulse experiments,pioreactor01,2026-09-14T17:16:45.094Z,add_media,0.0776751765,UI,2026-09-14 23:01:45.094,1854.918333333333
Pulse experiments,pioreactor01,2026-09-14T17:16:45.363Z,remove_waste,0.0806626833,UI,2026-09-14 23:01:45.363,1854.918333333333
Pulse experiments,pioreactor01,2026-09-14T17:16:45.596Z,add_media,0.0776751765,UI,2026-09-14 23:01:45.596,1854.918333333333
Pulse experiments,pioreactor01,2026-09-14T17:16:45.864Z,remove_waste,0.0806626833,UI,2026-09-14 23:01:45.864,1854.918333333333
Pulse experiments,pioreactor01,2026-09-14T17:16:46.097Z,add_media,0.0776751765,UI,2026-09-14 23:01:46.097,1854.918611111111
Pulse experiments,pioreactor01,2026-09-14T17:16:46.365Z,remove_waste,0.0806626833,UI,2026-09-14 23:01:46.365,1854.918611111111
Pulse experiments,pioreactor01,2026-09-14T17:16:46.598Z,add_media,0.0776751765,UI,2026-09-14 23:01:46.598,1854.918611111111
Pulse experiments,pioreactor01,2026-09-14T17:16:46.866Z,remove_waste,0.0806626833,UI,2026-09-14 23:01:46.866,1854.918611111111
Pulse experiments,pioreactor01,2026-09-14T17:16:47.099Z,add_media,0.0776751765,UI,2026-09-14 23:01:47.099,1854.918888888889
Pulse experiments,pioreactor01,2026-09-14T17:16:47.367Z,remove_waste,0.0806626833,UI,2026-09-14 23:01:47.367,1854.918888888889
Pulse experiments,pioreactor01,2026-09-14T17:16:47.599Z,add_media,0.0776751765,UI,2026-09-14 23:01:47.599,1854.918888888889
Pulse experiments,pioreactor01,2026-09-14T17:16:47.868Z,remove_waste,0.0806626833,UI,2026-09-14 23:01:47.868,1854.918888888889
Pulse experiments,pioreactor01,2026-09-14T17:16:48.101Z,add_media,0.0776751765,UI,2026-09-14 23:01:48.101,1854.919166666667
Pulse experiments,pioreactor01,2026-09-14T17:16:48.369Z,remove_waste,0.0806626833,UI,2026-09-14 23:01:48.369,1854.919166666667
Pulse experiments,pioreactor01,2026-09-14T17:16:48.602Z,add_media,0.0776751765,UI,2026-09-14 23:01:48.602,1854.919166666667
Pulse experiments,pioreactor01,2026-09-14T17:16:48.870Z,remove_waste,0.0806626833,UI,2026-09-14 23:01:48.870,1854.919166666667
Pulse experiments,pioreactor01,2026-09-14T17:16:49.103Z,add_media,0.0776751765,UI,2026-09-14 23:01:49.103,1854.919444444444
Pulse experiments,pioreactor01,2026-09-14T17:16:49.371Z,remove_waste,0.0806626833,UI,2026-09-14 23:01:49.371,1854.919444444444
Pulse experiments,pioreactor01,2026-09-14T17:16:49.604Z,add_media,0.0776751765,UI,2026-09-14 23:01:49.604,1854.919444444444
Pulse experiments,pioreactor01,2026-09-14T17:16:49.872Z,remove_waste,0.0806626833,UI,2026-09-14 23:01:49.872,1854.919444444444
Pulse experiments,pioreactor01,2026-09-14T17:16:50.106Z,add_media,0.0776751765,UI,2026-09-14 23:01:50.106,1854.919722222222
Pulse experiments,pioreactor01,2026-09-14T17:16:50.373Z,remove_waste,0.0806626833,UI,2026-09-14 23:01:50.373,1854.919722222222
Pulse experiments,pioreactor01,2026-09-14T17:16:50.606Z,add_media,0.0776751765,UI,2026-09-14 23:01:50.606,1854.919722222222
Pulse experiments,pioreactor01,2026-09-14T17:16:50.874Z,remove_waste,0.0806626833,UI,2026-09-14 23:01:50.874,1854.919722222222
Pulse experiments,pioreactor01,2026-09-14T17:16:51.107Z,add_media,0.0776751765,UI,2026-09-14 23:01:51.107,1854.92
Pulse experiments,pioreactor01,2026-09-14T17:16:51.375Z,remove_waste,0.0806626833,UI,2026-09-14 23:01:51.375,1854.92
Pulse experiments,pioreactor01,2026-09-14T17:16:51.609Z,add_media,0.0776751765,UI,2026-09-14 23:01:51.609,1854.92
Pulse experiments,pioreactor01,2026-09-14T17:16:51.875Z,remove_waste,0.0806626833,UI,2026-09-14 23:01:51.875,1854.92
Pulse experiments,pioreactor01,2026-09-14T17:16:52.110Z,add_media,0.0776751765,UI,2026-09-14 23:01:52.110,1854.920277777778
Pulse experiments,pioreactor01,2026-09-14T17:16:52.376Z,remove_waste,0.0806626833,UI,2026-09-14 23:01:52.376,1854.920277777778
Pulse experiments,pioreactor01,2026-09-14T17:16:52.612Z,add_media,0.0776751765,UI,2026-09-14 23:01:52.612,1854.920277777778
Pulse experiments,pioreactor01,2026-09-14T17:16:52.877Z,remove_waste,0.0806626833,UI,2026-09-14 23:01:52.877,1854.920277777778
Pulse experiments,pioreactor01,2026-09-14T17:16:53.113Z,add_media,0.0776751765,UI,2026-09-14 23:01:53.113,1854.920555555556
Pulse experiments,pioreactor01,2026-09-14T17:16:53.381Z,remove_waste,0.0806626833,UI,2026-09-14 23:01:53.381,1854.920555555556
Pulse experiments,pioreactor01,2026-09-14T17:16:53.614Z,add_media,0.0776751765,UI,2026-09-14 23:01:53.614,1854.920555555556
Pulse experiments,pioreactor01,2026-09-14T17:16:53.882Z,remove_waste,0.0806626833,UI,2026-09-14 23:01:53.882,1854.920555555556
Pulse experiments,pioreactor01,2026-09-14T17:16:54.115Z,add_media,0.0776751765,UI,2026-09-14 23:01:54.115,1854.920833333333
Pulse experiments,pioreactor01,2026-09-14T17:16:54.383Z,remove_waste,0.0806626833,UI,2026-09-14 23:01:54.383,1854.920833333333
Pulse experiments,pioreactor01,2026-09-14T17:16:54.616Z,add_media,0.0776751765,UI,2026-09-14 23:01:54.616,1854.920833333333
Pulse experiments,pioreactor01,2026-09-14T17:16:54.884Z,remove_waste,0.0806626833,UI,2026-09-14 23:01:54.884,1854.920833333333
Pulse experiments,pioreactor01,2026-09-14T17:16:55.117Z,add_media,0.0776751765,UI,2026-09-14 23:01:55.117,1854.921111111111
Pulse experiments,pioreactor01,2026-09-14T17:16:55.385Z,remove_waste,0.0806626833,UI,2026-09-14 23:01:55.385,1854.921111111111
Pulse experiments,pioreactor01,2026-09-14T17:16:55.618Z,add_media,0.0776751765,UI,2026-09-14 23:01:55.618,1854.921111111111
Pulse experiments,pioreactor01,2026-09-14T17:16:55.886Z,remove_waste,0.0806626833,UI,2026-09-14 23:01:55.886,1854.921111111111
Pulse experiments,pioreactor01,2026-09-14T17:16:56.119Z,add_media,0.0776751765,UI,2026-09-14 23:01:56.119,1854.921388888889
Pulse experiments,pioreactor01,2026-09-14T17:16:56.388Z,remove_waste,0.0806626833,UI,2026-09-14 23:01:56.388,1854.921388888889
Pulse experiments,pioreactor01,2026-09-14T17:16:56.620Z,add_media,0.0776751765,UI,2026-09-14 23:01:56.620,1854.921388888889
Pulse experiments,pioreactor01,2026-09-14T17:16:56.888Z,remove_waste,0.0806626833,UI,2026-09-14 23:01:56.888,1854.921388888889
Pulse experiments,pioreactor01,2026-09-14T17:16:57.120Z,add_media,0.0776751765,UI,2026-09-14 23:01:57.120,1854.921666666667
Pulse experiments,pioreactor01,2026-09-14T17:16:57.393Z,remove_waste,0.0806626833,UI,2026-09-14 23:01:57.393,1854.921666666667
Pulse experiments,pioreactor01,2026-09-14T17:16:57.621Z,add_media,0.0776751765,UI,2026-09-14 23:01:57.621,1854.921666666667
Pulse experiments,pioreactor01,2026-09-14T17:16:57.894Z,remove_waste,0.0806626833,UI,2026-09-14 23:01:57.894,1854.921666666667
Pulse experiments,pioreactor01,2026-09-14T17:16:58.122Z,add_media,0.0776751765,UI,2026-09-14 23:01:58.122,1854.921944444445
Pulse experiments,pioreactor01,2026-09-14T17:16:58.395Z,remove_waste,0.0806626833,UI,2026-09-14 23:01:58.395,1854.921944444445
Pulse experiments,pioreactor01,2026-09-14T17:16:58.622Z,add_media,0.0776751765,UI,2026-09-14 23:01:58.622,1854.921944444445
Pulse experiments,pioreactor01,2026-09-14T17:16:58.895Z,remove_waste,0.0806626833,UI,2026-09-14 23:01:58.895,1854.921944444445
Pulse experiments,pioreactor01,2026-09-14T17:16:59.124Z,add_media,0.0776751765,UI,2026-09-14 23:01:59.124,1854.922222222222
Pulse experiments,pioreactor01,2026-09-14T17:16:59.397Z,remove_waste,0.0806626833,UI,2026-09-14 23:01:59.397,1854.922222222222
Pulse experiments,pioreactor01,2026-09-14T17:16:59.625Z,add_media,0.0776751765,UI,2026-09-14 23:01:59.625,1854.922222222222
Pulse experiments,pioreactor01,2026-09-14T17:16:59.898Z,remove_waste,0.0806626833,UI,2026-09-14 23:01:59.898,1854.922222222222
Pulse experiments,pioreactor01,2026-09-14T17:17:00.126Z,add_media,0.0776751765,UI,2026-09-14 23:02:00.126,1854.9225
Pulse experiments,pioreactor01,2026-09-14T17:17:00.398Z,remove_waste,0.0806626833,UI,2026-09-14 23:02:00.398,1854.9225
Pulse experiments,pioreactor01,2026-09-14T17:17:00.626Z,add_media,0.0776751765,UI,2026-09-14 23:02:00.626,1854.9225
Pulse experiments,pioreactor01,2026-09-14T17:17:00.899Z,remove_waste,0.0806626833,UI,2026-09-14 23:02:00.899,1854.9225
Pulse experiments,pioreactor01,2026-09-14T17:17:01.128Z,add_media,0.0776751765,UI,2026-09-14 23:02:01.128,1854.922777777778
Pulse experiments,pioreactor01,2026-09-14T17:17:01.400Z,remove_waste,0.0806626833,UI,2026-09-14 23:02:01.400,1854.922777777778
Pulse experiments,pioreactor01,2026-09-14T17:17:01.628Z,add_media,0.0776751765,UI,2026-09-14 23:02:01.628,1854.922777777778
Pulse experiments,pioreactor01,2026-09-14T17:17:01.901Z,remove_waste,0.0806626833,UI,2026-09-14 23:02:01.901,1854.922777777778
Pulse experiments,pioreactor01,2026-09-14T17:17:02.130Z,add_media,0.0776751765,UI,2026-09-14 23:02:02.130,1854.923055555555
Pulse experiments,pioreactor01,2026-09-14T17:17:02.402Z,remove_waste,0.0806626833,UI,2026-09-14 23:02:02.402,1854.923055555555
Pulse experiments,pioreactor01,2026-09-14T17:17:02.630Z,add_media,0.0776751765,UI,2026-09-14 23:02:02.630,1854.923055555555
Pulse experiments,pioreactor01,2026-09-14T17:17:02.903Z,remove_waste,0.0806626833,UI,2026-09-14 23:02:02.903,1854.923055555555
Pulse experiments,pioreactor01,2026-09-14T17:17:03.131Z,add_media,0.0776751765,UI,2026-09-14 23:02:03.131,1854.923333333333
Pulse experiments,pioreactor01,2026-09-14T17:17:03.404Z,remove_waste,0.0806626833,UI,2026-09-14 23:02:03.404,1854.923333333333
Pulse experiments,pioreactor01,2026-09-14T17:17:03.632Z,add_media,0.0776751765,UI,2026-09-14 23:02:03.632,1854.923333333333
Pulse experiments,pioreactor01,2026-09-14T17:17:03.905Z,remove_waste,0.0806626833,UI,2026-09-14 23:02:03.905,1854.923333333333
Pulse experiments,pioreactor01,2026-09-14T17:17:04.133Z,add_media,0.0776751765,UI,2026-09-14 23:02:04.133,1854.923611111111
Pulse experiments,pioreactor01,2026-09-14T17:17:04.406Z,remove_waste,0.0806626833,UI,2026-09-14 23:02:04.406,1854.923611111111
Pulse experiments,pioreactor01,2026-09-14T17:17:04.634Z,add_media,0.0776751765,UI,2026-09-14 23:02:04.634,1854.923611111111
Pulse experiments,pioreactor01,2026-09-14T17:17:04.907Z,remove_waste,0.0806626833,UI,2026-09-14 23:02:04.907,1854.923611111111
Pulse experiments,pioreactor01,2026-09-14T17:17:05.136Z,add_media,0.0776751765,UI,2026-09-14 23:02:05.136,1854.923888888889
Pulse experiments,pioreactor01,2026-09-14T17:17:05.408Z,remove_waste,0.0806626833,UI,2026-09-14 23:02:05.408,1854.923888888889
Pulse experiments,pioreactor01,2026-09-14T17:17:05.637Z,add_media,0.0776751765,UI,2026-09-14 23:02:05.637,1854.923888888889
Pulse experiments,pioreactor01,2026-09-14T17:17:05.909Z,remove_waste,0.0806626833,UI,2026-09-14 23:02:05.909,1854.923888888889
Pulse experiments,pioreactor01,2026-09-14T17:17:06.138Z,add_media,0.0776751765,UI,2026-09-14 23:02:06.138,1854.924166666667
Pulse experiments,pioreactor01,2026-09-14T17:17:06.410Z,remove_waste,0.0806626833,UI,2026-09-14 23:02:06.410,1854.924166666667
Pulse experiments,pioreactor01,2026-09-14T17:17:06.639Z,add_media,0.0776751765,UI,2026-09-14 23:02:06.639,1854.924166666667
Pulse experiments,pioreactor01,2026-09-14T17:17:06.911Z,remove_waste,0.0806626833,UI,2026-09-14 23:02:06.911,1854.924166666667
Pulse experiments,pioreactor01,2026-09-14T17:17:07.140Z,add_media,0.0776751765,UI,2026-09-14 23:02:07.140,1854.924444444444
Pulse experiments,pioreactor01,2026-09-14T17:17:07.412Z,remove_waste,0.0806626833,UI,2026-09-14 23:02:07.412,1854.924444444444
Pulse experiments,pioreactor01,2026-09-14T17:17:07.641Z,add_media,0.0776751765,UI,2026-09-14 23:02:07.641,1854.924444444444
Pulse experiments,pioreactor01,2026-09-14T17:17:07.914Z,remove_waste,0.0806626833,UI,2026-09-14 23:02:07.914,1854.924444444444
Pulse experiments,pioreactor01,2026-09-14T17:17:08.141Z,add_media,0.0776751765,UI,2026-09-14 23:02:08.141,1854.924722222222
Pulse experiments,pioreactor01,2026-09-14T17:17:08.415Z,remove_waste,0.0806626833,UI,2026-09-14 23:02:08.415,1854.924722222222
Pulse experiments,pioreactor01,2026-09-14T17:17:08.642Z,add_media,0.0776751765,UI,2026-09-14 23:02:08.642,1854.924722222222
Pulse experiments,pioreactor01,2026-09-14T17:17:08.919Z,remove_waste,0.0806626833,UI,2026-09-14 23:02:08.919,1854.924722222222
Pulse experiments,pioreactor01,2026-09-14T17:17:09.143Z,add_media,0.0776751765,UI,2026-09-14 23:02:09.143,1854.925
Pulse experiments,pioreactor01,2026-09-14T17:17:09.421Z,remove_waste,0.0806626833,UI,2026-09-14 23:02:09.421,1854.925
Pulse experiments,pioreactor01,2026-09-14T17:17:09.645Z,add_media,0.0776751765,UI,2026-09-14 23:02:09.645,1854.925
Pulse experiments,pioreactor01,2026-09-14T17:17:09.921Z,remove_waste,0.0806626833,UI,2026-09-14 23:02:09.921,1854.925
Pulse experiments,pioreactor01,2026-09-14T17:17:10.146Z,add_media,0.0776751765,UI,2026-09-14 23:02:10.146,1854.925277777778
Pulse experiments,pioreactor01,2026-09-14T17:17:10.422Z,remove_waste,0.0806626833,UI,2026-09-14 23:02:10.422,1854.925277777778
Pulse experiments,pioreactor01,2026-09-14T17:17:10.646Z,add_media,0.0776751765,UI,2026-09-14 23:02:10.646,1854.925277777778
Pulse experiments,pioreactor01,2026-09-14T17:17:10.924Z,remove_waste,0.0806626833,UI,2026-09-14 23:02:10.924,1854.925277777778
Pulse experiments,pioreactor01,2026-09-14T17:17:11.148Z,add_media,0.0776751765,UI,2026-09-14 23:02:11.148,1854.925555555556
Pulse experiments,pioreactor01,2026-09-14T17:17:11.425Z,remove_waste,0.0806626833,UI,2026-09-14 23:02:11.425,1854.925555555556
Pulse experiments,pioreactor01,2026-09-14T17:17:11.649Z,add_media,0.0776751765,UI,2026-09-14 23:02:11.649,1854.925555555556
Pulse experiments,pioreactor01,2026-09-14T17:17:11.927Z,remove_waste,0.0806626833,UI,2026-09-14 23:02:11.927,1854.925555555556
Pulse experiments,pioreactor01,2026-09-14T17:17:12.150Z,add_media,0.0776751765,UI,2026-09-14 23:02:12.150,1854.925833333333
Pulse experiments,pioreactor01,2026-09-14T17:17:12.427Z,remove_waste,0.0806626833,UI,2026-09-14 23:02:12.427,1854.925833333333
Pulse experiments,pioreactor01,2026-09-14T17:17:12.651Z,add_media,0.0776751765,UI,2026-09-14 23:02:12.651,1854.925833333333
Pulse experiments,pioreactor01,2026-09-14T17:17:12.931Z,remove_waste,0.0806626833,UI,2026-09-14 23:02:12.931,1854.925833333333
Pulse experiments,pioreactor01,2026-09-14T17:17:13.152Z,add_media,0.0776751765,UI,2026-09-14 23:02:13.152,1854.926111111111
Pulse experiments,pioreactor01,2026-09-14T17:17:13.431Z,remove_waste,0.0806626833,UI,2026-09-14 23:02:13.431,1854.926111111111
Pulse experiments,pioreactor01,2026-09-14T17:17:13.653Z,add_media,0.0776751765,UI,2026-09-14 23:02:13.653,1854.926111111111
Pulse experiments,pioreactor01,2026-09-14T17:17:13.933Z,remove_waste,0.0806626833,UI,2026-09-14 23:02:13.933,1854.926111111111
Pulse experiments,pioreactor01,2026-09-14T17:17:14.154Z,add_media,0.0776751765,UI,2026-09-14 23:02:14.154,1854.926388888889
Pulse experiments,pioreactor01,2026-09-14T17:17:14.434Z,remove_waste,0.0806626833,UI,2026-09-14 23:02:14.434,1854.926388888889
Pulse experiments,pioreactor01,2026-09-14T17:17:14.655Z,add_media,0.0776751765,UI,2026-09-14 23:02:14.655,1854.926388888889
Pulse experiments,pioreactor01,2026-09-14T17:17:14.935Z,remove_waste,0.0806626833,UI,2026-09-14 23:02:14.935,1854.926388888889
Pulse experiments,pioreactor01,2026-09-14T17:17:15.156Z,add_media,0.0776751765,UI,2026-09-14 23:02:15.156,1854.926666666667
Pulse experiments,pioreactor01,2026-09-14T17:17:15.436Z,remove_waste,0.0806626833,UI,2026-09-14 23:02:15.436,1854.926666666667
Pulse experiments,pioreactor01,2026-09-14T17:17:15.657Z,add_media,0.0776751765,UI,2026-09-14 23:02:15.657,1854.926666666667
Pulse experiments,pioreactor01,2026-09-14T17:17:15.937Z,remove_waste,0.0806626833,UI,2026-09-14 23:02:15.937,1854.926666666667
Pulse experiments,pioreactor01,2026-09-14T17:17:16.157Z,add_media,0.0776751765,UI,2026-09-14 23:02:16.157,1854.926944444444
Pulse experiments,pioreactor01,2026-09-14T17:17:16.438Z,remove_waste,0.0806626833,UI,2026-09-14 23:02:16.438,1854.926944444444
Pulse experiments,pioreactor01,2026-09-14T17:17:16.658Z,add_media,0.0776751765,UI,2026-09-14 23:02:16.658,1854.926944444444
Pulse experiments,pioreactor01,2026-09-14T17:17:16.939Z,remove_waste,0.0806626833,UI,2026-09-14 23:02:16.939,1854.926944444444
Pulse experiments,pioreactor01,2026-09-14T17:17:17.159Z,add_media,0.0776751765,UI,2026-09-14 23:02:17.159,1854.927222222222
Pulse experiments,pioreactor01,2026-09-14T17:17:17.440Z,remove_waste,0.0806626833,UI,2026-09-14 23:02:17.440,1854.927222222222
Pulse experiments,pioreactor01,2026-09-14T17:17:17.659Z,add_media,0.0776751765,UI,2026-09-14 23:02:17.659,1854.927222222222
Pulse experiments,pioreactor01,2026-09-14T17:17:17.941Z,remove_waste,0.0806626833,UI,2026-09-14 23:02:17.941,1854.927222222222
Pulse experiments,pioreactor01,2026-09-14T17:17:18.160Z,add_media,0.0776751765,UI,2026-09-14 23:02:18.160,1854.9275
Pulse experiments,pioreactor01,2026-09-14T17:17:18.441Z,remove_waste,0.0806626833,UI,2026-09-14 23:02:18.441,1854.9275
Pulse experiments,pioreactor01,2026-09-14T17:17:18.661Z,add_media,0.0776751765,UI,2026-09-14 23:02:18.661,1854.9275
Pulse experiments,pioreactor01,2026-09-14T17:17:18.942Z,remove_waste,0.0806626833,UI,2026-09-14 23:02:18.942,1854.9275
Pulse experiments,pioreactor01,2026-09-14T17:17:19.162Z,add_media,0.0776751765,UI,2026-09-14 23:02:19.162,1854.927777777778
Pulse experiments,pioreactor01,2026-09-14T17:17:19.443Z,remove_waste,0.0806626833,UI,2026-09-14 23:02:19.443,1854.927777777778
Pulse experiments,pioreactor01,2026-09-14T17:17:19.663Z,add_media,0.0776751765,UI,2026-09-14 23:02:19.663,1854.927777777778
Pulse experiments,pioreactor01,2026-09-14T17:17:19.944Z,remove_waste,0.0806626833,UI,2026-09-14 23:02:19.944,1854.927777777778
Pulse experiments,pioreactor01,2026-09-14T17:17:20.163Z,add_media,0.0776751765,UI,2026-09-14 23:02:20.163,1854.928055555556
Pulse experiments,pioreactor01,2026-09-14T17:17:20.444Z,remove_waste,0.0806626833,UI,2026-09-14 23:02:20.444,1854.928055555556
Pulse experiments,pioreactor01,2026-09-14T17:17:20.664Z,add_media,0.0776751765,UI,2026-09-14 23:02:20.664,1854.928055555556
Pulse experiments,pioreactor01,2026-09-14T17:17:20.945Z,remove_waste,0.0806626833,UI,2026-09-14 23:02:20.945,1854.928055555556
Pulse experiments,pioreactor01,2026-09-14T17:17:21.165Z,add_media,0.0776751765,UI,2026-09-14 23:02:21.165,1854.928333333333
Pulse experiments,pioreactor01,2026-09-14T17:17:21.446Z,remove_waste,0.0806626833,UI,2026-09-14 23:02:21.446,1854.928333333333
Pulse experiments,pioreactor01,2026-09-14T17:17:21.667Z,add_media,0.0776751765,UI,2026-09-14 23:02:21.667,1854.928333333333
Pulse experiments,pioreactor01,2026-09-14T17:17:21.947Z,remove_waste,0.0806626833,UI,2026-09-14 23:02:21.947,1854.928333333333
Pulse experiments,pioreactor01,2026-09-14T17:17:22.168Z,add_media,0.0776751765,UI,2026-09-14 23:02:22.168,1854.928611111111
Pulse experiments,pioreactor01,2026-09-14T17:17:22.447Z,remove_waste,0.0806626833,UI,2026-09-14 23:02:22.447,1854.928611111111
Pulse experiments,pioreactor01,2026-09-14T17:17:22.669Z,add_media,0.0776751765,UI,2026-09-14 23:02:22.669,1854.928611111111
Pulse experiments,pioreactor01,2026-09-14T17:17:22.949Z,remove_waste,0.0806626833,UI,2026-09-14 23:02:22.949,1854.928611111111
Pulse experiments,pioreactor01,2026-09-14T17:17:23.170Z,add_media,0.0776751765,UI,2026-09-14 23:02:23.170,1854.928888888889
Pulse experiments,pioreactor01,2026-09-14T17:17:23.450Z,remove_waste,0.0806626833,UI,2026-09-14 23:02:23.450,1854.928888888889
Pulse experiments,pioreactor01,2026-09-14T17:17:23.670Z,add_media,0.0776751765,UI,2026-09-14 23:02:23.670,1854.928888888889
Pulse experiments,pioreactor01,2026-09-14T17:17:23.951Z,remove_waste,0.0806626833,UI,2026-09-14 23:02:23.951,1854.928888888889
Pulse experiments,pioreactor01,2026-09-14T17:17:24.171Z,add_media,0.0776751765,UI,2026-09-14 23:02:24.171,1854.929166666667
Pulse experiments,pioreactor01,2026-09-14T17:17:24.454Z,remove_waste,0.0806626833,UI,2026-09-14 23:02:24.454,1854.929166666667
Pulse experiments,pioreactor01,2026-09-14T17:17:24.672Z,add_media,0.0776751765,UI,2026-09-14 23:02:24.672,1854.929166666667
Pulse experiments,pioreactor01,2026-09-14T17:17:24.954Z,remove_waste,0.0806626833,UI,2026-09-14 23:02:24.954,1854.929166666667
Pulse experiments,pioreactor01,2026-09-14T17:17:25.173Z,add_media,0.0776751765,UI,2026-09-14 23:02:25.173,1854.929444444444
Pulse experiments,pioreactor01,2026-09-14T17:17:25.455Z,remove_waste,0.0806626833,UI,2026-09-14 23:02:25.455,1854.929444444444
Pulse experiments,pioreactor01,2026-09-14T17:17:25.675Z,add_media,0.0776751765,UI,2026-09-14 23:02:25.675,1854.929444444444
Pulse experiments,pioreactor01,2026-09-14T17:17:25.957Z,remove_waste,0.0806626833,UI,2026-09-14 23:02:25.957,1854.929444444444
Pulse experiments,pioreactor01,2026-09-14T17:17:26.176Z,add_media,0.0776751765,UI,2026-09-14 23:02:26.176,1854.929722222222
Pulse experiments,pioreactor01,2026-09-14T17:17:26.458Z,remove_waste,0.0806626833,UI,2026-09-14 23:02:26.458,1854.929722222222
Pulse experiments,pioreactor01,2026-09-14T17:17:26.677Z,add_media,0.0776751765,UI,2026-09-14 23:02:26.677,1854.929722222222
Pulse experiments,pioreactor01,2026-09-14T17:17:26.959Z,remove_waste,0.0806626833,UI,2026-09-14 23:02:26.959,1854.929722222222
Pulse experiments,pioreactor01,2026-09-14T17:17:27.178Z,add_media,0.0776751765,UI,2026-09-14 23:02:27.178,1854.93
Pulse experiments,pioreactor01,2026-09-14T17:17:27.460Z,remove_waste,0.0806626833,UI,2026-09-14 23:02:27.460,1854.93
Pulse experiments,pioreactor01,2026-09-14T17:17:27.679Z,add_media,0.0776751765,UI,2026-09-14 23:02:27.679,1854.93
Pulse experiments,pioreactor01,2026-09-14T17:17:27.960Z,remove_waste,0.0806626833,UI,2026-09-14 23:02:27.960,1854.93
Pulse experiments,pioreactor01,2026-09-14T17:17:28.182Z,add_media,0.0776751765,UI,2026-09-14 23:02:28.182,1854.930277777778
Pulse experiments,pioreactor01,2026-09-14T17:17:28.462Z,remove_waste,0.0806626833,UI,2026-09-14 23:02:28.462,1854.930277777778
Pulse experiments,pioreactor01,2026-09-14T17:17:28.683Z,add_media,0.0776751765,UI,2026-09-14 23:02:28.683,1854.930277777778
Pulse experiments,pioreactor01,2026-09-14T17:17:28.962Z,remove_waste,0.0806626833,UI,2026-09-14 23:02:28.962,1854.930277777778
Pulse experiments,pioreactor01,2026-09-14T17:17:29.184Z,add_media,0.0776751765,UI,2026-09-14 23:02:29.184,1854.930555555556
Pulse experiments,pioreactor01,2026-09-14T17:17:29.463Z,remove_waste,0.0806626833,UI,2026-09-14 23:02:29.463,1854.930555555556
Pulse experiments,pioreactor01,2026-09-14T17:17:29.685Z,add_media,0.0776751765,UI,2026-09-14 23:02:29.685,1854.930555555556
Pulse experiments,pioreactor01,2026-09-14T17:17:29.966Z,remove_waste,0.0806626833,UI,2026-09-14 23:02:29.966,1854.930555555556
Pulse experiments,pioreactor01,2026-09-14T17:17:30.186Z,add_media,0.0776751765,UI,2026-09-14 23:02:30.186,1854.930833333333
Pulse experiments,pioreactor01,2026-09-14T17:17:30.467Z,remove_waste,0.0806626833,UI,2026-09-14 23:02:30.467,1854.930833333333
Pulse experiments,pioreactor01,2026-09-14T17:17:30.686Z,add_media,0.0776751765,UI,2026-09-14 23:02:30.686,1854.930833333333
Pulse experiments,pioreactor01,2026-09-14T17:17:30.968Z,remove_waste,0.0806626833,UI,2026-09-14 23:02:30.968,1854.930833333333
Pulse experiments,pioreactor01,2026-09-14T17:17:31.187Z,add_media,0.0776751765,UI,2026-09-14 23:02:31.187,1854.931111111111
Pulse experiments,pioreactor01,2026-09-14T17:17:31.469Z,remove_waste,0.0806626833,UI,2026-09-14 23:02:31.469,1854.931111111111
Pulse experiments,pioreactor01,2026-09-14T17:17:31.690Z,add_media,0.0776751765,UI,2026-09-14 23:02:31.690,1854.931111111111
Pulse experiments,pioreactor01,2026-09-14T17:17:31.969Z,remove_waste,0.0806626833,UI,2026-09-14 23:02:31.969,1854.931111111111
Pulse experiments,pioreactor01,2026-09-14T17:17:32.191Z,add_media,0.0776751765,UI,2026-09-14 23:02:32.191,1854.931388888889
Pulse experiments,pioreactor01,2026-09-14T17:17:32.470Z,remove_waste,0.0806626833,UI,2026-09-14 23:02:32.470,1854.931388888889
Pulse experiments,pioreactor01,2026-09-14T17:17:32.692Z,add_media,0.0776751765,UI,2026-09-14 23:02:32.692,1854.931388888889
Pulse experiments,pioreactor01,2026-09-14T17:17:32.971Z,remove_waste,0.0806626833,UI,2026-09-14 23:02:32.971,1854.931388888889
Pulse experiments,pioreactor01,2026-09-14T17:17:33.193Z,add_media,0.0776751765,UI,2026-09-14 23:02:33.193,1854.931666666667
Pulse experiments,pioreactor01,2026-09-14T17:17:33.472Z,remove_waste,0.0806626833,UI,2026-09-14 23:02:33.472,1854.931666666667
Pulse experiments,pioreactor01,2026-09-14T17:17:33.695Z,add_media,0.0776751765,UI,2026-09-14 23:02:33.695,1854.931666666667
Pulse experiments,pioreactor01,2026-09-14T17:17:33.973Z,remove_waste,0.0806626833,UI,2026-09-14 23:02:33.973,1854.931666666667
Pulse experiments,pioreactor01,2026-09-14T17:17:34.196Z,add_media,0.0776751765,UI,2026-09-14 23:02:34.196,1854.931944444445
Pulse experiments,pioreactor01,2026-09-14T17:17:34.474Z,remove_waste,0.0806626833,UI,2026-09-14 23:02:34.474,1854.931944444445
Pulse experiments,pioreactor01,2026-09-14T17:17:34.698Z,add_media,0.0776751765,UI,2026-09-14 23:02:34.698,1854.931944444445
Pulse experiments,pioreactor01,2026-09-14T17:17:34.975Z,remove_waste,0.0806626833,UI,2026-09-14 23:02:34.975,1854.931944444445
Pulse experiments,pioreactor01,2026-09-14T17:17:35.199Z,add_media,0.0776751765,UI,2026-09-14 23:02:35.199,1854.932222222222
Pulse experiments,pioreactor01,2026-09-14T17:17:35.476Z,remove_waste,0.0806626833,UI,2026-09-14 23:02:35.476,1854.932222222222
Pulse experiments,pioreactor01,2026-09-14T17:17:35.700Z,add_media,0.0776751765,UI,2026-09-14 23:02:35.700,1854.932222222222
Pulse experiments,pioreactor01,2026-09-14T17:17:35.977Z,remove_waste,0.0806626833,UI,2026-09-14 23:02:35.977,1854.932222222222
Pulse experiments,pioreactor01,2026-09-14T17:17:36.201Z,add_media,0.0776751765,UI,2026-09-14 23:02:36.201,1854.9325
Pulse experiments,pioreactor01,2026-09-14T17:17:36.478Z,remove_waste,0.0806626833,UI,2026-09-14 23:02:36.478,1854.9325
Pulse experiments,pioreactor01,2026-09-14T17:17:36.702Z,add_media,0.0776751765,UI,2026-09-14 23:02:36.702,1854.9325
Pulse experiments,pioreactor01,2026-09-14T17:17:36.979Z,remove_waste,0.0806626833,UI,2026-09-14 23:02:36.979,1854.9325
Pulse experiments,pioreactor01,2026-09-14T17:17:37.203Z,add_media,0.0776751765,UI,2026-09-14 23:02:37.203,1854.932777777778
Pulse experiments,pioreactor01,2026-09-14T17:17:37.479Z,remove_waste,0.0806626833,UI,2026-09-14 23:02:37.479,1854.932777777778
Pulse experiments,pioreactor01,2026-09-14T17:17:37.704Z,add_media,0.0776751765,UI,2026-09-14 23:02:37.704,1854.932777777778
Pulse experiments,pioreactor01,2026-09-14T17:17:37.980Z,remove_waste,0.0806626833,UI,2026-09-14 23:02:37.980,1854.932777777778
Pulse experiments,pioreactor01,2026-09-14T17:17:38.205Z,add_media,0.0776751765,UI,2026-09-14 23:02:38.205,1854.933055555555
Pulse experiments,pioreactor01,2026-09-14T17:17:38.481Z,remove_waste,0.0806626833,UI,2026-09-14 23:02:38.481,1854.933055555555
Pulse experiments,pioreactor01,2026-09-14T17:17:38.706Z,add_media,0.0776751765,UI,2026-09-14 23:02:38.706,1854.933055555555
Pulse experiments,pioreactor01,2026-09-14T17:17:38.982Z,remove_waste,0.0806626833,UI,2026-09-14 23:02:38.982,1854.933055555555
Pulse experiments,pioreactor01,2026-09-14T17:17:39.207Z,add_media,0.0776751765,UI,2026-09-14 23:02:39.207,1854.933333333333
Pulse experiments,pioreactor01,2026-09-14T17:17:39.483Z,remove_waste,0.0806626833,UI,2026-09-14 23:02:39.483,1854.933333333333
Pulse experiments,pioreactor01,2026-09-14T17:17:39.707Z,add_media,0.0776751765,UI,2026-09-14 23:02:39.707,1854.933333333333
Pulse experiments,pioreactor01,2026-09-14T17:17:39.984Z,remove_waste,0.0806626833,UI,2026-09-14 23:02:39.984,1854.933333333333
Pulse experiments,pioreactor01,2026-09-14T17:17:40.208Z,add_media,0.0776751765,UI,2026-09-14 23:02:40.208,1854.933611111111
Pulse experiments,pioreactor01,2026-09-14T17:17:40.485Z,remove_waste,0.0806626833,UI,2026-09-14 23:02:40.485,1854.933611111111
Pulse experiments,pioreactor01,2026-09-14T17:17:40.709Z,add_media,0.0776751765,UI,2026-09-14 23:02:40.709,1854.933611111111
Pulse experiments,pioreactor01,2026-09-14T17:17:40.986Z,remove_waste,0.0806626833,UI,2026-09-14 23:02:40.986,1854.933611111111
Pulse experiments,pioreactor01,2026-09-14T17:17:41.210Z,add_media,0.0776751765,UI,2026-09-14 23:02:41.210,1854.933888888889
Pulse experiments,pioreactor01,2026-09-14T17:17:41.487Z,remove_waste,0.0806626833,UI,2026-09-14 23:02:41.487,1854.933888888889
Pulse experiments,pioreactor01,2026-09-14T17:17:41.711Z,add_media,0.0776751765,UI,2026-09-14 23:02:41.711,1854.933888888889
Pulse experiments,pioreactor01,2026-09-14T17:17:41.988Z,remove_waste,0.0806626833,UI,2026-09-14 23:02:41.988,1854.933888888889
Pulse experiments,pioreactor01,2026-09-14T17:17:42.212Z,add_media,0.0776751765,UI,2026-09-14 23:02:42.212,1854.934166666667
Pulse experiments,pioreactor01,2026-09-14T17:17:42.489Z,remove_waste,0.0806626833,UI,2026-09-14 23:02:42.489,1854.934166666667
Pulse experiments,pioreactor01,2026-09-14T17:17:42.714Z,add_media,0.0776751765,UI,2026-09-14 23:02:42.714,1854.934166666667
Pulse experiments,pioreactor01,2026-09-14T17:17:42.989Z,remove_waste,0.0806626833,UI,2026-09-14 23:02:42.989,1854.934166666667
Pulse experiments,pioreactor01,2026-09-14T17:17:43.215Z,add_media,0.0776751765,UI,2026-09-14 23:02:43.215,1854.934444444444
Pulse experiments,pioreactor01,2026-09-14T17:17:43.492Z,remove_waste,0.0806626833,UI,2026-09-14 23:02:43.492,1854.934444444444
Pulse experiments,pioreactor01,2026-09-14T17:17:43.716Z,add_media,0.0776751765,UI,2026-09-14 23:02:43.716,1854.934444444444
Pulse experiments,pioreactor01,2026-09-14T17:17:43.993Z,remove_waste,0.0806626833,UI,2026-09-14 23:02:43.993,1854.934444444444
Pulse experiments,pioreactor01,2026-09-14T17:17:44.216Z,add_media,0.0776751765,UI,2026-09-14 23:02:44.216,1854.934722222222
Pulse experiments,pioreactor01,2026-09-14T17:17:44.495Z,remove_waste,0.0806626833,UI,2026-09-14 23:02:44.495,1854.934722222222
Pulse experiments,pioreactor01,2026-09-14T17:17:44.717Z,add_media,0.0776751765,UI,2026-09-14 23:02:44.717,1854.934722222222
Pulse experiments,pioreactor01,2026-09-14T17:17:44.996Z,remove_waste,0.0806626833,UI,2026-09-14 23:02:44.996,1854.934722222222
Pulse experiments,pioreactor01,2026-09-14T17:17:45.218Z,add_media,0.0776751765,UI,2026-09-14 23:02:45.218,1854.935
Pulse experiments,pioreactor01,2026-09-14T17:17:45.496Z,remove_waste,0.0806626833,UI,2026-09-14 23:02:45.496,1854.935
Pulse experiments,pioreactor01,2026-09-14T17:17:45.720Z,add_media,0.0776751765,UI,2026-09-14 23:02:45.720,1854.935
Pulse experiments,pioreactor01,2026-09-14T17:17:45.997Z,remove_waste,0.0806626833,UI,2026-09-14 23:02:45.997,1854.935
Pulse experiments,pioreactor01,2026-09-14T17:17:46.221Z,add_media,0.0776751765,UI,2026-09-14 23:02:46.221,1854.935277777778
Pulse experiments,pioreactor01,2026-09-14T17:17:46.498Z,remove_waste,0.0806626833,UI,2026-09-14 23:02:46.498,1854.935277777778
Pulse experiments,pioreactor01,2026-09-14T17:17:46.721Z,add_media,0.0776751765,UI,2026-09-14 23:02:46.721,1854.935277777778
Pulse experiments,pioreactor01,2026-09-14T17:17:46.999Z,remove_waste,0.0806626833,UI,2026-09-14 23:02:46.999,1854.935277777778
Pulse experiments,pioreactor01,2026-09-14T17:17:47.223Z,add_media,0.0776751765,UI,2026-09-14 23:02:47.223,1854.935555555556
Pulse experiments,pioreactor01,2026-09-14T17:17:47.501Z,remove_waste,0.0806626833,UI,2026-09-14 23:02:47.501,1854.935555555556
Pulse experiments,pioreactor01,2026-09-14T17:17:47.725Z,add_media,0.0776751765,UI,2026-09-14 23:02:47.725,1854.935555555556
Pulse experiments,pioreactor01,2026-09-14T17:17:48.003Z,remove_waste,0.0806626833,UI,2026-09-14 23:02:48.003,1854.935833333333
Pulse experiments,pioreactor01,2026-09-14T17:17:48.227Z,add_media,0.0776751765,UI,2026-09-14 23:02:48.227,1854.935833333333
Pulse experiments,pioreactor01,2026-09-14T17:17:48.503Z,remove_waste,0.0806626833,UI,2026-09-14 23:02:48.503,1854.935833333333
Pulse experiments,pioreactor01,2026-09-14T17:17:48.728Z,add_media,0.0776751765,UI,2026-09-14 23:02:48.728,1854.935833333333
Pulse experiments,pioreactor01,2026-09-14T17:17:49.005Z,remove_waste,0.0806626833,UI,2026-09-14 23:02:49.005,1854.936111111111
Pulse experiments,pioreactor01,2026-09-14T17:17:49.230Z,add_media,0.0776751765,UI,2026-09-14 23:02:49.230,1854.936111111111
Pulse experiments,pioreactor01,2026-09-14T17:17:49.505Z,remove_waste,0.0806626833,UI,2026-09-14 23:02:49.505,1854.936111111111
Pulse experiments,pioreactor01,2026-09-14T17:17:49.731Z,add_media,0.0776751765,UI,2026-09-14 23:02:49.731,1854.936111111111
Pulse experiments,pioreactor01,2026-09-14T17:17:50.006Z,remove_waste,0.0806626833,UI,2026-09-14 23:02:50.006,1854.936388888889
Pulse experiments,pioreactor01,2026-09-14T17:17:50.232Z,add_media,0.0776751765,UI,2026-09-14 23:02:50.232,1854.936388888889
Pulse experiments,pioreactor01,2026-09-14T17:17:50.508Z,remove_waste,0.0806626833,UI,2026-09-14 23:02:50.508,1854.936388888889
Pulse experiments,pioreactor01,2026-09-14T17:17:50.736Z,add_media,0.0776751765,UI,2026-09-14 23:02:50.736,1854.936388888889
Pulse experiments,pioreactor01,2026-09-14T17:17:51.009Z,remove_waste,0.0806626833,UI,2026-09-14 23:02:51.009,1854.936666666667
Pulse experiments,pioreactor01,2026-09-14T17:17:51.237Z,add_media,0.0776751765,UI,2026-09-14 23:02:51.237,1854.936666666667
Pulse experiments,pioreactor01,2026-09-14T17:17:51.510Z,remove_waste,0.0806626833,UI,2026-09-14 23:02:51.510,1854.936666666667
Pulse experiments,pioreactor01,2026-09-14T17:17:51.738Z,add_media,0.0776751765,UI,2026-09-14 23:02:51.738,1854.936666666667
Pulse experiments,pioreactor01,2026-09-14T17:17:52.011Z,remove_waste,0.0806626833,UI,2026-09-14 23:02:52.011,1854.936944444444
Pulse experiments,pioreactor01,2026-09-14T17:17:52.239Z,add_media,0.0776751765,UI,2026-09-14 23:02:52.239,1854.936944444444
Pulse experiments,pioreactor01,2026-09-14T17:17:52.512Z,remove_waste,0.0806626833,UI,2026-09-14 23:02:52.512,1854.936944444444
Pulse experiments,pioreactor01,2026-09-14T17:17:52.740Z,add_media,0.0776751765,UI,2026-09-14 23:02:52.740,1854.936944444444
Pulse experiments,pioreactor01,2026-09-14T17:17:53.013Z,remove_waste,0.0806626833,UI,2026-09-14 23:02:53.013,1854.937222222222
Pulse experiments,pioreactor01,2026-09-14T17:17:53.242Z,add_media,0.0776751765,UI,2026-09-14 23:02:53.242,1854.937222222222
Pulse experiments,pioreactor01,2026-09-14T17:17:53.514Z,remove_waste,0.0806626833,UI,2026-09-14 23:02:53.514,1854.937222222222
Pulse experiments,pioreactor01,2026-09-14T17:17:53.744Z,add_media,0.0776751765,UI,2026-09-14 23:02:53.744,1854.937222222222
Pulse experiments,pioreactor01,2026-09-14T17:17:54.016Z,remove_waste,0.0806626833,UI,2026-09-14 23:02:54.016,1854.9375
Pulse experiments,pioreactor01,2026-09-14T17:17:54.245Z,add_media,0.0776751765,UI,2026-09-14 23:02:54.245,1854.9375
Pulse experiments,pioreactor01,2026-09-14T17:17:54.517Z,remove_waste,0.0806626833,UI,2026-09-14 23:02:54.517,1854.9375
Pulse experiments,pioreactor01,2026-09-14T17:17:54.746Z,add_media,0.0776751765,UI,2026-09-14 23:02:54.746,1854.9375
Pulse experiments,pioreactor01,2026-09-14T17:17:55.018Z,remove_waste,0.0806626833,UI,2026-09-14 23:02:55.018,1854.937777777778
Pulse experiments,pioreactor01,2026-09-14T17:17:55.247Z,add_media,0.0776751765,UI,2026-09-14 23:02:55.247,1854.937777777778
Pulse experiments,pioreactor01,2026-09-14T17:17:55.519Z,remove_waste,0.0806626833,UI,2026-09-14 23:02:55.519,1854.937777777778
Pulse experiments,pioreactor01,2026-09-14T17:17:55.749Z,add_media,0.0776751765,UI,2026-09-14 23:02:55.749,1854.937777777778
Pulse experiments,pioreactor01,2026-09-14T17:17:56.020Z,remove_waste,0.0806626833,UI,2026-09-14 23:02:56.020,1854.938055555556
Pulse experiments,pioreactor01,2026-09-14T17:17:56.250Z,add_media,0.0776751765,UI,2026-09-14 23:02:56.250,1854.938055555556
Pulse experiments,pioreactor01,2026-09-14T17:17:56.524Z,remove_waste,0.0806626833,UI,2026-09-14 23:02:56.524,1854.938055555556
Pulse experiments,pioreactor01,2026-09-14T17:17:56.751Z,add_media,0.0776751765,UI,2026-09-14 23:02:56.751,1854.938055555556
Pulse experiments,pioreactor01,2026-09-14T17:17:57.025Z,remove_waste,0.0806626833,UI,2026-09-14 23:02:57.025,1854.938333333333
Pulse experiments,pioreactor01,2026-09-14T17:17:57.252Z,add_media,0.0776751765,UI,2026-09-14 23:02:57.252,1854.938333333333
Pulse experiments,pioreactor01,2026-09-14T17:17:57.527Z,remove_waste,0.0806626833,UI,2026-09-14 23:02:57.527,1854.938333333333
Pulse experiments,pioreactor01,2026-09-14T17:17:57.753Z,add_media,0.0776751765,UI,2026-09-14 23:02:57.753,1854.938333333333
Pulse experiments,pioreactor01,2026-09-14T17:17:58.027Z,remove_waste,0.0806626833,UI,2026-09-14 23:02:58.027,1854.938611111111
Pulse experiments,pioreactor01,2026-09-14T17:17:58.254Z,add_media,0.0776751765,UI,2026-09-14 23:02:58.254,1854.938611111111
Pulse experiments,pioreactor01,2026-09-14T17:17:58.529Z,remove_waste,0.0806626833,UI,2026-09-14 23:02:58.529,1854.938611111111
Pulse experiments,pioreactor01,2026-09-14T17:17:58.755Z,add_media,0.0776751765,UI,2026-09-14 23:02:58.755,1854.938611111111
Pulse experiments,pioreactor01,2026-09-14T17:17:59.030Z,remove_waste,0.0806626833,UI,2026-09-14 23:02:59.030,1854.938888888889
Pulse experiments,pioreactor01,2026-09-14T17:17:59.257Z,add_media,0.0776751765,UI,2026-09-14 23:02:59.257,1854.938888888889
Pulse experiments,pioreactor01,2026-09-14T17:17:59.531Z,remove_waste,0.0806626833,UI,2026-09-14 23:02:59.531,1854.938888888889
Pulse experiments,pioreactor01,2026-09-14T17:17:59.757Z,add_media,0.0776751765,UI,2026-09-14 23:02:59.757,1854.938888888889
Pulse experiments,pioreactor01,2026-09-14T17:18:00.032Z,remove_waste,0.0806626833,UI,2026-09-14 23:03:00.032,1854.939166666667
Pulse experiments,pioreactor01,2026-09-14T17:18:00.259Z,add_media,0.0776751765,UI,2026-09-14 23:03:00.259,1854.939166666667
Pulse experiments,pioreactor01,2026-09-14T17:18:00.533Z,remove_waste,0.0806626833,UI,2026-09-14 23:03:00.533,1854.939166666667
Pulse experiments,pioreactor01,2026-09-14T17:18:00.760Z,add_media,0.0776751765,UI,2026-09-14 23:03:00.760,1854.939166666667
Pulse experiments,pioreactor01,2026-09-14T17:18:01.034Z,remove_waste,0.0806626833,UI,2026-09-14 23:03:01.034,1854.939444444444
Pulse experiments,pioreactor01,2026-09-14T17:18:01.261Z,add_media,0.0776751765,UI,2026-09-14 23:03:01.261,1854.939444444444
Pulse experiments,pioreactor01,2026-09-14T17:18:01.535Z,remove_waste,0.0806626833,UI,2026-09-14 23:03:01.535,1854.939444444444
Pulse experiments,pioreactor01,2026-09-14T17:18:01.762Z,add_media,0.0776751765,UI,2026-09-14 23:03:01.762,1854.939444444444
Pulse experiments,pioreactor01,2026-09-14T17:18:02.037Z,remove_waste,0.0806626833,UI,2026-09-14 23:03:02.037,1854.939722222222
Pulse experiments,pioreactor01,2026-09-14T17:18:02.263Z,add_media,0.0776751765,UI,2026-09-14 23:03:02.263,1854.939722222222
Pulse experiments,pioreactor01,2026-09-14T17:18:02.539Z,remove_waste,0.0806626833,UI,2026-09-14 23:03:02.539,1854.939722222222
Pulse experiments,pioreactor01,2026-09-14T17:18:02.764Z,add_media,0.0776751765,UI,2026-09-14 23:03:02.764,1854.939722222222
Pulse experiments,pioreactor01,2026-09-14T17:18:03.041Z,remove_waste,0.0806626833,UI,2026-09-14 23:03:03.041,1854.94
Pulse experiments,pioreactor01,2026-09-14T17:18:03.265Z,add_media,0.0776751765,UI,2026-09-14 23:03:03.265,1854.94
Pulse experiments,pioreactor01,2026-09-14T17:18:03.541Z,remove_waste,0.0806626833,UI,2026-09-14 23:03:03.541,1854.94
Pulse experiments,pioreactor01,2026-09-14T17:18:03.766Z,add_media,0.0776751765,UI,2026-09-14 23:03:03.766,1854.94
Pulse experiments,pioreactor01,2026-09-14T17:18:04.042Z,remove_waste,0.0806626833,UI,2026-09-14 23:03:04.042,1854.940277777778
Pulse experiments,pioreactor01,2026-09-14T17:18:04.267Z,add_media,0.0776751765,UI,2026-09-14 23:03:04.267,1854.940277777778
Pulse experiments,pioreactor01,2026-09-14T17:18:04.543Z,remove_waste,0.0806626833,UI,2026-09-14 23:03:04.543,1854.940277777778
Pulse experiments,pioreactor01,2026-09-14T17:18:04.768Z,add_media,0.0776751765,UI,2026-09-14 23:03:04.768,1854.940277777778
Pulse experiments,pioreactor01,2026-09-14T17:18:05.044Z,remove_waste,0.0806626833,UI,2026-09-14 23:03:05.044,1854.940555555556
Pulse experiments,pioreactor01,2026-09-14T17:18:05.269Z,add_media,0.0776751765,UI,2026-09-14 23:03:05.269,1854.940555555556
Pulse experiments,pioreactor01,2026-09-14T17:18:05.545Z,remove_waste,0.0806626833,UI,2026-09-14 23:03:05.545,1854.940555555556
Pulse experiments,pioreactor01,2026-09-14T17:18:05.771Z,add_media,0.0776751765,UI,2026-09-14 23:03:05.771,1854.940555555556
Pulse experiments,pioreactor01,2026-09-14T17:18:06.045Z,remove_waste,0.0806626833,UI,2026-09-14 23:03:06.045,1854.940833333333
Pulse experiments,pioreactor01,2026-09-14T17:18:06.271Z,add_media,0.0776751765,UI,2026-09-14 23:03:06.271,1854.940833333333
Pulse experiments,pioreactor01,2026-09-14T17:18:06.546Z,remove_waste,0.0806626833,UI,2026-09-14 23:03:06.546,1854.940833333333
Pulse experiments,pioreactor01,2026-09-14T17:18:06.772Z,add_media,0.0776751765,UI,2026-09-14 23:03:06.772,1854.940833333333
Pulse experiments,pioreactor01,2026-09-14T17:18:07.047Z,remove_waste,0.0806626833,UI,2026-09-14 23:03:07.047,1854.941111111111
Pulse experiments,pioreactor01,2026-09-14T17:18:07.274Z,add_media,0.0776751765,UI,2026-09-14 23:03:07.274,1854.941111111111
Pulse experiments,pioreactor01,2026-09-14T17:18:07.550Z,remove_waste,0.0806626833,UI,2026-09-14 23:03:07.550,1854.941111111111
Pulse experiments,pioreactor01,2026-09-14T17:18:07.775Z,add_media,0.0776751765,UI,2026-09-14 23:03:07.775,1854.941111111111
Pulse experiments,pioreactor01,2026-09-14T17:18:08.051Z,remove_waste,0.0806626833,UI,2026-09-14 23:03:08.051,1854.941388888889
Pulse experiments,pioreactor01,2026-09-14T17:18:08.276Z,add_media,0.0776751765,UI,2026-09-14 23:03:08.276,1854.941388888889
Pulse experiments,pioreactor01,2026-09-14T17:18:08.551Z,remove_waste,0.0806626833,UI,2026-09-14 23:03:08.551,1854.941388888889
Pulse experiments,pioreactor01,2026-09-14T17:18:08.777Z,add_media,0.0776751765,UI,2026-09-14 23:03:08.777,1854.941388888889
Pulse experiments,pioreactor01,2026-09-14T17:18:09.052Z,remove_waste,0.0806626833,UI,2026-09-14 23:03:09.052,1854.941666666667
Pulse experiments,pioreactor01,2026-09-14T17:18:09.278Z,add_media,0.0776751765,UI,2026-09-14 23:03:09.278,1854.941666666667
Pulse experiments,pioreactor01,2026-09-14T17:18:09.553Z,remove_waste,0.0806626833,UI,2026-09-14 23:03:09.553,1854.941666666667
Pulse experiments,pioreactor01,2026-09-14T17:18:09.779Z,add_media,0.0776751765,UI,2026-09-14 23:03:09.779,1854.941666666667
Pulse experiments,pioreactor01,2026-09-14T17:18:10.054Z,remove_waste,0.0806626833,UI,2026-09-14 23:03:10.054,1854.941944444445
Pulse experiments,pioreactor01,2026-09-14T17:18:10.281Z,add_media,0.0776751765,UI,2026-09-14 23:03:10.281,1854.941944444445
Pulse experiments,pioreactor01,2026-09-14T17:18:10.555Z,remove_waste,0.0806626833,UI,2026-09-14 23:03:10.555,1854.941944444445
Pulse experiments,pioreactor01,2026-09-14T17:18:10.782Z,add_media,0.0776751765,UI,2026-09-14 23:03:10.782,1854.941944444445
Pulse experiments,pioreactor01,2026-09-14T17:18:11.056Z,remove_waste,0.0806626833,UI,2026-09-14 23:03:11.056,1854.942222222222
Pulse experiments,pioreactor01,2026-09-14T17:18:11.283Z,add_media,0.0776751765,UI,2026-09-14 23:03:11.283,1854.942222222222
Pulse experiments,pioreactor01,2026-09-14T17:18:11.557Z,remove_waste,0.0806626833,UI,2026-09-14 23:03:11.557,1854.942222222222
Pulse experiments,pioreactor01,2026-09-14T17:18:11.784Z,add_media,0.0776751765,UI,2026-09-14 23:03:11.784,1854.942222222222
Pulse experiments,pioreactor01,2026-09-14T17:18:12.058Z,remove_waste,0.0806626833,UI,2026-09-14 23:03:12.058,1854.9425
Pulse experiments,pioreactor01,2026-09-14T17:18:12.285Z,add_media,0.0776751765,UI,2026-09-14 23:03:12.285,1854.9425
Pulse experiments,pioreactor01,2026-09-14T17:18:12.559Z,remove_waste,0.0806626833,UI,2026-09-14 23:03:12.559,1854.9425
Pulse experiments,pioreactor01,2026-09-14T17:18:12.785Z,add_media,0.0776751765,UI,2026-09-14 23:03:12.785,1854.9425
Pulse experiments,pioreactor01,2026-09-14T17:18:13.061Z,remove_waste,0.0806626833,UI,2026-09-14 23:03:13.061,1854.942777777778
Pulse experiments,pioreactor01,2026-09-14T17:18:13.286Z,add_media,0.0776751765,UI,2026-09-14 23:03:13.286,1854.942777777778
Pulse experiments,pioreactor01,2026-09-14T17:18:13.562Z,remove_waste,0.0806626833,UI,2026-09-14 23:03:13.562,1854.942777777778
Pulse experiments,pioreactor01,2026-09-14T17:18:13.787Z,add_media,0.0776751765,UI,2026-09-14 23:03:13.787,1854.942777777778
Pulse experiments,pioreactor01,2026-09-14T17:18:14.063Z,remove_waste,0.0806626833,UI,2026-09-14 23:03:14.063,1854.943055555555
Pulse experiments,pioreactor01,2026-09-14T17:18:14.288Z,add_media,0.0776751765,UI,2026-09-14 23:03:14.288,1854.943055555555
Pulse experiments,pioreactor01,2026-09-14T17:18:14.563Z,remove_waste,0.0806626833,UI,2026-09-14 23:03:14.563,1854.943055555555
Pulse experiments,pioreactor01,2026-09-14T17:18:14.789Z,add_media,0.0776751765,UI,2026-09-14 23:03:14.789,1854.943055555555
Pulse experiments,pioreactor01,2026-09-14T17:18:15.064Z,remove_waste,0.0806626833,UI,2026-09-14 23:03:15.064,1854.943333333333
Pulse experiments,pioreactor01,2026-09-14T17:18:15.290Z,add_media,0.0776751765,UI,2026-09-14 23:03:15.290,1854.943333333333
Pulse experiments,pioreactor01,2026-09-14T17:18:15.566Z,remove_waste,0.0806626833,UI,2026-09-14 23:03:15.566,1854.943333333333
Pulse experiments,pioreactor01,2026-09-14T17:18:15.791Z,add_media,0.0776751765,UI,2026-09-14 23:03:15.791,1854.943333333333
Pulse experiments,pioreactor01,2026-09-14T17:18:16.066Z,remove_waste,0.0806626833,UI,2026-09-14 23:03:16.066,1854.943611111111
Pulse experiments,pioreactor01,2026-09-14T17:18:16.292Z,add_media,0.0776751765,UI,2026-09-14 23:03:16.292,1854.943611111111
Pulse experiments,pioreactor01,2026-09-14T17:18:16.567Z,remove_waste,0.0806626833,UI,2026-09-14 23:03:16.567,1854.943611111111
Pulse experiments,pioreactor01,2026-09-14T17:18:16.793Z,add_media,0.0776751765,UI,2026-09-14 23:03:16.793,1854.943611111111
Pulse experiments,pioreactor01,2026-09-14T17:18:17.068Z,remove_waste,0.0806626833,UI,2026-09-14 23:03:17.068,1854.943888888889
Pulse experiments,pioreactor01,2026-09-14T17:18:17.294Z,add_media,0.0776751765,UI,2026-09-14 23:03:17.294,1854.943888888889
Pulse experiments,pioreactor01,2026-09-14T17:18:17.570Z,remove_waste,0.0806626833,UI,2026-09-14 23:03:17.570,1854.943888888889
Pulse experiments,pioreactor01,2026-09-14T17:18:17.795Z,add_media,0.0776751765,UI,2026-09-14 23:03:17.795,1854.943888888889
Pulse experiments,pioreactor01,2026-09-14T17:18:18.071Z,remove_waste,0.0806626833,UI,2026-09-14 23:03:18.071,1854.944166666667
Pulse experiments,pioreactor01,2026-09-14T17:18:18.296Z,add_media,0.0776751765,UI,2026-09-14 23:03:18.296,1854.944166666667
Pulse experiments,pioreactor01,2026-09-14T17:18:18.572Z,remove_waste,0.0806626833,UI,2026-09-14 23:03:18.572,1854.944166666667
Pulse experiments,pioreactor01,2026-09-14T17:18:18.797Z,add_media,0.0776751765,UI,2026-09-14 23:03:18.797,1854.944166666667
Pulse experiments,pioreactor01,2026-09-14T17:18:19.073Z,remove_waste,0.0806626833,UI,2026-09-14 23:03:19.073,1854.944444444444
Pulse experiments,pioreactor01,2026-09-14T17:18:19.298Z,add_media,0.0776751765,UI,2026-09-14 23:03:19.298,1854.944444444444
Pulse experiments,pioreactor01,2026-09-14T17:18:19.574Z,remove_waste,0.0806626833,UI,2026-09-14 23:03:19.574,1854.944444444444
Pulse experiments,pioreactor01,2026-09-14T17:18:19.799Z,add_media,0.0776751765,UI,2026-09-14 23:03:19.799,1854.944444444444
Pulse experiments,pioreactor01,2026-09-14T17:18:20.075Z,remove_waste,0.0806626833,UI,2026-09-14 23:03:20.075,1854.944722222222
Pulse experiments,pioreactor01,2026-09-14T17:18:20.300Z,add_media,0.0776751765,UI,2026-09-14 23:03:20.300,1854.944722222222
Pulse experiments,pioreactor01,2026-09-14T17:18:20.576Z,remove_waste,0.0806626833,UI,2026-09-14 23:03:20.576,1854.944722222222
Pulse experiments,pioreactor01,2026-09-14T17:18:20.801Z,add_media,0.0776751765,UI,2026-09-14 23:03:20.801,1854.944722222222
Pulse experiments,pioreactor01,2026-09-14T17:18:21.077Z,remove_waste,0.0806626833,UI,2026-09-14 23:03:21.077,1854.945
Pulse experiments,pioreactor01,2026-09-14T17:18:21.303Z,add_media,0.0776751765,UI,2026-09-14 23:03:21.303,1854.945
Pulse experiments,pioreactor01,2026-09-14T17:18:21.578Z,remove_waste,0.0806626833,UI,2026-09-14 23:03:21.578,1854.945
Pulse experiments,pioreactor01,2026-09-14T17:18:21.804Z,add_media,0.0776751765,UI,2026-09-14 23:03:21.804,1854.945
Pulse experiments,pioreactor01,2026-09-14T17:18:22.079Z,remove_waste,0.0806626833,UI,2026-09-14 23:03:22.079,1854.945277777778
Pulse experiments,pioreactor01,2026-09-14T17:18:22.304Z,add_media,0.0776751765,UI,2026-09-14 23:03:22.304,1854.945277777778
Pulse experiments,pioreactor01,2026-09-14T17:18:22.581Z,remove_waste,0.0806626833,UI,2026-09-14 23:03:22.581,1854.945277777778
Pulse experiments,pioreactor01,2026-09-14T17:18:22.805Z,add_media,0.0776751765,UI,2026-09-14 23:03:22.805,1854.945277777778
Pulse experiments,pioreactor01,2026-09-14T17:18:23.082Z,remove_waste,0.0806626833,UI,2026-09-14 23:03:23.082,1854.945555555556
Pulse experiments,pioreactor01,2026-09-14T17:18:23.307Z,add_media,0.0776751765,UI,2026-09-14 23:03:23.307,1854.945555555556
Pulse experiments,pioreactor01,2026-09-14T17:18:23.583Z,remove_waste,0.0806626833,UI,2026-09-14 23:03:23.583,1854.945555555556
Pulse experiments,pioreactor01,2026-09-14T17:18:23.808Z,add_media,0.0776751765,UI,2026-09-14 23:03:23.808,1854.945555555556
Pulse experiments,pioreactor01,2026-09-14T17:18:24.085Z,remove_waste,0.0806626833,UI,2026-09-14 23:03:24.085,1854.945833333333
Pulse experiments,pioreactor01,2026-09-14T17:18:24.309Z,add_media,0.0776751765,UI,2026-09-14 23:03:24.309,1854.945833333333
Pulse experiments,pioreactor01,2026-09-14T17:18:24.587Z,remove_waste,0.0806626833,UI,2026-09-14 23:03:24.587,1854.945833333333
Pulse experiments,pioreactor01,2026-09-14T17:18:24.810Z,add_media,0.0776751765,UI,2026-09-14 23:03:24.810,1854.945833333333
Pulse experiments,pioreactor01,2026-09-14T17:18:25.087Z,remove_waste,0.0806626833,UI,2026-09-14 23:03:25.087,1854.946111111111
Pulse experiments,pioreactor01,2026-09-14T17:18:25.311Z,add_media,0.0776751765,UI,2026-09-14 23:03:25.311,1854.946111111111
Pulse experiments,pioreactor01,2026-09-14T17:18:25.588Z,remove_waste,0.0806626833,UI,2026-09-14 23:03:25.588,1854.946111111111
Pulse experiments,pioreactor01,2026-09-14T17:18:25.812Z,add_media,0.0776751765,UI,2026-09-14 23:03:25.812,1854.946111111111
Pulse experiments,pioreactor01,2026-09-14T17:18:26.089Z,remove_waste,0.0806626833,UI,2026-09-14 23:03:26.089,1854.946388888889
Pulse experiments,pioreactor01,2026-09-14T17:18:26.314Z,add_media,0.0776751765,UI,2026-09-14 23:03:26.314,1854.946388888889
Pulse experiments,pioreactor01,2026-09-14T17:18:26.590Z,remove_waste,0.0806626833,UI,2026-09-14 23:03:26.590,1854.946388888889
Pulse experiments,pioreactor01,2026-09-14T17:18:26.815Z,add_media,0.0776751765,UI,2026-09-14 23:03:26.815,1854.946388888889
Pulse experiments,pioreactor01,2026-09-14T17:18:27.092Z,remove_waste,0.0806626833,UI,2026-09-14 23:03:27.092,1854.946666666667
Pulse experiments,pioreactor01,2026-09-14T17:18:27.316Z,add_media,0.0776751765,UI,2026-09-14 23:03:27.316,1854.946666666667
Pulse experiments,pioreactor01,2026-09-14T17:18:27.593Z,remove_waste,0.0806626833,UI,2026-09-14 23:03:27.593,1854.946666666667
Pulse experiments,pioreactor01,2026-09-14T17:18:27.818Z,add_media,0.0776751765,UI,2026-09-14 23:03:27.818,1854.946666666667
Pulse experiments,pioreactor01,2026-09-14T17:18:28.097Z,remove_waste,0.0806626833,UI,2026-09-14 23:03:28.097,1854.946944444444
Pulse experiments,pioreactor01,2026-09-14T17:18:28.319Z,add_media,0.0776751765,UI,2026-09-14 23:03:28.319,1854.946944444444
Pulse experiments,pioreactor01,2026-09-14T17:18:28.599Z,remove_waste,0.0806626833,UI,2026-09-14 23:03:28.599,1854.946944444444
Pulse experiments,pioreactor01,2026-09-14T17:18:28.819Z,add_media,0.0776751765,UI,2026-09-14 23:03:28.819,1854.946944444444
Pulse experiments,pioreactor01,2026-09-14T17:18:29.100Z,remove_waste,0.0806626833,UI,2026-09-14 23:03:29.100,1854.947222222222
Pulse experiments,pioreactor01,2026-09-14T17:18:29.320Z,add_media,0.0776751765,UI,2026-09-14 23:03:29.320,1854.947222222222
Pulse experiments,pioreactor01,2026-09-14T17:18:29.601Z,remove_waste,0.0806626833,UI,2026-09-14 23:03:29.601,1854.947222222222
Pulse experiments,pioreactor01,2026-09-14T17:18:29.821Z,add_media,0.0776751765,UI,2026-09-14 23:03:29.821,1854.947222222222
Pulse experiments,pioreactor01,2026-09-14T17:18:30.102Z,remove_waste,0.0806626833,UI,2026-09-14 23:03:30.102,1854.9475
Pulse experiments,pioreactor01,2026-09-14T17:18:30.322Z,add_media,0.0776751765,UI,2026-09-14 23:03:30.322,1854.9475
Pulse experiments,pioreactor01,2026-09-14T17:18:30.602Z,remove_waste,0.0806626833,UI,2026-09-14 23:03:30.602,1854.9475
Pulse experiments,pioreactor01,2026-09-14T17:18:30.823Z,add_media,0.0776751765,UI,2026-09-14 23:03:30.823,1854.9475
Pulse experiments,pioreactor01,2026-09-14T17:18:31.103Z,remove_waste,0.0806626833,UI,2026-09-14 23:03:31.103,1854.947777777778
Pulse experiments,pioreactor01,2026-09-14T17:18:31.324Z,add_media,0.0776751765,UI,2026-09-14 23:03:31.324,1854.947777777778
Pulse experiments,pioreactor01,2026-09-14T17:18:31.604Z,remove_waste,0.0806626833,UI,2026-09-14 23:03:31.604,1854.947777777778
Pulse experiments,pioreactor01,2026-09-14T17:18:31.825Z,add_media,0.0776751765,UI,2026-09-14 23:03:31.825,1854.947777777778
Pulse experiments,pioreactor01,2026-09-14T17:18:32.105Z,remove_waste,0.0806626833,UI,2026-09-14 23:03:32.105,1854.948055555556
Pulse experiments,pioreactor01,2026-09-14T17:18:32.326Z,add_media,0.0776751765,UI,2026-09-14 23:03:32.326,1854.948055555556
Pulse experiments,pioreactor01,2026-09-14T17:18:32.606Z,remove_waste,0.0806626833,UI,2026-09-14 23:03:32.606,1854.948055555556
Pulse experiments,pioreactor01,2026-09-14T17:18:32.827Z,add_media,0.0776751765,UI,2026-09-14 23:03:32.827,1854.948055555556
Pulse experiments,pioreactor01,2026-09-14T17:18:33.106Z,remove_waste,0.0806626833,UI,2026-09-14 23:03:33.106,1854.948333333333
Pulse experiments,pioreactor01,2026-09-14T17:18:33.327Z,add_media,0.0776751765,UI,2026-09-14 23:03:33.327,1854.948333333333
Pulse experiments,pioreactor01,2026-09-14T17:18:33.607Z,remove_waste,0.0806626833,UI,2026-09-14 23:03:33.607,1854.948333333333
Pulse experiments,pioreactor01,2026-09-14T17:18:33.828Z,add_media,0.0776751765,UI,2026-09-14 23:03:33.828,1854.948333333333
Pulse experiments,pioreactor01,2026-09-14T17:18:34.108Z,remove_waste,0.0806626833,UI,2026-09-14 23:03:34.108,1854.948611111111
Pulse experiments,pioreactor01,2026-09-14T17:18:34.329Z,add_media,0.0776751765,UI,2026-09-14 23:03:34.329,1854.948611111111
Pulse experiments,pioreactor01,2026-09-14T17:18:34.609Z,remove_waste,0.0806626833,UI,2026-09-14 23:03:34.609,1854.948611111111
Pulse experiments,pioreactor01,2026-09-14T17:18:34.829Z,add_media,0.0776751765,UI,2026-09-14 23:03:34.829,1854.948611111111
Pulse experiments,pioreactor01,2026-09-14T17:18:35.109Z,remove_waste,0.0806626833,UI,2026-09-14 23:03:35.109,1854.948888888889
Pulse experiments,pioreactor01,2026-09-14T17:18:35.331Z,add_media,0.0776751765,UI,2026-09-14 23:03:35.331,1854.948888888889
Pulse experiments,pioreactor01,2026-09-14T17:18:35.610Z,remove_waste,0.0806626833,UI,2026-09-14 23:03:35.610,1854.948888888889
Pulse experiments,pioreactor01,2026-09-14T17:18:35.831Z,add_media,0.0776751765,UI,2026-09-14 23:03:35.831,1854.948888888889
Pulse experiments,pioreactor01,2026-09-14T17:18:36.111Z,remove_waste,0.0806626833,UI,2026-09-14 23:03:36.111,1854.949166666667
Pulse experiments,pioreactor01,2026-09-14T17:18:36.332Z,add_media,0.0776751765,UI,2026-09-14 23:03:36.332,1854.949166666667
Pulse experiments,pioreactor01,2026-09-14T17:18:36.611Z,remove_waste,0.0806626833,UI,2026-09-14 23:03:36.611,1854.949166666667
Pulse experiments,pioreactor01,2026-09-14T17:18:36.833Z,add_media,0.0776751765,UI,2026-09-14 23:03:36.833,1854.949166666667
Pulse experiments,pioreactor01,2026-09-14T17:18:37.112Z,remove_waste,0.0806626833,UI,2026-09-14 23:03:37.112,1854.949444444444
Pulse experiments,pioreactor01,2026-09-14T17:18:37.334Z,add_media,0.0776751765,UI,2026-09-14 23:03:37.334,1854.949444444444
Pulse experiments,pioreactor01,2026-09-14T17:18:37.613Z,remove_waste,0.0806626833,UI,2026-09-14 23:03:37.613,1854.949444444444
Pulse experiments,pioreactor01,2026-09-14T17:18:37.835Z,add_media,0.0776751765,UI,2026-09-14 23:03:37.835,1854.949444444444
Pulse experiments,pioreactor01,2026-09-14T17:18:38.114Z,remove_waste,0.0806626833,UI,2026-09-14 23:03:38.114,1854.949722222222
Pulse experiments,pioreactor01,2026-09-14T17:18:38.336Z,add_media,0.0776751765,UI,2026-09-14 23:03:38.336,1854.949722222222
Pulse experiments,pioreactor01,2026-09-14T17:18:38.614Z,remove_waste,0.0806626833,UI,2026-09-14 23:03:38.614,1854.949722222222
Pulse experiments,pioreactor01,2026-09-14T17:18:38.837Z,add_media,0.0776751765,UI,2026-09-14 23:03:38.837,1854.949722222222
Pulse experiments,pioreactor01,2026-09-14T17:18:39.115Z,remove_waste,0.0806626833,UI,2026-09-14 23:03:39.115,1854.95
Pulse experiments,pioreactor01,2026-09-14T17:18:39.339Z,add_media,0.0776751765,UI,2026-09-14 23:03:39.339,1854.95
Pulse experiments,pioreactor01,2026-09-14T17:18:39.616Z,remove_waste,0.0806626833,UI,2026-09-14 23:03:39.616,1854.95
Pulse experiments,pioreactor01,2026-09-14T17:18:39.840Z,add_media,0.0776751765,UI,2026-09-14 23:03:39.840,1854.95
Pulse experiments,pioreactor01,2026-09-14T17:18:40.117Z,remove_waste,0.0806626833,UI,2026-09-14 23:03:40.117,1854.950277777778
Pulse experiments,pioreactor01,2026-09-14T17:18:40.341Z,add_media,0.0776751765,UI,2026-09-14 23:03:40.341,1854.950277777778
Pulse experiments,pioreactor01,2026-09-14T17:18:40.617Z,remove_waste,0.0806626833,UI,2026-09-14 23:03:40.617,1854.950277777778
Pulse experiments,pioreactor01,2026-09-14T17:18:40.842Z,add_media,0.0776751765,UI,2026-09-14 23:03:40.842,1854.950277777778
Pulse experiments,pioreactor01,2026-09-14T17:18:41.119Z,remove_waste,0.0806626833,UI,2026-09-14 23:03:41.119,1854.950555555556
Pulse experiments,pioreactor01,2026-09-14T17:18:41.343Z,add_media,0.0776751765,UI,2026-09-14 23:03:41.343,1854.950555555556
Pulse experiments,pioreactor01,2026-09-14T17:18:41.619Z,remove_waste,0.0806626833,UI,2026-09-14 23:03:41.619,1854.950555555556
Pulse experiments,pioreactor01,2026-09-14T17:18:41.844Z,add_media,0.0776751765,UI,2026-09-14 23:03:41.844,1854.950555555556
Pulse experiments,pioreactor01,2026-09-14T17:18:42.120Z,remove_waste,0.0806626833,UI,2026-09-14 23:03:42.120,1854.950833333333
Pulse experiments,pioreactor01,2026-09-14T17:18:42.345Z,add_media,0.0776751765,UI,2026-09-14 23:03:42.345,1854.950833333333
Pulse experiments,pioreactor01,2026-09-14T17:18:42.622Z,remove_waste,0.0806626833,UI,2026-09-14 23:03:42.622,1854.950833333333
Pulse experiments,pioreactor01,2026-09-14T17:18:42.848Z,add_media,0.0776751765,UI,2026-09-14 23:03:42.848,1854.950833333333
Pulse experiments,pioreactor01,2026-09-14T17:18:43.123Z,remove_waste,0.0806626833,UI,2026-09-14 23:03:43.123,1854.951111111111
Pulse experiments,pioreactor01,2026-09-14T17:18:43.349Z,add_media,0.0776751765,UI,2026-09-14 23:03:43.349,1854.951111111111
Pulse experiments,pioreactor01,2026-09-14T17:18:43.624Z,remove_waste,0.0806626833,UI,2026-09-14 23:03:43.624,1854.951111111111
Pulse experiments,pioreactor01,2026-09-14T17:18:43.850Z,add_media,0.0776751765,UI,2026-09-14 23:03:43.850,1854.951111111111
Pulse experiments,pioreactor01,2026-09-14T17:18:44.125Z,remove_waste,0.0806626833,UI,2026-09-14 23:03:44.125,1854.951388888889
Pulse experiments,pioreactor01,2026-09-14T17:18:44.351Z,add_media,0.0776751765,UI,2026-09-14 23:03:44.351,1854.951388888889
Pulse experiments,pioreactor01,2026-09-14T17:18:44.627Z,remove_waste,0.0806626833,UI,2026-09-14 23:03:44.627,1854.951388888889
Pulse experiments,pioreactor01,2026-09-14T17:18:44.853Z,add_media,0.0776751765,UI,2026-09-14 23:03:44.853,1854.951388888889
Pulse experiments,pioreactor01,2026-09-14T17:18:45.128Z,remove_waste,0.0806626833,UI,2026-09-14 23:03:45.128,1854.951666666667
Pulse experiments,pioreactor01,2026-09-14T17:18:45.354Z,add_media,0.0776751765,UI,2026-09-14 23:03:45.354,1854.951666666667
Pulse experiments,pioreactor01,2026-09-14T17:18:45.630Z,remove_waste,0.0806626833,UI,2026-09-14 23:03:45.630,1854.951666666667
Pulse experiments,pioreactor01,2026-09-14T17:18:45.855Z,add_media,0.0776751765,UI,2026-09-14 23:03:45.855,1854.951666666667
Pulse experiments,pioreactor01,2026-09-14T17:18:46.131Z,remove_waste,0.0806626833,UI,2026-09-14 23:03:46.131,1854.951944444445
Pulse experiments,pioreactor01,2026-09-14T17:18:46.364Z,add_media,0.0776751765,UI,2026-09-14 23:03:46.364,1854.951944444445
Pulse experiments,pioreactor01,2026-09-14T17:18:46.632Z,remove_waste,0.0806626833,UI,2026-09-14 23:03:46.632,1854.951944444445
Pulse experiments,pioreactor01,2026-09-14T17:18:46.866Z,add_media,0.0776751765,UI,2026-09-14 23:03:46.866,1854.951944444445
Pulse experiments,pioreactor01,2026-09-14T17:18:47.133Z,remove_waste,0.0806626833,UI,2026-09-14 23:03:47.133,1854.952222222222
Pulse experiments,pioreactor01,2026-09-14T17:18:47.367Z,add_media,0.0776751765,UI,2026-09-14 23:03:47.367,1854.952222222222
Pulse experiments,pioreactor01,2026-09-14T17:18:47.634Z,remove_waste,0.0806626833,UI,2026-09-14 23:03:47.634,1854.952222222222
Pulse experiments,pioreactor01,2026-09-14T17:18:47.868Z,add_media,0.0776751765,UI,2026-09-14 23:03:47.868,1854.952222222222
Pulse experiments,pioreactor01,2026-09-14T17:18:48.138Z,remove_waste,0.0806626833,UI,2026-09-14 23:03:48.138,1854.9525
Pulse experiments,pioreactor01,2026-09-14T17:18:48.369Z,add_media,0.0776751765,UI,2026-09-14 23:03:48.369,1854.9525
Pulse experiments,pioreactor01,2026-09-14T17:18:48.639Z,remove_waste,0.0806626833,UI,2026-09-14 23:03:48.639,1854.9525
Pulse experiments,pioreactor01,2026-09-14T17:18:48.870Z,add_media,0.0776751765,UI,2026-09-14 23:03:48.870,1854.9525
Pulse experiments,pioreactor01,2026-09-14T17:18:49.141Z,remove_waste,0.0806626833,UI,2026-09-14 23:03:49.141,1854.952777777778
Pulse experiments,pioreactor01,2026-09-14T17:18:49.371Z,add_media,0.0776751765,UI,2026-09-14 23:03:49.371,1854.952777777778
Pulse experiments,pioreactor01,2026-09-14T17:18:49.409Z,add_alt_media,0.2016567083,UI,2026-09-14 23:03:49.409,1854.952777777778
Pulse experiments,pioreactor01,2026-09-14T17:18:49.642Z,remove_waste,0.0806626833,UI,2026-09-14 23:03:49.642,1854.952777777778
Pulse experiments,pioreactor01,2026-09-14T17:18:49.873Z,add_media,0.0776751765,UI,2026-09-14 23:03:49.873,1854.952777777778
Pulse experiments,pioreactor01,2026-09-14T17:18:49.911Z,add_alt_media,0.2016567083,UI,2026-09-14 23:03:49.911,1854.952777777778
Pulse experiments,pioreactor01,2026-09-14T17:18:50.142Z,remove_waste,0.0806626833,UI,2026-09-14 23:03:50.142,1854.953055555555
Pulse experiments,pioreactor01,2026-09-14T17:18:50.374Z,add_media,0.0776751765,UI,2026-09-14 23:03:50.374,1854.953055555555
Pulse experiments,pioreactor01,2026-09-14T17:18:50.412Z,add_alt_media,0.2016567083,UI,2026-09-14 23:03:50.412,1854.953055555555
Pulse experiments,pioreactor01,2026-09-14T17:18:50.643Z,remove_waste,0.0806626833,UI,2026-09-14 23:03:50.643,1854.953055555555
Pulse experiments,pioreactor01,2026-09-14T17:18:50.875Z,add_media,0.0776751765,UI,2026-09-14 23:03:50.875,1854.953055555555
Pulse experiments,pioreactor01,2026-09-14T17:18:50.913Z,add_alt_media,0.2016567083,UI,2026-09-14 23:03:50.913,1854.953055555555
Pulse experiments,pioreactor01,2026-09-14T17:18:51.144Z,remove_waste,0.0806626833,UI,2026-09-14 23:03:51.144,1854.953333333333
Pulse experiments,pioreactor01,2026-09-14T17:18:51.376Z,add_media,0.0776751765,UI,2026-09-14 23:03:51.376,1854.953333333333
Pulse experiments,pioreactor01,2026-09-14T17:18:51.414Z,add_alt_media,0.1933731668,UI,2026-09-14 23:03:51.414,1854.953333333333
Pulse experiments,pioreactor01,2026-09-14T17:18:51.645Z,remove_waste,0.0806626833,UI,2026-09-14 23:03:51.645,1854.953333333333
Pulse experiments,pioreactor01,2026-09-14T17:18:51.877Z,add_media,0.0776751765,UI,2026-09-14 23:03:51.877,1854.953333333333
Pulse experiments,pioreactor01,2026-09-14T17:18:52.148Z,remove_waste,0.0806626833,UI,2026-09-14 23:03:52.148,1854.953611111111
Pulse experiments,pioreactor01,2026-09-14T17:18:52.378Z,add_media,0.0776751765,UI,2026-09-14 23:03:52.378,1854.953611111111
Pulse experiments,pioreactor01,2026-09-14T17:18:52.648Z,remove_waste,0.0806626833,UI,2026-09-14 23:03:52.648,1854.953611111111
Pulse experiments,pioreactor01,2026-09-14T17:18:52.879Z,add_media,0.0776751765,UI,2026-09-14 23:03:52.879,1854.953611111111
Pulse experiments,pioreactor01,2026-09-14T17:18:53.149Z,remove_waste,0.0806626833,UI,2026-09-14 23:03:53.149,1854.953888888889
Pulse experiments,pioreactor01,2026-09-14T17:18:53.380Z,add_media,0.0776751765,UI,2026-09-14 23:03:53.380,1854.953888888889
Pulse experiments,pioreactor01,2026-09-14T17:18:53.650Z,remove_waste,0.0806626833,UI,2026-09-14 23:03:53.650,1854.953888888889
Pulse experiments,pioreactor01,2026-09-14T17:18:53.880Z,add_media,0.0776751765,UI,2026-09-14 23:03:53.880,1854.953888888889
Pulse experiments,pioreactor01,2026-09-14T17:18:54.151Z,remove_waste,0.0806626833,UI,2026-09-14 23:03:54.151,1854.954166666667
Pulse experiments,pioreactor01,2026-09-14T17:18:54.381Z,add_media,0.0776751765,UI,2026-09-14 23:03:54.381,1854.954166666667
Pulse experiments,pioreactor01,2026-09-14T17:18:54.652Z,remove_waste,0.0806626833,UI,2026-09-14 23:03:54.652,1854.954166666667
Pulse experiments,pioreactor01,2026-09-14T17:18:54.882Z,add_media,0.0776751765,UI,2026-09-14 23:03:54.882,1854.954166666667
Pulse experiments,pioreactor01,2026-09-14T17:18:55.153Z,remove_waste,0.0806626833,UI,2026-09-14 23:03:55.153,1854.954444444444
Pulse experiments,pioreactor01,2026-09-14T17:18:55.382Z,add_media,0.0776751765,UI,2026-09-14 23:03:55.382,1854.954444444444
Pulse experiments,pioreactor01,2026-09-14T17:18:55.654Z,remove_waste,0.0806626833,UI,2026-09-14 23:03:55.654,1854.954444444444
Pulse experiments,pioreactor01,2026-09-14T17:18:55.884Z,add_media,0.0776751765,UI,2026-09-14 23:03:55.884,1854.954444444444
Pulse experiments,pioreactor01,2026-09-14T17:18:56.155Z,remove_waste,0.0806626833,UI,2026-09-14 23:03:56.155,1854.954722222222
Pulse experiments,pioreactor01,2026-09-14T17:18:56.386Z,add_media,0.0776751765,UI,2026-09-14 23:03:56.386,1854.954722222222
Pulse experiments,pioreactor01,2026-09-14T17:18:56.655Z,remove_waste,0.0806626833,UI,2026-09-14 23:03:56.655,1854.954722222222
Pulse experiments,pioreactor01,2026-09-14T17:18:56.887Z,add_media,0.0776751765,UI,2026-09-14 23:03:56.887,1854.954722222222
Pulse experiments,pioreactor01,2026-09-14T17:18:57.156Z,remove_waste,0.0806626833,UI,2026-09-14 23:03:57.156,1854.955
Pulse experiments,pioreactor01,2026-09-14T17:18:57.388Z,add_media,0.0776751765,UI,2026-09-14 23:03:57.388,1854.955
Pulse experiments,pioreactor01,2026-09-14T17:18:57.658Z,remove_waste,0.0806626833,UI,2026-09-14 23:03:57.658,1854.955
Pulse experiments,pioreactor01,2026-09-14T17:18:57.889Z,add_media,0.0776751765,UI,2026-09-14 23:03:57.889,1854.955
Pulse experiments,pioreactor01,2026-09-14T17:18:58.158Z,remove_waste,0.0806626833,UI,2026-09-14 23:03:58.158,1854.955277777778
Pulse experiments,pioreactor01,2026-09-14T17:18:58.389Z,add_media,0.0776751765,UI,2026-09-14 23:03:58.389,1854.955277777778
Pulse experiments,pioreactor01,2026-09-14T17:18:58.661Z,remove_waste,0.0806626833,UI,2026-09-14 23:03:58.661,1854.955277777778
Pulse experiments,pioreactor01,2026-09-14T17:18:58.890Z,add_media,0.0776751765,UI,2026-09-14 23:03:58.890,1854.955277777778
Pulse experiments,pioreactor01,2026-09-14T17:18:59.162Z,remove_waste,0.0806626833,UI,2026-09-14 23:03:59.162,1854.955555555556
Pulse experiments,pioreactor01,2026-09-14T17:18:59.391Z,add_media,0.0776751765,UI,2026-09-14 23:03:59.391,1854.955555555556
Pulse experiments,pioreactor01,2026-09-14T17:18:59.663Z,remove_waste,0.0806626833,UI,2026-09-14 23:03:59.663,1854.955555555556
Pulse experiments,pioreactor01,2026-09-14T17:18:59.892Z,add_media,0.0776751765,UI,2026-09-14 23:03:59.892,1854.955555555556
Pulse experiments,pioreactor01,2026-09-14T17:19:00.164Z,remove_waste,0.0806626833,UI,2026-09-14 23:04:00.164,1854.955833333333
Pulse experiments,pioreactor01,2026-09-14T17:19:00.393Z,add_media,0.0776751765,UI,2026-09-14 23:04:00.393,1854.955833333333
Pulse experiments,pioreactor01,2026-09-14T17:19:00.665Z,remove_waste,0.0806626833,UI,2026-09-14 23:04:00.665,1854.955833333333
Pulse experiments,pioreactor01,2026-09-14T17:19:00.895Z,add_media,0.0776751765,UI,2026-09-14 23:04:00.895,1854.955833333333
Pulse experiments,pioreactor01,2026-09-14T17:19:01.165Z,remove_waste,0.0806626833,UI,2026-09-14 23:04:01.165,1854.956111111111
Pulse experiments,pioreactor01,2026-09-14T17:19:01.396Z,add_media,0.0776751765,UI,2026-09-14 23:04:01.396,1854.956111111111
Pulse experiments,pioreactor01,2026-09-14T17:19:01.666Z,remove_waste,0.0806626833,UI,2026-09-14 23:04:01.666,1854.956111111111
Pulse experiments,pioreactor01,2026-09-14T17:19:01.897Z,add_media,0.0776751765,UI,2026-09-14 23:04:01.897,1854.956111111111
Pulse experiments,pioreactor01,2026-09-14T17:19:02.167Z,remove_waste,0.0806626833,UI,2026-09-14 23:04:02.167,1854.956388888889
Pulse experiments,pioreactor01,2026-09-14T17:19:02.398Z,add_media,0.0776751765,UI,2026-09-14 23:04:02.398,1854.956388888889
Pulse experiments,pioreactor01,2026-09-14T17:19:02.670Z,remove_waste,0.0806626833,UI,2026-09-14 23:04:02.670,1854.956388888889
Pulse experiments,pioreactor01,2026-09-14T17:19:02.900Z,add_media,0.0776751765,UI,2026-09-14 23:04:02.900,1854.956388888889
Pulse experiments,pioreactor01,2026-09-14T17:19:03.171Z,remove_waste,0.0806626833,UI,2026-09-14 23:04:03.171,1854.956666666667
Pulse experiments,pioreactor01,2026-09-14T17:19:03.400Z,add_media,0.0776751765,UI,2026-09-14 23:04:03.400,1854.956666666667
Pulse experiments,pioreactor01,2026-09-14T17:19:03.671Z,remove_waste,0.0806626833,UI,2026-09-14 23:04:03.671,1854.956666666667
Pulse experiments,pioreactor01,2026-09-14T17:19:03.903Z,add_media,0.0776751765,UI,2026-09-14 23:04:03.903,1854.956666666667
Pulse experiments,pioreactor01,2026-09-14T17:19:04.173Z,remove_waste,0.0806626833,UI,2026-09-14 23:04:04.173,1854.956944444444
Pulse experiments,pioreactor01,2026-09-14T17:19:04.403Z,add_media,0.0776751765,UI,2026-09-14 23:04:04.403,1854.956944444444
Pulse experiments,pioreactor01,2026-09-14T17:19:04.673Z,remove_waste,0.0806626833,UI,2026-09-14 23:04:04.673,1854.956944444444
Pulse experiments,pioreactor01,2026-09-14T17:19:04.905Z,add_media,0.0776751765,UI,2026-09-14 23:04:04.905,1854.956944444444
Pulse experiments,pioreactor01,2026-09-14T17:19:05.174Z,remove_waste,0.0806626833,UI,2026-09-14 23:04:05.174,1854.957222222222
Pulse experiments,pioreactor01,2026-09-14T17:19:05.405Z,add_media,0.0776751765,UI,2026-09-14 23:04:05.405,1854.957222222222
Pulse experiments,pioreactor01,2026-09-14T17:19:05.675Z,remove_waste,0.0806626833,UI,2026-09-14 23:04:05.675,1854.957222222222
Pulse experiments,pioreactor01,2026-09-14T17:19:05.906Z,add_media,0.0776751765,UI,2026-09-14 23:04:05.906,1854.957222222222
Pulse experiments,pioreactor01,2026-09-14T17:19:06.176Z,remove_waste,0.0806626833,UI,2026-09-14 23:04:06.176,1854.9575
Pulse experiments,pioreactor01,2026-09-14T17:19:06.407Z,add_media,0.0776751765,UI,2026-09-14 23:04:06.407,1854.9575
Pulse experiments,pioreactor01,2026-09-14T17:19:06.677Z,remove_waste,0.0806626833,UI,2026-09-14 23:04:06.677,1854.9575
Pulse experiments,pioreactor01,2026-09-14T17:19:06.908Z,add_media,0.0776751765,UI,2026-09-14 23:04:06.908,1854.9575
Pulse experiments,pioreactor01,2026-09-14T17:19:07.178Z,remove_waste,0.0806626833,UI,2026-09-14 23:04:07.178,1854.957777777778
Pulse experiments,pioreactor01,2026-09-14T17:19:07.409Z,add_media,0.0776751765,UI,2026-09-14 23:04:07.409,1854.957777777778
Pulse experiments,pioreactor01,2026-09-14T17:19:07.679Z,remove_waste,0.0806626833,UI,2026-09-14 23:04:07.679,1854.957777777778
Pulse experiments,pioreactor01,2026-09-14T17:19:07.909Z,add_media,0.0776751765,UI,2026-09-14 23:04:07.909,1854.957777777778
Pulse experiments,pioreactor01,2026-09-14T17:19:08.179Z,remove_waste,0.0806626833,UI,2026-09-14 23:04:08.179,1854.958055555556
Pulse experiments,pioreactor01,2026-09-14T17:19:08.410Z,add_media,0.0776751765,UI,2026-09-14 23:04:08.410,1854.958055555556
Pulse experiments,pioreactor01,2026-09-14T17:19:08.680Z,remove_waste,0.0806626833,UI,2026-09-14 23:04:08.680,1854.958055555556
Pulse experiments,pioreactor01,2026-09-14T17:19:08.912Z,add_media,0.0776751765,UI,2026-09-14 23:04:08.912,1854.958055555556
Pulse experiments,pioreactor01,2026-09-14T17:19:09.181Z,remove_waste,0.0806626833,UI,2026-09-14 23:04:09.181,1854.958333333333
Pulse experiments,pioreactor01,2026-09-14T17:19:09.413Z,add_media,0.0776751765,UI,2026-09-14 23:04:09.413,1854.958333333333
Pulse experiments,pioreactor01,2026-09-14T17:19:09.683Z,remove_waste,0.0806626833,UI,2026-09-14 23:04:09.683,1854.958333333333
Pulse experiments,pioreactor01,2026-09-14T17:19:09.914Z,add_media,0.0776751765,UI,2026-09-14 23:04:09.914,1854.958333333333
Pulse experiments,pioreactor01,2026-09-14T17:19:10.183Z,remove_waste,0.0806626833,UI,2026-09-14 23:04:10.183,1854.958611111111
Pulse experiments,pioreactor01,2026-09-14T17:19:10.415Z,add_media,0.0776751765,UI,2026-09-14 23:04:10.415,1854.958611111111
Pulse experiments,pioreactor01,2026-09-14T17:19:10.684Z,remove_waste,0.0806626833,UI,2026-09-14 23:04:10.684,1854.958611111111
Pulse experiments,pioreactor01,2026-09-14T17:19:10.916Z,add_media,0.0776751765,UI,2026-09-14 23:04:10.916,1854.958611111111
Pulse experiments,pioreactor01,2026-09-14T17:19:11.185Z,remove_waste,0.0806626833,UI,2026-09-14 23:04:11.185,1854.958888888889
Pulse experiments,pioreactor01,2026-09-14T17:19:11.416Z,add_media,0.0776751765,UI,2026-09-14 23:04:11.416,1854.958888888889
Pulse experiments,pioreactor01,2026-09-14T17:19:11.686Z,remove_waste,0.0806626833,UI,2026-09-14 23:04:11.686,1854.958888888889
Pulse experiments,pioreactor01,2026-09-14T17:19:11.917Z,add_media,0.0776751765,UI,2026-09-14 23:04:11.917,1854.958888888889
Pulse experiments,pioreactor01,2026-09-14T17:19:12.186Z,remove_waste,0.0806626833,UI,2026-09-14 23:04:12.186,1854.959166666667
Pulse experiments,pioreactor01,2026-09-14T17:19:12.418Z,add_media,0.0776751765,UI,2026-09-14 23:04:12.418,1854.959166666667
Pulse experiments,pioreactor01,2026-09-14T17:19:12.687Z,remove_waste,0.0806626833,UI,2026-09-14 23:04:12.687,1854.959166666667
Pulse experiments,pioreactor01,2026-09-14T17:19:12.918Z,add_media,0.0776751765,UI,2026-09-14 23:04:12.918,1854.959166666667
Pulse experiments,pioreactor01,2026-09-14T17:19:13.189Z,remove_waste,0.0806626833,UI,2026-09-14 23:04:13.189,1854.959444444444
Pulse experiments,pioreactor01,2026-09-14T17:19:13.419Z,add_media,0.0776751765,UI,2026-09-14 23:04:13.419,1854.959444444444
Pulse experiments,pioreactor01,2026-09-14T17:19:13.690Z,remove_waste,0.0806626833,UI,2026-09-14 23:04:13.690,1854.959444444444
Pulse experiments,pioreactor01,2026-09-14T17:19:13.920Z,add_media,0.0776751765,UI,2026-09-14 23:04:13.920,1854.959444444444
Pulse experiments,pioreactor01,2026-09-14T17:19:14.191Z,remove_waste,0.0806626833,UI,2026-09-14 23:04:14.191,1854.959722222222
Pulse experiments,pioreactor01,2026-09-14T17:19:14.421Z,add_media,0.0776751765,UI,2026-09-14 23:04:14.421,1854.959722222222
Pulse experiments,pioreactor01,2026-09-14T17:19:14.692Z,remove_waste,0.0806626833,UI,2026-09-14 23:04:14.692,1854.959722222222
Pulse experiments,pioreactor01,2026-09-14T17:19:14.922Z,add_media,0.0776751765,UI,2026-09-14 23:04:14.922,1854.959722222222
Pulse experiments,pioreactor01,2026-09-14T17:19:15.193Z,remove_waste,0.0806626833,UI,2026-09-14 23:04:15.193,1854.96
Pulse experiments,pioreactor01,2026-09-14T17:19:15.422Z,add_media,0.0776751765,UI,2026-09-14 23:04:15.422,1854.96
Pulse experiments,pioreactor01,2026-09-14T17:19:15.694Z,remove_waste,0.0806626833,UI,2026-09-14 23:04:15.694,1854.96
Pulse experiments,pioreactor01,2026-09-14T17:19:15.923Z,add_media,0.0776751765,UI,2026-09-14 23:04:15.923,1854.96
Pulse experiments,pioreactor01,2026-09-14T17:19:16.194Z,remove_waste,0.0806626833,UI,2026-09-14 23:04:16.194,1854.960277777778
Pulse experiments,pioreactor01,2026-09-14T17:19:16.424Z,add_media,0.0776751765,UI,2026-09-14 23:04:16.424,1854.960277777778
Pulse experiments,pioreactor01,2026-09-14T17:19:16.695Z,remove_waste,0.0806626833,UI,2026-09-14 23:04:16.695,1854.960277777778
Pulse experiments,pioreactor01,2026-09-14T17:19:16.925Z,add_media,0.0776751765,UI,2026-09-14 23:04:16.925,1854.960277777778
Pulse experiments,pioreactor01,2026-09-14T17:19:17.197Z,remove_waste,0.0806626833,UI,2026-09-14 23:04:17.197,1854.960555555556
Pulse experiments,pioreactor01,2026-09-14T17:19:17.426Z,add_media,0.0776751765,UI,2026-09-14 23:04:17.426,1854.960555555556
Pulse experiments,pioreactor01,2026-09-14T17:19:17.699Z,remove_waste,0.0806626833,UI,2026-09-14 23:04:17.699,1854.960555555556
Pulse experiments,pioreactor01,2026-09-14T17:19:17.927Z,add_media,0.0776751765,UI,2026-09-14 23:04:17.927,1854.960555555556
Pulse experiments,pioreactor01,2026-09-14T17:19:18.200Z,remove_waste,0.0806626833,UI,2026-09-14 23:04:18.200,1854.960833333333
Pulse experiments,pioreactor01,2026-09-14T17:19:18.428Z,add_media,0.0776751765,UI,2026-09-14 23:04:18.428,1854.960833333333
Pulse experiments,pioreactor01,2026-09-14T17:19:18.701Z,remove_waste,0.0806626833,UI,2026-09-14 23:04:18.701,1854.960833333333
Pulse experiments,pioreactor01,2026-09-14T17:19:18.929Z,add_media,0.0776751765,UI,2026-09-14 23:04:18.929,1854.960833333333
Pulse experiments,pioreactor01,2026-09-14T17:19:19.202Z,remove_waste,0.0806626833,UI,2026-09-14 23:04:19.202,1854.961111111111
Pulse experiments,pioreactor01,2026-09-14T17:19:19.430Z,add_media,0.0776751765,UI,2026-09-14 23:04:19.430,1854.961111111111
Pulse experiments,pioreactor01,2026-09-14T17:19:19.702Z,remove_waste,0.0806626833,UI,2026-09-14 23:04:19.702,1854.961111111111
Pulse experiments,pioreactor01,2026-09-14T17:19:19.931Z,add_media,0.0776751765,UI,2026-09-14 23:04:19.931,1854.961111111111
Pulse experiments,pioreactor01,2026-09-14T17:19:20.203Z,remove_waste,0.0806626833,UI,2026-09-14 23:04:20.203,1854.961388888889
Pulse experiments,pioreactor01,2026-09-14T17:19:20.432Z,add_media,0.0776751765,UI,2026-09-14 23:04:20.432,1854.961388888889
Pulse experiments,pioreactor01,2026-09-14T17:19:20.704Z,remove_waste,0.0806626833,UI,2026-09-14 23:04:20.704,1854.961388888889
Pulse experiments,pioreactor01,2026-09-14T17:19:20.933Z,add_media,0.0776751765,UI,2026-09-14 23:04:20.933,1854.961388888889
Pulse experiments,pioreactor01,2026-09-14T17:19:21.205Z,remove_waste,0.0806626833,UI,2026-09-14 23:04:21.205,1854.961666666667
Pulse experiments,pioreactor01,2026-09-14T17:19:21.434Z,add_media,0.0776751765,UI,2026-09-14 23:04:21.434,1854.961666666667
Pulse experiments,pioreactor01,2026-09-14T17:19:21.706Z,remove_waste,0.0806626833,UI,2026-09-14 23:04:21.706,1854.961666666667
Pulse experiments,pioreactor01,2026-09-14T17:19:21.935Z,add_media,0.0776751765,UI,2026-09-14 23:04:21.935,1854.961666666667
Pulse experiments,pioreactor01,2026-09-14T17:19:22.207Z,remove_waste,0.0806626833,UI,2026-09-14 23:04:22.207,1854.961944444444
Pulse experiments,pioreactor01,2026-09-14T17:19:22.436Z,add_media,0.0776751765,UI,2026-09-14 23:04:22.436,1854.961944444444
Pulse experiments,pioreactor01,2026-09-14T17:19:22.707Z,remove_waste,0.0806626833,UI,2026-09-14 23:04:22.707,1854.961944444444
Pulse experiments,pioreactor01,2026-09-14T17:19:22.937Z,add_media,0.0776751765,UI,2026-09-14 23:04:22.937,1854.961944444444
Pulse experiments,pioreactor01,2026-09-14T17:19:23.208Z,remove_waste,0.0806626833,UI,2026-09-14 23:04:23.208,1854.962222222222
Pulse experiments,pioreactor01,2026-09-14T17:19:23.437Z,add_media,0.0776751765,UI,2026-09-14 23:04:23.437,1854.962222222222
Pulse experiments,pioreactor01,2026-09-14T17:19:23.714Z,remove_waste,0.0806626833,UI,2026-09-14 23:04:23.714,1854.962222222222
Pulse experiments,pioreactor01,2026-09-14T17:19:23.938Z,add_media,0.0776751765,UI,2026-09-14 23:04:23.938,1854.962222222222
Pulse experiments,pioreactor01,2026-09-14T17:19:24.215Z,remove_waste,0.0806626833,UI,2026-09-14 23:04:24.215,1854.9625
Pulse experiments,pioreactor01,2026-09-14T17:19:24.439Z,add_media,0.0776751765,UI,2026-09-14 23:04:24.439,1854.9625
Pulse experiments,pioreactor01,2026-09-14T17:19:24.717Z,remove_waste,0.0806626833,UI,2026-09-14 23:04:24.717,1854.9625
Pulse experiments,pioreactor01,2026-09-14T17:19:24.940Z,add_media,0.0776751765,UI,2026-09-14 23:04:24.940,1854.9625
Pulse experiments,pioreactor01,2026-09-14T17:19:25.217Z,remove_waste,0.0806626833,UI,2026-09-14 23:04:25.217,1854.962777777778
Pulse experiments,pioreactor01,2026-09-14T17:19:25.440Z,add_media,0.0776751765,UI,2026-09-14 23:04:25.440,1854.962777777778
Pulse experiments,pioreactor01,2026-09-14T17:19:25.718Z,remove_waste,0.0806626833,UI,2026-09-14 23:04:25.718,1854.962777777778
Pulse experiments,pioreactor01,2026-09-14T17:19:25.941Z,add_media,0.0776751765,UI,2026-09-14 23:04:25.941,1854.962777777778
Pulse experiments,pioreactor01,2026-09-14T17:19:26.220Z,remove_waste,0.0806626833,UI,2026-09-14 23:04:26.220,1854.963055555555
Pulse experiments,pioreactor01,2026-09-14T17:19:26.442Z,add_media,0.0776751765,UI,2026-09-14 23:04:26.442,1854.963055555555
Pulse experiments,pioreactor01,2026-09-14T17:19:26.721Z,remove_waste,0.0806626833,UI,2026-09-14 23:04:26.721,1854.963055555555
Pulse experiments,pioreactor01,2026-09-14T17:19:26.943Z,add_media,0.0776751765,UI,2026-09-14 23:04:26.943,1854.963055555555
Pulse experiments,pioreactor01,2026-09-14T17:19:27.222Z,remove_waste,0.0806626833,UI,2026-09-14 23:04:27.222,1854.963333333333
Pulse experiments,pioreactor01,2026-09-14T17:19:27.443Z,add_media,0.0776751765,UI,2026-09-14 23:04:27.443,1854.963333333333
Pulse experiments,pioreactor01,2026-09-14T17:19:27.723Z,remove_waste,0.0806626833,UI,2026-09-14 23:04:27.723,1854.963333333333
Pulse experiments,pioreactor01,2026-09-14T17:19:27.944Z,add_media,0.0776751765,UI,2026-09-14 23:04:27.944,1854.963333333333
Pulse experiments,pioreactor01,2026-09-14T17:19:28.224Z,remove_waste,0.0806626833,UI,2026-09-14 23:04:28.224,1854.963611111111
Pulse experiments,pioreactor01,2026-09-14T17:19:28.445Z,add_media,0.0776751765,UI,2026-09-14 23:04:28.445,1854.963611111111
Pulse experiments,pioreactor01,2026-09-14T17:19:28.726Z,remove_waste,0.0806626833,UI,2026-09-14 23:04:28.726,1854.963611111111
Pulse experiments,pioreactor01,2026-09-14T17:19:28.946Z,add_media,0.0776751765,UI,2026-09-14 23:04:28.946,1854.963611111111
Pulse experiments,pioreactor01,2026-09-14T17:19:29.228Z,remove_waste,0.0806626833,UI,2026-09-14 23:04:29.228,1854.963888888889
Pulse experiments,pioreactor01,2026-09-14T17:19:29.447Z,add_media,0.0776751765,UI,2026-09-14 23:04:29.447,1854.963888888889
Pulse experiments,pioreactor01,2026-09-14T17:19:29.729Z,remove_waste,0.0806626833,UI,2026-09-14 23:04:29.729,1854.963888888889
Pulse experiments,pioreactor01,2026-09-14T17:19:29.947Z,add_media,0.0776751765,UI,2026-09-14 23:04:29.947,1854.963888888889
Pulse experiments,pioreactor01,2026-09-14T17:19:30.232Z,remove_waste,0.0806626833,UI,2026-09-14 23:04:30.232,1854.964166666667
Pulse experiments,pioreactor01,2026-09-14T17:19:30.448Z,add_media,0.0776751765,UI,2026-09-14 23:04:30.448,1854.964166666667
Pulse experiments,pioreactor01,2026-09-14T17:19:30.733Z,remove_waste,0.0806626833,UI,2026-09-14 23:04:30.733,1854.964166666667
Pulse experiments,pioreactor01,2026-09-14T17:19:30.949Z,add_media,0.0776751765,UI,2026-09-14 23:04:30.949,1854.964166666667
Pulse experiments,pioreactor01,2026-09-14T17:19:31.234Z,remove_waste,0.0806626833,UI,2026-09-14 23:04:31.234,1854.964444444445
Pulse experiments,pioreactor01,2026-09-14T17:19:31.451Z,add_media,0.0776751765,UI,2026-09-14 23:04:31.451,1854.964444444445
Pulse experiments,pioreactor01,2026-09-14T17:19:31.736Z,remove_waste,0.0806626833,UI,2026-09-14 23:04:31.736,1854.964444444445
Pulse experiments,pioreactor01,2026-09-14T17:19:31.955Z,add_media,0.0776751765,UI,2026-09-14 23:04:31.955,1854.964444444445
Pulse experiments,pioreactor01,2026-09-14T17:19:32.236Z,remove_waste,0.0806626833,UI,2026-09-14 23:04:32.236,1854.964722222222
Pulse experiments,pioreactor01,2026-09-14T17:19:32.457Z,add_media,0.0776751765,UI,2026-09-14 23:04:32.457,1854.964722222222
Pulse experiments,pioreactor01,2026-09-14T17:19:32.737Z,remove_waste,0.0806626833,UI,2026-09-14 23:04:32.737,1854.964722222222
Pulse experiments,pioreactor01,2026-09-14T17:19:32.958Z,add_media,0.0776751765,UI,2026-09-14 23:04:32.958,1854.964722222222
Pulse experiments,pioreactor01,2026-09-14T17:19:33.240Z,remove_waste,0.0806626833,UI,2026-09-14 23:04:33.240,1854.965
Pulse experiments,pioreactor01,2026-09-14T17:19:33.459Z,add_media,0.0776751765,UI,2026-09-14 23:04:33.459,1854.965
Pulse experiments,pioreactor01,2026-09-14T17:19:33.741Z,remove_waste,0.0806626833,UI,2026-09-14 23:04:33.741,1854.965
Pulse experiments,pioreactor01,2026-09-14T17:19:33.963Z,add_media,0.0776751765,UI,2026-09-14 23:04:33.963,1854.965
Pulse experiments,pioreactor01,2026-09-14T17:19:34.242Z,remove_waste,0.0806626833,UI,2026-09-14 23:04:34.242,1854.965277777778
Pulse experiments,pioreactor01,2026-09-14T17:19:34.464Z,add_media,0.0776751765,UI,2026-09-14 23:04:34.464,1854.965277777778
Pulse experiments,pioreactor01,2026-09-14T17:19:34.743Z,remove_waste,0.0806626833,UI,2026-09-14 23:04:34.743,1854.965277777778
Pulse experiments,pioreactor01,2026-09-14T17:19:34.965Z,add_media,0.0776751765,UI,2026-09-14 23:04:34.965,1854.965277777778
Pulse experiments,pioreactor01,2026-09-14T17:19:35.245Z,remove_waste,0.0806626833,UI,2026-09-14 23:04:35.245,1854.965555555556
Pulse experiments,pioreactor01,2026-09-14T17:19:35.466Z,add_media,0.0776751765,UI,2026-09-14 23:04:35.466,1854.965555555556
Pulse experiments,pioreactor01,2026-09-14T17:19:35.746Z,remove_waste,0.0806626833,UI,2026-09-14 23:04:35.746,1854.965555555556
Pulse experiments,pioreactor01,2026-09-14T17:19:35.967Z,add_media,0.0776751765,UI,2026-09-14 23:04:35.967,1854.965555555556
Pulse experiments,pioreactor01,2026-09-14T17:19:36.247Z,remove_waste,0.0806626833,UI,2026-09-14 23:04:36.247,1854.965833333333
Pulse experiments,pioreactor01,2026-09-14T17:19:36.468Z,add_media,0.0776751765,UI,2026-09-14 23:04:36.468,1854.965833333333
Pulse experiments,pioreactor01,2026-09-14T17:19:36.748Z,remove_waste,0.0806626833,UI,2026-09-14 23:04:36.748,1854.965833333333
Pulse experiments,pioreactor01,2026-09-14T17:19:36.969Z,add_media,0.0776751765,UI,2026-09-14 23:04:36.969,1854.965833333333
Pulse experiments,pioreactor01,2026-09-14T17:19:37.249Z,remove_waste,0.0806626833,UI,2026-09-14 23:04:37.249,1854.966111111111
Pulse experiments,pioreactor01,2026-09-14T17:19:37.469Z,add_media,0.0776751765,UI,2026-09-14 23:04:37.469,1854.966111111111
Pulse experiments,pioreactor01,2026-09-14T17:19:37.750Z,remove_waste,0.0806626833,UI,2026-09-14 23:04:37.750,1854.966111111111
Pulse experiments,pioreactor01,2026-09-14T17:19:37.970Z,add_media,0.0776751765,UI,2026-09-14 23:04:37.970,1854.966111111111
Pulse experiments,pioreactor01,2026-09-14T17:19:38.250Z,remove_waste,0.0806626833,UI,2026-09-14 23:04:38.250,1854.966388888889
Pulse experiments,pioreactor01,2026-09-14T17:19:38.475Z,add_media,0.0776751765,UI,2026-09-14 23:04:38.475,1854.966388888889
Pulse experiments,pioreactor01,2026-09-14T17:19:38.751Z,remove_waste,0.0806626833,UI,2026-09-14 23:04:38.751,1854.966388888889
Pulse experiments,pioreactor01,2026-09-14T17:19:38.976Z,add_media,0.0776751765,UI,2026-09-14 23:04:38.976,1854.966388888889
Pulse experiments,pioreactor01,2026-09-14T17:19:39.253Z,remove_waste,0.0806626833,UI,2026-09-14 23:04:39.253,1854.966666666667
Pulse experiments,pioreactor01,2026-09-14T17:19:39.477Z,add_media,0.0776751765,UI,2026-09-14 23:04:39.477,1854.966666666667
Pulse experiments,pioreactor01,2026-09-14T17:19:39.753Z,remove_waste,0.0806626833,UI,2026-09-14 23:04:39.753,1854.966666666667
Pulse experiments,pioreactor01,2026-09-14T17:19:39.978Z,add_media,0.0776751765,UI,2026-09-14 23:04:39.978,1854.966666666667
Pulse experiments,pioreactor01,2026-09-14T17:19:40.254Z,remove_waste,0.0806626833,UI,2026-09-14 23:04:40.254,1854.966944444444
Pulse experiments,pioreactor01,2026-09-14T17:19:40.478Z,add_media,0.0776751765,UI,2026-09-14 23:04:40.478,1854.966944444444
Pulse experiments,pioreactor01,2026-09-14T17:19:40.755Z,remove_waste,0.0806626833,UI,2026-09-14 23:04:40.755,1854.966944444444
Pulse experiments,pioreactor01,2026-09-14T17:19:40.979Z,add_media,0.0776751765,UI,2026-09-14 23:04:40.979,1854.966944444444
Pulse experiments,pioreactor01,2026-09-14T17:19:41.256Z,remove_waste,0.0806626833,UI,2026-09-14 23:04:41.256,1854.967222222222
Pulse experiments,pioreactor01,2026-09-14T17:19:41.480Z,add_media,0.0776751765,UI,2026-09-14 23:04:41.480,1854.967222222222
Pulse experiments,pioreactor01,2026-09-14T17:19:41.756Z,remove_waste,0.0806626833,UI,2026-09-14 23:04:41.756,1854.967222222222
Pulse experiments,pioreactor01,2026-09-14T17:19:41.981Z,add_media,0.0776751765,UI,2026-09-14 23:04:41.981,1854.967222222222
Pulse experiments,pioreactor01,2026-09-14T17:19:42.258Z,remove_waste,0.0806626833,UI,2026-09-14 23:04:42.258,1854.9675
Pulse experiments,pioreactor01,2026-09-14T17:19:42.481Z,add_media,0.0776751765,UI,2026-09-14 23:04:42.481,1854.9675
Pulse experiments,pioreactor01,2026-09-14T17:19:42.759Z,remove_waste,0.0806626833,UI,2026-09-14 23:04:42.759,1854.9675
Pulse experiments,pioreactor01,2026-09-14T17:19:42.982Z,add_media,0.0776751765,UI,2026-09-14 23:04:42.982,1854.9675
Pulse experiments,pioreactor01,2026-09-14T17:19:43.260Z,remove_waste,0.0806626833,UI,2026-09-14 23:04:43.260,1854.967777777778
Pulse experiments,pioreactor01,2026-09-14T17:19:43.483Z,add_media,0.0776751765,UI,2026-09-14 23:04:43.483,1854.967777777778
Pulse experiments,pioreactor01,2026-09-14T17:19:43.761Z,remove_waste,0.0806626833,UI,2026-09-14 23:04:43.761,1854.967777777778
Pulse experiments,pioreactor01,2026-09-14T17:19:43.984Z,add_media,0.0776751765,UI,2026-09-14 23:04:43.984,1854.967777777778
Pulse experiments,pioreactor01,2026-09-14T17:19:44.262Z,remove_waste,0.0806626833,UI,2026-09-14 23:04:44.262,1854.968055555556
Pulse experiments,pioreactor01,2026-09-14T17:19:44.489Z,add_media,0.0776751765,UI,2026-09-14 23:04:44.489,1854.968055555556
Pulse experiments,pioreactor01,2026-09-14T17:19:44.763Z,remove_waste,0.0806626833,UI,2026-09-14 23:04:44.763,1854.968055555556
Pulse experiments,pioreactor01,2026-09-14T17:19:44.990Z,add_media,0.0776751765,UI,2026-09-14 23:04:44.990,1854.968055555556
Pulse experiments,pioreactor01,2026-09-14T17:19:45.265Z,remove_waste,0.0806626833,UI,2026-09-14 23:04:45.265,1854.968333333333
Pulse experiments,pioreactor01,2026-09-14T17:19:45.491Z,add_media,0.0776751765,UI,2026-09-14 23:04:45.491,1854.968333333333
Pulse experiments,pioreactor01,2026-09-14T17:19:45.765Z,remove_waste,0.0806626833,UI,2026-09-14 23:04:45.765,1854.968333333333
Pulse experiments,pioreactor01,2026-09-14T17:19:45.992Z,add_media,0.0776751765,UI,2026-09-14 23:04:45.992,1854.968333333333
Pulse experiments,pioreactor01,2026-09-14T17:19:46.266Z,remove_waste,0.0806626833,UI,2026-09-14 23:04:46.266,1854.968611111111
Pulse experiments,pioreactor01,2026-09-14T17:19:46.493Z,add_media,0.0776751765,UI,2026-09-14 23:04:46.493,1854.968611111111
Pulse experiments,pioreactor01,2026-09-14T17:19:46.767Z,remove_waste,0.0806626833,UI,2026-09-14 23:04:46.767,1854.968611111111
Pulse experiments,pioreactor01,2026-09-14T17:19:46.994Z,add_media,0.0776751765,UI,2026-09-14 23:04:46.994,1854.968611111111
Pulse experiments,pioreactor01,2026-09-14T17:19:47.268Z,remove_waste,0.0806626833,UI,2026-09-14 23:04:47.268,1854.968888888889
Pulse experiments,pioreactor01,2026-09-14T17:19:47.495Z,add_media,0.0776751765,UI,2026-09-14 23:04:47.495,1854.968888888889
Pulse experiments,pioreactor01,2026-09-14T17:19:47.768Z,remove_waste,0.0806626833,UI,2026-09-14 23:04:47.768,1854.968888888889
Pulse experiments,pioreactor01,2026-09-14T17:19:47.996Z,add_media,0.0776751765,UI,2026-09-14 23:04:47.996,1854.968888888889
Pulse experiments,pioreactor01,2026-09-14T17:19:48.274Z,remove_waste,0.0806626833,UI,2026-09-14 23:04:48.274,1854.969166666667
Pulse experiments,pioreactor01,2026-09-14T17:19:48.499Z,add_media,0.0776751765,UI,2026-09-14 23:04:48.499,1854.969166666667
Pulse experiments,pioreactor01,2026-09-14T17:19:48.775Z,remove_waste,0.0806626833,UI,2026-09-14 23:04:48.775,1854.969166666667
Pulse experiments,pioreactor01,2026-09-14T17:19:49.000Z,add_media,0.0776751765,UI,2026-09-14 23:04:49.000,1854.969444444444
Pulse experiments,pioreactor01,2026-09-14T17:19:49.276Z,remove_waste,0.0806626833,UI,2026-09-14 23:04:49.276,1854.969444444444
Pulse experiments,pioreactor01,2026-09-14T17:19:49.501Z,add_media,0.0776751765,UI,2026-09-14 23:04:49.501,1854.969444444444
Pulse experiments,pioreactor01,2026-09-14T17:19:49.777Z,remove_waste,0.0806626833,UI,2026-09-14 23:04:49.777,1854.969444444444
Pulse experiments,pioreactor01,2026-09-14T17:19:50.002Z,add_media,0.0776751765,UI,2026-09-14 23:04:50.002,1854.969722222222
Pulse experiments,pioreactor01,2026-09-14T17:19:50.277Z,remove_waste,0.0806626833,UI,2026-09-14 23:04:50.277,1854.969722222222
Pulse experiments,pioreactor01,2026-09-14T17:19:50.503Z,add_media,0.0776751765,UI,2026-09-14 23:04:50.503,1854.969722222222
Pulse experiments,pioreactor01,2026-09-14T17:19:50.779Z,remove_waste,0.0806626833,UI,2026-09-14 23:04:50.779,1854.969722222222
Pulse experiments,pioreactor01,2026-09-14T17:19:51.004Z,add_media,0.0776751765,UI,2026-09-14 23:04:51.004,1854.97
Pulse experiments,pioreactor01,2026-09-14T17:19:51.279Z,remove_waste,0.0806626833,UI,2026-09-14 23:04:51.279,1854.97
Pulse experiments,pioreactor01,2026-09-14T17:19:51.505Z,add_media,0.0776751765,UI,2026-09-14 23:04:51.505,1854.97
Pulse experiments,pioreactor01,2026-09-14T17:19:51.780Z,remove_waste,0.0806626833,UI,2026-09-14 23:04:51.780,1854.97
Pulse experiments,pioreactor01,2026-09-14T17:19:52.006Z,add_media,0.0776751765,UI,2026-09-14 23:04:52.006,1854.970277777778
Pulse experiments,pioreactor01,2026-09-14T17:19:52.281Z,remove_waste,0.0806626833,UI,2026-09-14 23:04:52.281,1854.970277777778
Pulse experiments,pioreactor01,2026-09-14T17:19:52.506Z,add_media,0.0776751765,UI,2026-09-14 23:04:52.506,1854.970277777778
Pulse experiments,pioreactor01,2026-09-14T17:19:52.781Z,remove_waste,0.0806626833,UI,2026-09-14 23:04:52.781,1854.970277777778
Pulse experiments,pioreactor01,2026-09-14T17:19:53.008Z,add_media,0.0776751765,UI,2026-09-14 23:04:53.008,1854.970555555556
Pulse experiments,pioreactor01,2026-09-14T17:19:53.284Z,remove_waste,0.0806626833,UI,2026-09-14 23:04:53.284,1854.970555555556
Pulse experiments,pioreactor01,2026-09-14T17:19:53.509Z,add_media,0.0776751765,UI,2026-09-14 23:04:53.509,1854.970555555556
Pulse experiments,pioreactor01,2026-09-14T17:19:53.785Z,remove_waste,0.0806626833,UI,2026-09-14 23:04:53.785,1854.970555555556
Pulse experiments,pioreactor01,2026-09-14T17:19:54.010Z,add_media,0.0776751765,UI,2026-09-14 23:04:54.010,1854.970833333333
Pulse experiments,pioreactor01,2026-09-14T17:19:54.286Z,remove_waste,0.0806626833,UI,2026-09-14 23:04:54.286,1854.970833333333
Pulse experiments,pioreactor01,2026-09-14T17:19:54.511Z,add_media,0.0776751765,UI,2026-09-14 23:04:54.511,1854.970833333333
Pulse experiments,pioreactor01,2026-09-14T17:19:54.786Z,remove_waste,0.0806626833,UI,2026-09-14 23:04:54.786,1854.970833333333
Pulse experiments,pioreactor01,2026-09-14T17:19:55.012Z,add_media,0.0776751765,UI,2026-09-14 23:04:55.012,1854.971111111111
Pulse experiments,pioreactor01,2026-09-14T17:19:55.287Z,remove_waste,0.0806626833,UI,2026-09-14 23:04:55.287,1854.971111111111
Pulse experiments,pioreactor01,2026-09-14T17:19:55.513Z,add_media,0.0776751765,UI,2026-09-14 23:04:55.513,1854.971111111111
Pulse experiments,pioreactor01,2026-09-14T17:19:55.788Z,remove_waste,0.0806626833,UI,2026-09-14 23:04:55.788,1854.971111111111
Pulse experiments,pioreactor01,2026-09-14T17:19:56.014Z,add_media,0.0776751765,UI,2026-09-14 23:04:56.014,1854.971388888889
Pulse experiments,pioreactor01,2026-09-14T17:19:56.289Z,remove_waste,0.0806626833,UI,2026-09-14 23:04:56.289,1854.971388888889
Pulse experiments,pioreactor01,2026-09-14T17:19:56.516Z,add_media,0.0776751765,UI,2026-09-14 23:04:56.516,1854.971388888889
Pulse experiments,pioreactor01,2026-09-14T17:19:56.789Z,remove_waste,0.0806626833,UI,2026-09-14 23:04:56.789,1854.971388888889
Pulse experiments,pioreactor01,2026-09-14T17:19:57.016Z,add_media,0.0776751765,UI,2026-09-14 23:04:57.016,1854.971666666667
Pulse experiments,pioreactor01,2026-09-14T17:19:57.290Z,remove_waste,0.0806626833,UI,2026-09-14 23:04:57.290,1854.971666666667
Pulse experiments,pioreactor01,2026-09-14T17:19:57.517Z,add_media,0.0776751765,UI,2026-09-14 23:04:57.517,1854.971666666667
Pulse experiments,pioreactor01,2026-09-14T17:19:57.791Z,remove_waste,0.0806626833,UI,2026-09-14 23:04:57.791,1854.971666666667
Pulse experiments,pioreactor01,2026-09-14T17:19:58.018Z,add_media,0.0776751765,UI,2026-09-14 23:04:58.018,1854.971944444444
Pulse experiments,pioreactor01,2026-09-14T17:19:58.292Z,remove_waste,0.0806626833,UI,2026-09-14 23:04:58.292,1854.971944444444
Pulse experiments,pioreactor01,2026-09-14T17:19:58.519Z,add_media,0.0776751765,UI,2026-09-14 23:04:58.519,1854.971944444444
Pulse experiments,pioreactor01,2026-09-14T17:19:58.792Z,remove_waste,0.0806626833,UI,2026-09-14 23:04:58.792,1854.971944444444
Pulse experiments,pioreactor01,2026-09-14T17:19:59.020Z,add_media,0.0776751765,UI,2026-09-14 23:04:59.020,1854.972222222222
Pulse experiments,pioreactor01,2026-09-14T17:19:59.293Z,remove_waste,0.0806626833,UI,2026-09-14 23:04:59.293,1854.972222222222
Pulse experiments,pioreactor01,2026-09-14T17:19:59.521Z,add_media,0.0776751765,UI,2026-09-14 23:04:59.521,1854.972222222222
Pulse experiments,pioreactor01,2026-09-14T17:19:59.794Z,remove_waste,0.0806626833,UI,2026-09-14 23:04:59.794,1854.972222222222
Pulse experiments,pioreactor01,2026-09-14T17:20:00.021Z,add_media,0.0776751765,UI,2026-09-14 23:05:00.021,1854.9725
Pulse experiments,pioreactor01,2026-09-14T17:20:00.295Z,remove_waste,0.0806626833,UI,2026-09-14 23:05:00.295,1854.9725
Pulse experiments,pioreactor01,2026-09-14T17:20:00.524Z,add_media,0.0776751765,UI,2026-09-14 23:05:00.524,1854.9725
Pulse experiments,pioreactor01,2026-09-14T17:20:00.796Z,remove_waste,0.0806626833,UI,2026-09-14 23:05:00.796,1854.9725
Pulse experiments,pioreactor01,2026-09-14T17:20:01.025Z,add_media,0.0776751765,UI,2026-09-14 23:05:01.025,1854.972777777778
Pulse experiments,pioreactor01,2026-09-14T17:20:01.297Z,remove_waste,0.0806626833,UI,2026-09-14 23:05:01.297,1854.972777777778
Pulse experiments,pioreactor01,2026-09-14T17:20:01.526Z,add_media,0.0776751765,UI,2026-09-14 23:05:01.526,1854.972777777778
Pulse experiments,pioreactor01,2026-09-14T17:20:01.798Z,remove_waste,0.0806626833,UI,2026-09-14 23:05:01.798,1854.972777777778
Pulse experiments,pioreactor01,2026-09-14T17:20:02.027Z,add_media,0.0776751765,UI,2026-09-14 23:05:02.027,1854.973055555555
Pulse experiments,pioreactor01,2026-09-14T17:20:02.299Z,remove_waste,0.0806626833,UI,2026-09-14 23:05:02.299,1854.973055555555
Pulse experiments,pioreactor01,2026-09-14T17:20:02.528Z,add_media,0.0776751765,UI,2026-09-14 23:05:02.528,1854.973055555555
Pulse experiments,pioreactor01,2026-09-14T17:20:02.802Z,remove_waste,0.0806626833,UI,2026-09-14 23:05:02.802,1854.973055555555
Pulse experiments,pioreactor01,2026-09-14T17:20:03.028Z,add_media,0.0776751765,UI,2026-09-14 23:05:03.028,1854.973333333333
Pulse experiments,pioreactor01,2026-09-14T17:20:03.303Z,remove_waste,0.0806626833,UI,2026-09-14 23:05:03.303,1854.973333333333
Pulse experiments,pioreactor01,2026-09-14T17:20:03.529Z,add_media,0.0776751765,UI,2026-09-14 23:05:03.529,1854.973333333333
Pulse experiments,pioreactor01,2026-09-14T17:20:03.804Z,remove_waste,0.0806626833,UI,2026-09-14 23:05:03.804,1854.973333333333
Pulse experiments,pioreactor01,2026-09-14T17:20:04.030Z,add_media,0.0776751765,UI,2026-09-14 23:05:04.030,1854.973611111111
Pulse experiments,pioreactor01,2026-09-14T17:20:04.305Z,remove_waste,0.0806626833,UI,2026-09-14 23:05:04.305,1854.973611111111
Pulse experiments,pioreactor01,2026-09-14T17:20:04.531Z,add_media,0.0776751765,UI,2026-09-14 23:05:04.531,1854.973611111111
Pulse experiments,pioreactor01,2026-09-14T17:20:04.808Z,remove_waste,0.0806626833,UI,2026-09-14 23:05:04.808,1854.973611111111
Pulse experiments,pioreactor01,2026-09-14T17:20:05.031Z,add_media,0.0776751765,UI,2026-09-14 23:05:05.031,1854.973888888889
Pulse experiments,pioreactor01,2026-09-14T17:20:05.309Z,remove_waste,0.0806626833,UI,2026-09-14 23:05:05.309,1854.973888888889
Pulse experiments,pioreactor01,2026-09-14T17:20:05.534Z,add_media,0.0776751765,UI,2026-09-14 23:05:05.534,1854.973888888889
Pulse experiments,pioreactor01,2026-09-14T17:20:05.809Z,remove_waste,0.0806626833,UI,2026-09-14 23:05:05.809,1854.973888888889
Pulse experiments,pioreactor01,2026-09-14T17:20:06.034Z,add_media,0.0776751765,UI,2026-09-14 23:05:06.034,1854.974166666667
Pulse experiments,pioreactor01,2026-09-14T17:20:06.310Z,remove_waste,0.0806626833,UI,2026-09-14 23:05:06.310,1854.974166666667
Pulse experiments,pioreactor01,2026-09-14T17:20:06.535Z,add_media,0.0776751765,UI,2026-09-14 23:05:06.535,1854.974166666667
Pulse experiments,pioreactor01,2026-09-14T17:20:06.811Z,remove_waste,0.0806626833,UI,2026-09-14 23:05:06.811,1854.974166666667
Pulse experiments,pioreactor01,2026-09-14T17:20:07.036Z,add_media,0.0776751765,UI,2026-09-14 23:05:07.036,1854.974444444445
Pulse experiments,pioreactor01,2026-09-14T17:20:07.312Z,remove_waste,0.0806626833,UI,2026-09-14 23:05:07.312,1854.974444444445
Pulse experiments,pioreactor01,2026-09-14T17:20:07.537Z,add_media,0.0776751765,UI,2026-09-14 23:05:07.537,1854.974444444445
Pulse experiments,pioreactor01,2026-09-14T17:20:07.812Z,remove_waste,0.0806626833,UI,2026-09-14 23:05:07.812,1854.974444444445
Pulse experiments,pioreactor01,2026-09-14T17:20:08.037Z,add_media,0.0776751765,UI,2026-09-14 23:05:08.037,1854.974722222222
Pulse experiments,pioreactor01,2026-09-14T17:20:08.314Z,remove_waste,0.0806626833,UI,2026-09-14 23:05:08.314,1854.974722222222
Pulse experiments,pioreactor01,2026-09-14T17:20:08.538Z,add_media,0.0776751765,UI,2026-09-14 23:05:08.538,1854.974722222222
Pulse experiments,pioreactor01,2026-09-14T17:20:08.816Z,remove_waste,0.0806626833,UI,2026-09-14 23:05:08.816,1854.974722222222
Pulse experiments,pioreactor01,2026-09-14T17:20:09.039Z,add_media,0.0776751765,UI,2026-09-14 23:05:09.039,1854.975
Pulse experiments,pioreactor01,2026-09-14T17:20:09.317Z,remove_waste,0.0806626833,UI,2026-09-14 23:05:09.317,1854.975
Pulse experiments,pioreactor01,2026-09-14T17:20:09.540Z,add_media,0.0776751765,UI,2026-09-14 23:05:09.540,1854.975
Pulse experiments,pioreactor01,2026-09-14T17:20:09.817Z,remove_waste,0.0806626833,UI,2026-09-14 23:05:09.817,1854.975
Pulse experiments,pioreactor01,2026-09-14T17:20:10.041Z,add_media,0.0776751765,UI,2026-09-14 23:05:10.041,1854.975277777778
Pulse experiments,pioreactor01,2026-09-14T17:20:10.318Z,remove_waste,0.0806626833,UI,2026-09-14 23:05:10.318,1854.975277777778
Pulse experiments,pioreactor01,2026-09-14T17:20:10.541Z,add_media,0.0776751765,UI,2026-09-14 23:05:10.541,1854.975277777778
Pulse experiments,pioreactor01,2026-09-14T17:20:10.819Z,remove_waste,0.0806626833,UI,2026-09-14 23:05:10.819,1854.975277777778
Pulse experiments,pioreactor01,2026-09-14T17:20:11.042Z,add_media,0.0776751765,UI,2026-09-14 23:05:11.042,1854.975555555556
Pulse experiments,pioreactor01,2026-09-14T17:20:11.320Z,remove_waste,0.0806626833,UI,2026-09-14 23:05:11.320,1854.975555555556
Pulse experiments,pioreactor01,2026-09-14T17:20:11.543Z,add_media,0.0776751765,UI,2026-09-14 23:05:11.543,1854.975555555556
Pulse experiments,pioreactor01,2026-09-14T17:20:11.820Z,remove_waste,0.0806626833,UI,2026-09-14 23:05:11.820,1854.975555555556
Pulse experiments,pioreactor01,2026-09-14T17:20:12.044Z,add_media,0.0776751765,UI,2026-09-14 23:05:12.044,1854.975833333333
Pulse experiments,pioreactor01,2026-09-14T17:20:12.321Z,remove_waste,0.0806626833,UI,2026-09-14 23:05:12.321,1854.975833333333
Pulse experiments,pioreactor01,2026-09-14T17:20:12.545Z,add_media,0.0776751765,UI,2026-09-14 23:05:12.545,1854.975833333333
Pulse experiments,pioreactor01,2026-09-14T17:20:12.824Z,remove_waste,0.0806626833,UI,2026-09-14 23:05:12.824,1854.975833333333
Pulse experiments,pioreactor01,2026-09-14T17:20:13.047Z,add_media,0.0776751765,UI,2026-09-14 23:05:13.047,1854.976111111111
Pulse experiments,pioreactor01,2026-09-14T17:20:13.324Z,remove_waste,0.0806626833,UI,2026-09-14 23:05:13.324,1854.976111111111
Pulse experiments,pioreactor01,2026-09-14T17:20:13.548Z,add_media,0.0776751765,UI,2026-09-14 23:05:13.548,1854.976111111111
Pulse experiments,pioreactor01,2026-09-14T17:20:13.825Z,remove_waste,0.0806626833,UI,2026-09-14 23:05:13.825,1854.976111111111
Pulse experiments,pioreactor01,2026-09-14T17:20:14.049Z,add_media,0.0776751765,UI,2026-09-14 23:05:14.049,1854.976388888889
Pulse experiments,pioreactor01,2026-09-14T17:20:14.326Z,remove_waste,0.0806626833,UI,2026-09-14 23:05:14.326,1854.976388888889
Pulse experiments,pioreactor01,2026-09-14T17:20:14.551Z,add_media,0.0776751765,UI,2026-09-14 23:05:14.551,1854.976388888889
Pulse experiments,pioreactor01,2026-09-14T17:20:14.827Z,remove_waste,0.0806626833,UI,2026-09-14 23:05:14.827,1854.976388888889
Pulse experiments,pioreactor01,2026-09-14T17:20:15.051Z,add_media,0.0776751765,UI,2026-09-14 23:05:15.051,1854.976666666667
Pulse experiments,pioreactor01,2026-09-14T17:20:15.328Z,remove_waste,0.0806626833,UI,2026-09-14 23:05:15.328,1854.976666666667
Pulse experiments,pioreactor01,2026-09-14T17:20:15.552Z,add_media,0.0776751765,UI,2026-09-14 23:05:15.552,1854.976666666667
Pulse experiments,pioreactor01,2026-09-14T17:20:15.830Z,remove_waste,0.0806626833,UI,2026-09-14 23:05:15.830,1854.976666666667
Pulse experiments,pioreactor01,2026-09-14T17:20:16.053Z,add_media,0.0776751765,UI,2026-09-14 23:05:16.053,1854.976944444444
Pulse experiments,pioreactor01,2026-09-14T17:20:16.330Z,remove_waste,0.0806626833,UI,2026-09-14 23:05:16.330,1854.976944444444
Pulse experiments,pioreactor01,2026-09-14T17:20:16.554Z,add_media,0.0776751765,UI,2026-09-14 23:05:16.554,1854.976944444444
Pulse experiments,pioreactor01,2026-09-14T17:20:16.831Z,remove_waste,0.0806626833,UI,2026-09-14 23:05:16.831,1854.976944444444
Pulse experiments,pioreactor01,2026-09-14T17:20:17.054Z,add_media,0.0776751765,UI,2026-09-14 23:05:17.054,1854.977222222222
Pulse experiments,pioreactor01,2026-09-14T17:20:17.332Z,remove_waste,0.0806626833,UI,2026-09-14 23:05:17.332,1854.977222222222
Pulse experiments,pioreactor01,2026-09-14T17:20:17.555Z,add_media,0.0776751765,UI,2026-09-14 23:05:17.555,1854.977222222222
Pulse experiments,pioreactor01,2026-09-14T17:20:17.834Z,remove_waste,0.0806626833,UI,2026-09-14 23:05:17.834,1854.977222222222
Pulse experiments,pioreactor01,2026-09-14T17:20:18.056Z,add_media,0.0776751765,UI,2026-09-14 23:05:18.056,1854.9775
Pulse experiments,pioreactor01,2026-09-14T17:20:18.335Z,remove_waste,0.0806626833,UI,2026-09-14 23:05:18.335,1854.9775
Pulse experiments,pioreactor01,2026-09-14T17:20:18.558Z,add_media,0.0776751765,UI,2026-09-14 23:05:18.558,1854.9775
Pulse experiments,pioreactor01,2026-09-14T17:20:18.836Z,remove_waste,0.0806626833,UI,2026-09-14 23:05:18.836,1854.9775
Pulse experiments,pioreactor01,2026-09-14T17:20:19.059Z,add_media,0.0776751765,UI,2026-09-14 23:05:19.059,1854.977777777778
Pulse experiments,pioreactor01,2026-09-14T17:20:19.337Z,remove_waste,0.0806626833,UI,2026-09-14 23:05:19.337,1854.977777777778
Pulse experiments,pioreactor01,2026-09-14T17:20:19.559Z,add_media,0.0776751765,UI,2026-09-14 23:05:19.559,1854.977777777778
Pulse experiments,pioreactor01,2026-09-14T17:20:19.838Z,remove_waste,0.0806626833,UI,2026-09-14 23:05:19.838,1854.977777777778
Pulse experiments,pioreactor01,2026-09-14T17:20:20.060Z,add_media,0.0776751765,UI,2026-09-14 23:05:20.060,1854.978055555556
Pulse experiments,pioreactor01,2026-09-14T17:20:20.339Z,remove_waste,0.0806626833,UI,2026-09-14 23:05:20.339,1854.978055555556
Pulse experiments,pioreactor01,2026-09-14T17:20:20.561Z,add_media,0.0776751765,UI,2026-09-14 23:05:20.561,1854.978055555556
Pulse experiments,pioreactor01,2026-09-14T17:20:20.840Z,remove_waste,0.0806626833,UI,2026-09-14 23:05:20.840,1854.978055555556
Pulse experiments,pioreactor01,2026-09-14T17:20:21.062Z,add_media,0.0776751765,UI,2026-09-14 23:05:21.062,1854.978333333333
Pulse experiments,pioreactor01,2026-09-14T17:20:21.341Z,remove_waste,0.0806626833,UI,2026-09-14 23:05:21.341,1854.978333333333
Pulse experiments,pioreactor01,2026-09-14T17:20:21.564Z,add_media,0.0776751765,UI,2026-09-14 23:05:21.564,1854.978333333333
Pulse experiments,pioreactor01,2026-09-14T17:20:21.842Z,remove_waste,0.0806626833,UI,2026-09-14 23:05:21.842,1854.978333333333
Pulse experiments,pioreactor01,2026-09-14T17:20:22.065Z,add_media,0.0776751765,UI,2026-09-14 23:05:22.065,1854.978611111111
Pulse experiments,pioreactor01,2026-09-14T17:20:22.343Z,remove_waste,0.0806626833,UI,2026-09-14 23:05:22.343,1854.978611111111
Pulse experiments,pioreactor01,2026-09-14T17:20:22.566Z,add_media,0.0776751765,UI,2026-09-14 23:05:22.566,1854.978611111111
Pulse experiments,pioreactor01,2026-09-14T17:20:22.844Z,remove_waste,0.0806626833,UI,2026-09-14 23:05:22.844,1854.978611111111
Pulse experiments,pioreactor01,2026-09-14T17:20:23.067Z,add_media,0.0776751765,UI,2026-09-14 23:05:23.067,1854.978888888889
Pulse experiments,pioreactor01,2026-09-14T17:20:23.345Z,remove_waste,0.0806626833,UI,2026-09-14 23:05:23.345,1854.978888888889
Pulse experiments,pioreactor01,2026-09-14T17:20:23.570Z,add_media,0.0776751765,UI,2026-09-14 23:05:23.570,1854.978888888889
Pulse experiments,pioreactor01,2026-09-14T17:20:23.846Z,remove_waste,0.0806626833,UI,2026-09-14 23:05:23.846,1854.978888888889
Pulse experiments,pioreactor01,2026-09-14T17:20:24.070Z,add_media,0.0776751765,UI,2026-09-14 23:05:24.070,1854.979166666667
Pulse experiments,pioreactor01,2026-09-14T17:20:24.349Z,remove_waste,0.0806626833,UI,2026-09-14 23:05:24.349,1854.979166666667
Pulse experiments,pioreactor01,2026-09-14T17:20:24.571Z,add_media,0.0776751765,UI,2026-09-14 23:05:24.571,1854.979166666667
Pulse experiments,pioreactor01,2026-09-14T17:20:24.851Z,remove_waste,0.0806626833,UI,2026-09-14 23:05:24.851,1854.979166666667
Pulse experiments,pioreactor01,2026-09-14T17:20:25.072Z,add_media,0.0776751765,UI,2026-09-14 23:05:25.072,1854.979444444444
Pulse experiments,pioreactor01,2026-09-14T17:20:25.352Z,remove_waste,0.0806626833,UI,2026-09-14 23:05:25.352,1854.979444444444
Pulse experiments,pioreactor01,2026-09-14T17:20:25.573Z,add_media,0.0776751765,UI,2026-09-14 23:05:25.573,1854.979444444444
Pulse experiments,pioreactor01,2026-09-14T17:20:25.854Z,remove_waste,0.0806626833,UI,2026-09-14 23:05:25.854,1854.979444444444
Pulse experiments,pioreactor01,2026-09-14T17:20:26.074Z,add_media,0.0776751765,UI,2026-09-14 23:05:26.074,1854.979722222222
Pulse experiments,pioreactor01,2026-09-14T17:20:26.355Z,remove_waste,0.0806626833,UI,2026-09-14 23:05:26.355,1854.979722222222
Pulse experiments,pioreactor01,2026-09-14T17:20:26.575Z,add_media,0.0776751765,UI,2026-09-14 23:05:26.575,1854.979722222222
Pulse experiments,pioreactor01,2026-09-14T17:20:26.856Z,remove_waste,0.0806626833,UI,2026-09-14 23:05:26.856,1854.979722222222
Pulse experiments,pioreactor01,2026-09-14T17:20:27.076Z,add_media,0.0776751765,UI,2026-09-14 23:05:27.076,1854.98
Pulse experiments,pioreactor01,2026-09-14T17:20:27.357Z,remove_waste,0.0806626833,UI,2026-09-14 23:05:27.357,1854.98
Pulse experiments,pioreactor01,2026-09-14T17:20:27.577Z,add_media,0.0776751765,UI,2026-09-14 23:05:27.577,1854.98
Pulse experiments,pioreactor01,2026-09-14T17:20:27.858Z,remove_waste,0.0806626833,UI,2026-09-14 23:05:27.858,1854.98
Pulse experiments,pioreactor01,2026-09-14T17:20:28.078Z,add_media,0.0776751765,UI,2026-09-14 23:05:28.078,1854.980277777778
Pulse experiments,pioreactor01,2026-09-14T17:20:28.359Z,remove_waste,0.0806626833,UI,2026-09-14 23:05:28.359,1854.980277777778
Pulse experiments,pioreactor01,2026-09-14T17:20:28.579Z,add_media,0.0776751765,UI,2026-09-14 23:05:28.579,1854.980277777778
Pulse experiments,pioreactor01,2026-09-14T17:20:28.860Z,remove_waste,0.0806626833,UI,2026-09-14 23:05:28.860,1854.980277777778
Pulse experiments,pioreactor01,2026-09-14T17:20:29.080Z,add_media,0.0776751765,UI,2026-09-14 23:05:29.080,1854.980555555556
Pulse experiments,pioreactor01,2026-09-14T17:20:29.361Z,remove_waste,0.0806626833,UI,2026-09-14 23:05:29.361,1854.980555555556
Pulse experiments,pioreactor01,2026-09-14T17:20:29.580Z,add_media,0.0776751765,UI,2026-09-14 23:05:29.580,1854.980555555556
Pulse experiments,pioreactor01,2026-09-14T17:20:29.862Z,remove_waste,0.0806626833,UI,2026-09-14 23:05:29.862,1854.980555555556
Pulse experiments,pioreactor01,2026-09-14T17:20:30.081Z,add_media,0.0776751765,UI,2026-09-14 23:05:30.081,1854.980833333333
Pulse experiments,pioreactor01,2026-09-14T17:20:30.362Z,remove_waste,0.0806626833,UI,2026-09-14 23:05:30.362,1854.980833333333
Pulse experiments,pioreactor01,2026-09-14T17:20:30.582Z,add_media,0.0776751765,UI,2026-09-14 23:05:30.582,1854.980833333333
Pulse experiments,pioreactor01,2026-09-14T17:20:30.863Z,remove_waste,0.0806626833,UI,2026-09-14 23:05:30.863,1854.980833333333
Pulse experiments,pioreactor01,2026-09-14T17:20:31.083Z,add_media,0.0776751765,UI,2026-09-14 23:05:31.083,1854.981111111111
Pulse experiments,pioreactor01,2026-09-14T17:20:31.364Z,remove_waste,0.0806626833,UI,2026-09-14 23:05:31.364,1854.981111111111
Pulse experiments,pioreactor01,2026-09-14T17:20:31.583Z,add_media,0.0776751765,UI,2026-09-14 23:05:31.583,1854.981111111111
Pulse experiments,pioreactor01,2026-09-14T17:20:31.865Z,remove_waste,0.0806626833,UI,2026-09-14 23:05:31.865,1854.981111111111
Pulse experiments,pioreactor01,2026-09-14T17:20:32.085Z,add_media,0.0776751765,UI,2026-09-14 23:05:32.085,1854.981388888889
Pulse experiments,pioreactor01,2026-09-14T17:20:32.366Z,remove_waste,0.0806626833,UI,2026-09-14 23:05:32.366,1854.981388888889
Pulse experiments,pioreactor01,2026-09-14T17:20:32.586Z,add_media,0.0776751765,UI,2026-09-14 23:05:32.586,1854.981388888889
Pulse experiments,pioreactor01,2026-09-14T17:20:32.867Z,remove_waste,0.0806626833,UI,2026-09-14 23:05:32.867,1854.981388888889
Pulse experiments,pioreactor01,2026-09-14T17:20:33.087Z,add_media,0.0776751765,UI,2026-09-14 23:05:33.087,1854.981666666667
Pulse experiments,pioreactor01,2026-09-14T17:20:33.368Z,remove_waste,0.0806626833,UI,2026-09-14 23:05:33.368,1854.981666666667
Pulse experiments,pioreactor01,2026-09-14T17:20:33.588Z,add_media,0.0776751765,UI,2026-09-14 23:05:33.588,1854.981666666667
Pulse experiments,pioreactor01,2026-09-14T17:20:33.869Z,remove_waste,0.0806626833,UI,2026-09-14 23:05:33.869,1854.981666666667
Pulse experiments,pioreactor01,2026-09-14T17:20:34.090Z,add_media,0.0776751765,UI,2026-09-14 23:05:34.090,1854.981944444444
Pulse experiments,pioreactor01,2026-09-14T17:20:34.370Z,remove_waste,0.0806626833,UI,2026-09-14 23:05:34.370,1854.981944444444
Pulse experiments,pioreactor01,2026-09-14T17:20:34.591Z,add_media,0.0776751765,UI,2026-09-14 23:05:34.591,1854.981944444444
Pulse experiments,pioreactor01,2026-09-14T17:20:34.871Z,remove_waste,0.0806626833,UI,2026-09-14 23:05:34.871,1854.981944444444
Pulse experiments,pioreactor01,2026-09-14T17:20:35.092Z,add_media,0.0776751765,UI,2026-09-14 23:05:35.092,1854.982222222222
Pulse experiments,pioreactor01,2026-09-14T17:20:35.372Z,remove_waste,0.0806626833,UI,2026-09-14 23:05:35.372,1854.982222222222
Pulse experiments,pioreactor01,2026-09-14T17:20:35.593Z,add_media,0.0776751765,UI,2026-09-14 23:05:35.593,1854.982222222222
Pulse experiments,pioreactor01,2026-09-14T17:20:35.873Z,remove_waste,0.0806626833,UI,2026-09-14 23:05:35.873,1854.982222222222
Pulse experiments,pioreactor01,2026-09-14T17:20:36.094Z,add_media,0.0776751765,UI,2026-09-14 23:05:36.094,1854.9825
Pulse experiments,pioreactor01,2026-09-14T17:20:36.374Z,remove_waste,0.0806626833,UI,2026-09-14 23:05:36.374,1854.9825
Pulse experiments,pioreactor01,2026-09-14T17:20:36.595Z,add_media,0.0776751765,UI,2026-09-14 23:05:36.595,1854.9825
Pulse experiments,pioreactor01,2026-09-14T17:20:36.875Z,remove_waste,0.0806626833,UI,2026-09-14 23:05:36.875,1854.9825
Pulse experiments,pioreactor01,2026-09-14T17:20:37.096Z,add_media,0.0776751765,UI,2026-09-14 23:05:37.096,1854.982777777778
Pulse experiments,pioreactor01,2026-09-14T17:20:37.376Z,remove_waste,0.0806626833,UI,2026-09-14 23:05:37.376,1854.982777777778
Pulse experiments,pioreactor01,2026-09-14T17:20:37.597Z,add_media,0.0776751765,UI,2026-09-14 23:05:37.597,1854.982777777778
Pulse experiments,pioreactor01,2026-09-14T17:20:37.878Z,remove_waste,0.0806626833,UI,2026-09-14 23:05:37.878,1854.982777777778
Pulse experiments,pioreactor01,2026-09-14T17:20:38.098Z,add_media,0.0776751765,UI,2026-09-14 23:05:38.098,1854.983055555556
Pulse experiments,pioreactor01,2026-09-14T17:20:38.379Z,remove_waste,0.0806626833,UI,2026-09-14 23:05:38.379,1854.983055555556
Pulse experiments,pioreactor01,2026-09-14T17:20:38.600Z,add_media,0.0776751765,UI,2026-09-14 23:05:38.600,1854.983055555556
Pulse experiments,pioreactor01,2026-09-14T17:20:38.880Z,remove_waste,0.0806626833,UI,2026-09-14 23:05:38.880,1854.983055555556
Pulse experiments,pioreactor01,2026-09-14T17:20:39.101Z,add_media,0.0776751765,UI,2026-09-14 23:05:39.101,1854.983333333333
Pulse experiments,pioreactor01,2026-09-14T17:20:39.381Z,remove_waste,0.0806626833,UI,2026-09-14 23:05:39.381,1854.983333333333
Pulse experiments,pioreactor01,2026-09-14T17:20:39.603Z,add_media,0.0776751765,UI,2026-09-14 23:05:39.603,1854.983333333333
Pulse experiments,pioreactor01,2026-09-14T17:20:39.882Z,remove_waste,0.0806626833,UI,2026-09-14 23:05:39.882,1854.983333333333
Pulse experiments,pioreactor01,2026-09-14T17:20:40.104Z,add_media,0.0776751765,UI,2026-09-14 23:05:40.104,1854.983611111111
Pulse experiments,pioreactor01,2026-09-14T17:20:40.383Z,remove_waste,0.0806626833,UI,2026-09-14 23:05:40.383,1854.983611111111
Pulse experiments,pioreactor01,2026-09-14T17:20:40.605Z,add_media,0.0776751765,UI,2026-09-14 23:05:40.605,1854.983611111111
Pulse experiments,pioreactor01,2026-09-14T17:20:40.884Z,remove_waste,0.0806626833,UI,2026-09-14 23:05:40.884,1854.983611111111
Pulse experiments,pioreactor01,2026-09-14T17:20:41.106Z,add_media,0.0776751765,UI,2026-09-14 23:05:41.106,1854.983888888889
Pulse experiments,pioreactor01,2026-09-14T17:20:41.386Z,remove_waste,0.0806626833,UI,2026-09-14 23:05:41.386,1854.983888888889
Pulse experiments,pioreactor01,2026-09-14T17:20:41.608Z,add_media,0.0776751765,UI,2026-09-14 23:05:41.608,1854.983888888889
Pulse experiments,pioreactor01,2026-09-14T17:20:41.886Z,remove_waste,0.0806626833,UI,2026-09-14 23:05:41.886,1854.983888888889
Pulse experiments,pioreactor01,2026-09-14T17:20:42.109Z,add_media,0.0776751765,UI,2026-09-14 23:05:42.109,1854.984166666667
Pulse experiments,pioreactor01,2026-09-14T17:20:42.387Z,remove_waste,0.0806626833,UI,2026-09-14 23:05:42.387,1854.984166666667
Pulse experiments,pioreactor01,2026-09-14T17:20:42.610Z,add_media,0.0776751765,UI,2026-09-14 23:05:42.610,1854.984166666667
Pulse experiments,pioreactor01,2026-09-14T17:20:42.888Z,remove_waste,0.0806626833,UI,2026-09-14 23:05:42.888,1854.984166666667
Pulse experiments,pioreactor01,2026-09-14T17:20:43.111Z,add_media,0.0776751765,UI,2026-09-14 23:05:43.111,1854.984444444445
Pulse experiments,pioreactor01,2026-09-14T17:20:43.388Z,remove_waste,0.0806626833,UI,2026-09-14 23:05:43.388,1854.984444444445
Pulse experiments,pioreactor01,2026-09-14T17:20:43.614Z,add_media,0.0776751765,UI,2026-09-14 23:05:43.614,1854.984444444445
Pulse experiments,pioreactor01,2026-09-14T17:20:43.889Z,remove_waste,0.0806626833,UI,2026-09-14 23:05:43.889,1854.984444444445
Pulse experiments,pioreactor01,2026-09-14T17:20:44.114Z,add_media,0.0776751765,UI,2026-09-14 23:05:44.114,1854.984722222222
Pulse experiments,pioreactor01,2026-09-14T17:20:44.391Z,remove_waste,0.0806626833,UI,2026-09-14 23:05:44.391,1854.984722222222
Pulse experiments,pioreactor01,2026-09-14T17:20:44.615Z,add_media,0.0776751765,UI,2026-09-14 23:05:44.615,1854.984722222222
Pulse experiments,pioreactor01,2026-09-14T17:20:44.892Z,remove_waste,0.0806626833,UI,2026-09-14 23:05:44.892,1854.984722222222
Pulse experiments,pioreactor01,2026-09-14T17:20:45.116Z,add_media,0.0776751765,UI,2026-09-14 23:05:45.116,1854.985
Pulse experiments,pioreactor01,2026-09-14T17:20:45.392Z,remove_waste,0.0806626833,UI,2026-09-14 23:05:45.392,1854.985
Pulse experiments,pioreactor01,2026-09-14T17:20:45.617Z,add_media,0.0776751765,UI,2026-09-14 23:05:45.617,1854.985
Pulse experiments,pioreactor01,2026-09-14T17:20:45.893Z,remove_waste,0.0806626833,UI,2026-09-14 23:05:45.893,1854.985
Pulse experiments,pioreactor01,2026-09-14T17:20:46.118Z,add_media,0.0776751765,UI,2026-09-14 23:05:46.118,1854.985277777778
Pulse experiments,pioreactor01,2026-09-14T17:20:46.394Z,remove_waste,0.0806626833,UI,2026-09-14 23:05:46.394,1854.985277777778
Pulse experiments,pioreactor01,2026-09-14T17:20:46.619Z,add_media,0.0776751765,UI,2026-09-14 23:05:46.619,1854.985277777778
Pulse experiments,pioreactor01,2026-09-14T17:20:46.896Z,remove_waste,0.0806626833,UI,2026-09-14 23:05:46.896,1854.985277777778
Pulse experiments,pioreactor01,2026-09-14T17:20:47.120Z,add_media,0.0776751765,UI,2026-09-14 23:05:47.120,1854.985555555555
Pulse experiments,pioreactor01,2026-09-14T17:20:47.396Z,remove_waste,0.0806626833,UI,2026-09-14 23:05:47.396,1854.985555555555
Pulse experiments,pioreactor01,2026-09-14T17:20:47.620Z,add_media,0.0776751765,UI,2026-09-14 23:05:47.620,1854.985555555555
Pulse experiments,pioreactor01,2026-09-14T17:20:47.897Z,remove_waste,0.0806626833,UI,2026-09-14 23:05:47.897,1854.985555555555
Pulse experiments,pioreactor01,2026-09-14T17:20:48.124Z,add_media,0.0776751765,UI,2026-09-14 23:05:48.124,1854.985833333333
Pulse experiments,pioreactor01,2026-09-14T17:20:48.398Z,remove_waste,0.0806626833,UI,2026-09-14 23:05:48.398,1854.985833333333
Pulse experiments,pioreactor01,2026-09-14T17:20:48.625Z,add_media,0.0776751765,UI,2026-09-14 23:05:48.625,1854.985833333333
Pulse experiments,pioreactor01,2026-09-14T17:20:48.899Z,remove_waste,0.0806626833,UI,2026-09-14 23:05:48.899,1854.985833333333
Pulse experiments,pioreactor01,2026-09-14T17:20:49.126Z,add_media,0.0776751765,UI,2026-09-14 23:05:49.126,1854.986111111111
Pulse experiments,pioreactor01,2026-09-14T17:20:49.400Z,remove_waste,0.0806626833,UI,2026-09-14 23:05:49.400,1854.986111111111
Pulse experiments,pioreactor01,2026-09-14T17:20:49.629Z,add_media,0.0776751765,UI,2026-09-14 23:05:49.629,1854.986111111111
Pulse experiments,pioreactor01,2026-09-14T17:20:49.901Z,remove_waste,0.0806626833,UI,2026-09-14 23:05:49.901,1854.986111111111
Pulse experiments,pioreactor01,2026-09-14T17:20:50.130Z,add_media,0.0776751765,UI,2026-09-14 23:05:50.130,1854.986388888889
Pulse experiments,pioreactor01,2026-09-14T17:20:50.403Z,remove_waste,0.0806626833,UI,2026-09-14 23:05:50.403,1854.986388888889
Pulse experiments,pioreactor01,2026-09-14T17:20:50.631Z,add_media,0.0776751765,UI,2026-09-14 23:05:50.631,1854.986388888889
Pulse experiments,pioreactor01,2026-09-14T17:20:50.904Z,remove_waste,0.0806626833,UI,2026-09-14 23:05:50.904,1854.986388888889
Pulse experiments,pioreactor01,2026-09-14T17:20:51.132Z,add_media,0.0776751765,UI,2026-09-14 23:05:51.132,1854.986666666667
Pulse experiments,pioreactor01,2026-09-14T17:20:51.404Z,remove_waste,0.0806626833,UI,2026-09-14 23:05:51.404,1854.986666666667
Pulse experiments,pioreactor01,2026-09-14T17:20:51.634Z,add_media,0.0776751765,UI,2026-09-14 23:05:51.634,1854.986666666667
Pulse experiments,pioreactor01,2026-09-14T17:20:51.905Z,remove_waste,0.0806626833,UI,2026-09-14 23:05:51.905,1854.986666666667
Pulse experiments,pioreactor01,2026-09-14T17:20:52.134Z,add_media,0.0776751765,UI,2026-09-14 23:05:52.134,1854.986944444444
Pulse experiments,pioreactor01,2026-09-14T17:20:52.407Z,remove_waste,0.0806626833,UI,2026-09-14 23:05:52.407,1854.986944444444
Pulse experiments,pioreactor01,2026-09-14T17:20:52.635Z,add_media,0.0776751765,UI,2026-09-14 23:05:52.635,1854.986944444444
Pulse experiments,pioreactor01,2026-09-14T17:20:52.908Z,remove_waste,0.0806626833,UI,2026-09-14 23:05:52.908,1854.986944444444
Pulse experiments,pioreactor01,2026-09-14T17:20:53.136Z,add_media,0.0776751765,UI,2026-09-14 23:05:53.136,1854.987222222222
Pulse experiments,pioreactor01,2026-09-14T17:20:53.411Z,remove_waste,0.0806626833,UI,2026-09-14 23:05:53.411,1854.987222222222
Pulse experiments,pioreactor01,2026-09-14T17:20:53.637Z,add_media,0.0776751765,UI,2026-09-14 23:05:53.637,1854.987222222222
Pulse experiments,pioreactor01,2026-09-14T17:20:53.912Z,remove_waste,0.0806626833,UI,2026-09-14 23:05:53.912,1854.987222222222
Pulse experiments,pioreactor01,2026-09-14T17:20:54.137Z,add_media,0.0776751765,UI,2026-09-14 23:05:54.137,1854.9875
Pulse experiments,pioreactor01,2026-09-14T17:20:54.413Z,remove_waste,0.0806626833,UI,2026-09-14 23:05:54.413,1854.9875
Pulse experiments,pioreactor01,2026-09-14T17:20:54.638Z,add_media,0.0776751765,UI,2026-09-14 23:05:54.638,1854.9875
Pulse experiments,pioreactor01,2026-09-14T17:20:54.914Z,remove_waste,0.0806626833,UI,2026-09-14 23:05:54.914,1854.9875
Pulse experiments,pioreactor01,2026-09-14T17:20:55.139Z,add_media,0.0776751765,UI,2026-09-14 23:05:55.139,1854.987777777778
Pulse experiments,pioreactor01,2026-09-14T17:20:55.415Z,remove_waste,0.0806626833,UI,2026-09-14 23:05:55.415,1854.987777777778
Pulse experiments,pioreactor01,2026-09-14T17:20:55.640Z,add_media,0.0776751765,UI,2026-09-14 23:05:55.640,1854.987777777778
Pulse experiments,pioreactor01,2026-09-14T17:20:55.916Z,remove_waste,0.0806626833,UI,2026-09-14 23:05:55.916,1854.987777777778
Pulse experiments,pioreactor01,2026-09-14T17:20:56.141Z,add_media,0.0776751765,UI,2026-09-14 23:05:56.141,1854.988055555556
Pulse experiments,pioreactor01,2026-09-14T17:20:56.417Z,remove_waste,0.0806626833,UI,2026-09-14 23:05:56.417,1854.988055555556
Pulse experiments,pioreactor01,2026-09-14T17:20:56.642Z,add_media,0.0776751765,UI,2026-09-14 23:05:56.642,1854.988055555556
Pulse experiments,pioreactor01,2026-09-14T17:20:56.918Z,remove_waste,0.0806626833,UI,2026-09-14 23:05:56.918,1854.988055555556
Pulse experiments,pioreactor01,2026-09-14T17:20:57.144Z,add_media,0.0776751765,UI,2026-09-14 23:05:57.144,1854.988333333333
Pulse experiments,pioreactor01,2026-09-14T17:20:57.419Z,remove_waste,0.0806626833,UI,2026-09-14 23:05:57.419,1854.988333333333
Pulse experiments,pioreactor01,2026-09-14T17:20:57.645Z,add_media,0.0776751765,UI,2026-09-14 23:05:57.645,1854.988333333333
Pulse experiments,pioreactor01,2026-09-14T17:20:57.920Z,remove_waste,0.0806626833,UI,2026-09-14 23:05:57.920,1854.988333333333
Pulse experiments,pioreactor01,2026-09-14T17:20:58.149Z,add_media,0.0776751765,UI,2026-09-14 23:05:58.149,1854.988611111111
Pulse experiments,pioreactor01,2026-09-14T17:20:58.424Z,remove_waste,0.0806626833,UI,2026-09-14 23:05:58.424,1854.988611111111
Pulse experiments,pioreactor01,2026-09-14T17:20:58.650Z,add_media,0.0776751765,UI,2026-09-14 23:05:58.650,1854.988611111111
Pulse experiments,pioreactor01,2026-09-14T17:20:58.925Z,remove_waste,0.0806626833,UI,2026-09-14 23:05:58.925,1854.988611111111
Pulse experiments,pioreactor01,2026-09-14T17:20:59.150Z,add_media,0.0776751765,UI,2026-09-14 23:05:59.150,1854.988888888889
Pulse experiments,pioreactor01,2026-09-14T17:20:59.425Z,remove_waste,0.0806626833,UI,2026-09-14 23:05:59.425,1854.988888888889
Pulse experiments,pioreactor01,2026-09-14T17:20:59.651Z,add_media,0.0776751765,UI,2026-09-14 23:05:59.651,1854.988888888889
Pulse experiments,pioreactor01,2026-09-14T17:20:59.926Z,remove_waste,0.0806626833,UI,2026-09-14 23:05:59.926,1854.988888888889
Pulse experiments,pioreactor01,2026-09-14T17:21:00.154Z,add_media,0.0776751765,UI,2026-09-14 23:06:00.154,1854.989166666667
Pulse experiments,pioreactor01,2026-09-14T17:21:00.428Z,remove_waste,0.0806626833,UI,2026-09-14 23:06:00.428,1854.989166666667
Pulse experiments,pioreactor01,2026-09-14T17:21:00.654Z,add_media,0.0776751765,UI,2026-09-14 23:06:00.654,1854.989166666667
Pulse experiments,pioreactor01,2026-09-14T17:21:00.928Z,remove_waste,0.0806626833,UI,2026-09-14 23:06:00.928,1854.989166666667
Pulse experiments,pioreactor01,2026-09-14T17:21:01.155Z,add_media,0.0776751765,UI,2026-09-14 23:06:01.155,1854.989444444444
Pulse experiments,pioreactor01,2026-09-14T17:21:01.429Z,remove_waste,0.0806626833,UI,2026-09-14 23:06:01.429,1854.989444444444
Pulse experiments,pioreactor01,2026-09-14T17:21:01.656Z,add_media,0.0776751765,UI,2026-09-14 23:06:01.656,1854.989444444444
Pulse experiments,pioreactor01,2026-09-14T17:21:01.930Z,remove_waste,0.0806626833,UI,2026-09-14 23:06:01.930,1854.989444444444
Pulse experiments,pioreactor01,2026-09-14T17:21:02.157Z,add_media,0.0776751765,UI,2026-09-14 23:06:02.157,1854.989722222222
Pulse experiments,pioreactor01,2026-09-14T17:21:02.431Z,remove_waste,0.0806626833,UI,2026-09-14 23:06:02.431,1854.989722222222
Pulse experiments,pioreactor01,2026-09-14T17:21:02.658Z,add_media,0.0776751765,UI,2026-09-14 23:06:02.658,1854.989722222222
Pulse experiments,pioreactor01,2026-09-14T17:21:02.932Z,remove_waste,0.0806626833,UI,2026-09-14 23:06:02.932,1854.989722222222
Pulse experiments,pioreactor01,2026-09-14T17:21:03.159Z,add_media,0.0776751765,UI,2026-09-14 23:06:03.159,1854.99
Pulse experiments,pioreactor01,2026-09-14T17:21:03.433Z,remove_waste,0.0806626833,UI,2026-09-14 23:06:03.433,1854.99
Pulse experiments,pioreactor01,2026-09-14T17:21:03.660Z,add_media,0.0776751765,UI,2026-09-14 23:06:03.660,1854.99
Pulse experiments,pioreactor01,2026-09-14T17:21:03.934Z,remove_waste,0.0806626833,UI,2026-09-14 23:06:03.934,1854.99
Pulse experiments,pioreactor01,2026-09-14T17:21:04.161Z,add_media,0.0776751765,UI,2026-09-14 23:06:04.161,1854.990277777778
Pulse experiments,pioreactor01,2026-09-14T17:21:04.437Z,remove_waste,0.0806626833,UI,2026-09-14 23:06:04.437,1854.990277777778
Pulse experiments,pioreactor01,2026-09-14T17:21:04.662Z,add_media,0.0776751765,UI,2026-09-14 23:06:04.662,1854.990277777778
Pulse experiments,pioreactor01,2026-09-14T17:21:04.938Z,remove_waste,0.0806626833,UI,2026-09-14 23:06:04.938,1854.990277777778
Pulse experiments,pioreactor01,2026-09-14T17:21:05.163Z,add_media,0.0776751765,UI,2026-09-14 23:06:05.163,1854.990555555556
Pulse experiments,pioreactor01,2026-09-14T17:21:05.438Z,remove_waste,0.0806626833,UI,2026-09-14 23:06:05.438,1854.990555555556
Pulse experiments,pioreactor01,2026-09-14T17:21:05.664Z,add_media,0.0776751765,UI,2026-09-14 23:06:05.664,1854.990555555556
Pulse experiments,pioreactor01,2026-09-14T17:21:05.941Z,remove_waste,0.0806626833,UI,2026-09-14 23:06:05.941,1854.990555555556
Pulse experiments,pioreactor01,2026-09-14T17:21:06.165Z,add_media,0.0776751765,UI,2026-09-14 23:06:06.165,1854.990833333333
Pulse experiments,pioreactor01,2026-09-14T17:21:06.441Z,remove_waste,0.0806626833,UI,2026-09-14 23:06:06.441,1854.990833333333
Pulse experiments,pioreactor01,2026-09-14T17:21:06.666Z,add_media,0.0776751765,UI,2026-09-14 23:06:06.666,1854.990833333333
Pulse experiments,pioreactor01,2026-09-14T17:21:06.942Z,remove_waste,0.0806626833,UI,2026-09-14 23:06:06.942,1854.990833333333
Pulse experiments,pioreactor01,2026-09-14T17:21:07.167Z,add_media,0.0776751765,UI,2026-09-14 23:06:07.167,1854.991111111111
Pulse experiments,pioreactor01,2026-09-14T17:21:07.443Z,remove_waste,0.0806626833,UI,2026-09-14 23:06:07.443,1854.991111111111
Pulse experiments,pioreactor01,2026-09-14T17:21:07.668Z,add_media,0.0776751765,UI,2026-09-14 23:06:07.668,1854.991111111111
Pulse experiments,pioreactor01,2026-09-14T17:21:07.944Z,remove_waste,0.0806626833,UI,2026-09-14 23:06:07.944,1854.991111111111
Pulse experiments,pioreactor01,2026-09-14T17:21:08.169Z,add_media,0.0776751765,UI,2026-09-14 23:06:08.169,1854.991388888889
Pulse experiments,pioreactor01,2026-09-14T17:21:08.444Z,remove_waste,0.0806626833,UI,2026-09-14 23:06:08.444,1854.991388888889
Pulse experiments,pioreactor01,2026-09-14T17:21:08.670Z,add_media,0.0776751765,UI,2026-09-14 23:06:08.670,1854.991388888889
Pulse experiments,pioreactor01,2026-09-14T17:21:08.946Z,remove_waste,0.0806626833,UI,2026-09-14 23:06:08.946,1854.991388888889
Pulse experiments,pioreactor01,2026-09-14T17:21:09.172Z,add_media,0.0776751765,UI,2026-09-14 23:06:09.172,1854.991666666667
Pulse experiments,pioreactor01,2026-09-14T17:21:09.447Z,remove_waste,0.0806626833,UI,2026-09-14 23:06:09.447,1854.991666666667
Pulse experiments,pioreactor01,2026-09-14T17:21:09.674Z,add_media,0.0776751765,UI,2026-09-14 23:06:09.674,1854.991666666667
Pulse experiments,pioreactor01,2026-09-14T17:21:09.948Z,remove_waste,0.0806626833,UI,2026-09-14 23:06:09.948,1854.991666666667
Pulse experiments,pioreactor01,2026-09-14T17:21:10.175Z,add_media,0.0776751765,UI,2026-09-14 23:06:10.175,1854.991944444444
Pulse experiments,pioreactor01,2026-09-14T17:21:10.449Z,remove_waste,0.0806626833,UI,2026-09-14 23:06:10.449,1854.991944444444
Pulse experiments,pioreactor01,2026-09-14T17:21:10.676Z,add_media,0.0776751765,UI,2026-09-14 23:06:10.676,1854.991944444444
Pulse experiments,pioreactor01,2026-09-14T17:21:10.950Z,remove_waste,0.0806626833,UI,2026-09-14 23:06:10.950,1854.991944444444
Pulse experiments,pioreactor01,2026-09-14T17:21:11.177Z,add_media,0.0776751765,UI,2026-09-14 23:06:11.177,1854.992222222222
Pulse experiments,pioreactor01,2026-09-14T17:21:11.451Z,remove_waste,0.0806626833,UI,2026-09-14 23:06:11.451,1854.992222222222
Pulse experiments,pioreactor01,2026-09-14T17:21:11.678Z,add_media,0.0776751765,UI,2026-09-14 23:06:11.678,1854.992222222222
Pulse experiments,pioreactor01,2026-09-14T17:21:11.952Z,remove_waste,0.0806626833,UI,2026-09-14 23:06:11.952,1854.992222222222
Pulse experiments,pioreactor01,2026-09-14T17:21:12.179Z,add_media,0.0776751765,UI,2026-09-14 23:06:12.179,1854.9925
Pulse experiments,pioreactor01,2026-09-14T17:21:12.453Z,remove_waste,0.0806626833,UI,2026-09-14 23:06:12.453,1854.9925
Pulse experiments,pioreactor01,2026-09-14T17:21:12.680Z,add_media,0.0776751765,UI,2026-09-14 23:06:12.680,1854.9925
Pulse experiments,pioreactor01,2026-09-14T17:21:12.954Z,remove_waste,0.0806626833,UI,2026-09-14 23:06:12.954,1854.9925
Pulse experiments,pioreactor01,2026-09-14T17:21:13.181Z,add_media,0.0776751765,UI,2026-09-14 23:06:13.181,1854.992777777778
Pulse experiments,pioreactor01,2026-09-14T17:21:13.455Z,remove_waste,0.0806626833,UI,2026-09-14 23:06:13.455,1854.992777777778
Pulse experiments,pioreactor01,2026-09-14T17:21:13.682Z,add_media,0.0776751765,UI,2026-09-14 23:06:13.682,1854.992777777778
Pulse experiments,pioreactor01,2026-09-14T17:21:13.955Z,remove_waste,0.0806626833,UI,2026-09-14 23:06:13.955,1854.992777777778
Pulse experiments,pioreactor01,2026-09-14T17:21:14.182Z,add_media,0.0776751765,UI,2026-09-14 23:06:14.182,1854.993055555556
Pulse experiments,pioreactor01,2026-09-14T17:21:14.456Z,remove_waste,0.0806626833,UI,2026-09-14 23:06:14.456,1854.993055555556
Pulse experiments,pioreactor01,2026-09-14T17:21:14.683Z,add_media,0.0776751765,UI,2026-09-14 23:06:14.683,1854.993055555556
Pulse experiments,pioreactor01,2026-09-14T17:21:14.957Z,remove_waste,0.0806626833,UI,2026-09-14 23:06:14.957,1854.993055555556
Pulse experiments,pioreactor01,2026-09-14T17:21:15.184Z,add_media,0.0776751765,UI,2026-09-14 23:06:15.184,1854.993333333333
Pulse experiments,pioreactor01,2026-09-14T17:21:15.458Z,remove_waste,0.0806626833,UI,2026-09-14 23:06:15.458,1854.993333333333
Pulse experiments,pioreactor01,2026-09-14T17:21:15.685Z,add_media,0.0776751765,UI,2026-09-14 23:06:15.685,1854.993333333333
Pulse experiments,pioreactor01,2026-09-14T17:21:15.958Z,remove_waste,0.0806626833,UI,2026-09-14 23:06:15.958,1854.993333333333
Pulse experiments,pioreactor01,2026-09-14T17:21:16.186Z,add_media,0.0776751765,UI,2026-09-14 23:06:16.186,1854.993611111111
Pulse experiments,pioreactor01,2026-09-14T17:21:16.459Z,remove_waste,0.0806626833,UI,2026-09-14 23:06:16.459,1854.993611111111
Pulse experiments,pioreactor01,2026-09-14T17:21:16.687Z,add_media,0.0776751765,UI,2026-09-14 23:06:16.687,1854.993611111111
Pulse experiments,pioreactor01,2026-09-14T17:21:16.960Z,remove_waste,0.0806626833,UI,2026-09-14 23:06:16.960,1854.993611111111
Pulse experiments,pioreactor01,2026-09-14T17:21:17.188Z,add_media,0.0776751765,UI,2026-09-14 23:06:17.188,1854.993888888889
Pulse experiments,pioreactor01,2026-09-14T17:21:17.461Z,remove_waste,0.0806626833,UI,2026-09-14 23:06:17.461,1854.993888888889
Pulse experiments,pioreactor01,2026-09-14T17:21:17.690Z,add_media,0.0776751765,UI,2026-09-14 23:06:17.690,1854.993888888889
Pulse experiments,pioreactor01,2026-09-14T17:21:17.962Z,remove_waste,0.0806626833,UI,2026-09-14 23:06:17.962,1854.993888888889
Pulse experiments,pioreactor01,2026-09-14T17:21:18.191Z,add_media,0.0776751765,UI,2026-09-14 23:06:18.191,1854.994166666667
Pulse experiments,pioreactor01,2026-09-14T17:21:18.462Z,remove_waste,0.0806626833,UI,2026-09-14 23:06:18.462,1854.994166666667
Pulse experiments,pioreactor01,2026-09-14T17:21:18.695Z,add_media,0.0776751765,UI,2026-09-14 23:06:18.695,1854.994166666667
Pulse experiments,pioreactor01,2026-09-14T17:21:18.964Z,remove_waste,0.0806626833,UI,2026-09-14 23:06:18.964,1854.994166666667
Pulse experiments,pioreactor01,2026-09-14T17:21:19.196Z,add_media,0.0776751765,UI,2026-09-14 23:06:19.196,1854.994444444445
Pulse experiments,pioreactor01,2026-09-14T17:21:19.464Z,remove_waste,0.0806626833,UI,2026-09-14 23:06:19.464,1854.994444444445
Pulse experiments,pioreactor01,2026-09-14T17:21:19.698Z,add_media,0.0776751765,UI,2026-09-14 23:06:19.698,1854.994444444445
Pulse experiments,pioreactor01,2026-09-14T17:21:19.965Z,remove_waste,0.0806626833,UI,2026-09-14 23:06:19.965,1854.994444444445
Pulse experiments,pioreactor01,2026-09-14T17:21:20.198Z,add_media,0.0776751765,UI,2026-09-14 23:06:20.198,1854.994722222222
Pulse experiments,pioreactor01,2026-09-14T17:21:20.466Z,remove_waste,0.0806626833,UI,2026-09-14 23:06:20.466,1854.994722222222
Pulse experiments,pioreactor01,2026-09-14T17:21:20.701Z,add_media,0.0776751765,UI,2026-09-14 23:06:20.701,1854.994722222222
Pulse experiments,pioreactor01,2026-09-14T17:21:20.967Z,remove_waste,0.0806626833,UI,2026-09-14 23:06:20.967,1854.994722222222
Pulse experiments,pioreactor01,2026-09-14T17:21:21.202Z,add_media,0.0776751765,UI,2026-09-14 23:06:21.202,1854.995
Pulse experiments,pioreactor01,2026-09-14T17:21:21.468Z,remove_waste,0.0806626833,UI,2026-09-14 23:06:21.468,1854.995
Pulse experiments,pioreactor01,2026-09-14T17:21:21.703Z,add_media,0.0776751765,UI,2026-09-14 23:06:21.703,1854.995
Pulse experiments,pioreactor01,2026-09-14T17:21:21.969Z,remove_waste,0.0806626833,UI,2026-09-14 23:06:21.969,1854.995
Pulse experiments,pioreactor01,2026-09-14T17:21:22.204Z,add_media,0.0776751765,UI,2026-09-14 23:06:22.204,1854.995277777778
Pulse experiments,pioreactor01,2026-09-14T17:21:22.469Z,remove_waste,0.0806626833,UI,2026-09-14 23:06:22.469,1854.995277777778
Pulse experiments,pioreactor01,2026-09-14T17:21:22.705Z,add_media,0.0776751765,UI,2026-09-14 23:06:22.705,1854.995277777778
Pulse experiments,pioreactor01,2026-09-14T17:21:22.971Z,remove_waste,0.0806626833,UI,2026-09-14 23:06:22.971,1854.995277777778
Pulse experiments,pioreactor01,2026-09-14T17:21:23.205Z,add_media,0.0776751765,UI,2026-09-14 23:06:23.205,1854.995555555555
Pulse experiments,pioreactor01,2026-09-14T17:21:23.472Z,remove_waste,0.0806626833,UI,2026-09-14 23:06:23.472,1854.995555555555
Pulse experiments,pioreactor01,2026-09-14T17:21:23.707Z,add_media,0.0776751765,UI,2026-09-14 23:06:23.707,1854.995555555555
Pulse experiments,pioreactor01,2026-09-14T17:21:23.973Z,remove_waste,0.0806626833,UI,2026-09-14 23:06:23.973,1854.995555555555
Pulse experiments,pioreactor01,2026-09-14T17:21:24.207Z,add_media,0.0776751765,UI,2026-09-14 23:06:24.207,1854.995833333333
Pulse experiments,pioreactor01,2026-09-14T17:21:24.473Z,remove_waste,0.0806626833,UI,2026-09-14 23:06:24.473,1854.995833333333
Pulse experiments,pioreactor01,2026-09-14T17:21:24.709Z,add_media,0.0776751765,UI,2026-09-14 23:06:24.709,1854.995833333333
Pulse experiments,pioreactor01,2026-09-14T17:21:24.976Z,remove_waste,0.0806626833,UI,2026-09-14 23:06:24.976,1854.995833333333
Pulse experiments,pioreactor01,2026-09-14T17:21:25.210Z,add_media,0.0776751765,UI,2026-09-14 23:06:25.210,1854.996111111111
Pulse experiments,pioreactor01,2026-09-14T17:21:25.477Z,remove_waste,0.0806626833,UI,2026-09-14 23:06:25.477,1854.996111111111
Pulse experiments,pioreactor01,2026-09-14T17:21:25.711Z,add_media,0.0776751765,UI,2026-09-14 23:06:25.711,1854.996111111111
Pulse experiments,pioreactor01,2026-09-14T17:21:25.978Z,remove_waste,0.0806626833,UI,2026-09-14 23:06:25.978,1854.996111111111
Pulse experiments,pioreactor01,2026-09-14T17:21:26.212Z,add_media,0.0776751765,UI,2026-09-14 23:06:26.212,1854.996388888889
Pulse experiments,pioreactor01,2026-09-14T17:21:26.479Z,remove_waste,0.0806626833,UI,2026-09-14 23:06:26.479,1854.996388888889
Pulse experiments,pioreactor01,2026-09-14T17:21:26.714Z,add_media,0.0776751765,UI,2026-09-14 23:06:26.714,1854.996388888889
Pulse experiments,pioreactor01,2026-09-14T17:21:26.980Z,remove_waste,0.0806626833,UI,2026-09-14 23:06:26.980,1854.996388888889
Pulse experiments,pioreactor01,2026-09-14T17:21:27.215Z,add_media,0.0776751765,UI,2026-09-14 23:06:27.215,1854.996666666667
Pulse experiments,pioreactor01,2026-09-14T17:21:27.481Z,remove_waste,0.0806626833,UI,2026-09-14 23:06:27.481,1854.996666666667
Pulse experiments,pioreactor01,2026-09-14T17:21:27.716Z,add_media,0.0776751765,UI,2026-09-14 23:06:27.716,1854.996666666667
Pulse experiments,pioreactor01,2026-09-14T17:21:27.982Z,remove_waste,0.0806626833,UI,2026-09-14 23:06:27.982,1854.996666666667
Pulse experiments,pioreactor01,2026-09-14T17:21:28.217Z,add_media,0.0776751765,UI,2026-09-14 23:06:28.217,1854.996944444444
Pulse experiments,pioreactor01,2026-09-14T17:21:28.483Z,remove_waste,0.0806626833,UI,2026-09-14 23:06:28.483,1854.996944444444
Pulse experiments,pioreactor01,2026-09-14T17:21:28.718Z,add_media,0.0776751765,UI,2026-09-14 23:06:28.718,1854.996944444444
Pulse experiments,pioreactor01,2026-09-14T17:21:28.983Z,remove_waste,0.0806626833,UI,2026-09-14 23:06:28.983,1854.996944444444
Pulse experiments,pioreactor01,2026-09-14T17:21:29.219Z,add_media,0.0776751765,UI,2026-09-14 23:06:29.219,1854.997222222222
Pulse experiments,pioreactor01,2026-09-14T17:21:29.485Z,remove_waste,0.0806626833,UI,2026-09-14 23:06:29.485,1854.997222222222
Pulse experiments,pioreactor01,2026-09-14T17:21:29.720Z,add_media,0.0776751765,UI,2026-09-14 23:06:29.720,1854.997222222222
Pulse experiments,pioreactor01,2026-09-14T17:21:29.985Z,remove_waste,0.0806626833,UI,2026-09-14 23:06:29.985,1854.997222222222
Pulse experiments,pioreactor01,2026-09-14T17:21:30.222Z,add_media,0.0776751765,UI,2026-09-14 23:06:30.222,1854.9975
Pulse experiments,pioreactor01,2026-09-14T17:21:30.486Z,remove_waste,0.0806626833,UI,2026-09-14 23:06:30.486,1854.9975
Pulse experiments,pioreactor01,2026-09-14T17:21:30.723Z,add_media,0.0776751765,UI,2026-09-14 23:06:30.723,1854.9975
Pulse experiments,pioreactor01,2026-09-14T17:21:30.988Z,remove_waste,0.0806626833,UI,2026-09-14 23:06:30.988,1854.9975
Pulse experiments,pioreactor01,2026-09-14T17:21:31.223Z,add_media,0.0776751765,UI,2026-09-14 23:06:31.223,1854.997777777778
Pulse experiments,pioreactor01,2026-09-14T17:21:31.489Z,remove_waste,0.0806626833,UI,2026-09-14 23:06:31.489,1854.997777777778
Pulse experiments,pioreactor01,2026-09-14T17:21:31.724Z,add_media,0.0776751765,UI,2026-09-14 23:06:31.724,1854.997777777778
Pulse experiments,pioreactor01,2026-09-14T17:21:31.990Z,remove_waste,0.0806626833,UI,2026-09-14 23:06:31.990,1854.997777777778
Pulse experiments,pioreactor01,2026-09-14T17:21:32.225Z,add_media,0.0776751765,UI,2026-09-14 23:06:32.225,1854.998055555556
Pulse experiments,pioreactor01,2026-09-14T17:21:32.491Z,remove_waste,0.0806626833,UI,2026-09-14 23:06:32.491,1854.998055555556
Pulse experiments,pioreactor01,2026-09-14T17:21:32.726Z,add_media,0.0776751765,UI,2026-09-14 23:06:32.726,1854.998055555556
Pulse experiments,pioreactor01,2026-09-14T17:21:32.991Z,remove_waste,0.0806626833,UI,2026-09-14 23:06:32.991,1854.998055555556
Pulse experiments,pioreactor01,2026-09-14T17:21:33.227Z,add_media,0.0776751765,UI,2026-09-14 23:06:33.227,1854.998333333333
Pulse experiments,pioreactor01,2026-09-14T17:21:33.492Z,remove_waste,0.0806626833,UI,2026-09-14 23:06:33.492,1854.998333333333
Pulse experiments,pioreactor01,2026-09-14T17:21:33.728Z,add_media,0.0776751765,UI,2026-09-14 23:06:33.728,1854.998333333333
Pulse experiments,pioreactor01,2026-09-14T17:21:33.993Z,remove_waste,0.0806626833,UI,2026-09-14 23:06:33.993,1854.998333333333
Pulse experiments,pioreactor01,2026-09-14T17:21:34.229Z,add_media,0.0776751765,UI,2026-09-14 23:06:34.229,1854.998611111111
Pulse experiments,pioreactor01,2026-09-14T17:21:34.495Z,remove_waste,0.0806626833,UI,2026-09-14 23:06:34.495,1854.998611111111
Pulse experiments,pioreactor01,2026-09-14T17:21:34.730Z,add_media,0.0776751765,UI,2026-09-14 23:06:34.730,1854.998611111111
Pulse experiments,pioreactor01,2026-09-14T17:21:34.996Z,remove_waste,0.0806626833,UI,2026-09-14 23:06:34.996,1854.998611111111
Pulse experiments,pioreactor01,2026-09-14T17:21:35.231Z,add_media,0.0776751765,UI,2026-09-14 23:06:35.231,1854.998888888889
Pulse experiments,pioreactor01,2026-09-14T17:21:35.497Z,remove_waste,0.0806626833,UI,2026-09-14 23:06:35.497,1854.998888888889
Pulse experiments,pioreactor01,2026-09-14T17:21:35.732Z,add_media,0.0776751765,UI,2026-09-14 23:06:35.732,1854.998888888889
Pulse experiments,pioreactor01,2026-09-14T17:21:35.998Z,remove_waste,0.0806626833,UI,2026-09-14 23:06:35.998,1854.998888888889
Pulse experiments,pioreactor01,2026-09-14T17:21:36.233Z,add_media,0.0776751765,UI,2026-09-14 23:06:36.233,1854.999166666667
Pulse experiments,pioreactor01,2026-09-14T17:21:36.499Z,remove_waste,0.0806626833,UI,2026-09-14 23:06:36.499,1854.999166666667
Pulse experiments,pioreactor01,2026-09-14T17:21:36.734Z,add_media,0.0776751765,UI,2026-09-14 23:06:36.734,1854.999166666667
Pulse experiments,pioreactor01,2026-09-14T17:21:36.999Z,remove_waste,0.0806626833,UI,2026-09-14 23:06:36.999,1854.999166666667
Pulse experiments,pioreactor01,2026-09-14T17:21:37.234Z,add_media,0.0776751765,UI,2026-09-14 23:06:37.234,1854.999444444444
Pulse experiments,pioreactor01,2026-09-14T17:21:37.500Z,remove_waste,0.0806626833,UI,2026-09-14 23:06:37.500,1854.999444444444
Pulse experiments,pioreactor01,2026-09-14T17:21:37.736Z,add_media,0.0776751765,UI,2026-09-14 23:06:37.736,1854.999444444444
Pulse experiments,pioreactor01,2026-09-14T17:21:38.001Z,remove_waste,0.0806626833,UI,2026-09-14 23:06:38.001,1854.999722222222
Pulse experiments,pioreactor01,2026-09-14T17:21:38.237Z,add_media,0.0776751765,UI,2026-09-14 23:06:38.237,1854.999722222222
Pulse experiments,pioreactor01,2026-09-14T17:21:38.502Z,remove_waste,0.0806626833,UI,2026-09-14 23:06:38.502,1854.999722222222
Pulse experiments,pioreactor01,2026-09-14T17:21:38.738Z,add_media,0.0776751765,UI,2026-09-14 23:06:38.738,1854.999722222222
Pulse experiments,pioreactor01,2026-09-14T17:21:39.003Z,remove_waste,0.0806626833,UI,2026-09-14 23:06:39.003,1855.0
Pulse experiments,pioreactor01,2026-09-14T17:21:39.239Z,add_media,0.0776751765,UI,2026-09-14 23:06:39.239,1855.0
Pulse experiments,pioreactor01,2026-09-14T17:21:39.505Z,remove_waste,0.0806626833,UI,2026-09-14 23:06:39.505,1855.0
Pulse experiments,pioreactor01,2026-09-14T17:21:39.740Z,add_media,0.0776751765,UI,2026-09-14 23:06:39.740,1855.0
Pulse experiments,pioreactor01,2026-09-14T17:21:40.006Z,remove_waste,0.0806626833,UI,2026-09-14 23:06:40.006,1855.000277777778
Pulse experiments,pioreactor01,2026-09-14T17:21:40.241Z,add_media,0.0776751765,UI,2026-09-14 23:06:40.241,1855.000277777778
Pulse experiments,pioreactor01,2026-09-14T17:21:40.506Z,remove_waste,0.0806626833,UI,2026-09-14 23:06:40.506,1855.000277777778
Pulse experiments,pioreactor01,2026-09-14T17:21:40.742Z,add_media,0.0776751765,UI,2026-09-14 23:06:40.742,1855.000277777778
Pulse experiments,pioreactor01,2026-09-14T17:21:41.007Z,remove_waste,0.0806626833,UI,2026-09-14 23:06:41.007,1855.000555555556
Pulse experiments,pioreactor01,2026-09-14T17:21:41.243Z,add_media,0.0776751765,UI,2026-09-14 23:06:41.243,1855.000555555556
Pulse experiments,pioreactor01,2026-09-14T17:21:41.508Z,remove_waste,0.0806626833,UI,2026-09-14 23:06:41.508,1855.000555555556
Pulse experiments,pioreactor01,2026-09-14T17:21:41.744Z,add_media,0.0776751765,UI,2026-09-14 23:06:41.744,1855.000555555556
Pulse experiments,pioreactor01,2026-09-14T17:21:42.009Z,remove_waste,0.0806626833,UI,2026-09-14 23:06:42.009,1855.000833333333
Pulse experiments,pioreactor01,2026-09-14T17:21:42.244Z,add_media,0.0776751765,UI,2026-09-14 23:06:42.244,1855.000833333333
Pulse experiments,pioreactor01,2026-09-14T17:21:42.509Z,remove_waste,0.0806626833,UI,2026-09-14 23:06:42.509,1855.000833333333
Pulse experiments,pioreactor01,2026-09-14T17:21:42.745Z,add_media,0.0776751765,UI,2026-09-14 23:06:42.745,1855.000833333333
Pulse experiments,pioreactor01,2026-09-14T17:21:43.010Z,remove_waste,0.0806626833,UI,2026-09-14 23:06:43.010,1855.001111111111
Pulse experiments,pioreactor01,2026-09-14T17:21:43.246Z,add_media,0.0776751765,UI,2026-09-14 23:06:43.246,1855.001111111111
Pulse experiments,pioreactor01,2026-09-14T17:21:43.511Z,remove_waste,0.0806626833,UI,2026-09-14 23:06:43.511,1855.001111111111
Pulse experiments,pioreactor01,2026-09-14T17:21:43.747Z,add_media,0.0776751765,UI,2026-09-14 23:06:43.747,1855.001111111111
Pulse experiments,pioreactor01,2026-09-14T17:21:44.012Z,remove_waste,0.0806626833,UI,2026-09-14 23:06:44.012,1855.001388888889
Pulse experiments,pioreactor01,2026-09-14T17:21:44.249Z,add_media,0.0776751765,UI,2026-09-14 23:06:44.249,1855.001388888889
Pulse experiments,pioreactor01,2026-09-14T17:21:44.513Z,remove_waste,0.0806626833,UI,2026-09-14 23:06:44.513,1855.001388888889
Pulse experiments,pioreactor01,2026-09-14T17:21:44.751Z,add_media,0.0776751765,UI,2026-09-14 23:06:44.751,1855.001388888889
Pulse experiments,pioreactor01,2026-09-14T17:21:45.014Z,remove_waste,0.0806626833,UI,2026-09-14 23:06:45.014,1855.001666666667
Pulse experiments,pioreactor01,2026-09-14T17:21:45.253Z,add_media,0.0776751765,UI,2026-09-14 23:06:45.253,1855.001666666667
Pulse experiments,pioreactor01,2026-09-14T17:21:45.515Z,remove_waste,0.0806626833,UI,2026-09-14 23:06:45.515,1855.001666666667
Pulse experiments,pioreactor01,2026-09-14T17:21:45.754Z,add_media,0.0776751765,UI,2026-09-14 23:06:45.754,1855.001666666667
Pulse experiments,pioreactor01,2026-09-14T17:21:46.016Z,remove_waste,0.0806626833,UI,2026-09-14 23:06:46.016,1855.001944444444
Pulse experiments,pioreactor01,2026-09-14T17:21:46.255Z,add_media,0.0776751765,UI,2026-09-14 23:06:46.255,1855.001944444444
Pulse experiments,pioreactor01,2026-09-14T17:21:46.517Z,remove_waste,0.0806626833,UI,2026-09-14 23:06:46.517,1855.001944444444
Pulse experiments,pioreactor01,2026-09-14T17:21:46.756Z,add_media,0.0776751765,UI,2026-09-14 23:06:46.756,1855.001944444444
Pulse experiments,pioreactor01,2026-09-14T17:21:47.018Z,remove_waste,0.0806626833,UI,2026-09-14 23:06:47.018,1855.002222222222
Pulse experiments,pioreactor01,2026-09-14T17:21:47.257Z,add_media,0.0776751765,UI,2026-09-14 23:06:47.257,1855.002222222222
Pulse experiments,pioreactor01,2026-09-14T17:21:47.520Z,remove_waste,0.0806626833,UI,2026-09-14 23:06:47.520,1855.002222222222
Pulse experiments,pioreactor01,2026-09-14T17:21:47.758Z,add_media,0.0776751765,UI,2026-09-14 23:06:47.758,1855.002222222222
Pulse experiments,pioreactor01,2026-09-14T17:21:48.021Z,remove_waste,0.0806626833,UI,2026-09-14 23:06:48.021,1855.0025
Pulse experiments,pioreactor01,2026-09-14T17:21:48.260Z,add_media,0.0776751765,UI,2026-09-14 23:06:48.260,1855.0025
Pulse experiments,pioreactor01,2026-09-14T17:21:48.523Z,remove_waste,0.0806626833,UI,2026-09-14 23:06:48.523,1855.0025
Pulse experiments,pioreactor01,2026-09-14T17:21:48.760Z,add_media,0.0776751765,UI,2026-09-14 23:06:48.760,1855.0025
Pulse experiments,pioreactor01,2026-09-14T17:21:49.024Z,remove_waste,0.0806626833,UI,2026-09-14 23:06:49.024,1855.002777777778
Pulse experiments,pioreactor01,2026-09-14T17:21:49.262Z,add_media,0.0776751765,UI,2026-09-14 23:06:49.262,1855.002777777778
Pulse experiments,pioreactor01,2026-09-14T17:21:49.524Z,remove_waste,0.0806626833,UI,2026-09-14 23:06:49.524,1855.002777777778
Pulse experiments,pioreactor01,2026-09-14T17:21:49.764Z,add_media,0.0776751765,UI,2026-09-14 23:06:49.764,1855.002777777778
Pulse experiments,pioreactor01,2026-09-14T17:21:50.025Z,remove_waste,0.0806626833,UI,2026-09-14 23:06:50.025,1855.003055555556
Pulse experiments,pioreactor01,2026-09-14T17:21:50.266Z,add_media,0.0776751765,UI,2026-09-14 23:06:50.266,1855.003055555556
Pulse experiments,pioreactor01,2026-09-14T17:21:50.526Z,remove_waste,0.0806626833,UI,2026-09-14 23:06:50.526,1855.003055555556
Pulse experiments,pioreactor01,2026-09-14T17:21:50.766Z,add_media,0.0776751765,UI,2026-09-14 23:06:50.766,1855.003055555556
Pulse experiments,pioreactor01,2026-09-14T17:21:51.027Z,remove_waste,0.0806626833,UI,2026-09-14 23:06:51.027,1855.003333333333
Pulse experiments,pioreactor01,2026-09-14T17:21:51.267Z,add_media,0.0776751765,UI,2026-09-14 23:06:51.267,1855.003333333333
Pulse experiments,pioreactor01,2026-09-14T17:21:51.528Z,remove_waste,0.0806626833,UI,2026-09-14 23:06:51.528,1855.003333333333
Pulse experiments,pioreactor01,2026-09-14T17:21:51.768Z,add_media,0.0776751765,UI,2026-09-14 23:06:51.768,1855.003333333333
Pulse experiments,pioreactor01,2026-09-14T17:21:52.029Z,remove_waste,0.0806626833,UI,2026-09-14 23:06:52.029,1855.003611111111
Pulse experiments,pioreactor01,2026-09-14T17:21:52.270Z,add_media,0.0776751765,UI,2026-09-14 23:06:52.270,1855.003611111111
Pulse experiments,pioreactor01,2026-09-14T17:21:52.530Z,remove_waste,0.0806626833,UI,2026-09-14 23:06:52.530,1855.003611111111
Pulse experiments,pioreactor01,2026-09-14T17:21:52.774Z,add_media,0.0776751765,UI,2026-09-14 23:06:52.774,1855.003611111111
Pulse experiments,pioreactor01,2026-09-14T17:21:53.030Z,remove_waste,0.0806626833,UI,2026-09-14 23:06:53.030,1855.003888888889
Pulse experiments,pioreactor01,2026-09-14T17:21:53.275Z,add_media,0.0776751765,UI,2026-09-14 23:06:53.275,1855.003888888889
Pulse experiments,pioreactor01,2026-09-14T17:21:53.531Z,remove_waste,0.0806626833,UI,2026-09-14 23:06:53.531,1855.003888888889
Pulse experiments,pioreactor01,2026-09-14T17:21:53.777Z,add_media,0.0776751765,UI,2026-09-14 23:06:53.777,1855.003888888889
Pulse experiments,pioreactor01,2026-09-14T17:21:54.032Z,remove_waste,0.0806626833,UI,2026-09-14 23:06:54.032,1855.004166666667
Pulse experiments,pioreactor01,2026-09-14T17:21:54.278Z,add_media,0.0776751765,UI,2026-09-14 23:06:54.278,1855.004166666667
Pulse experiments,pioreactor01,2026-09-14T17:21:54.532Z,remove_waste,0.0806626833,UI,2026-09-14 23:06:54.532,1855.004166666667
Pulse experiments,pioreactor01,2026-09-14T17:21:54.780Z,add_media,0.0776751765,UI,2026-09-14 23:06:54.780,1855.004166666667
Pulse experiments,pioreactor01,2026-09-14T17:21:55.033Z,remove_waste,0.0806626833,UI,2026-09-14 23:06:55.033,1855.004444444445
Pulse experiments,pioreactor01,2026-09-14T17:21:55.281Z,add_media,0.0776751765,UI,2026-09-14 23:06:55.281,1855.004444444445
Pulse experiments,pioreactor01,2026-09-14T17:21:55.535Z,remove_waste,0.0806626833,UI,2026-09-14 23:06:55.535,1855.004444444445
Pulse experiments,pioreactor01,2026-09-14T17:21:55.782Z,add_media,0.0776751765,UI,2026-09-14 23:06:55.782,1855.004444444445
Pulse experiments,pioreactor01,2026-09-14T17:21:56.036Z,remove_waste,0.0806626833,UI,2026-09-14 23:06:56.036,1855.004722222222
Pulse experiments,pioreactor01,2026-09-14T17:21:56.283Z,add_media,0.0776751765,UI,2026-09-14 23:06:56.283,1855.004722222222
Pulse experiments,pioreactor01,2026-09-14T17:21:56.537Z,remove_waste,0.0806626833,UI,2026-09-14 23:06:56.537,1855.004722222222
Pulse experiments,pioreactor01,2026-09-14T17:21:56.784Z,add_media,0.0776751765,UI,2026-09-14 23:06:56.784,1855.004722222222
Pulse experiments,pioreactor01,2026-09-14T17:21:57.038Z,remove_waste,0.0806626833,UI,2026-09-14 23:06:57.038,1855.005
Pulse experiments,pioreactor01,2026-09-14T17:21:57.286Z,add_media,0.0776751765,UI,2026-09-14 23:06:57.286,1855.005
Pulse experiments,pioreactor01,2026-09-14T17:21:57.538Z,remove_waste,0.0806626833,UI,2026-09-14 23:06:57.538,1855.005
Pulse experiments,pioreactor01,2026-09-14T17:21:57.787Z,add_media,0.0776751765,UI,2026-09-14 23:06:57.787,1855.005
Pulse experiments,pioreactor01,2026-09-14T17:21:58.039Z,remove_waste,0.0806626833,UI,2026-09-14 23:06:58.039,1855.005277777778
Pulse experiments,pioreactor01,2026-09-14T17:21:58.288Z,add_media,0.0776751765,UI,2026-09-14 23:06:58.288,1855.005277777778
Pulse experiments,pioreactor01,2026-09-14T17:21:58.540Z,remove_waste,0.0806626833,UI,2026-09-14 23:06:58.540,1855.005277777778
Pulse experiments,pioreactor01,2026-09-14T17:21:58.790Z,add_media,0.0776751765,UI,2026-09-14 23:06:58.790,1855.005277777778
Pulse experiments,pioreactor01,2026-09-14T17:21:59.041Z,remove_waste,0.0806626833,UI,2026-09-14 23:06:59.041,1855.005555555555
Pulse experiments,pioreactor01,2026-09-14T17:21:59.293Z,add_media,0.0776751765,UI,2026-09-14 23:06:59.293,1855.005555555555
Pulse experiments,pioreactor01,2026-09-14T17:21:59.542Z,remove_waste,0.0806626833,UI,2026-09-14 23:06:59.542,1855.005555555555
Pulse experiments,pioreactor01,2026-09-14T17:21:59.793Z,add_media,0.0776751765,UI,2026-09-14 23:06:59.793,1855.005555555555
Pulse experiments,pioreactor01,2026-09-14T17:22:00.043Z,remove_waste,0.0806626833,UI,2026-09-14 23:07:00.043,1855.005833333333
Pulse experiments,pioreactor01,2026-09-14T17:22:00.295Z,add_media,0.0776751765,UI,2026-09-14 23:07:00.295,1855.005833333333
Pulse experiments,pioreactor01,2026-09-14T17:22:00.544Z,remove_waste,0.0806626833,UI,2026-09-14 23:07:00.544,1855.005833333333
Pulse experiments,pioreactor01,2026-09-14T17:22:00.795Z,add_media,0.0776751765,UI,2026-09-14 23:07:00.795,1855.005833333333
Pulse experiments,pioreactor01,2026-09-14T17:22:01.045Z,remove_waste,0.0806626833,UI,2026-09-14 23:07:01.045,1855.006111111111
Pulse experiments,pioreactor01,2026-09-14T17:22:01.296Z,add_media,0.0776751765,UI,2026-09-14 23:07:01.296,1855.006111111111
Pulse experiments,pioreactor01,2026-09-14T17:22:01.546Z,remove_waste,0.0806626833,UI,2026-09-14 23:07:01.546,1855.006111111111
Pulse experiments,pioreactor01,2026-09-14T17:22:01.797Z,add_media,0.0776751765,UI,2026-09-14 23:07:01.797,1855.006111111111
Pulse experiments,pioreactor01,2026-09-14T17:22:02.047Z,remove_waste,0.0806626833,UI,2026-09-14 23:07:02.047,1855.006388888889
Pulse experiments,pioreactor01,2026-09-14T17:22:02.301Z,add_media,0.0776751765,UI,2026-09-14 23:07:02.301,1855.006388888889
Pulse experiments,pioreactor01,2026-09-14T17:22:02.547Z,remove_waste,0.0806626833,UI,2026-09-14 23:07:02.547,1855.006388888889
Pulse experiments,pioreactor01,2026-09-14T17:22:02.802Z,add_media,0.0776751765,UI,2026-09-14 23:07:02.802,1855.006388888889
Pulse experiments,pioreactor01,2026-09-14T17:22:03.049Z,remove_waste,0.0806626833,UI,2026-09-14 23:07:03.049,1855.006666666667
Pulse experiments,pioreactor01,2026-09-14T17:22:03.304Z,add_media,0.0776751765,UI,2026-09-14 23:07:03.304,1855.006666666667
Pulse experiments,pioreactor01,2026-09-14T17:22:03.551Z,remove_waste,0.0806626833,UI,2026-09-14 23:07:03.551,1855.006666666667
Pulse experiments,pioreactor01,2026-09-14T17:22:03.805Z,add_media,0.0776751765,UI,2026-09-14 23:07:03.805,1855.006666666667
Pulse experiments,pioreactor01,2026-09-14T17:22:04.052Z,remove_waste,0.0806626833,UI,2026-09-14 23:07:04.052,1855.006944444444
Pulse experiments,pioreactor01,2026-09-14T17:22:04.307Z,add_media,0.0776751765,UI,2026-09-14 23:07:04.307,1855.006944444444
Pulse experiments,pioreactor01,2026-09-14T17:22:04.554Z,remove_waste,0.0806626833,UI,2026-09-14 23:07:04.554,1855.006944444444
Pulse experiments,pioreactor01,2026-09-14T17:22:04.808Z,add_media,0.0776751765,UI,2026-09-14 23:07:04.808,1855.006944444444
Pulse experiments,pioreactor01,2026-09-14T17:22:05.055Z,remove_waste,0.0806626833,UI,2026-09-14 23:07:05.055,1855.007222222222
Pulse experiments,pioreactor01,2026-09-14T17:22:05.309Z,add_media,0.0776751765,UI,2026-09-14 23:07:05.309,1855.007222222222
Pulse experiments,pioreactor01,2026-09-14T17:22:05.556Z,remove_waste,0.0806626833,UI,2026-09-14 23:07:05.556,1855.007222222222
Pulse experiments,pioreactor01,2026-09-14T17:22:05.809Z,add_media,0.0776751765,UI,2026-09-14 23:07:05.809,1855.007222222222
Pulse experiments,pioreactor01,2026-09-14T17:22:06.057Z,remove_waste,0.0806626833,UI,2026-09-14 23:07:06.057,1855.0075
Pulse experiments,pioreactor01,2026-09-14T17:22:06.310Z,add_media,0.0776751765,UI,2026-09-14 23:07:06.310,1855.0075
Pulse experiments,pioreactor01,2026-09-14T17:22:06.558Z,remove_waste,0.0806626833,UI,2026-09-14 23:07:06.558,1855.0075
Pulse experiments,pioreactor01,2026-09-14T17:22:06.811Z,add_media,0.0776751765,UI,2026-09-14 23:07:06.811,1855.0075
Pulse experiments,pioreactor01,2026-09-14T17:22:07.059Z,remove_waste,0.0806626833,UI,2026-09-14 23:07:07.059,1855.007777777778
Pulse experiments,pioreactor01,2026-09-14T17:22:07.312Z,add_media,0.0776751765,UI,2026-09-14 23:07:07.312,1855.007777777778
Pulse experiments,pioreactor01,2026-09-14T17:22:07.561Z,remove_waste,0.0806626833,UI,2026-09-14 23:07:07.561,1855.007777777778
Pulse experiments,pioreactor01,2026-09-14T17:22:07.815Z,add_media,0.0776751765,UI,2026-09-14 23:07:07.815,1855.007777777778
Pulse experiments,pioreactor01,2026-09-14T17:22:08.062Z,remove_waste,0.0806626833,UI,2026-09-14 23:07:08.062,1855.008055555556
Pulse experiments,pioreactor01,2026-09-14T17:22:08.316Z,add_media,0.0776751765,UI,2026-09-14 23:07:08.316,1855.008055555556
Pulse experiments,pioreactor01,2026-09-14T17:22:08.562Z,remove_waste,0.0806626833,UI,2026-09-14 23:07:08.562,1855.008055555556
Pulse experiments,pioreactor01,2026-09-14T17:22:08.817Z,add_media,0.0776751765,UI,2026-09-14 23:07:08.817,1855.008055555556
Pulse experiments,pioreactor01,2026-09-14T17:22:09.063Z,remove_waste,0.0806626833,UI,2026-09-14 23:07:09.063,1855.008333333333
Pulse experiments,pioreactor01,2026-09-14T17:22:09.318Z,add_media,0.0776751765,UI,2026-09-14 23:07:09.318,1855.008333333333
Pulse experiments,pioreactor01,2026-09-14T17:22:09.565Z,remove_waste,0.0806626833,UI,2026-09-14 23:07:09.565,1855.008333333333
Pulse experiments,pioreactor01,2026-09-14T17:22:09.819Z,add_media,0.0776751765,UI,2026-09-14 23:07:09.819,1855.008333333333
Pulse experiments,pioreactor01,2026-09-14T17:22:10.066Z,remove_waste,0.0806626833,UI,2026-09-14 23:07:10.066,1855.008611111111
Pulse experiments,pioreactor01,2026-09-14T17:22:10.320Z,add_media,0.0776751765,UI,2026-09-14 23:07:10.320,1855.008611111111
Pulse experiments,pioreactor01,2026-09-14T17:22:10.568Z,remove_waste,0.0806626833,UI,2026-09-14 23:07:10.568,1855.008611111111
Pulse experiments,pioreactor01,2026-09-14T17:22:10.822Z,add_media,0.0776751765,UI,2026-09-14 23:07:10.822,1855.008611111111
Pulse experiments,pioreactor01,2026-09-14T17:22:11.069Z,remove_waste,0.0806626833,UI,2026-09-14 23:07:11.069,1855.008888888889
Pulse experiments,pioreactor01,2026-09-14T17:22:11.323Z,add_media,0.0776751765,UI,2026-09-14 23:07:11.323,1855.008888888889
Pulse experiments,pioreactor01,2026-09-14T17:22:11.570Z,remove_waste,0.0806626833,UI,2026-09-14 23:07:11.570,1855.008888888889
Pulse experiments,pioreactor01,2026-09-14T17:22:11.824Z,add_media,0.0776751765,UI,2026-09-14 23:07:11.824,1855.008888888889
Pulse experiments,pioreactor01,2026-09-14T17:22:12.071Z,remove_waste,0.0806626833,UI,2026-09-14 23:07:12.071,1855.009166666667
Pulse experiments,pioreactor01,2026-09-14T17:22:12.324Z,add_media,0.0776751765,UI,2026-09-14 23:07:12.324,1855.009166666667
Pulse experiments,pioreactor01,2026-09-14T17:22:12.572Z,remove_waste,0.0806626833,UI,2026-09-14 23:07:12.572,1855.009166666667
Pulse experiments,pioreactor01,2026-09-14T17:22:12.827Z,add_media,0.0776751765,UI,2026-09-14 23:07:12.827,1855.009166666667
Pulse experiments,pioreactor01,2026-09-14T17:22:13.073Z,remove_waste,0.0806626833,UI,2026-09-14 23:07:13.073,1855.009444444444
Pulse experiments,pioreactor01,2026-09-14T17:22:13.328Z,add_media,0.0776751765,UI,2026-09-14 23:07:13.328,1855.009444444444
Pulse experiments,pioreactor01,2026-09-14T17:22:13.574Z,remove_waste,0.0806626833,UI,2026-09-14 23:07:13.574,1855.009444444444
Pulse experiments,pioreactor01,2026-09-14T17:22:13.829Z,add_media,0.0776751765,UI,2026-09-14 23:07:13.829,1855.009444444444
Pulse experiments,pioreactor01,2026-09-14T17:22:14.076Z,remove_waste,0.0806626833,UI,2026-09-14 23:07:14.076,1855.009722222222
Pulse experiments,pioreactor01,2026-09-14T17:22:14.329Z,add_media,0.0776751765,UI,2026-09-14 23:07:14.329,1855.009722222222
Pulse experiments,pioreactor01,2026-09-14T17:22:14.576Z,remove_waste,0.0806626833,UI,2026-09-14 23:07:14.576,1855.009722222222
Pulse experiments,pioreactor01,2026-09-14T17:22:14.830Z,add_media,0.0776751765,UI,2026-09-14 23:07:14.830,1855.009722222222
Pulse experiments,pioreactor01,2026-09-14T17:22:15.078Z,remove_waste,0.0806626833,UI,2026-09-14 23:07:15.078,1855.01
Pulse experiments,pioreactor01,2026-09-14T17:22:15.331Z,add_media,0.0776751765,UI,2026-09-14 23:07:15.331,1855.01
Pulse experiments,pioreactor01,2026-09-14T17:22:15.580Z,remove_waste,0.0806626833,UI,2026-09-14 23:07:15.580,1855.01
Pulse experiments,pioreactor01,2026-09-14T17:22:15.832Z,add_media,0.0776751765,UI,2026-09-14 23:07:15.832,1855.01
Pulse experiments,pioreactor01,2026-09-14T17:22:16.080Z,remove_waste,0.0806626833,UI,2026-09-14 23:07:16.080,1855.010277777778
Pulse experiments,pioreactor01,2026-09-14T17:22:16.332Z,add_media,0.0776751765,UI,2026-09-14 23:07:16.332,1855.010277777778
Pulse experiments,pioreactor01,2026-09-14T17:22:16.582Z,remove_waste,0.0806626833,UI,2026-09-14 23:07:16.582,1855.010277777778
Pulse experiments,pioreactor01,2026-09-14T17:22:16.833Z,add_media,0.0776751765,UI,2026-09-14 23:07:16.833,1855.010277777778
Pulse experiments,pioreactor01,2026-09-14T17:22:17.084Z,remove_waste,0.0806626833,UI,2026-09-14 23:07:17.084,1855.010555555556
Pulse experiments,pioreactor01,2026-09-14T17:22:17.334Z,add_media,0.0776751765,UI,2026-09-14 23:07:17.334,1855.010555555556
Pulse experiments,pioreactor01,2026-09-14T17:22:17.585Z,remove_waste,0.0806626833,UI,2026-09-14 23:07:17.585,1855.010555555556
Pulse experiments,pioreactor01,2026-09-14T17:22:17.836Z,add_media,0.0776751765,UI,2026-09-14 23:07:17.836,1855.010555555556
Pulse experiments,pioreactor01,2026-09-14T17:22:18.086Z,remove_waste,0.0806626833,UI,2026-09-14 23:07:18.086,1855.010833333333
Pulse experiments,pioreactor01,2026-09-14T17:22:18.337Z,add_media,0.0776751765,UI,2026-09-14 23:07:18.337,1855.010833333333
Pulse experiments,pioreactor01,2026-09-14T17:22:18.587Z,remove_waste,0.0806626833,UI,2026-09-14 23:07:18.587,1855.010833333333
Pulse experiments,pioreactor01,2026-09-14T17:22:18.844Z,add_media,0.0776751765,UI,2026-09-14 23:07:18.844,1855.010833333333
Pulse experiments,pioreactor01,2026-09-14T17:22:19.088Z,remove_waste,0.0806626833,UI,2026-09-14 23:07:19.088,1855.011111111111
Pulse experiments,pioreactor01,2026-09-14T17:22:19.345Z,add_media,0.0776751765,UI,2026-09-14 23:07:19.345,1855.011111111111
Pulse experiments,pioreactor01,2026-09-14T17:22:19.589Z,remove_waste,0.0806626833,UI,2026-09-14 23:07:19.589,1855.011111111111
Pulse experiments,pioreactor01,2026-09-14T17:22:19.846Z,add_media,0.0776751765,UI,2026-09-14 23:07:19.846,1855.011111111111
Pulse experiments,pioreactor01,2026-09-14T17:22:20.089Z,remove_waste,0.0806626833,UI,2026-09-14 23:07:20.089,1855.011388888889
Pulse experiments,pioreactor01,2026-09-14T17:22:20.347Z,add_media,0.0776751765,UI,2026-09-14 23:07:20.347,1855.011388888889
Pulse experiments,pioreactor01,2026-09-14T17:22:20.591Z,remove_waste,0.0806626833,UI,2026-09-14 23:07:20.591,1855.011388888889
Pulse experiments,pioreactor01,2026-09-14T17:22:20.847Z,add_media,0.0776751765,UI,2026-09-14 23:07:20.847,1855.011388888889
Pulse experiments,pioreactor01,2026-09-14T17:22:21.092Z,remove_waste,0.0806626833,UI,2026-09-14 23:07:21.092,1855.011666666667
Pulse experiments,pioreactor01,2026-09-14T17:22:21.348Z,add_media,0.0776751765,UI,2026-09-14 23:07:21.348,1855.011666666667
Pulse experiments,pioreactor01,2026-09-14T17:22:21.593Z,remove_waste,0.0806626833,UI,2026-09-14 23:07:21.593,1855.011666666667
Pulse experiments,pioreactor01,2026-09-14T17:22:21.849Z,add_media,0.0776751765,UI,2026-09-14 23:07:21.849,1855.011666666667
Pulse experiments,pioreactor01,2026-09-14T17:22:22.094Z,remove_waste,0.0806626833,UI,2026-09-14 23:07:22.094,1855.011944444444
Pulse experiments,pioreactor01,2026-09-14T17:22:22.351Z,add_media,0.0776751765,UI,2026-09-14 23:07:22.351,1855.011944444444
Pulse experiments,pioreactor01,2026-09-14T17:22:22.594Z,remove_waste,0.0806626833,UI,2026-09-14 23:07:22.594,1855.011944444444
Pulse experiments,pioreactor01,2026-09-14T17:22:22.852Z,add_media,0.0776751765,UI,2026-09-14 23:07:22.852,1855.011944444444
Pulse experiments,pioreactor01,2026-09-14T17:22:23.095Z,remove_waste,0.0806626833,UI,2026-09-14 23:07:23.095,1855.012222222222
Pulse experiments,pioreactor01,2026-09-14T17:22:23.352Z,add_media,0.0776751765,UI,2026-09-14 23:07:23.352,1855.012222222222
Pulse experiments,pioreactor01,2026-09-14T17:22:23.596Z,remove_waste,0.0806626833,UI,2026-09-14 23:07:23.596,1855.012222222222
Pulse experiments,pioreactor01,2026-09-14T17:22:23.854Z,add_media,0.0776751765,UI,2026-09-14 23:07:23.854,1855.012222222222
Pulse experiments,pioreactor01,2026-09-14T17:22:24.097Z,remove_waste,0.0806626833,UI,2026-09-14 23:07:24.097,1855.0125
Pulse experiments,pioreactor01,2026-09-14T17:22:24.354Z,add_media,0.0776751765,UI,2026-09-14 23:07:24.354,1855.0125
Pulse experiments,pioreactor01,2026-09-14T17:22:24.598Z,remove_waste,0.0806626833,UI,2026-09-14 23:07:24.598,1855.0125
Pulse experiments,pioreactor01,2026-09-14T17:22:24.855Z,add_media,0.0776751765,UI,2026-09-14 23:07:24.855,1855.0125
Pulse experiments,pioreactor01,2026-09-14T17:22:25.099Z,remove_waste,0.0806626833,UI,2026-09-14 23:07:25.099,1855.012777777778
Pulse experiments,pioreactor01,2026-09-14T17:22:25.356Z,add_media,0.0776751765,UI,2026-09-14 23:07:25.356,1855.012777777778
Pulse experiments,pioreactor01,2026-09-14T17:22:25.600Z,remove_waste,0.0806626833,UI,2026-09-14 23:07:25.600,1855.012777777778
Pulse experiments,pioreactor01,2026-09-14T17:22:25.858Z,add_media,0.0776751765,UI,2026-09-14 23:07:25.858,1855.012777777778
Pulse experiments,pioreactor01,2026-09-14T17:22:26.101Z,remove_waste,0.0806626833,UI,2026-09-14 23:07:26.101,1855.013055555556
Pulse experiments,pioreactor01,2026-09-14T17:22:26.359Z,add_media,0.0776751765,UI,2026-09-14 23:07:26.359,1855.013055555556
Pulse experiments,pioreactor01,2026-09-14T17:22:26.602Z,remove_waste,0.0806626833,UI,2026-09-14 23:07:26.602,1855.013055555556
Pulse experiments,pioreactor01,2026-09-14T17:22:26.860Z,add_media,0.0776751765,UI,2026-09-14 23:07:26.860,1855.013055555556
Pulse experiments,pioreactor01,2026-09-14T17:22:27.103Z,remove_waste,0.0806626833,UI,2026-09-14 23:07:27.103,1855.013333333333
Pulse experiments,pioreactor01,2026-09-14T17:22:27.360Z,add_media,0.0776751765,UI,2026-09-14 23:07:27.360,1855.013333333333
Pulse experiments,pioreactor01,2026-09-14T17:22:27.604Z,remove_waste,0.0806626833,UI,2026-09-14 23:07:27.604,1855.013333333333
Pulse experiments,pioreactor01,2026-09-14T17:22:27.861Z,add_media,0.0776751765,UI,2026-09-14 23:07:27.861,1855.013333333333
Pulse experiments,pioreactor01,2026-09-14T17:22:28.105Z,remove_waste,0.0806626833,UI,2026-09-14 23:07:28.105,1855.013611111111
Pulse experiments,pioreactor01,2026-09-14T17:22:28.362Z,add_media,0.0776751765,UI,2026-09-14 23:07:28.362,1855.013611111111
Pulse experiments,pioreactor01,2026-09-14T17:22:28.606Z,remove_waste,0.0806626833,UI,2026-09-14 23:07:28.606,1855.013611111111
Pulse experiments,pioreactor01,2026-09-14T17:22:28.863Z,add_media,0.0776751765,UI,2026-09-14 23:07:28.863,1855.013611111111
Pulse experiments,pioreactor01,2026-09-14T17:22:29.107Z,remove_waste,0.0806626833,UI,2026-09-14 23:07:29.107,1855.013888888889
Pulse experiments,pioreactor01,2026-09-14T17:22:29.364Z,add_media,0.0776751765,UI,2026-09-14 23:07:29.364,1855.013888888889
Pulse experiments,pioreactor01,2026-09-14T17:22:29.610Z,remove_waste,0.0806626833,UI,2026-09-14 23:07:29.610,1855.013888888889
Pulse experiments,pioreactor01,2026-09-14T17:22:29.864Z,add_media,0.0776751765,UI,2026-09-14 23:07:29.864,1855.013888888889
Pulse experiments,pioreactor01,2026-09-14T17:22:30.110Z,remove_waste,0.0806626833,UI,2026-09-14 23:07:30.110,1855.014166666667
Pulse experiments,pioreactor01,2026-09-14T17:22:30.365Z,add_media,0.0776751765,UI,2026-09-14 23:07:30.365,1855.014166666667
Pulse experiments,pioreactor01,2026-09-14T17:22:30.613Z,remove_waste,0.0806626833,UI,2026-09-14 23:07:30.613,1855.014166666667
Pulse experiments,pioreactor01,2026-09-14T17:22:30.867Z,add_media,0.0776751765,UI,2026-09-14 23:07:30.867,1855.014166666667
Pulse experiments,pioreactor01,2026-09-14T17:22:31.114Z,remove_waste,0.0806626833,UI,2026-09-14 23:07:31.114,1855.014444444445
Pulse experiments,pioreactor01,2026-09-14T17:22:31.368Z,add_media,0.0776751765,UI,2026-09-14 23:07:31.368,1855.014444444445
Pulse experiments,pioreactor01,2026-09-14T17:22:31.614Z,remove_waste,0.0806626833,UI,2026-09-14 23:07:31.614,1855.014444444445
Pulse experiments,pioreactor01,2026-09-14T17:22:31.868Z,add_media,0.0776751765,UI,2026-09-14 23:07:31.868,1855.014444444445
Pulse experiments,pioreactor01,2026-09-14T17:22:32.115Z,remove_waste,0.0806626833,UI,2026-09-14 23:07:32.115,1855.014722222222
Pulse experiments,pioreactor01,2026-09-14T17:22:32.369Z,add_media,0.0776751765,UI,2026-09-14 23:07:32.369,1855.014722222222
Pulse experiments,pioreactor01,2026-09-14T17:22:32.616Z,remove_waste,0.0806626833,UI,2026-09-14 23:07:32.616,1855.014722222222
Pulse experiments,pioreactor01,2026-09-14T17:22:32.873Z,add_media,0.0776751765,UI,2026-09-14 23:07:32.873,1855.014722222222
Pulse experiments,pioreactor01,2026-09-14T17:22:33.117Z,remove_waste,0.0806626833,UI,2026-09-14 23:07:33.117,1855.015
Pulse experiments,pioreactor01,2026-09-14T17:22:33.373Z,add_media,0.0776751765,UI,2026-09-14 23:07:33.373,1855.015
Pulse experiments,pioreactor01,2026-09-14T17:22:33.618Z,remove_waste,0.0806626833,UI,2026-09-14 23:07:33.618,1855.015
Pulse experiments,pioreactor01,2026-09-14T17:22:33.874Z,add_media,0.0776751765,UI,2026-09-14 23:07:33.874,1855.015
Pulse experiments,pioreactor01,2026-09-14T17:22:34.119Z,remove_waste,0.0806626833,UI,2026-09-14 23:07:34.119,1855.015277777778
Pulse experiments,pioreactor01,2026-09-14T17:22:34.375Z,add_media,0.0776751765,UI,2026-09-14 23:07:34.375,1855.015277777778
Pulse experiments,pioreactor01,2026-09-14T17:22:34.619Z,remove_waste,0.0806626833,UI,2026-09-14 23:07:34.619,1855.015277777778
Pulse experiments,pioreactor01,2026-09-14T17:22:34.877Z,add_media,0.0776751765,UI,2026-09-14 23:07:34.877,1855.015277777778
Pulse experiments,pioreactor01,2026-09-14T17:22:35.123Z,remove_waste,0.0806626833,UI,2026-09-14 23:07:35.123,1855.015555555555
Pulse experiments,pioreactor01,2026-09-14T17:22:35.378Z,add_media,0.0776751765,UI,2026-09-14 23:07:35.378,1855.015555555555
Pulse experiments,pioreactor01,2026-09-14T17:22:35.624Z,remove_waste,0.0806626833,UI,2026-09-14 23:07:35.624,1855.015555555555
Pulse experiments,pioreactor01,2026-09-14T17:22:35.878Z,add_media,0.0776751765,UI,2026-09-14 23:07:35.878,1855.015555555555
Pulse experiments,pioreactor01,2026-09-14T17:22:36.125Z,remove_waste,0.0806626833,UI,2026-09-14 23:07:36.125,1855.015833333333
Pulse experiments,pioreactor01,2026-09-14T17:22:36.379Z,add_media,0.0776751765,UI,2026-09-14 23:07:36.379,1855.015833333333
Pulse experiments,pioreactor01,2026-09-14T17:22:36.626Z,remove_waste,0.0806626833,UI,2026-09-14 23:07:36.626,1855.015833333333
Pulse experiments,pioreactor01,2026-09-14T17:22:36.880Z,add_media,0.0776751765,UI,2026-09-14 23:07:36.880,1855.015833333333
Pulse experiments,pioreactor01,2026-09-14T17:22:37.127Z,remove_waste,0.0806626833,UI,2026-09-14 23:07:37.127,1855.016111111111
Pulse experiments,pioreactor01,2026-09-14T17:22:37.381Z,add_media,0.0776751765,UI,2026-09-14 23:07:37.381,1855.016111111111
Pulse experiments,pioreactor01,2026-09-14T17:22:37.630Z,remove_waste,0.0806626833,UI,2026-09-14 23:07:37.630,1855.016111111111
Pulse experiments,pioreactor01,2026-09-14T17:22:37.882Z,add_media,0.0776751765,UI,2026-09-14 23:07:37.882,1855.016111111111
Pulse experiments,pioreactor01,2026-09-14T17:22:38.131Z,remove_waste,0.0806626833,UI,2026-09-14 23:07:38.131,1855.016388888889
Pulse experiments,pioreactor01,2026-09-14T17:22:38.383Z,add_media,0.0776751765,UI,2026-09-14 23:07:38.383,1855.016388888889
Pulse experiments,pioreactor01,2026-09-14T17:22:38.632Z,remove_waste,0.0806626833,UI,2026-09-14 23:07:38.632,1855.016388888889
Pulse experiments,pioreactor01,2026-09-14T17:22:38.884Z,add_media,0.0776751765,UI,2026-09-14 23:07:38.884,1855.016388888889
Pulse experiments,pioreactor01,2026-09-14T17:22:39.133Z,remove_waste,0.0806626833,UI,2026-09-14 23:07:39.133,1855.016666666667
Pulse experiments,pioreactor01,2026-09-14T17:22:39.385Z,add_media,0.0776751765,UI,2026-09-14 23:07:39.385,1855.016666666667
Pulse experiments,pioreactor01,2026-09-14T17:22:39.634Z,remove_waste,0.0806626833,UI,2026-09-14 23:07:39.634,1855.016666666667
Pulse experiments,pioreactor01,2026-09-14T17:22:39.885Z,add_media,0.0776751765,UI,2026-09-14 23:07:39.885,1855.016666666667
Pulse experiments,pioreactor01,2026-09-14T17:22:40.136Z,remove_waste,0.0806626833,UI,2026-09-14 23:07:40.136,1855.016944444444
Pulse experiments,pioreactor01,2026-09-14T17:22:40.386Z,add_media,0.0776751765,UI,2026-09-14 23:07:40.386,1855.016944444444
Pulse experiments,pioreactor01,2026-09-14T17:22:40.636Z,remove_waste,0.0806626833,UI,2026-09-14 23:07:40.636,1855.016944444444
Pulse experiments,pioreactor01,2026-09-14T17:22:40.887Z,add_media,0.0776751765,UI,2026-09-14 23:07:40.887,1855.016944444444
Pulse experiments,pioreactor01,2026-09-14T17:22:41.137Z,remove_waste,0.0806626833,UI,2026-09-14 23:07:41.137,1855.017222222222
Pulse experiments,pioreactor01,2026-09-14T17:22:41.388Z,add_media,0.0776751765,UI,2026-09-14 23:07:41.388,1855.017222222222
Pulse experiments,pioreactor01,2026-09-14T17:22:41.638Z,remove_waste,0.0806626833,UI,2026-09-14 23:07:41.638,1855.017222222222
Pulse experiments,pioreactor01,2026-09-14T17:22:41.889Z,add_media,0.0776751765,UI,2026-09-14 23:07:41.889,1855.017222222222
Pulse experiments,pioreactor01,2026-09-14T17:22:42.141Z,remove_waste,0.0806626833,UI,2026-09-14 23:07:42.141,1855.0175
Pulse experiments,pioreactor01,2026-09-14T17:22:42.390Z,add_media,0.0776751765,UI,2026-09-14 23:07:42.390,1855.0175
Pulse experiments,pioreactor01,2026-09-14T17:22:42.642Z,remove_waste,0.0806626833,UI,2026-09-14 23:07:42.642,1855.0175
Pulse experiments,pioreactor01,2026-09-14T17:22:42.891Z,add_media,0.0776751765,UI,2026-09-14 23:07:42.891,1855.0175
Pulse experiments,pioreactor01,2026-09-14T17:22:43.143Z,remove_waste,0.0806626833,UI,2026-09-14 23:07:43.143,1855.017777777778
Pulse experiments,pioreactor01,2026-09-14T17:22:43.392Z,add_media,0.0776751765,UI,2026-09-14 23:07:43.392,1855.017777777778
Pulse experiments,pioreactor01,2026-09-14T17:22:43.644Z,remove_waste,0.0806626833,UI,2026-09-14 23:07:43.644,1855.017777777778
Pulse experiments,pioreactor01,2026-09-14T17:22:43.893Z,add_media,0.0776751765,UI,2026-09-14 23:07:43.893,1855.017777777778
Pulse experiments,pioreactor01,2026-09-14T17:22:44.145Z,remove_waste,0.0806626833,UI,2026-09-14 23:07:44.145,1855.018055555556
Pulse experiments,pioreactor01,2026-09-14T17:22:44.394Z,add_media,0.0776751765,UI,2026-09-14 23:07:44.394,1855.018055555556
Pulse experiments,pioreactor01,2026-09-14T17:22:44.645Z,remove_waste,0.0806626833,UI,2026-09-14 23:07:44.645,1855.018055555556
Pulse experiments,pioreactor01,2026-09-14T17:22:44.895Z,add_media,0.0776751765,UI,2026-09-14 23:07:44.895,1855.018055555556
Pulse experiments,pioreactor01,2026-09-14T17:22:45.146Z,remove_waste,0.0806626833,UI,2026-09-14 23:07:45.146,1855.018333333333
Pulse experiments,pioreactor01,2026-09-14T17:22:45.396Z,add_media,0.0776751765,UI,2026-09-14 23:07:45.396,1855.018333333333
Pulse experiments,pioreactor01,2026-09-14T17:22:45.647Z,remove_waste,0.0806626833,UI,2026-09-14 23:07:45.647,1855.018333333333
Pulse experiments,pioreactor01,2026-09-14T17:22:45.897Z,add_media,0.0776751765,UI,2026-09-14 23:07:45.897,1855.018333333333
Pulse experiments,pioreactor01,2026-09-14T17:22:46.148Z,remove_waste,0.0806626833,UI,2026-09-14 23:07:46.148,1855.018611111111
Pulse experiments,pioreactor01,2026-09-14T17:22:46.397Z,add_media,0.0776751765,UI,2026-09-14 23:07:46.397,1855.018611111111
Pulse experiments,pioreactor01,2026-09-14T17:22:46.649Z,remove_waste,0.0806626833,UI,2026-09-14 23:07:46.649,1855.018611111111
Pulse experiments,pioreactor01,2026-09-14T17:22:46.898Z,add_media,0.0776751765,UI,2026-09-14 23:07:46.898,1855.018611111111
Pulse experiments,pioreactor01,2026-09-14T17:22:47.150Z,remove_waste,0.0806626833,UI,2026-09-14 23:07:47.150,1855.018888888889
Pulse experiments,pioreactor01,2026-09-14T17:22:47.399Z,add_media,0.0776751765,UI,2026-09-14 23:07:47.399,1855.018888888889
Pulse experiments,pioreactor01,2026-09-14T17:22:47.651Z,remove_waste,0.0806626833,UI,2026-09-14 23:07:47.651,1855.018888888889
Pulse experiments,pioreactor01,2026-09-14T17:22:47.904Z,add_media,0.0776751765,UI,2026-09-14 23:07:47.904,1855.018888888889
Pulse experiments,pioreactor01,2026-09-14T17:22:48.152Z,remove_waste,0.0806626833,UI,2026-09-14 23:07:48.152,1855.019166666667
Pulse experiments,pioreactor01,2026-09-14T17:22:48.405Z,add_media,0.0776751765,UI,2026-09-14 23:07:48.405,1855.019166666667
Pulse experiments,pioreactor01,2026-09-14T17:22:48.653Z,remove_waste,0.0806626833,UI,2026-09-14 23:07:48.653,1855.019166666667
Pulse experiments,pioreactor01,2026-09-14T17:22:48.905Z,add_media,0.0776751765,UI,2026-09-14 23:07:48.905,1855.019166666667
Pulse experiments,pioreactor01,2026-09-14T17:22:49.153Z,remove_waste,0.0806626833,UI,2026-09-14 23:07:49.153,1855.019444444444
Pulse experiments,pioreactor01,2026-09-14T17:22:49.406Z,add_media,0.0776751765,UI,2026-09-14 23:07:49.406,1855.019444444444
Pulse experiments,pioreactor01,2026-09-14T17:22:49.654Z,remove_waste,0.0806626833,UI,2026-09-14 23:07:49.654,1855.019444444444
Pulse experiments,pioreactor01,2026-09-14T17:22:49.907Z,add_media,0.0776751765,UI,2026-09-14 23:07:49.907,1855.019444444444
Pulse experiments,pioreactor01,2026-09-14T17:22:50.155Z,remove_waste,0.0806626833,UI,2026-09-14 23:07:50.155,1855.019722222222
Pulse experiments,pioreactor01,2026-09-14T17:22:50.408Z,add_media,0.0776751765,UI,2026-09-14 23:07:50.408,1855.019722222222
Pulse experiments,pioreactor01,2026-09-14T17:22:50.656Z,remove_waste,0.0806626833,UI,2026-09-14 23:07:50.656,1855.019722222222
Pulse experiments,pioreactor01,2026-09-14T17:22:50.908Z,add_media,0.0776751765,UI,2026-09-14 23:07:50.908,1855.019722222222
Pulse experiments,pioreactor01,2026-09-14T17:22:51.162Z,remove_waste,0.0806626833,UI,2026-09-14 23:07:51.162,1855.02
Pulse experiments,pioreactor01,2026-09-14T17:22:51.409Z,add_media,0.0776751765,UI,2026-09-14 23:07:51.409,1855.02
Pulse experiments,pioreactor01,2026-09-14T17:22:51.665Z,remove_waste,0.0806626833,UI,2026-09-14 23:07:51.665,1855.02
Pulse experiments,pioreactor01,2026-09-14T17:22:51.910Z,add_media,0.0776751765,UI,2026-09-14 23:07:51.910,1855.02
Pulse experiments,pioreactor01,2026-09-14T17:22:52.165Z,remove_waste,0.0806626833,UI,2026-09-14 23:07:52.165,1855.020277777778
Pulse experiments,pioreactor01,2026-09-14T17:22:52.411Z,add_media,0.0776751765,UI,2026-09-14 23:07:52.411,1855.020277777778
Pulse experiments,pioreactor01,2026-09-14T17:22:52.666Z,remove_waste,0.0806626833,UI,2026-09-14 23:07:52.666,1855.020277777778
Pulse experiments,pioreactor01,2026-09-14T17:22:52.912Z,add_media,0.0776751765,UI,2026-09-14 23:07:52.912,1855.020277777778
Pulse experiments,pioreactor01,2026-09-14T17:22:53.167Z,remove_waste,0.0806626833,UI,2026-09-14 23:07:53.167,1855.020555555556
Pulse experiments,pioreactor01,2026-09-14T17:22:53.412Z,add_media,0.0776751765,UI,2026-09-14 23:07:53.412,1855.020555555556
Pulse experiments,pioreactor01,2026-09-14T17:22:53.667Z,remove_waste,0.0806626833,UI,2026-09-14 23:07:53.667,1855.020555555556
Pulse experiments,pioreactor01,2026-09-14T17:22:53.915Z,add_media,0.0776751765,UI,2026-09-14 23:07:53.915,1855.020555555556
Pulse experiments,pioreactor01,2026-09-14T17:22:54.168Z,remove_waste,0.0806626833,UI,2026-09-14 23:07:54.168,1855.020833333333
Pulse experiments,pioreactor01,2026-09-14T17:22:54.415Z,add_media,0.0776751765,UI,2026-09-14 23:07:54.415,1855.020833333333
Pulse experiments,pioreactor01,2026-09-14T17:22:54.669Z,remove_waste,0.0806626833,UI,2026-09-14 23:07:54.669,1855.020833333333
Pulse experiments,pioreactor01,2026-09-14T17:22:54.916Z,add_media,0.0776751765,UI,2026-09-14 23:07:54.916,1855.020833333333
Pulse experiments,pioreactor01,2026-09-14T17:22:55.170Z,remove_waste,0.0806626833,UI,2026-09-14 23:07:55.170,1855.021111111111
Pulse experiments,pioreactor01,2026-09-14T17:22:55.417Z,add_media,0.0776751765,UI,2026-09-14 23:07:55.417,1855.021111111111
Pulse experiments,pioreactor01,2026-09-14T17:22:55.671Z,remove_waste,0.0806626833,UI,2026-09-14 23:07:55.671,1855.021111111111
Pulse experiments,pioreactor01,2026-09-14T17:22:55.918Z,add_media,0.0776751765,UI,2026-09-14 23:07:55.918,1855.021111111111
Pulse experiments,pioreactor01,2026-09-14T17:22:56.172Z,remove_waste,0.0806626833,UI,2026-09-14 23:07:56.172,1855.021388888889
Pulse experiments,pioreactor01,2026-09-14T17:22:56.419Z,add_media,0.0776751765,UI,2026-09-14 23:07:56.419,1855.021388888889
Pulse experiments,pioreactor01,2026-09-14T17:22:56.672Z,remove_waste,0.0806626833,UI,2026-09-14 23:07:56.672,1855.021388888889
Pulse experiments,pioreactor01,2026-09-14T17:22:56.920Z,add_media,0.0776751765,UI,2026-09-14 23:07:56.920,1855.021388888889
Pulse experiments,pioreactor01,2026-09-14T17:22:57.173Z,remove_waste,0.0806626833,UI,2026-09-14 23:07:57.173,1855.021666666667
Pulse experiments,pioreactor01,2026-09-14T17:22:57.421Z,add_media,0.0776751765,UI,2026-09-14 23:07:57.421,1855.021666666667
Pulse experiments,pioreactor01,2026-09-14T17:22:57.675Z,remove_waste,0.0806626833,UI,2026-09-14 23:07:57.675,1855.021666666667
Pulse experiments,pioreactor01,2026-09-14T17:22:57.922Z,add_media,0.0776751765,UI,2026-09-14 23:07:57.922,1855.021666666667
Pulse experiments,pioreactor01,2026-09-14T17:22:58.176Z,remove_waste,0.0806626833,UI,2026-09-14 23:07:58.176,1855.021944444444
Pulse experiments,pioreactor01,2026-09-14T17:22:58.423Z,add_media,0.0776751765,UI,2026-09-14 23:07:58.423,1855.021944444444
Pulse experiments,pioreactor01,2026-09-14T17:22:58.677Z,remove_waste,0.0806626833,UI,2026-09-14 23:07:58.677,1855.021944444444
Pulse experiments,pioreactor01,2026-09-14T17:22:58.924Z,add_media,0.0776751765,UI,2026-09-14 23:07:58.924,1855.021944444444
Pulse experiments,pioreactor01,2026-09-14T17:22:59.178Z,remove_waste,0.0806626833,UI,2026-09-14 23:07:59.178,1855.022222222222
Pulse experiments,pioreactor01,2026-09-14T17:22:59.425Z,add_media,0.0776751765,UI,2026-09-14 23:07:59.425,1855.022222222222
Pulse experiments,pioreactor01,2026-09-14T17:22:59.679Z,remove_waste,0.0806626833,UI,2026-09-14 23:07:59.679,1855.022222222222
Pulse experiments,pioreactor01,2026-09-14T17:22:59.926Z,add_media,0.0776751765,UI,2026-09-14 23:07:59.926,1855.022222222222
Pulse experiments,pioreactor01,2026-09-14T17:23:00.180Z,remove_waste,0.0806626833,UI,2026-09-14 23:08:00.180,1855.0225
Pulse experiments,pioreactor01,2026-09-14T17:23:00.427Z,add_media,0.0776751765,UI,2026-09-14 23:08:00.427,1855.0225
Pulse experiments,pioreactor01,2026-09-14T17:23:00.681Z,remove_waste,0.0806626833,UI,2026-09-14 23:08:00.681,1855.0225
Pulse experiments,pioreactor01,2026-09-14T17:23:00.928Z,add_media,0.0776751765,UI,2026-09-14 23:08:00.928,1855.0225
Pulse experiments,pioreactor01,2026-09-14T17:23:01.182Z,remove_waste,0.0806626833,UI,2026-09-14 23:08:01.182,1855.022777777778
Pulse experiments,pioreactor01,2026-09-14T17:23:01.428Z,add_media,0.0776751765,UI,2026-09-14 23:08:01.428,1855.022777777778
Pulse experiments,pioreactor01,2026-09-14T17:23:01.683Z,remove_waste,0.0806626833,UI,2026-09-14 23:08:01.683,1855.022777777778
Pulse experiments,pioreactor01,2026-09-14T17:23:01.929Z,add_media,0.0776751765,UI,2026-09-14 23:08:01.929,1855.022777777778
Pulse experiments,pioreactor01,2026-09-14T17:23:02.184Z,remove_waste,0.0806626833,UI,2026-09-14 23:08:02.184,1855.023055555556
Pulse experiments,pioreactor01,2026-09-14T17:23:02.430Z,add_media,0.0776751765,UI,2026-09-14 23:08:02.430,1855.023055555556
Pulse experiments,pioreactor01,2026-09-14T17:23:02.687Z,remove_waste,0.0806626833,UI,2026-09-14 23:08:02.687,1855.023055555556
Pulse experiments,pioreactor01,2026-09-14T17:23:02.932Z,add_media,0.0776751765,UI,2026-09-14 23:08:02.932,1855.023055555556
Pulse experiments,pioreactor01,2026-09-14T17:23:03.192Z,remove_waste,0.0806626833,UI,2026-09-14 23:08:03.192,1855.023333333333
Pulse experiments,pioreactor01,2026-09-14T17:23:03.433Z,add_media,0.0776751765,UI,2026-09-14 23:08:03.433,1855.023333333333
Pulse experiments,pioreactor01,2026-09-14T17:23:03.693Z,remove_waste,0.0806626833,UI,2026-09-14 23:08:03.693,1855.023333333333
Pulse experiments,pioreactor01,2026-09-14T17:23:03.938Z,add_media,0.0776751765,UI,2026-09-14 23:08:03.938,1855.023333333333
Pulse experiments,pioreactor01,2026-09-14T17:23:04.194Z,remove_waste,0.0806626833,UI,2026-09-14 23:08:04.194,1855.023611111111
Pulse experiments,pioreactor01,2026-09-14T17:23:04.439Z,add_media,0.0776751765,UI,2026-09-14 23:08:04.439,1855.023611111111
Pulse experiments,pioreactor01,2026-09-14T17:23:04.694Z,remove_waste,0.0806626833,UI,2026-09-14 23:08:04.694,1855.023611111111
Pulse experiments,pioreactor01,2026-09-14T17:23:04.940Z,add_media,0.0776751765,UI,2026-09-14 23:08:04.940,1855.023611111111
Pulse experiments,pioreactor01,2026-09-14T17:23:05.195Z,remove_waste,0.0806626833,UI,2026-09-14 23:08:05.195,1855.023888888889
Pulse experiments,pioreactor01,2026-09-14T17:23:05.441Z,add_media,0.0776751765,UI,2026-09-14 23:08:05.441,1855.023888888889
Pulse experiments,pioreactor01,2026-09-14T17:23:05.696Z,remove_waste,0.0806626833,UI,2026-09-14 23:08:05.696,1855.023888888889
Pulse experiments,pioreactor01,2026-09-14T17:23:05.942Z,add_media,0.0776751765,UI,2026-09-14 23:08:05.942,1855.023888888889
Pulse experiments,pioreactor01,2026-09-14T17:23:06.197Z,remove_waste,0.0806626833,UI,2026-09-14 23:08:06.197,1855.024166666667
Pulse experiments,pioreactor01,2026-09-14T17:23:06.443Z,add_media,0.0776751765,UI,2026-09-14 23:08:06.443,1855.024166666667
Pulse experiments,pioreactor01,2026-09-14T17:23:06.698Z,remove_waste,0.0806626833,UI,2026-09-14 23:08:06.698,1855.024166666667
Pulse experiments,pioreactor01,2026-09-14T17:23:06.943Z,add_media,0.0776751765,UI,2026-09-14 23:08:06.943,1855.024166666667
Pulse experiments,pioreactor01,2026-09-14T17:23:07.199Z,remove_waste,0.0806626833,UI,2026-09-14 23:08:07.199,1855.024444444444
Pulse experiments,pioreactor01,2026-09-14T17:23:07.444Z,add_media,0.0776751765,UI,2026-09-14 23:08:07.444,1855.024444444444
Pulse experiments,pioreactor01,2026-09-14T17:23:07.699Z,remove_waste,0.0806626833,UI,2026-09-14 23:08:07.699,1855.024444444444
Pulse experiments,pioreactor01,2026-09-14T17:23:07.948Z,add_media,0.0776751765,UI,2026-09-14 23:08:07.948,1855.024444444444
Pulse experiments,pioreactor01,2026-09-14T17:23:08.201Z,remove_waste,0.0806626833,UI,2026-09-14 23:08:08.201,1855.024722222222
Pulse experiments,pioreactor01,2026-09-14T17:23:08.449Z,add_media,0.0776751765,UI,2026-09-14 23:08:08.449,1855.024722222222
Pulse experiments,pioreactor01,2026-09-14T17:23:08.702Z,remove_waste,0.0806626833,UI,2026-09-14 23:08:08.702,1855.024722222222
Pulse experiments,pioreactor01,2026-09-14T17:23:08.950Z,add_media,0.0776751765,UI,2026-09-14 23:08:08.950,1855.024722222222
Pulse experiments,pioreactor01,2026-09-14T17:23:09.203Z,remove_waste,0.0806626833,UI,2026-09-14 23:08:09.203,1855.025
Pulse experiments,pioreactor01,2026-09-14T17:23:09.451Z,add_media,0.0776751765,UI,2026-09-14 23:08:09.451,1855.025
Pulse experiments,pioreactor01,2026-09-14T17:23:09.704Z,remove_waste,0.0806626833,UI,2026-09-14 23:08:09.704,1855.025
Pulse experiments,pioreactor01,2026-09-14T17:23:09.952Z,add_media,0.0776751765,UI,2026-09-14 23:08:09.952,1855.025
Pulse experiments,pioreactor01,2026-09-14T17:23:10.205Z,remove_waste,0.0806626833,UI,2026-09-14 23:08:10.205,1855.025277777778
Pulse experiments,pioreactor01,2026-09-14T17:23:10.453Z,add_media,0.0776751765,UI,2026-09-14 23:08:10.453,1855.025277777778
Pulse experiments,pioreactor01,2026-09-14T17:23:10.706Z,remove_waste,0.0806626833,UI,2026-09-14 23:08:10.706,1855.025277777778
Pulse experiments,pioreactor01,2026-09-14T17:23:10.954Z,add_media,0.0776751765,UI,2026-09-14 23:08:10.954,1855.025277777778
Pulse experiments,pioreactor01,2026-09-14T17:23:11.207Z,remove_waste,0.0806626833,UI,2026-09-14 23:08:11.207,1855.025555555555
Pulse experiments,pioreactor01,2026-09-14T17:23:11.457Z,add_media,0.0776751765,UI,2026-09-14 23:08:11.457,1855.025555555555
Pulse experiments,pioreactor01,2026-09-14T17:23:11.708Z,remove_waste,0.0806626833,UI,2026-09-14 23:08:11.708,1855.025555555555
Pulse experiments,pioreactor01,2026-09-14T17:23:11.958Z,add_media,0.0776751765,UI,2026-09-14 23:08:11.958,1855.025555555555
Pulse experiments,pioreactor01,2026-09-14T17:23:12.209Z,remove_waste,0.0806626833,UI,2026-09-14 23:08:12.209,1855.025833333333
Pulse experiments,pioreactor01,2026-09-14T17:23:12.459Z,add_media,0.0776751765,UI,2026-09-14 23:08:12.459,1855.025833333333
Pulse experiments,pioreactor01,2026-09-14T17:23:12.709Z,remove_waste,0.0806626833,UI,2026-09-14 23:08:12.709,1855.025833333333
Pulse experiments,pioreactor01,2026-09-14T17:23:12.959Z,add_media,0.0776751765,UI,2026-09-14 23:08:12.959,1855.025833333333
Pulse experiments,pioreactor01,2026-09-14T17:23:13.210Z,remove_waste,0.0806626833,UI,2026-09-14 23:08:13.210,1855.026111111111
Pulse experiments,pioreactor01,2026-09-14T17:23:13.460Z,add_media,0.0776751765,UI,2026-09-14 23:08:13.460,1855.026111111111
Pulse experiments,pioreactor01,2026-09-14T17:23:13.711Z,remove_waste,0.0806626833,UI,2026-09-14 23:08:13.711,1855.026111111111
Pulse experiments,pioreactor01,2026-09-14T17:23:13.961Z,add_media,0.0776751765,UI,2026-09-14 23:08:13.961,1855.026111111111
Pulse experiments,pioreactor01,2026-09-14T17:23:14.213Z,remove_waste,0.0806626833,UI,2026-09-14 23:08:14.213,1855.026388888889
Pulse experiments,pioreactor01,2026-09-14T17:23:14.462Z,add_media,0.0776751765,UI,2026-09-14 23:08:14.462,1855.026388888889
Pulse experiments,pioreactor01,2026-09-14T17:23:14.714Z,remove_waste,0.0806626833,UI,2026-09-14 23:08:14.714,1855.026388888889
Pulse experiments,pioreactor01,2026-09-14T17:23:14.963Z,add_media,0.0776751765,UI,2026-09-14 23:08:14.963,1855.026388888889
Pulse experiments,pioreactor01,2026-09-14T17:23:15.215Z,remove_waste,0.0806626833,UI,2026-09-14 23:08:15.215,1855.026666666667
Pulse experiments,pioreactor01,2026-09-14T17:23:15.464Z,add_media,0.0776751765,UI,2026-09-14 23:08:15.464,1855.026666666667
Pulse experiments,pioreactor01,2026-09-14T17:23:15.717Z,remove_waste,0.0806626833,UI,2026-09-14 23:08:15.717,1855.026666666667
Pulse experiments,pioreactor01,2026-09-14T17:23:15.965Z,add_media,0.0776751765,UI,2026-09-14 23:08:15.965,1855.026666666667
Pulse experiments,pioreactor01,2026-09-14T17:23:16.218Z,remove_waste,0.0806626833,UI,2026-09-14 23:08:16.218,1855.026944444445
Pulse experiments,pioreactor01,2026-09-14T17:23:16.466Z,add_media,0.0776751765,UI,2026-09-14 23:08:16.466,1855.026944444445
Pulse experiments,pioreactor01,2026-09-14T17:23:16.719Z,remove_waste,0.0806626833,UI,2026-09-14 23:08:16.719,1855.026944444445
Pulse experiments,pioreactor01,2026-09-14T17:23:16.967Z,add_media,0.0776751765,UI,2026-09-14 23:08:16.967,1855.026944444445
Pulse experiments,pioreactor01,2026-09-14T17:23:17.220Z,remove_waste,0.0806626833,UI,2026-09-14 23:08:17.220,1855.027222222222
Pulse experiments,pioreactor01,2026-09-14T17:23:17.468Z,add_media,0.0776751765,UI,2026-09-14 23:08:17.468,1855.027222222222
Pulse experiments,pioreactor01,2026-09-14T17:23:17.722Z,remove_waste,0.0806626833,UI,2026-09-14 23:08:17.722,1855.027222222222
Pulse experiments,pioreactor01,2026-09-14T17:23:17.969Z,add_media,0.0776751765,UI,2026-09-14 23:08:17.969,1855.027222222222
Pulse experiments,pioreactor01,2026-09-14T17:23:18.228Z,remove_waste,0.0806626833,UI,2026-09-14 23:08:18.228,1855.0275
Pulse experiments,pioreactor01,2026-09-14T17:23:18.470Z,add_media,0.0776751765,UI,2026-09-14 23:08:18.470,1855.0275
Pulse experiments,pioreactor01,2026-09-14T17:23:18.729Z,remove_waste,0.0806626833,UI,2026-09-14 23:08:18.729,1855.0275
Pulse experiments,pioreactor01,2026-09-14T17:23:18.971Z,add_media,0.0776751765,UI,2026-09-14 23:08:18.971,1855.0275
Pulse experiments,pioreactor01,2026-09-14T17:23:19.231Z,remove_waste,0.0806626833,UI,2026-09-14 23:08:19.231,1855.027777777778
Pulse experiments,pioreactor01,2026-09-14T17:23:19.472Z,add_media,0.0776751765,UI,2026-09-14 23:08:19.472,1855.027777777778
Pulse experiments,pioreactor01,2026-09-14T17:23:19.732Z,remove_waste,0.0806626833,UI,2026-09-14 23:08:19.732,1855.027777777778
Pulse experiments,pioreactor01,2026-09-14T17:23:19.973Z,add_media,0.0776751765,UI,2026-09-14 23:08:19.973,1855.027777777778
Pulse experiments,pioreactor01,2026-09-14T17:23:20.232Z,remove_waste,0.0806626833,UI,2026-09-14 23:08:20.232,1855.028055555556
Pulse experiments,pioreactor01,2026-09-14T17:23:20.474Z,add_media,0.0776751765,UI,2026-09-14 23:08:20.474,1855.028055555556
Pulse experiments,pioreactor01,2026-09-14T17:23:20.733Z,remove_waste,0.0806626833,UI,2026-09-14 23:08:20.733,1855.028055555556
Pulse experiments,pioreactor01,2026-09-14T17:23:20.975Z,add_media,0.0776751765,UI,2026-09-14 23:08:20.975,1855.028055555556
Pulse experiments,pioreactor01,2026-09-14T17:23:21.234Z,remove_waste,0.0806626833,UI,2026-09-14 23:08:21.234,1855.028333333333
Pulse experiments,pioreactor01,2026-09-14T17:23:21.476Z,add_media,0.0776751765,UI,2026-09-14 23:08:21.476,1855.028333333333
Pulse experiments,pioreactor01,2026-09-14T17:23:21.735Z,remove_waste,0.0806626833,UI,2026-09-14 23:08:21.735,1855.028333333333
Pulse experiments,pioreactor01,2026-09-14T17:23:21.977Z,add_media,0.0776751765,UI,2026-09-14 23:08:21.977,1855.028333333333
Pulse experiments,pioreactor01,2026-09-14T17:23:22.235Z,remove_waste,0.0806626833,UI,2026-09-14 23:08:22.235,1855.028611111111
Pulse experiments,pioreactor01,2026-09-14T17:23:22.478Z,add_media,0.0776751765,UI,2026-09-14 23:08:22.478,1855.028611111111
Pulse experiments,pioreactor01,2026-09-14T17:23:22.736Z,remove_waste,0.0806626833,UI,2026-09-14 23:08:22.736,1855.028611111111
Pulse experiments,pioreactor01,2026-09-14T17:23:22.981Z,add_media,0.0776751765,UI,2026-09-14 23:08:22.981,1855.028611111111
Pulse experiments,pioreactor01,2026-09-14T17:23:23.237Z,remove_waste,0.0806626833,UI,2026-09-14 23:08:23.237,1855.028888888889
Pulse experiments,pioreactor01,2026-09-14T17:23:23.484Z,add_media,0.0776751765,UI,2026-09-14 23:08:23.484,1855.028888888889
Pulse experiments,pioreactor01,2026-09-14T17:23:23.739Z,remove_waste,0.0806626833,UI,2026-09-14 23:08:23.739,1855.028888888889
Pulse experiments,pioreactor01,2026-09-14T17:23:23.986Z,add_media,0.0776751765,UI,2026-09-14 23:08:23.986,1855.028888888889
Pulse experiments,pioreactor01,2026-09-14T17:23:24.240Z,remove_waste,0.0806626833,UI,2026-09-14 23:08:24.240,1855.029166666667
Pulse experiments,pioreactor01,2026-09-14T17:23:24.487Z,add_media,0.0776751765,UI,2026-09-14 23:08:24.487,1855.029166666667
Pulse experiments,pioreactor01,2026-09-14T17:23:24.740Z,remove_waste,0.0806626833,UI,2026-09-14 23:08:24.740,1855.029166666667
Pulse experiments,pioreactor01,2026-09-14T17:23:24.988Z,add_media,0.0776751765,UI,2026-09-14 23:08:24.988,1855.029166666667
Pulse experiments,pioreactor01,2026-09-14T17:23:25.241Z,remove_waste,0.0806626833,UI,2026-09-14 23:08:25.241,1855.029444444444
Pulse experiments,pioreactor01,2026-09-14T17:23:25.489Z,add_media,0.0776751765,UI,2026-09-14 23:08:25.489,1855.029444444444
Pulse experiments,pioreactor01,2026-09-14T17:23:25.742Z,remove_waste,0.0806626833,UI,2026-09-14 23:08:25.742,1855.029444444444
Pulse experiments,pioreactor01,2026-09-14T17:23:25.990Z,add_media,0.0776751765,UI,2026-09-14 23:08:25.990,1855.029444444444
Pulse experiments,pioreactor01,2026-09-14T17:23:26.243Z,remove_waste,0.0806626833,UI,2026-09-14 23:08:26.243,1855.029722222222
Pulse experiments,pioreactor01,2026-09-14T17:23:26.491Z,add_media,0.0776751765,UI,2026-09-14 23:08:26.491,1855.029722222222
Pulse experiments,pioreactor01,2026-09-14T17:23:26.744Z,remove_waste,0.0806626833,UI,2026-09-14 23:08:26.744,1855.029722222222
Pulse experiments,pioreactor01,2026-09-14T17:23:26.992Z,add_media,0.0776751765,UI,2026-09-14 23:08:26.992,1855.029722222222
Pulse experiments,pioreactor01,2026-09-14T17:23:27.244Z,remove_waste,0.0806626833,UI,2026-09-14 23:08:27.244,1855.03
Pulse experiments,pioreactor01,2026-09-14T17:23:27.493Z,add_media,0.0776751765,UI,2026-09-14 23:08:27.493,1855.03
Pulse experiments,pioreactor01,2026-09-14T17:23:27.745Z,remove_waste,0.0806626833,UI,2026-09-14 23:08:27.745,1855.03
Pulse experiments,pioreactor01,2026-09-14T17:23:27.994Z,add_media,0.0776751765,UI,2026-09-14 23:08:27.994,1855.03
Pulse experiments,pioreactor01,2026-09-14T17:23:28.246Z,remove_waste,0.0806626833,UI,2026-09-14 23:08:28.246,1855.030277777778
Pulse experiments,pioreactor01,2026-09-14T17:23:28.494Z,add_media,0.0776751765,UI,2026-09-14 23:08:28.494,1855.030277777778
Pulse experiments,pioreactor01,2026-09-14T17:23:28.748Z,remove_waste,0.0806626833,UI,2026-09-14 23:08:28.748,1855.030277777778
Pulse experiments,pioreactor01,2026-09-14T17:23:28.996Z,add_media,0.0776751765,UI,2026-09-14 23:08:28.996,1855.030277777778
Pulse experiments,pioreactor01,2026-09-14T17:23:29.250Z,remove_waste,0.0806626833,UI,2026-09-14 23:08:29.250,1855.030555555556
Pulse experiments,pioreactor01,2026-09-14T17:23:29.497Z,add_media,0.0776751765,UI,2026-09-14 23:08:29.497,1855.030555555556
Pulse experiments,pioreactor01,2026-09-14T17:23:29.751Z,remove_waste,0.0806626833,UI,2026-09-14 23:08:29.751,1855.030555555556
Pulse experiments,pioreactor01,2026-09-14T17:23:29.998Z,add_media,0.0776751765,UI,2026-09-14 23:08:29.998,1855.030555555556
Pulse experiments,pioreactor01,2026-09-14T17:23:30.252Z,remove_waste,0.0806626833,UI,2026-09-14 23:08:30.252,1855.030833333333
Pulse experiments,pioreactor01,2026-09-14T17:23:30.499Z,add_media,0.0776751765,UI,2026-09-14 23:08:30.499,1855.030833333333
Pulse experiments,pioreactor01,2026-09-14T17:23:30.753Z,remove_waste,0.0806626833,UI,2026-09-14 23:08:30.753,1855.030833333333
Pulse experiments,pioreactor01,2026-09-14T17:23:31.000Z,add_media,0.0776751765,UI,2026-09-14 23:08:31.000,1855.031111111111
Pulse experiments,pioreactor01,2026-09-14T17:23:31.254Z,remove_waste,0.0806626833,UI,2026-09-14 23:08:31.254,1855.031111111111
Pulse experiments,pioreactor01,2026-09-14T17:23:31.502Z,add_media,0.0776751765,UI,2026-09-14 23:08:31.502,1855.031111111111
Pulse experiments,pioreactor01,2026-09-14T17:23:31.755Z,remove_waste,0.0806626833,UI,2026-09-14 23:08:31.755,1855.031111111111
Pulse experiments,pioreactor01,2026-09-14T17:23:32.003Z,add_media,0.0776751765,UI,2026-09-14 23:08:32.003,1855.031388888889
Pulse experiments,pioreactor01,2026-09-14T17:23:32.256Z,remove_waste,0.0806626833,UI,2026-09-14 23:08:32.256,1855.031388888889
Pulse experiments,pioreactor01,2026-09-14T17:23:32.505Z,add_media,0.0776751765,UI,2026-09-14 23:08:32.505,1855.031388888889
Pulse experiments,pioreactor01,2026-09-14T17:23:32.757Z,remove_waste,0.0806626833,UI,2026-09-14 23:08:32.757,1855.031388888889
Pulse experiments,pioreactor01,2026-09-14T17:23:33.006Z,add_media,0.0776751765,UI,2026-09-14 23:08:33.006,1855.031666666667
Pulse experiments,pioreactor01,2026-09-14T17:23:33.262Z,remove_waste,0.0806626833,UI,2026-09-14 23:08:33.262,1855.031666666667
Pulse experiments,pioreactor01,2026-09-14T17:23:33.507Z,add_media,0.0776751765,UI,2026-09-14 23:08:33.507,1855.031666666667
Pulse experiments,pioreactor01,2026-09-14T17:23:33.763Z,remove_waste,0.0806626833,UI,2026-09-14 23:08:33.763,1855.031666666667
Pulse experiments,pioreactor01,2026-09-14T17:23:34.008Z,add_media,0.0776751765,UI,2026-09-14 23:08:34.008,1855.031944444444
Pulse experiments,pioreactor01,2026-09-14T17:23:34.264Z,remove_waste,0.0806626833,UI,2026-09-14 23:08:34.264,1855.031944444444
Pulse experiments,pioreactor01,2026-09-14T17:23:34.509Z,add_media,0.0776751765,UI,2026-09-14 23:08:34.509,1855.031944444444
Pulse experiments,pioreactor01,2026-09-14T17:23:34.766Z,remove_waste,0.0806626833,UI,2026-09-14 23:08:34.766,1855.031944444444
Pulse experiments,pioreactor01,2026-09-14T17:23:35.010Z,add_media,0.0776751765,UI,2026-09-14 23:08:35.010,1855.032222222222
Pulse experiments,pioreactor01,2026-09-14T17:23:35.267Z,remove_waste,0.0806626833,UI,2026-09-14 23:08:35.267,1855.032222222222
Pulse experiments,pioreactor01,2026-09-14T17:23:35.510Z,add_media,0.0776751765,UI,2026-09-14 23:08:35.510,1855.032222222222
Pulse experiments,pioreactor01,2026-09-14T17:23:35.768Z,remove_waste,0.0806626833,UI,2026-09-14 23:08:35.768,1855.032222222222
Pulse experiments,pioreactor01,2026-09-14T17:23:36.011Z,add_media,0.0776751765,UI,2026-09-14 23:08:36.011,1855.0325
Pulse experiments,pioreactor01,2026-09-14T17:23:36.269Z,remove_waste,0.0806626833,UI,2026-09-14 23:08:36.269,1855.0325
Pulse experiments,pioreactor01,2026-09-14T17:23:36.513Z,add_media,0.0776751765,UI,2026-09-14 23:08:36.513,1855.0325
Pulse experiments,pioreactor01,2026-09-14T17:23:36.770Z,remove_waste,0.0806626833,UI,2026-09-14 23:08:36.770,1855.0325
Pulse experiments,pioreactor01,2026-09-14T17:23:37.014Z,add_media,0.0776751765,UI,2026-09-14 23:08:37.014,1855.032777777778
Pulse experiments,pioreactor01,2026-09-14T17:23:37.272Z,remove_waste,0.0806626833,UI,2026-09-14 23:08:37.272,1855.032777777778
Pulse experiments,pioreactor01,2026-09-14T17:23:37.515Z,add_media,0.0776751765,UI,2026-09-14 23:08:37.515,1855.032777777778
Pulse experiments,pioreactor01,2026-09-14T17:23:37.773Z,remove_waste,0.0806626833,UI,2026-09-14 23:08:37.773,1855.032777777778
Pulse experiments,pioreactor01,2026-09-14T17:23:38.015Z,add_media,0.0776751765,UI,2026-09-14 23:08:38.015,1855.033055555556
Pulse experiments,pioreactor01,2026-09-14T17:23:38.274Z,remove_waste,0.0806626833,UI,2026-09-14 23:08:38.274,1855.033055555556
Pulse experiments,pioreactor01,2026-09-14T17:23:38.516Z,add_media,0.0776751765,UI,2026-09-14 23:08:38.516,1855.033055555556
Pulse experiments,pioreactor01,2026-09-14T17:23:38.775Z,remove_waste,0.0806626833,UI,2026-09-14 23:08:38.775,1855.033055555556
Pulse experiments,pioreactor01,2026-09-14T17:23:39.017Z,add_media,0.0776751765,UI,2026-09-14 23:08:39.017,1855.033333333333
Pulse experiments,pioreactor01,2026-09-14T17:23:39.276Z,remove_waste,0.0806626833,UI,2026-09-14 23:08:39.276,1855.033333333333
Pulse experiments,pioreactor01,2026-09-14T17:23:39.524Z,add_media,0.0776751765,UI,2026-09-14 23:08:39.524,1855.033333333333
Pulse experiments,pioreactor01,2026-09-14T17:23:39.777Z,remove_waste,0.0806626833,UI,2026-09-14 23:08:39.777,1855.033333333333
Pulse experiments,pioreactor01,2026-09-14T17:23:40.025Z,add_media,0.0776751765,UI,2026-09-14 23:08:40.025,1855.033611111111
Pulse experiments,pioreactor01,2026-09-14T17:23:40.279Z,remove_waste,0.0806626833,UI,2026-09-14 23:08:40.279,1855.033611111111
Pulse experiments,pioreactor01,2026-09-14T17:23:40.526Z,add_media,0.0776751765,UI,2026-09-14 23:08:40.526,1855.033611111111
Pulse experiments,pioreactor01,2026-09-14T17:23:40.780Z,remove_waste,0.0806626833,UI,2026-09-14 23:08:40.780,1855.033611111111
Pulse experiments,pioreactor01,2026-09-14T17:23:41.028Z,add_media,0.0776751765,UI,2026-09-14 23:08:41.028,1855.033888888889
Pulse experiments,pioreactor01,2026-09-14T17:23:41.280Z,remove_waste,0.0806626833,UI,2026-09-14 23:08:41.280,1855.033888888889
Pulse experiments,pioreactor01,2026-09-14T17:23:41.529Z,add_media,0.0776751765,UI,2026-09-14 23:08:41.529,1855.033888888889
Pulse experiments,pioreactor01,2026-09-14T17:23:41.781Z,remove_waste,0.0806626833,UI,2026-09-14 23:08:41.781,1855.033888888889
Pulse experiments,pioreactor01,2026-09-14T17:23:42.030Z,add_media,0.0776751765,UI,2026-09-14 23:08:42.030,1855.034166666667
Pulse experiments,pioreactor01,2026-09-14T17:23:42.282Z,remove_waste,0.0806626833,UI,2026-09-14 23:08:42.282,1855.034166666667
Pulse experiments,pioreactor01,2026-09-14T17:23:42.531Z,add_media,0.0776751765,UI,2026-09-14 23:08:42.531,1855.034166666667
Pulse experiments,pioreactor01,2026-09-14T17:23:42.783Z,remove_waste,0.0806626833,UI,2026-09-14 23:08:42.783,1855.034166666667
Pulse experiments,pioreactor01,2026-09-14T17:23:43.031Z,add_media,0.0776751765,UI,2026-09-14 23:08:43.031,1855.034444444444
Pulse experiments,pioreactor01,2026-09-14T17:23:43.284Z,remove_waste,0.0806626833,UI,2026-09-14 23:08:43.284,1855.034444444444
Pulse experiments,pioreactor01,2026-09-14T17:23:43.532Z,add_media,0.0776751765,UI,2026-09-14 23:08:43.532,1855.034444444444
Pulse experiments,pioreactor01,2026-09-14T17:23:43.784Z,remove_waste,0.0806626833,UI,2026-09-14 23:08:43.784,1855.034444444444
Pulse experiments,pioreactor01,2026-09-14T17:23:44.033Z,add_media,0.0776751765,UI,2026-09-14 23:08:44.033,1855.034722222222
Pulse experiments,pioreactor01,2026-09-14T17:23:44.285Z,remove_waste,0.0806626833,UI,2026-09-14 23:08:44.285,1855.034722222222
Pulse experiments,pioreactor01,2026-09-14T17:23:44.534Z,add_media,0.0776751765,UI,2026-09-14 23:08:44.534,1855.034722222222
Pulse experiments,pioreactor01,2026-09-14T17:23:44.787Z,remove_waste,0.0806626833,UI,2026-09-14 23:08:44.787,1855.034722222222
Pulse experiments,pioreactor01,2026-09-14T17:23:45.035Z,add_media,0.0776751765,UI,2026-09-14 23:08:45.035,1855.035
Pulse experiments,pioreactor01,2026-09-14T17:23:45.288Z,remove_waste,0.0806626833,UI,2026-09-14 23:08:45.288,1855.035
Pulse experiments,pioreactor01,2026-09-14T17:23:45.535Z,add_media,0.0776751765,UI,2026-09-14 23:08:45.535,1855.035
Pulse experiments,pioreactor01,2026-09-14T17:23:45.789Z,remove_waste,0.0806626833,UI,2026-09-14 23:08:45.789,1855.035
Pulse experiments,pioreactor01,2026-09-14T17:23:46.037Z,add_media,0.0776751765,UI,2026-09-14 23:08:46.037,1855.035277777778
Pulse experiments,pioreactor01,2026-09-14T17:23:46.290Z,remove_waste,0.0806626833,UI,2026-09-14 23:08:46.290,1855.035277777778
Pulse experiments,pioreactor01,2026-09-14T17:23:46.537Z,add_media,0.0776751765,UI,2026-09-14 23:08:46.537,1855.035277777778
Pulse experiments,pioreactor01,2026-09-14T17:23:46.790Z,remove_waste,0.0806626833,UI,2026-09-14 23:08:46.790,1855.035277777778
Pulse experiments,pioreactor01,2026-09-14T17:23:47.038Z,add_media,0.0776751765,UI,2026-09-14 23:08:47.038,1855.035555555555
Pulse experiments,pioreactor01,2026-09-14T17:23:47.291Z,remove_waste,0.0806626833,UI,2026-09-14 23:08:47.291,1855.035555555555
Pulse experiments,pioreactor01,2026-09-14T17:23:47.539Z,add_media,0.0776751765,UI,2026-09-14 23:08:47.539,1855.035555555555
Pulse experiments,pioreactor01,2026-09-14T17:23:47.792Z,remove_waste,0.0806626833,UI,2026-09-14 23:08:47.792,1855.035555555555
Pulse experiments,pioreactor01,2026-09-14T17:23:48.040Z,add_media,0.0776751765,UI,2026-09-14 23:08:48.040,1855.035833333333
Pulse experiments,pioreactor01,2026-09-14T17:23:48.292Z,remove_waste,0.0806626833,UI,2026-09-14 23:08:48.292,1855.035833333333
Pulse experiments,pioreactor01,2026-09-14T17:23:48.541Z,add_media,0.0776751765,UI,2026-09-14 23:08:48.541,1855.035833333333
Pulse experiments,pioreactor01,2026-09-14T17:23:48.793Z,remove_waste,0.0806626833,UI,2026-09-14 23:08:48.793,1855.035833333333
Pulse experiments,pioreactor01,2026-09-14T17:23:49.042Z,add_media,0.0776751765,UI,2026-09-14 23:08:49.042,1855.036111111111
Pulse experiments,pioreactor01,2026-09-14T17:23:49.294Z,remove_waste,0.0806626833,UI,2026-09-14 23:08:49.294,1855.036111111111
Pulse experiments,pioreactor01,2026-09-14T17:23:49.543Z,add_media,0.0776751765,UI,2026-09-14 23:08:49.543,1855.036111111111
Pulse experiments,pioreactor01,2026-09-14T17:23:49.794Z,remove_waste,0.0806626833,UI,2026-09-14 23:08:49.794,1855.036111111111
Pulse experiments,pioreactor01,2026-09-14T17:23:50.043Z,add_media,0.0776751765,UI,2026-09-14 23:08:50.043,1855.036388888889
Pulse experiments,pioreactor01,2026-09-14T17:23:50.295Z,remove_waste,0.0806626833,UI,2026-09-14 23:08:50.295,1855.036388888889
Pulse experiments,pioreactor01,2026-09-14T17:23:50.544Z,add_media,0.0776751765,UI,2026-09-14 23:08:50.544,1855.036388888889
Pulse experiments,pioreactor01,2026-09-14T17:23:50.796Z,remove_waste,0.0806626833,UI,2026-09-14 23:08:50.796,1855.036388888889
Pulse experiments,pioreactor01,2026-09-14T17:23:51.045Z,add_media,0.0776751765,UI,2026-09-14 23:08:51.045,1855.036666666667
Pulse experiments,pioreactor01,2026-09-14T17:23:51.297Z,remove_waste,0.0806626833,UI,2026-09-14 23:08:51.297,1855.036666666667
Pulse experiments,pioreactor01,2026-09-14T17:23:51.546Z,add_media,0.0776751765,UI,2026-09-14 23:08:51.546,1855.036666666667
Pulse experiments,pioreactor01,2026-09-14T17:23:51.797Z,remove_waste,0.0806626833,UI,2026-09-14 23:08:51.797,1855.036666666667
Pulse experiments,pioreactor01,2026-09-14T17:23:52.047Z,add_media,0.0776751765,UI,2026-09-14 23:08:52.047,1855.036944444445
Pulse experiments,pioreactor01,2026-09-14T17:23:52.298Z,remove_waste,0.0806626833,UI,2026-09-14 23:08:52.298,1855.036944444445
Pulse experiments,pioreactor01,2026-09-14T17:23:52.548Z,add_media,0.0776751765,UI,2026-09-14 23:08:52.548,1855.036944444445
Pulse experiments,pioreactor01,2026-09-14T17:23:52.799Z,remove_waste,0.0806626833,UI,2026-09-14 23:08:52.799,1855.036944444445
Pulse experiments,pioreactor01,2026-09-14T17:23:53.049Z,add_media,0.0776751765,UI,2026-09-14 23:08:53.049,1855.037222222222
Pulse experiments,pioreactor01,2026-09-14T17:23:53.299Z,remove_waste,0.0806626833,UI,2026-09-14 23:08:53.299,1855.037222222222
Pulse experiments,pioreactor01,2026-09-14T17:23:53.550Z,add_media,0.0776751765,UI,2026-09-14 23:08:53.550,1855.037222222222
Pulse experiments,pioreactor01,2026-09-14T17:23:53.800Z,remove_waste,0.0806626833,UI,2026-09-14 23:08:53.800,1855.037222222222
Pulse experiments,pioreactor01,2026-09-14T17:23:54.051Z,add_media,0.0776751765,UI,2026-09-14 23:08:54.051,1855.0375
Pulse experiments,pioreactor01,2026-09-14T17:23:54.301Z,remove_waste,0.0806626833,UI,2026-09-14 23:08:54.301,1855.0375
Pulse experiments,pioreactor01,2026-09-14T17:23:54.552Z,add_media,0.0776751765,UI,2026-09-14 23:08:54.552,1855.0375
Pulse experiments,pioreactor01,2026-09-14T17:23:54.802Z,remove_waste,0.0806626833,UI,2026-09-14 23:08:54.802,1855.0375
Pulse experiments,pioreactor01,2026-09-14T17:23:55.053Z,add_media,0.0776751765,UI,2026-09-14 23:08:55.053,1855.037777777778
Pulse experiments,pioreactor01,2026-09-14T17:23:55.303Z,remove_waste,0.0806626833,UI,2026-09-14 23:08:55.303,1855.037777777778
Pulse experiments,pioreactor01,2026-09-14T17:23:55.554Z,add_media,0.0776751765,UI,2026-09-14 23:08:55.554,1855.037777777778
Pulse experiments,pioreactor01,2026-09-14T17:23:55.804Z,remove_waste,0.0806626833,UI,2026-09-14 23:08:55.804,1855.037777777778
Pulse experiments,pioreactor01,2026-09-14T17:23:56.055Z,add_media,0.0776751765,UI,2026-09-14 23:08:56.055,1855.038055555556
Pulse experiments,pioreactor01,2026-09-14T17:23:56.305Z,remove_waste,0.0806626833,UI,2026-09-14 23:08:56.305,1855.038055555556
Pulse experiments,pioreactor01,2026-09-14T17:23:56.557Z,add_media,0.0776751765,UI,2026-09-14 23:08:56.557,1855.038055555556
Pulse experiments,pioreactor01,2026-09-14T17:23:56.806Z,remove_waste,0.0806626833,UI,2026-09-14 23:08:56.806,1855.038055555556
Pulse experiments,pioreactor01,2026-09-14T17:23:57.058Z,add_media,0.0776751765,UI,2026-09-14 23:08:57.058,1855.038333333333
Pulse experiments,pioreactor01,2026-09-14T17:23:57.307Z,remove_waste,0.0806626833,UI,2026-09-14 23:08:57.307,1855.038333333333
Pulse experiments,pioreactor01,2026-09-14T17:23:57.559Z,add_media,0.0776751765,UI,2026-09-14 23:08:57.559,1855.038333333333
Pulse experiments,pioreactor01,2026-09-14T17:23:57.812Z,remove_waste,0.0806626833,UI,2026-09-14 23:08:57.812,1855.038333333333
Pulse experiments,pioreactor01,2026-09-14T17:23:58.060Z,add_media,0.0776751765,UI,2026-09-14 23:08:58.060,1855.038611111111
Pulse experiments,pioreactor01,2026-09-14T17:23:58.312Z,remove_waste,0.0806626833,UI,2026-09-14 23:08:58.312,1855.038611111111
Pulse experiments,pioreactor01,2026-09-14T17:23:58.561Z,add_media,0.0776751765,UI,2026-09-14 23:08:58.561,1855.038611111111
Pulse experiments,pioreactor01,2026-09-14T17:23:58.813Z,remove_waste,0.0806626833,UI,2026-09-14 23:08:58.813,1855.038611111111
Pulse experiments,pioreactor01,2026-09-14T17:23:59.062Z,add_media,0.0776751765,UI,2026-09-14 23:08:59.062,1855.038888888889
Pulse experiments,pioreactor01,2026-09-14T17:23:59.314Z,remove_waste,0.0806626833,UI,2026-09-14 23:08:59.314,1855.038888888889
Pulse experiments,pioreactor01,2026-09-14T17:23:59.563Z,add_media,0.0776751765,UI,2026-09-14 23:08:59.563,1855.038888888889
Pulse experiments,pioreactor01,2026-09-14T17:23:59.815Z,remove_waste,0.0806626833,UI,2026-09-14 23:08:59.815,1855.038888888889
Pulse experiments,pioreactor01,2026-09-14T17:24:00.064Z,add_media,0.0776751765,UI,2026-09-14 23:09:00.064,1855.039166666667
Pulse experiments,pioreactor01,2026-09-14T17:24:00.316Z,remove_waste,0.0806626833,UI,2026-09-14 23:09:00.316,1855.039166666667
Pulse experiments,pioreactor01,2026-09-14T17:24:00.564Z,add_media,0.0776751765,UI,2026-09-14 23:09:00.564,1855.039166666667
Pulse experiments,pioreactor01,2026-09-14T17:24:00.817Z,remove_waste,0.0806626833,UI,2026-09-14 23:09:00.817,1855.039166666667
Pulse experiments,pioreactor01,2026-09-14T17:24:01.065Z,add_media,0.0776751765,UI,2026-09-14 23:09:01.065,1855.039444444444
Pulse experiments,pioreactor01,2026-09-14T17:24:01.318Z,remove_waste,0.0806626833,UI,2026-09-14 23:09:01.318,1855.039444444444
Pulse experiments,pioreactor01,2026-09-14T17:24:01.566Z,add_media,0.0776751765,UI,2026-09-14 23:09:01.566,1855.039444444444
Pulse experiments,pioreactor01,2026-09-14T17:24:01.819Z,remove_waste,0.0806626833,UI,2026-09-14 23:09:01.819,1855.039444444444
Pulse experiments,pioreactor01,2026-09-14T17:24:02.067Z,add_media,0.0776751765,UI,2026-09-14 23:09:02.067,1855.039722222222
Pulse experiments,pioreactor01,2026-09-14T17:24:02.319Z,remove_waste,0.0806626833,UI,2026-09-14 23:09:02.319,1855.039722222222
Pulse experiments,pioreactor01,2026-09-14T17:24:02.568Z,add_media,0.0776751765,UI,2026-09-14 23:09:02.568,1855.039722222222
Pulse experiments,pioreactor01,2026-09-14T17:24:02.821Z,remove_waste,0.0806626833,UI,2026-09-14 23:09:02.821,1855.039722222222
Pulse experiments,pioreactor01,2026-09-14T17:24:03.070Z,add_media,0.0776751765,UI,2026-09-14 23:09:03.070,1855.04
Pulse experiments,pioreactor01,2026-09-14T17:24:03.322Z,remove_waste,0.0806626833,UI,2026-09-14 23:09:03.322,1855.04
Pulse experiments,pioreactor01,2026-09-14T17:24:03.570Z,add_media,0.0776751765,UI,2026-09-14 23:09:03.570,1855.04
Pulse experiments,pioreactor01,2026-09-14T17:24:03.823Z,remove_waste,0.0806626833,UI,2026-09-14 23:09:03.823,1855.04
Pulse experiments,pioreactor01,2026-09-14T17:24:04.071Z,add_media,0.0776751765,UI,2026-09-14 23:09:04.071,1855.040277777778
Pulse experiments,pioreactor01,2026-09-14T17:24:04.324Z,remove_waste,0.0806626833,UI,2026-09-14 23:09:04.324,1855.040277777778
Pulse experiments,pioreactor01,2026-09-14T17:24:04.582Z,add_media,0.0776751765,UI,2026-09-14 23:09:04.582,1855.040277777778
Pulse experiments,pioreactor01,2026-09-14T17:24:04.825Z,remove_waste,0.0806626833,UI,2026-09-14 23:09:04.825,1855.040277777778
Pulse experiments,pioreactor01,2026-09-14T17:24:05.083Z,add_media,0.0776751765,UI,2026-09-14 23:09:05.083,1855.040555555556
Pulse experiments,pioreactor01,2026-09-14T17:24:05.326Z,remove_waste,0.0806626833,UI,2026-09-14 23:09:05.326,1855.040555555556
Pulse experiments,pioreactor01,2026-09-14T17:24:05.584Z,add_media,0.0776751765,UI,2026-09-14 23:09:05.584,1855.040555555556
Pulse experiments,pioreactor01,2026-09-14T17:24:05.829Z,remove_waste,0.0806626833,UI,2026-09-14 23:09:05.829,1855.040555555556
Pulse experiments,pioreactor01,2026-09-14T17:24:06.084Z,add_media,0.0776751765,UI,2026-09-14 23:09:06.084,1855.040833333333
Pulse experiments,pioreactor01,2026-09-14T17:24:06.333Z,remove_waste,0.0806626833,UI,2026-09-14 23:09:06.333,1855.040833333333
Pulse experiments,pioreactor01,2026-09-14T17:24:06.586Z,add_media,0.0776751765,UI,2026-09-14 23:09:06.586,1855.040833333333
Pulse experiments,pioreactor01,2026-09-14T17:24:06.834Z,remove_waste,0.0806626833,UI,2026-09-14 23:09:06.834,1855.040833333333
Pulse experiments,pioreactor01,2026-09-14T17:24:07.087Z,add_media,0.0776751765,UI,2026-09-14 23:09:07.087,1855.041111111111
Pulse experiments,pioreactor01,2026-09-14T17:24:07.335Z,remove_waste,0.0806626833,UI,2026-09-14 23:09:07.335,1855.041111111111
Pulse experiments,pioreactor01,2026-09-14T17:24:07.588Z,add_media,0.0776751765,UI,2026-09-14 23:09:07.588,1855.041111111111
Pulse experiments,pioreactor01,2026-09-14T17:24:07.836Z,remove_waste,0.0806626833,UI,2026-09-14 23:09:07.836,1855.041111111111
Pulse experiments,pioreactor01,2026-09-14T17:24:08.089Z,add_media,0.0776751765,UI,2026-09-14 23:09:08.089,1855.041388888889
Pulse experiments,pioreactor01,2026-09-14T17:24:08.337Z,remove_waste,0.0806626833,UI,2026-09-14 23:09:08.337,1855.041388888889
Pulse experiments,pioreactor01,2026-09-14T17:24:08.591Z,add_media,0.0776751765,UI,2026-09-14 23:09:08.591,1855.041388888889
Pulse experiments,pioreactor01,2026-09-14T17:24:08.838Z,remove_waste,0.0806626833,UI,2026-09-14 23:09:08.838,1855.041388888889
Pulse experiments,pioreactor01,2026-09-14T17:24:09.092Z,add_media,0.0776751765,UI,2026-09-14 23:09:09.092,1855.041666666667
Pulse experiments,pioreactor01,2026-09-14T17:24:09.339Z,remove_waste,0.0806626833,UI,2026-09-14 23:09:09.339,1855.041666666667
Pulse experiments,pioreactor01,2026-09-14T17:24:09.593Z,add_media,0.0776751765,UI,2026-09-14 23:09:09.593,1855.041666666667
Pulse experiments,pioreactor01,2026-09-14T17:24:09.839Z,remove_waste,0.0806626833,UI,2026-09-14 23:09:09.839,1855.041666666667
Pulse experiments,pioreactor01,2026-09-14T17:24:10.094Z,add_media,0.0776751765,UI,2026-09-14 23:09:10.094,1855.041944444444
Pulse experiments,pioreactor01,2026-09-14T17:24:10.340Z,remove_waste,0.0806626833,UI,2026-09-14 23:09:10.340,1855.041944444444
Pulse experiments,pioreactor01,2026-09-14T17:24:10.596Z,add_media,0.0776751765,UI,2026-09-14 23:09:10.596,1855.041944444444
Pulse experiments,pioreactor01,2026-09-14T17:24:10.841Z,remove_waste,0.0806626833,UI,2026-09-14 23:09:10.841,1855.041944444444
Pulse experiments,pioreactor01,2026-09-14T17:24:11.097Z,add_media,0.0776751765,UI,2026-09-14 23:09:11.097,1855.042222222222
Pulse experiments,pioreactor01,2026-09-14T17:24:11.342Z,remove_waste,0.0806626833,UI,2026-09-14 23:09:11.342,1855.042222222222
Pulse experiments,pioreactor01,2026-09-14T17:24:11.598Z,add_media,0.0776751765,UI,2026-09-14 23:09:11.598,1855.042222222222
Pulse experiments,pioreactor01,2026-09-14T17:24:11.843Z,remove_waste,0.0806626833,UI,2026-09-14 23:09:11.843,1855.042222222222
Pulse experiments,pioreactor01,2026-09-14T17:24:12.099Z,add_media,0.0776751765,UI,2026-09-14 23:09:12.099,1855.0425
Pulse experiments,pioreactor01,2026-09-14T17:24:12.344Z,remove_waste,0.0806626833,UI,2026-09-14 23:09:12.344,1855.0425
Pulse experiments,pioreactor01,2026-09-14T17:24:12.600Z,add_media,0.0776751765,UI,2026-09-14 23:09:12.600,1855.0425
Pulse experiments,pioreactor01,2026-09-14T17:24:12.845Z,remove_waste,0.0806626833,UI,2026-09-14 23:09:12.845,1855.0425
Pulse experiments,pioreactor01,2026-09-14T17:24:13.101Z,add_media,0.0776751765,UI,2026-09-14 23:09:13.101,1855.042777777778
Pulse experiments,pioreactor01,2026-09-14T17:24:13.345Z,remove_waste,0.0806626833,UI,2026-09-14 23:09:13.345,1855.042777777778
Pulse experiments,pioreactor01,2026-09-14T17:24:13.602Z,add_media,0.0776751765,UI,2026-09-14 23:09:13.602,1855.042777777778
Pulse experiments,pioreactor01,2026-09-14T17:24:13.846Z,remove_waste,0.0806626833,UI,2026-09-14 23:09:13.846,1855.042777777778
Pulse experiments,pioreactor01,2026-09-14T17:24:14.103Z,add_media,0.0776751765,UI,2026-09-14 23:09:14.103,1855.043055555556
Pulse experiments,pioreactor01,2026-09-14T17:24:14.347Z,remove_waste,0.0806626833,UI,2026-09-14 23:09:14.347,1855.043055555556
Pulse experiments,pioreactor01,2026-09-14T17:24:14.604Z,add_media,0.0776751765,UI,2026-09-14 23:09:14.604,1855.043055555556
Pulse experiments,pioreactor01,2026-09-14T17:24:14.849Z,remove_waste,0.0806626833,UI,2026-09-14 23:09:14.849,1855.043055555556
Pulse experiments,pioreactor01,2026-09-14T17:24:15.105Z,add_media,0.0776751765,UI,2026-09-14 23:09:15.105,1855.043333333333
Pulse experiments,pioreactor01,2026-09-14T17:24:15.350Z,remove_waste,0.0806626833,UI,2026-09-14 23:09:15.350,1855.043333333333
Pulse experiments,pioreactor01,2026-09-14T17:24:15.606Z,add_media,0.0776751765,UI,2026-09-14 23:09:15.606,1855.043333333333
Pulse experiments,pioreactor01,2026-09-14T17:24:15.851Z,remove_waste,0.0806626833,UI,2026-09-14 23:09:15.851,1855.043333333333
Pulse experiments,pioreactor01,2026-09-14T17:24:16.106Z,add_media,0.0776751765,UI,2026-09-14 23:09:16.106,1855.043611111111
Pulse experiments,pioreactor01,2026-09-14T17:24:16.352Z,remove_waste,0.0806626833,UI,2026-09-14 23:09:16.352,1855.043611111111
Pulse experiments,pioreactor01,2026-09-14T17:24:16.608Z,add_media,0.0776751765,UI,2026-09-14 23:09:16.608,1855.043611111111
Pulse experiments,pioreactor01,2026-09-14T17:24:16.853Z,remove_waste,0.0806626833,UI,2026-09-14 23:09:16.853,1855.043611111111
Pulse experiments,pioreactor01,2026-09-14T17:24:17.109Z,add_media,0.0776751765,UI,2026-09-14 23:09:17.109,1855.043888888889
Pulse experiments,pioreactor01,2026-09-14T17:24:17.361Z,remove_waste,0.0806626833,UI,2026-09-14 23:09:17.361,1855.043888888889
Pulse experiments,pioreactor01,2026-09-14T17:24:17.610Z,add_media,0.0776751765,UI,2026-09-14 23:09:17.610,1855.043888888889
Pulse experiments,pioreactor01,2026-09-14T17:24:17.862Z,remove_waste,0.0806626833,UI,2026-09-14 23:09:17.862,1855.043888888889
Pulse experiments,pioreactor01,2026-09-14T17:24:18.111Z,add_media,0.0776751765,UI,2026-09-14 23:09:18.111,1855.044166666667
Pulse experiments,pioreactor01,2026-09-14T17:24:18.363Z,remove_waste,0.0806626833,UI,2026-09-14 23:09:18.363,1855.044166666667
Pulse experiments,pioreactor01,2026-09-14T17:24:18.614Z,add_media,0.0776751765,UI,2026-09-14 23:09:18.614,1855.044166666667
Pulse experiments,pioreactor01,2026-09-14T17:24:18.864Z,remove_waste,0.0806626833,UI,2026-09-14 23:09:18.864,1855.044166666667
Pulse experiments,pioreactor01,2026-09-14T17:24:19.115Z,add_media,0.0776751765,UI,2026-09-14 23:09:19.115,1855.044444444444
Pulse experiments,pioreactor01,2026-09-14T17:24:19.365Z,remove_waste,0.0806626833,UI,2026-09-14 23:09:19.365,1855.044444444444
Pulse experiments,pioreactor01,2026-09-14T17:24:19.616Z,add_media,0.0776751765,UI,2026-09-14 23:09:19.616,1855.044444444444
Pulse experiments,pioreactor01,2026-09-14T17:24:19.866Z,remove_waste,0.0806626833,UI,2026-09-14 23:09:19.866,1855.044444444444
Pulse experiments,pioreactor01,2026-09-14T17:24:20.117Z,add_media,0.0776751765,UI,2026-09-14 23:09:20.117,1855.044722222222
Pulse experiments,pioreactor01,2026-09-14T17:24:20.366Z,remove_waste,0.0806626833,UI,2026-09-14 23:09:20.366,1855.044722222222
Pulse experiments,pioreactor01,2026-09-14T17:24:20.619Z,add_media,0.0776751765,UI,2026-09-14 23:09:20.619,1855.044722222222
Pulse experiments,pioreactor01,2026-09-14T17:24:20.867Z,remove_waste,0.0806626833,UI,2026-09-14 23:09:20.867,1855.044722222222
Pulse experiments,pioreactor01,2026-09-14T17:24:21.120Z,add_media,0.0776751765,UI,2026-09-14 23:09:21.120,1855.045
Pulse experiments,pioreactor01,2026-09-14T17:24:21.368Z,remove_waste,0.0806626833,UI,2026-09-14 23:09:21.368,1855.045
Pulse experiments,pioreactor01,2026-09-14T17:24:21.620Z,add_media,0.0776751765,UI,2026-09-14 23:09:21.620,1855.045
Pulse experiments,pioreactor01,2026-09-14T17:24:21.869Z,remove_waste,0.0806626833,UI,2026-09-14 23:09:21.869,1855.045
Pulse experiments,pioreactor01,2026-09-14T17:24:22.122Z,add_media,0.0776751765,UI,2026-09-14 23:09:22.122,1855.045277777778
Pulse experiments,pioreactor01,2026-09-14T17:24:22.370Z,remove_waste,0.0806626833,UI,2026-09-14 23:09:22.370,1855.045277777778
Pulse experiments,pioreactor01,2026-09-14T17:24:22.623Z,add_media,0.0776751765,UI,2026-09-14 23:09:22.623,1855.045277777778
Pulse experiments,pioreactor01,2026-09-14T17:24:22.871Z,remove_waste,0.0806626833,UI,2026-09-14 23:09:22.871,1855.045277777778
Pulse experiments,pioreactor01,2026-09-14T17:24:23.124Z,add_media,0.0776751765,UI,2026-09-14 23:09:23.124,1855.045555555556
Pulse experiments,pioreactor01,2026-09-14T17:24:23.373Z,remove_waste,0.0806626833,UI,2026-09-14 23:09:23.373,1855.045555555556
Pulse experiments,pioreactor01,2026-09-14T17:24:23.625Z,add_media,0.0776751765,UI,2026-09-14 23:09:23.625,1855.045555555556
Pulse experiments,pioreactor01,2026-09-14T17:24:23.873Z,remove_waste,0.0806626833,UI,2026-09-14 23:09:23.873,1855.045555555556
Pulse experiments,pioreactor01,2026-09-14T17:24:24.126Z,add_media,0.0776751765,UI,2026-09-14 23:09:24.126,1855.045833333333
Pulse experiments,pioreactor01,2026-09-14T17:24:24.374Z,remove_waste,0.0806626833,UI,2026-09-14 23:09:24.374,1855.045833333333
Pulse experiments,pioreactor01,2026-09-14T17:24:24.626Z,add_media,0.0776751765,UI,2026-09-14 23:09:24.626,1855.045833333333
Pulse experiments,pioreactor01,2026-09-14T17:24:24.875Z,remove_waste,0.0806626833,UI,2026-09-14 23:09:24.875,1855.045833333333
Pulse experiments,pioreactor01,2026-09-14T17:24:25.127Z,add_media,0.0776751765,UI,2026-09-14 23:09:25.127,1855.046111111111
Pulse experiments,pioreactor01,2026-09-14T17:24:25.376Z,remove_waste,0.0806626833,UI,2026-09-14 23:09:25.376,1855.046111111111
Pulse experiments,pioreactor01,2026-09-14T17:24:25.629Z,add_media,0.0776751765,UI,2026-09-14 23:09:25.629,1855.046111111111
Pulse experiments,pioreactor01,2026-09-14T17:24:25.877Z,remove_waste,0.0806626833,UI,2026-09-14 23:09:25.877,1855.046111111111
Pulse experiments,pioreactor01,2026-09-14T17:24:26.130Z,add_media,0.0776751765,UI,2026-09-14 23:09:26.130,1855.046388888889
Pulse experiments,pioreactor01,2026-09-14T17:24:26.378Z,remove_waste,0.0806626833,UI,2026-09-14 23:09:26.378,1855.046388888889
Pulse experiments,pioreactor01,2026-09-14T17:24:26.631Z,add_media,0.0776751765,UI,2026-09-14 23:09:26.631,1855.046388888889
Pulse experiments,pioreactor01,2026-09-14T17:24:26.879Z,remove_waste,0.0806626833,UI,2026-09-14 23:09:26.879,1855.046388888889
Pulse experiments,pioreactor01,2026-09-14T17:24:27.132Z,add_media,0.0776751765,UI,2026-09-14 23:09:27.132,1855.046666666667
Pulse experiments,pioreactor01,2026-09-14T17:24:27.380Z,remove_waste,0.0806626833,UI,2026-09-14 23:09:27.380,1855.046666666667
Pulse experiments,pioreactor01,2026-09-14T17:24:27.634Z,add_media,0.0776751765,UI,2026-09-14 23:09:27.634,1855.046666666667
Pulse experiments,pioreactor01,2026-09-14T17:24:27.880Z,remove_waste,0.0806626833,UI,2026-09-14 23:09:27.880,1855.046666666667
Pulse experiments,pioreactor01,2026-09-14T17:24:28.135Z,add_media,0.0776751765,UI,2026-09-14 23:09:28.135,1855.046944444445
Pulse experiments,pioreactor01,2026-09-14T17:24:28.381Z,remove_waste,0.0806626833,UI,2026-09-14 23:09:28.381,1855.046944444445
Pulse experiments,pioreactor01,2026-09-14T17:24:28.636Z,add_media,0.0776751765,UI,2026-09-14 23:09:28.636,1855.046944444445
Pulse experiments,pioreactor01,2026-09-14T17:24:28.882Z,remove_waste,0.0806626833,UI,2026-09-14 23:09:28.882,1855.046944444445
Pulse experiments,pioreactor01,2026-09-14T17:24:29.137Z,add_media,0.0776751765,UI,2026-09-14 23:09:29.137,1855.047222222222
Pulse experiments,pioreactor01,2026-09-14T17:24:29.384Z,remove_waste,0.0806626833,UI,2026-09-14 23:09:29.384,1855.047222222222
Pulse experiments,pioreactor01,2026-09-14T17:24:29.638Z,add_media,0.0776751765,UI,2026-09-14 23:09:29.638,1855.047222222222
Pulse experiments,pioreactor01,2026-09-14T17:24:29.886Z,remove_waste,0.0806626833,UI,2026-09-14 23:09:29.886,1855.047222222222
Pulse experiments,pioreactor01,2026-09-14T17:24:30.138Z,add_media,0.0776751765,UI,2026-09-14 23:09:30.138,1855.0475
Pulse experiments,pioreactor01,2026-09-14T17:24:30.387Z,remove_waste,0.0806626833,UI,2026-09-14 23:09:30.387,1855.0475
Pulse experiments,pioreactor01,2026-09-14T17:24:30.639Z,add_media,0.0776751765,UI,2026-09-14 23:09:30.639,1855.0475
Pulse experiments,pioreactor01,2026-09-14T17:24:30.888Z,remove_waste,0.0806626833,UI,2026-09-14 23:09:30.888,1855.0475
Pulse experiments,pioreactor01,2026-09-14T17:24:31.140Z,add_media,0.0776751765,UI,2026-09-14 23:09:31.140,1855.047777777778
Pulse experiments,pioreactor01,2026-09-14T17:24:31.389Z,remove_waste,0.0806626833,UI,2026-09-14 23:09:31.389,1855.047777777778
Pulse experiments,pioreactor01,2026-09-14T17:24:31.641Z,add_media,0.0776751765,UI,2026-09-14 23:09:31.641,1855.047777777778
Pulse experiments,pioreactor01,2026-09-14T17:24:31.890Z,remove_waste,0.0806626833,UI,2026-09-14 23:09:31.890,1855.047777777778
Pulse experiments,pioreactor01,2026-09-14T17:24:32.141Z,add_media,0.0776751765,UI,2026-09-14 23:09:32.141,1855.048055555555
Pulse experiments,pioreactor01,2026-09-14T17:24:32.391Z,remove_waste,0.0806626833,UI,2026-09-14 23:09:32.391,1855.048055555555
Pulse experiments,pioreactor01,2026-09-14T17:24:32.643Z,add_media,0.0776751765,UI,2026-09-14 23:09:32.643,1855.048055555555
Pulse experiments,pioreactor01,2026-09-14T17:24:32.892Z,remove_waste,0.0806626833,UI,2026-09-14 23:09:32.892,1855.048055555555
Pulse experiments,pioreactor01,2026-09-14T17:24:33.144Z,add_media,0.0776751765,UI,2026-09-14 23:09:33.144,1855.048333333333
Pulse experiments,pioreactor01,2026-09-14T17:24:33.393Z,remove_waste,0.0806626833,UI,2026-09-14 23:09:33.393,1855.048333333333
Pulse experiments,pioreactor01,2026-09-14T17:24:33.645Z,add_media,0.0776751765,UI,2026-09-14 23:09:33.645,1855.048333333333
Pulse experiments,pioreactor01,2026-09-14T17:24:33.894Z,remove_waste,0.0806626833,UI,2026-09-14 23:09:33.894,1855.048333333333
Pulse experiments,pioreactor01,2026-09-14T17:24:34.150Z,add_media,0.0776751765,UI,2026-09-14 23:09:34.150,1855.048611111111
Pulse experiments,pioreactor01,2026-09-14T17:24:34.395Z,remove_waste,0.0806626833,UI,2026-09-14 23:09:34.395,1855.048611111111
Pulse experiments,pioreactor01,2026-09-14T17:24:34.651Z,add_media,0.0776751765,UI,2026-09-14 23:09:34.651,1855.048611111111
Pulse experiments,pioreactor01,2026-09-14T17:24:34.896Z,remove_waste,0.0806626833,UI,2026-09-14 23:09:34.896,1855.048611111111
Pulse experiments,pioreactor01,2026-09-14T17:24:35.151Z,add_media,0.0776751765,UI,2026-09-14 23:09:35.151,1855.048888888889
Pulse experiments,pioreactor01,2026-09-14T17:24:35.397Z,remove_waste,0.0806626833,UI,2026-09-14 23:09:35.397,1855.048888888889
Pulse experiments,pioreactor01,2026-09-14T17:24:35.652Z,add_media,0.0776751765,UI,2026-09-14 23:09:35.652,1855.048888888889
Pulse experiments,pioreactor01,2026-09-14T17:24:35.898Z,remove_waste,0.0806626833,UI,2026-09-14 23:09:35.898,1855.048888888889
Pulse experiments,pioreactor01,2026-09-14T17:24:36.153Z,add_media,0.0776751765,UI,2026-09-14 23:09:36.153,1855.049166666667
Pulse experiments,pioreactor01,2026-09-14T17:24:36.399Z,remove_waste,0.0806626833,UI,2026-09-14 23:09:36.399,1855.049166666667
Pulse experiments,pioreactor01,2026-09-14T17:24:36.655Z,add_media,0.0776751765,UI,2026-09-14 23:09:36.655,1855.049166666667
Pulse experiments,pioreactor01,2026-09-14T17:24:36.900Z,remove_waste,0.0806626833,UI,2026-09-14 23:09:36.900,1855.049166666667
Pulse experiments,pioreactor01,2026-09-14T17:24:37.156Z,add_media,0.0776751765,UI,2026-09-14 23:09:37.156,1855.049444444444
Pulse experiments,pioreactor01,2026-09-14T17:24:37.401Z,remove_waste,0.0806626833,UI,2026-09-14 23:09:37.401,1855.049444444444
Pulse experiments,pioreactor01,2026-09-14T17:24:37.657Z,add_media,0.0776751765,UI,2026-09-14 23:09:37.657,1855.049444444444
Pulse experiments,pioreactor01,2026-09-14T17:24:37.901Z,remove_waste,0.0806626833,UI,2026-09-14 23:09:37.901,1855.049444444444
Pulse experiments,pioreactor01,2026-09-14T17:24:38.158Z,add_media,0.0776751765,UI,2026-09-14 23:09:38.158,1855.049722222222
Pulse experiments,pioreactor01,2026-09-14T17:24:38.402Z,remove_waste,0.0806626833,UI,2026-09-14 23:09:38.402,1855.049722222222
Pulse experiments,pioreactor01,2026-09-14T17:24:38.660Z,add_media,0.0776751765,UI,2026-09-14 23:09:38.660,1855.049722222222
Pulse experiments,pioreactor01,2026-09-14T17:24:38.903Z,remove_waste,0.0806626833,UI,2026-09-14 23:09:38.903,1855.049722222222
Pulse experiments,pioreactor01,2026-09-14T17:24:39.163Z,add_media,0.0776751765,UI,2026-09-14 23:09:39.163,1855.05
Pulse experiments,pioreactor01,2026-09-14T17:24:39.404Z,remove_waste,0.0806626833,UI,2026-09-14 23:09:39.404,1855.05
Pulse experiments,pioreactor01,2026-09-14T17:24:39.664Z,add_media,0.0776751765,UI,2026-09-14 23:09:39.664,1855.05
Pulse experiments,pioreactor01,2026-09-14T17:24:39.905Z,remove_waste,0.0806626833,UI,2026-09-14 23:09:39.905,1855.05
Pulse experiments,pioreactor01,2026-09-14T17:24:40.165Z,add_media,0.0776751765,UI,2026-09-14 23:09:40.165,1855.050277777778
Pulse experiments,pioreactor01,2026-09-14T17:24:40.406Z,remove_waste,0.0806626833,UI,2026-09-14 23:09:40.406,1855.050277777778
Pulse experiments,pioreactor01,2026-09-14T17:24:40.666Z,add_media,0.0776751765,UI,2026-09-14 23:09:40.666,1855.050277777778
Pulse experiments,pioreactor01,2026-09-14T17:24:40.908Z,remove_waste,0.0806626833,UI,2026-09-14 23:09:40.908,1855.050277777778
Pulse experiments,pioreactor01,2026-09-14T17:24:41.167Z,add_media,0.0776751765,UI,2026-09-14 23:09:41.167,1855.050555555556
Pulse experiments,pioreactor01,2026-09-14T17:24:41.408Z,remove_waste,0.0806626833,UI,2026-09-14 23:09:41.408,1855.050555555556
Pulse experiments,pioreactor01,2026-09-14T17:24:41.668Z,add_media,0.0776751765,UI,2026-09-14 23:09:41.668,1855.050555555556
Pulse experiments,pioreactor01,2026-09-14T17:24:41.909Z,remove_waste,0.0806626833,UI,2026-09-14 23:09:41.909,1855.050555555556
Pulse experiments,pioreactor01,2026-09-14T17:24:42.169Z,add_media,0.0776751765,UI,2026-09-14 23:09:42.169,1855.050833333333
Pulse experiments,pioreactor01,2026-09-14T17:24:42.410Z,remove_waste,0.0806626833,UI,2026-09-14 23:09:42.410,1855.050833333333
Pulse experiments,pioreactor01,2026-09-14T17:24:42.670Z,add_media,0.0776751765,UI,2026-09-14 23:09:42.670,1855.050833333333
Pulse experiments,pioreactor01,2026-09-14T17:24:42.911Z,remove_waste,0.0806626833,UI,2026-09-14 23:09:42.911,1855.050833333333
Pulse experiments,pioreactor01,2026-09-14T17:24:43.171Z,add_media,0.0776751765,UI,2026-09-14 23:09:43.171,1855.051111111111
Pulse experiments,pioreactor01,2026-09-14T17:24:43.412Z,remove_waste,0.0806626833,UI,2026-09-14 23:09:43.412,1855.051111111111
Pulse experiments,pioreactor01,2026-09-14T17:24:43.672Z,add_media,0.0776751765,UI,2026-09-14 23:09:43.672,1855.051111111111
Pulse experiments,pioreactor01,2026-09-14T17:24:43.913Z,remove_waste,0.0806626833,UI,2026-09-14 23:09:43.913,1855.051111111111
Pulse experiments,pioreactor01,2026-09-14T17:24:44.174Z,add_media,0.0776751765,UI,2026-09-14 23:09:44.174,1855.051388888889
Pulse experiments,pioreactor01,2026-09-14T17:24:44.414Z,remove_waste,0.0806626833,UI,2026-09-14 23:09:44.414,1855.051388888889
Pulse experiments,pioreactor01,2026-09-14T17:24:44.675Z,add_media,0.0776751765,UI,2026-09-14 23:09:44.675,1855.051388888889
Pulse experiments,pioreactor01,2026-09-14T17:24:44.914Z,remove_waste,0.0806626833,UI,2026-09-14 23:09:44.914,1855.051388888889
Pulse experiments,pioreactor01,2026-09-14T17:24:45.176Z,add_media,0.0776751765,UI,2026-09-14 23:09:45.176,1855.051666666667
Pulse experiments,pioreactor01,2026-09-14T17:24:45.416Z,remove_waste,0.0806626833,UI,2026-09-14 23:09:45.416,1855.051666666667
Pulse experiments,pioreactor01,2026-09-14T17:24:45.677Z,add_media,0.0776751765,UI,2026-09-14 23:09:45.677,1855.051666666667
Pulse experiments,pioreactor01,2026-09-14T17:24:45.917Z,remove_waste,0.0806626833,UI,2026-09-14 23:09:45.917,1855.051666666667
Pulse experiments,pioreactor01,2026-09-14T17:24:46.178Z,add_media,0.0776751765,UI,2026-09-14 23:09:46.178,1855.051944444444
Pulse experiments,pioreactor01,2026-09-14T17:24:46.419Z,remove_waste,0.0806626833,UI,2026-09-14 23:09:46.419,1855.051944444444
Pulse experiments,pioreactor01,2026-09-14T17:24:46.679Z,add_media,0.0776751765,UI,2026-09-14 23:09:46.679,1855.051944444444
Pulse experiments,pioreactor01,2026-09-14T17:24:46.920Z,remove_waste,0.0806626833,UI,2026-09-14 23:09:46.920,1855.051944444444
Pulse experiments,pioreactor01,2026-09-14T17:24:47.179Z,add_media,0.0776751765,UI,2026-09-14 23:09:47.179,1855.052222222222
Pulse experiments,pioreactor01,2026-09-14T17:24:47.421Z,remove_waste,0.0806626833,UI,2026-09-14 23:09:47.421,1855.052222222222
Pulse experiments,pioreactor01,2026-09-14T17:24:47.680Z,add_media,0.0776751765,UI,2026-09-14 23:09:47.680,1855.052222222222
Pulse experiments,pioreactor01,2026-09-14T17:24:47.921Z,remove_waste,0.0806626833,UI,2026-09-14 23:09:47.921,1855.052222222222
Pulse experiments,pioreactor01,2026-09-14T17:24:48.181Z,add_media,0.0776751765,UI,2026-09-14 23:09:48.181,1855.0525
Pulse experiments,pioreactor01,2026-09-14T17:24:48.422Z,remove_waste,0.0806626833,UI,2026-09-14 23:09:48.422,1855.0525
Pulse experiments,pioreactor01,2026-09-14T17:24:48.683Z,add_media,0.0776751765,UI,2026-09-14 23:09:48.683,1855.0525
Pulse experiments,pioreactor01,2026-09-14T17:24:48.923Z,remove_waste,0.0806626833,UI,2026-09-14 23:09:48.923,1855.0525
Pulse experiments,pioreactor01,2026-09-14T17:24:49.184Z,add_media,0.0776751765,UI,2026-09-14 23:09:49.184,1855.052777777778
Pulse experiments,pioreactor01,2026-09-14T17:24:49.424Z,remove_waste,0.0806626833,UI,2026-09-14 23:09:49.424,1855.052777777778
Pulse experiments,pioreactor01,2026-09-14T17:24:49.685Z,add_media,0.0776751765,UI,2026-09-14 23:09:49.685,1855.052777777778
Pulse experiments,pioreactor01,2026-09-14T17:24:49.924Z,remove_waste,0.0806626833,UI,2026-09-14 23:09:49.924,1855.052777777778
Pulse experiments,pioreactor01,2026-09-14T17:24:50.186Z,add_media,0.0776751765,UI,2026-09-14 23:09:50.186,1855.053055555556
Pulse experiments,pioreactor01,2026-09-14T17:24:50.425Z,remove_waste,0.0806626833,UI,2026-09-14 23:09:50.425,1855.053055555556
Pulse experiments,pioreactor01,2026-09-14T17:24:50.687Z,add_media,0.0776751765,UI,2026-09-14 23:09:50.687,1855.053055555556
Pulse experiments,pioreactor01,2026-09-14T17:24:50.926Z,remove_waste,0.0806626833,UI,2026-09-14 23:09:50.926,1855.053055555556
Pulse experiments,pioreactor01,2026-09-14T17:24:51.187Z,add_media,0.0776751765,UI,2026-09-14 23:09:51.187,1855.053333333333
Pulse experiments,pioreactor01,2026-09-14T17:24:51.428Z,remove_waste,0.0806626833,UI,2026-09-14 23:09:51.428,1855.053333333333
Pulse experiments,pioreactor01,2026-09-14T17:24:51.688Z,add_media,0.0776751765,UI,2026-09-14 23:09:51.688,1855.053333333333
Pulse experiments,pioreactor01,2026-09-14T17:24:51.929Z,remove_waste,0.0806626833,UI,2026-09-14 23:09:51.929,1855.053333333333
Pulse experiments,pioreactor01,2026-09-14T17:24:52.190Z,add_media,0.0776751765,UI,2026-09-14 23:09:52.190,1855.053611111111
Pulse experiments,pioreactor01,2026-09-14T17:24:52.430Z,remove_waste,0.0806626833,UI,2026-09-14 23:09:52.430,1855.053611111111
Pulse experiments,pioreactor01,2026-09-14T17:24:52.690Z,add_media,0.0776751765,UI,2026-09-14 23:09:52.690,1855.053611111111
Pulse experiments,pioreactor01,2026-09-14T17:24:52.931Z,remove_waste,0.0806626833,UI,2026-09-14 23:09:52.931,1855.053611111111
Pulse experiments,pioreactor01,2026-09-14T17:24:53.191Z,add_media,0.0776751765,UI,2026-09-14 23:09:53.191,1855.053888888889
Pulse experiments,pioreactor01,2026-09-14T17:24:53.432Z,remove_waste,0.0806626833,UI,2026-09-14 23:09:53.432,1855.053888888889
Pulse experiments,pioreactor01,2026-09-14T17:24:53.692Z,add_media,0.0776751765,UI,2026-09-14 23:09:53.692,1855.053888888889
Pulse experiments,pioreactor01,2026-09-14T17:24:53.932Z,remove_waste,0.0806626833,UI,2026-09-14 23:09:53.932,1855.053888888889
Pulse experiments,pioreactor01,2026-09-14T17:24:54.194Z,add_media,0.0776751765,UI,2026-09-14 23:09:54.194,1855.054166666667
Pulse experiments,pioreactor01,2026-09-14T17:24:54.434Z,remove_waste,0.0806626833,UI,2026-09-14 23:09:54.434,1855.054166666667
Pulse experiments,pioreactor01,2026-09-14T17:24:54.695Z,add_media,0.0776751765,UI,2026-09-14 23:09:54.695,1855.054166666667
Pulse experiments,pioreactor01,2026-09-14T17:24:54.934Z,remove_waste,0.0806626833,UI,2026-09-14 23:09:54.934,1855.054166666667
Pulse experiments,pioreactor01,2026-09-14T17:24:55.196Z,add_media,0.0776751765,UI,2026-09-14 23:09:55.196,1855.054444444444
Pulse experiments,pioreactor01,2026-09-14T17:24:55.436Z,remove_waste,0.0806626833,UI,2026-09-14 23:09:55.436,1855.054444444444
Pulse experiments,pioreactor01,2026-09-14T17:24:55.697Z,add_media,0.0776751765,UI,2026-09-14 23:09:55.697,1855.054444444444
Pulse experiments,pioreactor01,2026-09-14T17:24:55.937Z,remove_waste,0.0806626833,UI,2026-09-14 23:09:55.937,1855.054444444444
Pulse experiments,pioreactor01,2026-09-14T17:24:56.198Z,add_media,0.0776751765,UI,2026-09-14 23:09:56.198,1855.054722222222
Pulse experiments,pioreactor01,2026-09-14T17:24:56.438Z,remove_waste,0.0806626833,UI,2026-09-14 23:09:56.438,1855.054722222222
Pulse experiments,pioreactor01,2026-09-14T17:24:56.699Z,add_media,0.0776751765,UI,2026-09-14 23:09:56.699,1855.054722222222
Pulse experiments,pioreactor01,2026-09-14T17:24:56.939Z,remove_waste,0.0806626833,UI,2026-09-14 23:09:56.939,1855.054722222222
Pulse experiments,pioreactor01,2026-09-14T17:24:57.199Z,add_media,0.0776751765,UI,2026-09-14 23:09:57.199,1855.055
Pulse experiments,pioreactor01,2026-09-14T17:24:57.439Z,remove_waste,0.0806626833,UI,2026-09-14 23:09:57.439,1855.055
Pulse experiments,pioreactor01,2026-09-14T17:24:57.701Z,add_media,0.0776751765,UI,2026-09-14 23:09:57.701,1855.055
Pulse experiments,pioreactor01,2026-09-14T17:24:57.940Z,remove_waste,0.0806626833,UI,2026-09-14 23:09:57.940,1855.055
Pulse experiments,pioreactor01,2026-09-14T17:24:58.202Z,add_media,0.0776751765,UI,2026-09-14 23:09:58.202,1855.055277777778
Pulse experiments,pioreactor01,2026-09-14T17:24:58.441Z,remove_waste,0.0806626833,UI,2026-09-14 23:09:58.441,1855.055277777778
Pulse experiments,pioreactor01,2026-09-14T17:24:58.702Z,add_media,0.0776751765,UI,2026-09-14 23:09:58.702,1855.055277777778
Pulse experiments,pioreactor01,2026-09-14T17:24:58.942Z,remove_waste,0.0806626833,UI,2026-09-14 23:09:58.942,1855.055277777778
Pulse experiments,pioreactor01,2026-09-14T17:24:59.203Z,add_media,0.0776751765,UI,2026-09-14 23:09:59.203,1855.055555555556
Pulse experiments,pioreactor01,2026-09-14T17:24:59.445Z,remove_waste,0.0806626833,UI,2026-09-14 23:09:59.445,1855.055555555556
Pulse experiments,pioreactor01,2026-09-14T17:24:59.707Z,add_media,0.0776751765,UI,2026-09-14 23:09:59.707,1855.055555555556
Pulse experiments,pioreactor01,2026-09-14T17:24:59.946Z,remove_waste,0.0806626833,UI,2026-09-14 23:09:59.946,1855.055555555556
Pulse experiments,pioreactor01,2026-09-14T17:25:00.208Z,add_media,0.0776751765,UI,2026-09-14 23:10:00.208,1855.055833333333
Pulse experiments,pioreactor01,2026-09-14T17:25:00.446Z,remove_waste,0.0806626833,UI,2026-09-14 23:10:00.446,1855.055833333333
Pulse experiments,pioreactor01,2026-09-14T17:25:00.709Z,add_media,0.0776751765,UI,2026-09-14 23:10:00.709,1855.055833333333
Pulse experiments,pioreactor01,2026-09-14T17:25:00.947Z,remove_waste,0.0806626833,UI,2026-09-14 23:10:00.947,1855.055833333333
Pulse experiments,pioreactor01,2026-09-14T17:25:01.210Z,add_media,0.0776751765,UI,2026-09-14 23:10:01.210,1855.056111111111
Pulse experiments,pioreactor01,2026-09-14T17:25:01.449Z,remove_waste,0.0806626833,UI,2026-09-14 23:10:01.449,1855.056111111111
Pulse experiments,pioreactor01,2026-09-14T17:25:01.711Z,add_media,0.0776751765,UI,2026-09-14 23:10:01.711,1855.056111111111
Pulse experiments,pioreactor01,2026-09-14T17:25:01.949Z,remove_waste,0.0806626833,UI,2026-09-14 23:10:01.949,1855.056111111111
Pulse experiments,pioreactor01,2026-09-14T17:25:02.212Z,add_media,0.0776751765,UI,2026-09-14 23:10:02.212,1855.056388888889
Pulse experiments,pioreactor01,2026-09-14T17:25:02.451Z,remove_waste,0.0806626833,UI,2026-09-14 23:10:02.451,1855.056388888889
Pulse experiments,pioreactor01,2026-09-14T17:25:02.713Z,add_media,0.0776751765,UI,2026-09-14 23:10:02.713,1855.056388888889
Pulse experiments,pioreactor01,2026-09-14T17:25:02.951Z,remove_waste,0.0806626833,UI,2026-09-14 23:10:02.951,1855.056388888889
Pulse experiments,pioreactor01,2026-09-14T17:25:03.215Z,add_media,0.0776751765,UI,2026-09-14 23:10:03.215,1855.056666666667
Pulse experiments,pioreactor01,2026-09-14T17:25:03.452Z,remove_waste,0.0806626833,UI,2026-09-14 23:10:03.452,1855.056666666667
Pulse experiments,pioreactor01,2026-09-14T17:25:03.716Z,add_media,0.0776751765,UI,2026-09-14 23:10:03.716,1855.056666666667
Pulse experiments,pioreactor01,2026-09-14T17:25:03.953Z,remove_waste,0.0806626833,UI,2026-09-14 23:10:03.953,1855.056666666667
Pulse experiments,pioreactor01,2026-09-14T17:25:04.217Z,add_media,0.0776751765,UI,2026-09-14 23:10:04.217,1855.056944444445
Pulse experiments,pioreactor01,2026-09-14T17:25:04.455Z,remove_waste,0.0806626833,UI,2026-09-14 23:10:04.455,1855.056944444445
Pulse experiments,pioreactor01,2026-09-14T17:25:04.718Z,add_media,0.0776751765,UI,2026-09-14 23:10:04.718,1855.056944444445
Pulse experiments,pioreactor01,2026-09-14T17:25:04.956Z,remove_waste,0.0806626833,UI,2026-09-14 23:10:04.956,1855.056944444445
Pulse experiments,pioreactor01,2026-09-14T17:25:05.222Z,add_media,0.0776751765,UI,2026-09-14 23:10:05.222,1855.057222222222
Pulse experiments,pioreactor01,2026-09-14T17:25:05.457Z,remove_waste,0.0806626833,UI,2026-09-14 23:10:05.457,1855.057222222222
Pulse experiments,pioreactor01,2026-09-14T17:25:05.724Z,add_media,0.0776751765,UI,2026-09-14 23:10:05.724,1855.057222222222
Pulse experiments,pioreactor01,2026-09-14T17:25:05.958Z,remove_waste,0.0806626833,UI,2026-09-14 23:10:05.958,1855.057222222222
Pulse experiments,pioreactor01,2026-09-14T17:25:06.226Z,add_media,0.0776751765,UI,2026-09-14 23:10:06.226,1855.0575
Pulse experiments,pioreactor01,2026-09-14T17:25:06.459Z,remove_waste,0.0806626833,UI,2026-09-14 23:10:06.459,1855.0575
Pulse experiments,pioreactor01,2026-09-14T17:25:06.727Z,add_media,0.0776751765,UI,2026-09-14 23:10:06.727,1855.0575
Pulse experiments,pioreactor01,2026-09-14T17:25:06.960Z,remove_waste,0.0806626833,UI,2026-09-14 23:10:06.960,1855.0575
Pulse experiments,pioreactor01,2026-09-14T17:25:07.227Z,add_media,0.0776751765,UI,2026-09-14 23:10:07.227,1855.057777777778
Pulse experiments,pioreactor01,2026-09-14T17:25:07.462Z,remove_waste,0.0806626833,UI,2026-09-14 23:10:07.462,1855.057777777778
Pulse experiments,pioreactor01,2026-09-14T17:25:07.728Z,add_media,0.0776751765,UI,2026-09-14 23:10:07.728,1855.057777777778
Pulse experiments,pioreactor01,2026-09-14T17:25:07.963Z,remove_waste,0.0806626833,UI,2026-09-14 23:10:07.963,1855.057777777778
Pulse experiments,pioreactor01,2026-09-14T17:25:08.230Z,add_media,0.0776751765,UI,2026-09-14 23:10:08.230,1855.058055555555
Pulse experiments,pioreactor01,2026-09-14T17:25:08.465Z,remove_waste,0.0806626833,UI,2026-09-14 23:10:08.465,1855.058055555555
Pulse experiments,pioreactor01,2026-09-14T17:25:08.731Z,add_media,0.0776751765,UI,2026-09-14 23:10:08.731,1855.058055555555
Pulse experiments,pioreactor01,2026-09-14T17:25:08.966Z,remove_waste,0.0806626833,UI,2026-09-14 23:10:08.966,1855.058055555555
Pulse experiments,pioreactor01,2026-09-14T17:25:09.232Z,add_media,0.0776751765,UI,2026-09-14 23:10:09.232,1855.058333333333
Pulse experiments,pioreactor01,2026-09-14T17:25:09.467Z,remove_waste,0.0806626833,UI,2026-09-14 23:10:09.467,1855.058333333333
Pulse experiments,pioreactor01,2026-09-14T17:25:09.733Z,add_media,0.0776751765,UI,2026-09-14 23:10:09.733,1855.058333333333
Pulse experiments,pioreactor01,2026-09-14T17:25:09.968Z,remove_waste,0.0806626833,UI,2026-09-14 23:10:09.968,1855.058333333333
Pulse experiments,pioreactor01,2026-09-14T17:25:10.234Z,add_media,0.0776751765,UI,2026-09-14 23:10:10.234,1855.058611111111
Pulse experiments,pioreactor01,2026-09-14T17:25:10.469Z,remove_waste,0.0806626833,UI,2026-09-14 23:10:10.469,1855.058611111111
Pulse experiments,pioreactor01,2026-09-14T17:25:10.734Z,add_media,0.0776751765,UI,2026-09-14 23:10:10.734,1855.058611111111
Pulse experiments,pioreactor01,2026-09-14T17:25:10.970Z,remove_waste,0.0806626833,UI,2026-09-14 23:10:10.970,1855.058611111111
Pulse experiments,pioreactor01,2026-09-14T17:25:11.236Z,add_media,0.0776751765,UI,2026-09-14 23:10:11.236,1855.058888888889
Pulse experiments,pioreactor01,2026-09-14T17:25:11.471Z,remove_waste,0.0806626833,UI,2026-09-14 23:10:11.471,1855.058888888889
Pulse experiments,pioreactor01,2026-09-14T17:25:11.737Z,add_media,0.0776751765,UI,2026-09-14 23:10:11.737,1855.058888888889
Pulse experiments,pioreactor01,2026-09-14T17:25:11.972Z,remove_waste,0.0806626833,UI,2026-09-14 23:10:11.972,1855.058888888889
Pulse experiments,pioreactor01,2026-09-14T17:25:12.238Z,add_media,0.0776751765,UI,2026-09-14 23:10:12.238,1855.059166666667
Pulse experiments,pioreactor01,2026-09-14T17:25:12.473Z,remove_waste,0.0806626833,UI,2026-09-14 23:10:12.473,1855.059166666667
Pulse experiments,pioreactor01,2026-09-14T17:25:12.739Z,add_media,0.0776751765,UI,2026-09-14 23:10:12.739,1855.059166666667
Pulse experiments,pioreactor01,2026-09-14T17:25:12.974Z,remove_waste,0.0806626833,UI,2026-09-14 23:10:12.974,1855.059166666667
Pulse experiments,pioreactor01,2026-09-14T17:25:13.240Z,add_media,0.0776751765,UI,2026-09-14 23:10:13.240,1855.059444444444
Pulse experiments,pioreactor01,2026-09-14T17:25:13.474Z,remove_waste,0.0806626833,UI,2026-09-14 23:10:13.474,1855.059444444444
Pulse experiments,pioreactor01,2026-09-14T17:25:13.741Z,add_media,0.0776751765,UI,2026-09-14 23:10:13.741,1855.059444444444
Pulse experiments,pioreactor01,2026-09-14T17:25:13.976Z,remove_waste,0.0806626833,UI,2026-09-14 23:10:13.976,1855.059444444444
Pulse experiments,pioreactor01,2026-09-14T17:25:14.242Z,add_media,0.0776751765,UI,2026-09-14 23:10:14.242,1855.059722222222
Pulse experiments,pioreactor01,2026-09-14T17:25:14.477Z,remove_waste,0.0806626833,UI,2026-09-14 23:10:14.477,1855.059722222222
Pulse experiments,pioreactor01,2026-09-14T17:25:14.743Z,add_media,0.0776751765,UI,2026-09-14 23:10:14.743,1855.059722222222
Pulse experiments,pioreactor01,2026-09-14T17:25:14.978Z,remove_waste,0.0806626833,UI,2026-09-14 23:10:14.978,1855.059722222222
Pulse experiments,pioreactor01,2026-09-14T17:25:15.245Z,add_media,0.0776751765,UI,2026-09-14 23:10:15.245,1855.06
Pulse experiments,pioreactor01,2026-09-14T17:25:15.479Z,remove_waste,0.0806626833,UI,2026-09-14 23:10:15.479,1855.06
Pulse experiments,pioreactor01,2026-09-14T17:25:15.746Z,add_media,0.0776751765,UI,2026-09-14 23:10:15.746,1855.06
Pulse experiments,pioreactor01,2026-09-14T17:25:15.980Z,remove_waste,0.0806626833,UI,2026-09-14 23:10:15.980,1855.06
Pulse experiments,pioreactor01,2026-09-14T17:25:16.247Z,add_media,0.0776751765,UI,2026-09-14 23:10:16.247,1855.060277777778
Pulse experiments,pioreactor01,2026-09-14T17:25:16.481Z,remove_waste,0.0806626833,UI,2026-09-14 23:10:16.481,1855.060277777778
Pulse experiments,pioreactor01,2026-09-14T17:25:16.748Z,add_media,0.0776751765,UI,2026-09-14 23:10:16.748,1855.060277777778
Pulse experiments,pioreactor01,2026-09-14T17:25:16.982Z,remove_waste,0.0806626833,UI,2026-09-14 23:10:16.982,1855.060277777778
Pulse experiments,pioreactor01,2026-09-14T17:25:17.249Z,add_media,0.0776751765,UI,2026-09-14 23:10:17.249,1855.060555555556
Pulse experiments,pioreactor01,2026-09-14T17:25:17.483Z,remove_waste,0.0806626833,UI,2026-09-14 23:10:17.483,1855.060555555556
Pulse experiments,pioreactor01,2026-09-14T17:25:17.750Z,add_media,0.0776751765,UI,2026-09-14 23:10:17.750,1855.060555555556
Pulse experiments,pioreactor01,2026-09-14T17:25:17.984Z,remove_waste,0.0806626833,UI,2026-09-14 23:10:17.984,1855.060555555556
Pulse experiments,pioreactor01,2026-09-14T17:25:18.255Z,add_media,0.0776751765,UI,2026-09-14 23:10:18.255,1855.060833333333
Pulse experiments,pioreactor01,2026-09-14T17:25:18.485Z,remove_waste,0.0806626833,UI,2026-09-14 23:10:18.485,1855.060833333333
Pulse experiments,pioreactor01,2026-09-14T17:25:18.756Z,add_media,0.0776751765,UI,2026-09-14 23:10:18.756,1855.060833333333
Pulse experiments,pioreactor01,2026-09-14T17:25:18.986Z,remove_waste,0.0806626833,UI,2026-09-14 23:10:18.986,1855.060833333333
Pulse experiments,pioreactor01,2026-09-14T17:25:19.257Z,add_media,0.0776751765,UI,2026-09-14 23:10:19.257,1855.061111111111
Pulse experiments,pioreactor01,2026-09-14T17:25:19.487Z,remove_waste,0.0806626833,UI,2026-09-14 23:10:19.487,1855.061111111111
Pulse experiments,pioreactor01,2026-09-14T17:25:19.758Z,add_media,0.0776751765,UI,2026-09-14 23:10:19.758,1855.061111111111
Pulse experiments,pioreactor01,2026-09-14T17:25:19.989Z,remove_waste,0.0806626833,UI,2026-09-14 23:10:19.989,1855.061111111111
Pulse experiments,pioreactor01,2026-09-14T17:25:20.259Z,add_media,0.0776751765,UI,2026-09-14 23:10:20.259,1855.061388888889
Pulse experiments,pioreactor01,2026-09-14T17:25:20.490Z,remove_waste,0.0806626833,UI,2026-09-14 23:10:20.490,1855.061388888889
Pulse experiments,pioreactor01,2026-09-14T17:25:20.759Z,add_media,0.0776751765,UI,2026-09-14 23:10:20.759,1855.061388888889
Pulse experiments,pioreactor01,2026-09-14T17:25:20.991Z,remove_waste,0.0806626833,UI,2026-09-14 23:10:20.991,1855.061388888889
Pulse experiments,pioreactor01,2026-09-14T17:25:21.260Z,add_media,0.0776751765,UI,2026-09-14 23:10:21.260,1855.061666666667
Pulse experiments,pioreactor01,2026-09-14T17:25:21.492Z,remove_waste,0.0806626833,UI,2026-09-14 23:10:21.492,1855.061666666667
Pulse experiments,pioreactor01,2026-09-14T17:25:21.761Z,add_media,0.0776751765,UI,2026-09-14 23:10:21.761,1855.061666666667
Pulse experiments,pioreactor01,2026-09-14T17:25:21.993Z,remove_waste,0.0806626833,UI,2026-09-14 23:10:21.993,1855.061666666667
Pulse experiments,pioreactor01,2026-09-14T17:25:22.262Z,add_media,0.0776751765,UI,2026-09-14 23:10:22.262,1855.061944444444
Pulse experiments,pioreactor01,2026-09-14T17:25:22.494Z,remove_waste,0.0806626833,UI,2026-09-14 23:10:22.494,1855.061944444444
Pulse experiments,pioreactor01,2026-09-14T17:25:22.763Z,add_media,0.0776751765,UI,2026-09-14 23:10:22.763,1855.061944444444
Pulse experiments,pioreactor01,2026-09-14T17:25:22.997Z,remove_waste,0.0806626833,UI,2026-09-14 23:10:22.997,1855.061944444444
Pulse experiments,pioreactor01,2026-09-14T17:25:23.264Z,add_media,0.0776751765,UI,2026-09-14 23:10:23.264,1855.062222222222
Pulse experiments,pioreactor01,2026-09-14T17:25:23.497Z,remove_waste,0.0806626833,UI,2026-09-14 23:10:23.497,1855.062222222222
Pulse experiments,pioreactor01,2026-09-14T17:25:23.765Z,add_media,0.0776751765,UI,2026-09-14 23:10:23.765,1855.062222222222
Pulse experiments,pioreactor01,2026-09-14T17:25:23.998Z,remove_waste,0.0806626833,UI,2026-09-14 23:10:23.998,1855.062222222222
Pulse experiments,pioreactor01,2026-09-14T17:25:24.266Z,add_media,0.0776751765,UI,2026-09-14 23:10:24.266,1855.0625
Pulse experiments,pioreactor01,2026-09-14T17:25:24.499Z,remove_waste,0.0806626833,UI,2026-09-14 23:10:24.499,1855.0625
Pulse experiments,pioreactor01,2026-09-14T17:25:24.767Z,add_media,0.0776751765,UI,2026-09-14 23:10:24.767,1855.0625
Pulse experiments,pioreactor01,2026-09-14T17:25:25.000Z,remove_waste,0.0806626833,UI,2026-09-14 23:10:25.000,1855.062777777778
Pulse experiments,pioreactor01,2026-09-14T17:25:25.268Z,add_media,0.0776751765,UI,2026-09-14 23:10:25.268,1855.062777777778
Pulse experiments,pioreactor01,2026-09-14T17:25:25.501Z,remove_waste,0.0806626833,UI,2026-09-14 23:10:25.501,1855.062777777778
Pulse experiments,pioreactor01,2026-09-14T17:25:25.769Z,add_media,0.0776751765,UI,2026-09-14 23:10:25.769,1855.062777777778
Pulse experiments,pioreactor01,2026-09-14T17:25:26.002Z,remove_waste,0.0806626833,UI,2026-09-14 23:10:26.002,1855.063055555556
Pulse experiments,pioreactor01,2026-09-14T17:25:26.270Z,add_media,0.0776751765,UI,2026-09-14 23:10:26.270,1855.063055555556
Pulse experiments,pioreactor01,2026-09-14T17:25:26.503Z,remove_waste,0.0806626833,UI,2026-09-14 23:10:26.503,1855.063055555556
Pulse experiments,pioreactor01,2026-09-14T17:25:26.770Z,add_media,0.0776751765,UI,2026-09-14 23:10:26.770,1855.063055555556
Pulse experiments,pioreactor01,2026-09-14T17:25:27.004Z,remove_waste,0.0806626833,UI,2026-09-14 23:10:27.004,1855.063333333333
Pulse experiments,pioreactor01,2026-09-14T17:25:27.272Z,add_media,0.0776751765,UI,2026-09-14 23:10:27.272,1855.063333333333
Pulse experiments,pioreactor01,2026-09-14T17:25:27.506Z,remove_waste,0.0806626833,UI,2026-09-14 23:10:27.506,1855.063333333333
Pulse experiments,pioreactor01,2026-09-14T17:25:27.772Z,add_media,0.0776751765,UI,2026-09-14 23:10:27.772,1855.063333333333
Pulse experiments,pioreactor01,2026-09-14T17:25:28.007Z,remove_waste,0.0806626833,UI,2026-09-14 23:10:28.007,1855.063611111111
Pulse experiments,pioreactor01,2026-09-14T17:25:28.274Z,add_media,0.0776751765,UI,2026-09-14 23:10:28.274,1855.063611111111
Pulse experiments,pioreactor01,2026-09-14T17:25:28.508Z,remove_waste,0.0806626833,UI,2026-09-14 23:10:28.508,1855.063611111111
Pulse experiments,pioreactor01,2026-09-14T17:25:28.774Z,add_media,0.0776751765,UI,2026-09-14 23:10:28.774,1855.063611111111
Pulse experiments,pioreactor01,2026-09-14T17:25:29.009Z,remove_waste,0.0806626833,UI,2026-09-14 23:10:29.009,1855.063888888889
Pulse experiments,pioreactor01,2026-09-14T17:25:29.275Z,add_media,0.0776751765,UI,2026-09-14 23:10:29.275,1855.063888888889
Pulse experiments,pioreactor01,2026-09-14T17:25:29.510Z,remove_waste,0.0806626833,UI,2026-09-14 23:10:29.510,1855.063888888889
Pulse experiments,pioreactor01,2026-09-14T17:25:29.776Z,add_media,0.0776751765,UI,2026-09-14 23:10:29.776,1855.063888888889
Pulse experiments,pioreactor01,2026-09-14T17:25:30.014Z,remove_waste,0.0806626833,UI,2026-09-14 23:10:30.014,1855.064166666667
Pulse experiments,pioreactor01,2026-09-14T17:25:30.277Z,add_media,0.0776751765,UI,2026-09-14 23:10:30.277,1855.064166666667
Pulse experiments,pioreactor01,2026-09-14T17:25:30.515Z,remove_waste,0.0806626833,UI,2026-09-14 23:10:30.515,1855.064166666667
Pulse experiments,pioreactor01,2026-09-14T17:25:30.778Z,add_media,0.0776751765,UI,2026-09-14 23:10:30.778,1855.064166666667
Pulse experiments,pioreactor01,2026-09-14T17:25:31.016Z,remove_waste,0.0806626833,UI,2026-09-14 23:10:31.016,1855.064444444444
Pulse experiments,pioreactor01,2026-09-14T17:25:31.279Z,add_media,0.0776751765,UI,2026-09-14 23:10:31.279,1855.064444444444
Pulse experiments,pioreactor01,2026-09-14T17:25:31.517Z,remove_waste,0.0806626833,UI,2026-09-14 23:10:31.517,1855.064444444444
Pulse experiments,pioreactor01,2026-09-14T17:25:31.780Z,add_media,0.0776751765,UI,2026-09-14 23:10:31.780,1855.064444444444
Pulse experiments,pioreactor01,2026-09-14T17:25:32.018Z,remove_waste,0.0806626833,UI,2026-09-14 23:10:32.018,1855.064722222222
Pulse experiments,pioreactor01,2026-09-14T17:25:32.281Z,add_media,0.0776751765,UI,2026-09-14 23:10:32.281,1855.064722222222
Pulse experiments,pioreactor01,2026-09-14T17:25:32.519Z,remove_waste,0.0806626833,UI,2026-09-14 23:10:32.519,1855.064722222222
Pulse experiments,pioreactor01,2026-09-14T17:25:32.782Z,add_media,0.0776751765,UI,2026-09-14 23:10:32.782,1855.064722222222
Pulse experiments,pioreactor01,2026-09-14T17:25:33.020Z,remove_waste,0.0806626833,UI,2026-09-14 23:10:33.020,1855.065
Pulse experiments,pioreactor01,2026-09-14T17:25:33.283Z,add_media,0.0776751765,UI,2026-09-14 23:10:33.283,1855.065
Pulse experiments,pioreactor01,2026-09-14T17:25:33.521Z,remove_waste,0.0806626833,UI,2026-09-14 23:10:33.521,1855.065
Pulse experiments,pioreactor01,2026-09-14T17:25:33.784Z,add_media,0.0776751765,UI,2026-09-14 23:10:33.784,1855.065
Pulse experiments,pioreactor01,2026-09-14T17:25:34.022Z,remove_waste,0.0806626833,UI,2026-09-14 23:10:34.022,1855.065277777778
Pulse experiments,pioreactor01,2026-09-14T17:25:34.285Z,add_media,0.0776751765,UI,2026-09-14 23:10:34.285,1855.065277777778
Pulse experiments,pioreactor01,2026-09-14T17:25:34.527Z,remove_waste,0.0806626833,UI,2026-09-14 23:10:34.527,1855.065277777778
Pulse experiments,pioreactor01,2026-09-14T17:25:34.786Z,add_media,0.0776751765,UI,2026-09-14 23:10:34.786,1855.065277777778
Pulse experiments,pioreactor01,2026-09-14T17:25:35.029Z,remove_waste,0.0806626833,UI,2026-09-14 23:10:35.029,1855.065555555556
Pulse experiments,pioreactor01,2026-09-14T17:25:35.287Z,add_media,0.0776751765,UI,2026-09-14 23:10:35.287,1855.065555555556
Pulse experiments,pioreactor01,2026-09-14T17:25:35.530Z,remove_waste,0.0806626833,UI,2026-09-14 23:10:35.530,1855.065555555556
Pulse experiments,pioreactor01,2026-09-14T17:25:35.789Z,add_media,0.0776751765,UI,2026-09-14 23:10:35.789,1855.065555555556
Pulse experiments,pioreactor01,2026-09-14T17:25:36.030Z,remove_waste,0.0806626833,UI,2026-09-14 23:10:36.030,1855.065833333333
Pulse experiments,pioreactor01,2026-09-14T17:25:36.290Z,add_media,0.0776751765,UI,2026-09-14 23:10:36.290,1855.065833333333
Pulse experiments,pioreactor01,2026-09-14T17:25:36.531Z,remove_waste,0.0806626833,UI,2026-09-14 23:10:36.531,1855.065833333333
Pulse experiments,pioreactor01,2026-09-14T17:25:36.791Z,add_media,0.0776751765,UI,2026-09-14 23:10:36.791,1855.065833333333
Pulse experiments,pioreactor01,2026-09-14T17:25:37.032Z,remove_waste,0.0806626833,UI,2026-09-14 23:10:37.032,1855.066111111111
Pulse experiments,pioreactor01,2026-09-14T17:25:37.292Z,add_media,0.0776751765,UI,2026-09-14 23:10:37.292,1855.066111111111
Pulse experiments,pioreactor01,2026-09-14T17:25:37.533Z,remove_waste,0.0806626833,UI,2026-09-14 23:10:37.533,1855.066111111111
Pulse experiments,pioreactor01,2026-09-14T17:25:37.793Z,add_media,0.0776751765,UI,2026-09-14 23:10:37.793,1855.066111111111
Pulse experiments,pioreactor01,2026-09-14T17:25:38.033Z,remove_waste,0.0806626833,UI,2026-09-14 23:10:38.033,1855.066388888889
Pulse experiments,pioreactor01,2026-09-14T17:25:38.294Z,add_media,0.0776751765,UI,2026-09-14 23:10:38.294,1855.066388888889
Pulse experiments,pioreactor01,2026-09-14T17:25:38.534Z,remove_waste,0.0806626833,UI,2026-09-14 23:10:38.534,1855.066388888889
Pulse experiments,pioreactor01,2026-09-14T17:25:38.795Z,add_media,0.0776751765,UI,2026-09-14 23:10:38.795,1855.066388888889
Pulse experiments,pioreactor01,2026-09-14T17:25:39.035Z,remove_waste,0.0806626833,UI,2026-09-14 23:10:39.035,1855.066666666667
Pulse experiments,pioreactor01,2026-09-14T17:25:39.295Z,add_media,0.0776751765,UI,2026-09-14 23:10:39.295,1855.066666666667
Pulse experiments,pioreactor01,2026-09-14T17:25:39.536Z,remove_waste,0.0806626833,UI,2026-09-14 23:10:39.536,1855.066666666667
Pulse experiments,pioreactor01,2026-09-14T17:25:39.796Z,add_media,0.0776751765,UI,2026-09-14 23:10:39.796,1855.066666666667
Pulse experiments,pioreactor01,2026-09-14T17:25:40.036Z,remove_waste,0.0806626833,UI,2026-09-14 23:10:40.036,1855.066944444445
Pulse experiments,pioreactor01,2026-09-14T17:25:40.297Z,add_media,0.0776751765,UI,2026-09-14 23:10:40.297,1855.066944444445
Pulse experiments,pioreactor01,2026-09-14T17:25:40.538Z,remove_waste,0.0806626833,UI,2026-09-14 23:10:40.538,1855.066944444445
Pulse experiments,pioreactor01,2026-09-14T17:25:40.798Z,add_media,0.0776751765,UI,2026-09-14 23:10:40.798,1855.066944444445
Pulse experiments,pioreactor01,2026-09-14T17:25:41.038Z,remove_waste,0.0806626833,UI,2026-09-14 23:10:41.038,1855.067222222222
Pulse experiments,pioreactor01,2026-09-14T17:25:41.299Z,add_media,0.0776751765,UI,2026-09-14 23:10:41.299,1855.067222222222
Pulse experiments,pioreactor01,2026-09-14T17:25:41.539Z,remove_waste,0.0806626833,UI,2026-09-14 23:10:41.539,1855.067222222222
Pulse experiments,pioreactor01,2026-09-14T17:25:41.800Z,add_media,0.0776751765,UI,2026-09-14 23:10:41.800,1855.067222222222
Pulse experiments,pioreactor01,2026-09-14T17:25:42.040Z,remove_waste,0.0806626833,UI,2026-09-14 23:10:42.040,1855.0675
Pulse experiments,pioreactor01,2026-09-14T17:25:42.301Z,add_media,0.0776751765,UI,2026-09-14 23:10:42.301,1855.0675
Pulse experiments,pioreactor01,2026-09-14T17:25:42.542Z,remove_waste,0.0806626833,UI,2026-09-14 23:10:42.542,1855.0675
Pulse experiments,pioreactor01,2026-09-14T17:25:42.802Z,add_media,0.0776751765,UI,2026-09-14 23:10:42.802,1855.0675
Pulse experiments,pioreactor01,2026-09-14T17:25:43.042Z,remove_waste,0.0806626833,UI,2026-09-14 23:10:43.042,1855.067777777778
Pulse experiments,pioreactor01,2026-09-14T17:25:43.303Z,add_media,0.0776751765,UI,2026-09-14 23:10:43.303,1855.067777777778
Pulse experiments,pioreactor01,2026-09-14T17:25:43.543Z,remove_waste,0.0806626833,UI,2026-09-14 23:10:43.543,1855.067777777778
Pulse experiments,pioreactor01,2026-09-14T17:25:43.804Z,add_media,0.0776751765,UI,2026-09-14 23:10:43.804,1855.067777777778
Pulse experiments,pioreactor01,2026-09-14T17:25:44.044Z,remove_waste,0.0806626833,UI,2026-09-14 23:10:44.044,1855.068055555555
Pulse experiments,pioreactor01,2026-09-14T17:25:44.305Z,add_media,0.0776751765,UI,2026-09-14 23:10:44.305,1855.068055555555
Pulse experiments,pioreactor01,2026-09-14T17:25:44.545Z,remove_waste,0.0806626833,UI,2026-09-14 23:10:44.545,1855.068055555555
Pulse experiments,pioreactor01,2026-09-14T17:25:44.806Z,add_media,0.0776751765,UI,2026-09-14 23:10:44.806,1855.068055555555
Pulse experiments,pioreactor01,2026-09-14T17:25:45.045Z,remove_waste,0.0806626833,UI,2026-09-14 23:10:45.045,1855.068333333333
Pulse experiments,pioreactor01,2026-09-14T17:25:45.307Z,add_media,0.0776751765,UI,2026-09-14 23:10:45.307,1855.068333333333
Pulse experiments,pioreactor01,2026-09-14T17:25:45.546Z,remove_waste,0.0806626833,UI,2026-09-14 23:10:45.546,1855.068333333333
Pulse experiments,pioreactor01,2026-09-14T17:25:45.808Z,add_media,0.0776751765,UI,2026-09-14 23:10:45.808,1855.068333333333
Pulse experiments,pioreactor01,2026-09-14T17:25:46.047Z,remove_waste,0.0806626833,UI,2026-09-14 23:10:46.047,1855.068611111111
Pulse experiments,pioreactor01,2026-09-14T17:25:46.309Z,add_media,0.0776751765,UI,2026-09-14 23:10:46.309,1855.068611111111
Pulse experiments,pioreactor01,2026-09-14T17:25:46.548Z,remove_waste,0.0806626833,UI,2026-09-14 23:10:46.548,1855.068611111111
Pulse experiments,pioreactor01,2026-09-14T17:25:46.810Z,add_media,0.0776751765,UI,2026-09-14 23:10:46.810,1855.068611111111
Pulse experiments,pioreactor01,2026-09-14T17:25:47.050Z,remove_waste,0.0806626833,UI,2026-09-14 23:10:47.050,1855.068888888889
Pulse experiments,pioreactor01,2026-09-14T17:25:47.312Z,add_media,0.0776751765,UI,2026-09-14 23:10:47.312,1855.068888888889
Pulse experiments,pioreactor01,2026-09-14T17:25:47.552Z,remove_waste,0.0806626833,UI,2026-09-14 23:10:47.552,1855.068888888889
Pulse experiments,pioreactor01,2026-09-14T17:25:47.814Z,add_media,0.0776751765,UI,2026-09-14 23:10:47.814,1855.068888888889
Pulse experiments,pioreactor01,2026-09-14T17:25:48.054Z,remove_waste,0.0806626833,UI,2026-09-14 23:10:48.054,1855.069166666667
Pulse experiments,pioreactor01,2026-09-14T17:25:48.315Z,add_media,0.0776751765,UI,2026-09-14 23:10:48.315,1855.069166666667
Pulse experiments,pioreactor01,2026-09-14T17:25:48.558Z,remove_waste,0.0806626833,UI,2026-09-14 23:10:48.558,1855.069166666667
Pulse experiments,pioreactor01,2026-09-14T17:25:48.817Z,add_media,0.0776751765,UI,2026-09-14 23:10:48.817,1855.069166666667
Pulse experiments,pioreactor01,2026-09-14T17:25:49.059Z,remove_waste,0.0806626833,UI,2026-09-14 23:10:49.059,1855.069444444444
Pulse experiments,pioreactor01,2026-09-14T17:25:49.318Z,add_media,0.0776751765,UI,2026-09-14 23:10:49.318,1855.069444444444
Pulse experiments,pioreactor01,2026-09-14T17:25:49.560Z,remove_waste,0.0806626833,UI,2026-09-14 23:10:49.560,1855.069444444444
Pulse experiments,pioreactor01,2026-09-14T17:25:49.819Z,add_media,0.0776751765,UI,2026-09-14 23:10:49.819,1855.069444444444
Pulse experiments,pioreactor01,2026-09-14T17:25:50.061Z,remove_waste,0.0806626833,UI,2026-09-14 23:10:50.061,1855.069722222222
Pulse experiments,pioreactor01,2026-09-14T17:25:50.320Z,add_media,0.0776751765,UI,2026-09-14 23:10:50.320,1855.069722222222
Pulse experiments,pioreactor01,2026-09-14T17:25:50.562Z,remove_waste,0.0806626833,UI,2026-09-14 23:10:50.562,1855.069722222222
Pulse experiments,pioreactor01,2026-09-14T17:25:50.820Z,add_media,0.0776751765,UI,2026-09-14 23:10:50.820,1855.069722222222
Pulse experiments,pioreactor01,2026-09-14T17:25:51.063Z,remove_waste,0.0806626833,UI,2026-09-14 23:10:51.063,1855.07
Pulse experiments,pioreactor01,2026-09-14T17:25:51.321Z,add_media,0.0776751765,UI,2026-09-14 23:10:51.321,1855.07
Pulse experiments,pioreactor01,2026-09-14T17:25:51.564Z,remove_waste,0.0806626833,UI,2026-09-14 23:10:51.564,1855.07
Pulse experiments,pioreactor01,2026-09-14T17:25:51.822Z,add_media,0.0776751765,UI,2026-09-14 23:10:51.822,1855.07
Pulse experiments,pioreactor01,2026-09-14T17:25:52.065Z,remove_waste,0.0806626833,UI,2026-09-14 23:10:52.065,1855.070277777778
Pulse experiments,pioreactor01,2026-09-14T17:25:52.323Z,add_media,0.0776751765,UI,2026-09-14 23:10:52.323,1855.070277777778
Pulse experiments,pioreactor01,2026-09-14T17:25:52.566Z,remove_waste,0.0806626833,UI,2026-09-14 23:10:52.566,1855.070277777778
Pulse experiments,pioreactor01,2026-09-14T17:25:52.824Z,add_media,0.0776751765,UI,2026-09-14 23:10:52.824,1855.070277777778
Pulse experiments,pioreactor01,2026-09-14T17:25:53.067Z,remove_waste,0.0806626833,UI,2026-09-14 23:10:53.067,1855.070555555556
Pulse experiments,pioreactor01,2026-09-14T17:25:53.332Z,add_media,0.0776751765,UI,2026-09-14 23:10:53.332,1855.070555555556
Pulse experiments,pioreactor01,2026-09-14T17:25:53.567Z,remove_waste,0.0806626833,UI,2026-09-14 23:10:53.567,1855.070555555556
Pulse experiments,pioreactor01,2026-09-14T17:25:53.833Z,add_media,0.0776751765,UI,2026-09-14 23:10:53.833,1855.070555555556
Pulse experiments,pioreactor01,2026-09-14T17:25:54.069Z,remove_waste,0.0806626833,UI,2026-09-14 23:10:54.069,1855.070833333333
Pulse experiments,pioreactor01,2026-09-14T17:25:54.334Z,add_media,0.0776751765,UI,2026-09-14 23:10:54.334,1855.070833333333
Pulse experiments,pioreactor01,2026-09-14T17:25:54.570Z,remove_waste,0.0806626833,UI,2026-09-14 23:10:54.570,1855.070833333333
Pulse experiments,pioreactor01,2026-09-14T17:25:54.836Z,add_media,0.0776751765,UI,2026-09-14 23:10:54.836,1855.070833333333
Pulse experiments,pioreactor01,2026-09-14T17:25:55.071Z,remove_waste,0.0806626833,UI,2026-09-14 23:10:55.071,1855.071111111111
Pulse experiments,pioreactor01,2026-09-14T17:25:55.337Z,add_media,0.0776751765,UI,2026-09-14 23:10:55.337,1855.071111111111
Pulse experiments,pioreactor01,2026-09-14T17:25:55.572Z,remove_waste,0.0806626833,UI,2026-09-14 23:10:55.572,1855.071111111111
Pulse experiments,pioreactor01,2026-09-14T17:25:55.839Z,add_media,0.0776751765,UI,2026-09-14 23:10:55.839,1855.071111111111
Pulse experiments,pioreactor01,2026-09-14T17:25:56.073Z,remove_waste,0.0806626833,UI,2026-09-14 23:10:56.073,1855.071388888889
Pulse experiments,pioreactor01,2026-09-14T17:25:56.340Z,add_media,0.0776751765,UI,2026-09-14 23:10:56.340,1855.071388888889
Pulse experiments,pioreactor01,2026-09-14T17:25:56.574Z,remove_waste,0.0806626833,UI,2026-09-14 23:10:56.574,1855.071388888889
Pulse experiments,pioreactor01,2026-09-14T17:25:56.841Z,add_media,0.0776751765,UI,2026-09-14 23:10:56.841,1855.071388888889
Pulse experiments,pioreactor01,2026-09-14T17:25:57.075Z,remove_waste,0.0806626833,UI,2026-09-14 23:10:57.075,1855.071666666667
Pulse experiments,pioreactor01,2026-09-14T17:25:57.342Z,add_media,0.0776751765,UI,2026-09-14 23:10:57.342,1855.071666666667
Pulse experiments,pioreactor01,2026-09-14T17:25:57.576Z,remove_waste,0.0806626833,UI,2026-09-14 23:10:57.576,1855.071666666667
Pulse experiments,pioreactor01,2026-09-14T17:25:57.843Z,add_media,0.0776751765,UI,2026-09-14 23:10:57.843,1855.071666666667
Pulse experiments,pioreactor01,2026-09-14T17:25:58.077Z,remove_waste,0.0806626833,UI,2026-09-14 23:10:58.077,1855.071944444444
Pulse experiments,pioreactor01,2026-09-14T17:25:58.344Z,add_media,0.0776751765,UI,2026-09-14 23:10:58.344,1855.071944444444
Pulse experiments,pioreactor01,2026-09-14T17:25:58.578Z,remove_waste,0.0806626833,UI,2026-09-14 23:10:58.578,1855.071944444444
Pulse experiments,pioreactor01,2026-09-14T17:25:58.845Z,add_media,0.0776751765,UI,2026-09-14 23:10:58.845,1855.071944444444
Pulse experiments,pioreactor01,2026-09-14T17:25:59.079Z,remove_waste,0.0806626833,UI,2026-09-14 23:10:59.079,1855.072222222222
Pulse experiments,pioreactor01,2026-09-14T17:25:59.346Z,add_media,0.0776751765,UI,2026-09-14 23:10:59.346,1855.072222222222
Pulse experiments,pioreactor01,2026-09-14T17:25:59.581Z,remove_waste,0.0806626833,UI,2026-09-14 23:10:59.581,1855.072222222222
Pulse experiments,pioreactor01,2026-09-14T17:25:59.847Z,add_media,0.0776751765,UI,2026-09-14 23:10:59.847,1855.072222222222
Pulse experiments,pioreactor01,2026-09-14T17:26:00.082Z,remove_waste,0.0806626833,UI,2026-09-14 23:11:00.082,1855.0725
Pulse experiments,pioreactor01,2026-09-14T17:26:00.347Z,add_media,0.0776751765,UI,2026-09-14 23:11:00.347,1855.0725
Pulse experiments,pioreactor01,2026-09-14T17:26:00.583Z,remove_waste,0.0806626833,UI,2026-09-14 23:11:00.583,1855.0725
Pulse experiments,pioreactor01,2026-09-14T17:26:00.849Z,add_media,0.0776751765,UI,2026-09-14 23:11:00.849,1855.0725
Pulse experiments,pioreactor01,2026-09-14T17:26:01.084Z,remove_waste,0.0806626833,UI,2026-09-14 23:11:01.084,1855.072777777778
Pulse experiments,pioreactor01,2026-09-14T17:26:01.350Z,add_media,0.0776751765,UI,2026-09-14 23:11:01.350,1855.072777777778
Pulse experiments,pioreactor01,2026-09-14T17:26:01.585Z,remove_waste,0.0806626833,UI,2026-09-14 23:11:01.585,1855.072777777778
Pulse experiments,pioreactor01,2026-09-14T17:26:01.851Z,add_media,0.0776751765,UI,2026-09-14 23:11:01.851,1855.072777777778
Pulse experiments,pioreactor01,2026-09-14T17:26:02.086Z,remove_waste,0.0806626833,UI,2026-09-14 23:11:02.086,1855.073055555556
Pulse experiments,pioreactor01,2026-09-14T17:26:02.352Z,add_media,0.0776751765,UI,2026-09-14 23:11:02.352,1855.073055555556
Pulse experiments,pioreactor01,2026-09-14T17:26:02.587Z,remove_waste,0.0806626833,UI,2026-09-14 23:11:02.587,1855.073055555556
Pulse experiments,pioreactor01,2026-09-14T17:26:02.855Z,add_media,0.0776751765,UI,2026-09-14 23:11:02.855,1855.073055555556
Pulse experiments,pioreactor01,2026-09-14T17:26:03.091Z,remove_waste,0.0806626833,UI,2026-09-14 23:11:03.091,1855.073333333333
Pulse experiments,pioreactor01,2026-09-14T17:26:03.356Z,add_media,0.0776751765,UI,2026-09-14 23:11:03.356,1855.073333333333
Pulse experiments,pioreactor01,2026-09-14T17:26:03.592Z,remove_waste,0.0806626833,UI,2026-09-14 23:11:03.592,1855.073333333333
Pulse experiments,pioreactor01,2026-09-14T17:26:03.857Z,add_media,0.0776751765,UI,2026-09-14 23:11:03.857,1855.073333333333
Pulse experiments,pioreactor01,2026-09-14T17:26:04.093Z,remove_waste,0.0806626833,UI,2026-09-14 23:11:04.093,1855.073611111111
Pulse experiments,pioreactor01,2026-09-14T17:26:04.357Z,add_media,0.0776751765,UI,2026-09-14 23:11:04.357,1855.073611111111
Pulse experiments,pioreactor01,2026-09-14T17:26:04.594Z,remove_waste,0.0806626833,UI,2026-09-14 23:11:04.594,1855.073611111111
Pulse experiments,pioreactor01,2026-09-14T17:26:04.858Z,add_media,0.0776751765,UI,2026-09-14 23:11:04.858,1855.073611111111
Pulse experiments,pioreactor01,2026-09-14T17:26:05.095Z,remove_waste,0.0806626833,UI,2026-09-14 23:11:05.095,1855.073888888889
Pulse experiments,pioreactor01,2026-09-14T17:26:05.359Z,add_media,0.0776751765,UI,2026-09-14 23:11:05.359,1855.073888888889
Pulse experiments,pioreactor01,2026-09-14T17:26:05.596Z,remove_waste,0.0806626833,UI,2026-09-14 23:11:05.596,1855.073888888889
Pulse experiments,pioreactor01,2026-09-14T17:26:05.861Z,add_media,0.0776751765,UI,2026-09-14 23:11:05.861,1855.073888888889
Pulse experiments,pioreactor01,2026-09-14T17:26:06.097Z,remove_waste,0.0806626833,UI,2026-09-14 23:11:06.097,1855.074166666667
Pulse experiments,pioreactor01,2026-09-14T17:26:06.362Z,add_media,0.0776751765,UI,2026-09-14 23:11:06.362,1855.074166666667
Pulse experiments,pioreactor01,2026-09-14T17:26:06.598Z,remove_waste,0.0806626833,UI,2026-09-14 23:11:06.598,1855.074166666667
Pulse experiments,pioreactor01,2026-09-14T17:26:06.863Z,add_media,0.0776751765,UI,2026-09-14 23:11:06.863,1855.074166666667
Pulse experiments,pioreactor01,2026-09-14T17:26:07.099Z,remove_waste,0.0806626833,UI,2026-09-14 23:11:07.099,1855.074444444444
Pulse experiments,pioreactor01,2026-09-14T17:26:07.364Z,add_media,0.0776751765,UI,2026-09-14 23:11:07.364,1855.074444444444
Pulse experiments,pioreactor01,2026-09-14T17:26:07.600Z,remove_waste,0.0806626833,UI,2026-09-14 23:11:07.600,1855.074444444444
Pulse experiments,pioreactor01,2026-09-14T17:26:07.865Z,add_media,0.0776751765,UI,2026-09-14 23:11:07.865,1855.074444444444
Pulse experiments,pioreactor01,2026-09-14T17:26:08.102Z,remove_waste,0.0806626833,UI,2026-09-14 23:11:08.102,1855.074722222222
Pulse experiments,pioreactor01,2026-09-14T17:26:08.367Z,add_media,0.0776751765,UI,2026-09-14 23:11:08.367,1855.074722222222
Pulse experiments,pioreactor01,2026-09-14T17:26:08.603Z,remove_waste,0.0806626833,UI,2026-09-14 23:11:08.603,1855.074722222222
Pulse experiments,pioreactor01,2026-09-14T17:26:08.868Z,add_media,0.0776751765,UI,2026-09-14 23:11:08.868,1855.074722222222
Pulse experiments,pioreactor01,2026-09-14T17:26:09.108Z,remove_waste,0.0806626833,UI,2026-09-14 23:11:09.108,1855.075
Pulse experiments,pioreactor01,2026-09-14T17:26:09.370Z,add_media,0.0776751765,UI,2026-09-14 23:11:09.370,1855.075
Pulse experiments,pioreactor01,2026-09-14T17:26:09.609Z,remove_waste,0.0806626833,UI,2026-09-14 23:11:09.609,1855.075
Pulse experiments,pioreactor01,2026-09-14T17:26:09.871Z,add_media,0.0776751765,UI,2026-09-14 23:11:09.871,1855.075
Pulse experiments,pioreactor01,2026-09-14T17:26:10.109Z,remove_waste,0.0806626833,UI,2026-09-14 23:11:10.109,1855.075277777778
Pulse experiments,pioreactor01,2026-09-14T17:26:10.372Z,add_media,0.0776751765,UI,2026-09-14 23:11:10.372,1855.075277777778
Pulse experiments,pioreactor01,2026-09-14T17:26:10.612Z,remove_waste,0.0806626833,UI,2026-09-14 23:11:10.612,1855.075277777778
Pulse experiments,pioreactor01,2026-09-14T17:26:10.873Z,add_media,0.0776751765,UI,2026-09-14 23:11:10.873,1855.075277777778
Pulse experiments,pioreactor01,2026-09-14T17:26:11.113Z,remove_waste,0.0806626833,UI,2026-09-14 23:11:11.113,1855.075555555556
Pulse experiments,pioreactor01,2026-09-14T17:26:11.375Z,add_media,0.0776751765,UI,2026-09-14 23:11:11.375,1855.075555555556
Pulse experiments,pioreactor01,2026-09-14T17:26:11.614Z,remove_waste,0.0806626833,UI,2026-09-14 23:11:11.614,1855.075555555556
Pulse experiments,pioreactor01,2026-09-14T17:26:11.876Z,add_media,0.0776751765,UI,2026-09-14 23:11:11.876,1855.075555555556
Pulse experiments,pioreactor01,2026-09-14T17:26:12.116Z,remove_waste,0.0806626833,UI,2026-09-14 23:11:12.116,1855.075833333333
Pulse experiments,pioreactor01,2026-09-14T17:26:12.378Z,add_media,0.0776751765,UI,2026-09-14 23:11:12.378,1855.075833333333
Pulse experiments,pioreactor01,2026-09-14T17:26:12.618Z,remove_waste,0.0806626833,UI,2026-09-14 23:11:12.618,1855.075833333333
Pulse experiments,pioreactor01,2026-09-14T17:26:12.879Z,add_media,0.0776751765,UI,2026-09-14 23:11:12.879,1855.075833333333
Pulse experiments,pioreactor01,2026-09-14T17:26:13.125Z,remove_waste,0.0806626833,UI,2026-09-14 23:11:13.125,1855.076111111111
Pulse experiments,pioreactor01,2026-09-14T17:26:13.379Z,add_media,0.0776751765,UI,2026-09-14 23:11:13.379,1855.076111111111
Pulse experiments,pioreactor01,2026-09-14T17:26:13.626Z,remove_waste,0.0806626833,UI,2026-09-14 23:11:13.626,1855.076111111111
Pulse experiments,pioreactor01,2026-09-14T17:26:13.880Z,add_media,0.0776751765,UI,2026-09-14 23:11:13.880,1855.076111111111
Pulse experiments,pioreactor01,2026-09-14T17:26:14.126Z,remove_waste,0.0806626833,UI,2026-09-14 23:11:14.126,1855.076388888889
Pulse experiments,pioreactor01,2026-09-14T17:26:14.381Z,add_media,0.0776751765,UI,2026-09-14 23:11:14.381,1855.076388888889
Pulse experiments,pioreactor01,2026-09-14T17:26:14.627Z,remove_waste,0.0806626833,UI,2026-09-14 23:11:14.627,1855.076388888889
Pulse experiments,pioreactor01,2026-09-14T17:26:14.882Z,add_media,0.0776751765,UI,2026-09-14 23:11:14.882,1855.076388888889
Pulse experiments,pioreactor01,2026-09-14T17:26:15.128Z,remove_waste,0.0806626833,UI,2026-09-14 23:11:15.128,1855.076666666667
Pulse experiments,pioreactor01,2026-09-14T17:26:15.384Z,add_media,0.0776751765,UI,2026-09-14 23:11:15.384,1855.076666666667
Pulse experiments,pioreactor01,2026-09-14T17:26:15.629Z,remove_waste,0.0806626833,UI,2026-09-14 23:11:15.629,1855.076666666667
Pulse experiments,pioreactor01,2026-09-14T17:26:15.886Z,add_media,0.0776751765,UI,2026-09-14 23:11:15.886,1855.076666666667
Pulse experiments,pioreactor01,2026-09-14T17:26:16.130Z,remove_waste,0.0806626833,UI,2026-09-14 23:11:16.130,1855.076944444445
Pulse experiments,pioreactor01,2026-09-14T17:26:16.388Z,add_media,0.0776751765,UI,2026-09-14 23:11:16.388,1855.076944444445
Pulse experiments,pioreactor01,2026-09-14T17:26:16.631Z,remove_waste,0.0806626833,UI,2026-09-14 23:11:16.631,1855.076944444445
Pulse experiments,pioreactor01,2026-09-14T17:26:16.889Z,add_media,0.0776751765,UI,2026-09-14 23:11:16.889,1855.076944444445
Pulse experiments,pioreactor01,2026-09-14T17:26:17.132Z,remove_waste,0.0806626833,UI,2026-09-14 23:11:17.132,1855.077222222222
Pulse experiments,pioreactor01,2026-09-14T17:26:17.390Z,add_media,0.0776751765,UI,2026-09-14 23:11:17.390,1855.077222222222
Pulse experiments,pioreactor01,2026-09-14T17:26:17.632Z,remove_waste,0.0806626833,UI,2026-09-14 23:11:17.632,1855.077222222222
Pulse experiments,pioreactor01,2026-09-14T17:26:17.891Z,add_media,0.0776751765,UI,2026-09-14 23:11:17.891,1855.077222222222
Pulse experiments,pioreactor01,2026-09-14T17:26:18.133Z,remove_waste,0.0806626833,UI,2026-09-14 23:11:18.133,1855.0775
Pulse experiments,pioreactor01,2026-09-14T17:26:18.394Z,add_media,0.0776751765,UI,2026-09-14 23:11:18.394,1855.0775
Pulse experiments,pioreactor01,2026-09-14T17:26:18.634Z,remove_waste,0.0806626833,UI,2026-09-14 23:11:18.634,1855.0775
Pulse experiments,pioreactor01,2026-09-14T17:26:18.895Z,add_media,0.0776751765,UI,2026-09-14 23:11:18.895,1855.0775
Pulse experiments,pioreactor01,2026-09-14T17:26:19.135Z,remove_waste,0.0806626833,UI,2026-09-14 23:11:19.135,1855.077777777778
Pulse experiments,pioreactor01,2026-09-14T17:26:19.396Z,add_media,0.0776751765,UI,2026-09-14 23:11:19.396,1855.077777777778
Pulse experiments,pioreactor01,2026-09-14T17:26:19.636Z,remove_waste,0.0806626833,UI,2026-09-14 23:11:19.636,1855.077777777778
Pulse experiments,pioreactor01,2026-09-14T17:26:19.897Z,add_media,0.0776751765,UI,2026-09-14 23:11:19.897,1855.077777777778
Pulse experiments,pioreactor01,2026-09-14T17:26:20.137Z,remove_waste,0.0806626833,UI,2026-09-14 23:11:20.137,1855.078055555555
Pulse experiments,pioreactor01,2026-09-14T17:26:20.398Z,add_media,0.0776751765,UI,2026-09-14 23:11:20.398,1855.078055555555
Pulse experiments,pioreactor01,2026-09-14T17:26:20.638Z,remove_waste,0.0806626833,UI,2026-09-14 23:11:20.638,1855.078055555555
Pulse experiments,pioreactor01,2026-09-14T17:26:20.899Z,add_media,0.0776751765,UI,2026-09-14 23:11:20.899,1855.078055555555
Pulse experiments,pioreactor01,2026-09-14T17:26:21.140Z,remove_waste,0.0806626833,UI,2026-09-14 23:11:21.140,1855.078333333333
Pulse experiments,pioreactor01,2026-09-14T17:26:21.400Z,add_media,0.0776751765,UI,2026-09-14 23:11:21.400,1855.078333333333
Pulse experiments,pioreactor01,2026-09-14T17:26:21.640Z,remove_waste,0.0806626833,UI,2026-09-14 23:11:21.640,1855.078333333333
Pulse experiments,pioreactor01,2026-09-14T17:26:21.900Z,add_media,0.0776751765,UI,2026-09-14 23:11:21.900,1855.078333333333
Pulse experiments,pioreactor01,2026-09-14T17:26:22.142Z,remove_waste,0.0806626833,UI,2026-09-14 23:11:22.142,1855.078611111111
Pulse experiments,pioreactor01,2026-09-14T17:26:22.401Z,add_media,0.0776751765,UI,2026-09-14 23:11:22.401,1855.078611111111
Pulse experiments,pioreactor01,2026-09-14T17:26:22.643Z,remove_waste,0.0806626833,UI,2026-09-14 23:11:22.643,1855.078611111111
Pulse experiments,pioreactor01,2026-09-14T17:26:22.902Z,add_media,0.0776751765,UI,2026-09-14 23:11:22.902,1855.078611111111
Pulse experiments,pioreactor01,2026-09-14T17:26:23.143Z,remove_waste,0.0806626833,UI,2026-09-14 23:11:23.143,1855.078888888889
Pulse experiments,pioreactor01,2026-09-14T17:26:23.403Z,add_media,0.0776751765,UI,2026-09-14 23:11:23.403,1855.078888888889
Pulse experiments,pioreactor01,2026-09-14T17:26:23.644Z,remove_waste,0.0806626833,UI,2026-09-14 23:11:23.644,1855.078888888889
Pulse experiments,pioreactor01,2026-09-14T17:26:23.903Z,add_media,0.0776751765,UI,2026-09-14 23:11:23.903,1855.078888888889
Pulse experiments,pioreactor01,2026-09-14T17:26:24.146Z,remove_waste,0.0806626833,UI,2026-09-14 23:11:24.146,1855.079166666667
Pulse experiments,pioreactor01,2026-09-14T17:26:24.404Z,add_media,0.0776751765,UI,2026-09-14 23:11:24.404,1855.079166666667
Pulse experiments,pioreactor01,2026-09-14T17:26:24.646Z,remove_waste,0.0806626833,UI,2026-09-14 23:11:24.646,1855.079166666667
Pulse experiments,pioreactor01,2026-09-14T17:26:24.905Z,add_media,0.0776751765,UI,2026-09-14 23:11:24.905,1855.079166666667
Pulse experiments,pioreactor01,2026-09-14T17:26:25.147Z,remove_waste,0.0806626833,UI,2026-09-14 23:11:25.147,1855.079444444444
Pulse experiments,pioreactor01,2026-09-14T17:26:25.406Z,add_media,0.0776751765,UI,2026-09-14 23:11:25.406,1855.079444444444
Pulse experiments,pioreactor01,2026-09-14T17:26:25.648Z,remove_waste,0.0806626833,UI,2026-09-14 23:11:25.648,1855.079444444444
Pulse experiments,pioreactor01,2026-09-14T17:26:25.907Z,add_media,0.0776751765,UI,2026-09-14 23:11:25.907,1855.079444444444
Pulse experiments,pioreactor01,2026-09-14T17:26:26.149Z,remove_waste,0.0806626833,UI,2026-09-14 23:11:26.149,1855.079722222222
Pulse experiments,pioreactor01,2026-09-14T17:26:26.408Z,add_media,0.0776751765,UI,2026-09-14 23:11:26.408,1855.079722222222
Pulse experiments,pioreactor01,2026-09-14T17:26:26.650Z,remove_waste,0.0806626833,UI,2026-09-14 23:11:26.650,1855.079722222222
Pulse experiments,pioreactor01,2026-09-14T17:26:26.909Z,add_media,0.0776751765,UI,2026-09-14 23:11:26.909,1855.079722222222
Pulse experiments,pioreactor01,2026-09-14T17:26:27.151Z,remove_waste,0.0806626833,UI,2026-09-14 23:11:27.151,1855.08
Pulse experiments,pioreactor01,2026-09-14T17:26:27.410Z,add_media,0.0776751765,UI,2026-09-14 23:11:27.410,1855.08
Pulse experiments,pioreactor01,2026-09-14T17:26:27.652Z,remove_waste,0.0806626833,UI,2026-09-14 23:11:27.652,1855.08
Pulse experiments,pioreactor01,2026-09-14T17:26:27.911Z,add_media,0.0776751765,UI,2026-09-14 23:11:27.911,1855.08
Pulse experiments,pioreactor01,2026-09-14T17:26:28.153Z,remove_waste,0.0806626833,UI,2026-09-14 23:11:28.153,1855.080277777778
Pulse experiments,pioreactor01,2026-09-14T17:26:28.412Z,add_media,0.0776751765,UI,2026-09-14 23:11:28.412,1855.080277777778
Pulse experiments,pioreactor01,2026-09-14T17:26:28.653Z,remove_waste,0.0806626833,UI,2026-09-14 23:11:28.653,1855.080277777778
Pulse experiments,pioreactor01,2026-09-14T17:26:28.913Z,add_media,0.0776751765,UI,2026-09-14 23:11:28.913,1855.080277777778
Pulse experiments,pioreactor01,2026-09-14T17:26:29.156Z,remove_waste,0.0806626833,UI,2026-09-14 23:11:29.156,1855.080555555556
Pulse experiments,pioreactor01,2026-09-14T17:26:29.414Z,add_media,0.0776751765,UI,2026-09-14 23:11:29.414,1855.080555555556
Pulse experiments,pioreactor01,2026-09-14T17:26:29.657Z,remove_waste,0.0806626833,UI,2026-09-14 23:11:29.657,1855.080555555556
Pulse experiments,pioreactor01,2026-09-14T17:26:29.916Z,add_media,0.0776751765,UI,2026-09-14 23:11:29.916,1855.080555555556
Pulse experiments,pioreactor01,2026-09-14T17:26:30.157Z,remove_waste,0.0806626833,UI,2026-09-14 23:11:30.157,1855.080833333333
Pulse experiments,pioreactor01,2026-09-14T17:26:30.417Z,add_media,0.0776751765,UI,2026-09-14 23:11:30.417,1855.080833333333
Pulse experiments,pioreactor01,2026-09-14T17:26:30.658Z,remove_waste,0.0806626833,UI,2026-09-14 23:11:30.658,1855.080833333333
Pulse experiments,pioreactor01,2026-09-14T17:26:30.918Z,add_media,0.0776751765,UI,2026-09-14 23:11:30.918,1855.080833333333
Pulse experiments,pioreactor01,2026-09-14T17:26:31.159Z,remove_waste,0.0806626833,UI,2026-09-14 23:11:31.159,1855.081111111111
Pulse experiments,pioreactor01,2026-09-14T17:26:31.419Z,add_media,0.0776751765,UI,2026-09-14 23:11:31.419,1855.081111111111
Pulse experiments,pioreactor01,2026-09-14T17:26:31.661Z,remove_waste,0.0806626833,UI,2026-09-14 23:11:31.661,1855.081111111111
Pulse experiments,pioreactor01,2026-09-14T17:26:31.920Z,add_media,0.0776751765,UI,2026-09-14 23:11:31.920,1855.081111111111
Pulse experiments,pioreactor01,2026-09-14T17:26:32.162Z,remove_waste,0.0806626833,UI,2026-09-14 23:11:32.162,1855.081388888889
Pulse experiments,pioreactor01,2026-09-14T17:26:32.421Z,add_media,0.0776751765,UI,2026-09-14 23:11:32.421,1855.081388888889
Pulse experiments,pioreactor01,2026-09-14T17:26:32.663Z,remove_waste,0.0806626833,UI,2026-09-14 23:11:32.663,1855.081388888889
Pulse experiments,pioreactor01,2026-09-14T17:26:32.922Z,add_media,0.0776751765,UI,2026-09-14 23:11:32.922,1855.081388888889
Pulse experiments,pioreactor01,2026-09-14T17:26:33.164Z,remove_waste,0.0806626833,UI,2026-09-14 23:11:33.164,1855.081666666667
Pulse experiments,pioreactor01,2026-09-14T17:26:33.423Z,add_media,0.0776751765,UI,2026-09-14 23:11:33.423,1855.081666666667
Pulse experiments,pioreactor01,2026-09-14T17:26:33.666Z,remove_waste,0.0806626833,UI,2026-09-14 23:11:33.666,1855.081666666667
Pulse experiments,pioreactor01,2026-09-14T17:26:33.924Z,add_media,0.0776751765,UI,2026-09-14 23:11:33.924,1855.081666666667
Pulse experiments,pioreactor01,2026-09-14T17:26:34.169Z,remove_waste,0.0806626833,UI,2026-09-14 23:11:34.169,1855.081944444444
Pulse experiments,pioreactor01,2026-09-14T17:26:34.425Z,add_media,0.0776751765,UI,2026-09-14 23:11:34.425,1855.081944444444
Pulse experiments,pioreactor01,2026-09-14T17:26:34.670Z,remove_waste,0.0806626833,UI,2026-09-14 23:11:34.670,1855.081944444444
Pulse experiments,pioreactor01,2026-09-14T17:26:34.926Z,add_media,0.0776751765,UI,2026-09-14 23:11:34.926,1855.081944444444
Pulse experiments,pioreactor01,2026-09-14T17:26:35.171Z,remove_waste,0.0806626833,UI,2026-09-14 23:11:35.171,1855.082222222222
Pulse experiments,pioreactor01,2026-09-14T17:26:35.427Z,add_media,0.0776751765,UI,2026-09-14 23:11:35.427,1855.082222222222
Pulse experiments,pioreactor01,2026-09-14T17:26:35.671Z,remove_waste,0.0806626833,UI,2026-09-14 23:11:35.671,1855.082222222222
Pulse experiments,pioreactor01,2026-09-14T17:26:35.928Z,add_media,0.0776751765,UI,2026-09-14 23:11:35.928,1855.082222222222
Pulse experiments,pioreactor01,2026-09-14T17:26:36.172Z,remove_waste,0.0806626833,UI,2026-09-14 23:11:36.172,1855.0825
Pulse experiments,pioreactor01,2026-09-14T17:26:36.430Z,add_media,0.0776751765,UI,2026-09-14 23:11:36.430,1855.0825
Pulse experiments,pioreactor01,2026-09-14T17:26:36.673Z,remove_waste,0.0806626833,UI,2026-09-14 23:11:36.673,1855.0825
Pulse experiments,pioreactor01,2026-09-14T17:26:36.931Z,add_media,0.0776751765,UI,2026-09-14 23:11:36.931,1855.0825
Pulse experiments,pioreactor01,2026-09-14T17:26:37.174Z,remove_waste,0.0806626833,UI,2026-09-14 23:11:37.174,1855.082777777778
Pulse experiments,pioreactor01,2026-09-14T17:26:37.432Z,add_media,0.0776751765,UI,2026-09-14 23:11:37.432,1855.082777777778
Pulse experiments,pioreactor01,2026-09-14T17:26:37.675Z,remove_waste,0.0806626833,UI,2026-09-14 23:11:37.675,1855.082777777778
Pulse experiments,pioreactor01,2026-09-14T17:26:37.934Z,add_media,0.0776751765,UI,2026-09-14 23:11:37.934,1855.082777777778
Pulse experiments,pioreactor01,2026-09-14T17:26:38.176Z,remove_waste,0.0806626833,UI,2026-09-14 23:11:38.176,1855.083055555556
Pulse experiments,pioreactor01,2026-09-14T17:26:38.435Z,add_media,0.0776751765,UI,2026-09-14 23:11:38.435,1855.083055555556
Pulse experiments,pioreactor01,2026-09-14T17:26:38.677Z,remove_waste,0.0806626833,UI,2026-09-14 23:11:38.677,1855.083055555556
Pulse experiments,pioreactor01,2026-09-14T17:26:38.936Z,add_media,0.0776751765,UI,2026-09-14 23:11:38.936,1855.083055555556
Pulse experiments,pioreactor01,2026-09-14T17:26:39.178Z,remove_waste,0.0806626833,UI,2026-09-14 23:11:39.178,1855.083333333333
Pulse experiments,pioreactor01,2026-09-14T17:26:39.438Z,add_media,0.0776751765,UI,2026-09-14 23:11:39.438,1855.083333333333
Pulse experiments,pioreactor01,2026-09-14T17:26:39.679Z,remove_waste,0.0806626833,UI,2026-09-14 23:11:39.679,1855.083333333333
Pulse experiments,pioreactor01,2026-09-14T17:26:39.939Z,add_media,0.0776751765,UI,2026-09-14 23:11:39.939,1855.083333333333
Pulse experiments,pioreactor01,2026-09-14T17:26:40.179Z,remove_waste,0.0806626833,UI,2026-09-14 23:11:40.179,1855.083611111111
Pulse experiments,pioreactor01,2026-09-14T17:26:40.440Z,add_media,0.0776751765,UI,2026-09-14 23:11:40.440,1855.083611111111
Pulse experiments,pioreactor01,2026-09-14T17:26:40.680Z,remove_waste,0.0806626833,UI,2026-09-14 23:11:40.680,1855.083611111111
Pulse experiments,pioreactor01,2026-09-14T17:26:40.941Z,add_media,0.0776751765,UI,2026-09-14 23:11:40.941,1855.083611111111
Pulse experiments,pioreactor01,2026-09-14T17:26:41.184Z,remove_waste,0.0806626833,UI,2026-09-14 23:11:41.184,1855.083888888889
Pulse experiments,pioreactor01,2026-09-14T17:26:41.442Z,add_media,0.0776751765,UI,2026-09-14 23:11:41.442,1855.083888888889
Pulse experiments,pioreactor01,2026-09-14T17:26:41.687Z,remove_waste,0.0806626833,UI,2026-09-14 23:11:41.687,1855.083888888889
Pulse experiments,pioreactor01,2026-09-14T17:26:41.944Z,add_media,0.0776751765,UI,2026-09-14 23:11:41.944,1855.083888888889
Pulse experiments,pioreactor01,2026-09-14T17:26:42.188Z,remove_waste,0.0806626833,UI,2026-09-14 23:11:42.188,1855.084166666667
Pulse experiments,pioreactor01,2026-09-14T17:26:42.445Z,add_media,0.0776751765,UI,2026-09-14 23:11:42.445,1855.084166666667
Pulse experiments,pioreactor01,2026-09-14T17:26:42.688Z,remove_waste,0.0806626833,UI,2026-09-14 23:11:42.688,1855.084166666667
Pulse experiments,pioreactor01,2026-09-14T17:26:42.946Z,add_media,0.0776751765,UI,2026-09-14 23:11:42.946,1855.084166666667
Pulse experiments,pioreactor01,2026-09-14T17:26:43.189Z,remove_waste,0.0806626833,UI,2026-09-14 23:11:43.189,1855.084444444444
Pulse experiments,pioreactor01,2026-09-14T17:26:43.448Z,add_media,0.0776751765,UI,2026-09-14 23:11:43.448,1855.084444444444
Pulse experiments,pioreactor01,2026-09-14T17:26:43.690Z,remove_waste,0.0806626833,UI,2026-09-14 23:11:43.690,1855.084444444444
Pulse experiments,pioreactor01,2026-09-14T17:26:43.950Z,add_media,0.0776751765,UI,2026-09-14 23:11:43.950,1855.084444444444
Pulse experiments,pioreactor01,2026-09-14T17:26:44.191Z,remove_waste,0.0806626833,UI,2026-09-14 23:11:44.191,1855.084722222222
Pulse experiments,pioreactor01,2026-09-14T17:26:44.451Z,add_media,0.0776751765,UI,2026-09-14 23:11:44.451,1855.084722222222
Pulse experiments,pioreactor01,2026-09-14T17:26:44.692Z,remove_waste,0.0806626833,UI,2026-09-14 23:11:44.692,1855.084722222222
Pulse experiments,pioreactor01,2026-09-14T17:26:44.952Z,add_media,0.0776751765,UI,2026-09-14 23:11:44.952,1855.084722222222
Pulse experiments,pioreactor01,2026-09-14T17:26:45.193Z,remove_waste,0.0806626833,UI,2026-09-14 23:11:45.193,1855.085
Pulse experiments,pioreactor01,2026-09-14T17:26:45.453Z,add_media,0.0776751765,UI,2026-09-14 23:11:45.453,1855.085
Pulse experiments,pioreactor01,2026-09-14T17:26:45.694Z,remove_waste,0.0806626833,UI,2026-09-14 23:11:45.694,1855.085
Pulse experiments,pioreactor01,2026-09-14T17:26:45.954Z,add_media,0.0776751765,UI,2026-09-14 23:11:45.954,1855.085
Pulse experiments,pioreactor01,2026-09-14T17:26:46.194Z,remove_waste,0.0806626833,UI,2026-09-14 23:11:46.194,1855.085277777778
Pulse experiments,pioreactor01,2026-09-14T17:26:46.455Z,add_media,0.0776751765,UI,2026-09-14 23:11:46.455,1855.085277777778
Pulse experiments,pioreactor01,2026-09-14T17:26:46.695Z,remove_waste,0.0806626833,UI,2026-09-14 23:11:46.695,1855.085277777778
Pulse experiments,pioreactor01,2026-09-14T17:26:46.956Z,add_media,0.0776751765,UI,2026-09-14 23:11:46.956,1855.085277777778
Pulse experiments,pioreactor01,2026-09-14T17:26:47.196Z,remove_waste,0.0806626833,UI,2026-09-14 23:11:47.196,1855.085555555556
Pulse experiments,pioreactor01,2026-09-14T17:26:47.456Z,add_media,0.0776751765,UI,2026-09-14 23:11:47.456,1855.085555555556
Pulse experiments,pioreactor01,2026-09-14T17:26:47.697Z,remove_waste,0.0806626833,UI,2026-09-14 23:11:47.697,1855.085555555556
Pulse experiments,pioreactor01,2026-09-14T17:26:47.959Z,add_media,0.0776751765,UI,2026-09-14 23:11:47.959,1855.085555555556
Pulse experiments,pioreactor01,2026-09-14T17:26:48.198Z,remove_waste,0.0806626833,UI,2026-09-14 23:11:48.198,1855.085833333333
Pulse experiments,pioreactor01,2026-09-14T17:26:48.460Z,add_media,0.0776751765,UI,2026-09-14 23:11:48.460,1855.085833333333
Pulse experiments,pioreactor01,2026-09-14T17:26:48.699Z,remove_waste,0.0806626833,UI,2026-09-14 23:11:48.699,1855.085833333333
Pulse experiments,pioreactor01,2026-09-14T17:26:48.961Z,add_media,0.0776751765,UI,2026-09-14 23:11:48.961,1855.085833333333
Pulse experiments,pioreactor01,2026-09-14T17:26:49.200Z,remove_waste,0.0806626833,UI,2026-09-14 23:11:49.200,1855.086111111111
Pulse experiments,pioreactor01,2026-09-14T17:26:49.461Z,add_media,0.0776751765,UI,2026-09-14 23:11:49.461,1855.086111111111
Pulse experiments,pioreactor01,2026-09-14T17:26:49.701Z,remove_waste,0.0806626833,UI,2026-09-14 23:11:49.701,1855.086111111111
Pulse experiments,pioreactor01,2026-09-14T17:26:49.962Z,add_media,0.0776751765,UI,2026-09-14 23:11:49.962,1855.086111111111
Pulse experiments,pioreactor01,2026-09-14T17:26:50.204Z,remove_waste,0.0806626833,UI,2026-09-14 23:11:50.204,1855.086388888889
Pulse experiments,pioreactor01,2026-09-14T17:26:50.463Z,add_media,0.0776751765,UI,2026-09-14 23:11:50.463,1855.086388888889
Pulse experiments,pioreactor01,2026-09-14T17:26:50.704Z,remove_waste,0.0806626833,UI,2026-09-14 23:11:50.704,1855.086388888889
Pulse experiments,pioreactor01,2026-09-14T17:26:50.964Z,add_media,0.0776751765,UI,2026-09-14 23:11:50.964,1855.086388888889
Pulse experiments,pioreactor01,2026-09-14T17:26:51.205Z,remove_waste,0.0806626833,UI,2026-09-14 23:11:51.205,1855.086666666667
Pulse experiments,pioreactor01,2026-09-14T17:26:51.465Z,add_media,0.0776751765,UI,2026-09-14 23:11:51.465,1855.086666666667
Pulse experiments,pioreactor01,2026-09-14T17:26:51.706Z,remove_waste,0.0806626833,UI,2026-09-14 23:11:51.706,1855.086666666667
Pulse experiments,pioreactor01,2026-09-14T17:26:51.966Z,add_media,0.0776751765,UI,2026-09-14 23:11:51.966,1855.086666666667
Pulse experiments,pioreactor01,2026-09-14T17:26:52.207Z,remove_waste,0.0806626833,UI,2026-09-14 23:11:52.207,1855.086944444444
Pulse experiments,pioreactor01,2026-09-14T17:26:52.466Z,add_media,0.0776751765,UI,2026-09-14 23:11:52.466,1855.086944444444
Pulse experiments,pioreactor01,2026-09-14T17:26:52.708Z,remove_waste,0.0806626833,UI,2026-09-14 23:11:52.708,1855.086944444444
Pulse experiments,pioreactor01,2026-09-14T17:26:52.968Z,add_media,0.0776751765,UI,2026-09-14 23:11:52.968,1855.086944444444
Pulse experiments,pioreactor01,2026-09-14T17:26:53.213Z,remove_waste,0.0806626833,UI,2026-09-14 23:11:53.213,1855.087222222222
Pulse experiments,pioreactor01,2026-09-14T17:26:53.469Z,add_media,0.0776751765,UI,2026-09-14 23:11:53.469,1855.087222222222
Pulse experiments,pioreactor01,2026-09-14T17:26:53.713Z,remove_waste,0.0806626833,UI,2026-09-14 23:11:53.713,1855.087222222222
Pulse experiments,pioreactor01,2026-09-14T17:26:53.971Z,add_media,0.0776751765,UI,2026-09-14 23:11:53.971,1855.087222222222
Pulse experiments,pioreactor01,2026-09-14T17:26:54.214Z,remove_waste,0.0806626833,UI,2026-09-14 23:11:54.214,1855.0875
Pulse experiments,pioreactor01,2026-09-14T17:26:54.472Z,add_media,0.0776751765,UI,2026-09-14 23:11:54.472,1855.0875
Pulse experiments,pioreactor01,2026-09-14T17:26:54.715Z,remove_waste,0.0806626833,UI,2026-09-14 23:11:54.715,1855.0875
Pulse experiments,pioreactor01,2026-09-14T17:26:54.972Z,add_media,0.0776751765,UI,2026-09-14 23:11:54.972,1855.0875
Pulse experiments,pioreactor01,2026-09-14T17:26:55.216Z,remove_waste,0.0806626833,UI,2026-09-14 23:11:55.216,1855.087777777778
Pulse experiments,pioreactor01,2026-09-14T17:26:55.473Z,add_media,0.0776751765,UI,2026-09-14 23:11:55.473,1855.087777777778
Pulse experiments,pioreactor01,2026-09-14T17:26:55.717Z,remove_waste,0.0806626833,UI,2026-09-14 23:11:55.717,1855.087777777778
Pulse experiments,pioreactor01,2026-09-14T17:26:55.975Z,add_media,0.0776751765,UI,2026-09-14 23:11:55.975,1855.087777777778
Pulse experiments,pioreactor01,2026-09-14T17:26:56.218Z,remove_waste,0.0806626833,UI,2026-09-14 23:11:56.218,1855.088055555555
Pulse experiments,pioreactor01,2026-09-14T17:26:56.475Z,add_media,0.0776751765,UI,2026-09-14 23:11:56.475,1855.088055555555
Pulse experiments,pioreactor01,2026-09-14T17:26:56.719Z,remove_waste,0.0806626833,UI,2026-09-14 23:11:56.719,1855.088055555555
Pulse experiments,pioreactor01,2026-09-14T17:26:56.978Z,add_media,0.0776751765,UI,2026-09-14 23:11:56.978,1855.088055555555
Pulse experiments,pioreactor01,2026-09-14T17:26:57.220Z,remove_waste,0.0806626833,UI,2026-09-14 23:11:57.220,1855.088333333333
Pulse experiments,pioreactor01,2026-09-14T17:26:57.479Z,add_media,0.0776751765,UI,2026-09-14 23:11:57.479,1855.088333333333
Pulse experiments,pioreactor01,2026-09-14T17:26:57.721Z,remove_waste,0.0806626833,UI,2026-09-14 23:11:57.721,1855.088333333333
Pulse experiments,pioreactor01,2026-09-14T17:26:57.979Z,add_media,0.0776751765,UI,2026-09-14 23:11:57.979,1855.088333333333
Pulse experiments,pioreactor01,2026-09-14T17:26:58.221Z,remove_waste,0.0806626833,UI,2026-09-14 23:11:58.221,1855.088611111111
Pulse experiments,pioreactor01,2026-09-14T17:26:58.483Z,add_media,0.0776751765,UI,2026-09-14 23:11:58.483,1855.088611111111
Pulse experiments,pioreactor01,2026-09-14T17:26:58.723Z,remove_waste,0.0806626833,UI,2026-09-14 23:11:58.723,1855.088611111111
Pulse experiments,pioreactor01,2026-09-14T17:26:58.983Z,add_media,0.0776751765,UI,2026-09-14 23:11:58.983,1855.088611111111
Pulse experiments,pioreactor01,2026-09-14T17:26:59.224Z,remove_waste,0.0806626833,UI,2026-09-14 23:11:59.224,1855.088888888889
Pulse experiments,pioreactor01,2026-09-14T17:26:59.484Z,add_media,0.0776751765,UI,2026-09-14 23:11:59.484,1855.088888888889
Pulse experiments,pioreactor01,2026-09-14T17:26:59.725Z,remove_waste,0.0806626833,UI,2026-09-14 23:11:59.725,1855.088888888889
Pulse experiments,pioreactor01,2026-09-14T17:26:59.985Z,add_media,0.0776751765,UI,2026-09-14 23:11:59.985,1855.088888888889
Pulse experiments,pioreactor01,2026-09-14T17:27:00.226Z,remove_waste,0.0806626833,UI,2026-09-14 23:12:00.226,1855.089166666667
Pulse experiments,pioreactor01,2026-09-14T17:27:00.486Z,add_media,0.0776751765,UI,2026-09-14 23:12:00.486,1855.089166666667
Pulse experiments,pioreactor01,2026-09-14T17:27:00.727Z,remove_waste,0.0806626833,UI,2026-09-14 23:12:00.727,1855.089166666667
Pulse experiments,pioreactor01,2026-09-14T17:27:00.987Z,add_media,0.0776751765,UI,2026-09-14 23:12:00.987,1855.089166666667
Pulse experiments,pioreactor01,2026-09-14T17:27:01.228Z,remove_waste,0.0806626833,UI,2026-09-14 23:12:01.228,1855.089444444445
Pulse experiments,pioreactor01,2026-09-14T17:27:01.488Z,add_media,0.0776751765,UI,2026-09-14 23:12:01.488,1855.089444444445
Pulse experiments,pioreactor01,2026-09-14T17:27:01.729Z,remove_waste,0.0806626833,UI,2026-09-14 23:12:01.729,1855.089444444445
Pulse experiments,pioreactor01,2026-09-14T17:27:01.990Z,add_media,0.0776751765,UI,2026-09-14 23:12:01.990,1855.089444444445
Pulse experiments,pioreactor01,2026-09-14T17:27:02.231Z,remove_waste,0.0806626833,UI,2026-09-14 23:12:02.231,1855.089722222222
Pulse experiments,pioreactor01,2026-09-14T17:27:02.491Z,add_media,0.0776751765,UI,2026-09-14 23:12:02.491,1855.089722222222
Pulse experiments,pioreactor01,2026-09-14T17:27:02.731Z,remove_waste,0.0806626833,UI,2026-09-14 23:12:02.731,1855.089722222222
Pulse experiments,pioreactor01,2026-09-14T17:27:02.992Z,add_media,0.0776751765,UI,2026-09-14 23:12:02.992,1855.089722222222
Pulse experiments,pioreactor01,2026-09-14T17:27:03.234Z,remove_waste,0.0806626833,UI,2026-09-14 23:12:03.234,1855.09
Pulse experiments,pioreactor01,2026-09-14T17:27:03.493Z,add_media,0.0776751765,UI,2026-09-14 23:12:03.493,1855.09
Pulse experiments,pioreactor01,2026-09-14T17:27:03.736Z,remove_waste,0.0806626833,UI,2026-09-14 23:12:03.736,1855.09
Pulse experiments,pioreactor01,2026-09-14T17:27:03.994Z,add_media,0.0776751765,UI,2026-09-14 23:12:03.994,1855.09
Pulse experiments,pioreactor01,2026-09-14T17:27:04.237Z,remove_waste,0.0806626833,UI,2026-09-14 23:12:04.237,1855.090277777778
Pulse experiments,pioreactor01,2026-09-14T17:27:04.495Z,add_media,0.0776751765,UI,2026-09-14 23:12:04.495,1855.090277777778
Pulse experiments,pioreactor01,2026-09-14T17:27:04.737Z,remove_waste,0.0806626833,UI,2026-09-14 23:12:04.737,1855.090277777778
Pulse experiments,pioreactor01,2026-09-14T17:27:04.996Z,add_media,0.0776751765,UI,2026-09-14 23:12:04.996,1855.090277777778
Pulse experiments,pioreactor01,2026-09-14T17:27:05.238Z,remove_waste,0.0806626833,UI,2026-09-14 23:12:05.238,1855.090555555556
Pulse experiments,pioreactor01,2026-09-14T17:27:05.497Z,add_media,0.0776751765,UI,2026-09-14 23:12:05.497,1855.090555555556
Pulse experiments,pioreactor01,2026-09-14T17:27:05.739Z,remove_waste,0.0806626833,UI,2026-09-14 23:12:05.739,1855.090555555556
Pulse experiments,pioreactor01,2026-09-14T17:27:05.998Z,add_media,0.0776751765,UI,2026-09-14 23:12:05.998,1855.090555555556
Pulse experiments,pioreactor01,2026-09-14T17:27:06.240Z,remove_waste,0.0806626833,UI,2026-09-14 23:12:06.240,1855.090833333333
Pulse experiments,pioreactor01,2026-09-14T17:27:06.498Z,add_media,0.0776751765,UI,2026-09-14 23:12:06.498,1855.090833333333
Pulse experiments,pioreactor01,2026-09-14T17:27:06.741Z,remove_waste,0.0806626833,UI,2026-09-14 23:12:06.741,1855.090833333333
Pulse experiments,pioreactor01,2026-09-14T17:27:06.999Z,add_media,0.0776751765,UI,2026-09-14 23:12:06.999,1855.090833333333
Pulse experiments,pioreactor01,2026-09-14T17:27:07.242Z,remove_waste,0.0806626833,UI,2026-09-14 23:12:07.242,1855.091111111111
Pulse experiments,pioreactor01,2026-09-14T17:27:07.500Z,add_media,0.0776751765,UI,2026-09-14 23:12:07.500,1855.091111111111
Pulse experiments,pioreactor01,2026-09-14T17:27:07.743Z,remove_waste,0.0806626833,UI,2026-09-14 23:12:07.743,1855.091111111111
Pulse experiments,pioreactor01,2026-09-14T17:27:08.001Z,add_media,0.0776751765,UI,2026-09-14 23:12:08.001,1855.091388888889
Pulse experiments,pioreactor01,2026-09-14T17:27:08.244Z,remove_waste,0.0806626833,UI,2026-09-14 23:12:08.244,1855.091388888889
Pulse experiments,pioreactor01,2026-09-14T17:27:08.503Z,add_media,0.0776751765,UI,2026-09-14 23:12:08.503,1855.091388888889
Pulse experiments,pioreactor01,2026-09-14T17:27:08.745Z,remove_waste,0.0806626833,UI,2026-09-14 23:12:08.745,1855.091388888889
Pulse experiments,pioreactor01,2026-09-14T17:27:09.004Z,add_media,0.0776751765,UI,2026-09-14 23:12:09.004,1855.091666666667
Pulse experiments,pioreactor01,2026-09-14T17:27:09.246Z,remove_waste,0.0806626833,UI,2026-09-14 23:12:09.246,1855.091666666667
Pulse experiments,pioreactor01,2026-09-14T17:27:09.506Z,add_media,0.0776751765,UI,2026-09-14 23:12:09.506,1855.091666666667
Pulse experiments,pioreactor01,2026-09-14T17:27:09.747Z,remove_waste,0.0806626833,UI,2026-09-14 23:12:09.747,1855.091666666667
Pulse experiments,pioreactor01,2026-09-14T17:27:10.008Z,add_media,0.0776751765,UI,2026-09-14 23:12:10.008,1855.091944444444
Pulse experiments,pioreactor01,2026-09-14T17:27:10.248Z,remove_waste,0.0806626833,UI,2026-09-14 23:12:10.248,1855.091944444444
Pulse experiments,pioreactor01,2026-09-14T17:27:10.509Z,add_media,0.0776751765,UI,2026-09-14 23:12:10.509,1855.091944444444
Pulse experiments,pioreactor01,2026-09-14T17:27:10.748Z,remove_waste,0.0806626833,UI,2026-09-14 23:12:10.748,1855.091944444444
Pulse experiments,pioreactor01,2026-09-14T17:27:11.010Z,add_media,0.0776751765,UI,2026-09-14 23:12:11.010,1855.092222222222
Pulse experiments,pioreactor01,2026-09-14T17:27:11.249Z,remove_waste,0.0806626833,UI,2026-09-14 23:12:11.249,1855.092222222222
Pulse experiments,pioreactor01,2026-09-14T17:27:11.511Z,add_media,0.0776751765,UI,2026-09-14 23:12:11.511,1855.092222222222
Pulse experiments,pioreactor01,2026-09-14T17:27:11.750Z,remove_waste,0.0806626833,UI,2026-09-14 23:12:11.750,1855.092222222222
Pulse experiments,pioreactor01,2026-09-14T17:27:12.012Z,add_media,0.0776751765,UI,2026-09-14 23:12:12.012,1855.0925
Pulse experiments,pioreactor01,2026-09-14T17:27:12.251Z,remove_waste,0.0806626833,UI,2026-09-14 23:12:12.251,1855.0925
Pulse experiments,pioreactor01,2026-09-14T17:27:12.513Z,add_media,0.0776751765,UI,2026-09-14 23:12:12.513,1855.0925
Pulse experiments,pioreactor01,2026-09-14T17:27:12.753Z,remove_waste,0.0806626833,UI,2026-09-14 23:12:12.753,1855.0925
Pulse experiments,pioreactor01,2026-09-14T17:27:13.015Z,add_media,0.0776751765,UI,2026-09-14 23:12:13.015,1855.092777777778
Pulse experiments,pioreactor01,2026-09-14T17:27:13.253Z,remove_waste,0.0806626833,UI,2026-09-14 23:12:13.253,1855.092777777778
Pulse experiments,pioreactor01,2026-09-14T17:27:13.516Z,add_media,0.0776751765,UI,2026-09-14 23:12:13.516,1855.092777777778
Pulse experiments,pioreactor01,2026-09-14T17:27:13.755Z,remove_waste,0.0806626833,UI,2026-09-14 23:12:13.755,1855.092777777778
Pulse experiments,pioreactor01,2026-09-14T17:27:14.016Z,add_media,0.0776751765,UI,2026-09-14 23:12:14.016,1855.093055555556
Pulse experiments,pioreactor01,2026-09-14T17:27:14.259Z,remove_waste,0.0806626833,UI,2026-09-14 23:12:14.259,1855.093055555556
Pulse experiments,pioreactor01,2026-09-14T17:27:14.517Z,add_media,0.0776751765,UI,2026-09-14 23:12:14.517,1855.093055555556
Pulse experiments,pioreactor01,2026-09-14T17:27:14.760Z,remove_waste,0.0806626833,UI,2026-09-14 23:12:14.760,1855.093055555556
Pulse experiments,pioreactor01,2026-09-14T17:27:15.018Z,add_media,0.0776751765,UI,2026-09-14 23:12:15.018,1855.093333333333
Pulse experiments,pioreactor01,2026-09-14T17:27:15.261Z,remove_waste,0.0806626833,UI,2026-09-14 23:12:15.261,1855.093333333333
Pulse experiments,pioreactor01,2026-09-14T17:27:15.520Z,add_media,0.0776751765,UI,2026-09-14 23:12:15.520,1855.093333333333
Pulse experiments,pioreactor01,2026-09-14T17:27:15.763Z,remove_waste,0.0806626833,UI,2026-09-14 23:12:15.763,1855.093333333333
Pulse experiments,pioreactor01,2026-09-14T17:27:16.021Z,add_media,0.0776751765,UI,2026-09-14 23:12:16.021,1855.093611111111
Pulse experiments,pioreactor01,2026-09-14T17:27:16.264Z,remove_waste,0.0806626833,UI,2026-09-14 23:12:16.264,1855.093611111111
Pulse experiments,pioreactor01,2026-09-14T17:27:16.522Z,add_media,0.0776751765,UI,2026-09-14 23:12:16.522,1855.093611111111
Pulse experiments,pioreactor01,2026-09-14T17:27:16.765Z,remove_waste,0.0806626833,UI,2026-09-14 23:12:16.765,1855.093611111111
Pulse experiments,pioreactor01,2026-09-14T17:27:17.023Z,add_media,0.0776751765,UI,2026-09-14 23:12:17.023,1855.093888888889
Pulse experiments,pioreactor01,2026-09-14T17:27:17.265Z,remove_waste,0.0806626833,UI,2026-09-14 23:12:17.265,1855.093888888889
Pulse experiments,pioreactor01,2026-09-14T17:27:17.525Z,add_media,0.0776751765,UI,2026-09-14 23:12:17.525,1855.093888888889
Pulse experiments,pioreactor01,2026-09-14T17:27:17.766Z,remove_waste,0.0806626833,UI,2026-09-14 23:12:17.766,1855.093888888889
Pulse experiments,pioreactor01,2026-09-14T17:27:18.032Z,add_media,0.0776751765,UI,2026-09-14 23:12:18.032,1855.094166666667
Pulse experiments,pioreactor01,2026-09-14T17:27:18.268Z,remove_waste,0.0806626833,UI,2026-09-14 23:12:18.268,1855.094166666667
Pulse experiments,pioreactor01,2026-09-14T17:27:18.533Z,add_media,0.0776751765,UI,2026-09-14 23:12:18.533,1855.094166666667
Pulse experiments,pioreactor01,2026-09-14T17:27:18.769Z,remove_waste,0.0806626833,UI,2026-09-14 23:12:18.769,1855.094166666667
Pulse experiments,pioreactor01,2026-09-14T17:27:19.033Z,add_media,0.0776751765,UI,2026-09-14 23:12:19.033,1855.094444444444
Pulse experiments,pioreactor01,2026-09-14T17:27:19.271Z,remove_waste,0.0806626833,UI,2026-09-14 23:12:19.271,1855.094444444444
Pulse experiments,pioreactor01,2026-09-14T17:27:19.534Z,add_media,0.0776751765,UI,2026-09-14 23:12:19.534,1855.094444444444
Pulse experiments,pioreactor01,2026-09-14T17:27:19.771Z,remove_waste,0.0806626833,UI,2026-09-14 23:12:19.771,1855.094444444444
Pulse experiments,pioreactor01,2026-09-14T17:27:20.035Z,add_media,0.0776751765,UI,2026-09-14 23:12:20.035,1855.094722222222
Pulse experiments,pioreactor01,2026-09-14T17:27:20.272Z,remove_waste,0.0806626833,UI,2026-09-14 23:12:20.272,1855.094722222222
Pulse experiments,pioreactor01,2026-09-14T17:27:20.536Z,add_media,0.0776751765,UI,2026-09-14 23:12:20.536,1855.094722222222
Pulse experiments,pioreactor01,2026-09-14T17:27:20.773Z,remove_waste,0.0806626833,UI,2026-09-14 23:12:20.773,1855.094722222222
Pulse experiments,pioreactor01,2026-09-14T17:27:21.037Z,add_media,0.0776751765,UI,2026-09-14 23:12:21.037,1855.095
Pulse experiments,pioreactor01,2026-09-14T17:27:21.274Z,remove_waste,0.0806626833,UI,2026-09-14 23:12:21.274,1855.095
Pulse experiments,pioreactor01,2026-09-14T17:27:21.538Z,add_media,0.0776751765,UI,2026-09-14 23:12:21.538,1855.095
Pulse experiments,pioreactor01,2026-09-14T17:27:21.775Z,remove_waste,0.0806626833,UI,2026-09-14 23:12:21.775,1855.095
Pulse experiments,pioreactor01,2026-09-14T17:27:22.039Z,add_media,0.0776751765,UI,2026-09-14 23:12:22.039,1855.095277777778
Pulse experiments,pioreactor01,2026-09-14T17:27:22.276Z,remove_waste,0.0806626833,UI,2026-09-14 23:12:22.276,1855.095277777778
Pulse experiments,pioreactor01,2026-09-14T17:27:22.540Z,add_media,0.0776751765,UI,2026-09-14 23:12:22.540,1855.095277777778
Pulse experiments,pioreactor01,2026-09-14T17:27:22.778Z,remove_waste,0.0806626833,UI,2026-09-14 23:12:22.778,1855.095277777778
Pulse experiments,pioreactor01,2026-09-14T17:27:23.042Z,add_media,0.0776751765,UI,2026-09-14 23:12:23.042,1855.095555555556
Pulse experiments,pioreactor01,2026-09-14T17:27:23.280Z,remove_waste,0.0806626833,UI,2026-09-14 23:12:23.280,1855.095555555556
Pulse experiments,pioreactor01,2026-09-14T17:27:23.544Z,add_media,0.0776751765,UI,2026-09-14 23:12:23.544,1855.095555555556
Pulse experiments,pioreactor01,2026-09-14T17:27:23.781Z,remove_waste,0.0806626833,UI,2026-09-14 23:12:23.781,1855.095555555556
Pulse experiments,pioreactor01,2026-09-14T17:27:24.045Z,add_media,0.0776751765,UI,2026-09-14 23:12:24.045,1855.095833333333
Pulse experiments,pioreactor01,2026-09-14T17:27:24.282Z,remove_waste,0.0806626833,UI,2026-09-14 23:12:24.282,1855.095833333333
Pulse experiments,pioreactor01,2026-09-14T17:27:24.546Z,add_media,0.0776751765,UI,2026-09-14 23:12:24.546,1855.095833333333
Pulse experiments,pioreactor01,2026-09-14T17:27:24.784Z,remove_waste,0.0806626833,UI,2026-09-14 23:12:24.784,1855.095833333333
Pulse experiments,pioreactor01,2026-09-14T17:27:25.047Z,add_media,0.0776751765,UI,2026-09-14 23:12:25.047,1855.096111111111
Pulse experiments,pioreactor01,2026-09-14T17:27:25.286Z,remove_waste,0.0806626833,UI,2026-09-14 23:12:25.286,1855.096111111111
Pulse experiments,pioreactor01,2026-09-14T17:27:25.548Z,add_media,0.0776751765,UI,2026-09-14 23:12:25.548,1855.096111111111
Pulse experiments,pioreactor01,2026-09-14T17:27:25.787Z,remove_waste,0.0806626833,UI,2026-09-14 23:12:25.787,1855.096111111111
Pulse experiments,pioreactor01,2026-09-14T17:27:26.050Z,add_media,0.0776751765,UI,2026-09-14 23:12:26.050,1855.096388888889
Pulse experiments,pioreactor01,2026-09-14T17:27:26.287Z,remove_waste,0.0806626833,UI,2026-09-14 23:12:26.287,1855.096388888889
Pulse experiments,pioreactor01,2026-09-14T17:27:26.551Z,add_media,0.0776751765,UI,2026-09-14 23:12:26.551,1855.096388888889
Pulse experiments,pioreactor01,2026-09-14T17:27:26.788Z,remove_waste,0.0806626833,UI,2026-09-14 23:12:26.788,1855.096388888889
Pulse experiments,pioreactor01,2026-09-14T17:27:27.052Z,add_media,0.0776751765,UI,2026-09-14 23:12:27.052,1855.096666666667
Pulse experiments,pioreactor01,2026-09-14T17:27:27.289Z,remove_waste,0.0806626833,UI,2026-09-14 23:12:27.289,1855.096666666667
Pulse experiments,pioreactor01,2026-09-14T17:27:27.554Z,add_media,0.0776751765,UI,2026-09-14 23:12:27.554,1855.096666666667
Pulse experiments,pioreactor01,2026-09-14T17:27:27.790Z,remove_waste,0.0806626833,UI,2026-09-14 23:12:27.790,1855.096666666667
Pulse experiments,pioreactor01,2026-09-14T17:27:28.056Z,add_media,0.0776751765,UI,2026-09-14 23:12:28.056,1855.096944444444
Pulse experiments,pioreactor01,2026-09-14T17:27:28.291Z,remove_waste,0.0806626833,UI,2026-09-14 23:12:28.291,1855.096944444444
Pulse experiments,pioreactor01,2026-09-14T17:27:28.557Z,add_media,0.0776751765,UI,2026-09-14 23:12:28.557,1855.096944444444
Pulse experiments,pioreactor01,2026-09-14T17:27:28.793Z,remove_waste,0.0806626833,UI,2026-09-14 23:12:28.793,1855.096944444444
Pulse experiments,pioreactor01,2026-09-14T17:27:29.058Z,add_media,0.0776751765,UI,2026-09-14 23:12:29.058,1855.097222222222
Pulse experiments,pioreactor01,2026-09-14T17:27:29.296Z,remove_waste,0.0806626833,UI,2026-09-14 23:12:29.296,1855.097222222222
Pulse experiments,pioreactor01,2026-09-14T17:27:29.559Z,add_media,0.0776751765,UI,2026-09-14 23:12:29.559,1855.097222222222
Pulse experiments,pioreactor01,2026-09-14T17:27:29.797Z,remove_waste,0.0806626833,UI,2026-09-14 23:12:29.797,1855.097222222222
Pulse experiments,pioreactor01,2026-09-14T17:27:30.060Z,add_media,0.0776751765,UI,2026-09-14 23:12:30.060,1855.0975
Pulse experiments,pioreactor01,2026-09-14T17:27:30.297Z,remove_waste,0.0806626833,UI,2026-09-14 23:12:30.297,1855.0975
Pulse experiments,pioreactor01,2026-09-14T17:27:30.561Z,add_media,0.0776751765,UI,2026-09-14 23:12:30.561,1855.0975
Pulse experiments,pioreactor01,2026-09-14T17:27:30.798Z,remove_waste,0.0806626833,UI,2026-09-14 23:12:30.798,1855.0975
Pulse experiments,pioreactor01,2026-09-14T17:27:31.062Z,add_media,0.0776751765,UI,2026-09-14 23:12:31.062,1855.097777777778
Pulse experiments,pioreactor01,2026-09-14T17:27:31.299Z,remove_waste,0.0806626833,UI,2026-09-14 23:12:31.299,1855.097777777778
Pulse experiments,pioreactor01,2026-09-14T17:27:31.563Z,add_media,0.0776751765,UI,2026-09-14 23:12:31.563,1855.097777777778
Pulse experiments,pioreactor01,2026-09-14T17:27:31.800Z,remove_waste,0.0806626833,UI,2026-09-14 23:12:31.800,1855.097777777778
Pulse experiments,pioreactor01,2026-09-14T17:27:32.064Z,add_media,0.0776751765,UI,2026-09-14 23:12:32.064,1855.098055555555
Pulse experiments,pioreactor01,2026-09-14T17:27:32.302Z,remove_waste,0.0806626833,UI,2026-09-14 23:12:32.302,1855.098055555555
Pulse experiments,pioreactor01,2026-09-14T17:27:32.565Z,add_media,0.0776751765,UI,2026-09-14 23:12:32.565,1855.098055555555
Pulse experiments,pioreactor01,2026-09-14T17:27:32.804Z,remove_waste,0.0806626833,UI,2026-09-14 23:12:32.804,1855.098055555555
Pulse experiments,pioreactor01,2026-09-14T17:27:33.067Z,add_media,0.0776751765,UI,2026-09-14 23:12:33.067,1855.098333333333
Pulse experiments,pioreactor01,2026-09-14T17:27:33.306Z,remove_waste,0.0806626833,UI,2026-09-14 23:12:33.306,1855.098333333333
Pulse experiments,pioreactor01,2026-09-14T17:27:33.569Z,add_media,0.0776751765,UI,2026-09-14 23:12:33.569,1855.098333333333
Pulse experiments,pioreactor01,2026-09-14T17:27:33.807Z,remove_waste,0.0806626833,UI,2026-09-14 23:12:33.807,1855.098333333333
Pulse experiments,pioreactor01,2026-09-14T17:27:34.070Z,add_media,0.0776751765,UI,2026-09-14 23:12:34.070,1855.098611111111
Pulse experiments,pioreactor01,2026-09-14T17:27:34.308Z,remove_waste,0.0806626833,UI,2026-09-14 23:12:34.308,1855.098611111111
Pulse experiments,pioreactor01,2026-09-14T17:27:34.571Z,add_media,0.0776751765,UI,2026-09-14 23:12:34.571,1855.098611111111
Pulse experiments,pioreactor01,2026-09-14T17:27:34.810Z,remove_waste,0.0806626833,UI,2026-09-14 23:12:34.810,1855.098611111111
Pulse experiments,pioreactor01,2026-09-14T17:27:35.072Z,add_media,0.0776751765,UI,2026-09-14 23:12:35.072,1855.098888888889
Pulse experiments,pioreactor01,2026-09-14T17:27:35.312Z,remove_waste,0.0806626833,UI,2026-09-14 23:12:35.312,1855.098888888889
Pulse experiments,pioreactor01,2026-09-14T17:27:35.573Z,add_media,0.0776751765,UI,2026-09-14 23:12:35.573,1855.098888888889
Pulse experiments,pioreactor01,2026-09-14T17:27:35.812Z,remove_waste,0.0806626833,UI,2026-09-14 23:12:35.812,1855.098888888889
Pulse experiments,pioreactor01,2026-09-14T17:27:36.075Z,add_media,0.0776751765,UI,2026-09-14 23:12:36.075,1855.099166666667
Pulse experiments,pioreactor01,2026-09-14T17:27:36.314Z,remove_waste,0.0806626833,UI,2026-09-14 23:12:36.314,1855.099166666667
Pulse experiments,pioreactor01,2026-09-14T17:27:36.576Z,add_media,0.0776751765,UI,2026-09-14 23:12:36.576,1855.099166666667
Pulse experiments,pioreactor01,2026-09-14T17:27:36.815Z,remove_waste,0.0806626833,UI,2026-09-14 23:12:36.815,1855.099166666667
Pulse experiments,pioreactor01,2026-09-14T17:27:37.077Z,add_media,0.0776751765,UI,2026-09-14 23:12:37.077,1855.099444444445
Pulse experiments,pioreactor01,2026-09-14T17:27:37.318Z,remove_waste,0.0806626833,UI,2026-09-14 23:12:37.318,1855.099444444445
Pulse experiments,pioreactor01,2026-09-14T17:27:37.578Z,add_media,0.0776751765,UI,2026-09-14 23:12:37.578,1855.099444444445
Pulse experiments,pioreactor01,2026-09-14T17:27:37.818Z,remove_waste,0.0806626833,UI,2026-09-14 23:12:37.818,1855.099444444445
Pulse experiments,pioreactor01,2026-09-14T17:27:38.079Z,add_media,0.0776751765,UI,2026-09-14 23:12:38.079,1855.099722222222
Pulse experiments,pioreactor01,2026-09-14T17:27:38.320Z,remove_waste,0.0806626833,UI,2026-09-14 23:12:38.320,1855.099722222222
Pulse experiments,pioreactor01,2026-09-14T17:27:38.580Z,add_media,0.0776751765,UI,2026-09-14 23:12:38.580,1855.099722222222
Pulse experiments,pioreactor01,2026-09-14T17:27:38.821Z,remove_waste,0.0806626833,UI,2026-09-14 23:12:38.821,1855.099722222222
Pulse experiments,pioreactor01,2026-09-14T17:27:39.081Z,add_media,0.0776751765,UI,2026-09-14 23:12:39.081,1855.1
Pulse experiments,pioreactor01,2026-09-14T17:27:39.322Z,remove_waste,0.0806626833,UI,2026-09-14 23:12:39.322,1855.1
Pulse experiments,pioreactor01,2026-09-14T17:27:39.582Z,add_media,0.0776751765,UI,2026-09-14 23:12:39.582,1855.1
Pulse experiments,pioreactor01,2026-09-14T17:27:39.823Z,remove_waste,0.0806626833,UI,2026-09-14 23:12:39.823,1855.1
Pulse experiments,pioreactor01,2026-09-14T17:27:40.083Z,add_media,0.0776751765,UI,2026-09-14 23:12:40.083,1855.100277777778
Pulse experiments,pioreactor01,2026-09-14T17:27:40.324Z,remove_waste,0.0806626833,UI,2026-09-14 23:12:40.324,1855.100277777778
Pulse experiments,pioreactor01,2026-09-14T17:27:40.585Z,add_media,0.0776751765,UI,2026-09-14 23:12:40.585,1855.100277777778
Pulse experiments,pioreactor01,2026-09-14T17:27:40.825Z,remove_waste,0.0806626833,UI,2026-09-14 23:12:40.825,1855.100277777778
Pulse experiments,pioreactor01,2026-09-14T17:27:41.086Z,add_media,0.0776751765,UI,2026-09-14 23:12:41.086,1855.100555555556
Pulse experiments,pioreactor01,2026-09-14T17:27:41.326Z,remove_waste,0.0806626833,UI,2026-09-14 23:12:41.326,1855.100555555556
Pulse experiments,pioreactor01,2026-09-14T17:27:41.587Z,add_media,0.0776751765,UI,2026-09-14 23:12:41.587,1855.100555555556
Pulse experiments,pioreactor01,2026-09-14T17:27:41.826Z,remove_waste,0.0806626833,UI,2026-09-14 23:12:41.826,1855.100555555556
Pulse experiments,pioreactor01,2026-09-14T17:27:42.088Z,add_media,0.0776751765,UI,2026-09-14 23:12:42.088,1855.100833333333
Pulse experiments,pioreactor01,2026-09-14T17:27:42.327Z,remove_waste,0.0806626833,UI,2026-09-14 23:12:42.327,1855.100833333333
Pulse experiments,pioreactor01,2026-09-14T17:27:42.589Z,add_media,0.0776751765,UI,2026-09-14 23:12:42.589,1855.100833333333
Pulse experiments,pioreactor01,2026-09-14T17:27:42.828Z,remove_waste,0.0806626833,UI,2026-09-14 23:12:42.828,1855.100833333333
Pulse experiments,pioreactor01,2026-09-14T17:27:43.090Z,add_media,0.0776751765,UI,2026-09-14 23:12:43.090,1855.101111111111
Pulse experiments,pioreactor01,2026-09-14T17:27:43.329Z,remove_waste,0.0806626833,UI,2026-09-14 23:12:43.329,1855.101111111111
Pulse experiments,pioreactor01,2026-09-14T17:27:43.591Z,add_media,0.0776751765,UI,2026-09-14 23:12:43.591,1855.101111111111
Pulse experiments,pioreactor01,2026-09-14T17:27:43.830Z,remove_waste,0.0806626833,UI,2026-09-14 23:12:43.830,1855.101111111111
Pulse experiments,pioreactor01,2026-09-14T17:27:44.092Z,add_media,0.0776751765,UI,2026-09-14 23:12:44.092,1855.101388888889
Pulse experiments,pioreactor01,2026-09-14T17:27:44.332Z,remove_waste,0.0806626833,UI,2026-09-14 23:12:44.332,1855.101388888889
Pulse experiments,pioreactor01,2026-09-14T17:27:44.593Z,add_media,0.0776751765,UI,2026-09-14 23:12:44.593,1855.101388888889
Pulse experiments,pioreactor01,2026-09-14T17:27:44.833Z,remove_waste,0.0806626833,UI,2026-09-14 23:12:44.833,1855.101388888889
Pulse experiments,pioreactor01,2026-09-14T17:27:45.094Z,add_media,0.0776751765,UI,2026-09-14 23:12:45.094,1855.101666666667
Pulse experiments,pioreactor01,2026-09-14T17:27:45.334Z,remove_waste,0.0806626833,UI,2026-09-14 23:12:45.334,1855.101666666667
Pulse experiments,pioreactor01,2026-09-14T17:27:45.597Z,add_media,0.0776751765,UI,2026-09-14 23:12:45.597,1855.101666666667
Pulse experiments,pioreactor01,2026-09-14T17:27:45.836Z,remove_waste,0.0806626833,UI,2026-09-14 23:12:45.836,1855.101666666667
Pulse experiments,pioreactor01,2026-09-14T17:27:46.099Z,add_media,0.0776751765,UI,2026-09-14 23:12:46.099,1855.101944444444
Pulse experiments,pioreactor01,2026-09-14T17:27:46.337Z,remove_waste,0.0806626833,UI,2026-09-14 23:12:46.337,1855.101944444444
Pulse experiments,pioreactor01,2026-09-14T17:27:46.600Z,add_media,0.0776751765,UI,2026-09-14 23:12:46.600,1855.101944444444
Pulse experiments,pioreactor01,2026-09-14T17:27:46.838Z,remove_waste,0.0806626833,UI,2026-09-14 23:12:46.838,1855.101944444444
Pulse experiments,pioreactor01,2026-09-14T17:27:47.103Z,add_media,0.0776751765,UI,2026-09-14 23:12:47.103,1855.102222222222
Pulse experiments,pioreactor01,2026-09-14T17:27:47.340Z,remove_waste,0.0806626833,UI,2026-09-14 23:12:47.340,1855.102222222222
Pulse experiments,pioreactor01,2026-09-14T17:27:47.605Z,add_media,0.0776751765,UI,2026-09-14 23:12:47.605,1855.102222222222
Pulse experiments,pioreactor01,2026-09-14T17:27:47.841Z,remove_waste,0.0806626833,UI,2026-09-14 23:12:47.841,1855.102222222222
Pulse experiments,pioreactor01,2026-09-14T17:27:48.110Z,add_media,0.0776751765,UI,2026-09-14 23:12:48.110,1855.1025
Pulse experiments,pioreactor01,2026-09-14T17:27:48.342Z,remove_waste,0.0806626833,UI,2026-09-14 23:12:48.342,1855.1025
Pulse experiments,pioreactor01,2026-09-14T17:27:48.613Z,add_media,0.0776751765,UI,2026-09-14 23:12:48.613,1855.1025
Pulse experiments,pioreactor01,2026-09-14T17:27:48.843Z,remove_waste,0.0806626833,UI,2026-09-14 23:12:48.843,1855.1025
Pulse experiments,pioreactor01,2026-09-14T17:27:49.115Z,add_media,0.0776751765,UI,2026-09-14 23:12:49.115,1855.102777777778
Pulse experiments,pioreactor01,2026-09-14T17:27:49.344Z,remove_waste,0.0806626833,UI,2026-09-14 23:12:49.344,1855.102777777778
Pulse experiments,pioreactor01,2026-09-14T17:27:49.616Z,add_media,0.0776751765,UI,2026-09-14 23:12:49.616,1855.102777777778
Pulse experiments,pioreactor01,2026-09-14T17:27:49.846Z,remove_waste,0.0806626833,UI,2026-09-14 23:12:49.846,1855.102777777778
Pulse experiments,pioreactor01,2026-09-14T17:27:50.117Z,add_media,0.0776751765,UI,2026-09-14 23:12:50.117,1855.103055555556
Pulse experiments,pioreactor01,2026-09-14T17:27:50.347Z,remove_waste,0.0806626833,UI,2026-09-14 23:12:50.347,1855.103055555556
Pulse experiments,pioreactor01,2026-09-14T17:27:50.618Z,add_media,0.0776751765,UI,2026-09-14 23:12:50.618,1855.103055555556
Pulse experiments,pioreactor01,2026-09-14T17:27:50.847Z,remove_waste,0.0806626833,UI,2026-09-14 23:12:50.847,1855.103055555556
Pulse experiments,pioreactor01,2026-09-14T17:27:51.119Z,add_media,0.0776751765,UI,2026-09-14 23:12:51.119,1855.103333333333
Pulse experiments,pioreactor01,2026-09-14T17:27:51.348Z,remove_waste,0.0806626833,UI,2026-09-14 23:12:51.348,1855.103333333333
Pulse experiments,pioreactor01,2026-09-14T17:27:51.620Z,add_media,0.0776751765,UI,2026-09-14 23:12:51.620,1855.103333333333
Pulse experiments,pioreactor01,2026-09-14T17:27:51.849Z,remove_waste,0.0806626833,UI,2026-09-14 23:12:51.849,1855.103333333333
Pulse experiments,pioreactor01,2026-09-14T17:27:52.121Z,add_media,0.0776751765,UI,2026-09-14 23:12:52.121,1855.103611111111
Pulse experiments,pioreactor01,2026-09-14T17:27:52.350Z,remove_waste,0.0806626833,UI,2026-09-14 23:12:52.350,1855.103611111111
Pulse experiments,pioreactor01,2026-09-14T17:27:52.623Z,add_media,0.0776751765,UI,2026-09-14 23:12:52.623,1855.103611111111
Pulse experiments,pioreactor01,2026-09-14T17:27:52.851Z,remove_waste,0.0806626833,UI,2026-09-14 23:12:52.851,1855.103611111111
Pulse experiments,pioreactor01,2026-09-14T17:27:53.124Z,add_media,0.0776751765,UI,2026-09-14 23:12:53.124,1855.103888888889
Pulse experiments,pioreactor01,2026-09-14T17:27:53.352Z,remove_waste,0.0806626833,UI,2026-09-14 23:12:53.352,1855.103888888889
Pulse experiments,pioreactor01,2026-09-14T17:27:53.624Z,add_media,0.0776751765,UI,2026-09-14 23:12:53.624,1855.103888888889
Pulse experiments,pioreactor01,2026-09-14T17:27:53.853Z,remove_waste,0.0806626833,UI,2026-09-14 23:12:53.853,1855.103888888889
Pulse experiments,pioreactor01,2026-09-14T17:27:54.126Z,add_media,0.0776751765,UI,2026-09-14 23:12:54.126,1855.104166666667
Pulse experiments,pioreactor01,2026-09-14T17:27:54.354Z,remove_waste,0.0806626833,UI,2026-09-14 23:12:54.354,1855.104166666667
Pulse experiments,pioreactor01,2026-09-14T17:27:54.627Z,add_media,0.0776751765,UI,2026-09-14 23:12:54.627,1855.104166666667
Pulse experiments,pioreactor01,2026-09-14T17:27:54.855Z,remove_waste,0.0806626833,UI,2026-09-14 23:12:54.855,1855.104166666667
Pulse experiments,pioreactor01,2026-09-14T17:27:55.129Z,add_media,0.0776751765,UI,2026-09-14 23:12:55.129,1855.104444444444
Pulse experiments,pioreactor01,2026-09-14T17:27:55.355Z,remove_waste,0.0806626833,UI,2026-09-14 23:12:55.355,1855.104444444444
Pulse experiments,pioreactor01,2026-09-14T17:27:55.630Z,add_media,0.0776751765,UI,2026-09-14 23:12:55.630,1855.104444444444
Pulse experiments,pioreactor01,2026-09-14T17:27:55.857Z,remove_waste,0.0806626833,UI,2026-09-14 23:12:55.857,1855.104444444444
Pulse experiments,pioreactor01,2026-09-14T17:27:56.131Z,add_media,0.0776751765,UI,2026-09-14 23:12:56.131,1855.104722222222
Pulse experiments,pioreactor01,2026-09-14T17:27:56.357Z,remove_waste,0.0806626833,UI,2026-09-14 23:12:56.357,1855.104722222222
Pulse experiments,pioreactor01,2026-09-14T17:27:56.632Z,add_media,0.0776751765,UI,2026-09-14 23:12:56.632,1855.104722222222
Pulse experiments,pioreactor01,2026-09-14T17:27:56.859Z,remove_waste,0.0806626833,UI,2026-09-14 23:12:56.859,1855.104722222222
Pulse experiments,pioreactor01,2026-09-14T17:27:57.133Z,add_media,0.0776751765,UI,2026-09-14 23:12:57.133,1855.105
Pulse experiments,pioreactor01,2026-09-14T17:27:57.360Z,remove_waste,0.0806626833,UI,2026-09-14 23:12:57.360,1855.105
Pulse experiments,pioreactor01,2026-09-14T17:27:57.634Z,add_media,0.0776751765,UI,2026-09-14 23:12:57.634,1855.105
Pulse experiments,pioreactor01,2026-09-14T17:27:57.860Z,remove_waste,0.0806626833,UI,2026-09-14 23:12:57.860,1855.105
Pulse experiments,pioreactor01,2026-09-14T17:27:58.135Z,add_media,0.0776751765,UI,2026-09-14 23:12:58.135,1855.105277777778
Pulse experiments,pioreactor01,2026-09-14T17:27:58.362Z,remove_waste,0.0806626833,UI,2026-09-14 23:12:58.362,1855.105277777778
Pulse experiments,pioreactor01,2026-09-14T17:27:58.636Z,add_media,0.0776751765,UI,2026-09-14 23:12:58.636,1855.105277777778
Pulse experiments,pioreactor01,2026-09-14T17:27:58.862Z,remove_waste,0.0806626833,UI,2026-09-14 23:12:58.862,1855.105277777778
Pulse experiments,pioreactor01,2026-09-14T17:27:59.137Z,add_media,0.0776751765,UI,2026-09-14 23:12:59.137,1855.105555555556
Pulse experiments,pioreactor01,2026-09-14T17:27:59.363Z,remove_waste,0.0806626833,UI,2026-09-14 23:12:59.363,1855.105555555556
Pulse experiments,pioreactor01,2026-09-14T17:27:59.638Z,add_media,0.0776751765,UI,2026-09-14 23:12:59.638,1855.105555555556
Pulse experiments,pioreactor01,2026-09-14T17:27:59.864Z,remove_waste,0.0806626833,UI,2026-09-14 23:12:59.864,1855.105555555556
Pulse experiments,pioreactor01,2026-09-14T17:28:00.139Z,add_media,0.0776751765,UI,2026-09-14 23:13:00.139,1855.105833333333
Pulse experiments,pioreactor01,2026-09-14T17:28:00.365Z,remove_waste,0.0806626833,UI,2026-09-14 23:13:00.365,1855.105833333333
Pulse experiments,pioreactor01,2026-09-14T17:28:00.641Z,add_media,0.0776751765,UI,2026-09-14 23:13:00.641,1855.105833333333
Pulse experiments,pioreactor01,2026-09-14T17:28:00.867Z,remove_waste,0.0806626833,UI,2026-09-14 23:13:00.867,1855.105833333333
Pulse experiments,pioreactor01,2026-09-14T17:28:01.142Z,add_media,0.0776751765,UI,2026-09-14 23:13:01.142,1855.106111111111
Pulse experiments,pioreactor01,2026-09-14T17:28:01.368Z,remove_waste,0.0806626833,UI,2026-09-14 23:13:01.368,1855.106111111111
Pulse experiments,pioreactor01,2026-09-14T17:28:01.643Z,add_media,0.0776751765,UI,2026-09-14 23:13:01.643,1855.106111111111
Pulse experiments,pioreactor01,2026-09-14T17:28:01.869Z,remove_waste,0.0806626833,UI,2026-09-14 23:13:01.869,1855.106111111111
Pulse experiments,pioreactor01,2026-09-14T17:28:02.144Z,add_media,0.0776751765,UI,2026-09-14 23:13:02.144,1855.106388888889
Pulse experiments,pioreactor01,2026-09-14T17:28:02.370Z,remove_waste,0.0806626833,UI,2026-09-14 23:13:02.370,1855.106388888889
Pulse experiments,pioreactor01,2026-09-14T17:28:02.645Z,add_media,0.0776751765,UI,2026-09-14 23:13:02.645,1855.106388888889
Pulse experiments,pioreactor01,2026-09-14T17:28:02.871Z,remove_waste,0.0806626833,UI,2026-09-14 23:13:02.871,1855.106388888889
Pulse experiments,pioreactor01,2026-09-14T17:28:03.147Z,add_media,0.0776751765,UI,2026-09-14 23:13:03.147,1855.106666666667
Pulse experiments,pioreactor01,2026-09-14T17:28:03.372Z,remove_waste,0.0806626833,UI,2026-09-14 23:13:03.372,1855.106666666667
Pulse experiments,pioreactor01,2026-09-14T17:28:03.649Z,add_media,0.0776751765,UI,2026-09-14 23:13:03.649,1855.106666666667
Pulse experiments,pioreactor01,2026-09-14T17:28:03.873Z,remove_waste,0.0806626833,UI,2026-09-14 23:13:03.873,1855.106666666667
Pulse experiments,pioreactor01,2026-09-14T17:28:04.150Z,add_media,0.0776751765,UI,2026-09-14 23:13:04.150,1855.106944444444
Pulse experiments,pioreactor01,2026-09-14T17:28:04.374Z,remove_waste,0.0806626833,UI,2026-09-14 23:13:04.374,1855.106944444444
Pulse experiments,pioreactor01,2026-09-14T17:28:04.651Z,add_media,0.0776751765,UI,2026-09-14 23:13:04.651,1855.106944444444
Pulse experiments,pioreactor01,2026-09-14T17:28:04.875Z,remove_waste,0.0806626833,UI,2026-09-14 23:13:04.875,1855.106944444444
Pulse experiments,pioreactor01,2026-09-14T17:28:05.153Z,add_media,0.0776751765,UI,2026-09-14 23:13:05.153,1855.107222222222
Pulse experiments,pioreactor01,2026-09-14T17:28:05.376Z,remove_waste,0.0806626833,UI,2026-09-14 23:13:05.376,1855.107222222222
Pulse experiments,pioreactor01,2026-09-14T17:28:05.654Z,add_media,0.0776751765,UI,2026-09-14 23:13:05.654,1855.107222222222
Pulse experiments,pioreactor01,2026-09-14T17:28:05.877Z,remove_waste,0.0806626833,UI,2026-09-14 23:13:05.877,1855.107222222222
Pulse experiments,pioreactor01,2026-09-14T17:28:06.156Z,add_media,0.0776751765,UI,2026-09-14 23:13:06.156,1855.1075
Pulse experiments,pioreactor01,2026-09-14T17:28:06.378Z,remove_waste,0.0806626833,UI,2026-09-14 23:13:06.378,1855.1075
Pulse experiments,pioreactor01,2026-09-14T17:28:06.659Z,add_media,0.0776751765,UI,2026-09-14 23:13:06.659,1855.1075
Pulse experiments,pioreactor01,2026-09-14T17:28:06.879Z,remove_waste,0.0806626833,UI,2026-09-14 23:13:06.879,1855.1075
Pulse experiments,pioreactor01,2026-09-14T17:28:07.161Z,add_media,0.0776751765,UI,2026-09-14 23:13:07.161,1855.107777777778
Pulse experiments,pioreactor01,2026-09-14T17:28:07.380Z,remove_waste,0.0806626833,UI,2026-09-14 23:13:07.380,1855.107777777778
Pulse experiments,pioreactor01,2026-09-14T17:28:07.662Z,add_media,0.0776751765,UI,2026-09-14 23:13:07.662,1855.107777777778
Pulse experiments,pioreactor01,2026-09-14T17:28:07.880Z,remove_waste,0.0806626833,UI,2026-09-14 23:13:07.880,1855.107777777778
Pulse experiments,pioreactor01,2026-09-14T17:28:08.163Z,add_media,0.0776751765,UI,2026-09-14 23:13:08.163,1855.108055555556
Pulse experiments,pioreactor01,2026-09-14T17:28:08.384Z,remove_waste,0.0806626833,UI,2026-09-14 23:13:08.384,1855.108055555556
Pulse experiments,pioreactor01,2026-09-14T17:28:08.665Z,add_media,0.0776751765,UI,2026-09-14 23:13:08.665,1855.108055555556
Pulse experiments,pioreactor01,2026-09-14T17:28:08.885Z,remove_waste,0.0806626833,UI,2026-09-14 23:13:08.885,1855.108055555556
Pulse experiments,pioreactor01,2026-09-14T17:28:09.165Z,add_media,0.0776751765,UI,2026-09-14 23:13:09.165,1855.108333333333
Pulse experiments,pioreactor01,2026-09-14T17:28:09.385Z,remove_waste,0.0806626833,UI,2026-09-14 23:13:09.385,1855.108333333333
Pulse experiments,pioreactor01,2026-09-14T17:28:09.669Z,add_media,0.0776751765,UI,2026-09-14 23:13:09.669,1855.108333333333
Pulse experiments,pioreactor01,2026-09-14T17:28:09.886Z,remove_waste,0.0806626833,UI,2026-09-14 23:13:09.886,1855.108333333333
Pulse experiments,pioreactor01,2026-09-14T17:28:10.171Z,add_media,0.0776751765,UI,2026-09-14 23:13:10.171,1855.108611111111
Pulse experiments,pioreactor01,2026-09-14T17:28:10.387Z,remove_waste,0.0806626833,UI,2026-09-14 23:13:10.387,1855.108611111111
Pulse experiments,pioreactor01,2026-09-14T17:28:10.672Z,add_media,0.0776751765,UI,2026-09-14 23:13:10.672,1855.108611111111
Pulse experiments,pioreactor01,2026-09-14T17:28:10.888Z,remove_waste,0.0806626833,UI,2026-09-14 23:13:10.888,1855.108611111111
Pulse experiments,pioreactor01,2026-09-14T17:28:11.173Z,add_media,0.0776751765,UI,2026-09-14 23:13:11.173,1855.108888888889
Pulse experiments,pioreactor01,2026-09-14T17:28:11.389Z,remove_waste,0.0806626833,UI,2026-09-14 23:13:11.389,1855.108888888889
Pulse experiments,pioreactor01,2026-09-14T17:28:11.674Z,add_media,0.0776751765,UI,2026-09-14 23:13:11.674,1855.108888888889
Pulse experiments,pioreactor01,2026-09-14T17:28:11.892Z,remove_waste,0.0806626833,UI,2026-09-14 23:13:11.892,1855.108888888889
Pulse experiments,pioreactor01,2026-09-14T17:28:12.175Z,add_media,0.0776751765,UI,2026-09-14 23:13:12.175,1855.109166666667
Pulse experiments,pioreactor01,2026-09-14T17:28:12.394Z,remove_waste,0.0806626833,UI,2026-09-14 23:13:12.394,1855.109166666667
Pulse experiments,pioreactor01,2026-09-14T17:28:12.676Z,add_media,0.0776751765,UI,2026-09-14 23:13:12.676,1855.109166666667
Pulse experiments,pioreactor01,2026-09-14T17:28:12.895Z,remove_waste,0.0806626833,UI,2026-09-14 23:13:12.895,1855.109166666667
Pulse experiments,pioreactor01,2026-09-14T17:28:13.178Z,add_media,0.0776751765,UI,2026-09-14 23:13:13.178,1855.109444444445
Pulse experiments,pioreactor01,2026-09-14T17:28:13.396Z,remove_waste,0.0806626833,UI,2026-09-14 23:13:13.396,1855.109444444445
Pulse experiments,pioreactor01,2026-09-14T17:28:13.679Z,add_media,0.0776751765,UI,2026-09-14 23:13:13.679,1855.109444444445
Pulse experiments,pioreactor01,2026-09-14T17:28:13.897Z,remove_waste,0.0806626833,UI,2026-09-14 23:13:13.897,1855.109444444445
Pulse experiments,pioreactor01,2026-09-14T17:28:14.181Z,add_media,0.0776751765,UI,2026-09-14 23:13:14.181,1855.109722222222
Pulse experiments,pioreactor01,2026-09-14T17:28:14.398Z,remove_waste,0.0806626833,UI,2026-09-14 23:13:14.398,1855.109722222222
Pulse experiments,pioreactor01,2026-09-14T17:28:14.682Z,add_media,0.0776751765,UI,2026-09-14 23:13:14.682,1855.109722222222
Pulse experiments,pioreactor01,2026-09-14T17:28:14.899Z,remove_waste,0.0806626833,UI,2026-09-14 23:13:14.899,1855.109722222222
Pulse experiments,pioreactor01,2026-09-14T17:28:15.182Z,add_media,0.0776751765,UI,2026-09-14 23:13:15.182,1855.11
Pulse experiments,pioreactor01,2026-09-14T17:28:15.400Z,remove_waste,0.0806626833,UI,2026-09-14 23:13:15.400,1855.11
Pulse experiments,pioreactor01,2026-09-14T17:28:15.683Z,add_media,0.0776751765,UI,2026-09-14 23:13:15.683,1855.11
Pulse experiments,pioreactor01,2026-09-14T17:28:15.902Z,remove_waste,0.0806626833,UI,2026-09-14 23:13:15.902,1855.11
Pulse experiments,pioreactor01,2026-09-14T17:28:16.184Z,add_media,0.0776751765,UI,2026-09-14 23:13:16.184,1855.110277777778
Pulse experiments,pioreactor01,2026-09-14T17:28:16.403Z,remove_waste,0.0806626833,UI,2026-09-14 23:13:16.403,1855.110277777778
Pulse experiments,pioreactor01,2026-09-14T17:28:16.686Z,add_media,0.0776751765,UI,2026-09-14 23:13:16.686,1855.110277777778
Pulse experiments,pioreactor01,2026-09-14T17:28:16.904Z,remove_waste,0.0806626833,UI,2026-09-14 23:13:16.904,1855.110277777778
Pulse experiments,pioreactor01,2026-09-14T17:28:17.186Z,add_media,0.0776751765,UI,2026-09-14 23:13:17.186,1855.110555555555
Pulse experiments,pioreactor01,2026-09-14T17:28:17.406Z,remove_waste,0.0806626833,UI,2026-09-14 23:13:17.406,1855.110555555555
Pulse experiments,pioreactor01,2026-09-14T17:28:17.689Z,add_media,0.0776751765,UI,2026-09-14 23:13:17.689,1855.110555555555
Pulse experiments,pioreactor01,2026-09-14T17:28:17.907Z,remove_waste,0.0806626833,UI,2026-09-14 23:13:17.907,1855.110555555555
Pulse experiments,pioreactor01,2026-09-14T17:28:18.190Z,add_media,0.0776751765,UI,2026-09-14 23:13:18.190,1855.110833333333
Pulse experiments,pioreactor01,2026-09-14T17:28:18.408Z,remove_waste,0.0806626833,UI,2026-09-14 23:13:18.408,1855.110833333333
Pulse experiments,pioreactor01,2026-09-14T17:28:18.692Z,add_media,0.0776751765,UI,2026-09-14 23:13:18.692,1855.110833333333
Pulse experiments,pioreactor01,2026-09-14T17:28:18.909Z,remove_waste,0.0806626833,UI,2026-09-14 23:13:18.909,1855.110833333333
Pulse experiments,pioreactor01,2026-09-14T17:28:19.195Z,add_media,0.0776751765,UI,2026-09-14 23:13:19.195,1855.111111111111
Pulse experiments,pioreactor01,2026-09-14T17:28:19.412Z,remove_waste,0.0806626833,UI,2026-09-14 23:13:19.412,1855.111111111111
Pulse experiments,pioreactor01,2026-09-14T17:28:19.696Z,add_media,0.0776751765,UI,2026-09-14 23:13:19.696,1855.111111111111
Pulse experiments,pioreactor01,2026-09-14T17:28:19.913Z,remove_waste,0.0806626833,UI,2026-09-14 23:13:19.913,1855.111111111111
Pulse experiments,pioreactor01,2026-09-14T17:28:20.197Z,add_media,0.0776751765,UI,2026-09-14 23:13:20.197,1855.111388888889
Pulse experiments,pioreactor01,2026-09-14T17:28:20.414Z,remove_waste,0.0806626833,UI,2026-09-14 23:13:20.414,1855.111388888889
Pulse experiments,pioreactor01,2026-09-14T17:28:20.697Z,add_media,0.0776751765,UI,2026-09-14 23:13:20.697,1855.111388888889
Pulse experiments,pioreactor01,2026-09-14T17:28:20.915Z,remove_waste,0.0806626833,UI,2026-09-14 23:13:20.915,1855.111388888889
Pulse experiments,pioreactor01,2026-09-14T17:28:21.198Z,add_media,0.0776751765,UI,2026-09-14 23:13:21.198,1855.111666666667
Pulse experiments,pioreactor01,2026-09-14T17:28:21.416Z,remove_waste,0.0806626833,UI,2026-09-14 23:13:21.416,1855.111666666667
Pulse experiments,pioreactor01,2026-09-14T17:28:21.699Z,add_media,0.0776751765,UI,2026-09-14 23:13:21.699,1855.111666666667
Pulse experiments,pioreactor01,2026-09-14T17:28:21.917Z,remove_waste,0.0806626833,UI,2026-09-14 23:13:21.917,1855.111666666667
Pulse experiments,pioreactor01,2026-09-14T17:28:22.200Z,add_media,0.0776751765,UI,2026-09-14 23:13:22.200,1855.111944444444
Pulse experiments,pioreactor01,2026-09-14T17:28:22.417Z,remove_waste,0.0806626833,UI,2026-09-14 23:13:22.417,1855.111944444444
Pulse experiments,pioreactor01,2026-09-14T17:28:22.703Z,add_media,0.0776751765,UI,2026-09-14 23:13:22.703,1855.111944444444
Pulse experiments,pioreactor01,2026-09-14T17:28:22.918Z,remove_waste,0.0806626833,UI,2026-09-14 23:13:22.918,1855.111944444444
Pulse experiments,pioreactor01,2026-09-14T17:28:23.205Z,add_media,0.0776751765,UI,2026-09-14 23:13:23.205,1855.112222222222
Pulse experiments,pioreactor01,2026-09-14T17:28:23.420Z,remove_waste,0.0806626833,UI,2026-09-14 23:13:23.420,1855.112222222222
Pulse experiments,pioreactor01,2026-09-14T17:28:23.706Z,add_media,0.0776751765,UI,2026-09-14 23:13:23.706,1855.112222222222
Pulse experiments,pioreactor01,2026-09-14T17:28:23.921Z,remove_waste,0.0806626833,UI,2026-09-14 23:13:23.921,1855.112222222222
Pulse experiments,pioreactor01,2026-09-14T17:28:24.207Z,add_media,0.0776751765,UI,2026-09-14 23:13:24.207,1855.1125
Pulse experiments,pioreactor01,2026-09-14T17:28:24.422Z,remove_waste,0.0806626833,UI,2026-09-14 23:13:24.422,1855.1125
Pulse experiments,pioreactor01,2026-09-14T17:28:24.708Z,add_media,0.0776751765,UI,2026-09-14 23:13:24.708,1855.1125
Pulse experiments,pioreactor01,2026-09-14T17:28:24.923Z,remove_waste,0.0806626833,UI,2026-09-14 23:13:24.923,1855.1125
Pulse experiments,pioreactor01,2026-09-14T17:28:25.209Z,add_media,0.0776751765,UI,2026-09-14 23:13:25.209,1855.112777777778
Pulse experiments,pioreactor01,2026-09-14T17:28:25.425Z,remove_waste,0.0806626833,UI,2026-09-14 23:13:25.425,1855.112777777778
Pulse experiments,pioreactor01,2026-09-14T17:28:25.710Z,add_media,0.0776751765,UI,2026-09-14 23:13:25.710,1855.112777777778
Pulse experiments,pioreactor01,2026-09-14T17:28:25.926Z,remove_waste,0.0806626833,UI,2026-09-14 23:13:25.926,1855.112777777778
Pulse experiments,pioreactor01,2026-09-14T17:28:26.211Z,add_media,0.0776751765,UI,2026-09-14 23:13:26.211,1855.113055555556
Pulse experiments,pioreactor01,2026-09-14T17:28:26.427Z,remove_waste,0.0806626833,UI,2026-09-14 23:13:26.427,1855.113055555556
Pulse experiments,pioreactor01,2026-09-14T17:28:26.712Z,add_media,0.0776751765,UI,2026-09-14 23:13:26.712,1855.113055555556
Pulse experiments,pioreactor01,2026-09-14T17:28:26.928Z,remove_waste,0.0806626833,UI,2026-09-14 23:13:26.928,1855.113055555556
Pulse experiments,pioreactor01,2026-09-14T17:28:27.213Z,add_media,0.0776751765,UI,2026-09-14 23:13:27.213,1855.113333333333
Pulse experiments,pioreactor01,2026-09-14T17:28:27.429Z,remove_waste,0.0806626833,UI,2026-09-14 23:13:27.429,1855.113333333333
Pulse experiments,pioreactor01,2026-09-14T17:28:27.714Z,add_media,0.0776751765,UI,2026-09-14 23:13:27.714,1855.113333333333
Pulse experiments,pioreactor01,2026-09-14T17:28:27.930Z,remove_waste,0.0806626833,UI,2026-09-14 23:13:27.930,1855.113333333333
Pulse experiments,pioreactor01,2026-09-14T17:28:28.215Z,add_media,0.0776751765,UI,2026-09-14 23:13:28.215,1855.113611111111
Pulse experiments,pioreactor01,2026-09-14T17:28:28.431Z,remove_waste,0.0806626833,UI,2026-09-14 23:13:28.431,1855.113611111111
Pulse experiments,pioreactor01,2026-09-14T17:28:28.720Z,add_media,0.0776751765,UI,2026-09-14 23:13:28.720,1855.113611111111
Pulse experiments,pioreactor01,2026-09-14T17:28:28.933Z,remove_waste,0.0806626833,UI,2026-09-14 23:13:28.933,1855.113611111111
Pulse experiments,pioreactor01,2026-09-14T17:28:29.221Z,add_media,0.0776751765,UI,2026-09-14 23:13:29.221,1855.113888888889
Pulse experiments,pioreactor01,2026-09-14T17:28:29.434Z,remove_waste,0.0806626833,UI,2026-09-14 23:13:29.434,1855.113888888889
Pulse experiments,pioreactor01,2026-09-14T17:28:29.722Z,add_media,0.0776751765,UI,2026-09-14 23:13:29.722,1855.113888888889
Pulse experiments,pioreactor01,2026-09-14T17:28:29.936Z,remove_waste,0.0806626833,UI,2026-09-14 23:13:29.936,1855.113888888889
Pulse experiments,pioreactor01,2026-09-14T17:28:30.223Z,add_media,0.0776751765,UI,2026-09-14 23:13:30.223,1855.114166666667
Pulse experiments,pioreactor01,2026-09-14T17:28:30.437Z,remove_waste,0.0806626833,UI,2026-09-14 23:13:30.437,1855.114166666667
Pulse experiments,pioreactor01,2026-09-14T17:28:30.724Z,add_media,0.0776751765,UI,2026-09-14 23:13:30.724,1855.114166666667
Pulse experiments,pioreactor01,2026-09-14T17:28:30.939Z,remove_waste,0.0806626833,UI,2026-09-14 23:13:30.939,1855.114166666667
Pulse experiments,pioreactor01,2026-09-14T17:28:31.225Z,add_media,0.0776751765,UI,2026-09-14 23:13:31.225,1855.114444444444
Pulse experiments,pioreactor01,2026-09-14T17:28:31.441Z,remove_waste,0.0806626833,UI,2026-09-14 23:13:31.441,1855.114444444444
Pulse experiments,pioreactor01,2026-09-14T17:28:31.727Z,add_media,0.0776751765,UI,2026-09-14 23:13:31.727,1855.114444444444
Pulse experiments,pioreactor01,2026-09-14T17:28:31.942Z,remove_waste,0.0806626833,UI,2026-09-14 23:13:31.942,1855.114444444444
Pulse experiments,pioreactor01,2026-09-14T17:28:32.228Z,add_media,0.0776751765,UI,2026-09-14 23:13:32.228,1855.114722222222
Pulse experiments,pioreactor01,2026-09-14T17:28:32.442Z,remove_waste,0.0806626833,UI,2026-09-14 23:13:32.442,1855.114722222222
Pulse experiments,pioreactor01,2026-09-14T17:28:32.730Z,add_media,0.0776751765,UI,2026-09-14 23:13:32.730,1855.114722222222
Pulse experiments,pioreactor01,2026-09-14T17:28:32.943Z,remove_waste,0.0806626833,UI,2026-09-14 23:13:32.943,1855.114722222222
Pulse experiments,pioreactor01,2026-09-14T17:28:33.232Z,add_media,0.0776751765,UI,2026-09-14 23:13:33.232,1855.115
Pulse experiments,pioreactor01,2026-09-14T17:28:33.446Z,remove_waste,0.0806626833,UI,2026-09-14 23:13:33.446,1855.115
Pulse experiments,pioreactor01,2026-09-14T17:28:33.733Z,add_media,0.0776751765,UI,2026-09-14 23:13:33.733,1855.115
Pulse experiments,pioreactor01,2026-09-14T17:28:33.947Z,remove_waste,0.0806626833,UI,2026-09-14 23:13:33.947,1855.115
Pulse experiments,pioreactor01,2026-09-14T17:28:34.234Z,add_media,0.0776751765,UI,2026-09-14 23:13:34.234,1855.115277777778
Pulse experiments,pioreactor01,2026-09-14T17:28:34.448Z,remove_waste,0.0806626833,UI,2026-09-14 23:13:34.448,1855.115277777778
Pulse experiments,pioreactor01,2026-09-14T17:28:34.735Z,add_media,0.0776751765,UI,2026-09-14 23:13:34.735,1855.115277777778
Pulse experiments,pioreactor01,2026-09-14T17:28:34.949Z,remove_waste,0.0806626833,UI,2026-09-14 23:13:34.949,1855.115277777778
Pulse experiments,pioreactor01,2026-09-14T17:28:35.236Z,add_media,0.0776751765,UI,2026-09-14 23:13:35.236,1855.115555555556
Pulse experiments,pioreactor01,2026-09-14T17:28:35.450Z,remove_waste,0.0806626833,UI,2026-09-14 23:13:35.450,1855.115555555556
Pulse experiments,pioreactor01,2026-09-14T17:28:35.737Z,add_media,0.0776751765,UI,2026-09-14 23:13:35.737,1855.115555555556
Pulse experiments,pioreactor01,2026-09-14T17:28:35.950Z,remove_waste,0.0806626833,UI,2026-09-14 23:13:35.950,1855.115555555556
Pulse experiments,pioreactor01,2026-09-14T17:28:36.242Z,add_media,0.0776751765,UI,2026-09-14 23:13:36.242,1855.115833333333
Pulse experiments,pioreactor01,2026-09-14T17:28:36.453Z,remove_waste,0.0806626833,UI,2026-09-14 23:13:36.453,1855.115833333333
Pulse experiments,pioreactor01,2026-09-14T17:28:36.743Z,add_media,0.0776751765,UI,2026-09-14 23:13:36.743,1855.115833333333
Pulse experiments,pioreactor01,2026-09-14T17:28:36.954Z,remove_waste,0.0806626833,UI,2026-09-14 23:13:36.954,1855.115833333333
Pulse experiments,pioreactor01,2026-09-14T17:28:37.244Z,add_media,0.0776751765,UI,2026-09-14 23:13:37.244,1855.116111111111
Pulse experiments,pioreactor01,2026-09-14T17:28:37.454Z,remove_waste,0.0806626833,UI,2026-09-14 23:13:37.454,1855.116111111111
Pulse experiments,pioreactor01,2026-09-14T17:28:37.745Z,add_media,0.0776751765,UI,2026-09-14 23:13:37.745,1855.116111111111
Pulse experiments,pioreactor01,2026-09-14T17:28:37.956Z,remove_waste,0.0806626833,UI,2026-09-14 23:13:37.956,1855.116111111111
Pulse experiments,pioreactor01,2026-09-14T17:28:38.246Z,add_media,0.0776751765,UI,2026-09-14 23:13:38.246,1855.116388888889
Pulse experiments,pioreactor01,2026-09-14T17:28:38.457Z,remove_waste,0.0806626833,UI,2026-09-14 23:13:38.457,1855.116388888889
Pulse experiments,pioreactor01,2026-09-14T17:28:38.748Z,add_media,0.0776751765,UI,2026-09-14 23:13:38.748,1855.116388888889
Pulse experiments,pioreactor01,2026-09-14T17:28:38.958Z,remove_waste,0.0806626833,UI,2026-09-14 23:13:38.958,1855.116388888889
Pulse experiments,pioreactor01,2026-09-14T17:28:39.251Z,add_media,0.0776751765,UI,2026-09-14 23:13:39.251,1855.116666666667
Pulse experiments,pioreactor01,2026-09-14T17:28:39.460Z,remove_waste,0.0806626833,UI,2026-09-14 23:13:39.460,1855.116666666667
Pulse experiments,pioreactor01,2026-09-14T17:28:39.752Z,add_media,0.0776751765,UI,2026-09-14 23:13:39.752,1855.116666666667
Pulse experiments,pioreactor01,2026-09-14T17:28:39.960Z,remove_waste,0.0806626833,UI,2026-09-14 23:13:39.960,1855.116666666667
Pulse experiments,pioreactor01,2026-09-14T17:28:40.252Z,add_media,0.0776751765,UI,2026-09-14 23:13:40.252,1855.116944444444
Pulse experiments,pioreactor01,2026-09-14T17:28:40.461Z,remove_waste,0.0806626833,UI,2026-09-14 23:13:40.461,1855.116944444444
Pulse experiments,pioreactor01,2026-09-14T17:28:40.754Z,add_media,0.0776751765,UI,2026-09-14 23:13:40.754,1855.116944444444
Pulse experiments,pioreactor01,2026-09-14T17:28:40.962Z,remove_waste,0.0806626833,UI,2026-09-14 23:13:40.962,1855.116944444444
Pulse experiments,pioreactor01,2026-09-14T17:28:41.255Z,add_media,0.0776751765,UI,2026-09-14 23:13:41.255,1855.117222222222
Pulse experiments,pioreactor01,2026-09-14T17:28:41.463Z,remove_waste,0.0806626833,UI,2026-09-14 23:13:41.463,1855.117222222222
Pulse experiments,pioreactor01,2026-09-14T17:28:41.756Z,add_media,0.0776751765,UI,2026-09-14 23:13:41.756,1855.117222222222
Pulse experiments,pioreactor01,2026-09-14T17:28:41.964Z,remove_waste,0.0806626833,UI,2026-09-14 23:13:41.964,1855.117222222222
Pulse experiments,pioreactor01,2026-09-14T17:28:42.257Z,add_media,0.0776751765,UI,2026-09-14 23:13:42.257,1855.1175
Pulse experiments,pioreactor01,2026-09-14T17:28:42.465Z,remove_waste,0.0806626833,UI,2026-09-14 23:13:42.465,1855.1175
Pulse experiments,pioreactor01,2026-09-14T17:28:42.758Z,add_media,0.0776751765,UI,2026-09-14 23:13:42.758,1855.1175
Pulse experiments,pioreactor01,2026-09-14T17:28:42.966Z,remove_waste,0.0806626833,UI,2026-09-14 23:13:42.966,1855.1175
Pulse experiments,pioreactor01,2026-09-14T17:28:43.259Z,add_media,0.0776751765,UI,2026-09-14 23:13:43.259,1855.117777777778
Pulse experiments,pioreactor01,2026-09-14T17:28:43.466Z,remove_waste,0.0806626833,UI,2026-09-14 23:13:43.466,1855.117777777778
Pulse experiments,pioreactor01,2026-09-14T17:28:43.760Z,add_media,0.0776751765,UI,2026-09-14 23:13:43.760,1855.117777777778
Pulse experiments,pioreactor01,2026-09-14T17:28:43.967Z,remove_waste,0.0806626833,UI,2026-09-14 23:13:43.967,1855.117777777778
Pulse experiments,pioreactor01,2026-09-14T17:28:44.262Z,add_media,0.0776751765,UI,2026-09-14 23:13:44.262,1855.118055555556
Pulse experiments,pioreactor01,2026-09-14T17:28:44.469Z,remove_waste,0.0806626833,UI,2026-09-14 23:13:44.469,1855.118055555556
Pulse experiments,pioreactor01,2026-09-14T17:28:44.763Z,add_media,0.0776751765,UI,2026-09-14 23:13:44.763,1855.118055555556
Pulse experiments,pioreactor01,2026-09-14T17:28:44.970Z,remove_waste,0.0806626833,UI,2026-09-14 23:13:44.970,1855.118055555556
Pulse experiments,pioreactor01,2026-09-14T17:28:45.265Z,add_media,0.0776751765,UI,2026-09-14 23:13:45.265,1855.118333333333
Pulse experiments,pioreactor01,2026-09-14T17:28:45.471Z,remove_waste,0.0806626833,UI,2026-09-14 23:13:45.471,1855.118333333333
Pulse experiments,pioreactor01,2026-09-14T17:28:45.766Z,add_media,0.0776751765,UI,2026-09-14 23:13:45.766,1855.118333333333
Pulse experiments,pioreactor01,2026-09-14T17:28:45.972Z,remove_waste,0.0806626833,UI,2026-09-14 23:13:45.972,1855.118333333333
Pulse experiments,pioreactor01,2026-09-14T17:28:46.267Z,add_media,0.0776751765,UI,2026-09-14 23:13:46.267,1855.118611111111
Pulse experiments,pioreactor01,2026-09-14T17:28:46.473Z,remove_waste,0.0806626833,UI,2026-09-14 23:13:46.473,1855.118611111111
Pulse experiments,pioreactor01,2026-09-14T17:28:46.768Z,add_media,0.0776751765,UI,2026-09-14 23:13:46.768,1855.118611111111
Pulse experiments,pioreactor01,2026-09-14T17:28:46.975Z,remove_waste,0.0806626833,UI,2026-09-14 23:13:46.975,1855.118611111111
Pulse experiments,pioreactor01,2026-09-14T17:28:47.269Z,add_media,0.0776751765,UI,2026-09-14 23:13:47.269,1855.118888888889
Pulse experiments,pioreactor01,2026-09-14T17:28:47.476Z,remove_waste,0.0806626833,UI,2026-09-14 23:13:47.476,1855.118888888889
Pulse experiments,pioreactor01,2026-09-14T17:28:47.770Z,add_media,0.0776751765,UI,2026-09-14 23:13:47.770,1855.118888888889
Pulse experiments,pioreactor01,2026-09-14T17:28:47.976Z,remove_waste,0.0806626833,UI,2026-09-14 23:13:47.976,1855.118888888889
Pulse experiments,pioreactor01,2026-09-14T17:28:48.271Z,add_media,0.0776751765,UI,2026-09-14 23:13:48.271,1855.119166666667
Pulse experiments,pioreactor01,2026-09-14T17:28:48.478Z,remove_waste,0.0806626833,UI,2026-09-14 23:13:48.478,1855.119166666667
Pulse experiments,pioreactor01,2026-09-14T17:28:48.772Z,add_media,0.0776751765,UI,2026-09-14 23:13:48.772,1855.119166666667
Pulse experiments,pioreactor01,2026-09-14T17:28:48.979Z,remove_waste,0.0806626833,UI,2026-09-14 23:13:48.979,1855.119166666667
Pulse experiments,pioreactor01,2026-09-14T17:28:49.273Z,add_media,0.0776751765,UI,2026-09-14 23:13:49.273,1855.119444444445
Pulse experiments,pioreactor01,2026-09-14T17:28:49.480Z,remove_waste,0.0806626833,UI,2026-09-14 23:13:49.480,1855.119444444445
Pulse experiments,pioreactor01,2026-09-14T17:28:49.774Z,add_media,0.0776751765,UI,2026-09-14 23:13:49.774,1855.119444444445
Pulse experiments,pioreactor01,2026-09-14T17:28:49.981Z,remove_waste,0.0806626833,UI,2026-09-14 23:13:49.981,1855.119444444445
Pulse experiments,pioreactor01,2026-09-14T17:28:50.276Z,add_media,0.0776751765,UI,2026-09-14 23:13:50.276,1855.119722222222
Pulse experiments,pioreactor01,2026-09-14T17:28:50.482Z,remove_waste,0.0806626833,UI,2026-09-14 23:13:50.482,1855.119722222222
Pulse experiments,pioreactor01,2026-09-14T17:28:50.777Z,add_media,0.0776751765,UI,2026-09-14 23:13:50.777,1855.119722222222
Pulse experiments,pioreactor01,2026-09-14T17:28:50.983Z,remove_waste,0.0806626833,UI,2026-09-14 23:13:50.983,1855.119722222222
Pulse experiments,pioreactor01,2026-09-14T17:28:51.277Z,add_media,0.0776751765,UI,2026-09-14 23:13:51.277,1855.12
Pulse experiments,pioreactor01,2026-09-14T17:28:51.484Z,remove_waste,0.0806626833,UI,2026-09-14 23:13:51.484,1855.12
Pulse experiments,pioreactor01,2026-09-14T17:28:51.778Z,add_media,0.0776751765,UI,2026-09-14 23:13:51.778,1855.12
Pulse experiments,pioreactor01,2026-09-14T17:28:51.986Z,remove_waste,0.0806626833,UI,2026-09-14 23:13:51.986,1855.12
Pulse experiments,pioreactor01,2026-09-14T17:28:52.279Z,add_media,0.0776751765,UI,2026-09-14 23:13:52.279,1855.120277777778
Pulse experiments,pioreactor01,2026-09-14T17:28:52.486Z,remove_waste,0.0806626833,UI,2026-09-14 23:13:52.486,1855.120277777778
Pulse experiments,pioreactor01,2026-09-14T17:28:52.782Z,add_media,0.0776751765,UI,2026-09-14 23:13:52.782,1855.120277777778
Pulse experiments,pioreactor01,2026-09-14T17:28:52.987Z,remove_waste,0.0806626833,UI,2026-09-14 23:13:52.987,1855.120277777778
Pulse experiments,pioreactor01,2026-09-14T17:28:53.284Z,add_media,0.0776751765,UI,2026-09-14 23:13:53.284,1855.120555555555
Pulse experiments,pioreactor01,2026-09-14T17:28:53.488Z,remove_waste,0.0806626833,UI,2026-09-14 23:13:53.488,1855.120555555555
Pulse experiments,pioreactor01,2026-09-14T17:28:53.788Z,add_media,0.0776751765,UI,2026-09-14 23:13:53.788,1855.120555555555
Pulse experiments,pioreactor01,2026-09-14T17:28:53.989Z,remove_waste,0.0806626833,UI,2026-09-14 23:13:53.989,1855.120555555555
Pulse experiments,pioreactor01,2026-09-14T17:28:54.289Z,add_media,0.0776751765,UI,2026-09-14 23:13:54.289,1855.120833333333
Pulse experiments,pioreactor01,2026-09-14T17:28:54.489Z,remove_waste,0.0806626833,UI,2026-09-14 23:13:54.489,1855.120833333333
Pulse experiments,pioreactor01,2026-09-14T17:28:54.791Z,add_media,0.0776751765,UI,2026-09-14 23:13:54.791,1855.120833333333
Pulse experiments,pioreactor01,2026-09-14T17:28:54.990Z,remove_waste,0.0806626833,UI,2026-09-14 23:13:54.990,1855.120833333333
Pulse experiments,pioreactor01,2026-09-14T17:28:55.292Z,add_media,0.0776751765,UI,2026-09-14 23:13:55.292,1855.121111111111
Pulse experiments,pioreactor01,2026-09-14T17:28:55.491Z,remove_waste,0.0806626833,UI,2026-09-14 23:13:55.491,1855.121111111111
Pulse experiments,pioreactor01,2026-09-14T17:28:55.794Z,add_media,0.0776751765,UI,2026-09-14 23:13:55.794,1855.121111111111
Pulse experiments,pioreactor01,2026-09-14T17:28:55.992Z,remove_waste,0.0806626833,UI,2026-09-14 23:13:55.992,1855.121111111111
Pulse experiments,pioreactor01,2026-09-14T17:28:56.297Z,add_media,0.0776751765,UI,2026-09-14 23:13:56.297,1855.121388888889
Pulse experiments,pioreactor01,2026-09-14T17:28:56.493Z,remove_waste,0.0806626833,UI,2026-09-14 23:13:56.493,1855.121388888889
Pulse experiments,pioreactor01,2026-09-14T17:28:56.798Z,add_media,0.0776751765,UI,2026-09-14 23:13:56.798,1855.121388888889
Pulse experiments,pioreactor01,2026-09-14T17:28:56.994Z,remove_waste,0.0806626833,UI,2026-09-14 23:13:56.994,1855.121388888889
Pulse experiments,pioreactor01,2026-09-14T17:28:57.300Z,add_media,0.0776751765,UI,2026-09-14 23:13:57.300,1855.121666666667
Pulse experiments,pioreactor01,2026-09-14T17:28:57.495Z,remove_waste,0.0806626833,UI,2026-09-14 23:13:57.495,1855.121666666667
Pulse experiments,pioreactor01,2026-09-14T17:28:57.802Z,add_media,0.0776751765,UI,2026-09-14 23:13:57.802,1855.121666666667
Pulse experiments,pioreactor01,2026-09-14T17:28:57.996Z,remove_waste,0.0806626833,UI,2026-09-14 23:13:57.996,1855.121666666667
Pulse experiments,pioreactor01,2026-09-14T17:28:58.304Z,add_media,0.0776751765,UI,2026-09-14 23:13:58.304,1855.121944444444
Pulse experiments,pioreactor01,2026-09-14T17:28:58.501Z,remove_waste,0.0806626833,UI,2026-09-14 23:13:58.501,1855.121944444444
Pulse experiments,pioreactor01,2026-09-14T17:28:58.805Z,add_media,0.0776751765,UI,2026-09-14 23:13:58.805,1855.121944444444
Pulse experiments,pioreactor01,2026-09-14T17:28:59.002Z,remove_waste,0.0806626833,UI,2026-09-14 23:13:59.002,1855.122222222222
Pulse experiments,pioreactor01,2026-09-14T17:28:59.306Z,add_media,0.0776751765,UI,2026-09-14 23:13:59.306,1855.122222222222
Pulse experiments,pioreactor01,2026-09-14T17:28:59.503Z,remove_waste,0.0806626833,UI,2026-09-14 23:13:59.503,1855.122222222222
Pulse experiments,pioreactor01,2026-09-14T17:28:59.807Z,add_media,0.0776751765,UI,2026-09-14 23:13:59.807,1855.122222222222
Pulse experiments,pioreactor01,2026-09-14T17:29:00.004Z,remove_waste,0.0806626833,UI,2026-09-14 23:14:00.004,1855.1225
Pulse experiments,pioreactor01,2026-09-14T17:29:00.308Z,add_media,0.0776751765,UI,2026-09-14 23:14:00.308,1855.1225
Pulse experiments,pioreactor01,2026-09-14T17:29:00.505Z,remove_waste,0.0806626833,UI,2026-09-14 23:14:00.505,1855.1225
Pulse experiments,pioreactor01,2026-09-14T17:29:00.808Z,add_media,0.0776751765,UI,2026-09-14 23:14:00.808,1855.1225
Pulse experiments,pioreactor01,2026-09-14T17:29:01.006Z,remove_waste,0.0806626833,UI,2026-09-14 23:14:01.006,1855.122777777778
Pulse experiments,pioreactor01,2026-09-14T17:29:01.309Z,add_media,0.0776751765,UI,2026-09-14 23:14:01.309,1855.122777777778
Pulse experiments,pioreactor01,2026-09-14T17:29:01.506Z,remove_waste,0.0806626833,UI,2026-09-14 23:14:01.506,1855.122777777778
Pulse experiments,pioreactor01,2026-09-14T17:29:01.810Z,add_media,0.0776751765,UI,2026-09-14 23:14:01.810,1855.122777777778
Pulse experiments,pioreactor01,2026-09-14T17:29:02.008Z,remove_waste,0.0806626833,UI,2026-09-14 23:14:02.008,1855.123055555556
Pulse experiments,pioreactor01,2026-09-14T17:29:02.311Z,add_media,0.0776751765,UI,2026-09-14 23:14:02.311,1855.123055555556
Pulse experiments,pioreactor01,2026-09-14T17:29:02.509Z,remove_waste,0.0806626833,UI,2026-09-14 23:14:02.509,1855.123055555556
Pulse experiments,pioreactor01,2026-09-14T17:29:02.812Z,add_media,0.0776751765,UI,2026-09-14 23:14:02.812,1855.123055555556
Pulse experiments,pioreactor01,2026-09-14T17:29:03.012Z,remove_waste,0.0806626833,UI,2026-09-14 23:14:03.012,1855.123333333333
Pulse experiments,pioreactor01,2026-09-14T17:29:03.314Z,add_media,0.0776751765,UI,2026-09-14 23:14:03.314,1855.123333333333
Pulse experiments,pioreactor01,2026-09-14T17:29:03.513Z,remove_waste,0.0806626833,UI,2026-09-14 23:14:03.513,1855.123333333333
Pulse experiments,pioreactor01,2026-09-14T17:29:03.815Z,add_media,0.0776751765,UI,2026-09-14 23:14:03.815,1855.123333333333
Pulse experiments,pioreactor01,2026-09-14T17:29:04.014Z,remove_waste,0.0806626833,UI,2026-09-14 23:14:04.014,1855.123611111111
Pulse experiments,pioreactor01,2026-09-14T17:29:04.316Z,add_media,0.0776751765,UI,2026-09-14 23:14:04.316,1855.123611111111
Pulse experiments,pioreactor01,2026-09-14T17:29:04.514Z,remove_waste,0.0806626833,UI,2026-09-14 23:14:04.514,1855.123611111111
Pulse experiments,pioreactor01,2026-09-14T17:29:04.817Z,add_media,0.0776751765,UI,2026-09-14 23:14:04.817,1855.123611111111
Pulse experiments,pioreactor01,2026-09-14T17:29:05.015Z,remove_waste,0.0806626833,UI,2026-09-14 23:14:05.015,1855.123888888889
Pulse experiments,pioreactor01,2026-09-14T17:29:05.321Z,add_media,0.0776751765,UI,2026-09-14 23:14:05.321,1855.123888888889
Pulse experiments,pioreactor01,2026-09-14T17:29:05.516Z,remove_waste,0.0806626833,UI,2026-09-14 23:14:05.516,1855.123888888889
Pulse experiments,pioreactor01,2026-09-14T17:29:05.822Z,add_media,0.0776751765,UI,2026-09-14 23:14:05.822,1855.123888888889
Pulse experiments,pioreactor01,2026-09-14T17:29:06.017Z,remove_waste,0.0806626833,UI,2026-09-14 23:14:06.017,1855.124166666667
Pulse experiments,pioreactor01,2026-09-14T17:29:06.323Z,add_media,0.0776751765,UI,2026-09-14 23:14:06.323,1855.124166666667
Pulse experiments,pioreactor01,2026-09-14T17:29:06.518Z,remove_waste,0.0806626833,UI,2026-09-14 23:14:06.518,1855.124166666667
Pulse experiments,pioreactor01,2026-09-14T17:29:06.824Z,add_media,0.0776751765,UI,2026-09-14 23:14:06.824,1855.124166666667
Pulse experiments,pioreactor01,2026-09-14T17:29:07.021Z,remove_waste,0.0806626833,UI,2026-09-14 23:14:07.021,1855.124444444444
Pulse experiments,pioreactor01,2026-09-14T17:29:07.325Z,add_media,0.0776751765,UI,2026-09-14 23:14:07.325,1855.124444444444
Pulse experiments,pioreactor01,2026-09-14T17:29:07.522Z,remove_waste,0.0806626833,UI,2026-09-14 23:14:07.522,1855.124444444444
Pulse experiments,pioreactor01,2026-09-14T17:29:07.827Z,add_media,0.0776751765,UI,2026-09-14 23:14:07.827,1855.124444444444
Pulse experiments,pioreactor01,2026-09-14T17:29:08.023Z,remove_waste,0.0806626833,UI,2026-09-14 23:14:08.023,1855.124722222222
Pulse experiments,pioreactor01,2026-09-14T17:29:08.327Z,add_media,0.0776751765,UI,2026-09-14 23:14:08.327,1855.124722222222
Pulse experiments,pioreactor01,2026-09-14T17:29:08.524Z,remove_waste,0.0806626833,UI,2026-09-14 23:14:08.524,1855.124722222222
Pulse experiments,pioreactor01,2026-09-14T17:29:08.828Z,add_media,0.0776751765,UI,2026-09-14 23:14:08.828,1855.124722222222
Pulse experiments,pioreactor01,2026-09-14T17:29:09.025Z,remove_waste,0.0806626833,UI,2026-09-14 23:14:09.025,1855.125
Pulse experiments,pioreactor01,2026-09-14T17:29:09.332Z,add_media,0.0776751765,UI,2026-09-14 23:14:09.332,1855.125
Pulse experiments,pioreactor01,2026-09-14T17:29:09.526Z,remove_waste,0.0806626833,UI,2026-09-14 23:14:09.526,1855.125
Pulse experiments,pioreactor01,2026-09-14T17:29:09.833Z,add_media,0.0776751765,UI,2026-09-14 23:14:09.833,1855.125
Pulse experiments,pioreactor01,2026-09-14T17:29:10.027Z,remove_waste,0.0806626833,UI,2026-09-14 23:14:10.027,1855.125277777778
Pulse experiments,pioreactor01,2026-09-14T17:29:10.334Z,add_media,0.0776751765,UI,2026-09-14 23:14:10.334,1855.125277777778
Pulse experiments,pioreactor01,2026-09-14T17:29:10.528Z,remove_waste,0.0806626833,UI,2026-09-14 23:14:10.528,1855.125277777778
Pulse experiments,pioreactor01,2026-09-14T17:29:10.835Z,add_media,0.0776751765,UI,2026-09-14 23:14:10.835,1855.125277777778
Pulse experiments,pioreactor01,2026-09-14T17:29:11.029Z,remove_waste,0.0806626833,UI,2026-09-14 23:14:11.029,1855.125555555556
Pulse experiments,pioreactor01,2026-09-14T17:29:11.337Z,add_media,0.0776751765,UI,2026-09-14 23:14:11.337,1855.125555555556
Pulse experiments,pioreactor01,2026-09-14T17:29:11.530Z,remove_waste,0.0806626833,UI,2026-09-14 23:14:11.530,1855.125555555556
Pulse experiments,pioreactor01,2026-09-14T17:29:11.838Z,add_media,0.0776751765,UI,2026-09-14 23:14:11.838,1855.125555555556
Pulse experiments,pioreactor01,2026-09-14T17:29:12.031Z,remove_waste,0.0806626833,UI,2026-09-14 23:14:12.031,1855.125833333333
Pulse experiments,pioreactor01,2026-09-14T17:29:12.339Z,add_media,0.0776751765,UI,2026-09-14 23:14:12.339,1855.125833333333
Pulse experiments,pioreactor01,2026-09-14T17:29:12.532Z,remove_waste,0.0806626833,UI,2026-09-14 23:14:12.532,1855.125833333333
Pulse experiments,pioreactor01,2026-09-14T17:29:12.840Z,add_media,0.0776751765,UI,2026-09-14 23:14:12.840,1855.125833333333
Pulse experiments,pioreactor01,2026-09-14T17:29:13.033Z,remove_waste,0.0806626833,UI,2026-09-14 23:14:13.033,1855.126111111111
Pulse experiments,pioreactor01,2026-09-14T17:29:13.340Z,add_media,0.0776751765,UI,2026-09-14 23:14:13.340,1855.126111111111
Pulse experiments,pioreactor01,2026-09-14T17:29:13.534Z,remove_waste,0.0806626833,UI,2026-09-14 23:14:13.534,1855.126111111111
Pulse experiments,pioreactor01,2026-09-14T17:29:13.843Z,add_media,0.0776751765,UI,2026-09-14 23:14:13.843,1855.126111111111
Pulse experiments,pioreactor01,2026-09-14T17:29:14.035Z,remove_waste,0.0806626833,UI,2026-09-14 23:14:14.035,1855.126388888889
Pulse experiments,pioreactor01,2026-09-14T17:29:14.343Z,add_media,0.0776751765,UI,2026-09-14 23:14:14.343,1855.126388888889
Pulse experiments,pioreactor01,2026-09-14T17:29:14.536Z,remove_waste,0.0806626833,UI,2026-09-14 23:14:14.536,1855.126388888889
Pulse experiments,pioreactor01,2026-09-14T17:29:14.844Z,add_media,0.0776751765,UI,2026-09-14 23:14:14.844,1855.126388888889
Pulse experiments,pioreactor01,2026-09-14T17:29:15.037Z,remove_waste,0.0806626833,UI,2026-09-14 23:14:15.037,1855.126666666667
Pulse experiments,pioreactor01,2026-09-14T17:29:15.345Z,add_media,0.0776751765,UI,2026-09-14 23:14:15.345,1855.126666666667
Pulse experiments,pioreactor01,2026-09-14T17:29:15.538Z,remove_waste,0.0806626833,UI,2026-09-14 23:14:15.538,1855.126666666667
Pulse experiments,pioreactor01,2026-09-14T17:29:15.846Z,add_media,0.0776751765,UI,2026-09-14 23:14:15.846,1855.126666666667
Pulse experiments,pioreactor01,2026-09-14T17:29:16.041Z,remove_waste,0.0806626833,UI,2026-09-14 23:14:16.041,1855.126944444444
Pulse experiments,pioreactor01,2026-09-14T17:29:16.348Z,add_media,0.0776751765,UI,2026-09-14 23:14:16.348,1855.126944444444
Pulse experiments,pioreactor01,2026-09-14T17:29:16.542Z,remove_waste,0.0806626833,UI,2026-09-14 23:14:16.542,1855.126944444444
Pulse experiments,pioreactor01,2026-09-14T17:29:16.849Z,add_media,0.0776751765,UI,2026-09-14 23:14:16.849,1855.126944444444
Pulse experiments,pioreactor01,2026-09-14T17:29:17.044Z,remove_waste,0.0806626833,UI,2026-09-14 23:14:17.044,1855.127222222222
Pulse experiments,pioreactor01,2026-09-14T17:29:17.351Z,add_media,0.0776751765,UI,2026-09-14 23:14:17.351,1855.127222222222
Pulse experiments,pioreactor01,2026-09-14T17:29:17.545Z,remove_waste,0.0806626833,UI,2026-09-14 23:14:17.545,1855.127222222222
Pulse experiments,pioreactor01,2026-09-14T17:29:17.852Z,add_media,0.0776751765,UI,2026-09-14 23:14:17.852,1855.127222222222
Pulse experiments,pioreactor01,2026-09-14T17:29:18.046Z,remove_waste,0.0806626833,UI,2026-09-14 23:14:18.046,1855.1275
Pulse experiments,pioreactor01,2026-09-14T17:29:18.353Z,add_media,0.0776751765,UI,2026-09-14 23:14:18.353,1855.1275
Pulse experiments,pioreactor01,2026-09-14T17:29:18.547Z,remove_waste,0.0806626833,UI,2026-09-14 23:14:18.547,1855.1275
Pulse experiments,pioreactor01,2026-09-14T17:29:18.853Z,add_media,0.0776751765,UI,2026-09-14 23:14:18.853,1855.1275
Pulse experiments,pioreactor01,2026-09-14T17:29:19.048Z,remove_waste,0.0806626833,UI,2026-09-14 23:14:19.048,1855.127777777778
Pulse experiments,pioreactor01,2026-09-14T17:29:19.355Z,add_media,0.0776751765,UI,2026-09-14 23:14:19.355,1855.127777777778
Pulse experiments,pioreactor01,2026-09-14T17:29:19.549Z,remove_waste,0.0806626833,UI,2026-09-14 23:14:19.549,1855.127777777778
Pulse experiments,pioreactor01,2026-09-14T17:29:19.856Z,add_media,0.0776751765,UI,2026-09-14 23:14:19.856,1855.127777777778
Pulse experiments,pioreactor01,2026-09-14T17:29:20.050Z,remove_waste,0.0806626833,UI,2026-09-14 23:14:20.050,1855.128055555556
Pulse experiments,pioreactor01,2026-09-14T17:29:20.357Z,add_media,0.0776751765,UI,2026-09-14 23:14:20.357,1855.128055555556
Pulse experiments,pioreactor01,2026-09-14T17:29:20.552Z,remove_waste,0.0806626833,UI,2026-09-14 23:14:20.552,1855.128055555556
Pulse experiments,pioreactor01,2026-09-14T17:29:20.858Z,add_media,0.0776751765,UI,2026-09-14 23:14:20.858,1855.128055555556
Pulse experiments,pioreactor01,2026-09-14T17:29:21.053Z,remove_waste,0.0806626833,UI,2026-09-14 23:14:21.053,1855.128333333333
Pulse experiments,pioreactor01,2026-09-14T17:29:21.359Z,add_media,0.0776751765,UI,2026-09-14 23:14:21.359,1855.128333333333
Pulse experiments,pioreactor01,2026-09-14T17:29:21.554Z,remove_waste,0.0806626833,UI,2026-09-14 23:14:21.554,1855.128333333333
Pulse experiments,pioreactor01,2026-09-14T17:29:21.860Z,add_media,0.0776751765,UI,2026-09-14 23:14:21.860,1855.128333333333
Pulse experiments,pioreactor01,2026-09-14T17:29:22.056Z,remove_waste,0.0806626833,UI,2026-09-14 23:14:22.056,1855.128611111111
Pulse experiments,pioreactor01,2026-09-14T17:29:22.364Z,add_media,0.0776751765,UI,2026-09-14 23:14:22.364,1855.128611111111
Pulse experiments,pioreactor01,2026-09-14T17:29:22.559Z,remove_waste,0.0806626833,UI,2026-09-14 23:14:22.559,1855.128611111111
Pulse experiments,pioreactor01,2026-09-14T17:29:22.865Z,add_media,0.0776751765,UI,2026-09-14 23:14:22.865,1855.128611111111
Pulse experiments,pioreactor01,2026-09-14T17:29:23.060Z,remove_waste,0.0806626833,UI,2026-09-14 23:14:23.060,1855.128888888889
Pulse experiments,pioreactor01,2026-09-14T17:29:23.366Z,add_media,0.0776751765,UI,2026-09-14 23:14:23.366,1855.128888888889
Pulse experiments,pioreactor01,2026-09-14T17:29:23.561Z,remove_waste,0.0806626833,UI,2026-09-14 23:14:23.561,1855.128888888889
Pulse experiments,pioreactor01,2026-09-14T17:29:23.866Z,add_media,0.0776751765,UI,2026-09-14 23:14:23.866,1855.128888888889
Pulse experiments,pioreactor01,2026-09-14T17:29:24.062Z,remove_waste,0.0806626833,UI,2026-09-14 23:14:24.062,1855.129166666667
Pulse experiments,pioreactor01,2026-09-14T17:29:24.367Z,add_media,0.0776751765,UI,2026-09-14 23:14:24.367,1855.129166666667
Pulse experiments,pioreactor01,2026-09-14T17:29:24.564Z,remove_waste,0.0806626833,UI,2026-09-14 23:14:24.564,1855.129166666667
Pulse experiments,pioreactor01,2026-09-14T17:29:24.868Z,add_media,0.0776751765,UI,2026-09-14 23:14:24.868,1855.129166666667
Pulse experiments,pioreactor01,2026-09-14T17:29:25.064Z,remove_waste,0.0806626833,UI,2026-09-14 23:14:25.064,1855.129444444445
Pulse experiments,pioreactor01,2026-09-14T17:29:25.369Z,add_media,0.0776751765,UI,2026-09-14 23:14:25.369,1855.129444444445
Pulse experiments,pioreactor01,2026-09-14T17:29:25.566Z,remove_waste,0.0806626833,UI,2026-09-14 23:14:25.566,1855.129444444445
Pulse experiments,pioreactor01,2026-09-14T17:29:25.870Z,add_media,0.0776751765,UI,2026-09-14 23:14:25.870,1855.129444444445
Pulse experiments,pioreactor01,2026-09-14T17:29:26.070Z,remove_waste,0.0806626833,UI,2026-09-14 23:14:26.070,1855.129722222222
Pulse experiments,pioreactor01,2026-09-14T17:29:26.370Z,add_media,0.0776751765,UI,2026-09-14 23:14:26.370,1855.129722222222
Pulse experiments,pioreactor01,2026-09-14T17:29:26.571Z,remove_waste,0.0806626833,UI,2026-09-14 23:14:26.571,1855.129722222222
Pulse experiments,pioreactor01,2026-09-14T17:29:26.871Z,add_media,0.0776751765,UI,2026-09-14 23:14:26.871,1855.129722222222
Pulse experiments,pioreactor01,2026-09-14T17:29:27.071Z,remove_waste,0.0806626833,UI,2026-09-14 23:14:27.071,1855.13
Pulse experiments,pioreactor01,2026-09-14T17:29:27.372Z,add_media,0.0776751765,UI,2026-09-14 23:14:27.372,1855.13
Pulse experiments,pioreactor01,2026-09-14T17:29:27.573Z,remove_waste,0.0806626833,UI,2026-09-14 23:14:27.573,1855.13
Pulse experiments,pioreactor01,2026-09-14T17:29:27.874Z,add_media,0.0776751765,UI,2026-09-14 23:14:27.874,1855.13
Pulse experiments,pioreactor01,2026-09-14T17:29:28.074Z,remove_waste,0.0806626833,UI,2026-09-14 23:14:28.074,1855.130277777778
Pulse experiments,pioreactor01,2026-09-14T17:29:28.375Z,add_media,0.0776751765,UI,2026-09-14 23:14:28.375,1855.130277777778
Pulse experiments,pioreactor01,2026-09-14T17:29:28.575Z,remove_waste,0.0806626833,UI,2026-09-14 23:14:28.575,1855.130277777778
Pulse experiments,pioreactor01,2026-09-14T17:29:28.876Z,add_media,0.0776751765,UI,2026-09-14 23:14:28.876,1855.130277777778
Pulse experiments,pioreactor01,2026-09-14T17:29:29.076Z,remove_waste,0.0806626833,UI,2026-09-14 23:14:29.076,1855.130555555555
Pulse experiments,pioreactor01,2026-09-14T17:29:29.377Z,add_media,0.0776751765,UI,2026-09-14 23:14:29.377,1855.130555555555
Pulse experiments,pioreactor01,2026-09-14T17:29:29.577Z,remove_waste,0.0806626833,UI,2026-09-14 23:14:29.577,1855.130555555555
Pulse experiments,pioreactor01,2026-09-14T17:29:29.878Z,add_media,0.0776751765,UI,2026-09-14 23:14:29.878,1855.130555555555
Pulse experiments,pioreactor01,2026-09-14T17:29:30.080Z,remove_waste,0.0806626833,UI,2026-09-14 23:14:30.080,1855.130833333333
Pulse experiments,pioreactor01,2026-09-14T17:29:30.379Z,add_media,0.0776751765,UI,2026-09-14 23:14:30.379,1855.130833333333
Pulse experiments,pioreactor01,2026-09-14T17:29:30.582Z,remove_waste,0.0806626833,UI,2026-09-14 23:14:30.582,1855.130833333333
Pulse experiments,pioreactor01,2026-09-14T17:29:30.880Z,add_media,0.0776751765,UI,2026-09-14 23:14:30.880,1855.130833333333
Pulse experiments,pioreactor01,2026-09-14T17:29:31.084Z,remove_waste,0.0806626833,UI,2026-09-14 23:14:31.084,1855.131111111111
Pulse experiments,pioreactor01,2026-09-14T17:29:31.381Z,add_media,0.0776751765,UI,2026-09-14 23:14:31.381,1855.131111111111
Pulse experiments,pioreactor01,2026-09-14T17:29:31.588Z,remove_waste,0.0806626833,UI,2026-09-14 23:14:31.588,1855.131111111111
Pulse experiments,pioreactor01,2026-09-14T17:29:31.882Z,add_media,0.0776751765,UI,2026-09-14 23:14:31.882,1855.131111111111
Pulse experiments,pioreactor01,2026-09-14T17:29:32.088Z,remove_waste,0.0806626833,UI,2026-09-14 23:14:32.088,1855.131388888889
Pulse experiments,pioreactor01,2026-09-14T17:29:32.383Z,add_media,0.0776751765,UI,2026-09-14 23:14:32.383,1855.131388888889
Pulse experiments,pioreactor01,2026-09-14T17:29:32.589Z,remove_waste,0.0806626833,UI,2026-09-14 23:14:32.589,1855.131388888889
Pulse experiments,pioreactor01,2026-09-14T17:29:32.884Z,add_media,0.0776751765,UI,2026-09-14 23:14:32.884,1855.131388888889
Pulse experiments,pioreactor01,2026-09-14T17:29:33.090Z,remove_waste,0.0806626833,UI,2026-09-14 23:14:33.090,1855.131666666667
Pulse experiments,pioreactor01,2026-09-14T17:29:33.385Z,add_media,0.0776751765,UI,2026-09-14 23:14:33.385,1855.131666666667
Pulse experiments,pioreactor01,2026-09-14T17:29:33.592Z,remove_waste,0.0806626833,UI,2026-09-14 23:14:33.592,1855.131666666667
Pulse experiments,pioreactor01,2026-09-14T17:29:33.887Z,add_media,0.0776751765,UI,2026-09-14 23:14:33.887,1855.131666666667
Pulse experiments,pioreactor01,2026-09-14T17:29:34.093Z,remove_waste,0.0806626833,UI,2026-09-14 23:14:34.093,1855.131944444444
Pulse experiments,pioreactor01,2026-09-14T17:29:34.388Z,add_media,0.0776751765,UI,2026-09-14 23:14:34.388,1855.131944444444
Pulse experiments,pioreactor01,2026-09-14T17:29:34.594Z,remove_waste,0.0806626833,UI,2026-09-14 23:14:34.594,1855.131944444444
Pulse experiments,pioreactor01,2026-09-14T17:29:34.888Z,add_media,0.0776751765,UI,2026-09-14 23:14:34.888,1855.131944444444
Pulse experiments,pioreactor01,2026-09-14T17:29:35.095Z,remove_waste,0.0806626833,UI,2026-09-14 23:14:35.095,1855.132222222222
Pulse experiments,pioreactor01,2026-09-14T17:29:35.389Z,add_media,0.0776751765,UI,2026-09-14 23:14:35.389,1855.132222222222
Pulse experiments,pioreactor01,2026-09-14T17:29:35.596Z,remove_waste,0.0806626833,UI,2026-09-14 23:14:35.596,1855.132222222222
Pulse experiments,pioreactor01,2026-09-14T17:29:35.890Z,add_media,0.0776751765,UI,2026-09-14 23:14:35.890,1855.132222222222
Pulse experiments,pioreactor01,2026-09-14T17:29:36.097Z,remove_waste,0.0806626833,UI,2026-09-14 23:14:36.097,1855.1325
Pulse experiments,pioreactor01,2026-09-14T17:29:36.391Z,add_media,0.0776751765,UI,2026-09-14 23:14:36.391,1855.1325
Pulse experiments,pioreactor01,2026-09-14T17:29:36.598Z,remove_waste,0.0806626833,UI,2026-09-14 23:14:36.598,1855.1325
Pulse experiments,pioreactor01,2026-09-14T17:29:36.892Z,add_media,0.0776751765,UI,2026-09-14 23:14:36.892,1855.1325
Pulse experiments,pioreactor01,2026-09-14T17:29:37.099Z,remove_waste,0.0806626833,UI,2026-09-14 23:14:37.099,1855.132777777778
Pulse experiments,pioreactor01,2026-09-14T17:29:37.393Z,add_media,0.0776751765,UI,2026-09-14 23:14:37.393,1855.132777777778
Pulse experiments,pioreactor01,2026-09-14T17:29:37.600Z,remove_waste,0.0806626833,UI,2026-09-14 23:14:37.600,1855.132777777778
Pulse experiments,pioreactor01,2026-09-14T17:29:37.894Z,add_media,0.0776751765,UI,2026-09-14 23:14:37.894,1855.132777777778
Pulse experiments,pioreactor01,2026-09-14T17:29:38.101Z,remove_waste,0.0806626833,UI,2026-09-14 23:14:38.101,1855.133055555556
Pulse experiments,pioreactor01,2026-09-14T17:29:38.395Z,add_media,0.0776751765,UI,2026-09-14 23:14:38.395,1855.133055555556
Pulse experiments,pioreactor01,2026-09-14T17:29:38.602Z,remove_waste,0.0806626833,UI,2026-09-14 23:14:38.602,1855.133055555556
Pulse experiments,pioreactor01,2026-09-14T17:29:38.895Z,add_media,0.0776751765,UI,2026-09-14 23:14:38.895,1855.133055555556
Pulse experiments,pioreactor01,2026-09-14T17:29:39.103Z,remove_waste,0.0806626833,UI,2026-09-14 23:14:39.103,1855.133333333333
Pulse experiments,pioreactor01,2026-09-14T17:29:39.396Z,add_media,0.0776751765,UI,2026-09-14 23:14:39.396,1855.133333333333
Pulse experiments,pioreactor01,2026-09-14T17:29:39.604Z,remove_waste,0.0806626833,UI,2026-09-14 23:14:39.604,1855.133333333333
Pulse experiments,pioreactor01,2026-09-14T17:29:39.898Z,add_media,0.0776751765,UI,2026-09-14 23:14:39.898,1855.133333333333
Pulse experiments,pioreactor01,2026-09-14T17:29:40.104Z,remove_waste,0.0806626833,UI,2026-09-14 23:14:40.104,1855.133611111111
Pulse experiments,pioreactor01,2026-09-14T17:29:40.399Z,add_media,0.0776751765,UI,2026-09-14 23:14:40.399,1855.133611111111
Pulse experiments,pioreactor01,2026-09-14T17:29:40.605Z,remove_waste,0.0806626833,UI,2026-09-14 23:14:40.605,1855.133611111111
Pulse experiments,pioreactor01,2026-09-14T17:29:40.899Z,add_media,0.0776751765,UI,2026-09-14 23:14:40.899,1855.133611111111
Pulse experiments,pioreactor01,2026-09-14T17:29:41.106Z,remove_waste,0.0806626833,UI,2026-09-14 23:14:41.106,1855.133888888889
Pulse experiments,pioreactor01,2026-09-14T17:29:41.400Z,add_media,0.0776751765,UI,2026-09-14 23:14:41.400,1855.133888888889
Pulse experiments,pioreactor01,2026-09-14T17:29:41.607Z,remove_waste,0.0806626833,UI,2026-09-14 23:14:41.607,1855.133888888889
Pulse experiments,pioreactor01,2026-09-14T17:29:41.901Z,add_media,0.0776751765,UI,2026-09-14 23:14:41.901,1855.133888888889
Pulse experiments,pioreactor01,2026-09-14T17:29:42.108Z,remove_waste,0.0806626833,UI,2026-09-14 23:14:42.108,1855.134166666667
Pulse experiments,pioreactor01,2026-09-14T17:29:42.403Z,add_media,0.0776751765,UI,2026-09-14 23:14:42.403,1855.134166666667
Pulse experiments,pioreactor01,2026-09-14T17:29:42.610Z,remove_waste,0.0806626833,UI,2026-09-14 23:14:42.610,1855.134166666667
Pulse experiments,pioreactor01,2026-09-14T17:29:42.903Z,add_media,0.0776751765,UI,2026-09-14 23:14:42.903,1855.134166666667
Pulse experiments,pioreactor01,2026-09-14T17:29:43.111Z,remove_waste,0.0806626833,UI,2026-09-14 23:14:43.111,1855.134444444444
Pulse experiments,pioreactor01,2026-09-14T17:29:43.407Z,add_media,0.0776751765,UI,2026-09-14 23:14:43.407,1855.134444444444
Pulse experiments,pioreactor01,2026-09-14T17:29:43.614Z,remove_waste,0.0806626833,UI,2026-09-14 23:14:43.614,1855.134444444444
Pulse experiments,pioreactor01,2026-09-14T17:29:43.908Z,add_media,0.0776751765,UI,2026-09-14 23:14:43.908,1855.134444444444
Pulse experiments,pioreactor01,2026-09-14T17:29:44.115Z,remove_waste,0.0806626833,UI,2026-09-14 23:14:44.115,1855.134722222222
Pulse experiments,pioreactor01,2026-09-14T17:29:44.408Z,add_media,0.0776751765,UI,2026-09-14 23:14:44.408,1855.134722222222
Pulse experiments,pioreactor01,2026-09-14T17:29:44.616Z,remove_waste,0.0806626833,UI,2026-09-14 23:14:44.616,1855.134722222222
Pulse experiments,pioreactor01,2026-09-14T17:29:44.909Z,add_media,0.0776751765,UI,2026-09-14 23:14:44.909,1855.134722222222
Pulse experiments,pioreactor01,2026-09-14T17:29:45.117Z,remove_waste,0.0806626833,UI,2026-09-14 23:14:45.117,1855.135
Pulse experiments,pioreactor01,2026-09-14T17:29:45.410Z,add_media,0.0776751765,UI,2026-09-14 23:14:45.410,1855.135
Pulse experiments,pioreactor01,2026-09-14T17:29:45.618Z,remove_waste,0.0806626833,UI,2026-09-14 23:14:45.618,1855.135
Pulse experiments,pioreactor01,2026-09-14T17:29:45.911Z,add_media,0.0776751765,UI,2026-09-14 23:14:45.911,1855.135
Pulse experiments,pioreactor01,2026-09-14T17:29:46.119Z,remove_waste,0.0806626833,UI,2026-09-14 23:14:46.119,1855.135277777778
Pulse experiments,pioreactor01,2026-09-14T17:29:46.412Z,add_media,0.0776751765,UI,2026-09-14 23:14:46.412,1855.135277777778
Pulse experiments,pioreactor01,2026-09-14T17:29:46.620Z,remove_waste,0.0806626833,UI,2026-09-14 23:14:46.620,1855.135277777778
Pulse experiments,pioreactor01,2026-09-14T17:29:46.913Z,add_media,0.0776751765,UI,2026-09-14 23:14:46.913,1855.135277777778
Pulse experiments,pioreactor01,2026-09-14T17:29:47.121Z,remove_waste,0.0806626833,UI,2026-09-14 23:14:47.121,1855.135555555556
Pulse experiments,pioreactor01,2026-09-14T17:29:47.414Z,add_media,0.0776751765,UI,2026-09-14 23:14:47.414,1855.135555555556
Pulse experiments,pioreactor01,2026-09-14T17:29:47.621Z,remove_waste,0.0806626833,UI,2026-09-14 23:14:47.621,1855.135555555556
Pulse experiments,pioreactor01,2026-09-14T17:29:47.915Z,add_media,0.0776751765,UI,2026-09-14 23:14:47.915,1855.135555555556
Pulse experiments,pioreactor01,2026-09-14T17:29:48.123Z,remove_waste,0.0806626833,UI,2026-09-14 23:14:48.123,1855.135833333333
Pulse experiments,pioreactor01,2026-09-14T17:29:48.416Z,add_media,0.0776751765,UI,2026-09-14 23:14:48.416,1855.135833333333
Pulse experiments,pioreactor01,2026-09-14T17:29:48.624Z,remove_waste,0.0806626833,UI,2026-09-14 23:14:48.624,1855.135833333333
Pulse experiments,pioreactor01,2026-09-14T17:29:48.917Z,add_media,0.0776751765,UI,2026-09-14 23:14:48.917,1855.135833333333
Pulse experiments,pioreactor01,2026-09-14T17:29:49.125Z,remove_waste,0.0806626833,UI,2026-09-14 23:14:49.125,1855.136111111111
Pulse experiments,pioreactor01,2026-09-14T17:29:49.419Z,add_media,0.0776751765,UI,2026-09-14 23:14:49.419,1855.136111111111
Pulse experiments,pioreactor01,2026-09-14T17:29:49.626Z,remove_waste,0.0806626833,UI,2026-09-14 23:14:49.626,1855.136111111111
Pulse experiments,pioreactor01,2026-09-14T17:29:49.921Z,add_media,0.0776751765,UI,2026-09-14 23:14:49.921,1855.136111111111
Pulse experiments,pioreactor01,2026-09-14T17:29:50.127Z,remove_waste,0.0806626833,UI,2026-09-14 23:14:50.127,1855.136388888889
Pulse experiments,pioreactor01,2026-09-14T17:29:50.422Z,add_media,0.0776751765,UI,2026-09-14 23:14:50.422,1855.136388888889
Pulse experiments,pioreactor01,2026-09-14T17:29:50.627Z,remove_waste,0.0806626833,UI,2026-09-14 23:14:50.627,1855.136388888889
Pulse experiments,pioreactor01,2026-09-14T17:29:50.923Z,add_media,0.0776751765,UI,2026-09-14 23:14:50.923,1855.136388888889
Pulse experiments,pioreactor01,2026-09-14T17:29:51.129Z,remove_waste,0.0806626833,UI,2026-09-14 23:14:51.129,1855.136666666667
Pulse experiments,pioreactor01,2026-09-14T17:29:51.425Z,add_media,0.0776751765,UI,2026-09-14 23:14:51.425,1855.136666666667
Pulse experiments,pioreactor01,2026-09-14T17:29:51.629Z,remove_waste,0.0806626833,UI,2026-09-14 23:14:51.629,1855.136666666667
Pulse experiments,pioreactor01,2026-09-14T17:29:51.925Z,add_media,0.0776751765,UI,2026-09-14 23:14:51.925,1855.136666666667
Pulse experiments,pioreactor01,2026-09-14T17:29:52.130Z,remove_waste,0.0806626833,UI,2026-09-14 23:14:52.130,1855.136944444444
Pulse experiments,pioreactor01,2026-09-14T17:29:52.426Z,add_media,0.0776751765,UI,2026-09-14 23:14:52.426,1855.136944444444
Pulse experiments,pioreactor01,2026-09-14T17:29:52.632Z,remove_waste,0.0806626833,UI,2026-09-14 23:14:52.632,1855.136944444444
Pulse experiments,pioreactor01,2026-09-14T17:29:52.927Z,add_media,0.0776751765,UI,2026-09-14 23:14:52.927,1855.136944444444
Pulse experiments,pioreactor01,2026-09-14T17:29:53.133Z,remove_waste,0.0806626833,UI,2026-09-14 23:14:53.133,1855.137222222222
Pulse experiments,pioreactor01,2026-09-14T17:29:53.428Z,add_media,0.0776751765,UI,2026-09-14 23:14:53.428,1855.137222222222
Pulse experiments,pioreactor01,2026-09-14T17:29:53.634Z,remove_waste,0.0806626833,UI,2026-09-14 23:14:53.634,1855.137222222222
Pulse experiments,pioreactor01,2026-09-14T17:29:53.929Z,add_media,0.0776751765,UI,2026-09-14 23:14:53.929,1855.137222222222
Pulse experiments,pioreactor01,2026-09-14T17:29:54.135Z,remove_waste,0.0806626833,UI,2026-09-14 23:14:54.135,1855.1375
Pulse experiments,pioreactor01,2026-09-14T17:29:54.430Z,add_media,0.0776751765,UI,2026-09-14 23:14:54.430,1855.1375
Pulse experiments,pioreactor01,2026-09-14T17:29:54.636Z,remove_waste,0.0806626833,UI,2026-09-14 23:14:54.636,1855.1375
Pulse experiments,pioreactor01,2026-09-14T17:29:54.931Z,add_media,0.0776751765,UI,2026-09-14 23:14:54.931,1855.1375
Pulse experiments,pioreactor01,2026-09-14T17:29:55.138Z,remove_waste,0.0806626833,UI,2026-09-14 23:14:55.138,1855.137777777778
Pulse experiments,pioreactor01,2026-09-14T17:29:55.432Z,add_media,0.0776751765,UI,2026-09-14 23:14:55.432,1855.137777777778
Pulse experiments,pioreactor01,2026-09-14T17:29:55.639Z,remove_waste,0.0806626833,UI,2026-09-14 23:14:55.639,1855.137777777778
Pulse experiments,pioreactor01,2026-09-14T17:29:55.933Z,add_media,0.0776751765,UI,2026-09-14 23:14:55.933,1855.137777777778
Pulse experiments,pioreactor01,2026-09-14T17:29:56.140Z,remove_waste,0.0806626833,UI,2026-09-14 23:14:56.140,1855.138055555556
Pulse experiments,pioreactor01,2026-09-14T17:29:56.436Z,add_media,0.0776751765,UI,2026-09-14 23:14:56.436,1855.138055555556
Pulse experiments,pioreactor01,2026-09-14T17:29:56.641Z,remove_waste,0.0806626833,UI,2026-09-14 23:14:56.641,1855.138055555556
Pulse experiments,pioreactor01,2026-09-14T17:29:56.937Z,add_media,0.0776751765,UI,2026-09-14 23:14:56.937,1855.138055555556
Pulse experiments,pioreactor01,2026-09-14T17:29:57.144Z,remove_waste,0.0806626833,UI,2026-09-14 23:14:57.144,1855.138333333333
Pulse experiments,pioreactor01,2026-09-14T17:29:57.438Z,add_media,0.0776751765,UI,2026-09-14 23:14:57.438,1855.138333333333
Pulse experiments,pioreactor01,2026-09-14T17:29:57.645Z,remove_waste,0.0806626833,UI,2026-09-14 23:14:57.645,1855.138333333333
Pulse experiments,pioreactor01,2026-09-14T17:29:57.939Z,add_media,0.0776751765,UI,2026-09-14 23:14:57.939,1855.138333333333
Pulse experiments,pioreactor01,2026-09-14T17:29:58.146Z,remove_waste,0.0806626833,UI,2026-09-14 23:14:58.146,1855.138611111111
Pulse experiments,pioreactor01,2026-09-14T17:29:58.440Z,add_media,0.0776751765,UI,2026-09-14 23:14:58.440,1855.138611111111
Pulse experiments,pioreactor01,2026-09-14T17:29:58.648Z,remove_waste,0.0806626833,UI,2026-09-14 23:14:58.648,1855.138611111111
Pulse experiments,pioreactor01,2026-09-14T17:29:58.940Z,add_media,0.0776751765,UI,2026-09-14 23:14:58.940,1855.138611111111
Pulse experiments,pioreactor01,2026-09-14T17:29:59.149Z,remove_waste,0.0806626833,UI,2026-09-14 23:14:59.149,1855.138888888889
Pulse experiments,pioreactor01,2026-09-14T17:29:59.441Z,add_media,0.0776751765,UI,2026-09-14 23:14:59.441,1855.138888888889
Pulse experiments,pioreactor01,2026-09-14T17:29:59.649Z,remove_waste,0.0806626833,UI,2026-09-14 23:14:59.649,1855.138888888889
Pulse experiments,pioreactor01,2026-09-14T17:29:59.942Z,add_media,0.0776751765,UI,2026-09-14 23:14:59.942,1855.138888888889
Pulse experiments,pioreactor01,2026-09-14T17:30:00.150Z,remove_waste,0.0806626833,UI,2026-09-14 23:15:00.150,1855.139166666667
Pulse experiments,pioreactor01,2026-09-14T17:30:00.443Z,add_media,0.0776751765,UI,2026-09-14 23:15:00.443,1855.139166666667
Pulse experiments,pioreactor01,2026-09-14T17:30:00.651Z,remove_waste,0.0806626833,UI,2026-09-14 23:15:00.651,1855.139166666667
Pulse experiments,pioreactor01,2026-09-14T17:30:00.945Z,add_media,0.0776751765,UI,2026-09-14 23:15:00.945,1855.139166666667
Pulse experiments,pioreactor01,2026-09-14T17:30:01.152Z,remove_waste,0.0806626833,UI,2026-09-14 23:15:01.152,1855.139444444445
Pulse experiments,pioreactor01,2026-09-14T17:30:01.446Z,add_media,0.0776751765,UI,2026-09-14 23:15:01.446,1855.139444444445
Pulse experiments,pioreactor01,2026-09-14T17:30:01.653Z,remove_waste,0.0806626833,UI,2026-09-14 23:15:01.653,1855.139444444445
Pulse experiments,pioreactor01,2026-09-14T17:30:01.947Z,add_media,0.0776751765,UI,2026-09-14 23:15:01.947,1855.139444444445
Pulse experiments,pioreactor01,2026-09-14T17:30:02.154Z,remove_waste,0.0806626833,UI,2026-09-14 23:15:02.154,1855.139722222222
Pulse experiments,pioreactor01,2026-09-14T17:30:02.448Z,add_media,0.0776751765,UI,2026-09-14 23:15:02.448,1855.139722222222
Pulse experiments,pioreactor01,2026-09-14T17:30:02.654Z,remove_waste,0.0806626833,UI,2026-09-14 23:15:02.654,1855.139722222222
Pulse experiments,pioreactor01,2026-09-14T17:30:02.949Z,add_media,0.0776751765,UI,2026-09-14 23:15:02.949,1855.139722222222
Pulse experiments,pioreactor01,2026-09-14T17:30:03.155Z,remove_waste,0.0806626833,UI,2026-09-14 23:15:03.155,1855.14
Pulse experiments,pioreactor01,2026-09-14T17:30:03.450Z,add_media,0.0776751765,UI,2026-09-14 23:15:03.450,1855.14
Pulse experiments,pioreactor01,2026-09-14T17:30:03.657Z,remove_waste,0.0806626833,UI,2026-09-14 23:15:03.657,1855.14
Pulse experiments,pioreactor01,2026-09-14T17:30:03.954Z,add_media,0.0776751765,UI,2026-09-14 23:15:03.954,1855.14
Pulse experiments,pioreactor01,2026-09-14T17:30:04.158Z,remove_waste,0.0806626833,UI,2026-09-14 23:15:04.158,1855.140277777778
Pulse experiments,pioreactor01,2026-09-14T17:30:04.455Z,add_media,0.0776751765,UI,2026-09-14 23:15:04.455,1855.140277777778
Pulse experiments,pioreactor01,2026-09-14T17:30:04.660Z,remove_waste,0.0806626833,UI,2026-09-14 23:15:04.660,1855.140277777778
Pulse experiments,pioreactor01,2026-09-14T17:30:04.957Z,add_media,0.0776751765,UI,2026-09-14 23:15:04.957,1855.140277777778
Pulse experiments,pioreactor01,2026-09-14T17:30:05.160Z,remove_waste,0.0806626833,UI,2026-09-14 23:15:05.160,1855.140555555555
Pulse experiments,pioreactor01,2026-09-14T17:30:05.458Z,add_media,0.0776751765,UI,2026-09-14 23:15:05.458,1855.140555555555
Pulse experiments,pioreactor01,2026-09-14T17:30:05.661Z,remove_waste,0.0806626833,UI,2026-09-14 23:15:05.661,1855.140555555555
Pulse experiments,pioreactor01,2026-09-14T17:30:05.960Z,add_media,0.0776751765,UI,2026-09-14 23:15:05.960,1855.140555555555
Pulse experiments,pioreactor01,2026-09-14T17:30:06.162Z,remove_waste,0.0806626833,UI,2026-09-14 23:15:06.162,1855.140833333333
Pulse experiments,pioreactor01,2026-09-14T17:30:06.462Z,add_media,0.0776751765,UI,2026-09-14 23:15:06.462,1855.140833333333
Pulse experiments,pioreactor01,2026-09-14T17:30:06.664Z,remove_waste,0.0806626833,UI,2026-09-14 23:15:06.664,1855.140833333333
Pulse experiments,pioreactor01,2026-09-14T17:30:06.963Z,add_media,0.0776751765,UI,2026-09-14 23:15:06.963,1855.140833333333
Pulse experiments,pioreactor01,2026-09-14T17:30:07.165Z,remove_waste,0.0806626833,UI,2026-09-14 23:15:07.165,1855.141111111111
Pulse experiments,pioreactor01,2026-09-14T17:30:07.464Z,add_media,0.0776751765,UI,2026-09-14 23:15:07.464,1855.141111111111
Pulse experiments,pioreactor01,2026-09-14T17:30:07.667Z,remove_waste,0.0806626833,UI,2026-09-14 23:15:07.667,1855.141111111111
Pulse experiments,pioreactor01,2026-09-14T17:30:07.965Z,add_media,0.0776751765,UI,2026-09-14 23:15:07.965,1855.141111111111
Pulse experiments,pioreactor01,2026-09-14T17:30:08.169Z,remove_waste,0.0806626833,UI,2026-09-14 23:15:08.169,1855.141388888889
Pulse experiments,pioreactor01,2026-09-14T17:30:08.194Z,add_alt_media,0.2016567083,UI,2026-09-14 23:15:08.194,1855.141388888889
Pulse experiments,pioreactor01,2026-09-14T17:30:08.469Z,add_media,0.0776751765,UI,2026-09-14 23:15:08.469,1855.141388888889
Pulse experiments,pioreactor01,2026-09-14T17:30:08.670Z,remove_waste,0.0806626833,UI,2026-09-14 23:15:08.670,1855.141388888889
Pulse experiments,pioreactor01,2026-09-14T17:30:08.696Z,add_alt_media,0.2016567083,UI,2026-09-14 23:15:08.696,1855.141388888889
Pulse experiments,pioreactor01,2026-09-14T17:30:08.970Z,add_media,0.0776751765,UI,2026-09-14 23:15:08.970,1855.141388888889
Pulse experiments,pioreactor01,2026-09-14T17:30:09.171Z,remove_waste,0.0806626833,UI,2026-09-14 23:15:09.171,1855.141666666667
Pulse experiments,pioreactor01,2026-09-14T17:30:09.197Z,add_alt_media,0.2016567083,UI,2026-09-14 23:15:09.197,1855.141666666667
Pulse experiments,pioreactor01,2026-09-14T17:30:09.471Z,add_media,0.0776751765,UI,2026-09-14 23:15:09.471,1855.141666666667
Pulse experiments,pioreactor01,2026-09-14T17:30:09.671Z,remove_waste,0.0806626833,UI,2026-09-14 23:15:09.671,1855.141666666667
Pulse experiments,pioreactor01,2026-09-14T17:30:09.698Z,add_alt_media,0.2016567083,UI,2026-09-14 23:15:09.698,1855.141666666667
Pulse experiments,pioreactor01,2026-09-14T17:30:09.971Z,add_media,0.0776751765,UI,2026-09-14 23:15:09.971,1855.141666666667
Pulse experiments,pioreactor01,2026-09-14T17:30:10.172Z,remove_waste,0.0806626833,UI,2026-09-14 23:15:10.172,1855.141944444444
Pulse experiments,pioreactor01,2026-09-14T17:30:10.200Z,add_alt_media,0.2016567083,UI,2026-09-14 23:15:10.200,1855.141944444444
Pulse experiments,pioreactor01,2026-09-14T17:30:10.472Z,add_media,0.0776751765,UI,2026-09-14 23:15:10.472,1855.141944444444
Pulse experiments,pioreactor01,2026-09-14T17:30:10.673Z,remove_waste,0.0806626833,UI,2026-09-14 23:15:10.673,1855.141944444444
Pulse experiments,pioreactor01,2026-09-14T17:30:10.701Z,add_alt_media,0.2016567083,UI,2026-09-14 23:15:10.701,1855.141944444444
Pulse experiments,pioreactor01,2026-09-14T17:30:10.974Z,add_media,0.0776751765,UI,2026-09-14 23:15:10.974,1855.141944444444
Pulse experiments,pioreactor01,2026-09-14T17:30:11.174Z,remove_waste,0.0806626833,UI,2026-09-14 23:15:11.174,1855.142222222222
Pulse experiments,pioreactor01,2026-09-14T17:30:11.202Z,add_alt_media,0.2016567083,UI,2026-09-14 23:15:11.202,1855.142222222222
Pulse experiments,pioreactor01,2026-09-14T17:30:11.474Z,add_media,0.0776751765,UI,2026-09-14 23:15:11.474,1855.142222222222
Pulse experiments,pioreactor01,2026-09-14T17:30:11.674Z,remove_waste,0.0806626833,UI,2026-09-14 23:15:11.674,1855.142222222222
Pulse experiments,pioreactor01,2026-09-14T17:30:11.703Z,add_alt_media,0.2016567083,UI,2026-09-14 23:15:11.703,1855.142222222222
Pulse experiments,pioreactor01,2026-09-14T17:30:11.975Z,add_media,0.0776751765,UI,2026-09-14 23:15:11.975,1855.142222222222
Pulse experiments,pioreactor01,2026-09-14T17:30:12.175Z,remove_waste,0.0806626833,UI,2026-09-14 23:15:12.175,1855.1425
Pulse experiments,pioreactor01,2026-09-14T17:30:12.204Z,add_alt_media,0.2016567083,UI,2026-09-14 23:15:12.204,1855.1425
Pulse experiments,pioreactor01,2026-09-14T17:30:12.476Z,add_media,0.0776751765,UI,2026-09-14 23:15:12.476,1855.1425
Pulse experiments,pioreactor01,2026-09-14T17:30:12.676Z,remove_waste,0.0806626833,UI,2026-09-14 23:15:12.676,1855.1425
Pulse experiments,pioreactor01,2026-09-14T17:30:12.705Z,add_alt_media,0.1850896253,UI,2026-09-14 23:15:12.705,1855.1425
Pulse experiments,pioreactor01,2026-09-14T17:30:12.977Z,add_media,0.0776751765,UI,2026-09-14 23:15:12.977,1855.1425
Pulse experiments,pioreactor01,2026-09-14T17:30:13.177Z,remove_waste,0.0806626833,UI,2026-09-14 23:15:13.177,1855.142777777778
Pulse experiments,pioreactor01,2026-09-14T17:30:13.478Z,add_media,0.0776751765,UI,2026-09-14 23:15:13.478,1855.142777777778
Pulse experiments,pioreactor01,2026-09-14T17:30:13.678Z,remove_waste,0.0806626833,UI,2026-09-14 23:15:13.678,1855.142777777778
Pulse experiments,pioreactor01,2026-09-14T17:30:13.979Z,add_media,0.0776751765,UI,2026-09-14 23:15:13.979,1855.142777777778
Pulse experiments,pioreactor01,2026-09-14T17:30:14.179Z,remove_waste,0.0806626833,UI,2026-09-14 23:15:14.179,1855.143055555556
Pulse experiments,pioreactor01,2026-09-14T17:30:14.480Z,add_media,0.0776751765,UI,2026-09-14 23:15:14.480,1855.143055555556
Pulse experiments,pioreactor01,2026-09-14T17:30:14.680Z,remove_waste,0.0806626833,UI,2026-09-14 23:15:14.680,1855.143055555556
Pulse experiments,pioreactor01,2026-09-14T17:30:14.981Z,add_media,0.0776751765,UI,2026-09-14 23:15:14.981,1855.143055555556
Pulse experiments,pioreactor01,2026-09-14T17:30:15.181Z,remove_waste,0.0806626833,UI,2026-09-14 23:15:15.181,1855.143333333333
Pulse experiments,pioreactor01,2026-09-14T17:30:15.482Z,add_media,0.0776751765,UI,2026-09-14 23:15:15.482,1855.143333333333
Pulse experiments,pioreactor01,2026-09-14T17:30:15.682Z,remove_waste,0.0806626833,UI,2026-09-14 23:15:15.682,1855.143333333333
Pulse experiments,pioreactor01,2026-09-14T17:30:15.982Z,add_media,0.0776751765,UI,2026-09-14 23:15:15.982,1855.143333333333
Pulse experiments,pioreactor01,2026-09-14T17:30:16.183Z,remove_waste,0.0806626833,UI,2026-09-14 23:15:16.183,1855.143611111111
Pulse experiments,pioreactor01,2026-09-14T17:30:16.484Z,add_media,0.0776751765,UI,2026-09-14 23:15:16.484,1855.143611111111
Pulse experiments,pioreactor01,2026-09-14T17:30:16.685Z,remove_waste,0.0806626833,UI,2026-09-14 23:15:16.685,1855.143611111111
Pulse experiments,pioreactor01,2026-09-14T17:30:16.985Z,add_media,0.0776751765,UI,2026-09-14 23:15:16.985,1855.143611111111
Pulse experiments,pioreactor01,2026-09-14T17:30:17.188Z,remove_waste,0.0806626833,UI,2026-09-14 23:15:17.188,1855.143888888889
Pulse experiments,pioreactor01,2026-09-14T17:30:17.487Z,add_media,0.0776751765,UI,2026-09-14 23:15:17.487,1855.143888888889
Pulse experiments,pioreactor01,2026-09-14T17:30:17.688Z,remove_waste,0.0806626833,UI,2026-09-14 23:15:17.688,1855.143888888889
Pulse experiments,pioreactor01,2026-09-14T17:30:17.988Z,add_media,0.0776751765,UI,2026-09-14 23:15:17.988,1855.143888888889
Pulse experiments,pioreactor01,2026-09-14T17:30:18.190Z,remove_waste,0.0806626833,UI,2026-09-14 23:15:18.190,1855.144166666667
Pulse experiments,pioreactor01,2026-09-14T17:30:18.489Z,add_media,0.0776751765,UI,2026-09-14 23:15:18.489,1855.144166666667
Pulse experiments,pioreactor01,2026-09-14T17:30:18.691Z,remove_waste,0.0806626833,UI,2026-09-14 23:15:18.691,1855.144166666667
Pulse experiments,pioreactor01,2026-09-14T17:30:18.989Z,add_media,0.0776751765,UI,2026-09-14 23:15:18.989,1855.144166666667
Pulse experiments,pioreactor01,2026-09-14T17:30:19.192Z,remove_waste,0.0806626833,UI,2026-09-14 23:15:19.192,1855.144444444444
Pulse experiments,pioreactor01,2026-09-14T17:30:19.490Z,add_media,0.0776751765,UI,2026-09-14 23:15:19.490,1855.144444444444
Pulse experiments,pioreactor01,2026-09-14T17:30:19.693Z,remove_waste,0.0806626833,UI,2026-09-14 23:15:19.693,1855.144444444444
Pulse experiments,pioreactor01,2026-09-14T17:30:19.992Z,add_media,0.0776751765,UI,2026-09-14 23:15:19.992,1855.144444444444
Pulse experiments,pioreactor01,2026-09-14T17:30:20.194Z,remove_waste,0.0806626833,UI,2026-09-14 23:15:20.194,1855.144722222222
Pulse experiments,pioreactor01,2026-09-14T17:30:20.493Z,add_media,0.0776751765,UI,2026-09-14 23:15:20.493,1855.144722222222
Pulse experiments,pioreactor01,2026-09-14T17:30:20.695Z,remove_waste,0.0806626833,UI,2026-09-14 23:15:20.695,1855.144722222222
Pulse experiments,pioreactor01,2026-09-14T17:30:20.994Z,add_media,0.0776751765,UI,2026-09-14 23:15:20.994,1855.144722222222
Pulse experiments,pioreactor01,2026-09-14T17:30:21.196Z,remove_waste,0.0806626833,UI,2026-09-14 23:15:21.196,1855.145
Pulse experiments,pioreactor01,2026-09-14T17:30:21.496Z,add_media,0.0776751765,UI,2026-09-14 23:15:21.496,1855.145
Pulse experiments,pioreactor01,2026-09-14T17:30:21.697Z,remove_waste,0.0806626833,UI,2026-09-14 23:15:21.697,1855.145
Pulse experiments,pioreactor01,2026-09-14T17:30:21.996Z,add_media,0.0776751765,UI,2026-09-14 23:15:21.996,1855.145
Pulse experiments,pioreactor01,2026-09-14T17:30:22.197Z,remove_waste,0.0806626833,UI,2026-09-14 23:15:22.197,1855.145277777778
Pulse experiments,pioreactor01,2026-09-14T17:30:22.498Z,add_media,0.0776751765,UI,2026-09-14 23:15:22.498,1855.145277777778
Pulse experiments,pioreactor01,2026-09-14T17:30:22.698Z,remove_waste,0.0806626833,UI,2026-09-14 23:15:22.698,1855.145277777778
Pulse experiments,pioreactor01,2026-09-14T17:30:22.999Z,add_media,0.0776751765,UI,2026-09-14 23:15:22.999,1855.145277777778
Pulse experiments,pioreactor01,2026-09-14T17:30:23.198Z,remove_waste,0.0806626833,UI,2026-09-14 23:15:23.198,1855.145555555556
Pulse experiments,pioreactor01,2026-09-14T17:30:23.499Z,add_media,0.0776751765,UI,2026-09-14 23:15:23.499,1855.145555555556
Pulse experiments,pioreactor01,2026-09-14T17:30:23.700Z,remove_waste,0.0806626833,UI,2026-09-14 23:15:23.700,1855.145555555556
Pulse experiments,pioreactor01,2026-09-14T17:30:24.000Z,add_media,0.0776751765,UI,2026-09-14 23:15:24.000,1855.145833333333
Pulse experiments,pioreactor01,2026-09-14T17:30:24.201Z,remove_waste,0.0806626833,UI,2026-09-14 23:15:24.201,1855.145833333333
Pulse experiments,pioreactor01,2026-09-14T17:30:24.501Z,add_media,0.0776751765,UI,2026-09-14 23:15:24.501,1855.145833333333
Pulse experiments,pioreactor01,2026-09-14T17:30:24.703Z,remove_waste,0.0806626833,UI,2026-09-14 23:15:24.703,1855.145833333333
Pulse experiments,pioreactor01,2026-09-14T17:30:25.002Z,add_media,0.0776751765,UI,2026-09-14 23:15:25.002,1855.146111111111
Pulse experiments,pioreactor01,2026-09-14T17:30:25.204Z,remove_waste,0.0806626833,UI,2026-09-14 23:15:25.204,1855.146111111111
Pulse experiments,pioreactor01,2026-09-14T17:30:25.503Z,add_media,0.0776751765,UI,2026-09-14 23:15:25.503,1855.146111111111
Pulse experiments,pioreactor01,2026-09-14T17:30:25.705Z,remove_waste,0.0806626833,UI,2026-09-14 23:15:25.705,1855.146111111111
Pulse experiments,pioreactor01,2026-09-14T17:30:26.003Z,add_media,0.0776751765,UI,2026-09-14 23:15:26.003,1855.146388888889
Pulse experiments,pioreactor01,2026-09-14T17:30:26.206Z,remove_waste,0.0806626833,UI,2026-09-14 23:15:26.206,1855.146388888889
Pulse experiments,pioreactor01,2026-09-14T17:30:26.504Z,add_media,0.0776751765,UI,2026-09-14 23:15:26.504,1855.146388888889
Pulse experiments,pioreactor01,2026-09-14T17:30:26.707Z,remove_waste,0.0806626833,UI,2026-09-14 23:15:26.707,1855.146388888889
Pulse experiments,pioreactor01,2026-09-14T17:30:27.005Z,add_media,0.0776751765,UI,2026-09-14 23:15:27.005,1855.146666666667
Pulse experiments,pioreactor01,2026-09-14T17:30:27.208Z,remove_waste,0.0806626833,UI,2026-09-14 23:15:27.208,1855.146666666667
Pulse experiments,pioreactor01,2026-09-14T17:30:27.506Z,add_media,0.0776751765,UI,2026-09-14 23:15:27.506,1855.146666666667
Pulse experiments,pioreactor01,2026-09-14T17:30:27.709Z,remove_waste,0.0806626833,UI,2026-09-14 23:15:27.709,1855.146666666667
Pulse experiments,pioreactor01,2026-09-14T17:30:28.007Z,add_media,0.0776751765,UI,2026-09-14 23:15:28.007,1855.146944444444
Pulse experiments,pioreactor01,2026-09-14T17:30:28.210Z,remove_waste,0.0806626833,UI,2026-09-14 23:15:28.210,1855.146944444444
Pulse experiments,pioreactor01,2026-09-14T17:30:28.507Z,add_media,0.0776751765,UI,2026-09-14 23:15:28.507,1855.146944444444
Pulse experiments,pioreactor01,2026-09-14T17:30:28.711Z,remove_waste,0.0806626833,UI,2026-09-14 23:15:28.711,1855.146944444444
Pulse experiments,pioreactor01,2026-09-14T17:30:29.010Z,add_media,0.0776751765,UI,2026-09-14 23:15:29.010,1855.147222222222
Pulse experiments,pioreactor01,2026-09-14T17:30:29.212Z,remove_waste,0.0806626833,UI,2026-09-14 23:15:29.212,1855.147222222222
Pulse experiments,pioreactor01,2026-09-14T17:30:29.512Z,add_media,0.0776751765,UI,2026-09-14 23:15:29.512,1855.147222222222
Pulse experiments,pioreactor01,2026-09-14T17:30:29.712Z,remove_waste,0.0806626833,UI,2026-09-14 23:15:29.712,1855.147222222222
Pulse experiments,pioreactor01,2026-09-14T17:30:30.013Z,add_media,0.0776751765,UI,2026-09-14 23:15:30.013,1855.1475
Pulse experiments,pioreactor01,2026-09-14T17:30:30.213Z,remove_waste,0.0806626833,UI,2026-09-14 23:15:30.213,1855.1475
Pulse experiments,pioreactor01,2026-09-14T17:30:30.514Z,add_media,0.0776751765,UI,2026-09-14 23:15:30.514,1855.1475
Pulse experiments,pioreactor01,2026-09-14T17:30:30.714Z,remove_waste,0.0806626833,UI,2026-09-14 23:15:30.714,1855.1475
Pulse experiments,pioreactor01,2026-09-14T17:30:31.015Z,add_media,0.0776751765,UI,2026-09-14 23:15:31.015,1855.147777777778
Pulse experiments,pioreactor01,2026-09-14T17:30:31.215Z,remove_waste,0.0806626833,UI,2026-09-14 23:15:31.215,1855.147777777778
Pulse experiments,pioreactor01,2026-09-14T17:30:31.515Z,add_media,0.0776751765,UI,2026-09-14 23:15:31.515,1855.147777777778
Pulse experiments,pioreactor01,2026-09-14T17:30:31.716Z,remove_waste,0.0806626833,UI,2026-09-14 23:15:31.716,1855.147777777778
Pulse experiments,pioreactor01,2026-09-14T17:30:32.016Z,add_media,0.0776751765,UI,2026-09-14 23:15:32.016,1855.148055555556
Pulse experiments,pioreactor01,2026-09-14T17:30:32.217Z,remove_waste,0.0806626833,UI,2026-09-14 23:15:32.217,1855.148055555556
Pulse experiments,pioreactor01,2026-09-14T17:30:32.517Z,add_media,0.0776751765,UI,2026-09-14 23:15:32.517,1855.148055555556
Pulse experiments,pioreactor01,2026-09-14T17:30:32.718Z,remove_waste,0.0806626833,UI,2026-09-14 23:15:32.718,1855.148055555556
Pulse experiments,pioreactor01,2026-09-14T17:30:33.018Z,add_media,0.0776751765,UI,2026-09-14 23:15:33.018,1855.148333333333
Pulse experiments,pioreactor01,2026-09-14T17:30:33.224Z,remove_waste,0.0806626833,UI,2026-09-14 23:15:33.224,1855.148333333333
Pulse experiments,pioreactor01,2026-09-14T17:30:33.519Z,add_media,0.0776751765,UI,2026-09-14 23:15:33.519,1855.148333333333
Pulse experiments,pioreactor01,2026-09-14T17:30:33.724Z,remove_waste,0.0806626833,UI,2026-09-14 23:15:33.724,1855.148333333333
Pulse experiments,pioreactor01,2026-09-14T17:30:34.020Z,add_media,0.0776751765,UI,2026-09-14 23:15:34.020,1855.148611111111
Pulse experiments,pioreactor01,2026-09-14T17:30:34.225Z,remove_waste,0.0806626833,UI,2026-09-14 23:15:34.225,1855.148611111111
Pulse experiments,pioreactor01,2026-09-14T17:30:34.521Z,add_media,0.0776751765,UI,2026-09-14 23:15:34.521,1855.148611111111
Pulse experiments,pioreactor01,2026-09-14T17:30:34.726Z,remove_waste,0.0806626833,UI,2026-09-14 23:15:34.726,1855.148611111111
Pulse experiments,pioreactor01,2026-09-14T17:30:35.022Z,add_media,0.0776751765,UI,2026-09-14 23:15:35.022,1855.148888888889
Pulse experiments,pioreactor01,2026-09-14T17:30:35.227Z,remove_waste,0.0806626833,UI,2026-09-14 23:15:35.227,1855.148888888889
Pulse experiments,pioreactor01,2026-09-14T17:30:35.522Z,add_media,0.0776751765,UI,2026-09-14 23:15:35.522,1855.148888888889
Pulse experiments,pioreactor01,2026-09-14T17:30:35.727Z,remove_waste,0.0806626833,UI,2026-09-14 23:15:35.727,1855.148888888889
Pulse experiments,pioreactor01,2026-09-14T17:30:36.024Z,add_media,0.0776751765,UI,2026-09-14 23:15:36.024,1855.149166666667
Pulse experiments,pioreactor01,2026-09-14T17:30:36.228Z,remove_waste,0.0806626833,UI,2026-09-14 23:15:36.228,1855.149166666667
Pulse experiments,pioreactor01,2026-09-14T17:30:36.527Z,add_media,0.0776751765,UI,2026-09-14 23:15:36.527,1855.149166666667
Pulse experiments,pioreactor01,2026-09-14T17:30:36.729Z,remove_waste,0.0806626833,UI,2026-09-14 23:15:36.729,1855.149166666667
Pulse experiments,pioreactor01,2026-09-14T17:30:37.028Z,add_media,0.0776751765,UI,2026-09-14 23:15:37.028,1855.149444444444
Pulse experiments,pioreactor01,2026-09-14T17:30:37.230Z,remove_waste,0.0806626833,UI,2026-09-14 23:15:37.230,1855.149444444444
Pulse experiments,pioreactor01,2026-09-14T17:30:37.529Z,add_media,0.0776751765,UI,2026-09-14 23:15:37.529,1855.149444444444
Pulse experiments,pioreactor01,2026-09-14T17:30:37.730Z,remove_waste,0.0806626833,UI,2026-09-14 23:15:37.730,1855.149444444444
Pulse experiments,pioreactor01,2026-09-14T17:30:38.032Z,add_media,0.0776751765,UI,2026-09-14 23:15:38.032,1855.149722222222
Pulse experiments,pioreactor01,2026-09-14T17:30:38.232Z,remove_waste,0.0806626833,UI,2026-09-14 23:15:38.232,1855.149722222222
Pulse experiments,pioreactor01,2026-09-14T17:30:38.533Z,add_media,0.0776751765,UI,2026-09-14 23:15:38.533,1855.149722222222
Pulse experiments,pioreactor01,2026-09-14T17:30:38.732Z,remove_waste,0.0806626833,UI,2026-09-14 23:15:38.732,1855.149722222222
Pulse experiments,pioreactor01,2026-09-14T17:30:39.033Z,add_media,0.0776751765,UI,2026-09-14 23:15:39.033,1855.15
Pulse experiments,pioreactor01,2026-09-14T17:30:39.233Z,remove_waste,0.0806626833,UI,2026-09-14 23:15:39.233,1855.15
Pulse experiments,pioreactor01,2026-09-14T17:30:39.534Z,add_media,0.0776751765,UI,2026-09-14 23:15:39.534,1855.15
Pulse experiments,pioreactor01,2026-09-14T17:30:39.734Z,remove_waste,0.0806626833,UI,2026-09-14 23:15:39.734,1855.15
Pulse experiments,pioreactor01,2026-09-14T17:30:40.035Z,add_media,0.0776751765,UI,2026-09-14 23:15:40.035,1855.150277777778
Pulse experiments,pioreactor01,2026-09-14T17:30:40.235Z,remove_waste,0.0806626833,UI,2026-09-14 23:15:40.235,1855.150277777778
Pulse experiments,pioreactor01,2026-09-14T17:30:40.536Z,add_media,0.0776751765,UI,2026-09-14 23:15:40.536,1855.150277777778
Pulse experiments,pioreactor01,2026-09-14T17:30:40.737Z,remove_waste,0.0806626833,UI,2026-09-14 23:15:40.737,1855.150277777778
Pulse experiments,pioreactor01,2026-09-14T17:30:41.037Z,add_media,0.0776751765,UI,2026-09-14 23:15:41.037,1855.150555555555
Pulse experiments,pioreactor01,2026-09-14T17:30:41.238Z,remove_waste,0.0806626833,UI,2026-09-14 23:15:41.238,1855.150555555555
Pulse experiments,pioreactor01,2026-09-14T17:30:41.538Z,add_media,0.0776751765,UI,2026-09-14 23:15:41.538,1855.150555555555
Pulse experiments,pioreactor01,2026-09-14T17:30:41.738Z,remove_waste,0.0806626833,UI,2026-09-14 23:15:41.738,1855.150555555555
Pulse experiments,pioreactor01,2026-09-14T17:30:42.039Z,add_media,0.0776751765,UI,2026-09-14 23:15:42.039,1855.150833333333
Pulse experiments,pioreactor01,2026-09-14T17:30:42.239Z,remove_waste,0.0806626833,UI,2026-09-14 23:15:42.239,1855.150833333333
Pulse experiments,pioreactor01,2026-09-14T17:30:42.540Z,add_media,0.0776751765,UI,2026-09-14 23:15:42.540,1855.150833333333
Pulse experiments,pioreactor01,2026-09-14T17:30:42.740Z,remove_waste,0.0806626833,UI,2026-09-14 23:15:42.740,1855.150833333333
Pulse experiments,pioreactor01,2026-09-14T17:30:43.044Z,add_media,0.0776751765,UI,2026-09-14 23:15:43.044,1855.151111111111
Pulse experiments,pioreactor01,2026-09-14T17:30:43.241Z,remove_waste,0.0806626833,UI,2026-09-14 23:15:43.241,1855.151111111111
Pulse experiments,pioreactor01,2026-09-14T17:30:43.545Z,add_media,0.0776751765,UI,2026-09-14 23:15:43.545,1855.151111111111
Pulse experiments,pioreactor01,2026-09-14T17:30:43.742Z,remove_waste,0.0806626833,UI,2026-09-14 23:15:43.742,1855.151111111111
Pulse experiments,pioreactor01,2026-09-14T17:30:44.045Z,add_media,0.0776751765,UI,2026-09-14 23:15:44.045,1855.151388888889
Pulse experiments,pioreactor01,2026-09-14T17:30:44.243Z,remove_waste,0.0806626833,UI,2026-09-14 23:15:44.243,1855.151388888889
Pulse experiments,pioreactor01,2026-09-14T17:30:44.546Z,add_media,0.0776751765,UI,2026-09-14 23:15:44.546,1855.151388888889
Pulse experiments,pioreactor01,2026-09-14T17:30:44.744Z,remove_waste,0.0806626833,UI,2026-09-14 23:15:44.744,1855.151388888889
Pulse experiments,pioreactor01,2026-09-14T17:30:45.047Z,add_media,0.0776751765,UI,2026-09-14 23:15:45.047,1855.151666666667
Pulse experiments,pioreactor01,2026-09-14T17:30:45.245Z,remove_waste,0.0806626833,UI,2026-09-14 23:15:45.245,1855.151666666667
Pulse experiments,pioreactor01,2026-09-14T17:30:45.548Z,add_media,0.0776751765,UI,2026-09-14 23:15:45.548,1855.151666666667
Pulse experiments,pioreactor01,2026-09-14T17:30:45.746Z,remove_waste,0.0806626833,UI,2026-09-14 23:15:45.746,1855.151666666667
Pulse experiments,pioreactor01,2026-09-14T17:30:46.049Z,add_media,0.0776751765,UI,2026-09-14 23:15:46.049,1855.151944444445
Pulse experiments,pioreactor01,2026-09-14T17:30:46.247Z,remove_waste,0.0806626833,UI,2026-09-14 23:15:46.247,1855.151944444445
Pulse experiments,pioreactor01,2026-09-14T17:30:46.549Z,add_media,0.0776751765,UI,2026-09-14 23:15:46.549,1855.151944444445
Pulse experiments,pioreactor01,2026-09-14T17:30:46.748Z,remove_waste,0.0806626833,UI,2026-09-14 23:15:46.748,1855.151944444445
Pulse experiments,pioreactor01,2026-09-14T17:30:47.050Z,add_media,0.0776751765,UI,2026-09-14 23:15:47.050,1855.152222222222
Pulse experiments,pioreactor01,2026-09-14T17:30:47.249Z,remove_waste,0.0806626833,UI,2026-09-14 23:15:47.249,1855.152222222222
Pulse experiments,pioreactor01,2026-09-14T17:30:47.551Z,add_media,0.0776751765,UI,2026-09-14 23:15:47.551,1855.152222222222
Pulse experiments,pioreactor01,2026-09-14T17:30:47.750Z,remove_waste,0.0806626833,UI,2026-09-14 23:15:47.750,1855.152222222222
Pulse experiments,pioreactor01,2026-09-14T17:30:48.053Z,add_media,0.0776751765,UI,2026-09-14 23:15:48.053,1855.1525
Pulse experiments,pioreactor01,2026-09-14T17:30:48.251Z,remove_waste,0.0806626833,UI,2026-09-14 23:15:48.251,1855.1525
Pulse experiments,pioreactor01,2026-09-14T17:30:48.554Z,add_media,0.0776751765,UI,2026-09-14 23:15:48.554,1855.1525
Pulse experiments,pioreactor01,2026-09-14T17:30:48.752Z,remove_waste,0.0806626833,UI,2026-09-14 23:15:48.752,1855.1525
Pulse experiments,pioreactor01,2026-09-14T17:30:49.055Z,add_media,0.0776751765,UI,2026-09-14 23:15:49.055,1855.152777777778
Pulse experiments,pioreactor01,2026-09-14T17:30:49.254Z,remove_waste,0.0806626833,UI,2026-09-14 23:15:49.254,1855.152777777778
Pulse experiments,pioreactor01,2026-09-14T17:30:49.556Z,add_media,0.0776751765,UI,2026-09-14 23:15:49.556,1855.152777777778
Pulse experiments,pioreactor01,2026-09-14T17:30:49.757Z,remove_waste,0.0806626833,UI,2026-09-14 23:15:49.757,1855.152777777778
Pulse experiments,pioreactor01,2026-09-14T17:30:50.058Z,add_media,0.0776751765,UI,2026-09-14 23:15:50.058,1855.153055555556
Pulse experiments,pioreactor01,2026-09-14T17:30:50.258Z,remove_waste,0.0806626833,UI,2026-09-14 23:15:50.258,1855.153055555556
Pulse experiments,pioreactor01,2026-09-14T17:30:50.559Z,add_media,0.0776751765,UI,2026-09-14 23:15:50.559,1855.153055555556
Pulse experiments,pioreactor01,2026-09-14T17:30:50.758Z,remove_waste,0.0806626833,UI,2026-09-14 23:15:50.758,1855.153055555556
Pulse experiments,pioreactor01,2026-09-14T17:30:51.060Z,add_media,0.0776751765,UI,2026-09-14 23:15:51.060,1855.153333333333
Pulse experiments,pioreactor01,2026-09-14T17:30:51.260Z,remove_waste,0.0806626833,UI,2026-09-14 23:15:51.260,1855.153333333333
Pulse experiments,pioreactor01,2026-09-14T17:30:51.562Z,add_media,0.0776751765,UI,2026-09-14 23:15:51.562,1855.153333333333
Pulse experiments,pioreactor01,2026-09-14T17:30:51.761Z,remove_waste,0.0806626833,UI,2026-09-14 23:15:51.761,1855.153333333333
Pulse experiments,pioreactor01,2026-09-14T17:30:52.063Z,add_media,0.0776751765,UI,2026-09-14 23:15:52.063,1855.153611111111
Pulse experiments,pioreactor01,2026-09-14T17:30:52.262Z,remove_waste,0.0806626833,UI,2026-09-14 23:15:52.262,1855.153611111111
Pulse experiments,pioreactor01,2026-09-14T17:30:52.564Z,add_media,0.0776751765,UI,2026-09-14 23:15:52.564,1855.153611111111
Pulse experiments,pioreactor01,2026-09-14T17:30:52.763Z,remove_waste,0.0806626833,UI,2026-09-14 23:15:52.763,1855.153611111111
Pulse experiments,pioreactor01,2026-09-14T17:30:53.069Z,add_media,0.0776751765,UI,2026-09-14 23:15:53.069,1855.153888888889
Pulse experiments,pioreactor01,2026-09-14T17:30:53.264Z,remove_waste,0.0806626833,UI,2026-09-14 23:15:53.264,1855.153888888889
Pulse experiments,pioreactor01,2026-09-14T17:30:53.570Z,add_media,0.0776751765,UI,2026-09-14 23:15:53.570,1855.153888888889
Pulse experiments,pioreactor01,2026-09-14T17:30:53.765Z,remove_waste,0.0806626833,UI,2026-09-14 23:15:53.765,1855.153888888889
Pulse experiments,pioreactor01,2026-09-14T17:30:54.071Z,add_media,0.0776751765,UI,2026-09-14 23:15:54.071,1855.154166666667
Pulse experiments,pioreactor01,2026-09-14T17:30:54.266Z,remove_waste,0.0806626833,UI,2026-09-14 23:15:54.266,1855.154166666667
Pulse experiments,pioreactor01,2026-09-14T17:30:54.571Z,add_media,0.0776751765,UI,2026-09-14 23:15:54.571,1855.154166666667
Pulse experiments,pioreactor01,2026-09-14T17:30:54.767Z,remove_waste,0.0806626833,UI,2026-09-14 23:15:54.767,1855.154166666667
Pulse experiments,pioreactor01,2026-09-14T17:30:55.072Z,add_media,0.0776751765,UI,2026-09-14 23:15:55.072,1855.154444444444
Pulse experiments,pioreactor01,2026-09-14T17:30:55.267Z,remove_waste,0.0806626833,UI,2026-09-14 23:15:55.267,1855.154444444444
Pulse experiments,pioreactor01,2026-09-14T17:30:55.573Z,add_media,0.0776751765,UI,2026-09-14 23:15:55.573,1855.154444444444
Pulse experiments,pioreactor01,2026-09-14T17:30:55.770Z,remove_waste,0.0806626833,UI,2026-09-14 23:15:55.770,1855.154444444444
Pulse experiments,pioreactor01,2026-09-14T17:30:56.074Z,add_media,0.0776751765,UI,2026-09-14 23:15:56.074,1855.154722222222
Pulse experiments,pioreactor01,2026-09-14T17:30:56.271Z,remove_waste,0.0806626833,UI,2026-09-14 23:15:56.271,1855.154722222222
Pulse experiments,pioreactor01,2026-09-14T17:30:56.575Z,add_media,0.0776751765,UI,2026-09-14 23:15:56.575,1855.154722222222
Pulse experiments,pioreactor01,2026-09-14T17:30:56.772Z,remove_waste,0.0806626833,UI,2026-09-14 23:15:56.772,1855.154722222222
Pulse experiments,pioreactor01,2026-09-14T17:30:57.075Z,add_media,0.0776751765,UI,2026-09-14 23:15:57.075,1855.155
Pulse experiments,pioreactor01,2026-09-14T17:30:57.274Z,remove_waste,0.0806626833,UI,2026-09-14 23:15:57.274,1855.155
Pulse experiments,pioreactor01,2026-09-14T17:30:57.576Z,add_media,0.0776751765,UI,2026-09-14 23:15:57.576,1855.155
Pulse experiments,pioreactor01,2026-09-14T17:30:57.775Z,remove_waste,0.0806626833,UI,2026-09-14 23:15:57.775,1855.155
Pulse experiments,pioreactor01,2026-09-14T17:30:58.077Z,add_media,0.0776751765,UI,2026-09-14 23:15:58.077,1855.155277777778
Pulse experiments,pioreactor01,2026-09-14T17:30:58.276Z,remove_waste,0.0806626833,UI,2026-09-14 23:15:58.276,1855.155277777778
Pulse experiments,pioreactor01,2026-09-14T17:30:58.578Z,add_media,0.0776751765,UI,2026-09-14 23:15:58.578,1855.155277777778
Pulse experiments,pioreactor01,2026-09-14T17:30:58.778Z,remove_waste,0.0806626833,UI,2026-09-14 23:15:58.778,1855.155277777778
Pulse experiments,pioreactor01,2026-09-14T17:30:59.079Z,add_media,0.0776751765,UI,2026-09-14 23:15:59.079,1855.155555555556
Pulse experiments,pioreactor01,2026-09-14T17:30:59.279Z,remove_waste,0.0806626833,UI,2026-09-14 23:15:59.279,1855.155555555556
Pulse experiments,pioreactor01,2026-09-14T17:30:59.580Z,add_media,0.0776751765,UI,2026-09-14 23:15:59.580,1855.155555555556
Pulse experiments,pioreactor01,2026-09-14T17:30:59.782Z,remove_waste,0.0806626833,UI,2026-09-14 23:15:59.782,1855.155555555556
Pulse experiments,pioreactor01,2026-09-14T17:31:00.082Z,add_media,0.0776751765,UI,2026-09-14 23:16:00.082,1855.155833333333
Pulse experiments,pioreactor01,2026-09-14T17:31:00.282Z,remove_waste,0.0806626833,UI,2026-09-14 23:16:00.282,1855.155833333333
Pulse experiments,pioreactor01,2026-09-14T17:31:00.582Z,add_media,0.0776751765,UI,2026-09-14 23:16:00.582,1855.155833333333
Pulse experiments,pioreactor01,2026-09-14T17:31:00.784Z,remove_waste,0.0806626833,UI,2026-09-14 23:16:00.784,1855.155833333333
Pulse experiments,pioreactor01,2026-09-14T17:31:01.083Z,add_media,0.0776751765,UI,2026-09-14 23:16:01.083,1855.156111111111
Pulse experiments,pioreactor01,2026-09-14T17:31:01.285Z,remove_waste,0.0806626833,UI,2026-09-14 23:16:01.285,1855.156111111111
Pulse experiments,pioreactor01,2026-09-14T17:31:01.584Z,add_media,0.0776751765,UI,2026-09-14 23:16:01.584,1855.156111111111
Pulse experiments,pioreactor01,2026-09-14T17:31:01.785Z,remove_waste,0.0806626833,UI,2026-09-14 23:16:01.785,1855.156111111111
Pulse experiments,pioreactor01,2026-09-14T17:31:02.085Z,add_media,0.0776751765,UI,2026-09-14 23:16:02.085,1855.156388888889
Pulse experiments,pioreactor01,2026-09-14T17:31:02.288Z,remove_waste,0.0806626833,UI,2026-09-14 23:16:02.288,1855.156388888889
Pulse experiments,pioreactor01,2026-09-14T17:31:02.586Z,add_media,0.0776751765,UI,2026-09-14 23:16:02.586,1855.156388888889
Pulse experiments,pioreactor01,2026-09-14T17:31:02.789Z,remove_waste,0.0806626833,UI,2026-09-14 23:16:02.789,1855.156388888889
Pulse experiments,pioreactor01,2026-09-14T17:31:03.087Z,add_media,0.0776751765,UI,2026-09-14 23:16:03.087,1855.156666666667
Pulse experiments,pioreactor01,2026-09-14T17:31:03.290Z,remove_waste,0.0806626833,UI,2026-09-14 23:16:03.290,1855.156666666667
Pulse experiments,pioreactor01,2026-09-14T17:31:03.589Z,add_media,0.0776751765,UI,2026-09-14 23:16:03.589,1855.156666666667
Pulse experiments,pioreactor01,2026-09-14T17:31:03.791Z,remove_waste,0.0806626833,UI,2026-09-14 23:16:03.791,1855.156666666667
Pulse experiments,pioreactor01,2026-09-14T17:31:04.090Z,add_media,0.0776751765,UI,2026-09-14 23:16:04.090,1855.156944444444
Pulse experiments,pioreactor01,2026-09-14T17:31:04.291Z,remove_waste,0.0806626833,UI,2026-09-14 23:16:04.291,1855.156944444444
Pulse experiments,pioreactor01,2026-09-14T17:31:04.590Z,add_media,0.0776751765,UI,2026-09-14 23:16:04.590,1855.156944444444
Pulse experiments,pioreactor01,2026-09-14T17:31:04.793Z,remove_waste,0.0806626833,UI,2026-09-14 23:16:04.793,1855.156944444444
Pulse experiments,pioreactor01,2026-09-14T17:31:05.091Z,add_media,0.0776751765,UI,2026-09-14 23:16:05.091,1855.157222222222
Pulse experiments,pioreactor01,2026-09-14T17:31:05.293Z,remove_waste,0.0806626833,UI,2026-09-14 23:16:05.293,1855.157222222222
Pulse experiments,pioreactor01,2026-09-14T17:31:05.592Z,add_media,0.0776751765,UI,2026-09-14 23:16:05.592,1855.157222222222
Pulse experiments,pioreactor01,2026-09-14T17:31:05.794Z,remove_waste,0.0806626833,UI,2026-09-14 23:16:05.794,1855.157222222222
Pulse experiments,pioreactor01,2026-09-14T17:31:06.093Z,add_media,0.0776751765,UI,2026-09-14 23:16:06.093,1855.1575
Pulse experiments,pioreactor01,2026-09-14T17:31:06.296Z,remove_waste,0.0806626833,UI,2026-09-14 23:16:06.296,1855.1575
Pulse experiments,pioreactor01,2026-09-14T17:31:06.594Z,add_media,0.0776751765,UI,2026-09-14 23:16:06.594,1855.1575
Pulse experiments,pioreactor01,2026-09-14T17:31:06.796Z,remove_waste,0.0806626833,UI,2026-09-14 23:16:06.796,1855.1575
Pulse experiments,pioreactor01,2026-09-14T17:31:07.095Z,add_media,0.0776751765,UI,2026-09-14 23:16:07.095,1855.157777777778
Pulse experiments,pioreactor01,2026-09-14T17:31:07.297Z,remove_waste,0.0806626833,UI,2026-09-14 23:16:07.297,1855.157777777778
Pulse experiments,pioreactor01,2026-09-14T17:31:07.597Z,add_media,0.0776751765,UI,2026-09-14 23:16:07.597,1855.157777777778
Pulse experiments,pioreactor01,2026-09-14T17:31:07.798Z,remove_waste,0.0806626833,UI,2026-09-14 23:16:07.798,1855.157777777778
Pulse experiments,pioreactor01,2026-09-14T17:31:08.099Z,add_media,0.0776751765,UI,2026-09-14 23:16:08.099,1855.158055555556
Pulse experiments,pioreactor01,2026-09-14T17:31:08.299Z,remove_waste,0.0806626833,UI,2026-09-14 23:16:08.299,1855.158055555556
Pulse experiments,pioreactor01,2026-09-14T17:31:08.600Z,add_media,0.0776751765,UI,2026-09-14 23:16:08.600,1855.158055555556
Pulse experiments,pioreactor01,2026-09-14T17:31:08.800Z,remove_waste,0.0806626833,UI,2026-09-14 23:16:08.800,1855.158055555556
Pulse experiments,pioreactor01,2026-09-14T17:31:09.101Z,add_media,0.0776751765,UI,2026-09-14 23:16:09.101,1855.158333333333
Pulse experiments,pioreactor01,2026-09-14T17:31:09.300Z,remove_waste,0.0806626833,UI,2026-09-14 23:16:09.300,1855.158333333333
Pulse experiments,pioreactor01,2026-09-14T17:31:09.602Z,add_media,0.0776751765,UI,2026-09-14 23:16:09.602,1855.158333333333
Pulse experiments,pioreactor01,2026-09-14T17:31:09.801Z,remove_waste,0.0806626833,UI,2026-09-14 23:16:09.801,1855.158333333333
Pulse experiments,pioreactor01,2026-09-14T17:31:10.103Z,add_media,0.0776751765,UI,2026-09-14 23:16:10.103,1855.158611111111
Pulse experiments,pioreactor01,2026-09-14T17:31:10.302Z,remove_waste,0.0806626833,UI,2026-09-14 23:16:10.302,1855.158611111111
Pulse experiments,pioreactor01,2026-09-14T17:31:10.604Z,add_media,0.0776751765,UI,2026-09-14 23:16:10.604,1855.158611111111
Pulse experiments,pioreactor01,2026-09-14T17:31:10.802Z,remove_waste,0.0806626833,UI,2026-09-14 23:16:10.802,1855.158611111111
Pulse experiments,pioreactor01,2026-09-14T17:31:11.105Z,add_media,0.0776751765,UI,2026-09-14 23:16:11.105,1855.158888888889
Pulse experiments,pioreactor01,2026-09-14T17:31:11.304Z,remove_waste,0.0806626833,UI,2026-09-14 23:16:11.304,1855.158888888889
Pulse experiments,pioreactor01,2026-09-14T17:31:11.605Z,add_media,0.0776751765,UI,2026-09-14 23:16:11.605,1855.158888888889
Pulse experiments,pioreactor01,2026-09-14T17:31:11.805Z,remove_waste,0.0806626833,UI,2026-09-14 23:16:11.805,1855.158888888889
Pulse experiments,pioreactor01,2026-09-14T17:31:12.106Z,add_media,0.0776751765,UI,2026-09-14 23:16:12.106,1855.159166666667
Pulse experiments,pioreactor01,2026-09-14T17:31:12.305Z,remove_waste,0.0806626833,UI,2026-09-14 23:16:12.305,1855.159166666667
Pulse experiments,pioreactor01,2026-09-14T17:31:12.607Z,add_media,0.0776751765,UI,2026-09-14 23:16:12.607,1855.159166666667
Pulse experiments,pioreactor01,2026-09-14T17:31:12.806Z,remove_waste,0.0806626833,UI,2026-09-14 23:16:12.806,1855.159166666667
Pulse experiments,pioreactor01,2026-09-14T17:31:13.109Z,add_media,0.0776751765,UI,2026-09-14 23:16:13.109,1855.159444444444
Pulse experiments,pioreactor01,2026-09-14T17:31:13.308Z,remove_waste,0.0806626833,UI,2026-09-14 23:16:13.308,1855.159444444444
Pulse experiments,pioreactor01,2026-09-14T17:31:13.609Z,add_media,0.0776751765,UI,2026-09-14 23:16:13.609,1855.159444444444
Pulse experiments,pioreactor01,2026-09-14T17:31:13.809Z,remove_waste,0.0806626833,UI,2026-09-14 23:16:13.809,1855.159444444444
Pulse experiments,pioreactor01,2026-09-14T17:31:14.110Z,add_media,0.0776751765,UI,2026-09-14 23:16:14.110,1855.159722222222
Pulse experiments,pioreactor01,2026-09-14T17:31:14.310Z,remove_waste,0.0806626833,UI,2026-09-14 23:16:14.310,1855.159722222222
Pulse experiments,pioreactor01,2026-09-14T17:31:14.611Z,add_media,0.0776751765,UI,2026-09-14 23:16:14.611,1855.159722222222
Pulse experiments,pioreactor01,2026-09-14T17:31:14.810Z,remove_waste,0.0806626833,UI,2026-09-14 23:16:14.810,1855.159722222222
Pulse experiments,pioreactor01,2026-09-14T17:31:15.112Z,add_media,0.0776751765,UI,2026-09-14 23:16:15.112,1855.16
Pulse experiments,pioreactor01,2026-09-14T17:31:15.311Z,remove_waste,0.0806626833,UI,2026-09-14 23:16:15.311,1855.16
Pulse experiments,pioreactor01,2026-09-14T17:31:15.613Z,add_media,0.0776751765,UI,2026-09-14 23:16:15.613,1855.16
Pulse experiments,pioreactor01,2026-09-14T17:31:15.812Z,remove_waste,0.0806626833,UI,2026-09-14 23:16:15.812,1855.16
Pulse experiments,pioreactor01,2026-09-14T17:31:16.114Z,add_media,0.0776751765,UI,2026-09-14 23:16:16.114,1855.160277777778
Pulse experiments,pioreactor01,2026-09-14T17:31:16.313Z,remove_waste,0.0806626833,UI,2026-09-14 23:16:16.313,1855.160277777778
Pulse experiments,pioreactor01,2026-09-14T17:31:16.616Z,add_media,0.0776751765,UI,2026-09-14 23:16:16.616,1855.160277777778
Pulse experiments,pioreactor01,2026-09-14T17:31:16.814Z,remove_waste,0.0806626833,UI,2026-09-14 23:16:16.814,1855.160277777778
Pulse experiments,pioreactor01,2026-09-14T17:31:17.117Z,add_media,0.0776751765,UI,2026-09-14 23:16:17.117,1855.160555555555
Pulse experiments,pioreactor01,2026-09-14T17:31:17.315Z,remove_waste,0.0806626833,UI,2026-09-14 23:16:17.315,1855.160555555555
Pulse experiments,pioreactor01,2026-09-14T17:31:17.618Z,add_media,0.0776751765,UI,2026-09-14 23:16:17.618,1855.160555555555
Pulse experiments,pioreactor01,2026-09-14T17:31:17.816Z,remove_waste,0.0806626833,UI,2026-09-14 23:16:17.816,1855.160555555555
Pulse experiments,pioreactor01,2026-09-14T17:31:18.119Z,add_media,0.0776751765,UI,2026-09-14 23:16:18.119,1855.160833333333
Pulse experiments,pioreactor01,2026-09-14T17:31:18.317Z,remove_waste,0.0806626833,UI,2026-09-14 23:16:18.317,1855.160833333333
Pulse experiments,pioreactor01,2026-09-14T17:31:18.619Z,add_media,0.0776751765,UI,2026-09-14 23:16:18.619,1855.160833333333
Pulse experiments,pioreactor01,2026-09-14T17:31:18.818Z,remove_waste,0.0806626833,UI,2026-09-14 23:16:18.818,1855.160833333333
Pulse experiments,pioreactor01,2026-09-14T17:31:19.120Z,add_media,0.0776751765,UI,2026-09-14 23:16:19.120,1855.161111111111
Pulse experiments,pioreactor01,2026-09-14T17:31:19.319Z,remove_waste,0.0806626833,UI,2026-09-14 23:16:19.319,1855.161111111111
Pulse experiments,pioreactor01,2026-09-14T17:31:19.621Z,add_media,0.0776751765,UI,2026-09-14 23:16:19.621,1855.161111111111
Pulse experiments,pioreactor01,2026-09-14T17:31:19.820Z,remove_waste,0.0806626833,UI,2026-09-14 23:16:19.820,1855.161111111111
Pulse experiments,pioreactor01,2026-09-14T17:31:20.122Z,add_media,0.0776751765,UI,2026-09-14 23:16:20.122,1855.161388888889
Pulse experiments,pioreactor01,2026-09-14T17:31:20.321Z,remove_waste,0.0806626833,UI,2026-09-14 23:16:20.321,1855.161388888889
Pulse experiments,pioreactor01,2026-09-14T17:31:20.623Z,add_media,0.0776751765,UI,2026-09-14 23:16:20.623,1855.161388888889
Pulse experiments,pioreactor01,2026-09-14T17:31:20.821Z,remove_waste,0.0806626833,UI,2026-09-14 23:16:20.821,1855.161388888889
Pulse experiments,pioreactor01,2026-09-14T17:31:21.124Z,add_media,0.0776751765,UI,2026-09-14 23:16:21.124,1855.161666666667
Pulse experiments,pioreactor01,2026-09-14T17:31:21.322Z,remove_waste,0.0806626833,UI,2026-09-14 23:16:21.322,1855.161666666667
Pulse experiments,pioreactor01,2026-09-14T17:31:21.625Z,add_media,0.0776751765,UI,2026-09-14 23:16:21.625,1855.161666666667
Pulse experiments,pioreactor01,2026-09-14T17:31:21.824Z,remove_waste,0.0806626833,UI,2026-09-14 23:16:21.824,1855.161666666667
Pulse experiments,pioreactor01,2026-09-14T17:31:22.128Z,add_media,0.0776751765,UI,2026-09-14 23:16:22.128,1855.161944444445
Pulse experiments,pioreactor01,2026-09-14T17:31:22.324Z,remove_waste,0.0806626833,UI,2026-09-14 23:16:22.324,1855.161944444445
Pulse experiments,pioreactor01,2026-09-14T17:31:22.629Z,add_media,0.0776751765,UI,2026-09-14 23:16:22.629,1855.161944444445
Pulse experiments,pioreactor01,2026-09-14T17:31:22.825Z,remove_waste,0.0806626833,UI,2026-09-14 23:16:22.825,1855.161944444445
Pulse experiments,pioreactor01,2026-09-14T17:31:23.130Z,add_media,0.0776751765,UI,2026-09-14 23:16:23.130,1855.162222222222
Pulse experiments,pioreactor01,2026-09-14T17:31:23.326Z,remove_waste,0.0806626833,UI,2026-09-14 23:16:23.326,1855.162222222222
Pulse experiments,pioreactor01,2026-09-14T17:31:23.631Z,add_media,0.0776751765,UI,2026-09-14 23:16:23.631,1855.162222222222
Pulse experiments,pioreactor01,2026-09-14T17:31:23.829Z,remove_waste,0.0806626833,UI,2026-09-14 23:16:23.829,1855.162222222222
Pulse experiments,pioreactor01,2026-09-14T17:31:24.132Z,add_media,0.0776751765,UI,2026-09-14 23:16:24.132,1855.1625
Pulse experiments,pioreactor01,2026-09-14T17:31:24.332Z,remove_waste,0.0806626833,UI,2026-09-14 23:16:24.332,1855.1625
Pulse experiments,pioreactor01,2026-09-14T17:31:24.633Z,add_media,0.0776751765,UI,2026-09-14 23:16:24.633,1855.1625
Pulse experiments,pioreactor01,2026-09-14T17:31:24.834Z,remove_waste,0.0806626833,UI,2026-09-14 23:16:24.834,1855.1625
Pulse experiments,pioreactor01,2026-09-14T17:31:25.134Z,add_media,0.0776751765,UI,2026-09-14 23:16:25.134,1855.162777777778
Pulse experiments,pioreactor01,2026-09-14T17:31:25.335Z,remove_waste,0.0806626833,UI,2026-09-14 23:16:25.335,1855.162777777778
Pulse experiments,pioreactor01,2026-09-14T17:31:25.635Z,add_media,0.0776751765,UI,2026-09-14 23:16:25.635,1855.162777777778
Pulse experiments,pioreactor01,2026-09-14T17:31:25.836Z,remove_waste,0.0806626833,UI,2026-09-14 23:16:25.836,1855.162777777778
Pulse experiments,pioreactor01,2026-09-14T17:31:26.135Z,add_media,0.0776751765,UI,2026-09-14 23:16:26.135,1855.163055555556
Pulse experiments,pioreactor01,2026-09-14T17:31:26.337Z,remove_waste,0.0806626833,UI,2026-09-14 23:16:26.337,1855.163055555556
Pulse experiments,pioreactor01,2026-09-14T17:31:26.636Z,add_media,0.0776751765,UI,2026-09-14 23:16:26.636,1855.163055555556
Pulse experiments,pioreactor01,2026-09-14T17:31:26.838Z,remove_waste,0.0806626833,UI,2026-09-14 23:16:26.838,1855.163055555556
Pulse experiments,pioreactor01,2026-09-14T17:31:27.137Z,add_media,0.0776751765,UI,2026-09-14 23:16:27.137,1855.163333333333
Pulse experiments,pioreactor01,2026-09-14T17:31:27.338Z,remove_waste,0.0806626833,UI,2026-09-14 23:16:27.338,1855.163333333333
Pulse experiments,pioreactor01,2026-09-14T17:31:27.638Z,add_media,0.0776751765,UI,2026-09-14 23:16:27.638,1855.163333333333
Pulse experiments,pioreactor01,2026-09-14T17:31:27.839Z,remove_waste,0.0806626833,UI,2026-09-14 23:16:27.839,1855.163333333333
Pulse experiments,pioreactor01,2026-09-14T17:31:28.139Z,add_media,0.0776751765,UI,2026-09-14 23:16:28.139,1855.163611111111
Pulse experiments,pioreactor01,2026-09-14T17:31:28.340Z,remove_waste,0.0806626833,UI,2026-09-14 23:16:28.340,1855.163611111111
Pulse experiments,pioreactor01,2026-09-14T17:31:28.639Z,add_media,0.0776751765,UI,2026-09-14 23:16:28.639,1855.163611111111
Pulse experiments,pioreactor01,2026-09-14T17:31:28.841Z,remove_waste,0.0806626833,UI,2026-09-14 23:16:28.841,1855.163611111111
Pulse experiments,pioreactor01,2026-09-14T17:31:29.140Z,add_media,0.0776751765,UI,2026-09-14 23:16:29.140,1855.163888888889
Pulse experiments,pioreactor01,2026-09-14T17:31:29.342Z,remove_waste,0.0806626833,UI,2026-09-14 23:16:29.342,1855.163888888889
Pulse experiments,pioreactor01,2026-09-14T17:31:29.641Z,add_media,0.0776751765,UI,2026-09-14 23:16:29.641,1855.163888888889
Pulse experiments,pioreactor01,2026-09-14T17:31:29.843Z,remove_waste,0.0806626833,UI,2026-09-14 23:16:29.843,1855.163888888889
Pulse experiments,pioreactor01,2026-09-14T17:31:30.142Z,add_media,0.0776751765,UI,2026-09-14 23:16:30.142,1855.164166666667
Pulse experiments,pioreactor01,2026-09-14T17:31:30.344Z,remove_waste,0.0806626833,UI,2026-09-14 23:16:30.344,1855.164166666667
Pulse experiments,pioreactor01,2026-09-14T17:31:30.643Z,add_media,0.0776751765,UI,2026-09-14 23:16:30.643,1855.164166666667
Pulse experiments,pioreactor01,2026-09-14T17:31:30.845Z,remove_waste,0.0806626833,UI,2026-09-14 23:16:30.845,1855.164166666667
Pulse experiments,pioreactor01,2026-09-14T17:31:31.143Z,add_media,0.0776751765,UI,2026-09-14 23:16:31.143,1855.164444444444
Pulse experiments,pioreactor01,2026-09-14T17:31:31.346Z,remove_waste,0.0806626833,UI,2026-09-14 23:16:31.346,1855.164444444444
Pulse experiments,pioreactor01,2026-09-14T17:31:31.645Z,add_media,0.0776751765,UI,2026-09-14 23:16:31.645,1855.164444444444
Pulse experiments,pioreactor01,2026-09-14T17:31:31.848Z,remove_waste,0.0806626833,UI,2026-09-14 23:16:31.848,1855.164444444444
Pulse experiments,pioreactor01,2026-09-14T17:31:32.146Z,add_media,0.0776751765,UI,2026-09-14 23:16:32.146,1855.164722222222
Pulse experiments,pioreactor01,2026-09-14T17:31:32.348Z,remove_waste,0.0806626833,UI,2026-09-14 23:16:32.348,1855.164722222222
Pulse experiments,pioreactor01,2026-09-14T17:31:32.647Z,add_media,0.0776751765,UI,2026-09-14 23:16:32.647,1855.164722222222
Pulse experiments,pioreactor01,2026-09-14T17:31:32.849Z,remove_waste,0.0806626833,UI,2026-09-14 23:16:32.849,1855.164722222222
Pulse experiments,pioreactor01,2026-09-14T17:31:33.148Z,add_media,0.0776751765,UI,2026-09-14 23:16:33.148,1855.165
Pulse experiments,pioreactor01,2026-09-14T17:31:33.350Z,remove_waste,0.0806626833,UI,2026-09-14 23:16:33.350,1855.165
Pulse experiments,pioreactor01,2026-09-14T17:31:33.649Z,add_media,0.0776751765,UI,2026-09-14 23:16:33.649,1855.165
Pulse experiments,pioreactor01,2026-09-14T17:31:33.853Z,remove_waste,0.0806626833,UI,2026-09-14 23:16:33.853,1855.165
Pulse experiments,pioreactor01,2026-09-14T17:31:34.150Z,add_media,0.0776751765,UI,2026-09-14 23:16:34.150,1855.165277777778
Pulse experiments,pioreactor01,2026-09-14T17:31:34.355Z,remove_waste,0.0806626833,UI,2026-09-14 23:16:34.355,1855.165277777778
Pulse experiments,pioreactor01,2026-09-14T17:31:34.651Z,add_media,0.0776751765,UI,2026-09-14 23:16:34.651,1855.165277777778
Pulse experiments,pioreactor01,2026-09-14T17:31:34.856Z,remove_waste,0.0806626833,UI,2026-09-14 23:16:34.856,1855.165277777778
Pulse experiments,pioreactor01,2026-09-14T17:31:35.152Z,add_media,0.0776751765,UI,2026-09-14 23:16:35.152,1855.165555555556
Pulse experiments,pioreactor01,2026-09-14T17:31:35.358Z,remove_waste,0.0806626833,UI,2026-09-14 23:16:35.358,1855.165555555556
Pulse experiments,pioreactor01,2026-09-14T17:31:35.653Z,add_media,0.0776751765,UI,2026-09-14 23:16:35.653,1855.165555555556
Pulse experiments,pioreactor01,2026-09-14T17:31:35.860Z,remove_waste,0.0806626833,UI,2026-09-14 23:16:35.860,1855.165555555556
Pulse experiments,pioreactor01,2026-09-14T17:31:36.154Z,add_media,0.0776751765,UI,2026-09-14 23:16:36.154,1855.165833333333
Pulse experiments,pioreactor01,2026-09-14T17:31:36.362Z,remove_waste,0.0806626833,UI,2026-09-14 23:16:36.362,1855.165833333333
Pulse experiments,pioreactor01,2026-09-14T17:31:36.655Z,add_media,0.0776751765,UI,2026-09-14 23:16:36.655,1855.165833333333
Pulse experiments,pioreactor01,2026-09-14T17:31:36.864Z,remove_waste,0.0806626833,UI,2026-09-14 23:16:36.864,1855.165833333333
Pulse experiments,pioreactor01,2026-09-14T17:31:37.156Z,add_media,0.0776751765,UI,2026-09-14 23:16:37.156,1855.166111111111
Pulse experiments,pioreactor01,2026-09-14T17:31:37.365Z,remove_waste,0.0806626833,UI,2026-09-14 23:16:37.365,1855.166111111111
Pulse experiments,pioreactor01,2026-09-14T17:31:37.657Z,add_media,0.0776751765,UI,2026-09-14 23:16:37.657,1855.166111111111
Pulse experiments,pioreactor01,2026-09-14T17:31:37.869Z,remove_waste,0.0806626833,UI,2026-09-14 23:16:37.869,1855.166111111111
Pulse experiments,pioreactor01,2026-09-14T17:31:38.157Z,add_media,0.0776751765,UI,2026-09-14 23:16:38.157,1855.166388888889
Pulse experiments,pioreactor01,2026-09-14T17:31:38.369Z,remove_waste,0.0806626833,UI,2026-09-14 23:16:38.369,1855.166388888889
Pulse experiments,pioreactor01,2026-09-14T17:31:38.658Z,add_media,0.0776751765,UI,2026-09-14 23:16:38.658,1855.166388888889
Pulse experiments,pioreactor01,2026-09-14T17:31:38.870Z,remove_waste,0.0806626833,UI,2026-09-14 23:16:38.870,1855.166388888889
Pulse experiments,pioreactor01,2026-09-14T17:31:39.160Z,add_media,0.0776751765,UI,2026-09-14 23:16:39.160,1855.166666666667
Pulse experiments,pioreactor01,2026-09-14T17:31:39.371Z,remove_waste,0.0806626833,UI,2026-09-14 23:16:39.371,1855.166666666667
Pulse experiments,pioreactor01,2026-09-14T17:31:39.661Z,add_media,0.0776751765,UI,2026-09-14 23:16:39.661,1855.166666666667
Pulse experiments,pioreactor01,2026-09-14T17:31:39.872Z,remove_waste,0.0806626833,UI,2026-09-14 23:16:39.872,1855.166666666667
Pulse experiments,pioreactor01,2026-09-14T17:31:40.162Z,add_media,0.0776751765,UI,2026-09-14 23:16:40.162,1855.166944444444
Pulse experiments,pioreactor01,2026-09-14T17:31:40.372Z,remove_waste,0.0806626833,UI,2026-09-14 23:16:40.372,1855.166944444444
Pulse experiments,pioreactor01,2026-09-14T17:31:40.662Z,add_media,0.0776751765,UI,2026-09-14 23:16:40.662,1855.166944444444
Pulse experiments,pioreactor01,2026-09-14T17:31:40.873Z,remove_waste,0.0806626833,UI,2026-09-14 23:16:40.873,1855.166944444444
Pulse experiments,pioreactor01,2026-09-14T17:31:41.163Z,add_media,0.0776751765,UI,2026-09-14 23:16:41.163,1855.167222222222
Pulse experiments,pioreactor01,2026-09-14T17:31:41.374Z,remove_waste,0.0806626833,UI,2026-09-14 23:16:41.374,1855.167222222222
Pulse experiments,pioreactor01,2026-09-14T17:31:41.665Z,add_media,0.0776751765,UI,2026-09-14 23:16:41.665,1855.167222222222
Pulse experiments,pioreactor01,2026-09-14T17:31:41.877Z,remove_waste,0.0806626833,UI,2026-09-14 23:16:41.877,1855.167222222222
Pulse experiments,pioreactor01,2026-09-14T17:31:42.166Z,add_media,0.0776751765,UI,2026-09-14 23:16:42.166,1855.1675
Pulse experiments,pioreactor01,2026-09-14T17:31:42.377Z,remove_waste,0.0806626833,UI,2026-09-14 23:16:42.377,1855.1675
Pulse experiments,pioreactor01,2026-09-14T17:31:42.667Z,add_media,0.0776751765,UI,2026-09-14 23:16:42.667,1855.1675
Pulse experiments,pioreactor01,2026-09-14T17:31:42.878Z,remove_waste,0.0806626833,UI,2026-09-14 23:16:42.878,1855.1675
Pulse experiments,pioreactor01,2026-09-14T17:31:43.168Z,add_media,0.0776751765,UI,2026-09-14 23:16:43.168,1855.167777777778
Pulse experiments,pioreactor01,2026-09-14T17:31:43.379Z,remove_waste,0.0806626833,UI,2026-09-14 23:16:43.379,1855.167777777778
Pulse experiments,pioreactor01,2026-09-14T17:31:43.671Z,add_media,0.0776751765,UI,2026-09-14 23:16:43.671,1855.167777777778
Pulse experiments,pioreactor01,2026-09-14T17:31:43.879Z,remove_waste,0.0806626833,UI,2026-09-14 23:16:43.879,1855.167777777778
Pulse experiments,pioreactor01,2026-09-14T17:31:44.172Z,add_media,0.0776751765,UI,2026-09-14 23:16:44.172,1855.168055555556
Pulse experiments,pioreactor01,2026-09-14T17:31:44.380Z,remove_waste,0.0806626833,UI,2026-09-14 23:16:44.380,1855.168055555556
Pulse experiments,pioreactor01,2026-09-14T17:31:44.673Z,add_media,0.0776751765,UI,2026-09-14 23:16:44.673,1855.168055555556
Pulse experiments,pioreactor01,2026-09-14T17:31:44.881Z,remove_waste,0.0806626833,UI,2026-09-14 23:16:44.881,1855.168055555556
Pulse experiments,pioreactor01,2026-09-14T17:31:45.174Z,add_media,0.0776751765,UI,2026-09-14 23:16:45.174,1855.168333333333
Pulse experiments,pioreactor01,2026-09-14T17:31:45.383Z,remove_waste,0.0806626833,UI,2026-09-14 23:16:45.383,1855.168333333333
Pulse experiments,pioreactor01,2026-09-14T17:31:45.675Z,add_media,0.0776751765,UI,2026-09-14 23:16:45.675,1855.168333333333
Pulse experiments,pioreactor01,2026-09-14T17:31:45.884Z,remove_waste,0.0806626833,UI,2026-09-14 23:16:45.884,1855.168333333333
Pulse experiments,pioreactor01,2026-09-14T17:31:46.176Z,add_media,0.0776751765,UI,2026-09-14 23:16:46.176,1855.168611111111
Pulse experiments,pioreactor01,2026-09-14T17:31:46.385Z,remove_waste,0.0806626833,UI,2026-09-14 23:16:46.385,1855.168611111111
Pulse experiments,pioreactor01,2026-09-14T17:31:46.677Z,add_media,0.0776751765,UI,2026-09-14 23:16:46.677,1855.168611111111
Pulse experiments,pioreactor01,2026-09-14T17:31:46.886Z,remove_waste,0.0806626833,UI,2026-09-14 23:16:46.886,1855.168611111111
Pulse experiments,pioreactor01,2026-09-14T17:31:47.178Z,add_media,0.0776751765,UI,2026-09-14 23:16:47.178,1855.168888888889
Pulse experiments,pioreactor01,2026-09-14T17:31:47.387Z,remove_waste,0.0806626833,UI,2026-09-14 23:16:47.387,1855.168888888889
Pulse experiments,pioreactor01,2026-09-14T17:31:47.681Z,add_media,0.0776751765,UI,2026-09-14 23:16:47.681,1855.168888888889
Pulse experiments,pioreactor01,2026-09-14T17:31:47.891Z,remove_waste,0.0806626833,UI,2026-09-14 23:16:47.891,1855.168888888889
Pulse experiments,pioreactor01,2026-09-14T17:31:48.182Z,add_media,0.0776751765,UI,2026-09-14 23:16:48.182,1855.169166666667
Pulse experiments,pioreactor01,2026-09-14T17:31:48.393Z,remove_waste,0.0806626833,UI,2026-09-14 23:16:48.393,1855.169166666667
Pulse experiments,pioreactor01,2026-09-14T17:31:48.682Z,add_media,0.0776751765,UI,2026-09-14 23:16:48.682,1855.169166666667
Pulse experiments,pioreactor01,2026-09-14T17:31:48.894Z,remove_waste,0.0806626833,UI,2026-09-14 23:16:48.894,1855.169166666667
Pulse experiments,pioreactor01,2026-09-14T17:31:49.183Z,add_media,0.0776751765,UI,2026-09-14 23:16:49.183,1855.169444444444
Pulse experiments,pioreactor01,2026-09-14T17:31:49.395Z,remove_waste,0.0806626833,UI,2026-09-14 23:16:49.395,1855.169444444444
Pulse experiments,pioreactor01,2026-09-14T17:31:49.684Z,add_media,0.0776751765,UI,2026-09-14 23:16:49.684,1855.169444444444
Pulse experiments,pioreactor01,2026-09-14T17:31:49.896Z,remove_waste,0.0806626833,UI,2026-09-14 23:16:49.896,1855.169444444444
Pulse experiments,pioreactor01,2026-09-14T17:31:50.185Z,add_media,0.0776751765,UI,2026-09-14 23:16:50.185,1855.169722222222
Pulse experiments,pioreactor01,2026-09-14T17:31:50.397Z,remove_waste,0.0806626833,UI,2026-09-14 23:16:50.397,1855.169722222222
Pulse experiments,pioreactor01,2026-09-14T17:31:50.686Z,add_media,0.0776751765,UI,2026-09-14 23:16:50.686,1855.169722222222
Pulse experiments,pioreactor01,2026-09-14T17:31:50.898Z,remove_waste,0.0806626833,UI,2026-09-14 23:16:50.898,1855.169722222222
Pulse experiments,pioreactor01,2026-09-14T17:31:51.187Z,add_media,0.0776751765,UI,2026-09-14 23:16:51.187,1855.17
Pulse experiments,pioreactor01,2026-09-14T17:31:51.398Z,remove_waste,0.0806626833,UI,2026-09-14 23:16:51.398,1855.17
Pulse experiments,pioreactor01,2026-09-14T17:31:51.688Z,add_media,0.0776751765,UI,2026-09-14 23:16:51.688,1855.17
Pulse experiments,pioreactor01,2026-09-14T17:31:51.899Z,remove_waste,0.0806626833,UI,2026-09-14 23:16:51.899,1855.17
Pulse experiments,pioreactor01,2026-09-14T17:31:52.189Z,add_media,0.0776751765,UI,2026-09-14 23:16:52.189,1855.170277777778
Pulse experiments,pioreactor01,2026-09-14T17:31:52.400Z,remove_waste,0.0806626833,UI,2026-09-14 23:16:52.400,1855.170277777778
Pulse experiments,pioreactor01,2026-09-14T17:31:52.690Z,add_media,0.0776751765,UI,2026-09-14 23:16:52.690,1855.170277777778
Pulse experiments,pioreactor01,2026-09-14T17:31:52.900Z,remove_waste,0.0806626833,UI,2026-09-14 23:16:52.900,1855.170277777778
Pulse experiments,pioreactor01,2026-09-14T17:31:53.191Z,add_media,0.0776751765,UI,2026-09-14 23:16:53.191,1855.170555555556
Pulse experiments,pioreactor01,2026-09-14T17:31:53.401Z,remove_waste,0.0806626833,UI,2026-09-14 23:16:53.401,1855.170555555556
Pulse experiments,pioreactor01,2026-09-14T17:31:53.692Z,add_media,0.0776751765,UI,2026-09-14 23:16:53.692,1855.170555555556
Pulse experiments,pioreactor01,2026-09-14T17:31:53.902Z,remove_waste,0.0806626833,UI,2026-09-14 23:16:53.902,1855.170555555556
Pulse experiments,pioreactor01,2026-09-14T17:31:54.194Z,add_media,0.0776751765,UI,2026-09-14 23:16:54.194,1855.170833333333
Pulse experiments,pioreactor01,2026-09-14T17:31:54.403Z,remove_waste,0.0806626833,UI,2026-09-14 23:16:54.403,1855.170833333333
Pulse experiments,pioreactor01,2026-09-14T17:31:54.695Z,add_media,0.0776751765,UI,2026-09-14 23:16:54.695,1855.170833333333
Pulse experiments,pioreactor01,2026-09-14T17:31:54.904Z,remove_waste,0.0806626833,UI,2026-09-14 23:16:54.904,1855.170833333333
Pulse experiments,pioreactor01,2026-09-14T17:31:55.196Z,add_media,0.0776751765,UI,2026-09-14 23:16:55.196,1855.171111111111
Pulse experiments,pioreactor01,2026-09-14T17:31:55.405Z,remove_waste,0.0806626833,UI,2026-09-14 23:16:55.405,1855.171111111111
Pulse experiments,pioreactor01,2026-09-14T17:31:55.697Z,add_media,0.0776751765,UI,2026-09-14 23:16:55.697,1855.171111111111
Pulse experiments,pioreactor01,2026-09-14T17:31:55.906Z,remove_waste,0.0806626833,UI,2026-09-14 23:16:55.906,1855.171111111111
Pulse experiments,pioreactor01,2026-09-14T17:31:56.197Z,add_media,0.0776751765,UI,2026-09-14 23:16:56.197,1855.171388888889
Pulse experiments,pioreactor01,2026-09-14T17:31:56.406Z,remove_waste,0.0806626833,UI,2026-09-14 23:16:56.406,1855.171388888889
Pulse experiments,pioreactor01,2026-09-14T17:31:56.698Z,add_media,0.0776751765,UI,2026-09-14 23:16:56.698,1855.171388888889
Pulse experiments,pioreactor01,2026-09-14T17:31:56.907Z,remove_waste,0.0806626833,UI,2026-09-14 23:16:56.907,1855.171388888889
Pulse experiments,pioreactor01,2026-09-14T17:31:57.199Z,add_media,0.0776751765,UI,2026-09-14 23:16:57.199,1855.171666666667
Pulse experiments,pioreactor01,2026-09-14T17:31:57.408Z,remove_waste,0.0806626833,UI,2026-09-14 23:16:57.408,1855.171666666667
Pulse experiments,pioreactor01,2026-09-14T17:31:57.700Z,add_media,0.0776751765,UI,2026-09-14 23:16:57.700,1855.171666666667
Pulse experiments,pioreactor01,2026-09-14T17:31:57.909Z,remove_waste,0.0806626833,UI,2026-09-14 23:16:57.909,1855.171666666667
Pulse experiments,pioreactor01,2026-09-14T17:31:58.201Z,add_media,0.0776751765,UI,2026-09-14 23:16:58.201,1855.171944444445
Pulse experiments,pioreactor01,2026-09-14T17:31:58.410Z,remove_waste,0.0806626833,UI,2026-09-14 23:16:58.410,1855.171944444445
Pulse experiments,pioreactor01,2026-09-14T17:31:58.702Z,add_media,0.0776751765,UI,2026-09-14 23:16:58.702,1855.171944444445
Pulse experiments,pioreactor01,2026-09-14T17:31:58.913Z,remove_waste,0.0806626833,UI,2026-09-14 23:16:58.913,1855.171944444445
Pulse experiments,pioreactor01,2026-09-14T17:31:59.203Z,add_media,0.0776751765,UI,2026-09-14 23:16:59.203,1855.172222222222
Pulse experiments,pioreactor01,2026-09-14T17:31:59.414Z,remove_waste,0.0806626833,UI,2026-09-14 23:16:59.414,1855.172222222222
Pulse experiments,pioreactor01,2026-09-14T17:31:59.704Z,add_media,0.0776751765,UI,2026-09-14 23:16:59.704,1855.172222222222
Pulse experiments,pioreactor01,2026-09-14T17:31:59.915Z,remove_waste,0.0806626833,UI,2026-09-14 23:16:59.915,1855.172222222222
Pulse experiments,pioreactor01,2026-09-14T17:32:00.205Z,add_media,0.0776751765,UI,2026-09-14 23:17:00.205,1855.1725
Pulse experiments,pioreactor01,2026-09-14T17:32:00.417Z,remove_waste,0.0806626833,UI,2026-09-14 23:17:00.417,1855.1725
Pulse experiments,pioreactor01,2026-09-14T17:32:00.706Z,add_media,0.0776751765,UI,2026-09-14 23:17:00.706,1855.1725
Pulse experiments,pioreactor01,2026-09-14T17:32:00.918Z,remove_waste,0.0806626833,UI,2026-09-14 23:17:00.918,1855.1725
Pulse experiments,pioreactor01,2026-09-14T17:32:01.207Z,add_media,0.0776751765,UI,2026-09-14 23:17:01.207,1855.172777777778
Pulse experiments,pioreactor01,2026-09-14T17:32:01.419Z,remove_waste,0.0806626833,UI,2026-09-14 23:17:01.419,1855.172777777778
Pulse experiments,pioreactor01,2026-09-14T17:32:01.708Z,add_media,0.0776751765,UI,2026-09-14 23:17:01.708,1855.172777777778
Pulse experiments,pioreactor01,2026-09-14T17:32:01.920Z,remove_waste,0.0806626833,UI,2026-09-14 23:17:01.920,1855.172777777778
Pulse experiments,pioreactor01,2026-09-14T17:32:02.213Z,add_media,0.0776751765,UI,2026-09-14 23:17:02.213,1855.173055555555
Pulse experiments,pioreactor01,2026-09-14T17:32:02.420Z,remove_waste,0.0806626833,UI,2026-09-14 23:17:02.420,1855.173055555555
Pulse experiments,pioreactor01,2026-09-14T17:32:02.714Z,add_media,0.0776751765,UI,2026-09-14 23:17:02.714,1855.173055555555
Pulse experiments,pioreactor01,2026-09-14T17:32:02.921Z,remove_waste,0.0806626833,UI,2026-09-14 23:17:02.921,1855.173055555555
Pulse experiments,pioreactor01,2026-09-14T17:32:03.215Z,add_media,0.0776751765,UI,2026-09-14 23:17:03.215,1855.173333333333
Pulse experiments,pioreactor01,2026-09-14T17:32:03.422Z,remove_waste,0.0806626833,UI,2026-09-14 23:17:03.422,1855.173333333333
Pulse experiments,pioreactor01,2026-09-14T17:32:03.716Z,add_media,0.0776751765,UI,2026-09-14 23:17:03.716,1855.173333333333
Pulse experiments,pioreactor01,2026-09-14T17:32:03.923Z,remove_waste,0.0806626833,UI,2026-09-14 23:17:03.923,1855.173333333333
Pulse experiments,pioreactor01,2026-09-14T17:32:04.217Z,add_media,0.0776751765,UI,2026-09-14 23:17:04.217,1855.173611111111
Pulse experiments,pioreactor01,2026-09-14T17:32:04.424Z,remove_waste,0.0806626833,UI,2026-09-14 23:17:04.424,1855.173611111111
Pulse experiments,pioreactor01,2026-09-14T17:32:04.718Z,add_media,0.0776751765,UI,2026-09-14 23:17:04.718,1855.173611111111
Pulse experiments,pioreactor01,2026-09-14T17:32:04.925Z,remove_waste,0.0806626833,UI,2026-09-14 23:17:04.925,1855.173611111111
Pulse experiments,pioreactor01,2026-09-14T17:32:05.219Z,add_media,0.0776751765,UI,2026-09-14 23:17:05.219,1855.173888888889
Pulse experiments,pioreactor01,2026-09-14T17:32:05.426Z,remove_waste,0.0806626833,UI,2026-09-14 23:17:05.426,1855.173888888889
Pulse experiments,pioreactor01,2026-09-14T17:32:05.720Z,add_media,0.0776751765,UI,2026-09-14 23:17:05.720,1855.173888888889
Pulse experiments,pioreactor01,2026-09-14T17:32:05.927Z,remove_waste,0.0806626833,UI,2026-09-14 23:17:05.927,1855.173888888889
Pulse experiments,pioreactor01,2026-09-14T17:32:06.221Z,add_media,0.0776751765,UI,2026-09-14 23:17:06.221,1855.174166666667
Pulse experiments,pioreactor01,2026-09-14T17:32:06.428Z,remove_waste,0.0806626833,UI,2026-09-14 23:17:06.428,1855.174166666667
Pulse experiments,pioreactor01,2026-09-14T17:32:06.722Z,add_media,0.0776751765,UI,2026-09-14 23:17:06.722,1855.174166666667
Pulse experiments,pioreactor01,2026-09-14T17:32:06.929Z,remove_waste,0.0806626833,UI,2026-09-14 23:17:06.929,1855.174166666667
Pulse experiments,pioreactor01,2026-09-14T17:32:07.222Z,add_media,0.0776751765,UI,2026-09-14 23:17:07.222,1855.174444444444
Pulse experiments,pioreactor01,2026-09-14T17:32:07.430Z,remove_waste,0.0806626833,UI,2026-09-14 23:17:07.430,1855.174444444444
Pulse experiments,pioreactor01,2026-09-14T17:32:07.723Z,add_media,0.0776751765,UI,2026-09-14 23:17:07.723,1855.174444444444
Pulse experiments,pioreactor01,2026-09-14T17:32:07.931Z,remove_waste,0.0806626833,UI,2026-09-14 23:17:07.931,1855.174444444444
Pulse experiments,pioreactor01,2026-09-14T17:32:08.225Z,add_media,0.0776751765,UI,2026-09-14 23:17:08.225,1855.174722222222
Pulse experiments,pioreactor01,2026-09-14T17:32:08.432Z,remove_waste,0.0806626833,UI,2026-09-14 23:17:08.432,1855.174722222222
Pulse experiments,pioreactor01,2026-09-14T17:32:08.726Z,add_media,0.0776751765,UI,2026-09-14 23:17:08.726,1855.174722222222
Pulse experiments,pioreactor01,2026-09-14T17:32:08.933Z,remove_waste,0.0806626833,UI,2026-09-14 23:17:08.933,1855.174722222222
Pulse experiments,pioreactor01,2026-09-14T17:32:09.227Z,add_media,0.0776751765,UI,2026-09-14 23:17:09.227,1855.175
Pulse experiments,pioreactor01,2026-09-14T17:32:09.433Z,remove_waste,0.0806626833,UI,2026-09-14 23:17:09.433,1855.175
Pulse experiments,pioreactor01,2026-09-14T17:32:09.729Z,add_media,0.0776751765,UI,2026-09-14 23:17:09.729,1855.175
Pulse experiments,pioreactor01,2026-09-14T17:32:09.934Z,remove_waste,0.0806626833,UI,2026-09-14 23:17:09.934,1855.175
Pulse experiments,pioreactor01,2026-09-14T17:32:10.230Z,add_media,0.0776751765,UI,2026-09-14 23:17:10.230,1855.175277777778
Pulse experiments,pioreactor01,2026-09-14T17:32:10.435Z,remove_waste,0.0806626833,UI,2026-09-14 23:17:10.435,1855.175277777778
Pulse experiments,pioreactor01,2026-09-14T17:32:10.731Z,add_media,0.0776751765,UI,2026-09-14 23:17:10.731,1855.175277777778
Pulse experiments,pioreactor01,2026-09-14T17:32:10.936Z,remove_waste,0.0806626833,UI,2026-09-14 23:17:10.936,1855.175277777778
Pulse experiments,pioreactor01,2026-09-14T17:32:11.232Z,add_media,0.0776751765,UI,2026-09-14 23:17:11.232,1855.175555555556
Pulse experiments,pioreactor01,2026-09-14T17:32:11.437Z,remove_waste,0.0806626833,UI,2026-09-14 23:17:11.437,1855.175555555556
Pulse experiments,pioreactor01,2026-09-14T17:32:11.733Z,add_media,0.0776751765,UI,2026-09-14 23:17:11.733,1855.175555555556
Pulse experiments,pioreactor01,2026-09-14T17:32:11.938Z,remove_waste,0.0806626833,UI,2026-09-14 23:17:11.938,1855.175555555556
Pulse experiments,pioreactor01,2026-09-14T17:32:12.234Z,add_media,0.0776751765,UI,2026-09-14 23:17:12.234,1855.175833333333
Pulse experiments,pioreactor01,2026-09-14T17:32:12.439Z,remove_waste,0.0806626833,UI,2026-09-14 23:17:12.439,1855.175833333333
Pulse experiments,pioreactor01,2026-09-14T17:32:12.735Z,add_media,0.0776751765,UI,2026-09-14 23:17:12.735,1855.175833333333
Pulse experiments,pioreactor01,2026-09-14T17:32:12.940Z,remove_waste,0.0806626833,UI,2026-09-14 23:17:12.940,1855.175833333333
Pulse experiments,pioreactor01,2026-09-14T17:32:13.236Z,add_media,0.0776751765,UI,2026-09-14 23:17:13.236,1855.176111111111
Pulse experiments,pioreactor01,2026-09-14T17:32:13.441Z,remove_waste,0.0806626833,UI,2026-09-14 23:17:13.441,1855.176111111111
Pulse experiments,pioreactor01,2026-09-14T17:32:13.737Z,add_media,0.0776751765,UI,2026-09-14 23:17:13.737,1855.176111111111
Pulse experiments,pioreactor01,2026-09-14T17:32:13.944Z,remove_waste,0.0806626833,UI,2026-09-14 23:17:13.944,1855.176111111111
Pulse experiments,pioreactor01,2026-09-14T17:32:14.239Z,add_media,0.0776751765,UI,2026-09-14 23:17:14.239,1855.176388888889
Pulse experiments,pioreactor01,2026-09-14T17:32:14.444Z,remove_waste,0.0806626833,UI,2026-09-14 23:17:14.444,1855.176388888889
Pulse experiments,pioreactor01,2026-09-14T17:32:14.740Z,add_media,0.0776751765,UI,2026-09-14 23:17:14.740,1855.176388888889
Pulse experiments,pioreactor01,2026-09-14T17:32:14.945Z,remove_waste,0.0806626833,UI,2026-09-14 23:17:14.945,1855.176388888889
Pulse experiments,pioreactor01,2026-09-14T17:32:15.241Z,add_media,0.0776751765,UI,2026-09-14 23:17:15.241,1855.176666666667
Pulse experiments,pioreactor01,2026-09-14T17:32:15.446Z,remove_waste,0.0806626833,UI,2026-09-14 23:17:15.446,1855.176666666667
Pulse experiments,pioreactor01,2026-09-14T17:32:15.742Z,add_media,0.0776751765,UI,2026-09-14 23:17:15.742,1855.176666666667
Pulse experiments,pioreactor01,2026-09-14T17:32:15.947Z,remove_waste,0.0806626833,UI,2026-09-14 23:17:15.947,1855.176666666667
Pulse experiments,pioreactor01,2026-09-14T17:32:16.244Z,add_media,0.0776751765,UI,2026-09-14 23:17:16.244,1855.176944444444
Pulse experiments,pioreactor01,2026-09-14T17:32:16.448Z,remove_waste,0.0806626833,UI,2026-09-14 23:17:16.448,1855.176944444444
Pulse experiments,pioreactor01,2026-09-14T17:32:16.746Z,add_media,0.0776751765,UI,2026-09-14 23:17:16.746,1855.176944444444
Pulse experiments,pioreactor01,2026-09-14T17:32:16.949Z,remove_waste,0.0806626833,UI,2026-09-14 23:17:16.949,1855.176944444444
Pulse experiments,pioreactor01,2026-09-14T17:32:17.246Z,add_media,0.0776751765,UI,2026-09-14 23:17:17.246,1855.177222222222
Pulse experiments,pioreactor01,2026-09-14T17:32:17.450Z,remove_waste,0.0806626833,UI,2026-09-14 23:17:17.450,1855.177222222222
Pulse experiments,pioreactor01,2026-09-14T17:32:17.747Z,add_media,0.0776751765,UI,2026-09-14 23:17:17.747,1855.177222222222
Pulse experiments,pioreactor01,2026-09-14T17:32:17.950Z,remove_waste,0.0806626833,UI,2026-09-14 23:17:17.950,1855.177222222222
Pulse experiments,pioreactor01,2026-09-14T17:32:18.248Z,add_media,0.0776751765,UI,2026-09-14 23:17:18.248,1855.1775
Pulse experiments,pioreactor01,2026-09-14T17:32:18.451Z,remove_waste,0.0806626833,UI,2026-09-14 23:17:18.451,1855.1775
Pulse experiments,pioreactor01,2026-09-14T17:32:18.748Z,add_media,0.0776751765,UI,2026-09-14 23:17:18.748,1855.1775
Pulse experiments,pioreactor01,2026-09-14T17:32:18.952Z,remove_waste,0.0806626833,UI,2026-09-14 23:17:18.952,1855.1775
Pulse experiments,pioreactor01,2026-09-14T17:32:19.249Z,add_media,0.0776751765,UI,2026-09-14 23:17:19.249,1855.177777777778
Pulse experiments,pioreactor01,2026-09-14T17:32:19.454Z,remove_waste,0.0806626833,UI,2026-09-14 23:17:19.454,1855.177777777778
Pulse experiments,pioreactor01,2026-09-14T17:32:19.750Z,add_media,0.0776751765,UI,2026-09-14 23:17:19.750,1855.177777777778
Pulse experiments,pioreactor01,2026-09-14T17:32:19.955Z,remove_waste,0.0806626833,UI,2026-09-14 23:17:19.955,1855.177777777778
Pulse experiments,pioreactor01,2026-09-14T17:32:20.251Z,add_media,0.0776751765,UI,2026-09-14 23:17:20.251,1855.178055555556
Pulse experiments,pioreactor01,2026-09-14T17:32:20.456Z,remove_waste,0.0806626833,UI,2026-09-14 23:17:20.456,1855.178055555556
Pulse experiments,pioreactor01,2026-09-14T17:32:20.752Z,add_media,0.0776751765,UI,2026-09-14 23:17:20.752,1855.178055555556
Pulse experiments,pioreactor01,2026-09-14T17:32:20.957Z,remove_waste,0.0806626833,UI,2026-09-14 23:17:20.957,1855.178055555556
Pulse experiments,pioreactor01,2026-09-14T17:32:21.253Z,add_media,0.0776751765,UI,2026-09-14 23:17:21.253,1855.178333333333
Pulse experiments,pioreactor01,2026-09-14T17:32:21.458Z,remove_waste,0.0806626833,UI,2026-09-14 23:17:21.458,1855.178333333333
Pulse experiments,pioreactor01,2026-09-14T17:32:21.753Z,add_media,0.0776751765,UI,2026-09-14 23:17:21.753,1855.178333333333
Pulse experiments,pioreactor01,2026-09-14T17:32:21.959Z,remove_waste,0.0806626833,UI,2026-09-14 23:17:21.959,1855.178333333333
Pulse experiments,pioreactor01,2026-09-14T17:32:22.254Z,add_media,0.0776751765,UI,2026-09-14 23:17:22.254,1855.178611111111
Pulse experiments,pioreactor01,2026-09-14T17:32:22.460Z,remove_waste,0.0806626833,UI,2026-09-14 23:17:22.460,1855.178611111111
Pulse experiments,pioreactor01,2026-09-14T17:32:22.755Z,add_media,0.0776751765,UI,2026-09-14 23:17:22.755,1855.178611111111
Pulse experiments,pioreactor01,2026-09-14T17:32:22.961Z,remove_waste,0.0806626833,UI,2026-09-14 23:17:22.961,1855.178611111111
Pulse experiments,pioreactor01,2026-09-14T17:32:23.256Z,add_media,0.0776751765,UI,2026-09-14 23:17:23.256,1855.178888888889
Pulse experiments,pioreactor01,2026-09-14T17:32:23.461Z,remove_waste,0.0806626833,UI,2026-09-14 23:17:23.461,1855.178888888889
Pulse experiments,pioreactor01,2026-09-14T17:32:23.764Z,add_media,0.0776751765,UI,2026-09-14 23:17:23.764,1855.178888888889
Pulse experiments,pioreactor01,2026-09-14T17:32:23.962Z,remove_waste,0.0806626833,UI,2026-09-14 23:17:23.962,1855.178888888889
Pulse experiments,pioreactor01,2026-09-14T17:32:24.265Z,add_media,0.0776751765,UI,2026-09-14 23:17:24.265,1855.179166666667
Pulse experiments,pioreactor01,2026-09-14T17:32:24.463Z,remove_waste,0.0806626833,UI,2026-09-14 23:17:24.463,1855.179166666667
Pulse experiments,pioreactor01,2026-09-14T17:32:24.766Z,add_media,0.0776751765,UI,2026-09-14 23:17:24.766,1855.179166666667
Pulse experiments,pioreactor01,2026-09-14T17:32:24.964Z,remove_waste,0.0806626833,UI,2026-09-14 23:17:24.964,1855.179166666667
Pulse experiments,pioreactor01,2026-09-14T17:32:25.267Z,add_media,0.0776751765,UI,2026-09-14 23:17:25.267,1855.179444444444
Pulse experiments,pioreactor01,2026-09-14T17:32:25.464Z,remove_waste,0.0806626833,UI,2026-09-14 23:17:25.464,1855.179444444444
Pulse experiments,pioreactor01,2026-09-14T17:32:25.768Z,add_media,0.0776751765,UI,2026-09-14 23:17:25.768,1855.179444444444
Pulse experiments,pioreactor01,2026-09-14T17:32:25.966Z,remove_waste,0.0806626833,UI,2026-09-14 23:17:25.966,1855.179444444444
Pulse experiments,pioreactor01,2026-09-14T17:32:26.269Z,add_media,0.0776751765,UI,2026-09-14 23:17:26.269,1855.179722222222
Pulse experiments,pioreactor01,2026-09-14T17:32:26.466Z,remove_waste,0.0806626833,UI,2026-09-14 23:17:26.466,1855.179722222222
Pulse experiments,pioreactor01,2026-09-14T17:32:26.770Z,add_media,0.0776751765,UI,2026-09-14 23:17:26.770,1855.179722222222
Pulse experiments,pioreactor01,2026-09-14T17:32:26.967Z,remove_waste,0.0806626833,UI,2026-09-14 23:17:26.967,1855.179722222222
Pulse experiments,pioreactor01,2026-09-14T17:32:27.271Z,add_media,0.0776751765,UI,2026-09-14 23:17:27.271,1855.18
Pulse experiments,pioreactor01,2026-09-14T17:32:27.469Z,remove_waste,0.0806626833,UI,2026-09-14 23:17:27.469,1855.18
Pulse experiments,pioreactor01,2026-09-14T17:32:27.772Z,add_media,0.0776751765,UI,2026-09-14 23:17:27.772,1855.18
Pulse experiments,pioreactor01,2026-09-14T17:32:27.970Z,remove_waste,0.0806626833,UI,2026-09-14 23:17:27.970,1855.18
Pulse experiments,pioreactor01,2026-09-14T17:32:28.273Z,add_media,0.0776751765,UI,2026-09-14 23:17:28.273,1855.180277777778
Pulse experiments,pioreactor01,2026-09-14T17:32:28.471Z,remove_waste,0.0806626833,UI,2026-09-14 23:17:28.471,1855.180277777778
Pulse experiments,pioreactor01,2026-09-14T17:32:28.775Z,add_media,0.0776751765,UI,2026-09-14 23:17:28.775,1855.180277777778
Pulse experiments,pioreactor01,2026-09-14T17:32:28.972Z,remove_waste,0.0806626833,UI,2026-09-14 23:17:28.972,1855.180277777778
Pulse experiments,pioreactor01,2026-09-14T17:32:29.275Z,add_media,0.0776751765,UI,2026-09-14 23:17:29.275,1855.180555555556
Pulse experiments,pioreactor01,2026-09-14T17:32:29.473Z,remove_waste,0.0806626833,UI,2026-09-14 23:17:29.473,1855.180555555556
Pulse experiments,pioreactor01,2026-09-14T17:32:29.776Z,add_media,0.0776751765,UI,2026-09-14 23:17:29.776,1855.180555555556
Pulse experiments,pioreactor01,2026-09-14T17:32:29.973Z,remove_waste,0.0806626833,UI,2026-09-14 23:17:29.973,1855.180555555556
Pulse experiments,pioreactor01,2026-09-14T17:32:30.277Z,add_media,0.0776751765,UI,2026-09-14 23:17:30.277,1855.180833333333
Pulse experiments,pioreactor01,2026-09-14T17:32:30.474Z,remove_waste,0.0806626833,UI,2026-09-14 23:17:30.474,1855.180833333333
Pulse experiments,pioreactor01,2026-09-14T17:32:30.779Z,add_media,0.0776751765,UI,2026-09-14 23:17:30.779,1855.180833333333
Pulse experiments,pioreactor01,2026-09-14T17:32:30.975Z,remove_waste,0.0806626833,UI,2026-09-14 23:17:30.975,1855.180833333333
Pulse experiments,pioreactor01,2026-09-14T17:32:31.280Z,add_media,0.0776751765,UI,2026-09-14 23:17:31.280,1855.181111111111
Pulse experiments,pioreactor01,2026-09-14T17:32:31.476Z,remove_waste,0.0806626833,UI,2026-09-14 23:17:31.476,1855.181111111111
Pulse experiments,pioreactor01,2026-09-14T17:32:31.781Z,add_media,0.0776751765,UI,2026-09-14 23:17:31.781,1855.181111111111
Pulse experiments,pioreactor01,2026-09-14T17:32:31.977Z,remove_waste,0.0806626833,UI,2026-09-14 23:17:31.977,1855.181111111111
Pulse experiments,pioreactor01,2026-09-14T17:32:32.281Z,add_media,0.0776751765,UI,2026-09-14 23:17:32.281,1855.181388888889
Pulse experiments,pioreactor01,2026-09-14T17:32:32.478Z,remove_waste,0.0806626833,UI,2026-09-14 23:17:32.478,1855.181388888889
Pulse experiments,pioreactor01,2026-09-14T17:32:32.782Z,add_media,0.0776751765,UI,2026-09-14 23:17:32.782,1855.181388888889
Pulse experiments,pioreactor01,2026-09-14T17:32:32.978Z,remove_waste,0.0806626833,UI,2026-09-14 23:17:32.978,1855.181388888889
Pulse experiments,pioreactor01,2026-09-14T17:32:33.283Z,add_media,0.0776751765,UI,2026-09-14 23:17:33.283,1855.181666666667
Pulse experiments,pioreactor01,2026-09-14T17:32:33.479Z,remove_waste,0.0806626833,UI,2026-09-14 23:17:33.479,1855.181666666667
Pulse experiments,pioreactor01,2026-09-14T17:32:33.784Z,add_media,0.0776751765,UI,2026-09-14 23:17:33.784,1855.181666666667
Pulse experiments,pioreactor01,2026-09-14T17:32:33.980Z,remove_waste,0.0806626833,UI,2026-09-14 23:17:33.980,1855.181666666667
Pulse experiments,pioreactor01,2026-09-14T17:32:34.285Z,add_media,0.0776751765,UI,2026-09-14 23:17:34.285,1855.181944444445
Pulse experiments,pioreactor01,2026-09-14T17:32:34.481Z,remove_waste,0.0806626833,UI,2026-09-14 23:17:34.481,1855.181944444445
Pulse experiments,pioreactor01,2026-09-14T17:32:34.786Z,add_media,0.0776751765,UI,2026-09-14 23:17:34.786,1855.181944444445
Pulse experiments,pioreactor01,2026-09-14T17:32:34.982Z,remove_waste,0.0806626833,UI,2026-09-14 23:17:34.982,1855.181944444445
Pulse experiments,pioreactor01,2026-09-14T17:32:35.286Z,add_media,0.0776751765,UI,2026-09-14 23:17:35.286,1855.182222222222
Pulse experiments,pioreactor01,2026-09-14T17:32:35.483Z,remove_waste,0.0806626833,UI,2026-09-14 23:17:35.483,1855.182222222222
Pulse experiments,pioreactor01,2026-09-14T17:32:35.788Z,add_media,0.0776751765,UI,2026-09-14 23:17:35.788,1855.182222222222
Pulse experiments,pioreactor01,2026-09-14T17:32:35.984Z,remove_waste,0.0806626833,UI,2026-09-14 23:17:35.984,1855.182222222222
Pulse experiments,pioreactor01,2026-09-14T17:32:36.289Z,add_media,0.0776751765,UI,2026-09-14 23:17:36.289,1855.1825
Pulse experiments,pioreactor01,2026-09-14T17:32:36.485Z,remove_waste,0.0806626833,UI,2026-09-14 23:17:36.485,1855.1825
Pulse experiments,pioreactor01,2026-09-14T17:32:36.790Z,add_media,0.0776751765,UI,2026-09-14 23:17:36.790,1855.1825
Pulse experiments,pioreactor01,2026-09-14T17:32:36.985Z,remove_waste,0.0806626833,UI,2026-09-14 23:17:36.985,1855.1825
Pulse experiments,pioreactor01,2026-09-14T17:32:37.291Z,add_media,0.0776751765,UI,2026-09-14 23:17:37.291,1855.182777777778
Pulse experiments,pioreactor01,2026-09-14T17:32:37.486Z,remove_waste,0.0806626833,UI,2026-09-14 23:17:37.486,1855.182777777778
Pulse experiments,pioreactor01,2026-09-14T17:32:37.792Z,add_media,0.0776751765,UI,2026-09-14 23:17:37.792,1855.182777777778
Pulse experiments,pioreactor01,2026-09-14T17:32:37.987Z,remove_waste,0.0806626833,UI,2026-09-14 23:17:37.987,1855.182777777778
Pulse experiments,pioreactor01,2026-09-14T17:32:38.292Z,add_media,0.0776751765,UI,2026-09-14 23:17:38.292,1855.183055555555
Pulse experiments,pioreactor01,2026-09-14T17:32:38.488Z,remove_waste,0.0806626833,UI,2026-09-14 23:17:38.488,1855.183055555555
Pulse experiments,pioreactor01,2026-09-14T17:32:38.793Z,add_media,0.0776751765,UI,2026-09-14 23:17:38.793,1855.183055555555
Pulse experiments,pioreactor01,2026-09-14T17:32:38.990Z,remove_waste,0.0806626833,UI,2026-09-14 23:17:38.990,1855.183055555555
Pulse experiments,pioreactor01,2026-09-14T17:32:39.295Z,add_media,0.0776751765,UI,2026-09-14 23:17:39.295,1855.183333333333
Pulse experiments,pioreactor01,2026-09-14T17:32:39.491Z,remove_waste,0.0806626833,UI,2026-09-14 23:17:39.491,1855.183333333333
Pulse experiments,pioreactor01,2026-09-14T17:32:39.796Z,add_media,0.0776751765,UI,2026-09-14 23:17:39.796,1855.183333333333
Pulse experiments,pioreactor01,2026-09-14T17:32:39.991Z,remove_waste,0.0806626833,UI,2026-09-14 23:17:39.991,1855.183333333333
Pulse experiments,pioreactor01,2026-09-14T17:32:40.297Z,add_media,0.0776751765,UI,2026-09-14 23:17:40.297,1855.183611111111
Pulse experiments,pioreactor01,2026-09-14T17:32:40.494Z,remove_waste,0.0806626833,UI,2026-09-14 23:17:40.494,1855.183611111111
Pulse experiments,pioreactor01,2026-09-14T17:32:40.797Z,add_media,0.0776751765,UI,2026-09-14 23:17:40.797,1855.183611111111
Pulse experiments,pioreactor01,2026-09-14T17:32:40.996Z,remove_waste,0.0806626833,UI,2026-09-14 23:17:40.996,1855.183611111111
Pulse experiments,pioreactor01,2026-09-14T17:32:41.300Z,add_media,0.0776751765,UI,2026-09-14 23:17:41.300,1855.183888888889
Pulse experiments,pioreactor01,2026-09-14T17:32:41.496Z,remove_waste,0.0806626833,UI,2026-09-14 23:17:41.496,1855.183888888889
Pulse experiments,pioreactor01,2026-09-14T17:32:41.801Z,add_media,0.0776751765,UI,2026-09-14 23:17:41.801,1855.183888888889
Pulse experiments,pioreactor01,2026-09-14T17:32:41.997Z,remove_waste,0.0806626833,UI,2026-09-14 23:17:41.997,1855.183888888889
Pulse experiments,pioreactor01,2026-09-14T17:32:42.302Z,add_media,0.0776751765,UI,2026-09-14 23:17:42.302,1855.184166666667
Pulse experiments,pioreactor01,2026-09-14T17:32:42.498Z,remove_waste,0.0806626833,UI,2026-09-14 23:17:42.498,1855.184166666667
Pulse experiments,pioreactor01,2026-09-14T17:32:42.803Z,add_media,0.0776751765,UI,2026-09-14 23:17:42.803,1855.184166666667
Pulse experiments,pioreactor01,2026-09-14T17:32:42.999Z,remove_waste,0.0806626833,UI,2026-09-14 23:17:42.999,1855.184166666667
Pulse experiments,pioreactor01,2026-09-14T17:32:43.304Z,add_media,0.0776751765,UI,2026-09-14 23:17:43.304,1855.184444444444
Pulse experiments,pioreactor01,2026-09-14T17:32:43.499Z,remove_waste,0.0806626833,UI,2026-09-14 23:17:43.499,1855.184444444444
Pulse experiments,pioreactor01,2026-09-14T17:32:43.806Z,add_media,0.0776751765,UI,2026-09-14 23:17:43.806,1855.184444444444
Pulse experiments,pioreactor01,2026-09-14T17:32:44.000Z,remove_waste,0.0806626833,UI,2026-09-14 23:17:44.000,1855.184722222222
Pulse experiments,pioreactor01,2026-09-14T17:32:44.307Z,add_media,0.0776751765,UI,2026-09-14 23:17:44.307,1855.184722222222
Pulse experiments,pioreactor01,2026-09-14T17:32:44.501Z,remove_waste,0.0806626833,UI,2026-09-14 23:17:44.501,1855.184722222222
Pulse experiments,pioreactor01,2026-09-14T17:32:44.808Z,add_media,0.0776751765,UI,2026-09-14 23:17:44.808,1855.184722222222
Pulse experiments,pioreactor01,2026-09-14T17:32:45.001Z,remove_waste,0.0806626833,UI,2026-09-14 23:17:45.001,1855.185
Pulse experiments,pioreactor01,2026-09-14T17:32:45.309Z,add_media,0.0776751765,UI,2026-09-14 23:17:45.309,1855.185
Pulse experiments,pioreactor01,2026-09-14T17:32:45.502Z,remove_waste,0.0806626833,UI,2026-09-14 23:17:45.502,1855.185
Pulse experiments,pioreactor01,2026-09-14T17:32:45.810Z,add_media,0.0776751765,UI,2026-09-14 23:17:45.810,1855.185
Pulse experiments,pioreactor01,2026-09-14T17:32:46.004Z,remove_waste,0.0806626833,UI,2026-09-14 23:17:46.004,1855.185277777778
Pulse experiments,pioreactor01,2026-09-14T17:32:46.311Z,add_media,0.0776751765,UI,2026-09-14 23:17:46.311,1855.185277777778
Pulse experiments,pioreactor01,2026-09-14T17:32:46.504Z,remove_waste,0.0806626833,UI,2026-09-14 23:17:46.504,1855.185277777778
Pulse experiments,pioreactor01,2026-09-14T17:32:46.812Z,add_media,0.0776751765,UI,2026-09-14 23:17:46.812,1855.185277777778
Pulse experiments,pioreactor01,2026-09-14T17:32:47.005Z,remove_waste,0.0806626833,UI,2026-09-14 23:17:47.005,1855.185555555556
Pulse experiments,pioreactor01,2026-09-14T17:32:47.313Z,add_media,0.0776751765,UI,2026-09-14 23:17:47.313,1855.185555555556
Pulse experiments,pioreactor01,2026-09-14T17:32:47.506Z,remove_waste,0.0806626833,UI,2026-09-14 23:17:47.506,1855.185555555556
Pulse experiments,pioreactor01,2026-09-14T17:32:47.814Z,add_media,0.0776751765,UI,2026-09-14 23:17:47.814,1855.185555555556
Pulse experiments,pioreactor01,2026-09-14T17:32:48.007Z,remove_waste,0.0806626833,UI,2026-09-14 23:17:48.007,1855.185833333333
Pulse experiments,pioreactor01,2026-09-14T17:32:48.315Z,add_media,0.0776751765,UI,2026-09-14 23:17:48.315,1855.185833333333
Pulse experiments,pioreactor01,2026-09-14T17:32:48.507Z,remove_waste,0.0806626833,UI,2026-09-14 23:17:48.507,1855.185833333333
Pulse experiments,pioreactor01,2026-09-14T17:32:48.816Z,add_media,0.0776751765,UI,2026-09-14 23:17:48.816,1855.185833333333
Pulse experiments,pioreactor01,2026-09-14T17:32:49.008Z,remove_waste,0.0806626833,UI,2026-09-14 23:17:49.008,1855.186111111111
Pulse experiments,pioreactor01,2026-09-14T17:32:49.317Z,add_media,0.0776751765,UI,2026-09-14 23:17:49.317,1855.186111111111
Pulse experiments,pioreactor01,2026-09-14T17:32:49.509Z,remove_waste,0.0806626833,UI,2026-09-14 23:17:49.509,1855.186111111111
Pulse experiments,pioreactor01,2026-09-14T17:32:49.818Z,add_media,0.0776751765,UI,2026-09-14 23:17:49.818,1855.186111111111
Pulse experiments,pioreactor01,2026-09-14T17:32:50.011Z,remove_waste,0.0806626833,UI,2026-09-14 23:17:50.011,1855.186388888889
Pulse experiments,pioreactor01,2026-09-14T17:32:50.319Z,add_media,0.0776751765,UI,2026-09-14 23:17:50.319,1855.186388888889
Pulse experiments,pioreactor01,2026-09-14T17:32:50.512Z,remove_waste,0.0806626833,UI,2026-09-14 23:17:50.512,1855.186388888889
Pulse experiments,pioreactor01,2026-09-14T17:32:50.820Z,add_media,0.0776751765,UI,2026-09-14 23:17:50.820,1855.186388888889
Pulse experiments,pioreactor01,2026-09-14T17:32:51.013Z,remove_waste,0.0806626833,UI,2026-09-14 23:17:51.013,1855.186666666667
Pulse experiments,pioreactor01,2026-09-14T17:32:51.323Z,add_media,0.0776751765,UI,2026-09-14 23:17:51.323,1855.186666666667
Pulse experiments,pioreactor01,2026-09-14T17:32:51.514Z,remove_waste,0.0806626833,UI,2026-09-14 23:17:51.514,1855.186666666667
Pulse experiments,pioreactor01,2026-09-14T17:32:51.824Z,add_media,0.0776751765,UI,2026-09-14 23:17:51.824,1855.186666666667
Pulse experiments,pioreactor01,2026-09-14T17:32:52.015Z,remove_waste,0.0806626833,UI,2026-09-14 23:17:52.015,1855.186944444444
Pulse experiments,pioreactor01,2026-09-14T17:32:52.325Z,add_media,0.0776751765,UI,2026-09-14 23:17:52.325,1855.186944444444
Pulse experiments,pioreactor01,2026-09-14T17:32:52.516Z,remove_waste,0.0806626833,UI,2026-09-14 23:17:52.516,1855.186944444444
Pulse experiments,pioreactor01,2026-09-14T17:32:52.826Z,add_media,0.0776751765,UI,2026-09-14 23:17:52.826,1855.186944444444
Pulse experiments,pioreactor01,2026-09-14T17:32:53.018Z,remove_waste,0.0806626833,UI,2026-09-14 23:17:53.018,1855.187222222222
Pulse experiments,pioreactor01,2026-09-14T17:32:53.327Z,add_media,0.0776751765,UI,2026-09-14 23:17:53.327,1855.187222222222
Pulse experiments,pioreactor01,2026-09-14T17:32:53.520Z,remove_waste,0.0806626833,UI,2026-09-14 23:17:53.520,1855.187222222222
Pulse experiments,pioreactor01,2026-09-14T17:32:53.828Z,add_media,0.0776751765,UI,2026-09-14 23:17:53.828,1855.187222222222
Pulse experiments,pioreactor01,2026-09-14T17:32:54.020Z,remove_waste,0.0806626833,UI,2026-09-14 23:17:54.020,1855.1875
Pulse experiments,pioreactor01,2026-09-14T17:32:54.329Z,add_media,0.0776751765,UI,2026-09-14 23:17:54.329,1855.1875
Pulse experiments,pioreactor01,2026-09-14T17:32:54.521Z,remove_waste,0.0806626833,UI,2026-09-14 23:17:54.521,1855.1875
Pulse experiments,pioreactor01,2026-09-14T17:32:54.830Z,add_media,0.0776751765,UI,2026-09-14 23:17:54.830,1855.1875
Pulse experiments,pioreactor01,2026-09-14T17:32:55.022Z,remove_waste,0.0806626833,UI,2026-09-14 23:17:55.022,1855.187777777778
Pulse experiments,pioreactor01,2026-09-14T17:32:55.331Z,add_media,0.0776751765,UI,2026-09-14 23:17:55.331,1855.187777777778
Pulse experiments,pioreactor01,2026-09-14T17:32:55.523Z,remove_waste,0.0806626833,UI,2026-09-14 23:17:55.523,1855.187777777778
Pulse experiments,pioreactor01,2026-09-14T17:32:55.831Z,add_media,0.0776751765,UI,2026-09-14 23:17:55.831,1855.187777777778
Pulse experiments,pioreactor01,2026-09-14T17:32:56.024Z,remove_waste,0.0806626833,UI,2026-09-14 23:17:56.024,1855.188055555556
Pulse experiments,pioreactor01,2026-09-14T17:32:56.332Z,add_media,0.0776751765,UI,2026-09-14 23:17:56.332,1855.188055555556
Pulse experiments,pioreactor01,2026-09-14T17:32:56.525Z,remove_waste,0.0806626833,UI,2026-09-14 23:17:56.525,1855.188055555556
Pulse experiments,pioreactor01,2026-09-14T17:32:56.834Z,add_media,0.0776751765,UI,2026-09-14 23:17:56.834,1855.188055555556
Pulse experiments,pioreactor01,2026-09-14T17:32:57.027Z,remove_waste,0.0806626833,UI,2026-09-14 23:17:57.027,1855.188333333333
Pulse experiments,pioreactor01,2026-09-14T17:32:57.336Z,add_media,0.0776751765,UI,2026-09-14 23:17:57.336,1855.188333333333
Pulse experiments,pioreactor01,2026-09-14T17:32:57.528Z,remove_waste,0.0806626833,UI,2026-09-14 23:17:57.528,1855.188333333333
Pulse experiments,pioreactor01,2026-09-14T17:32:57.836Z,add_media,0.0776751765,UI,2026-09-14 23:17:57.836,1855.188333333333
Pulse experiments,pioreactor01,2026-09-14T17:32:58.029Z,remove_waste,0.0806626833,UI,2026-09-14 23:17:58.029,1855.188611111111
Pulse experiments,pioreactor01,2026-09-14T17:32:58.338Z,add_media,0.0776751765,UI,2026-09-14 23:17:58.338,1855.188611111111
Pulse experiments,pioreactor01,2026-09-14T17:32:58.530Z,remove_waste,0.0806626833,UI,2026-09-14 23:17:58.530,1855.188611111111
Pulse experiments,pioreactor01,2026-09-14T17:32:58.839Z,add_media,0.0776751765,UI,2026-09-14 23:17:58.839,1855.188611111111
Pulse experiments,pioreactor01,2026-09-14T17:32:59.031Z,remove_waste,0.0806626833,UI,2026-09-14 23:17:59.031,1855.188888888889
Pulse experiments,pioreactor01,2026-09-14T17:32:59.340Z,add_media,0.0776751765,UI,2026-09-14 23:17:59.340,1855.188888888889
Pulse experiments,pioreactor01,2026-09-14T17:32:59.532Z,remove_waste,0.0806626833,UI,2026-09-14 23:17:59.532,1855.188888888889
Pulse experiments,pioreactor01,2026-09-14T17:32:59.842Z,add_media,0.0776751765,UI,2026-09-14 23:17:59.842,1855.188888888889
Pulse experiments,pioreactor01,2026-09-14T17:33:00.033Z,remove_waste,0.0806626833,UI,2026-09-14 23:18:00.033,1855.189166666667
Pulse experiments,pioreactor01,2026-09-14T17:33:00.344Z,add_media,0.0776751765,UI,2026-09-14 23:18:00.344,1855.189166666667
Pulse experiments,pioreactor01,2026-09-14T17:33:00.534Z,remove_waste,0.0806626833,UI,2026-09-14 23:18:00.534,1855.189166666667
Pulse experiments,pioreactor01,2026-09-14T17:33:00.845Z,add_media,0.0776751765,UI,2026-09-14 23:18:00.845,1855.189166666667
Pulse experiments,pioreactor01,2026-09-14T17:33:01.035Z,remove_waste,0.0806626833,UI,2026-09-14 23:18:01.035,1855.189444444444
Pulse experiments,pioreactor01,2026-09-14T17:33:01.345Z,add_media,0.0776751765,UI,2026-09-14 23:18:01.345,1855.189444444444
Pulse experiments,pioreactor01,2026-09-14T17:33:01.536Z,remove_waste,0.0806626833,UI,2026-09-14 23:18:01.536,1855.189444444444
Pulse experiments,pioreactor01,2026-09-14T17:33:01.847Z,add_media,0.0776751765,UI,2026-09-14 23:18:01.847,1855.189444444444
Pulse experiments,pioreactor01,2026-09-14T17:33:02.037Z,remove_waste,0.0806626833,UI,2026-09-14 23:18:02.037,1855.189722222222
Pulse experiments,pioreactor01,2026-09-14T17:33:02.348Z,add_media,0.0776751765,UI,2026-09-14 23:18:02.348,1855.189722222222
Pulse experiments,pioreactor01,2026-09-14T17:33:02.538Z,remove_waste,0.0806626833,UI,2026-09-14 23:18:02.538,1855.189722222222
Pulse experiments,pioreactor01,2026-09-14T17:33:02.848Z,add_media,0.0776751765,UI,2026-09-14 23:18:02.848,1855.189722222222
Pulse experiments,pioreactor01,2026-09-14T17:33:03.038Z,remove_waste,0.0806626833,UI,2026-09-14 23:18:03.038,1855.19
Pulse experiments,pioreactor01,2026-09-14T17:33:03.349Z,add_media,0.0776751765,UI,2026-09-14 23:18:03.349,1855.19
Pulse experiments,pioreactor01,2026-09-14T17:33:03.539Z,remove_waste,0.0806626833,UI,2026-09-14 23:18:03.539,1855.19
Pulse experiments,pioreactor01,2026-09-14T17:33:03.850Z,add_media,0.0776751765,UI,2026-09-14 23:18:03.850,1855.19
Pulse experiments,pioreactor01,2026-09-14T17:33:04.041Z,remove_waste,0.0806626833,UI,2026-09-14 23:18:04.041,1855.190277777778
Pulse experiments,pioreactor01,2026-09-14T17:33:04.351Z,add_media,0.0776751765,UI,2026-09-14 23:18:04.351,1855.190277777778
Pulse experiments,pioreactor01,2026-09-14T17:33:04.542Z,remove_waste,0.0806626833,UI,2026-09-14 23:18:04.542,1855.190277777778
Pulse experiments,pioreactor01,2026-09-14T17:33:04.852Z,add_media,0.0776751765,UI,2026-09-14 23:18:04.852,1855.190277777778
Pulse experiments,pioreactor01,2026-09-14T17:33:05.043Z,remove_waste,0.0806626833,UI,2026-09-14 23:18:05.043,1855.190555555556
Pulse experiments,pioreactor01,2026-09-14T17:33:05.354Z,add_media,0.0776751765,UI,2026-09-14 23:18:05.354,1855.190555555556
Pulse experiments,pioreactor01,2026-09-14T17:33:05.545Z,remove_waste,0.0806626833,UI,2026-09-14 23:18:05.545,1855.190555555556
Pulse experiments,pioreactor01,2026-09-14T17:33:05.855Z,add_media,0.0776751765,UI,2026-09-14 23:18:05.855,1855.190555555556
Pulse experiments,pioreactor01,2026-09-14T17:33:06.046Z,remove_waste,0.0806626833,UI,2026-09-14 23:18:06.046,1855.190833333333
Pulse experiments,pioreactor01,2026-09-14T17:33:06.356Z,add_media,0.0776751765,UI,2026-09-14 23:18:06.356,1855.190833333333
Pulse experiments,pioreactor01,2026-09-14T17:33:06.547Z,remove_waste,0.0806626833,UI,2026-09-14 23:18:06.547,1855.190833333333
Pulse experiments,pioreactor01,2026-09-14T17:33:06.857Z,add_media,0.0776751765,UI,2026-09-14 23:18:06.857,1855.190833333333
Pulse experiments,pioreactor01,2026-09-14T17:33:07.048Z,remove_waste,0.0806626833,UI,2026-09-14 23:18:07.048,1855.191111111111
Pulse experiments,pioreactor01,2026-09-14T17:33:07.358Z,add_media,0.0776751765,UI,2026-09-14 23:18:07.358,1855.191111111111
Pulse experiments,pioreactor01,2026-09-14T17:33:07.551Z,remove_waste,0.0806626833,UI,2026-09-14 23:18:07.551,1855.191111111111
Pulse experiments,pioreactor01,2026-09-14T17:33:07.858Z,add_media,0.0776751765,UI,2026-09-14 23:18:07.858,1855.191111111111
Pulse experiments,pioreactor01,2026-09-14T17:33:08.052Z,remove_waste,0.0806626833,UI,2026-09-14 23:18:08.052,1855.191388888889
Pulse experiments,pioreactor01,2026-09-14T17:33:08.359Z,add_media,0.0776751765,UI,2026-09-14 23:18:08.359,1855.191388888889
Pulse experiments,pioreactor01,2026-09-14T17:33:08.554Z,remove_waste,0.0806626833,UI,2026-09-14 23:18:08.554,1855.191388888889
Pulse experiments,pioreactor01,2026-09-14T17:33:08.860Z,add_media,0.0776751765,UI,2026-09-14 23:18:08.860,1855.191388888889
Pulse experiments,pioreactor01,2026-09-14T17:33:09.058Z,remove_waste,0.0806626833,UI,2026-09-14 23:18:09.058,1855.191666666667
Pulse experiments,pioreactor01,2026-09-14T17:33:09.361Z,add_media,0.0776751765,UI,2026-09-14 23:18:09.361,1855.191666666667
Pulse experiments,pioreactor01,2026-09-14T17:33:09.559Z,remove_waste,0.0806626833,UI,2026-09-14 23:18:09.559,1855.191666666667
Pulse experiments,pioreactor01,2026-09-14T17:33:09.861Z,add_media,0.0776751765,UI,2026-09-14 23:18:09.861,1855.191666666667
Pulse experiments,pioreactor01,2026-09-14T17:33:10.060Z,remove_waste,0.0806626833,UI,2026-09-14 23:18:10.060,1855.191944444445
Pulse experiments,pioreactor01,2026-09-14T17:33:10.362Z,add_media,0.0776751765,UI,2026-09-14 23:18:10.362,1855.191944444445
Pulse experiments,pioreactor01,2026-09-14T17:33:10.561Z,remove_waste,0.0806626833,UI,2026-09-14 23:18:10.561,1855.191944444445
Pulse experiments,pioreactor01,2026-09-14T17:33:10.864Z,add_media,0.0776751765,UI,2026-09-14 23:18:10.864,1855.191944444445
Pulse experiments,pioreactor01,2026-09-14T17:33:11.062Z,remove_waste,0.0806626833,UI,2026-09-14 23:18:11.062,1855.192222222222
Pulse experiments,pioreactor01,2026-09-14T17:33:11.365Z,add_media,0.0776751765,UI,2026-09-14 23:18:11.365,1855.192222222222
Pulse experiments,pioreactor01,2026-09-14T17:33:11.563Z,remove_waste,0.0806626833,UI,2026-09-14 23:18:11.563,1855.192222222222
Pulse experiments,pioreactor01,2026-09-14T17:33:11.866Z,add_media,0.0776751765,UI,2026-09-14 23:18:11.866,1855.192222222222
Pulse experiments,pioreactor01,2026-09-14T17:33:12.063Z,remove_waste,0.0806626833,UI,2026-09-14 23:18:12.063,1855.1925
Pulse experiments,pioreactor01,2026-09-14T17:33:12.367Z,add_media,0.0776751765,UI,2026-09-14 23:18:12.367,1855.1925
Pulse experiments,pioreactor01,2026-09-14T17:33:12.564Z,remove_waste,0.0806626833,UI,2026-09-14 23:18:12.564,1855.1925
Pulse experiments,pioreactor01,2026-09-14T17:33:12.868Z,add_media,0.0776751765,UI,2026-09-14 23:18:12.868,1855.1925
Pulse experiments,pioreactor01,2026-09-14T17:33:13.065Z,remove_waste,0.0806626833,UI,2026-09-14 23:18:13.065,1855.192777777778
Pulse experiments,pioreactor01,2026-09-14T17:33:13.368Z,add_media,0.0776751765,UI,2026-09-14 23:18:13.368,1855.192777777778
Pulse experiments,pioreactor01,2026-09-14T17:33:13.566Z,remove_waste,0.0806626833,UI,2026-09-14 23:18:13.566,1855.192777777778
Pulse experiments,pioreactor01,2026-09-14T17:33:13.870Z,add_media,0.0776751765,UI,2026-09-14 23:18:13.870,1855.192777777778
Pulse experiments,pioreactor01,2026-09-14T17:33:14.067Z,remove_waste,0.0806626833,UI,2026-09-14 23:18:14.067,1855.193055555555
Pulse experiments,pioreactor01,2026-09-14T17:33:14.371Z,add_media,0.0776751765,UI,2026-09-14 23:18:14.371,1855.193055555555
Pulse experiments,pioreactor01,2026-09-14T17:33:14.568Z,remove_waste,0.0806626833,UI,2026-09-14 23:18:14.568,1855.193055555555
Pulse experiments,pioreactor01,2026-09-14T17:33:14.871Z,add_media,0.0776751765,UI,2026-09-14 23:18:14.871,1855.193055555555
Pulse experiments,pioreactor01,2026-09-14T17:33:15.071Z,remove_waste,0.0806626833,UI,2026-09-14 23:18:15.071,1855.193333333333
Pulse experiments,pioreactor01,2026-09-14T17:33:15.372Z,add_media,0.0776751765,UI,2026-09-14 23:18:15.372,1855.193333333333
Pulse experiments,pioreactor01,2026-09-14T17:33:15.571Z,remove_waste,0.0806626833,UI,2026-09-14 23:18:15.571,1855.193333333333
Pulse experiments,pioreactor01,2026-09-14T17:33:15.873Z,add_media,0.0776751765,UI,2026-09-14 23:18:15.873,1855.193333333333
Pulse experiments,pioreactor01,2026-09-14T17:33:16.072Z,remove_waste,0.0806626833,UI,2026-09-14 23:18:16.072,1855.193611111111
Pulse experiments,pioreactor01,2026-09-14T17:33:16.375Z,add_media,0.0776751765,UI,2026-09-14 23:18:16.375,1855.193611111111
Pulse experiments,pioreactor01,2026-09-14T17:33:16.573Z,remove_waste,0.0806626833,UI,2026-09-14 23:18:16.573,1855.193611111111
Pulse experiments,pioreactor01,2026-09-14T17:33:16.876Z,add_media,0.0776751765,UI,2026-09-14 23:18:16.876,1855.193611111111
Pulse experiments,pioreactor01,2026-09-14T17:33:17.074Z,remove_waste,0.0806626833,UI,2026-09-14 23:18:17.074,1855.193888888889
Pulse experiments,pioreactor01,2026-09-14T17:33:17.376Z,add_media,0.0776751765,UI,2026-09-14 23:18:17.376,1855.193888888889
Pulse experiments,pioreactor01,2026-09-14T17:33:17.575Z,remove_waste,0.0806626833,UI,2026-09-14 23:18:17.575,1855.193888888889
Pulse experiments,pioreactor01,2026-09-14T17:33:17.879Z,add_media,0.0776751765,UI,2026-09-14 23:18:17.879,1855.193888888889
Pulse experiments,pioreactor01,2026-09-14T17:33:18.076Z,remove_waste,0.0806626833,UI,2026-09-14 23:18:18.076,1855.194166666667
Pulse experiments,pioreactor01,2026-09-14T17:33:18.380Z,add_media,0.0776751765,UI,2026-09-14 23:18:18.380,1855.194166666667
Pulse experiments,pioreactor01,2026-09-14T17:33:18.578Z,remove_waste,0.0806626833,UI,2026-09-14 23:18:18.578,1855.194166666667
Pulse experiments,pioreactor01,2026-09-14T17:33:18.881Z,add_media,0.0776751765,UI,2026-09-14 23:18:18.881,1855.194166666667
Pulse experiments,pioreactor01,2026-09-14T17:33:19.079Z,remove_waste,0.0806626833,UI,2026-09-14 23:18:19.079,1855.194444444444
Pulse experiments,pioreactor01,2026-09-14T17:33:19.382Z,add_media,0.0776751765,UI,2026-09-14 23:18:19.382,1855.194444444444
Pulse experiments,pioreactor01,2026-09-14T17:33:19.580Z,remove_waste,0.0806626833,UI,2026-09-14 23:18:19.580,1855.194444444444
Pulse experiments,pioreactor01,2026-09-14T17:33:19.884Z,add_media,0.0776751765,UI,2026-09-14 23:18:19.884,1855.194444444444
Pulse experiments,pioreactor01,2026-09-14T17:33:20.081Z,remove_waste,0.0806626833,UI,2026-09-14 23:18:20.081,1855.194722222222
Pulse experiments,pioreactor01,2026-09-14T17:33:20.384Z,add_media,0.0776751765,UI,2026-09-14 23:18:20.384,1855.194722222222
Pulse experiments,pioreactor01,2026-09-14T17:33:20.582Z,remove_waste,0.0806626833,UI,2026-09-14 23:18:20.582,1855.194722222222
Pulse experiments,pioreactor01,2026-09-14T17:33:20.885Z,add_media,0.0776751765,UI,2026-09-14 23:18:20.885,1855.194722222222
Pulse experiments,pioreactor01,2026-09-14T17:33:21.083Z,remove_waste,0.0806626833,UI,2026-09-14 23:18:21.083,1855.195
Pulse experiments,pioreactor01,2026-09-14T17:33:21.386Z,add_media,0.0776751765,UI,2026-09-14 23:18:21.386,1855.195
Pulse experiments,pioreactor01,2026-09-14T17:33:21.584Z,remove_waste,0.0806626833,UI,2026-09-14 23:18:21.584,1855.195
Pulse experiments,pioreactor01,2026-09-14T17:33:21.887Z,add_media,0.0776751765,UI,2026-09-14 23:18:21.887,1855.195
Pulse experiments,pioreactor01,2026-09-14T17:33:22.085Z,remove_waste,0.0806626833,UI,2026-09-14 23:18:22.085,1855.195277777778
Pulse experiments,pioreactor01,2026-09-14T17:33:22.388Z,add_media,0.0776751765,UI,2026-09-14 23:18:22.388,1855.195277777778
Pulse experiments,pioreactor01,2026-09-14T17:33:22.587Z,remove_waste,0.0806626833,UI,2026-09-14 23:18:22.587,1855.195277777778
Pulse experiments,pioreactor01,2026-09-14T17:33:22.889Z,add_media,0.0776751765,UI,2026-09-14 23:18:22.889,1855.195277777778
Pulse experiments,pioreactor01,2026-09-14T17:33:23.088Z,remove_waste,0.0806626833,UI,2026-09-14 23:18:23.088,1855.195555555556
Pulse experiments,pioreactor01,2026-09-14T17:33:23.394Z,add_media,0.0776751765,UI,2026-09-14 23:18:23.394,1855.195555555556
Pulse experiments,pioreactor01,2026-09-14T17:33:23.588Z,remove_waste,0.0806626833,UI,2026-09-14 23:18:23.588,1855.195555555556
Pulse experiments,pioreactor01,2026-09-14T17:33:23.895Z,add_media,0.0776751765,UI,2026-09-14 23:18:23.895,1855.195555555556
Pulse experiments,pioreactor01,2026-09-14T17:33:24.090Z,remove_waste,0.0806626833,UI,2026-09-14 23:18:24.090,1855.195833333333
Pulse experiments,pioreactor01,2026-09-14T17:33:24.395Z,add_media,0.0776751765,UI,2026-09-14 23:18:24.395,1855.195833333333
Pulse experiments,pioreactor01,2026-09-14T17:33:24.590Z,remove_waste,0.0806626833,UI,2026-09-14 23:18:24.590,1855.195833333333
Pulse experiments,pioreactor01,2026-09-14T17:33:24.896Z,add_media,0.0776751765,UI,2026-09-14 23:18:24.896,1855.195833333333
Pulse experiments,pioreactor01,2026-09-14T17:33:25.092Z,remove_waste,0.0806626833,UI,2026-09-14 23:18:25.092,1855.196111111111
Pulse experiments,pioreactor01,2026-09-14T17:33:25.397Z,add_media,0.0776751765,UI,2026-09-14 23:18:25.397,1855.196111111111
Pulse experiments,pioreactor01,2026-09-14T17:33:25.592Z,remove_waste,0.0806626833,UI,2026-09-14 23:18:25.592,1855.196111111111
Pulse experiments,pioreactor01,2026-09-14T17:33:25.898Z,add_media,0.0776751765,UI,2026-09-14 23:18:25.898,1855.196111111111
Pulse experiments,pioreactor01,2026-09-14T17:33:26.094Z,remove_waste,0.0806626833,UI,2026-09-14 23:18:26.094,1855.196388888889
Pulse experiments,pioreactor01,2026-09-14T17:33:26.399Z,add_media,0.0776751765,UI,2026-09-14 23:18:26.399,1855.196388888889
Pulse experiments,pioreactor01,2026-09-14T17:33:26.595Z,remove_waste,0.0806626833,UI,2026-09-14 23:18:26.595,1855.196388888889
Pulse experiments,pioreactor01,2026-09-14T17:33:26.899Z,add_media,0.0776751765,UI,2026-09-14 23:18:26.899,1855.196388888889
Pulse experiments,pioreactor01,2026-09-14T17:33:27.095Z,remove_waste,0.0806626833,UI,2026-09-14 23:18:27.095,1855.196666666667
Pulse experiments,pioreactor01,2026-09-14T17:33:27.400Z,add_media,0.0776751765,UI,2026-09-14 23:18:27.400,1855.196666666667
Pulse experiments,pioreactor01,2026-09-14T17:33:27.596Z,remove_waste,0.0806626833,UI,2026-09-14 23:18:27.596,1855.196666666667
Pulse experiments,pioreactor01,2026-09-14T17:33:27.901Z,add_media,0.0776751765,UI,2026-09-14 23:18:27.901,1855.196666666667
Pulse experiments,pioreactor01,2026-09-14T17:33:28.097Z,remove_waste,0.0806626833,UI,2026-09-14 23:18:28.097,1855.196944444444
Pulse experiments,pioreactor01,2026-09-14T17:33:28.403Z,add_media,0.0776751765,UI,2026-09-14 23:18:28.403,1855.196944444444
Pulse experiments,pioreactor01,2026-09-14T17:33:28.598Z,remove_waste,0.0806626833,UI,2026-09-14 23:18:28.598,1855.196944444444
Pulse experiments,pioreactor01,2026-09-14T17:33:28.903Z,add_media,0.0776751765,UI,2026-09-14 23:18:28.903,1855.196944444444
Pulse experiments,pioreactor01,2026-09-14T17:33:29.098Z,remove_waste,0.0806626833,UI,2026-09-14 23:18:29.098,1855.197222222222
Pulse experiments,pioreactor01,2026-09-14T17:33:29.404Z,add_media,0.0776751765,UI,2026-09-14 23:18:29.404,1855.197222222222
Pulse experiments,pioreactor01,2026-09-14T17:33:29.599Z,remove_waste,0.0806626833,UI,2026-09-14 23:18:29.599,1855.197222222222
Pulse experiments,pioreactor01,2026-09-14T17:33:29.906Z,add_media,0.0776751765,UI,2026-09-14 23:18:29.906,1855.197222222222
Pulse experiments,pioreactor01,2026-09-14T17:33:30.100Z,remove_waste,0.0806626833,UI,2026-09-14 23:18:30.100,1855.1975
Pulse experiments,pioreactor01,2026-09-14T17:33:30.410Z,add_media,0.0776751765,UI,2026-09-14 23:18:30.410,1855.1975
Pulse experiments,pioreactor01,2026-09-14T17:33:30.601Z,remove_waste,0.0806626833,UI,2026-09-14 23:18:30.601,1855.1975
Pulse experiments,pioreactor01,2026-09-14T17:33:30.912Z,add_media,0.0776751765,UI,2026-09-14 23:18:30.912,1855.1975
Pulse experiments,pioreactor01,2026-09-14T17:33:31.103Z,remove_waste,0.0806626833,UI,2026-09-14 23:18:31.103,1855.197777777778
Pulse experiments,pioreactor01,2026-09-14T17:33:31.414Z,add_media,0.0776751765,UI,2026-09-14 23:18:31.414,1855.197777777778
Pulse experiments,pioreactor01,2026-09-14T17:33:31.605Z,remove_waste,0.0806626833,UI,2026-09-14 23:18:31.605,1855.197777777778
Pulse experiments,pioreactor01,2026-09-14T17:33:31.915Z,add_media,0.0776751765,UI,2026-09-14 23:18:31.915,1855.197777777778
Pulse experiments,pioreactor01,2026-09-14T17:33:32.106Z,remove_waste,0.0806626833,UI,2026-09-14 23:18:32.106,1855.198055555556
Pulse experiments,pioreactor01,2026-09-14T17:33:32.416Z,add_media,0.0776751765,UI,2026-09-14 23:18:32.416,1855.198055555556
Pulse experiments,pioreactor01,2026-09-14T17:33:32.607Z,remove_waste,0.0806626833,UI,2026-09-14 23:18:32.607,1855.198055555556
Pulse experiments,pioreactor01,2026-09-14T17:33:32.917Z,add_media,0.0776751765,UI,2026-09-14 23:18:32.917,1855.198055555556
Pulse experiments,pioreactor01,2026-09-14T17:33:33.109Z,remove_waste,0.0806626833,UI,2026-09-14 23:18:33.109,1855.198333333333
Pulse experiments,pioreactor01,2026-09-14T17:33:33.418Z,add_media,0.0776751765,UI,2026-09-14 23:18:33.418,1855.198333333333
Pulse experiments,pioreactor01,2026-09-14T17:33:33.610Z,remove_waste,0.0806626833,UI,2026-09-14 23:18:33.610,1855.198333333333
Pulse experiments,pioreactor01,2026-09-14T17:33:33.924Z,add_media,0.0776751765,UI,2026-09-14 23:18:33.924,1855.198333333333
Pulse experiments,pioreactor01,2026-09-14T17:33:34.111Z,remove_waste,0.0806626833,UI,2026-09-14 23:18:34.111,1855.198611111111
Pulse experiments,pioreactor01,2026-09-14T17:33:34.425Z,add_media,0.0776751765,UI,2026-09-14 23:18:34.425,1855.198611111111
Pulse experiments,pioreactor01,2026-09-14T17:33:34.612Z,remove_waste,0.0806626833,UI,2026-09-14 23:18:34.612,1855.198611111111
Pulse experiments,pioreactor01,2026-09-14T17:33:34.926Z,add_media,0.0776751765,UI,2026-09-14 23:18:34.926,1855.198611111111
Pulse experiments,pioreactor01,2026-09-14T17:33:35.112Z,remove_waste,0.0806626833,UI,2026-09-14 23:18:35.112,1855.198888888889
Pulse experiments,pioreactor01,2026-09-14T17:33:35.427Z,add_media,0.0776751765,UI,2026-09-14 23:18:35.427,1855.198888888889
Pulse experiments,pioreactor01,2026-09-14T17:33:35.614Z,remove_waste,0.0806626833,UI,2026-09-14 23:18:35.614,1855.198888888889
Pulse experiments,pioreactor01,2026-09-14T17:33:35.929Z,add_media,0.0776751765,UI,2026-09-14 23:18:35.929,1855.198888888889
Pulse experiments,pioreactor01,2026-09-14T17:33:36.114Z,remove_waste,0.0806626833,UI,2026-09-14 23:18:36.114,1855.199166666667
Pulse experiments,pioreactor01,2026-09-14T17:33:36.430Z,add_media,0.0776751765,UI,2026-09-14 23:18:36.430,1855.199166666667
Pulse experiments,pioreactor01,2026-09-14T17:33:36.615Z,remove_waste,0.0806626833,UI,2026-09-14 23:18:36.615,1855.199166666667
Pulse experiments,pioreactor01,2026-09-14T17:33:36.931Z,add_media,0.0776751765,UI,2026-09-14 23:18:36.931,1855.199166666667
Pulse experiments,pioreactor01,2026-09-14T17:33:37.116Z,remove_waste,0.0806626833,UI,2026-09-14 23:18:37.116,1855.199444444444
Pulse experiments,pioreactor01,2026-09-14T17:33:37.431Z,add_media,0.0776751765,UI,2026-09-14 23:18:37.431,1855.199444444444
Pulse experiments,pioreactor01,2026-09-14T17:33:37.616Z,remove_waste,0.0806626833,UI,2026-09-14 23:18:37.616,1855.199444444444
Pulse experiments,pioreactor01,2026-09-14T17:33:37.933Z,add_media,0.0776751765,UI,2026-09-14 23:18:37.933,1855.199444444444
Pulse experiments,pioreactor01,2026-09-14T17:33:38.117Z,remove_waste,0.0806626833,UI,2026-09-14 23:18:38.117,1855.199722222222
Pulse experiments,pioreactor01,2026-09-14T17:33:38.434Z,add_media,0.0776751765,UI,2026-09-14 23:18:38.434,1855.199722222222
Pulse experiments,pioreactor01,2026-09-14T17:33:38.618Z,remove_waste,0.0806626833,UI,2026-09-14 23:18:38.618,1855.199722222222
Pulse experiments,pioreactor01,2026-09-14T17:33:38.935Z,add_media,0.0776751765,UI,2026-09-14 23:18:38.935,1855.199722222222
Pulse experiments,pioreactor01,2026-09-14T17:33:39.120Z,remove_waste,0.0806626833,UI,2026-09-14 23:18:39.120,1855.2
Pulse experiments,pioreactor01,2026-09-14T17:33:39.438Z,add_media,0.0776751765,UI,2026-09-14 23:18:39.438,1855.2
Pulse experiments,pioreactor01,2026-09-14T17:33:39.621Z,remove_waste,0.0806626833,UI,2026-09-14 23:18:39.621,1855.2
Pulse experiments,pioreactor01,2026-09-14T17:33:39.939Z,add_media,0.0776751765,UI,2026-09-14 23:18:39.939,1855.2
Pulse experiments,pioreactor01,2026-09-14T17:33:40.122Z,remove_waste,0.0806626833,UI,2026-09-14 23:18:40.122,1855.200277777778
Pulse experiments,pioreactor01,2026-09-14T17:33:40.440Z,add_media,0.0776751765,UI,2026-09-14 23:18:40.440,1855.200277777778
Pulse experiments,pioreactor01,2026-09-14T17:33:40.622Z,remove_waste,0.0806626833,UI,2026-09-14 23:18:40.622,1855.200277777778
Pulse experiments,pioreactor01,2026-09-14T17:33:40.941Z,add_media,0.0776751765,UI,2026-09-14 23:18:40.941,1855.200277777778
Pulse experiments,pioreactor01,2026-09-14T17:33:41.123Z,remove_waste,0.0806626833,UI,2026-09-14 23:18:41.123,1855.200555555556
Pulse experiments,pioreactor01,2026-09-14T17:33:41.442Z,add_media,0.0776751765,UI,2026-09-14 23:18:41.442,1855.200555555556
Pulse experiments,pioreactor01,2026-09-14T17:33:41.624Z,remove_waste,0.0806626833,UI,2026-09-14 23:18:41.624,1855.200555555556
Pulse experiments,pioreactor01,2026-09-14T17:33:41.942Z,add_media,0.0776751765,UI,2026-09-14 23:18:41.942,1855.200555555556
Pulse experiments,pioreactor01,2026-09-14T17:33:42.125Z,remove_waste,0.0806626833,UI,2026-09-14 23:18:42.125,1855.200833333333
Pulse experiments,pioreactor01,2026-09-14T17:33:42.444Z,add_media,0.0776751765,UI,2026-09-14 23:18:42.444,1855.200833333333
Pulse experiments,pioreactor01,2026-09-14T17:33:42.627Z,remove_waste,0.0806626833,UI,2026-09-14 23:18:42.627,1855.200833333333
Pulse experiments,pioreactor01,2026-09-14T17:33:42.945Z,add_media,0.0776751765,UI,2026-09-14 23:18:42.945,1855.200833333333
Pulse experiments,pioreactor01,2026-09-14T17:33:43.128Z,remove_waste,0.0806626833,UI,2026-09-14 23:18:43.128,1855.201111111111
Pulse experiments,pioreactor01,2026-09-14T17:33:43.446Z,add_media,0.0776751765,UI,2026-09-14 23:18:43.446,1855.201111111111
Pulse experiments,pioreactor01,2026-09-14T17:33:43.630Z,remove_waste,0.0806626833,UI,2026-09-14 23:18:43.630,1855.201111111111
Pulse experiments,pioreactor01,2026-09-14T17:33:43.946Z,add_media,0.0776751765,UI,2026-09-14 23:18:43.946,1855.201111111111
Pulse experiments,pioreactor01,2026-09-14T17:33:44.131Z,remove_waste,0.0806626833,UI,2026-09-14 23:18:44.131,1855.201388888889
Pulse experiments,pioreactor01,2026-09-14T17:33:44.447Z,add_media,0.0776751765,UI,2026-09-14 23:18:44.447,1855.201388888889
Pulse experiments,pioreactor01,2026-09-14T17:33:44.633Z,remove_waste,0.0806626833,UI,2026-09-14 23:18:44.633,1855.201388888889
Pulse experiments,pioreactor01,2026-09-14T17:33:44.948Z,add_media,0.0776751765,UI,2026-09-14 23:18:44.948,1855.201388888889
Pulse experiments,pioreactor01,2026-09-14T17:33:45.134Z,remove_waste,0.0806626833,UI,2026-09-14 23:18:45.134,1855.201666666667
Pulse experiments,pioreactor01,2026-09-14T17:33:45.449Z,add_media,0.0776751765,UI,2026-09-14 23:18:45.449,1855.201666666667
Pulse experiments,pioreactor01,2026-09-14T17:33:45.635Z,remove_waste,0.0806626833,UI,2026-09-14 23:18:45.635,1855.201666666667
Pulse experiments,pioreactor01,2026-09-14T17:33:45.949Z,add_media,0.0776751765,UI,2026-09-14 23:18:45.949,1855.201666666667
Pulse experiments,pioreactor01,2026-09-14T17:33:46.136Z,remove_waste,0.0806626833,UI,2026-09-14 23:18:46.136,1855.201944444445
Pulse experiments,pioreactor01,2026-09-14T17:33:46.450Z,add_media,0.0776751765,UI,2026-09-14 23:18:46.450,1855.201944444445
Pulse experiments,pioreactor01,2026-09-14T17:33:46.637Z,remove_waste,0.0806626833,UI,2026-09-14 23:18:46.637,1855.201944444445
Pulse experiments,pioreactor01,2026-09-14T17:33:46.951Z,add_media,0.0776751765,UI,2026-09-14 23:18:46.951,1855.201944444445
Pulse experiments,pioreactor01,2026-09-14T17:33:47.138Z,remove_waste,0.0806626833,UI,2026-09-14 23:18:47.138,1855.202222222222
Pulse experiments,pioreactor01,2026-09-14T17:33:47.452Z,add_media,0.0776751765,UI,2026-09-14 23:18:47.452,1855.202222222222
Pulse experiments,pioreactor01,2026-09-14T17:33:47.639Z,remove_waste,0.0806626833,UI,2026-09-14 23:18:47.639,1855.202222222222
Pulse experiments,pioreactor01,2026-09-14T17:33:47.953Z,add_media,0.0776751765,UI,2026-09-14 23:18:47.953,1855.202222222222
Pulse experiments,pioreactor01,2026-09-14T17:33:48.142Z,remove_waste,0.0806626833,UI,2026-09-14 23:18:48.142,1855.2025
Pulse experiments,pioreactor01,2026-09-14T17:33:48.454Z,add_media,0.0776751765,UI,2026-09-14 23:18:48.454,1855.2025
Pulse experiments,pioreactor01,2026-09-14T17:33:48.644Z,remove_waste,0.0806626833,UI,2026-09-14 23:18:48.644,1855.2025
Pulse experiments,pioreactor01,2026-09-14T17:33:48.955Z,add_media,0.0776751765,UI,2026-09-14 23:18:48.955,1855.2025
Pulse experiments,pioreactor01,2026-09-14T17:33:49.144Z,remove_waste,0.0806626833,UI,2026-09-14 23:18:49.144,1855.202777777778
Pulse experiments,pioreactor01,2026-09-14T17:33:49.456Z,add_media,0.0776751765,UI,2026-09-14 23:18:49.456,1855.202777777778
Pulse experiments,pioreactor01,2026-09-14T17:33:49.645Z,remove_waste,0.0806626833,UI,2026-09-14 23:18:49.645,1855.202777777778
Pulse experiments,pioreactor01,2026-09-14T17:33:49.957Z,add_media,0.0776751765,UI,2026-09-14 23:18:49.957,1855.202777777778
Pulse experiments,pioreactor01,2026-09-14T17:33:50.146Z,remove_waste,0.0806626833,UI,2026-09-14 23:18:50.146,1855.203055555555
Pulse experiments,pioreactor01,2026-09-14T17:33:50.458Z,add_media,0.0776751765,UI,2026-09-14 23:18:50.458,1855.203055555555
Pulse experiments,pioreactor01,2026-09-14T17:33:50.647Z,remove_waste,0.0806626833,UI,2026-09-14 23:18:50.647,1855.203055555555
Pulse experiments,pioreactor01,2026-09-14T17:33:50.959Z,add_media,0.0776751765,UI,2026-09-14 23:18:50.959,1855.203055555555
Pulse experiments,pioreactor01,2026-09-14T17:33:51.147Z,remove_waste,0.0806626833,UI,2026-09-14 23:18:51.147,1855.203333333333
Pulse experiments,pioreactor01,2026-09-14T17:33:51.460Z,add_media,0.0776751765,UI,2026-09-14 23:18:51.460,1855.203333333333
Pulse experiments,pioreactor01,2026-09-14T17:33:51.648Z,remove_waste,0.0806626833,UI,2026-09-14 23:18:51.648,1855.203333333333
Pulse experiments,pioreactor01,2026-09-14T17:33:51.961Z,add_media,0.0776751765,UI,2026-09-14 23:18:51.961,1855.203333333333
Pulse experiments,pioreactor01,2026-09-14T17:33:52.149Z,remove_waste,0.0806626833,UI,2026-09-14 23:18:52.149,1855.203611111111
Pulse experiments,pioreactor01,2026-09-14T17:33:52.462Z,add_media,0.0776751765,UI,2026-09-14 23:18:52.462,1855.203611111111
Pulse experiments,pioreactor01,2026-09-14T17:33:52.650Z,remove_waste,0.0806626833,UI,2026-09-14 23:18:52.650,1855.203611111111
Pulse experiments,pioreactor01,2026-09-14T17:33:52.963Z,add_media,0.0776751765,UI,2026-09-14 23:18:52.963,1855.203611111111
Pulse experiments,pioreactor01,2026-09-14T17:33:53.151Z,remove_waste,0.0806626833,UI,2026-09-14 23:18:53.151,1855.203888888889
Pulse experiments,pioreactor01,2026-09-14T17:33:53.463Z,add_media,0.0776751765,UI,2026-09-14 23:18:53.463,1855.203888888889
Pulse experiments,pioreactor01,2026-09-14T17:33:53.653Z,remove_waste,0.0806626833,UI,2026-09-14 23:18:53.653,1855.203888888889
Pulse experiments,pioreactor01,2026-09-14T17:33:53.964Z,add_media,0.0776751765,UI,2026-09-14 23:18:53.964,1855.203888888889
Pulse experiments,pioreactor01,2026-09-14T17:33:54.155Z,remove_waste,0.0806626833,UI,2026-09-14 23:18:54.155,1855.204166666667
Pulse experiments,pioreactor01,2026-09-14T17:33:54.466Z,add_media,0.0776751765,UI,2026-09-14 23:18:54.466,1855.204166666667
Pulse experiments,pioreactor01,2026-09-14T17:33:54.659Z,remove_waste,0.0806626833,UI,2026-09-14 23:18:54.659,1855.204166666667
Pulse experiments,pioreactor01,2026-09-14T17:33:54.967Z,add_media,0.0776751765,UI,2026-09-14 23:18:54.967,1855.204166666667
Pulse experiments,pioreactor01,2026-09-14T17:33:55.160Z,remove_waste,0.0806626833,UI,2026-09-14 23:18:55.160,1855.204444444444
Pulse experiments,pioreactor01,2026-09-14T17:33:55.468Z,add_media,0.0776751765,UI,2026-09-14 23:18:55.468,1855.204444444444
Pulse experiments,pioreactor01,2026-09-14T17:33:55.661Z,remove_waste,0.0806626833,UI,2026-09-14 23:18:55.661,1855.204444444444
Pulse experiments,pioreactor01,2026-09-14T17:33:55.969Z,add_media,0.0776751765,UI,2026-09-14 23:18:55.969,1855.204444444444
Pulse experiments,pioreactor01,2026-09-14T17:33:56.162Z,remove_waste,0.0806626833,UI,2026-09-14 23:18:56.162,1855.204722222222
Pulse experiments,pioreactor01,2026-09-14T17:33:56.470Z,add_media,0.0776751765,UI,2026-09-14 23:18:56.470,1855.204722222222
Pulse experiments,pioreactor01,2026-09-14T17:33:56.663Z,remove_waste,0.0806626833,UI,2026-09-14 23:18:56.663,1855.204722222222
Pulse experiments,pioreactor01,2026-09-14T17:33:56.972Z,add_media,0.0776751765,UI,2026-09-14 23:18:56.972,1855.204722222222
Pulse experiments,pioreactor01,2026-09-14T17:33:57.164Z,remove_waste,0.0806626833,UI,2026-09-14 23:18:57.164,1855.205
Pulse experiments,pioreactor01,2026-09-14T17:33:57.472Z,add_media,0.0776751765,UI,2026-09-14 23:18:57.472,1855.205
Pulse experiments,pioreactor01,2026-09-14T17:33:57.665Z,remove_waste,0.0806626833,UI,2026-09-14 23:18:57.665,1855.205
Pulse experiments,pioreactor01,2026-09-14T17:33:57.973Z,add_media,0.0776751765,UI,2026-09-14 23:18:57.973,1855.205
Pulse experiments,pioreactor01,2026-09-14T17:33:58.166Z,remove_waste,0.0806626833,UI,2026-09-14 23:18:58.166,1855.205277777778
Pulse experiments,pioreactor01,2026-09-14T17:33:58.476Z,add_media,0.0776751765,UI,2026-09-14 23:18:58.476,1855.205277777778
Pulse experiments,pioreactor01,2026-09-14T17:33:58.667Z,remove_waste,0.0806626833,UI,2026-09-14 23:18:58.667,1855.205277777778
Pulse experiments,pioreactor01,2026-09-14T17:33:58.977Z,add_media,0.0776751765,UI,2026-09-14 23:18:58.977,1855.205277777778
Pulse experiments,pioreactor01,2026-09-14T17:33:59.167Z,remove_waste,0.0806626833,UI,2026-09-14 23:18:59.167,1855.205555555556
Pulse experiments,pioreactor01,2026-09-14T17:33:59.478Z,add_media,0.0776751765,UI,2026-09-14 23:18:59.478,1855.205555555556
Pulse experiments,pioreactor01,2026-09-14T17:33:59.668Z,remove_waste,0.0806626833,UI,2026-09-14 23:18:59.668,1855.205555555556
Pulse experiments,pioreactor01,2026-09-14T17:33:59.978Z,add_media,0.0776751765,UI,2026-09-14 23:18:59.978,1855.205555555556
Pulse experiments,pioreactor01,2026-09-14T17:34:00.169Z,remove_waste,0.0806626833,UI,2026-09-14 23:19:00.169,1855.205833333333
Pulse experiments,pioreactor01,2026-09-14T17:34:00.479Z,add_media,0.0776751765,UI,2026-09-14 23:19:00.479,1855.205833333333
Pulse experiments,pioreactor01,2026-09-14T17:34:00.670Z,remove_waste,0.0806626833,UI,2026-09-14 23:19:00.670,1855.205833333333
Pulse experiments,pioreactor01,2026-09-14T17:34:00.980Z,add_media,0.0776751765,UI,2026-09-14 23:19:00.980,1855.205833333333
Pulse experiments,pioreactor01,2026-09-14T17:34:01.171Z,remove_waste,0.0806626833,UI,2026-09-14 23:19:01.171,1855.206111111111
Pulse experiments,pioreactor01,2026-09-14T17:34:01.481Z,add_media,0.0776751765,UI,2026-09-14 23:19:01.481,1855.206111111111
Pulse experiments,pioreactor01,2026-09-14T17:34:01.672Z,remove_waste,0.0806626833,UI,2026-09-14 23:19:01.672,1855.206111111111
Pulse experiments,pioreactor01,2026-09-14T17:34:01.981Z,add_media,0.0776751765,UI,2026-09-14 23:19:01.981,1855.206111111111
Pulse experiments,pioreactor01,2026-09-14T17:34:02.173Z,remove_waste,0.0806626833,UI,2026-09-14 23:19:02.173,1855.206388888889
Pulse experiments,pioreactor01,2026-09-14T17:34:02.482Z,add_media,0.0776751765,UI,2026-09-14 23:19:02.482,1855.206388888889
Pulse experiments,pioreactor01,2026-09-14T17:34:02.674Z,remove_waste,0.0806626833,UI,2026-09-14 23:19:02.674,1855.206388888889
Pulse experiments,pioreactor01,2026-09-14T17:34:02.983Z,add_media,0.0776751765,UI,2026-09-14 23:19:02.983,1855.206388888889
Pulse experiments,pioreactor01,2026-09-14T17:34:03.175Z,remove_waste,0.0806626833,UI,2026-09-14 23:19:03.175,1855.206666666667
Pulse experiments,pioreactor01,2026-09-14T17:34:03.484Z,add_media,0.0776751765,UI,2026-09-14 23:19:03.484,1855.206666666667
Pulse experiments,pioreactor01,2026-09-14T17:34:03.675Z,remove_waste,0.0806626833,UI,2026-09-14 23:19:03.675,1855.206666666667
Pulse experiments,pioreactor01,2026-09-14T17:34:03.985Z,add_media,0.0776751765,UI,2026-09-14 23:19:03.985,1855.206666666667
Pulse experiments,pioreactor01,2026-09-14T17:34:04.176Z,remove_waste,0.0806626833,UI,2026-09-14 23:19:04.176,1855.206944444444
Pulse experiments,pioreactor01,2026-09-14T17:34:04.485Z,add_media,0.0776751765,UI,2026-09-14 23:19:04.485,1855.206944444444
Pulse experiments,pioreactor01,2026-09-14T17:34:04.677Z,remove_waste,0.0806626833,UI,2026-09-14 23:19:04.677,1855.206944444444
Pulse experiments,pioreactor01,2026-09-14T17:34:04.986Z,add_media,0.0776751765,UI,2026-09-14 23:19:04.986,1855.206944444444
Pulse experiments,pioreactor01,2026-09-14T17:34:05.177Z,remove_waste,0.0806626833,UI,2026-09-14 23:19:05.177,1855.207222222222
Pulse experiments,pioreactor01,2026-09-14T17:34:05.487Z,add_media,0.0776751765,UI,2026-09-14 23:19:05.487,1855.207222222222
Pulse experiments,pioreactor01,2026-09-14T17:34:05.678Z,remove_waste,0.0806626833,UI,2026-09-14 23:19:05.678,1855.207222222222
Pulse experiments,pioreactor01,2026-09-14T17:34:05.987Z,add_media,0.0776751765,UI,2026-09-14 23:19:05.987,1855.207222222222
Pulse experiments,pioreactor01,2026-09-14T17:34:06.179Z,remove_waste,0.0806626833,UI,2026-09-14 23:19:06.179,1855.2075
Pulse experiments,pioreactor01,2026-09-14T17:34:06.490Z,add_media,0.0776751765,UI,2026-09-14 23:19:06.490,1855.2075
Pulse experiments,pioreactor01,2026-09-14T17:34:06.679Z,remove_waste,0.0806626833,UI,2026-09-14 23:19:06.679,1855.2075
Pulse experiments,pioreactor01,2026-09-14T17:34:06.990Z,add_media,0.0776751765,UI,2026-09-14 23:19:06.990,1855.2075
Pulse experiments,pioreactor01,2026-09-14T17:34:07.181Z,remove_waste,0.0806626833,UI,2026-09-14 23:19:07.181,1855.207777777778
Pulse experiments,pioreactor01,2026-09-14T17:34:07.491Z,add_media,0.0776751765,UI,2026-09-14 23:19:07.491,1855.207777777778
Pulse experiments,pioreactor01,2026-09-14T17:34:07.682Z,remove_waste,0.0806626833,UI,2026-09-14 23:19:07.682,1855.207777777778
Pulse experiments,pioreactor01,2026-09-14T17:34:07.993Z,add_media,0.0776751765,UI,2026-09-14 23:19:07.993,1855.207777777778
Pulse experiments,pioreactor01,2026-09-14T17:34:08.182Z,remove_waste,0.0806626833,UI,2026-09-14 23:19:08.182,1855.208055555556
Pulse experiments,pioreactor01,2026-09-14T17:34:08.494Z,add_media,0.0776751765,UI,2026-09-14 23:19:08.494,1855.208055555556
Pulse experiments,pioreactor01,2026-09-14T17:34:08.686Z,remove_waste,0.0806626833,UI,2026-09-14 23:19:08.686,1855.208055555556
Pulse experiments,pioreactor01,2026-09-14T17:34:08.995Z,add_media,0.0776751765,UI,2026-09-14 23:19:08.995,1855.208055555556
Pulse experiments,pioreactor01,2026-09-14T17:34:09.187Z,remove_waste,0.0806626833,UI,2026-09-14 23:19:09.187,1855.208333333333
Pulse experiments,pioreactor01,2026-09-14T17:34:09.496Z,add_media,0.0776751765,UI,2026-09-14 23:19:09.496,1855.208333333333
Pulse experiments,pioreactor01,2026-09-14T17:34:09.690Z,remove_waste,0.0806626833,UI,2026-09-14 23:19:09.690,1855.208333333333
Pulse experiments,pioreactor01,2026-09-14T17:34:09.997Z,add_media,0.0776751765,UI,2026-09-14 23:19:09.997,1855.208333333333
Pulse experiments,pioreactor01,2026-09-14T17:34:10.191Z,remove_waste,0.0806626833,UI,2026-09-14 23:19:10.191,1855.208611111111
Pulse experiments,pioreactor01,2026-09-14T17:34:10.501Z,add_media,0.0776751765,UI,2026-09-14 23:19:10.501,1855.208611111111
Pulse experiments,pioreactor01,2026-09-14T17:34:10.692Z,remove_waste,0.0806626833,UI,2026-09-14 23:19:10.692,1855.208611111111
Pulse experiments,pioreactor01,2026-09-14T17:34:11.003Z,add_media,0.0776751765,UI,2026-09-14 23:19:11.003,1855.208888888889
Pulse experiments,pioreactor01,2026-09-14T17:34:11.192Z,remove_waste,0.0806626833,UI,2026-09-14 23:19:11.192,1855.208888888889
Pulse experiments,pioreactor01,2026-09-14T17:34:11.504Z,add_media,0.0776751765,UI,2026-09-14 23:19:11.504,1855.208888888889
Pulse experiments,pioreactor01,2026-09-14T17:34:11.694Z,remove_waste,0.0806626833,UI,2026-09-14 23:19:11.694,1855.208888888889
Pulse experiments,pioreactor01,2026-09-14T17:34:12.005Z,add_media,0.0776751765,UI,2026-09-14 23:19:12.005,1855.209166666667
Pulse experiments,pioreactor01,2026-09-14T17:34:12.195Z,remove_waste,0.0806626833,UI,2026-09-14 23:19:12.195,1855.209166666667
Pulse experiments,pioreactor01,2026-09-14T17:34:12.506Z,add_media,0.0776751765,UI,2026-09-14 23:19:12.506,1855.209166666667
Pulse experiments,pioreactor01,2026-09-14T17:34:12.696Z,remove_waste,0.0806626833,UI,2026-09-14 23:19:12.696,1855.209166666667
Pulse experiments,pioreactor01,2026-09-14T17:34:13.006Z,add_media,0.0776751765,UI,2026-09-14 23:19:13.006,1855.209444444444
Pulse experiments,pioreactor01,2026-09-14T17:34:13.197Z,remove_waste,0.0806626833,UI,2026-09-14 23:19:13.197,1855.209444444444
Pulse experiments,pioreactor01,2026-09-14T17:34:13.507Z,add_media,0.0776751765,UI,2026-09-14 23:19:13.507,1855.209444444444
Pulse experiments,pioreactor01,2026-09-14T17:34:13.698Z,remove_waste,0.0806626833,UI,2026-09-14 23:19:13.698,1855.209444444444
Pulse experiments,pioreactor01,2026-09-14T17:34:14.009Z,add_media,0.0776751765,UI,2026-09-14 23:19:14.009,1855.209722222222
Pulse experiments,pioreactor01,2026-09-14T17:34:14.199Z,remove_waste,0.0806626833,UI,2026-09-14 23:19:14.199,1855.209722222222
Pulse experiments,pioreactor01,2026-09-14T17:34:14.510Z,add_media,0.0776751765,UI,2026-09-14 23:19:14.510,1855.209722222222
Pulse experiments,pioreactor01,2026-09-14T17:34:14.699Z,remove_waste,0.0806626833,UI,2026-09-14 23:19:14.699,1855.209722222222
Pulse experiments,pioreactor01,2026-09-14T17:34:15.011Z,add_media,0.0776751765,UI,2026-09-14 23:19:15.011,1855.21
Pulse experiments,pioreactor01,2026-09-14T17:34:15.200Z,remove_waste,0.0806626833,UI,2026-09-14 23:19:15.200,1855.21
Pulse experiments,pioreactor01,2026-09-14T17:34:15.512Z,add_media,0.0776751765,UI,2026-09-14 23:19:15.512,1855.21
Pulse experiments,pioreactor01,2026-09-14T17:34:15.701Z,remove_waste,0.0806626833,UI,2026-09-14 23:19:15.701,1855.21
Pulse experiments,pioreactor01,2026-09-14T17:34:16.012Z,add_media,0.0776751765,UI,2026-09-14 23:19:16.012,1855.210277777778
Pulse experiments,pioreactor01,2026-09-14T17:34:16.202Z,remove_waste,0.0806626833,UI,2026-09-14 23:19:16.202,1855.210277777778
Pulse experiments,pioreactor01,2026-09-14T17:34:16.513Z,add_media,0.0776751765,UI,2026-09-14 23:19:16.513,1855.210277777778
Pulse experiments,pioreactor01,2026-09-14T17:34:16.702Z,remove_waste,0.0806626833,UI,2026-09-14 23:19:16.702,1855.210277777778
Pulse experiments,pioreactor01,2026-09-14T17:34:17.014Z,add_media,0.0776751765,UI,2026-09-14 23:19:17.014,1855.210555555556
Pulse experiments,pioreactor01,2026-09-14T17:34:17.204Z,remove_waste,0.0806626833,UI,2026-09-14 23:19:17.204,1855.210555555556
Pulse experiments,pioreactor01,2026-09-14T17:34:17.516Z,add_media,0.0776751765,UI,2026-09-14 23:19:17.516,1855.210555555556
Pulse experiments,pioreactor01,2026-09-14T17:34:17.704Z,remove_waste,0.0806626833,UI,2026-09-14 23:19:17.704,1855.210555555556
Pulse experiments,pioreactor01,2026-09-14T17:34:18.016Z,add_media,0.0776751765,UI,2026-09-14 23:19:18.016,1855.210833333333
Pulse experiments,pioreactor01,2026-09-14T17:34:18.205Z,remove_waste,0.0806626833,UI,2026-09-14 23:19:18.205,1855.210833333333
Pulse experiments,pioreactor01,2026-09-14T17:34:18.524Z,add_media,0.0776751765,UI,2026-09-14 23:19:18.524,1855.210833333333
Pulse experiments,pioreactor01,2026-09-14T17:34:18.706Z,remove_waste,0.0806626833,UI,2026-09-14 23:19:18.706,1855.210833333333
Pulse experiments,pioreactor01,2026-09-14T17:34:19.025Z,add_media,0.0776751765,UI,2026-09-14 23:19:19.025,1855.211111111111
Pulse experiments,pioreactor01,2026-09-14T17:34:19.208Z,remove_waste,0.0806626833,UI,2026-09-14 23:19:19.208,1855.211111111111
Pulse experiments,pioreactor01,2026-09-14T17:34:19.526Z,add_media,0.0776751765,UI,2026-09-14 23:19:19.526,1855.211111111111
Pulse experiments,pioreactor01,2026-09-14T17:34:19.709Z,remove_waste,0.0806626833,UI,2026-09-14 23:19:19.709,1855.211111111111
Pulse experiments,pioreactor01,2026-09-14T17:34:20.026Z,add_media,0.0776751765,UI,2026-09-14 23:19:20.026,1855.211388888889
Pulse experiments,pioreactor01,2026-09-14T17:34:20.210Z,remove_waste,0.0806626833,UI,2026-09-14 23:19:20.210,1855.211388888889
Pulse experiments,pioreactor01,2026-09-14T17:34:20.527Z,add_media,0.0776751765,UI,2026-09-14 23:19:20.527,1855.211388888889
Pulse experiments,pioreactor01,2026-09-14T17:34:20.711Z,remove_waste,0.0806626833,UI,2026-09-14 23:19:20.711,1855.211388888889
Pulse experiments,pioreactor01,2026-09-14T17:34:21.029Z,add_media,0.0776751765,UI,2026-09-14 23:19:21.029,1855.211666666667
Pulse experiments,pioreactor01,2026-09-14T17:34:21.212Z,remove_waste,0.0806626833,UI,2026-09-14 23:19:21.212,1855.211666666667
Pulse experiments,pioreactor01,2026-09-14T17:34:21.529Z,add_media,0.0776751765,UI,2026-09-14 23:19:21.529,1855.211666666667
Pulse experiments,pioreactor01,2026-09-14T17:34:21.713Z,remove_waste,0.0806626833,UI,2026-09-14 23:19:21.713,1855.211666666667
Pulse experiments,pioreactor01,2026-09-14T17:34:22.030Z,add_media,0.0776751765,UI,2026-09-14 23:19:22.030,1855.211944444444
Pulse experiments,pioreactor01,2026-09-14T17:34:22.214Z,remove_waste,0.0806626833,UI,2026-09-14 23:19:22.214,1855.211944444444
Pulse experiments,pioreactor01,2026-09-14T17:34:22.531Z,add_media,0.0776751765,UI,2026-09-14 23:19:22.531,1855.211944444444
Pulse experiments,pioreactor01,2026-09-14T17:34:22.715Z,remove_waste,0.0806626833,UI,2026-09-14 23:19:22.715,1855.211944444444
Pulse experiments,pioreactor01,2026-09-14T17:34:23.033Z,add_media,0.0776751765,UI,2026-09-14 23:19:23.033,1855.212222222222
Pulse experiments,pioreactor01,2026-09-14T17:34:23.216Z,remove_waste,0.0806626833,UI,2026-09-14 23:19:23.216,1855.212222222222
Pulse experiments,pioreactor01,2026-09-14T17:34:23.534Z,add_media,0.0776751765,UI,2026-09-14 23:19:23.534,1855.212222222222
Pulse experiments,pioreactor01,2026-09-14T17:34:23.717Z,remove_waste,0.0806626833,UI,2026-09-14 23:19:23.717,1855.212222222222
Pulse experiments,pioreactor01,2026-09-14T17:34:24.035Z,add_media,0.0776751765,UI,2026-09-14 23:19:24.035,1855.2125
Pulse experiments,pioreactor01,2026-09-14T17:34:24.219Z,remove_waste,0.0806626833,UI,2026-09-14 23:19:24.219,1855.2125
Pulse experiments,pioreactor01,2026-09-14T17:34:24.535Z,add_media,0.0776751765,UI,2026-09-14 23:19:24.535,1855.2125
Pulse experiments,pioreactor01,2026-09-14T17:34:24.720Z,remove_waste,0.0806626833,UI,2026-09-14 23:19:24.720,1855.2125
Pulse experiments,pioreactor01,2026-09-14T17:34:25.036Z,add_media,0.0776751765,UI,2026-09-14 23:19:25.036,1855.212777777778
Pulse experiments,pioreactor01,2026-09-14T17:34:25.220Z,remove_waste,0.0806626833,UI,2026-09-14 23:19:25.220,1855.212777777778
Pulse experiments,pioreactor01,2026-09-14T17:34:25.537Z,add_media,0.0776751765,UI,2026-09-14 23:19:25.537,1855.212777777778
Pulse experiments,pioreactor01,2026-09-14T17:34:25.721Z,remove_waste,0.0806626833,UI,2026-09-14 23:19:25.721,1855.212777777778
Pulse experiments,pioreactor01,2026-09-14T17:34:26.039Z,add_media,0.0776751765,UI,2026-09-14 23:19:26.039,1855.213055555555
Pulse experiments,pioreactor01,2026-09-14T17:34:26.223Z,remove_waste,0.0806626833,UI,2026-09-14 23:19:26.223,1855.213055555555
Pulse experiments,pioreactor01,2026-09-14T17:34:26.539Z,add_media,0.0776751765,UI,2026-09-14 23:19:26.539,1855.213055555555
Pulse experiments,pioreactor01,2026-09-14T17:34:26.724Z,remove_waste,0.0806626833,UI,2026-09-14 23:19:26.724,1855.213055555555
Pulse experiments,pioreactor01,2026-09-14T17:34:27.040Z,add_media,0.0776751765,UI,2026-09-14 23:19:27.040,1855.213333333333
Pulse experiments,pioreactor01,2026-09-14T17:34:27.224Z,remove_waste,0.0806626833,UI,2026-09-14 23:19:27.224,1855.213333333333
Pulse experiments,pioreactor01,2026-09-14T17:34:27.541Z,add_media,0.0776751765,UI,2026-09-14 23:19:27.541,1855.213333333333
Pulse experiments,pioreactor01,2026-09-14T17:34:27.726Z,remove_waste,0.0806626833,UI,2026-09-14 23:19:27.726,1855.213333333333
Pulse experiments,pioreactor01,2026-09-14T17:34:28.042Z,add_media,0.0776751765,UI,2026-09-14 23:19:28.042,1855.213611111111
Pulse experiments,pioreactor01,2026-09-14T17:34:28.227Z,remove_waste,0.0806626833,UI,2026-09-14 23:19:28.227,1855.213611111111
Pulse experiments,pioreactor01,2026-09-14T17:34:28.543Z,add_media,0.0776751765,UI,2026-09-14 23:19:28.543,1855.213611111111
Pulse experiments,pioreactor01,2026-09-14T17:34:28.728Z,remove_waste,0.0806626833,UI,2026-09-14 23:19:28.728,1855.213611111111
Pulse experiments,pioreactor01,2026-09-14T17:34:29.044Z,add_media,0.0776751765,UI,2026-09-14 23:19:29.044,1855.213888888889
Pulse experiments,pioreactor01,2026-09-14T17:34:29.229Z,remove_waste,0.0806626833,UI,2026-09-14 23:19:29.229,1855.213888888889
Pulse experiments,pioreactor01,2026-09-14T17:34:29.544Z,add_media,0.0776751765,UI,2026-09-14 23:19:29.544,1855.213888888889
Pulse experiments,pioreactor01,2026-09-14T17:34:29.729Z,remove_waste,0.0806626833,UI,2026-09-14 23:19:29.729,1855.213888888889
Pulse experiments,pioreactor01,2026-09-14T17:34:30.045Z,add_media,0.0776751765,UI,2026-09-14 23:19:30.045,1855.214166666667
Pulse experiments,pioreactor01,2026-09-14T17:34:30.230Z,remove_waste,0.0806626833,UI,2026-09-14 23:19:30.230,1855.214166666667
Pulse experiments,pioreactor01,2026-09-14T17:34:30.547Z,add_media,0.0776751765,UI,2026-09-14 23:19:30.547,1855.214166666667
Pulse experiments,pioreactor01,2026-09-14T17:34:30.731Z,remove_waste,0.0806626833,UI,2026-09-14 23:19:30.731,1855.214166666667
Pulse experiments,pioreactor01,2026-09-14T17:34:31.048Z,add_media,0.0776751765,UI,2026-09-14 23:19:31.048,1855.214444444445
Pulse experiments,pioreactor01,2026-09-14T17:34:31.232Z,remove_waste,0.0806626833,UI,2026-09-14 23:19:31.232,1855.214444444445
Pulse experiments,pioreactor01,2026-09-14T17:34:31.549Z,add_media,0.0776751765,UI,2026-09-14 23:19:31.549,1855.214444444445
Pulse experiments,pioreactor01,2026-09-14T17:34:31.733Z,remove_waste,0.0806626833,UI,2026-09-14 23:19:31.733,1855.214444444445
Pulse experiments,pioreactor01,2026-09-14T17:34:32.050Z,add_media,0.0776751765,UI,2026-09-14 23:19:32.050,1855.214722222222
Pulse experiments,pioreactor01,2026-09-14T17:34:32.234Z,remove_waste,0.0806626833,UI,2026-09-14 23:19:32.234,1855.214722222222
Pulse experiments,pioreactor01,2026-09-14T17:34:32.551Z,add_media,0.0776751765,UI,2026-09-14 23:19:32.551,1855.214722222222
Pulse experiments,pioreactor01,2026-09-14T17:34:32.735Z,remove_waste,0.0806626833,UI,2026-09-14 23:19:32.735,1855.214722222222
Pulse experiments,pioreactor01,2026-09-14T17:34:33.052Z,add_media,0.0776751765,UI,2026-09-14 23:19:33.052,1855.215
Pulse experiments,pioreactor01,2026-09-14T17:34:33.236Z,remove_waste,0.0806626833,UI,2026-09-14 23:19:33.236,1855.215
Pulse experiments,pioreactor01,2026-09-14T17:34:33.553Z,add_media,0.0776751765,UI,2026-09-14 23:19:33.553,1855.215
Pulse experiments,pioreactor01,2026-09-14T17:34:33.737Z,remove_waste,0.0806626833,UI,2026-09-14 23:19:33.737,1855.215
Pulse experiments,pioreactor01,2026-09-14T17:34:34.054Z,add_media,0.0776751765,UI,2026-09-14 23:19:34.054,1855.215277777778
Pulse experiments,pioreactor01,2026-09-14T17:34:34.240Z,remove_waste,0.0806626833,UI,2026-09-14 23:19:34.240,1855.215277777778
Pulse experiments,pioreactor01,2026-09-14T17:34:34.555Z,add_media,0.0776751765,UI,2026-09-14 23:19:34.555,1855.215277777778
Pulse experiments,pioreactor01,2026-09-14T17:34:34.741Z,remove_waste,0.0806626833,UI,2026-09-14 23:19:34.741,1855.215277777778
Pulse experiments,pioreactor01,2026-09-14T17:34:35.056Z,add_media,0.0776751765,UI,2026-09-14 23:19:35.056,1855.215555555556
Pulse experiments,pioreactor01,2026-09-14T17:34:35.242Z,remove_waste,0.0806626833,UI,2026-09-14 23:19:35.242,1855.215555555556
Pulse experiments,pioreactor01,2026-09-14T17:34:35.562Z,add_media,0.0776751765,UI,2026-09-14 23:19:35.562,1855.215555555556
Pulse experiments,pioreactor01,2026-09-14T17:34:35.743Z,remove_waste,0.0806626833,UI,2026-09-14 23:19:35.743,1855.215555555556
Pulse experiments,pioreactor01,2026-09-14T17:34:36.062Z,add_media,0.0776751765,UI,2026-09-14 23:19:36.062,1855.215833333333
Pulse experiments,pioreactor01,2026-09-14T17:34:36.244Z,remove_waste,0.0806626833,UI,2026-09-14 23:19:36.244,1855.215833333333
Pulse experiments,pioreactor01,2026-09-14T17:34:36.564Z,add_media,0.0776751765,UI,2026-09-14 23:19:36.564,1855.215833333333
Pulse experiments,pioreactor01,2026-09-14T17:34:36.745Z,remove_waste,0.0806626833,UI,2026-09-14 23:19:36.745,1855.215833333333
Pulse experiments,pioreactor01,2026-09-14T17:34:37.065Z,add_media,0.0776751765,UI,2026-09-14 23:19:37.065,1855.216111111111
Pulse experiments,pioreactor01,2026-09-14T17:34:37.245Z,remove_waste,0.0806626833,UI,2026-09-14 23:19:37.245,1855.216111111111
Pulse experiments,pioreactor01,2026-09-14T17:34:37.567Z,add_media,0.0776751765,UI,2026-09-14 23:19:37.567,1855.216111111111
Pulse experiments,pioreactor01,2026-09-14T17:34:37.746Z,remove_waste,0.0806626833,UI,2026-09-14 23:19:37.746,1855.216111111111
Pulse experiments,pioreactor01,2026-09-14T17:34:38.068Z,add_media,0.0776751765,UI,2026-09-14 23:19:38.068,1855.216388888889
Pulse experiments,pioreactor01,2026-09-14T17:34:38.247Z,remove_waste,0.0806626833,UI,2026-09-14 23:19:38.247,1855.216388888889
Pulse experiments,pioreactor01,2026-09-14T17:34:38.569Z,add_media,0.0776751765,UI,2026-09-14 23:19:38.569,1855.216388888889
Pulse experiments,pioreactor01,2026-09-14T17:34:38.748Z,remove_waste,0.0806626833,UI,2026-09-14 23:19:38.748,1855.216388888889
Pulse experiments,pioreactor01,2026-09-14T17:34:39.070Z,add_media,0.0776751765,UI,2026-09-14 23:19:39.070,1855.216666666667
Pulse experiments,pioreactor01,2026-09-14T17:34:39.249Z,remove_waste,0.0806626833,UI,2026-09-14 23:19:39.249,1855.216666666667
Pulse experiments,pioreactor01,2026-09-14T17:34:39.570Z,add_media,0.0776751765,UI,2026-09-14 23:19:39.570,1855.216666666667
Pulse experiments,pioreactor01,2026-09-14T17:34:39.750Z,remove_waste,0.0806626833,UI,2026-09-14 23:19:39.750,1855.216666666667
Pulse experiments,pioreactor01,2026-09-14T17:34:40.071Z,add_media,0.0776751765,UI,2026-09-14 23:19:40.071,1855.216944444444
Pulse experiments,pioreactor01,2026-09-14T17:34:40.251Z,remove_waste,0.0806626833,UI,2026-09-14 23:19:40.251,1855.216944444444
Pulse experiments,pioreactor01,2026-09-14T17:34:40.572Z,add_media,0.0776751765,UI,2026-09-14 23:19:40.572,1855.216944444444
Pulse experiments,pioreactor01,2026-09-14T17:34:40.752Z,remove_waste,0.0806626833,UI,2026-09-14 23:19:40.752,1855.216944444444
Pulse experiments,pioreactor01,2026-09-14T17:34:41.073Z,add_media,0.0776751765,UI,2026-09-14 23:19:41.073,1855.217222222222
Pulse experiments,pioreactor01,2026-09-14T17:34:41.252Z,remove_waste,0.0806626833,UI,2026-09-14 23:19:41.252,1855.217222222222
Pulse experiments,pioreactor01,2026-09-14T17:34:41.574Z,add_media,0.0776751765,UI,2026-09-14 23:19:41.574,1855.217222222222
Pulse experiments,pioreactor01,2026-09-14T17:34:41.753Z,remove_waste,0.0806626833,UI,2026-09-14 23:19:41.753,1855.217222222222
Pulse experiments,pioreactor01,2026-09-14T17:34:42.075Z,add_media,0.0776751765,UI,2026-09-14 23:19:42.075,1855.2175
Pulse experiments,pioreactor01,2026-09-14T17:34:42.254Z,remove_waste,0.0806626833,UI,2026-09-14 23:19:42.254,1855.2175
Pulse experiments,pioreactor01,2026-09-14T17:34:42.576Z,add_media,0.0776751765,UI,2026-09-14 23:19:42.576,1855.2175
Pulse experiments,pioreactor01,2026-09-14T17:34:42.755Z,remove_waste,0.0806626833,UI,2026-09-14 23:19:42.755,1855.2175
Pulse experiments,pioreactor01,2026-09-14T17:34:43.077Z,add_media,0.0776751765,UI,2026-09-14 23:19:43.077,1855.217777777778
Pulse experiments,pioreactor01,2026-09-14T17:34:43.256Z,remove_waste,0.0806626833,UI,2026-09-14 23:19:43.256,1855.217777777778
Pulse experiments,pioreactor01,2026-09-14T17:34:43.578Z,add_media,0.0776751765,UI,2026-09-14 23:19:43.578,1855.217777777778
Pulse experiments,pioreactor01,2026-09-14T17:34:43.758Z,remove_waste,0.0806626833,UI,2026-09-14 23:19:43.758,1855.217777777778
Pulse experiments,pioreactor01,2026-09-14T17:34:44.078Z,add_media,0.0776751765,UI,2026-09-14 23:19:44.078,1855.218055555556
Pulse experiments,pioreactor01,2026-09-14T17:34:44.259Z,remove_waste,0.0806626833,UI,2026-09-14 23:19:44.259,1855.218055555556
Pulse experiments,pioreactor01,2026-09-14T17:34:44.579Z,add_media,0.0776751765,UI,2026-09-14 23:19:44.579,1855.218055555556
Pulse experiments,pioreactor01,2026-09-14T17:34:44.760Z,remove_waste,0.0806626833,UI,2026-09-14 23:19:44.760,1855.218055555556
Pulse experiments,pioreactor01,2026-09-14T17:34:45.081Z,add_media,0.0776751765,UI,2026-09-14 23:19:45.081,1855.218333333333
Pulse experiments,pioreactor01,2026-09-14T17:34:45.262Z,remove_waste,0.0806626833,UI,2026-09-14 23:19:45.262,1855.218333333333
Pulse experiments,pioreactor01,2026-09-14T17:34:45.582Z,add_media,0.0776751765,UI,2026-09-14 23:19:45.582,1855.218333333333
Pulse experiments,pioreactor01,2026-09-14T17:34:45.762Z,remove_waste,0.0806626833,UI,2026-09-14 23:19:45.762,1855.218333333333
Pulse experiments,pioreactor01,2026-09-14T17:34:46.083Z,add_media,0.0776751765,UI,2026-09-14 23:19:46.083,1855.218611111111
Pulse experiments,pioreactor01,2026-09-14T17:34:46.264Z,remove_waste,0.0806626833,UI,2026-09-14 23:19:46.264,1855.218611111111
Pulse experiments,pioreactor01,2026-09-14T17:34:46.583Z,add_media,0.0776751765,UI,2026-09-14 23:19:46.583,1855.218611111111
Pulse experiments,pioreactor01,2026-09-14T17:34:46.765Z,remove_waste,0.0806626833,UI,2026-09-14 23:19:46.765,1855.218611111111
Pulse experiments,pioreactor01,2026-09-14T17:34:47.084Z,add_media,0.0776751765,UI,2026-09-14 23:19:47.084,1855.218888888889
Pulse experiments,pioreactor01,2026-09-14T17:34:47.265Z,remove_waste,0.0806626833,UI,2026-09-14 23:19:47.265,1855.218888888889
Pulse experiments,pioreactor01,2026-09-14T17:34:47.585Z,add_media,0.0776751765,UI,2026-09-14 23:19:47.585,1855.218888888889
Pulse experiments,pioreactor01,2026-09-14T17:34:47.766Z,remove_waste,0.0806626833,UI,2026-09-14 23:19:47.766,1855.218888888889
Pulse experiments,pioreactor01,2026-09-14T17:34:48.087Z,add_media,0.0776751765,UI,2026-09-14 23:19:48.087,1855.219166666667
Pulse experiments,pioreactor01,2026-09-14T17:34:48.267Z,remove_waste,0.0806626833,UI,2026-09-14 23:19:48.267,1855.219166666667
Pulse experiments,pioreactor01,2026-09-14T17:34:48.588Z,add_media,0.0776751765,UI,2026-09-14 23:19:48.588,1855.219166666667
Pulse experiments,pioreactor01,2026-09-14T17:34:48.767Z,remove_waste,0.0806626833,UI,2026-09-14 23:19:48.767,1855.219166666667
Pulse experiments,pioreactor01,2026-09-14T17:34:49.094Z,add_media,0.0776751765,UI,2026-09-14 23:19:49.094,1855.219444444444
Pulse experiments,pioreactor01,2026-09-14T17:34:49.270Z,remove_waste,0.0806626833,UI,2026-09-14 23:19:49.270,1855.219444444444
Pulse experiments,pioreactor01,2026-09-14T17:34:49.595Z,add_media,0.0776751765,UI,2026-09-14 23:19:49.595,1855.219444444444
Pulse experiments,pioreactor01,2026-09-14T17:34:49.771Z,remove_waste,0.0806626833,UI,2026-09-14 23:19:49.771,1855.219444444444
Pulse experiments,pioreactor01,2026-09-14T17:34:50.096Z,add_media,0.0776751765,UI,2026-09-14 23:19:50.096,1855.219722222222
Pulse experiments,pioreactor01,2026-09-14T17:34:50.271Z,remove_waste,0.0806626833,UI,2026-09-14 23:19:50.271,1855.219722222222
Pulse experiments,pioreactor01,2026-09-14T17:34:50.598Z,add_media,0.0776751765,UI,2026-09-14 23:19:50.598,1855.219722222222
Pulse experiments,pioreactor01,2026-09-14T17:34:50.773Z,remove_waste,0.0806626833,UI,2026-09-14 23:19:50.773,1855.219722222222
Pulse experiments,pioreactor01,2026-09-14T17:34:51.099Z,add_media,0.0776751765,UI,2026-09-14 23:19:51.099,1855.22
Pulse experiments,pioreactor01,2026-09-14T17:34:51.274Z,remove_waste,0.0806626833,UI,2026-09-14 23:19:51.274,1855.22
Pulse experiments,pioreactor01,2026-09-14T17:34:51.600Z,add_media,0.0776751765,UI,2026-09-14 23:19:51.600,1855.22
Pulse experiments,pioreactor01,2026-09-14T17:34:51.775Z,remove_waste,0.0806626833,UI,2026-09-14 23:19:51.775,1855.22
Pulse experiments,pioreactor01,2026-09-14T17:34:52.101Z,add_media,0.0776751765,UI,2026-09-14 23:19:52.101,1855.220277777778
Pulse experiments,pioreactor01,2026-09-14T17:34:52.276Z,remove_waste,0.0806626833,UI,2026-09-14 23:19:52.276,1855.220277777778
Pulse experiments,pioreactor01,2026-09-14T17:34:52.602Z,add_media,0.0776751765,UI,2026-09-14 23:19:52.602,1855.220277777778
Pulse experiments,pioreactor01,2026-09-14T17:34:52.777Z,remove_waste,0.0806626833,UI,2026-09-14 23:19:52.777,1855.220277777778
Pulse experiments,pioreactor01,2026-09-14T17:34:53.104Z,add_media,0.0776751765,UI,2026-09-14 23:19:53.104,1855.220555555556
Pulse experiments,pioreactor01,2026-09-14T17:34:53.277Z,remove_waste,0.0806626833,UI,2026-09-14 23:19:53.277,1855.220555555556
Pulse experiments,pioreactor01,2026-09-14T17:34:53.605Z,add_media,0.0776751765,UI,2026-09-14 23:19:53.605,1855.220555555556
Pulse experiments,pioreactor01,2026-09-14T17:34:53.779Z,remove_waste,0.0806626833,UI,2026-09-14 23:19:53.779,1855.220555555556
Pulse experiments,pioreactor01,2026-09-14T17:34:54.105Z,add_media,0.0776751765,UI,2026-09-14 23:19:54.105,1855.220833333333
Pulse experiments,pioreactor01,2026-09-14T17:34:54.281Z,remove_waste,0.0806626833,UI,2026-09-14 23:19:54.281,1855.220833333333
Pulse experiments,pioreactor01,2026-09-14T17:34:54.607Z,add_media,0.0776751765,UI,2026-09-14 23:19:54.607,1855.220833333333
Pulse experiments,pioreactor01,2026-09-14T17:34:54.781Z,remove_waste,0.0806626833,UI,2026-09-14 23:19:54.781,1855.220833333333
Pulse experiments,pioreactor01,2026-09-14T17:34:55.107Z,add_media,0.0776751765,UI,2026-09-14 23:19:55.107,1855.221111111111
Pulse experiments,pioreactor01,2026-09-14T17:34:55.282Z,remove_waste,0.0806626833,UI,2026-09-14 23:19:55.282,1855.221111111111
Pulse experiments,pioreactor01,2026-09-14T17:34:55.609Z,add_media,0.0776751765,UI,2026-09-14 23:19:55.609,1855.221111111111
Pulse experiments,pioreactor01,2026-09-14T17:34:55.783Z,remove_waste,0.0806626833,UI,2026-09-14 23:19:55.783,1855.221111111111
Pulse experiments,pioreactor01,2026-09-14T17:34:56.110Z,add_media,0.0776751765,UI,2026-09-14 23:19:56.110,1855.221388888889
Pulse experiments,pioreactor01,2026-09-14T17:34:56.284Z,remove_waste,0.0806626833,UI,2026-09-14 23:19:56.284,1855.221388888889
Pulse experiments,pioreactor01,2026-09-14T17:34:56.611Z,add_media,0.0776751765,UI,2026-09-14 23:19:56.611,1855.221388888889
Pulse experiments,pioreactor01,2026-09-14T17:34:56.785Z,remove_waste,0.0806626833,UI,2026-09-14 23:19:56.785,1855.221388888889
Pulse experiments,pioreactor01,2026-09-14T17:34:57.114Z,add_media,0.0776751765,UI,2026-09-14 23:19:57.114,1855.221666666667
Pulse experiments,pioreactor01,2026-09-14T17:34:57.286Z,remove_waste,0.0806626833,UI,2026-09-14 23:19:57.286,1855.221666666667
Pulse experiments,pioreactor01,2026-09-14T17:34:57.616Z,add_media,0.0776751765,UI,2026-09-14 23:19:57.616,1855.221666666667
Pulse experiments,pioreactor01,2026-09-14T17:34:57.787Z,remove_waste,0.0806626833,UI,2026-09-14 23:19:57.787,1855.221666666667
Pulse experiments,pioreactor01,2026-09-14T17:34:58.117Z,add_media,0.0776751765,UI,2026-09-14 23:19:58.117,1855.221944444444
Pulse experiments,pioreactor01,2026-09-14T17:34:58.287Z,remove_waste,0.0806626833,UI,2026-09-14 23:19:58.287,1855.221944444444
Pulse experiments,pioreactor01,2026-09-14T17:34:58.618Z,add_media,0.0776751765,UI,2026-09-14 23:19:58.618,1855.221944444444
Pulse experiments,pioreactor01,2026-09-14T17:34:58.789Z,remove_waste,0.0806626833,UI,2026-09-14 23:19:58.789,1855.221944444444
Pulse experiments,pioreactor01,2026-09-14T17:34:59.119Z,add_media,0.0776751765,UI,2026-09-14 23:19:59.119,1855.222222222222
Pulse experiments,pioreactor01,2026-09-14T17:34:59.290Z,remove_waste,0.0806626833,UI,2026-09-14 23:19:59.290,1855.222222222222
Pulse experiments,pioreactor01,2026-09-14T17:34:59.620Z,add_media,0.0776751765,UI,2026-09-14 23:19:59.620,1855.222222222222
Pulse experiments,pioreactor01,2026-09-14T17:34:59.791Z,remove_waste,0.0806626833,UI,2026-09-14 23:19:59.791,1855.222222222222
