experiment,pioreactor_unit,timestamp,od_reading,angle,channel,timestamp_localtime,hours_since_experiment_created
Pulse experiments,pioreactor01,2026-09-14T16:56:32.601Z,0.001900689558,90,2,2026-09-14 22:41:32.601,1854.581388888889
Pulse experiments,pioreactor01,2026-09-14T16:56:32.601Z,0.385806411528,135,3,2026-09-14 22:41:32.601,1854.581388888889
Pulse experiments,pioreactor01,2026-09-14T16:56:32.601Z,0.019345349492,45,4,2026-09-14 22:41:32.601,1854.581388888889
Pulse experiments,pioreactor01,2026-09-14T16:56:37.591Z,0.001892865958,90,2,2026-09-14 22:41:37.591,1854.582777777778
Pulse experiments,pioreactor01,2026-09-14T16:56:37.591Z,0.38719604992,135,3,2026-09-14 22:41:37.591,1854.582777777778
Pulse experiments,pioreactor01,2026-09-14T16:56:37.591Z,0.019498587748,45,4,2026-09-14 22:41:37.591,1854.582777777778
Pulse experiments,pioreactor01,2026-09-14T16:56:42.591Z,0.001891711794,90,2,2026-09-14 22:41:42.591,1854.584166666667
Pulse experiments,pioreactor01,2026-09-14T16:56:42.591Z,0.387628206984,135,3,2026-09-14 22:41:42.591,1854.584166666667
Pulse experiments,pioreactor01,2026-09-14T16:56:42.591Z,0.019414758806,45,4,2026-09-14 22:41:42.591,1854.584166666667
Pulse experiments,pioreactor01,2026-09-14T16:56:47.593Z,0.001897604955,90,2,2026-09-14 22:41:47.593,1854.585555555556
Pulse experiments,pioreactor01,2026-09-14T16:56:47.593Z,0.387315691143,135,3,2026-09-14 22:41:47.593,1854.585555555556
Pulse experiments,pioreactor01,2026-09-14T16:56:47.593Z,0.019279614422,45,4,2026-09-14 22:41:47.593,1854.585555555556
Pulse experiments,pioreactor01,2026-09-14T16:56:52.592Z,0.001901754074,90,2,2026-09-14 22:41:52.592,1854.586944444444
Pulse experiments,pioreactor01,2026-09-14T16:56:52.592Z,0.387201428025,135,3,2026-09-14 22:41:52.592,1854.586944444444
Pulse experiments,pioreactor01,2026-09-14T16:56:52.592Z,0.019491031208,45,4,2026-09-14 22:41:52.592,1854.586944444444
Pulse experiments,pioreactor01,2026-09-14T16:56:57.594Z,0.001924350933,90,2,2026-09-14 22:41:57.594,1854.588333333333
Pulse experiments,pioreactor01,2026-09-14T16:56:57.594Z,0.386893442397,135,3,2026-09-14 22:41:57.594,1854.588333333333
Pulse experiments,pioreactor01,2026-09-14T16:56:57.594Z,0.01954478064,45,4,2026-09-14 22:41:57.594,1854.588333333333
Pulse experiments,pioreactor01,2026-09-14T16:57:02.592Z,0.001902447907,90,2,2026-09-14 22:42:02.592,1854.589722222222
Pulse experiments,pioreactor01,2026-09-14T16:57:02.592Z,0.386582702441,135,3,2026-09-14 22:42:02.592,1854.589722222222
Pulse experiments,pioreactor01,2026-09-14T16:57:02.592Z,0.01952935478,45,4,2026-09-14 22:42:02.592,1854.589722222222
Pulse experiments,pioreactor01,2026-09-14T16:57:07.591Z,0.001879555724,90,2,2026-09-14 22:42:07.591,1854.591111111111
Pulse experiments,pioreactor01,2026-09-14T16:57:07.591Z,0.386551910311,135,3,2026-09-14 22:42:07.591,1854.591111111111
Pulse experiments,pioreactor01,2026-09-14T16:57:07.591Z,0.019387650565,45,4,2026-09-14 22:42:07.591,1854.591111111111
Pulse experiments,pioreactor01,2026-09-14T16:57:12.591Z,0.001860683972,90,2,2026-09-14 22:42:12.591,1854.5925
Pulse experiments,pioreactor01,2026-09-14T16:57:12.591Z,0.386003930798,135,3,2026-09-14 22:42:12.591,1854.5925
Pulse experiments,pioreactor01,2026-09-14T16:57:12.591Z,0.019357913337,45,4,2026-09-14 22:42:12.591,1854.5925
Pulse experiments,pioreactor01,2026-09-14T16:57:17.591Z,0.001848287433,90,2,2026-09-14 22:42:17.591,1854.593888888889
Pulse experiments,pioreactor01,2026-09-14T16:57:17.591Z,0.386180428001,135,3,2026-09-14 22:42:17.591,1854.593888888889
Pulse experiments,pioreactor01,2026-09-14T16:57:17.591Z,0.019336201983,45,4,2026-09-14 22:42:17.591,1854.593888888889
Pulse experiments,pioreactor01,2026-09-14T16:57:22.592Z,0.00188244517,90,2,2026-09-14 22:42:22.592,1854.595277777778
Pulse experiments,pioreactor01,2026-09-14T16:57:22.592Z,0.386578675578,135,3,2026-09-14 22:42:22.592,1854.595277777778
Pulse experiments,pioreactor01,2026-09-14T16:57:22.592Z,0.019317572689,45,4,2026-09-14 22:42:22.592,1854.595277777778
Pulse experiments,pioreactor01,2026-09-14T16:57:27.592Z,0.001897003884,90,2,2026-09-14 22:42:27.592,1854.596666666667
Pulse experiments,pioreactor01,2026-09-14T16:57:27.592Z,0.386330977821,135,3,2026-09-14 22:42:27.592,1854.596666666667
Pulse experiments,pioreactor01,2026-09-14T16:57:27.592Z,0.019525924551,45,4,2026-09-14 22:42:27.592,1854.596666666667
Pulse experiments,pioreactor01,2026-09-14T16:57:32.591Z,0.001883693634,90,2,2026-09-14 22:42:32.591,1854.598055555555
Pulse experiments,pioreactor01,2026-09-14T16:57:32.591Z,0.386171052889,135,3,2026-09-14 22:42:32.591,1854.598055555555
Pulse experiments,pioreactor01,2026-09-14T16:57:32.591Z,0.019435441904,45,4,2026-09-14 22:42:32.591,1854.598055555555
Pulse experiments,pioreactor01,2026-09-14T16:57:37.591Z,0.001868630904,90,2,2026-09-14 22:42:37.591,1854.599444444445
Pulse experiments,pioreactor01,2026-09-14T16:57:37.591Z,0.386375171577,135,3,2026-09-14 22:42:37.591,1854.599444444445
Pulse experiments,pioreactor01,2026-09-14T16:57:37.591Z,0.019279879955,45,4,2026-09-14 22:42:37.591,1854.599444444445
Pulse experiments,pioreactor01,2026-09-14T16:57:42.594Z,0.001939124374,90,2,2026-09-14 22:42:42.594,1854.600833333333
Pulse experiments,pioreactor01,2026-09-14T16:57:42.594Z,0.386484813726,135,3,2026-09-14 22:42:42.594,1854.600833333333
Pulse experiments,pioreactor01,2026-09-14T16:57:42.594Z,0.019661082545,45,4,2026-09-14 22:42:42.594,1854.600833333333
Pulse experiments,pioreactor01,2026-09-14T16:57:47.591Z,0.001923485696,90,2,2026-09-14 22:42:47.591,1854.602222222222
Pulse experiments,pioreactor01,2026-09-14T16:57:47.591Z,0.386571595543,135,3,2026-09-14 22:42:47.591,1854.602222222222
Pulse experiments,pioreactor01,2026-09-14T16:57:47.591Z,0.019522932851,45,4,2026-09-14 22:42:47.591,1854.602222222222
Pulse experiments,pioreactor01,2026-09-14T16:57:52.592Z,0.00188565508,90,2,2026-09-14 22:42:52.592,1854.603611111111
Pulse experiments,pioreactor01,2026-09-14T16:57:52.592Z,0.386602382105,135,3,2026-09-14 22:42:52.592,1854.603611111111
Pulse experiments,pioreactor01,2026-09-14T16:57:52.592Z,0.019361387191,45,4,2026-09-14 22:42:52.592,1854.603611111111
Pulse experiments,pioreactor01,2026-09-14T16:57:57.591Z,0.00186957048,90,2,2026-09-14 22:42:57.591,1854.605
Pulse experiments,pioreactor01,2026-09-14T16:57:57.591Z,0.386505520986,135,3,2026-09-14 22:42:57.591,1854.605
Pulse experiments,pioreactor01,2026-09-14T16:57:57.591Z,0.019196764902,45,4,2026-09-14 22:42:57.591,1854.605
Pulse experiments,pioreactor01,2026-09-14T16:58:02.592Z,0.001887266028,90,2,2026-09-14 22:43:02.592,1854.606388888889
Pulse experiments,pioreactor01,2026-09-14T16:58:02.592Z,0.386360558187,135,3,2026-09-14 22:43:02.592,1854.606388888889
Pulse experiments,pioreactor01,2026-09-14T16:58:02.592Z,0.019362331649,45,4,2026-09-14 22:43:02.592,1854.606388888889
Pulse experiments,pioreactor01,2026-09-14T16:58:07.592Z,0.00189563406,90,2,2026-09-14 22:43:07.592,1854.607777777778
Pulse experiments,pioreactor01,2026-09-14T16:58:07.592Z,0.386337340341,135,3,2026-09-14 22:43:07.592,1854.607777777778
Pulse experiments,pioreactor01,2026-09-14T16:58:07.592Z,0.019332396018,45,4,2026-09-14 22:43:07.592,1854.607777777778
Pulse experiments,pioreactor01,2026-09-14T16:58:12.592Z,0.001866365803,90,2,2026-09-14 22:43:12.592,1854.609166666667
Pulse experiments,pioreactor01,2026-09-14T16:58:12.592Z,0.386544563166,135,3,2026-09-14 22:43:12.592,1854.609166666667
Pulse experiments,pioreactor01,2026-09-14T16:58:12.592Z,0.019295398339,45,4,2026-09-14 22:43:12.592,1854.609166666667
Pulse experiments,pioreactor01,2026-09-14T16:58:17.592Z,0.001895180824,90,2,2026-09-14 22:43:17.592,1854.610555555555
Pulse experiments,pioreactor01,2026-09-14T16:58:17.592Z,0.386521140958,135,3,2026-09-14 22:43:17.592,1854.610555555555
Pulse experiments,pioreactor01,2026-09-14T16:58:17.592Z,0.019413818993,45,4,2026-09-14 22:43:17.592,1854.610555555555
Pulse experiments,pioreactor01,2026-09-14T16:58:22.595Z,0.001867656628,90,2,2026-09-14 22:43:22.595,1854.611944444444
Pulse experiments,pioreactor01,2026-09-14T16:58:22.595Z,0.386671647454,135,3,2026-09-14 22:43:22.595,1854.611944444444
Pulse experiments,pioreactor01,2026-09-14T16:58:22.595Z,0.019274252777,45,4,2026-09-14 22:43:22.595,1854.611944444444
Pulse experiments,pioreactor01,2026-09-14T16:58:27.591Z,0.001879602482,90,2,2026-09-14 22:43:27.591,1854.613333333333
Pulse experiments,pioreactor01,2026-09-14T16:58:27.591Z,0.386677233404,135,3,2026-09-14 22:43:27.591,1854.613333333333
Pulse experiments,pioreactor01,2026-09-14T16:58:27.591Z,0.019246453359,45,4,2026-09-14 22:43:27.591,1854.613333333333
Pulse experiments,pioreactor01,2026-09-14T16:58:32.592Z,0.001856490674,90,2,2026-09-14 22:43:32.592,1854.614722222222
Pulse experiments,pioreactor01,2026-09-14T16:58:32.592Z,0.386825956578,135,3,2026-09-14 22:43:32.592,1854.614722222222
Pulse experiments,pioreactor01,2026-09-14T16:58:32.592Z,0.019166964851,45,4,2026-09-14 22:43:32.592,1854.614722222222
Pulse experiments,pioreactor01,2026-09-14T16:58:37.591Z,0.001893961071,90,2,2026-09-14 22:43:37.591,1854.616111111111
Pulse experiments,pioreactor01,2026-09-14T16:58:37.591Z,0.386843484331,135,3,2026-09-14 22:43:37.591,1854.616111111111
Pulse experiments,pioreactor01,2026-09-14T16:58:37.591Z,0.019424291128,45,4,2026-09-14 22:43:37.591,1854.616111111111
Pulse experiments,pioreactor01,2026-09-14T16:58:42.592Z,0.001886399381,90,2,2026-09-14 22:43:42.592,1854.6175
Pulse experiments,pioreactor01,2026-09-14T16:58:42.592Z,0.386756690532,135,3,2026-09-14 22:43:42.592,1854.6175
Pulse experiments,pioreactor01,2026-09-14T16:58:42.592Z,0.019402034923,45,4,2026-09-14 22:43:42.592,1854.6175
Pulse experiments,pioreactor01,2026-09-14T16:58:47.593Z,0.001849884013,90,2,2026-09-14 22:43:47.593,1854.618888888889
Pulse experiments,pioreactor01,2026-09-14T16:58:47.593Z,0.386566131557,135,3,2026-09-14 22:43:47.593,1854.618888888889
Pulse experiments,pioreactor01,2026-09-14T16:58:47.593Z,0.019407629642,45,4,2026-09-14 22:43:47.593,1854.618888888889
Pulse experiments,pioreactor01,2026-09-14T16:58:52.591Z,0.001871366144,90,2,2026-09-14 22:43:52.591,1854.620277777778
Pulse experiments,pioreactor01,2026-09-14T16:58:52.591Z,0.38634650721,135,3,2026-09-14 22:43:52.591,1854.620277777778
Pulse experiments,pioreactor01,2026-09-14T16:58:52.591Z,0.019409874518,45,4,2026-09-14 22:43:52.591,1854.620277777778
Pulse experiments,pioreactor01,2026-09-14T16:58:57.593Z,0.001879821611,90,2,2026-09-14 22:43:57.593,1854.621666666667
Pulse experiments,pioreactor01,2026-09-14T16:58:57.593Z,0.386015747744,135,3,2026-09-14 22:43:57.593,1854.621666666667
Pulse experiments,pioreactor01,2026-09-14T16:58:57.593Z,0.019427751216,45,4,2026-09-14 22:43:57.593,1854.621666666667
Pulse experiments,pioreactor01,2026-09-14T16:59:02.592Z,0.001860429419,90,2,2026-09-14 22:44:02.592,1854.623055555556
Pulse experiments,pioreactor01,2026-09-14T16:59:02.592Z,0.386637924305,135,3,2026-09-14 22:44:02.592,1854.623055555556
Pulse experiments,pioreactor01,2026-09-14T16:59:02.592Z,0.019258175757,45,4,2026-09-14 22:44:02.592,1854.623055555556
Pulse experiments,pioreactor01,2026-09-14T16:59:07.592Z,0.001860336001,90,2,2026-09-14 22:44:07.592,1854.624444444444
Pulse experiments,pioreactor01,2026-09-14T16:59:07.592Z,0.386570441867,135,3,2026-09-14 22:44:07.592,1854.624444444444
Pulse experiments,pioreactor01,2026-09-14T16:59:07.592Z,0.019316402522,45,4,2026-09-14 22:44:07.592,1854.624444444444
Pulse experiments,pioreactor01,2026-09-14T16:59:12.594Z,0.001853414656,90,2,2026-09-14 22:44:12.594,1854.625833333333
Pulse experiments,pioreactor01,2026-09-14T16:59:12.594Z,0.386525544175,135,3,2026-09-14 22:44:12.594,1854.625833333333
Pulse experiments,pioreactor01,2026-09-14T16:59:12.594Z,0.019510804053,45,4,2026-09-14 22:44:12.594,1854.625833333333
Pulse experiments,pioreactor01,2026-09-14T16:59:17.591Z,0.001856339111,90,2,2026-09-14 22:44:17.591,1854.627222222222
Pulse experiments,pioreactor01,2026-09-14T16:59:17.591Z,0.386653332339,135,3,2026-09-14 22:44:17.591,1854.627222222222
Pulse experiments,pioreactor01,2026-09-14T16:59:17.591Z,0.019379605476,45,4,2026-09-14 22:44:17.591,1854.627222222222
Pulse experiments,pioreactor01,2026-09-14T16:59:22.593Z,0.001858901023,90,2,2026-09-14 22:44:22.593,1854.628611111111
Pulse experiments,pioreactor01,2026-09-14T16:59:22.593Z,0.386241139159,135,3,2026-09-14 22:44:22.593,1854.628611111111
Pulse experiments,pioreactor01,2026-09-14T16:59:22.593Z,0.019210404633,45,4,2026-09-14 22:44:22.593,1854.628611111111
Pulse experiments,pioreactor01,2026-09-14T16:59:27.592Z,0.001849551452,90,2,2026-09-14 22:44:27.592,1854.63
Pulse experiments,pioreactor01,2026-09-14T16:59:27.592Z,0.386299460024,135,3,2026-09-14 22:44:27.592,1854.63
Pulse experiments,pioreactor01,2026-09-14T16:59:27.592Z,0.019187579167,45,4,2026-09-14 22:44:27.592,1854.63
Pulse experiments,pioreactor01,2026-09-14T16:59:32.592Z,0.001885310588,90,2,2026-09-14 22:44:32.592,1854.631388888889
Pulse experiments,pioreactor01,2026-09-14T16:59:32.592Z,0.386738894155,135,3,2026-09-14 22:44:32.592,1854.631388888889
Pulse experiments,pioreactor01,2026-09-14T16:59:32.592Z,0.019437762693,45,4,2026-09-14 22:44:32.592,1854.631388888889
Pulse experiments,pioreactor01,2026-09-14T16:59:37.592Z,0.001888477878,90,2,2026-09-14 22:44:37.592,1854.632777777778
Pulse experiments,pioreactor01,2026-09-14T16:59:37.592Z,0.386660278674,135,3,2026-09-14 22:44:37.592,1854.632777777778
Pulse experiments,pioreactor01,2026-09-14T16:59:37.592Z,0.01939788052,45,4,2026-09-14 22:44:37.592,1854.632777777778
Pulse experiments,pioreactor01,2026-09-14T16:59:42.593Z,0.001894110947,90,2,2026-09-14 22:44:42.593,1854.634166666667
Pulse experiments,pioreactor01,2026-09-14T16:59:42.593Z,0.386445153253,135,3,2026-09-14 22:44:42.593,1854.634166666667
Pulse experiments,pioreactor01,2026-09-14T16:59:42.593Z,0.019454645212,45,4,2026-09-14 22:44:42.593,1854.634166666667
Pulse experiments,pioreactor01,2026-09-14T16:59:47.593Z,0.001904482838,90,2,2026-09-14 22:44:47.593,1854.635555555556
Pulse experiments,pioreactor01,2026-09-14T16:59:47.593Z,0.38660446902,135,3,2026-09-14 22:44:47.593,1854.635555555556
Pulse experiments,pioreactor01,2026-09-14T16:59:47.593Z,0.019478411438,45,4,2026-09-14 22:44:47.593,1854.635555555556
Pulse experiments,pioreactor01,2026-09-14T16:59:52.593Z,0.001879566117,90,2,2026-09-14 22:44:52.593,1854.636944444444
Pulse experiments,pioreactor01,2026-09-14T16:59:52.593Z,0.386588612839,135,3,2026-09-14 22:44:52.593,1854.636944444444
Pulse experiments,pioreactor01,2026-09-14T16:59:52.593Z,0.019411572825,45,4,2026-09-14 22:44:52.593,1854.636944444444
Pulse experiments,pioreactor01,2026-09-14T16:59:57.593Z,0.001898776495,90,2,2026-09-14 22:44:57.593,1854.638333333333
Pulse experiments,pioreactor01,2026-09-14T16:59:57.593Z,0.386618043204,135,3,2026-09-14 22:44:57.593,1854.638333333333
Pulse experiments,pioreactor01,2026-09-14T16:59:57.593Z,0.019404937489,45,4,2026-09-14 22:44:57.593,1854.638333333333
Pulse experiments,pioreactor01,2026-09-14T17:00:02.595Z,0.001874816406,90,2,2026-09-14 22:45:02.595,1854.639722222222
Pulse experiments,pioreactor01,2026-09-14T17:00:02.595Z,0.386625918541,135,3,2026-09-14 22:45:02.595,1854.639722222222
Pulse experiments,pioreactor01,2026-09-14T17:00:02.595Z,0.01925354455,45,4,2026-09-14 22:45:02.595,1854.639722222222
Pulse experiments,pioreactor01,2026-09-14T17:00:07.592Z,0.001952488022,90,2,2026-09-14 22:45:07.592,1854.641111111111
Pulse experiments,pioreactor01,2026-09-14T17:00:07.592Z,0.386528358776,135,3,2026-09-14 22:45:07.592,1854.641111111111
Pulse experiments,pioreactor01,2026-09-14T17:00:07.592Z,0.01982764341,45,4,2026-09-14 22:45:07.592,1854.641111111111
Pulse experiments,pioreactor01,2026-09-14T17:00:12.614Z,0.001901193639,90,2,2026-09-14 22:45:12.614,1854.6425
Pulse experiments,pioreactor01,2026-09-14T17:00:12.614Z,0.386445652531,135,3,2026-09-14 22:45:12.614,1854.6425
Pulse experiments,pioreactor01,2026-09-14T17:00:12.614Z,0.019449167913,45,4,2026-09-14 22:45:12.614,1854.6425
Pulse experiments,pioreactor01,2026-09-14T17:00:17.603Z,0.001889278945,90,2,2026-09-14 22:45:17.603,1854.643888888889
Pulse experiments,pioreactor01,2026-09-14T17:00:17.603Z,0.386234761936,135,3,2026-09-14 22:45:17.603,1854.643888888889
Pulse experiments,pioreactor01,2026-09-14T17:00:17.603Z,0.019340938472,45,4,2026-09-14 22:45:17.603,1854.643888888889
Pulse experiments,pioreactor01,2026-09-14T17:00:22.603Z,0.001867458479,90,2,2026-09-14 22:45:22.603,1854.645277777778
Pulse experiments,pioreactor01,2026-09-14T17:00:22.603Z,0.386257036598,135,3,2026-09-14 22:45:22.603,1854.645277777778
Pulse experiments,pioreactor01,2026-09-14T17:00:22.603Z,0.019347388612,45,4,2026-09-14 22:45:22.603,1854.645277777778
Pulse experiments,pioreactor01,2026-09-14T17:00:27.607Z,0.001843922531,90,2,2026-09-14 22:45:27.607,1854.646666666667
Pulse experiments,pioreactor01,2026-09-14T17:00:27.607Z,0.386216746401,135,3,2026-09-14 22:45:27.607,1854.646666666667
Pulse experiments,pioreactor01,2026-09-14T17:00:27.607Z,0.019253777422,45,4,2026-09-14 22:45:27.607,1854.646666666667
Pulse experiments,pioreactor01,2026-09-14T17:00:32.611Z,0.001881276965,90,2,2026-09-14 22:45:32.611,1854.648055555556
Pulse experiments,pioreactor01,2026-09-14T17:00:32.611Z,0.386125692004,135,3,2026-09-14 22:45:32.611,1854.648055555556
Pulse experiments,pioreactor01,2026-09-14T17:00:32.611Z,0.01942905962,45,4,2026-09-14 22:45:32.611,1854.648055555556
Pulse experiments,pioreactor01,2026-09-14T17:00:37.606Z,0.001867754907,90,2,2026-09-14 22:45:37.606,1854.649444444444
Pulse experiments,pioreactor01,2026-09-14T17:00:37.606Z,0.386199849226,135,3,2026-09-14 22:45:37.606,1854.649444444444
Pulse experiments,pioreactor01,2026-09-14T17:00:37.606Z,0.01931226309,45,4,2026-09-14 22:45:37.606,1854.649444444444
Pulse experiments,pioreactor01,2026-09-14T17:00:42.603Z,0.001869441632,90,2,2026-09-14 22:45:42.603,1854.650833333333
Pulse experiments,pioreactor01,2026-09-14T17:00:42.603Z,0.386041023853,135,3,2026-09-14 22:45:42.603,1854.650833333333
Pulse experiments,pioreactor01,2026-09-14T17:00:42.603Z,0.019409063139,45,4,2026-09-14 22:45:42.603,1854.650833333333
Pulse experiments,pioreactor01,2026-09-14T17:00:47.607Z,0.001866331905,90,2,2026-09-14 22:45:47.607,1854.652222222222
Pulse experiments,pioreactor01,2026-09-14T17:00:47.607Z,0.386099343033,135,3,2026-09-14 22:45:47.607,1854.652222222222
Pulse experiments,pioreactor01,2026-09-14T17:00:47.607Z,0.019357778731,45,4,2026-09-14 22:45:47.607,1854.652222222222
Pulse experiments,pioreactor01,2026-09-14T17:00:52.604Z,0.001862253974,90,2,2026-09-14 22:45:52.604,1854.653611111111
Pulse experiments,pioreactor01,2026-09-14T17:00:52.604Z,0.386280587732,135,3,2026-09-14 22:45:52.604,1854.653611111111
Pulse experiments,pioreactor01,2026-09-14T17:00:52.604Z,0.019204900493,45,4,2026-09-14 22:45:52.604,1854.653611111111
Pulse experiments,pioreactor01,2026-09-14T17:00:57.602Z,0.001872678084,90,2,2026-09-14 22:45:57.602,1854.655
Pulse experiments,pioreactor01,2026-09-14T17:00:57.602Z,0.386519364016,135,3,2026-09-14 22:45:57.602,1854.655
Pulse experiments,pioreactor01,2026-09-14T17:00:57.602Z,0.019289010509,45,4,2026-09-14 22:45:57.602,1854.655
Pulse experiments,pioreactor01,2026-09-14T17:01:02.610Z,0.001852687921,90,2,2026-09-14 22:46:02.610,1854.656388888889
Pulse experiments,pioreactor01,2026-09-14T17:01:02.610Z,0.386310978867,135,3,2026-09-14 22:46:02.610,1854.656388888889
Pulse experiments,pioreactor01,2026-09-14T17:01:02.610Z,0.019239475038,45,4,2026-09-14 22:46:02.610,1854.656388888889
Pulse experiments,pioreactor01,2026-09-14T17:01:07.608Z,0.001865042754,90,2,2026-09-14 22:46:07.608,1854.657777777778
Pulse experiments,pioreactor01,2026-09-14T17:01:07.608Z,0.386474165458,135,3,2026-09-14 22:46:07.608,1854.657777777778
Pulse experiments,pioreactor01,2026-09-14T17:01:07.608Z,0.019277251602,45,4,2026-09-14 22:46:07.608,1854.657777777778
Pulse experiments,pioreactor01,2026-09-14T17:01:12.610Z,0.001844741844,90,2,2026-09-14 22:46:12.610,1854.659166666667
Pulse experiments,pioreactor01,2026-09-14T17:01:12.610Z,0.386527248135,135,3,2026-09-14 22:46:12.610,1854.659166666667
Pulse experiments,pioreactor01,2026-09-14T17:01:12.610Z,0.019216281705,45,4,2026-09-14 22:46:12.610,1854.659166666667
Pulse experiments,pioreactor01,2026-09-14T17:01:17.610Z,0.001941342441,90,2,2026-09-14 22:46:17.610,1854.660555555555
Pulse experiments,pioreactor01,2026-09-14T17:01:17.610Z,0.386486694591,135,3,2026-09-14 22:46:17.610,1854.660555555555
Pulse experiments,pioreactor01,2026-09-14T17:01:17.610Z,0.019834654858,45,4,2026-09-14 22:46:17.610,1854.660555555555
Pulse experiments,pioreactor01,2026-09-14T17:01:22.609Z,0.00196423061,90,2,2026-09-14 22:46:22.609,1854.661944444445
Pulse experiments,pioreactor01,2026-09-14T17:01:22.609Z,0.386576426589,135,3,2026-09-14 22:46:22.609,1854.661944444445
Pulse experiments,pioreactor01,2026-09-14T17:01:22.609Z,0.020004351918,45,4,2026-09-14 22:46:22.609,1854.661944444445
Pulse experiments,pioreactor01,2026-09-14T17:01:27.603Z,0.001900697885,90,2,2026-09-14 22:46:27.603,1854.663333333333
Pulse experiments,pioreactor01,2026-09-14T17:01:27.603Z,0.386560969404,135,3,2026-09-14 22:46:27.603,1854.663333333333
Pulse experiments,pioreactor01,2026-09-14T17:01:27.603Z,0.019477686169,45,4,2026-09-14 22:46:27.603,1854.663333333333
Pulse experiments,pioreactor01,2026-09-14T17:01:32.592Z,0.00188886032,90,2,2026-09-14 22:46:32.592,1854.664722222222
Pulse experiments,pioreactor01,2026-09-14T17:01:32.592Z,0.386692263821,135,3,2026-09-14 22:46:32.592,1854.664722222222
Pulse experiments,pioreactor01,2026-09-14T17:01:32.592Z,0.019283500972,45,4,2026-09-14 22:46:32.592,1854.664722222222
Pulse experiments,pioreactor01,2026-09-14T17:01:37.591Z,0.001912950335,90,2,2026-09-14 22:46:37.591,1854.666111111111
Pulse experiments,pioreactor01,2026-09-14T17:01:37.591Z,0.386616049053,135,3,2026-09-14 22:46:37.591,1854.666111111111
Pulse experiments,pioreactor01,2026-09-14T17:01:37.591Z,0.019433305317,45,4,2026-09-14 22:46:37.591,1854.666111111111
Pulse experiments,pioreactor01,2026-09-14T17:01:42.592Z,0.001863643805,90,2,2026-09-14 22:46:42.592,1854.6675
Pulse experiments,pioreactor01,2026-09-14T17:01:42.592Z,0.386769544264,135,3,2026-09-14 22:46:42.592,1854.6675
Pulse experiments,pioreactor01,2026-09-14T17:01:42.592Z,0.019211286451,45,4,2026-09-14 22:46:42.592,1854.6675
Pulse experiments,pioreactor01,2026-09-14T17:01:47.592Z,0.001904327666,90,2,2026-09-14 22:46:47.592,1854.668888888889
Pulse experiments,pioreactor01,2026-09-14T17:01:47.592Z,0.386678440003,135,3,2026-09-14 22:46:47.592,1854.668888888889
Pulse experiments,pioreactor01,2026-09-14T17:01:47.592Z,0.019458495883,45,4,2026-09-14 22:46:47.592,1854.668888888889
Pulse experiments,pioreactor01,2026-09-14T17:01:52.593Z,0.001864625569,90,2,2026-09-14 22:46:52.593,1854.670277777778
Pulse experiments,pioreactor01,2026-09-14T17:01:52.593Z,0.386523520142,135,3,2026-09-14 22:46:52.593,1854.670277777778
Pulse experiments,pioreactor01,2026-09-14T17:01:52.593Z,0.019332215459,45,4,2026-09-14 22:46:52.593,1854.670277777778
Pulse experiments,pioreactor01,2026-09-14T17:01:57.592Z,0.001895826709,90,2,2026-09-14 22:46:57.592,1854.671666666667
Pulse experiments,pioreactor01,2026-09-14T17:01:57.592Z,0.386492039959,135,3,2026-09-14 22:46:57.592,1854.671666666667
Pulse experiments,pioreactor01,2026-09-14T17:01:57.592Z,0.019434262867,45,4,2026-09-14 22:46:57.592,1854.671666666667
Pulse experiments,pioreactor01,2026-09-14T17:02:02.594Z,0.0018722074,90,2,2026-09-14 22:47:02.594,1854.673055555555
Pulse experiments,pioreactor01,2026-09-14T17:02:02.594Z,0.386480886342,135,3,2026-09-14 22:47:02.594,1854.673055555555
Pulse experiments,pioreactor01,2026-09-14T17:02:02.594Z,0.019159429038,45,4,2026-09-14 22:47:02.594,1854.673055555555
Pulse experiments,pioreactor01,2026-09-14T17:02:07.594Z,0.001846163291,90,2,2026-09-14 22:47:07.594,1854.674444444444
Pulse experiments,pioreactor01,2026-09-14T17:02:07.594Z,0.386275544362,135,3,2026-09-14 22:47:07.594,1854.674444444444
Pulse experiments,pioreactor01,2026-09-14T17:02:07.594Z,0.01912752895,45,4,2026-09-14 22:47:07.594,1854.674444444444
Pulse experiments,pioreactor01,2026-09-14T17:02:12.592Z,0.001892734345,90,2,2026-09-14 22:47:12.592,1854.675833333333
Pulse experiments,pioreactor01,2026-09-14T17:02:12.592Z,0.386558575039,135,3,2026-09-14 22:47:12.592,1854.675833333333
Pulse experiments,pioreactor01,2026-09-14T17:02:12.592Z,0.019483987087,45,4,2026-09-14 22:47:12.592,1854.675833333333
Pulse experiments,pioreactor01,2026-09-14T17:02:17.592Z,0.001872657253,90,2,2026-09-14 22:47:17.592,1854.677222222222
Pulse experiments,pioreactor01,2026-09-14T17:02:17.592Z,0.386525979607,135,3,2026-09-14 22:47:17.592,1854.677222222222
Pulse experiments,pioreactor01,2026-09-14T17:02:17.592Z,0.019410820863,45,4,2026-09-14 22:47:17.592,1854.677222222222
Pulse experiments,pioreactor01,2026-09-14T17:02:22.592Z,0.001854817586,90,2,2026-09-14 22:47:22.592,1854.678611111111
Pulse experiments,pioreactor01,2026-09-14T17:02:22.592Z,0.386430122708,135,3,2026-09-14 22:47:22.592,1854.678611111111
Pulse experiments,pioreactor01,2026-09-14T17:02:22.592Z,0.019240543099,45,4,2026-09-14 22:47:22.592,1854.678611111111
Pulse experiments,pioreactor01,2026-09-14T17:02:27.596Z,0.001857246379,90,2,2026-09-14 22:47:27.596,1854.68
Pulse experiments,pioreactor01,2026-09-14T17:02:27.596Z,0.386551098079,135,3,2026-09-14 22:47:27.596,1854.68
Pulse experiments,pioreactor01,2026-09-14T17:02:27.596Z,0.019179647757,45,4,2026-09-14 22:47:27.596,1854.68
Pulse experiments,pioreactor01,2026-09-14T17:02:32.591Z,0.001857587513,90,2,2026-09-14 22:47:32.591,1854.681388888889
Pulse experiments,pioreactor01,2026-09-14T17:02:32.591Z,0.38638833516,135,3,2026-09-14 22:47:32.591,1854.681388888889
Pulse experiments,pioreactor01,2026-09-14T17:02:32.591Z,0.019130926877,45,4,2026-09-14 22:47:32.591,1854.681388888889
Pulse experiments,pioreactor01,2026-09-14T17:02:37.593Z,0.001887974823,90,2,2026-09-14 22:47:37.593,1854.682777777778
Pulse experiments,pioreactor01,2026-09-14T17:02:37.593Z,0.386405033377,135,3,2026-09-14 22:47:37.593,1854.682777777778
Pulse experiments,pioreactor01,2026-09-14T17:02:37.593Z,0.019290553156,45,4,2026-09-14 22:47:37.593,1854.682777777778
Pulse experiments,pioreactor01,2026-09-14T17:02:42.593Z,0.001855335358,90,2,2026-09-14 22:47:42.593,1854.684166666667
Pulse experiments,pioreactor01,2026-09-14T17:02:42.593Z,0.386529904267,135,3,2026-09-14 22:47:42.593,1854.684166666667
Pulse experiments,pioreactor01,2026-09-14T17:02:42.593Z,0.019289865177,45,4,2026-09-14 22:47:42.593,1854.684166666667
Pulse experiments,pioreactor01,2026-09-14T17:02:47.593Z,0.001859184779,90,2,2026-09-14 22:47:47.593,1854.685555555556
Pulse experiments,pioreactor01,2026-09-14T17:02:47.593Z,0.386419313956,135,3,2026-09-14 22:47:47.593,1854.685555555556
Pulse experiments,pioreactor01,2026-09-14T17:02:47.593Z,0.019319562147,45,4,2026-09-14 22:47:47.593,1854.685555555556
Pulse experiments,pioreactor01,2026-09-14T17:02:52.593Z,0.001848318837,90,2,2026-09-14 22:47:52.593,1854.686944444444
Pulse experiments,pioreactor01,2026-09-14T17:02:52.593Z,0.386477766321,135,3,2026-09-14 22:47:52.593,1854.686944444444
Pulse experiments,pioreactor01,2026-09-14T17:02:52.593Z,0.019139169776,45,4,2026-09-14 22:47:52.593,1854.686944444444
Pulse experiments,pioreactor01,2026-09-14T17:02:57.592Z,0.001847930488,90,2,2026-09-14 22:47:57.592,1854.688333333333
Pulse experiments,pioreactor01,2026-09-14T17:02:57.592Z,0.38651024844,135,3,2026-09-14 22:47:57.592,1854.688333333333
Pulse experiments,pioreactor01,2026-09-14T17:02:57.592Z,0.019221640834,45,4,2026-09-14 22:47:57.592,1854.688333333333
Pulse experiments,pioreactor01,2026-09-14T17:03:02.591Z,0.001825141253,90,2,2026-09-14 22:48:02.591,1854.689722222222
Pulse experiments,pioreactor01,2026-09-14T17:03:02.591Z,0.386647524931,135,3,2026-09-14 22:48:02.591,1854.689722222222
Pulse experiments,pioreactor01,2026-09-14T17:03:02.591Z,0.019094106851,45,4,2026-09-14 22:48:02.591,1854.689722222222
Pulse experiments,pioreactor01,2026-09-14T17:03:07.591Z,0.001851817156,90,2,2026-09-14 22:48:07.591,1854.691111111111
Pulse experiments,pioreactor01,2026-09-14T17:03:07.591Z,0.386563096976,135,3,2026-09-14 22:48:07.591,1854.691111111111
Pulse experiments,pioreactor01,2026-09-14T17:03:07.591Z,0.019440247005,45,4,2026-09-14 22:48:07.591,1854.691111111111
Pulse experiments,pioreactor01,2026-09-14T17:03:12.592Z,0.001865384299,90,2,2026-09-14 22:48:12.592,1854.6925
Pulse experiments,pioreactor01,2026-09-14T17:03:12.592Z,0.386582006612,135,3,2026-09-14 22:48:12.592,1854.6925
Pulse experiments,pioreactor01,2026-09-14T17:03:12.592Z,0.019387527183,45,4,2026-09-14 22:48:12.592,1854.6925
Pulse experiments,pioreactor01,2026-09-14T17:03:17.591Z,0.001852946771,90,2,2026-09-14 22:48:17.591,1854.693888888889
Pulse experiments,pioreactor01,2026-09-14T17:03:17.591Z,0.386270307384,135,3,2026-09-14 22:48:17.591,1854.693888888889
Pulse experiments,pioreactor01,2026-09-14T17:03:17.591Z,0.019106447799,45,4,2026-09-14 22:48:17.591,1854.693888888889
Pulse experiments,pioreactor01,2026-09-14T17:03:22.592Z,0.001848380911,90,2,2026-09-14 22:48:22.592,1854.695277777778
Pulse experiments,pioreactor01,2026-09-14T17:03:22.592Z,0.386455427446,135,3,2026-09-14 22:48:22.592,1854.695277777778
Pulse experiments,pioreactor01,2026-09-14T17:03:22.592Z,0.019155645333,45,4,2026-09-14 22:48:22.592,1854.695277777778
Pulse experiments,pioreactor01,2026-09-14T17:03:27.593Z,0.001835206726,90,2,2026-09-14 22:48:27.593,1854.696666666667
Pulse experiments,pioreactor01,2026-09-14T17:03:27.593Z,0.386657747598,135,3,2026-09-14 22:48:27.593,1854.696666666667
Pulse experiments,pioreactor01,2026-09-14T17:03:27.593Z,0.019236659376,45,4,2026-09-14 22:48:27.593,1854.696666666667
Pulse experiments,pioreactor01,2026-09-14T17:03:32.592Z,0.001855797465,90,2,2026-09-14 22:48:32.592,1854.698055555556
Pulse experiments,pioreactor01,2026-09-14T17:03:32.592Z,0.386660662818,135,3,2026-09-14 22:48:32.592,1854.698055555556
Pulse experiments,pioreactor01,2026-09-14T17:03:32.592Z,0.019161810843,45,4,2026-09-14 22:48:32.592,1854.698055555556
Pulse experiments,pioreactor01,2026-09-14T17:03:37.593Z,0.001865848136,90,2,2026-09-14 22:48:37.593,1854.699444444444
Pulse experiments,pioreactor01,2026-09-14T17:03:37.593Z,0.386533035518,135,3,2026-09-14 22:48:37.593,1854.699444444444
Pulse experiments,pioreactor01,2026-09-14T17:03:37.593Z,0.019270948886,45,4,2026-09-14 22:48:37.593,1854.699444444444
Pulse experiments,pioreactor01,2026-09-14T17:03:42.592Z,0.001845626041,90,2,2026-09-14 22:48:42.592,1854.700833333333
Pulse experiments,pioreactor01,2026-09-14T17:03:42.592Z,0.386640566776,135,3,2026-09-14 22:48:42.592,1854.700833333333
Pulse experiments,pioreactor01,2026-09-14T17:03:42.592Z,0.019130898141,45,4,2026-09-14 22:48:42.592,1854.700833333333
Pulse experiments,pioreactor01,2026-09-14T17:03:47.592Z,0.001863450751,90,2,2026-09-14 22:48:47.592,1854.702222222222
Pulse experiments,pioreactor01,2026-09-14T17:03:47.592Z,0.386706796774,135,3,2026-09-14 22:48:47.592,1854.702222222222
Pulse experiments,pioreactor01,2026-09-14T17:03:47.592Z,0.019110619099,45,4,2026-09-14 22:48:47.592,1854.702222222222
Pulse experiments,pioreactor01,2026-09-14T17:03:52.592Z,0.001847768774,90,2,2026-09-14 22:48:52.592,1854.703611111111
Pulse experiments,pioreactor01,2026-09-14T17:03:52.592Z,0.386487346062,135,3,2026-09-14 22:48:52.592,1854.703611111111
Pulse experiments,pioreactor01,2026-09-14T17:03:52.592Z,0.019094381844,45,4,2026-09-14 22:48:52.592,1854.703611111111
Pulse experiments,pioreactor01,2026-09-14T17:03:57.592Z,0.001843276881,90,2,2026-09-14 22:48:57.592,1854.705
Pulse experiments,pioreactor01,2026-09-14T17:03:57.592Z,0.386334918977,135,3,2026-09-14 22:48:57.592,1854.705
Pulse experiments,pioreactor01,2026-09-14T17:03:57.592Z,0.019212832133,45,4,2026-09-14 22:48:57.592,1854.705
Pulse experiments,pioreactor01,2026-09-14T17:04:02.593Z,0.001862857139,90,2,2026-09-14 22:49:02.593,1854.706388888889
Pulse experiments,pioreactor01,2026-09-14T17:04:02.593Z,0.386474085114,135,3,2026-09-14 22:49:02.593,1854.706388888889
Pulse experiments,pioreactor01,2026-09-14T17:04:02.593Z,0.019217499887,45,4,2026-09-14 22:49:02.593,1854.706388888889
Pulse experiments,pioreactor01,2026-09-14T17:04:07.593Z,0.001856075514,90,2,2026-09-14 22:49:07.593,1854.707777777778
Pulse experiments,pioreactor01,2026-09-14T17:04:07.593Z,0.38657623146,135,3,2026-09-14 22:49:07.593,1854.707777777778
Pulse experiments,pioreactor01,2026-09-14T17:04:07.593Z,0.019313521239,45,4,2026-09-14 22:49:07.593,1854.707777777778
Pulse experiments,pioreactor01,2026-09-14T17:04:12.592Z,0.001847557479,90,2,2026-09-14 22:49:12.592,1854.709166666667
Pulse experiments,pioreactor01,2026-09-14T17:04:12.592Z,0.386637925051,135,3,2026-09-14 22:49:12.592,1854.709166666667
Pulse experiments,pioreactor01,2026-09-14T17:04:12.592Z,0.019255157132,45,4,2026-09-14 22:49:12.592,1854.709166666667
Pulse experiments,pioreactor01,2026-09-14T17:04:17.591Z,0.001903244788,90,2,2026-09-14 22:49:17.591,1854.710555555556
Pulse experiments,pioreactor01,2026-09-14T17:04:17.591Z,0.386541303832,135,3,2026-09-14 22:49:17.591,1854.710555555556
Pulse experiments,pioreactor01,2026-09-14T17:04:17.591Z,0.019426729307,45,4,2026-09-14 22:49:17.591,1854.710555555556
Pulse experiments,pioreactor01,2026-09-14T17:04:22.592Z,0.001854333748,90,2,2026-09-14 22:49:22.592,1854.711944444444
Pulse experiments,pioreactor01,2026-09-14T17:04:22.592Z,0.386648515843,135,3,2026-09-14 22:49:22.592,1854.711944444444
Pulse experiments,pioreactor01,2026-09-14T17:04:22.592Z,0.019275821984,45,4,2026-09-14 22:49:22.592,1854.711944444444
Pulse experiments,pioreactor01,2026-09-14T17:04:27.592Z,0.001847039347,90,2,2026-09-14 22:49:27.592,1854.713333333333
Pulse experiments,pioreactor01,2026-09-14T17:04:27.592Z,0.386339489174,135,3,2026-09-14 22:49:27.592,1854.713333333333
Pulse experiments,pioreactor01,2026-09-14T17:04:27.592Z,0.01915909315,45,4,2026-09-14 22:49:27.592,1854.713333333333
Pulse experiments,pioreactor01,2026-09-14T17:04:32.594Z,0.001843428073,90,2,2026-09-14 22:49:32.594,1854.714722222222
Pulse experiments,pioreactor01,2026-09-14T17:04:32.594Z,0.386560129019,135,3,2026-09-14 22:49:32.594,1854.714722222222
Pulse experiments,pioreactor01,2026-09-14T17:04:32.594Z,0.01929839071,45,4,2026-09-14 22:49:32.594,1854.714722222222
Pulse experiments,pioreactor01,2026-09-14T17:04:37.592Z,0.00185277456,90,2,2026-09-14 22:49:37.592,1854.716111111111
Pulse experiments,pioreactor01,2026-09-14T17:04:37.592Z,0.386343389213,135,3,2026-09-14 22:49:37.592,1854.716111111111
Pulse experiments,pioreactor01,2026-09-14T17:04:37.592Z,0.019578330797,45,4,2026-09-14 22:49:37.592,1854.716111111111
Pulse experiments,pioreactor01,2026-09-14T17:04:42.592Z,0.001828624339,90,2,2026-09-14 22:49:42.592,1854.7175
Pulse experiments,pioreactor01,2026-09-14T17:04:42.592Z,0.386191267841,135,3,2026-09-14 22:49:42.592,1854.7175
Pulse experiments,pioreactor01,2026-09-14T17:04:42.592Z,0.019273263924,45,4,2026-09-14 22:49:42.592,1854.7175
Pulse experiments,pioreactor01,2026-09-14T17:04:47.593Z,0.001897551445,90,2,2026-09-14 22:49:47.593,1854.718888888889
Pulse experiments,pioreactor01,2026-09-14T17:04:47.593Z,0.386319592114,135,3,2026-09-14 22:49:47.593,1854.718888888889
Pulse experiments,pioreactor01,2026-09-14T17:04:47.593Z,0.01969641448,45,4,2026-09-14 22:49:47.593,1854.718888888889
Pulse experiments,pioreactor01,2026-09-14T17:04:52.591Z,0.001867089623,90,2,2026-09-14 22:49:52.591,1854.720277777778
Pulse experiments,pioreactor01,2026-09-14T17:04:52.591Z,0.386426756008,135,3,2026-09-14 22:49:52.591,1854.720277777778
Pulse experiments,pioreactor01,2026-09-14T17:04:52.591Z,0.0192990934,45,4,2026-09-14 22:49:52.591,1854.720277777778
Pulse experiments,pioreactor01,2026-09-14T17:04:57.592Z,0.001857529509,90,2,2026-09-14 22:49:57.592,1854.721666666667
Pulse experiments,pioreactor01,2026-09-14T17:04:57.592Z,0.386530187899,135,3,2026-09-14 22:49:57.592,1854.721666666667
Pulse experiments,pioreactor01,2026-09-14T17:04:57.592Z,0.019300294,45,4,2026-09-14 22:49:57.592,1854.721666666667
Pulse experiments,pioreactor01,2026-09-14T17:05:02.593Z,0.001852689789,90,2,2026-09-14 22:50:02.593,1854.723055555555
Pulse experiments,pioreactor01,2026-09-14T17:05:02.593Z,0.386315414565,135,3,2026-09-14 22:50:02.593,1854.723055555555
Pulse experiments,pioreactor01,2026-09-14T17:05:02.593Z,0.019247510539,45,4,2026-09-14 22:50:02.593,1854.723055555555
Pulse experiments,pioreactor01,2026-09-14T17:05:07.591Z,0.001869247038,90,2,2026-09-14 22:50:07.591,1854.724444444445
Pulse experiments,pioreactor01,2026-09-14T17:05:07.591Z,0.385853498897,135,3,2026-09-14 22:50:07.591,1854.724444444445
Pulse experiments,pioreactor01,2026-09-14T17:05:07.591Z,0.019217512334,45,4,2026-09-14 22:50:07.591,1854.724444444445
Pulse experiments,pioreactor01,2026-09-14T17:05:12.593Z,0.001865887153,90,2,2026-09-14 22:50:12.593,1854.725833333333
Pulse experiments,pioreactor01,2026-09-14T17:05:12.593Z,0.386071333821,135,3,2026-09-14 22:50:12.593,1854.725833333333
Pulse experiments,pioreactor01,2026-09-14T17:05:12.593Z,0.019459124545,45,4,2026-09-14 22:50:12.593,1854.725833333333
Pulse experiments,pioreactor01,2026-09-14T17:05:17.593Z,0.00186737752,90,2,2026-09-14 22:50:17.593,1854.727222222222
Pulse experiments,pioreactor01,2026-09-14T17:05:17.593Z,0.386411867971,135,3,2026-09-14 22:50:17.593,1854.727222222222
Pulse experiments,pioreactor01,2026-09-14T17:05:17.593Z,0.019301647295,45,4,2026-09-14 22:50:17.593,1854.727222222222
Pulse experiments,pioreactor01,2026-09-14T17:05:22.592Z,0.001872538525,90,2,2026-09-14 22:50:22.592,1854.728611111111
Pulse experiments,pioreactor01,2026-09-14T17:05:22.592Z,0.386580543775,135,3,2026-09-14 22:50:22.592,1854.728611111111
Pulse experiments,pioreactor01,2026-09-14T17:05:22.592Z,0.019423291994,45,4,2026-09-14 22:50:22.592,1854.728611111111
Pulse experiments,pioreactor01,2026-09-14T17:05:27.593Z,0.001904174899,90,2,2026-09-14 22:50:27.593,1854.73
Pulse experiments,pioreactor01,2026-09-14T17:05:27.593Z,0.38661413698,135,3,2026-09-14 22:50:27.593,1854.73
Pulse experiments,pioreactor01,2026-09-14T17:05:27.593Z,0.019494590518,45,4,2026-09-14 22:50:27.593,1854.73
Pulse experiments,pioreactor01,2026-09-14T17:05:32.594Z,0.001859536066,90,2,2026-09-14 22:50:32.594,1854.731388888889
Pulse experiments,pioreactor01,2026-09-14T17:05:32.594Z,0.386601286357,135,3,2026-09-14 22:50:32.594,1854.731388888889
Pulse experiments,pioreactor01,2026-09-14T17:05:32.594Z,0.019405468672,45,4,2026-09-14 22:50:32.594,1854.731388888889
Pulse experiments,pioreactor01,2026-09-14T17:05:37.592Z,0.001845522527,90,2,2026-09-14 22:50:37.592,1854.732777777778
Pulse experiments,pioreactor01,2026-09-14T17:05:37.592Z,0.386613762935,135,3,2026-09-14 22:50:37.592,1854.732777777778
Pulse experiments,pioreactor01,2026-09-14T17:05:37.592Z,0.019118943572,45,4,2026-09-14 22:50:37.592,1854.732777777778
Pulse experiments,pioreactor01,2026-09-14T17:05:42.592Z,0.001873086138,90,2,2026-09-14 22:50:42.592,1854.734166666667
Pulse experiments,pioreactor01,2026-09-14T17:05:42.592Z,0.386739903015,135,3,2026-09-14 22:50:42.592,1854.734166666667
Pulse experiments,pioreactor01,2026-09-14T17:05:42.592Z,0.019321065176,45,4,2026-09-14 22:50:42.592,1854.734166666667
Pulse experiments,pioreactor01,2026-09-14T17:05:47.594Z,0.001878968346,90,2,2026-09-14 22:50:47.594,1854.735555555555
Pulse experiments,pioreactor01,2026-09-14T17:05:47.594Z,0.386729143783,135,3,2026-09-14 22:50:47.594,1854.735555555555
Pulse experiments,pioreactor01,2026-09-14T17:05:47.594Z,0.01940831179,45,4,2026-09-14 22:50:47.594,1854.735555555555
Pulse experiments,pioreactor01,2026-09-14T17:05:52.593Z,0.001860831665,90,2,2026-09-14 22:50:52.593,1854.736944444444
Pulse experiments,pioreactor01,2026-09-14T17:05:52.593Z,0.386665601429,135,3,2026-09-14 22:50:52.593,1854.736944444444
Pulse experiments,pioreactor01,2026-09-14T17:05:52.593Z,0.019374054582,45,4,2026-09-14 22:50:52.593,1854.736944444444
Pulse experiments,pioreactor01,2026-09-14T17:05:57.591Z,0.001856361345,90,2,2026-09-14 22:50:57.591,1854.738333333333
Pulse experiments,pioreactor01,2026-09-14T17:05:57.591Z,0.386793551088,135,3,2026-09-14 22:50:57.591,1854.738333333333
Pulse experiments,pioreactor01,2026-09-14T17:05:57.591Z,0.019258770831,45,4,2026-09-14 22:50:57.591,1854.738333333333
Pulse experiments,pioreactor01,2026-09-14T17:06:02.592Z,0.001840647589,90,2,2026-09-14 22:51:02.592,1854.739722222222
Pulse experiments,pioreactor01,2026-09-14T17:06:02.592Z,0.386672011216,135,3,2026-09-14 22:51:02.592,1854.739722222222
Pulse experiments,pioreactor01,2026-09-14T17:06:02.592Z,0.019242739356,45,4,2026-09-14 22:51:02.592,1854.739722222222
Pulse experiments,pioreactor01,2026-09-14T17:06:07.594Z,0.00185013324,90,2,2026-09-14 22:51:07.594,1854.741111111111
Pulse experiments,pioreactor01,2026-09-14T17:06:07.594Z,0.386667244624,135,3,2026-09-14 22:51:07.594,1854.741111111111
Pulse experiments,pioreactor01,2026-09-14T17:06:07.594Z,0.019270956691,45,4,2026-09-14 22:51:07.594,1854.741111111111
Pulse experiments,pioreactor01,2026-09-14T17:06:12.591Z,0.001844648032,90,2,2026-09-14 22:51:12.591,1854.7425
Pulse experiments,pioreactor01,2026-09-14T17:06:12.591Z,0.386695823361,135,3,2026-09-14 22:51:12.591,1854.7425
Pulse experiments,pioreactor01,2026-09-14T17:06:12.591Z,0.019274971792,45,4,2026-09-14 22:51:12.591,1854.7425
Pulse experiments,pioreactor01,2026-09-14T17:06:17.591Z,0.001853945107,90,2,2026-09-14 22:51:17.591,1854.743888888889
Pulse experiments,pioreactor01,2026-09-14T17:06:17.591Z,0.386345335393,135,3,2026-09-14 22:51:17.591,1854.743888888889
Pulse experiments,pioreactor01,2026-09-14T17:06:17.591Z,0.019406575674,45,4,2026-09-14 22:51:17.591,1854.743888888889
Pulse experiments,pioreactor01,2026-09-14T17:06:22.591Z,0.001839775374,90,2,2026-09-14 22:51:22.591,1854.745277777778
Pulse experiments,pioreactor01,2026-09-14T17:06:22.591Z,0.386612733948,135,3,2026-09-14 22:51:22.591,1854.745277777778
Pulse experiments,pioreactor01,2026-09-14T17:06:22.591Z,0.019114943541,45,4,2026-09-14 22:51:22.591,1854.745277777778
Pulse experiments,pioreactor01,2026-09-14T17:06:27.593Z,0.001835520521,90,2,2026-09-14 22:51:27.593,1854.746666666667
Pulse experiments,pioreactor01,2026-09-14T17:06:27.593Z,0.386637449867,135,3,2026-09-14 22:51:27.593,1854.746666666667
Pulse experiments,pioreactor01,2026-09-14T17:06:27.593Z,0.019111402134,45,4,2026-09-14 22:51:27.593,1854.746666666667
Pulse experiments,pioreactor01,2026-09-14T17:06:32.591Z,0.001859383711,90,2,2026-09-14 22:51:32.591,1854.748055555556
Pulse experiments,pioreactor01,2026-09-14T17:06:32.591Z,0.38672761821,135,3,2026-09-14 22:51:32.591,1854.748055555556
Pulse experiments,pioreactor01,2026-09-14T17:06:32.591Z,0.019706476484,45,4,2026-09-14 22:51:32.591,1854.748055555556
Pulse experiments,pioreactor01,2026-09-14T17:06:37.591Z,0.001830060216,90,2,2026-09-14 22:51:37.591,1854.749444444444
Pulse experiments,pioreactor01,2026-09-14T17:06:37.591Z,0.386682933692,135,3,2026-09-14 22:51:37.591,1854.749444444444
Pulse experiments,pioreactor01,2026-09-14T17:06:37.591Z,0.019283686094,45,4,2026-09-14 22:51:37.591,1854.749444444444
Pulse experiments,pioreactor01,2026-09-14T17:06:42.592Z,0.001838126084,90,2,2026-09-14 22:51:42.592,1854.750833333333
Pulse experiments,pioreactor01,2026-09-14T17:06:42.592Z,0.386783739128,135,3,2026-09-14 22:51:42.592,1854.750833333333
Pulse experiments,pioreactor01,2026-09-14T17:06:42.592Z,0.019255607578,45,4,2026-09-14 22:51:42.592,1854.750833333333
Pulse experiments,pioreactor01,2026-09-14T17:06:47.595Z,0.001870598852,90,2,2026-09-14 22:51:47.595,1854.752222222222
Pulse experiments,pioreactor01,2026-09-14T17:06:47.595Z,0.386784915115,135,3,2026-09-14 22:51:47.595,1854.752222222222
Pulse experiments,pioreactor01,2026-09-14T17:06:47.595Z,0.019477067693,45,4,2026-09-14 22:51:47.595,1854.752222222222
Pulse experiments,pioreactor01,2026-09-14T17:06:52.591Z,0.00185889694,90,2,2026-09-14 22:51:52.591,1854.753611111111
Pulse experiments,pioreactor01,2026-09-14T17:06:52.591Z,0.386669364793,135,3,2026-09-14 22:51:52.591,1854.753611111111
Pulse experiments,pioreactor01,2026-09-14T17:06:52.591Z,0.019442686691,45,4,2026-09-14 22:51:52.591,1854.753611111111
Pulse experiments,pioreactor01,2026-09-14T17:06:57.592Z,0.001858115483,90,2,2026-09-14 22:51:57.592,1854.755
Pulse experiments,pioreactor01,2026-09-14T17:06:57.592Z,0.386609281566,135,3,2026-09-14 22:51:57.592,1854.755
Pulse experiments,pioreactor01,2026-09-14T17:06:57.592Z,0.019289581933,45,4,2026-09-14 22:51:57.592,1854.755
Pulse experiments,pioreactor01,2026-09-14T17:07:02.592Z,0.001889373725,90,2,2026-09-14 22:52:02.592,1854.756388888889
Pulse experiments,pioreactor01,2026-09-14T17:07:02.592Z,0.386697480875,135,3,2026-09-14 22:52:02.592,1854.756388888889
Pulse experiments,pioreactor01,2026-09-14T17:07:02.592Z,0.019296938829,45,4,2026-09-14 22:52:02.592,1854.756388888889
Pulse experiments,pioreactor01,2026-09-14T17:07:07.592Z,0.001848389189,90,2,2026-09-14 22:52:07.592,1854.757777777778
Pulse experiments,pioreactor01,2026-09-14T17:07:07.592Z,0.386781390581,135,3,2026-09-14 22:52:07.592,1854.757777777778
Pulse experiments,pioreactor01,2026-09-14T17:07:07.592Z,0.019044943265,45,4,2026-09-14 22:52:07.592,1854.757777777778
Pulse experiments,pioreactor01,2026-09-14T17:07:12.593Z,0.001856627086,90,2,2026-09-14 22:52:12.593,1854.759166666667
Pulse experiments,pioreactor01,2026-09-14T17:07:12.593Z,0.386686476887,135,3,2026-09-14 22:52:12.593,1854.759166666667
Pulse experiments,pioreactor01,2026-09-14T17:07:12.593Z,0.019283873752,45,4,2026-09-14 22:52:12.593,1854.759166666667
Pulse experiments,pioreactor01,2026-09-14T17:07:17.597Z,0.001836055957,90,2,2026-09-14 22:52:17.597,1854.760555555556
Pulse experiments,pioreactor01,2026-09-14T17:07:17.597Z,0.386528673857,135,3,2026-09-14 22:52:17.597,1854.760555555556
Pulse experiments,pioreactor01,2026-09-14T17:07:17.597Z,0.019059902901,45,4,2026-09-14 22:52:17.597,1854.760555555556
Pulse experiments,pioreactor01,2026-09-14T17:07:22.600Z,0.001847533077,90,2,2026-09-14 22:52:22.600,1854.761944444444
Pulse experiments,pioreactor01,2026-09-14T17:07:22.600Z,0.386642527866,135,3,2026-09-14 22:52:22.600,1854.761944444444
Pulse experiments,pioreactor01,2026-09-14T17:07:22.600Z,0.019149844552,45,4,2026-09-14 22:52:22.600,1854.761944444444
Pulse experiments,pioreactor01,2026-09-14T17:07:27.660Z,0.001871965358,90,2,2026-09-14 22:52:27.660,1854.763333333333
Pulse experiments,pioreactor01,2026-09-14T17:07:27.660Z,0.386303957987,135,3,2026-09-14 22:52:27.660,1854.763333333333
Pulse experiments,pioreactor01,2026-09-14T17:07:27.660Z,0.019280720058,45,4,2026-09-14 22:52:27.660,1854.763333333333
Pulse experiments,pioreactor01,2026-09-14T17:07:32.604Z,0.00195379096,90,2,2026-09-14 22:52:32.604,1854.764722222222
Pulse experiments,pioreactor01,2026-09-14T17:07:32.604Z,0.386933271182,135,3,2026-09-14 22:52:32.604,1854.764722222222
Pulse experiments,pioreactor01,2026-09-14T17:07:32.604Z,0.01942019869,45,4,2026-09-14 22:52:32.604,1854.764722222222
Pulse experiments,pioreactor01,2026-09-14T17:07:37.602Z,0.002019932248,90,2,2026-09-14 22:52:37.602,1854.766111111111
Pulse experiments,pioreactor01,2026-09-14T17:07:37.602Z,0.387987710226,135,3,2026-09-14 22:52:37.602,1854.766111111111
Pulse experiments,pioreactor01,2026-09-14T17:07:37.602Z,0.01967132845,45,4,2026-09-14 22:52:37.602,1854.766111111111
Pulse experiments,pioreactor01,2026-09-14T17:07:42.601Z,0.002077846508,90,2,2026-09-14 22:52:42.601,1854.7675
Pulse experiments,pioreactor01,2026-09-14T17:07:42.601Z,0.388750478586,135,3,2026-09-14 22:52:42.601,1854.7675
Pulse experiments,pioreactor01,2026-09-14T17:07:42.601Z,0.01963951466,45,4,2026-09-14 22:52:42.601,1854.7675
Pulse experiments,pioreactor01,2026-09-14T17:07:47.599Z,0.002085034775,90,2,2026-09-14 22:52:47.599,1854.768888888889
Pulse experiments,pioreactor01,2026-09-14T17:07:47.599Z,0.389086718863,135,3,2026-09-14 22:52:47.599,1854.768888888889
Pulse experiments,pioreactor01,2026-09-14T17:07:47.599Z,0.019640278895,45,4,2026-09-14 22:52:47.599,1854.768888888889
Pulse experiments,pioreactor01,2026-09-14T17:07:52.615Z,0.002109237254,90,2,2026-09-14 22:52:52.615,1854.770277777778
Pulse experiments,pioreactor01,2026-09-14T17:07:52.615Z,0.389100987052,135,3,2026-09-14 22:52:52.615,1854.770277777778
Pulse experiments,pioreactor01,2026-09-14T17:07:52.615Z,0.019873384157,45,4,2026-09-14 22:52:52.615,1854.770277777778
Pulse experiments,pioreactor01,2026-09-14T17:07:57.602Z,0.002102289629,90,2,2026-09-14 22:52:57.602,1854.771666666667
Pulse experiments,pioreactor01,2026-09-14T17:07:57.602Z,0.389272945031,135,3,2026-09-14 22:52:57.602,1854.771666666667
Pulse experiments,pioreactor01,2026-09-14T17:07:57.602Z,0.019735115076,45,4,2026-09-14 22:52:57.602,1854.771666666667
Pulse experiments,pioreactor01,2026-09-14T17:08:02.602Z,0.002097399104,90,2,2026-09-14 22:53:02.602,1854.773055555556
Pulse experiments,pioreactor01,2026-09-14T17:08:02.602Z,0.389302851092,135,3,2026-09-14 22:53:02.602,1854.773055555556
Pulse experiments,pioreactor01,2026-09-14T17:08:02.602Z,0.019765972189,45,4,2026-09-14 22:53:02.602,1854.773055555556
Pulse experiments,pioreactor01,2026-09-14T17:08:07.602Z,0.002104002712,90,2,2026-09-14 22:53:07.602,1854.774444444444
Pulse experiments,pioreactor01,2026-09-14T17:08:07.602Z,0.389073780752,135,3,2026-09-14 22:53:07.602,1854.774444444444
Pulse experiments,pioreactor01,2026-09-14T17:08:07.602Z,0.01968180919,45,4,2026-09-14 22:53:07.602,1854.774444444444
Pulse experiments,pioreactor01,2026-09-14T17:08:12.598Z,0.002587302675,90,2,2026-09-14 22:53:12.598,1854.775833333333
Pulse experiments,pioreactor01,2026-09-14T17:08:12.598Z,0.37936378907,135,3,2026-09-14 22:53:12.598,1854.775833333333
Pulse experiments,pioreactor01,2026-09-14T17:08:12.598Z,0.029086557201,45,4,2026-09-14 22:53:12.598,1854.775833333333
Pulse experiments,pioreactor01,2026-09-14T17:08:17.607Z,0.002694970708,90,2,2026-09-14 22:53:17.607,1854.777222222222
Pulse experiments,pioreactor01,2026-09-14T17:08:17.607Z,0.372990321024,135,3,2026-09-14 22:53:17.607,1854.777222222222
Pulse experiments,pioreactor01,2026-09-14T17:08:17.607Z,0.033013374455,45,4,2026-09-14 22:53:17.607,1854.777222222222
Pulse experiments,pioreactor01,2026-09-14T17:08:22.601Z,0.002690324877,90,2,2026-09-14 22:53:22.601,1854.778611111111
Pulse experiments,pioreactor01,2026-09-14T17:08:22.601Z,0.369002222059,135,3,2026-09-14 22:53:22.601,1854.778611111111
Pulse experiments,pioreactor01,2026-09-14T17:08:22.601Z,0.034425861638,45,4,2026-09-14 22:53:22.601,1854.778611111111
Pulse experiments,pioreactor01,2026-09-14T17:08:27.608Z,0.002700603467,90,2,2026-09-14 22:53:27.608,1854.78
Pulse experiments,pioreactor01,2026-09-14T17:08:27.608Z,0.367578695921,135,3,2026-09-14 22:53:27.608,1854.78
Pulse experiments,pioreactor01,2026-09-14T17:08:27.608Z,0.035170904212,45,4,2026-09-14 22:53:27.608,1854.78
Pulse experiments,pioreactor01,2026-09-14T17:08:32.610Z,0.002709243869,90,2,2026-09-14 22:53:32.610,1854.781388888889
Pulse experiments,pioreactor01,2026-09-14T17:08:32.610Z,0.366607051594,135,3,2026-09-14 22:53:32.610,1854.781388888889
Pulse experiments,pioreactor01,2026-09-14T17:08:32.610Z,0.035221081872,45,4,2026-09-14 22:53:32.610,1854.781388888889
Pulse experiments,pioreactor01,2026-09-14T17:08:37.604Z,0.002703316931,90,2,2026-09-14 22:53:37.604,1854.782777777778
Pulse experiments,pioreactor01,2026-09-14T17:08:37.604Z,0.367145806544,135,3,2026-09-14 22:53:37.604,1854.782777777778
Pulse experiments,pioreactor01,2026-09-14T17:08:37.604Z,0.034935407798,45,4,2026-09-14 22:53:37.604,1854.782777777778
Pulse experiments,pioreactor01,2026-09-14T17:08:42.609Z,0.002660527356,90,2,2026-09-14 22:53:42.609,1854.784166666667
Pulse experiments,pioreactor01,2026-09-14T17:08:42.609Z,0.367703176421,135,3,2026-09-14 22:53:42.609,1854.784166666667
Pulse experiments,pioreactor01,2026-09-14T17:08:42.609Z,0.034486508186,45,4,2026-09-14 22:53:42.609,1854.784166666667
Pulse experiments,pioreactor01,2026-09-14T17:08:47.608Z,0.002621482986,90,2,2026-09-14 22:53:47.608,1854.785555555555
Pulse experiments,pioreactor01,2026-09-14T17:08:47.608Z,0.367905313913,135,3,2026-09-14 22:53:47.608,1854.785555555555
Pulse experiments,pioreactor01,2026-09-14T17:08:47.608Z,0.033910602748,45,4,2026-09-14 22:53:47.608,1854.785555555555
Pulse experiments,pioreactor01,2026-09-14T17:08:52.607Z,0.002585812192,90,2,2026-09-14 22:53:52.607,1854.786944444445
Pulse experiments,pioreactor01,2026-09-14T17:08:52.607Z,0.368435912062,135,3,2026-09-14 22:53:52.607,1854.786944444445
Pulse experiments,pioreactor01,2026-09-14T17:08:52.607Z,0.03340319226,45,4,2026-09-14 22:53:52.607,1854.786944444445
Pulse experiments,pioreactor01,2026-09-14T17:08:57.605Z,0.002570115545,90,2,2026-09-14 22:53:57.605,1854.788333333333
Pulse experiments,pioreactor01,2026-09-14T17:08:57.605Z,0.368876815017,135,3,2026-09-14 22:53:57.605,1854.788333333333
Pulse experiments,pioreactor01,2026-09-14T17:08:57.605Z,0.032818524599,45,4,2026-09-14 22:53:57.605,1854.788333333333
Pulse experiments,pioreactor01,2026-09-14T17:09:02.603Z,0.002543414792,90,2,2026-09-14 22:54:02.603,1854.789722222222
Pulse experiments,pioreactor01,2026-09-14T17:09:02.603Z,0.369163032085,135,3,2026-09-14 22:54:02.603,1854.789722222222
Pulse experiments,pioreactor01,2026-09-14T17:09:02.603Z,0.032478029604,45,4,2026-09-14 22:54:02.603,1854.789722222222
Pulse experiments,pioreactor01,2026-09-14T17:09:07.601Z,0.002530264327,90,2,2026-09-14 22:54:07.601,1854.791111111111
Pulse experiments,pioreactor01,2026-09-14T17:09:07.601Z,0.369605901659,135,3,2026-09-14 22:54:07.601,1854.791111111111
Pulse experiments,pioreactor01,2026-09-14T17:09:07.601Z,0.031933777273,45,4,2026-09-14 22:54:07.601,1854.791111111111
Pulse experiments,pioreactor01,2026-09-14T17:09:12.606Z,0.002541294449,90,2,2026-09-14 22:54:12.606,1854.7925
Pulse experiments,pioreactor01,2026-09-14T17:09:12.606Z,0.370616080469,135,3,2026-09-14 22:54:12.606,1854.7925
Pulse experiments,pioreactor01,2026-09-14T17:09:12.606Z,0.031731934535,45,4,2026-09-14 22:54:12.606,1854.7925
Pulse experiments,pioreactor01,2026-09-14T17:09:17.618Z,0.002470920204,90,2,2026-09-14 22:54:17.618,1854.793888888889
Pulse experiments,pioreactor01,2026-09-14T17:09:17.618Z,0.371345519433,135,3,2026-09-14 22:54:17.618,1854.793888888889
Pulse experiments,pioreactor01,2026-09-14T17:09:17.618Z,0.030790720421,45,4,2026-09-14 22:54:17.618,1854.793888888889
Pulse experiments,pioreactor01,2026-09-14T17:09:22.605Z,0.002508492752,90,2,2026-09-14 22:54:22.605,1854.795277777778
Pulse experiments,pioreactor01,2026-09-14T17:09:22.605Z,0.371796982647,135,3,2026-09-14 22:54:22.605,1854.795277777778
Pulse experiments,pioreactor01,2026-09-14T17:09:22.605Z,0.030887485967,45,4,2026-09-14 22:54:22.605,1854.795277777778
Pulse experiments,pioreactor01,2026-09-14T17:09:27.605Z,0.002439061322,90,2,2026-09-14 22:54:27.605,1854.796666666667
Pulse experiments,pioreactor01,2026-09-14T17:09:27.605Z,0.372623454902,135,3,2026-09-14 22:54:27.605,1854.796666666667
Pulse experiments,pioreactor01,2026-09-14T17:09:27.605Z,0.030284257875,45,4,2026-09-14 22:54:27.605,1854.796666666667
Pulse experiments,pioreactor01,2026-09-14T17:09:32.600Z,0.002397545777,90,2,2026-09-14 22:54:32.600,1854.798055555555
Pulse experiments,pioreactor01,2026-09-14T17:09:32.600Z,0.373369813385,135,3,2026-09-14 22:54:32.600,1854.798055555555
Pulse experiments,pioreactor01,2026-09-14T17:09:32.600Z,0.029716678034,45,4,2026-09-14 22:54:32.600,1854.798055555555
Pulse experiments,pioreactor01,2026-09-14T17:09:37.603Z,0.002355607815,90,2,2026-09-14 22:54:37.603,1854.799444444444
Pulse experiments,pioreactor01,2026-09-14T17:09:37.603Z,0.373767902836,135,3,2026-09-14 22:54:37.603,1854.799444444444
Pulse experiments,pioreactor01,2026-09-14T17:09:37.603Z,0.02937597978,45,4,2026-09-14 22:54:37.603,1854.799444444444
Pulse experiments,pioreactor01,2026-09-14T17:09:42.600Z,0.002351159538,90,2,2026-09-14 22:54:42.600,1854.800833333333
Pulse experiments,pioreactor01,2026-09-14T17:09:42.600Z,0.373898937157,135,3,2026-09-14 22:54:42.600,1854.800833333333
Pulse experiments,pioreactor01,2026-09-14T17:09:42.600Z,0.028799268099,45,4,2026-09-14 22:54:42.600,1854.800833333333
Pulse experiments,pioreactor01,2026-09-14T17:09:47.605Z,0.002352438556,90,2,2026-09-14 22:54:47.605,1854.802222222222
Pulse experiments,pioreactor01,2026-09-14T17:09:47.605Z,0.374552844942,135,3,2026-09-14 22:54:47.605,1854.802222222222
Pulse experiments,pioreactor01,2026-09-14T17:09:47.605Z,0.028660666176,45,4,2026-09-14 22:54:47.605,1854.802222222222
Pulse experiments,pioreactor01,2026-09-14T17:09:52.604Z,0.002351596436,90,2,2026-09-14 22:54:52.604,1854.803611111111
Pulse experiments,pioreactor01,2026-09-14T17:09:52.604Z,0.375100837051,135,3,2026-09-14 22:54:52.604,1854.803611111111
Pulse experiments,pioreactor01,2026-09-14T17:09:52.604Z,0.028389723165,45,4,2026-09-14 22:54:52.604,1854.803611111111
Pulse experiments,pioreactor01,2026-09-14T17:09:57.610Z,0.002299928624,90,2,2026-09-14 22:54:57.610,1854.805
Pulse experiments,pioreactor01,2026-09-14T17:09:57.610Z,0.375524474449,135,3,2026-09-14 22:54:57.610,1854.805
Pulse experiments,pioreactor01,2026-09-14T17:09:57.610Z,0.02765864558,45,4,2026-09-14 22:54:57.610,1854.805
Pulse experiments,pioreactor01,2026-09-14T17:10:02.602Z,0.002271767796,90,2,2026-09-14 22:55:02.602,1854.806388888889
Pulse experiments,pioreactor01,2026-09-14T17:10:02.602Z,0.376162601725,135,3,2026-09-14 22:55:02.602,1854.806388888889
Pulse experiments,pioreactor01,2026-09-14T17:10:02.602Z,0.027085088246,45,4,2026-09-14 22:55:02.602,1854.806388888889
Pulse experiments,pioreactor01,2026-09-14T17:10:07.607Z,0.00227326392,90,2,2026-09-14 22:55:07.607,1854.807777777778
Pulse experiments,pioreactor01,2026-09-14T17:10:07.607Z,0.376408562046,135,3,2026-09-14 22:55:07.607,1854.807777777778
Pulse experiments,pioreactor01,2026-09-14T17:10:07.607Z,0.026943637676,45,4,2026-09-14 22:55:07.607,1854.807777777778
Pulse experiments,pioreactor01,2026-09-14T17:10:12.604Z,0.002220680601,90,2,2026-09-14 22:55:12.604,1854.809166666667
Pulse experiments,pioreactor01,2026-09-14T17:10:12.604Z,0.376749310978,135,3,2026-09-14 22:55:12.604,1854.809166666667
Pulse experiments,pioreactor01,2026-09-14T17:10:12.604Z,0.026444418611,45,4,2026-09-14 22:55:12.604,1854.809166666667
Pulse experiments,pioreactor01,2026-09-14T17:10:17.605Z,0.00220743718,90,2,2026-09-14 22:55:17.605,1854.810555555556
Pulse experiments,pioreactor01,2026-09-14T17:10:17.605Z,0.377329677087,135,3,2026-09-14 22:55:17.605,1854.810555555556
Pulse experiments,pioreactor01,2026-09-14T17:10:17.605Z,0.026285799341,45,4,2026-09-14 22:55:17.605,1854.810555555556
Pulse experiments,pioreactor01,2026-09-14T17:10:22.610Z,0.002186206998,90,2,2026-09-14 22:55:22.610,1854.811944444444
Pulse experiments,pioreactor01,2026-09-14T17:10:22.610Z,0.377578392919,135,3,2026-09-14 22:55:22.610,1854.811944444444
Pulse experiments,pioreactor01,2026-09-14T17:10:22.610Z,0.025924669548,45,4,2026-09-14 22:55:22.610,1854.811944444444
Pulse experiments,pioreactor01,2026-09-14T17:10:27.608Z,0.002163731876,90,2,2026-09-14 22:55:27.608,1854.813333333333
Pulse experiments,pioreactor01,2026-09-14T17:10:27.608Z,0.377906908032,135,3,2026-09-14 22:55:27.608,1854.813333333333
Pulse experiments,pioreactor01,2026-09-14T17:10:27.608Z,0.025661429719,45,4,2026-09-14 22:55:27.608,1854.813333333333
Pulse experiments,pioreactor01,2026-09-14T17:10:32.609Z,0.002142663508,90,2,2026-09-14 22:55:32.609,1854.814722222222
Pulse experiments,pioreactor01,2026-09-14T17:10:32.609Z,0.378385051258,135,3,2026-09-14 22:55:32.609,1854.814722222222
Pulse experiments,pioreactor01,2026-09-14T17:10:32.609Z,0.025241732535,45,4,2026-09-14 22:55:32.609,1854.814722222222
Pulse experiments,pioreactor01,2026-09-14T17:10:37.602Z,0.002151756553,90,2,2026-09-14 22:55:37.602,1854.816111111111
Pulse experiments,pioreactor01,2026-09-14T17:10:37.602Z,0.378946157685,135,3,2026-09-14 22:55:37.602,1854.816111111111
Pulse experiments,pioreactor01,2026-09-14T17:10:37.602Z,0.025085843127,45,4,2026-09-14 22:55:37.602,1854.816111111111
Pulse experiments,pioreactor01,2026-09-14T17:10:42.605Z,0.002148132073,90,2,2026-09-14 22:55:42.605,1854.8175
Pulse experiments,pioreactor01,2026-09-14T17:10:42.605Z,0.379127604388,135,3,2026-09-14 22:55:42.605,1854.8175
Pulse experiments,pioreactor01,2026-09-14T17:10:42.605Z,0.025095736389,45,4,2026-09-14 22:55:42.605,1854.8175
Pulse experiments,pioreactor01,2026-09-14T17:10:47.622Z,0.002139114556,90,2,2026-09-14 22:55:47.622,1854.818888888889
Pulse experiments,pioreactor01,2026-09-14T17:10:47.622Z,0.379205954317,135,3,2026-09-14 22:55:47.622,1854.818888888889
Pulse experiments,pioreactor01,2026-09-14T17:10:47.622Z,0.024714973736,45,4,2026-09-14 22:55:47.622,1854.818888888889
Pulse experiments,pioreactor01,2026-09-14T17:10:52.628Z,0.002112134145,90,2,2026-09-14 22:55:52.628,1854.820277777778
Pulse experiments,pioreactor01,2026-09-14T17:10:52.628Z,0.379414619281,135,3,2026-09-14 22:55:52.628,1854.820277777778
Pulse experiments,pioreactor01,2026-09-14T17:10:52.628Z,0.024443040971,45,4,2026-09-14 22:55:52.628,1854.820277777778
Pulse experiments,pioreactor01,2026-09-14T17:10:57.612Z,0.002077133551,90,2,2026-09-14 22:55:57.612,1854.821666666667
Pulse experiments,pioreactor01,2026-09-14T17:10:57.612Z,0.380027073609,135,3,2026-09-14 22:55:57.612,1854.821666666667
Pulse experiments,pioreactor01,2026-09-14T17:10:57.612Z,0.024054031206,45,4,2026-09-14 22:55:57.612,1854.821666666667
Pulse experiments,pioreactor01,2026-09-14T17:11:02.608Z,0.002101429946,90,2,2026-09-14 22:56:02.608,1854.823055555556
Pulse experiments,pioreactor01,2026-09-14T17:11:02.608Z,0.380058868535,135,3,2026-09-14 22:56:02.608,1854.823055555556
Pulse experiments,pioreactor01,2026-09-14T17:11:02.608Z,0.023968768669,45,4,2026-09-14 22:56:02.608,1854.823055555556
Pulse experiments,pioreactor01,2026-09-14T17:11:07.612Z,0.002099827087,90,2,2026-09-14 22:56:07.612,1854.824444444444
Pulse experiments,pioreactor01,2026-09-14T17:11:07.612Z,0.380577018858,135,3,2026-09-14 22:56:07.612,1854.824444444444
Pulse experiments,pioreactor01,2026-09-14T17:11:07.612Z,0.023736727791,45,4,2026-09-14 22:56:07.612,1854.824444444444
Pulse experiments,pioreactor01,2026-09-14T17:11:12.624Z,0.002086505313,90,2,2026-09-14 22:56:12.624,1854.825833333333
Pulse experiments,pioreactor01,2026-09-14T17:11:12.624Z,0.380758660994,135,3,2026-09-14 22:56:12.624,1854.825833333333
Pulse experiments,pioreactor01,2026-09-14T17:11:12.624Z,0.023611048208,45,4,2026-09-14 22:56:12.624,1854.825833333333
Pulse experiments,pioreactor01,2026-09-14T17:11:17.628Z,0.002059975131,90,2,2026-09-14 22:56:17.628,1854.827222222222
Pulse experiments,pioreactor01,2026-09-14T17:11:17.628Z,0.381043800668,135,3,2026-09-14 22:56:17.628,1854.827222222222
Pulse experiments,pioreactor01,2026-09-14T17:11:17.628Z,0.023190089223,45,4,2026-09-14 22:56:17.628,1854.827222222222
Pulse experiments,pioreactor01,2026-09-14T17:11:22.620Z,0.002042194405,90,2,2026-09-14 22:56:22.620,1854.828611111111
Pulse experiments,pioreactor01,2026-09-14T17:11:22.620Z,0.381307423781,135,3,2026-09-14 22:56:22.620,1854.828611111111
Pulse experiments,pioreactor01,2026-09-14T17:11:22.620Z,0.022883414097,45,4,2026-09-14 22:56:22.620,1854.828611111111
Pulse experiments,pioreactor01,2026-09-14T17:11:27.621Z,0.002033374863,90,2,2026-09-14 22:56:27.621,1854.83
Pulse experiments,pioreactor01,2026-09-14T17:11:27.621Z,0.381412006184,135,3,2026-09-14 22:56:27.621,1854.83
Pulse experiments,pioreactor01,2026-09-14T17:11:27.621Z,0.022874842512,45,4,2026-09-14 22:56:27.621,1854.83
Pulse experiments,pioreactor01,2026-09-14T17:11:32.619Z,0.002010917217,90,2,2026-09-14 22:56:32.619,1854.831388888889
Pulse experiments,pioreactor01,2026-09-14T17:11:32.619Z,0.381679855473,135,3,2026-09-14 22:56:32.619,1854.831388888889
Pulse experiments,pioreactor01,2026-09-14T17:11:32.619Z,0.022454256829,45,4,2026-09-14 22:56:32.619,1854.831388888889
Pulse experiments,pioreactor01,2026-09-14T17:11:37.630Z,0.00202507315,90,2,2026-09-14 22:56:37.630,1854.832777777778
Pulse experiments,pioreactor01,2026-09-14T17:11:37.630Z,0.381960293914,135,3,2026-09-14 22:56:37.630,1854.832777777778
Pulse experiments,pioreactor01,2026-09-14T17:11:37.630Z,0.022525170847,45,4,2026-09-14 22:56:37.630,1854.832777777778
Pulse experiments,pioreactor01,2026-09-14T17:11:42.616Z,0.002043473648,90,2,2026-09-14 22:56:42.616,1854.834166666667
Pulse experiments,pioreactor01,2026-09-14T17:11:42.616Z,0.38191024968,135,3,2026-09-14 22:56:42.616,1854.834166666667
Pulse experiments,pioreactor01,2026-09-14T17:11:42.616Z,0.022470875607,45,4,2026-09-14 22:56:42.616,1854.834166666667
Pulse experiments,pioreactor01,2026-09-14T17:11:47.638Z,0.002007539782,90,2,2026-09-14 22:56:47.638,1854.835555555556
Pulse experiments,pioreactor01,2026-09-14T17:11:47.638Z,0.382243598592,135,3,2026-09-14 22:56:47.638,1854.835555555556
Pulse experiments,pioreactor01,2026-09-14T17:11:47.638Z,0.022183597857,45,4,2026-09-14 22:56:47.638,1854.835555555556
Pulse experiments,pioreactor01,2026-09-14T17:11:52.625Z,0.001986985657,90,2,2026-09-14 22:56:52.625,1854.836944444444
Pulse experiments,pioreactor01,2026-09-14T17:11:52.625Z,0.382579877181,135,3,2026-09-14 22:56:52.625,1854.836944444444
Pulse experiments,pioreactor01,2026-09-14T17:11:52.625Z,0.021935730534,45,4,2026-09-14 22:56:52.625,1854.836944444444
Pulse experiments,pioreactor01,2026-09-14T17:11:57.621Z,0.001985082504,90,2,2026-09-14 22:56:57.621,1854.838333333333
Pulse experiments,pioreactor01,2026-09-14T17:11:57.621Z,0.382596388729,135,3,2026-09-14 22:56:57.621,1854.838333333333
Pulse experiments,pioreactor01,2026-09-14T17:11:57.621Z,0.021748150768,45,4,2026-09-14 22:56:57.621,1854.838333333333
Pulse experiments,pioreactor01,2026-09-14T17:12:02.622Z,0.001974020676,90,2,2026-09-14 22:57:02.622,1854.839722222222
Pulse experiments,pioreactor01,2026-09-14T17:12:02.622Z,0.382956355175,135,3,2026-09-14 22:57:02.622,1854.839722222222
Pulse experiments,pioreactor01,2026-09-14T17:12:02.622Z,0.021572797906,45,4,2026-09-14 22:57:02.622,1854.839722222222
Pulse experiments,pioreactor01,2026-09-14T17:12:07.617Z,0.001962927672,90,2,2026-09-14 22:57:07.617,1854.841111111111
Pulse experiments,pioreactor01,2026-09-14T17:12:07.617Z,0.383117385935,135,3,2026-09-14 22:57:07.617,1854.841111111111
Pulse experiments,pioreactor01,2026-09-14T17:12:07.617Z,0.021453167845,45,4,2026-09-14 22:57:07.617,1854.841111111111
Pulse experiments,pioreactor01,2026-09-14T17:12:12.618Z,0.001959489953,90,2,2026-09-14 22:57:12.618,1854.8425
Pulse experiments,pioreactor01,2026-09-14T17:12:12.618Z,0.383310341764,135,3,2026-09-14 22:57:12.618,1854.8425
Pulse experiments,pioreactor01,2026-09-14T17:12:12.618Z,0.021405311623,45,4,2026-09-14 22:57:12.618,1854.8425
Pulse experiments,pioreactor01,2026-09-14T17:12:17.616Z,0.001950388631,90,2,2026-09-14 22:57:17.616,1854.843888888889
Pulse experiments,pioreactor01,2026-09-14T17:12:17.616Z,0.383478048656,135,3,2026-09-14 22:57:17.616,1854.843888888889
Pulse experiments,pioreactor01,2026-09-14T17:12:17.616Z,0.021237971271,45,4,2026-09-14 22:57:17.616,1854.843888888889
Pulse experiments,pioreactor01,2026-09-14T17:12:22.611Z,0.001940161238,90,2,2026-09-14 22:57:22.611,1854.845277777778
Pulse experiments,pioreactor01,2026-09-14T17:12:22.611Z,0.383823416596,135,3,2026-09-14 22:57:22.611,1854.845277777778
Pulse experiments,pioreactor01,2026-09-14T17:12:22.611Z,0.021147634744,45,4,2026-09-14 22:57:22.611,1854.845277777778
Pulse experiments,pioreactor01,2026-09-14T17:12:27.621Z,0.001913846508,90,2,2026-09-14 22:57:27.621,1854.846666666667
Pulse experiments,pioreactor01,2026-09-14T17:12:27.621Z,0.383871545636,135,3,2026-09-14 22:57:27.621,1854.846666666667
Pulse experiments,pioreactor01,2026-09-14T17:12:27.621Z,0.020887201307,45,4,2026-09-14 22:57:27.621,1854.846666666667
Pulse experiments,pioreactor01,2026-09-14T17:12:32.630Z,0.001926610491,90,2,2026-09-14 22:57:32.630,1854.848055555555
Pulse experiments,pioreactor01,2026-09-14T17:12:32.630Z,0.384079795376,135,3,2026-09-14 22:57:32.630,1854.848055555555
Pulse experiments,pioreactor01,2026-09-14T17:12:32.630Z,0.020752844386,45,4,2026-09-14 22:57:32.630,1854.848055555555
Pulse experiments,pioreactor01,2026-09-14T17:12:37.616Z,0.001934046342,90,2,2026-09-14 22:57:37.616,1854.849444444445
Pulse experiments,pioreactor01,2026-09-14T17:12:37.616Z,0.384191725499,135,3,2026-09-14 22:57:37.616,1854.849444444445
Pulse experiments,pioreactor01,2026-09-14T17:12:37.616Z,0.020747466007,45,4,2026-09-14 22:57:37.616,1854.849444444445
Pulse experiments,pioreactor01,2026-09-14T17:12:42.616Z,0.001925697047,90,2,2026-09-14 22:57:42.616,1854.850833333333
Pulse experiments,pioreactor01,2026-09-14T17:12:42.616Z,0.384274274564,135,3,2026-09-14 22:57:42.616,1854.850833333333
Pulse experiments,pioreactor01,2026-09-14T17:12:42.616Z,0.020639256669,45,4,2026-09-14 22:57:42.616,1854.850833333333
Pulse experiments,pioreactor01,2026-09-14T17:12:47.633Z,0.001927006836,90,2,2026-09-14 22:57:47.633,1854.852222222222
Pulse experiments,pioreactor01,2026-09-14T17:12:47.633Z,0.384498850369,135,3,2026-09-14 22:57:47.633,1854.852222222222
Pulse experiments,pioreactor01,2026-09-14T17:12:47.633Z,0.020515841714,45,4,2026-09-14 22:57:47.633,1854.852222222222
Pulse experiments,pioreactor01,2026-09-14T17:12:52.614Z,0.001906690154,90,2,2026-09-14 22:57:52.614,1854.853611111111
Pulse experiments,pioreactor01,2026-09-14T17:12:52.614Z,0.384618443171,135,3,2026-09-14 22:57:52.614,1854.853611111111
Pulse experiments,pioreactor01,2026-09-14T17:12:52.614Z,0.020421395174,45,4,2026-09-14 22:57:52.614,1854.853611111111
Pulse experiments,pioreactor01,2026-09-14T17:12:57.616Z,0.001922177529,90,2,2026-09-14 22:57:57.616,1854.855
Pulse experiments,pioreactor01,2026-09-14T17:12:57.616Z,0.384764804787,135,3,2026-09-14 22:57:57.616,1854.855
Pulse experiments,pioreactor01,2026-09-14T17:12:57.616Z,0.020378993616,45,4,2026-09-14 22:57:57.616,1854.855
Pulse experiments,pioreactor01,2026-09-14T17:13:02.620Z,0.001927335738,90,2,2026-09-14 22:58:02.620,1854.856388888889
Pulse experiments,pioreactor01,2026-09-14T17:13:02.620Z,0.384917580088,135,3,2026-09-14 22:58:02.620,1854.856388888889
Pulse experiments,pioreactor01,2026-09-14T17:13:02.620Z,0.020350285219,45,4,2026-09-14 22:58:02.620,1854.856388888889
Pulse experiments,pioreactor01,2026-09-14T17:13:07.620Z,0.00191303312,90,2,2026-09-14 22:58:07.620,1854.857777777778
Pulse experiments,pioreactor01,2026-09-14T17:13:07.620Z,0.384976771621,135,3,2026-09-14 22:58:07.620,1854.857777777778
Pulse experiments,pioreactor01,2026-09-14T17:13:07.620Z,0.020244676393,45,4,2026-09-14 22:58:07.620,1854.857777777778
Pulse experiments,pioreactor01,2026-09-14T17:13:12.619Z,0.00191058913,90,2,2026-09-14 22:58:12.619,1854.859166666667
Pulse experiments,pioreactor01,2026-09-14T17:13:12.619Z,0.385204375227,135,3,2026-09-14 22:58:12.619,1854.859166666667
Pulse experiments,pioreactor01,2026-09-14T17:13:12.619Z,0.020080320954,45,4,2026-09-14 22:58:12.619,1854.859166666667
Pulse experiments,pioreactor01,2026-09-14T17:13:17.608Z,0.001894795173,90,2,2026-09-14 22:58:17.608,1854.860555555555
Pulse experiments,pioreactor01,2026-09-14T17:13:17.608Z,0.385229191558,135,3,2026-09-14 22:58:17.608,1854.860555555555
Pulse experiments,pioreactor01,2026-09-14T17:13:17.608Z,0.019977738879,45,4,2026-09-14 22:58:17.608,1854.860555555555
Pulse experiments,pioreactor01,2026-09-14T17:13:22.628Z,0.001891016332,90,2,2026-09-14 22:58:22.628,1854.861944444444
Pulse experiments,pioreactor01,2026-09-14T17:13:22.628Z,0.385166478265,135,3,2026-09-14 22:58:22.628,1854.861944444444
Pulse experiments,pioreactor01,2026-09-14T17:13:22.628Z,0.019945725059,45,4,2026-09-14 22:58:22.628,1854.861944444444
Pulse experiments,pioreactor01,2026-09-14T17:13:27.611Z,0.001896180518,90,2,2026-09-14 22:58:27.611,1854.863333333333
Pulse experiments,pioreactor01,2026-09-14T17:13:27.611Z,0.385383876703,135,3,2026-09-14 22:58:27.611,1854.863333333333
Pulse experiments,pioreactor01,2026-09-14T17:13:27.611Z,0.019853940198,45,4,2026-09-14 22:58:27.611,1854.863333333333
Pulse experiments,pioreactor01,2026-09-14T17:13:32.615Z,0.001912059538,90,2,2026-09-14 22:58:32.615,1854.864722222222
Pulse experiments,pioreactor01,2026-09-14T17:13:32.615Z,0.385595246089,135,3,2026-09-14 22:58:32.615,1854.864722222222
Pulse experiments,pioreactor01,2026-09-14T17:13:32.615Z,0.019946227252,45,4,2026-09-14 22:58:32.615,1854.864722222222
Pulse experiments,pioreactor01,2026-09-14T17:13:37.631Z,0.00189001444,90,2,2026-09-14 22:58:37.631,1854.866111111111
Pulse experiments,pioreactor01,2026-09-14T17:13:37.631Z,0.385258955195,135,3,2026-09-14 22:58:37.631,1854.866111111111
Pulse experiments,pioreactor01,2026-09-14T17:13:37.631Z,0.019775263199,45,4,2026-09-14 22:58:37.631,1854.866111111111
Pulse experiments,pioreactor01,2026-09-14T17:13:42.619Z,0.00190190977,90,2,2026-09-14 22:58:42.619,1854.8675
Pulse experiments,pioreactor01,2026-09-14T17:13:42.619Z,0.385582374547,135,3,2026-09-14 22:58:42.619,1854.8675
Pulse experiments,pioreactor01,2026-09-14T17:13:42.619Z,0.019712996618,45,4,2026-09-14 22:58:42.619,1854.8675
Pulse experiments,pioreactor01,2026-09-14T17:13:47.613Z,0.001885620865,90,2,2026-09-14 22:58:47.613,1854.868888888889
Pulse experiments,pioreactor01,2026-09-14T17:13:47.613Z,0.385750849946,135,3,2026-09-14 22:58:47.613,1854.868888888889
Pulse experiments,pioreactor01,2026-09-14T17:13:47.613Z,0.019571658147,45,4,2026-09-14 22:58:47.613,1854.868888888889
Pulse experiments,pioreactor01,2026-09-14T17:13:52.628Z,0.001875609143,90,2,2026-09-14 22:58:52.628,1854.870277777778
Pulse experiments,pioreactor01,2026-09-14T17:13:52.628Z,0.38592930776,135,3,2026-09-14 22:58:52.628,1854.870277777778
Pulse experiments,pioreactor01,2026-09-14T17:13:52.628Z,0.019505019562,45,4,2026-09-14 22:58:52.628,1854.870277777778
Pulse experiments,pioreactor01,2026-09-14T17:13:57.612Z,0.001883332217,90,2,2026-09-14 22:58:57.612,1854.871666666667
Pulse experiments,pioreactor01,2026-09-14T17:13:57.612Z,0.385975795351,135,3,2026-09-14 22:58:57.612,1854.871666666667
Pulse experiments,pioreactor01,2026-09-14T17:13:57.612Z,0.019404821078,45,4,2026-09-14 22:58:57.612,1854.871666666667
Pulse experiments,pioreactor01,2026-09-14T17:14:02.623Z,0.001883292228,90,2,2026-09-14 22:59:02.623,1854.873055555556
Pulse experiments,pioreactor01,2026-09-14T17:14:02.623Z,0.38603756004,135,3,2026-09-14 22:59:02.623,1854.873055555556
Pulse experiments,pioreactor01,2026-09-14T17:14:02.623Z,0.019383690478,45,4,2026-09-14 22:59:02.623,1854.873055555556
Pulse experiments,pioreactor01,2026-09-14T17:14:07.619Z,0.001870095688,90,2,2026-09-14 22:59:07.619,1854.874444444444
Pulse experiments,pioreactor01,2026-09-14T17:14:07.619Z,0.386233638985,135,3,2026-09-14 22:59:07.619,1854.874444444444
Pulse experiments,pioreactor01,2026-09-14T17:14:07.619Z,0.019295337903,45,4,2026-09-14 22:59:07.619,1854.874444444444
Pulse experiments,pioreactor01,2026-09-14T17:14:12.616Z,0.001885550122,90,2,2026-09-14 22:59:12.616,1854.875833333333
Pulse experiments,pioreactor01,2026-09-14T17:14:12.616Z,0.386407884525,135,3,2026-09-14 22:59:12.616,1854.875833333333
Pulse experiments,pioreactor01,2026-09-14T17:14:12.616Z,0.019404278018,45,4,2026-09-14 22:59:12.616,1854.875833333333
Pulse experiments,pioreactor01,2026-09-14T17:14:17.618Z,0.00190422818,90,2,2026-09-14 22:59:17.618,1854.877222222222
Pulse experiments,pioreactor01,2026-09-14T17:14:17.618Z,0.386407146612,135,3,2026-09-14 22:59:17.618,1854.877222222222
Pulse experiments,pioreactor01,2026-09-14T17:14:17.618Z,0.019354514583,45,4,2026-09-14 22:59:17.618,1854.877222222222
Pulse experiments,pioreactor01,2026-09-14T17:14:22.611Z,0.001883130002,90,2,2026-09-14 22:59:22.611,1854.878611111111
Pulse experiments,pioreactor01,2026-09-14T17:14:22.611Z,0.386369422188,135,3,2026-09-14 22:59:22.611,1854.878611111111
Pulse experiments,pioreactor01,2026-09-14T17:14:22.611Z,0.019263929882,45,4,2026-09-14 22:59:22.611,1854.878611111111
Pulse experiments,pioreactor01,2026-09-14T17:14:27.651Z,0.001879099261,90,2,2026-09-14 22:59:27.651,1854.88
Pulse experiments,pioreactor01,2026-09-14T17:14:27.651Z,0.386414681765,135,3,2026-09-14 22:59:27.651,1854.88
Pulse experiments,pioreactor01,2026-09-14T17:14:27.651Z,0.019209148818,45,4,2026-09-14 22:59:27.651,1854.88
Pulse experiments,pioreactor01,2026-09-14T17:14:32.644Z,0.001899219808,90,2,2026-09-14 22:59:32.644,1854.881388888889
Pulse experiments,pioreactor01,2026-09-14T17:14:32.644Z,0.386335927033,135,3,2026-09-14 22:59:32.644,1854.881388888889
Pulse experiments,pioreactor01,2026-09-14T17:14:32.644Z,0.019259707366,45,4,2026-09-14 22:59:32.644,1854.881388888889
Pulse experiments,pioreactor01,2026-09-14T17:14:37.619Z,0.001898292408,90,2,2026-09-14 22:59:37.619,1854.882777777778
Pulse experiments,pioreactor01,2026-09-14T17:14:37.619Z,0.386471156228,135,3,2026-09-14 22:59:37.619,1854.882777777778
Pulse experiments,pioreactor01,2026-09-14T17:14:37.619Z,0.01923624143,45,4,2026-09-14 22:59:37.619,1854.882777777778
Pulse experiments,pioreactor01,2026-09-14T17:14:42.628Z,0.001871234718,90,2,2026-09-14 22:59:42.628,1854.884166666667
Pulse experiments,pioreactor01,2026-09-14T17:14:42.628Z,0.386630530679,135,3,2026-09-14 22:59:42.628,1854.884166666667
Pulse experiments,pioreactor01,2026-09-14T17:14:42.628Z,0.019078757716,45,4,2026-09-14 22:59:42.628,1854.884166666667
Pulse experiments,pioreactor01,2026-09-14T17:14:47.627Z,0.001851393209,90,2,2026-09-14 22:59:47.627,1854.885555555556
Pulse experiments,pioreactor01,2026-09-14T17:14:47.627Z,0.386673886608,135,3,2026-09-14 22:59:47.627,1854.885555555556
Pulse experiments,pioreactor01,2026-09-14T17:14:47.627Z,0.01901093661,45,4,2026-09-14 22:59:47.627,1854.885555555556
Pulse experiments,pioreactor01,2026-09-14T17:14:52.620Z,0.001854817881,90,2,2026-09-14 22:59:52.620,1854.886944444444
Pulse experiments,pioreactor01,2026-09-14T17:14:52.620Z,0.38679355818,135,3,2026-09-14 22:59:52.620,1854.886944444444
Pulse experiments,pioreactor01,2026-09-14T17:14:52.620Z,0.018932521864,45,4,2026-09-14 22:59:52.620,1854.886944444444
Pulse experiments,pioreactor01,2026-09-14T17:14:57.622Z,0.001965773105,90,2,2026-09-14 22:59:57.622,1854.888333333333
Pulse experiments,pioreactor01,2026-09-14T17:14:57.622Z,0.386919643389,135,3,2026-09-14 22:59:57.622,1854.888333333333
Pulse experiments,pioreactor01,2026-09-14T17:14:57.622Z,0.019610985711,45,4,2026-09-14 22:59:57.622,1854.888333333333
Pulse experiments,pioreactor01,2026-09-14T17:15:02.630Z,0.001908343916,90,2,2026-09-14 23:00:02.630,1854.889722222222
Pulse experiments,pioreactor01,2026-09-14T17:15:02.630Z,0.386980204662,135,3,2026-09-14 23:00:02.630,1854.889722222222
Pulse experiments,pioreactor01,2026-09-14T17:15:02.630Z,0.019227708893,45,4,2026-09-14 23:00:02.630,1854.889722222222
Pulse experiments,pioreactor01,2026-09-14T17:15:07.627Z,0.001883961674,90,2,2026-09-14 23:00:07.627,1854.891111111111
Pulse experiments,pioreactor01,2026-09-14T17:15:07.627Z,0.387001549199,135,3,2026-09-14 23:00:07.627,1854.891111111111
Pulse experiments,pioreactor01,2026-09-14T17:15:07.627Z,0.019006166836,45,4,2026-09-14 23:00:07.627,1854.891111111111
Pulse experiments,pioreactor01,2026-09-14T17:15:12.635Z,0.001858545853,90,2,2026-09-14 23:00:12.635,1854.8925
Pulse experiments,pioreactor01,2026-09-14T17:15:12.635Z,0.387068925765,135,3,2026-09-14 23:00:12.635,1854.8925
Pulse experiments,pioreactor01,2026-09-14T17:15:12.635Z,0.018875042771,45,4,2026-09-14 23:00:12.635,1854.8925
Pulse experiments,pioreactor01,2026-09-14T17:15:17.621Z,0.001855260605,90,2,2026-09-14 23:00:17.621,1854.893888888889
Pulse experiments,pioreactor01,2026-09-14T17:15:17.621Z,0.387119758182,135,3,2026-09-14 23:00:17.621,1854.893888888889
Pulse experiments,pioreactor01,2026-09-14T17:15:17.621Z,0.018819055978,45,4,2026-09-14 23:00:17.621,1854.893888888889
Pulse experiments,pioreactor01,2026-09-14T17:15:22.621Z,0.001854235631,90,2,2026-09-14 23:00:22.621,1854.895277777778
Pulse experiments,pioreactor01,2026-09-14T17:15:22.621Z,0.387035169815,135,3,2026-09-14 23:00:22.621,1854.895277777778
Pulse experiments,pioreactor01,2026-09-14T17:15:22.621Z,0.018834493342,45,4,2026-09-14 23:00:22.621,1854.895277777778
Pulse experiments,pioreactor01,2026-09-14T17:15:27.621Z,0.001860680392,90,2,2026-09-14 23:00:27.621,1854.896666666667
Pulse experiments,pioreactor01,2026-09-14T17:15:27.621Z,0.387208891675,135,3,2026-09-14 23:00:27.621,1854.896666666667
Pulse experiments,pioreactor01,2026-09-14T17:15:27.621Z,0.018801004206,45,4,2026-09-14 23:00:27.621,1854.896666666667
Pulse experiments,pioreactor01,2026-09-14T17:15:32.627Z,0.001862015864,90,2,2026-09-14 23:00:32.627,1854.898055555556
Pulse experiments,pioreactor01,2026-09-14T17:15:32.627Z,0.387093212886,135,3,2026-09-14 23:00:32.627,1854.898055555556
Pulse experiments,pioreactor01,2026-09-14T17:15:32.627Z,0.018989244027,45,4,2026-09-14 23:00:32.627,1854.898055555556
Pulse experiments,pioreactor01,2026-09-14T17:15:37.637Z,0.001860550901,90,2,2026-09-14 23:00:37.637,1854.899444444444
Pulse experiments,pioreactor01,2026-09-14T17:15:37.637Z,0.387230412702,135,3,2026-09-14 23:00:37.637,1854.899444444444
Pulse experiments,pioreactor01,2026-09-14T17:15:37.637Z,0.018862049685,45,4,2026-09-14 23:00:37.637,1854.899444444444
Pulse experiments,pioreactor01,2026-09-14T17:15:42.620Z,0.001859054951,90,2,2026-09-14 23:00:42.620,1854.900833333333
Pulse experiments,pioreactor01,2026-09-14T17:15:42.620Z,0.38731493721,135,3,2026-09-14 23:00:42.620,1854.900833333333
Pulse experiments,pioreactor01,2026-09-14T17:15:42.620Z,0.018684181728,45,4,2026-09-14 23:00:42.620,1854.900833333333
Pulse experiments,pioreactor01,2026-09-14T17:15:47.622Z,0.001848226003,90,2,2026-09-14 23:00:47.622,1854.902222222222
Pulse experiments,pioreactor01,2026-09-14T17:15:47.622Z,0.387420361514,135,3,2026-09-14 23:00:47.622,1854.902222222222
Pulse experiments,pioreactor01,2026-09-14T17:15:47.622Z,0.018656698324,45,4,2026-09-14 23:00:47.622,1854.902222222222
Pulse experiments,pioreactor01,2026-09-14T17:15:52.623Z,0.001843737453,90,2,2026-09-14 23:00:52.623,1854.903611111111
Pulse experiments,pioreactor01,2026-09-14T17:15:52.623Z,0.38753146998,135,3,2026-09-14 23:00:52.623,1854.903611111111
Pulse experiments,pioreactor01,2026-09-14T17:15:52.623Z,0.018648016917,45,4,2026-09-14 23:00:52.623,1854.903611111111
Pulse experiments,pioreactor01,2026-09-14T17:15:57.621Z,0.0018372125,90,2,2026-09-14 23:00:57.621,1854.905
Pulse experiments,pioreactor01,2026-09-14T17:15:57.621Z,0.38756515736,135,3,2026-09-14 23:00:57.621,1854.905
Pulse experiments,pioreactor01,2026-09-14T17:15:57.621Z,0.018636231352,45,4,2026-09-14 23:00:57.621,1854.905
Pulse experiments,pioreactor01,2026-09-14T17:16:02.673Z,0.001858891388,90,2,2026-09-14 23:01:02.673,1854.906388888889
Pulse experiments,pioreactor01,2026-09-14T17:16:02.673Z,0.38719704917,135,3,2026-09-14 23:01:02.673,1854.906388888889
Pulse experiments,pioreactor01,2026-09-14T17:16:02.673Z,0.018755791525,45,4,2026-09-14 23:01:02.673,1854.906388888889
Pulse experiments,pioreactor01,2026-09-14T17:16:07.626Z,0.001846980206,90,2,2026-09-14 23:01:07.626,1854.907777777778
Pulse experiments,pioreactor01,2026-09-14T17:16:07.626Z,0.387439948734,135,3,2026-09-14 23:01:07.626,1854.907777777778
Pulse experiments,pioreactor01,2026-09-14T17:16:07.626Z,0.018636252629,45,4,2026-09-14 23:01:07.626,1854.907777777778
Pulse experiments,pioreactor01,2026-09-14T17:16:12.629Z,0.001838758533,90,2,2026-09-14 23:01:12.629,1854.909166666667
Pulse experiments,pioreactor01,2026-09-14T17:16:12.629Z,0.387614162106,135,3,2026-09-14 23:01:12.629,1854.909166666667
Pulse experiments,pioreactor01,2026-09-14T17:16:12.629Z,0.018631180553,45,4,2026-09-14 23:01:12.629,1854.909166666667
Pulse experiments,pioreactor01,2026-09-14T17:16:17.629Z,0.001843282585,90,2,2026-09-14 23:01:17.629,1854.910555555555
Pulse experiments,pioreactor01,2026-09-14T17:16:17.629Z,0.387697024611,135,3,2026-09-14 23:01:17.629,1854.910555555555
Pulse experiments,pioreactor01,2026-09-14T17:16:17.629Z,0.018545989734,45,4,2026-09-14 23:01:17.629,1854.910555555555
Pulse experiments,pioreactor01,2026-09-14T17:16:22.621Z,0.001863616105,90,2,2026-09-14 23:01:22.621,1854.911944444445
Pulse experiments,pioreactor01,2026-09-14T17:16:22.621Z,0.387688957786,135,3,2026-09-14 23:01:22.621,1854.911944444445
Pulse experiments,pioreactor01,2026-09-14T17:16:22.621Z,0.018543094357,45,4,2026-09-14 23:01:22.621,1854.911944444445
Pulse experiments,pioreactor01,2026-09-14T17:16:27.647Z,0.001861458461,90,2,2026-09-14 23:01:27.647,1854.913333333333
Pulse experiments,pioreactor01,2026-09-14T17:16:27.647Z,0.387658442688,135,3,2026-09-14 23:01:27.647,1854.913333333333
Pulse experiments,pioreactor01,2026-09-14T17:16:27.647Z,0.018541558905,45,4,2026-09-14 23:01:27.647,1854.913333333333
Pulse experiments,pioreactor01,2026-09-14T17:16:32.653Z,0.001861171193,90,2,2026-09-14 23:01:32.653,1854.914722222222
Pulse experiments,pioreactor01,2026-09-14T17:16:32.653Z,0.387690331825,135,3,2026-09-14 23:01:32.653,1854.914722222222
Pulse experiments,pioreactor01,2026-09-14T17:16:32.653Z,0.018549895688,45,4,2026-09-14 23:01:32.653,1854.914722222222
Pulse experiments,pioreactor01,2026-09-14T17:16:37.623Z,0.001851901678,90,2,2026-09-14 23:01:37.623,1854.916111111111
Pulse experiments,pioreactor01,2026-09-14T17:16:37.623Z,0.387805580799,135,3,2026-09-14 23:01:37.623,1854.916111111111
Pulse experiments,pioreactor01,2026-09-14T17:16:37.623Z,0.018512107355,45,4,2026-09-14 23:01:37.623,1854.916111111111
Pulse experiments,pioreactor01,2026-09-14T17:16:42.634Z,0.001855599941,90,2,2026-09-14 23:01:42.634,1854.9175
Pulse experiments,pioreactor01,2026-09-14T17:16:42.634Z,0.387848329823,135,3,2026-09-14 23:01:42.634,1854.9175
Pulse experiments,pioreactor01,2026-09-14T17:16:42.634Z,0.018496098707,45,4,2026-09-14 23:01:42.634,1854.9175
Pulse experiments,pioreactor01,2026-09-14T17:16:47.636Z,0.001871738171,90,2,2026-09-14 23:01:47.636,1854.918888888889
Pulse experiments,pioreactor01,2026-09-14T17:16:47.636Z,0.387910555128,135,3,2026-09-14 23:01:47.636,1854.918888888889
Pulse experiments,pioreactor01,2026-09-14T17:16:47.636Z,0.018512151407,45,4,2026-09-14 23:01:47.636,1854.918888888889
Pulse experiments,pioreactor01,2026-09-14T17:16:52.627Z,0.001865614202,90,2,2026-09-14 23:01:52.627,1854.920277777778
Pulse experiments,pioreactor01,2026-09-14T17:16:52.627Z,0.387949771562,135,3,2026-09-14 23:01:52.627,1854.920277777778
Pulse experiments,pioreactor01,2026-09-14T17:16:52.627Z,0.018480375925,45,4,2026-09-14 23:01:52.627,1854.920277777778
Pulse experiments,pioreactor01,2026-09-14T17:16:57.621Z,0.001856158496,90,2,2026-09-14 23:01:57.621,1854.921666666667
Pulse experiments,pioreactor01,2026-09-14T17:16:57.621Z,0.387953153523,135,3,2026-09-14 23:01:57.621,1854.921666666667
Pulse experiments,pioreactor01,2026-09-14T17:16:57.621Z,0.018430650703,45,4,2026-09-14 23:01:57.621,1854.921666666667
Pulse experiments,pioreactor01,2026-09-14T17:17:02.618Z,0.001867331215,90,2,2026-09-14 23:02:02.618,1854.923055555555
Pulse experiments,pioreactor01,2026-09-14T17:17:02.618Z,0.388086728807,135,3,2026-09-14 23:02:02.618,1854.923055555555
Pulse experiments,pioreactor01,2026-09-14T17:17:02.618Z,0.018447129189,45,4,2026-09-14 23:02:02.618,1854.923055555555
Pulse experiments,pioreactor01,2026-09-14T17:17:07.621Z,0.001857712491,90,2,2026-09-14 23:02:07.621,1854.924444444444
Pulse experiments,pioreactor01,2026-09-14T17:17:07.621Z,0.3882201414,135,3,2026-09-14 23:02:07.621,1854.924444444444
Pulse experiments,pioreactor01,2026-09-14T17:17:07.621Z,0.018468981252,45,4,2026-09-14 23:02:07.621,1854.924444444444
Pulse experiments,pioreactor01,2026-09-14T17:17:12.624Z,0.001874744801,90,2,2026-09-14 23:02:12.624,1854.925833333333
Pulse experiments,pioreactor01,2026-09-14T17:17:12.624Z,0.388180498141,135,3,2026-09-14 23:02:12.624,1854.925833333333
Pulse experiments,pioreactor01,2026-09-14T17:17:12.624Z,0.018470661232,45,4,2026-09-14 23:02:12.624,1854.925833333333
Pulse experiments,pioreactor01,2026-09-14T17:17:17.604Z,0.001858247151,90,2,2026-09-14 23:02:17.604,1854.927222222222
Pulse experiments,pioreactor01,2026-09-14T17:17:17.604Z,0.388318717083,135,3,2026-09-14 23:02:17.604,1854.927222222222
Pulse experiments,pioreactor01,2026-09-14T17:17:17.604Z,0.018436114847,45,4,2026-09-14 23:02:17.604,1854.927222222222
Pulse experiments,pioreactor01,2026-09-14T17:17:22.608Z,0.001882061975,90,2,2026-09-14 23:02:22.608,1854.928611111111
Pulse experiments,pioreactor01,2026-09-14T17:17:22.608Z,0.38831941869,135,3,2026-09-14 23:02:22.608,1854.928611111111
Pulse experiments,pioreactor01,2026-09-14T17:17:22.608Z,0.018453972608,45,4,2026-09-14 23:02:22.608,1854.928611111111
Pulse experiments,pioreactor01,2026-09-14T17:17:27.662Z,0.001879265972,90,2,2026-09-14 23:02:27.662,1854.93
Pulse experiments,pioreactor01,2026-09-14T17:17:27.662Z,0.388349158718,135,3,2026-09-14 23:02:27.662,1854.93
Pulse experiments,pioreactor01,2026-09-14T17:17:27.662Z,0.0183787375,45,4,2026-09-14 23:02:27.662,1854.93
Pulse experiments,pioreactor01,2026-09-14T17:17:32.639Z,0.001887264676,90,2,2026-09-14 23:02:32.639,1854.931388888889
Pulse experiments,pioreactor01,2026-09-14T17:17:32.639Z,0.388250423826,135,3,2026-09-14 23:02:32.639,1854.931388888889
Pulse experiments,pioreactor01,2026-09-14T17:17:32.639Z,0.018377646811,45,4,2026-09-14 23:02:32.639,1854.931388888889
Pulse experiments,pioreactor01,2026-09-14T17:17:37.623Z,0.001884512574,90,2,2026-09-14 23:02:37.623,1854.932777777778
Pulse experiments,pioreactor01,2026-09-14T17:17:37.623Z,0.388411842364,135,3,2026-09-14 23:02:37.623,1854.932777777778
Pulse experiments,pioreactor01,2026-09-14T17:17:37.623Z,0.018405434944,45,4,2026-09-14 23:02:37.623,1854.932777777778
Pulse experiments,pioreactor01,2026-09-14T17:17:42.639Z,0.00189012177,90,2,2026-09-14 23:02:42.639,1854.934166666667
Pulse experiments,pioreactor01,2026-09-14T17:17:42.639Z,0.388304007852,135,3,2026-09-14 23:02:42.639,1854.934166666667
Pulse experiments,pioreactor01,2026-09-14T17:17:42.639Z,0.018384875133,45,4,2026-09-14 23:02:42.639,1854.934166666667
Pulse experiments,pioreactor01,2026-09-14T17:17:47.639Z,0.001877544513,90,2,2026-09-14 23:02:47.639,1854.935555555556
Pulse experiments,pioreactor01,2026-09-14T17:17:47.639Z,0.388391709137,135,3,2026-09-14 23:02:47.639,1854.935555555556
Pulse experiments,pioreactor01,2026-09-14T17:17:47.639Z,0.018400082842,45,4,2026-09-14 23:02:47.639,1854.935555555556
Pulse experiments,pioreactor01,2026-09-14T17:17:52.619Z,0.001881103338,90,2,2026-09-14 23:02:52.619,1854.936944444444
Pulse experiments,pioreactor01,2026-09-14T17:17:52.619Z,0.388533443289,135,3,2026-09-14 23:02:52.619,1854.936944444444
Pulse experiments,pioreactor01,2026-09-14T17:17:52.619Z,0.018423056148,45,4,2026-09-14 23:02:52.619,1854.936944444444
Pulse experiments,pioreactor01,2026-09-14T17:17:57.629Z,0.001886403292,90,2,2026-09-14 23:02:57.629,1854.938333333333
Pulse experiments,pioreactor01,2026-09-14T17:17:57.629Z,0.388555828332,135,3,2026-09-14 23:02:57.629,1854.938333333333
Pulse experiments,pioreactor01,2026-09-14T17:17:57.629Z,0.018390532814,45,4,2026-09-14 23:02:57.629,1854.938333333333
Pulse experiments,pioreactor01,2026-09-14T17:18:02.631Z,0.001882999242,90,2,2026-09-14 23:03:02.631,1854.939722222222
Pulse experiments,pioreactor01,2026-09-14T17:18:02.631Z,0.38857585925,135,3,2026-09-14 23:03:02.631,1854.939722222222
Pulse experiments,pioreactor01,2026-09-14T17:18:02.631Z,0.018409806469,45,4,2026-09-14 23:03:02.631,1854.939722222222
Pulse experiments,pioreactor01,2026-09-14T17:18:07.626Z,0.00186118795,90,2,2026-09-14 23:03:07.626,1854.941111111111
Pulse experiments,pioreactor01,2026-09-14T17:18:07.626Z,0.38859585561,135,3,2026-09-14 23:03:07.626,1854.941111111111
Pulse experiments,pioreactor01,2026-09-14T17:18:07.626Z,0.018391514982,45,4,2026-09-14 23:03:07.626,1854.941111111111
Pulse experiments,pioreactor01,2026-09-14T17:18:12.630Z,0.001876468652,90,2,2026-09-14 23:03:12.630,1854.9425
Pulse experiments,pioreactor01,2026-09-14T17:18:12.630Z,0.388755287347,135,3,2026-09-14 23:03:12.630,1854.9425
Pulse experiments,pioreactor01,2026-09-14T17:18:12.630Z,0.018411556836,45,4,2026-09-14 23:03:12.630,1854.9425
Pulse experiments,pioreactor01,2026-09-14T17:18:17.657Z,0.001868531585,90,2,2026-09-14 23:03:17.657,1854.943888888889
Pulse experiments,pioreactor01,2026-09-14T17:18:17.657Z,0.38866561373,135,3,2026-09-14 23:03:17.657,1854.943888888889
Pulse experiments,pioreactor01,2026-09-14T17:18:17.657Z,0.018384835032,45,4,2026-09-14 23:03:17.657,1854.943888888889
Pulse experiments,pioreactor01,2026-09-14T17:18:22.619Z,0.001877150752,90,2,2026-09-14 23:03:22.619,1854.945277777778
Pulse experiments,pioreactor01,2026-09-14T17:18:22.619Z,0.388706816794,135,3,2026-09-14 23:03:22.619,1854.945277777778
Pulse experiments,pioreactor01,2026-09-14T17:18:22.619Z,0.018380297148,45,4,2026-09-14 23:03:22.619,1854.945277777778
Pulse experiments,pioreactor01,2026-09-14T17:18:27.626Z,0.001898496992,90,2,2026-09-14 23:03:27.626,1854.946666666667
Pulse experiments,pioreactor01,2026-09-14T17:18:27.626Z,0.388770465241,135,3,2026-09-14 23:03:27.626,1854.946666666667
Pulse experiments,pioreactor01,2026-09-14T17:18:27.626Z,0.018398065568,45,4,2026-09-14 23:03:27.626,1854.946666666667
Pulse experiments,pioreactor01,2026-09-14T17:18:32.616Z,0.001879212487,90,2,2026-09-14 23:03:32.616,1854.948055555556
Pulse experiments,pioreactor01,2026-09-14T17:18:32.616Z,0.38851210346,135,3,2026-09-14 23:03:32.616,1854.948055555556
Pulse experiments,pioreactor01,2026-09-14T17:18:32.616Z,0.018372554599,45,4,2026-09-14 23:03:32.616,1854.948055555556
Pulse experiments,pioreactor01,2026-09-14T17:18:37.612Z,0.001892286658,90,2,2026-09-14 23:03:37.612,1854.949444444444
Pulse experiments,pioreactor01,2026-09-14T17:18:37.612Z,0.388829004999,135,3,2026-09-14 23:03:37.612,1854.949444444444
Pulse experiments,pioreactor01,2026-09-14T17:18:37.612Z,0.018414053481,45,4,2026-09-14 23:03:37.612,1854.949444444444
Pulse experiments,pioreactor01,2026-09-14T17:18:42.615Z,0.001897759276,90,2,2026-09-14 23:03:42.615,1854.950833333333
Pulse experiments,pioreactor01,2026-09-14T17:18:42.615Z,0.38889727441,135,3,2026-09-14 23:03:42.615,1854.950833333333
Pulse experiments,pioreactor01,2026-09-14T17:18:42.615Z,0.018460525247,45,4,2026-09-14 23:03:42.615,1854.950833333333
Pulse experiments,pioreactor01,2026-09-14T17:18:47.625Z,0.001993403109,90,2,2026-09-14 23:03:47.625,1854.952222222222
Pulse experiments,pioreactor01,2026-09-14T17:18:47.625Z,0.388851644573,135,3,2026-09-14 23:03:47.625,1854.952222222222
Pulse experiments,pioreactor01,2026-09-14T17:18:47.625Z,0.019651377675,45,4,2026-09-14 23:03:47.625,1854.952222222222
Pulse experiments,pioreactor01,2026-09-14T17:18:52.651Z,0.001907178974,90,2,2026-09-14 23:03:52.651,1854.953611111111
Pulse experiments,pioreactor01,2026-09-14T17:18:52.651Z,0.388248938094,135,3,2026-09-14 23:03:52.651,1854.953611111111
Pulse experiments,pioreactor01,2026-09-14T17:18:52.651Z,0.018907473585,45,4,2026-09-14 23:03:52.651,1854.953611111111
Pulse experiments,pioreactor01,2026-09-14T17:18:57.620Z,0.001898978182,90,2,2026-09-14 23:03:57.620,1854.955
Pulse experiments,pioreactor01,2026-09-14T17:18:57.620Z,0.388183886785,135,3,2026-09-14 23:03:57.620,1854.955
Pulse experiments,pioreactor01,2026-09-14T17:18:57.620Z,0.018693688271,45,4,2026-09-14 23:03:57.620,1854.955
Pulse experiments,pioreactor01,2026-09-14T17:19:02.622Z,0.00191010045,90,2,2026-09-14 23:04:02.622,1854.956388888889
Pulse experiments,pioreactor01,2026-09-14T17:19:02.622Z,0.388188463656,135,3,2026-09-14 23:04:02.622,1854.956388888889
Pulse experiments,pioreactor01,2026-09-14T17:19:02.622Z,0.018772154695,45,4,2026-09-14 23:04:02.622,1854.956388888889
Pulse experiments,pioreactor01,2026-09-14T17:19:07.648Z,0.001884071028,90,2,2026-09-14 23:04:07.648,1854.957777777778
Pulse experiments,pioreactor01,2026-09-14T17:19:07.648Z,0.388016245411,135,3,2026-09-14 23:04:07.648,1854.957777777778
Pulse experiments,pioreactor01,2026-09-14T17:19:07.648Z,0.018507893272,45,4,2026-09-14 23:04:07.648,1854.957777777778
Pulse experiments,pioreactor01,2026-09-14T17:19:12.608Z,0.001858555574,90,2,2026-09-14 23:04:12.608,1854.959166666667
Pulse experiments,pioreactor01,2026-09-14T17:19:12.608Z,0.388193894536,135,3,2026-09-14 23:04:12.608,1854.959166666667
Pulse experiments,pioreactor01,2026-09-14T17:19:12.608Z,0.01838493721,45,4,2026-09-14 23:04:12.608,1854.959166666667
Pulse experiments,pioreactor01,2026-09-14T17:19:17.621Z,0.001858385715,90,2,2026-09-14 23:04:17.621,1854.960555555556
Pulse experiments,pioreactor01,2026-09-14T17:19:17.621Z,0.388344104395,135,3,2026-09-14 23:04:17.621,1854.960555555556
Pulse experiments,pioreactor01,2026-09-14T17:19:17.621Z,0.01834227574,45,4,2026-09-14 23:04:17.621,1854.960555555556
Pulse experiments,pioreactor01,2026-09-14T17:19:22.616Z,0.001860285619,90,2,2026-09-14 23:04:22.616,1854.961944444444
Pulse experiments,pioreactor01,2026-09-14T17:19:22.616Z,0.388348544063,135,3,2026-09-14 23:04:22.616,1854.961944444444
Pulse experiments,pioreactor01,2026-09-14T17:19:22.616Z,0.018434719401,45,4,2026-09-14 23:04:22.616,1854.961944444444
Pulse experiments,pioreactor01,2026-09-14T17:19:27.621Z,0.001849186864,90,2,2026-09-14 23:04:27.621,1854.963333333333
Pulse experiments,pioreactor01,2026-09-14T17:19:27.621Z,0.38849574305,135,3,2026-09-14 23:04:27.621,1854.963333333333
Pulse experiments,pioreactor01,2026-09-14T17:19:27.621Z,0.018405569092,45,4,2026-09-14 23:04:27.621,1854.963333333333
Pulse experiments,pioreactor01,2026-09-14T17:19:32.637Z,0.001873963693,90,2,2026-09-14 23:04:32.637,1854.964722222222
Pulse experiments,pioreactor01,2026-09-14T17:19:32.637Z,0.388431247409,135,3,2026-09-14 23:04:32.637,1854.964722222222
Pulse experiments,pioreactor01,2026-09-14T17:19:32.637Z,0.018433629277,45,4,2026-09-14 23:04:32.637,1854.964722222222
Pulse experiments,pioreactor01,2026-09-14T17:19:37.623Z,0.001872529755,90,2,2026-09-14 23:04:37.623,1854.966111111111
Pulse experiments,pioreactor01,2026-09-14T17:19:37.623Z,0.388316276843,135,3,2026-09-14 23:04:37.623,1854.966111111111
Pulse experiments,pioreactor01,2026-09-14T17:19:37.623Z,0.018441064875,45,4,2026-09-14 23:04:37.623,1854.966111111111
Pulse experiments,pioreactor01,2026-09-14T17:19:42.616Z,0.001870167356,90,2,2026-09-14 23:04:42.616,1854.9675
Pulse experiments,pioreactor01,2026-09-14T17:19:42.616Z,0.388332768377,135,3,2026-09-14 23:04:42.616,1854.9675
Pulse experiments,pioreactor01,2026-09-14T17:19:42.616Z,0.018473368141,45,4,2026-09-14 23:04:42.616,1854.9675
Pulse experiments,pioreactor01,2026-09-14T17:19:47.614Z,0.001871428138,90,2,2026-09-14 23:04:47.614,1854.968888888889
Pulse experiments,pioreactor01,2026-09-14T17:19:47.614Z,0.388467966213,135,3,2026-09-14 23:04:47.614,1854.968888888889
Pulse experiments,pioreactor01,2026-09-14T17:19:47.614Z,0.018488141439,45,4,2026-09-14 23:04:47.614,1854.968888888889
Pulse experiments,pioreactor01,2026-09-14T17:19:52.623Z,0.001880508587,90,2,2026-09-14 23:04:52.623,1854.970277777778
Pulse experiments,pioreactor01,2026-09-14T17:19:52.623Z,0.388436681737,135,3,2026-09-14 23:04:52.623,1854.970277777778
Pulse experiments,pioreactor01,2026-09-14T17:19:52.623Z,0.017794593258,45,4,2026-09-14 23:04:52.623,1854.970277777778
Pulse experiments,pioreactor01,2026-09-14T17:19:57.620Z,0.001877079009,90,2,2026-09-14 23:04:57.620,1854.971666666667
Pulse experiments,pioreactor01,2026-09-14T17:19:57.620Z,0.388553185693,135,3,2026-09-14 23:04:57.620,1854.971666666667
Pulse experiments,pioreactor01,2026-09-14T17:19:57.620Z,0.01828750084,45,4,2026-09-14 23:04:57.620,1854.971666666667
Pulse experiments,pioreactor01,2026-09-14T17:20:02.625Z,0.001872886281,90,2,2026-09-14 23:05:02.625,1854.973055555555
Pulse experiments,pioreactor01,2026-09-14T17:20:02.625Z,0.38850081517,135,3,2026-09-14 23:05:02.625,1854.973055555555
Pulse experiments,pioreactor01,2026-09-14T17:20:02.625Z,0.018373655594,45,4,2026-09-14 23:05:02.625,1854.973055555555
Pulse experiments,pioreactor01,2026-09-14T17:20:07.614Z,0.001870408949,90,2,2026-09-14 23:05:07.614,1854.974444444445
Pulse experiments,pioreactor01,2026-09-14T17:20:07.614Z,0.38843043528,135,3,2026-09-14 23:05:07.614,1854.974444444445
Pulse experiments,pioreactor01,2026-09-14T17:20:07.614Z,0.018291672293,45,4,2026-09-14 23:05:07.614,1854.974444444445
Pulse experiments,pioreactor01,2026-09-14T17:20:12.615Z,0.001869977544,90,2,2026-09-14 23:05:12.615,1854.975833333333
Pulse experiments,pioreactor01,2026-09-14T17:20:12.615Z,0.388497893041,135,3,2026-09-14 23:05:12.615,1854.975833333333
Pulse experiments,pioreactor01,2026-09-14T17:20:12.615Z,0.018544456845,45,4,2026-09-14 23:05:12.615,1854.975833333333
Pulse experiments,pioreactor01,2026-09-14T17:20:17.611Z,0.001893063092,90,2,2026-09-14 23:05:17.611,1854.977222222222
Pulse experiments,pioreactor01,2026-09-14T17:20:17.611Z,0.388751172415,135,3,2026-09-14 23:05:17.611,1854.977222222222
Pulse experiments,pioreactor01,2026-09-14T17:20:17.611Z,0.018501277497,45,4,2026-09-14 23:05:17.611,1854.977222222222
Pulse experiments,pioreactor01,2026-09-14T17:20:22.629Z,0.001908823758,90,2,2026-09-14 23:05:22.629,1854.978611111111
Pulse experiments,pioreactor01,2026-09-14T17:20:22.629Z,0.388592863926,135,3,2026-09-14 23:05:22.629,1854.978611111111
Pulse experiments,pioreactor01,2026-09-14T17:20:22.629Z,0.018867389105,45,4,2026-09-14 23:05:22.629,1854.978611111111
Pulse experiments,pioreactor01,2026-09-14T17:20:27.614Z,0.00189780642,90,2,2026-09-14 23:05:27.614,1854.98
Pulse experiments,pioreactor01,2026-09-14T17:20:27.614Z,0.388723794241,135,3,2026-09-14 23:05:27.614,1854.98
Pulse experiments,pioreactor01,2026-09-14T17:20:27.614Z,0.018595352836,45,4,2026-09-14 23:05:27.614,1854.98
Pulse experiments,pioreactor01,2026-09-14T17:20:32.633Z,0.001891631201,90,2,2026-09-14 23:05:32.633,1854.981388888889
Pulse experiments,pioreactor01,2026-09-14T17:20:32.633Z,0.388665494118,135,3,2026-09-14 23:05:32.633,1854.981388888889
Pulse experiments,pioreactor01,2026-09-14T17:20:32.633Z,0.018445278316,45,4,2026-09-14 23:05:32.633,1854.981388888889
Pulse experiments,pioreactor01,2026-09-14T17:20:37.627Z,0.001880061378,90,2,2026-09-14 23:05:37.627,1854.982777777778
Pulse experiments,pioreactor01,2026-09-14T17:20:37.627Z,0.388700456279,135,3,2026-09-14 23:05:37.627,1854.982777777778
Pulse experiments,pioreactor01,2026-09-14T17:20:37.627Z,0.018341252479,45,4,2026-09-14 23:05:37.627,1854.982777777778
Pulse experiments,pioreactor01,2026-09-14T17:20:42.646Z,0.001888143819,90,2,2026-09-14 23:05:42.646,1854.984166666667
Pulse experiments,pioreactor01,2026-09-14T17:20:42.646Z,0.388542002623,135,3,2026-09-14 23:05:42.646,1854.984166666667
Pulse experiments,pioreactor01,2026-09-14T17:20:42.646Z,0.018366377399,45,4,2026-09-14 23:05:42.646,1854.984166666667
Pulse experiments,pioreactor01,2026-09-14T17:20:47.615Z,0.00191417178,90,2,2026-09-14 23:05:47.615,1854.985555555555
Pulse experiments,pioreactor01,2026-09-14T17:20:47.615Z,0.388769684033,135,3,2026-09-14 23:05:47.615,1854.985555555555
Pulse experiments,pioreactor01,2026-09-14T17:20:47.615Z,0.018426745177,45,4,2026-09-14 23:05:47.615,1854.985555555555
Pulse experiments,pioreactor01,2026-09-14T17:20:52.623Z,0.001926740692,90,2,2026-09-14 23:05:52.623,1854.986944444444
Pulse experiments,pioreactor01,2026-09-14T17:20:52.623Z,0.388967556977,135,3,2026-09-14 23:05:52.623,1854.986944444444
Pulse experiments,pioreactor01,2026-09-14T17:20:52.623Z,0.018477679004,45,4,2026-09-14 23:05:52.623,1854.986944444444
Pulse experiments,pioreactor01,2026-09-14T17:20:57.614Z,0.001930760501,90,2,2026-09-14 23:05:57.614,1854.988333333333
Pulse experiments,pioreactor01,2026-09-14T17:20:57.614Z,0.388901577578,135,3,2026-09-14 23:05:57.614,1854.988333333333
Pulse experiments,pioreactor01,2026-09-14T17:20:57.614Z,0.018502798805,45,4,2026-09-14 23:05:57.614,1854.988333333333
Pulse experiments,pioreactor01,2026-09-14T17:21:02.619Z,0.001911552535,90,2,2026-09-14 23:06:02.619,1854.989722222222
Pulse experiments,pioreactor01,2026-09-14T17:21:02.619Z,0.388686428746,135,3,2026-09-14 23:06:02.619,1854.989722222222
Pulse experiments,pioreactor01,2026-09-14T17:21:02.619Z,0.018452153719,45,4,2026-09-14 23:06:02.619,1854.989722222222
Pulse experiments,pioreactor01,2026-09-14T17:21:07.627Z,0.001911564573,90,2,2026-09-14 23:06:07.627,1854.991111111111
Pulse experiments,pioreactor01,2026-09-14T17:21:07.627Z,0.388858948234,135,3,2026-09-14 23:06:07.627,1854.991111111111
Pulse experiments,pioreactor01,2026-09-14T17:21:07.627Z,0.01845890634,45,4,2026-09-14 23:06:07.627,1854.991111111111
Pulse experiments,pioreactor01,2026-09-14T17:21:12.610Z,0.001916253576,90,2,2026-09-14 23:06:12.610,1854.9925
Pulse experiments,pioreactor01,2026-09-14T17:21:12.610Z,0.389086120329,135,3,2026-09-14 23:06:12.610,1854.9925
Pulse experiments,pioreactor01,2026-09-14T17:21:12.610Z,0.018461499937,45,4,2026-09-14 23:06:12.610,1854.9925
Pulse experiments,pioreactor01,2026-09-14T17:21:17.619Z,0.001918487496,90,2,2026-09-14 23:06:17.619,1854.993888888889
Pulse experiments,pioreactor01,2026-09-14T17:21:17.619Z,0.389052661785,135,3,2026-09-14 23:06:17.619,1854.993888888889
Pulse experiments,pioreactor01,2026-09-14T17:21:17.619Z,0.018514199827,45,4,2026-09-14 23:06:17.619,1854.993888888889
Pulse experiments,pioreactor01,2026-09-14T17:21:22.614Z,0.001941789187,90,2,2026-09-14 23:06:22.614,1854.995277777778
Pulse experiments,pioreactor01,2026-09-14T17:21:22.614Z,0.389293506428,135,3,2026-09-14 23:06:22.614,1854.995277777778
Pulse experiments,pioreactor01,2026-09-14T17:21:22.614Z,0.018713835447,45,4,2026-09-14 23:06:22.614,1854.995277777778
Pulse experiments,pioreactor01,2026-09-14T17:21:27.630Z,0.001943201332,90,2,2026-09-14 23:06:27.630,1854.996666666667
Pulse experiments,pioreactor01,2026-09-14T17:21:27.630Z,0.389207681182,135,3,2026-09-14 23:06:27.630,1854.996666666667
Pulse experiments,pioreactor01,2026-09-14T17:21:27.630Z,0.018641768992,45,4,2026-09-14 23:06:27.630,1854.996666666667
Pulse experiments,pioreactor01,2026-09-14T17:21:32.619Z,0.001924605749,90,2,2026-09-14 23:06:32.619,1854.998055555556
Pulse experiments,pioreactor01,2026-09-14T17:21:32.619Z,0.389116641701,135,3,2026-09-14 23:06:32.619,1854.998055555556
Pulse experiments,pioreactor01,2026-09-14T17:21:32.619Z,0.018592273027,45,4,2026-09-14 23:06:32.619,1854.998055555556
Pulse experiments,pioreactor01,2026-09-14T17:21:37.617Z,0.001934288739,90,2,2026-09-14 23:06:37.617,1854.999444444444
Pulse experiments,pioreactor01,2026-09-14T17:21:37.617Z,0.389043873819,135,3,2026-09-14 23:06:37.617,1854.999444444444
Pulse experiments,pioreactor01,2026-09-14T17:21:37.617Z,0.01850675996,45,4,2026-09-14 23:06:37.617,1854.999444444444
Pulse experiments,pioreactor01,2026-09-14T17:21:42.620Z,0.001916815587,90,2,2026-09-14 23:06:42.620,1855.000833333333
Pulse experiments,pioreactor01,2026-09-14T17:21:42.620Z,0.388929705068,135,3,2026-09-14 23:06:42.620,1855.000833333333
Pulse experiments,pioreactor01,2026-09-14T17:21:42.620Z,0.018421516631,45,4,2026-09-14 23:06:42.620,1855.000833333333
Pulse experiments,pioreactor01,2026-09-14T17:21:47.617Z,0.001922219927,90,2,2026-09-14 23:06:47.617,1855.002222222222
Pulse experiments,pioreactor01,2026-09-14T17:21:47.617Z,0.389259374379,135,3,2026-09-14 23:06:47.617,1855.002222222222
Pulse experiments,pioreactor01,2026-09-14T17:21:47.617Z,0.018506145724,45,4,2026-09-14 23:06:47.617,1855.002222222222
Pulse experiments,pioreactor01,2026-09-14T17:21:52.620Z,0.001937130055,90,2,2026-09-14 23:06:52.620,1855.003611111111
Pulse experiments,pioreactor01,2026-09-14T17:21:52.620Z,0.389164975656,135,3,2026-09-14 23:06:52.620,1855.003611111111
Pulse experiments,pioreactor01,2026-09-14T17:21:52.620Z,0.01840504865,45,4,2026-09-14 23:06:52.620,1855.003611111111
Pulse experiments,pioreactor01,2026-09-14T17:21:57.636Z,0.001918504119,90,2,2026-09-14 23:06:57.636,1855.005
Pulse experiments,pioreactor01,2026-09-14T17:21:57.636Z,0.388937661228,135,3,2026-09-14 23:06:57.636,1855.005
Pulse experiments,pioreactor01,2026-09-14T17:21:57.636Z,0.018374670695,45,4,2026-09-14 23:06:57.636,1855.005
Pulse experiments,pioreactor01,2026-09-14T17:22:02.630Z,0.001880381243,90,2,2026-09-14 23:07:02.630,1855.006388888889
Pulse experiments,pioreactor01,2026-09-14T17:22:02.630Z,0.388406558342,135,3,2026-09-14 23:07:02.630,1855.006388888889
Pulse experiments,pioreactor01,2026-09-14T17:22:02.630Z,0.01828686143,45,4,2026-09-14 23:07:02.630,1855.006388888889
Pulse experiments,pioreactor01,2026-09-14T17:22:07.624Z,0.001845080922,90,2,2026-09-14 23:07:07.624,1855.007777777778
Pulse experiments,pioreactor01,2026-09-14T17:22:07.624Z,0.388139546251,135,3,2026-09-14 23:07:07.624,1855.007777777778
Pulse experiments,pioreactor01,2026-09-14T17:22:07.624Z,0.018162752138,45,4,2026-09-14 23:07:07.624,1855.007777777778
Pulse experiments,pioreactor01,2026-09-14T17:22:12.629Z,0.001841730167,90,2,2026-09-14 23:07:12.629,1855.009166666667
Pulse experiments,pioreactor01,2026-09-14T17:22:12.629Z,0.387642628535,135,3,2026-09-14 23:07:12.629,1855.009166666667
Pulse experiments,pioreactor01,2026-09-14T17:22:12.629Z,0.018242021939,45,4,2026-09-14 23:07:12.629,1855.009166666667
Pulse experiments,pioreactor01,2026-09-14T17:22:17.625Z,0.001836013892,90,2,2026-09-14 23:07:17.625,1855.010555555556
Pulse experiments,pioreactor01,2026-09-14T17:22:17.625Z,0.387743371451,135,3,2026-09-14 23:07:17.625,1855.010555555556
Pulse experiments,pioreactor01,2026-09-14T17:22:17.625Z,0.018153029258,45,4,2026-09-14 23:07:17.625,1855.010555555556
Pulse experiments,pioreactor01,2026-09-14T17:22:22.624Z,0.001852105682,90,2,2026-09-14 23:07:22.624,1855.011944444444
Pulse experiments,pioreactor01,2026-09-14T17:22:22.624Z,0.387893592208,135,3,2026-09-14 23:07:22.624,1855.011944444444
Pulse experiments,pioreactor01,2026-09-14T17:22:22.624Z,0.018272632452,45,4,2026-09-14 23:07:22.624,1855.011944444444
Pulse experiments,pioreactor01,2026-09-14T17:22:27.616Z,0.001832647915,90,2,2026-09-14 23:07:27.616,1855.013333333333
Pulse experiments,pioreactor01,2026-09-14T17:22:27.616Z,0.387937519085,135,3,2026-09-14 23:07:27.616,1855.013333333333
Pulse experiments,pioreactor01,2026-09-14T17:22:27.616Z,0.018230685187,45,4,2026-09-14 23:07:27.616,1855.013333333333
Pulse experiments,pioreactor01,2026-09-14T17:22:32.627Z,0.001852293915,90,2,2026-09-14 23:07:32.627,1855.014722222222
Pulse experiments,pioreactor01,2026-09-14T17:22:32.627Z,0.387853317521,135,3,2026-09-14 23:07:32.627,1855.014722222222
Pulse experiments,pioreactor01,2026-09-14T17:22:32.627Z,0.018206832393,45,4,2026-09-14 23:07:32.627,1855.014722222222
Pulse experiments,pioreactor01,2026-09-14T17:22:37.619Z,0.001843509127,90,2,2026-09-14 23:07:37.619,1855.016111111111
Pulse experiments,pioreactor01,2026-09-14T17:22:37.619Z,0.388003714937,135,3,2026-09-14 23:07:37.619,1855.016111111111
Pulse experiments,pioreactor01,2026-09-14T17:22:37.619Z,0.018227116231,45,4,2026-09-14 23:07:37.619,1855.016111111111
Pulse experiments,pioreactor01,2026-09-14T17:22:42.617Z,0.001825326009,90,2,2026-09-14 23:07:42.617,1855.0175
Pulse experiments,pioreactor01,2026-09-14T17:22:42.617Z,0.388148089308,135,3,2026-09-14 23:07:42.617,1855.0175
Pulse experiments,pioreactor01,2026-09-14T17:22:42.617Z,0.018201375075,45,4,2026-09-14 23:07:42.617,1855.0175
Pulse experiments,pioreactor01,2026-09-14T17:22:47.615Z,0.00184017146,90,2,2026-09-14 23:07:47.615,1855.018888888889
Pulse experiments,pioreactor01,2026-09-14T17:22:47.615Z,0.388228461438,135,3,2026-09-14 23:07:47.615,1855.018888888889
Pulse experiments,pioreactor01,2026-09-14T17:22:47.615Z,0.018164426035,45,4,2026-09-14 23:07:47.615,1855.018888888889
Pulse experiments,pioreactor01,2026-09-14T17:22:52.622Z,0.001829237652,90,2,2026-09-14 23:07:52.622,1855.020277777778
Pulse experiments,pioreactor01,2026-09-14T17:22:52.622Z,0.388165073693,135,3,2026-09-14 23:07:52.622,1855.020277777778
Pulse experiments,pioreactor01,2026-09-14T17:22:52.622Z,0.018209160231,45,4,2026-09-14 23:07:52.622,1855.020277777778
Pulse experiments,pioreactor01,2026-09-14T17:22:57.628Z,0.001817156645,90,2,2026-09-14 23:07:57.628,1855.021666666667
Pulse experiments,pioreactor01,2026-09-14T17:22:57.628Z,0.388281595928,135,3,2026-09-14 23:07:57.628,1855.021666666667
Pulse experiments,pioreactor01,2026-09-14T17:22:57.628Z,0.018177711318,45,4,2026-09-14 23:07:57.628,1855.021666666667
Pulse experiments,pioreactor01,2026-09-14T17:23:02.619Z,0.001842405565,90,2,2026-09-14 23:08:02.619,1855.023055555556
Pulse experiments,pioreactor01,2026-09-14T17:23:02.619Z,0.3883621879,135,3,2026-09-14 23:08:02.619,1855.023055555556
Pulse experiments,pioreactor01,2026-09-14T17:23:02.619Z,0.018207533948,45,4,2026-09-14 23:08:02.619,1855.023055555556
Pulse experiments,pioreactor01,2026-09-14T17:23:07.628Z,0.001848409827,90,2,2026-09-14 23:08:07.628,1855.024444444444
Pulse experiments,pioreactor01,2026-09-14T17:23:07.628Z,0.388374648482,135,3,2026-09-14 23:08:07.628,1855.024444444444
Pulse experiments,pioreactor01,2026-09-14T17:23:07.628Z,0.018183475732,45,4,2026-09-14 23:08:07.628,1855.024444444444
Pulse experiments,pioreactor01,2026-09-14T17:23:12.615Z,0.00185199437,90,2,2026-09-14 23:08:12.615,1855.025833333333
Pulse experiments,pioreactor01,2026-09-14T17:23:12.615Z,0.388387142887,135,3,2026-09-14 23:08:12.615,1855.025833333333
Pulse experiments,pioreactor01,2026-09-14T17:23:12.615Z,0.018188015897,45,4,2026-09-14 23:08:12.615,1855.025833333333
Pulse experiments,pioreactor01,2026-09-14T17:23:17.617Z,0.001856098992,90,2,2026-09-14 23:08:17.617,1855.027222222222
Pulse experiments,pioreactor01,2026-09-14T17:23:17.617Z,0.388312204766,135,3,2026-09-14 23:08:17.617,1855.027222222222
Pulse experiments,pioreactor01,2026-09-14T17:23:17.617Z,0.018275396823,45,4,2026-09-14 23:08:17.617,1855.027222222222
Pulse experiments,pioreactor01,2026-09-14T17:23:22.617Z,0.001851147943,90,2,2026-09-14 23:08:22.617,1855.028611111111
Pulse experiments,pioreactor01,2026-09-14T17:23:22.617Z,0.388436486045,135,3,2026-09-14 23:08:22.617,1855.028611111111
Pulse experiments,pioreactor01,2026-09-14T17:23:22.617Z,0.018250235135,45,4,2026-09-14 23:08:22.617,1855.028611111111
Pulse experiments,pioreactor01,2026-09-14T17:23:27.614Z,0.001862854915,90,2,2026-09-14 23:08:27.614,1855.03
Pulse experiments,pioreactor01,2026-09-14T17:23:27.614Z,0.388502014455,135,3,2026-09-14 23:08:27.614,1855.03
Pulse experiments,pioreactor01,2026-09-14T17:23:27.614Z,0.018225038372,45,4,2026-09-14 23:08:27.614,1855.03
Pulse experiments,pioreactor01,2026-09-14T17:23:32.615Z,0.001871958985,90,2,2026-09-14 23:08:32.615,1855.031388888889
Pulse experiments,pioreactor01,2026-09-14T17:23:32.615Z,0.388478991477,135,3,2026-09-14 23:08:32.615,1855.031388888889
Pulse experiments,pioreactor01,2026-09-14T17:23:32.615Z,0.018198356142,45,4,2026-09-14 23:08:32.615,1855.031388888889
Pulse experiments,pioreactor01,2026-09-14T17:23:37.618Z,0.001863987006,90,2,2026-09-14 23:08:37.618,1855.032777777778
Pulse experiments,pioreactor01,2026-09-14T17:23:37.618Z,0.388511771502,135,3,2026-09-14 23:08:37.618,1855.032777777778
Pulse experiments,pioreactor01,2026-09-14T17:23:37.618Z,0.018219332417,45,4,2026-09-14 23:08:37.618,1855.032777777778
Pulse experiments,pioreactor01,2026-09-14T17:23:42.621Z,0.001847766293,90,2,2026-09-14 23:08:42.621,1855.034166666667
Pulse experiments,pioreactor01,2026-09-14T17:23:42.621Z,0.388529782879,135,3,2026-09-14 23:08:42.621,1855.034166666667
Pulse experiments,pioreactor01,2026-09-14T17:23:42.621Z,0.018160097044,45,4,2026-09-14 23:08:42.621,1855.034166666667
Pulse experiments,pioreactor01,2026-09-14T17:23:47.625Z,0.001850181972,90,2,2026-09-14 23:08:47.625,1855.035555555555
Pulse experiments,pioreactor01,2026-09-14T17:23:47.625Z,0.388451861732,135,3,2026-09-14 23:08:47.625,1855.035555555555
Pulse experiments,pioreactor01,2026-09-14T17:23:47.625Z,0.018143917515,45,4,2026-09-14 23:08:47.625,1855.035555555555
Pulse experiments,pioreactor01,2026-09-14T17:23:52.620Z,0.00186335954,90,2,2026-09-14 23:08:52.620,1855.036944444445
Pulse experiments,pioreactor01,2026-09-14T17:23:52.620Z,0.388545819391,135,3,2026-09-14 23:08:52.620,1855.036944444445
Pulse experiments,pioreactor01,2026-09-14T17:23:52.620Z,0.018183378977,45,4,2026-09-14 23:08:52.620,1855.036944444445
Pulse experiments,pioreactor01,2026-09-14T17:23:57.628Z,0.001858020994,90,2,2026-09-14 23:08:57.628,1855.038333333333
Pulse experiments,pioreactor01,2026-09-14T17:23:57.628Z,0.388591188107,135,3,2026-09-14 23:08:57.628,1855.038333333333
Pulse experiments,pioreactor01,2026-09-14T17:23:57.628Z,0.018214258032,45,4,2026-09-14 23:08:57.628,1855.038333333333
Pulse experiments,pioreactor01,2026-09-14T17:24:02.643Z,0.001859785621,90,2,2026-09-14 23:09:02.643,1855.039722222222
Pulse experiments,pioreactor01,2026-09-14T17:24:02.643Z,0.388518938463,135,3,2026-09-14 23:09:02.643,1855.039722222222
Pulse experiments,pioreactor01,2026-09-14T17:24:02.643Z,0.018187776615,45,4,2026-09-14 23:09:02.643,1855.039722222222
Pulse experiments,pioreactor01,2026-09-14T17:24:07.636Z,0.001870539066,90,2,2026-09-14 23:09:07.636,1855.041111111111
Pulse experiments,pioreactor01,2026-09-14T17:24:07.636Z,0.388611189687,135,3,2026-09-14 23:09:07.636,1855.041111111111
Pulse experiments,pioreactor01,2026-09-14T17:24:07.636Z,0.018222112706,45,4,2026-09-14 23:09:07.636,1855.041111111111
Pulse experiments,pioreactor01,2026-09-14T17:24:12.630Z,0.001875331356,90,2,2026-09-14 23:09:12.630,1855.0425
Pulse experiments,pioreactor01,2026-09-14T17:24:12.630Z,0.388705564165,135,3,2026-09-14 23:09:12.630,1855.0425
Pulse experiments,pioreactor01,2026-09-14T17:24:12.630Z,0.018221590304,45,4,2026-09-14 23:09:12.630,1855.0425
Pulse experiments,pioreactor01,2026-09-14T17:24:17.630Z,0.001868522399,90,2,2026-09-14 23:09:17.630,1855.043888888889
Pulse experiments,pioreactor01,2026-09-14T17:24:17.630Z,0.38873623175,135,3,2026-09-14 23:09:17.630,1855.043888888889
Pulse experiments,pioreactor01,2026-09-14T17:24:17.630Z,0.01822381534,45,4,2026-09-14 23:09:17.630,1855.043888888889
Pulse experiments,pioreactor01,2026-09-14T17:24:22.616Z,0.001864666642,90,2,2026-09-14 23:09:22.616,1855.045277777778
Pulse experiments,pioreactor01,2026-09-14T17:24:22.616Z,0.388961031536,135,3,2026-09-14 23:09:22.616,1855.045277777778
Pulse experiments,pioreactor01,2026-09-14T17:24:22.616Z,0.0182174358,45,4,2026-09-14 23:09:22.616,1855.045277777778
Pulse experiments,pioreactor01,2026-09-14T17:24:27.609Z,0.001896371259,90,2,2026-09-14 23:09:27.609,1855.046666666667
Pulse experiments,pioreactor01,2026-09-14T17:24:27.609Z,0.38902187325,135,3,2026-09-14 23:09:27.609,1855.046666666667
Pulse experiments,pioreactor01,2026-09-14T17:24:27.609Z,0.018375403466,45,4,2026-09-14 23:09:27.609,1855.046666666667
Pulse experiments,pioreactor01,2026-09-14T17:24:32.626Z,0.0018884253,90,2,2026-09-14 23:09:32.626,1855.048055555555
Pulse experiments,pioreactor01,2026-09-14T17:24:32.626Z,0.388867136912,135,3,2026-09-14 23:09:32.626,1855.048055555555
Pulse experiments,pioreactor01,2026-09-14T17:24:32.626Z,0.018330777087,45,4,2026-09-14 23:09:32.626,1855.048055555555
Pulse experiments,pioreactor01,2026-09-14T17:24:37.626Z,0.001872980181,90,2,2026-09-14 23:09:37.626,1855.049444444444
Pulse experiments,pioreactor01,2026-09-14T17:24:37.626Z,0.388862579037,135,3,2026-09-14 23:09:37.626,1855.049444444444
Pulse experiments,pioreactor01,2026-09-14T17:24:37.626Z,0.018243471488,45,4,2026-09-14 23:09:37.626,1855.049444444444
Pulse experiments,pioreactor01,2026-09-14T17:24:42.636Z,0.001889536952,90,2,2026-09-14 23:09:42.636,1855.050833333333
Pulse experiments,pioreactor01,2026-09-14T17:24:42.636Z,0.388861694505,135,3,2026-09-14 23:09:42.636,1855.050833333333
Pulse experiments,pioreactor01,2026-09-14T17:24:42.636Z,0.018264796579,45,4,2026-09-14 23:09:42.636,1855.050833333333
Pulse experiments,pioreactor01,2026-09-14T17:24:47.632Z,0.001886914875,90,2,2026-09-14 23:09:47.632,1855.052222222222
Pulse experiments,pioreactor01,2026-09-14T17:24:47.632Z,0.388922808191,135,3,2026-09-14 23:09:47.632,1855.052222222222
Pulse experiments,pioreactor01,2026-09-14T17:24:47.632Z,0.018264029441,45,4,2026-09-14 23:09:47.632,1855.052222222222
Pulse experiments,pioreactor01,2026-09-14T17:24:52.642Z,0.001900988115,90,2,2026-09-14 23:09:52.642,1855.053611111111
Pulse experiments,pioreactor01,2026-09-14T17:24:52.642Z,0.388803326612,135,3,2026-09-14 23:09:52.642,1855.053611111111
Pulse experiments,pioreactor01,2026-09-14T17:24:52.642Z,0.018252477011,45,4,2026-09-14 23:09:52.642,1855.053611111111
Pulse experiments,pioreactor01,2026-09-14T17:24:57.624Z,0.001908079621,90,2,2026-09-14 23:09:57.624,1855.055
Pulse experiments,pioreactor01,2026-09-14T17:24:57.624Z,0.388623004208,135,3,2026-09-14 23:09:57.624,1855.055
Pulse experiments,pioreactor01,2026-09-14T17:24:57.624Z,0.018303277705,45,4,2026-09-14 23:09:57.624,1855.055
Pulse experiments,pioreactor01,2026-09-14T17:25:02.627Z,0.001906641093,90,2,2026-09-14 23:10:02.627,1855.056388888889
Pulse experiments,pioreactor01,2026-09-14T17:25:02.627Z,0.388855367085,135,3,2026-09-14 23:10:02.627,1855.056388888889
Pulse experiments,pioreactor01,2026-09-14T17:25:02.627Z,0.01828578938,45,4,2026-09-14 23:10:02.627,1855.056388888889
Pulse experiments,pioreactor01,2026-09-14T17:25:07.628Z,0.001907805723,90,2,2026-09-14 23:10:07.628,1855.057777777778
Pulse experiments,pioreactor01,2026-09-14T17:25:07.628Z,0.388956504895,135,3,2026-09-14 23:10:07.628,1855.057777777778
Pulse experiments,pioreactor01,2026-09-14T17:25:07.628Z,0.018371119,45,4,2026-09-14 23:10:07.628,1855.057777777778
Pulse experiments,pioreactor01,2026-09-14T17:25:12.631Z,0.001914946767,90,2,2026-09-14 23:10:12.631,1855.059166666667
Pulse experiments,pioreactor01,2026-09-14T17:25:12.631Z,0.388954070053,135,3,2026-09-14 23:10:12.631,1855.059166666667
Pulse experiments,pioreactor01,2026-09-14T17:25:12.631Z,0.018380490779,45,4,2026-09-14 23:10:12.631,1855.059166666667
Pulse experiments,pioreactor01,2026-09-14T17:25:17.636Z,0.001905064599,90,2,2026-09-14 23:10:17.636,1855.060555555556
Pulse experiments,pioreactor01,2026-09-14T17:25:17.636Z,0.388966678227,135,3,2026-09-14 23:10:17.636,1855.060555555556
Pulse experiments,pioreactor01,2026-09-14T17:25:17.636Z,0.018329430276,45,4,2026-09-14 23:10:17.636,1855.060555555556
Pulse experiments,pioreactor01,2026-09-14T17:25:22.626Z,0.001909634141,90,2,2026-09-14 23:10:22.626,1855.061944444444
Pulse experiments,pioreactor01,2026-09-14T17:25:22.626Z,0.389007267967,135,3,2026-09-14 23:10:22.626,1855.061944444444
Pulse experiments,pioreactor01,2026-09-14T17:25:22.626Z,0.018346607457,45,4,2026-09-14 23:10:22.626,1855.061944444444
Pulse experiments,pioreactor01,2026-09-14T17:25:27.636Z,0.001915964738,90,2,2026-09-14 23:10:27.636,1855.063333333333
Pulse experiments,pioreactor01,2026-09-14T17:25:27.636Z,0.388987550193,135,3,2026-09-14 23:10:27.636,1855.063333333333
Pulse experiments,pioreactor01,2026-09-14T17:25:27.636Z,0.018321766193,45,4,2026-09-14 23:10:27.636,1855.063333333333
Pulse experiments,pioreactor01,2026-09-14T17:25:32.627Z,0.001929962093,90,2,2026-09-14 23:10:32.627,1855.064722222222
Pulse experiments,pioreactor01,2026-09-14T17:25:32.627Z,0.389070658256,135,3,2026-09-14 23:10:32.627,1855.064722222222
Pulse experiments,pioreactor01,2026-09-14T17:25:32.627Z,0.018345598271,45,4,2026-09-14 23:10:32.627,1855.064722222222
Pulse experiments,pioreactor01,2026-09-14T17:25:37.637Z,0.001929958584,90,2,2026-09-14 23:10:37.637,1855.066111111111
Pulse experiments,pioreactor01,2026-09-14T17:25:37.637Z,0.389087642087,135,3,2026-09-14 23:10:37.637,1855.066111111111
Pulse experiments,pioreactor01,2026-09-14T17:25:37.637Z,0.018349088341,45,4,2026-09-14 23:10:37.637,1855.066111111111
Pulse experiments,pioreactor01,2026-09-14T17:25:42.638Z,0.001919634618,90,2,2026-09-14 23:10:42.638,1855.0675
Pulse experiments,pioreactor01,2026-09-14T17:25:42.638Z,0.38908622818,135,3,2026-09-14 23:10:42.638,1855.0675
Pulse experiments,pioreactor01,2026-09-14T17:25:42.638Z,0.018320667252,45,4,2026-09-14 23:10:42.638,1855.0675
Pulse experiments,pioreactor01,2026-09-14T17:25:47.634Z,0.001890616838,90,2,2026-09-14 23:10:47.634,1855.068888888889
Pulse experiments,pioreactor01,2026-09-14T17:25:47.634Z,0.38869945064,135,3,2026-09-14 23:10:47.634,1855.068888888889
Pulse experiments,pioreactor01,2026-09-14T17:25:47.634Z,0.018200474219,45,4,2026-09-14 23:10:47.634,1855.068888888889
Pulse experiments,pioreactor01,2026-09-14T17:25:52.632Z,0.001830637334,90,2,2026-09-14 23:10:52.632,1855.070277777778
Pulse experiments,pioreactor01,2026-09-14T17:25:52.632Z,0.388259171669,135,3,2026-09-14 23:10:52.632,1855.070277777778
Pulse experiments,pioreactor01,2026-09-14T17:25:52.632Z,0.018105996648,45,4,2026-09-14 23:10:52.632,1855.070277777778
Pulse experiments,pioreactor01,2026-09-14T17:25:57.633Z,0.001815666399,90,2,2026-09-14 23:10:57.633,1855.071666666667
Pulse experiments,pioreactor01,2026-09-14T17:25:57.633Z,0.388095599558,135,3,2026-09-14 23:10:57.633,1855.071666666667
Pulse experiments,pioreactor01,2026-09-14T17:25:57.633Z,0.018060460786,45,4,2026-09-14 23:10:57.633,1855.071666666667
Pulse experiments,pioreactor01,2026-09-14T17:26:02.632Z,0.001818853378,90,2,2026-09-14 23:11:02.632,1855.073055555556
Pulse experiments,pioreactor01,2026-09-14T17:26:02.632Z,0.387999457626,135,3,2026-09-14 23:11:02.632,1855.073055555556
Pulse experiments,pioreactor01,2026-09-14T17:26:02.632Z,0.018068493689,45,4,2026-09-14 23:11:02.632,1855.073055555556
Pulse experiments,pioreactor01,2026-09-14T17:26:07.627Z,0.001819725128,90,2,2026-09-14 23:11:07.627,1855.074444444444
Pulse experiments,pioreactor01,2026-09-14T17:26:07.627Z,0.388014832035,135,3,2026-09-14 23:11:07.627,1855.074444444444
Pulse experiments,pioreactor01,2026-09-14T17:26:07.627Z,0.018100930335,45,4,2026-09-14 23:11:07.627,1855.074444444444
Pulse experiments,pioreactor01,2026-09-14T17:26:12.632Z,0.001834054054,90,2,2026-09-14 23:11:12.632,1855.075833333333
Pulse experiments,pioreactor01,2026-09-14T17:26:12.632Z,0.388033042109,135,3,2026-09-14 23:11:12.632,1855.075833333333
Pulse experiments,pioreactor01,2026-09-14T17:26:12.632Z,0.018117780649,45,4,2026-09-14 23:11:12.632,1855.075833333333
Pulse experiments,pioreactor01,2026-09-14T17:26:17.635Z,0.001826781861,90,2,2026-09-14 23:11:17.635,1855.077222222222
Pulse experiments,pioreactor01,2026-09-14T17:26:17.635Z,0.388003758009,135,3,2026-09-14 23:11:17.635,1855.077222222222
Pulse experiments,pioreactor01,2026-09-14T17:26:17.635Z,0.018113097771,45,4,2026-09-14 23:11:17.635,1855.077222222222
Pulse experiments,pioreactor01,2026-09-14T17:26:22.621Z,0.001828584954,90,2,2026-09-14 23:11:22.621,1855.078611111111
Pulse experiments,pioreactor01,2026-09-14T17:26:22.621Z,0.38816981191,135,3,2026-09-14 23:11:22.621,1855.078611111111
Pulse experiments,pioreactor01,2026-09-14T17:26:22.621Z,0.018121562096,45,4,2026-09-14 23:11:22.621,1855.078611111111
Pulse experiments,pioreactor01,2026-09-14T17:26:27.619Z,0.001845350689,90,2,2026-09-14 23:11:27.619,1855.08
Pulse experiments,pioreactor01,2026-09-14T17:26:27.619Z,0.38786312136,135,3,2026-09-14 23:11:27.619,1855.08
Pulse experiments,pioreactor01,2026-09-14T17:26:27.619Z,0.018296641224,45,4,2026-09-14 23:11:27.619,1855.08
Pulse experiments,pioreactor01,2026-09-14T17:26:32.620Z,0.001848757574,90,2,2026-09-14 23:11:32.620,1855.081388888889
Pulse experiments,pioreactor01,2026-09-14T17:26:32.620Z,0.388151375466,135,3,2026-09-14 23:11:32.620,1855.081388888889
Pulse experiments,pioreactor01,2026-09-14T17:26:32.620Z,0.018291770167,45,4,2026-09-14 23:11:32.620,1855.081388888889
Pulse experiments,pioreactor01,2026-09-14T17:26:37.625Z,0.001851137584,90,2,2026-09-14 23:11:37.625,1855.082777777778
Pulse experiments,pioreactor01,2026-09-14T17:26:37.625Z,0.388288233205,135,3,2026-09-14 23:11:37.625,1855.082777777778
Pulse experiments,pioreactor01,2026-09-14T17:26:37.625Z,0.018287922418,45,4,2026-09-14 23:11:37.625,1855.082777777778
Pulse experiments,pioreactor01,2026-09-14T17:26:42.612Z,0.001841648264,90,2,2026-09-14 23:11:42.612,1855.084166666667
Pulse experiments,pioreactor01,2026-09-14T17:26:42.612Z,0.388190113298,135,3,2026-09-14 23:11:42.612,1855.084166666667
Pulse experiments,pioreactor01,2026-09-14T17:26:42.612Z,0.018304331673,45,4,2026-09-14 23:11:42.612,1855.084166666667
Pulse experiments,pioreactor01,2026-09-14T17:26:47.621Z,0.001853394951,90,2,2026-09-14 23:11:47.621,1855.085555555556
Pulse experiments,pioreactor01,2026-09-14T17:26:47.621Z,0.388019546554,135,3,2026-09-14 23:11:47.621,1855.085555555556
Pulse experiments,pioreactor01,2026-09-14T17:26:47.621Z,0.018266159608,45,4,2026-09-14 23:11:47.621,1855.085555555556
Pulse experiments,pioreactor01,2026-09-14T17:26:52.615Z,0.001848328593,90,2,2026-09-14 23:11:52.615,1855.086944444444
Pulse experiments,pioreactor01,2026-09-14T17:26:52.615Z,0.387880970383,135,3,2026-09-14 23:11:52.615,1855.086944444444
Pulse experiments,pioreactor01,2026-09-14T17:26:52.615Z,0.018460175713,45,4,2026-09-14 23:11:52.615,1855.086944444444
Pulse experiments,pioreactor01,2026-09-14T17:26:57.623Z,0.001859141472,90,2,2026-09-14 23:11:57.623,1855.088333333333
Pulse experiments,pioreactor01,2026-09-14T17:26:57.623Z,0.388198115455,135,3,2026-09-14 23:11:57.623,1855.088333333333
Pulse experiments,pioreactor01,2026-09-14T17:26:57.623Z,0.018429274161,45,4,2026-09-14 23:11:57.623,1855.088333333333
Pulse experiments,pioreactor01,2026-09-14T17:27:02.625Z,0.001879081844,90,2,2026-09-14 23:12:02.625,1855.089722222222
Pulse experiments,pioreactor01,2026-09-14T17:27:02.625Z,0.388193827368,135,3,2026-09-14 23:12:02.625,1855.089722222222
Pulse experiments,pioreactor01,2026-09-14T17:27:02.625Z,0.018424877937,45,4,2026-09-14 23:12:02.625,1855.089722222222
Pulse experiments,pioreactor01,2026-09-14T17:27:07.615Z,0.001872732435,90,2,2026-09-14 23:12:07.615,1855.091111111111
Pulse experiments,pioreactor01,2026-09-14T17:27:07.615Z,0.388163312252,135,3,2026-09-14 23:12:07.615,1855.091111111111
Pulse experiments,pioreactor01,2026-09-14T17:27:07.615Z,0.018402878215,45,4,2026-09-14 23:12:07.615,1855.091111111111
Pulse experiments,pioreactor01,2026-09-14T17:27:12.621Z,0.001859088953,90,2,2026-09-14 23:12:12.621,1855.0925
Pulse experiments,pioreactor01,2026-09-14T17:27:12.621Z,0.388216022118,135,3,2026-09-14 23:12:12.621,1855.0925
Pulse experiments,pioreactor01,2026-09-14T17:27:12.621Z,0.018366003718,45,4,2026-09-14 23:12:12.621,1855.0925
Pulse experiments,pioreactor01,2026-09-14T17:27:17.644Z,0.001869083329,90,2,2026-09-14 23:12:17.644,1855.093888888889
Pulse experiments,pioreactor01,2026-09-14T17:27:17.644Z,0.388194961318,135,3,2026-09-14 23:12:17.644,1855.093888888889
Pulse experiments,pioreactor01,2026-09-14T17:27:17.644Z,0.018452052772,45,4,2026-09-14 23:12:17.644,1855.093888888889
Pulse experiments,pioreactor01,2026-09-14T17:27:22.639Z,0.001924091149,90,2,2026-09-14 23:12:22.639,1855.095277777778
Pulse experiments,pioreactor01,2026-09-14T17:27:22.639Z,0.388275137893,135,3,2026-09-14 23:12:22.639,1855.095277777778
Pulse experiments,pioreactor01,2026-09-14T17:27:22.639Z,0.018817598344,45,4,2026-09-14 23:12:22.639,1855.095277777778
Pulse experiments,pioreactor01,2026-09-14T17:27:27.628Z,0.00189954263,90,2,2026-09-14 23:12:27.628,1855.096666666667
Pulse experiments,pioreactor01,2026-09-14T17:27:27.628Z,0.388232797155,135,3,2026-09-14 23:12:27.628,1855.096666666667
Pulse experiments,pioreactor01,2026-09-14T17:27:27.628Z,0.018589143426,45,4,2026-09-14 23:12:27.628,1855.096666666667
Pulse experiments,pioreactor01,2026-09-14T17:27:32.631Z,0.001880812636,90,2,2026-09-14 23:12:32.631,1855.098055555555
Pulse experiments,pioreactor01,2026-09-14T17:27:32.631Z,0.388119258812,135,3,2026-09-14 23:12:32.631,1855.098055555555
Pulse experiments,pioreactor01,2026-09-14T17:27:32.631Z,0.018549689607,45,4,2026-09-14 23:12:32.631,1855.098055555555
Pulse experiments,pioreactor01,2026-09-14T17:27:37.631Z,0.001885148622,90,2,2026-09-14 23:12:37.631,1855.099444444445
Pulse experiments,pioreactor01,2026-09-14T17:27:37.631Z,0.388188137864,135,3,2026-09-14 23:12:37.631,1855.099444444445
Pulse experiments,pioreactor01,2026-09-14T17:27:37.631Z,0.018496539903,45,4,2026-09-14 23:12:37.631,1855.099444444445
Pulse experiments,pioreactor01,2026-09-14T17:27:42.636Z,0.00188835732,90,2,2026-09-14 23:12:42.636,1855.100833333333
Pulse experiments,pioreactor01,2026-09-14T17:27:42.636Z,0.38819856475,135,3,2026-09-14 23:12:42.636,1855.100833333333
Pulse experiments,pioreactor01,2026-09-14T17:27:42.636Z,0.018621548462,45,4,2026-09-14 23:12:42.636,1855.100833333333
Pulse experiments,pioreactor01,2026-09-14T17:27:47.616Z,0.001884266461,90,2,2026-09-14 23:12:47.616,1855.102222222222
Pulse experiments,pioreactor01,2026-09-14T17:27:47.616Z,0.388016572304,135,3,2026-09-14 23:12:47.616,1855.102222222222
Pulse experiments,pioreactor01,2026-09-14T17:27:47.616Z,0.018624018457,45,4,2026-09-14 23:12:47.616,1855.102222222222
Pulse experiments,pioreactor01,2026-09-14T17:27:52.641Z,0.00189662345,90,2,2026-09-14 23:12:52.641,1855.103611111111
Pulse experiments,pioreactor01,2026-09-14T17:27:52.641Z,0.387903633804,135,3,2026-09-14 23:12:52.641,1855.103611111111
Pulse experiments,pioreactor01,2026-09-14T17:27:52.641Z,0.018579004513,45,4,2026-09-14 23:12:52.641,1855.103611111111
Pulse experiments,pioreactor01,2026-09-14T17:27:57.636Z,0.001897244211,90,2,2026-09-14 23:12:57.636,1855.105
Pulse experiments,pioreactor01,2026-09-14T17:27:57.636Z,0.388004999703,135,3,2026-09-14 23:12:57.636,1855.105
Pulse experiments,pioreactor01,2026-09-14T17:27:57.636Z,0.018585465055,45,4,2026-09-14 23:12:57.636,1855.105
Pulse experiments,pioreactor01,2026-09-14T17:28:02.634Z,0.001913544999,90,2,2026-09-14 23:13:02.634,1855.106388888889
Pulse experiments,pioreactor01,2026-09-14T17:28:02.634Z,0.388028139366,135,3,2026-09-14 23:13:02.634,1855.106388888889
Pulse experiments,pioreactor01,2026-09-14T17:28:02.634Z,0.018709075072,45,4,2026-09-14 23:13:02.634,1855.106388888889
Pulse experiments,pioreactor01,2026-09-14T17:28:07.634Z,0.001930025103,90,2,2026-09-14 23:13:07.634,1855.107777777778
Pulse experiments,pioreactor01,2026-09-14T17:28:07.634Z,0.388037212388,135,3,2026-09-14 23:13:07.634,1855.107777777778
Pulse experiments,pioreactor01,2026-09-14T17:28:07.634Z,0.018755804821,45,4,2026-09-14 23:13:07.634,1855.107777777778
Pulse experiments,pioreactor01,2026-09-14T17:28:12.626Z,0.001917929178,90,2,2026-09-14 23:13:12.626,1855.109166666667
Pulse experiments,pioreactor01,2026-09-14T17:28:12.626Z,0.387996475725,135,3,2026-09-14 23:13:12.626,1855.109166666667
Pulse experiments,pioreactor01,2026-09-14T17:28:12.626Z,0.018675276095,45,4,2026-09-14 23:13:12.626,1855.109166666667
Pulse experiments,pioreactor01,2026-09-14T17:28:17.640Z,0.001904417378,90,2,2026-09-14 23:13:17.640,1855.110555555555
Pulse experiments,pioreactor01,2026-09-14T17:28:17.640Z,0.387916609826,135,3,2026-09-14 23:13:17.640,1855.110555555555
Pulse experiments,pioreactor01,2026-09-14T17:28:17.640Z,0.018654167978,45,4,2026-09-14 23:13:17.640,1855.110555555555
Pulse experiments,pioreactor01,2026-09-14T17:28:22.622Z,0.001924937398,90,2,2026-09-14 23:13:22.622,1855.111944444444
Pulse experiments,pioreactor01,2026-09-14T17:28:22.622Z,0.388197015536,135,3,2026-09-14 23:13:22.622,1855.111944444444
Pulse experiments,pioreactor01,2026-09-14T17:28:22.622Z,0.018693561065,45,4,2026-09-14 23:13:22.622,1855.111944444444
Pulse experiments,pioreactor01,2026-09-14T17:28:27.629Z,0.001910801417,90,2,2026-09-14 23:13:27.629,1855.113333333333
Pulse experiments,pioreactor01,2026-09-14T17:28:27.629Z,0.388333674499,135,3,2026-09-14 23:13:27.629,1855.113333333333
Pulse experiments,pioreactor01,2026-09-14T17:28:27.629Z,0.018660814043,45,4,2026-09-14 23:13:27.629,1855.113333333333
Pulse experiments,pioreactor01,2026-09-14T17:28:32.628Z,0.00192435489,90,2,2026-09-14 23:13:32.628,1855.114722222222
Pulse experiments,pioreactor01,2026-09-14T17:28:32.628Z,0.388272835532,135,3,2026-09-14 23:13:32.628,1855.114722222222
Pulse experiments,pioreactor01,2026-09-14T17:28:32.628Z,0.01877457563,45,4,2026-09-14 23:13:32.628,1855.114722222222
Pulse experiments,pioreactor01,2026-09-14T17:28:37.614Z,0.001923688831,90,2,2026-09-14 23:13:37.614,1855.116111111111
Pulse experiments,pioreactor01,2026-09-14T17:28:37.614Z,0.388414642537,135,3,2026-09-14 23:13:37.614,1855.116111111111
Pulse experiments,pioreactor01,2026-09-14T17:28:37.614Z,0.018870224691,45,4,2026-09-14 23:13:37.614,1855.116111111111
Pulse experiments,pioreactor01,2026-09-14T17:28:42.636Z,0.001929925949,90,2,2026-09-14 23:13:42.636,1855.1175
Pulse experiments,pioreactor01,2026-09-14T17:28:42.636Z,0.388017389838,135,3,2026-09-14 23:13:42.636,1855.1175
Pulse experiments,pioreactor01,2026-09-14T17:28:42.636Z,0.018803058662,45,4,2026-09-14 23:13:42.636,1855.1175
Pulse experiments,pioreactor01,2026-09-14T17:28:47.620Z,0.001960617962,90,2,2026-09-14 23:13:47.620,1855.118888888889
Pulse experiments,pioreactor01,2026-09-14T17:28:47.620Z,0.387880182516,135,3,2026-09-14 23:13:47.620,1855.118888888889
Pulse experiments,pioreactor01,2026-09-14T17:28:47.620Z,0.01892927133,45,4,2026-09-14 23:13:47.620,1855.118888888889
Pulse experiments,pioreactor01,2026-09-14T17:28:52.631Z,0.001956508351,90,2,2026-09-14 23:13:52.631,1855.120277777778
Pulse experiments,pioreactor01,2026-09-14T17:28:52.631Z,0.388015400776,135,3,2026-09-14 23:13:52.631,1855.120277777778
Pulse experiments,pioreactor01,2026-09-14T17:28:52.631Z,0.018822155486,45,4,2026-09-14 23:13:52.631,1855.120277777778
Pulse experiments,pioreactor01,2026-09-14T17:28:57.619Z,0.001965568642,90,2,2026-09-14 23:13:57.619,1855.121666666667
Pulse experiments,pioreactor01,2026-09-14T17:28:57.619Z,0.388282258201,135,3,2026-09-14 23:13:57.619,1855.121666666667
Pulse experiments,pioreactor01,2026-09-14T17:28:57.619Z,0.01892414124,45,4,2026-09-14 23:13:57.619,1855.121666666667
Pulse experiments,pioreactor01,2026-09-14T17:29:02.641Z,0.001989895937,90,2,2026-09-14 23:14:02.641,1855.123055555556
Pulse experiments,pioreactor01,2026-09-14T17:29:02.641Z,0.388174836187,135,3,2026-09-14 23:14:02.641,1855.123055555556
Pulse experiments,pioreactor01,2026-09-14T17:29:02.641Z,0.019005347683,45,4,2026-09-14 23:14:02.641,1855.123055555556
Pulse experiments,pioreactor01,2026-09-14T17:29:07.661Z,0.001969153364,90,2,2026-09-14 23:14:07.661,1855.124444444444
Pulse experiments,pioreactor01,2026-09-14T17:29:07.661Z,0.388053181441,135,3,2026-09-14 23:14:07.661,1855.124444444444
Pulse experiments,pioreactor01,2026-09-14T17:29:07.661Z,0.018898040778,45,4,2026-09-14 23:14:07.661,1855.124444444444
Pulse experiments,pioreactor01,2026-09-14T17:29:12.620Z,0.001939303419,90,2,2026-09-14 23:14:12.620,1855.125833333333
Pulse experiments,pioreactor01,2026-09-14T17:29:12.620Z,0.388343711279,135,3,2026-09-14 23:14:12.620,1855.125833333333
Pulse experiments,pioreactor01,2026-09-14T17:29:12.620Z,0.01877615748,45,4,2026-09-14 23:14:12.620,1855.125833333333
Pulse experiments,pioreactor01,2026-09-14T17:29:17.632Z,0.001965698643,90,2,2026-09-14 23:14:17.632,1855.127222222222
Pulse experiments,pioreactor01,2026-09-14T17:29:17.632Z,0.388467255541,135,3,2026-09-14 23:14:17.632,1855.127222222222
Pulse experiments,pioreactor01,2026-09-14T17:29:17.632Z,0.018989369974,45,4,2026-09-14 23:14:17.632,1855.127222222222
Pulse experiments,pioreactor01,2026-09-14T17:29:22.629Z,0.001973193902,90,2,2026-09-14 23:14:22.629,1855.128611111111
Pulse experiments,pioreactor01,2026-09-14T17:29:22.629Z,0.388414704892,135,3,2026-09-14 23:14:22.629,1855.128611111111
Pulse experiments,pioreactor01,2026-09-14T17:29:22.629Z,0.018993457937,45,4,2026-09-14 23:14:22.629,1855.128611111111
Pulse experiments,pioreactor01,2026-09-14T17:29:27.622Z,0.001978144705,90,2,2026-09-14 23:14:27.622,1855.13
Pulse experiments,pioreactor01,2026-09-14T17:29:27.622Z,0.388449434692,135,3,2026-09-14 23:14:27.622,1855.13
Pulse experiments,pioreactor01,2026-09-14T17:29:27.622Z,0.018880022693,45,4,2026-09-14 23:14:27.622,1855.13
Pulse experiments,pioreactor01,2026-09-14T17:29:32.633Z,0.00196753266,90,2,2026-09-14 23:14:32.633,1855.131388888889
Pulse experiments,pioreactor01,2026-09-14T17:29:32.633Z,0.388554648464,135,3,2026-09-14 23:14:32.633,1855.131388888889
Pulse experiments,pioreactor01,2026-09-14T17:29:32.633Z,0.018922913017,45,4,2026-09-14 23:14:32.633,1855.131388888889
Pulse experiments,pioreactor01,2026-09-14T17:29:37.624Z,0.001985421179,90,2,2026-09-14 23:14:37.624,1855.132777777778
Pulse experiments,pioreactor01,2026-09-14T17:29:37.624Z,0.388437290391,135,3,2026-09-14 23:14:37.624,1855.132777777778
Pulse experiments,pioreactor01,2026-09-14T17:29:37.624Z,0.018992096653,45,4,2026-09-14 23:14:37.624,1855.132777777778
Pulse experiments,pioreactor01,2026-09-14T17:29:42.626Z,0.001990785936,90,2,2026-09-14 23:14:42.626,1855.134166666667
Pulse experiments,pioreactor01,2026-09-14T17:29:42.626Z,0.388457625663,135,3,2026-09-14 23:14:42.626,1855.134166666667
Pulse experiments,pioreactor01,2026-09-14T17:29:42.626Z,0.018999556101,45,4,2026-09-14 23:14:42.626,1855.134166666667
Pulse experiments,pioreactor01,2026-09-14T17:29:47.630Z,0.001956598655,90,2,2026-09-14 23:14:47.630,1855.135555555556
Pulse experiments,pioreactor01,2026-09-14T17:29:47.630Z,0.388059707585,135,3,2026-09-14 23:14:47.630,1855.135555555556
Pulse experiments,pioreactor01,2026-09-14T17:29:47.630Z,0.018927516838,45,4,2026-09-14 23:14:47.630,1855.135555555556
Pulse experiments,pioreactor01,2026-09-14T17:29:52.625Z,0.00193605714,90,2,2026-09-14 23:14:52.625,1855.136944444444
Pulse experiments,pioreactor01,2026-09-14T17:29:52.625Z,0.38759954319,135,3,2026-09-14 23:14:52.625,1855.136944444444
Pulse experiments,pioreactor01,2026-09-14T17:29:52.625Z,0.019040349923,45,4,2026-09-14 23:14:52.625,1855.136944444444
Pulse experiments,pioreactor01,2026-09-14T17:29:57.626Z,0.001909258868,90,2,2026-09-14 23:14:57.626,1855.138333333333
Pulse experiments,pioreactor01,2026-09-14T17:29:57.626Z,0.387256825194,135,3,2026-09-14 23:14:57.626,1855.138333333333
Pulse experiments,pioreactor01,2026-09-14T17:29:57.626Z,0.019051828117,45,4,2026-09-14 23:14:57.626,1855.138333333333
Pulse experiments,pioreactor01,2026-09-14T17:30:02.628Z,0.001873614053,90,2,2026-09-14 23:15:02.628,1855.139722222222
Pulse experiments,pioreactor01,2026-09-14T17:30:02.628Z,0.387270901187,135,3,2026-09-14 23:15:02.628,1855.139722222222
Pulse experiments,pioreactor01,2026-09-14T17:30:02.628Z,0.018820956242,45,4,2026-09-14 23:15:02.628,1855.139722222222
Pulse experiments,pioreactor01,2026-09-14T17:30:07.627Z,0.001869061363,90,2,2026-09-14 23:15:07.627,1855.141111111111
Pulse experiments,pioreactor01,2026-09-14T17:30:07.627Z,0.387168990614,135,3,2026-09-14 23:15:07.627,1855.141111111111
Pulse experiments,pioreactor01,2026-09-14T17:30:07.627Z,0.018695057461,45,4,2026-09-14 23:15:07.627,1855.141111111111
Pulse experiments,pioreactor01,2026-09-14T17:30:12.610Z,0.001865647683,90,2,2026-09-14 23:15:12.610,1855.1425
Pulse experiments,pioreactor01,2026-09-14T17:30:12.610Z,0.386959788301,135,3,2026-09-14 23:15:12.610,1855.1425
Pulse experiments,pioreactor01,2026-09-14T17:30:12.610Z,0.018843220944,45,4,2026-09-14 23:15:12.610,1855.1425
Pulse experiments,pioreactor01,2026-09-14T17:30:17.652Z,0.001879514752,90,2,2026-09-14 23:15:17.652,1855.143888888889
Pulse experiments,pioreactor01,2026-09-14T17:30:17.652Z,0.386655192919,135,3,2026-09-14 23:15:17.652,1855.143888888889
Pulse experiments,pioreactor01,2026-09-14T17:30:17.652Z,0.019150347048,45,4,2026-09-14 23:15:17.652,1855.143888888889
Pulse experiments,pioreactor01,2026-09-14T17:30:22.617Z,0.001871774407,90,2,2026-09-14 23:15:22.617,1855.145277777778
Pulse experiments,pioreactor01,2026-09-14T17:30:22.617Z,0.386728040148,135,3,2026-09-14 23:15:22.617,1855.145277777778
Pulse experiments,pioreactor01,2026-09-14T17:30:22.617Z,0.019119757395,45,4,2026-09-14 23:15:22.617,1855.145277777778
Pulse experiments,pioreactor01,2026-09-14T17:30:27.624Z,0.001858758739,90,2,2026-09-14 23:15:27.624,1855.146666666667
Pulse experiments,pioreactor01,2026-09-14T17:30:27.624Z,0.386844605962,135,3,2026-09-14 23:15:27.624,1855.146666666667
Pulse experiments,pioreactor01,2026-09-14T17:30:27.624Z,0.01898401806,45,4,2026-09-14 23:15:27.624,1855.146666666667
Pulse experiments,pioreactor01,2026-09-14T17:30:32.638Z,0.001838005721,90,2,2026-09-14 23:15:32.638,1855.148055555556
Pulse experiments,pioreactor01,2026-09-14T17:30:32.638Z,0.386841743603,135,3,2026-09-14 23:15:32.638,1855.148055555556
Pulse experiments,pioreactor01,2026-09-14T17:30:32.638Z,0.018790733876,45,4,2026-09-14 23:15:32.638,1855.148055555556
Pulse experiments,pioreactor01,2026-09-14T17:30:37.628Z,0.001840110965,90,2,2026-09-14 23:15:37.628,1855.149444444444
Pulse experiments,pioreactor01,2026-09-14T17:30:37.628Z,0.386859603921,135,3,2026-09-14 23:15:37.628,1855.149444444444
Pulse experiments,pioreactor01,2026-09-14T17:30:37.628Z,0.018839028464,45,4,2026-09-14 23:15:37.628,1855.149444444444
Pulse experiments,pioreactor01,2026-09-14T17:30:42.627Z,0.00185383926,90,2,2026-09-14 23:15:42.627,1855.150833333333
Pulse experiments,pioreactor01,2026-09-14T17:30:42.627Z,0.38683309258,135,3,2026-09-14 23:15:42.627,1855.150833333333
Pulse experiments,pioreactor01,2026-09-14T17:30:42.627Z,0.018807138498,45,4,2026-09-14 23:15:42.627,1855.150833333333
Pulse experiments,pioreactor01,2026-09-14T17:30:47.615Z,0.001831522221,90,2,2026-09-14 23:15:47.615,1855.152222222222
Pulse experiments,pioreactor01,2026-09-14T17:30:47.615Z,0.386863706376,135,3,2026-09-14 23:15:47.615,1855.152222222222
Pulse experiments,pioreactor01,2026-09-14T17:30:47.615Z,0.01877656714,45,4,2026-09-14 23:15:47.615,1855.152222222222
Pulse experiments,pioreactor01,2026-09-14T17:30:52.611Z,0.001817737771,90,2,2026-09-14 23:15:52.611,1855.153611111111
Pulse experiments,pioreactor01,2026-09-14T17:30:52.611Z,0.386577765622,135,3,2026-09-14 23:15:52.611,1855.153611111111
Pulse experiments,pioreactor01,2026-09-14T17:30:52.611Z,0.018826797664,45,4,2026-09-14 23:15:52.611,1855.153611111111
Pulse experiments,pioreactor01,2026-09-14T17:30:57.629Z,0.001830256108,90,2,2026-09-14 23:15:57.629,1855.155
Pulse experiments,pioreactor01,2026-09-14T17:30:57.629Z,0.386760588556,135,3,2026-09-14 23:15:57.629,1855.155
Pulse experiments,pioreactor01,2026-09-14T17:30:57.629Z,0.018836962708,45,4,2026-09-14 23:15:57.629,1855.155
Pulse experiments,pioreactor01,2026-09-14T17:31:02.624Z,0.001828398847,90,2,2026-09-14 23:16:02.624,1855.156388888889
Pulse experiments,pioreactor01,2026-09-14T17:31:02.624Z,0.386830660931,135,3,2026-09-14 23:16:02.624,1855.156388888889
Pulse experiments,pioreactor01,2026-09-14T17:31:02.624Z,0.018733126778,45,4,2026-09-14 23:16:02.624,1855.156388888889
Pulse experiments,pioreactor01,2026-09-14T17:31:07.618Z,0.001824776979,90,2,2026-09-14 23:16:07.618,1855.157777777778
Pulse experiments,pioreactor01,2026-09-14T17:31:07.618Z,0.386967319576,135,3,2026-09-14 23:16:07.618,1855.157777777778
Pulse experiments,pioreactor01,2026-09-14T17:31:07.618Z,0.018726583623,45,4,2026-09-14 23:16:07.618,1855.157777777778
Pulse experiments,pioreactor01,2026-09-14T17:31:12.619Z,0.001846367687,90,2,2026-09-14 23:16:12.619,1855.159166666667
Pulse experiments,pioreactor01,2026-09-14T17:31:12.619Z,0.386939297531,135,3,2026-09-14 23:16:12.619,1855.159166666667
Pulse experiments,pioreactor01,2026-09-14T17:31:12.619Z,0.018781553102,45,4,2026-09-14 23:16:12.619,1855.159166666667
Pulse experiments,pioreactor01,2026-09-14T17:31:17.626Z,0.001828540568,90,2,2026-09-14 23:16:17.626,1855.160555555555
Pulse experiments,pioreactor01,2026-09-14T17:31:17.626Z,0.386951602598,135,3,2026-09-14 23:16:17.626,1855.160555555555
Pulse experiments,pioreactor01,2026-09-14T17:31:17.626Z,0.0187322918,45,4,2026-09-14 23:16:17.626,1855.160555555555
Pulse experiments,pioreactor01,2026-09-14T17:31:22.620Z,0.001827764748,90,2,2026-09-14 23:16:22.620,1855.161944444445
Pulse experiments,pioreactor01,2026-09-14T17:31:22.620Z,0.386973421908,135,3,2026-09-14 23:16:22.620,1855.161944444445
Pulse experiments,pioreactor01,2026-09-14T17:31:22.620Z,0.018728801184,45,4,2026-09-14 23:16:22.620,1855.161944444445
Pulse experiments,pioreactor01,2026-09-14T17:31:27.618Z,0.001843303505,90,2,2026-09-14 23:16:27.618,1855.163333333333
Pulse experiments,pioreactor01,2026-09-14T17:31:27.618Z,0.386907875334,135,3,2026-09-14 23:16:27.618,1855.163333333333
Pulse experiments,pioreactor01,2026-09-14T17:31:27.618Z,0.018765893885,45,4,2026-09-14 23:16:27.618,1855.163333333333
Pulse experiments,pioreactor01,2026-09-14T17:31:32.616Z,0.001857854222,90,2,2026-09-14 23:16:32.616,1855.164722222222
Pulse experiments,pioreactor01,2026-09-14T17:31:32.616Z,0.386990784414,135,3,2026-09-14 23:16:32.616,1855.164722222222
Pulse experiments,pioreactor01,2026-09-14T17:31:32.616Z,0.018902243726,45,4,2026-09-14 23:16:32.616,1855.164722222222
Pulse experiments,pioreactor01,2026-09-14T17:31:37.617Z,0.00186134574,90,2,2026-09-14 23:16:37.617,1855.166111111111
Pulse experiments,pioreactor01,2026-09-14T17:31:37.617Z,0.3872077388,135,3,2026-09-14 23:16:37.617,1855.166111111111
Pulse experiments,pioreactor01,2026-09-14T17:31:37.617Z,0.0188878256,45,4,2026-09-14 23:16:37.617,1855.166111111111
Pulse experiments,pioreactor01,2026-09-14T17:31:42.622Z,0.001858133552,90,2,2026-09-14 23:16:42.622,1855.1675
Pulse experiments,pioreactor01,2026-09-14T17:31:42.622Z,0.386952556962,135,3,2026-09-14 23:16:42.622,1855.1675
Pulse experiments,pioreactor01,2026-09-14T17:31:42.622Z,0.018902750354,45,4,2026-09-14 23:16:42.622,1855.1675
Pulse experiments,pioreactor01,2026-09-14T17:31:47.616Z,0.001865437462,90,2,2026-09-14 23:16:47.616,1855.168888888889
Pulse experiments,pioreactor01,2026-09-14T17:31:47.616Z,0.387082748546,135,3,2026-09-14 23:16:47.616,1855.168888888889
Pulse experiments,pioreactor01,2026-09-14T17:31:47.616Z,0.018867505679,45,4,2026-09-14 23:16:47.616,1855.168888888889
Pulse experiments,pioreactor01,2026-09-14T17:31:52.629Z,0.001897189985,90,2,2026-09-14 23:16:52.629,1855.170277777778
Pulse experiments,pioreactor01,2026-09-14T17:31:52.629Z,0.387117616273,135,3,2026-09-14 23:16:52.629,1855.170277777778
Pulse experiments,pioreactor01,2026-09-14T17:31:52.629Z,0.019136583473,45,4,2026-09-14 23:16:52.629,1855.170277777778
Pulse experiments,pioreactor01,2026-09-14T17:31:57.616Z,0.00191175174,90,2,2026-09-14 23:16:57.616,1855.171666666667
Pulse experiments,pioreactor01,2026-09-14T17:31:57.616Z,0.387000110278,135,3,2026-09-14 23:16:57.616,1855.171666666667
Pulse experiments,pioreactor01,2026-09-14T17:31:57.616Z,0.019072681028,45,4,2026-09-14 23:16:57.616,1855.171666666667
Pulse experiments,pioreactor01,2026-09-14T17:32:02.630Z,0.001907479775,90,2,2026-09-14 23:17:02.630,1855.173055555555
Pulse experiments,pioreactor01,2026-09-14T17:32:02.630Z,0.38702511149,135,3,2026-09-14 23:17:02.630,1855.173055555555
Pulse experiments,pioreactor01,2026-09-14T17:32:02.630Z,0.019069163615,45,4,2026-09-14 23:17:02.630,1855.173055555555
Pulse experiments,pioreactor01,2026-09-14T17:32:07.615Z,0.001874561064,90,2,2026-09-14 23:17:07.615,1855.174444444444
Pulse experiments,pioreactor01,2026-09-14T17:32:07.615Z,0.387092894693,135,3,2026-09-14 23:17:07.615,1855.174444444444
Pulse experiments,pioreactor01,2026-09-14T17:32:07.615Z,0.018885330446,45,4,2026-09-14 23:17:07.615,1855.174444444444
Pulse experiments,pioreactor01,2026-09-14T17:32:12.635Z,0.001871689697,90,2,2026-09-14 23:17:12.635,1855.175833333333
Pulse experiments,pioreactor01,2026-09-14T17:32:12.635Z,0.386918066962,135,3,2026-09-14 23:17:12.635,1855.175833333333
Pulse experiments,pioreactor01,2026-09-14T17:32:12.635Z,0.018874271001,45,4,2026-09-14 23:17:12.635,1855.175833333333
Pulse experiments,pioreactor01,2026-09-14T17:32:17.609Z,0.001856052688,90,2,2026-09-14 23:17:17.609,1855.177222222222
Pulse experiments,pioreactor01,2026-09-14T17:32:17.609Z,0.38711574013,135,3,2026-09-14 23:17:17.609,1855.177222222222
Pulse experiments,pioreactor01,2026-09-14T17:32:17.609Z,0.01886453553,45,4,2026-09-14 23:17:17.609,1855.177222222222
Pulse experiments,pioreactor01,2026-09-14T17:32:22.617Z,0.001873139682,90,2,2026-09-14 23:17:22.617,1855.178611111111
Pulse experiments,pioreactor01,2026-09-14T17:32:22.617Z,0.386975156722,135,3,2026-09-14 23:17:22.617,1855.178611111111
Pulse experiments,pioreactor01,2026-09-14T17:32:22.617Z,0.01882304315,45,4,2026-09-14 23:17:22.617,1855.178611111111
Pulse experiments,pioreactor01,2026-09-14T17:32:27.625Z,0.001870924773,90,2,2026-09-14 23:17:27.625,1855.18
Pulse experiments,pioreactor01,2026-09-14T17:32:27.625Z,0.38714544225,135,3,2026-09-14 23:17:27.625,1855.18
Pulse experiments,pioreactor01,2026-09-14T17:32:27.625Z,0.018915763882,45,4,2026-09-14 23:17:27.625,1855.18
Pulse experiments,pioreactor01,2026-09-14T17:32:32.631Z,0.001864523676,90,2,2026-09-14 23:17:32.631,1855.181388888889
Pulse experiments,pioreactor01,2026-09-14T17:32:32.631Z,0.387114832707,135,3,2026-09-14 23:17:32.631,1855.181388888889
Pulse experiments,pioreactor01,2026-09-14T17:32:32.631Z,0.018854030948,45,4,2026-09-14 23:17:32.631,1855.181388888889
Pulse experiments,pioreactor01,2026-09-14T17:32:37.637Z,0.001881452315,90,2,2026-09-14 23:17:37.637,1855.182777777778
Pulse experiments,pioreactor01,2026-09-14T17:32:37.637Z,0.387039750093,135,3,2026-09-14 23:17:37.637,1855.182777777778
Pulse experiments,pioreactor01,2026-09-14T17:32:37.637Z,0.018904860243,45,4,2026-09-14 23:17:37.637,1855.182777777778
Pulse experiments,pioreactor01,2026-09-14T17:32:42.619Z,0.00189349663,90,2,2026-09-14 23:17:42.619,1855.184166666667
Pulse experiments,pioreactor01,2026-09-14T17:32:42.619Z,0.38733548436,135,3,2026-09-14 23:17:42.619,1855.184166666667
Pulse experiments,pioreactor01,2026-09-14T17:32:42.619Z,0.019039180457,45,4,2026-09-14 23:17:42.619,1855.184166666667
Pulse experiments,pioreactor01,2026-09-14T17:32:47.612Z,0.001881352921,90,2,2026-09-14 23:17:47.612,1855.185555555556
Pulse experiments,pioreactor01,2026-09-14T17:32:47.612Z,0.387344747949,135,3,2026-09-14 23:17:47.612,1855.185555555556
Pulse experiments,pioreactor01,2026-09-14T17:32:47.612Z,0.018893608629,45,4,2026-09-14 23:17:47.612,1855.185555555556
Pulse experiments,pioreactor01,2026-09-14T17:32:52.612Z,0.001936194472,90,2,2026-09-14 23:17:52.612,1855.186944444444
Pulse experiments,pioreactor01,2026-09-14T17:32:52.612Z,0.387401169137,135,3,2026-09-14 23:17:52.612,1855.186944444444
Pulse experiments,pioreactor01,2026-09-14T17:32:52.612Z,0.019315434787,45,4,2026-09-14 23:17:52.612,1855.186944444444
Pulse experiments,pioreactor01,2026-09-14T17:32:57.628Z,0.001906885949,90,2,2026-09-14 23:17:57.628,1855.188333333333
Pulse experiments,pioreactor01,2026-09-14T17:32:57.628Z,0.387308035579,135,3,2026-09-14 23:17:57.628,1855.188333333333
Pulse experiments,pioreactor01,2026-09-14T17:32:57.628Z,0.019010498472,45,4,2026-09-14 23:17:57.628,1855.188333333333
Pulse experiments,pioreactor01,2026-09-14T17:33:02.630Z,0.001892628507,90,2,2026-09-14 23:18:02.630,1855.189722222222
Pulse experiments,pioreactor01,2026-09-14T17:33:02.630Z,0.387343037973,135,3,2026-09-14 23:18:02.630,1855.189722222222
Pulse experiments,pioreactor01,2026-09-14T17:33:02.630Z,0.018909246814,45,4,2026-09-14 23:18:02.630,1855.189722222222
Pulse experiments,pioreactor01,2026-09-14T17:33:07.628Z,0.001914084465,90,2,2026-09-14 23:18:07.628,1855.191111111111
Pulse experiments,pioreactor01,2026-09-14T17:33:07.628Z,0.387377504647,135,3,2026-09-14 23:18:07.628,1855.191111111111
Pulse experiments,pioreactor01,2026-09-14T17:33:07.628Z,0.018916788409,45,4,2026-09-14 23:18:07.628,1855.191111111111
Pulse experiments,pioreactor01,2026-09-14T17:33:12.617Z,0.001891009606,90,2,2026-09-14 23:18:12.617,1855.1925
Pulse experiments,pioreactor01,2026-09-14T17:33:12.617Z,0.387267933059,135,3,2026-09-14 23:18:12.617,1855.1925
Pulse experiments,pioreactor01,2026-09-14T17:33:12.617Z,0.018846815164,45,4,2026-09-14 23:18:12.617,1855.1925
Pulse experiments,pioreactor01,2026-09-14T17:33:17.616Z,0.00188885177,90,2,2026-09-14 23:18:17.616,1855.193888888889
Pulse experiments,pioreactor01,2026-09-14T17:33:17.616Z,0.387378593401,135,3,2026-09-14 23:18:17.616,1855.193888888889
Pulse experiments,pioreactor01,2026-09-14T17:33:17.616Z,0.018910794153,45,4,2026-09-14 23:18:17.616,1855.193888888889
Pulse experiments,pioreactor01,2026-09-14T17:33:22.621Z,0.001887429832,90,2,2026-09-14 23:18:22.621,1855.195277777778
Pulse experiments,pioreactor01,2026-09-14T17:33:22.621Z,0.387440965516,135,3,2026-09-14 23:18:22.621,1855.195277777778
Pulse experiments,pioreactor01,2026-09-14T17:33:22.621Z,0.018862313732,45,4,2026-09-14 23:18:22.621,1855.195277777778
Pulse experiments,pioreactor01,2026-09-14T17:33:27.619Z,0.001875424453,90,2,2026-09-14 23:18:27.619,1855.196666666667
Pulse experiments,pioreactor01,2026-09-14T17:33:27.619Z,0.387376202842,135,3,2026-09-14 23:18:27.619,1855.196666666667
Pulse experiments,pioreactor01,2026-09-14T17:33:27.619Z,0.018906202381,45,4,2026-09-14 23:18:27.619,1855.196666666667
Pulse experiments,pioreactor01,2026-09-14T17:33:32.623Z,0.001889597389,90,2,2026-09-14 23:18:32.623,1855.198055555556
Pulse experiments,pioreactor01,2026-09-14T17:33:32.623Z,0.387435514077,135,3,2026-09-14 23:18:32.623,1855.198055555556
Pulse experiments,pioreactor01,2026-09-14T17:33:32.623Z,0.018954424513,45,4,2026-09-14 23:18:32.623,1855.198055555556
Pulse experiments,pioreactor01,2026-09-14T17:33:37.623Z,0.001885061074,90,2,2026-09-14 23:18:37.623,1855.199444444444
Pulse experiments,pioreactor01,2026-09-14T17:33:37.623Z,0.38748885377,135,3,2026-09-14 23:18:37.623,1855.199444444444
Pulse experiments,pioreactor01,2026-09-14T17:33:37.623Z,0.018930373526,45,4,2026-09-14 23:18:37.623,1855.199444444444
Pulse experiments,pioreactor01,2026-09-14T17:33:42.624Z,0.001911835877,90,2,2026-09-14 23:18:42.624,1855.200833333333
Pulse experiments,pioreactor01,2026-09-14T17:33:42.624Z,0.387453701502,135,3,2026-09-14 23:18:42.624,1855.200833333333
Pulse experiments,pioreactor01,2026-09-14T17:33:42.624Z,0.018910813418,45,4,2026-09-14 23:18:42.624,1855.200833333333
Pulse experiments,pioreactor01,2026-09-14T17:33:47.623Z,0.001896067471,90,2,2026-09-14 23:18:47.623,1855.202222222222
Pulse experiments,pioreactor01,2026-09-14T17:33:47.623Z,0.387515677732,135,3,2026-09-14 23:18:47.623,1855.202222222222
Pulse experiments,pioreactor01,2026-09-14T17:33:47.623Z,0.018876753292,45,4,2026-09-14 23:18:47.623,1855.202222222222
Pulse experiments,pioreactor01,2026-09-14T17:33:52.618Z,0.001898774553,90,2,2026-09-14 23:18:52.618,1855.203611111111
Pulse experiments,pioreactor01,2026-09-14T17:33:52.618Z,0.387555844368,135,3,2026-09-14 23:18:52.618,1855.203611111111
Pulse experiments,pioreactor01,2026-09-14T17:33:52.618Z,0.018849985895,45,4,2026-09-14 23:18:52.618,1855.203611111111
Pulse experiments,pioreactor01,2026-09-14T17:33:57.622Z,0.001888023748,90,2,2026-09-14 23:18:57.622,1855.205
Pulse experiments,pioreactor01,2026-09-14T17:33:57.622Z,0.387490914096,135,3,2026-09-14 23:18:57.622,1855.205
Pulse experiments,pioreactor01,2026-09-14T17:33:57.622Z,0.018881460786,45,4,2026-09-14 23:18:57.622,1855.205
Pulse experiments,pioreactor01,2026-09-14T17:34:02.607Z,0.001908036722,90,2,2026-09-14 23:19:02.607,1855.206388888889
Pulse experiments,pioreactor01,2026-09-14T17:34:02.607Z,0.387594383178,135,3,2026-09-14 23:19:02.607,1855.206388888889
Pulse experiments,pioreactor01,2026-09-14T17:34:02.607Z,0.018904843593,45,4,2026-09-14 23:19:02.607,1855.206388888889
Pulse experiments,pioreactor01,2026-09-14T17:34:07.612Z,0.001903681902,90,2,2026-09-14 23:19:07.612,1855.207777777778
Pulse experiments,pioreactor01,2026-09-14T17:34:07.612Z,0.387710837735,135,3,2026-09-14 23:19:07.612,1855.207777777778
Pulse experiments,pioreactor01,2026-09-14T17:34:07.612Z,0.018954434257,45,4,2026-09-14 23:19:07.612,1855.207777777778
Pulse experiments,pioreactor01,2026-09-14T17:34:12.625Z,0.001917123257,90,2,2026-09-14 23:19:12.625,1855.209166666667
Pulse experiments,pioreactor01,2026-09-14T17:34:12.625Z,0.38758958124,135,3,2026-09-14 23:19:12.625,1855.209166666667
Pulse experiments,pioreactor01,2026-09-14T17:34:12.625Z,0.018952474939,45,4,2026-09-14 23:19:12.625,1855.209166666667
Pulse experiments,pioreactor01,2026-09-14T17:34:17.622Z,0.001937210072,90,2,2026-09-14 23:19:17.622,1855.210555555556
Pulse experiments,pioreactor01,2026-09-14T17:34:17.622Z,0.387590916968,135,3,2026-09-14 23:19:17.622,1855.210555555556
Pulse experiments,pioreactor01,2026-09-14T17:34:17.622Z,0.019000955944,45,4,2026-09-14 23:19:17.622,1855.210555555556
Pulse experiments,pioreactor01,2026-09-14T17:34:22.629Z,0.001949044078,90,2,2026-09-14 23:19:22.629,1855.211944444444
Pulse experiments,pioreactor01,2026-09-14T17:34:22.629Z,0.387611540874,135,3,2026-09-14 23:19:22.629,1855.211944444444
Pulse experiments,pioreactor01,2026-09-14T17:34:22.629Z,0.019316658755,45,4,2026-09-14 23:19:22.629,1855.211944444444
Pulse experiments,pioreactor01,2026-09-14T17:34:27.620Z,0.001956888915,90,2,2026-09-14 23:19:27.620,1855.213333333333
Pulse experiments,pioreactor01,2026-09-14T17:34:27.620Z,0.387805172539,135,3,2026-09-14 23:19:27.620,1855.213333333333
Pulse experiments,pioreactor01,2026-09-14T17:34:27.620Z,0.019139639581,45,4,2026-09-14 23:19:27.620,1855.213333333333
Pulse experiments,pioreactor01,2026-09-14T17:34:32.621Z,0.001933167738,90,2,2026-09-14 23:19:32.621,1855.214722222222
Pulse experiments,pioreactor01,2026-09-14T17:34:32.621Z,0.38795243864,135,3,2026-09-14 23:19:32.621,1855.214722222222
Pulse experiments,pioreactor01,2026-09-14T17:34:32.621Z,0.019087517644,45,4,2026-09-14 23:19:32.621,1855.214722222222
Pulse experiments,pioreactor01,2026-09-14T17:34:37.621Z,0.001925082052,90,2,2026-09-14 23:19:37.621,1855.216111111111
Pulse experiments,pioreactor01,2026-09-14T17:34:37.621Z,0.387832598258,135,3,2026-09-14 23:19:37.621,1855.216111111111
Pulse experiments,pioreactor01,2026-09-14T17:34:37.621Z,0.018955264645,45,4,2026-09-14 23:19:37.621,1855.216111111111
Pulse experiments,pioreactor01,2026-09-14T17:34:42.620Z,0.001915989533,90,2,2026-09-14 23:19:42.620,1855.2175
Pulse experiments,pioreactor01,2026-09-14T17:34:42.620Z,0.387973364486,135,3,2026-09-14 23:19:42.620,1855.2175
Pulse experiments,pioreactor01,2026-09-14T17:34:42.620Z,0.01894108251,45,4,2026-09-14 23:19:42.620,1855.2175
Pulse experiments,pioreactor01,2026-09-14T17:34:47.618Z,0.001911913264,90,2,2026-09-14 23:19:47.618,1855.218888888889
Pulse experiments,pioreactor01,2026-09-14T17:34:47.618Z,0.388027649711,135,3,2026-09-14 23:19:47.618,1855.218888888889
Pulse experiments,pioreactor01,2026-09-14T17:34:47.618Z,0.018923244955,45,4,2026-09-14 23:19:47.618,1855.218888888889
Pulse experiments,pioreactor01,2026-09-14T17:34:52.626Z,0.001939495058,90,2,2026-09-14 23:19:52.626,1855.220277777778
Pulse experiments,pioreactor01,2026-09-14T17:34:52.626Z,0.388061774187,135,3,2026-09-14 23:19:52.626,1855.220277777778
Pulse experiments,pioreactor01,2026-09-14T17:34:52.626Z,0.019041949628,45,4,2026-09-14 23:19:52.626,1855.220277777778
Pulse experiments,pioreactor01,2026-09-14T17:34:57.617Z,0.001945491135,90,2,2026-09-14 23:19:57.617,1855.221666666667
Pulse experiments,pioreactor01,2026-09-14T17:34:57.617Z,0.388119420463,135,3,2026-09-14 23:19:57.617,1855.221666666667
Pulse experiments,pioreactor01,2026-09-14T17:34:57.617Z,0.019052937419,45,4,2026-09-14 23:19:57.617,1855.221666666667
