experiment,pioreactor_unit,timestamp,reading,band,timestamp_localtime,hours_since_experiment_created
Pulse experiments,pioreactor01,2026-09-11T16:25:03.931Z,0.01751953125,415,2026-09-11 22:10:03.931,1782.056666666667
Pulse experiments,pioreactor01,2026-09-11T16:25:03.937Z,0.13228515625,445,2026-09-11 22:10:03.937,1782.056666666667
Pulse experiments,pioreactor01,2026-09-11T16:25:03.942Z,0.12841796875,480,2026-09-11 22:10:03.942,1782.056666666667
Pulse experiments,pioreactor01,2026-09-11T16:25:03.947Z,0.153984375,515,2026-09-11 22:10:03.947,1782.056666666667
Pulse experiments,pioreactor01,2026-09-11T16:25:03.950Z,0.18947265625,555,2026-09-11 22:10:03.950,1782.056666666667
Pulse experiments,pioreactor01,2026-09-11T16:25:03.956Z,0.21396484375,590,2026-09-11 22:10:03.956,1782.056666666667
Pulse experiments,pioreactor01,2026-09-11T16:25:03.960Z,0.22412109375,630,2026-09-11 22:10:03.960,1782.056666666667
Pulse experiments,pioreactor01,2026-09-11T16:25:03.966Z,0.1134375,680,2026-09-11 22:10:03.966,1782.056666666667
Pulse experiments,pioreactor01,2026-09-11T16:25:08.920Z,0.01748046875,415,2026-09-11 22:10:08.920,1782.058055555555
Pulse experiments,pioreactor01,2026-09-11T16:25:08.925Z,0.13232421875,445,2026-09-11 22:10:08.925,1782.058055555555
Pulse experiments,pioreactor01,2026-09-11T16:25:08.930Z,0.12828125,480,2026-09-11 22:10:08.930,1782.058055555555
Pulse experiments,pioreactor01,2026-09-11T16:25:08.934Z,0.1539453125,515,2026-09-11 22:10:08.934,1782.058055555555
Pulse experiments,pioreactor01,2026-09-11T16:25:08.940Z,0.1896484375,555,2026-09-11 22:10:08.940,1782.058055555555
Pulse experiments,pioreactor01,2026-09-11T16:25:08.944Z,0.214296875,590,2026-09-11 22:10:08.944,1782.058055555555
Pulse experiments,pioreactor01,2026-09-11T16:25:08.950Z,0.224375,630,2026-09-11 22:10:08.950,1782.058055555555
Pulse experiments,pioreactor01,2026-09-11T16:25:08.957Z,0.113828125,680,2026-09-11 22:10:08.957,1782.058055555555
Pulse experiments,pioreactor01,2026-09-11T16:25:13.931Z,0.01751953125,415,2026-09-11 22:10:13.931,1782.059444444444
Pulse experiments,pioreactor01,2026-09-11T16:25:13.935Z,0.1323828125,445,2026-09-11 22:10:13.935,1782.059444444444
Pulse experiments,pioreactor01,2026-09-11T16:25:13.942Z,0.12841796875,480,2026-09-11 22:10:13.942,1782.059444444444
Pulse experiments,pioreactor01,2026-09-11T16:25:13.950Z,0.15416015625,515,2026-09-11 22:10:13.950,1782.059444444444
Pulse experiments,pioreactor01,2026-09-11T16:25:13.957Z,0.18982421875,555,2026-09-11 22:10:13.957,1782.059444444444
Pulse experiments,pioreactor01,2026-09-11T16:25:13.966Z,0.21447265625,590,2026-09-11 22:10:13.966,1782.059444444444
Pulse experiments,pioreactor01,2026-09-11T16:25:13.972Z,0.22470703125,630,2026-09-11 22:10:13.972,1782.059444444444
Pulse experiments,pioreactor01,2026-09-11T16:25:13.977Z,0.11404296875,680,2026-09-11 22:10:13.977,1782.059444444444
Pulse experiments,pioreactor01,2026-09-11T16:25:18.924Z,0.0175390625,415,2026-09-11 22:10:18.924,1782.060833333333
Pulse experiments,pioreactor01,2026-09-11T16:25:18.925Z,0.1322265625,445,2026-09-11 22:10:18.925,1782.060833333333
Pulse experiments,pioreactor01,2026-09-11T16:25:18.929Z,0.12830078125,480,2026-09-11 22:10:18.929,1782.060833333333
Pulse experiments,pioreactor01,2026-09-11T16:25:18.934Z,0.15400390625,515,2026-09-11 22:10:18.934,1782.060833333333
Pulse experiments,pioreactor01,2026-09-11T16:25:18.939Z,0.18927734375,555,2026-09-11 22:10:18.939,1782.060833333333
Pulse experiments,pioreactor01,2026-09-11T16:25:18.944Z,0.21361328125,590,2026-09-11 22:10:18.944,1782.060833333333
Pulse experiments,pioreactor01,2026-09-11T16:25:18.949Z,0.22373046875,630,2026-09-11 22:10:18.949,1782.060833333333
Pulse experiments,pioreactor01,2026-09-11T16:25:18.956Z,0.11337890625,680,2026-09-11 22:10:18.956,1782.060833333333
Pulse experiments,pioreactor01,2026-09-11T16:25:23.926Z,0.0175,415,2026-09-11 22:10:23.926,1782.062222222222
Pulse experiments,pioreactor01,2026-09-11T16:25:23.931Z,0.13208984375,445,2026-09-11 22:10:23.931,1782.062222222222
Pulse experiments,pioreactor01,2026-09-11T16:25:23.937Z,0.12814453125,480,2026-09-11 22:10:23.937,1782.062222222222
Pulse experiments,pioreactor01,2026-09-11T16:25:23.942Z,0.15384765625,515,2026-09-11 22:10:23.942,1782.062222222222
Pulse experiments,pioreactor01,2026-09-11T16:25:23.947Z,0.18935546875,555,2026-09-11 22:10:23.947,1782.062222222222
Pulse experiments,pioreactor01,2026-09-11T16:25:23.953Z,0.21400390625,590,2026-09-11 22:10:23.953,1782.062222222222
Pulse experiments,pioreactor01,2026-09-11T16:25:23.961Z,0.2238671875,630,2026-09-11 22:10:23.961,1782.062222222222
Pulse experiments,pioreactor01,2026-09-11T16:25:23.969Z,0.11349609375,680,2026-09-11 22:10:23.969,1782.062222222222
Pulse experiments,pioreactor01,2026-09-11T16:25:28.936Z,0.0175,415,2026-09-11 22:10:28.936,1782.063611111111
Pulse experiments,pioreactor01,2026-09-11T16:25:28.945Z,0.13208984375,445,2026-09-11 22:10:28.945,1782.063611111111
Pulse experiments,pioreactor01,2026-09-11T16:25:28.954Z,0.128203125,480,2026-09-11 22:10:28.954,1782.063611111111
Pulse experiments,pioreactor01,2026-09-11T16:25:28.963Z,0.15388671875,515,2026-09-11 22:10:28.963,1782.063611111111
Pulse experiments,pioreactor01,2026-09-11T16:25:28.971Z,0.189140625,555,2026-09-11 22:10:28.971,1782.063611111111
Pulse experiments,pioreactor01,2026-09-11T16:25:28.980Z,0.2137109375,590,2026-09-11 22:10:28.980,1782.063611111111
Pulse experiments,pioreactor01,2026-09-11T16:25:28.989Z,0.22365234375,630,2026-09-11 22:10:28.989,1782.063611111111
Pulse experiments,pioreactor01,2026-09-11T16:25:29.002Z,0.1131640625,680,2026-09-11 22:10:29.002,1782.063888888889
Pulse experiments,pioreactor01,2026-09-11T16:25:33.920Z,0.0174609375,415,2026-09-11 22:10:33.920,1782.065
Pulse experiments,pioreactor01,2026-09-11T16:25:33.927Z,0.13216796875,445,2026-09-11 22:10:33.927,1782.065
Pulse experiments,pioreactor01,2026-09-11T16:25:33.931Z,0.1282421875,480,2026-09-11 22:10:33.931,1782.065
Pulse experiments,pioreactor01,2026-09-11T16:25:33.938Z,0.15390625,515,2026-09-11 22:10:33.938,1782.065
Pulse experiments,pioreactor01,2026-09-11T16:25:33.942Z,0.189296875,555,2026-09-11 22:10:33.942,1782.065
Pulse experiments,pioreactor01,2026-09-11T16:25:33.948Z,0.21369140625,590,2026-09-11 22:10:33.948,1782.065
Pulse experiments,pioreactor01,2026-09-11T16:25:33.953Z,0.22384765625,630,2026-09-11 22:10:33.953,1782.065
Pulse experiments,pioreactor01,2026-09-11T16:25:33.957Z,0.11337890625,680,2026-09-11 22:10:33.957,1782.065
Pulse experiments,pioreactor01,2026-09-11T16:25:38.947Z,0.0174609375,415,2026-09-11 22:10:38.947,1782.066388888889
Pulse experiments,pioreactor01,2026-09-11T16:25:38.952Z,0.13220703125,445,2026-09-11 22:10:38.952,1782.066388888889
Pulse experiments,pioreactor01,2026-09-11T16:25:38.955Z,0.1280859375,480,2026-09-11 22:10:38.955,1782.066388888889
Pulse experiments,pioreactor01,2026-09-11T16:25:38.962Z,0.15388671875,515,2026-09-11 22:10:38.962,1782.066388888889
Pulse experiments,pioreactor01,2026-09-11T16:25:38.966Z,0.18953125,555,2026-09-11 22:10:38.966,1782.066388888889
Pulse experiments,pioreactor01,2026-09-11T16:25:38.971Z,0.2139453125,590,2026-09-11 22:10:38.971,1782.066388888889
Pulse experiments,pioreactor01,2026-09-11T16:25:38.977Z,0.224140625,630,2026-09-11 22:10:38.977,1782.066388888889
Pulse experiments,pioreactor01,2026-09-11T16:25:38.981Z,0.113671875,680,2026-09-11 22:10:38.981,1782.066388888889
Pulse experiments,pioreactor01,2026-09-11T16:25:43.950Z,0.0175,415,2026-09-11 22:10:43.950,1782.067777777778
Pulse experiments,pioreactor01,2026-09-11T16:25:43.955Z,0.13224609375,445,2026-09-11 22:10:43.955,1782.067777777778
Pulse experiments,pioreactor01,2026-09-11T16:25:43.962Z,0.1282421875,480,2026-09-11 22:10:43.962,1782.067777777778
Pulse experiments,pioreactor01,2026-09-11T16:25:43.967Z,0.1541015625,515,2026-09-11 22:10:43.967,1782.067777777778
Pulse experiments,pioreactor01,2026-09-11T16:25:43.973Z,0.1896484375,555,2026-09-11 22:10:43.973,1782.067777777778
Pulse experiments,pioreactor01,2026-09-11T16:25:43.978Z,0.2140625,590,2026-09-11 22:10:43.978,1782.067777777778
Pulse experiments,pioreactor01,2026-09-11T16:25:43.983Z,0.22431640625,630,2026-09-11 22:10:43.983,1782.067777777778
Pulse experiments,pioreactor01,2026-09-11T16:25:43.992Z,0.11384765625,680,2026-09-11 22:10:43.992,1782.067777777778
Pulse experiments,pioreactor01,2026-09-11T16:25:48.940Z,0.0175,415,2026-09-11 22:10:48.940,1782.069166666667
Pulse experiments,pioreactor01,2026-09-11T16:25:49.448Z,0.1323828125,445,2026-09-11 22:10:49.448,1782.069444444444
Pulse experiments,pioreactor01,2026-09-11T16:25:49.454Z,0.12833984375,480,2026-09-11 22:10:49.454,1782.069444444444
Pulse experiments,pioreactor01,2026-09-11T16:25:49.460Z,0.1540625,515,2026-09-11 22:10:49.460,1782.069444444444
Pulse experiments,pioreactor01,2026-09-11T16:25:49.465Z,0.189375,555,2026-09-11 22:10:49.465,1782.069444444444
Pulse experiments,pioreactor01,2026-09-11T16:25:49.470Z,0.21388671875,590,2026-09-11 22:10:49.470,1782.069444444444
Pulse experiments,pioreactor01,2026-09-11T16:25:49.475Z,0.2239453125,630,2026-09-11 22:10:49.475,1782.069444444444
Pulse experiments,pioreactor01,2026-09-11T16:25:49.480Z,0.113515625,680,2026-09-11 22:10:49.480,1782.069444444444
Pulse experiments,pioreactor01,2026-09-11T16:25:53.941Z,0.0174609375,415,2026-09-11 22:10:53.941,1782.070555555556
Pulse experiments,pioreactor01,2026-09-11T16:25:53.956Z,0.13224609375,445,2026-09-11 22:10:53.956,1782.070555555556
Pulse experiments,pioreactor01,2026-09-11T16:25:53.973Z,0.1283203125,480,2026-09-11 22:10:53.973,1782.070555555556
Pulse experiments,pioreactor01,2026-09-11T16:25:53.981Z,0.1539453125,515,2026-09-11 22:10:53.981,1782.070555555556
Pulse experiments,pioreactor01,2026-09-11T16:25:53.991Z,0.18947265625,555,2026-09-11 22:10:53.991,1782.070555555556
Pulse experiments,pioreactor01,2026-09-11T16:25:54.001Z,0.21390625,590,2026-09-11 22:10:54.001,1782.070833333333
Pulse experiments,pioreactor01,2026-09-11T16:25:54.011Z,0.22392578125,630,2026-09-11 22:10:54.011,1782.070833333333
Pulse experiments,pioreactor01,2026-09-11T16:25:54.021Z,0.113515625,680,2026-09-11 22:10:54.021,1782.070833333333
Pulse experiments,pioreactor01,2026-09-11T16:25:58.917Z,0.01748046875,415,2026-09-11 22:10:58.917,1782.071944444444
Pulse experiments,pioreactor01,2026-09-11T16:25:58.922Z,0.13228515625,445,2026-09-11 22:10:58.922,1782.071944444444
Pulse experiments,pioreactor01,2026-09-11T16:25:58.929Z,0.12826171875,480,2026-09-11 22:10:58.929,1782.071944444444
Pulse experiments,pioreactor01,2026-09-11T16:25:58.933Z,0.15396484375,515,2026-09-11 22:10:58.933,1782.071944444444
Pulse experiments,pioreactor01,2026-09-11T16:25:58.939Z,0.189453125,555,2026-09-11 22:10:58.939,1782.071944444444
Pulse experiments,pioreactor01,2026-09-11T16:25:58.942Z,0.21408203125,590,2026-09-11 22:10:58.942,1782.071944444444
Pulse experiments,pioreactor01,2026-09-11T16:25:58.948Z,0.22390625,630,2026-09-11 22:10:58.948,1782.071944444444
Pulse experiments,pioreactor01,2026-09-11T16:25:58.952Z,0.11349609375,680,2026-09-11 22:10:58.952,1782.071944444444
Pulse experiments,pioreactor01,2026-09-11T16:26:03.944Z,0.01751953125,415,2026-09-11 22:11:03.944,1782.073333333333
Pulse experiments,pioreactor01,2026-09-11T16:26:03.949Z,0.13236328125,445,2026-09-11 22:11:03.949,1782.073333333333
Pulse experiments,pioreactor01,2026-09-11T16:26:03.960Z,0.128359375,480,2026-09-11 22:11:03.960,1782.073333333333
Pulse experiments,pioreactor01,2026-09-11T16:26:03.961Z,0.15408203125,515,2026-09-11 22:11:03.961,1782.073333333333
Pulse experiments,pioreactor01,2026-09-11T16:26:03.967Z,0.189609375,555,2026-09-11 22:11:03.967,1782.073333333333
Pulse experiments,pioreactor01,2026-09-11T16:26:03.974Z,0.21419921875,590,2026-09-11 22:11:03.974,1782.073333333333
Pulse experiments,pioreactor01,2026-09-11T16:26:03.981Z,0.22431640625,630,2026-09-11 22:11:03.981,1782.073333333333
Pulse experiments,pioreactor01,2026-09-11T16:26:03.988Z,0.11369140625,680,2026-09-11 22:11:03.988,1782.073333333333
Pulse experiments,pioreactor01,2026-09-11T16:26:08.939Z,0.01740234375,415,2026-09-11 22:11:08.939,1782.074722222222
Pulse experiments,pioreactor01,2026-09-11T16:26:08.951Z,0.1321484375,445,2026-09-11 22:11:08.951,1782.074722222222
Pulse experiments,pioreactor01,2026-09-11T16:26:08.966Z,0.128203125,480,2026-09-11 22:11:08.966,1782.074722222222
Pulse experiments,pioreactor01,2026-09-11T16:26:08.971Z,0.15392578125,515,2026-09-11 22:11:08.971,1782.074722222222
Pulse experiments,pioreactor01,2026-09-11T16:26:08.982Z,0.18958984375,555,2026-09-11 22:11:08.982,1782.074722222222
Pulse experiments,pioreactor01,2026-09-11T16:26:08.990Z,0.21458984375,590,2026-09-11 22:11:08.990,1782.074722222222
Pulse experiments,pioreactor01,2026-09-11T16:26:08.999Z,0.22490234375,630,2026-09-11 22:11:08.999,1782.074722222222
Pulse experiments,pioreactor01,2026-09-11T16:26:09.009Z,0.11416015625,680,2026-09-11 22:11:09.009,1782.075
Pulse experiments,pioreactor01,2026-09-11T16:26:13.935Z,0.01724609375,415,2026-09-11 22:11:13.935,1782.076111111111
Pulse experiments,pioreactor01,2026-09-11T16:26:13.949Z,0.13009765625,445,2026-09-11 22:11:13.949,1782.076111111111
Pulse experiments,pioreactor01,2026-09-11T16:26:13.964Z,0.1263671875,480,2026-09-11 22:11:13.964,1782.076111111111
Pulse experiments,pioreactor01,2026-09-11T16:26:13.971Z,0.15181640625,515,2026-09-11 22:11:13.971,1782.076111111111
Pulse experiments,pioreactor01,2026-09-11T16:26:13.990Z,0.1850390625,555,2026-09-11 22:11:13.990,1782.076111111111
Pulse experiments,pioreactor01,2026-09-11T16:26:14.045Z,0.21078125,590,2026-09-11 22:11:14.045,1782.076388888889
Pulse experiments,pioreactor01,2026-09-11T16:26:14.089Z,0.22126953125,630,2026-09-11 22:11:14.089,1782.076388888889
Pulse experiments,pioreactor01,2026-09-11T16:26:14.092Z,0.1114453125,680,2026-09-11 22:11:14.092,1782.076388888889
Pulse experiments,pioreactor01,2026-09-11T16:26:18.919Z,0.0171875,415,2026-09-11 22:11:18.919,1782.0775
Pulse experiments,pioreactor01,2026-09-11T16:26:18.924Z,0.1305078125,445,2026-09-11 22:11:18.924,1782.0775
Pulse experiments,pioreactor01,2026-09-11T16:26:18.929Z,0.12658203125,480,2026-09-11 22:11:18.929,1782.0775
Pulse experiments,pioreactor01,2026-09-11T16:26:18.935Z,0.1519921875,515,2026-09-11 22:11:18.935,1782.0775
Pulse experiments,pioreactor01,2026-09-11T16:26:18.941Z,0.1854296875,555,2026-09-11 22:11:18.941,1782.0775
Pulse experiments,pioreactor01,2026-09-11T16:26:18.946Z,0.21130859375,590,2026-09-11 22:11:18.946,1782.0775
Pulse experiments,pioreactor01,2026-09-11T16:26:18.950Z,0.22158203125,630,2026-09-11 22:11:18.950,1782.0775
Pulse experiments,pioreactor01,2026-09-11T16:26:18.955Z,0.1116015625,680,2026-09-11 22:11:18.955,1782.0775
Pulse experiments,pioreactor01,2026-09-11T16:26:23.979Z,0.01724609375,415,2026-09-11 22:11:23.979,1782.078888888889
Pulse experiments,pioreactor01,2026-09-11T16:26:23.985Z,0.130390625,445,2026-09-11 22:11:23.985,1782.078888888889
Pulse experiments,pioreactor01,2026-09-11T16:26:23.988Z,0.1266015625,480,2026-09-11 22:11:23.988,1782.078888888889
Pulse experiments,pioreactor01,2026-09-11T16:26:23.996Z,0.15212890625,515,2026-09-11 22:11:23.996,1782.078888888889
Pulse experiments,pioreactor01,2026-09-11T16:26:24.001Z,0.18552734375,555,2026-09-11 22:11:24.001,1782.079166666667
Pulse experiments,pioreactor01,2026-09-11T16:26:24.005Z,0.21154296875,590,2026-09-11 22:11:24.005,1782.079166666667
Pulse experiments,pioreactor01,2026-09-11T16:26:24.012Z,0.22173828125,630,2026-09-11 22:11:24.012,1782.079166666667
Pulse experiments,pioreactor01,2026-09-11T16:26:24.017Z,0.11185546875,680,2026-09-11 22:11:24.017,1782.079166666667
Pulse experiments,pioreactor01,2026-09-11T16:26:28.920Z,0.017265625,415,2026-09-11 22:11:28.920,1782.080277777778
Pulse experiments,pioreactor01,2026-09-11T16:26:28.925Z,0.13048828125,445,2026-09-11 22:11:28.925,1782.080277777778
Pulse experiments,pioreactor01,2026-09-11T16:26:28.928Z,0.12662109375,480,2026-09-11 22:11:28.928,1782.080277777778
Pulse experiments,pioreactor01,2026-09-11T16:26:28.934Z,0.15220703125,515,2026-09-11 22:11:28.934,1782.080277777778
Pulse experiments,pioreactor01,2026-09-11T16:26:28.939Z,0.18587890625,555,2026-09-11 22:11:28.939,1782.080277777778
Pulse experiments,pioreactor01,2026-09-11T16:26:28.944Z,0.21142578125,590,2026-09-11 22:11:28.944,1782.080277777778
Pulse experiments,pioreactor01,2026-09-11T16:26:28.948Z,0.2221484375,630,2026-09-11 22:11:28.948,1782.080277777778
Pulse experiments,pioreactor01,2026-09-11T16:26:28.953Z,0.11189453125,680,2026-09-11 22:11:28.953,1782.080277777778
Pulse experiments,pioreactor01,2026-09-11T16:26:33.939Z,0.01724609375,415,2026-09-11 22:11:33.939,1782.081666666667
Pulse experiments,pioreactor01,2026-09-11T16:26:33.948Z,0.13037109375,445,2026-09-11 22:11:33.948,1782.081666666667
Pulse experiments,pioreactor01,2026-09-11T16:26:33.960Z,0.1265234375,480,2026-09-11 22:11:33.960,1782.081666666667
Pulse experiments,pioreactor01,2026-09-11T16:26:33.971Z,0.15203125,515,2026-09-11 22:11:33.971,1782.081666666667
Pulse experiments,pioreactor01,2026-09-11T16:26:33.983Z,0.1853515625,555,2026-09-11 22:11:33.983,1782.081666666667
Pulse experiments,pioreactor01,2026-09-11T16:26:34.000Z,0.21109375,590,2026-09-11 22:11:34.000,1782.081944444444
Pulse experiments,pioreactor01,2026-09-11T16:26:34.018Z,0.2215625,630,2026-09-11 22:11:34.018,1782.081944444444
Pulse experiments,pioreactor01,2026-09-11T16:26:34.026Z,0.1116796875,680,2026-09-11 22:11:34.026,1782.081944444444
Pulse experiments,pioreactor01,2026-09-11T16:26:38.986Z,0.01724609375,415,2026-09-11 22:11:38.986,1782.083055555556
Pulse experiments,pioreactor01,2026-09-11T16:26:38.994Z,0.1305078125,445,2026-09-11 22:11:38.994,1782.083055555556
Pulse experiments,pioreactor01,2026-09-11T16:26:39.001Z,0.12666015625,480,2026-09-11 22:11:39.001,1782.083333333333
Pulse experiments,pioreactor01,2026-09-11T16:26:39.005Z,0.1520703125,515,2026-09-11 22:11:39.005,1782.083333333333
Pulse experiments,pioreactor01,2026-09-11T16:26:39.010Z,0.18568359375,555,2026-09-11 22:11:39.010,1782.083333333333
Pulse experiments,pioreactor01,2026-09-11T16:26:39.015Z,0.2113671875,590,2026-09-11 22:11:39.015,1782.083333333333
Pulse experiments,pioreactor01,2026-09-11T16:26:39.025Z,0.22181640625,630,2026-09-11 22:11:39.025,1782.083333333333
Pulse experiments,pioreactor01,2026-09-11T16:26:39.027Z,0.1118359375,680,2026-09-11 22:11:39.027,1782.083333333333
Pulse experiments,pioreactor01,2026-09-11T16:26:43.921Z,0.01724609375,415,2026-09-11 22:11:43.921,1782.084444444444
Pulse experiments,pioreactor01,2026-09-11T16:26:43.925Z,0.130625,445,2026-09-11 22:11:43.925,1782.084444444444
Pulse experiments,pioreactor01,2026-09-11T16:26:44.054Z,0.12650390625,480,2026-09-11 22:11:44.054,1782.084722222222
Pulse experiments,pioreactor01,2026-09-11T16:26:44.100Z,0.15212890625,515,2026-09-11 22:11:44.100,1782.084722222222
Pulse experiments,pioreactor01,2026-09-11T16:26:44.101Z,0.185625,555,2026-09-11 22:11:44.101,1782.084722222222
Pulse experiments,pioreactor01,2026-09-11T16:26:44.102Z,0.211328125,590,2026-09-11 22:11:44.102,1782.084722222222
Pulse experiments,pioreactor01,2026-09-11T16:26:44.104Z,0.22177734375,630,2026-09-11 22:11:44.104,1782.084722222222
Pulse experiments,pioreactor01,2026-09-11T16:26:44.105Z,0.11181640625,680,2026-09-11 22:11:44.105,1782.084722222222
Pulse experiments,pioreactor01,2026-09-11T16:26:48.921Z,0.017265625,415,2026-09-11 22:11:48.921,1782.085833333333
Pulse experiments,pioreactor01,2026-09-11T16:26:48.929Z,0.1306640625,445,2026-09-11 22:11:48.929,1782.085833333333
Pulse experiments,pioreactor01,2026-09-11T16:26:48.939Z,0.126640625,480,2026-09-11 22:11:48.939,1782.085833333333
Pulse experiments,pioreactor01,2026-09-11T16:26:48.944Z,0.15208984375,515,2026-09-11 22:11:48.944,1782.085833333333
Pulse experiments,pioreactor01,2026-09-11T16:26:48.946Z,0.18544921875,555,2026-09-11 22:11:48.946,1782.085833333333
Pulse experiments,pioreactor01,2026-09-11T16:26:48.953Z,0.21158203125,590,2026-09-11 22:11:48.953,1782.085833333333
Pulse experiments,pioreactor01,2026-09-11T16:26:48.958Z,0.2218359375,630,2026-09-11 22:11:48.958,1782.085833333333
Pulse experiments,pioreactor01,2026-09-11T16:26:48.965Z,0.111875,680,2026-09-11 22:11:48.965,1782.085833333333
Pulse experiments,pioreactor01,2026-09-11T16:26:53.920Z,0.01724609375,415,2026-09-11 22:11:53.920,1782.087222222222
Pulse experiments,pioreactor01,2026-09-11T16:26:53.923Z,0.130546875,445,2026-09-11 22:11:53.923,1782.087222222222
Pulse experiments,pioreactor01,2026-09-11T16:26:53.929Z,0.12671875,480,2026-09-11 22:11:53.929,1782.087222222222
Pulse experiments,pioreactor01,2026-09-11T16:26:53.932Z,0.152109375,515,2026-09-11 22:11:53.932,1782.087222222222
Pulse experiments,pioreactor01,2026-09-11T16:26:53.937Z,0.185703125,555,2026-09-11 22:11:53.937,1782.087222222222
Pulse experiments,pioreactor01,2026-09-11T16:26:53.943Z,0.2114453125,590,2026-09-11 22:11:53.943,1782.087222222222
Pulse experiments,pioreactor01,2026-09-11T16:26:53.948Z,0.22193359375,630,2026-09-11 22:11:53.948,1782.087222222222
Pulse experiments,pioreactor01,2026-09-11T16:26:53.952Z,0.11197265625,680,2026-09-11 22:11:53.952,1782.087222222222
Pulse experiments,pioreactor01,2026-09-11T16:26:58.927Z,0.017265625,415,2026-09-11 22:11:58.927,1782.088611111111
Pulse experiments,pioreactor01,2026-09-11T16:26:58.932Z,0.13041015625,445,2026-09-11 22:11:58.932,1782.088611111111
Pulse experiments,pioreactor01,2026-09-11T16:26:58.942Z,0.12669921875,480,2026-09-11 22:11:58.942,1782.088611111111
Pulse experiments,pioreactor01,2026-09-11T16:26:58.952Z,0.15212890625,515,2026-09-11 22:11:58.952,1782.088611111111
Pulse experiments,pioreactor01,2026-09-11T16:26:58.960Z,0.1855859375,555,2026-09-11 22:11:58.960,1782.088611111111
Pulse experiments,pioreactor01,2026-09-11T16:26:58.968Z,0.2114453125,590,2026-09-11 22:11:58.968,1782.088611111111
Pulse experiments,pioreactor01,2026-09-11T16:26:58.976Z,0.22169921875,630,2026-09-11 22:11:58.976,1782.088611111111
Pulse experiments,pioreactor01,2026-09-11T16:26:58.984Z,0.1118359375,680,2026-09-11 22:11:58.984,1782.088611111111
Pulse experiments,pioreactor01,2026-09-11T16:27:03.918Z,0.01724609375,415,2026-09-11 22:12:03.918,1782.09
Pulse experiments,pioreactor01,2026-09-11T16:27:03.922Z,0.13033203125,445,2026-09-11 22:12:03.922,1782.09
Pulse experiments,pioreactor01,2026-09-11T16:27:03.927Z,0.12658203125,480,2026-09-11 22:12:03.927,1782.09
Pulse experiments,pioreactor01,2026-09-11T16:27:03.933Z,0.15208984375,515,2026-09-11 22:12:03.933,1782.09
Pulse experiments,pioreactor01,2026-09-11T16:27:03.939Z,0.1855078125,555,2026-09-11 22:12:03.939,1782.09
Pulse experiments,pioreactor01,2026-09-11T16:27:03.945Z,0.21095703125,590,2026-09-11 22:12:03.945,1782.09
Pulse experiments,pioreactor01,2026-09-11T16:27:03.950Z,0.22173828125,630,2026-09-11 22:12:03.950,1782.09
Pulse experiments,pioreactor01,2026-09-11T16:27:03.955Z,0.11166015625,680,2026-09-11 22:12:03.955,1782.09
Pulse experiments,pioreactor01,2026-09-11T16:27:08.943Z,0.01724609375,415,2026-09-11 22:12:08.943,1782.091388888889
Pulse experiments,pioreactor01,2026-09-11T16:27:08.949Z,0.13046875,445,2026-09-11 22:12:08.949,1782.091388888889
Pulse experiments,pioreactor01,2026-09-11T16:27:08.958Z,0.1266796875,480,2026-09-11 22:12:08.958,1782.091388888889
Pulse experiments,pioreactor01,2026-09-11T16:27:08.962Z,0.1521484375,515,2026-09-11 22:12:08.962,1782.091388888889
Pulse experiments,pioreactor01,2026-09-11T16:27:08.968Z,0.185859375,555,2026-09-11 22:12:08.968,1782.091388888889
Pulse experiments,pioreactor01,2026-09-11T16:27:08.977Z,0.2115625,590,2026-09-11 22:12:08.977,1782.091388888889
Pulse experiments,pioreactor01,2026-09-11T16:27:08.981Z,0.2223828125,630,2026-09-11 22:12:08.981,1782.091388888889
Pulse experiments,pioreactor01,2026-09-11T16:27:08.987Z,0.11203125,680,2026-09-11 22:12:08.987,1782.091388888889
Pulse experiments,pioreactor01,2026-09-11T16:27:13.938Z,0.0172265625,415,2026-09-11 22:12:13.938,1782.092777777778
Pulse experiments,pioreactor01,2026-09-11T16:27:13.945Z,0.1303515625,445,2026-09-11 22:12:13.945,1782.092777777778
Pulse experiments,pioreactor01,2026-09-11T16:27:13.959Z,0.1266015625,480,2026-09-11 22:12:13.959,1782.092777777778
Pulse experiments,pioreactor01,2026-09-11T16:27:13.972Z,0.15208984375,515,2026-09-11 22:12:13.972,1782.092777777778
Pulse experiments,pioreactor01,2026-09-11T16:27:13.984Z,0.18541015625,555,2026-09-11 22:12:13.984,1782.092777777778
Pulse experiments,pioreactor01,2026-09-11T16:27:13.998Z,0.2112109375,590,2026-09-11 22:12:13.998,1782.092777777778
Pulse experiments,pioreactor01,2026-09-11T16:27:14.006Z,0.221484375,630,2026-09-11 22:12:14.006,1782.093055555556
Pulse experiments,pioreactor01,2026-09-11T16:27:14.013Z,0.1115625,680,2026-09-11 22:12:14.013,1782.093055555556
Pulse experiments,pioreactor01,2026-09-11T16:27:18.977Z,0.017265625,415,2026-09-11 22:12:18.977,1782.094166666667
Pulse experiments,pioreactor01,2026-09-11T16:27:18.982Z,0.130546875,445,2026-09-11 22:12:18.982,1782.094166666667
Pulse experiments,pioreactor01,2026-09-11T16:27:18.987Z,0.12673828125,480,2026-09-11 22:12:18.987,1782.094166666667
Pulse experiments,pioreactor01,2026-09-11T16:27:18.992Z,0.1520703125,515,2026-09-11 22:12:18.992,1782.094166666667
Pulse experiments,pioreactor01,2026-09-11T16:27:18.997Z,0.185703125,555,2026-09-11 22:12:18.997,1782.094166666667
Pulse experiments,pioreactor01,2026-09-11T16:27:19.002Z,0.2112890625,590,2026-09-11 22:12:19.002,1782.094444444444
Pulse experiments,pioreactor01,2026-09-11T16:27:19.006Z,0.22181640625,630,2026-09-11 22:12:19.006,1782.094444444444
Pulse experiments,pioreactor01,2026-09-11T16:27:19.011Z,0.1117578125,680,2026-09-11 22:12:19.011,1782.094444444444
Pulse experiments,pioreactor01,2026-09-11T16:27:23.936Z,0.01724609375,415,2026-09-11 22:12:23.936,1782.095555555556
Pulse experiments,pioreactor01,2026-09-11T16:27:23.947Z,0.13060546875,445,2026-09-11 22:12:23.947,1782.095555555556
Pulse experiments,pioreactor01,2026-09-11T16:27:23.959Z,0.1266796875,480,2026-09-11 22:12:23.959,1782.095555555556
Pulse experiments,pioreactor01,2026-09-11T16:27:23.976Z,0.1520703125,515,2026-09-11 22:12:23.976,1782.095555555556
Pulse experiments,pioreactor01,2026-09-11T16:27:23.985Z,0.18517578125,555,2026-09-11 22:12:23.985,1782.095555555556
Pulse experiments,pioreactor01,2026-09-11T16:27:23.998Z,0.2107421875,590,2026-09-11 22:12:23.998,1782.095555555556
Pulse experiments,pioreactor01,2026-09-11T16:27:24.010Z,0.22125,630,2026-09-11 22:12:24.010,1782.095833333333
Pulse experiments,pioreactor01,2026-09-11T16:27:24.018Z,0.111484375,680,2026-09-11 22:12:24.018,1782.095833333333
Pulse experiments,pioreactor01,2026-09-11T16:27:28.929Z,0.017265625,415,2026-09-11 22:12:28.929,1782.096944444444
Pulse experiments,pioreactor01,2026-09-11T16:27:28.936Z,0.13056640625,445,2026-09-11 22:12:28.936,1782.096944444444
Pulse experiments,pioreactor01,2026-09-11T16:27:28.943Z,0.1267578125,480,2026-09-11 22:12:28.943,1782.096944444444
Pulse experiments,pioreactor01,2026-09-11T16:27:28.946Z,0.152109375,515,2026-09-11 22:12:28.946,1782.096944444444
Pulse experiments,pioreactor01,2026-09-11T16:27:28.954Z,0.18568359375,555,2026-09-11 22:12:28.954,1782.096944444444
Pulse experiments,pioreactor01,2026-09-11T16:27:28.957Z,0.21130859375,590,2026-09-11 22:12:28.957,1782.096944444444
Pulse experiments,pioreactor01,2026-09-11T16:27:28.960Z,0.22181640625,630,2026-09-11 22:12:28.960,1782.096944444444
Pulse experiments,pioreactor01,2026-09-11T16:27:28.965Z,0.1118359375,680,2026-09-11 22:12:28.965,1782.096944444444
Pulse experiments,pioreactor01,2026-09-11T16:27:33.918Z,0.01724609375,415,2026-09-11 22:12:33.918,1782.098333333333
Pulse experiments,pioreactor01,2026-09-11T16:27:33.924Z,0.13044921875,445,2026-09-11 22:12:33.924,1782.098333333333
Pulse experiments,pioreactor01,2026-09-11T16:27:33.931Z,0.12658203125,480,2026-09-11 22:12:33.931,1782.098333333333
Pulse experiments,pioreactor01,2026-09-11T16:27:33.935Z,0.15208984375,515,2026-09-11 22:12:33.935,1782.098333333333
Pulse experiments,pioreactor01,2026-09-11T16:27:33.939Z,0.1853515625,555,2026-09-11 22:12:33.939,1782.098333333333
Pulse experiments,pioreactor01,2026-09-11T16:27:33.945Z,0.21109375,590,2026-09-11 22:12:33.945,1782.098333333333
Pulse experiments,pioreactor01,2026-09-11T16:27:33.949Z,0.2215234375,630,2026-09-11 22:12:33.949,1782.098333333333
Pulse experiments,pioreactor01,2026-09-11T16:27:33.955Z,0.11162109375,680,2026-09-11 22:12:33.955,1782.098333333333
Pulse experiments,pioreactor01,2026-09-11T16:27:38.952Z,0.0172265625,415,2026-09-11 22:12:38.952,1782.099722222222
Pulse experiments,pioreactor01,2026-09-11T16:27:38.958Z,0.13052734375,445,2026-09-11 22:12:38.958,1782.099722222222
Pulse experiments,pioreactor01,2026-09-11T16:27:38.968Z,0.12681640625,480,2026-09-11 22:12:38.968,1782.099722222222
Pulse experiments,pioreactor01,2026-09-11T16:27:38.974Z,0.1520703125,515,2026-09-11 22:12:38.974,1782.099722222222
Pulse experiments,pioreactor01,2026-09-11T16:27:38.979Z,0.18552734375,555,2026-09-11 22:12:38.979,1782.099722222222
Pulse experiments,pioreactor01,2026-09-11T16:27:38.984Z,0.21126953125,590,2026-09-11 22:12:38.984,1782.099722222222
Pulse experiments,pioreactor01,2026-09-11T16:27:38.990Z,0.22173828125,630,2026-09-11 22:12:38.990,1782.099722222222
Pulse experiments,pioreactor01,2026-09-11T16:27:38.995Z,0.11173828125,680,2026-09-11 22:12:38.995,1782.099722222222
Pulse experiments,pioreactor01,2026-09-11T16:27:43.947Z,0.017265625,415,2026-09-11 22:12:43.947,1782.101111111111
Pulse experiments,pioreactor01,2026-09-11T16:27:43.954Z,0.1305859375,445,2026-09-11 22:12:43.954,1782.101111111111
Pulse experiments,pioreactor01,2026-09-11T16:27:43.960Z,0.1266796875,480,2026-09-11 22:12:43.960,1782.101111111111
Pulse experiments,pioreactor01,2026-09-11T16:27:43.965Z,0.15212890625,515,2026-09-11 22:12:43.965,1782.101111111111
Pulse experiments,pioreactor01,2026-09-11T16:27:43.972Z,0.18564453125,555,2026-09-11 22:12:43.972,1782.101111111111
Pulse experiments,pioreactor01,2026-09-11T16:27:43.976Z,0.21125,590,2026-09-11 22:12:43.976,1782.101111111111
Pulse experiments,pioreactor01,2026-09-11T16:27:43.992Z,0.22181640625,630,2026-09-11 22:12:43.992,1782.101111111111
Pulse experiments,pioreactor01,2026-09-11T16:27:43.993Z,0.1119921875,680,2026-09-11 22:12:43.993,1782.101111111111
Pulse experiments,pioreactor01,2026-09-11T16:27:48.960Z,0.01724609375,415,2026-09-11 22:12:48.960,1782.1025
Pulse experiments,pioreactor01,2026-09-11T16:27:48.964Z,0.13041015625,445,2026-09-11 22:12:48.964,1782.1025
Pulse experiments,pioreactor01,2026-09-11T16:27:48.973Z,0.12662109375,480,2026-09-11 22:12:48.973,1782.1025
Pulse experiments,pioreactor01,2026-09-11T16:27:48.978Z,0.151953125,515,2026-09-11 22:12:48.978,1782.1025
Pulse experiments,pioreactor01,2026-09-11T16:27:48.982Z,0.185234375,555,2026-09-11 22:12:48.982,1782.1025
Pulse experiments,pioreactor01,2026-09-11T16:27:48.987Z,0.21126953125,590,2026-09-11 22:12:48.987,1782.1025
Pulse experiments,pioreactor01,2026-09-11T16:27:48.996Z,0.22154296875,630,2026-09-11 22:12:48.996,1782.1025
Pulse experiments,pioreactor01,2026-09-11T16:27:49.000Z,0.11166015625,680,2026-09-11 22:12:49.000,1782.102777777778
Pulse experiments,pioreactor01,2026-09-11T16:27:53.958Z,0.01720703125,415,2026-09-11 22:12:53.958,1782.103888888889
Pulse experiments,pioreactor01,2026-09-11T16:27:53.967Z,0.13044921875,445,2026-09-11 22:12:53.967,1782.103888888889
Pulse experiments,pioreactor01,2026-09-11T16:27:53.971Z,0.126640625,480,2026-09-11 22:12:53.971,1782.103888888889
Pulse experiments,pioreactor01,2026-09-11T16:27:53.976Z,0.15205078125,515,2026-09-11 22:12:53.976,1782.103888888889
Pulse experiments,pioreactor01,2026-09-11T16:27:53.983Z,0.185625,555,2026-09-11 22:12:53.983,1782.103888888889
Pulse experiments,pioreactor01,2026-09-11T16:27:53.990Z,0.21138671875,590,2026-09-11 22:12:53.990,1782.103888888889
Pulse experiments,pioreactor01,2026-09-11T16:27:53.995Z,0.22185546875,630,2026-09-11 22:12:53.995,1782.103888888889
Pulse experiments,pioreactor01,2026-09-11T16:27:54.001Z,0.1119921875,680,2026-09-11 22:12:54.001,1782.104166666667
Pulse experiments,pioreactor01,2026-09-11T16:27:58.942Z,0.0172265625,415,2026-09-11 22:12:58.942,1782.105277777778
Pulse experiments,pioreactor01,2026-09-11T16:27:58.945Z,0.13060546875,445,2026-09-11 22:12:58.945,1782.105277777778
Pulse experiments,pioreactor01,2026-09-11T16:27:58.951Z,0.1266796875,480,2026-09-11 22:12:58.951,1782.105277777778
Pulse experiments,pioreactor01,2026-09-11T16:27:58.955Z,0.15216796875,515,2026-09-11 22:12:58.955,1782.105277777778
Pulse experiments,pioreactor01,2026-09-11T16:27:58.961Z,0.18556640625,555,2026-09-11 22:12:58.961,1782.105277777778
Pulse experiments,pioreactor01,2026-09-11T16:27:58.967Z,0.2115234375,590,2026-09-11 22:12:58.967,1782.105277777778
Pulse experiments,pioreactor01,2026-09-11T16:27:58.977Z,0.22169921875,630,2026-09-11 22:12:58.977,1782.105277777778
Pulse experiments,pioreactor01,2026-09-11T16:27:58.981Z,0.11185546875,680,2026-09-11 22:12:58.981,1782.105277777778
Pulse experiments,pioreactor01,2026-09-11T16:28:03.921Z,0.01720703125,415,2026-09-11 22:13:03.921,1782.106666666667
Pulse experiments,pioreactor01,2026-09-11T16:28:03.927Z,0.1303515625,445,2026-09-11 22:13:03.927,1782.106666666667
Pulse experiments,pioreactor01,2026-09-11T16:28:03.932Z,0.1265234375,480,2026-09-11 22:13:03.932,1782.106666666667
Pulse experiments,pioreactor01,2026-09-11T16:28:03.936Z,0.152109375,515,2026-09-11 22:13:03.936,1782.106666666667
Pulse experiments,pioreactor01,2026-09-11T16:28:03.942Z,0.18517578125,555,2026-09-11 22:13:03.942,1782.106666666667
Pulse experiments,pioreactor01,2026-09-11T16:28:03.946Z,0.21072265625,590,2026-09-11 22:13:03.946,1782.106666666667
Pulse experiments,pioreactor01,2026-09-11T16:28:03.952Z,0.22125,630,2026-09-11 22:13:03.952,1782.106666666667
Pulse experiments,pioreactor01,2026-09-11T16:28:03.957Z,0.1114453125,680,2026-09-11 22:13:03.957,1782.106666666667
Pulse experiments,pioreactor01,2026-09-11T16:28:08.969Z,0.01724609375,415,2026-09-11 22:13:08.969,1782.108055555556
Pulse experiments,pioreactor01,2026-09-11T16:28:08.972Z,0.1305078125,445,2026-09-11 22:13:08.972,1782.108055555556
Pulse experiments,pioreactor01,2026-09-11T16:28:08.978Z,0.12673828125,480,2026-09-11 22:13:08.978,1782.108055555556
Pulse experiments,pioreactor01,2026-09-11T16:28:08.982Z,0.1523046875,515,2026-09-11 22:13:08.982,1782.108055555556
Pulse experiments,pioreactor01,2026-09-11T16:28:08.987Z,0.18548828125,555,2026-09-11 22:13:08.987,1782.108055555556
Pulse experiments,pioreactor01,2026-09-11T16:28:09.002Z,0.21111328125,590,2026-09-11 22:13:09.002,1782.108333333333
Pulse experiments,pioreactor01,2026-09-11T16:28:09.009Z,0.22138671875,630,2026-09-11 22:13:09.009,1782.108333333333
Pulse experiments,pioreactor01,2026-09-11T16:28:09.011Z,0.11181640625,680,2026-09-11 22:13:09.011,1782.108333333333
Pulse experiments,pioreactor01,2026-09-11T16:28:13.952Z,0.017265625,415,2026-09-11 22:13:13.952,1782.109444444445
Pulse experiments,pioreactor01,2026-09-11T16:28:13.953Z,0.13046875,445,2026-09-11 22:13:13.953,1782.109444444445
Pulse experiments,pioreactor01,2026-09-11T16:28:13.953Z,0.126640625,480,2026-09-11 22:13:13.953,1782.109444444445
Pulse experiments,pioreactor01,2026-09-11T16:28:13.954Z,0.152109375,515,2026-09-11 22:13:13.954,1782.109444444445
Pulse experiments,pioreactor01,2026-09-11T16:28:13.955Z,0.18564453125,555,2026-09-11 22:13:13.955,1782.109444444445
Pulse experiments,pioreactor01,2026-09-11T16:28:13.956Z,0.2114453125,590,2026-09-11 22:13:13.956,1782.109444444445
Pulse experiments,pioreactor01,2026-09-11T16:28:13.957Z,0.221796875,630,2026-09-11 22:13:13.957,1782.109444444445
Pulse experiments,pioreactor01,2026-09-11T16:28:13.957Z,0.1120703125,680,2026-09-11 22:13:13.957,1782.109444444445
Pulse experiments,pioreactor01,2026-09-11T16:28:18.935Z,0.01724609375,415,2026-09-11 22:13:18.935,1782.110833333333
Pulse experiments,pioreactor01,2026-09-11T16:28:18.942Z,0.130546875,445,2026-09-11 22:13:18.942,1782.110833333333
Pulse experiments,pioreactor01,2026-09-11T16:28:18.946Z,0.1265625,480,2026-09-11 22:13:18.946,1782.110833333333
Pulse experiments,pioreactor01,2026-09-11T16:28:18.954Z,0.15203125,515,2026-09-11 22:13:18.954,1782.110833333333
Pulse experiments,pioreactor01,2026-09-11T16:28:18.956Z,0.18548828125,555,2026-09-11 22:13:18.956,1782.110833333333
Pulse experiments,pioreactor01,2026-09-11T16:28:18.962Z,0.21115234375,590,2026-09-11 22:13:18.962,1782.110833333333
Pulse experiments,pioreactor01,2026-09-11T16:28:18.966Z,0.22166015625,630,2026-09-11 22:13:18.966,1782.110833333333
Pulse experiments,pioreactor01,2026-09-11T16:28:18.975Z,0.11177734375,680,2026-09-11 22:13:18.975,1782.110833333333
Pulse experiments,pioreactor01,2026-09-11T16:28:23.919Z,0.0172265625,415,2026-09-11 22:13:23.919,1782.112222222222
Pulse experiments,pioreactor01,2026-09-11T16:28:23.925Z,0.1303515625,445,2026-09-11 22:13:23.925,1782.112222222222
Pulse experiments,pioreactor01,2026-09-11T16:28:23.929Z,0.1266015625,480,2026-09-11 22:13:23.929,1782.112222222222
Pulse experiments,pioreactor01,2026-09-11T16:28:23.935Z,0.15205078125,515,2026-09-11 22:13:23.935,1782.112222222222
Pulse experiments,pioreactor01,2026-09-11T16:28:23.938Z,0.1856640625,555,2026-09-11 22:13:23.938,1782.112222222222
Pulse experiments,pioreactor01,2026-09-11T16:28:23.944Z,0.21119140625,590,2026-09-11 22:13:23.944,1782.112222222222
Pulse experiments,pioreactor01,2026-09-11T16:28:23.948Z,0.2217578125,630,2026-09-11 22:13:23.948,1782.112222222222
Pulse experiments,pioreactor01,2026-09-11T16:28:23.952Z,0.1119140625,680,2026-09-11 22:13:23.952,1782.112222222222
Pulse experiments,pioreactor01,2026-09-11T16:28:28.971Z,0.01724609375,415,2026-09-11 22:13:28.971,1782.113611111111
Pulse experiments,pioreactor01,2026-09-11T16:28:28.977Z,0.13048828125,445,2026-09-11 22:13:28.977,1782.113611111111
Pulse experiments,pioreactor01,2026-09-11T16:28:28.988Z,0.1267578125,480,2026-09-11 22:13:28.988,1782.113611111111
Pulse experiments,pioreactor01,2026-09-11T16:28:28.990Z,0.15203125,515,2026-09-11 22:13:28.990,1782.113611111111
Pulse experiments,pioreactor01,2026-09-11T16:28:28.994Z,0.18529296875,555,2026-09-11 22:13:28.994,1782.113611111111
Pulse experiments,pioreactor01,2026-09-11T16:28:29.001Z,0.2110546875,590,2026-09-11 22:13:29.001,1782.113888888889
Pulse experiments,pioreactor01,2026-09-11T16:28:29.005Z,0.2215234375,630,2026-09-11 22:13:29.005,1782.113888888889
Pulse experiments,pioreactor01,2026-09-11T16:28:29.010Z,0.11173828125,680,2026-09-11 22:13:29.010,1782.113888888889
Pulse experiments,pioreactor01,2026-09-11T16:28:33.920Z,0.017265625,415,2026-09-11 22:13:33.920,1782.115
Pulse experiments,pioreactor01,2026-09-11T16:28:33.925Z,0.1305078125,445,2026-09-11 22:13:33.925,1782.115
Pulse experiments,pioreactor01,2026-09-11T16:28:33.929Z,0.126640625,480,2026-09-11 22:13:33.929,1782.115
Pulse experiments,pioreactor01,2026-09-11T16:28:33.934Z,0.1521484375,515,2026-09-11 22:13:33.934,1782.115
Pulse experiments,pioreactor01,2026-09-11T16:28:33.938Z,0.18537109375,555,2026-09-11 22:13:33.938,1782.115
Pulse experiments,pioreactor01,2026-09-11T16:28:33.944Z,0.2110546875,590,2026-09-11 22:13:33.944,1782.115
Pulse experiments,pioreactor01,2026-09-11T16:28:33.948Z,0.22158203125,630,2026-09-11 22:13:33.948,1782.115
Pulse experiments,pioreactor01,2026-09-11T16:28:33.953Z,0.11177734375,680,2026-09-11 22:13:33.953,1782.115
Pulse experiments,pioreactor01,2026-09-11T16:28:38.938Z,0.0172265625,415,2026-09-11 22:13:38.938,1782.116388888889
Pulse experiments,pioreactor01,2026-09-11T16:28:38.947Z,0.13056640625,445,2026-09-11 22:13:38.947,1782.116388888889
Pulse experiments,pioreactor01,2026-09-11T16:28:38.957Z,0.12662109375,480,2026-09-11 22:13:38.957,1782.116388888889
Pulse experiments,pioreactor01,2026-09-11T16:28:38.968Z,0.15216796875,515,2026-09-11 22:13:38.968,1782.116388888889
Pulse experiments,pioreactor01,2026-09-11T16:28:38.976Z,0.1857421875,555,2026-09-11 22:13:38.976,1782.116388888889
Pulse experiments,pioreactor01,2026-09-11T16:28:38.985Z,0.2116796875,590,2026-09-11 22:13:38.985,1782.116388888889
Pulse experiments,pioreactor01,2026-09-11T16:28:38.992Z,0.22197265625,630,2026-09-11 22:13:38.992,1782.116388888889
Pulse experiments,pioreactor01,2026-09-11T16:28:39.002Z,0.11201171875,680,2026-09-11 22:13:39.002,1782.116666666667
Pulse experiments,pioreactor01,2026-09-11T16:28:43.939Z,0.0171875,415,2026-09-11 22:13:43.939,1782.117777777778
Pulse experiments,pioreactor01,2026-09-11T16:28:43.944Z,0.13048828125,445,2026-09-11 22:13:43.944,1782.117777777778
Pulse experiments,pioreactor01,2026-09-11T16:28:43.948Z,0.12658203125,480,2026-09-11 22:13:43.948,1782.117777777778
Pulse experiments,pioreactor01,2026-09-11T16:28:43.962Z,0.15220703125,515,2026-09-11 22:13:43.962,1782.117777777778
Pulse experiments,pioreactor01,2026-09-11T16:28:43.979Z,0.1858203125,555,2026-09-11 22:13:43.979,1782.117777777778
Pulse experiments,pioreactor01,2026-09-11T16:28:43.983Z,0.21119140625,590,2026-09-11 22:13:43.983,1782.117777777778
Pulse experiments,pioreactor01,2026-09-11T16:28:43.984Z,0.22177734375,630,2026-09-11 22:13:43.984,1782.117777777778
Pulse experiments,pioreactor01,2026-09-11T16:28:44.003Z,0.11166015625,680,2026-09-11 22:13:44.003,1782.118055555556
Pulse experiments,pioreactor01,2026-09-11T16:28:48.920Z,0.01724609375,415,2026-09-11 22:13:48.920,1782.119166666667
Pulse experiments,pioreactor01,2026-09-11T16:28:48.924Z,0.13052734375,445,2026-09-11 22:13:48.924,1782.119166666667
Pulse experiments,pioreactor01,2026-09-11T16:28:48.929Z,0.12662109375,480,2026-09-11 22:13:48.929,1782.119166666667
Pulse experiments,pioreactor01,2026-09-11T16:28:48.934Z,0.15193359375,515,2026-09-11 22:13:48.934,1782.119166666667
Pulse experiments,pioreactor01,2026-09-11T16:28:48.939Z,0.18548828125,555,2026-09-11 22:13:48.939,1782.119166666667
Pulse experiments,pioreactor01,2026-09-11T16:28:48.944Z,0.21119140625,590,2026-09-11 22:13:48.944,1782.119166666667
Pulse experiments,pioreactor01,2026-09-11T16:28:48.949Z,0.2215625,630,2026-09-11 22:13:48.949,1782.119166666667
Pulse experiments,pioreactor01,2026-09-11T16:28:48.954Z,0.11171875,680,2026-09-11 22:13:48.954,1782.119166666667
Pulse experiments,pioreactor01,2026-09-11T16:28:53.931Z,0.01716796875,415,2026-09-11 22:13:53.931,1782.120555555555
Pulse experiments,pioreactor01,2026-09-11T16:28:53.937Z,0.1305859375,445,2026-09-11 22:13:53.937,1782.120555555555
Pulse experiments,pioreactor01,2026-09-11T16:28:53.945Z,0.12662109375,480,2026-09-11 22:13:53.945,1782.120555555555
Pulse experiments,pioreactor01,2026-09-11T16:28:53.951Z,0.15208984375,515,2026-09-11 22:13:53.951,1782.120555555555
Pulse experiments,pioreactor01,2026-09-11T16:28:53.954Z,0.18552734375,555,2026-09-11 22:13:53.954,1782.120555555555
Pulse experiments,pioreactor01,2026-09-11T16:28:53.959Z,0.211328125,590,2026-09-11 22:13:53.959,1782.120555555555
Pulse experiments,pioreactor01,2026-09-11T16:28:53.966Z,0.22162109375,630,2026-09-11 22:13:53.966,1782.120555555555
Pulse experiments,pioreactor01,2026-09-11T16:28:53.972Z,0.1116796875,680,2026-09-11 22:13:53.972,1782.120555555555
Pulse experiments,pioreactor01,2026-09-11T16:28:58.920Z,0.0172265625,415,2026-09-11 22:13:58.920,1782.121944444444
Pulse experiments,pioreactor01,2026-09-11T16:28:58.924Z,0.130546875,445,2026-09-11 22:13:58.924,1782.121944444444
Pulse experiments,pioreactor01,2026-09-11T16:28:58.929Z,0.1265625,480,2026-09-11 22:13:58.929,1782.121944444444
Pulse experiments,pioreactor01,2026-09-11T16:28:58.932Z,0.1519921875,515,2026-09-11 22:13:58.932,1782.121944444444
Pulse experiments,pioreactor01,2026-09-11T16:28:58.938Z,0.18533203125,555,2026-09-11 22:13:58.938,1782.121944444444
Pulse experiments,pioreactor01,2026-09-11T16:28:58.942Z,0.2112109375,590,2026-09-11 22:13:58.942,1782.121944444444
Pulse experiments,pioreactor01,2026-09-11T16:28:58.947Z,0.22142578125,630,2026-09-11 22:13:58.947,1782.121944444444
Pulse experiments,pioreactor01,2026-09-11T16:28:58.951Z,0.11162109375,680,2026-09-11 22:13:58.951,1782.121944444444
Pulse experiments,pioreactor01,2026-09-11T16:29:03.924Z,0.01724609375,415,2026-09-11 22:14:03.924,1782.123333333333
Pulse experiments,pioreactor01,2026-09-11T16:29:03.929Z,0.1305078125,445,2026-09-11 22:14:03.929,1782.123333333333
Pulse experiments,pioreactor01,2026-09-11T16:29:03.933Z,0.12666015625,480,2026-09-11 22:14:03.933,1782.123333333333
Pulse experiments,pioreactor01,2026-09-11T16:29:03.938Z,0.15212890625,515,2026-09-11 22:14:03.938,1782.123333333333
Pulse experiments,pioreactor01,2026-09-11T16:29:03.942Z,0.185546875,555,2026-09-11 22:14:03.942,1782.123333333333
Pulse experiments,pioreactor01,2026-09-11T16:29:03.949Z,0.2110546875,590,2026-09-11 22:14:03.949,1782.123333333333
Pulse experiments,pioreactor01,2026-09-11T16:29:03.952Z,0.22171875,630,2026-09-11 22:14:03.952,1782.123333333333
Pulse experiments,pioreactor01,2026-09-11T16:29:03.957Z,0.11177734375,680,2026-09-11 22:14:03.957,1782.123333333333
Pulse experiments,pioreactor01,2026-09-11T16:29:08.942Z,0.0172265625,415,2026-09-11 22:14:08.942,1782.124722222222
Pulse experiments,pioreactor01,2026-09-11T16:29:08.959Z,0.13041015625,445,2026-09-11 22:14:08.959,1782.124722222222
Pulse experiments,pioreactor01,2026-09-11T16:29:08.966Z,0.1265625,480,2026-09-11 22:14:08.966,1782.124722222222
Pulse experiments,pioreactor01,2026-09-11T16:29:08.976Z,0.15203125,515,2026-09-11 22:14:08.976,1782.124722222222
Pulse experiments,pioreactor01,2026-09-11T16:29:08.981Z,0.1855078125,555,2026-09-11 22:14:08.981,1782.124722222222
Pulse experiments,pioreactor01,2026-09-11T16:29:08.997Z,0.21095703125,590,2026-09-11 22:14:08.997,1782.124722222222
Pulse experiments,pioreactor01,2026-09-11T16:29:09.007Z,0.22150390625,630,2026-09-11 22:14:09.007,1782.125
Pulse experiments,pioreactor01,2026-09-11T16:29:09.019Z,0.11162109375,680,2026-09-11 22:14:09.019,1782.125
Pulse experiments,pioreactor01,2026-09-11T16:29:13.923Z,0.01720703125,415,2026-09-11 22:14:13.923,1782.126111111111
Pulse experiments,pioreactor01,2026-09-11T16:29:13.926Z,0.13033203125,445,2026-09-11 22:14:13.926,1782.126111111111
Pulse experiments,pioreactor01,2026-09-11T16:29:13.932Z,0.1265234375,480,2026-09-11 22:14:13.932,1782.126111111111
Pulse experiments,pioreactor01,2026-09-11T16:29:13.936Z,0.15201171875,515,2026-09-11 22:14:13.936,1782.126111111111
Pulse experiments,pioreactor01,2026-09-11T16:29:13.943Z,0.18521484375,555,2026-09-11 22:14:13.943,1782.126111111111
Pulse experiments,pioreactor01,2026-09-11T16:29:13.949Z,0.210859375,590,2026-09-11 22:14:13.949,1782.126111111111
Pulse experiments,pioreactor01,2026-09-11T16:29:13.954Z,0.22125,630,2026-09-11 22:14:13.954,1782.126111111111
Pulse experiments,pioreactor01,2026-09-11T16:29:13.958Z,0.11150390625,680,2026-09-11 22:14:13.958,1782.126111111111
Pulse experiments,pioreactor01,2026-09-11T16:29:18.921Z,0.01724609375,415,2026-09-11 22:14:18.921,1782.1275
Pulse experiments,pioreactor01,2026-09-11T16:29:18.929Z,0.13037109375,445,2026-09-11 22:14:18.929,1782.1275
Pulse experiments,pioreactor01,2026-09-11T16:29:18.932Z,0.12658203125,480,2026-09-11 22:14:18.932,1782.1275
Pulse experiments,pioreactor01,2026-09-11T16:29:18.936Z,0.1519921875,515,2026-09-11 22:14:18.936,1782.1275
Pulse experiments,pioreactor01,2026-09-11T16:29:18.945Z,0.18564453125,555,2026-09-11 22:14:18.945,1782.1275
Pulse experiments,pioreactor01,2026-09-11T16:29:18.951Z,0.21109375,590,2026-09-11 22:14:18.951,1782.1275
Pulse experiments,pioreactor01,2026-09-11T16:29:18.955Z,0.22171875,630,2026-09-11 22:14:18.955,1782.1275
Pulse experiments,pioreactor01,2026-09-11T16:29:18.965Z,0.1117578125,680,2026-09-11 22:14:18.965,1782.1275
Pulse experiments,pioreactor01,2026-09-11T16:29:23.939Z,0.017265625,415,2026-09-11 22:14:23.939,1782.128888888889
Pulse experiments,pioreactor01,2026-09-11T16:29:23.950Z,0.13046875,445,2026-09-11 22:14:23.950,1782.128888888889
Pulse experiments,pioreactor01,2026-09-11T16:29:23.959Z,0.1266796875,480,2026-09-11 22:14:23.959,1782.128888888889
Pulse experiments,pioreactor01,2026-09-11T16:29:23.971Z,0.15205078125,515,2026-09-11 22:14:23.971,1782.128888888889
Pulse experiments,pioreactor01,2026-09-11T16:29:23.982Z,0.18560546875,555,2026-09-11 22:14:23.982,1782.128888888889
Pulse experiments,pioreactor01,2026-09-11T16:29:23.991Z,0.21107421875,590,2026-09-11 22:14:23.991,1782.128888888889
Pulse experiments,pioreactor01,2026-09-11T16:29:23.997Z,0.2217578125,630,2026-09-11 22:14:23.997,1782.128888888889
Pulse experiments,pioreactor01,2026-09-11T16:29:24.004Z,0.11181640625,680,2026-09-11 22:14:24.004,1782.129166666667
Pulse experiments,pioreactor01,2026-09-11T16:29:28.919Z,0.01720703125,415,2026-09-11 22:14:28.919,1782.130277777778
Pulse experiments,pioreactor01,2026-09-11T16:29:28.925Z,0.13037109375,445,2026-09-11 22:14:28.925,1782.130277777778
Pulse experiments,pioreactor01,2026-09-11T16:29:28.931Z,0.12654296875,480,2026-09-11 22:14:28.931,1782.130277777778
Pulse experiments,pioreactor01,2026-09-11T16:29:28.935Z,0.15197265625,515,2026-09-11 22:14:28.935,1782.130277777778
Pulse experiments,pioreactor01,2026-09-11T16:29:28.940Z,0.18546875,555,2026-09-11 22:14:28.940,1782.130277777778
Pulse experiments,pioreactor01,2026-09-11T16:29:28.944Z,0.21078125,590,2026-09-11 22:14:28.944,1782.130277777778
Pulse experiments,pioreactor01,2026-09-11T16:29:28.950Z,0.22138671875,630,2026-09-11 22:14:28.950,1782.130277777778
Pulse experiments,pioreactor01,2026-09-11T16:29:28.953Z,0.11162109375,680,2026-09-11 22:14:28.953,1782.130277777778
Pulse experiments,pioreactor01,2026-09-11T16:29:33.922Z,0.0172265625,415,2026-09-11 22:14:33.922,1782.131666666667
Pulse experiments,pioreactor01,2026-09-11T16:29:33.925Z,0.13041015625,445,2026-09-11 22:14:33.925,1782.131666666667
Pulse experiments,pioreactor01,2026-09-11T16:29:33.930Z,0.12662109375,480,2026-09-11 22:14:33.930,1782.131666666667
Pulse experiments,pioreactor01,2026-09-11T16:29:33.934Z,0.1520703125,515,2026-09-11 22:14:33.934,1782.131666666667
Pulse experiments,pioreactor01,2026-09-11T16:29:33.940Z,0.18552734375,555,2026-09-11 22:14:33.940,1782.131666666667
Pulse experiments,pioreactor01,2026-09-11T16:29:33.944Z,0.211015625,590,2026-09-11 22:14:33.944,1782.131666666667
Pulse experiments,pioreactor01,2026-09-11T16:29:33.949Z,0.22138671875,630,2026-09-11 22:14:33.949,1782.131666666667
Pulse experiments,pioreactor01,2026-09-11T16:29:33.954Z,0.11171875,680,2026-09-11 22:14:33.954,1782.131666666667
Pulse experiments,pioreactor01,2026-09-11T16:29:38.924Z,0.0172265625,415,2026-09-11 22:14:38.924,1782.133055555556
Pulse experiments,pioreactor01,2026-09-11T16:29:38.930Z,0.13033203125,445,2026-09-11 22:14:38.930,1782.133055555556
Pulse experiments,pioreactor01,2026-09-11T16:29:38.935Z,0.12662109375,480,2026-09-11 22:14:38.935,1782.133055555556
Pulse experiments,pioreactor01,2026-09-11T16:29:38.943Z,0.15201171875,515,2026-09-11 22:14:38.943,1782.133055555556
Pulse experiments,pioreactor01,2026-09-11T16:29:38.947Z,0.18546875,555,2026-09-11 22:14:38.947,1782.133055555556
Pulse experiments,pioreactor01,2026-09-11T16:29:38.955Z,0.21091796875,590,2026-09-11 22:14:38.955,1782.133055555556
Pulse experiments,pioreactor01,2026-09-11T16:29:38.958Z,0.2213671875,630,2026-09-11 22:14:38.958,1782.133055555556
Pulse experiments,pioreactor01,2026-09-11T16:29:38.961Z,0.111640625,680,2026-09-11 22:14:38.961,1782.133055555556
Pulse experiments,pioreactor01,2026-09-11T16:29:43.931Z,0.01724609375,415,2026-09-11 22:14:43.931,1782.134444444444
Pulse experiments,pioreactor01,2026-09-11T16:29:43.942Z,0.13037109375,445,2026-09-11 22:14:43.942,1782.134444444444
Pulse experiments,pioreactor01,2026-09-11T16:29:43.952Z,0.126484375,480,2026-09-11 22:14:43.952,1782.134444444444
Pulse experiments,pioreactor01,2026-09-11T16:29:43.968Z,0.1519921875,515,2026-09-11 22:14:43.968,1782.134444444444
Pulse experiments,pioreactor01,2026-09-11T16:29:43.979Z,0.18515625,555,2026-09-11 22:14:43.979,1782.134444444444
Pulse experiments,pioreactor01,2026-09-11T16:29:43.987Z,0.21080078125,590,2026-09-11 22:14:43.987,1782.134444444444
Pulse experiments,pioreactor01,2026-09-11T16:29:44.001Z,0.221171875,630,2026-09-11 22:14:44.001,1782.134722222222
Pulse experiments,pioreactor01,2026-09-11T16:29:44.010Z,0.11146484375,680,2026-09-11 22:14:44.010,1782.134722222222
Pulse experiments,pioreactor01,2026-09-11T16:29:48.924Z,0.01720703125,415,2026-09-11 22:14:48.924,1782.135833333333
Pulse experiments,pioreactor01,2026-09-11T16:29:48.930Z,0.13048828125,445,2026-09-11 22:14:48.930,1782.135833333333
Pulse experiments,pioreactor01,2026-09-11T16:29:48.934Z,0.12638671875,480,2026-09-11 22:14:48.934,1782.135833333333
Pulse experiments,pioreactor01,2026-09-11T16:29:48.938Z,0.15201171875,515,2026-09-11 22:14:48.938,1782.135833333333
Pulse experiments,pioreactor01,2026-09-11T16:29:48.945Z,0.18529296875,555,2026-09-11 22:14:48.945,1782.135833333333
Pulse experiments,pioreactor01,2026-09-11T16:29:48.952Z,0.21095703125,590,2026-09-11 22:14:48.952,1782.135833333333
Pulse experiments,pioreactor01,2026-09-11T16:29:48.955Z,0.221484375,630,2026-09-11 22:14:48.955,1782.135833333333
Pulse experiments,pioreactor01,2026-09-11T16:29:48.959Z,0.11162109375,680,2026-09-11 22:14:48.959,1782.135833333333
Pulse experiments,pioreactor01,2026-09-11T16:29:53.919Z,0.01720703125,415,2026-09-11 22:14:53.919,1782.137222222222
Pulse experiments,pioreactor01,2026-09-11T16:29:53.923Z,0.130390625,445,2026-09-11 22:14:53.923,1782.137222222222
Pulse experiments,pioreactor01,2026-09-11T16:29:53.929Z,0.12654296875,480,2026-09-11 22:14:53.929,1782.137222222222
Pulse experiments,pioreactor01,2026-09-11T16:29:53.933Z,0.1520703125,515,2026-09-11 22:14:53.933,1782.137222222222
Pulse experiments,pioreactor01,2026-09-11T16:29:53.939Z,0.18525390625,555,2026-09-11 22:14:53.939,1782.137222222222
Pulse experiments,pioreactor01,2026-09-11T16:29:53.943Z,0.21072265625,590,2026-09-11 22:14:53.943,1782.137222222222
Pulse experiments,pioreactor01,2026-09-11T16:29:53.949Z,0.221171875,630,2026-09-11 22:14:53.949,1782.137222222222
Pulse experiments,pioreactor01,2026-09-11T16:29:53.952Z,0.11138671875,680,2026-09-11 22:14:53.952,1782.137222222222
Pulse experiments,pioreactor01,2026-09-11T16:29:58.973Z,0.01720703125,415,2026-09-11 22:14:58.973,1782.138611111111
Pulse experiments,pioreactor01,2026-09-11T16:29:58.980Z,0.13044921875,445,2026-09-11 22:14:58.980,1782.138611111111
Pulse experiments,pioreactor01,2026-09-11T16:29:58.991Z,0.12666015625,480,2026-09-11 22:14:58.991,1782.138611111111
Pulse experiments,pioreactor01,2026-09-11T16:29:58.995Z,0.15201171875,515,2026-09-11 22:14:58.995,1782.138611111111
Pulse experiments,pioreactor01,2026-09-11T16:29:59.005Z,0.18552734375,555,2026-09-11 22:14:59.005,1782.138888888889
Pulse experiments,pioreactor01,2026-09-11T16:29:59.008Z,0.21109375,590,2026-09-11 22:14:59.008,1782.138888888889
Pulse experiments,pioreactor01,2026-09-11T16:29:59.012Z,0.221640625,630,2026-09-11 22:14:59.012,1782.138888888889
Pulse experiments,pioreactor01,2026-09-11T16:29:59.018Z,0.11181640625,680,2026-09-11 22:14:59.018,1782.138888888889
Pulse experiments,pioreactor01,2026-09-11T16:30:03.962Z,0.01716796875,415,2026-09-11 22:15:03.962,1782.14
Pulse experiments,pioreactor01,2026-09-11T16:30:03.968Z,0.1305859375,445,2026-09-11 22:15:03.968,1782.14
Pulse experiments,pioreactor01,2026-09-11T16:30:03.976Z,0.1265625,480,2026-09-11 22:15:03.976,1782.14
Pulse experiments,pioreactor01,2026-09-11T16:30:03.981Z,0.1519921875,515,2026-09-11 22:15:03.981,1782.14
Pulse experiments,pioreactor01,2026-09-11T16:30:03.984Z,0.1852734375,555,2026-09-11 22:15:03.984,1782.14
Pulse experiments,pioreactor01,2026-09-11T16:30:03.993Z,0.21103515625,590,2026-09-11 22:15:03.993,1782.14
Pulse experiments,pioreactor01,2026-09-11T16:30:03.997Z,0.22126953125,630,2026-09-11 22:15:03.997,1782.14
Pulse experiments,pioreactor01,2026-09-11T16:30:04.003Z,0.11166015625,680,2026-09-11 22:15:04.003,1782.140277777778
Pulse experiments,pioreactor01,2026-09-11T16:30:08.919Z,0.01720703125,415,2026-09-11 22:15:08.919,1782.141388888889
Pulse experiments,pioreactor01,2026-09-11T16:30:08.923Z,0.130625,445,2026-09-11 22:15:08.923,1782.141388888889
Pulse experiments,pioreactor01,2026-09-11T16:30:08.930Z,0.12662109375,480,2026-09-11 22:15:08.930,1782.141388888889
Pulse experiments,pioreactor01,2026-09-11T16:30:08.935Z,0.15193359375,515,2026-09-11 22:15:08.935,1782.141388888889
Pulse experiments,pioreactor01,2026-09-11T16:30:08.941Z,0.185390625,555,2026-09-11 22:15:08.941,1782.141388888889
Pulse experiments,pioreactor01,2026-09-11T16:30:08.946Z,0.2109375,590,2026-09-11 22:15:08.946,1782.141388888889
Pulse experiments,pioreactor01,2026-09-11T16:30:08.952Z,0.22134765625,630,2026-09-11 22:15:08.952,1782.141388888889
Pulse experiments,pioreactor01,2026-09-11T16:30:08.957Z,0.11146484375,680,2026-09-11 22:15:08.957,1782.141388888889
Pulse experiments,pioreactor01,2026-09-11T16:30:13.941Z,0.01720703125,415,2026-09-11 22:15:13.941,1782.142777777778
Pulse experiments,pioreactor01,2026-09-11T16:30:13.948Z,0.130390625,445,2026-09-11 22:15:13.948,1782.142777777778
Pulse experiments,pioreactor01,2026-09-11T16:30:13.952Z,0.12662109375,480,2026-09-11 22:15:13.952,1782.142777777778
Pulse experiments,pioreactor01,2026-09-11T16:30:13.958Z,0.15189453125,515,2026-09-11 22:15:13.958,1782.142777777778
Pulse experiments,pioreactor01,2026-09-11T16:30:13.965Z,0.185234375,555,2026-09-11 22:15:13.965,1782.142777777778
Pulse experiments,pioreactor01,2026-09-11T16:30:13.971Z,0.21095703125,590,2026-09-11 22:15:13.971,1782.142777777778
Pulse experiments,pioreactor01,2026-09-11T16:30:13.975Z,0.22154296875,630,2026-09-11 22:15:13.975,1782.142777777778
Pulse experiments,pioreactor01,2026-09-11T16:30:13.980Z,0.111796875,680,2026-09-11 22:15:13.980,1782.142777777778
Pulse experiments,pioreactor01,2026-09-11T16:30:18.945Z,0.0172265625,415,2026-09-11 22:15:18.945,1782.144166666667
Pulse experiments,pioreactor01,2026-09-11T16:30:19.001Z,0.13037109375,445,2026-09-11 22:15:19.001,1782.144444444444
Pulse experiments,pioreactor01,2026-09-11T16:30:19.002Z,0.12658203125,480,2026-09-11 22:15:19.002,1782.144444444444
Pulse experiments,pioreactor01,2026-09-11T16:30:19.002Z,0.15197265625,515,2026-09-11 22:15:19.002,1782.144444444444
Pulse experiments,pioreactor01,2026-09-11T16:30:19.003Z,0.18521484375,555,2026-09-11 22:15:19.003,1782.144444444444
Pulse experiments,pioreactor01,2026-09-11T16:30:19.004Z,0.2108203125,590,2026-09-11 22:15:19.004,1782.144444444444
Pulse experiments,pioreactor01,2026-09-11T16:30:19.005Z,0.2213671875,630,2026-09-11 22:15:19.005,1782.144444444444
Pulse experiments,pioreactor01,2026-09-11T16:30:19.006Z,0.11154296875,680,2026-09-11 22:15:19.006,1782.144444444444
Pulse experiments,pioreactor01,2026-09-11T16:30:23.988Z,0.01720703125,415,2026-09-11 22:15:23.988,1782.145555555556
Pulse experiments,pioreactor01,2026-09-11T16:30:23.997Z,0.1305078125,445,2026-09-11 22:15:23.997,1782.145555555556
Pulse experiments,pioreactor01,2026-09-11T16:30:24.003Z,0.126640625,480,2026-09-11 22:15:24.003,1782.145833333333
Pulse experiments,pioreactor01,2026-09-11T16:30:24.011Z,0.15201171875,515,2026-09-11 22:15:24.011,1782.145833333333
Pulse experiments,pioreactor01,2026-09-11T16:30:24.013Z,0.18546875,555,2026-09-11 22:15:24.013,1782.145833333333
Pulse experiments,pioreactor01,2026-09-11T16:30:24.018Z,0.2114453125,590,2026-09-11 22:15:24.018,1782.145833333333
Pulse experiments,pioreactor01,2026-09-11T16:30:24.024Z,0.22185546875,630,2026-09-11 22:15:24.024,1782.145833333333
Pulse experiments,pioreactor01,2026-09-11T16:30:24.029Z,0.11173828125,680,2026-09-11 22:15:24.029,1782.145833333333
Pulse experiments,pioreactor01,2026-09-11T16:30:28.936Z,0.01724609375,415,2026-09-11 22:15:28.936,1782.146944444444
Pulse experiments,pioreactor01,2026-09-11T16:30:28.951Z,0.13046875,445,2026-09-11 22:15:28.951,1782.146944444444
Pulse experiments,pioreactor01,2026-09-11T16:30:28.963Z,0.126640625,480,2026-09-11 22:15:28.963,1782.146944444444
Pulse experiments,pioreactor01,2026-09-11T16:30:28.974Z,0.15201171875,515,2026-09-11 22:15:28.974,1782.146944444444
Pulse experiments,pioreactor01,2026-09-11T16:30:28.984Z,0.18529296875,555,2026-09-11 22:15:28.984,1782.146944444444
Pulse experiments,pioreactor01,2026-09-11T16:30:28.996Z,0.2109375,590,2026-09-11 22:15:28.996,1782.146944444444
Pulse experiments,pioreactor01,2026-09-11T16:30:29.002Z,0.2213671875,630,2026-09-11 22:15:29.002,1782.147222222222
Pulse experiments,pioreactor01,2026-09-11T16:30:29.010Z,0.11150390625,680,2026-09-11 22:15:29.010,1782.147222222222
Pulse experiments,pioreactor01,2026-09-11T16:30:33.927Z,0.01720703125,415,2026-09-11 22:15:33.927,1782.148333333333
Pulse experiments,pioreactor01,2026-09-11T16:30:33.933Z,0.13044921875,445,2026-09-11 22:15:33.933,1782.148333333333
Pulse experiments,pioreactor01,2026-09-11T16:30:33.937Z,0.12662109375,480,2026-09-11 22:15:33.937,1782.148333333333
Pulse experiments,pioreactor01,2026-09-11T16:30:33.942Z,0.1519921875,515,2026-09-11 22:15:33.942,1782.148333333333
Pulse experiments,pioreactor01,2026-09-11T16:30:33.947Z,0.18533203125,555,2026-09-11 22:15:33.947,1782.148333333333
Pulse experiments,pioreactor01,2026-09-11T16:30:33.955Z,0.21099609375,590,2026-09-11 22:15:33.955,1782.148333333333
Pulse experiments,pioreactor01,2026-09-11T16:30:33.960Z,0.22130859375,630,2026-09-11 22:15:33.960,1782.148333333333
Pulse experiments,pioreactor01,2026-09-11T16:30:33.966Z,0.11158203125,680,2026-09-11 22:15:33.966,1782.148333333333
Pulse experiments,pioreactor01,2026-09-11T16:30:38.923Z,0.01724609375,415,2026-09-11 22:15:38.923,1782.149722222222
Pulse experiments,pioreactor01,2026-09-11T16:30:38.926Z,0.130546875,445,2026-09-11 22:15:38.926,1782.149722222222
Pulse experiments,pioreactor01,2026-09-11T16:30:38.931Z,0.12658203125,480,2026-09-11 22:15:38.931,1782.149722222222
Pulse experiments,pioreactor01,2026-09-11T16:30:38.935Z,0.15201171875,515,2026-09-11 22:15:38.935,1782.149722222222
Pulse experiments,pioreactor01,2026-09-11T16:30:38.940Z,0.1854296875,555,2026-09-11 22:15:38.940,1782.149722222222
Pulse experiments,pioreactor01,2026-09-11T16:30:38.945Z,0.21107421875,590,2026-09-11 22:15:38.945,1782.149722222222
Pulse experiments,pioreactor01,2026-09-11T16:30:38.950Z,0.2213671875,630,2026-09-11 22:15:38.950,1782.149722222222
Pulse experiments,pioreactor01,2026-09-11T16:30:38.955Z,0.11166015625,680,2026-09-11 22:15:38.955,1782.149722222222
Pulse experiments,pioreactor01,2026-09-11T16:30:43.978Z,0.0171875,415,2026-09-11 22:15:43.978,1782.151111111111
Pulse experiments,pioreactor01,2026-09-11T16:30:43.983Z,0.13033203125,445,2026-09-11 22:15:43.983,1782.151111111111
Pulse experiments,pioreactor01,2026-09-11T16:30:43.989Z,0.12642578125,480,2026-09-11 22:15:43.989,1782.151111111111
Pulse experiments,pioreactor01,2026-09-11T16:30:43.995Z,0.151796875,515,2026-09-11 22:15:43.995,1782.151111111111
Pulse experiments,pioreactor01,2026-09-11T16:30:44.001Z,0.18521484375,555,2026-09-11 22:15:44.001,1782.151388888889
Pulse experiments,pioreactor01,2026-09-11T16:30:44.007Z,0.21078125,590,2026-09-11 22:15:44.007,1782.151388888889
Pulse experiments,pioreactor01,2026-09-11T16:30:44.012Z,0.22123046875,630,2026-09-11 22:15:44.012,1782.151388888889
Pulse experiments,pioreactor01,2026-09-11T16:30:44.020Z,0.11138671875,680,2026-09-11 22:15:44.020,1782.151388888889
Pulse experiments,pioreactor01,2026-09-11T16:30:48.946Z,0.01716796875,415,2026-09-11 22:15:48.946,1782.1525
Pulse experiments,pioreactor01,2026-09-11T16:30:48.953Z,0.13029296875,445,2026-09-11 22:15:48.953,1782.1525
Pulse experiments,pioreactor01,2026-09-11T16:30:48.960Z,0.12640625,480,2026-09-11 22:15:48.960,1782.1525
Pulse experiments,pioreactor01,2026-09-11T16:30:48.968Z,0.151875,515,2026-09-11 22:15:48.968,1782.1525
Pulse experiments,pioreactor01,2026-09-11T16:30:48.976Z,0.1852734375,555,2026-09-11 22:15:48.976,1782.1525
Pulse experiments,pioreactor01,2026-09-11T16:30:48.981Z,0.21072265625,590,2026-09-11 22:15:48.981,1782.1525
Pulse experiments,pioreactor01,2026-09-11T16:30:48.985Z,0.2211328125,630,2026-09-11 22:15:48.985,1782.1525
Pulse experiments,pioreactor01,2026-09-11T16:30:48.991Z,0.11154296875,680,2026-09-11 22:15:48.991,1782.1525
Pulse experiments,pioreactor01,2026-09-11T16:30:53.921Z,0.0172265625,415,2026-09-11 22:15:53.921,1782.153888888889
Pulse experiments,pioreactor01,2026-09-11T16:30:53.926Z,0.13044921875,445,2026-09-11 22:15:53.926,1782.153888888889
Pulse experiments,pioreactor01,2026-09-11T16:30:53.931Z,0.12654296875,480,2026-09-11 22:15:53.931,1782.153888888889
Pulse experiments,pioreactor01,2026-09-11T16:30:53.936Z,0.151953125,515,2026-09-11 22:15:53.936,1782.153888888889
Pulse experiments,pioreactor01,2026-09-11T16:30:53.940Z,0.18537109375,555,2026-09-11 22:15:53.940,1782.153888888889
Pulse experiments,pioreactor01,2026-09-11T16:30:53.946Z,0.21103515625,590,2026-09-11 22:15:53.946,1782.153888888889
Pulse experiments,pioreactor01,2026-09-11T16:30:53.950Z,0.2213671875,630,2026-09-11 22:15:53.950,1782.153888888889
Pulse experiments,pioreactor01,2026-09-11T16:30:53.956Z,0.111640625,680,2026-09-11 22:15:53.956,1782.153888888889
Pulse experiments,pioreactor01,2026-09-11T16:30:58.919Z,0.01724609375,415,2026-09-11 22:15:58.919,1782.155277777778
Pulse experiments,pioreactor01,2026-09-11T16:30:58.923Z,0.13044921875,445,2026-09-11 22:15:58.923,1782.155277777778
Pulse experiments,pioreactor01,2026-09-11T16:30:58.928Z,0.12666015625,480,2026-09-11 22:15:58.928,1782.155277777778
Pulse experiments,pioreactor01,2026-09-11T16:30:58.932Z,0.15197265625,515,2026-09-11 22:15:58.932,1782.155277777778
Pulse experiments,pioreactor01,2026-09-11T16:30:58.937Z,0.185390625,555,2026-09-11 22:15:58.937,1782.155277777778
Pulse experiments,pioreactor01,2026-09-11T16:30:58.942Z,0.21111328125,590,2026-09-11 22:15:58.942,1782.155277777778
Pulse experiments,pioreactor01,2026-09-11T16:30:58.948Z,0.22146484375,630,2026-09-11 22:15:58.948,1782.155277777778
Pulse experiments,pioreactor01,2026-09-11T16:30:58.955Z,0.111640625,680,2026-09-11 22:15:58.955,1782.155277777778
Pulse experiments,pioreactor01,2026-09-11T16:31:03.936Z,0.0172265625,415,2026-09-11 22:16:03.936,1782.156666666667
Pulse experiments,pioreactor01,2026-09-11T16:31:03.945Z,0.130390625,445,2026-09-11 22:16:03.945,1782.156666666667
Pulse experiments,pioreactor01,2026-09-11T16:31:03.950Z,0.1265625,480,2026-09-11 22:16:03.950,1782.156666666667
Pulse experiments,pioreactor01,2026-09-11T16:31:03.955Z,0.15205078125,515,2026-09-11 22:16:03.955,1782.156666666667
Pulse experiments,pioreactor01,2026-09-11T16:31:03.963Z,0.18552734375,555,2026-09-11 22:16:03.963,1782.156666666667
Pulse experiments,pioreactor01,2026-09-11T16:31:03.969Z,0.211015625,590,2026-09-11 22:16:03.969,1782.156666666667
Pulse experiments,pioreactor01,2026-09-11T16:31:03.975Z,0.22142578125,630,2026-09-11 22:16:03.975,1782.156666666667
Pulse experiments,pioreactor01,2026-09-11T16:31:03.980Z,0.1116796875,680,2026-09-11 22:16:03.980,1782.156666666667
Pulse experiments,pioreactor01,2026-09-11T16:31:08.942Z,0.01716796875,415,2026-09-11 22:16:08.942,1782.158055555556
Pulse experiments,pioreactor01,2026-09-11T16:31:08.946Z,0.13029296875,445,2026-09-11 22:16:08.946,1782.158055555556
Pulse experiments,pioreactor01,2026-09-11T16:31:08.957Z,0.1264453125,480,2026-09-11 22:16:08.957,1782.158055555556
Pulse experiments,pioreactor01,2026-09-11T16:31:08.961Z,0.151796875,515,2026-09-11 22:16:08.961,1782.158055555556
Pulse experiments,pioreactor01,2026-09-11T16:31:08.966Z,0.1852734375,555,2026-09-11 22:16:08.966,1782.158055555556
Pulse experiments,pioreactor01,2026-09-11T16:31:08.975Z,0.21080078125,590,2026-09-11 22:16:08.975,1782.158055555556
Pulse experiments,pioreactor01,2026-09-11T16:31:08.977Z,0.22119140625,630,2026-09-11 22:16:08.977,1782.158055555556
Pulse experiments,pioreactor01,2026-09-11T16:31:08.983Z,0.1116015625,680,2026-09-11 22:16:08.983,1782.158055555556
Pulse experiments,pioreactor01,2026-09-11T16:31:13.927Z,0.0172265625,415,2026-09-11 22:16:13.927,1782.159444444444
Pulse experiments,pioreactor01,2026-09-11T16:31:13.934Z,0.130390625,445,2026-09-11 22:16:13.934,1782.159444444444
Pulse experiments,pioreactor01,2026-09-11T16:31:13.941Z,0.12654296875,480,2026-09-11 22:16:13.941,1782.159444444444
Pulse experiments,pioreactor01,2026-09-11T16:31:13.947Z,0.15189453125,515,2026-09-11 22:16:13.947,1782.159444444444
Pulse experiments,pioreactor01,2026-09-11T16:31:13.955Z,0.18544921875,555,2026-09-11 22:16:13.955,1782.159444444444
Pulse experiments,pioreactor01,2026-09-11T16:31:13.961Z,0.21109375,590,2026-09-11 22:16:13.961,1782.159444444444
Pulse experiments,pioreactor01,2026-09-11T16:31:13.968Z,0.2214453125,630,2026-09-11 22:16:13.968,1782.159444444444
Pulse experiments,pioreactor01,2026-09-11T16:31:13.976Z,0.1117578125,680,2026-09-11 22:16:13.976,1782.159444444444
Pulse experiments,pioreactor01,2026-09-11T16:31:18.931Z,0.00390625,415,2026-09-11 22:16:18.931,1782.160833333333
Pulse experiments,pioreactor01,2026-09-11T16:31:18.937Z,0.01984375,445,2026-09-11 22:16:18.937,1782.160833333333
Pulse experiments,pioreactor01,2026-09-11T16:31:18.945Z,0.0287109375,480,2026-09-11 22:16:18.945,1782.160833333333
Pulse experiments,pioreactor01,2026-09-11T16:31:18.953Z,0.03111328125,515,2026-09-11 22:16:18.953,1782.160833333333
Pulse experiments,pioreactor01,2026-09-11T16:31:18.961Z,0.03623046875,555,2026-09-11 22:16:18.961,1782.160833333333
Pulse experiments,pioreactor01,2026-09-11T16:31:18.965Z,0.03751953125,590,2026-09-11 22:16:18.965,1782.160833333333
Pulse experiments,pioreactor01,2026-09-11T16:31:18.973Z,0.03853515625,630,2026-09-11 22:16:18.973,1782.160833333333
Pulse experiments,pioreactor01,2026-09-11T16:31:18.982Z,0.024375,680,2026-09-11 22:16:18.982,1782.160833333333
Pulse experiments,pioreactor01,2026-09-11T16:31:23.936Z,0.00390625,415,2026-09-11 22:16:23.936,1782.162222222222
Pulse experiments,pioreactor01,2026-09-11T16:31:23.947Z,0.01986328125,445,2026-09-11 22:16:23.947,1782.162222222222
Pulse experiments,pioreactor01,2026-09-11T16:31:23.960Z,0.0287109375,480,2026-09-11 22:16:23.960,1782.162222222222
Pulse experiments,pioreactor01,2026-09-11T16:31:23.964Z,0.03109375,515,2026-09-11 22:16:23.964,1782.162222222222
Pulse experiments,pioreactor01,2026-09-11T16:31:23.971Z,0.03625,555,2026-09-11 22:16:23.971,1782.162222222222
Pulse experiments,pioreactor01,2026-09-11T16:31:23.979Z,0.0375,590,2026-09-11 22:16:23.979,1782.162222222222
Pulse experiments,pioreactor01,2026-09-11T16:31:23.988Z,0.0385546875,630,2026-09-11 22:16:23.988,1782.162222222222
Pulse experiments,pioreactor01,2026-09-11T16:31:23.995Z,0.024375,680,2026-09-11 22:16:23.995,1782.162222222222
Pulse experiments,pioreactor01,2026-09-11T16:31:28.942Z,0.00392578125,415,2026-09-11 22:16:28.942,1782.163611111111
Pulse experiments,pioreactor01,2026-09-11T16:31:28.950Z,0.01984375,445,2026-09-11 22:16:28.950,1782.163611111111
Pulse experiments,pioreactor01,2026-09-11T16:31:28.962Z,0.0287109375,480,2026-09-11 22:16:28.962,1782.163611111111
Pulse experiments,pioreactor01,2026-09-11T16:31:28.976Z,0.03109375,515,2026-09-11 22:16:28.976,1782.163611111111
Pulse experiments,pioreactor01,2026-09-11T16:31:28.995Z,0.03625,555,2026-09-11 22:16:28.995,1782.163611111111
Pulse experiments,pioreactor01,2026-09-11T16:31:29.005Z,0.03748046875,590,2026-09-11 22:16:29.005,1782.163888888889
Pulse experiments,pioreactor01,2026-09-11T16:31:29.017Z,0.03857421875,630,2026-09-11 22:16:29.017,1782.163888888889
Pulse experiments,pioreactor01,2026-09-11T16:31:29.022Z,0.02439453125,680,2026-09-11 22:16:29.022,1782.163888888889
Pulse experiments,pioreactor01,2026-09-11T16:31:33.929Z,0.00392578125,415,2026-09-11 22:16:33.929,1782.165
Pulse experiments,pioreactor01,2026-09-11T16:31:33.940Z,0.0198046875,445,2026-09-11 22:16:33.940,1782.165
Pulse experiments,pioreactor01,2026-09-11T16:31:33.945Z,0.02873046875,480,2026-09-11 22:16:33.945,1782.165
Pulse experiments,pioreactor01,2026-09-11T16:31:33.950Z,0.03109375,515,2026-09-11 22:16:33.950,1782.165
Pulse experiments,pioreactor01,2026-09-11T16:31:33.956Z,0.0362890625,555,2026-09-11 22:16:33.956,1782.165
Pulse experiments,pioreactor01,2026-09-11T16:31:33.961Z,0.03748046875,590,2026-09-11 22:16:33.961,1782.165
Pulse experiments,pioreactor01,2026-09-11T16:31:33.966Z,0.03853515625,630,2026-09-11 22:16:33.966,1782.165
Pulse experiments,pioreactor01,2026-09-11T16:31:33.973Z,0.0244140625,680,2026-09-11 22:16:33.973,1782.165
Pulse experiments,pioreactor01,2026-09-11T16:31:38.920Z,0.02244140625,415,2026-09-11 22:16:38.920,1782.166388888889
Pulse experiments,pioreactor01,2026-09-11T16:31:38.926Z,0.1834375,445,2026-09-11 22:16:38.926,1782.166388888889
Pulse experiments,pioreactor01,2026-09-11T16:31:38.930Z,0.19435546875,480,2026-09-11 22:16:38.930,1782.166388888889
Pulse experiments,pioreactor01,2026-09-11T16:31:38.935Z,0.22591796875,515,2026-09-11 22:16:38.935,1782.166388888889
Pulse experiments,pioreactor01,2026-09-11T16:31:38.940Z,0.25919921875,555,2026-09-11 22:16:38.940,1782.166388888889
Pulse experiments,pioreactor01,2026-09-11T16:31:38.945Z,0.25615234375,590,2026-09-11 22:16:38.945,1782.166388888889
Pulse experiments,pioreactor01,2026-09-11T16:31:38.951Z,0.261484375,630,2026-09-11 22:16:38.951,1782.166388888889
Pulse experiments,pioreactor01,2026-09-11T16:31:38.955Z,0.13607421875,680,2026-09-11 22:16:38.955,1782.166388888889
Pulse experiments,pioreactor01,2026-09-11T16:31:43.931Z,0.02009765625,415,2026-09-11 22:16:43.931,1782.167777777778
Pulse experiments,pioreactor01,2026-09-11T16:31:43.934Z,0.16634765625,445,2026-09-11 22:16:43.934,1782.167777777778
Pulse experiments,pioreactor01,2026-09-11T16:31:43.938Z,0.1729296875,480,2026-09-11 22:16:43.938,1782.167777777778
Pulse experiments,pioreactor01,2026-09-11T16:31:43.946Z,0.20224609375,515,2026-09-11 22:16:43.946,1782.167777777778
Pulse experiments,pioreactor01,2026-09-11T16:31:43.951Z,0.22890625,555,2026-09-11 22:16:43.951,1782.167777777778
Pulse experiments,pioreactor01,2026-09-11T16:31:43.956Z,0.2289453125,590,2026-09-11 22:16:43.956,1782.167777777778
Pulse experiments,pioreactor01,2026-09-11T16:31:43.964Z,0.23416015625,630,2026-09-11 22:16:43.964,1782.167777777778
Pulse experiments,pioreactor01,2026-09-11T16:31:43.969Z,0.1214453125,680,2026-09-11 22:16:43.969,1782.167777777778
Pulse experiments,pioreactor01,2026-09-11T16:31:48.920Z,0.02044921875,415,2026-09-11 22:16:48.920,1782.169166666667
Pulse experiments,pioreactor01,2026-09-11T16:31:48.931Z,0.16771484375,445,2026-09-11 22:16:48.931,1782.169166666667
Pulse experiments,pioreactor01,2026-09-11T16:31:48.948Z,0.1747265625,480,2026-09-11 22:16:48.948,1782.169166666667
Pulse experiments,pioreactor01,2026-09-11T16:31:48.962Z,0.20380859375,515,2026-09-11 22:16:48.962,1782.169166666667
Pulse experiments,pioreactor01,2026-09-11T16:31:49.015Z,0.23638671875,555,2026-09-11 22:16:49.015,1782.169444444444
Pulse experiments,pioreactor01,2026-09-11T16:31:49.059Z,0.23505859375,590,2026-09-11 22:16:49.059,1782.169444444444
Pulse experiments,pioreactor01,2026-09-11T16:31:49.063Z,0.24109375,630,2026-09-11 22:16:49.063,1782.169444444444
Pulse experiments,pioreactor01,2026-09-11T16:31:49.069Z,0.1243359375,680,2026-09-11 22:16:49.069,1782.169444444444
Pulse experiments,pioreactor01,2026-09-11T16:31:53.931Z,0.0198046875,415,2026-09-11 22:16:53.931,1782.170555555556
Pulse experiments,pioreactor01,2026-09-11T16:31:53.937Z,0.1616796875,445,2026-09-11 22:16:53.937,1782.170555555556
Pulse experiments,pioreactor01,2026-09-11T16:31:53.940Z,0.1696875,480,2026-09-11 22:16:53.940,1782.170555555556
Pulse experiments,pioreactor01,2026-09-11T16:31:53.945Z,0.1984765625,515,2026-09-11 22:16:53.945,1782.170555555556
Pulse experiments,pioreactor01,2026-09-11T16:31:53.951Z,0.23091796875,555,2026-09-11 22:16:53.951,1782.170555555556
Pulse experiments,pioreactor01,2026-09-11T16:31:53.958Z,0.22939453125,590,2026-09-11 22:16:53.958,1782.170555555556
Pulse experiments,pioreactor01,2026-09-11T16:31:53.961Z,0.2357421875,630,2026-09-11 22:16:53.961,1782.170555555556
Pulse experiments,pioreactor01,2026-09-11T16:31:53.965Z,0.12201171875,680,2026-09-11 22:16:53.965,1782.170555555556
Pulse experiments,pioreactor01,2026-09-11T16:31:58.937Z,0.01984375,415,2026-09-11 22:16:58.937,1782.171944444445
Pulse experiments,pioreactor01,2026-09-11T16:31:58.964Z,0.16275390625,445,2026-09-11 22:16:58.964,1782.171944444445
Pulse experiments,pioreactor01,2026-09-11T16:31:58.983Z,0.17044921875,480,2026-09-11 22:16:58.983,1782.171944444445
Pulse experiments,pioreactor01,2026-09-11T16:31:58.994Z,0.199140625,515,2026-09-11 22:16:58.994,1782.171944444445
Pulse experiments,pioreactor01,2026-09-11T16:31:59.009Z,0.228515625,555,2026-09-11 22:16:59.009,1782.172222222222
Pulse experiments,pioreactor01,2026-09-11T16:31:59.015Z,0.22720703125,590,2026-09-11 22:16:59.015,1782.172222222222
Pulse experiments,pioreactor01,2026-09-11T16:31:59.028Z,0.23291015625,630,2026-09-11 22:16:59.028,1782.172222222222
Pulse experiments,pioreactor01,2026-09-11T16:31:59.062Z,0.12078125,680,2026-09-11 22:16:59.062,1782.172222222222
Pulse experiments,pioreactor01,2026-09-11T16:32:03.928Z,0.01998046875,415,2026-09-11 22:17:03.928,1782.173333333333
Pulse experiments,pioreactor01,2026-09-11T16:32:03.932Z,0.1627734375,445,2026-09-11 22:17:03.932,1782.173333333333
Pulse experiments,pioreactor01,2026-09-11T16:32:03.938Z,0.17123046875,480,2026-09-11 22:17:03.938,1782.173333333333
Pulse experiments,pioreactor01,2026-09-11T16:32:03.945Z,0.20041015625,515,2026-09-11 22:17:03.945,1782.173333333333
Pulse experiments,pioreactor01,2026-09-11T16:32:03.951Z,0.22767578125,555,2026-09-11 22:17:03.951,1782.173333333333
Pulse experiments,pioreactor01,2026-09-11T16:32:03.954Z,0.2262890625,590,2026-09-11 22:17:03.954,1782.173333333333
Pulse experiments,pioreactor01,2026-09-11T16:32:03.960Z,0.2319140625,630,2026-09-11 22:17:03.960,1782.173333333333
Pulse experiments,pioreactor01,2026-09-11T16:32:03.964Z,0.1204296875,680,2026-09-11 22:17:03.964,1782.173333333333
Pulse experiments,pioreactor01,2026-09-11T16:32:08.919Z,0.0194921875,415,2026-09-11 22:17:08.919,1782.174722222222
Pulse experiments,pioreactor01,2026-09-11T16:32:08.924Z,0.1598828125,445,2026-09-11 22:17:08.924,1782.174722222222
Pulse experiments,pioreactor01,2026-09-11T16:32:08.930Z,0.16783203125,480,2026-09-11 22:17:08.930,1782.174722222222
Pulse experiments,pioreactor01,2026-09-11T16:32:08.934Z,0.1953515625,515,2026-09-11 22:17:08.934,1782.174722222222
Pulse experiments,pioreactor01,2026-09-11T16:32:08.941Z,0.22494140625,555,2026-09-11 22:17:08.941,1782.174722222222
Pulse experiments,pioreactor01,2026-09-11T16:32:08.944Z,0.22412109375,590,2026-09-11 22:17:08.944,1782.174722222222
Pulse experiments,pioreactor01,2026-09-11T16:32:08.950Z,0.22974609375,630,2026-09-11 22:17:08.950,1782.174722222222
Pulse experiments,pioreactor01,2026-09-11T16:32:08.954Z,0.119453125,680,2026-09-11 22:17:08.954,1782.174722222222
Pulse experiments,pioreactor01,2026-09-11T16:32:13.930Z,0.01943359375,415,2026-09-11 22:17:13.930,1782.176111111111
Pulse experiments,pioreactor01,2026-09-11T16:32:13.937Z,0.1591015625,445,2026-09-11 22:17:13.937,1782.176111111111
Pulse experiments,pioreactor01,2026-09-11T16:32:13.943Z,0.1671484375,480,2026-09-11 22:17:13.943,1782.176111111111
Pulse experiments,pioreactor01,2026-09-11T16:32:13.950Z,0.1946484375,515,2026-09-11 22:17:13.950,1782.176111111111
Pulse experiments,pioreactor01,2026-09-11T16:32:13.954Z,0.22662109375,555,2026-09-11 22:17:13.954,1782.176111111111
Pulse experiments,pioreactor01,2026-09-11T16:32:13.962Z,0.2254296875,590,2026-09-11 22:17:13.962,1782.176111111111
Pulse experiments,pioreactor01,2026-09-11T16:32:13.967Z,0.23091796875,630,2026-09-11 22:17:13.967,1782.176111111111
Pulse experiments,pioreactor01,2026-09-11T16:32:13.973Z,0.1200390625,680,2026-09-11 22:17:13.973,1782.176111111111
Pulse experiments,pioreactor01,2026-09-11T16:32:18.920Z,0.01947265625,415,2026-09-11 22:17:18.920,1782.1775
Pulse experiments,pioreactor01,2026-09-11T16:32:18.925Z,0.16001953125,445,2026-09-11 22:17:18.925,1782.1775
Pulse experiments,pioreactor01,2026-09-11T16:32:18.930Z,0.1676953125,480,2026-09-11 22:17:18.930,1782.1775
Pulse experiments,pioreactor01,2026-09-11T16:32:18.935Z,0.194921875,515,2026-09-11 22:17:18.935,1782.1775
Pulse experiments,pioreactor01,2026-09-11T16:32:18.939Z,0.219609375,555,2026-09-11 22:17:18.939,1782.1775
Pulse experiments,pioreactor01,2026-09-11T16:32:18.943Z,0.21830078125,590,2026-09-11 22:17:18.943,1782.1775
Pulse experiments,pioreactor01,2026-09-11T16:32:18.949Z,0.2234765625,630,2026-09-11 22:17:18.949,1782.1775
Pulse experiments,pioreactor01,2026-09-11T16:32:18.953Z,0.11658203125,680,2026-09-11 22:17:18.953,1782.1775
Pulse experiments,pioreactor01,2026-09-11T16:32:25.617Z,0.0191796875,415,2026-09-11 22:17:25.617,1782.179444444444
Pulse experiments,pioreactor01,2026-09-11T16:32:25.629Z,0.15763671875,445,2026-09-11 22:17:25.629,1782.179444444444
Pulse experiments,pioreactor01,2026-09-11T16:32:25.643Z,0.16556640625,480,2026-09-11 22:17:25.643,1782.179444444444
Pulse experiments,pioreactor01,2026-09-11T16:32:25.661Z,0.19271484375,515,2026-09-11 22:17:25.661,1782.179444444444
Pulse experiments,pioreactor01,2026-09-11T16:32:25.676Z,0.22056640625,555,2026-09-11 22:17:25.676,1782.179444444444
Pulse experiments,pioreactor01,2026-09-11T16:32:25.687Z,0.219296875,590,2026-09-11 22:17:25.687,1782.179444444444
Pulse experiments,pioreactor01,2026-09-11T16:32:25.706Z,0.2246875,630,2026-09-11 22:17:25.706,1782.179444444444
Pulse experiments,pioreactor01,2026-09-11T16:32:25.720Z,0.1168359375,680,2026-09-11 22:17:25.720,1782.179444444444
Pulse experiments,pioreactor01,2026-09-11T16:32:28.940Z,0.0194140625,415,2026-09-11 22:17:28.940,1782.180277777778
Pulse experiments,pioreactor01,2026-09-11T16:32:28.950Z,0.15912109375,445,2026-09-11 22:17:28.950,1782.180277777778
Pulse experiments,pioreactor01,2026-09-11T16:32:28.959Z,0.1669140625,480,2026-09-11 22:17:28.959,1782.180277777778
Pulse experiments,pioreactor01,2026-09-11T16:32:28.969Z,0.1941796875,515,2026-09-11 22:17:28.969,1782.180277777778
Pulse experiments,pioreactor01,2026-09-11T16:32:28.980Z,0.22134765625,555,2026-09-11 22:17:28.980,1782.180277777778
Pulse experiments,pioreactor01,2026-09-11T16:32:28.988Z,0.219921875,590,2026-09-11 22:17:28.988,1782.180277777778
Pulse experiments,pioreactor01,2026-09-11T16:32:28.995Z,0.225234375,630,2026-09-11 22:17:28.995,1782.180277777778
Pulse experiments,pioreactor01,2026-09-11T16:32:29.003Z,0.117109375,680,2026-09-11 22:17:29.003,1782.180555555556
Pulse experiments,pioreactor01,2026-09-11T16:32:38.924Z,0.01927734375,415,2026-09-11 22:17:38.924,1782.183055555555
Pulse experiments,pioreactor01,2026-09-11T16:32:38.928Z,0.15765625,445,2026-09-11 22:17:38.928,1782.183055555555
Pulse experiments,pioreactor01,2026-09-11T16:32:38.935Z,0.165703125,480,2026-09-11 22:17:38.935,1782.183055555555
Pulse experiments,pioreactor01,2026-09-11T16:32:38.939Z,0.19294921875,515,2026-09-11 22:17:38.939,1782.183055555555
Pulse experiments,pioreactor01,2026-09-11T16:32:38.944Z,0.22076171875,555,2026-09-11 22:17:38.944,1782.183055555555
Pulse experiments,pioreactor01,2026-09-11T16:32:38.950Z,0.21927734375,590,2026-09-11 22:17:38.950,1782.183055555555
Pulse experiments,pioreactor01,2026-09-11T16:32:38.954Z,0.22439453125,630,2026-09-11 22:17:38.954,1782.183055555555
Pulse experiments,pioreactor01,2026-09-11T16:32:38.960Z,0.11708984375,680,2026-09-11 22:17:38.960,1782.183055555555
Pulse experiments,pioreactor01,2026-09-11T16:32:43.939Z,0.01931640625,415,2026-09-11 22:17:43.939,1782.184444444444
Pulse experiments,pioreactor01,2026-09-11T16:32:43.945Z,0.158515625,445,2026-09-11 22:17:43.945,1782.184444444444
Pulse experiments,pioreactor01,2026-09-11T16:32:43.951Z,0.16671875,480,2026-09-11 22:17:43.951,1782.184444444444
Pulse experiments,pioreactor01,2026-09-11T16:32:43.955Z,0.1933984375,515,2026-09-11 22:17:43.955,1782.184444444444
Pulse experiments,pioreactor01,2026-09-11T16:32:43.960Z,0.21962890625,555,2026-09-11 22:17:43.960,1782.184444444444
Pulse experiments,pioreactor01,2026-09-11T16:32:43.964Z,0.2182421875,590,2026-09-11 22:17:43.964,1782.184444444444
Pulse experiments,pioreactor01,2026-09-11T16:32:43.970Z,0.22341796875,630,2026-09-11 22:17:43.970,1782.184444444444
Pulse experiments,pioreactor01,2026-09-11T16:32:43.977Z,0.1164453125,680,2026-09-11 22:17:43.977,1782.184444444444
Pulse experiments,pioreactor01,2026-09-11T16:32:48.936Z,0.01919921875,415,2026-09-11 22:17:48.936,1782.185833333333
Pulse experiments,pioreactor01,2026-09-11T16:32:48.952Z,0.158203125,445,2026-09-11 22:17:48.952,1782.185833333333
Pulse experiments,pioreactor01,2026-09-11T16:32:48.966Z,0.16609375,480,2026-09-11 22:17:48.966,1782.185833333333
Pulse experiments,pioreactor01,2026-09-11T16:32:48.983Z,0.19314453125,515,2026-09-11 22:17:48.983,1782.185833333333
Pulse experiments,pioreactor01,2026-09-11T16:32:49.004Z,0.22080078125,555,2026-09-11 22:17:49.004,1782.186111111111
Pulse experiments,pioreactor01,2026-09-11T16:32:49.017Z,0.21931640625,590,2026-09-11 22:17:49.017,1782.186111111111
Pulse experiments,pioreactor01,2026-09-11T16:32:49.029Z,0.2245703125,630,2026-09-11 22:17:49.029,1782.186111111111
Pulse experiments,pioreactor01,2026-09-11T16:32:49.044Z,0.11705078125,680,2026-09-11 22:17:49.044,1782.186111111111
Pulse experiments,pioreactor01,2026-09-11T16:32:53.925Z,0.01931640625,415,2026-09-11 22:17:53.925,1782.187222222222
Pulse experiments,pioreactor01,2026-09-11T16:32:53.934Z,0.1587890625,445,2026-09-11 22:17:53.934,1782.187222222222
Pulse experiments,pioreactor01,2026-09-11T16:32:53.937Z,0.16669921875,480,2026-09-11 22:17:53.937,1782.187222222222
Pulse experiments,pioreactor01,2026-09-11T16:32:53.942Z,0.19357421875,515,2026-09-11 22:17:53.942,1782.187222222222
Pulse experiments,pioreactor01,2026-09-11T16:32:53.947Z,0.220546875,555,2026-09-11 22:17:53.947,1782.187222222222
Pulse experiments,pioreactor01,2026-09-11T16:32:53.954Z,0.218984375,590,2026-09-11 22:17:53.954,1782.187222222222
Pulse experiments,pioreactor01,2026-09-11T16:32:53.965Z,0.22451171875,630,2026-09-11 22:17:53.965,1782.187222222222
Pulse experiments,pioreactor01,2026-09-11T16:32:53.974Z,0.1169140625,680,2026-09-11 22:17:53.974,1782.187222222222
Pulse experiments,pioreactor01,2026-09-11T16:32:58.917Z,0.0193359375,415,2026-09-11 22:17:58.917,1782.188611111111
Pulse experiments,pioreactor01,2026-09-11T16:32:58.922Z,0.15869140625,445,2026-09-11 22:17:58.922,1782.188611111111
Pulse experiments,pioreactor01,2026-09-11T16:32:58.927Z,0.166796875,480,2026-09-11 22:17:58.927,1782.188611111111
Pulse experiments,pioreactor01,2026-09-11T16:32:58.932Z,0.19375,515,2026-09-11 22:17:58.932,1782.188611111111
Pulse experiments,pioreactor01,2026-09-11T16:32:58.937Z,0.2198046875,555,2026-09-11 22:17:58.937,1782.188611111111
Pulse experiments,pioreactor01,2026-09-11T16:32:58.942Z,0.21828125,590,2026-09-11 22:17:58.942,1782.188611111111
Pulse experiments,pioreactor01,2026-09-11T16:32:58.945Z,0.22365234375,630,2026-09-11 22:17:58.945,1782.188611111111
Pulse experiments,pioreactor01,2026-09-11T16:32:58.951Z,0.1166015625,680,2026-09-11 22:17:58.951,1782.188611111111
Pulse experiments,pioreactor01,2026-09-11T16:33:03.929Z,0.019453125,415,2026-09-11 22:18:03.929,1782.19
Pulse experiments,pioreactor01,2026-09-11T16:33:03.933Z,0.1596875,445,2026-09-11 22:18:03.933,1782.19
Pulse experiments,pioreactor01,2026-09-11T16:33:03.938Z,0.16798828125,480,2026-09-11 22:18:03.938,1782.19
Pulse experiments,pioreactor01,2026-09-11T16:33:03.943Z,0.1953125,515,2026-09-11 22:18:03.943,1782.19
Pulse experiments,pioreactor01,2026-09-11T16:33:03.948Z,0.2226171875,555,2026-09-11 22:18:03.948,1782.19
Pulse experiments,pioreactor01,2026-09-11T16:33:03.952Z,0.22107421875,590,2026-09-11 22:18:03.952,1782.19
Pulse experiments,pioreactor01,2026-09-11T16:33:03.958Z,0.2268359375,630,2026-09-11 22:18:03.958,1782.19
Pulse experiments,pioreactor01,2026-09-11T16:33:03.963Z,0.117734375,680,2026-09-11 22:18:03.963,1782.19
Pulse experiments,pioreactor01,2026-09-11T16:33:08.917Z,0.019765625,415,2026-09-11 22:18:08.917,1782.191388888889
Pulse experiments,pioreactor01,2026-09-11T16:33:08.923Z,0.16177734375,445,2026-09-11 22:18:08.923,1782.191388888889
Pulse experiments,pioreactor01,2026-09-11T16:33:08.927Z,0.17025390625,480,2026-09-11 22:18:08.927,1782.191388888889
Pulse experiments,pioreactor01,2026-09-11T16:33:08.933Z,0.1987890625,515,2026-09-11 22:18:08.933,1782.191388888889
Pulse experiments,pioreactor01,2026-09-11T16:33:08.938Z,0.22373046875,555,2026-09-11 22:18:08.938,1782.191388888889
Pulse experiments,pioreactor01,2026-09-11T16:33:08.941Z,0.22216796875,590,2026-09-11 22:18:08.941,1782.191388888889
Pulse experiments,pioreactor01,2026-09-11T16:33:08.947Z,0.22775390625,630,2026-09-11 22:18:08.947,1782.191388888889
Pulse experiments,pioreactor01,2026-09-11T16:33:08.951Z,0.11845703125,680,2026-09-11 22:18:08.951,1782.191388888889
Pulse experiments,pioreactor01,2026-09-11T16:33:13.956Z,0.0205078125,415,2026-09-11 22:18:13.956,1782.192777777778
Pulse experiments,pioreactor01,2026-09-11T16:33:13.961Z,0.16947265625,445,2026-09-11 22:18:13.961,1782.192777777778
Pulse experiments,pioreactor01,2026-09-11T16:33:13.966Z,0.17619140625,480,2026-09-11 22:18:13.966,1782.192777777778
Pulse experiments,pioreactor01,2026-09-11T16:33:13.971Z,0.20544921875,515,2026-09-11 22:18:13.971,1782.192777777778
Pulse experiments,pioreactor01,2026-09-11T16:33:13.976Z,0.2302734375,555,2026-09-11 22:18:13.976,1782.192777777778
Pulse experiments,pioreactor01,2026-09-11T16:33:13.980Z,0.2288671875,590,2026-09-11 22:18:13.980,1782.192777777778
Pulse experiments,pioreactor01,2026-09-11T16:33:13.985Z,0.23380859375,630,2026-09-11 22:18:13.985,1782.192777777778
Pulse experiments,pioreactor01,2026-09-11T16:33:13.990Z,0.12150390625,680,2026-09-11 22:18:13.990,1782.192777777778
Pulse experiments,pioreactor01,2026-09-11T16:33:18.966Z,0.01953125,415,2026-09-11 22:18:18.966,1782.194166666667
Pulse experiments,pioreactor01,2026-09-11T16:33:18.970Z,0.160859375,445,2026-09-11 22:18:18.970,1782.194166666667
Pulse experiments,pioreactor01,2026-09-11T16:33:18.975Z,0.1691015625,480,2026-09-11 22:18:18.975,1782.194166666667
Pulse experiments,pioreactor01,2026-09-11T16:33:18.986Z,0.19630859375,515,2026-09-11 22:18:18.986,1782.194166666667
Pulse experiments,pioreactor01,2026-09-11T16:33:18.990Z,0.227265625,555,2026-09-11 22:18:18.990,1782.194166666667
Pulse experiments,pioreactor01,2026-09-11T16:33:18.995Z,0.22591796875,590,2026-09-11 22:18:18.995,1782.194166666667
Pulse experiments,pioreactor01,2026-09-11T16:33:19.003Z,0.231015625,630,2026-09-11 22:18:19.003,1782.194444444444
Pulse experiments,pioreactor01,2026-09-11T16:33:19.007Z,0.1200390625,680,2026-09-11 22:18:19.007,1782.194444444444
Pulse experiments,pioreactor01,2026-09-11T16:33:23.945Z,0.01984375,415,2026-09-11 22:18:23.945,1782.195555555556
Pulse experiments,pioreactor01,2026-09-11T16:33:23.961Z,0.16287109375,445,2026-09-11 22:18:23.961,1782.195555555556
Pulse experiments,pioreactor01,2026-09-11T16:33:23.971Z,0.1716015625,480,2026-09-11 22:18:23.971,1782.195555555556
Pulse experiments,pioreactor01,2026-09-11T16:33:23.978Z,0.1994140625,515,2026-09-11 22:18:23.978,1782.195555555556
Pulse experiments,pioreactor01,2026-09-11T16:33:23.991Z,0.22435546875,555,2026-09-11 22:18:23.991,1782.195555555556
Pulse experiments,pioreactor01,2026-09-11T16:33:24.000Z,0.22291015625,590,2026-09-11 22:18:24.000,1782.195833333333
Pulse experiments,pioreactor01,2026-09-11T16:33:24.007Z,0.2282421875,630,2026-09-11 22:18:24.007,1782.195833333333
Pulse experiments,pioreactor01,2026-09-11T16:33:24.017Z,0.1187109375,680,2026-09-11 22:18:24.017,1782.195833333333
Pulse experiments,pioreactor01,2026-09-11T16:33:28.947Z,0.02107421875,415,2026-09-11 22:18:28.947,1782.196944444444
Pulse experiments,pioreactor01,2026-09-11T16:33:28.956Z,0.17375,445,2026-09-11 22:18:28.956,1782.196944444444
Pulse experiments,pioreactor01,2026-09-11T16:33:28.965Z,0.18078125,480,2026-09-11 22:18:28.965,1782.196944444444
Pulse experiments,pioreactor01,2026-09-11T16:33:28.975Z,0.2107421875,515,2026-09-11 22:18:28.975,1782.196944444444
Pulse experiments,pioreactor01,2026-09-11T16:33:28.983Z,0.24056640625,555,2026-09-11 22:18:28.983,1782.196944444444
Pulse experiments,pioreactor01,2026-09-11T16:33:28.990Z,0.2390625,590,2026-09-11 22:18:28.990,1782.196944444444
Pulse experiments,pioreactor01,2026-09-11T16:33:29.003Z,0.243671875,630,2026-09-11 22:18:29.003,1782.197222222222
Pulse experiments,pioreactor01,2026-09-11T16:33:29.010Z,0.12626953125,680,2026-09-11 22:18:29.010,1782.197222222222
Pulse experiments,pioreactor01,2026-09-11T16:33:33.938Z,0.0211328125,415,2026-09-11 22:18:33.938,1782.198333333333
Pulse experiments,pioreactor01,2026-09-11T16:33:33.942Z,0.1742578125,445,2026-09-11 22:18:33.942,1782.198333333333
Pulse experiments,pioreactor01,2026-09-11T16:33:33.946Z,0.18107421875,480,2026-09-11 22:18:33.946,1782.198333333333
Pulse experiments,pioreactor01,2026-09-11T16:33:33.953Z,0.2116796875,515,2026-09-11 22:18:33.953,1782.198333333333
Pulse experiments,pioreactor01,2026-09-11T16:33:33.957Z,0.2398046875,555,2026-09-11 22:18:33.957,1782.198333333333
Pulse experiments,pioreactor01,2026-09-11T16:33:33.963Z,0.23806640625,590,2026-09-11 22:18:33.963,1782.198333333333
Pulse experiments,pioreactor01,2026-09-11T16:33:33.968Z,0.24291015625,630,2026-09-11 22:18:33.968,1782.198333333333
Pulse experiments,pioreactor01,2026-09-11T16:33:33.976Z,0.12560546875,680,2026-09-11 22:18:33.976,1782.198333333333
Pulse experiments,pioreactor01,2026-09-11T16:33:39.006Z,0.02119140625,415,2026-09-11 22:18:39.006,1782.2
Pulse experiments,pioreactor01,2026-09-11T16:33:39.021Z,0.1744140625,445,2026-09-11 22:18:39.021,1782.2
Pulse experiments,pioreactor01,2026-09-11T16:33:39.033Z,0.18154296875,480,2026-09-11 22:18:39.033,1782.2
Pulse experiments,pioreactor01,2026-09-11T16:33:39.037Z,0.21189453125,515,2026-09-11 22:18:39.037,1782.2
Pulse experiments,pioreactor01,2026-09-11T16:33:39.043Z,0.24087890625,555,2026-09-11 22:18:39.043,1782.2
Pulse experiments,pioreactor01,2026-09-11T16:33:39.056Z,0.23927734375,590,2026-09-11 22:18:39.056,1782.2
Pulse experiments,pioreactor01,2026-09-11T16:33:39.067Z,0.24373046875,630,2026-09-11 22:18:39.067,1782.2
Pulse experiments,pioreactor01,2026-09-11T16:33:39.071Z,0.12666015625,680,2026-09-11 22:18:39.071,1782.2
Pulse experiments,pioreactor01,2026-09-11T16:33:43.934Z,0.021171875,415,2026-09-11 22:18:43.934,1782.201111111111
Pulse experiments,pioreactor01,2026-09-11T16:33:43.940Z,0.174296875,445,2026-09-11 22:18:43.940,1782.201111111111
Pulse experiments,pioreactor01,2026-09-11T16:33:43.947Z,0.18119140625,480,2026-09-11 22:18:43.947,1782.201111111111
Pulse experiments,pioreactor01,2026-09-11T16:33:43.951Z,0.21158203125,515,2026-09-11 22:18:43.951,1782.201111111111
Pulse experiments,pioreactor01,2026-09-11T16:33:43.958Z,0.24134765625,555,2026-09-11 22:18:43.958,1782.201111111111
Pulse experiments,pioreactor01,2026-09-11T16:33:43.965Z,0.23951171875,590,2026-09-11 22:18:43.965,1782.201111111111
Pulse experiments,pioreactor01,2026-09-11T16:33:43.974Z,0.24423828125,630,2026-09-11 22:18:43.974,1782.201111111111
Pulse experiments,pioreactor01,2026-09-11T16:33:43.979Z,0.126796875,680,2026-09-11 22:18:43.979,1782.201111111111
Pulse experiments,pioreactor01,2026-09-11T16:33:49.008Z,0.02119140625,415,2026-09-11 22:18:49.008,1782.202777777778
Pulse experiments,pioreactor01,2026-09-11T16:33:49.013Z,0.17466796875,445,2026-09-11 22:18:49.013,1782.202777777778
Pulse experiments,pioreactor01,2026-09-11T16:33:49.019Z,0.1816015625,480,2026-09-11 22:18:49.019,1782.202777777778
Pulse experiments,pioreactor01,2026-09-11T16:33:49.026Z,0.21255859375,515,2026-09-11 22:18:49.026,1782.202777777778
Pulse experiments,pioreactor01,2026-09-11T16:33:49.031Z,0.24080078125,555,2026-09-11 22:18:49.031,1782.202777777778
Pulse experiments,pioreactor01,2026-09-11T16:33:49.040Z,0.2394140625,590,2026-09-11 22:18:49.040,1782.202777777778
Pulse experiments,pioreactor01,2026-09-11T16:33:49.047Z,0.24392578125,630,2026-09-11 22:18:49.047,1782.202777777778
Pulse experiments,pioreactor01,2026-09-11T16:33:49.053Z,0.12638671875,680,2026-09-11 22:18:49.053,1782.202777777778
Pulse experiments,pioreactor01,2026-09-11T16:33:53.939Z,0.02142578125,415,2026-09-11 22:18:53.939,1782.203888888889
Pulse experiments,pioreactor01,2026-09-11T16:33:53.946Z,0.17666015625,445,2026-09-11 22:18:53.946,1782.203888888889
Pulse experiments,pioreactor01,2026-09-11T16:33:53.953Z,0.1840234375,480,2026-09-11 22:18:53.953,1782.203888888889
Pulse experiments,pioreactor01,2026-09-11T16:33:53.959Z,0.21484375,515,2026-09-11 22:18:53.959,1782.203888888889
Pulse experiments,pioreactor01,2026-09-11T16:33:53.964Z,0.24408203125,555,2026-09-11 22:18:53.964,1782.203888888889
Pulse experiments,pioreactor01,2026-09-11T16:33:53.972Z,0.24216796875,590,2026-09-11 22:18:53.972,1782.203888888889
Pulse experiments,pioreactor01,2026-09-11T16:33:53.981Z,0.24708984375,630,2026-09-11 22:18:53.981,1782.203888888889
Pulse experiments,pioreactor01,2026-09-11T16:33:53.989Z,0.1283203125,680,2026-09-11 22:18:53.989,1782.203888888889
Pulse experiments,pioreactor01,2026-09-11T16:33:58.961Z,0.02142578125,415,2026-09-11 22:18:58.961,1782.205277777778
Pulse experiments,pioreactor01,2026-09-11T16:33:58.965Z,0.17677734375,445,2026-09-11 22:18:58.965,1782.205277777778
Pulse experiments,pioreactor01,2026-09-11T16:33:58.971Z,0.18404296875,480,2026-09-11 22:18:58.971,1782.205277777778
Pulse experiments,pioreactor01,2026-09-11T16:33:58.976Z,0.2148046875,515,2026-09-11 22:18:58.976,1782.205277777778
Pulse experiments,pioreactor01,2026-09-11T16:33:58.980Z,0.24609375,555,2026-09-11 22:18:58.980,1782.205277777778
Pulse experiments,pioreactor01,2026-09-11T16:33:58.986Z,0.24390625,590,2026-09-11 22:18:58.986,1782.205277777778
Pulse experiments,pioreactor01,2026-09-11T16:33:58.993Z,0.248984375,630,2026-09-11 22:18:58.993,1782.205277777778
Pulse experiments,pioreactor01,2026-09-11T16:33:59.002Z,0.12935546875,680,2026-09-11 22:18:59.002,1782.205555555556
Pulse experiments,pioreactor01,2026-09-11T16:34:03.926Z,0.0214453125,415,2026-09-11 22:19:03.926,1782.206666666667
Pulse experiments,pioreactor01,2026-09-11T16:34:03.930Z,0.17685546875,445,2026-09-11 22:19:03.930,1782.206666666667
Pulse experiments,pioreactor01,2026-09-11T16:34:03.934Z,0.18388671875,480,2026-09-11 22:19:03.934,1782.206666666667
Pulse experiments,pioreactor01,2026-09-11T16:34:03.938Z,0.21455078125,515,2026-09-11 22:19:03.938,1782.206666666667
Pulse experiments,pioreactor01,2026-09-11T16:34:03.943Z,0.24634765625,555,2026-09-11 22:19:03.943,1782.206666666667
Pulse experiments,pioreactor01,2026-09-11T16:34:03.947Z,0.2437890625,590,2026-09-11 22:19:03.947,1782.206666666667
Pulse experiments,pioreactor01,2026-09-11T16:34:03.952Z,0.24875,630,2026-09-11 22:19:03.952,1782.206666666667
Pulse experiments,pioreactor01,2026-09-11T16:34:03.957Z,0.12958984375,680,2026-09-11 22:19:03.957,1782.206666666667
Pulse experiments,pioreactor01,2026-09-11T16:34:08.952Z,0.02150390625,415,2026-09-11 22:19:08.952,1782.208055555556
Pulse experiments,pioreactor01,2026-09-11T16:34:08.956Z,0.17728515625,445,2026-09-11 22:19:08.956,1782.208055555556
Pulse experiments,pioreactor01,2026-09-11T16:34:08.961Z,0.18484375,480,2026-09-11 22:19:08.961,1782.208055555556
Pulse experiments,pioreactor01,2026-09-11T16:34:08.966Z,0.21548828125,515,2026-09-11 22:19:08.966,1782.208055555556
Pulse experiments,pioreactor01,2026-09-11T16:34:08.972Z,0.24333984375,555,2026-09-11 22:19:08.972,1782.208055555556
Pulse experiments,pioreactor01,2026-09-11T16:34:08.977Z,0.24177734375,590,2026-09-11 22:19:08.977,1782.208055555556
Pulse experiments,pioreactor01,2026-09-11T16:34:08.985Z,0.246484375,630,2026-09-11 22:19:08.985,1782.208055555556
Pulse experiments,pioreactor01,2026-09-11T16:34:08.990Z,0.127734375,680,2026-09-11 22:19:08.990,1782.208055555556
Pulse experiments,pioreactor01,2026-09-11T16:34:13.983Z,0.0216015625,415,2026-09-11 22:19:13.983,1782.209444444444
Pulse experiments,pioreactor01,2026-09-11T16:34:13.987Z,0.1787109375,445,2026-09-11 22:19:13.987,1782.209444444444
Pulse experiments,pioreactor01,2026-09-11T16:34:13.994Z,0.1869140625,480,2026-09-11 22:19:13.994,1782.209444444444
Pulse experiments,pioreactor01,2026-09-11T16:34:14.001Z,0.21693359375,515,2026-09-11 22:19:14.001,1782.209722222222
Pulse experiments,pioreactor01,2026-09-11T16:34:14.008Z,0.24623046875,555,2026-09-11 22:19:14.008,1782.209722222222
Pulse experiments,pioreactor01,2026-09-11T16:34:14.014Z,0.24345703125,590,2026-09-11 22:19:14.014,1782.209722222222
Pulse experiments,pioreactor01,2026-09-11T16:34:14.020Z,0.2483984375,630,2026-09-11 22:19:14.020,1782.209722222222
Pulse experiments,pioreactor01,2026-09-11T16:34:14.025Z,0.12943359375,680,2026-09-11 22:19:14.025,1782.209722222222
Pulse experiments,pioreactor01,2026-09-11T16:34:18.949Z,0.021640625,415,2026-09-11 22:19:18.949,1782.210833333333
Pulse experiments,pioreactor01,2026-09-11T16:34:18.953Z,0.1787109375,445,2026-09-11 22:19:18.953,1782.210833333333
Pulse experiments,pioreactor01,2026-09-11T16:34:18.960Z,0.18681640625,480,2026-09-11 22:19:18.960,1782.210833333333
Pulse experiments,pioreactor01,2026-09-11T16:34:18.964Z,0.216953125,515,2026-09-11 22:19:18.964,1782.210833333333
Pulse experiments,pioreactor01,2026-09-11T16:34:18.970Z,0.24716796875,555,2026-09-11 22:19:18.970,1782.210833333333
Pulse experiments,pioreactor01,2026-09-11T16:34:18.975Z,0.24435546875,590,2026-09-11 22:19:18.975,1782.210833333333
Pulse experiments,pioreactor01,2026-09-11T16:34:18.981Z,0.24908203125,630,2026-09-11 22:19:18.981,1782.210833333333
Pulse experiments,pioreactor01,2026-09-11T16:34:18.987Z,0.1302734375,680,2026-09-11 22:19:18.987,1782.210833333333
Pulse experiments,pioreactor01,2026-09-11T16:34:23.931Z,0.021640625,415,2026-09-11 22:19:23.931,1782.212222222222
Pulse experiments,pioreactor01,2026-09-11T16:34:23.937Z,0.17859375,445,2026-09-11 22:19:23.937,1782.212222222222
Pulse experiments,pioreactor01,2026-09-11T16:34:23.945Z,0.186484375,480,2026-09-11 22:19:23.945,1782.212222222222
Pulse experiments,pioreactor01,2026-09-11T16:34:23.949Z,0.216796875,515,2026-09-11 22:19:23.949,1782.212222222222
Pulse experiments,pioreactor01,2026-09-11T16:34:23.954Z,0.24802734375,555,2026-09-11 22:19:23.954,1782.212222222222
Pulse experiments,pioreactor01,2026-09-11T16:34:23.959Z,0.2448828125,590,2026-09-11 22:19:23.959,1782.212222222222
Pulse experiments,pioreactor01,2026-09-11T16:34:23.964Z,0.24982421875,630,2026-09-11 22:19:23.964,1782.212222222222
Pulse experiments,pioreactor01,2026-09-11T16:34:23.968Z,0.130625,680,2026-09-11 22:19:23.968,1782.212222222222
Pulse experiments,pioreactor01,2026-09-11T16:34:28.949Z,0.02166015625,415,2026-09-11 22:19:28.949,1782.213611111111
Pulse experiments,pioreactor01,2026-09-11T16:34:28.958Z,0.1786328125,445,2026-09-11 22:19:28.958,1782.213611111111
Pulse experiments,pioreactor01,2026-09-11T16:34:28.963Z,0.1871875,480,2026-09-11 22:19:28.963,1782.213611111111
Pulse experiments,pioreactor01,2026-09-11T16:34:28.972Z,0.21681640625,515,2026-09-11 22:19:28.972,1782.213611111111
Pulse experiments,pioreactor01,2026-09-11T16:34:28.978Z,0.24765625,555,2026-09-11 22:19:28.978,1782.213611111111
Pulse experiments,pioreactor01,2026-09-11T16:34:28.982Z,0.2444921875,590,2026-09-11 22:19:28.982,1782.213611111111
Pulse experiments,pioreactor01,2026-09-11T16:34:28.989Z,0.2494140625,630,2026-09-11 22:19:28.989,1782.213611111111
Pulse experiments,pioreactor01,2026-09-11T16:34:28.996Z,0.13046875,680,2026-09-11 22:19:28.996,1782.213611111111
Pulse experiments,pioreactor01,2026-09-11T16:34:33.950Z,0.021640625,415,2026-09-11 22:19:33.950,1782.215
Pulse experiments,pioreactor01,2026-09-11T16:34:33.952Z,0.17876953125,445,2026-09-11 22:19:33.952,1782.215
Pulse experiments,pioreactor01,2026-09-11T16:34:33.953Z,0.18724609375,480,2026-09-11 22:19:33.953,1782.215
Pulse experiments,pioreactor01,2026-09-11T16:34:33.954Z,0.21720703125,515,2026-09-11 22:19:33.954,1782.215
Pulse experiments,pioreactor01,2026-09-11T16:34:33.956Z,0.2474609375,555,2026-09-11 22:19:33.956,1782.215
Pulse experiments,pioreactor01,2026-09-11T16:34:33.961Z,0.2443359375,590,2026-09-11 22:19:33.961,1782.215
Pulse experiments,pioreactor01,2026-09-11T16:34:33.962Z,0.24921875,630,2026-09-11 22:19:33.962,1782.215
Pulse experiments,pioreactor01,2026-09-11T16:34:34.009Z,0.13017578125,680,2026-09-11 22:19:34.009,1782.215277777778
Pulse experiments,pioreactor01,2026-09-11T16:34:38.974Z,0.0216796875,415,2026-09-11 22:19:38.974,1782.216388888889
Pulse experiments,pioreactor01,2026-09-11T16:34:38.979Z,0.178828125,445,2026-09-11 22:19:38.979,1782.216388888889
Pulse experiments,pioreactor01,2026-09-11T16:34:38.984Z,0.1877734375,480,2026-09-11 22:19:38.984,1782.216388888889
Pulse experiments,pioreactor01,2026-09-11T16:34:38.990Z,0.216875,515,2026-09-11 22:19:38.990,1782.216388888889
Pulse experiments,pioreactor01,2026-09-11T16:34:38.996Z,0.24810546875,555,2026-09-11 22:19:38.996,1782.216388888889
Pulse experiments,pioreactor01,2026-09-11T16:34:39.003Z,0.2453515625,590,2026-09-11 22:19:39.003,1782.216666666667
Pulse experiments,pioreactor01,2026-09-11T16:34:39.010Z,0.2499609375,630,2026-09-11 22:19:39.010,1782.216666666667
Pulse experiments,pioreactor01,2026-09-11T16:34:39.014Z,0.13111328125,680,2026-09-11 22:19:39.014,1782.216666666667
Pulse experiments,pioreactor01,2026-09-11T16:34:45.838Z,0.02162109375,415,2026-09-11 22:19:45.838,1782.218333333333
Pulse experiments,pioreactor01,2026-09-11T16:34:45.846Z,0.17818359375,445,2026-09-11 22:19:45.846,1782.218333333333
Pulse experiments,pioreactor01,2026-09-11T16:34:45.857Z,0.1868359375,480,2026-09-11 22:19:45.857,1782.218333333333
Pulse experiments,pioreactor01,2026-09-11T16:34:45.867Z,0.21638671875,515,2026-09-11 22:19:45.867,1782.218333333333
Pulse experiments,pioreactor01,2026-09-11T16:34:45.878Z,0.24767578125,555,2026-09-11 22:19:45.878,1782.218333333333
Pulse experiments,pioreactor01,2026-09-11T16:34:45.893Z,0.2447265625,590,2026-09-11 22:19:45.893,1782.218333333333
Pulse experiments,pioreactor01,2026-09-11T16:34:45.908Z,0.2495703125,630,2026-09-11 22:19:45.908,1782.218333333333
Pulse experiments,pioreactor01,2026-09-11T16:34:45.918Z,0.13078125,680,2026-09-11 22:19:45.918,1782.218333333333
Pulse experiments,pioreactor01,2026-09-11T16:34:48.966Z,0.021640625,415,2026-09-11 22:19:48.966,1782.219166666667
Pulse experiments,pioreactor01,2026-09-11T16:34:48.972Z,0.17822265625,445,2026-09-11 22:19:48.972,1782.219166666667
Pulse experiments,pioreactor01,2026-09-11T16:34:48.982Z,0.1866796875,480,2026-09-11 22:19:48.982,1782.219166666667
Pulse experiments,pioreactor01,2026-09-11T16:34:48.991Z,0.2160546875,515,2026-09-11 22:19:48.991,1782.219166666667
Pulse experiments,pioreactor01,2026-09-11T16:34:49.000Z,0.24796875,555,2026-09-11 22:19:49.000,1782.219444444444
Pulse experiments,pioreactor01,2026-09-11T16:34:49.009Z,0.24482421875,590,2026-09-11 22:19:49.009,1782.219444444444
Pulse experiments,pioreactor01,2026-09-11T16:34:49.015Z,0.2498046875,630,2026-09-11 22:19:49.015,1782.219444444444
Pulse experiments,pioreactor01,2026-09-11T16:34:49.025Z,0.130859375,680,2026-09-11 22:19:49.025,1782.219444444444
Pulse experiments,pioreactor01,2026-09-11T16:34:53.938Z,0.0216015625,415,2026-09-11 22:19:53.938,1782.220555555556
Pulse experiments,pioreactor01,2026-09-11T16:34:53.947Z,0.17791015625,445,2026-09-11 22:19:53.947,1782.220555555556
Pulse experiments,pioreactor01,2026-09-11T16:34:53.953Z,0.18630859375,480,2026-09-11 22:19:53.953,1782.220555555556
Pulse experiments,pioreactor01,2026-09-11T16:34:53.959Z,0.2158203125,515,2026-09-11 22:19:53.959,1782.220555555556
Pulse experiments,pioreactor01,2026-09-11T16:34:53.968Z,0.248671875,555,2026-09-11 22:19:53.968,1782.220555555556
Pulse experiments,pioreactor01,2026-09-11T16:34:53.977Z,0.2456640625,590,2026-09-11 22:19:53.977,1782.220555555556
Pulse experiments,pioreactor01,2026-09-11T16:34:53.983Z,0.2499609375,630,2026-09-11 22:19:53.983,1782.220555555556
Pulse experiments,pioreactor01,2026-09-11T16:34:53.993Z,0.1318359375,680,2026-09-11 22:19:53.993,1782.220555555556
Pulse experiments,pioreactor01,2026-09-11T16:34:58.948Z,0.02173828125,415,2026-09-11 22:19:58.948,1782.221944444444
Pulse experiments,pioreactor01,2026-09-11T16:34:58.956Z,0.1787109375,445,2026-09-11 22:19:58.956,1782.221944444444
Pulse experiments,pioreactor01,2026-09-11T16:34:58.963Z,0.18791015625,480,2026-09-11 22:19:58.963,1782.221944444444
Pulse experiments,pioreactor01,2026-09-11T16:34:58.968Z,0.21673828125,515,2026-09-11 22:19:58.968,1782.221944444444
Pulse experiments,pioreactor01,2026-09-11T16:34:58.974Z,0.2487890625,555,2026-09-11 22:19:58.974,1782.221944444444
Pulse experiments,pioreactor01,2026-09-11T16:34:58.981Z,0.2462109375,590,2026-09-11 22:19:58.981,1782.221944444444
Pulse experiments,pioreactor01,2026-09-11T16:34:58.985Z,0.25033203125,630,2026-09-11 22:19:58.985,1782.221944444444
Pulse experiments,pioreactor01,2026-09-11T16:34:58.991Z,0.1319921875,680,2026-09-11 22:19:58.991,1782.221944444444
Pulse experiments,pioreactor01,2026-09-11T16:35:03.929Z,0.02166015625,415,2026-09-11 22:20:03.929,1782.223333333333
Pulse experiments,pioreactor01,2026-09-11T16:35:03.935Z,0.17798828125,445,2026-09-11 22:20:03.935,1782.223333333333
Pulse experiments,pioreactor01,2026-09-11T16:35:03.941Z,0.1872265625,480,2026-09-11 22:20:03.941,1782.223333333333
Pulse experiments,pioreactor01,2026-09-11T16:35:03.948Z,0.2162109375,515,2026-09-11 22:20:03.948,1782.223333333333
Pulse experiments,pioreactor01,2026-09-11T16:35:03.956Z,0.2476171875,555,2026-09-11 22:20:03.956,1782.223333333333
Pulse experiments,pioreactor01,2026-09-11T16:35:03.964Z,0.24451171875,590,2026-09-11 22:20:03.964,1782.223333333333
Pulse experiments,pioreactor01,2026-09-11T16:35:03.969Z,0.24896484375,630,2026-09-11 22:20:03.969,1782.223333333333
Pulse experiments,pioreactor01,2026-09-11T16:35:03.974Z,0.130859375,680,2026-09-11 22:20:03.974,1782.223333333333
Pulse experiments,pioreactor01,2026-09-11T16:35:08.942Z,0.021640625,415,2026-09-11 22:20:08.942,1782.224722222222
Pulse experiments,pioreactor01,2026-09-11T16:35:08.951Z,0.178125,445,2026-09-11 22:20:08.951,1782.224722222222
Pulse experiments,pioreactor01,2026-09-11T16:35:08.960Z,0.18740234375,480,2026-09-11 22:20:08.960,1782.224722222222
Pulse experiments,pioreactor01,2026-09-11T16:35:08.968Z,0.21626953125,515,2026-09-11 22:20:08.968,1782.224722222222
Pulse experiments,pioreactor01,2026-09-11T16:35:08.976Z,0.24826171875,555,2026-09-11 22:20:08.976,1782.224722222222
Pulse experiments,pioreactor01,2026-09-11T16:35:08.984Z,0.24515625,590,2026-09-11 22:20:08.984,1782.224722222222
Pulse experiments,pioreactor01,2026-09-11T16:35:08.994Z,0.2494140625,630,2026-09-11 22:20:08.994,1782.224722222222
Pulse experiments,pioreactor01,2026-09-11T16:35:09.000Z,0.13150390625,680,2026-09-11 22:20:09.000,1782.225
Pulse experiments,pioreactor01,2026-09-11T16:35:13.948Z,0.02169921875,415,2026-09-11 22:20:13.948,1782.226111111111
Pulse experiments,pioreactor01,2026-09-11T16:35:13.952Z,0.17841796875,445,2026-09-11 22:20:13.952,1782.226111111111
Pulse experiments,pioreactor01,2026-09-11T16:35:13.963Z,0.18810546875,480,2026-09-11 22:20:13.963,1782.226111111111
Pulse experiments,pioreactor01,2026-09-11T16:35:13.969Z,0.21658203125,515,2026-09-11 22:20:13.969,1782.226111111111
Pulse experiments,pioreactor01,2026-09-11T16:35:13.975Z,0.2484765625,555,2026-09-11 22:20:13.975,1782.226111111111
Pulse experiments,pioreactor01,2026-09-11T16:35:13.986Z,0.2453125,590,2026-09-11 22:20:13.986,1782.226111111111
Pulse experiments,pioreactor01,2026-09-11T16:35:13.995Z,0.249609375,630,2026-09-11 22:20:13.995,1782.226111111111
Pulse experiments,pioreactor01,2026-09-11T16:35:14.001Z,0.13177734375,680,2026-09-11 22:20:14.001,1782.226388888889
Pulse experiments,pioreactor01,2026-09-11T16:35:18.939Z,0.0217578125,415,2026-09-11 22:20:18.939,1782.2275
Pulse experiments,pioreactor01,2026-09-11T16:35:18.944Z,0.17826171875,445,2026-09-11 22:20:18.944,1782.2275
Pulse experiments,pioreactor01,2026-09-11T16:35:18.949Z,0.1879296875,480,2026-09-11 22:20:18.949,1782.2275
Pulse experiments,pioreactor01,2026-09-11T16:35:18.959Z,0.21654296875,515,2026-09-11 22:20:18.959,1782.2275
Pulse experiments,pioreactor01,2026-09-11T16:35:18.971Z,0.24841796875,555,2026-09-11 22:20:18.971,1782.2275
Pulse experiments,pioreactor01,2026-09-11T16:35:18.979Z,0.24578125,590,2026-09-11 22:20:18.979,1782.2275
Pulse experiments,pioreactor01,2026-09-11T16:35:18.986Z,0.2499609375,630,2026-09-11 22:20:18.986,1782.2275
Pulse experiments,pioreactor01,2026-09-11T16:35:18.991Z,0.13193359375,680,2026-09-11 22:20:18.991,1782.2275
Pulse experiments,pioreactor01,2026-09-11T16:35:23.944Z,0.02173828125,415,2026-09-11 22:20:23.944,1782.228888888889
Pulse experiments,pioreactor01,2026-09-11T16:35:23.950Z,0.178203125,445,2026-09-11 22:20:23.950,1782.228888888889
Pulse experiments,pioreactor01,2026-09-11T16:35:23.955Z,0.18796875,480,2026-09-11 22:20:23.955,1782.228888888889
Pulse experiments,pioreactor01,2026-09-11T16:35:23.960Z,0.21666015625,515,2026-09-11 22:20:23.960,1782.228888888889
Pulse experiments,pioreactor01,2026-09-11T16:35:23.971Z,0.2475,555,2026-09-11 22:20:23.971,1782.228888888889
Pulse experiments,pioreactor01,2026-09-11T16:35:23.975Z,0.2443359375,590,2026-09-11 22:20:23.975,1782.228888888889
Pulse experiments,pioreactor01,2026-09-11T16:35:23.980Z,0.24875,630,2026-09-11 22:20:23.980,1782.228888888889
Pulse experiments,pioreactor01,2026-09-11T16:35:23.988Z,0.13123046875,680,2026-09-11 22:20:23.988,1782.228888888889
Pulse experiments,pioreactor01,2026-09-11T16:35:28.944Z,0.02171875,415,2026-09-11 22:20:28.944,1782.230277777778
Pulse experiments,pioreactor01,2026-09-11T16:35:28.950Z,0.17787109375,445,2026-09-11 22:20:28.950,1782.230277777778
Pulse experiments,pioreactor01,2026-09-11T16:35:28.956Z,0.1876171875,480,2026-09-11 22:20:28.956,1782.230277777778
Pulse experiments,pioreactor01,2026-09-11T16:35:28.961Z,0.21666015625,515,2026-09-11 22:20:28.961,1782.230277777778
Pulse experiments,pioreactor01,2026-09-11T16:35:28.967Z,0.2480078125,555,2026-09-11 22:20:28.967,1782.230277777778
Pulse experiments,pioreactor01,2026-09-11T16:35:28.971Z,0.24451171875,590,2026-09-11 22:20:28.971,1782.230277777778
Pulse experiments,pioreactor01,2026-09-11T16:35:28.979Z,0.24890625,630,2026-09-11 22:20:28.979,1782.230277777778
Pulse experiments,pioreactor01,2026-09-11T16:35:28.983Z,0.13125,680,2026-09-11 22:20:28.983,1782.230277777778
Pulse experiments,pioreactor01,2026-09-11T16:35:33.949Z,0.02177734375,415,2026-09-11 22:20:33.949,1782.231666666667
Pulse experiments,pioreactor01,2026-09-11T16:35:33.955Z,0.1778515625,445,2026-09-11 22:20:33.955,1782.231666666667
Pulse experiments,pioreactor01,2026-09-11T16:35:33.960Z,0.1876953125,480,2026-09-11 22:20:33.960,1782.231666666667
Pulse experiments,pioreactor01,2026-09-11T16:35:33.965Z,0.2162890625,515,2026-09-11 22:20:33.965,1782.231666666667
Pulse experiments,pioreactor01,2026-09-11T16:35:33.970Z,0.2464453125,555,2026-09-11 22:20:33.970,1782.231666666667
Pulse experiments,pioreactor01,2026-09-11T16:35:33.975Z,0.2436328125,590,2026-09-11 22:20:33.975,1782.231666666667
Pulse experiments,pioreactor01,2026-09-11T16:35:33.979Z,0.2476953125,630,2026-09-11 22:20:33.979,1782.231666666667
Pulse experiments,pioreactor01,2026-09-11T16:35:33.985Z,0.1305859375,680,2026-09-11 22:20:33.985,1782.231666666667
Pulse experiments,pioreactor01,2026-09-11T16:35:38.935Z,0.021796875,415,2026-09-11 22:20:38.935,1782.233055555556
Pulse experiments,pioreactor01,2026-09-11T16:35:38.940Z,0.178359375,445,2026-09-11 22:20:38.940,1782.233055555556
Pulse experiments,pioreactor01,2026-09-11T16:35:38.945Z,0.18857421875,480,2026-09-11 22:20:38.945,1782.233055555556
Pulse experiments,pioreactor01,2026-09-11T16:35:38.950Z,0.216875,515,2026-09-11 22:20:38.950,1782.233055555556
Pulse experiments,pioreactor01,2026-09-11T16:35:38.955Z,0.2475,555,2026-09-11 22:20:38.955,1782.233055555556
Pulse experiments,pioreactor01,2026-09-11T16:35:38.960Z,0.2447265625,590,2026-09-11 22:20:38.960,1782.233055555556
Pulse experiments,pioreactor01,2026-09-11T16:35:38.965Z,0.2485546875,630,2026-09-11 22:20:38.965,1782.233055555556
Pulse experiments,pioreactor01,2026-09-11T16:35:38.971Z,0.13140625,680,2026-09-11 22:20:38.971,1782.233055555556
Pulse experiments,pioreactor01,2026-09-11T16:35:43.939Z,0.02169921875,415,2026-09-11 22:20:43.939,1782.234444444445
Pulse experiments,pioreactor01,2026-09-11T16:35:43.944Z,0.17765625,445,2026-09-11 22:20:43.944,1782.234444444445
Pulse experiments,pioreactor01,2026-09-11T16:35:43.950Z,0.1874609375,480,2026-09-11 22:20:43.950,1782.234444444445
Pulse experiments,pioreactor01,2026-09-11T16:35:43.954Z,0.21609375,515,2026-09-11 22:20:43.954,1782.234444444445
Pulse experiments,pioreactor01,2026-09-11T16:35:43.961Z,0.2484765625,555,2026-09-11 22:20:43.961,1782.234444444445
Pulse experiments,pioreactor01,2026-09-11T16:35:43.965Z,0.24533203125,590,2026-09-11 22:20:43.965,1782.234444444445
Pulse experiments,pioreactor01,2026-09-11T16:35:43.970Z,0.24908203125,630,2026-09-11 22:20:43.970,1782.234444444445
Pulse experiments,pioreactor01,2026-09-11T16:35:43.975Z,0.13212890625,680,2026-09-11 22:20:43.975,1782.234444444445
Pulse experiments,pioreactor01,2026-09-11T16:35:48.925Z,0.0217578125,415,2026-09-11 22:20:48.925,1782.235833333333
Pulse experiments,pioreactor01,2026-09-11T16:35:48.933Z,0.17791015625,445,2026-09-11 22:20:48.933,1782.235833333333
Pulse experiments,pioreactor01,2026-09-11T16:35:48.940Z,0.18763671875,480,2026-09-11 22:20:48.940,1782.235833333333
Pulse experiments,pioreactor01,2026-09-11T16:35:48.944Z,0.21638671875,515,2026-09-11 22:20:48.944,1782.235833333333
Pulse experiments,pioreactor01,2026-09-11T16:35:48.950Z,0.246796875,555,2026-09-11 22:20:48.950,1782.235833333333
Pulse experiments,pioreactor01,2026-09-11T16:35:48.955Z,0.2436328125,590,2026-09-11 22:20:48.955,1782.235833333333
Pulse experiments,pioreactor01,2026-09-11T16:35:48.961Z,0.2480078125,630,2026-09-11 22:20:48.961,1782.235833333333
Pulse experiments,pioreactor01,2026-09-11T16:35:48.968Z,0.13076171875,680,2026-09-11 22:20:48.968,1782.235833333333
Pulse experiments,pioreactor01,2026-09-11T16:35:53.935Z,0.02162109375,415,2026-09-11 22:20:53.935,1782.237222222222
Pulse experiments,pioreactor01,2026-09-11T16:35:53.946Z,0.1769921875,445,2026-09-11 22:20:53.946,1782.237222222222
Pulse experiments,pioreactor01,2026-09-11T16:35:53.963Z,0.18646484375,480,2026-09-11 22:20:53.963,1782.237222222222
Pulse experiments,pioreactor01,2026-09-11T16:35:53.975Z,0.21564453125,515,2026-09-11 22:20:53.975,1782.237222222222
Pulse experiments,pioreactor01,2026-09-11T16:35:53.994Z,0.24728515625,555,2026-09-11 22:20:53.994,1782.237222222222
Pulse experiments,pioreactor01,2026-09-11T16:35:54.013Z,0.2440625,590,2026-09-11 22:20:54.013,1782.2375
Pulse experiments,pioreactor01,2026-09-11T16:35:54.036Z,0.248203125,630,2026-09-11 22:20:54.036,1782.2375
Pulse experiments,pioreactor01,2026-09-11T16:35:54.056Z,0.13109375,680,2026-09-11 22:20:54.056,1782.2375
Pulse experiments,pioreactor01,2026-09-11T16:35:58.942Z,0.02169921875,415,2026-09-11 22:20:58.942,1782.238611111111
Pulse experiments,pioreactor01,2026-09-11T16:35:58.948Z,0.17755859375,445,2026-09-11 22:20:58.948,1782.238611111111
Pulse experiments,pioreactor01,2026-09-11T16:35:58.954Z,0.1872265625,480,2026-09-11 22:20:58.954,1782.238611111111
Pulse experiments,pioreactor01,2026-09-11T16:35:58.959Z,0.21626953125,515,2026-09-11 22:20:58.959,1782.238611111111
Pulse experiments,pioreactor01,2026-09-11T16:35:58.965Z,0.2475,555,2026-09-11 22:20:58.965,1782.238611111111
Pulse experiments,pioreactor01,2026-09-11T16:35:58.971Z,0.24443359375,590,2026-09-11 22:20:58.971,1782.238611111111
Pulse experiments,pioreactor01,2026-09-11T16:35:58.977Z,0.2484765625,630,2026-09-11 22:20:58.977,1782.238611111111
Pulse experiments,pioreactor01,2026-09-11T16:35:58.982Z,0.13138671875,680,2026-09-11 22:20:58.982,1782.238611111111
Pulse experiments,pioreactor01,2026-09-11T16:36:03.937Z,0.02166015625,415,2026-09-11 22:21:03.937,1782.24
Pulse experiments,pioreactor01,2026-09-11T16:36:03.943Z,0.17748046875,445,2026-09-11 22:21:03.943,1782.24
Pulse experiments,pioreactor01,2026-09-11T16:36:03.950Z,0.1873046875,480,2026-09-11 22:21:03.950,1782.24
Pulse experiments,pioreactor01,2026-09-11T16:36:03.953Z,0.21611328125,515,2026-09-11 22:21:03.953,1782.24
Pulse experiments,pioreactor01,2026-09-11T16:36:03.961Z,0.2472265625,555,2026-09-11 22:21:03.961,1782.24
Pulse experiments,pioreactor01,2026-09-11T16:36:03.969Z,0.2445703125,590,2026-09-11 22:21:03.969,1782.24
Pulse experiments,pioreactor01,2026-09-11T16:36:03.976Z,0.24830078125,630,2026-09-11 22:21:03.976,1782.24
Pulse experiments,pioreactor01,2026-09-11T16:36:03.980Z,0.1311328125,680,2026-09-11 22:21:03.980,1782.24
Pulse experiments,pioreactor01,2026-09-11T16:36:08.937Z,0.0216796875,415,2026-09-11 22:21:08.937,1782.241388888889
Pulse experiments,pioreactor01,2026-09-11T16:36:08.944Z,0.1772265625,445,2026-09-11 22:21:08.944,1782.241388888889
Pulse experiments,pioreactor01,2026-09-11T16:36:08.957Z,0.1865625,480,2026-09-11 22:21:08.957,1782.241388888889
Pulse experiments,pioreactor01,2026-09-11T16:36:08.970Z,0.21560546875,515,2026-09-11 22:21:08.970,1782.241388888889
Pulse experiments,pioreactor01,2026-09-11T16:36:08.986Z,0.24671875,555,2026-09-11 22:21:08.986,1782.241388888889
Pulse experiments,pioreactor01,2026-09-11T16:36:08.994Z,0.2439453125,590,2026-09-11 22:21:08.994,1782.241388888889
Pulse experiments,pioreactor01,2026-09-11T16:36:09.005Z,0.24796875,630,2026-09-11 22:21:09.005,1782.241666666667
Pulse experiments,pioreactor01,2026-09-11T16:36:09.014Z,0.13080078125,680,2026-09-11 22:21:09.014,1782.241666666667
Pulse experiments,pioreactor01,2026-09-11T16:36:13.928Z,0.02166015625,415,2026-09-11 22:21:13.928,1782.242777777778
Pulse experiments,pioreactor01,2026-09-11T16:36:13.934Z,0.1773046875,445,2026-09-11 22:21:13.934,1782.242777777778
Pulse experiments,pioreactor01,2026-09-11T16:36:13.942Z,0.1869140625,480,2026-09-11 22:21:13.942,1782.242777777778
Pulse experiments,pioreactor01,2026-09-11T16:36:13.950Z,0.2157421875,515,2026-09-11 22:21:13.950,1782.242777777778
Pulse experiments,pioreactor01,2026-09-11T16:36:13.960Z,0.24607421875,555,2026-09-11 22:21:13.960,1782.242777777778
Pulse experiments,pioreactor01,2026-09-11T16:36:13.967Z,0.24333984375,590,2026-09-11 22:21:13.967,1782.242777777778
Pulse experiments,pioreactor01,2026-09-11T16:36:13.974Z,0.2474609375,630,2026-09-11 22:21:13.974,1782.242777777778
Pulse experiments,pioreactor01,2026-09-11T16:36:13.978Z,0.13033203125,680,2026-09-11 22:21:13.978,1782.242777777778
Pulse experiments,pioreactor01,2026-09-11T16:36:18.956Z,0.0216796875,415,2026-09-11 22:21:18.956,1782.244166666667
Pulse experiments,pioreactor01,2026-09-11T16:36:18.960Z,0.17732421875,445,2026-09-11 22:21:18.960,1782.244166666667
Pulse experiments,pioreactor01,2026-09-11T16:36:18.965Z,0.1867578125,480,2026-09-11 22:21:18.965,1782.244166666667
Pulse experiments,pioreactor01,2026-09-11T16:36:18.971Z,0.21583984375,515,2026-09-11 22:21:18.971,1782.244166666667
Pulse experiments,pioreactor01,2026-09-11T16:36:18.976Z,0.24609375,555,2026-09-11 22:21:18.976,1782.244166666667
Pulse experiments,pioreactor01,2026-09-11T16:36:18.982Z,0.243359375,590,2026-09-11 22:21:18.982,1782.244166666667
Pulse experiments,pioreactor01,2026-09-11T16:36:18.987Z,0.24744140625,630,2026-09-11 22:21:18.987,1782.244166666667
Pulse experiments,pioreactor01,2026-09-11T16:36:18.993Z,0.130390625,680,2026-09-11 22:21:18.993,1782.244166666667
Pulse experiments,pioreactor01,2026-09-11T16:36:23.938Z,0.02162109375,415,2026-09-11 22:21:23.938,1782.245555555555
Pulse experiments,pioreactor01,2026-09-11T16:36:23.946Z,0.1766796875,445,2026-09-11 22:21:23.946,1782.245555555555
Pulse experiments,pioreactor01,2026-09-11T16:36:23.956Z,0.1857421875,480,2026-09-11 22:21:23.956,1782.245555555555
Pulse experiments,pioreactor01,2026-09-11T16:36:23.965Z,0.215234375,515,2026-09-11 22:21:23.965,1782.245555555555
Pulse experiments,pioreactor01,2026-09-11T16:36:23.976Z,0.24638671875,555,2026-09-11 22:21:23.976,1782.245555555555
Pulse experiments,pioreactor01,2026-09-11T16:36:23.985Z,0.243671875,590,2026-09-11 22:21:23.985,1782.245555555555
Pulse experiments,pioreactor01,2026-09-11T16:36:23.991Z,0.24783203125,630,2026-09-11 22:21:23.991,1782.245555555555
Pulse experiments,pioreactor01,2026-09-11T16:36:23.996Z,0.130546875,680,2026-09-11 22:21:23.996,1782.245555555555
Pulse experiments,pioreactor01,2026-09-11T16:36:28.991Z,0.02162109375,415,2026-09-11 22:21:28.991,1782.246944444444
Pulse experiments,pioreactor01,2026-09-11T16:36:28.998Z,0.17681640625,445,2026-09-11 22:21:28.998,1782.246944444444
Pulse experiments,pioreactor01,2026-09-11T16:36:29.011Z,0.186171875,480,2026-09-11 22:21:29.011,1782.247222222222
Pulse experiments,pioreactor01,2026-09-11T16:36:29.022Z,0.21544921875,515,2026-09-11 22:21:29.022,1782.247222222222
Pulse experiments,pioreactor01,2026-09-11T16:36:29.032Z,0.2473046875,555,2026-09-11 22:21:29.032,1782.247222222222
Pulse experiments,pioreactor01,2026-09-11T16:36:29.043Z,0.24443359375,590,2026-09-11 22:21:29.043,1782.247222222222
Pulse experiments,pioreactor01,2026-09-11T16:36:29.060Z,0.24830078125,630,2026-09-11 22:21:29.060,1782.247222222222
Pulse experiments,pioreactor01,2026-09-11T16:36:29.079Z,0.13134765625,680,2026-09-11 22:21:29.079,1782.247222222222
Pulse experiments,pioreactor01,2026-09-11T16:36:33.931Z,0.0215234375,415,2026-09-11 22:21:33.931,1782.248333333333
Pulse experiments,pioreactor01,2026-09-11T16:36:33.940Z,0.17595703125,445,2026-09-11 22:21:33.940,1782.248333333333
Pulse experiments,pioreactor01,2026-09-11T16:36:33.945Z,0.184453125,480,2026-09-11 22:21:33.945,1782.248333333333
Pulse experiments,pioreactor01,2026-09-11T16:36:33.953Z,0.21419921875,515,2026-09-11 22:21:33.953,1782.248333333333
Pulse experiments,pioreactor01,2026-09-11T16:36:33.959Z,0.24501953125,555,2026-09-11 22:21:33.959,1782.248333333333
Pulse experiments,pioreactor01,2026-09-11T16:36:33.965Z,0.242421875,590,2026-09-11 22:21:33.965,1782.248333333333
Pulse experiments,pioreactor01,2026-09-11T16:36:33.971Z,0.24654296875,630,2026-09-11 22:21:33.971,1782.248333333333
Pulse experiments,pioreactor01,2026-09-11T16:36:33.977Z,0.129453125,680,2026-09-11 22:21:33.977,1782.248333333333
Pulse experiments,pioreactor01,2026-09-11T16:36:38.956Z,0.02150390625,415,2026-09-11 22:21:38.956,1782.249722222222
Pulse experiments,pioreactor01,2026-09-11T16:36:38.961Z,0.175703125,445,2026-09-11 22:21:38.961,1782.249722222222
Pulse experiments,pioreactor01,2026-09-11T16:36:38.967Z,0.1842578125,480,2026-09-11 22:21:38.967,1782.249722222222
Pulse experiments,pioreactor01,2026-09-11T16:36:38.971Z,0.21423828125,515,2026-09-11 22:21:38.971,1782.249722222222
Pulse experiments,pioreactor01,2026-09-11T16:36:38.979Z,0.24451171875,555,2026-09-11 22:21:38.979,1782.249722222222
Pulse experiments,pioreactor01,2026-09-11T16:36:38.981Z,0.2419921875,590,2026-09-11 22:21:38.981,1782.249722222222
Pulse experiments,pioreactor01,2026-09-11T16:36:38.987Z,0.24646484375,630,2026-09-11 22:21:38.987,1782.249722222222
Pulse experiments,pioreactor01,2026-09-11T16:36:38.991Z,0.1294921875,680,2026-09-11 22:21:38.991,1782.249722222222
Pulse experiments,pioreactor01,2026-09-11T16:36:43.933Z,0.0214453125,415,2026-09-11 22:21:43.933,1782.251111111111
Pulse experiments,pioreactor01,2026-09-11T16:36:43.938Z,0.17576171875,445,2026-09-11 22:21:43.938,1782.251111111111
Pulse experiments,pioreactor01,2026-09-11T16:36:43.946Z,0.18466796875,480,2026-09-11 22:21:43.946,1782.251111111111
Pulse experiments,pioreactor01,2026-09-11T16:36:43.952Z,0.21408203125,515,2026-09-11 22:21:43.952,1782.251111111111
Pulse experiments,pioreactor01,2026-09-11T16:36:43.955Z,0.24455078125,555,2026-09-11 22:21:43.955,1782.251111111111
Pulse experiments,pioreactor01,2026-09-11T16:36:43.964Z,0.24162109375,590,2026-09-11 22:21:43.964,1782.251111111111
Pulse experiments,pioreactor01,2026-09-11T16:36:43.972Z,0.24599609375,630,2026-09-11 22:21:43.972,1782.251111111111
Pulse experiments,pioreactor01,2026-09-11T16:36:43.978Z,0.1290625,680,2026-09-11 22:21:43.978,1782.251111111111
Pulse experiments,pioreactor01,2026-09-11T16:36:48.960Z,0.02154296875,415,2026-09-11 22:21:48.960,1782.2525
Pulse experiments,pioreactor01,2026-09-11T16:36:48.966Z,0.17609375,445,2026-09-11 22:21:48.966,1782.2525
Pulse experiments,pioreactor01,2026-09-11T16:36:48.971Z,0.18501953125,480,2026-09-11 22:21:48.971,1782.2525
Pulse experiments,pioreactor01,2026-09-11T16:36:48.975Z,0.21439453125,515,2026-09-11 22:21:48.975,1782.2525
Pulse experiments,pioreactor01,2026-09-11T16:36:48.980Z,0.24490234375,555,2026-09-11 22:21:48.980,1782.2525
Pulse experiments,pioreactor01,2026-09-11T16:36:48.984Z,0.2419140625,590,2026-09-11 22:21:48.984,1782.2525
Pulse experiments,pioreactor01,2026-09-11T16:36:48.990Z,0.2462109375,630,2026-09-11 22:21:48.990,1782.2525
Pulse experiments,pioreactor01,2026-09-11T16:36:48.995Z,0.12947265625,680,2026-09-11 22:21:48.995,1782.2525
Pulse experiments,pioreactor01,2026-09-11T16:36:53.922Z,0.0213671875,415,2026-09-11 22:21:53.922,1782.253888888889
Pulse experiments,pioreactor01,2026-09-11T16:36:53.936Z,0.1755859375,445,2026-09-11 22:21:53.936,1782.253888888889
Pulse experiments,pioreactor01,2026-09-11T16:36:53.944Z,0.18384765625,480,2026-09-11 22:21:53.944,1782.253888888889
Pulse experiments,pioreactor01,2026-09-11T16:36:53.954Z,0.21380859375,515,2026-09-11 22:21:53.954,1782.253888888889
Pulse experiments,pioreactor01,2026-09-11T16:36:53.961Z,0.24447265625,555,2026-09-11 22:21:53.961,1782.253888888889
Pulse experiments,pioreactor01,2026-09-11T16:36:53.969Z,0.24181640625,590,2026-09-11 22:21:53.969,1782.253888888889
Pulse experiments,pioreactor01,2026-09-11T16:36:53.978Z,0.24630859375,630,2026-09-11 22:21:53.978,1782.253888888889
Pulse experiments,pioreactor01,2026-09-11T16:36:53.984Z,0.1291015625,680,2026-09-11 22:21:53.984,1782.253888888889
Pulse experiments,pioreactor01,2026-09-11T16:36:58.941Z,0.02146484375,415,2026-09-11 22:21:58.941,1782.255277777778
Pulse experiments,pioreactor01,2026-09-11T16:36:58.948Z,0.17609375,445,2026-09-11 22:21:58.948,1782.255277777778
Pulse experiments,pioreactor01,2026-09-11T16:36:58.954Z,0.18474609375,480,2026-09-11 22:21:58.954,1782.255277777778
Pulse experiments,pioreactor01,2026-09-11T16:36:58.959Z,0.2141796875,515,2026-09-11 22:21:58.959,1782.255277777778
Pulse experiments,pioreactor01,2026-09-11T16:36:58.965Z,0.2453515625,555,2026-09-11 22:21:58.965,1782.255277777778
Pulse experiments,pioreactor01,2026-09-11T16:36:58.972Z,0.24236328125,590,2026-09-11 22:21:58.972,1782.255277777778
Pulse experiments,pioreactor01,2026-09-11T16:36:58.979Z,0.24708984375,630,2026-09-11 22:21:58.979,1782.255277777778
Pulse experiments,pioreactor01,2026-09-11T16:36:58.983Z,0.12962890625,680,2026-09-11 22:21:58.983,1782.255277777778
Pulse experiments,pioreactor01,2026-09-11T16:37:03.934Z,0.0214453125,415,2026-09-11 22:22:03.934,1782.256666666667
Pulse experiments,pioreactor01,2026-09-11T16:37:03.938Z,0.1759765625,445,2026-09-11 22:22:03.938,1782.256666666667
Pulse experiments,pioreactor01,2026-09-11T16:37:03.942Z,0.184453125,480,2026-09-11 22:22:03.942,1782.256666666667
Pulse experiments,pioreactor01,2026-09-11T16:37:03.947Z,0.21419921875,515,2026-09-11 22:22:03.947,1782.256666666667
Pulse experiments,pioreactor01,2026-09-11T16:37:03.953Z,0.24501953125,555,2026-09-11 22:22:03.953,1782.256666666667
Pulse experiments,pioreactor01,2026-09-11T16:37:03.956Z,0.24181640625,590,2026-09-11 22:22:03.956,1782.256666666667
Pulse experiments,pioreactor01,2026-09-11T16:37:03.961Z,0.24630859375,630,2026-09-11 22:22:03.961,1782.256666666667
Pulse experiments,pioreactor01,2026-09-11T16:37:03.965Z,0.1292578125,680,2026-09-11 22:22:03.965,1782.256666666667
Pulse experiments,pioreactor01,2026-09-11T16:37:08.930Z,0.02146484375,415,2026-09-11 22:22:08.930,1782.258055555556
Pulse experiments,pioreactor01,2026-09-11T16:37:08.936Z,0.17583984375,445,2026-09-11 22:22:08.936,1782.258055555556
Pulse experiments,pioreactor01,2026-09-11T16:37:08.944Z,0.18435546875,480,2026-09-11 22:22:08.944,1782.258055555556
Pulse experiments,pioreactor01,2026-09-11T16:37:08.953Z,0.2141015625,515,2026-09-11 22:22:08.953,1782.258055555556
Pulse experiments,pioreactor01,2026-09-11T16:37:08.960Z,0.24529296875,555,2026-09-11 22:22:08.960,1782.258055555556
Pulse experiments,pioreactor01,2026-09-11T16:37:08.967Z,0.2427734375,590,2026-09-11 22:22:08.967,1782.258055555556
Pulse experiments,pioreactor01,2026-09-11T16:37:08.976Z,0.2471484375,630,2026-09-11 22:22:08.976,1782.258055555556
Pulse experiments,pioreactor01,2026-09-11T16:37:08.979Z,0.12970703125,680,2026-09-11 22:22:08.979,1782.258055555556
Pulse experiments,pioreactor01,2026-09-11T16:37:13.929Z,0.0214453125,415,2026-09-11 22:22:13.929,1782.259444444444
Pulse experiments,pioreactor01,2026-09-11T16:37:13.935Z,0.17580078125,445,2026-09-11 22:22:13.935,1782.259444444444
Pulse experiments,pioreactor01,2026-09-11T16:37:13.939Z,0.184140625,480,2026-09-11 22:22:13.939,1782.259444444444
Pulse experiments,pioreactor01,2026-09-11T16:37:13.944Z,0.21392578125,515,2026-09-11 22:22:13.944,1782.259444444444
Pulse experiments,pioreactor01,2026-09-11T16:37:13.948Z,0.2445703125,555,2026-09-11 22:22:13.948,1782.259444444444
Pulse experiments,pioreactor01,2026-09-11T16:37:13.954Z,0.2418359375,590,2026-09-11 22:22:13.954,1782.259444444444
Pulse experiments,pioreactor01,2026-09-11T16:37:13.958Z,0.246171875,630,2026-09-11 22:22:13.958,1782.259444444444
Pulse experiments,pioreactor01,2026-09-11T16:37:13.964Z,0.12912109375,680,2026-09-11 22:22:13.964,1782.259444444444
Pulse experiments,pioreactor01,2026-09-11T16:37:18.931Z,0.02142578125,415,2026-09-11 22:22:18.931,1782.260833333333
Pulse experiments,pioreactor01,2026-09-11T16:37:18.937Z,0.1759765625,445,2026-09-11 22:22:18.937,1782.260833333333
Pulse experiments,pioreactor01,2026-09-11T16:37:18.942Z,0.18431640625,480,2026-09-11 22:22:18.942,1782.260833333333
Pulse experiments,pioreactor01,2026-09-11T16:37:18.947Z,0.21416015625,515,2026-09-11 22:22:18.947,1782.260833333333
Pulse experiments,pioreactor01,2026-09-11T16:37:18.952Z,0.24513671875,555,2026-09-11 22:22:18.952,1782.260833333333
Pulse experiments,pioreactor01,2026-09-11T16:37:18.957Z,0.2423828125,590,2026-09-11 22:22:18.957,1782.260833333333
Pulse experiments,pioreactor01,2026-09-11T16:37:18.963Z,0.24689453125,630,2026-09-11 22:22:18.963,1782.260833333333
Pulse experiments,pioreactor01,2026-09-11T16:37:18.968Z,0.12962890625,680,2026-09-11 22:22:18.968,1782.260833333333
Pulse experiments,pioreactor01,2026-09-11T16:38:41.049Z,0.02146484375,415,2026-09-11 22:23:41.049,1782.283888888889
Pulse experiments,pioreactor01,2026-09-11T16:38:41.112Z,0.1758984375,445,2026-09-11 22:23:41.112,1782.283888888889
Pulse experiments,pioreactor01,2026-09-11T16:38:41.113Z,0.1840234375,480,2026-09-11 22:23:41.113,1782.283888888889
Pulse experiments,pioreactor01,2026-09-11T16:38:41.114Z,0.2142578125,515,2026-09-11 22:23:41.114,1782.283888888889
Pulse experiments,pioreactor01,2026-09-11T16:38:41.115Z,0.24486328125,555,2026-09-11 22:23:41.115,1782.283888888889
Pulse experiments,pioreactor01,2026-09-11T16:38:41.117Z,0.2424609375,590,2026-09-11 22:23:41.117,1782.283888888889
Pulse experiments,pioreactor01,2026-09-11T16:38:41.118Z,0.24703125,630,2026-09-11 22:23:41.118,1782.283888888889
Pulse experiments,pioreactor01,2026-09-11T16:38:41.119Z,0.1293359375,680,2026-09-11 22:23:41.119,1782.283888888889
Pulse experiments,pioreactor01,2026-09-11T16:38:46.052Z,0.0215234375,415,2026-09-11 22:23:46.052,1782.285277777778
Pulse experiments,pioreactor01,2026-09-11T16:38:46.063Z,0.176484375,445,2026-09-11 22:23:46.063,1782.285277777778
Pulse experiments,pioreactor01,2026-09-11T16:38:46.074Z,0.1845703125,480,2026-09-11 22:23:46.074,1782.285277777778
Pulse experiments,pioreactor01,2026-09-11T16:38:46.090Z,0.2148046875,515,2026-09-11 22:23:46.090,1782.285277777778
Pulse experiments,pioreactor01,2026-09-11T16:38:46.092Z,0.24525390625,555,2026-09-11 22:23:46.092,1782.285277777778
Pulse experiments,pioreactor01,2026-09-11T16:38:46.109Z,0.24283203125,590,2026-09-11 22:23:46.109,1782.285277777778
Pulse experiments,pioreactor01,2026-09-11T16:38:46.115Z,0.2473046875,630,2026-09-11 22:23:46.115,1782.285277777778
Pulse experiments,pioreactor01,2026-09-11T16:38:46.126Z,0.1294140625,680,2026-09-11 22:23:46.126,1782.285277777778
Pulse experiments,pioreactor01,2026-09-11T16:38:51.041Z,0.0215234375,415,2026-09-11 22:23:51.041,1782.286666666667
Pulse experiments,pioreactor01,2026-09-11T16:38:51.046Z,0.1765234375,445,2026-09-11 22:23:51.046,1782.286666666667
Pulse experiments,pioreactor01,2026-09-11T16:38:51.050Z,0.1848828125,480,2026-09-11 22:23:51.050,1782.286666666667
Pulse experiments,pioreactor01,2026-09-11T16:38:51.056Z,0.215,515,2026-09-11 22:23:51.056,1782.286666666667
Pulse experiments,pioreactor01,2026-09-11T16:38:51.062Z,0.245,555,2026-09-11 22:23:51.062,1782.286666666667
Pulse experiments,pioreactor01,2026-09-11T16:38:51.069Z,0.24275390625,590,2026-09-11 22:23:51.069,1782.286666666667
Pulse experiments,pioreactor01,2026-09-11T16:38:51.072Z,0.2475,630,2026-09-11 22:23:51.072,1782.286666666667
Pulse experiments,pioreactor01,2026-09-11T16:38:51.077Z,0.12921875,680,2026-09-11 22:23:51.077,1782.286666666667
Pulse experiments,pioreactor01,2026-09-11T16:38:56.038Z,0.0215234375,415,2026-09-11 22:23:56.038,1782.288055555556
Pulse experiments,pioreactor01,2026-09-11T16:38:56.043Z,0.17662109375,445,2026-09-11 22:23:56.043,1782.288055555556
Pulse experiments,pioreactor01,2026-09-11T16:38:56.048Z,0.18484375,480,2026-09-11 22:23:56.048,1782.288055555556
Pulse experiments,pioreactor01,2026-09-11T16:38:56.056Z,0.21521484375,515,2026-09-11 22:23:56.056,1782.288055555556
Pulse experiments,pioreactor01,2026-09-11T16:38:56.064Z,0.24587890625,555,2026-09-11 22:23:56.064,1782.288055555556
Pulse experiments,pioreactor01,2026-09-11T16:38:56.069Z,0.24380859375,590,2026-09-11 22:23:56.069,1782.288055555556
Pulse experiments,pioreactor01,2026-09-11T16:38:56.074Z,0.248203125,630,2026-09-11 22:23:56.074,1782.288055555556
Pulse experiments,pioreactor01,2026-09-11T16:38:56.078Z,0.12974609375,680,2026-09-11 22:23:56.078,1782.288055555556
Pulse experiments,pioreactor01,2026-09-11T16:39:01.050Z,0.02158203125,415,2026-09-11 22:24:01.050,1782.289444444444
Pulse experiments,pioreactor01,2026-09-11T16:39:01.057Z,0.17734375,445,2026-09-11 22:24:01.057,1782.289444444444
Pulse experiments,pioreactor01,2026-09-11T16:39:01.063Z,0.18541015625,480,2026-09-11 22:24:01.063,1782.289444444444
Pulse experiments,pioreactor01,2026-09-11T16:39:01.070Z,0.21576171875,515,2026-09-11 22:24:01.070,1782.289444444444
Pulse experiments,pioreactor01,2026-09-11T16:39:01.088Z,0.24544921875,555,2026-09-11 22:24:01.088,1782.289444444444
Pulse experiments,pioreactor01,2026-09-11T16:39:01.095Z,0.24333984375,590,2026-09-11 22:24:01.095,1782.289444444444
Pulse experiments,pioreactor01,2026-09-11T16:39:01.112Z,0.24767578125,630,2026-09-11 22:24:01.112,1782.289444444444
Pulse experiments,pioreactor01,2026-09-11T16:39:01.114Z,0.129453125,680,2026-09-11 22:24:01.114,1782.289444444444
Pulse experiments,pioreactor01,2026-09-11T16:39:06.034Z,0.0215234375,415,2026-09-11 22:24:06.034,1782.290833333333
Pulse experiments,pioreactor01,2026-09-11T16:39:06.038Z,0.1765625,445,2026-09-11 22:24:06.038,1782.290833333333
Pulse experiments,pioreactor01,2026-09-11T16:39:06.042Z,0.18478515625,480,2026-09-11 22:24:06.042,1782.290833333333
Pulse experiments,pioreactor01,2026-09-11T16:39:06.047Z,0.2150390625,515,2026-09-11 22:24:06.047,1782.290833333333
Pulse experiments,pioreactor01,2026-09-11T16:39:06.052Z,0.2450390625,555,2026-09-11 22:24:06.052,1782.290833333333
Pulse experiments,pioreactor01,2026-09-11T16:39:06.056Z,0.24291015625,590,2026-09-11 22:24:06.056,1782.290833333333
Pulse experiments,pioreactor01,2026-09-11T16:39:06.061Z,0.247578125,630,2026-09-11 22:24:06.061,1782.290833333333
Pulse experiments,pioreactor01,2026-09-11T16:39:06.067Z,0.12916015625,680,2026-09-11 22:24:06.067,1782.290833333333
Pulse experiments,pioreactor01,2026-09-11T16:39:11.083Z,0.0215625,415,2026-09-11 22:24:11.083,1782.292222222222
Pulse experiments,pioreactor01,2026-09-11T16:39:11.090Z,0.17677734375,445,2026-09-11 22:24:11.090,1782.292222222222
Pulse experiments,pioreactor01,2026-09-11T16:39:11.095Z,0.185,480,2026-09-11 22:24:11.095,1782.292222222222
Pulse experiments,pioreactor01,2026-09-11T16:39:11.101Z,0.21533203125,515,2026-09-11 22:24:11.101,1782.292222222222
Pulse experiments,pioreactor01,2026-09-11T16:39:11.106Z,0.246171875,555,2026-09-11 22:24:11.106,1782.292222222222
Pulse experiments,pioreactor01,2026-09-11T16:39:11.112Z,0.24408203125,590,2026-09-11 22:24:11.112,1782.292222222222
Pulse experiments,pioreactor01,2026-09-11T16:39:11.116Z,0.24841796875,630,2026-09-11 22:24:11.116,1782.292222222222
Pulse experiments,pioreactor01,2026-09-11T16:39:11.121Z,0.1298046875,680,2026-09-11 22:24:11.121,1782.292222222222
Pulse experiments,pioreactor01,2026-09-11T16:39:16.043Z,0.0215234375,415,2026-09-11 22:24:16.043,1782.293611111111
Pulse experiments,pioreactor01,2026-09-11T16:39:16.054Z,0.1767578125,445,2026-09-11 22:24:16.054,1782.293611111111
Pulse experiments,pioreactor01,2026-09-11T16:39:16.063Z,0.18490234375,480,2026-09-11 22:24:16.063,1782.293611111111
Pulse experiments,pioreactor01,2026-09-11T16:39:16.082Z,0.2153125,515,2026-09-11 22:24:16.082,1782.293611111111
Pulse experiments,pioreactor01,2026-09-11T16:39:16.101Z,0.24548828125,555,2026-09-11 22:24:16.101,1782.293611111111
Pulse experiments,pioreactor01,2026-09-11T16:39:16.110Z,0.243125,590,2026-09-11 22:24:16.110,1782.293611111111
Pulse experiments,pioreactor01,2026-09-11T16:39:16.119Z,0.24767578125,630,2026-09-11 22:24:16.119,1782.293611111111
Pulse experiments,pioreactor01,2026-09-11T16:39:16.130Z,0.1291796875,680,2026-09-11 22:24:16.130,1782.293611111111
Pulse experiments,pioreactor01,2026-09-11T16:39:21.085Z,0.02150390625,415,2026-09-11 22:24:21.085,1782.295
Pulse experiments,pioreactor01,2026-09-11T16:39:21.089Z,0.1765625,445,2026-09-11 22:24:21.089,1782.295
Pulse experiments,pioreactor01,2026-09-11T16:39:21.094Z,0.18474609375,480,2026-09-11 22:24:21.094,1782.295
Pulse experiments,pioreactor01,2026-09-11T16:39:21.099Z,0.21505859375,515,2026-09-11 22:24:21.099,1782.295
Pulse experiments,pioreactor01,2026-09-11T16:39:21.104Z,0.24630859375,555,2026-09-11 22:24:21.104,1782.295
Pulse experiments,pioreactor01,2026-09-11T16:39:21.109Z,0.24408203125,590,2026-09-11 22:24:21.109,1782.295
Pulse experiments,pioreactor01,2026-09-11T16:39:21.115Z,0.2485546875,630,2026-09-11 22:24:21.115,1782.295
Pulse experiments,pioreactor01,2026-09-11T16:39:21.119Z,0.12978515625,680,2026-09-11 22:24:21.119,1782.295
Pulse experiments,pioreactor01,2026-09-11T16:39:26.291Z,0.0215625,415,2026-09-11 22:24:26.291,1782.296388888889
Pulse experiments,pioreactor01,2026-09-11T16:39:26.295Z,0.1769921875,445,2026-09-11 22:24:26.295,1782.296388888889
Pulse experiments,pioreactor01,2026-09-11T16:39:26.301Z,0.18505859375,480,2026-09-11 22:24:26.301,1782.296388888889
Pulse experiments,pioreactor01,2026-09-11T16:39:26.305Z,0.21560546875,515,2026-09-11 22:24:26.305,1782.296388888889
Pulse experiments,pioreactor01,2026-09-11T16:39:26.309Z,0.245859375,555,2026-09-11 22:24:26.309,1782.296388888889
Pulse experiments,pioreactor01,2026-09-11T16:39:26.314Z,0.2438671875,590,2026-09-11 22:24:26.314,1782.296388888889
Pulse experiments,pioreactor01,2026-09-11T16:39:26.319Z,0.24830078125,630,2026-09-11 22:24:26.319,1782.296388888889
Pulse experiments,pioreactor01,2026-09-11T16:39:26.324Z,0.12962890625,680,2026-09-11 22:24:26.324,1782.296388888889
Pulse experiments,pioreactor01,2026-09-11T16:39:31.090Z,0.02162109375,415,2026-09-11 22:24:31.090,1782.297777777778
Pulse experiments,pioreactor01,2026-09-11T16:39:31.093Z,0.1774609375,445,2026-09-11 22:24:31.093,1782.297777777778
Pulse experiments,pioreactor01,2026-09-11T16:39:31.100Z,0.185703125,480,2026-09-11 22:24:31.100,1782.297777777778
Pulse experiments,pioreactor01,2026-09-11T16:39:31.112Z,0.21630859375,515,2026-09-11 22:24:31.112,1782.297777777778
Pulse experiments,pioreactor01,2026-09-11T16:39:31.120Z,0.24623046875,555,2026-09-11 22:24:31.120,1782.297777777778
Pulse experiments,pioreactor01,2026-09-11T16:39:31.136Z,0.2442578125,590,2026-09-11 22:24:31.136,1782.297777777778
Pulse experiments,pioreactor01,2026-09-11T16:39:31.145Z,0.24857421875,630,2026-09-11 22:24:31.145,1782.297777777778
Pulse experiments,pioreactor01,2026-09-11T16:39:31.158Z,0.12974609375,680,2026-09-11 22:24:31.158,1782.297777777778
Pulse experiments,pioreactor01,2026-09-11T16:39:36.065Z,0.02154296875,415,2026-09-11 22:24:36.065,1782.299166666667
Pulse experiments,pioreactor01,2026-09-11T16:39:36.069Z,0.17671875,445,2026-09-11 22:24:36.069,1782.299166666667
Pulse experiments,pioreactor01,2026-09-11T16:39:36.074Z,0.18498046875,480,2026-09-11 22:24:36.074,1782.299166666667
Pulse experiments,pioreactor01,2026-09-11T16:39:36.078Z,0.21525390625,515,2026-09-11 22:24:36.078,1782.299166666667
Pulse experiments,pioreactor01,2026-09-11T16:39:36.083Z,0.245625,555,2026-09-11 22:24:36.083,1782.299166666667
Pulse experiments,pioreactor01,2026-09-11T16:39:36.088Z,0.24375,590,2026-09-11 22:24:36.088,1782.299166666667
Pulse experiments,pioreactor01,2026-09-11T16:39:36.093Z,0.24798828125,630,2026-09-11 22:24:36.093,1782.299166666667
Pulse experiments,pioreactor01,2026-09-11T16:39:36.098Z,0.12953125,680,2026-09-11 22:24:36.098,1782.299166666667
Pulse experiments,pioreactor01,2026-09-11T16:39:41.034Z,0.02158203125,415,2026-09-11 22:24:41.034,1782.300555555556
Pulse experiments,pioreactor01,2026-09-11T16:39:41.039Z,0.1769921875,445,2026-09-11 22:24:41.039,1782.300555555556
Pulse experiments,pioreactor01,2026-09-11T16:39:41.044Z,0.18521484375,480,2026-09-11 22:24:41.044,1782.300555555556
Pulse experiments,pioreactor01,2026-09-11T16:39:41.047Z,0.21560546875,515,2026-09-11 22:24:41.047,1782.300555555556
Pulse experiments,pioreactor01,2026-09-11T16:39:41.053Z,0.246484375,555,2026-09-11 22:24:41.053,1782.300555555556
Pulse experiments,pioreactor01,2026-09-11T16:39:41.057Z,0.24439453125,590,2026-09-11 22:24:41.057,1782.300555555556
Pulse experiments,pioreactor01,2026-09-11T16:39:41.062Z,0.24859375,630,2026-09-11 22:24:41.062,1782.300555555556
Pulse experiments,pioreactor01,2026-09-11T16:39:41.067Z,0.12994140625,680,2026-09-11 22:24:41.067,1782.300555555556
Pulse experiments,pioreactor01,2026-09-11T16:39:46.036Z,0.02162109375,415,2026-09-11 22:24:46.036,1782.301944444444
Pulse experiments,pioreactor01,2026-09-11T16:39:46.042Z,0.17734375,445,2026-09-11 22:24:46.042,1782.301944444444
Pulse experiments,pioreactor01,2026-09-11T16:39:46.046Z,0.18560546875,480,2026-09-11 22:24:46.046,1782.301944444444
Pulse experiments,pioreactor01,2026-09-11T16:39:46.051Z,0.2159765625,515,2026-09-11 22:24:46.051,1782.301944444444
Pulse experiments,pioreactor01,2026-09-11T16:39:46.055Z,0.2466796875,555,2026-09-11 22:24:46.055,1782.301944444444
Pulse experiments,pioreactor01,2026-09-11T16:39:46.061Z,0.2447265625,590,2026-09-11 22:24:46.061,1782.301944444444
Pulse experiments,pioreactor01,2026-09-11T16:39:46.065Z,0.24908203125,630,2026-09-11 22:24:46.065,1782.301944444444
Pulse experiments,pioreactor01,2026-09-11T16:39:46.070Z,0.13,680,2026-09-11 22:24:46.070,1782.301944444444
Pulse experiments,pioreactor01,2026-09-11T16:39:51.034Z,0.02158203125,415,2026-09-11 22:24:51.034,1782.303333333333
Pulse experiments,pioreactor01,2026-09-11T16:39:51.039Z,0.17712890625,445,2026-09-11 22:24:51.039,1782.303333333333
Pulse experiments,pioreactor01,2026-09-11T16:39:51.042Z,0.1852734375,480,2026-09-11 22:24:51.042,1782.303333333333
Pulse experiments,pioreactor01,2026-09-11T16:39:51.047Z,0.2155859375,515,2026-09-11 22:24:51.047,1782.303333333333
Pulse experiments,pioreactor01,2026-09-11T16:39:51.052Z,0.24638671875,555,2026-09-11 22:24:51.052,1782.303333333333
Pulse experiments,pioreactor01,2026-09-11T16:39:51.057Z,0.24453125,590,2026-09-11 22:24:51.057,1782.303333333333
Pulse experiments,pioreactor01,2026-09-11T16:39:51.061Z,0.24865234375,630,2026-09-11 22:24:51.061,1782.303333333333
Pulse experiments,pioreactor01,2026-09-11T16:39:51.066Z,0.12984375,680,2026-09-11 22:24:51.066,1782.303333333333
Pulse experiments,pioreactor01,2026-09-11T16:39:56.040Z,0.02162109375,415,2026-09-11 22:24:56.040,1782.304722222222
Pulse experiments,pioreactor01,2026-09-11T16:39:56.043Z,0.1775390625,445,2026-09-11 22:24:56.043,1782.304722222222
Pulse experiments,pioreactor01,2026-09-11T16:39:56.049Z,0.18560546875,480,2026-09-11 22:24:56.049,1782.304722222222
Pulse experiments,pioreactor01,2026-09-11T16:39:56.053Z,0.216015625,515,2026-09-11 22:24:56.053,1782.304722222222
Pulse experiments,pioreactor01,2026-09-11T16:39:56.057Z,0.24537109375,555,2026-09-11 22:24:56.057,1782.304722222222
Pulse experiments,pioreactor01,2026-09-11T16:39:56.062Z,0.24369140625,590,2026-09-11 22:24:56.062,1782.304722222222
Pulse experiments,pioreactor01,2026-09-11T16:39:56.068Z,0.24796875,630,2026-09-11 22:24:56.068,1782.304722222222
Pulse experiments,pioreactor01,2026-09-11T16:39:56.073Z,0.12951171875,680,2026-09-11 22:24:56.073,1782.304722222222
Pulse experiments,pioreactor01,2026-09-11T16:40:01.053Z,0.02158203125,415,2026-09-11 22:25:01.053,1782.306111111111
Pulse experiments,pioreactor01,2026-09-11T16:40:01.058Z,0.17685546875,445,2026-09-11 22:25:01.058,1782.306111111111
Pulse experiments,pioreactor01,2026-09-11T16:40:01.064Z,0.18509765625,480,2026-09-11 22:25:01.064,1782.306111111111
Pulse experiments,pioreactor01,2026-09-11T16:40:01.069Z,0.21546875,515,2026-09-11 22:25:01.069,1782.306111111111
Pulse experiments,pioreactor01,2026-09-11T16:40:01.078Z,0.2462890625,555,2026-09-11 22:25:01.078,1782.306111111111
Pulse experiments,pioreactor01,2026-09-11T16:40:01.081Z,0.24447265625,590,2026-09-11 22:25:01.081,1782.306111111111
Pulse experiments,pioreactor01,2026-09-11T16:40:01.085Z,0.24876953125,630,2026-09-11 22:25:01.085,1782.306111111111
Pulse experiments,pioreactor01,2026-09-11T16:40:01.099Z,0.12984375,680,2026-09-11 22:25:01.099,1782.306111111111
Pulse experiments,pioreactor01,2026-09-11T16:40:06.034Z,0.02158203125,415,2026-09-11 22:25:06.034,1782.3075
Pulse experiments,pioreactor01,2026-09-11T16:40:06.042Z,0.1770703125,445,2026-09-11 22:25:06.042,1782.3075
Pulse experiments,pioreactor01,2026-09-11T16:40:06.045Z,0.18513671875,480,2026-09-11 22:25:06.045,1782.3075
Pulse experiments,pioreactor01,2026-09-11T16:40:06.051Z,0.215703125,515,2026-09-11 22:25:06.051,1782.3075
Pulse experiments,pioreactor01,2026-09-11T16:40:06.055Z,0.24640625,555,2026-09-11 22:25:06.055,1782.3075
Pulse experiments,pioreactor01,2026-09-11T16:40:06.060Z,0.24443359375,590,2026-09-11 22:25:06.060,1782.3075
Pulse experiments,pioreactor01,2026-09-11T16:40:06.064Z,0.24876953125,630,2026-09-11 22:25:06.064,1782.3075
Pulse experiments,pioreactor01,2026-09-11T16:40:06.070Z,0.1299609375,680,2026-09-11 22:25:06.070,1782.3075
Pulse experiments,pioreactor01,2026-09-11T16:40:11.050Z,0.02158203125,415,2026-09-11 22:25:11.050,1782.308888888889
Pulse experiments,pioreactor01,2026-09-11T16:40:11.056Z,0.17740234375,445,2026-09-11 22:25:11.056,1782.308888888889
Pulse experiments,pioreactor01,2026-09-11T16:40:11.063Z,0.185546875,480,2026-09-11 22:25:11.063,1782.308888888889
Pulse experiments,pioreactor01,2026-09-11T16:40:11.073Z,0.21607421875,515,2026-09-11 22:25:11.073,1782.308888888889
Pulse experiments,pioreactor01,2026-09-11T16:40:11.080Z,0.2463671875,555,2026-09-11 22:25:11.080,1782.308888888889
Pulse experiments,pioreactor01,2026-09-11T16:40:11.086Z,0.244296875,590,2026-09-11 22:25:11.086,1782.308888888889
Pulse experiments,pioreactor01,2026-09-11T16:40:11.097Z,0.2490625,630,2026-09-11 22:25:11.097,1782.308888888889
Pulse experiments,pioreactor01,2026-09-11T16:40:11.104Z,0.1296875,680,2026-09-11 22:25:11.104,1782.308888888889
Pulse experiments,pioreactor01,2026-09-11T16:40:16.037Z,0.021640625,415,2026-09-11 22:25:16.037,1782.310277777778
Pulse experiments,pioreactor01,2026-09-11T16:40:16.043Z,0.1771875,445,2026-09-11 22:25:16.043,1782.310277777778
Pulse experiments,pioreactor01,2026-09-11T16:40:16.047Z,0.18517578125,480,2026-09-11 22:25:16.047,1782.310277777778
Pulse experiments,pioreactor01,2026-09-11T16:40:16.052Z,0.21611328125,515,2026-09-11 22:25:16.052,1782.310277777778
Pulse experiments,pioreactor01,2026-09-11T16:40:16.056Z,0.2461328125,555,2026-09-11 22:25:16.056,1782.310277777778
Pulse experiments,pioreactor01,2026-09-11T16:40:16.062Z,0.2442578125,590,2026-09-11 22:25:16.062,1782.310277777778
Pulse experiments,pioreactor01,2026-09-11T16:40:16.066Z,0.24845703125,630,2026-09-11 22:25:16.066,1782.310277777778
Pulse experiments,pioreactor01,2026-09-11T16:40:16.071Z,0.1296484375,680,2026-09-11 22:25:16.071,1782.310277777778
Pulse experiments,pioreactor01,2026-09-11T16:40:21.054Z,0.0215625,415,2026-09-11 22:25:21.054,1782.311666666667
Pulse experiments,pioreactor01,2026-09-11T16:40:21.057Z,0.1773046875,445,2026-09-11 22:25:21.057,1782.311666666667
Pulse experiments,pioreactor01,2026-09-11T16:40:21.063Z,0.1853125,480,2026-09-11 22:25:21.063,1782.311666666667
Pulse experiments,pioreactor01,2026-09-11T16:40:21.068Z,0.21595703125,515,2026-09-11 22:25:21.068,1782.311666666667
Pulse experiments,pioreactor01,2026-09-11T16:40:21.072Z,0.24603515625,555,2026-09-11 22:25:21.072,1782.311666666667
Pulse experiments,pioreactor01,2026-09-11T16:40:21.077Z,0.244375,590,2026-09-11 22:25:21.077,1782.311666666667
Pulse experiments,pioreactor01,2026-09-11T16:40:21.082Z,0.24884765625,630,2026-09-11 22:25:21.082,1782.311666666667
Pulse experiments,pioreactor01,2026-09-11T16:40:21.086Z,0.12982421875,680,2026-09-11 22:25:21.086,1782.311666666667
Pulse experiments,pioreactor01,2026-09-11T16:40:26.040Z,0.02158203125,415,2026-09-11 22:25:26.040,1782.313055555556
Pulse experiments,pioreactor01,2026-09-11T16:40:26.045Z,0.177421875,445,2026-09-11 22:25:26.045,1782.313055555556
Pulse experiments,pioreactor01,2026-09-11T16:40:26.050Z,0.18556640625,480,2026-09-11 22:25:26.050,1782.313055555556
Pulse experiments,pioreactor01,2026-09-11T16:40:26.055Z,0.21619140625,515,2026-09-11 22:25:26.055,1782.313055555556
Pulse experiments,pioreactor01,2026-09-11T16:40:26.060Z,0.2462890625,555,2026-09-11 22:25:26.060,1782.313055555556
Pulse experiments,pioreactor01,2026-09-11T16:40:26.064Z,0.2442578125,590,2026-09-11 22:25:26.064,1782.313055555556
Pulse experiments,pioreactor01,2026-09-11T16:40:26.068Z,0.248671875,630,2026-09-11 22:25:26.068,1782.313055555556
Pulse experiments,pioreactor01,2026-09-11T16:40:26.074Z,0.1296484375,680,2026-09-11 22:25:26.074,1782.313055555556
Pulse experiments,pioreactor01,2026-09-11T16:40:31.102Z,0.0216015625,415,2026-09-11 22:25:31.102,1782.314444444444
Pulse experiments,pioreactor01,2026-09-11T16:40:31.107Z,0.17744140625,445,2026-09-11 22:25:31.107,1782.314444444444
Pulse experiments,pioreactor01,2026-09-11T16:40:31.111Z,0.18546875,480,2026-09-11 22:25:31.111,1782.314444444444
Pulse experiments,pioreactor01,2026-09-11T16:40:31.116Z,0.2161328125,515,2026-09-11 22:25:31.116,1782.314444444444
Pulse experiments,pioreactor01,2026-09-11T16:40:31.121Z,0.2462109375,555,2026-09-11 22:25:31.121,1782.314444444444
Pulse experiments,pioreactor01,2026-09-11T16:40:31.126Z,0.244453125,590,2026-09-11 22:25:31.126,1782.314444444444
Pulse experiments,pioreactor01,2026-09-11T16:40:31.131Z,0.248671875,630,2026-09-11 22:25:31.131,1782.314444444444
Pulse experiments,pioreactor01,2026-09-11T16:40:31.135Z,0.1295703125,680,2026-09-11 22:25:31.135,1782.314444444444
Pulse experiments,pioreactor01,2026-09-11T16:40:36.035Z,0.02158203125,415,2026-09-11 22:25:36.035,1782.315833333333
Pulse experiments,pioreactor01,2026-09-11T16:40:36.044Z,0.17732421875,445,2026-09-11 22:25:36.044,1782.315833333333
Pulse experiments,pioreactor01,2026-09-11T16:40:36.054Z,0.18546875,480,2026-09-11 22:25:36.054,1782.315833333333
Pulse experiments,pioreactor01,2026-09-11T16:40:36.068Z,0.21578125,515,2026-09-11 22:25:36.068,1782.315833333333
Pulse experiments,pioreactor01,2026-09-11T16:40:36.080Z,0.2466015625,555,2026-09-11 22:25:36.080,1782.315833333333
Pulse experiments,pioreactor01,2026-09-11T16:40:36.088Z,0.24462890625,590,2026-09-11 22:25:36.088,1782.315833333333
Pulse experiments,pioreactor01,2026-09-11T16:40:36.096Z,0.24890625,630,2026-09-11 22:25:36.096,1782.315833333333
Pulse experiments,pioreactor01,2026-09-11T16:40:36.109Z,0.12984375,680,2026-09-11 22:25:36.109,1782.315833333333
Pulse experiments,pioreactor01,2026-09-11T16:40:41.035Z,0.0216015625,415,2026-09-11 22:25:41.035,1782.317222222222
Pulse experiments,pioreactor01,2026-09-11T16:40:41.040Z,0.17720703125,445,2026-09-11 22:25:41.040,1782.317222222222
Pulse experiments,pioreactor01,2026-09-11T16:40:41.051Z,0.18517578125,480,2026-09-11 22:25:41.051,1782.317222222222
Pulse experiments,pioreactor01,2026-09-11T16:40:41.052Z,0.21607421875,515,2026-09-11 22:25:41.052,1782.317222222222
Pulse experiments,pioreactor01,2026-09-11T16:40:41.055Z,0.2465234375,555,2026-09-11 22:25:41.055,1782.317222222222
Pulse experiments,pioreactor01,2026-09-11T16:40:41.058Z,0.24470703125,590,2026-09-11 22:25:41.058,1782.317222222222
Pulse experiments,pioreactor01,2026-09-11T16:40:41.064Z,0.2492578125,630,2026-09-11 22:25:41.064,1782.317222222222
Pulse experiments,pioreactor01,2026-09-11T16:40:41.068Z,0.12978515625,680,2026-09-11 22:25:41.068,1782.317222222222
Pulse experiments,pioreactor01,2026-09-11T16:40:46.061Z,0.02158203125,415,2026-09-11 22:25:46.061,1782.318611111111
Pulse experiments,pioreactor01,2026-09-11T16:40:46.112Z,0.177109375,445,2026-09-11 22:25:46.112,1782.318611111111
Pulse experiments,pioreactor01,2026-09-11T16:40:46.114Z,0.18544921875,480,2026-09-11 22:25:46.114,1782.318611111111
Pulse experiments,pioreactor01,2026-09-11T16:40:46.115Z,0.215703125,515,2026-09-11 22:25:46.115,1782.318611111111
Pulse experiments,pioreactor01,2026-09-11T16:40:46.117Z,0.24646484375,555,2026-09-11 22:25:46.117,1782.318611111111
Pulse experiments,pioreactor01,2026-09-11T16:40:46.118Z,0.24458984375,590,2026-09-11 22:25:46.118,1782.318611111111
Pulse experiments,pioreactor01,2026-09-11T16:40:46.119Z,0.24890625,630,2026-09-11 22:25:46.119,1782.318611111111
Pulse experiments,pioreactor01,2026-09-11T16:40:46.122Z,0.1297265625,680,2026-09-11 22:25:46.122,1782.318611111111
Pulse experiments,pioreactor01,2026-09-11T16:40:51.044Z,0.02158203125,415,2026-09-11 22:25:51.044,1782.32
Pulse experiments,pioreactor01,2026-09-11T16:40:51.059Z,0.17732421875,445,2026-09-11 22:25:51.059,1782.32
Pulse experiments,pioreactor01,2026-09-11T16:40:51.066Z,0.18556640625,480,2026-09-11 22:25:51.066,1782.32
Pulse experiments,pioreactor01,2026-09-11T16:40:51.074Z,0.2160546875,515,2026-09-11 22:25:51.074,1782.32
Pulse experiments,pioreactor01,2026-09-11T16:40:51.082Z,0.2466015625,555,2026-09-11 22:25:51.082,1782.32
Pulse experiments,pioreactor01,2026-09-11T16:40:51.093Z,0.24453125,590,2026-09-11 22:25:51.093,1782.32
Pulse experiments,pioreactor01,2026-09-11T16:40:51.102Z,0.24873046875,630,2026-09-11 22:25:51.102,1782.32
Pulse experiments,pioreactor01,2026-09-11T16:40:51.111Z,0.13001953125,680,2026-09-11 22:25:51.111,1782.32
Pulse experiments,pioreactor01,2026-09-11T16:40:56.039Z,0.02169921875,415,2026-09-11 22:25:56.039,1782.321388888889
Pulse experiments,pioreactor01,2026-09-11T16:40:56.044Z,0.1775390625,445,2026-09-11 22:25:56.044,1782.321388888889
Pulse experiments,pioreactor01,2026-09-11T16:40:56.049Z,0.18556640625,480,2026-09-11 22:25:56.049,1782.321388888889
Pulse experiments,pioreactor01,2026-09-11T16:40:56.053Z,0.21595703125,515,2026-09-11 22:25:56.053,1782.321388888889
Pulse experiments,pioreactor01,2026-09-11T16:40:56.059Z,0.24640625,555,2026-09-11 22:25:56.059,1782.321388888889
Pulse experiments,pioreactor01,2026-09-11T16:40:56.063Z,0.2446875,590,2026-09-11 22:25:56.063,1782.321388888889
Pulse experiments,pioreactor01,2026-09-11T16:40:56.068Z,0.2490234375,630,2026-09-11 22:25:56.068,1782.321388888889
Pulse experiments,pioreactor01,2026-09-11T16:40:56.074Z,0.12974609375,680,2026-09-11 22:25:56.074,1782.321388888889
Pulse experiments,pioreactor01,2026-09-11T16:41:01.039Z,0.02166015625,415,2026-09-11 22:26:01.039,1782.322777777778
Pulse experiments,pioreactor01,2026-09-11T16:41:01.045Z,0.17779296875,445,2026-09-11 22:26:01.045,1782.322777777778
Pulse experiments,pioreactor01,2026-09-11T16:41:01.050Z,0.18587890625,480,2026-09-11 22:26:01.050,1782.322777777778
Pulse experiments,pioreactor01,2026-09-11T16:41:01.056Z,0.21658203125,515,2026-09-11 22:26:01.056,1782.322777777778
Pulse experiments,pioreactor01,2026-09-11T16:41:01.060Z,0.24638671875,555,2026-09-11 22:26:01.060,1782.322777777778
Pulse experiments,pioreactor01,2026-09-11T16:41:01.065Z,0.24423828125,590,2026-09-11 22:26:01.065,1782.322777777778
Pulse experiments,pioreactor01,2026-09-11T16:41:01.072Z,0.24859375,630,2026-09-11 22:26:01.072,1782.322777777778
Pulse experiments,pioreactor01,2026-09-11T16:41:01.078Z,0.1298046875,680,2026-09-11 22:26:01.078,1782.322777777778
Pulse experiments,pioreactor01,2026-09-11T16:41:06.047Z,0.0216015625,415,2026-09-11 22:26:06.047,1782.324166666667
Pulse experiments,pioreactor01,2026-09-11T16:41:06.057Z,0.17705078125,445,2026-09-11 22:26:06.057,1782.324166666667
Pulse experiments,pioreactor01,2026-09-11T16:41:06.067Z,0.18521484375,480,2026-09-11 22:26:06.067,1782.324166666667
Pulse experiments,pioreactor01,2026-09-11T16:41:06.075Z,0.21587890625,515,2026-09-11 22:26:06.075,1782.324166666667
Pulse experiments,pioreactor01,2026-09-11T16:41:06.087Z,0.2462890625,555,2026-09-11 22:26:06.087,1782.324166666667
Pulse experiments,pioreactor01,2026-09-11T16:41:06.101Z,0.24455078125,590,2026-09-11 22:26:06.101,1782.324166666667
Pulse experiments,pioreactor01,2026-09-11T16:41:06.112Z,0.248984375,630,2026-09-11 22:26:06.112,1782.324166666667
Pulse experiments,pioreactor01,2026-09-11T16:41:06.119Z,0.1296484375,680,2026-09-11 22:26:06.119,1782.324166666667
Pulse experiments,pioreactor01,2026-09-11T16:41:11.047Z,0.021640625,415,2026-09-11 22:26:11.047,1782.325555555556
Pulse experiments,pioreactor01,2026-09-11T16:41:11.058Z,0.17767578125,445,2026-09-11 22:26:11.058,1782.325555555556
Pulse experiments,pioreactor01,2026-09-11T16:41:11.072Z,0.18560546875,480,2026-09-11 22:26:11.072,1782.325555555556
Pulse experiments,pioreactor01,2026-09-11T16:41:11.084Z,0.21625,515,2026-09-11 22:26:11.084,1782.325555555556
Pulse experiments,pioreactor01,2026-09-11T16:41:11.093Z,0.24634765625,555,2026-09-11 22:26:11.093,1782.325555555556
Pulse experiments,pioreactor01,2026-09-11T16:41:11.107Z,0.244609375,590,2026-09-11 22:26:11.107,1782.325555555556
Pulse experiments,pioreactor01,2026-09-11T16:41:11.117Z,0.24865234375,630,2026-09-11 22:26:11.117,1782.325555555556
Pulse experiments,pioreactor01,2026-09-11T16:41:11.126Z,0.129921875,680,2026-09-11 22:26:11.126,1782.325555555556
Pulse experiments,pioreactor01,2026-09-11T16:41:16.040Z,0.0215625,415,2026-09-11 22:26:16.040,1782.326944444445
Pulse experiments,pioreactor01,2026-09-11T16:41:16.045Z,0.17712890625,445,2026-09-11 22:26:16.045,1782.326944444445
Pulse experiments,pioreactor01,2026-09-11T16:41:16.050Z,0.1855078125,480,2026-09-11 22:26:16.050,1782.326944444445
Pulse experiments,pioreactor01,2026-09-11T16:41:16.055Z,0.21591796875,515,2026-09-11 22:26:16.055,1782.326944444445
Pulse experiments,pioreactor01,2026-09-11T16:41:16.060Z,0.2462890625,555,2026-09-11 22:26:16.060,1782.326944444445
Pulse experiments,pioreactor01,2026-09-11T16:41:16.065Z,0.24447265625,590,2026-09-11 22:26:16.065,1782.326944444445
Pulse experiments,pioreactor01,2026-09-11T16:41:16.070Z,0.24888671875,630,2026-09-11 22:26:16.070,1782.326944444445
Pulse experiments,pioreactor01,2026-09-11T16:41:16.074Z,0.1296875,680,2026-09-11 22:26:16.074,1782.326944444445
Pulse experiments,pioreactor01,2026-09-11T16:41:21.035Z,0.021640625,415,2026-09-11 22:26:21.035,1782.328333333333
Pulse experiments,pioreactor01,2026-09-11T16:41:21.039Z,0.1775,445,2026-09-11 22:26:21.039,1782.328333333333
Pulse experiments,pioreactor01,2026-09-11T16:41:21.043Z,0.18556640625,480,2026-09-11 22:26:21.043,1782.328333333333
Pulse experiments,pioreactor01,2026-09-11T16:41:21.049Z,0.2163671875,515,2026-09-11 22:26:21.049,1782.328333333333
Pulse experiments,pioreactor01,2026-09-11T16:41:21.052Z,0.24623046875,555,2026-09-11 22:26:21.052,1782.328333333333
Pulse experiments,pioreactor01,2026-09-11T16:41:21.059Z,0.24447265625,590,2026-09-11 22:26:21.059,1782.328333333333
Pulse experiments,pioreactor01,2026-09-11T16:41:21.061Z,0.24916015625,630,2026-09-11 22:26:21.061,1782.328333333333
Pulse experiments,pioreactor01,2026-09-11T16:41:21.066Z,0.12978515625,680,2026-09-11 22:26:21.066,1782.328333333333
Pulse experiments,pioreactor01,2026-09-11T16:41:26.083Z,0.021640625,415,2026-09-11 22:26:26.083,1782.329722222222
Pulse experiments,pioreactor01,2026-09-11T16:41:26.089Z,0.1773828125,445,2026-09-11 22:26:26.089,1782.329722222222
Pulse experiments,pioreactor01,2026-09-11T16:41:26.093Z,0.18564453125,480,2026-09-11 22:26:26.093,1782.329722222222
Pulse experiments,pioreactor01,2026-09-11T16:41:26.099Z,0.21615234375,515,2026-09-11 22:26:26.099,1782.329722222222
Pulse experiments,pioreactor01,2026-09-11T16:41:26.103Z,0.24640625,555,2026-09-11 22:26:26.103,1782.329722222222
Pulse experiments,pioreactor01,2026-09-11T16:41:26.109Z,0.244453125,590,2026-09-11 22:26:26.109,1782.329722222222
Pulse experiments,pioreactor01,2026-09-11T16:41:26.113Z,0.2487109375,630,2026-09-11 22:26:26.113,1782.329722222222
Pulse experiments,pioreactor01,2026-09-11T16:41:26.119Z,0.12982421875,680,2026-09-11 22:26:26.119,1782.329722222222
Pulse experiments,pioreactor01,2026-09-11T16:41:31.049Z,0.021640625,415,2026-09-11 22:26:31.049,1782.331111111111
Pulse experiments,pioreactor01,2026-09-11T16:41:31.051Z,0.17732421875,445,2026-09-11 22:26:31.051,1782.331111111111
Pulse experiments,pioreactor01,2026-09-11T16:41:31.057Z,0.1855078125,480,2026-09-11 22:26:31.057,1782.331111111111
Pulse experiments,pioreactor01,2026-09-11T16:41:31.063Z,0.21611328125,515,2026-09-11 22:26:31.063,1782.331111111111
Pulse experiments,pioreactor01,2026-09-11T16:41:31.080Z,0.246328125,555,2026-09-11 22:26:31.080,1782.331111111111
Pulse experiments,pioreactor01,2026-09-11T16:41:31.081Z,0.24423828125,590,2026-09-11 22:26:31.081,1782.331111111111
Pulse experiments,pioreactor01,2026-09-11T16:41:31.085Z,0.24865234375,630,2026-09-11 22:26:31.085,1782.331111111111
Pulse experiments,pioreactor01,2026-09-11T16:41:31.092Z,0.12984375,680,2026-09-11 22:26:31.092,1782.331111111111
Pulse experiments,pioreactor01,2026-09-11T16:41:36.037Z,0.021640625,415,2026-09-11 22:26:36.037,1782.3325
Pulse experiments,pioreactor01,2026-09-11T16:41:36.042Z,0.17734375,445,2026-09-11 22:26:36.042,1782.3325
Pulse experiments,pioreactor01,2026-09-11T16:41:36.047Z,0.18521484375,480,2026-09-11 22:26:36.047,1782.3325
Pulse experiments,pioreactor01,2026-09-11T16:41:36.052Z,0.21578125,515,2026-09-11 22:26:36.052,1782.3325
Pulse experiments,pioreactor01,2026-09-11T16:41:36.055Z,0.24677734375,555,2026-09-11 22:26:36.055,1782.3325
Pulse experiments,pioreactor01,2026-09-11T16:41:36.062Z,0.24466796875,590,2026-09-11 22:26:36.062,1782.3325
Pulse experiments,pioreactor01,2026-09-11T16:41:36.066Z,0.24931640625,630,2026-09-11 22:26:36.066,1782.3325
Pulse experiments,pioreactor01,2026-09-11T16:41:36.072Z,0.1299609375,680,2026-09-11 22:26:36.072,1782.3325
Pulse experiments,pioreactor01,2026-09-11T16:41:41.038Z,0.02166015625,415,2026-09-11 22:26:41.038,1782.333888888889
Pulse experiments,pioreactor01,2026-09-11T16:41:41.043Z,0.1776171875,445,2026-09-11 22:26:41.043,1782.333888888889
Pulse experiments,pioreactor01,2026-09-11T16:41:41.047Z,0.18595703125,480,2026-09-11 22:26:41.047,1782.333888888889
Pulse experiments,pioreactor01,2026-09-11T16:41:41.053Z,0.21671875,515,2026-09-11 22:26:41.053,1782.333888888889
Pulse experiments,pioreactor01,2026-09-11T16:41:41.057Z,0.2469140625,555,2026-09-11 22:26:41.057,1782.333888888889
Pulse experiments,pioreactor01,2026-09-11T16:41:41.062Z,0.24478515625,590,2026-09-11 22:26:41.062,1782.333888888889
Pulse experiments,pioreactor01,2026-09-11T16:41:41.066Z,0.24908203125,630,2026-09-11 22:26:41.066,1782.333888888889
Pulse experiments,pioreactor01,2026-09-11T16:41:41.071Z,0.13013671875,680,2026-09-11 22:26:41.071,1782.333888888889
Pulse experiments,pioreactor01,2026-09-11T16:41:46.059Z,0.0216015625,415,2026-09-11 22:26:46.059,1782.335277777778
Pulse experiments,pioreactor01,2026-09-11T16:41:46.075Z,0.17705078125,445,2026-09-11 22:26:46.075,1782.335277777778
Pulse experiments,pioreactor01,2026-09-11T16:41:46.084Z,0.18484375,480,2026-09-11 22:26:46.084,1782.335277777778
Pulse experiments,pioreactor01,2026-09-11T16:41:46.094Z,0.21583984375,515,2026-09-11 22:26:46.094,1782.335277777778
Pulse experiments,pioreactor01,2026-09-11T16:41:46.109Z,0.24591796875,555,2026-09-11 22:26:46.109,1782.335277777778
Pulse experiments,pioreactor01,2026-09-11T16:41:46.125Z,0.244296875,590,2026-09-11 22:26:46.125,1782.335277777778
Pulse experiments,pioreactor01,2026-09-11T16:41:46.139Z,0.24859375,630,2026-09-11 22:26:46.139,1782.335277777778
Pulse experiments,pioreactor01,2026-09-11T16:41:46.149Z,0.12943359375,680,2026-09-11 22:26:46.149,1782.335277777778
Pulse experiments,pioreactor01,2026-09-11T16:41:51.041Z,0.021640625,415,2026-09-11 22:26:51.041,1782.336666666667
Pulse experiments,pioreactor01,2026-09-11T16:41:51.045Z,0.17765625,445,2026-09-11 22:26:51.045,1782.336666666667
Pulse experiments,pioreactor01,2026-09-11T16:41:51.051Z,0.18580078125,480,2026-09-11 22:26:51.051,1782.336666666667
Pulse experiments,pioreactor01,2026-09-11T16:41:51.055Z,0.21623046875,515,2026-09-11 22:26:51.055,1782.336666666667
Pulse experiments,pioreactor01,2026-09-11T16:41:51.061Z,0.24666015625,555,2026-09-11 22:26:51.061,1782.336666666667
Pulse experiments,pioreactor01,2026-09-11T16:41:51.065Z,0.24490234375,590,2026-09-11 22:26:51.065,1782.336666666667
Pulse experiments,pioreactor01,2026-09-11T16:41:51.070Z,0.249375,630,2026-09-11 22:26:51.070,1782.336666666667
Pulse experiments,pioreactor01,2026-09-11T16:41:51.074Z,0.13001953125,680,2026-09-11 22:26:51.074,1782.336666666667
Pulse experiments,pioreactor01,2026-09-11T16:41:56.045Z,0.02162109375,415,2026-09-11 22:26:56.045,1782.338055555555
Pulse experiments,pioreactor01,2026-09-11T16:41:56.052Z,0.17748046875,445,2026-09-11 22:26:56.052,1782.338055555555
Pulse experiments,pioreactor01,2026-09-11T16:41:56.055Z,0.1856640625,480,2026-09-11 22:26:56.055,1782.338055555555
Pulse experiments,pioreactor01,2026-09-11T16:41:56.060Z,0.216171875,515,2026-09-11 22:26:56.060,1782.338055555555
Pulse experiments,pioreactor01,2026-09-11T16:41:56.065Z,0.246171875,555,2026-09-11 22:26:56.065,1782.338055555555
Pulse experiments,pioreactor01,2026-09-11T16:41:56.069Z,0.2441796875,590,2026-09-11 22:26:56.069,1782.338055555555
Pulse experiments,pioreactor01,2026-09-11T16:41:56.074Z,0.2483203125,630,2026-09-11 22:26:56.074,1782.338055555555
Pulse experiments,pioreactor01,2026-09-11T16:41:56.078Z,0.1298828125,680,2026-09-11 22:26:56.078,1782.338055555555
Pulse experiments,pioreactor01,2026-09-11T16:42:01.065Z,0.0216015625,415,2026-09-11 22:27:01.065,1782.339444444445
Pulse experiments,pioreactor01,2026-09-11T16:42:01.086Z,0.17748046875,445,2026-09-11 22:27:01.086,1782.339444444445
Pulse experiments,pioreactor01,2026-09-11T16:42:01.089Z,0.18537109375,480,2026-09-11 22:27:01.089,1782.339444444445
Pulse experiments,pioreactor01,2026-09-11T16:42:01.094Z,0.2161328125,515,2026-09-11 22:27:01.094,1782.339444444445
Pulse experiments,pioreactor01,2026-09-11T16:42:01.103Z,0.24662109375,555,2026-09-11 22:27:01.103,1782.339444444445
Pulse experiments,pioreactor01,2026-09-11T16:42:01.109Z,0.24453125,590,2026-09-11 22:27:01.109,1782.339444444445
Pulse experiments,pioreactor01,2026-09-11T16:42:01.115Z,0.248828125,630,2026-09-11 22:27:01.115,1782.339444444445
Pulse experiments,pioreactor01,2026-09-11T16:42:01.122Z,0.129765625,680,2026-09-11 22:27:01.122,1782.339444444445
Pulse experiments,pioreactor01,2026-09-11T16:42:06.053Z,0.02166015625,415,2026-09-11 22:27:06.053,1782.340833333333
Pulse experiments,pioreactor01,2026-09-11T16:42:06.063Z,0.17763671875,445,2026-09-11 22:27:06.063,1782.340833333333
Pulse experiments,pioreactor01,2026-09-11T16:42:06.072Z,0.18546875,480,2026-09-11 22:27:06.072,1782.340833333333
Pulse experiments,pioreactor01,2026-09-11T16:42:06.080Z,0.2165625,515,2026-09-11 22:27:06.080,1782.340833333333
Pulse experiments,pioreactor01,2026-09-11T16:42:06.084Z,0.246875,555,2026-09-11 22:27:06.084,1782.340833333333
Pulse experiments,pioreactor01,2026-09-11T16:42:06.093Z,0.245,590,2026-09-11 22:27:06.093,1782.340833333333
Pulse experiments,pioreactor01,2026-09-11T16:42:06.104Z,0.24927734375,630,2026-09-11 22:27:06.104,1782.340833333333
Pulse experiments,pioreactor01,2026-09-11T16:42:06.110Z,0.130078125,680,2026-09-11 22:27:06.110,1782.340833333333
Pulse experiments,pioreactor01,2026-09-11T16:42:11.054Z,0.02162109375,415,2026-09-11 22:27:11.054,1782.342222222222
Pulse experiments,pioreactor01,2026-09-11T16:42:11.060Z,0.1773828125,445,2026-09-11 22:27:11.060,1782.342222222222
Pulse experiments,pioreactor01,2026-09-11T16:42:11.068Z,0.18521484375,480,2026-09-11 22:27:11.068,1782.342222222222
Pulse experiments,pioreactor01,2026-09-11T16:42:11.077Z,0.21609375,515,2026-09-11 22:27:11.077,1782.342222222222
Pulse experiments,pioreactor01,2026-09-11T16:42:11.086Z,0.2462109375,555,2026-09-11 22:27:11.086,1782.342222222222
Pulse experiments,pioreactor01,2026-09-11T16:42:11.090Z,0.24474609375,590,2026-09-11 22:27:11.090,1782.342222222222
Pulse experiments,pioreactor01,2026-09-11T16:42:11.095Z,0.2490234375,630,2026-09-11 22:27:11.095,1782.342222222222
Pulse experiments,pioreactor01,2026-09-11T16:42:11.101Z,0.12966796875,680,2026-09-11 22:27:11.101,1782.342222222222
Pulse experiments,pioreactor01,2026-09-11T16:42:16.057Z,0.0215625,415,2026-09-11 22:27:16.057,1782.343611111111
Pulse experiments,pioreactor01,2026-09-11T16:42:16.064Z,0.17728515625,445,2026-09-11 22:27:16.064,1782.343611111111
Pulse experiments,pioreactor01,2026-09-11T16:42:16.072Z,0.18560546875,480,2026-09-11 22:27:16.072,1782.343611111111
Pulse experiments,pioreactor01,2026-09-11T16:42:16.077Z,0.2160546875,515,2026-09-11 22:27:16.077,1782.343611111111
Pulse experiments,pioreactor01,2026-09-11T16:42:16.083Z,0.24625,555,2026-09-11 22:27:16.083,1782.343611111111
Pulse experiments,pioreactor01,2026-09-11T16:42:16.088Z,0.24486328125,590,2026-09-11 22:27:16.088,1782.343611111111
Pulse experiments,pioreactor01,2026-09-11T16:42:16.098Z,0.24919921875,630,2026-09-11 22:27:16.098,1782.343611111111
Pulse experiments,pioreactor01,2026-09-11T16:42:16.102Z,0.12994140625,680,2026-09-11 22:27:16.102,1782.343611111111
Pulse experiments,pioreactor01,2026-09-11T16:42:21.038Z,0.021640625,415,2026-09-11 22:27:21.038,1782.345
Pulse experiments,pioreactor01,2026-09-11T16:42:21.043Z,0.1775390625,445,2026-09-11 22:27:21.043,1782.345
Pulse experiments,pioreactor01,2026-09-11T16:42:21.047Z,0.18572265625,480,2026-09-11 22:27:21.047,1782.345
Pulse experiments,pioreactor01,2026-09-11T16:42:21.053Z,0.21640625,515,2026-09-11 22:27:21.053,1782.345
Pulse experiments,pioreactor01,2026-09-11T16:42:21.059Z,0.2459765625,555,2026-09-11 22:27:21.059,1782.345
Pulse experiments,pioreactor01,2026-09-11T16:42:21.063Z,0.2442578125,590,2026-09-11 22:27:21.063,1782.345
Pulse experiments,pioreactor01,2026-09-11T16:42:21.066Z,0.24880859375,630,2026-09-11 22:27:21.066,1782.345
Pulse experiments,pioreactor01,2026-09-11T16:42:21.071Z,0.1295703125,680,2026-09-11 22:27:21.071,1782.345
Pulse experiments,pioreactor01,2026-09-11T16:42:26.070Z,0.0216015625,415,2026-09-11 22:27:26.070,1782.346388888889
Pulse experiments,pioreactor01,2026-09-11T16:42:26.074Z,0.17740234375,445,2026-09-11 22:27:26.074,1782.346388888889
Pulse experiments,pioreactor01,2026-09-11T16:42:26.077Z,0.18546875,480,2026-09-11 22:27:26.077,1782.346388888889
Pulse experiments,pioreactor01,2026-09-11T16:42:26.082Z,0.21599609375,515,2026-09-11 22:27:26.082,1782.346388888889
Pulse experiments,pioreactor01,2026-09-11T16:42:26.087Z,0.24630859375,555,2026-09-11 22:27:26.087,1782.346388888889
Pulse experiments,pioreactor01,2026-09-11T16:42:26.091Z,0.2444921875,590,2026-09-11 22:27:26.091,1782.346388888889
Pulse experiments,pioreactor01,2026-09-11T16:42:26.095Z,0.24892578125,630,2026-09-11 22:27:26.095,1782.346388888889
Pulse experiments,pioreactor01,2026-09-11T16:42:26.099Z,0.130078125,680,2026-09-11 22:27:26.099,1782.346388888889
Pulse experiments,pioreactor01,2026-09-11T16:42:31.042Z,0.0216015625,415,2026-09-11 22:27:31.042,1782.347777777778
Pulse experiments,pioreactor01,2026-09-11T16:42:31.048Z,0.177421875,445,2026-09-11 22:27:31.048,1782.347777777778
Pulse experiments,pioreactor01,2026-09-11T16:42:31.060Z,0.18546875,480,2026-09-11 22:27:31.060,1782.347777777778
Pulse experiments,pioreactor01,2026-09-11T16:42:31.067Z,0.21619140625,515,2026-09-11 22:27:31.067,1782.347777777778
Pulse experiments,pioreactor01,2026-09-11T16:42:31.073Z,0.24595703125,555,2026-09-11 22:27:31.073,1782.347777777778
Pulse experiments,pioreactor01,2026-09-11T16:42:31.087Z,0.24451171875,590,2026-09-11 22:27:31.087,1782.347777777778
Pulse experiments,pioreactor01,2026-09-11T16:42:31.094Z,0.2487890625,630,2026-09-11 22:27:31.094,1782.347777777778
Pulse experiments,pioreactor01,2026-09-11T16:42:31.107Z,0.12953125,680,2026-09-11 22:27:31.107,1782.347777777778
Pulse experiments,pioreactor01,2026-09-11T16:42:36.036Z,0.02158203125,415,2026-09-11 22:27:36.036,1782.349166666667
Pulse experiments,pioreactor01,2026-09-11T16:42:36.042Z,0.1771875,445,2026-09-11 22:27:36.042,1782.349166666667
Pulse experiments,pioreactor01,2026-09-11T16:42:36.046Z,0.18515625,480,2026-09-11 22:27:36.046,1782.349166666667
Pulse experiments,pioreactor01,2026-09-11T16:42:36.051Z,0.21578125,515,2026-09-11 22:27:36.051,1782.349166666667
Pulse experiments,pioreactor01,2026-09-11T16:42:36.055Z,0.2461328125,555,2026-09-11 22:27:36.055,1782.349166666667
Pulse experiments,pioreactor01,2026-09-11T16:42:36.061Z,0.24455078125,590,2026-09-11 22:27:36.061,1782.349166666667
Pulse experiments,pioreactor01,2026-09-11T16:42:36.066Z,0.2491796875,630,2026-09-11 22:27:36.066,1782.349166666667
Pulse experiments,pioreactor01,2026-09-11T16:42:36.071Z,0.1297265625,680,2026-09-11 22:27:36.071,1782.349166666667
Pulse experiments,pioreactor01,2026-09-11T16:42:41.053Z,0.02158203125,415,2026-09-11 22:27:41.053,1782.350555555556
Pulse experiments,pioreactor01,2026-09-11T16:42:41.060Z,0.1769921875,445,2026-09-11 22:27:41.060,1782.350555555556
Pulse experiments,pioreactor01,2026-09-11T16:42:41.074Z,0.1848828125,480,2026-09-11 22:27:41.074,1782.350555555556
Pulse experiments,pioreactor01,2026-09-11T16:42:41.081Z,0.2158984375,515,2026-09-11 22:27:41.081,1782.350555555556
Pulse experiments,pioreactor01,2026-09-11T16:42:41.089Z,0.24646484375,555,2026-09-11 22:27:41.089,1782.350555555556
Pulse experiments,pioreactor01,2026-09-11T16:42:41.098Z,0.24486328125,590,2026-09-11 22:27:41.098,1782.350555555556
Pulse experiments,pioreactor01,2026-09-11T16:42:41.107Z,0.249375,630,2026-09-11 22:27:41.107,1782.350555555556
Pulse experiments,pioreactor01,2026-09-11T16:42:41.114Z,0.13,680,2026-09-11 22:27:41.114,1782.350555555556
Pulse experiments,pioreactor01,2026-09-11T16:42:46.035Z,0.0216015625,415,2026-09-11 22:27:46.035,1782.351944444444
Pulse experiments,pioreactor01,2026-09-11T16:42:46.040Z,0.17734375,445,2026-09-11 22:27:46.040,1782.351944444444
Pulse experiments,pioreactor01,2026-09-11T16:42:46.044Z,0.18529296875,480,2026-09-11 22:27:46.044,1782.351944444444
Pulse experiments,pioreactor01,2026-09-11T16:42:46.048Z,0.216015625,515,2026-09-11 22:27:46.048,1782.351944444444
Pulse experiments,pioreactor01,2026-09-11T16:42:46.053Z,0.24642578125,555,2026-09-11 22:27:46.053,1782.351944444444
Pulse experiments,pioreactor01,2026-09-11T16:42:46.058Z,0.24458984375,590,2026-09-11 22:27:46.058,1782.351944444444
Pulse experiments,pioreactor01,2026-09-11T16:42:46.064Z,0.24888671875,630,2026-09-11 22:27:46.064,1782.351944444444
Pulse experiments,pioreactor01,2026-09-11T16:42:46.068Z,0.1298828125,680,2026-09-11 22:27:46.068,1782.351944444444
Pulse experiments,pioreactor01,2026-09-11T16:42:51.037Z,0.02158203125,415,2026-09-11 22:27:51.037,1782.353333333333
Pulse experiments,pioreactor01,2026-09-11T16:42:51.041Z,0.17759765625,445,2026-09-11 22:27:51.041,1782.353333333333
Pulse experiments,pioreactor01,2026-09-11T16:42:51.046Z,0.18556640625,480,2026-09-11 22:27:51.046,1782.353333333333
Pulse experiments,pioreactor01,2026-09-11T16:42:51.050Z,0.216328125,515,2026-09-11 22:27:51.050,1782.353333333333
Pulse experiments,pioreactor01,2026-09-11T16:42:51.055Z,0.2459375,555,2026-09-11 22:27:51.055,1782.353333333333
Pulse experiments,pioreactor01,2026-09-11T16:42:51.060Z,0.24427734375,590,2026-09-11 22:27:51.060,1782.353333333333
Pulse experiments,pioreactor01,2026-09-11T16:42:51.064Z,0.24861328125,630,2026-09-11 22:27:51.064,1782.353333333333
Pulse experiments,pioreactor01,2026-09-11T16:42:51.070Z,0.129453125,680,2026-09-11 22:27:51.070,1782.353333333333
Pulse experiments,pioreactor01,2026-09-11T16:42:56.063Z,0.021640625,415,2026-09-11 22:27:56.063,1782.354722222222
Pulse experiments,pioreactor01,2026-09-11T16:42:56.068Z,0.1776171875,445,2026-09-11 22:27:56.068,1782.354722222222
Pulse experiments,pioreactor01,2026-09-11T16:42:56.073Z,0.18578125,480,2026-09-11 22:27:56.073,1782.354722222222
Pulse experiments,pioreactor01,2026-09-11T16:42:56.078Z,0.2164453125,515,2026-09-11 22:27:56.078,1782.354722222222
Pulse experiments,pioreactor01,2026-09-11T16:42:56.083Z,0.24623046875,555,2026-09-11 22:27:56.083,1782.354722222222
Pulse experiments,pioreactor01,2026-09-11T16:42:56.087Z,0.24453125,590,2026-09-11 22:27:56.087,1782.354722222222
Pulse experiments,pioreactor01,2026-09-11T16:42:56.093Z,0.24908203125,630,2026-09-11 22:27:56.093,1782.354722222222
Pulse experiments,pioreactor01,2026-09-11T16:42:56.096Z,0.1296875,680,2026-09-11 22:27:56.096,1782.354722222222
Pulse experiments,pioreactor01,2026-09-11T16:43:01.048Z,0.0216015625,415,2026-09-11 22:28:01.048,1782.356111111111
Pulse experiments,pioreactor01,2026-09-11T16:43:01.051Z,0.17716796875,445,2026-09-11 22:28:01.051,1782.356111111111
Pulse experiments,pioreactor01,2026-09-11T16:43:01.057Z,0.1850390625,480,2026-09-11 22:28:01.057,1782.356111111111
Pulse experiments,pioreactor01,2026-09-11T16:43:01.062Z,0.21603515625,515,2026-09-11 22:28:01.062,1782.356111111111
Pulse experiments,pioreactor01,2026-09-11T16:43:01.066Z,0.2461328125,555,2026-09-11 22:28:01.066,1782.356111111111
Pulse experiments,pioreactor01,2026-09-11T16:43:01.074Z,0.24443359375,590,2026-09-11 22:28:01.074,1782.356111111111
Pulse experiments,pioreactor01,2026-09-11T16:43:01.078Z,0.2491015625,630,2026-09-11 22:28:01.078,1782.356111111111
Pulse experiments,pioreactor01,2026-09-11T16:43:01.082Z,0.1296484375,680,2026-09-11 22:28:01.082,1782.356111111111
Pulse experiments,pioreactor01,2026-09-11T16:43:06.040Z,0.02162109375,415,2026-09-11 22:28:06.040,1782.3575
Pulse experiments,pioreactor01,2026-09-11T16:43:06.042Z,0.177265625,445,2026-09-11 22:28:06.042,1782.3575
Pulse experiments,pioreactor01,2026-09-11T16:43:06.050Z,0.18513671875,480,2026-09-11 22:28:06.050,1782.3575
Pulse experiments,pioreactor01,2026-09-11T16:43:06.055Z,0.21587890625,515,2026-09-11 22:28:06.055,1782.3575
Pulse experiments,pioreactor01,2026-09-11T16:43:06.059Z,0.24572265625,555,2026-09-11 22:28:06.059,1782.3575
Pulse experiments,pioreactor01,2026-09-11T16:43:06.065Z,0.2441796875,590,2026-09-11 22:28:06.065,1782.3575
Pulse experiments,pioreactor01,2026-09-11T16:43:06.070Z,0.248671875,630,2026-09-11 22:28:06.070,1782.3575
Pulse experiments,pioreactor01,2026-09-11T16:43:06.075Z,0.1294921875,680,2026-09-11 22:28:06.075,1782.3575
Pulse experiments,pioreactor01,2026-09-11T16:43:11.044Z,0.021015625,415,2026-09-11 22:28:11.044,1782.358888888889
Pulse experiments,pioreactor01,2026-09-11T16:43:11.049Z,0.17599609375,445,2026-09-11 22:28:11.049,1782.358888888889
Pulse experiments,pioreactor01,2026-09-11T16:43:11.054Z,0.18341796875,480,2026-09-11 22:28:11.054,1782.358888888889
Pulse experiments,pioreactor01,2026-09-11T16:43:11.058Z,0.21328125,515,2026-09-11 22:28:11.058,1782.358888888889
Pulse experiments,pioreactor01,2026-09-11T16:43:11.065Z,0.238671875,555,2026-09-11 22:28:11.065,1782.358888888889
Pulse experiments,pioreactor01,2026-09-11T16:43:11.069Z,0.2276171875,590,2026-09-11 22:28:11.069,1782.358888888889
Pulse experiments,pioreactor01,2026-09-11T16:43:11.074Z,0.22892578125,630,2026-09-11 22:28:11.074,1782.358888888889
Pulse experiments,pioreactor01,2026-09-11T16:43:11.078Z,0.1269140625,680,2026-09-11 22:28:11.078,1782.358888888889
Pulse experiments,pioreactor01,2026-09-11T16:43:16.061Z,0.021015625,415,2026-09-11 22:28:16.061,1782.360277777778
Pulse experiments,pioreactor01,2026-09-11T16:43:16.066Z,0.1758984375,445,2026-09-11 22:28:16.066,1782.360277777778
Pulse experiments,pioreactor01,2026-09-11T16:43:16.072Z,0.1832421875,480,2026-09-11 22:28:16.072,1782.360277777778
Pulse experiments,pioreactor01,2026-09-11T16:43:16.083Z,0.2134765625,515,2026-09-11 22:28:16.083,1782.360277777778
Pulse experiments,pioreactor01,2026-09-11T16:43:16.086Z,0.23923828125,555,2026-09-11 22:28:16.086,1782.360277777778
Pulse experiments,pioreactor01,2026-09-11T16:43:16.088Z,0.229453125,590,2026-09-11 22:28:16.088,1782.360277777778
Pulse experiments,pioreactor01,2026-09-11T16:43:16.092Z,0.2309375,630,2026-09-11 22:28:16.092,1782.360277777778
Pulse experiments,pioreactor01,2026-09-11T16:43:16.099Z,0.12685546875,680,2026-09-11 22:28:16.099,1782.360277777778
Pulse experiments,pioreactor01,2026-09-11T16:43:21.052Z,0.02109375,415,2026-09-11 22:28:21.052,1782.361666666667
Pulse experiments,pioreactor01,2026-09-11T16:43:21.063Z,0.1769140625,445,2026-09-11 22:28:21.063,1782.361666666667
Pulse experiments,pioreactor01,2026-09-11T16:43:21.069Z,0.184140625,480,2026-09-11 22:28:21.069,1782.361666666667
Pulse experiments,pioreactor01,2026-09-11T16:43:21.078Z,0.21419921875,515,2026-09-11 22:28:21.078,1782.361666666667
Pulse experiments,pioreactor01,2026-09-11T16:43:21.087Z,0.23994140625,555,2026-09-11 22:28:21.087,1782.361666666667
Pulse experiments,pioreactor01,2026-09-11T16:43:21.102Z,0.23015625,590,2026-09-11 22:28:21.102,1782.361666666667
Pulse experiments,pioreactor01,2026-09-11T16:43:21.106Z,0.23154296875,630,2026-09-11 22:28:21.106,1782.361666666667
Pulse experiments,pioreactor01,2026-09-11T16:43:21.117Z,0.1270703125,680,2026-09-11 22:28:21.117,1782.361666666667
Pulse experiments,pioreactor01,2026-09-11T16:43:26.036Z,0.02111328125,415,2026-09-11 22:28:26.036,1782.363055555556
Pulse experiments,pioreactor01,2026-09-11T16:43:26.041Z,0.17583984375,445,2026-09-11 22:28:26.041,1782.363055555556
Pulse experiments,pioreactor01,2026-09-11T16:43:26.045Z,0.18345703125,480,2026-09-11 22:28:26.045,1782.363055555556
Pulse experiments,pioreactor01,2026-09-11T16:43:26.050Z,0.21333984375,515,2026-09-11 22:28:26.050,1782.363055555556
Pulse experiments,pioreactor01,2026-09-11T16:43:26.055Z,0.2397265625,555,2026-09-11 22:28:26.055,1782.363055555556
Pulse experiments,pioreactor01,2026-09-11T16:43:26.061Z,0.23021484375,590,2026-09-11 22:28:26.061,1782.363055555556
Pulse experiments,pioreactor01,2026-09-11T16:43:26.064Z,0.2315234375,630,2026-09-11 22:28:26.064,1782.363055555556
Pulse experiments,pioreactor01,2026-09-11T16:43:26.068Z,0.1270703125,680,2026-09-11 22:28:26.068,1782.363055555556
Pulse experiments,pioreactor01,2026-09-11T16:43:31.059Z,0.02115234375,415,2026-09-11 22:28:31.059,1782.364444444444
Pulse experiments,pioreactor01,2026-09-11T16:43:31.080Z,0.17681640625,445,2026-09-11 22:28:31.080,1782.364444444444
Pulse experiments,pioreactor01,2026-09-11T16:43:31.083Z,0.18431640625,480,2026-09-11 22:28:31.083,1782.364444444444
Pulse experiments,pioreactor01,2026-09-11T16:43:31.097Z,0.21435546875,515,2026-09-11 22:28:31.097,1782.364444444444
Pulse experiments,pioreactor01,2026-09-11T16:43:31.102Z,0.24046875,555,2026-09-11 22:28:31.102,1782.364444444444
Pulse experiments,pioreactor01,2026-09-11T16:43:31.109Z,0.23041015625,590,2026-09-11 22:28:31.109,1782.364444444444
Pulse experiments,pioreactor01,2026-09-11T16:43:31.122Z,0.231875,630,2026-09-11 22:28:31.122,1782.364444444444
Pulse experiments,pioreactor01,2026-09-11T16:43:31.125Z,0.1274609375,680,2026-09-11 22:28:31.125,1782.364444444444
Pulse experiments,pioreactor01,2026-09-11T16:43:36.034Z,0.02109375,415,2026-09-11 22:28:36.034,1782.365833333333
Pulse experiments,pioreactor01,2026-09-11T16:43:36.038Z,0.17658203125,445,2026-09-11 22:28:36.038,1782.365833333333
Pulse experiments,pioreactor01,2026-09-11T16:43:36.044Z,0.1842578125,480,2026-09-11 22:28:36.044,1782.365833333333
Pulse experiments,pioreactor01,2026-09-11T16:43:36.047Z,0.214140625,515,2026-09-11 22:28:36.047,1782.365833333333
Pulse experiments,pioreactor01,2026-09-11T16:43:36.053Z,0.2404296875,555,2026-09-11 22:28:36.053,1782.365833333333
Pulse experiments,pioreactor01,2026-09-11T16:43:36.056Z,0.23064453125,590,2026-09-11 22:28:36.056,1782.365833333333
Pulse experiments,pioreactor01,2026-09-11T16:43:36.061Z,0.231875,630,2026-09-11 22:28:36.061,1782.365833333333
Pulse experiments,pioreactor01,2026-09-11T16:43:36.066Z,0.1275,680,2026-09-11 22:28:36.066,1782.365833333333
Pulse experiments,pioreactor01,2026-09-11T16:43:41.056Z,0.02107421875,415,2026-09-11 22:28:41.056,1782.367222222222
Pulse experiments,pioreactor01,2026-09-11T16:43:41.062Z,0.17638671875,445,2026-09-11 22:28:41.062,1782.367222222222
Pulse experiments,pioreactor01,2026-09-11T16:43:41.070Z,0.18412109375,480,2026-09-11 22:28:41.070,1782.367222222222
Pulse experiments,pioreactor01,2026-09-11T16:43:41.076Z,0.21388671875,515,2026-09-11 22:28:41.076,1782.367222222222
Pulse experiments,pioreactor01,2026-09-11T16:43:41.081Z,0.23958984375,555,2026-09-11 22:28:41.081,1782.367222222222
Pulse experiments,pioreactor01,2026-09-11T16:43:41.091Z,0.22998046875,590,2026-09-11 22:28:41.091,1782.367222222222
Pulse experiments,pioreactor01,2026-09-11T16:43:41.096Z,0.2314453125,630,2026-09-11 22:28:41.096,1782.367222222222
Pulse experiments,pioreactor01,2026-09-11T16:43:41.101Z,0.126875,680,2026-09-11 22:28:41.101,1782.367222222222
Pulse experiments,pioreactor01,2026-09-11T16:43:46.035Z,0.02103515625,415,2026-09-11 22:28:46.035,1782.368611111111
Pulse experiments,pioreactor01,2026-09-11T16:43:46.041Z,0.1760546875,445,2026-09-11 22:28:46.041,1782.368611111111
Pulse experiments,pioreactor01,2026-09-11T16:43:46.045Z,0.18345703125,480,2026-09-11 22:28:46.045,1782.368611111111
Pulse experiments,pioreactor01,2026-09-11T16:43:46.052Z,0.2136328125,515,2026-09-11 22:28:46.052,1782.368611111111
Pulse experiments,pioreactor01,2026-09-11T16:43:46.058Z,0.239765625,555,2026-09-11 22:28:46.058,1782.368611111111
Pulse experiments,pioreactor01,2026-09-11T16:43:46.062Z,0.2300390625,590,2026-09-11 22:28:46.062,1782.368611111111
Pulse experiments,pioreactor01,2026-09-11T16:43:46.066Z,0.23166015625,630,2026-09-11 22:28:46.066,1782.368611111111
Pulse experiments,pioreactor01,2026-09-11T16:43:46.072Z,0.126953125,680,2026-09-11 22:28:46.072,1782.368611111111
Pulse experiments,pioreactor01,2026-09-11T16:43:51.057Z,0.021171875,415,2026-09-11 22:28:51.057,1782.37
Pulse experiments,pioreactor01,2026-09-11T16:43:51.065Z,0.17662109375,445,2026-09-11 22:28:51.065,1782.37
Pulse experiments,pioreactor01,2026-09-11T16:43:51.069Z,0.18408203125,480,2026-09-11 22:28:51.069,1782.37
Pulse experiments,pioreactor01,2026-09-11T16:43:51.073Z,0.21443359375,515,2026-09-11 22:28:51.073,1782.37
Pulse experiments,pioreactor01,2026-09-11T16:43:51.084Z,0.240390625,555,2026-09-11 22:28:51.084,1782.37
Pulse experiments,pioreactor01,2026-09-11T16:43:51.086Z,0.230625,590,2026-09-11 22:28:51.086,1782.37
Pulse experiments,pioreactor01,2026-09-11T16:43:51.091Z,0.23201171875,630,2026-09-11 22:28:51.091,1782.37
Pulse experiments,pioreactor01,2026-09-11T16:43:51.097Z,0.12755859375,680,2026-09-11 22:28:51.097,1782.37
Pulse experiments,pioreactor01,2026-09-11T16:43:56.032Z,0.02103515625,415,2026-09-11 22:28:56.032,1782.371388888889
Pulse experiments,pioreactor01,2026-09-11T16:43:56.036Z,0.176015625,445,2026-09-11 22:28:56.036,1782.371388888889
Pulse experiments,pioreactor01,2026-09-11T16:43:56.042Z,0.18306640625,480,2026-09-11 22:28:56.042,1782.371388888889
Pulse experiments,pioreactor01,2026-09-11T16:43:56.045Z,0.21345703125,515,2026-09-11 22:28:56.045,1782.371388888889
Pulse experiments,pioreactor01,2026-09-11T16:43:56.051Z,0.23955078125,555,2026-09-11 22:28:56.051,1782.371388888889
Pulse experiments,pioreactor01,2026-09-11T16:43:56.056Z,0.2301171875,590,2026-09-11 22:28:56.056,1782.371388888889
Pulse experiments,pioreactor01,2026-09-11T16:43:56.061Z,0.23146484375,630,2026-09-11 22:28:56.061,1782.371388888889
Pulse experiments,pioreactor01,2026-09-11T16:43:56.066Z,0.126953125,680,2026-09-11 22:28:56.066,1782.371388888889
Pulse experiments,pioreactor01,2026-09-11T16:44:01.035Z,0.021171875,415,2026-09-11 22:29:01.035,1782.372777777778
Pulse experiments,pioreactor01,2026-09-11T16:44:01.041Z,0.17671875,445,2026-09-11 22:29:01.041,1782.372777777778
Pulse experiments,pioreactor01,2026-09-11T16:44:01.044Z,0.18423828125,480,2026-09-11 22:29:01.044,1782.372777777778
Pulse experiments,pioreactor01,2026-09-11T16:44:01.049Z,0.2143359375,515,2026-09-11 22:29:01.049,1782.372777777778
Pulse experiments,pioreactor01,2026-09-11T16:44:01.055Z,0.2408203125,555,2026-09-11 22:29:01.055,1782.372777777778
Pulse experiments,pioreactor01,2026-09-11T16:44:01.060Z,0.2308203125,590,2026-09-11 22:29:01.060,1782.372777777778
Pulse experiments,pioreactor01,2026-09-11T16:44:01.065Z,0.23224609375,630,2026-09-11 22:29:01.065,1782.372777777778
Pulse experiments,pioreactor01,2026-09-11T16:44:01.071Z,0.1275390625,680,2026-09-11 22:29:01.071,1782.372777777778
Pulse experiments,pioreactor01,2026-09-11T16:44:06.071Z,0.02115234375,415,2026-09-11 22:29:06.071,1782.374166666667
Pulse experiments,pioreactor01,2026-09-11T16:44:06.076Z,0.17646484375,445,2026-09-11 22:29:06.076,1782.374166666667
Pulse experiments,pioreactor01,2026-09-11T16:44:06.081Z,0.18373046875,480,2026-09-11 22:29:06.081,1782.374166666667
Pulse experiments,pioreactor01,2026-09-11T16:44:06.086Z,0.21392578125,515,2026-09-11 22:29:06.086,1782.374166666667
Pulse experiments,pioreactor01,2026-09-11T16:44:06.096Z,0.240234375,555,2026-09-11 22:29:06.096,1782.374166666667
Pulse experiments,pioreactor01,2026-09-11T16:44:06.101Z,0.23025390625,590,2026-09-11 22:29:06.101,1782.374166666667
Pulse experiments,pioreactor01,2026-09-11T16:44:06.106Z,0.2319140625,630,2026-09-11 22:29:06.106,1782.374166666667
Pulse experiments,pioreactor01,2026-09-11T16:44:06.115Z,0.12720703125,680,2026-09-11 22:29:06.115,1782.374166666667
Pulse experiments,pioreactor01,2026-09-11T16:44:11.032Z,0.02107421875,415,2026-09-11 22:29:11.032,1782.375555555556
Pulse experiments,pioreactor01,2026-09-11T16:44:11.036Z,0.17615234375,445,2026-09-11 22:29:11.036,1782.375555555556
Pulse experiments,pioreactor01,2026-09-11T16:44:11.041Z,0.18328125,480,2026-09-11 22:29:11.041,1782.375555555556
Pulse experiments,pioreactor01,2026-09-11T16:44:11.047Z,0.2136328125,515,2026-09-11 22:29:11.047,1782.375555555556
Pulse experiments,pioreactor01,2026-09-11T16:44:11.050Z,0.23951171875,555,2026-09-11 22:29:11.050,1782.375555555556
Pulse experiments,pioreactor01,2026-09-11T16:44:11.057Z,0.23009765625,590,2026-09-11 22:29:11.057,1782.375555555556
Pulse experiments,pioreactor01,2026-09-11T16:44:11.060Z,0.23140625,630,2026-09-11 22:29:11.060,1782.375555555556
Pulse experiments,pioreactor01,2026-09-11T16:44:11.065Z,0.1269921875,680,2026-09-11 22:29:11.065,1782.375555555556
Pulse experiments,pioreactor01,2026-09-11T16:44:16.036Z,0.0210546875,415,2026-09-11 22:29:16.036,1782.376944444444
Pulse experiments,pioreactor01,2026-09-11T16:44:16.047Z,0.17595703125,445,2026-09-11 22:29:16.047,1782.376944444444
Pulse experiments,pioreactor01,2026-09-11T16:44:16.054Z,0.18373046875,480,2026-09-11 22:29:16.054,1782.376944444444
Pulse experiments,pioreactor01,2026-09-11T16:44:16.057Z,0.21359375,515,2026-09-11 22:29:16.057,1782.376944444444
Pulse experiments,pioreactor01,2026-09-11T16:44:16.061Z,0.2401953125,555,2026-09-11 22:29:16.061,1782.376944444444
Pulse experiments,pioreactor01,2026-09-11T16:44:16.066Z,0.23044921875,590,2026-09-11 22:29:16.066,1782.376944444444
Pulse experiments,pioreactor01,2026-09-11T16:44:16.076Z,0.23201171875,630,2026-09-11 22:29:16.076,1782.376944444444
Pulse experiments,pioreactor01,2026-09-11T16:44:16.079Z,0.1273046875,680,2026-09-11 22:29:16.079,1782.376944444444
Pulse experiments,pioreactor01,2026-09-11T16:44:21.064Z,0.0210546875,415,2026-09-11 22:29:21.064,1782.378333333333
Pulse experiments,pioreactor01,2026-09-11T16:44:21.069Z,0.17576171875,445,2026-09-11 22:29:21.069,1782.378333333333
Pulse experiments,pioreactor01,2026-09-11T16:44:21.074Z,0.1831640625,480,2026-09-11 22:29:21.074,1782.378333333333
Pulse experiments,pioreactor01,2026-09-11T16:44:21.079Z,0.21337890625,515,2026-09-11 22:29:21.079,1782.378333333333
Pulse experiments,pioreactor01,2026-09-11T16:44:21.091Z,0.240078125,555,2026-09-11 22:29:21.091,1782.378333333333
Pulse experiments,pioreactor01,2026-09-11T16:44:21.098Z,0.23033203125,590,2026-09-11 22:29:21.098,1782.378333333333
Pulse experiments,pioreactor01,2026-09-11T16:44:21.100Z,0.23181640625,630,2026-09-11 22:29:21.100,1782.378333333333
Pulse experiments,pioreactor01,2026-09-11T16:44:21.108Z,0.127109375,680,2026-09-11 22:29:21.108,1782.378333333333
Pulse experiments,pioreactor01,2026-09-11T16:44:26.039Z,0.02109375,415,2026-09-11 22:29:26.039,1782.379722222222
Pulse experiments,pioreactor01,2026-09-11T16:44:26.042Z,0.17638671875,445,2026-09-11 22:29:26.042,1782.379722222222
Pulse experiments,pioreactor01,2026-09-11T16:44:26.046Z,0.18380859375,480,2026-09-11 22:29:26.046,1782.379722222222
Pulse experiments,pioreactor01,2026-09-11T16:44:26.050Z,0.2139453125,515,2026-09-11 22:29:26.050,1782.379722222222
Pulse experiments,pioreactor01,2026-09-11T16:44:26.056Z,0.2408203125,555,2026-09-11 22:29:26.056,1782.379722222222
Pulse experiments,pioreactor01,2026-09-11T16:44:26.059Z,0.230859375,590,2026-09-11 22:29:26.059,1782.379722222222
Pulse experiments,pioreactor01,2026-09-11T16:44:26.064Z,0.2321484375,630,2026-09-11 22:29:26.064,1782.379722222222
Pulse experiments,pioreactor01,2026-09-11T16:44:26.069Z,0.1275390625,680,2026-09-11 22:29:26.069,1782.379722222222
Pulse experiments,pioreactor01,2026-09-11T16:44:31.039Z,0.0210546875,415,2026-09-11 22:29:31.039,1782.381111111111
Pulse experiments,pioreactor01,2026-09-11T16:44:31.046Z,0.176015625,445,2026-09-11 22:29:31.046,1782.381111111111
Pulse experiments,pioreactor01,2026-09-11T16:44:31.054Z,0.183515625,480,2026-09-11 22:29:31.054,1782.381111111111
Pulse experiments,pioreactor01,2026-09-11T16:44:31.057Z,0.213671875,515,2026-09-11 22:29:31.057,1782.381111111111
Pulse experiments,pioreactor01,2026-09-11T16:44:31.062Z,0.23984375,555,2026-09-11 22:29:31.062,1782.381111111111
Pulse experiments,pioreactor01,2026-09-11T16:44:31.066Z,0.23005859375,590,2026-09-11 22:29:31.066,1782.381111111111
Pulse experiments,pioreactor01,2026-09-11T16:44:31.073Z,0.2316796875,630,2026-09-11 22:29:31.073,1782.381111111111
Pulse experiments,pioreactor01,2026-09-11T16:44:31.077Z,0.126875,680,2026-09-11 22:29:31.077,1782.381111111111
Pulse experiments,pioreactor01,2026-09-11T16:44:36.040Z,0.0210546875,415,2026-09-11 22:29:36.040,1782.3825
Pulse experiments,pioreactor01,2026-09-11T16:44:36.046Z,0.17623046875,445,2026-09-11 22:29:36.046,1782.3825
Pulse experiments,pioreactor01,2026-09-11T16:44:36.050Z,0.18369140625,480,2026-09-11 22:29:36.050,1782.3825
Pulse experiments,pioreactor01,2026-09-11T16:44:36.054Z,0.2137109375,515,2026-09-11 22:29:36.054,1782.3825
Pulse experiments,pioreactor01,2026-09-11T16:44:36.059Z,0.2399609375,555,2026-09-11 22:29:36.059,1782.3825
Pulse experiments,pioreactor01,2026-09-11T16:44:36.065Z,0.2303125,590,2026-09-11 22:29:36.065,1782.3825
Pulse experiments,pioreactor01,2026-09-11T16:44:36.069Z,0.23171875,630,2026-09-11 22:29:36.069,1782.3825
Pulse experiments,pioreactor01,2026-09-11T16:44:36.073Z,0.1272265625,680,2026-09-11 22:29:36.073,1782.3825
Pulse experiments,pioreactor01,2026-09-11T16:44:41.044Z,0.02109375,415,2026-09-11 22:29:41.044,1782.383888888889
Pulse experiments,pioreactor01,2026-09-11T16:44:41.058Z,0.17625,445,2026-09-11 22:29:41.058,1782.383888888889
Pulse experiments,pioreactor01,2026-09-11T16:44:41.073Z,0.18421875,480,2026-09-11 22:29:41.073,1782.383888888889
Pulse experiments,pioreactor01,2026-09-11T16:44:41.080Z,0.2137890625,515,2026-09-11 22:29:41.080,1782.383888888889
Pulse experiments,pioreactor01,2026-09-11T16:44:41.093Z,0.23994140625,555,2026-09-11 22:29:41.093,1782.383888888889
Pulse experiments,pioreactor01,2026-09-11T16:44:41.109Z,0.2301953125,590,2026-09-11 22:29:41.109,1782.383888888889
Pulse experiments,pioreactor01,2026-09-11T16:44:41.121Z,0.23154296875,630,2026-09-11 22:29:41.121,1782.383888888889
Pulse experiments,pioreactor01,2026-09-11T16:44:41.134Z,0.12708984375,680,2026-09-11 22:29:41.134,1782.383888888889
Pulse experiments,pioreactor01,2026-09-11T16:44:46.036Z,0.02109375,415,2026-09-11 22:29:46.036,1782.385277777778
Pulse experiments,pioreactor01,2026-09-11T16:44:46.046Z,0.17611328125,445,2026-09-11 22:29:46.046,1782.385277777778
Pulse experiments,pioreactor01,2026-09-11T16:44:46.048Z,0.18373046875,480,2026-09-11 22:29:46.048,1782.385277777778
Pulse experiments,pioreactor01,2026-09-11T16:44:46.052Z,0.21359375,515,2026-09-11 22:29:46.052,1782.385277777778
Pulse experiments,pioreactor01,2026-09-11T16:44:46.057Z,0.23974609375,555,2026-09-11 22:29:46.057,1782.385277777778
Pulse experiments,pioreactor01,2026-09-11T16:44:46.064Z,0.229921875,590,2026-09-11 22:29:46.064,1782.385277777778
Pulse experiments,pioreactor01,2026-09-11T16:44:46.076Z,0.2313671875,630,2026-09-11 22:29:46.076,1782.385277777778
Pulse experiments,pioreactor01,2026-09-11T16:44:46.079Z,0.1269140625,680,2026-09-11 22:29:46.079,1782.385277777778
Pulse experiments,pioreactor01,2026-09-11T16:44:51.030Z,0.0210546875,415,2026-09-11 22:29:51.030,1782.386666666667
Pulse experiments,pioreactor01,2026-09-11T16:44:51.037Z,0.17591796875,445,2026-09-11 22:29:51.037,1782.386666666667
Pulse experiments,pioreactor01,2026-09-11T16:44:51.042Z,0.1834375,480,2026-09-11 22:29:51.042,1782.386666666667
Pulse experiments,pioreactor01,2026-09-11T16:44:51.045Z,0.21359375,515,2026-09-11 22:29:51.045,1782.386666666667
Pulse experiments,pioreactor01,2026-09-11T16:44:51.052Z,0.23990234375,555,2026-09-11 22:29:51.052,1782.386666666667
Pulse experiments,pioreactor01,2026-09-11T16:44:51.055Z,0.230234375,590,2026-09-11 22:29:51.055,1782.386666666667
Pulse experiments,pioreactor01,2026-09-11T16:44:51.059Z,0.23177734375,630,2026-09-11 22:29:51.059,1782.386666666667
Pulse experiments,pioreactor01,2026-09-11T16:44:51.064Z,0.1271484375,680,2026-09-11 22:29:51.064,1782.386666666667
Pulse experiments,pioreactor01,2026-09-11T16:44:56.065Z,0.02107421875,415,2026-09-11 22:29:56.065,1782.388055555556
Pulse experiments,pioreactor01,2026-09-11T16:44:56.069Z,0.17642578125,445,2026-09-11 22:29:56.069,1782.388055555556
Pulse experiments,pioreactor01,2026-09-11T16:44:56.073Z,0.18419921875,480,2026-09-11 22:29:56.073,1782.388055555556
Pulse experiments,pioreactor01,2026-09-11T16:44:56.077Z,0.21384765625,515,2026-09-11 22:29:56.077,1782.388055555556
Pulse experiments,pioreactor01,2026-09-11T16:44:56.086Z,0.2403515625,555,2026-09-11 22:29:56.086,1782.388055555556
Pulse experiments,pioreactor01,2026-09-11T16:44:56.092Z,0.230234375,590,2026-09-11 22:29:56.092,1782.388055555556
Pulse experiments,pioreactor01,2026-09-11T16:44:56.097Z,0.2315234375,630,2026-09-11 22:29:56.097,1782.388055555556
Pulse experiments,pioreactor01,2026-09-11T16:44:56.104Z,0.127578125,680,2026-09-11 22:29:56.104,1782.388055555556
Pulse experiments,pioreactor01,2026-09-11T16:45:01.035Z,0.02111328125,415,2026-09-11 22:30:01.035,1782.389444444445
Pulse experiments,pioreactor01,2026-09-11T16:45:01.040Z,0.17626953125,445,2026-09-11 22:30:01.040,1782.389444444445
Pulse experiments,pioreactor01,2026-09-11T16:45:01.044Z,0.1834375,480,2026-09-11 22:30:01.044,1782.389444444445
Pulse experiments,pioreactor01,2026-09-11T16:45:01.049Z,0.21359375,515,2026-09-11 22:30:01.049,1782.389444444445
Pulse experiments,pioreactor01,2026-09-11T16:45:01.054Z,0.24009765625,555,2026-09-11 22:30:01.054,1782.389444444445
Pulse experiments,pioreactor01,2026-09-11T16:45:01.058Z,0.23041015625,590,2026-09-11 22:30:01.058,1782.389444444445
Pulse experiments,pioreactor01,2026-09-11T16:45:01.063Z,0.23197265625,630,2026-09-11 22:30:01.063,1782.389444444445
Pulse experiments,pioreactor01,2026-09-11T16:45:01.067Z,0.127265625,680,2026-09-11 22:30:01.067,1782.389444444445
Pulse experiments,pioreactor01,2026-09-11T16:45:06.047Z,0.0211328125,415,2026-09-11 22:30:06.047,1782.390833333333
Pulse experiments,pioreactor01,2026-09-11T16:45:06.056Z,0.17638671875,445,2026-09-11 22:30:06.056,1782.390833333333
Pulse experiments,pioreactor01,2026-09-11T16:45:06.065Z,0.18396484375,480,2026-09-11 22:30:06.065,1782.390833333333
Pulse experiments,pioreactor01,2026-09-11T16:45:06.076Z,0.21421875,515,2026-09-11 22:30:06.076,1782.390833333333
Pulse experiments,pioreactor01,2026-09-11T16:45:06.086Z,0.24001953125,555,2026-09-11 22:30:06.086,1782.390833333333
Pulse experiments,pioreactor01,2026-09-11T16:45:06.095Z,0.23013671875,590,2026-09-11 22:30:06.095,1782.390833333333
Pulse experiments,pioreactor01,2026-09-11T16:45:06.113Z,0.2316015625,630,2026-09-11 22:30:06.113,1782.390833333333
Pulse experiments,pioreactor01,2026-09-11T16:45:06.125Z,0.12724609375,680,2026-09-11 22:30:06.125,1782.390833333333
Pulse experiments,pioreactor01,2026-09-11T16:45:11.050Z,0.0210546875,415,2026-09-11 22:30:11.050,1782.392222222222
Pulse experiments,pioreactor01,2026-09-11T16:45:11.058Z,0.17615234375,445,2026-09-11 22:30:11.058,1782.392222222222
Pulse experiments,pioreactor01,2026-09-11T16:45:11.065Z,0.18359375,480,2026-09-11 22:30:11.065,1782.392222222222
Pulse experiments,pioreactor01,2026-09-11T16:45:11.072Z,0.21375,515,2026-09-11 22:30:11.072,1782.392222222222
Pulse experiments,pioreactor01,2026-09-11T16:45:11.081Z,0.2396484375,555,2026-09-11 22:30:11.081,1782.392222222222
Pulse experiments,pioreactor01,2026-09-11T16:45:11.086Z,0.230234375,590,2026-09-11 22:30:11.086,1782.392222222222
Pulse experiments,pioreactor01,2026-09-11T16:45:11.094Z,0.2315234375,630,2026-09-11 22:30:11.094,1782.392222222222
Pulse experiments,pioreactor01,2026-09-11T16:45:11.101Z,0.12724609375,680,2026-09-11 22:30:11.101,1782.392222222222
Pulse experiments,pioreactor01,2026-09-11T16:45:16.062Z,0.0211328125,415,2026-09-11 22:30:16.062,1782.393611111111
Pulse experiments,pioreactor01,2026-09-11T16:45:16.070Z,0.17642578125,445,2026-09-11 22:30:16.070,1782.393611111111
Pulse experiments,pioreactor01,2026-09-11T16:45:16.074Z,0.1841015625,480,2026-09-11 22:30:16.074,1782.393611111111
Pulse experiments,pioreactor01,2026-09-11T16:45:16.081Z,0.2139453125,515,2026-09-11 22:30:16.081,1782.393611111111
Pulse experiments,pioreactor01,2026-09-11T16:45:16.085Z,0.2407421875,555,2026-09-11 22:30:16.085,1782.393611111111
Pulse experiments,pioreactor01,2026-09-11T16:45:16.091Z,0.230703125,590,2026-09-11 22:30:16.091,1782.393611111111
Pulse experiments,pioreactor01,2026-09-11T16:45:16.096Z,0.23212890625,630,2026-09-11 22:30:16.096,1782.393611111111
Pulse experiments,pioreactor01,2026-09-11T16:45:16.102Z,0.12767578125,680,2026-09-11 22:30:16.102,1782.393611111111
Pulse experiments,pioreactor01,2026-09-11T16:45:21.045Z,0.02111328125,415,2026-09-11 22:30:21.045,1782.395
Pulse experiments,pioreactor01,2026-09-11T16:45:21.050Z,0.17625,445,2026-09-11 22:30:21.050,1782.395
Pulse experiments,pioreactor01,2026-09-11T16:45:21.055Z,0.1839453125,480,2026-09-11 22:30:21.055,1782.395
Pulse experiments,pioreactor01,2026-09-11T16:45:21.060Z,0.21392578125,515,2026-09-11 22:30:21.060,1782.395
Pulse experiments,pioreactor01,2026-09-11T16:45:21.066Z,0.240234375,555,2026-09-11 22:30:21.066,1782.395
Pulse experiments,pioreactor01,2026-09-11T16:45:21.069Z,0.23033203125,590,2026-09-11 22:30:21.069,1782.395
Pulse experiments,pioreactor01,2026-09-11T16:45:21.074Z,0.2315625,630,2026-09-11 22:30:21.074,1782.395
Pulse experiments,pioreactor01,2026-09-11T16:45:21.078Z,0.12751953125,680,2026-09-11 22:30:21.078,1782.395
Pulse experiments,pioreactor01,2026-09-11T16:45:26.038Z,0.02115234375,415,2026-09-11 22:30:26.038,1782.396388888889
Pulse experiments,pioreactor01,2026-09-11T16:45:26.041Z,0.176640625,445,2026-09-11 22:30:26.041,1782.396388888889
Pulse experiments,pioreactor01,2026-09-11T16:45:26.047Z,0.18388671875,480,2026-09-11 22:30:26.047,1782.396388888889
Pulse experiments,pioreactor01,2026-09-11T16:45:26.050Z,0.21408203125,515,2026-09-11 22:30:26.050,1782.396388888889
Pulse experiments,pioreactor01,2026-09-11T16:45:26.054Z,0.24015625,555,2026-09-11 22:30:26.054,1782.396388888889
Pulse experiments,pioreactor01,2026-09-11T16:45:26.059Z,0.230625,590,2026-09-11 22:30:26.059,1782.396388888889
Pulse experiments,pioreactor01,2026-09-11T16:45:26.063Z,0.2322265625,630,2026-09-11 22:30:26.063,1782.396388888889
Pulse experiments,pioreactor01,2026-09-11T16:45:26.069Z,0.12734375,680,2026-09-11 22:30:26.069,1782.396388888889
Pulse experiments,pioreactor01,2026-09-11T16:45:31.042Z,0.02109375,415,2026-09-11 22:30:31.042,1782.397777777778
Pulse experiments,pioreactor01,2026-09-11T16:45:31.046Z,0.17603515625,445,2026-09-11 22:30:31.046,1782.397777777778
Pulse experiments,pioreactor01,2026-09-11T16:45:31.052Z,0.1831640625,480,2026-09-11 22:30:31.052,1782.397777777778
Pulse experiments,pioreactor01,2026-09-11T16:45:31.055Z,0.21357421875,515,2026-09-11 22:30:31.055,1782.397777777778
Pulse experiments,pioreactor01,2026-09-11T16:45:31.061Z,0.2393359375,555,2026-09-11 22:30:31.061,1782.397777777778
Pulse experiments,pioreactor01,2026-09-11T16:45:31.066Z,0.22998046875,590,2026-09-11 22:30:31.066,1782.397777777778
Pulse experiments,pioreactor01,2026-09-11T16:45:31.070Z,0.2315625,630,2026-09-11 22:30:31.070,1782.397777777778
Pulse experiments,pioreactor01,2026-09-11T16:45:31.075Z,0.12697265625,680,2026-09-11 22:30:31.075,1782.397777777778
Pulse experiments,pioreactor01,2026-09-11T16:45:36.056Z,0.02103515625,415,2026-09-11 22:30:36.056,1782.399166666667
Pulse experiments,pioreactor01,2026-09-11T16:45:36.061Z,0.17580078125,445,2026-09-11 22:30:36.061,1782.399166666667
Pulse experiments,pioreactor01,2026-09-11T16:45:36.066Z,0.18318359375,480,2026-09-11 22:30:36.066,1782.399166666667
Pulse experiments,pioreactor01,2026-09-11T16:45:36.071Z,0.2133984375,515,2026-09-11 22:30:36.071,1782.399166666667
Pulse experiments,pioreactor01,2026-09-11T16:45:36.075Z,0.2394140625,555,2026-09-11 22:30:36.075,1782.399166666667
Pulse experiments,pioreactor01,2026-09-11T16:45:36.079Z,0.23001953125,590,2026-09-11 22:30:36.079,1782.399166666667
Pulse experiments,pioreactor01,2026-09-11T16:45:36.084Z,0.23158203125,630,2026-09-11 22:30:36.084,1782.399166666667
Pulse experiments,pioreactor01,2026-09-11T16:45:36.088Z,0.12697265625,680,2026-09-11 22:30:36.088,1782.399166666667
Pulse experiments,pioreactor01,2026-09-11T16:45:41.044Z,0.02111328125,415,2026-09-11 22:30:41.044,1782.400555555555
Pulse experiments,pioreactor01,2026-09-11T16:45:41.053Z,0.1765234375,445,2026-09-11 22:30:41.053,1782.400555555555
Pulse experiments,pioreactor01,2026-09-11T16:45:41.055Z,0.1837890625,480,2026-09-11 22:30:41.055,1782.400555555555
Pulse experiments,pioreactor01,2026-09-11T16:45:41.065Z,0.2140234375,515,2026-09-11 22:30:41.065,1782.400555555555
Pulse experiments,pioreactor01,2026-09-11T16:45:41.071Z,0.23962890625,555,2026-09-11 22:30:41.071,1782.400555555555
Pulse experiments,pioreactor01,2026-09-11T16:45:41.075Z,0.22982421875,590,2026-09-11 22:30:41.075,1782.400555555555
Pulse experiments,pioreactor01,2026-09-11T16:45:41.083Z,0.23134765625,630,2026-09-11 22:30:41.083,1782.400555555555
Pulse experiments,pioreactor01,2026-09-11T16:45:41.087Z,0.12693359375,680,2026-09-11 22:30:41.087,1782.400555555555
Pulse experiments,pioreactor01,2026-09-11T16:45:46.034Z,0.02109375,415,2026-09-11 22:30:46.034,1782.401944444445
Pulse experiments,pioreactor01,2026-09-11T16:45:46.039Z,0.176640625,445,2026-09-11 22:30:46.039,1782.401944444445
Pulse experiments,pioreactor01,2026-09-11T16:45:46.043Z,0.1837890625,480,2026-09-11 22:30:46.043,1782.401944444445
Pulse experiments,pioreactor01,2026-09-11T16:45:46.049Z,0.21404296875,515,2026-09-11 22:30:46.049,1782.401944444445
Pulse experiments,pioreactor01,2026-09-11T16:45:46.052Z,0.23990234375,555,2026-09-11 22:30:46.052,1782.401944444445
Pulse experiments,pioreactor01,2026-09-11T16:45:46.056Z,0.23015625,590,2026-09-11 22:30:46.056,1782.401944444445
Pulse experiments,pioreactor01,2026-09-11T16:45:46.062Z,0.23150390625,630,2026-09-11 22:30:46.062,1782.401944444445
Pulse experiments,pioreactor01,2026-09-11T16:45:46.066Z,0.12720703125,680,2026-09-11 22:30:46.066,1782.401944444445
Pulse experiments,pioreactor01,2026-09-11T16:45:51.038Z,0.0210546875,415,2026-09-11 22:30:51.038,1782.403333333333
Pulse experiments,pioreactor01,2026-09-11T16:45:51.043Z,0.17611328125,445,2026-09-11 22:30:51.043,1782.403333333333
Pulse experiments,pioreactor01,2026-09-11T16:45:51.047Z,0.18326171875,480,2026-09-11 22:30:51.047,1782.403333333333
Pulse experiments,pioreactor01,2026-09-11T16:45:51.051Z,0.21345703125,515,2026-09-11 22:30:51.051,1782.403333333333
Pulse experiments,pioreactor01,2026-09-11T16:45:51.057Z,0.23966796875,555,2026-09-11 22:30:51.057,1782.403333333333
Pulse experiments,pioreactor01,2026-09-11T16:45:51.061Z,0.230078125,590,2026-09-11 22:30:51.061,1782.403333333333
Pulse experiments,pioreactor01,2026-09-11T16:45:51.066Z,0.23138671875,630,2026-09-11 22:30:51.066,1782.403333333333
Pulse experiments,pioreactor01,2026-09-11T16:45:51.070Z,0.12703125,680,2026-09-11 22:30:51.070,1782.403333333333
Pulse experiments,pioreactor01,2026-09-11T16:45:56.042Z,0.021171875,415,2026-09-11 22:30:56.042,1782.404722222222
Pulse experiments,pioreactor01,2026-09-11T16:45:56.049Z,0.1764453125,445,2026-09-11 22:30:56.049,1782.404722222222
Pulse experiments,pioreactor01,2026-09-11T16:45:56.052Z,0.18388671875,480,2026-09-11 22:30:56.052,1782.404722222222
Pulse experiments,pioreactor01,2026-09-11T16:45:56.062Z,0.21380859375,515,2026-09-11 22:30:56.062,1782.404722222222
Pulse experiments,pioreactor01,2026-09-11T16:45:56.066Z,0.23994140625,555,2026-09-11 22:30:56.066,1782.404722222222
Pulse experiments,pioreactor01,2026-09-11T16:45:56.072Z,0.23017578125,590,2026-09-11 22:30:56.072,1782.404722222222
Pulse experiments,pioreactor01,2026-09-11T16:45:56.079Z,0.23158203125,630,2026-09-11 22:30:56.079,1782.404722222222
Pulse experiments,pioreactor01,2026-09-11T16:45:56.081Z,0.1271484375,680,2026-09-11 22:30:56.081,1782.404722222222
Pulse experiments,pioreactor01,2026-09-11T16:46:01.049Z,0.0211328125,415,2026-09-11 22:31:01.049,1782.406111111111
Pulse experiments,pioreactor01,2026-09-11T16:46:01.050Z,0.1763671875,445,2026-09-11 22:31:01.050,1782.406111111111
Pulse experiments,pioreactor01,2026-09-11T16:46:01.068Z,0.1834765625,480,2026-09-11 22:31:01.068,1782.406111111111
Pulse experiments,pioreactor01,2026-09-11T16:46:01.076Z,0.2137109375,515,2026-09-11 22:31:01.076,1782.406111111111
Pulse experiments,pioreactor01,2026-09-11T16:46:01.088Z,0.24015625,555,2026-09-11 22:31:01.088,1782.406111111111
Pulse experiments,pioreactor01,2026-09-11T16:46:01.104Z,0.23041015625,590,2026-09-11 22:31:01.104,1782.406111111111
Pulse experiments,pioreactor01,2026-09-11T16:46:01.116Z,0.23169921875,630,2026-09-11 22:31:01.116,1782.406111111111
Pulse experiments,pioreactor01,2026-09-11T16:46:01.130Z,0.12736328125,680,2026-09-11 22:31:01.130,1782.406111111111
Pulse experiments,pioreactor01,2026-09-11T16:46:06.067Z,0.02076171875,415,2026-09-11 22:31:06.067,1782.4075
Pulse experiments,pioreactor01,2026-09-11T16:46:06.077Z,0.17771484375,445,2026-09-11 22:31:06.077,1782.4075
Pulse experiments,pioreactor01,2026-09-11T16:46:06.086Z,0.18494140625,480,2026-09-11 22:31:06.086,1782.4075
Pulse experiments,pioreactor01,2026-09-11T16:46:06.093Z,0.213828125,515,2026-09-11 22:31:06.093,1782.4075
Pulse experiments,pioreactor01,2026-09-11T16:46:06.098Z,0.2361328125,555,2026-09-11 22:31:06.098,1782.4075
Pulse experiments,pioreactor01,2026-09-11T16:46:06.107Z,0.217734375,590,2026-09-11 22:31:06.107,1782.4075
Pulse experiments,pioreactor01,2026-09-11T16:46:06.113Z,0.2175,630,2026-09-11 22:31:06.113,1782.4075
Pulse experiments,pioreactor01,2026-09-11T16:46:06.119Z,0.1273046875,680,2026-09-11 22:31:06.119,1782.4075
Pulse experiments,pioreactor01,2026-09-11T16:46:11.033Z,0.0203125,415,2026-09-11 22:31:11.033,1782.408888888889
Pulse experiments,pioreactor01,2026-09-11T16:46:11.037Z,0.17466796875,445,2026-09-11 22:31:11.037,1782.408888888889
Pulse experiments,pioreactor01,2026-09-11T16:46:11.042Z,0.18111328125,480,2026-09-11 22:31:11.042,1782.408888888889
Pulse experiments,pioreactor01,2026-09-11T16:46:11.048Z,0.20935546875,515,2026-09-11 22:31:11.048,1782.408888888889
Pulse experiments,pioreactor01,2026-09-11T16:46:11.052Z,0.22859375,555,2026-09-11 22:31:11.052,1782.408888888889
Pulse experiments,pioreactor01,2026-09-11T16:46:11.058Z,0.209296875,590,2026-09-11 22:31:11.058,1782.408888888889
Pulse experiments,pioreactor01,2026-09-11T16:46:11.062Z,0.2090625,630,2026-09-11 22:31:11.062,1782.408888888889
Pulse experiments,pioreactor01,2026-09-11T16:46:11.067Z,0.123203125,680,2026-09-11 22:31:11.067,1782.408888888889
Pulse experiments,pioreactor01,2026-09-11T16:46:16.042Z,0.02025390625,415,2026-09-11 22:31:16.042,1782.410277777778
Pulse experiments,pioreactor01,2026-09-11T16:46:16.048Z,0.17439453125,445,2026-09-11 22:31:16.048,1782.410277777778
Pulse experiments,pioreactor01,2026-09-11T16:46:16.053Z,0.1807421875,480,2026-09-11 22:31:16.053,1782.410277777778
Pulse experiments,pioreactor01,2026-09-11T16:46:16.057Z,0.2093359375,515,2026-09-11 22:31:16.057,1782.410277777778
Pulse experiments,pioreactor01,2026-09-11T16:46:16.062Z,0.22998046875,555,2026-09-11 22:31:16.062,1782.410277777778
Pulse experiments,pioreactor01,2026-09-11T16:46:16.067Z,0.21033203125,590,2026-09-11 22:31:16.067,1782.410277777778
Pulse experiments,pioreactor01,2026-09-11T16:46:16.073Z,0.210390625,630,2026-09-11 22:31:16.073,1782.410277777778
Pulse experiments,pioreactor01,2026-09-11T16:46:16.078Z,0.12384765625,680,2026-09-11 22:31:16.078,1782.410277777778
Pulse experiments,pioreactor01,2026-09-11T16:46:21.036Z,0.0202734375,415,2026-09-11 22:31:21.036,1782.411666666667
Pulse experiments,pioreactor01,2026-09-11T16:46:21.040Z,0.1745703125,445,2026-09-11 22:31:21.040,1782.411666666667
Pulse experiments,pioreactor01,2026-09-11T16:46:21.045Z,0.1810546875,480,2026-09-11 22:31:21.045,1782.411666666667
Pulse experiments,pioreactor01,2026-09-11T16:46:21.050Z,0.20935546875,515,2026-09-11 22:31:21.050,1782.411666666667
Pulse experiments,pioreactor01,2026-09-11T16:46:21.056Z,0.22892578125,555,2026-09-11 22:31:21.056,1782.411666666667
Pulse experiments,pioreactor01,2026-09-11T16:46:21.061Z,0.20966796875,590,2026-09-11 22:31:21.061,1782.411666666667
Pulse experiments,pioreactor01,2026-09-11T16:46:21.065Z,0.20974609375,630,2026-09-11 22:31:21.065,1782.411666666667
Pulse experiments,pioreactor01,2026-09-11T16:46:21.071Z,0.12306640625,680,2026-09-11 22:31:21.071,1782.411666666667
Pulse experiments,pioreactor01,2026-09-11T16:46:26.070Z,0.02029296875,415,2026-09-11 22:31:26.070,1782.413055555556
Pulse experiments,pioreactor01,2026-09-11T16:46:26.075Z,0.17416015625,445,2026-09-11 22:31:26.075,1782.413055555556
Pulse experiments,pioreactor01,2026-09-11T16:46:26.079Z,0.180234375,480,2026-09-11 22:31:26.079,1782.413055555556
Pulse experiments,pioreactor01,2026-09-11T16:46:26.084Z,0.20892578125,515,2026-09-11 22:31:26.084,1782.413055555556
Pulse experiments,pioreactor01,2026-09-11T16:46:26.088Z,0.229140625,555,2026-09-11 22:31:26.088,1782.413055555556
Pulse experiments,pioreactor01,2026-09-11T16:46:26.092Z,0.2097265625,590,2026-09-11 22:31:26.092,1782.413055555556
Pulse experiments,pioreactor01,2026-09-11T16:46:26.097Z,0.21,630,2026-09-11 22:31:26.097,1782.413055555556
Pulse experiments,pioreactor01,2026-09-11T16:46:26.101Z,0.12318359375,680,2026-09-11 22:31:26.101,1782.413055555556
Pulse experiments,pioreactor01,2026-09-11T16:46:31.075Z,0.02048828125,415,2026-09-11 22:31:31.075,1782.414444444444
Pulse experiments,pioreactor01,2026-09-11T16:46:31.078Z,0.1769140625,445,2026-09-11 22:31:31.078,1782.414444444444
Pulse experiments,pioreactor01,2026-09-11T16:46:31.084Z,0.1837109375,480,2026-09-11 22:31:31.084,1782.414444444444
Pulse experiments,pioreactor01,2026-09-11T16:46:31.088Z,0.212265625,515,2026-09-11 22:31:31.088,1782.414444444444
Pulse experiments,pioreactor01,2026-09-11T16:46:31.093Z,0.2300390625,555,2026-09-11 22:31:31.093,1782.414444444444
Pulse experiments,pioreactor01,2026-09-11T16:46:31.099Z,0.21060546875,590,2026-09-11 22:31:31.099,1782.414444444444
Pulse experiments,pioreactor01,2026-09-11T16:46:31.103Z,0.2105078125,630,2026-09-11 22:31:31.103,1782.414444444444
Pulse experiments,pioreactor01,2026-09-11T16:46:31.108Z,0.12376953125,680,2026-09-11 22:31:31.108,1782.414444444444
Pulse experiments,pioreactor01,2026-09-11T16:46:36.075Z,0.0203515625,415,2026-09-11 22:31:36.075,1782.415833333333
Pulse experiments,pioreactor01,2026-09-11T16:46:36.079Z,0.17494140625,445,2026-09-11 22:31:36.079,1782.415833333333
Pulse experiments,pioreactor01,2026-09-11T16:46:36.085Z,0.18166015625,480,2026-09-11 22:31:36.085,1782.415833333333
Pulse experiments,pioreactor01,2026-09-11T16:46:36.089Z,0.20990234375,515,2026-09-11 22:31:36.089,1782.415833333333
Pulse experiments,pioreactor01,2026-09-11T16:46:36.095Z,0.22953125,555,2026-09-11 22:31:36.095,1782.415833333333
Pulse experiments,pioreactor01,2026-09-11T16:46:36.100Z,0.21029296875,590,2026-09-11 22:31:36.100,1782.415833333333
Pulse experiments,pioreactor01,2026-09-11T16:46:36.105Z,0.2101171875,630,2026-09-11 22:31:36.105,1782.415833333333
Pulse experiments,pioreactor01,2026-09-11T16:46:36.110Z,0.12345703125,680,2026-09-11 22:31:36.110,1782.415833333333
Pulse experiments,pioreactor01,2026-09-11T16:46:41.037Z,0.02033203125,415,2026-09-11 22:31:41.037,1782.417222222222
Pulse experiments,pioreactor01,2026-09-11T16:46:41.040Z,0.17412109375,445,2026-09-11 22:31:41.040,1782.417222222222
Pulse experiments,pioreactor01,2026-09-11T16:46:41.044Z,0.18060546875,480,2026-09-11 22:31:41.044,1782.417222222222
Pulse experiments,pioreactor01,2026-09-11T16:46:41.054Z,0.2090234375,515,2026-09-11 22:31:41.054,1782.417222222222
Pulse experiments,pioreactor01,2026-09-11T16:46:41.064Z,0.2288671875,555,2026-09-11 22:31:41.064,1782.417222222222
Pulse experiments,pioreactor01,2026-09-11T16:46:41.071Z,0.21021484375,590,2026-09-11 22:31:41.071,1782.417222222222
Pulse experiments,pioreactor01,2026-09-11T16:46:41.079Z,0.209765625,630,2026-09-11 22:31:41.079,1782.417222222222
Pulse experiments,pioreactor01,2026-09-11T16:46:41.091Z,0.12330078125,680,2026-09-11 22:31:41.091,1782.417222222222
Pulse experiments,pioreactor01,2026-09-11T16:46:46.035Z,0.0203515625,415,2026-09-11 22:31:46.035,1782.418611111111
Pulse experiments,pioreactor01,2026-09-11T16:46:46.039Z,0.1748046875,445,2026-09-11 22:31:46.039,1782.418611111111
Pulse experiments,pioreactor01,2026-09-11T16:46:46.044Z,0.18130859375,480,2026-09-11 22:31:46.044,1782.418611111111
Pulse experiments,pioreactor01,2026-09-11T16:46:46.048Z,0.20947265625,515,2026-09-11 22:31:46.048,1782.418611111111
Pulse experiments,pioreactor01,2026-09-11T16:46:46.052Z,0.22921875,555,2026-09-11 22:31:46.052,1782.418611111111
Pulse experiments,pioreactor01,2026-09-11T16:46:46.058Z,0.20994140625,590,2026-09-11 22:31:46.058,1782.418611111111
Pulse experiments,pioreactor01,2026-09-11T16:46:46.061Z,0.20994140625,630,2026-09-11 22:31:46.061,1782.418611111111
Pulse experiments,pioreactor01,2026-09-11T16:46:46.066Z,0.12322265625,680,2026-09-11 22:31:46.066,1782.418611111111
Pulse experiments,pioreactor01,2026-09-11T16:46:51.064Z,0.020390625,415,2026-09-11 22:31:51.064,1782.42
Pulse experiments,pioreactor01,2026-09-11T16:46:51.070Z,0.1746875,445,2026-09-11 22:31:51.070,1782.42
Pulse experiments,pioreactor01,2026-09-11T16:46:51.075Z,0.18109375,480,2026-09-11 22:31:51.075,1782.42
Pulse experiments,pioreactor01,2026-09-11T16:46:51.079Z,0.2094921875,515,2026-09-11 22:31:51.079,1782.42
Pulse experiments,pioreactor01,2026-09-11T16:46:51.084Z,0.2298828125,555,2026-09-11 22:31:51.084,1782.42
Pulse experiments,pioreactor01,2026-09-11T16:46:51.088Z,0.21046875,590,2026-09-11 22:31:51.088,1782.42
Pulse experiments,pioreactor01,2026-09-11T16:46:51.093Z,0.21048828125,630,2026-09-11 22:31:51.093,1782.42
Pulse experiments,pioreactor01,2026-09-11T16:46:51.097Z,0.12376953125,680,2026-09-11 22:31:51.097,1782.42
Pulse experiments,pioreactor01,2026-09-11T16:46:56.047Z,0.020390625,415,2026-09-11 22:31:56.047,1782.421388888889
Pulse experiments,pioreactor01,2026-09-11T16:46:56.051Z,0.175859375,445,2026-09-11 22:31:56.051,1782.421388888889
Pulse experiments,pioreactor01,2026-09-11T16:46:56.057Z,0.18259765625,480,2026-09-11 22:31:56.057,1782.421388888889
Pulse experiments,pioreactor01,2026-09-11T16:46:56.061Z,0.21107421875,515,2026-09-11 22:31:56.061,1782.421388888889
Pulse experiments,pioreactor01,2026-09-11T16:46:56.067Z,0.23115234375,555,2026-09-11 22:31:56.067,1782.421388888889
Pulse experiments,pioreactor01,2026-09-11T16:46:56.072Z,0.21099609375,590,2026-09-11 22:31:56.072,1782.421388888889
Pulse experiments,pioreactor01,2026-09-11T16:46:56.078Z,0.210859375,630,2026-09-11 22:31:56.078,1782.421388888889
Pulse experiments,pioreactor01,2026-09-11T16:46:56.084Z,0.1244921875,680,2026-09-11 22:31:56.084,1782.421388888889
Pulse experiments,pioreactor01,2026-09-11T16:47:01.044Z,0.02025390625,415,2026-09-11 22:32:01.044,1782.422777777778
Pulse experiments,pioreactor01,2026-09-11T16:47:01.054Z,0.1744140625,445,2026-09-11 22:32:01.054,1782.422777777778
Pulse experiments,pioreactor01,2026-09-11T16:47:01.059Z,0.1807421875,480,2026-09-11 22:32:01.059,1782.422777777778
Pulse experiments,pioreactor01,2026-09-11T16:47:01.066Z,0.2090625,515,2026-09-11 22:32:01.066,1782.422777777778
Pulse experiments,pioreactor01,2026-09-11T16:47:01.076Z,0.2291015625,555,2026-09-11 22:32:01.076,1782.422777777778
Pulse experiments,pioreactor01,2026-09-11T16:47:01.083Z,0.20990234375,590,2026-09-11 22:32:01.083,1782.422777777778
Pulse experiments,pioreactor01,2026-09-11T16:47:01.087Z,0.20998046875,630,2026-09-11 22:32:01.087,1782.422777777778
Pulse experiments,pioreactor01,2026-09-11T16:47:01.096Z,0.12326171875,680,2026-09-11 22:32:01.096,1782.422777777778
Pulse experiments,pioreactor01,2026-09-11T16:47:06.088Z,0.0202734375,415,2026-09-11 22:32:06.088,1782.424166666667
Pulse experiments,pioreactor01,2026-09-11T16:47:06.095Z,0.17439453125,445,2026-09-11 22:32:06.095,1782.424166666667
Pulse experiments,pioreactor01,2026-09-11T16:47:06.099Z,0.18064453125,480,2026-09-11 22:32:06.099,1782.424166666667
Pulse experiments,pioreactor01,2026-09-11T16:47:06.109Z,0.20890625,515,2026-09-11 22:32:06.109,1782.424166666667
Pulse experiments,pioreactor01,2026-09-11T16:47:06.114Z,0.22828125,555,2026-09-11 22:32:06.114,1782.424166666667
Pulse experiments,pioreactor01,2026-09-11T16:47:06.121Z,0.20916015625,590,2026-09-11 22:32:06.121,1782.424166666667
Pulse experiments,pioreactor01,2026-09-11T16:47:06.127Z,0.20927734375,630,2026-09-11 22:32:06.127,1782.424166666667
Pulse experiments,pioreactor01,2026-09-11T16:47:06.132Z,0.12267578125,680,2026-09-11 22:32:06.132,1782.424166666667
Pulse experiments,pioreactor01,2026-09-11T16:47:11.046Z,0.02029296875,415,2026-09-11 22:32:11.046,1782.425555555556
Pulse experiments,pioreactor01,2026-09-11T16:47:11.062Z,0.174921875,445,2026-09-11 22:32:11.062,1782.425555555556
Pulse experiments,pioreactor01,2026-09-11T16:47:11.066Z,0.18130859375,480,2026-09-11 22:32:11.066,1782.425555555556
Pulse experiments,pioreactor01,2026-09-11T16:47:11.075Z,0.2095703125,515,2026-09-11 22:32:11.075,1782.425555555556
Pulse experiments,pioreactor01,2026-09-11T16:47:11.084Z,0.2296875,555,2026-09-11 22:32:11.084,1782.425555555556
Pulse experiments,pioreactor01,2026-09-11T16:47:11.090Z,0.2104296875,590,2026-09-11 22:32:11.090,1782.425555555556
Pulse experiments,pioreactor01,2026-09-11T16:47:11.099Z,0.210546875,630,2026-09-11 22:32:11.099,1782.425555555556
Pulse experiments,pioreactor01,2026-09-11T16:47:11.109Z,0.12369140625,680,2026-09-11 22:32:11.109,1782.425555555556
Pulse experiments,pioreactor01,2026-09-11T16:47:16.035Z,0.020234375,415,2026-09-11 22:32:16.035,1782.426944444444
Pulse experiments,pioreactor01,2026-09-11T16:47:16.040Z,0.17458984375,445,2026-09-11 22:32:16.040,1782.426944444444
Pulse experiments,pioreactor01,2026-09-11T16:47:16.045Z,0.181015625,480,2026-09-11 22:32:16.045,1782.426944444444
Pulse experiments,pioreactor01,2026-09-11T16:47:16.049Z,0.2092578125,515,2026-09-11 22:32:16.049,1782.426944444444
Pulse experiments,pioreactor01,2026-09-11T16:47:16.054Z,0.22921875,555,2026-09-11 22:32:16.054,1782.426944444444
Pulse experiments,pioreactor01,2026-09-11T16:47:16.059Z,0.21,590,2026-09-11 22:32:16.059,1782.426944444444
Pulse experiments,pioreactor01,2026-09-11T16:47:16.065Z,0.2099609375,630,2026-09-11 22:32:16.065,1782.426944444444
Pulse experiments,pioreactor01,2026-09-11T16:47:16.070Z,0.12330078125,680,2026-09-11 22:32:16.070,1782.426944444444
Pulse experiments,pioreactor01,2026-09-11T16:47:21.055Z,0.02033203125,415,2026-09-11 22:32:21.055,1782.428333333333
Pulse experiments,pioreactor01,2026-09-11T16:47:21.060Z,0.17494140625,445,2026-09-11 22:32:21.060,1782.428333333333
Pulse experiments,pioreactor01,2026-09-11T16:47:21.065Z,0.18134765625,480,2026-09-11 22:32:21.065,1782.428333333333
Pulse experiments,pioreactor01,2026-09-11T16:47:21.074Z,0.20984375,515,2026-09-11 22:32:21.074,1782.428333333333
Pulse experiments,pioreactor01,2026-09-11T16:47:21.079Z,0.228671875,555,2026-09-11 22:32:21.079,1782.428333333333
Pulse experiments,pioreactor01,2026-09-11T16:47:21.084Z,0.20970703125,590,2026-09-11 22:32:21.084,1782.428333333333
Pulse experiments,pioreactor01,2026-09-11T16:47:21.088Z,0.2095703125,630,2026-09-11 22:32:21.088,1782.428333333333
Pulse experiments,pioreactor01,2026-09-11T16:47:21.097Z,0.1230078125,680,2026-09-11 22:32:21.097,1782.428333333333
Pulse experiments,pioreactor01,2026-09-11T16:47:26.046Z,0.0203515625,415,2026-09-11 22:32:26.046,1782.429722222222
Pulse experiments,pioreactor01,2026-09-11T16:47:26.050Z,0.17484375,445,2026-09-11 22:32:26.050,1782.429722222222
Pulse experiments,pioreactor01,2026-09-11T16:47:26.053Z,0.1813671875,480,2026-09-11 22:32:26.053,1782.429722222222
Pulse experiments,pioreactor01,2026-09-11T16:47:26.057Z,0.20970703125,515,2026-09-11 22:32:26.057,1782.429722222222
Pulse experiments,pioreactor01,2026-09-11T16:47:26.064Z,0.2293359375,555,2026-09-11 22:32:26.064,1782.429722222222
Pulse experiments,pioreactor01,2026-09-11T16:47:26.072Z,0.2099609375,590,2026-09-11 22:32:26.072,1782.429722222222
Pulse experiments,pioreactor01,2026-09-11T16:47:26.074Z,0.2101171875,630,2026-09-11 22:32:26.074,1782.429722222222
Pulse experiments,pioreactor01,2026-09-11T16:47:26.080Z,0.12318359375,680,2026-09-11 22:32:26.080,1782.429722222222
Pulse experiments,pioreactor01,2026-09-11T16:47:31.055Z,0.02029296875,415,2026-09-11 22:32:31.055,1782.431111111111
Pulse experiments,pioreactor01,2026-09-11T16:47:31.067Z,0.1745703125,445,2026-09-11 22:32:31.067,1782.431111111111
Pulse experiments,pioreactor01,2026-09-11T16:47:31.078Z,0.18142578125,480,2026-09-11 22:32:31.078,1782.431111111111
Pulse experiments,pioreactor01,2026-09-11T16:47:31.092Z,0.20978515625,515,2026-09-11 22:32:31.092,1782.431111111111
Pulse experiments,pioreactor01,2026-09-11T16:47:31.113Z,0.22896484375,555,2026-09-11 22:32:31.113,1782.431111111111
Pulse experiments,pioreactor01,2026-09-11T16:47:31.128Z,0.20990234375,590,2026-09-11 22:32:31.128,1782.431111111111
Pulse experiments,pioreactor01,2026-09-11T16:47:31.139Z,0.209765625,630,2026-09-11 22:32:31.139,1782.431111111111
Pulse experiments,pioreactor01,2026-09-11T16:47:31.156Z,0.12302734375,680,2026-09-11 22:32:31.156,1782.431111111111
Pulse experiments,pioreactor01,2026-09-11T16:47:36.066Z,0.02037109375,415,2026-09-11 22:32:36.066,1782.4325
Pulse experiments,pioreactor01,2026-09-11T16:47:36.071Z,0.17490234375,445,2026-09-11 22:32:36.071,1782.4325
Pulse experiments,pioreactor01,2026-09-11T16:47:36.076Z,0.1818359375,480,2026-09-11 22:32:36.076,1782.4325
Pulse experiments,pioreactor01,2026-09-11T16:47:36.080Z,0.20990234375,515,2026-09-11 22:32:36.080,1782.4325
Pulse experiments,pioreactor01,2026-09-11T16:47:36.085Z,0.229609375,555,2026-09-11 22:32:36.085,1782.4325
Pulse experiments,pioreactor01,2026-09-11T16:47:36.089Z,0.21025390625,590,2026-09-11 22:32:36.089,1782.4325
Pulse experiments,pioreactor01,2026-09-11T16:47:36.094Z,0.21025390625,630,2026-09-11 22:32:36.094,1782.4325
Pulse experiments,pioreactor01,2026-09-11T16:47:36.099Z,0.12345703125,680,2026-09-11 22:32:36.099,1782.4325
Pulse experiments,pioreactor01,2026-09-11T16:47:41.054Z,0.02037109375,415,2026-09-11 22:32:41.054,1782.433888888889
Pulse experiments,pioreactor01,2026-09-11T16:47:41.064Z,0.175,445,2026-09-11 22:32:41.064,1782.433888888889
Pulse experiments,pioreactor01,2026-09-11T16:47:41.070Z,0.18119140625,480,2026-09-11 22:32:41.070,1782.433888888889
Pulse experiments,pioreactor01,2026-09-11T16:47:41.075Z,0.20982421875,515,2026-09-11 22:32:41.075,1782.433888888889
Pulse experiments,pioreactor01,2026-09-11T16:47:41.080Z,0.22900390625,555,2026-09-11 22:32:41.080,1782.433888888889
Pulse experiments,pioreactor01,2026-09-11T16:47:41.085Z,0.20984375,590,2026-09-11 22:32:41.085,1782.433888888889
Pulse experiments,pioreactor01,2026-09-11T16:47:41.091Z,0.2098828125,630,2026-09-11 22:32:41.091,1782.433888888889
Pulse experiments,pioreactor01,2026-09-11T16:47:41.107Z,0.1231640625,680,2026-09-11 22:32:41.107,1782.433888888889
Pulse experiments,pioreactor01,2026-09-11T16:47:46.045Z,0.02033203125,415,2026-09-11 22:32:46.045,1782.435277777778
Pulse experiments,pioreactor01,2026-09-11T16:47:46.057Z,0.17474609375,445,2026-09-11 22:32:46.057,1782.435277777778
Pulse experiments,pioreactor01,2026-09-11T16:47:46.060Z,0.18125,480,2026-09-11 22:32:46.060,1782.435277777778
Pulse experiments,pioreactor01,2026-09-11T16:47:46.063Z,0.2095703125,515,2026-09-11 22:32:46.063,1782.435277777778
Pulse experiments,pioreactor01,2026-09-11T16:47:46.068Z,0.22890625,555,2026-09-11 22:32:46.068,1782.435277777778
Pulse experiments,pioreactor01,2026-09-11T16:47:46.688Z,0.20970703125,590,2026-09-11 22:32:46.688,1782.435277777778
Pulse experiments,pioreactor01,2026-09-11T16:47:46.690Z,0.20982421875,630,2026-09-11 22:32:46.690,1782.435277777778
Pulse experiments,pioreactor01,2026-09-11T16:47:46.695Z,0.1230859375,680,2026-09-11 22:32:46.695,1782.435277777778
Pulse experiments,pioreactor01,2026-09-11T16:47:51.042Z,0.02029296875,415,2026-09-11 22:32:51.042,1782.436666666667
Pulse experiments,pioreactor01,2026-09-11T16:47:51.054Z,0.1745703125,445,2026-09-11 22:32:51.054,1782.436666666667
Pulse experiments,pioreactor01,2026-09-11T16:47:51.068Z,0.181171875,480,2026-09-11 22:32:51.068,1782.436666666667
Pulse experiments,pioreactor01,2026-09-11T16:47:51.078Z,0.20900390625,515,2026-09-11 22:32:51.078,1782.436666666667
Pulse experiments,pioreactor01,2026-09-11T16:47:51.090Z,0.2293359375,555,2026-09-11 22:32:51.090,1782.436666666667
Pulse experiments,pioreactor01,2026-09-11T16:47:51.105Z,0.21005859375,590,2026-09-11 22:32:51.105,1782.436666666667
Pulse experiments,pioreactor01,2026-09-11T16:47:51.118Z,0.21001953125,630,2026-09-11 22:32:51.118,1782.436666666667
Pulse experiments,pioreactor01,2026-09-11T16:47:51.130Z,0.123203125,680,2026-09-11 22:32:51.130,1782.436666666667
Pulse experiments,pioreactor01,2026-09-11T16:47:56.039Z,0.02033203125,415,2026-09-11 22:32:56.039,1782.438055555556
Pulse experiments,pioreactor01,2026-09-11T16:47:56.043Z,0.17484375,445,2026-09-11 22:32:56.043,1782.438055555556
Pulse experiments,pioreactor01,2026-09-11T16:47:56.049Z,0.1814453125,480,2026-09-11 22:32:56.049,1782.438055555556
Pulse experiments,pioreactor01,2026-09-11T16:47:56.053Z,0.2098828125,515,2026-09-11 22:32:56.053,1782.438055555556
Pulse experiments,pioreactor01,2026-09-11T16:47:56.059Z,0.22869140625,555,2026-09-11 22:32:56.059,1782.438055555556
Pulse experiments,pioreactor01,2026-09-11T16:47:56.064Z,0.20982421875,590,2026-09-11 22:32:56.064,1782.438055555556
Pulse experiments,pioreactor01,2026-09-11T16:47:56.068Z,0.20984375,630,2026-09-11 22:32:56.068,1782.438055555556
Pulse experiments,pioreactor01,2026-09-11T16:47:56.073Z,0.123125,680,2026-09-11 22:32:56.073,1782.438055555556
