start_time,scan_time,dt_before,volume_raw,symbol,I_415,A_415,I_445,A_445,I_480,A_480,I_515,A_515,I_555,A_555,I_590,A_590,I_630,A_630,I_680,A_680,run_id,slot
2026-09-25 06:51:38.138,2026-09-25 06:51:37.283,0.855,0.35,0.35,0.020390625,0.0020991393275194576,0.16740234375,0.002091016285943682,0.17388671875,0.0012619910229588875,0.20275390625,0.0018000723109701648,0.23333984375,-0.0004749530193496461,0.22798828125,0.00048339645084372274,0.2332421875,0.0005881405461701864,0.1224609375,-0.0006232590040292767,1,0
2026-09-25 06:52:11.325,2026-09-25 06:52:07.208,4.117,0.5,0.5,0.01958984375,0.019498704973344674,0.1592578125,0.023751804272211102,0.1591796875,0.03964075565912486,0.1849609375,0.04168928435033561,0.22103515625,0.02305259478599101,0.2251171875,0.005987266728911395,0.23103515625,0.004717175599045604,0.12072265625,0.0055855382348617075,1,1
2026-09-25 06:52:45.767,2026-09-25 06:52:42.295,3.472,0.35,0.35,0.0187890625,0.03762456595594986,0.15041015625,0.04857538799724322,0.146171875,0.07666458557112914,0.17064453125,0.07667692764184784,0.20982421875,0.045658334942033016,0.22287109375,0.010342176604964363,0.229765625,0.007110191556899504,0.1196875,0.009325525202139641,1,2
2026-09-25 06:53:18.935,2026-09-25 06:53:17.259,1.6760000000000002,0.35,0.35,0.01875,0.03852840495419439,0.14921875,0.05202915281265909,0.1445703125,0.08144928364000853,0.16916015625,0.08047122475322609,0.20669921875,0.05217511454704057,0.22013671875,0.01570343219120169,0.22732421875,0.011749539203339304,0.11783203125,0.016110956510282798,1,3
2026-09-25 06:53:52.105,2026-09-25 06:53:47.217,4.888,0.5,0.5,0.0183984375,0.0467487352008854,0.14587890625,0.061860051949622345,0.14046875,0.09394868567392911,0.1652734375,0.09056624235833315,0.20373046875,0.05845796527067755,0.2202734375,0.01543379172191436,0.2274609375,0.011488421619924798,0.11810546875,0.015104313220745472,1,4
2026-09-25 06:54:26.542,2026-09-25 06:54:22.207,4.335,0.5,0.5,0.01822265625,0.05091799424726283,0.14412109375,0.06712500104339782,0.1383984375,0.10039721640194306,0.16318359375,0.09609280912419886,0.2004296875,0.06555190035423243,0.21892578125,0.01809901280959728,0.226640625,0.013057487261304731,0.11720703125,0.018420655060590683,1,5
2026-09-25 06:55:00.976,2026-09-25 06:54:57.212,3.7640000000000002,0.2,0.2,0.018046875,0.05512766677365608,0.14216796875,0.07305079200835479,0.13623046875,0.10725415245346628,0.161015625,0.10190128024643376,0.19826171875,0.0702750828983084,0.21767578125,0.020585809157992165,0.2258203125,0.014632242352834623,0.11642578125,0.02132515999720958,1,6
2026-09-25 06:55:32.877,2026-09-25 06:55:32.213,0.664,0.2,0.2,0.01822265625,0.05091799424726283,0.144140625,0.06706614956530753,0.13814453125,0.10119470631665435,0.16298828125,0.09661292233834348,0.2001953125,0.06606004528182532,0.21818359375,0.019573830161876474,0.2255078125,0.015233654229319054,0.11625,0.021981359288864858,1,7
2026-09-25 06:56:04.771,2026-09-25 06:56:02.208,2.5629999999999997,0.5,0.5,0.0182421875,0.050452761763669425,0.14435546875,0.0664193091098124,0.13865234375,0.0996011882249408,0.16361328125,0.09495074791120979,0.20083984375,0.06466407486908511,0.217578125,0.020780691136538614,0.22513671875,0.015948914232033998,0.1158984375,0.023296739845864122,1,8
2026-09-25 06:56:39.204,2026-09-25 06:56:37.204,2.0,0.35,0.35,0.018125,0.05325166177490077,0.14302734375,0.07043347725149798,0.1371875,0.10421386150105537,0.16203125,0.09917051997262452,0.19880859375,0.06907879630881822,0.2169140625,0.022108212837700973,0.224453125,0.01726959007202136,0.115859375,0.02344313947034273,1,9
2026-09-25 06:57:12.370,2026-09-25 06:57:12.214,0.156,0.5,0.5,0.01810546875,0.05371990384926574,0.14271484375,0.07138340404313198,0.136875,0.10520427123907718,0.16185546875,0.09964192450990884,0.19814453125,0.0705318593042336,0.2165625,0.02281266470651722,0.224296875,0.01757202356746285,0.1155859375,0.02446932100207297,1,10
2026-09-25 06:57:46.805,2026-09-25 06:57:42.212,4.593,0.5,0.5,0.0179296875,0.057956956792520394,0.14099609375,0.07664546957500855,0.13498046875,0.11125747143013265,0.1601953125,0.10411949840214313,0.19603515625,0.07517998652380056,0.2159375,0.024067851944125498,0.22412109375,0.017912513182632366,0.11513671875,0.026160472395579216,1,11
2026-09-25 06:58:21.244,2026-09-25 06:58:17.207,4.037,0.2,0.2,0.0178515625,0.05985344225993136,0.140625,0.07779001495708059,0.13451171875,0.11276828141378133,0.1595703125,0.10581720682119353,0.19525390625,0.0769142185653306,0.21513671875,0.02568138048746227,0.2231640625,0.019770987667401017,0.11462890625,0.0280801723131137,1,12
2026-09-25 06:58:53.155,2026-09-25 06:58:52.219,0.936,0.2,0.2,0.01798828125,0.05654000779691383,0.14181640625,0.07412607463115324,0.1357421875,0.10881355980898758,0.161015625,0.10190128024643376,0.1965625,0.0740132825724047,0.21533203125,0.02528728383437257,0.223125,0.0198470129598321,0.1146875,0.02785823491867306,1,13
2026-09-25 06:59:25.049,2026-09-25 06:59:22.217,2.832,0.35,0.35,0.01810546875,0.05371990384926574,0.14337890625,0.06936728731689748,0.13748046875,0.10328739919585331,0.16234375,0.09833372880448797,0.198828125,0.0690361326728585,0.2161328125,0.023675216096115084,0.22375,0.018632202428150873,0.11515625,0.026086806975692104,1,14
2026-09-25 06:59:58.218,2026-09-25 06:59:57.217,1.001,0.35,0.35,0.01802734375,0.05559793696785072,0.1429296875,0.07073010623776031,0.1371484375,0.10433753926976908,0.16205078125,0.09911817326227322,0.19826171875,0.0702750828983084,0.215390625,0.02516912454051264,0.22294921875,0.020189291565677128,0.11486328125,0.027193102424649528,1,15
2026-09-25 07:00:31.381,2026-09-25 07:00:27.241,4.14,0.2,0.2,0.0180859375,0.05418865131182848,0.14298828125,0.07055210453491885,0.136953125,0.10495645697734411,0.161953125,0.09937996993178577,0.19783203125,0.07121733954030408,0.21505859375,0.02583911933670506,0.22203125,0.021981142472517878,0.1142578125,0.02948841574450671,1,16
2026-09-25 07:01:03.282,2026-09-25 07:01:02.205,1.077,0.2,0.2,0.01814453125,0.05278392400012108,0.1437109375,0.06836272789324085,0.13798828125,0.10168619821452404,0.16294921875,0.09671701976978704,0.19916015625,0.06831149137087632,0.21556640625,0.02481483942345928,0.22279296875,0.020493765844665272,0.11478515625,0.02748859111228832,1,17
2026-09-25 07:01:35.188,2026-09-25 07:01:32.207,2.981,0.5,0.5,0.01814453125,0.05278392400012108,0.14392578125,0.06771395486555781,0.13814453125,0.10119470631665435,0.16306640625,0.09640480229990367,0.19939453125,0.06780070685812659,0.21509765625,0.025760242750599502,0.22240234375,0.021255886742013265,0.11458984375,0.028228193610355484,1,18
2026-09-25 07:02:09.632,2026-09-25 07:02:07.210,2.422,0.5,0.5,0.018046875,0.05512766677365608,0.14275390625,0.07126454950437612,0.13705078125,0.10464688787028598,0.16185546875,0.09964192450990884,0.1978515625,0.071174465313318,0.2144140625,0.027142655528652544,0.22203125,0.021981142472517878,0.1143359375,0.029191563728914044,1,19
2026-09-25 07:02:44.074,2026-09-25 07:02:42.209,1.865,0.5,0.5,0.017890625,0.05890416432591242,0.14123046875,0.07592414985447166,0.1355859375,0.10931375506370826,0.1603515625,0.10369610623416828,0.195625,0.07608959480724393,0.21271484375,0.030598123931690924,0.22041015625,0.025163643978150442,0.113203125,0.03351590502755016,1,20
2026-09-25 07:03:18.512,2026-09-25 07:03:17.209,1.303,0.2,0.2,0.01779296875,0.06128126102076455,0.1405078125,0.07815207790585675,0.13509765625,0.11088058872042048,0.15978515625,0.1052328706923167,0.1943359375,0.07896082992787298,0.2117578125,0.03255647902967323,0.21947265625,0.027014826528017077,0.11263671875,0.035694330415789836,1,21
2026-09-25 07:03:50.407,2026-09-25 07:03:47.208,3.199,0.5,0.5,0.0178515625,0.05985344225993136,0.14115234375,0.07616445667034329,0.135625,0.109188652230666,0.1606640625,0.10285055818045272,0.1953125,0.07678391067359838,0.21216796875,0.03171610243757467,0.2197265625,0.02651268494454994,0.112734375,0.03531795940523056,1,22
2026-09-25 07:04:24.844,2026-09-25 07:04:22.215,2.629,0.35,0.35,0.017734375,0.06271378947267765,0.14021484375,0.07905855805524924,0.13462890625,0.11239008590491467,0.15958984375,0.10576405285479674,0.19365234375,0.0804911921322769,0.210703125,0.03472494419339513,0.21857421875,0.02879631165200066,0.11193359375,0.03841387336893762,1,23
2026-09-25 07:04:58.012,2026-09-25 07:04:57.210,0.802,0.35,0.35,0.01775390625,0.06223575477179533,0.14041015625,0.07845402777681405,0.13490234375,0.11150890839295455,0.15986328125,0.10502057960564878,0.19359375,0.08062261730559137,0.2103515625,0.035450178676267104,0.2179296875,0.030078850317580844,0.11138671875,0.040540910241581594,1,24
2026-09-25 07:05:31.180,2026-09-25 07:05:27.219,3.961,0.5,0.5,0.017734375,0.06271378947267765,0.1401953125,0.07911905739112803,0.13462890625,0.11239008590491467,0.159765625,0.10528595968228602,0.19341796875,0.08101713162362444,0.2100390625,0.03609584983314829,0.21759765625,0.030741033161896338,0.1112890625,0.040921836923229114,1,25
2026-09-25 07:06:05.617,2026-09-25 07:06:02.217,3.4,0.5,0.5,0.0176953125,0.06367144031694967,0.13984375,0.08020948908049355,0.13435546875,0.11327305494950016,0.15943359375,0.10618946685418894,0.193046875,0.08185117394355663,0.209609375,0.03698521797434737,0.21751953125,0.030896987731092854,0.1111328125,0.041532015431616,1,26
2026-09-25 07:06:40.061,2026-09-25 07:06:37.216,2.8449999999999998,0.5,0.5,0.01759765625,0.06607484701469983,0.13919921875,0.08221575259139544,0.13365234375,0.1155518244027904,0.15880859375,0.10789530228909615,0.19228515625,0.08356819019946138,0.20927734375,0.03767370659640124,0.2169140625,0.03210753825538347,0.110703125,0.04321444025126435,1,27
2026-09-25 07:07:14.498,2026-09-25 07:07:12.207,2.291,0.5,0.5,0.0175390625,0.0675233013264584,0.13880859375,0.0834361959459216,0.13345703125,0.11618694367641431,0.158515625,0.10869722499230064,0.19158203125,0.08515917613959305,0.2082421875,0.03982720378530356,0.216015625,0.03391008042325178,0.11001953125,0.04590453059133639,1,28
2026-09-25 07:07:48.932,2026-09-25 07:07:47.213,1.7189999999999999,0.2,0.2,0.01755859375,0.06703994626053401,0.13875,0.0836195586178044,0.13318359375,0.11707767395446825,0.1584765625,0.10880425998530163,0.191484375,0.08538060809355807,0.20830078125,0.039705022188801134,0.21611328125,0.03371378912865445,0.11013671875,0.04544218723833401,1,29
2026-09-25 07:08:20.827,2026-09-25 07:08:17.208,3.6189999999999998,0.5,0.5,0.0176171875,0.06559310045182108,0.13943359375,0.08148512942975482,0.13390625,0.11472755548395969,0.1590625,0.10720149836092552,0.1920703125,0.0840537067194557,0.20814453125,0.04003091619670472,0.2156640625,0.03461746458781177,0.10970703125,0.047139857950544886,1,30
2026-09-25 07:08:55.262,2026-09-25 07:08:52.213,3.049,0.2,0.2,0.017578125,0.06655712855443792,0.13900390625,0.08282554556142363,0.1333984375,0.11637766071756894,0.1587109375,0.10816244536321616,0.191640625,0.08502637113925028,0.2081640625,0.039990166069355716,0.2158203125,0.034302929370801705,0.10978515625,0.046830696533749355,1,31
2026-09-25 07:09:27.152,2026-09-25 07:09:22.209,4.943,0.5,0.5,0.01755859375,0.06703994626053401,0.13966796875,0.08075573334747947,0.13400390625,0.11441094507269053,0.15919921875,0.10682837021605578,0.1925,0.08308321585324814,0.20841796875,0.039460762068805985,0.2155859375,0.03477481766268654,0.1096875,0.04721718270493833,1,32
2026-09-25 07:10:01.600,2026-09-25 07:09:57.212,4.388,0.2,0.2,0.017578125,0.06655712855443792,0.13912109375,0.08245956704377981,0.13357421875,0.11580576066607157,0.15892578125,0.10757494735799535,0.1919921875,0.08423039284146282,0.208515625,0.03925731685877864,0.21611328125,0.03371378912865445,0.10990234375,0.046367366672694456,1,33
2026-09-25 07:10:33.487,2026-09-25 07:10:32.211,1.276,0.2,0.2,0.01759765625,0.06607484701469983,0.1397265625,0.0805735755753983,0.13419921875,0.1137784158581931,0.159609375,0.10571090539319902,0.19259765625,0.08286295187231159,0.207890625,0.04056101609489752,0.21498046875,0.0359962409163209,0.1092578125,0.04892181979117874,1,34
2026-09-25 07:11:05.381,2026-09-25 07:11:02.211,3.17,0.2,0.2,0.01765625,0.06463120751839953,0.1405859375,0.07791066907145665,0.13515625,0.11069226994234364,0.16009765625,0.10438432826698907,0.1933203125,0.08123646119846095,0.2087109375,0.038850712127361554,0.21552734375,0.034892869894257425,0.10958984375,0.04760401312322996,1,35
2026-09-25 07:11:37.281,2026-09-25 07:11:37.206,0.075,0.2,0.2,0.0176953125,0.06367144031694967,0.1411328125,0.0762245541563456,0.13568359375,0.10900106552474617,0.161015625,0.10190128024643376,0.19439453125,0.07882990660419543,0.2086328125,0.03901330834113023,0.21560546875,0.03473547404877153,0.10962890625,0.04744923960701476,1,36
2026-09-25 07:12:09.178,2026-09-25 07:12:07.222,1.956,0.2,0.2,0.0176953125,0.06367144031694967,0.14140625,0.07538394519120215,0.136015625,0.10793960195380785,0.16134765625,0.10100664119121561,0.1950390625,0.07739234895450749,0.208359375,0.03958287495641017,0.2151171875,0.035720135246667464,0.10935546875,0.048533814331703375,1,37
2026-09-25 07:12:41.074,2026-09-25 07:12:37.217,3.857,0.5,0.5,0.0177734375,0.061758245672669194,0.14216796875,0.07305079200835479,0.1365625,0.10619694477275486,0.16189453125,0.09953712371743521,0.1952734375,0.07687077825702698,0.2088671875,0.03852570220992692,0.2153125,0.03532600282838064,0.10939453125,0.04837870915794643,1,38
2026-09-25 07:13:15.512,2026-09-25 07:13:12.215,3.297,0.2,0.2,0.01720703125,0.07582372958171482,0.13845703125,0.08453753503631765,0.1338671875,0.11485426430525329,0.15900390625,0.1073615086109038,0.18896484375,0.09113293698264938,0.199140625,0.05923605517701882,0.20548828125,0.055608186790766276,0.1042578125,0.06926571237519827,1,39
2026-09-25 07:13:47.407,2026-09-25 07:13:47.211,0.196,0.35,0.35,0.0172265625,0.07533105286194301,0.1390234375,0.08276452772052192,0.134375,0.11320992616359016,0.15953125,0.10592353427475518,0.1896484375,0.08956468076559358,0.19927734375,0.05893799532186412,0.20533203125,0.05593854297815379,0.10419921875,0.06950985806619847,1,40
2026-09-25 07:14:20.568,2026-09-25 07:14:17.211,3.357,0.35,0.35,0.016875,0.08428589551486948,0.1371484375,0.08866168625901669,0.13287109375,0.11809789343853408,0.15814453125,0.10971512407742992,0.18548828125,0.09919747266974731,0.1930078125,0.07282103242085075,0.19908203125,0.06936318317992983,0.1008203125,0.08382628161883711,1,41
2026-09-25 07:14:53.729,2026-09-25 07:14:52.213,1.516,0.35,0.35,0.016875,0.08428589551486948,0.13701171875,0.08909483602397031,0.1330078125,0.11765125248631632,0.1580859375,0.10987606329806117,0.18560546875,0.09892318140890118,0.19330078125,0.07216231170924242,0.199453125,0.06855440125971853,0.10099609375,0.08306974405461738,1,42
2026-09-25 07:15:26.921,2026-09-25 07:15:22.211,4.71,0.5,0.5,0.01669921875,0.08883352326559013,0.13607421875,0.09207670085377978,0.13181640625,0.12155893625771252,0.15693359375,0.11305338225424572,0.18396484375,0.10277911377618375,0.1912890625,0.07670578229204941,0.19763671875,0.07252761148306737,0.0998828125,0.0878835581363705,1,43
2026-09-25 07:16:01.366,2026-09-25 07:15:57.292,4.074,0.2,0.2,0.01669921875,0.08883352326559013,0.1356640625,0.0933877324136056,0.13171875,0.12188080278241557,0.15658203125,0.1140273797562208,0.18296875,0.10513702860929167,0.19060546875,0.07826056397273266,0.19712890625,0.0736449341386896,0.09951171875,0.08950009348424195,1,44
2026-09-25 07:16:33.253,2026-09-25 07:16:32.207,1.046,0.5,0.5,0.01666015625,0.08985060682623978,0.135703125,0.09326270161328801,0.1318359375,0.12149459156807654,0.15681640625,0.11337780543808448,0.1835546875,0.10374846998666536,0.19125,0.07679447717276275,0.1979296875,0.0718843074372789,0.0998828125,0.0878835581363705,1,45
2026-09-25 07:17:07.689,2026-09-25 07:17:07.209,0.48,0.2,0.2,0.016796875,0.08630118675019506,0.1352734375,0.09464002417490702,0.131484375,0.12265425709531524,0.1559375,0.11581873507429431,0.18359375,0.10365605707389974,0.19423828125,0.07006109451379432,0.2013671875,0.06440654210841472,0.1030859375,0.07417489594265629,1,46
2026-09-25 07:17:39.593,2026-09-25 07:17:37.211,2.382,0.5,0.5,0.01671875,0.08832587331660956,0.134375,0.09753407315283777,0.1305859375,0.12563199214255172,0.155390625,0.11734448890121102,0.1820703125,0.1072748120770316,0.19287109375,0.07312877767575086,0.2000390625,0.06728043589355397,0.10162109375,0.08039045593065053,1,47
2026-09-25 07:18:14.030,2026-09-25 07:18:12.209,1.821,0.35,0.35,0.016875,0.08428589551486948,0.13421875,0.09803936056516321,0.1301953125,0.12693305507459024,0.15611328125,0.11532945038373188,0.18283203125,0.10546166543078553,0.1952734375,0.06775274955767728,0.20291015625,0.061091461122807965,0.10357421875,0.07212265470812448,1,48
2026-09-25 07:18:47.224,2026-09-25 07:18:42.223,5.001,0.35,0.35,0.0167578125,0.08731235014505737,0.1338671875,0.09917841129450092,0.12982421875,0.12817268562496076,0.15501953125,0.11838288304797341,0.1814453125,0.10876819667995663,0.19330078125,0.07216231170924242,0.20099609375,0.06520762919115762,0.10240234375,0.07706442411296385,1,49
2026-09-25 07:19:20.384,2026-09-25 07:19:17.211,3.173,0.2,0.2,0.0166796875,0.08934176730475776,0.133984375,0.09879839568159744,0.12998046875,0.12765030458840756,0.154765625,0.11909479648709961,0.18111328125,0.10956365089063103,0.1924609375,0.07405332403535836,0.20013671875,0.06706847118540604,0.10208984375,0.07839178172893656,1,50
2026-09-25 07:19:52.293,2026-09-25 07:19:52.220,0.073,0.5,0.5,0.01685546875,0.08478884227855317,0.13638671875,0.09108046934733253,0.13236328125,0.11976087875907603,0.157734375,0.1108429530820073,0.18462890625,0.1012142527799363,0.1960546875,0.06601869062821056,0.20333984375,0.06017276091465601,0.10396484375,0.07048781565393232,1,51
2026-09-25 07:20:26.735,2026-09-25 07:20:22.207,4.5280000000000005,0.2,0.2,0.01689453125,0.08378353052894856,0.13625,0.09151603946383824,0.13201171875,0.12091591795560816,0.15740234375,0.11175810758145595,0.1839453125,0.10282522456689472,0.19490234375,0.06857885934836028,0.20166015625,0.06377514706349262,0.10263671875,0.07607156146242618,1,52
2026-09-25 07:20:58.636,2026-09-25 07:20:57.207,1.429,0.35,0.35,0.01693359375,0.08278054051755251,0.1371484375,0.08866168625901669,0.13302734375,0.11758748411649275,0.1581640625,0.1096614909212144,0.1853515625,0.0995176982463057,0.1956640625,0.06688485462075319,0.202578125,0.06180269929461736,0.10294921875,0.07475126561172976,1,53
2026-09-25 07:21:31.808,2026-09-25 07:21:27.213,4.595,0.5,0.5,0.0169921875,0.08128038537514432,0.13740234375,0.08785840961758458,0.1332421875,0.11688664932772308,0.15849609375,0.10875073919135833,0.1859765625,0.09805573353510656,0.196484375,0.06506790125434016,0.20345703125,0.05992254323043275,0.10326171875,0.07343497142157576,1,54
2026-09-25 07:22:06.251,2026-09-25 07:22:02.207,4.044,0.35,0.35,0.01697265625,0.08177986154509635,0.13677734375,0.08983838504035756,0.1325,0.119312525150444,0.15787109375,0.11046668455505808,0.185703125,0.09869473761745576,0.19712890625,0.0636456087210071,0.2042578125,0.05821656989829442,0.10357421875,0.07212265470812448,1,55
2026-09-25 07:22:39.417,2026-09-25 07:22:37.208,2.209,0.35,0.35,0.0169921875,0.08128038537514432,0.1372265625,0.08841436593234228,0.1329296875,0.11790641963931088,0.15822265625,0.1095006311816496,0.18625,0.0974176682774372,0.19775390625,0.06227085008754253,0.2046875,0.0573039247442234,0.10388671875,0.07081429150610695,1,56
2026-09-25 07:23:12.599,2026-09-25 07:23:12.208,0.391,0.5,0.5,0.0169921875,0.08128038537514432,0.1372265625,0.08841436593234228,0.1330078125,0.11765125248631632,0.1582421875,0.10944702450603963,0.1859765625,0.09805573353510656,0.19638671875,0.06528380704148795,0.20330078125,0.06025619885572019,0.10296875,0.07466888024073373,1,57
2026-09-25 07:23:47.053,2026-09-25 07:23:42.208,4.845,0.2,0.2,0.0169921875,0.08128038537514432,0.136875,0.08952841822832477,0.13263671875,0.11886463393235605,0.15791015625,0.1103592391111891,0.18548828125,0.09919747266974731,0.19734375,0.06317254442697437,0.20421875,0.05829963281944334,0.1036328125,0.07187703618037677,1,58
2026-09-25 07:24:18.940,2026-09-25 07:24:17.213,1.7269999999999999,0.5,0.5,0.01703125,0.08028315306119553,0.13798828125,0.08601034520377161,0.13361328125,0.11567877397455187,0.1590234375,0.10730816531022828,0.18759765625,0.09428654147588594,0.198828125,0.05991810397350878,0.205546875,0.055484367978265926,0.104375,0.06877783235919793,1,59
2026-09-25 07:24:53.382,2026-09-25 07:24:52.218,1.164,0.35,0.35,0.01705078125,0.07978539428819303,0.13775390625,0.08674862754374725,0.1332421875,0.11688664932772308,0.15861328125,0.10842975286344023,0.186875,0.09596274402926273,0.19841796875,0.06081492164997674,0.205546875,0.055484367978265926,0.10470703125,0.06739847460138049,1,60
2026-09-25 07:25:26.552,2026-09-25 07:25:22.217,4.335,0.35,0.35,0.01703125,0.08028315306119553,0.1377734375,0.08668705605687818,0.1333203125,0.11663208045648138,0.158359375,0.1091255233326379,0.1865234375,0.09678053908985208,0.19787109375,0.06201356661917476,0.20501953125,0.05660001018936236,0.10453125,0.06812817706692045,1,61
2026-09-25 07:25:59.728,2026-09-25 07:25:57.217,2.511,0.2,0.2,0.01708984375,0.07879158497144954,0.1378515625,0.08644085736439869,0.13357421875,0.11580576066607157,0.15869140625,0.10821589370269703,0.18681640625,0.09609893631028373,0.1976171875,0.06257120690170012,0.2044921875,0.05771852571308888,0.10423828125,0.06934707902309971,1,62
2026-09-25 07:26:31.623,2026-09-25 07:26:27.213,4.41,0.5,0.5,0.0171484375,0.07730512208766026,0.1383203125,0.08496658896625683,0.13419921875,0.1137784158581931,0.159140625,0.10698824302548247,0.187421875,0.09469367137780545,0.1978515625,0.062056436613968306,0.20453125,0.05763557384923183,0.10453125,0.06812817706692045,1,63
2026-09-25 07:27:06.059,2026-09-25 07:27:02.208,3.851,0.35,0.35,0.017109375,0.07829553182568207,0.138046875,0.08582597055362255,0.133828125,0.11498101010562861,0.15888671875,0.10768170608073144,0.18736328125,0.09482946620362481,0.19853515625,0.0605584990001913,0.20544921875,0.055690752281871085,0.10525390625,0.0651360982306617,1,64
2026-09-25 07:27:39.219,2026-09-25 07:27:37.212,2.007,0.2,0.2,0.017109375,0.07829553182568207,0.1379296875,0.08619479816127072,0.13375,0.11523461273000461,0.15869140625,0.10821589370269703,0.18693359375,0.0958265944439783,0.198046875,0.06162792697693154,0.2051171875,0.05639319344089309,0.1048046875,0.06699361349076702,1,65
2026-09-25 07:28:11.104,2026-09-25 07:28:07.209,3.895,0.2,0.2,0.0171484375,0.07730512208766026,0.1384375,0.08459880250935474,0.13435546875,0.11327305494950016,0.1592578125,0.10666855623747105,0.18736328125,0.09482946620362481,0.19794921875,0.06184212894522121,0.20490234375,0.056848320363024035,0.10462890625,0.06772263545382781,1,66
2026-09-25 07:28:43.008,2026-09-25 07:28:42.207,0.801,0.5,0.5,0.01716796875,0.07681076291999094,0.1389453125,0.08300865053858754,0.1350390625,0.11106898919271348,0.1601171875,0.10433134937312603,0.1883984375,0.09243665308773458,0.19818359375,0.061328221599697745,0.20513671875,0.056351841907236154,0.104765625,0.06715551264712584,1,67
2026-09-25 07:29:17.454,2026-09-25 07:29:17.212,0.242,0.2,0.2,0.0170703125,0.07928820535935974,0.1378515625,0.08644085736439869,0.13384765625,0.1149176325817068,0.15888671875,0.10768170608073144,0.1865234375,0.09678053908985208,0.1971875,0.06351654007418966,0.20390625,0.058964708725687875,0.1039453125,0.07056941161131713,1,68
2026-09-25 07:29:49.348,2026-09-25 07:29:47.205,2.143,0.35,0.35,0.01708984375,0.07879158497144954,0.138203125,0.08533468715066353,0.134296875,0.11346249638408659,0.15931640625,0.1065088010464465,0.18703125,0.09559977327524412,0.197421875,0.06300064872637155,0.20419921875,0.05834117023824056,0.1041015625,0.06991707280011492,1,69
2026-09-25 07:30:22.524,2026-09-25 07:30:22.207,0.317,0.2,0.2,0.01705078125,0.07978539428819303,0.1384765625,0.08447627620528252,0.1344921875,0.11283134603044673,0.15966796875,0.10555150202128533,0.18720703125,0.09519179345951702,0.19705078125,0.06381775993995072,0.20369140625,0.059422539934021634,0.10359375,0.07204076642997045,1,70
2026-09-25 07:30:54.415,2026-09-25 07:30:52.214,2.201,0.35,0.35,0.017109375,0.07829553182568207,0.13845703125,0.08453753503631765,0.1346484375,0.11232708532717264,0.159765625,0.10528595968228602,0.18734375,0.09487474058280611,0.1966015625,0.06480895591312809,0.20341796875,0.060005933108166536,0.10337890625,0.07294238783541933,1,71
2026-09-25 07:31:27.576,2026-09-25 07:31:27.213,0.363,0.35,0.35,0.01712890625,0.07780004462772229,0.13869140625,0.08380299873960383,0.1348046875,0.11182340944363342,0.15986328125,0.10502057960564878,0.187734375,0.09397014854173592,0.19701171875,0.06390386114600258,0.20361328125,0.05958914374613611,0.1035546875,0.07220455842961254,1,72
2026-09-25 07:32:00.744,2026-09-25 07:31:57.214,3.5300000000000002,0.2,0.2,0.01703125,0.08028315306119553,0.13791015625,0.08625629989356971,0.13388671875,0.11479090527357001,0.1591015625,0.10709485760363015,0.1865234375,0.09678053908985208,0.19587890625,0.0664082506620177,0.20287109375,0.061175075771103066,0.1029296875,0.07483366661414055,1,73
2026-09-25 07:32:32.634,2026-09-25 07:32:32.219,0.415,0.2,0.2,0.01703125,0.08028315306119553,0.1381640625,0.08545745590961636,0.13435546875,0.11327305494950016,0.15939453125,0.10629588549767731,0.18693359375,0.0958265944439783,0.19587890625,0.0664082506620177,0.2023828125,0.062221619440828796,0.102734375,0.07565853767294807,1,74
2026-09-25 07:33:04.526,2026-09-25 07:33:02.215,2.311,0.5,0.5,0.01716796875,0.07681076291999094,0.13884765625,0.08331399716011156,0.13521484375,0.1105040327876652,0.16037109375,0.10364321122382297,0.18775390625,0.09392496836152318,0.19623046875,0.06562947971471941,0.20283203125,0.061258706520813354,0.10294921875,0.07475126561172976,1,75
2026-09-25 07:33:38.969,2026-09-25 07:33:37.212,1.7570000000000001,0.2,0.2,0.01697265625,0.08177986154509635,0.1376953125,0.08693339439695034,0.13376953125,0.11517119818920381,0.1589453125,0.10752157783634259,0.18611328125,0.09773658372563368,0.194765625,0.0688836121425129,0.20140625,0.06432230304658461,0.10193359375,0.07905698497122675,1,76
2026-09-25 07:34:10.873,2026-09-25 07:34:07.210,3.6630000000000003,0.2,0.2,0.0169921875,0.08128038537514432,0.1378125,0.08656393926458572,0.13396484375,0.11453756154061454,0.15935546875,0.10640233022416686,0.18619140625,0.09755431765144308,0.1951171875,0.06810039374826639,0.20150390625,0.06411177685025532,0.102109375,0.07830870291818044,1,77
2026-09-25 07:34:42.765,2026-09-25 07:34:42.210,0.555,0.2,0.2,0.0169921875,0.08128038537514432,0.13830078125,0.08502791700164831,0.13474609375,0.11201221945250686,0.16,0.1046493197218535,0.18716796875,0.09528242252535161,0.19498046875,0.06840481086114826,0.20134765625,0.06444866776749063,0.1020703125,0.07847487643538034,1,78
2026-09-25 07:35:14.658,2026-09-25 07:35:12.215,2.443,0.2,0.2,0.01701171875,0.08078148298609954,0.1383984375,0.08472136339119067,0.13470703125,0.11213813841015996,0.159921875,0.10486142936314097,0.1871875,0.09523710562836221,0.19462890625,0.0691885789377423,0.2010546875,0.06508104347778053,0.10171875,0.07997330626655165,1,79
2026-09-25 07:35:46.564,2026-09-25 07:35:42.205,4.359,0.35,0.35,0.01703125,0.08028315306119553,0.13857421875,0.08417011159485627,0.13486328125,0.11163468148445137,0.1602734375,0.10390775072271514,0.18748046875,0.09455791899892362,0.19486328125,0.06866590975592841,0.20130859375,0.06453293134592795,0.101875,0.07930669910282341,1,80
2026-09-25 07:36:19.729,2026-09-25 07:36:17.211,2.518,0.35,0.35,0.01705078125,0.07978539428819303,0.1384765625,0.08447627620528252,0.1347265625,0.11207517436772954,0.15998046875,0.10470233742098584,0.18716796875,0.09528242252535161,0.19447265625,0.06953737484598237,0.20091796875,0.06537646755732457,0.10154296875,0.08072446439310772,1,81
2026-09-25 07:36:52.898,2026-09-25 07:36:52.212,0.686,0.5,0.5,0.01697265625,0.08177986154509635,0.1380859375,0.08570309759144965,0.1343359375,0.11333619291310676,0.15953125,0.10592353427475518,0.18681640625,0.09609893631028373,0.1946875,0.06905785265915426,0.2008984375,0.06541868740685997,0.101640625,0.0803069939371385,1,82
2026-09-25 07:37:27.334,2026-09-25 07:37:27.216,0.118,0.35,0.35,0.0169140625,0.08328174597641616,0.13751953125,0.08748816707009406,0.13357421875,0.11580576066607157,0.15908203125,0.10714817470908079,0.1860546875,0.09787333349802668,0.19435546875,0.06979915573510391,0.2006640625,0.06592564600361286,0.101484375,0.08097513942569687,1,83
2026-09-25 07:38:00.491,2026-09-25 07:37:57.212,3.279,0.35,0.35,0.0169140625,0.08328174597641616,0.13736328125,0.08798189397494291,0.13337890625,0.11644125168069634,0.15865234375,0.10832281011926441,0.18580078125,0.09846641392684731,0.19412109375,0.0703231913726263,0.2007421875,0.0657565940427771,0.1015234375,0.08080800666169341,1,84
2026-09-25 07:38:33.660,2026-09-25 07:38:32.219,1.441,0.2,0.2,0.01685546875,0.08478884227855317,0.13736328125,0.08798189397494291,0.1333984375,0.11637766071756894,0.1585546875,0.10859021637234235,0.18578125,0.09851206906296323,0.19416015625,0.07023580817677755,0.20064453125,0.06596791927778871,0.101484375,0.08097513942569687,1,85
2026-09-25 07:39:05.558,2026-09-25 07:39:02.213,3.3449999999999998,0.5,0.5,0.01689453125,0.08378353052894856,0.1376953125,0.08693339439695034,0.1337890625,0.11510779290667589,0.1591796875,0.10688165461363237,0.18615234375,0.09764544112678851,0.1940625,0.07045429914174374,0.20048828125,0.06630625368532055,0.1012890625,0.08181176939335448,1,86
2026-09-25 07:39:40.000,2026-09-25 07:39:37.215,2.785,0.5,0.5,0.01693359375,0.08278054051755251,0.1371875,0.08853800849030298,0.13314453125,0.11720507040064523,0.15845703125,0.10885778737575619,0.18541015625,0.09938042980016372,0.1940625,0.07045429914174374,0.20076171875,0.06571434133253282,0.10146484375,0.0810587299334909,1,87
2026-09-25 07:40:14.437,2026-09-25 07:40:12.209,2.228,0.2,0.2,0.01693359375,0.08278054051755251,0.136640625,0.0902727105817102,0.1327734375,0.11841720415206058,0.15810546875,0.10982241026421645,0.18494140625,0.10047979412159556,0.19373046875,0.07119799171253148,0.2003515625,0.06660251266219652,0.10150390625,0.0808915650038277,1,88
2026-09-25 07:40:46.342,2026-09-25 07:40:42.208,4.134,0.5,0.5,0.01689453125,0.08378353052894856,0.13724609375,0.08835255785113033,0.13326171875,0.11682299311919525,0.1584375,0.10891132136434825,0.185390625,0.09942618112829704,0.19416015625,0.07023580817677755,0.20068359375,0.06588337684382439,0.101484375,0.08097513942569687,1,89
2026-09-25 07:41:20.777,2026-09-25 07:41:17.208,3.569,0.35,0.35,0.0168359375,0.08529237216905,0.13666015625,0.09021063747620846,0.13255859375,0.11912051520763474,0.15787109375,0.11046668455505808,0.18455078125,0.10139806168413108,0.19349609375,0.07172371898169809,0.20005859375,0.06723803467488194,0.1011328125,0.08248223572783392,1,90
2026-09-25 07:41:53.951,2026-09-25 07:41:52.211,1.74,0.35,0.35,0.01681640625,0.08579648654010803,0.1366015625,0.09039688341512313,0.1325,0.119312525150444,0.15791015625,0.1103592391111891,0.1847265625,0.10098460099419095,0.1934375,0.07185525029820594,0.2002734375,0.06677189428755073,0.10119140625,0.0822306895395659,1,91
2026-09-25 07:42:27.128,2026-09-25 07:42:22.206,4.922,0.2,0.2,0.01685546875,0.08478884227855317,0.13662109375,0.0903347925605026,0.13248046875,0.1193765473340793,0.1578125,0.11062790257902289,0.18453125,0.10144402606813999,0.1934375,0.07185525029820594,0.199921875,0.06753493017678339,0.10119140625,0.0822306895395659,1,92
2026-09-25 07:42:59.037,2026-09-25 07:42:57.213,1.8239999999999998,0.35,0.35,0.01681640625,0.08579648654010803,0.1371875,0.08853800849030298,0.133125,0.11726878264045781,0.158359375,0.1091255233326379,0.18515625,0.09997557333553218,0.1937109375,0.07124177801915756,0.2001953125,0.06694134200015814,0.10115234375,0.08239837080879313,1,93
2026-09-25 07:43:32.223,2026-09-25 07:43:27.215,5.008,0.35,0.35,0.0168359375,0.08529237216905,0.136953125,0.08928060396659171,0.1328515625,0.11816173680239814,0.1582421875,0.10944702450603963,0.18486328125,0.10066329237378281,0.1934375,0.07185525029820594,0.2001953125,0.06694134200015814,0.101171875,0.08231452208145414,1,94
2026-09-25 07:44:05.383,2026-09-25 07:44:02.219,3.164,0.2,0.2,0.01685546875,0.08478884227855317,0.13708984375,0.08884726897613593,0.1329296875,0.11790641963931088,0.15828125,0.10933983100138499,0.1851171875,0.10006720631021605,0.19373046875,0.07119799171253148,0.20033203125,0.06664485187567419,0.1012890625,0.08181176939335448,1,95
2026-09-25 07:44:37.287,2026-09-25 07:44:37.254,0.033,0.35,0.35,0.016875,0.08428589551486948,0.13732421875,0.08810541345299486,0.13333984375,0.11656846154742413,0.15853515625,0.10864371738650348,0.1853515625,0.0995176982463057,0.19373046875,0.07119799171253148,0.19990234375,0.06757736039340678,0.1010546875,0.08281785744616256,1,96
2026-09-25 07:45:10.452,2026-09-25 07:45:07.217,3.235,0.2,0.2,0.01689453125,0.08378353052894856,0.1369921875,0.08915674984286533,0.133203125,0.11701398974262255,0.15849609375,0.10875073919135833,0.18541015625,0.09938042980016372,0.19384765625,0.07093536653909602,0.20029296875,0.06672954268754616,0.1014453125,0.08114233653340328,1,97
2026-09-25 07:45:42.342,2026-09-25 07:45:42.229,0.113,0.2,0.2,0.0169140625,0.08328174597641616,0.13734375,0.08804364932263362,0.13349609375,0.11605984549526044,0.1587890625,0.10794871775954086,0.18580078125,0.09846641392684731,0.19388671875,0.07084786009473325,0.2005078125,0.06626394746718732,0.1013671875,0.08147692397822934,1,98
2026-09-25 07:46:14.237,2026-09-25 07:46:12.284,1.9529999999999998,0.2,0.2,0.01693359375,0.08278054051755251,0.137578125,0.08730316409310976,0.1337890625,0.11510779290667589,0.15908203125,0.10714817470908079,0.186015625,0.09796452394075618,0.19375,0.07115420982007005,0.20009765625,0.06715324465471742,0.10126953125,0.08189552110162739,1,99
2026-09-25 07:46:46.141,2026-09-25 07:46:42.242,3.899,0.5,0.5,0.016953125,0.08227991281727091,0.1379296875,0.08619479816127072,0.13388671875,0.11479090527357001,0.1594921875,0.10602988776663075,0.18603515625,0.09791892632594151,0.19349609375,0.07172371898169809,0.199765625,0.06787448803763338,0.10095703125,0.08323774965899625,1,100
2026-09-25 07:47:20.578,2026-09-25 07:47:17.212,3.366,0.2,0.2,0.01689453125,0.08378353052894856,0.13736328125,0.08798189397494291,0.13345703125,0.11618694367641431,0.1586328125,0.10837627819959089,0.18548828125,0.09919747266974731,0.19365234375,0.07137316343292718,0.20017578125,0.06698371426048769,0.10115234375,0.08239837080879313,1,101
2026-09-25 07:47:52.481,2026-09-25 07:47:52.215,0.266,0.2,0.2,0.016953125,0.08227991281727091,0.1376953125,0.08693339439695034,0.133828125,0.11498101010562861,0.1590625,0.10720149836092552,0.18609375,0.09778216219887731,0.1942578125,0.07001742707804261,0.20048828125,0.06630625368532055,0.10146484375,0.0810587299334909,1,102
2026-09-25 07:48:24.379,2026-09-25 07:48:22.213,2.166,0.2,0.2,0.016953125,0.08227991281727091,0.1379296875,0.08619479816127072,0.13412109375,0.11403131700489609,0.15931640625,0.1065088010464465,0.18638671875,0.09709898684657256,0.19416015625,0.07023580817677755,0.20037109375,0.06656017757595119,0.10138671875,0.08139325294783795,1,103
2026-09-25 07:48:56.270,2026-09-25 07:48:52.267,4.003,0.35,0.35,0.0169140625,0.08328174597641616,0.13779296875,0.08662549329798244,0.134140625,0.1139680779102225,0.159375,0.10634910459974792,0.18662109375,0.09655321928256672,0.19375,0.07115420982007005,0.20015625,0.06702609065530135,0.10115234375,0.08239837080879313,1,104
2026-09-25 07:49:29.431,2026-09-25 07:49:27.214,2.217,0.35,0.35,0.016953125,0.08227991281727091,0.137890625,0.08631781033654536,0.13421875,0.11371521357591557,0.15939453125,0.10629588549767731,0.186328125,0.09723553596950327,0.1938671875,0.0708916111129441,0.2001171875,0.06711085585160899,0.10115234375,0.08239837080879313,1,105
2026-09-25 07:50:02.620,2026-09-25 07:50:02.213,0.407,0.2,0.2,0.0168359375,0.08529237216905,0.13681640625,0.08971437176655568,0.133046875,0.11752372510853802,0.15822265625,0.1095006311816496,0.1851953125,0.09988395969066059,0.19384765625,0.07093536653909602,0.20052734375,0.06622164536985653,0.1014453125,0.08114233653340328,1,106
2026-09-25 07:50:34.525,2026-09-25 07:50:32.212,2.313,0.5,0.5,0.01693359375,0.08278054051755251,0.13669921875,0.09008651787493403,0.13294921875,0.11784261379450307,0.15814453125,0.10971512407742992,0.185078125,0.10015885862287094,0.1952734375,0.06775274955767728,0.2019921875,0.06306067395588029,0.10255859375,0.07640226353963019,1,107
2026-09-25 07:51:08.965,2026-09-25 07:51:07.301,1.6640000000000001,0.5,0.5,0.01681640625,0.08579648654010803,0.13515625,0.09501641693159127,0.13115234375,0.12375234739436727,0.15646484375,0.11435253161710657,0.18306640625,0.10490529364733261,0.19474609375,0.06892716571843101,0.20236328125,0.06226353368898214,0.10248046875,0.07673321762834823,1,108
2026-09-25 07:51:43.405,2026-09-25 07:51:42.292,1.113,0.2,0.2,0.01705078125,0.07978539428819303,0.13544921875,0.09407604597904543,0.13125,0.12342909134527622,0.15787109375,0.11046668455505808,0.1847265625,0.10098460099419095,0.19779296875,0.0621850719948475,0.2056640625,0.05523683620644471,0.10494140625,0.06642744125799326,1,109
2026-09-25 07:52:15.297,2026-09-25 07:52:12.253,3.044,0.35,0.35,0.01693359375,0.08278054051755251,0.134765625,0.09627342065109375,0.130390625,0.1262820363918923,0.1571875,0.11235129564175683,0.18314453125,0.1047199946655762,0.1963671875,0.06532700108219226,0.20447265625,0.05776000758731725,0.10408203125,0.06999856158577537,1,110
2026-09-25 07:52:48.466,2026-09-25 07:52:47.207,1.259,0.5,0.5,0.01677734375,0.08680647416252046,0.13421875,0.09803936056516321,0.130390625,0.1262820363918923,0.1556640625,0.11658094195749664,0.18146484375,0.10872145059714924,0.19404296875,0.07049801052841477,0.20205078125,0.06293471239017781,0.10328125,0.07335283534910332,1,111
2026-09-25 07:53:22.909,2026-09-25 07:53:22.212,0.697,0.2,0.2,0.01671875,0.08832587331660956,0.13421875,0.09803936056516321,0.13029296875,0.12660742374651826,0.15568359375,0.1165264542236691,0.1815625,0.1084877956273429,0.19376953125,0.07111043234088346,0.2015625,0.06398551010073869,0.10263671875,0.07607156146242618,1,112
2026-09-25 07:53:54.798,2026-09-25 07:53:52.250,2.548,0.5,0.5,0.01677734375,0.08680647416252046,0.1353515625,0.09438927677654232,0.1312890625,0.12329985626564285,0.15654296875,0.11413573666344534,0.1830078125,0.10504431978582011,0.19419921875,0.07014844255952384,0.20181640625,0.06343877800270174,0.102578125,0.07631956440924538,1,113
2026-09-25 07:54:29.232,2026-09-25 07:54:27.208,2.024,0.2,0.2,0.016796875,0.08630118675019506,0.1352734375,0.09464002417490702,0.13125,0.12342909134527622,0.1565234375,0.11418992525692806,0.18310546875,0.10481263427384194,0.19484375,0.06870944150376247,0.20220703125,0.06259899338078195,0.10283203125,0.07524590630518185,1,114
2026-09-25 07:55:01.127,2026-09-25 07:54:57.254,3.873,0.35,0.35,0.0168359375,0.08529237216905,0.13580078125,0.09295028200273332,0.13193359375,0.12117301104105209,0.15716796875,0.11240526202665427,0.18404296875,0.10259471955543115,0.19494140625,0.06849182638576377,0.20212890625,0.06276682044572558,0.10294921875,0.07475126561172976,1,115
2026-09-25 07:55:34.295,2026-09-25 07:55:32.268,2.027,0.5,0.5,0.01689453125,0.08378353052894856,0.1363671875,0.09114266691018909,0.1324609375,0.11944057895703401,0.157578125,0.11127337381288115,0.18501953125,0.10029637336840844,0.195234375,0.06783963451983631,0.2025390625,0.061886451002890266,0.10291015625,0.07491608325389895,1,116
2026-09-25 07:56:08.730,2026-09-25 07:56:07.268,1.462,0.35,0.35,0.016875,0.08428589551486948,0.13625,0.09151603946383824,0.13181640625,0.12155893625771252,0.1571875,0.11235129564175683,0.18453125,0.10144402606813999,0.19541015625,0.0674487890020185,0.20271484375,0.06150969544047671,0.10291015625,0.07491608325389895,1,117
2026-09-25 07:56:41.896,2026-09-25 07:56:37.266,4.63,0.2,0.2,0.01689453125,0.08378353052894856,0.13619140625,0.09170284618343076,0.13193359375,0.12117301104105209,0.157265625,0.11213549713699211,0.18435546875,0.10185792458383598,0.19572265625,0.06675481984302543,0.2026171875,0.06171896373436505,0.102734375,0.07565853767294807,1,118
2026-09-25 07:57:13.798,2026-09-25 07:57:12.211,1.587,0.35,0.35,0.01697265625,0.08177986154509635,0.13716796875,0.08859984297206226,0.13298828125,0.11771503022075844,0.1584765625,0.10880425998530163,0.1862109375,0.09750876308257524,0.19630859375,0.06545660898623398,0.20302734375,0.06084071372444321,0.103125,0.07401035929287493,1,119
2026-09-25 07:57:46.967,2026-09-25 07:57:42.218,4.749,0.35,0.35,0.01701171875,0.08078148298609954,0.137421875,0.08779668060292539,0.13328125,0.11675934623963491,0.15837890625,0.10907196293522116,0.18701171875,0.09564512803293808,0.198515625,0.06060122559591698,0.20560546875,0.055360584456862615,0.104453125,0.06845288323674041,1,120
2026-09-25 07:58:20.138,2026-09-25 07:58:17.215,2.923,0.2,0.2,0.01705078125,0.07978539428819303,0.13783203125,0.08650239395421522,0.13365234375,0.1155518244027904,0.1587890625,0.10794871775954086,0.187734375,0.09397014854173592,0.1987109375,0.06017414867891285,0.20580078125,0.05494822734090117,0.1048046875,0.06699361349076702,1,121
2026-09-25 07:58:52.036,2026-09-25 07:58:47.206,4.83,0.2,0.2,0.01712890625,0.07780004462772229,0.1382421875,0.085211953086853,0.1342578125,0.113588836597895,0.1592578125,0.10666855623747105,0.18845703125,0.0923016042713357,0.1991015625,0.059321252721559456,0.2060546875,0.05441274775821977,0.10529296875,0.06497494999805095,1,122
2026-09-25 07:59:23.942,2026-09-25 07:59:22.210,1.732,0.35,0.35,0.01724609375,0.07483893441619417,0.1394921875,0.08130266553158595,0.13572265625,0.10887605271965063,0.1605078125,0.10327312642775649,0.18923828125,0.0905049547676072,0.19884765625,0.05987544452827008,0.20556640625,0.0554431028842253,0.10501953125,0.06610424534956794,1,123
2026-09-25 07:59:57.117,2026-09-25 07:59:52.209,4.908,0.5,0.5,0.01720703125,0.07582372958171482,0.13888671875,0.08319183274808152,0.13498046875,0.11125747143013265,0.15978515625,0.1052328706923167,0.1887890625,0.09153711987073672,0.19916015625,0.059193462671526594,0.20611328125,0.0542892692523688,0.105390625,0.06457234082682049,1,124
2026-09-25 08:00:31.614,2026-09-25 08:00:27.216,4.398,0.35,0.35,0.017109375,0.07829553182568207,0.13779296875,0.08662549329798244,0.133828125,0.11498101010562861,0.15845703125,0.10885778737575619,0.18767578125,0.09410571729011417,0.1983984375,0.06085767348166987,0.20578125,0.05498944543820386,0.10599609375,0.06208446024721094,1,125
2026-09-25 08:01:04.804,2026-09-25 08:01:02.215,2.589,0.2,0.2,0.0171484375,0.07730512208766026,0.138203125,0.08533468715066353,0.134140625,0.1139680779102225,0.15880859375,0.10789530228909615,0.18763671875,0.09419611997193594,0.19849609375,0.060643956395568056,0.2053125,0.055979855176225675,0.10546875,0.06425052200371867,1,126
2026-09-25 08:01:36.699,2026-09-25 08:01:32.208,4.491,0.2,0.2,0.0171875,0.0763169658435941,0.1384765625,0.08447627620528252,0.1345703125,0.11257914249147563,0.15923828125,0.10672182102957845,0.18828125,0.09270687677076762,0.19845703125,0.06072943060995597,0.20572265625,0.055113123206917594,0.10578125,0.0629656261495993,1,127
2026-09-25 08:02:08.616,2026-09-25 08:02:07.217,1.399,0.2,0.2,0.0172265625,0.07533105286194301,0.1391015625,0.08252054205011423,0.13546875,0.1096892799309476,0.16,0.1046493197218535,0.18896484375,0.09113293698264938,0.1982421875,0.06119983972501702,0.20525390625,0.05610381535457638,0.10533203125,0.06481386153852477,1,128
2026-09-25 08:02:40.507,2026-09-25 08:02:37.229,3.278,0.35,0.35,0.017265625,0.07434737298068969,0.1393359375,0.08178940638601385,0.13560546875,0.10925119914254809,0.16017578125,0.10417245145736971,0.18900390625,0.09104316962352386,0.19818359375,0.061328221599697745,0.20509765625,0.05643454891222869,0.10517578125,0.06545857419268676,1,129
2026-09-25 08:03:13.681,2026-09-25 08:03:12.214,1.467,0.5,0.5,0.01712890625,0.07780004462772229,0.13853515625,0.08429255153981814,0.1346875,0.1122011115824451,0.1594140625,0.10624267291635689,0.1880859375,0.09315762354906389,0.19767578125,0.062442457116112765,0.20447265625,0.05776000758731725,0.10466796875,0.0675605247830753,1,130
2026-09-25 08:03:48.116,2026-09-25 08:03:47.251,0.865,0.5,0.5,0.01701171875,0.08078148298609954,0.1378125,0.08656393926458572,0.13390625,0.11472755548395969,0.1587109375,0.10816244536321616,0.186640625,0.09650776959575812,0.196328125,0.06541340205371038,0.2033203125,0.060214477881395084,0.10380859375,0.0711410129673716,1,131
2026-09-25 08:04:22.563,2026-09-25 08:04:22.222,0.341,0.5,0.5,0.01697265625,0.08177986154509635,0.1369140625,0.08940449342169046,0.13296875,0.11777881732256998,0.15810546875,0.10982241026421645,0.185234375,0.09979236536744787,0.19505859375,0.06823083209791886,0.202265625,0.06247316562909682,0.10263671875,0.07607156146242618,1,132
2026-09-25 08:04:57.007,2026-09-25 08:04:52.215,4.792,0.2,0.2,0.0169140625,0.08328174597641616,0.136328125,0.09126708876518796,0.13251953125,0.11924851240334562,0.15765625,0.11105811012475493,0.184609375,0.101260197713267,0.1948046875,0.06879651809190454,0.20169921875,0.0636910303710152,0.10240234375,0.07706442411296385,1,133
2026-09-25 08:05:28.898,2026-09-25 08:05:27.222,1.6760000000000002,0.2,0.2,0.01693359375,0.08278054051755251,0.136953125,0.08928060396659171,0.13302734375,0.11758748411649275,0.15828125,0.10933983100138499,0.185234375,0.09979236536744787,0.1945703125,0.0693193445778841,0.20154296875,0.06402759493839973,0.10220703125,0.07789354708702192,1,134
2026-09-25 08:06:00.796,2026-09-25 08:05:57.210,3.586,0.2,0.2,0.01693359375,0.08278054051755251,0.13712890625,0.08872353835367419,0.13337890625,0.11644125168069634,0.1584375,0.10891132136434825,0.1854296875,0.09933468329125716,0.19423828125,0.07006109451379432,0.20099609375,0.06520762919115762,0.1018359375,0.07947325499437707,1,135
2026-09-25 08:06:32.689,2026-09-25 08:06:32.209,0.48,0.2,0.2,0.01693359375,0.08278054051755251,0.13744140625,0.08773496036095367,0.13376953125,0.11517119818920381,0.1590234375,0.10730816531022828,0.186328125,0.09723553596950327,0.19447265625,0.06953737484598237,0.2008203125,0.06558760786091619,0.101640625,0.0803069939371385,1,136
2026-09-25 08:07:04.596,2026-09-25 08:07:02.210,2.386,0.35,0.35,0.01693359375,0.08278054051755251,0.13767578125,0.08699500082047426,0.133984375,0.11447424869234982,0.15912109375,0.10704154704296624,0.18615234375,0.09764544112678851,0.1939453125,0.07071663347886756,0.200390625,0.0665178466161338,0.1015234375,0.08080800666169341,1,137
2026-09-25 08:07:37.757,2026-09-25 08:07:37.206,0.551,0.35,0.35,0.016953125,0.08227991281727091,0.13775390625,0.08674862754374725,0.13390625,0.11472755548395969,0.1591015625,0.10709485760363015,0.1862109375,0.09750876308257524,0.19396484375,0.07067290008354302,0.2002734375,0.06677189428755073,0.10125,0.08197928896415022,1,138
2026-09-25 08:08:10.917,2026-09-25 08:08:07.221,3.6959999999999997,0.2,0.2,0.0169140625,0.08328174597641616,0.13748046875,0.08761154618510089,0.13373046875,0.1152980365317827,0.1589453125,0.10752157783634259,0.18599609375,0.09801012634347596,0.19376953125,0.07111043234088346,0.200234375,0.06685660987972485,0.10142578125,0.08122595923163087,1,139
2026-09-25 08:08:42.807,2026-09-25 08:08:42.269,0.538,0.5,0.5,0.016953125,0.08227991281727091,0.1376953125,0.08693339439695034,0.13412109375,0.11403131700489609,0.15923828125,0.10672182102957845,0.18662109375,0.09655321928256672,0.19408203125,0.0704105921541455,0.2003515625,0.06660251266219652,0.10154296875,0.08072446439310772,1,140
2026-09-25 08:09:17.265,2026-09-25 08:09:17.260,0.005,0.35,0.35,0.0169140625,0.08328174597641616,0.137109375,0.08878539925854378,0.13333984375,0.11656846154742413,0.15845703125,0.10885778737575619,0.18580078125,0.09846641392684731,0.19419921875,0.07014844255952384,0.20078125,0.0656720927326743,0.1016796875,0.08014011805347024,1,141
2026-09-25 08:09:50.439,2026-09-25 08:09:47.217,3.222,0.35,0.35,0.016875,0.08428589551486948,0.136953125,0.08928060396659171,0.1330078125,0.11765125248631632,0.15822265625,0.1095006311816496,0.18517578125,0.0999297640973795,0.19373046875,0.07119799171253148,0.20033203125,0.06664485187567419,0.10138671875,0.08139325294783795,1,142
2026-09-25 08:10:23.605,2026-09-25 08:10:22.217,1.388,0.35,0.35,0.01689453125,0.08378353052894856,0.1371875,0.08853800849030298,0.13337890625,0.11644125168069634,0.1584375,0.10891132136434825,0.1855078125,0.09915174542759883,0.19376953125,0.07111043234088346,0.2004296875,0.06643319707256526,0.10134765625,0.08156061113175994,1,143
2026-09-25 08:10:56.812,2026-09-25 08:10:52.214,4.598,0.2,0.2,0.0169140625,0.08328174597641616,0.1368359375,0.08965237840667545,0.13302734375,0.11758748411649275,0.15826171875,0.10939342444649566,0.1852734375,0.09970079035774572,0.19353515625,0.07163605356317204,0.200234375,0.06685660987972485,0.10119140625,0.0822306895395659,1,144
2026-09-25 08:11:28.705,2026-09-25 08:11:27.208,1.4969999999999999,0.2,0.2,0.016953125,0.08227991281727091,0.13720703125,0.08847618281123158,0.1334375,0.11625050671815289,0.1586328125,0.10837627819959089,0.18556640625,0.09901459258202402,0.19384765625,0.07093536653909602,0.2001953125,0.06694134200015814,0.1012109375,0.08214687317688117,1,145
2026-09-25 08:12:00.613,2026-09-25 08:11:57.319,3.294,0.2,0.2,0.01693359375,0.08278054051755251,0.13740234375,0.08785840961758458,0.133671875,0.11548836353003882,0.15892578125,0.10757494735799535,0.18609375,0.09778216219887731,0.1937890625,0.07106665927408197,0.20046875,0.06634856402505913,0.10146484375,0.0810587299334909,1,146
2026-09-25 08:12:32.510,2026-09-25 08:12:32.236,0.274,0.2,0.2,0.01697265625,0.08177986154509635,0.13796875,0.0860718208188369,0.13421875,0.11371521357591557,0.1593359375,0.10645556237253327,0.18642578125,0.09700797794391282,0.19392578125,0.07076037127858255,0.20025390625,0.06681425001800843,0.1012890625,0.08181176939335448,1,147
2026-09-25 08:13:04.405,2026-09-25 08:13:02.251,2.154,0.5,0.5,0.0169921875,0.08128038537514432,0.1380078125,0.08594887828952241,0.13443359375,0.11302059484536817,0.15982421875,0.10512671217751209,0.18703125,0.09559977327524412,0.19435546875,0.06979915573510391,0.200390625,0.0665178466161338,0.1016015625,0.08047393396683321,1,148
2026-09-25 08:13:38.842,2026-09-25 08:13:37.250,1.592,0.5,0.5,0.0169140625,0.08328174597641616,0.137421875,0.08779668060292539,0.133515625,0.11599631035040225,0.15884765625,0.10778849105346104,0.18599609375,0.09801012634347596,0.19392578125,0.07076037127858255,0.2006640625,0.06592564600361286,0.1016015625,0.08047393396683321,1,149
2026-09-25 08:14:13.279,2026-09-25 08:14:12.214,1.065,0.2,0.2,0.016875,0.08428589551486948,0.13669921875,0.09008651787493403,0.13296875,0.11777881732256998,0.1580859375,0.10987606329806117,0.18490234375,0.10057153355622131,0.193515625,0.07167988406044933,0.20013671875,0.06706847118540604,0.10107421875,0.08273392769773182,1,150
2026-09-25 08:14:45.194,2026-09-25 08:14:42.218,2.976,0.2,0.2,0.016875,0.08428589551486948,0.13728515625,0.08822896807172384,0.13330078125,0.11669570868630783,0.15869140625,0.10821589370269703,0.1854296875,0.09933468329125716,0.19353515625,0.07163605356317204,0.20021484375,0.06689897387350595,0.101171875,0.08231452208145414,1,151
2026-09-25 08:15:17.086,2026-09-25 08:15:12.224,4.862,0.5,0.5,0.01689453125,0.08378353052894856,0.1373828125,0.08792014740742529,0.13353515625,0.11593278449906343,0.15884765625,0.10778849105346104,0.18583984375,0.09837511805055911,0.1937890625,0.07106665927408197,0.200390625,0.0665178466161338,0.10134765625,0.08156061113175994,1,152
2026-09-25 08:15:51.529,2026-09-25 08:15:47.212,4.317,0.35,0.35,0.016875,0.08428589551486948,0.136796875,0.0897763739769405,0.13294921875,0.11784261379450307,0.15826171875,0.10939342444649566,0.1850390625,0.10025053028166056,0.1934765625,0.07176755832781147,0.200078125,0.06719563759553913,0.10115234375,0.08239837080879313,1,153
2026-09-25 08:16:24.702,2026-09-25 08:16:22.266,2.436,0.35,0.35,0.016875,0.08428589551486948,0.1367578125,0.0899004049593353,0.13310546875,0.11733250422840907,0.15826171875,0.10939342444649566,0.1850390625,0.10025053028166056,0.1936328125,0.07141696740511662,0.2001953125,0.06694134200015814,0.10123046875,0.08206307298715601,1,154
2026-09-25 08:16:57.880,2026-09-25 08:16:57.268,0.612,0.5,0.5,0.01689453125,0.08378353052894856,0.13697265625,0.0892186724895666,0.13306640625,0.11745997545970384,0.15822265625,0.1095006311816496,0.18541015625,0.09938042980016372,0.19408203125,0.0704105921541455,0.20056640625,0.06613705353439173,0.1015234375,0.08080800666169341,1,155
2026-09-25 08:17:32.362,2026-09-25 08:17:32.210,0.152,0.35,0.35,0.016875,0.08428589551486948,0.136328125,0.09126708876518796,0.13232421875,0.11988906485265811,0.1576171875,0.11116572863153862,0.18455078125,0.10139806168413108,0.1937109375,0.07124177801915756,0.2004296875,0.06643319707256526,0.10142578125,0.08122595923163087,1,156
2026-09-25 08:18:05.528,2026-09-25 08:18:02.207,3.321,0.2,0.2,0.01685546875,0.08478884227855317,0.13560546875,0.09357534613179576,0.131640625,0.1221384678637816,0.156796875,0.11343189953816105,0.18349609375,0.10388712623705397,0.19412109375,0.0703231913726263,0.20138671875,0.06436442053504347,0.10203125,0.07864111355966964,1,157
2026-09-25 08:18:37.429,2026-09-25 08:18:37.280,0.149,0.5,0.5,0.01685546875,0.08478884227855317,0.13537109375,0.09432661254125531,0.13115234375,0.12375234739436727,0.1566015625,0.11397321143910616,0.18333984375,0.10425709280774263,0.19552734375,0.0671884205997935,0.2032421875,0.06038138583191343,0.10302734375,0.07442181785695687,1,158
2026-09-25 08:19:11.881,2026-09-25 08:19:07.240,4.641,0.35,0.35,0.01689453125,0.08378353052894856,0.134765625,0.09627342065109375,0.13083984375,0.12478838660800108,0.156875,0.11321556355266493,0.18330078125,0.10434963371623333,0.1963671875,0.06532700108219226,0.204140625,0.058465806336643236,0.103828125,0.07105930955599278,1,159
2026-09-25 08:19:45.049,2026-09-25 08:19:42.214,2.835,0.5,0.5,0.0166796875,0.08934176730475776,0.13376953125,0.09949534517845142,0.12978515625,0.12830337912035064,0.155234375,0.11778140491583143,0.18064453125,0.11068913122742775,0.19376953125,0.07111043234088346,0.2018359375,0.06339675018228831,0.10294921875,0.07475126561172976,1,160
2026-09-25 08:20:19.499,2026-09-25 08:20:17.211,2.288,0.2,0.2,0.01669921875,0.08883352326559013,0.133984375,0.09879839568159744,0.1300390625,0.1274545735784529,0.155546875,0.11690801199823704,0.1809765625,0.10989161480646203,0.19390625,0.07080411348357529,0.20197265625,0.06310266926432119,0.1026953125,0.07582370005634324,1,161
2026-09-25 08:20:51.389,2026-09-25 08:20:47.247,4.142,0.35,0.35,0.01677734375,0.08680647416252046,0.135,0.09551878191751217,0.13109375,0.12394641657845759,0.1562890625,0.11484071631063066,0.18265625,0.10587941251981474,0.194765625,0.0688836121425129,0.20220703125,0.06259899338078195,0.10291015625,0.07491608325389895,1,162
2026-09-25 08:21:24.557,2026-09-25 08:21:22.221,2.336,0.2,0.2,0.01681640625,0.08579648654010803,0.13544921875,0.09407604597904543,0.131484375,0.12265425709531524,0.15671875,0.11364834334124733,0.18337890625,0.10416457161397494,0.1951171875,0.06810039374826639,0.20248046875,0.06201210885646591,0.1028515625,0.07516342705663782,1,163
2026-09-25 08:21:56.446,2026-09-25 08:21:52.253,4.193,0.5,0.5,0.0169140625,0.08328174597641616,0.13638671875,0.09108046934733253,0.13244140625,0.11950462002209183,0.15748046875,0.11154260355425603,0.1848828125,0.10061741054162321,0.195859375,0.06645155668806983,0.2030078125,0.060882494905090546,0.10314453125,0.07392811433819234,1,164
2026-09-25 08:22:30.886,2026-09-25 08:22:27.219,3.667,0.2,0.2,0.01689453125,0.08378353052894856,0.13595703125,0.09245087762756066,0.13185546875,0.12143025641028116,0.157109375,0.11256720142890467,0.18416015625,0.10231827493635594,0.1953125,0.06766588197424873,0.20263671875,0.061677102007800924,0.102734375,0.07565853767294807,1,165
2026-09-25 08:23:02.796,2026-09-25 08:23:02.209,0.587,0.35,0.35,0.016953125,0.08227991281727091,0.13662109375,0.0903347925605026,0.13267578125,0.11873674980837447,0.1578125,0.11062790257902289,0.1854296875,0.09933468329125716,0.19546875,0.0673185852888852,0.20255859375,0.061844573129862045,0.10271484375,0.07574111101322975,1,166
2026-09-25 08:23:35.957,2026-09-25 08:23:32.211,3.746,0.2,0.2,0.016953125,0.08227991281727091,0.136875,0.08952841822832477,0.13279296875,0.11835332322499047,0.15791015625,0.1103592391111891,0.18572265625,0.09864906327530888,0.19599609375,0.0661485051507444,0.20306640625,0.06075716341985637,0.10314453125,0.07392811433819234,1,167
2026-09-25 08:24:07.864,2026-09-25 08:24:07.221,0.643,0.5,0.5,0.01703125,0.08028315306119553,0.1374609375,0.0876732488891762,0.1336328125,0.11561529455005772,0.158828125,0.10784189338760804,0.1866015625,0.09659867372626338,0.19630859375,0.06545660898623398,0.20318359375,0.060506608904116445,0.1030078125,0.07450415636927162,1,168
2026-09-25 08:24:42.308,2026-09-25 08:24:42.230,0.078,0.2,0.2,0.0169921875,0.08128038537514432,0.13712890625,0.08872353835367419,0.13296875,0.11777881732256998,0.1580859375,0.10987606329806117,0.18611328125,0.09773658372563368,0.19654296875,0.06493840928441895,0.2033203125,0.060214477881395084,0.10306640625,0.0742571876495634,1,169
2026-09-25 08:25:14.199,2026-09-25 08:25:12.223,1.976,0.5,0.5,0.01703125,0.08028315306119553,0.1375,0.08754985224623685,0.1334765625,0.11612338993635744,0.158671875,0.10826934862083988,0.18646484375,0.09691698810869556,0.1962890625,0.06549982021774103,0.203203125,0.0604648638680961,0.103125,0.07401035929287493,1,170
2026-09-25 08:25:48.639,2026-09-25 08:25:47.212,1.427,0.2,0.2,0.01703125,0.08028315306119553,0.13720703125,0.08847618281123158,0.1331640625,0.11714136750622907,0.15822265625,0.1095006311816496,0.18599609375,0.09801012634347596,0.1965625,0.06489525387305499,0.203515625,0.05979748842842555,0.10314453125,0.07392811433819234,1,171
2026-09-25 08:26:20.542,2026-09-25 08:26:17.212,3.33,0.2,0.2,0.01705078125,0.07978539428819303,0.13771484375,0.08687179671130656,0.13361328125,0.11567877397455187,0.158828125,0.10784189338760804,0.18685546875,0.0960081367109768,0.19748046875,0.06287177158553663,0.20423828125,0.05825809937304793,0.1037109375,0.07154976074521811,1,172
2026-09-25 08:26:52.429,2026-09-25 08:26:52.269,0.16,0.5,0.5,0.0171484375,0.07730512208766026,0.138359375,0.08484395887031193,0.1342578125,0.113588836597895,0.159375,0.10634910459974792,0.18802734375,0.09329293885843193,0.19794921875,0.06184212894522121,0.20455078125,0.05759410385808996,0.103984375,0.07040623502404961,1,173
2026-09-25 08:27:26.866,2026-09-25 08:27:22.217,4.649,0.5,0.5,0.01705078125,0.07978539428819303,0.1374609375,0.0876732488891762,0.133359375,0.11650485195640546,0.15841796875,0.1089648619527047,0.1868359375,0.0960535341376531,0.19779296875,0.0621850719948475,0.2049609375,0.05672414752961107,0.1041015625,0.06991707280011492,1,174
2026-09-25 08:28:01.319,2026-09-25 08:27:57.206,4.113,0.5,0.5,0.01703125,0.08028315306119553,0.1371875,0.08853800849030298,0.13298828125,0.11771503022075844,0.15806640625,0.10992972296105682,0.18630859375,0.09728106188619712,0.1980078125,0.06171359508686578,0.20533203125,0.05593854297815379,0.104609375,0.06780371348671575,1,175
2026-09-25 08:28:35.753,2026-09-25 08:28:32.219,3.534,0.2,0.2,0.01701171875,0.08078148298609954,0.13650390625,0.09070747091452457,0.13236328125,0.11976087875907603,0.15740234375,0.11175810758145595,0.1857421875,0.09860339373618449,0.1974609375,0.06291472638324767,0.20486328125,0.056931121980415604,0.10451171875,0.0682093308524324,1,176
2026-09-25 08:29:07.637,2026-09-25 08:29:07.211,0.426,0.5,0.5,0.01705078125,0.07978539428819303,0.13720703125,0.08847618281123158,0.133125,0.11726878264045781,0.1582421875,0.10944702450603963,0.18658203125,0.09664413292784395,0.19775390625,0.06227085008754253,0.20443359375,0.057842983224157915,0.10447265625,0.06837168393167008,1,177
2026-09-25 08:29:42.073,2026-09-25 08:29:37.209,4.864,0.35,0.35,0.01705078125,0.07978539428819303,0.1371484375,0.08866168625901669,0.13279296875,0.11835332322499047,0.15763671875,0.11111191604465318,0.1861328125,0.09769101003527204,0.19765625,0.0624853694704684,0.205,0.05664138536034618,0.10466796875,0.0675605247830753,1,178
2026-09-25 08:30:15.267,2026-09-25 08:30:12.206,3.061,0.35,0.35,0.0169921875,0.08128038537514432,0.136875,0.08952841822832477,0.132734375,0.1185449942020935,0.1576171875,0.11116572863153862,0.18619140625,0.09755431765144308,0.1975390625,0.06274293267772303,0.20486328125,0.056931121980415604,0.10482421875,0.06691268653965173,1,179
2026-09-25 08:30:48.438,2026-09-25 08:30:47.213,1.225,0.5,0.5,0.01705078125,0.07978539428819303,0.13736328125,0.08798189397494291,0.133203125,0.11701398974262255,0.15822265625,0.1095006311816496,0.18650390625,0.09682601733293289,0.19763671875,0.06252828606538482,0.2044921875,0.05771852571308888,0.1046875,0.06747949213391714,1,180
2026-09-25 08:31:22.878,2026-09-25 08:31:22.212,0.666,0.2,0.2,0.01701171875,0.08078148298609954,0.13666015625,0.09021063747620846,0.13259765625,0.11899255572471042,0.157578125,0.11127337381288115,0.185859375,0.0983294773083698,0.19751953125,0.06278587473361438,0.20498046875,0.05668276447351199,0.10505859375,0.06594273754484187,1,181
2026-09-25 08:31:54.769,2026-09-25 08:31:52.213,2.556,0.35,0.35,0.01712890625,0.07780004462772229,0.13732421875,0.08810541345299486,0.1334375,0.11625050671815289,0.1584375,0.10891132136434825,0.18685546875,0.0960081367109768,0.197578125,0.06265706130188155,0.2048046875,0.05705535401422676,0.1048046875,0.06699361349076702,1,182
2026-09-25 08:32:27.928,2026-09-25 08:32:27.215,0.713,0.2,0.2,0.01708984375,0.07879158497144954,0.13744140625,0.08773496036095367,0.13349609375,0.11605984549526044,0.1583984375,0.10901840914245305,0.18677734375,0.0961897548973783,0.19763671875,0.06252828606538482,0.20478515625,0.057096772590568605,0.10498046875,0.06626581323904424,1,183
2026-09-25 08:32:59.821,2026-09-25 08:32:57.220,2.601,0.2,0.2,0.01708984375,0.07879158497144954,0.13759765625,0.08724151394297379,0.13341796875,0.11631407906429622,0.15833984375,0.10917909033633255,0.18701171875,0.09564512803293808,0.19751953125,0.06278587473361438,0.204765625,0.05713819511736835,0.10466796875,0.0675605247830753,1,184
2026-09-25 08:33:31.719,2026-09-25 08:33:27.217,4.502,0.2,0.2,0.0171484375,0.07730512208766026,0.13814453125,0.08551885330590193,0.13431640625,0.11339934005707895,0.15923828125,0.10672182102957845,0.18765625,0.0941509162787488,0.19765625,0.0624853694704684,0.20462890625,0.05742826348112364,0.10453125,0.06812817706692045,1,185
2026-09-25 08:34:03.614,2026-09-25 08:34:02.206,1.408,0.2,0.2,0.01720703125,0.07582372958171482,0.13861328125,0.08404770615946215,0.1349609375,0.11132031702490307,0.1597265625,0.10539215713529183,0.18873046875,0.09167193113424459,0.1983203125,0.061028722905662455,0.20544921875,0.055690752281871085,0.1054296875,0.06441140160618938,1,186
2026-09-25 08:34:35.505,2026-09-25 08:34:32.214,3.291,0.5,0.5,0.0172265625,0.07533105286194301,0.13931640625,0.08185028736766588,0.13568359375,0.10900106552474617,0.16029296875,0.10385482993036273,0.18953125,0.08983312281508181,0.19865234375,0.060302227661970374,0.205546875,0.055484367978265926,0.1057421875,0.06312603039219956,1,187
2026-09-25 08:35:09.944,2026-09-25 08:35:07.216,2.7279999999999998,0.35,0.35,0.017109375,0.07829553182568207,0.13775390625,0.08674862754374725,0.133984375,0.11447424869234982,0.15892578125,0.10757494735799535,0.18705078125,0.09555442325359766,0.1969921875,0.06394691815113411,0.20373046875,0.05933926198901033,0.103984375,0.07040623502404961,1,188
2026-09-25 08:35:43.103,2026-09-25 08:35:42.213,0.89,0.2,0.2,0.0170703125,0.07928820535935974,0.13732421875,0.08810541345299486,0.133515625,0.11599631035040225,0.15853515625,0.10864371738650348,0.18662109375,0.09655321928256672,0.19650390625,0.06502473297420885,0.20333984375,0.06017276091465601,0.10369140625,0.07163155648553013,1,189
2026-09-25 08:36:14.999,2026-09-25 08:36:12.211,2.7880000000000003,0.5,0.5,0.01705078125,0.07978539428819303,0.13748046875,0.08761154618510089,0.1334765625,0.11612338993635744,0.15845703125,0.10885778737575619,0.186796875,0.09614434322986122,0.196796875,0.06437772314817326,0.20392578125,0.05892311162954926,0.10380859375,0.0711410129673716,1,190
2026-09-25 08:36:49.438,2026-09-25 08:36:47.255,2.183,0.5,0.5,0.01681640625,0.08579648654010803,0.135390625,0.09426395734646971,0.13140625,0.12291238160924571,0.15646484375,0.11435253161710657,0.183515625,0.1038409025680302,0.19458984375,0.06927575165620105,0.20193359375,0.06318667206572491,0.10275390625,0.0755759800295281,1,191
2026-09-25 08:37:23.876,2026-09-25 08:37:22.299,1.577,0.35,0.35,0.0169140625,0.08328174597641616,0.13490234375,0.0958330553822022,0.13068359375,0.1253073345196706,0.15734375,0.11191980580804742,0.18376953125,0.1032404421411087,0.19619140625,0.06571594088998077,0.203984375,0.05879834424102441,0.1037890625,0.07122273175242844,1,192
2026-09-25 08:37:57.054,2026-09-25 08:37:52.252,4.802,0.35,0.35,0.0167578125,0.08731235014505737,0.13423828125,0.09797616747928911,0.1303125,0.12654232676941918,0.155703125,0.11647197332515906,0.1814453125,0.10876819667995663,0.193671875,0.07132936387846489,0.201796875,0.06348080989065169,0.10275390625,0.0755759800295281,1,193
2026-09-25 08:38:30.226,2026-09-25 08:38:27.278,2.948,0.35,0.35,0.0167578125,0.08731235014505737,0.1346484375,0.09665123231642027,0.1308203125,0.12485322119525341,0.1559375,0.11581873507429431,0.1825,0.10625108090527417,0.1940625,0.07045429914174374,0.2017578125,0.06356488587231068,0.10291015625,0.07491608325389895,1,194
2026-09-25 08:39:03.389,2026-09-25 08:39:02.215,1.174,0.5,0.5,0.01685546875,0.08478884227855317,0.13529296875,0.09457732375151029,0.13140625,0.12291238160924571,0.15673828125,0.11359422227669935,0.18353515625,0.10379468381824962,0.19490234375,0.06857885934836028,0.20232421875,0.062347374322814515,0.10298828125,0.07458651049522305,1,195
2026-09-25 08:39:37.825,2026-09-25 08:39:37.289,0.536,0.35,0.35,0.01681640625,0.08579648654010803,0.1352734375,0.09464002417490702,0.13123046875,0.12349372330936657,0.1563671875,0.11462367758452272,0.18345703125,0.1039795883370207,0.1951953125,0.06792653686768067,0.20259765625,0.061760829496377824,0.10267578125,0.07590630480826194,1,196
2026-09-25 08:40:10.985,2026-09-25 08:40:07.227,3.758,0.35,0.35,0.016875,0.08428589551486948,0.1356640625,0.0933877324136056,0.13177734375,0.12168765424380686,0.1569921875,0.112891261497593,0.18423828125,0.10213407623487632,0.19591796875,0.06632165156264738,0.20345703125,0.05992254323043275,0.1032421875,0.07351712303099564,1,197
2026-09-25 08:40:44.146,2026-09-25 08:40:42.240,1.9060000000000001,0.5,0.5,0.0169140625,0.08328174597641616,0.1358984375,0.09263808697677894,0.131953125,0.12110872350013038,0.1570703125,0.1126751945867167,0.18458984375,0.1013061475077238,0.19611328125,0.06588891489680915,0.20330078125,0.06025619885572019,0.1032421875,0.07351712303099564,1,198
2026-09-25 08:41:18.580,2026-09-25 08:41:17.231,1.349,0.2,0.2,0.01693359375,0.08278054051755251,0.13607421875,0.09207670085377978,0.13212890625,0.12053056346545962,0.1573828125,0.11181200030125003,0.1851171875,0.10006720631021605,0.19681640625,0.06433462341292201,0.20421875,0.05829963281944334,0.10361328125,0.07195889358932772,1,199
2026-09-25 08:41:50.478,2026-09-25 08:41:47.207,3.271,0.5,0.5,0.01693359375,0.08278054051755251,0.1365625,0.09052109176200242,0.132578125,0.1190565307534633,0.15771484375,0.11089673235046854,0.185625,0.09887748303648007,0.1969140625,0.06411918887211696,0.20396484375,0.05883992938798036,0.10345703125,0.07261430889108947,1,200
2026-09-25 08:42:24.919,2026-09-25 08:42:22.228,2.691,0.2,0.2,0.0169921875,0.08128038537514432,0.1366015625,0.09039688341512313,0.1323828125,0.119696799897742,0.15771484375,0.11089673235046854,0.18556640625,0.09901459258202402,0.19728515625,0.06330151086649766,0.20431640625,0.058092005296292264,0.1037109375,0.07154976074521811,1,201
2026-09-25 08:42:56.812,2026-09-25 08:42:52.209,4.603,0.2,0.2,0.0170703125,0.07928820535935974,0.137265625,0.08829075856509172,0.13302734375,0.11758748411649275,0.1582421875,0.10944702450603963,0.1867578125,0.09623517131382782,0.19837890625,0.06090042952225606,0.20548828125,0.055608186790766276,0.10431640625,0.06902170385754992,1,202
2026-09-25 08:43:28.706,2026-09-25 08:43:27.208,1.498,0.2,0.2,0.0171875,0.0763169658435941,0.13728515625,0.08822896807172384,0.13296875,0.11777881732256998,0.15921875,0.10677509235523908,0.18751953125,0.09446744098153312,0.19873046875,0.06013146407699109,0.20564453125,0.055278081705493066,0.10501953125,0.06610424534956794,1,203
2026-09-25 08:44:00.624,2026-09-25 08:43:57.219,3.4050000000000002,0.35,0.35,0.01689453125,0.08378353052894856,0.135859375,0.0927629380576742,0.1319140625,0.12123730809970869,0.15693359375,0.11305338225424572,0.1844140625,0.10171991457836231,0.19552734375,0.0671884205997935,0.20298828125,0.060924280105671455,0.10333984375,0.07310652029463037,1,204
2026-09-25 08:44:33.790,2026-09-25 08:44:32.208,1.5819999999999999,0.5,0.5,0.01693359375,0.08278054051755251,0.13609375,0.09201436938874225,0.1321875,0.12033801436813427,0.15724609375,0.11218943671129025,0.18447265625,0.101581948415746,0.19544921875,0.06736198218943626,0.20265625,0.06163524431590753,0.10326171875,0.07343497142157576,1,205
2026-09-25 08:45:08.232,2026-09-25 08:45:07.213,1.019,0.5,0.5,0.016953125,0.08227991281727091,0.13603515625,0.09220139062836674,0.1322265625,0.12020969571395711,0.15724609375,0.11218943671129025,0.18458984375,0.1013061475077238,0.195625,0.06697156610789427,0.20283203125,0.061258706520813354,0.103203125,0.07368147288419752,1,206
2026-09-25 08:45:42.670,2026-09-25 08:45:42.219,0.451,0.5,0.5,0.01685546875,0.08478884227855317,0.1358984375,0.09263808697677894,0.13181640625,0.12155893625771252,0.15685546875,0.11326963744701392,0.18396484375,0.10277911377618375,0.19560546875,0.06701492834465365,0.20302734375,0.06084071372444321,0.10291015625,0.07491608325389895,1,207
2026-09-25 08:46:17.128,2026-09-25 08:46:12.213,4.915,0.5,0.5,0.016875,0.08428589551486948,0.135625,0.0935127992199136,0.1315234375,0.12252525234703165,0.15673828125,0.11359422227669935,0.18396484375,0.10277911377618375,0.1957421875,0.06671148356779082,0.2030078125,0.060882494905090546,0.103046875,0.07433949495235948,1,208
2026-09-25 08:46:51.576,2026-09-25 08:46:47.211,4.365,0.2,0.2,0.01689453125,0.08378353052894856,0.13541015625,0.09420131118957731,0.13150390625,0.12258974993115608,0.1565625,0.11408155483043854,0.18435546875,0.10185792458383598,0.19666015625,0.06467954111746375,0.2041015625,0.058548916944858455,0.10373046875,0.07146798040755,1,209
2026-09-25 08:47:23.461,2026-09-25 08:47:22.217,1.244,0.35,0.35,0.0169140625,0.08328174597641616,0.1364453125,0.09089393008672111,0.13228515625,0.12001728879274016,0.1574609375,0.11159646953657666,0.185390625,0.09942618112829704,0.1967578125,0.06446393545255631,0.20404296875,0.058673612686319945,0.10353515625,0.07228647760026069,1,210
2026-09-25 08:47:56.633,2026-09-25 08:47:52.209,4.424,0.2,0.2,0.01701171875,0.08078148298609954,0.1367578125,0.0899004049593353,0.13271484375,0.11860890333058835,0.15771484375,0.11089673235046854,0.186015625,0.09796452394075618,0.197578125,0.06265706130188155,0.20458984375,0.057511175753598306,0.10376953125,0.07130446591694996,1,211
2026-09-25 08:48:28.525,2026-09-25 08:48:27.207,1.318,0.2,0.2,0.01708984375,0.07879158497144954,0.1373046875,0.08816718636852516,0.13333984375,0.11656846154742413,0.1585546875,0.10859021637234235,0.1868359375,0.0960535341376531,0.1973046875,0.06325851779791798,0.2041796875,0.05838271163019946,0.10353515625,0.07228647760026069,1,212
2026-09-25 08:49:00.413,2026-09-25 08:48:57.208,3.205,0.5,0.5,0.01708984375,0.07879158497144954,0.13814453125,0.08551885330590193,0.13431640625,0.11339934005707895,0.159453125,0.10613626730957611,0.1878125,0.09378945601493414,0.19798828125,0.061756435479689946,0.204765625,0.05713819511736835,0.103984375,0.07040623502404961,1,213
2026-09-25 08:49:34.849,2026-09-25 08:49:32.215,2.634,0.2,0.2,0.01712890625,0.07780004462772229,0.137421875,0.08779668060292539,0.133515625,0.11599631035040225,0.15837890625,0.10907196293522116,0.18724609375,0.09510118330231303,0.1983984375,0.06085767348166987,0.20546875,0.055649467574210944,0.10423828125,0.06934707902309971,1,214
2026-09-25 08:50:06.744,2026-09-25 08:50:02.240,4.504,0.2,0.2,0.01712890625,0.07780004462772229,0.1381640625,0.08545745590961636,0.1341796875,0.11384162733955099,0.159375,0.10634910459974792,0.1879296875,0.09351855810705305,0.1983203125,0.061028722905662455,0.2048828125,0.05688971919837336,0.10390625,0.07073264953163896,1,215
2026-09-25 08:50:38.656,2026-09-25 08:50:37.207,1.449,0.35,0.35,0.01716796875,0.07681076291999094,0.138515625,0.0843537844594689,0.13484375,0.11169758169194825,0.1599609375,0.10475536159319049,0.18857421875,0.0920316325581849,0.1980859375,0.0615422757623943,0.2049609375,0.05672414752961107,0.1041796875,0.06959127047282983,1,216
2026-09-25 08:51:11.825,2026-09-25 08:51:07.217,4.608,0.35,0.35,0.0171875,0.0763169658435941,0.13841796875,0.08466007862683249,0.13474609375,0.11201221945250686,0.1596875,0.1054983805629715,0.18828125,0.09270687677076762,0.198125,0.06145664143659124,0.20470703125,0.057262486408053107,0.1040234375,0.07024311972376478,1,217
2026-09-25 08:51:44.993,2026-09-25 08:51:42.220,2.773,0.35,0.35,0.01716796875,0.07681076291999094,0.138125,0.08558025938333241,0.134296875,0.11346249638408659,0.15943359375,0.10618946685418894,0.187890625,0.09360883863578545,0.19802734375,0.06167075891955745,0.20451171875,0.05767704780064604,0.103828125,0.07105930955599278,1,218
2026-09-25 08:52:18.152,2026-09-25 08:52:17.218,0.934,0.2,0.2,0.01708984375,0.07879158497144954,0.1378515625,0.08644085736439869,0.133828125,0.11498101010562861,0.15880859375,0.10789530228909615,0.1875390625,0.09442220904045148,0.19779296875,0.0621850719948475,0.20470703125,0.057262486408053107,0.10388671875,0.07081429150610695,1,219
2026-09-25 08:52:50.048,2026-09-25 08:52:47.208,2.84,0.2,0.2,0.01703125,0.08028315306119553,0.13779296875,0.08662549329798244,0.13412109375,0.11403131700489609,0.15888671875,0.10768170608073144,0.18697265625,0.09573585176042552,0.19626953125,0.06554303574908706,0.20287109375,0.061175075771103066,0.10361328125,0.07195889358932772,1,220
2026-09-25 15:40:40.032,2026-09-25 15:40:34.975,5.057,0.35,0.35,0.02076171875,0.004174858525303857,0.17146484375,0.0014366593111096808,0.1751953125,0.0022937079463087296,0.20642578125,0.002776512253110149,0.23615234375,-0.0003522755758169057,0.23169921875,5.229565330396256e-05,0.23794921875,0.0003162571046800173,0.12298828125,0.0004948131286224277,2,0
2026-09-25 15:41:13.240,2026-09-25 15:41:09.970,3.27,0.5,0.5,0.019921875,0.022107951286683098,0.1611328125,0.02842775978621504,0.1582421875,0.04649391214283142,0.1867578125,0.046261670794244446,0.22509765625,0.020469011531126725,0.2299609375,0.0033227945789721606,0.23728515625,0.001529969252894895,0.12193359375,0.004235171499395914,2,1
2026-09-25 15:41:47.693,2026-09-25 15:41:44.977,2.716,0.35,0.35,0.01908203125,0.04081355932982759,0.1522265625,0.05312130687946865,0.1459375,0.0816492877683639,0.17181640625,0.08247581818323299,0.2135546875,0.043330876037274084,0.22705078125,0.008853864493130803,0.2356640625,0.004507180333993817,0.120546875,0.009202589039574646,2,2
2026-09-25 15:42:20.867,2026-09-25 15:42:19.975,0.892,0.35,0.35,0.01896484375,0.04348889314059573,0.1500390625,0.059407405506982834,0.14337890625,0.08933092691894927,0.1690234375,0.08959351929130956,0.21072265625,0.04912875249544461,0.22625,0.010388277202050638,0.23517578125,0.005407944920196826,0.1200390625,0.011035950510325923,2,3
2026-09-25 15:42:54.039,2026-09-25 15:42:49.977,4.062,0.5,0.5,0.0187109375,0.04934261397005622,0.14666015625,0.06929960400825443,0.1392578125,0.10199662113853533,0.16474609375,0.1007253232288711,0.2050390625,0.06100337716069065,0.22341796875,0.01585876606178928,0.23275390625,0.009903561969446792,0.11884765625,0.01536792386460149,2,4
2026-09-25 15:43:28.488,2026-09-25 15:43:24.981,3.507,0.5,0.5,0.01837890625,0.05711849962134374,0.14328125,0.07942238567417546,0.13560546875,0.1135389857338475,0.16146484375,0.10946247252624344,0.201796875,0.0679255480915329,0.22294921875,0.016770910228868244,0.23248046875,0.010414067716445244,0.11859375,0.016296743543261372,2,5
2026-09-25 15:44:02.966,2026-09-25 15:43:59.972,2.9939999999999998,0.2,0.2,0.01818359375,0.06175844206725802,0.14060546875,0.08760953477209882,0.13314453125,0.12149285699194462,0.15884765625,0.11655963785386708,0.19796875,0.07624334371742753,0.22205078125,0.01852455957154635,0.2313671875,0.0124987730094547,0.1183984375,0.017012574399081853,2,6
2026-09-25 15:44:34.877,2026-09-25 15:44:29.978,4.899,0.2,0.2,0.01830078125,0.05896853216082245,0.14216796875,0.08280998895614589,0.134609375,0.11674088221440998,0.16029296875,0.11262597673076882,0.2001171875,0.07155559405249018,0.2221875,0.018257242669431233,0.2311328125,0.01293893637338629,0.11791015625,0.018807330577212365,2,7
2026-09-25 15:45:06.773,2026-09-25 15:45:04.968,1.8050000000000002,0.5,0.5,0.0184375,0.05573612875053168,0.14373046875,0.07806290541009195,0.1361328125,0.1118533728923914,0.16177734375,0.10862274879508946,0.20083984375,0.06999010978829917,0.22173828125,0.01913618820097594,0.23001953125,0.015035826260227685,0.1173828125,0.020754034427945784,2,8
2026-09-25 15:45:41.212,2026-09-25 15:45:39.971,1.241,0.35,0.35,0.01826171875,0.05989651217608292,0.14169921875,0.0842442915623855,0.13392578125,0.11895200152502608,0.1598828125,0.11373866984476436,0.19884765625,0.07431950814683386,0.2212109375,0.02017026876461199,0.2300390625,0.01499895133072953,0.11732421875,0.020970874483330036,2,9
2026-09-25 15:46:14.372,2026-09-25 15:46:09.963,4.409,0.5,0.5,0.0181640625,0.06222517449466549,0.140546875,0.08779055366262643,0.133125,0.12155656923175717,0.15880859375,0.11666644908950222,0.1978515625,0.07650050023253205,0.2214453125,0.019710373400171136,0.23025390625,0.014593533615461738,0.11751953125,0.02024849493902946,2,10
2026-09-25 15:46:48.876,2026-09-25 15:46:44.977,3.899,0.5,0.5,0.0180859375,0.06409713636666635,0.13908203125,0.0923407225663413,0.1318359375,0.12578237815937593,0.1578125,0.11939904937942893,0.19603515625,0.08050602144301465,0.2210546875,0.02047713645581307,0.23033203125,0.014446202774627706,0.11755859375,0.02010416310589542,2,11
2026-09-25 15:47:23.320,2026-09-25 15:47:19.964,3.356,0.2,0.2,0.01802734375,0.06550642202268855,0.13921875,0.09191401730732175,0.13154296875,0.12674855093139648,0.157421875,0.12047536834892449,0.19453125,0.08385060716911377,0.219375,0.023789731269392326,0.2284765625,0.017958884287075916,0.11638671875,0.024455121005898497,2,12
2026-09-25 15:47:55.217,2026-09-25 15:47:54.965,0.252,0.2,0.2,0.0181640625,0.06222517449466549,0.14037109375,0.08833406347939225,0.13287109375,0.12238568002983342,0.158671875,0.11704049542124594,0.19666015625,0.0791236047360275,0.21986328125,0.022824159966087856,0.2285546875,0.01781040753967993,0.11619140625,0.025184537505720205,2,13
2026-09-25 15:48:27.118,2026-09-25 15:48:24.964,2.154,0.35,0.35,0.018203125,0.06129221069461927,0.14134765625,0.08532313571008658,0.13375,0.11952239932130398,0.15978515625,0.11400401749272275,0.19873046875,0.0745755276955548,0.22107421875,0.020438766134464388,0.2296875,0.015663179574259715,0.1169921875,0.02220168404137394,2,14
2026-09-25 15:49:00.282,2026-09-25 15:48:59.963,0.319,0.35,0.35,0.0181640625,0.06222517449466549,0.14130859375,0.08544317288108387,0.13349609375,0.1203476320865598,0.1596875,0.11426952736337752,0.199140625,0.0736801187955826,0.22201171875,0.018600966060466715,0.23037109375,0.014372556092765108,0.11763671875,0.019815643260104866,2,15
2026-09-25 15:49:33.460,2026-09-25 15:49:29.971,3.489,0.2,0.2,0.018203125,0.06129221069461927,0.1410546875,0.08622422424533234,0.13310546875,0.12162029081970846,0.1590234375,0.11607931211063435,0.198046875,0.07607199059549528,0.2219140625,0.018792041113882534,0.2305859375,0.013967722429203413,0.11734375,0.02089858243457333,2,16
2026-09-25 15:50:05.353,2026-09-25 15:50:05.006,0.347,0.2,0.2,0.01837890625,0.05711849962134374,0.14298828125,0.08031130148270992,0.13509765625,0.11516837531171986,0.16109375,0.11046175787855494,0.20123046875,0.06914624576703474,0.22330078125,0.016086622563292734,0.2314453125,0.01235215096825673,0.11802734375,0.018375912182228886,2,17
2026-09-25 15:50:37.240,2026-09-25 15:50:34.974,2.266,0.5,0.5,0.01845703125,0.05527631453933774,0.143671875,0.07823998777010023,0.13568359375,0.11328885211604559,0.1615625,0.10919988440414782,0.2012890625,0.06901980746775653,0.22310546875,0.01646664926054061,0.23126953125,0.012682120199201596,0.11783203125,0.019095181114280938,2,18
2026-09-25 15:51:11.672,2026-09-25 15:51:09.966,1.706,0.5,0.5,0.01828125,0.05943227431049545,0.1420703125,0.08310841161744706,0.134375,0.11749771275488956,0.16013671875,0.11304952374169198,0.1993359375,0.07325438159659979,0.2221875,0.018257242669431233,0.23056640625,0.014004509899633574,0.11765625,0.019743543238041134,2,19
2026-09-25 15:51:46.128,2026-09-25 15:51:44.963,1.165,0.5,0.5,0.01791015625,0.06833878737857957,0.13802734375,0.0956466170214176,0.13099609375,0.12855784464974937,0.1566015625,0.12274435823951224,0.1934375,0.08629931391676969,0.218203125,0.026115899026154896,0.22794921875,0.018962432254813713,0.116484375,0.024090871649728337,2,20
2026-09-25 15:52:20.581,2026-09-25 15:52:19.958,0.623,0.2,0.2,0.01814453125,0.06269240905495892,0.13638671875,0.1008396662951236,0.13068359375,0.12959512111097002,0.15693359375,0.12182452905465174,0.19302734375,0.08722115022790186,0.224140625,0.014456286481161517,0.236796875,0.0024245736187947188,0.12171875,0.0050010617661772755,2,21
2026-09-25 15:52:52.473,2026-09-25 15:52:49.961,2.512,0.5,0.5,0.018046875,0.06503615182849395,0.13515625,0.1047756138793823,0.129140625,0.13475330609099093,0.15623046875,0.12377471336551786,0.1910546875,0.09168228710754898,0.2217578125,0.019097936165728264,0.2345703125,0.00652749391147334,0.12005859375,0.010965293309827857,2,22
2026-09-25 15:53:26.906,2026-09-25 15:53:24.960,1.946,0.35,0.35,0.01783203125,0.07023734551430166,0.13390625,0.10881089942099838,0.12818359375,0.13798374673347774,0.15451171875,0.12857902564091833,0.1877734375,0.09920582780018439,0.218203125,0.026115899026154896,0.23140625,0.012425455801227293,0.11794921875,0.018663476822368363,2,23
2026-09-25 15:54:00.078,2026-09-25 15:53:59.972,0.106,0.35,0.35,0.0178125,0.07071328472018451,0.135546875,0.10352223788128516,0.12921875,0.13449065444591063,0.155,0.12720875100789283,0.19126953125,0.09119419108672797,0.221328125,0.019940260206722783,0.23388671875,0.00779497922777854,0.11916015625,0.014227481438297813,2,24
2026-09-25 15:54:33.261,2026-09-25 15:54:29.966,3.295,0.5,0.5,0.0177734375,0.07166673072750707,0.1359765625,0.10214768938787054,0.12958984375,0.13324522378994658,0.15513671875,0.12682584760462404,0.1915625,0.09052948841847264,0.21998046875,0.022592741941835977,0.2320703125,0.01118095327371122,0.11814453125,0.017944921923334557,2,25
2026-09-25 15:55:07.700,2026-09-25 15:55:04.960,2.74,0.5,0.5,0.01787109375,0.06928702898215236,0.13654296875,0.10034240620713226,0.12982421875,0.1324604722162601,0.15564453125,0.12540658332876328,0.1912890625,0.09114984591061319,0.2183984375,0.025727338132468323,0.23005859375,0.014962079531929644,0.11703125,0.022056701739275257,2,26
2026-09-25 15:55:42.135,2026-09-25 15:55:39.963,2.172,0.5,0.5,0.01787109375,0.06928702898215236,0.13626953125,0.10121298535699637,0.12947265625,0.13363813197287056,0.15541015625,0.12606105209293558,0.19123046875,0.0912828950253336,0.218125,0.026271420776036437,0.22908203125,0.01680951502963287,0.11685546875,0.022709503588638855,2,27
2026-09-25 15:56:16.572,2026-09-25 15:56:14.974,1.5979999999999999,0.5,0.5,0.0179296875,0.06786544184735821,0.136640625,0.10003190752950127,0.129765625,0.132656527211044,0.15576171875,0.12507971842479634,0.1917578125,0.09008691782896182,0.218671875,0.025183936260997592,0.228671875,0.01758778755262504,0.11693359375,0.0224192482850005,2,28
2026-09-25 15:56:51.028,2026-09-25 15:56:49.963,1.065,0.2,0.2,0.0178515625,0.06976192731476924,0.1365234375,0.10040453259045867,0.12974609375,0.13272189854885133,0.15556640625,0.12562463001686472,0.1922265625,0.08902658489475047,0.219296875,0.023944422092720817,0.22953125,0.015958718532179308,0.116875,0.022636921574280326,2,29
2026-09-25 15:57:22.946,2026-09-25 15:57:19.969,2.977,0.5,0.5,0.01794921875,0.06739261166248942,0.13810546875,0.09540087109215395,0.1309375,0.12875214536818072,0.15669921875,0.12247361795152002,0.19333984375,0.08651862134045907,0.21900390625,0.02452500390268735,0.22828125,0.018330298388139012,0.1161328125,0.025403601561766333,2,30
2026-09-25 15:57:57.379,2026-09-25 15:57:54.959,2.42,0.2,0.2,0.01818359375,0.06175844206725802,0.1371484375,0.09842088320680772,0.1312109375,0.12784615148475528,0.15744140625,0.1204214890011842,0.19400390625,0.08502951012108162,0.2233203125,0.01604863817686858,0.23572265625,0.004399214023455614,0.12107421875,0.0073068700791118,2,31
2026-09-25 15:58:29.264,2026-09-25 15:58:24.960,4.304,0.5,0.5,0.01794921875,0.06739261166248942,0.1358203125,0.10264702198890048,0.12966796875,0.13298348234348045,0.15591796875,0.1246442808829638,0.19224609375,0.08898246048710233,0.22142578125,0.01974867941844537,0.23455078125,0.006563656489611809,0.11931640625,0.013658381298675736,2,32
2026-09-25 15:59:03.709,2026-09-25 15:58:59.959,3.75,0.2,0.2,0.01787109375,0.06928702898215236,0.1360546875,0.10189823821392267,0.12978515625,0.13259116571165006,0.15552734375,0.12573369442776025,0.19201171875,0.08951224949077419,0.220859375,0.02086102623764039,0.23318359375,0.009102549116460827,0.1187890625,0.015582090622571954,2,33
2026-09-25 15:59:35.605,2026-09-25 15:59:34.961,0.644,0.2,0.2,0.01806640625,0.06456639030956803,0.13830078125,0.09478711394943935,0.13126953125,0.1276522555896216,0.15734375,0.12069095260845346,0.19451171875,0.08389421322185413,0.22021484375,0.02213027550512422,0.2314453125,0.01235215096825673,0.1175390625,0.020176323026623547,2,34
2026-09-25 16:00:07.500,2026-09-25 16:00:04.959,2.541,0.2,0.2,0.01818359375,0.06175844206725802,0.1398046875,0.09009001428215466,0.1325390625,0.12347229568130191,0.1582421875,0.11821817130644566,0.19607421875,0.08041949136065964,0.2205078125,0.02155288413015449,0.23126953125,0.012682120199201596,0.117421875,0.020609534515814758,2,35
2026-09-25 16:00:39.390,2026-09-25 16:00:34.963,4.427,0.2,0.2,0.01828125,0.05943227431049545,0.1416015625,0.08454370176514642,0.13412109375,0.11831910359619548,0.1598828125,0.11373866984476436,0.19966796875,0.07253158479827031,0.22310546875,0.01646664926054061,0.2334765625,0.008557249816716536,0.11880859375,0.015510689967762035,2,36
2026-09-25 16:01:11.283,2026-09-25 16:01:09.963,1.32,0.2,0.2,0.0184765625,0.054816986646807855,0.14328125,0.07942238567417546,0.1358203125,0.1128514646431612,0.16162109375,0.10904240770625875,0.20060546875,0.0704972163733887,0.22212890625,0.0183717869090253,0.23212890625,0.011071315250180343,0.118125,0.01801672393753521,2,37
2026-09-25 16:01:43.178,2026-09-25 16:01:39.963,3.215,0.5,0.5,0.018515625,0.05389978571053439,0.14390625,0.07753209114734756,0.1364453125,0.11085756968877289,0.162109375,0.10773231777794119,0.2012890625,0.06901980746775653,0.221953125,0.018715601004224112,0.2319921875,0.011327180373376556,0.11796875,0.018591567809553507,2,38
2026-09-25 16:02:17.622,2026-09-25 16:02:14.969,2.653,0.2,0.2,0.01828125,0.05943227431049545,0.14146484375,0.08496322313542433,0.13404296875,0.11857215209972949,0.15966796875,0.1143226488216914,0.19919921875,0.0735523538085655,0.22220703125,0.018219067968760355,0.23169921875,0.011875970912561025,0.11814453125,0.017944921923334557,2,39
2026-09-25 16:02:49.522,2026-09-25 16:02:44.967,4.555,0.35,0.35,0.0183203125,0.05850528466953618,0.1423828125,0.08215418001816548,0.13474609375,0.11630000604380626,0.160546875,0.11193859261396469,0.19986328125,0.07210697146575282,0.2219140625,0.018792041113882534,0.23115234375,0.012902239049277843,0.118046875,0.018304050763697573,2,40
2026-09-25 16:03:22.695,2026-09-25 16:03:19.964,2.731,0.35,0.35,0.018359375,0.057580269448902,0.14259765625,0.0814993598953524,0.13501953125,0.1154195941079675,0.16083984375,0.11114680664824197,0.19994140625,0.07193724230603377,0.2220703125,0.018486361367387582,0.230859375,0.013453024769142823,0.11802734375,0.018375912182228886,2,41
2026-09-25 16:03:55.859,2026-09-25 16:03:54.973,0.886,0.35,0.35,0.018359375,0.057580269448902,0.142109375,0.08298901794469415,0.134609375,0.11674088221440998,0.16025390625,0.1127318247649031,0.1991015625,0.07376531634012325,0.22154296875,0.01951889397292427,0.2300390625,0.01499895133072953,0.11744140625,0.020537302585186143,2,42
2026-09-25 16:04:29.045,2026-09-25 16:04:24.961,4.084,0.5,0.5,0.0182421875,0.0603612468185073,0.14111328125,0.08604385690755467,0.133515625,0.12028409694170164,0.15927734375,0.11538644477772052,0.19728515625,0.07774557448506142,0.21966796875,0.023210130913909242,0.22818359375,0.018516124620875825,0.1160546875,0.025695858963040052,2,43
2026-09-25 16:05:03.486,2026-09-25 16:04:59.962,3.524,0.2,0.2,0.01806640625,0.06456639030956803,0.13990234375,0.08978675717751834,0.13232421875,0.12417685144395749,0.15826171875,0.11816457124690177,0.1972265625,0.07787457923334497,0.221640625,0.01932749893130764,0.2305078125,0.014114891011399056,0.11748046875,0.020392874754821776,2,44
2026-09-25 16:05:35.367,2026-09-25 16:05:34.958,0.409,0.5,0.5,0.018203125,0.06129221069461927,0.14091796875,0.08664537290662706,0.13345703125,0.12047473026771367,0.159375,0.11512025140015394,0.198984375,0.07402100930123501,0.22232421875,0.01799009020498332,0.23072265625,0.013710297350890925,0.11751953125,0.02024849493902946,2,45
2026-09-25 16:06:09.806,2026-09-25 16:06:04.961,4.845,0.2,0.2,0.01814453125,0.06269240905495892,0.14001953125,0.08942312795010407,0.132578125,0.12334431734476269,0.158359375,0.11789667013304397,0.195859375,0.08089562030663355,0.219609375,0.023325989119719247,0.22841796875,0.018070275169207513,0.11591796875,0.02620778314007525,2,46
2026-09-25 16:06:41.705,2026-09-25 16:06:39.962,1.7429999999999999,0.5,0.5,0.01822265625,0.06082647930210073,0.14111328125,0.08604385690755467,0.13369140625,0.11971269852039206,0.1594140625,0.11501381971676296,0.19830078125,0.07551555940867535,0.22109375,0.02040039920286969,0.229765625,0.015515485479347647,0.11693359375,0.0224192482850005,2,47
2026-09-25 16:07:16.146,2026-09-25 16:07:14.964,1.182,0.35,0.35,0.0180859375,0.06409713636666635,0.140078125,0.0892414274459949,0.13248046875,0.12366433392537873,0.15837890625,0.11784310973562719,0.196484375,0.07951196487290389,0.21966796875,0.023210130913909242,0.228359375,0.018181694628980536,0.116328125,0.024673817350546752,2,48
2026-09-25 16:07:49.312,2026-09-25 16:07:44.964,4.348,0.35,0.35,0.0180078125,0.06597720199497129,0.1395703125,0.09081869646971906,0.132265625,0.12436920155350324,0.1578515625,0.11929156404738589,0.19654296875,0.0793824729029827,0.22033203125,0.021899226830458494,0.229453125,0.016106563463616698,0.117109375,0.021766882254443457,2,49
2026-09-25 16:08:22.486,2026-09-25 16:08:19.964,2.5220000000000002,0.2,0.2,0.018046875,0.06503615182849395,0.14009765625,0.0891808775007029,0.13283203125,0.12251337614422096,0.15845703125,0.11762893417616228,0.1963671875,0.079771064700756,0.21880859375,0.024912490082838534,0.22748046875,0.019856425843135378,0.11599609375,0.025915181153663702,2,50
2026-09-25 16:08:54.387,2026-09-25 16:08:50.027,4.36,0.5,0.5,0.018125,0.06316014682973864,0.140703125,0.08730800418864436,0.13322265625,0.1212381014592528,0.1590234375,0.11607931211063435,0.1968359375,0.07873559157306258,0.2183203125,0.02588272077523609,0.22677734375,0.021200876254572894,0.11576171875,0.026793579191667142,2,51
2026-09-25 16:09:28.824,2026-09-25 16:09:24.967,3.857,0.2,0.2,0.01802734375,0.06550642202268855,0.13921875,0.09191401730732175,0.1321484375,0.12475415753843906,0.15767578125,0.11977545767059812,0.19525390625,0.08224025348454465,0.218203125,0.026115899026154896,0.2271875,0.0204161077994168,0.11623046875,0.02503855616589084,2,52
2026-09-25 16:10:00.712,2026-09-25 16:09:59.965,0.747,0.35,0.35,0.018125,0.06316014682973864,0.1411328125,0.0859837511041367,0.13373046875,0.11958582312308211,0.15927734375,0.11538644477772052,0.1976171875,0.0770152705202639,0.21896484375,0.024602473485822337,0.2276171875,0.01959548756024812,0.11658203125,0.023726927539010977,2,53
2026-09-25 16:10:33.868,2026-09-25 16:10:29.966,3.902,0.5,0.5,0.018046875,0.06503615182849395,0.13994140625,0.08966551360277684,0.13263671875,0.12315242052365546,0.15830078125,0.11805739096948133,0.19623046875,0.08007354333328319,0.21830078125,0.025921575123900177,0.22708984375,0.02060282884872811,0.1159375,0.02613461415971464,2,54
2026-09-25 16:11:08.311,2026-09-25 16:11:04.962,3.349,0.35,0.35,0.01802734375,0.06550642202268855,0.13943359375,0.09124432637754584,0.13216796875,0.12468997450693181,0.15771484375,0.11966787915087455,0.19447265625,0.0839814384645461,0.21744140625,0.02763461698667682,0.22619140625,0.022324439700935887,0.11560546875,0.027380166458831713,2,55
2026-09-25 16:11:41.471,2026-09-25 16:11:39.955,1.516,0.35,0.35,0.0180078125,0.06597720199497129,0.1392578125,0.09179217848427458,0.13212890625,0.12481835005675901,0.1577734375,0.1195065613200456,0.1944921875,0.08393782365337177,0.21708984375,0.028337359020112928,0.22607421875,0.02254950162438865,0.11546875,0.027894081043915993,2,56
2026-09-25 16:12:14.645,2026-09-25 16:12:09.961,4.684,0.5,0.5,0.0179296875,0.06786544184735821,0.13888671875,0.0929510296958726,0.1318359375,0.12578237815937593,0.15748046875,0.12031375035466214,0.19388671875,0.08529192371329701,0.2160546875,0.030413171921975544,0.224921875,0.024768845108334988,0.1147265625,0.030694564243903828,2,57
2026-09-25 16:12:49.087,2026-09-25 16:12:44.962,4.125,0.2,0.2,0.0178515625,0.06976192731476924,0.1378125,0.09632313621237681,0.1310546875,0.12836363082140884,0.156796875,0.12220304633856713,0.19240234375,0.08862962652281595,0.215078125,0.032380623333829676,0.22421875,0.026128613252424677,0.11408203125,0.03314130019099123,2,58
2026-09-25 16:13:20.988,2026-09-25 16:13:19.962,1.026,0.5,0.5,0.01791015625,0.06833878737857957,0.1392578125,0.09179217848427458,0.1322265625,0.12449748230525652,0.1580859375,0.11864721009846724,0.19408203125,0.08485465577270926,0.2148046875,0.032933110709262046,0.22341796875,0.0276824413210463,0.1134765625,0.03545237404035454,2,59
2026-09-25 16:13:55.426,2026-09-25 16:13:54.964,0.462,0.35,0.35,0.0178125,0.07071328472018451,0.1381640625,0.09521665285740738,0.13125,0.12771687793657557,0.15716796875,0.12117640882706032,0.19236328125,0.08871780814380996,0.213515625,0.035547203034499285,0.22244140625,0.029584908363263752,0.112734375,0.038302184009228704,2,60
2026-09-25 16:14:28.587,2026-09-25 16:14:24.961,3.626,0.35,0.35,0.0178125,0.07071328472018451,0.13814453125,0.095278050253693,0.13126953125,0.1276522555896216,0.15720703125,0.12106848276241367,0.19205078125,0.08942390643068455,0.2124609375,0.037697771575970034,0.22080078125,0.03279993463300087,0.11166015625,0.042460314216412755,2,61
2026-09-25 16:15:01.759,2026-09-25 16:14:59.966,1.7930000000000001,0.2,0.2,0.0176953125,0.07357992537178755,0.13783203125,0.09626159090200627,0.13091796875,0.1288169315966746,0.15716796875,0.12117640882706032,0.1921484375,0.08920312736949994,0.2124609375,0.037697771575970034,0.22056640625,0.03326117317381799,0.11146484375,0.04322063388172718,2,62
2026-09-25 16:15:33.649,2026-09-25 16:15:29.978,3.6710000000000003,0.5,0.5,0.01779296875,0.07118974607560245,0.1388671875,0.09301210760637386,0.13185546875,0.12571804300158057,0.15791015625,0.11913038591159518,0.1933203125,0.08656249611767504,0.2127734375,0.037059455118009094,0.22078125,0.032838352473877175,0.111484375,0.043144541988076,2,63
2026-09-25 16:16:08.098,2026-09-25 16:16:04.960,3.138,0.35,0.35,0.01771484375,0.0731008359885054,0.1380078125,0.09570807523731346,0.13109375,0.12823420316975695,0.1570703125,0.12144634138712279,0.1920703125,0.08937974163866974,0.2123828125,0.03785749738943042,0.22037109375,0.03364591317231784,0.11125,0.044058525801885344,2,64
2026-09-25 16:16:41.267,2026-09-25 16:16:39.976,1.291,0.2,0.2,0.01765625,0.0745396925732374,0.13810546875,0.09540087109215395,0.1310546875,0.12836363082140884,0.15703125,0.12155436140556379,0.1919921875,0.08955642776067683,0.211640625,0.03937782969399173,0.2196875,0.034995193638630635,0.11076171875,0.0459688591446866,2,65
2026-09-25 16:17:13.163,2026-09-25 16:17:09.966,3.197,0.2,0.2,0.0177734375,0.07166673072750707,0.1387109375,0.09350104037054349,0.1316015625,0.1265551443452995,0.1577734375,0.1195065613200456,0.19287109375,0.08757284129431464,0.21208984375,0.03845699292736537,0.2198046875,0.03476359049640548,0.11103515625,0.04489803740693169,2,66
2026-09-25 16:17:45.065,2026-09-25 16:17:44.969,0.096,0.5,0.5,0.0178125,0.07071328472018451,0.13921875,0.09191401730732175,0.1321484375,0.12475415753843906,0.15814453125,0.11848627087783604,0.19373046875,0.08564205533109524,0.2122265625,0.03817712535742033,0.21986328125,0.03464783522534491,0.11111328125,0.04459257266291379,2,67
2026-09-25 16:18:19.504,2026-09-25 16:18:14.960,4.5440000000000005,0.2,0.2,0.01779296875,0.07118974607560245,0.13708984375,0.09860646592392697,0.13025390625,0.1310254335717478,0.1561328125,0.12404626622992901,0.1913671875,0.09097251047250061,0.21427734375,0.03400061099741556,0.223515625,0.02749265218115437,0.1134375,0.03560189873864803,2,68
2026-09-25 16:18:51.394,2026-09-25 16:18:49.961,1.433,0.35,0.35,0.01791015625,0.06833878737857957,0.1367578125,0.09965960190712636,0.13,0.13187283770773328,0.15576171875,0.12507971842479634,0.1919140625,0.08973318579400946,0.21892578125,0.02467995689047089,0.22884765625,0.01725407139215951,0.11662109375,0.023581435248905443,2,69
2026-09-25 16:19:24.557,2026-09-25 16:19:19.963,4.594,0.2,0.2,0.01791015625,0.06833878737857957,0.137265625,0.09804995551288276,0.13029296875,0.13089521033781765,0.1561328125,0.12404626622992901,0.19259765625,0.08818898679152563,0.21814453125,0.026232535117067666,0.227578125,0.019670025358749687,0.1158984375,0.026280964449862262,2,70
2026-09-25 16:19:56.443,2026-09-25 16:19:54.964,1.479,0.35,0.35,0.018046875,0.06503615182849395,0.1389453125,0.0927678474863786,0.13158203125,0.12661960363772246,0.1574609375,0.12036761633698269,0.19478515625,0.08328412655252639,0.21900390625,0.02452500390268735,0.22818359375,0.018516124620875825,0.11630859375,0.024746740611889004,2,71
2026-09-25 16:20:29.613,2026-09-25 16:20:24.963,4.65,0.35,0.35,0.0180859375,0.06409713636666635,0.13939453125,0.09136601157921143,0.13197265625,0.12533223206542585,0.15779296875,0.1194528020228422,0.1951171875,0.08254445736683014,0.21896484375,0.024602473485822337,0.227890625,0.01907408086468429,0.116171875,0.02525754658076874,2,72
2026-09-25 16:21:02.789,2026-09-25 16:20:59.965,2.824,0.2,0.2,0.0180859375,0.06409713636666635,0.13955078125,0.09087947520915106,0.13216796875,0.12468997450693181,0.158125,0.1185399106582912,0.194765625,0.08332767576107664,0.2184375,0.025649667653516166,0.2271484375,0.020490786585930964,0.1154296875,0.02804102554942995,2,73
2026-09-25 16:21:34.687,2026-09-25 16:21:29.966,4.721,0.2,0.2,0.01806640625,0.06456639030956803,0.1397265625,0.09033277252318932,0.13224609375,0.12443333719297642,0.1582421875,0.11821817130644566,0.19583984375,0.08093893065141174,0.21890625,0.024718703777404184,0.2275,0.01981913934541738,0.11587890625,0.0263541580932315,2,74
2026-09-25 16:22:06.585,2026-09-25 16:22:04.969,1.616,0.5,0.5,0.0185546875,0.052984517759752894,0.14076171875,0.08712718627669797,0.13439453125,0.11743459314400839,0.160234375,0.11278475845768635,0.19896484375,0.07406363943446215,0.224765625,0.013246972836833914,0.235390625,0.005011378313059872,0.12080078125,0.008288802465545864,2,75
2026-09-25 16:22:41.037,2026-09-25 16:22:39.961,1.076,0.2,0.2,0.01833984375,0.05804253078248971,0.13927734375,0.09173127188829741,0.13330078125,0.1209834952776072,0.1585546875,0.11736136317274842,0.19671875,0.07899422849300626,0.2243359375,0.014078014109974677,0.23626953125,0.003392820666267153,0.12146484375,0.0059079496171620186,2,76
2026-09-25 16:23:12.941,2026-09-25 16:23:09.970,2.971,0.2,0.2,0.01845703125,0.05527631453933774,0.141171875,0.0858635644472459,0.1344921875,0.11711913262174611,0.15994140625,0.11357953904045454,0.19904296875,0.07389314400312207,0.2243359375,0.014078014109974677,0.2348828125,0.0059493018048990395,0.12029296875,0.010118302340430976,2,77
2026-09-25 16:23:44.837,2026-09-25 16:23:39.967,4.87,0.2,0.2,0.018515625,0.05389978571053439,0.14216796875,0.08280998895614589,0.13486328125,0.11592246807575075,0.16080078125,0.11125229474249466,0.20056640625,0.07058179173527294,0.22490234375,0.012982883754872374,0.23537109375,0.005047414863045533,0.1203125,0.010047794266259855,2,78
2026-09-25 16:24:16.729,2026-09-25 16:24:14.960,1.7690000000000001,0.2,0.2,0.0185546875,0.052984517759752894,0.14349609375,0.07877166849176358,0.136015625,0.11222738854510726,0.16197265625,0.1080987447716938,0.20140625,0.06876704124746585,0.22390625,0.014910648665834287,0.233515625,0.008484594947136293,0.1190625,0.01458354809914122,2,79
2026-09-25 16:24:48.625,2026-09-25 16:24:44.959,3.666,0.35,0.35,0.01869140625,0.049796185271757096,0.14525390625,0.07348392684865625,0.1378125,0.10652757886663754,0.16376953125,0.1033073432119106,0.2039453125,0.06332625671811565,0.22494140625,0.012907459218054947,0.23423828125,0.007142667633659737,0.1196484375,0.012451513960131453,2,80
2026-09-25 16:25:21.783,2026-09-25 16:25:19.960,1.823,0.35,0.35,0.0184375,0.05573612875053168,0.14322265625,0.0796000233405296,0.135703125,0.11322634121533977,0.1617578125,0.10867518398765585,0.20216796875,0.0671276370073305,0.22419921875,0.014342770170716978,0.23404296875,0.007504941997262031,0.119140625,0.014298671419918266,2,81
2026-09-25 16:25:54.950,2026-09-25 16:25:49.961,4.989,0.5,0.5,0.01841796875,0.0561964303112723,0.1426953125,0.08120204046024224,0.1355078125,0.11385185548435987,0.1610546875,0.11056707968867543,0.20142578125,0.06872492784312713,0.22380859375,0.015100106628924085,0.2340234375,0.00754118606003321,0.1192578125,0.013871706468042288,2,82
2026-09-25 16:26:29.427,2026-09-25 16:26:24.968,4.459,0.35,0.35,0.0182421875,0.0603612468185073,0.1405078125,0.08791127485364782,0.13306640625,0.12174776205100322,0.15869140625,0.11698704050310312,0.19767578125,0.0768865207346765,0.222109375,0.0184099750367178,0.23228515625,0.010779082431076895,0.11853515625,0.016511368940218218,2,83
2026-09-25 16:27:02.596,2026-09-25 16:26:59.965,2.6310000000000002,0.35,0.35,0.01818359375,0.06175844206725802,0.14046875,0.08803202961096776,0.133125,0.12155656923175717,0.15892578125,0.11634609415840146,0.197734375,0.07675780910659587,0.2210546875,0.02047713645581307,0.23076171875,0.013636775345991566,0.1176171875,0.019887755253944785,2,84
2026-09-25 16:27:35.763,2026-09-25 16:27:34.966,0.797,0.2,0.2,0.01818359375,0.06175844206725802,0.14052734375,0.0878509100635161,0.13314453125,0.12149285699194462,0.15873046875,0.11688015040118441,0.19685546875,0.07869250039061879,0.21990234375,0.022747006922377494,0.22935546875,0.01629144043286521,0.11681640625,0.022854704018578254,2,85
2026-09-25 16:28:07.655,2026-09-25 16:28:04.970,2.685,0.5,0.5,0.0182421875,0.0603612468185073,0.14111328125,0.08604385690755467,0.13384765625,0.1192054191730062,0.1595703125,0.11458835362159955,0.1988671875,0.07427685289149304,0.22224609375,0.01814272863266936,0.23125,0.012718798927478372,0.1181640625,0.017873131778216443,2,86
2026-09-25 16:28:42.097,2026-09-25 16:28:39.970,2.127,0.5,0.5,0.01814453125,0.06269240905495892,0.1402734375,0.08863630754608585,0.13265625,0.12308847375450455,0.15853515625,0.11741486418690954,0.196875,0.07864941348330597,0.22041015625,0.02174526264134152,0.229453125,0.016106563463616698,0.116796875,0.02292732244227448,2,87
2026-09-25 16:29:16.549,2026-09-25 16:29:14.961,1.588,0.2,0.2,0.0180078125,0.06597720199497129,0.13865234375,0.0936845321619795,0.13134765625,0.12739386231595526,0.15740234375,0.12052925438186199,0.1948046875,0.08324058171046828,0.21966796875,0.023210130913909242,0.228671875,0.01758778755262504,0.1163671875,0.024528007551660527,2,88
2026-09-25 16:29:48.451,2026-09-25 16:29:44.978,3.473,0.5,0.5,0.0180859375,0.06409713636666635,0.140078125,0.0892414274459949,0.13251953125,0.12353629899464498,0.1585546875,0.11736136317274842,0.19708984375,0.0781757394191041,0.2202734375,0.022014735802787986,0.229140625,0.016698447005864894,0.11673828125,0.023145250597003692,2,89
2026-09-25 16:30:22.917,2026-09-25 16:30:19.962,2.955,0.35,0.35,0.01798828125,0.06644849285175167,0.13896484375,0.09270680391583698,0.13166015625,0.12636182385160952,0.15748046875,0.12031375035466214,0.1948828125,0.08306644598964961,0.219453125,0.023635095525581885,0.22853515625,0.017847521967929873,0.11611328125,0.025476647475974883,2,90
2026-09-25 16:30:56.268,2026-09-25 16:30:54.967,1.301,0.35,0.35,0.01806640625,0.06456639030956803,0.139296875,0.09167037383282316,0.13197265625,0.12533223206542585,0.1577734375,0.1195065613200456,0.1948828125,0.08306644598964961,0.21873046875,0.02506758140915541,0.2273828125,0.02004290636551759,0.115703125,0.02701345658151444,2,91
2026-09-25 16:31:29.441,2026-09-25 16:31:24.959,4.482,0.2,0.2,0.01806640625,0.06456639030956803,0.139453125,0.0911834965599657,0.1319921875,0.12526796355152334,0.157890625,0.11918410531074866,0.19486328125,0.0831099733744922,0.21892578125,0.02467995689047089,0.22779296875,0.01926022568854613,0.11583984375,0.026500582397350543,2,92
2026-09-25 16:32:01.333,2026-09-25 16:31:59.963,1.37,0.35,0.35,0.0181640625,0.06222517449466549,0.1405078125,0.08791127485364782,0.13310546875,0.12162029081970846,0.15900390625,0.11613265541130986,0.1975,0.07727288465450263,0.22025390625,0.02205324562164751,0.22890625,0.01714288963230753,0.1165625,0.023799691966072945,2,93
2026-09-25 16:32:34.505,2026-09-25 16:32:29.966,4.539,0.35,0.35,0.0181640625,0.06222517449466549,0.14017578125,0.08893876210382412,0.1327734375,0.12270499074335996,0.15845703125,0.11762893417616228,0.19603515625,0.08050602144301465,0.219140625,0.024253969134979722,0.2278125,0.01922299034047997,0.11591796875,0.02620778314007525,2,94
2026-09-25 16:33:07.670,2026-09-25 16:33:04.961,2.709,0.2,0.2,0.01814453125,0.06269240905495892,0.14041015625,0.08821322472460509,0.1328125,0.12257723828416454,0.15869140625,0.11698704050310312,0.1964453125,0.07959831430790415,0.2191796875,0.024176561687683958,0.2275390625,0.019744575952341612,0.115859375,0.026427364074340886,2,95
2026-09-25 16:33:39.561,2026-09-25 16:33:34.963,4.598,0.35,0.35,0.0181640625,0.06222517449466549,0.1409765625,0.08646483061265174,0.13333984375,0.1208562481387235,0.15919921875,0.11559951701646183,0.19744140625,0.07740174904847616,0.21943359375,0.023673749299974647,0.2277734375,0.019297464229353717,0.1159765625,0.025988313170659465,2,96
2026-09-25 16:34:12.721,2026-09-25 16:34:09.967,2.754,0.2,0.2,0.0181640625,0.06222517449466549,0.14115234375,0.08592365361813434,0.13369140625,0.11971269852039206,0.1596484375,0.11437577677844046,0.19828125,0.0755583365061641,0.22099609375,0.020592267764374936,0.22927734375,0.016439398694036805,0.11689453125,0.022564351688255824,2,97
2026-09-25 16:34:44.616,2026-09-25 16:34:39.965,4.651,0.2,0.2,0.01822265625,0.06082647930210073,0.14158203125,0.08460360858390523,0.13408203125,0.11844560941762687,0.159921875,0.11363257616354702,0.1983203125,0.0754727865242262,0.22001953125,0.022515629995272693,0.228359375,0.018181694628980536,0.1162109375,0.025111540702135726,2,98
2026-09-25 16:35:16.514,2026-09-25 16:35:14.972,1.542,0.2,0.2,0.0183203125,0.05850528466953618,0.14259765625,0.0814993598953524,0.13509765625,0.11516837531171986,0.16095703125,0.11083049601379076,0.19982421875,0.07219186092691111,0.22056640625,0.021437497914560975,0.2287890625,0.017365281622438118,0.11654296875,0.023872468586587297,2,99
2026-09-25 16:35:48.411,2026-09-25 16:35:44.960,3.451,0.5,0.5,0.0184375,0.05573612875053168,0.143984375,0.07729638178910396,0.13640625,0.11098192029288749,0.1621875,0.10752306964963242,0.20173828125,0.06805166816847649,0.221875,0.018868494680122305,0.22990234375,0.015257141611663909,0.11720703125,0.02140487966458884,2,100
2026-09-25 16:36:22.846,2026-09-25 16:36:19.976,2.87,0.2,0.2,0.018125,0.06316014682973864,0.140546875,0.08779055366262643,0.13318359375,0.12136546054576762,0.15916015625,0.11570609234997915,0.19779296875,0.07662913561341123,0.220546875,0.02147595658024063,0.2291796875,0.016624417434066514,0.11677734375,0.022999953010535257,2,101
2026-09-25 16:36:54.736,2026-09-25 16:36:49.960,4.776,0.2,0.2,0.01828125,0.05943227431049545,0.14232421875,0.08233293881134712,0.13478515625,0.11617412358440214,0.16064453125,0.11167450353200316,0.19912109375,0.07372271547865367,0.22052734375,0.021514418651904007,0.22865234375,0.017624882960027784,0.11650390625,0.02401805842432463,2,102
2026-09-25 16:37:26.639,2026-09-25 16:37:24.963,1.6760000000000002,0.2,0.2,0.018359375,0.057580269448902,0.14294921875,0.08042996117795716,0.135390625,0.11422759694852147,0.16138671875,0.10967265739757084,0.19990234375,0.07202209859428804,0.2201171875,0.02232291000901578,0.22818359375,0.018516124620875825,0.11619140625,0.025184537505720205,2,103
2026-09-25 16:37:58.527,2026-09-25 16:37:54.958,3.569,0.35,0.35,0.0183984375,0.05665722025572326,0.14392578125,0.0774731518133489,0.13640625,0.11098192029288749,0.16228515625,0.10726165118516703,0.201796875,0.0679255480915329,0.2215625,0.019480608216131057,0.22923828125,0.016513396731684442,0.11666015625,0.023435991683613364,2,104
2026-09-25 16:38:31.689,2026-09-25 16:38:29.961,1.728,0.35,0.35,0.01853515625,0.05344191062130796,0.1423046875,0.08239254143024304,0.13478515625,0.11617412358440214,0.16140625,0.10962010164245091,0.20083984375,0.06999010978829917,0.22484375,0.013096045126573547,0.2350390625,0.005660494158742373,0.12015625,0.010612179637310643,2,105
2026-09-25 16:39:04.855,2026-09-25 16:38:59.960,4.895,0.2,0.2,0.018359375,0.057580269448902,0.13853515625,0.09405174848760917,0.13255859375,0.1234083017989341,0.15849609375,0.11752188599176434,0.19583984375,0.08093893065141174,0.2240234375,0.014683408153854676,0.23568359375,0.004471188581443188,0.1211328125,0.0070967445293777,2,106
2026-09-25 16:39:36.781,2026-09-25 16:39:34.959,1.822,0.5,0.5,0.0183984375,0.05665722025572326,0.14013671875,0.0890598029301102,0.13310546875,0.12162029081970846,0.15904296875,0.11602597536117792,0.19794921875,0.07628619256378495,0.2244921875,0.013775633257443569,0.2355859375,0.004651177179445359,0.12015625,0.010612179637310643,2,107
2026-09-25 16:40:11.232,2026-09-25 16:40:09.963,1.2690000000000001,0.5,0.5,0.018203125,0.06129221069461927,0.13896484375,0.09270680391583698,0.13193359375,0.1254607976323515,0.15798828125,0.11891557473773218,0.19615234375,0.08024648290028844,0.22326171875,0.01616260130419736,0.23439453125,0.006853065567812436,0.11974609375,0.012097190303451048,2,108
2026-09-25 16:40:45.677,2026-09-25 16:40:44.961,0.716,0.2,0.2,0.01798828125,0.06644849285175167,0.13771484375,0.09663099365909761,0.13083984375,0.12907617319930048,0.15673828125,0.12236536907710538,0.19408203125,0.08485465577270926,0.2213671875,0.019863617749645124,0.2328515625,0.009721383820920595,0.1186328125,0.01615371884843891,2,109
2026-09-25 16:41:17.573,2026-09-25 16:41:14.966,2.607,0.35,0.35,0.0181640625,0.06222517449466549,0.13982421875,0.09002934591830614,0.13259765625,0.12328034231600983,0.15828125,0.11811097780179104,0.19791015625,0.07637190294138767,0.22287109375,0.016923120685837952,0.2335546875,0.008411952230248133,0.11896484375,0.014939906929264057,2,110
2026-09-25 16:41:50.735,2026-09-25 16:41:49.967,0.768,0.5,0.5,0.0182421875,0.0603612468185073,0.140234375,0.0887572640938398,0.1328515625,0.12244952339369758,0.15859375,0.11725438091283975,0.1965625,0.07933931749161878,0.22140625,0.01978698881571837,0.23189453125,0.011510033511483952,0.118125,0.01801672393753521,2,111
2026-09-25 16:42:25.180,2026-09-25 16:42:24.967,0.213,0.2,0.2,0.01810546875,0.06362838890410358,0.13919921875,0.09197494953918647,0.13234375,0.1241127536677503,0.15794921875,0.11902296704339888,0.19642578125,0.07964149546447996,0.22228515625,0.01806640271298202,0.23318359375,0.009102549116460827,0.11896484375,0.014939906929264057,2,112
2026-09-25 16:42:57.083,2026-09-25 16:42:54.980,2.103,0.5,0.5,0.01818359375,0.06175844206725802,0.14044921875,0.08809241958282386,0.13328125,0.12104713283093425,0.15869140625,0.11698704050310312,0.19783203125,0.07654337445951813,0.22236328125,0.017913791103960745,0.23259765625,0.010195206054546435,0.11869140625,0.015939270083368894,2,113
2026-09-25 16:43:31.595,2026-09-25 16:43:29.959,1.6360000000000001,0.2,0.2,0.01806640625,0.06456639030956803,0.1391015625,0.09227973899790529,0.13201171875,0.12520370454690755,0.1578125,0.11939904937942893,0.1952734375,0.08219681317624103,0.220625,0.02132214234739381,0.2312890625,0.012645444568397973,0.11806640625,0.018232201233894615,2,114
2026-09-25 16:44:03.484,2026-09-25 16:43:59.962,3.5220000000000002,0.35,0.35,0.01833984375,0.05804253078248971,0.141484375,0.08490326669411932,0.1340625,0.11850887614975184,0.15958984375,0.1145351996552028,0.198125,0.07590070505515499,0.22177734375,0.01905968749936838,0.2321484375,0.011034775392188691,0.118359375,0.017155882264399066,2,115
2026-09-25 16:44:36.644,2026-09-25 16:44:34.964,1.6800000000000002,0.5,0.5,0.01830078125,0.05896853216082245,0.14095703125,0.08652500303836676,0.13373046875,0.11958582312308211,0.1592578125,0.1154397030378771,0.19732421875,0.07765959260358812,0.2209375,0.02070742960229816,0.23138671875,0.012462112858172761,0.1178125,0.019167173568967653,2,116
2026-09-25 16:45:11.084,2026-09-25 16:45:09.960,1.124,0.35,0.35,0.01810546875,0.06362838890410358,0.13966796875,0.09051493029527048,0.13244140625,0.12379240661339126,0.15791015625,0.11913038591159518,0.19708984375,0.0781757394191041,0.22224609375,0.01814272863266936,0.23248046875,0.010414067716445244,0.1187890625,0.015582090622571954,2,117
2026-09-25 16:45:44.257,2026-09-25 16:45:39.958,4.299,0.2,0.2,0.0180859375,0.06409713636666635,0.13927734375,0.09173127188829741,0.13201171875,0.12520370454690755,0.15763671875,0.11988306284505924,0.1954296875,0.08184944704542212,0.21994140625,0.022669867582582656,0.23005859375,0.014962079531929644,0.117265625,0.02118782285945253,2,118
2026-09-25 16:46:16.146,2026-09-25 16:46:14.962,1.184,0.35,0.35,0.018203125,0.06129221069461927,0.14072265625,0.08724772318613207,0.13345703125,0.12047473026771367,0.15912109375,0.11581269384337228,0.1974609375,0.07735879000181145,0.22080078125,0.020976259373743856,0.23033203125,0.014446202774627706,0.11751953125,0.02024849493902946,2,119
2026-09-25 16:46:49.331,2026-09-25 16:46:44.962,4.369,0.35,0.35,0.01822265625,0.06082647930210073,0.14078125,0.0870669303651336,0.13328125,0.12104713283093425,0.15896484375,0.11623936167275652,0.1968359375,0.07873559157306258,0.220078125,0.022399987741386553,0.2294140625,0.016180504807441112,0.1168359375,0.02278209773538597,2,120
2026-09-25 16:47:22.502,2026-09-25 16:47:19.966,2.536,0.2,0.2,0.018203125,0.06129221069461927,0.14048828125,0.08797164803535386,0.1330859375,0.12168402175854223,0.15875,0.11682671521417105,0.19642578125,0.07964149546447996,0.22015625,0.022245845953822327,0.22880859375,0.017328208381397807,0.11685546875,0.022709503588638855,2,121
2026-09-25 16:47:54.394,2026-09-25 16:47:50.017,4.377,0.2,0.2,0.01826171875,0.05989651217608292,0.1412890625,0.08550320391053919,0.1338671875,0.11914205089655272,0.15951171875,0.1147478545655127,0.19763671875,0.07697234968394855,0.220546875,0.02147595658024063,0.2294140625,0.016180504807441112,0.11716796875,0.02154964449323029,2,122
2026-09-25 16:48:26.287,2026-09-25 16:48:24.970,1.317,0.35,0.35,0.0183203125,0.05850528466953618,0.14298828125,0.08031130148270992,0.1353515625,0.11435291637859414,0.1612890625,0.10993553161533175,0.20087890625,0.06990564956206965,0.22212890625,0.0183717869090253,0.23052734375,0.014078094190203259,0.11787109375,0.018951231997317294,2,123
2026-09-25 16:48:59.468,2026-09-25 16:48:54.960,4.508,0.5,0.5,0.018203125,0.06129221069461927,0.14126953125,0.08556324323902403,0.13388671875,0.11907869186486941,0.15953125,0.11469468107516123,0.198828125,0.07436216759207255,0.221796875,0.019021442201302738,0.23064453125,0.013857378710997311,0.11794921875,0.018663476822368363,2,124
2026-09-25 16:49:33.903,2026-09-25 16:49:29.969,3.934,0.35,0.35,0.01822265625,0.06082647930210073,0.14048828125,0.08797164803535386,0.133046875,0.12181151169983738,0.15873046875,0.11688015040118441,0.1965625,0.07933931749161878,0.22013671875,0.022284376272075315,0.2288671875,0.017217007642881317,0.1169140625,0.022491793926512727,2,125
2026-09-25 16:50:07.064,2026-09-25 16:50:04.991,2.073,0.2,0.2,0.01806640625,0.06456639030956803,0.13978515625,0.09015069112219795,0.13244140625,0.12379240661339126,0.158203125,0.11832539127536536,0.19677734375,0.0788648907796654,0.2205859375,0.02139904265426196,0.22927734375,0.016439398694036805,0.117109375,0.021766882254443457,2,126
2026-09-25 16:50:38.952,2026-09-25 16:50:34.960,3.992,0.2,0.2,0.018203125,0.06129221069461927,0.1408203125,0.08694644361671114,0.1332421875,0.12117443591902242,0.1590625,0.11597264516133157,0.19671875,0.07899422849300626,0.21908203125,0.024370106181240296,0.227578125,0.019670025358749687,0.11609375,0.025549705678166466,2,127
2026-09-25 16:51:10.837,2026-09-25 16:51:09.960,0.877,0.2,0.2,0.018671875,0.05025023077250054,0.1423828125,0.08215418001816548,0.13580078125,0.11291392160478511,0.16185546875,0.10841307131031493,0.20134765625,0.06889340596837187,0.22576171875,0.011326562322458987,0.23607421875,0.003751979206339141,0.1213671875,0.00625725751172963,2,128
2026-09-25 16:51:42.746,2026-09-25 16:51:39.961,2.785,0.35,0.35,0.01841796875,0.0561964303112723,0.13935546875,0.09148773088547439,0.13236328125,0.1240486653503754,0.159140625,0.11575938982588854,0.19724609375,0.07783157339265004,0.224140625,0.014456286481161517,0.2350390625,0.005660494158742373,0.120234375,0.010329895271244213,2,129
2026-09-25 16:52:15.908,2026-09-25 16:52:14.964,0.944,0.5,0.5,0.01818359375,0.06175844206725802,0.1383203125,0.09472578591404789,0.13138671875,0.1272647233075987,0.157890625,0.11918410531074866,0.195859375,0.08089562030663355,0.223359375,0.015972679369171114,0.23498046875,0.005768774520467605,0.1203125,0.010047794266259855,2,130
2026-09-25 16:52:50.367,2026-09-25 16:52:49.964,0.403,0.5,0.5,0.0180859375,0.06409713636666635,0.1383203125,0.09472578591404789,0.13138671875,0.1272647233075987,0.1575,0.12025989105256502,0.19611328125,0.08033297851537288,0.22439453125,0.01396459661677643,0.23580078125,0.00425530068209951,0.12091796875,0.007867702417780386,2,131
2026-09-25 16:53:24.814,2026-09-25 16:53:19.957,4.857,0.5,0.5,0.01791015625,0.06833878737857957,0.136875,0.09928761517611584,0.130234375,0.1310905598344331,0.15599609375,0.1244267257215436,0.19283203125,0.08766080857877645,0.22017578125,0.022207319053650407,0.23162109375,0.012022432251746323,0.1180078125,0.018447785493423643,2,132
2026-09-25 16:53:59.260,2026-09-25 16:53:54.966,4.294,0.2,0.2,0.01796875,0.06692029570304539,0.1371484375,0.09842088320680772,0.13033203125,0.13076502613962954,0.156015625,0.12437235395535014,0.192421875,0.0885855424257469,0.21904296875,0.024447548136135786,0.2303515625,0.014409377872591616,0.11748046875,0.020392874754821776,2,133
2026-09-25 16:54:31.148,2026-09-25 16:54:29.973,1.175,0.2,0.2,0.01806640625,0.06456639030956803,0.13890625,0.09288996037398284,0.13181640625,0.12584672284901186,0.1575,0.12025989105256502,0.1955859375,0.08150235852992213,0.221015625,0.02055388727016918,0.23162109375,0.012022432251746323,0.11822265625,0.017657832518133274,2,134
2026-09-25 16:55:03.053,2026-09-25 16:54:59.966,3.087,0.2,0.2,0.01818359375,0.06175844206725802,0.14048828125,0.08797164803535386,0.13333984375,0.1208562481387235,0.158984375,0.11618600526481385,0.19841796875,0.0752589852685405,0.2228515625,0.01696118163690773,0.232734375,0.009940006771373402,0.1191796875,0.014156303124297068,2,135
2026-09-25 16:55:34.980,2026-09-25 16:55:29.991,4.989,0.2,0.2,0.0183203125,0.05850528466953618,0.1415234375,0.08478337863762211,0.13408203125,0.11844560941762687,0.1598046875,0.11395093499166013,0.198671875,0.0747035940891412,0.2214453125,0.019710373400171136,0.23134765625,0.012535436255595458,0.1180859375,0.018160363588886983,2,136
2026-09-25 16:56:06.865,2026-09-25 16:56:04.971,1.8940000000000001,0.35,0.35,0.0183203125,0.05850528466953618,0.1425,0.08179688301578038,0.13513671875,0.11504282038690691,0.160625,0.11172730850281459,0.2010546875,0.06952578167866173,0.22318359375,0.01631459867451371,0.23255859375,0.010268147687553573,0.1188671875,0.015296558408537015,2,137
2026-09-25 16:56:40.048,2026-09-25 16:56:39.964,0.084,0.35,0.35,0.018359375,0.057580269448902,0.14283203125,0.08078613491189268,0.1353515625,0.11435291637859414,0.1612890625,0.10993553161533175,0.200390625,0.07096258481701499,0.22162109375,0.01936577119235058,0.23109375,0.013012340325543341,0.117890625,0.018879275327133065,2,138
2026-09-25 16:57:13.213,2026-09-25 16:57:09.961,3.252,0.2,0.2,0.01822265625,0.06082647930210073,0.1415625,0.08466352366738344,0.13421875,0.11800300016721497,0.1596484375,0.11437577677844046,0.199375,0.07316928421572537,0.22197265625,0.01867738599413269,0.23134765625,0.012535436255595458,0.11814453125,0.017944921923334557,2,139
2026-09-25 16:57:45.107,2026-09-25 16:57:44.961,0.146,0.5,0.5,0.0184375,0.05573612875053168,0.14369140625,0.07818095229364115,0.13615234375,0.11179106825389377,0.161953125,0.10815111673219183,0.20126953125,0.06906194947758082,0.2215625,0.019480608216131057,0.2307421875,0.013673534792617516,0.11759765625,0.019959879223537338,2,140
2026-09-25 16:58:19.546,2026-09-25 16:58:14.963,4.583,0.35,0.35,0.01814453125,0.06269240905495892,0.1402734375,0.08863630754608585,0.1328515625,0.12244952339369758,0.15875,0.11682671521417105,0.196640625,0.07916673871648733,0.21966796875,0.023210130913909242,0.22947265625,0.01606959751203435,0.1166015625,0.02365417530131619,2,141
2026-09-25 16:58:52.719,2026-09-25 16:58:49.963,2.7560000000000002,0.35,0.35,0.01826171875,0.05989651217608292,0.14044921875,0.08809241958282386,0.13302734375,0.12187527070779208,0.15869140625,0.11698704050310312,0.19640625,0.07968468091491115,0.2197265625,0.023094303607741052,0.2293359375,0.01632842527273458,0.1169140625,0.022491793926512727,2,142
2026-09-25 16:59:25.885,2026-09-25 16:59:24.961,0.924,0.35,0.35,0.01818359375,0.06175844206725802,0.14072265625,0.08724772318613207,0.13322265625,0.1212381014592528,0.15916015625,0.11570609234997915,0.1978125,0.07658625291953255,0.22162109375,0.01936577119235058,0.2310546875,0.01308575668644902,0.11798828125,0.018519670701218887,2,143
2026-09-25 16:59:59.051,2026-09-25 16:59:54.962,4.089,0.2,0.2,0.018125,0.06316014682973864,0.13982421875,0.09002934591830614,0.1324609375,0.1237283655483334,0.15830078125,0.11805739096948133,0.19623046875,0.08007354333328319,0.21953125,0.02348051482208002,0.22947265625,0.01606959751203435,0.11671875,0.02321791762334296,2,144
2026-09-25 17:00:30.952,2026-09-25 17:00:29.971,0.981,0.2,0.2,0.0183203125,0.05850528466953618,0.1421875,0.08275032902310296,0.13474609375,0.11630000604380626,0.1603515625,0.11246725303457437,0.20005859375,0.07168277287576319,0.2226953125,0.0172657893870092,0.23193359375,0.011436883017475183,0.11833984375,0.017227553934155496,2,145
2026-09-25 17:01:02.857,2026-09-25 17:00:59.973,2.884,0.2,0.2,0.01833984375,0.05804253078248971,0.142578125,0.08155884821568421,0.13517578125,0.114917301749645,0.160703125,0.11151612713132865,0.20048828125,0.07075099188620178,0.22201171875,0.018600966060466715,0.23115234375,0.012902239049277843,0.1180078125,0.018447785493423643,2,146
2026-09-25 17:01:34.752,2026-09-25 17:01:29.966,4.786,0.2,0.2,0.01837890625,0.05711849962134374,0.14326171875,0.07948159015683867,0.1357421875,0.11310134640028695,0.16146484375,0.10946247252624344,0.20134765625,0.06889340596837187,0.22296875,0.016732865948531832,0.23240234375,0.010560036789965697,0.11861328125,0.016225225308121885,2,147
2026-09-25 17:02:06.639,2026-09-25 17:02:04.964,1.675,0.5,0.5,0.01853515625,0.05344191062130796,0.14501953125,0.07418525034689019,0.13751953125,0.10745180667214584,0.16322265625,0.10476000798684135,0.20267578125,0.06603812885878861,0.221796875,0.019021442201302738,0.23115234375,0.012902239049277843,0.11763671875,0.019815643260104866,2,148
2026-09-25 17:02:41.078,2026-09-25 17:02:39.957,1.121,0.5,0.5,0.01828125,0.05943227431049545,0.14197265625,0.08340703947897152,0.134375,0.11749771275488956,0.16015625,0.11299655777029838,0.19931640625,0.07329693654072314,0.222265625,0.018104563996069984,0.23189453125,0.011510033511483952,0.1183984375,0.017012574399081853,2,149
2026-09-25 17:03:15.523,2026-09-25 17:03:14.958,0.565,0.2,0.2,0.01818359375,0.06175844206725802,0.1406640625,0.08742859130087366,0.133203125,0.12130177633392189,0.158984375,0.11618600526481385,0.197265625,0.07778857181016989,0.22111328125,0.02036203566043031,0.2305859375,0.013967722429203413,0.1177734375,0.019311194290534035,2,150
2026-09-25 17:03:47.412,2026-09-25 17:03:44.956,2.456,0.2,0.2,0.0181640625,0.06222517449466549,0.14111328125,0.08604385690755467,0.13369140625,0.11971269852039206,0.1594921875,0.11480103456703676,0.19896484375,0.07406363943446215,0.22236328125,0.017913791103960745,0.23181640625,0.011656371473243676,0.11869140625,0.015939270083368894,2,151
2026-09-25 17:04:19.300,2026-09-25 17:04:14.962,4.338,0.5,0.5,0.0183203125,0.05850528466953618,0.14220703125,0.08269067728454295,0.134609375,0.11674088221440998,0.16044921875,0.11220284238293451,0.19884765625,0.07431950814683386,0.22091796875,0.02074582366870721,0.2300390625,0.01499895133072953,0.117421875,0.020609534515814758,2,152
2026-09-25 17:04:53.802,2026-09-25 17:04:49.961,3.841,0.35,0.35,0.01818359375,0.06175844206725802,0.1405859375,0.08766986601924767,0.13318359375,0.12136546054576762,0.15900390625,0.11613265541130986,0.197734375,0.07675780910659587,0.22138671875,0.019825301592586157,0.23048828125,0.014151690950573084,0.117734375,0.019455262788091093,2,153
2026-09-25 17:05:26.961,2026-09-25 17:05:24.965,1.996,0.35,0.35,0.01814453125,0.06269240905495892,0.1403515625,0.08839449546750944,0.13296875,0.1220666039138694,0.158671875,0.11704049542124594,0.19681640625,0.07877868703148577,0.22041015625,0.02174526264134152,0.229296875,0.016402404402783666,0.1169921875,0.02220168404137394,2,154
2026-09-25 17:06:00.124,2026-09-25 17:05:59.966,0.158,0.5,0.5,0.01822265625,0.06082647930210073,0.1408984375,0.08670557035379584,0.13337890625,0.12072903827199571,0.1591015625,0.11586600440403624,0.19765625,0.07692943308903212,0.2207421875,0.02109152309324289,0.22955078125,0.015921765162073744,0.11736328125,0.020826302417446613,2,155
2026-09-25 17:06:34.566,2026-09-25 17:06:29.964,4.602,0.35,0.35,0.018046875,0.06503615182849395,0.13912109375,0.09221876399157088,0.13169921875,0.12623299131376076,0.15759765625,0.11999069468746972,0.1951953125,0.08237060048624442,0.2197265625,0.023094303607741052,0.22900390625,0.016957649927258504,0.11685546875,0.022709503588638855,2,156
2026-09-25 17:07:07.738,2026-09-25 17:07:04.970,2.768,0.2,0.2,0.01810546875,0.06362838890410358,0.1392578125,0.09179217848427458,0.131875,0.12565371737280223,0.1576953125,0.11972166507971953,0.19529296875,0.08215337721262,0.2196484375,0.02324874688173828,0.22861328125,0.017699083281736215,0.11662109375,0.023581435248905443,2,157
2026-09-25 17:07:39.639,2026-09-25 17:07:34.966,4.673,0.5,0.5,0.01826171875,0.05989651217608292,0.14078125,0.0870669303651336,0.13326171875,0.12111077971049462,0.15916015625,0.11570609234997915,0.19716796875,0.07800362231315439,0.2198828125,0.022785581730938958,0.22875,0.01743943760006272,0.116484375,0.024090871649728337,2,158
2026-09-25 17:08:14.075,2026-09-25 17:08:09.959,4.116,0.35,0.35,0.0180859375,0.06409713636666635,0.13916015625,0.09209683965559232,0.13181640625,0.12584672284901186,0.15765625,0.11982925692516096,0.19513671875,0.08250098662139543,0.21908203125,0.024370106181240296,0.22822265625,0.01844178458613371,0.11619140625,0.025184537505720205,2,159
2026-09-25 17:08:47.236,2026-09-25 17:08:45.007,2.229,0.5,0.5,0.0180859375,0.06409713636666635,0.1398046875,0.09009001428215466,0.132421875,0.12385645712333751,0.15841796875,0.11773600875311076,0.1962890625,0.07994388383630477,0.21974609375,0.023055701369423726,0.22859375,0.017736188197124927,0.11623046875,0.02503855616589084,2,160
2026-09-25 17:09:21.671,2026-09-25 17:09:19.961,1.71,0.2,0.2,0.01798828125,0.06644849285175167,0.1386328125,0.09374571332456608,0.13126953125,0.1276522555896216,0.15728515625,0.12085271106158799,0.19517578125,0.08241405818197323,0.21990234375,0.022747006922377494,0.2291015625,0.01677248919885014,0.11654296875,0.023872468586587297,2,161
2026-09-25 17:09:53.576,2026-09-25 17:09:49.960,3.616,0.35,0.35,0.01828125,0.05943227431049545,0.1391796875,0.09203589032114333,0.13216796875,0.12468997450693181,0.15880859375,0.11666644908950222,0.19677734375,0.0788648907796654,0.22322265625,0.016238593339719883,0.23423828125,0.007142667633659737,0.11947265625,0.013090025932882875,2,162
2026-09-25 17:10:26.873,2026-09-25 17:10:24.964,1.909,0.2,0.2,0.01814453125,0.06269240905495892,0.1368359375,0.09941157535446654,0.1315234375,0.12681303893833104,0.15732421875,0.12074486539877825,0.19353515625,0.08608011718173578,0.22318359375,0.01631459867451371,0.23560546875,0.004615173491805837,0.1212109375,0.00681673518253836,2,163
2026-09-25 17:10:58.772,2026-09-25 17:10:54.960,3.8120000000000003,0.5,0.5,0.018125,0.06316014682973864,0.137265625,0.09804995551288276,0.13041015625,0.13050477475691824,0.1573046875,0.12079878488260226,0.19419921875,0.0845925061780876,0.2234765625,0.0157448826254731,0.2352734375,0.0052276424798177274,0.12009765625,0.010824013386036958,2,164
2026-09-25 17:11:33.205,2026-09-25 17:11:29.966,3.239,0.2,0.2,0.0179296875,0.06786544184735821,0.13681640625,0.09947356871434675,0.1301953125,0.1312208416658896,0.15677734375,0.12225714717724234,0.1932421875,0.08673803956465005,0.2219140625,0.018792041113882534,0.23396484375,0.007649936400379355,0.11912109375,0.014369873072984235,2,165
2026-09-25 17:12:05.093,2026-09-25 17:12:04.963,0.13,0.35,0.35,0.01822265625,0.06082647930210073,0.13921875,0.09191401730732175,0.13208984375,0.12494676356505816,0.1586328125,0.11714742499999696,0.1964453125,0.07959831430790415,0.222890625,0.016885063070083577,0.234140625,0.00732376704077225,0.11896484375,0.014939906929264057,2,166
2026-09-25 17:12:38.264,2026-09-25 17:12:34.964,3.3,0.2,0.2,0.018203125,0.06129221069461927,0.13939453125,0.09136601157921143,0.1323046875,0.1242409586817894,0.1583984375,0.11778955594285909,0.19740234375,0.07748767989202983,0.2237890625,0.015138008141528596,0.23501953125,0.005696584613070119,0.12,0.011177299407229738,2,167
2026-09-25 17:13:10.157,2026-09-25 17:13:09.962,0.195,0.5,0.5,0.0183984375,0.05665722025572326,0.14138671875,0.08520313170769185,0.1337890625,0.11939557949797526,0.16013671875,0.11304952374169198,0.19935546875,0.07321183082187288,0.222890625,0.016885063070083577,0.23330078125,0.008884347228482662,0.1184375,0.0168693138066882,2,168
2026-09-25 17:13:44.596,2026-09-25 17:13:39.972,4.624,0.2,0.2,0.018203125,0.06129221069461927,0.13986328125,0.08990803460972316,0.13265625,0.12308847375450455,0.15853515625,0.11741486418690954,0.1962890625,0.07994388383630477,0.2213671875,0.019863617749645124,0.232109375,0.01110785818275291,0.118203125,0.017729587079536174,2,169
2026-09-25 17:14:16.506,2026-09-25 17:14:14.970,1.536,0.5,0.5,0.01826171875,0.05989651217608292,0.14115234375,0.08592365361813434,0.13376953125,0.11945898478050315,0.15958984375,0.1145351996552028,0.198828125,0.07436216759207255,0.2221484375,0.018333602138973604,0.2323828125,0.01059653672543308,0.1182421875,0.017586089810131173,2,170
2026-09-25 17:14:50.950,2026-09-25 17:14:49.963,0.987,0.2,0.2,0.01806640625,0.06456639030956803,0.1393359375,0.09154860333380489,0.1321875,0.12462580095943368,0.15783203125,0.11934530338815885,0.19681640625,0.07877868703148577,0.22205078125,0.01852455957154635,0.23236328125,0.010633039728766443,0.1187109375,0.01586781068676125,2,171
2026-09-25 17:15:22.839,2026-09-25 17:15:19.967,2.872,0.2,0.2,0.018203125,0.06129221069461927,0.141171875,0.0858635644472459,0.133828125,0.11926879669692798,0.1594921875,0.11480103456703676,0.19875,0.07453284728847379,0.22201171875,0.018600966060466715,0.2316015625,0.012059055305434427,0.118125,0.01801672393753521,2,172
2026-09-25 17:15:54.745,2026-09-25 17:15:49.967,4.7780000000000005,0.5,0.5,0.01833984375,0.05804253078248971,0.1421875,0.08275032902310296,0.134765625,0.11623706025314555,0.16029296875,0.11262597673076882,0.19912109375,0.07372271547865367,0.2211328125,0.020323675506547338,0.23029296875,0.014519861947447362,0.11724609375,0.021260163074811444,2,173
2026-09-25 17:16:29.186,2026-09-25 17:16:24.960,4.226,0.5,0.5,0.018203125,0.06129221069461927,0.14017578125,0.08893876210382412,0.13265625,0.12308847375450455,0.158515625,0.11746837179270674,0.19630859375,0.07990067260479772,0.2199609375,0.0226313030501324,0.22951171875,0.01599567504685106,0.11701171875,0.022129186840320333,2,174
2026-09-25 17:17:03.636,2026-09-25 17:17:00.007,3.629,0.5,0.5,0.01806640625,0.06456639030956803,0.1390234375,0.092523724668313,0.13185546875,0.12571804300158057,0.1576953125,0.11972166507971953,0.1958984375,0.08080901257239437,0.221328125,0.019940260206722783,0.230625,0.01389415683541304,0.11794921875,0.018663476822368363,2,175
2026-09-25 17:17:38.082,2026-09-25 17:17:34.959,3.123,0.2,0.2,0.0180078125,0.06597720199497129,0.13818359375,0.09515526413981228,0.13083984375,0.12907617319930048,0.1569140625,0.12187858275836246,0.1939453125,0.08516069709743132,0.21978515625,0.022978507184737172,0.22923828125,0.016513396731684442,0.1168359375,0.02278209773538597,2,176
2026-09-25 17:18:09.996,2026-09-25 17:18:09.986,0.01,0.5,0.5,0.018125,0.06316014682973864,0.1399609375,0.08960490450604837,0.132578125,0.12334431734476269,0.15845703125,0.11762893417616228,0.19703125,0.07830487202778726,0.22099609375,0.020592267764374936,0.2300390625,0.01499895133072953,0.11728515625,0.021115494691760477,2,177
2026-09-25 17:18:44.442,2026-09-25 17:18:39.963,4.479,0.35,0.35,0.0180078125,0.06597720199497129,0.138359375,0.09460315581810295,0.13126953125,0.1276522555896216,0.1572265625,0.12101452978614655,0.194375,0.08419957824606901,0.2197265625,0.023094303607741052,0.2292578125,0.016476396136824747,0.11671875,0.02321791762334296,2,178
2026-09-25 17:19:17.606,2026-09-25 17:19:14.957,2.649,0.35,0.35,0.01802734375,0.06550642202268855,0.1391796875,0.09203589032114333,0.1319140625,0.12552509469100812,0.157734375,0.1196140998824134,0.1956640625,0.0813289182393169,0.22080078125,0.020976259373743856,0.229765625,0.015515485479347647,0.11724609375,0.021260163074811444,2,179
2026-09-25 17:19:50.768,2026-09-25 17:19:49.964,0.804,0.5,0.5,0.0181640625,0.06222517449466549,0.1392578125,0.09179217848427458,0.1320703125,0.12501098456065066,0.15791015625,0.11913038591159518,0.1953515625,0.0820230953811635,0.21947265625,0.02359644519120816,0.2287109375,0.01751360624201629,0.11642578125,0.024309384601207722,2,180
2026-09-25 17:20:25.206,2026-09-25 17:20:24.972,0.234,0.2,0.2,0.0180078125,0.06597720199497129,0.13828125,0.09484845064637111,0.13115234375,0.12804013398566666,0.15708984375,0.12139234145147304,0.1937890625,0.08551072289264572,0.2185546875,0.025416739526772265,0.227578125,0.019670025358749687,0.1159375,0.02613461415971464,2,181
2026-09-25 17:20:57.092,2026-09-25 17:20:54.970,2.122,0.35,0.35,0.018046875,0.06503615182849395,0.1390234375,0.092523724668313,0.1317578125,0.12603981413721824,0.157578125,0.12004452061328721,0.1962890625,0.07994388383630477,0.221328125,0.019940260206722783,0.230703125,0.013747063021338535,0.11779296875,0.019239177959732463,2,182
2026-09-25 17:21:30.251,2026-09-25 17:21:29.963,0.288,0.2,0.2,0.01806640625,0.06456639030956803,0.13919921875,0.09197494953918647,0.13181640625,0.12584672284901186,0.1578515625,0.11929156404738589,0.195703125,0.08124222406158553,0.22056640625,0.021437497914560975,0.2300390625,0.01499895133072953,0.1171875,0.02147725604704168,2,183
2026-09-25 17:22:02.148,2026-09-25 17:21:59.970,2.178,0.2,0.2,0.01828125,0.05943227431049545,0.1412890625,0.08550320391053919,0.1337890625,0.11939557949797526,0.15955078125,0.11464151409438808,0.19775390625,0.07671491370610632,0.2209765625,0.020630651650731947,0.2297265625,0.015589326248360525,0.117421875,0.020609534515814758,2,184
2026-09-25 17:22:34.046,2026-09-25 17:22:29.959,4.087,0.2,0.2,0.01828125,0.05943227431049545,0.1416796875,0.08430415709172456,0.13408203125,0.11844560941762687,0.16,0.11342046652225957,0.1984765625,0.07513075501853558,0.220859375,0.02086102623764039,0.22939453125,0.0162174802007547,0.1172265625,0.021332515341851488,2,185
2026-09-25 17:23:05.940,2026-09-25 17:23:04.964,0.976,0.2,0.2,0.0183984375,0.05665722025572326,0.143515625,0.0787125607023694,0.1356640625,0.11335137201565738,0.161796875,0.1085703199326001,0.20119140625,0.06923055842152262,0.22216796875,0.01829542072597234,0.23037109375,0.014372556092765108,0.11763671875,0.019815643260104866,2,186
2026-09-25 17:23:37.830,2026-09-25 17:23:34.958,2.872,0.5,0.5,0.018515625,0.05389978571053439,0.143984375,0.07729638178910396,0.13630859375,0.11129295266448826,0.1623046875,0.10720938636990411,0.2011328125,0.06935705810159659,0.22126953125,0.020055249258690563,0.2291015625,0.01677248919885014,0.11689453125,0.022564351688255824,2,187
2026-09-25 17:24:12.312,2026-09-25 17:24:09.968,2.344,0.35,0.35,0.01818359375,0.06175844206725802,0.1407421875,0.08718745054959041,0.13322265625,0.1212381014592528,0.15916015625,0.11570609234997915,0.19837890625,0.07534449314081981,0.22140625,0.01978698881571837,0.2301953125,0.014704064555248999,0.11765625,0.019743543238041134,2,188
2026-09-25 17:24:45.474,2026-09-25 17:24:44.961,0.513,0.2,0.2,0.01826171875,0.05989651217608292,0.14134765625,0.08532313571008658,0.13392578125,0.11895200152502608,0.1598828125,0.11373866984476436,0.19796875,0.07624334371742753,0.22046875,0.021629825308830963,0.22908203125,0.01680951502963287,0.11685546875,0.022709503588638855,2,189
2026-09-25 17:25:17.375,2026-09-25 17:25:14.962,2.413,0.5,0.5,0.01830078125,0.05896853216082245,0.14220703125,0.08269067728454295,0.13447265625,0.11718220639745842,0.1605859375,0.11183293770968411,0.198671875,0.0747035940891412,0.22060546875,0.021360590798740524,0.22876953125,0.01740235802847964,0.11658203125,0.023726927539010977,2,190
2026-09-25 17:25:51.812,2026-09-25 17:25:49.958,1.854,0.5,0.5,0.01818359375,0.06175844206725802,0.14083984375,0.08688621277521617,0.133203125,0.12130177633392189,0.1590234375,0.11607931211063435,0.19681640625,0.07877868703148577,0.21994140625,0.022669867582582656,0.22837890625,0.018144551632857574,0.1164453125,0.02423653473407337,2,191
2026-09-25 17:26:26.252,2026-09-25 17:26:24.966,1.286,0.35,0.35,0.01802734375,0.06550642202268855,0.13908203125,0.0923407225663413,0.13177734375,0.1259754408351062,0.15751953125,0.12020603842903473,0.194453125,0.08402505765625683,0.2184375,0.025649667653516166,0.22732421875,0.020154833125787433,0.1156640625,0.027160103377404942,2,192
2026-09-25 17:26:59.417,2026-09-25 17:26:54.969,4.448,0.35,0.35,0.01798828125,0.06644849285175167,0.1391796875,0.09203589032114333,0.1318359375,0.12578237815937593,0.157734375,0.1196140998824134,0.195234375,0.08228369813840006,0.21958984375,0.02336461539109288,0.2288671875,0.017217007642881317,0.11638671875,0.024455121005898497,2,193
2026-09-25 17:27:32.577,2026-09-25 17:27:29.966,2.6109999999999998,0.35,0.35,0.01802734375,0.06550642202268855,0.13912109375,0.09221876399157088,0.131796875,0.1259110770733132,0.1576171875,0.11993687543194466,0.19498046875,0.08284887447971201,0.219140625,0.024253969134979722,0.22814453125,0.018590477382896726,0.11607421875,0.025622776172475818,2,194
2026-09-25 17:28:05.740,2026-09-25 17:28:04.967,0.773,0.5,0.5,0.0180078125,0.06597720199497129,0.1390625,0.09240171469928375,0.13154296875,0.12674855093139648,0.1575390625,0.12015219248241531,0.1955078125,0.08167586811349382,0.21966796875,0.023210130913909242,0.228671875,0.01758778755262504,0.1163671875,0.024528007551660527,2,195
2026-09-25 17:28:40.177,2026-09-25 17:28:39.973,0.204,0.35,0.35,0.01796875,0.06692029570304539,0.13869140625,0.09356219568739489,0.13130859375,0.12752303973567716,0.15734375,0.12069095260845346,0.19482421875,0.08319704123402663,0.219921875,0.022708435539794958,0.2290625,0.016846544017326666,0.1165625,0.023799691966072945,2,196
2026-09-25 17:29:13.339,2026-09-25 17:29:09.961,3.378,0.35,0.35,0.0180078125,0.06597720199497129,0.13861328125,0.09380690310725326,0.13130859375,0.12752303973567716,0.15736328125,0.12063704650996651,0.1939453125,0.08516069709743132,0.2186328125,0.0252615234844113,0.22798828125,0.018888015790974405,0.1159765625,0.025988313170659465,2,197
2026-09-25 17:29:46.508,2026-09-25 17:29:44.960,1.548,0.5,0.5,0.01798828125,0.06644849285175167,0.1388671875,0.09301210760637386,0.13158203125,0.12661960363772246,0.1574609375,0.12036761633698269,0.1953125,0.08210994559281248,0.21939453125,0.023751067171267192,0.22828125,0.018330298388139012,0.1164453125,0.02423653473407337,2,198
2026-09-25 17:30:20.946,2026-09-25 17:30:19.962,0.984,0.2,0.2,0.0178125,0.07071328472018451,0.13771484375,0.09663099365909761,0.1307421875,0.1294004429686425,0.1565234375,0.12296107205733413,0.1930859375,0.08708933946805447,0.21724609375,0.028024888833485927,0.2259375,0.02281222136392375,0.11505859375,0.02943948369469206,2,199
2026-09-25 17:30:52.832,2026-09-25 17:30:49.958,2.874,0.5,0.5,0.01791015625,0.06833878737857957,0.13791015625,0.09601549684136078,0.130859375,0.12901134828957445,0.1567578125,0.1223112547561951,0.19322265625,0.08678193651540282,0.218046875,0.026426998238528888,0.22748046875,0.019856425843135378,0.1162109375,0.025111540702135726,2,200
2026-09-25 17:31:27.281,2026-09-25 17:31:24.965,2.316,0.2,0.2,0.01810546875,0.06362838890410358,0.13650390625,0.10046666786231563,0.1312890625,0.1275876428569422,0.15720703125,0.12106848276241367,0.1930859375,0.08708933946805447,0.22365234375,0.015403411386361136,0.23595703125,0.003967616987285346,0.12142578125,0.0060476390625294925,2,201
2026-09-25 17:31:59.207,2026-09-25 17:31:54.965,4.242,0.2,0.2,0.01787109375,0.06928702898215236,0.135,0.10527797886530324,0.12884765625,0.13573966690994804,0.155390625,0.12611563570161713,0.19044921875,0.09306078915459216,0.22076171875,0.021053098454252715,0.23359375,0.008339321661987371,0.1194921875,0.013019033782025421,2,202
2026-09-25 17:32:31.095,2026-09-25 17:32:29.966,1.129,0.2,0.2,0.0180859375,0.06409713636666635,0.13791015625,0.09601549684136078,0.131015625,0.12849309705635276,0.157734375,0.1196140998824134,0.194921875,0.08297940430544136,0.2234765625,0.0157448826254731,0.2348828125,0.0059493018048990395,0.12,0.011177299407229738,2,203
2026-09-25 17:33:02.990,2026-09-25 17:32:59.964,3.026,0.35,0.35,0.0182421875,0.0603612468185073,0.1392578125,0.09179217848427458,0.13234375,0.1241127536677503,0.15865234375,0.11709395691967045,0.19736328125,0.07757362774148967,0.2241796875,0.014380605644182835,0.23474609375,0.00620216613920604,0.12037109375,0.009836338700009908,2,204
2026-09-25 17:33:36.153,2026-09-25 17:33:34.977,1.176,0.5,0.5,0.01837890625,0.05711849962134374,0.140390625,0.08827363989920393,0.1330859375,0.12168402175854223,0.15958984375,0.1145351996552028,0.19904296875,0.07389314400312207,0.22521484375,0.012379853916559184,0.2358203125,0.004219329796925261,0.12083984375,0.00814839041068446,2,205
2026-09-25 17:34:10.585,2026-09-25 17:34:09.960,0.625,0.5,0.5,0.01810546875,0.06362838890410358,0.13896484375,0.09270680391583698,0.131796875,0.1259110770733132,0.15796875,0.11896926757107047,0.19708984375,0.0781757394191041,0.22388671875,0.014948533647051118,0.23474609375,0.00620216613920604,0.12013671875,0.01068277940693758,2,206
2026-09-25 17:34:45.028,2026-09-25 17:34:44.985,0.043,0.5,0.5,0.01802734375,0.06550642202268855,0.13873046875,0.09343989366408509,0.1318359375,0.12578237815937593,0.15744140625,0.1204214890011842,0.19634765625,0.07981426303787853,0.22341796875,0.01585876606178928,0.23412109375,0.007359995986103208,0.1196875,0.01230974980613776,2,207
2026-09-25 17:35:19.472,2026-09-25 17:35:14.976,4.496,0.5,0.5,0.01798828125,0.06644849285175167,0.1377734375,0.09644625300466923,0.1308984375,0.12888172749114815,0.15669921875,0.12247361795152002,0.19328125,0.08665025897174826,0.21982421875,0.022901326718583546,0.2311328125,0.01293893637338629,0.1177734375,0.019311194290534035,2,208
2026-09-25 17:35:53.914,2026-09-25 17:35:49.959,3.955,0.2,0.2,0.017890625,0.06881264938075024,0.13697265625,0.09897786943735763,0.130234375,0.1310905598344331,0.1558984375,0.12469868670601066,0.1932421875,0.08673803956465005,0.220703125,0.021168382571702615,0.23173828125,0.011802758761021562,0.1184375,0.0168693138066882,2,209
2026-09-25 17:36:25.810,2026-09-25 17:36:24.960,0.85,0.35,0.35,0.01814453125,0.06269240905495892,0.139609375,0.09069716450253346,0.13236328125,0.1240486653503754,0.15814453125,0.11848627087783604,0.1958203125,0.08098224531577745,0.22041015625,0.02174526264134152,0.23078125,0.01360001901048632,0.1176953125,0.01959937909334701,2,210
2026-09-25 17:36:58.974,2026-09-25 17:36:54.964,4.01,0.2,0.2,0.01802734375,0.06550642202268855,0.1391015625,0.09227973899790529,0.13185546875,0.12571804300158057,0.157421875,0.12047536834892449,0.195625,0.08141562972645804,0.2205859375,0.02139904265426196,0.23080078125,0.013563265785575153,0.11787109375,0.018951231997317294,2,211
2026-09-25 17:37:30.872,2026-09-25 17:37:29.958,0.914,0.2,0.2,0.0181640625,0.06222517449466549,0.1410546875,0.08622422424533234,0.1337109375,0.11964925618854262,0.15943359375,0.11496061365459496,0.1984765625,0.07513075501853558,0.22140625,0.01978698881571837,0.2306640625,0.013820603700864579,0.1176953125,0.01959937909334701,2,212
2026-09-25 17:38:02.766,2026-09-25 17:37:59.965,2.801,0.5,0.5,0.0183203125,0.05850528466953618,0.14216796875,0.08280998895614589,0.13466796875,0.11655188047853225,0.16009765625,0.11315547506739511,0.19908203125,0.07380792138081105,0.22115234375,0.02028531874062237,0.23060546875,0.013930938074639226,0.11736328125,0.020826302417446613,2,213
2026-09-25 17:38:37.209,2026-09-25 17:38:34.962,2.247,0.2,0.2,0.01818359375,0.06175844206725802,0.1401171875,0.08912033599619237,0.132734375,0.12283278079339287,0.1582421875,0.11821817130644566,0.1967578125,0.07890799907112006,0.22119140625,0.020208615370252876,0.23068359375,0.013783831804487416,0.11779296875,0.019239177959732463,2,214
2026-09-25 17:39:09.102,2026-09-25 17:39:04.962,4.14,0.2,0.2,0.0182421875,0.0603612468185073,0.14166015625,0.0843640308743938,0.1340625,0.11850887614975184,0.16,0.11342046652225957,0.19837890625,0.07534449314081981,0.2205859375,0.02139904265426196,0.22974609375,0.015552404294510238,0.1172265625,0.021332515341851488,2,215
2026-09-25 17:39:40.995,2026-09-25 17:39:39.966,1.029,0.35,0.35,0.018359375,0.057580269448902,0.14275390625,0.08102374645216713,0.13533203125,0.11441558965699175,0.16109375,0.11046175787855494,0.19966796875,0.07253158479827031,0.22138671875,0.019825301592586157,0.22986328125,0.015330938465181035,0.1174609375,0.020465082666186574,2,216
2026-09-25 17:40:14.154,2026-09-25 17:40:09.980,4.174,0.35,0.35,0.01828125,0.05943227431049545,0.14216796875,0.08280998895614589,0.1345703125,0.11686692908277502,0.16046875,0.11214997956479329,0.1996484375,0.07257406897359432,0.22203125,0.01856276113570901,0.2305078125,0.014114891011399056,0.11763671875,0.019815643260104866,2,217
2026-09-25 17:40:47.327,2026-09-25 17:40:44.959,2.368,0.35,0.35,0.0181640625,0.06222517449466549,0.1412109375,0.08574341104160932,0.13373046875,0.11958582312308211,0.1596875,0.11426952736337752,0.19857421875,0.07491712203577175,0.22171875,0.01917444360570476,0.23033203125,0.014446202774627706,0.11755859375,0.02010416310589542,2,218
2026-09-25 17:41:20.495,2026-09-25 17:41:19.977,0.518,0.2,0.2,0.01830078125,0.05896853216082245,0.14171875,0.08418443428410126,0.13412109375,0.11831910359619548,0.160078125,0.11320846042485773,0.1978125,0.07658625291953255,0.220078125,0.022399987741386553,0.2280859375,0.018702030399110864,0.1162890625,0.02481967611997933,2,219
2026-09-25 17:41:52.383,2026-09-25 17:41:49.962,2.421,0.2,0.2,0.01826171875,0.05989651217608292,0.14234375,0.0822733443711983,0.13458984375,0.11680390107571237,0.16056640625,0.11188576194886662,0.199453125,0.07299913946059977,0.2212890625,0.02001691619172511,0.22955078125,0.015921765162073744,0.11708984375,0.021839318995817807,2,220
2026-09-25 17:42:24.280,2026-09-25 17:42:19.959,4.321,0.2,0.2,0.018359375,0.057580269448902,0.14287109375,0.08066737787481043,0.13517578125,0.114917301749645,0.16119140625,0.11019856504466907,0.199609375,0.07265904979411855,0.2209375,0.02070742960229816,0.2291015625,0.01677248919885014,0.1167578125,0.023072595727423383,2,221
2026-09-25 17:42:56.189,2026-09-25 17:42:54.962,1.227,0.2,0.2,0.0184765625,0.054816986646807855,0.144375,0.07611975012408984,0.136875,0.10949205783037655,0.16275390625,0.10600902832836093,0.202265625,0.06691790382997803,0.2216015625,0.019404046826439002,0.2293359375,0.01632842527273458,0.11708984375,0.021839318995817807,2,222
2026-09-25 17:43:28.088,2026-09-25 17:43:24.963,3.125,0.35,0.35,0.01841796875,0.0561964303112723,0.14419921875,0.07664883991367519,0.13662109375,0.11029843216255437,0.16263671875,0.10632184549571733,0.20283203125,0.06570344472169459,0.22255859375,0.017532496538727956,0.2307421875,0.013673534792617516,0.11763671875,0.019815643260104866,2,223
2026-09-25 17:44:01.269,2026-09-25 17:43:59.961,1.308,0.35,0.35,0.0183984375,0.05665722025572326,0.14384765625,0.07770895715749036,0.13619140625,0.11166648578548255,0.16216796875,0.10757537223076429,0.20109375,0.06944141169648223,0.22111328125,0.02036203566043031,0.22904296875,0.016883576162469806,0.11666015625,0.023435991683613364,2,224
2026-09-25 17:44:34.438,2026-09-25 17:44:29.964,4.474,0.5,0.5,0.01828125,0.05943227431049545,0.14234375,0.0822733443711983,0.13466796875,0.11655188047853225,0.16064453125,0.11167450353200316,0.19896484375,0.07406363943446215,0.22083984375,0.020899433885854957,0.2289453125,0.017068784268779325,0.11640625,0.024382246690448858,2,225
2026-09-26 02:04:48.866,2026-09-26 02:04:47.594,1.272,0.35,0.35,0.02119140625,-0.002753907751951931,0.17466796875,-0.0010790222505177285,0.17826171875,-0.0005130149506623233,0.2116015625,-0.0015554564261010169,0.24076171875,-0.0019623985599339154,0.23625,-0.0018175471072724306,0.24306640625,-0.0024403349055467775,0.12513671875,-0.001591892646623101,3,0
2026-09-26 02:05:22.062,2026-09-26 02:05:17.556,4.506,0.5,0.5,0.01984375,0.025782122484695878,0.161875,0.03195446610061776,0.1587890625,0.049724489985412616,0.186875,0.05241220818074725,0.2255859375,0.02631301319343668,0.2322265625,0.005642376431167245,0.23859375,0.00562554199070053,0.1223046875,0.008349768064341012,3,1
2026-09-26 02:05:56.504,2026-09-26 02:05:52.552,3.952,0.35,0.35,0.0190625,0.043226012765904515,0.151953125,0.05942461151208666,0.1456640625,0.08719265655419238,0.17171875,0.08914569540964878,0.21435546875,0.0484904685074408,0.22931640625,0.011119142998008027,0.23732421875,0.007942545173813856,0.12138671875,0.011621698367573872,3,2
2026-09-26 02:06:29.688,2026-09-26 02:06:27.552,2.136,0.35,0.35,0.01880859375,0.049049543308061765,0.14861328125,0.0690766244012242,0.14201171875,0.09822089093561553,0.1676171875,0.09964486462842989,0.21009765625,0.05720382879645343,0.22845703125,0.01274974114221072,0.23703125,0.008478998260391212,0.12109375,0.012671141846983541,3,3
2026-09-26 02:07:02.862,2026-09-26 02:07:02.584,0.278,0.5,0.5,0.018671875,0.052217938156496224,0.14732421875,0.07286010078583152,0.14060546875,0.10254286201543943,0.16609375,0.10361012330984254,0.20853515625,0.060445754698091485,0.22818359375,0.013269854356355313,0.236640625,0.009195301378247154,0.12078125,0.013793350434968899,3,4
2026-09-26 02:07:37.330,2026-09-26 02:07:32.567,4.763,0.5,0.5,0.0183203125,0.060472992053531814,0.142734375,0.08660566982127538,0.1359375,0.11720579596891867,0.161484375,0.11583290686983226,0.2025390625,0.07311624103255884,0.22615234375,0.01715317711914123,0.23595703125,0.010451681711971266,0.1200390625,0.01647027542487801,3,5
2026-09-26 02:08:11.768,2026-09-26 02:08:07.569,4.199,0.2,0.2,0.01818359375,0.06372614945125367,0.1411328125,0.09150625126977208,0.1344140625,0.1221003672945695,0.16009765625,0.11957843973846298,0.2003125,0.0779169852468576,0.2255859375,0.018242246821695743,0.2355078125,0.011279286509731487,0.11998046875,0.016682316025674097,3,6
2026-09-26 02:08:43.655,2026-09-26 02:08:42.649,1.006,0.2,0.2,0.01826171875,0.06186421956007858,0.1425390625,0.08720034947314609,0.13564453125,0.11814278550584638,0.1612109375,0.11656891028368574,0.20166015625,0.07500493709316117,0.225625,0.018167050824294984,0.2346875,0.012794646378972102,0.11951171875,0.0183823781485887,3,7
2026-09-26 02:09:15.577,2026-09-26 02:09:12.731,2.846,0.5,0.5,0.018359375,0.05954797683289768,0.14376953125,0.08346739077013617,0.1369140625,0.11409701761282215,0.16259765625,0.11284913264672544,0.20353515625,0.07098560152491087,0.22603515625,0.017378277926825766,0.234609375,0.012939242512121774,0.11958984375,0.018098571909504504,3,8
2026-09-26 02:09:50.015,2026-09-26 02:09:47.552,2.463,0.35,0.35,0.0181640625,0.06419288187866115,0.14099609375,0.09192716668843501,0.13412109375,0.12304798818527538,0.1599609375,0.11994947306466441,0.19984375,0.07893446595100229,0.22466796875,0.020013111258513294,0.23376953125,0.014496699059878446,0.118671875,0.021445066154488695,3,9
2026-09-26 02:10:23.190,2026-09-26 02:10:22.555,0.635,0.5,0.5,0.01810546875,0.06559609628809926,0.14154296875,0.09024594718349731,0.134609375,0.12146976680348988,0.1603125,0.11899602705734187,0.199921875,0.07876472020645192,0.2241015625,0.021109385503436707,0.2328515625,0.01620544854560647,0.118125,0.023451048852087306,3,10
2026-09-26 02:10:57.638,2026-09-26 02:10:57.562,0.076,0.5,0.5,0.01810546875,0.06559609628809926,0.1403125,0.09403788484252756,0.13349609375,0.12507651667563968,0.15927734375,0.12180940944878835,0.1990234375,0.08072081341517338,0.225546875,0.01831745584117595,0.2355859375,0.011135241904131274,0.11953125,0.018311409199676207,3,11
2026-09-26 02:11:32.082,2026-09-26 02:11:27.553,4.529,0.2,0.2,0.01806640625,0.06653409769356373,0.13935546875,0.09701023105110983,0.13279296875,0.12736999440536975,0.15865234375,0.1235169215907383,0.19794921875,0.08307124439257231,0.22564453125,0.018129457707465307,0.235703125,0.010919264536114399,0.11955078125,0.01824045184604997,3,12
2026-09-26 02:12:03.972,2026-09-26 02:12:02.557,1.415,0.2,0.2,0.0181640625,0.06419288187866115,0.14083984375,0.09240871294085157,0.13392578125,0.123680886114106,0.159765625,0.12048007115375993,0.19978515625,0.07906181881303695,0.22556640625,0.018279849703394083,0.23486328125,0.012469480993195916,0.1190234375,0.020160381458582656,3,13
2026-09-26 02:12:35.861,2026-09-26 02:12:32.554,3.307,0.35,0.35,0.0181640625,0.06419288187866115,0.1417578125,0.0895872446372379,0.13466796875,0.12128076506761218,0.1605859375,0.11825590238075197,0.20134765625,0.07567845779715919,0.22669921875,0.01610424660895152,0.23576171875,0.010811316116344167,0.11958984375,0.018098571909504504,3,14
2026-09-26 02:13:09.022,2026-09-26 02:13:07.581,1.441,0.35,0.35,0.01828125,0.061399981694491096,0.14240234375,0.08761711026643124,0.1351953125,0.11958344062137184,0.16099609375,0.11714807498138013,0.2013671875,0.07563633213808327,0.22623046875,0.01700317470614733,0.23533203125,0.011603561659582087,0.11923828125,0.019377163064336147,3,15
2026-09-26 02:13:42.212,2026-09-26 02:13:37.586,4.626,0.2,0.2,0.018203125,0.06325991807861496,0.141484375,0.09042576685975476,0.13439453125,0.12216347773308828,0.1601171875,0.11952546084459996,0.200390625,0.07774763664580236,0.22607421875,0.01730323135986814,0.23544921875,0.011387351325592798,0.1197265625,0.0176023568268224,3,16
2026-09-26 02:14:14.109,2026-09-26 02:14:12.556,1.553,0.2,0.2,0.01833984375,0.06001023816648538,0.14302734375,0.08571517436492447,0.1360546875,0.11683156545726328,0.1619140625,0.11467884427480937,0.20294921875,0.07223765259939777,0.22650390625,0.016478573887687867,0.23529296875,0.011675655697248169,0.11947265625,0.018524350847434968,3,17
2026-09-26 02:14:46.006,2026-09-26 02:14:42.578,3.428,0.5,0.5,0.018359375,0.05954797683289768,0.14375,0.08352639416427676,0.13658203125,0.11515150733924155,0.16251953125,0.11305785281506016,0.2037890625,0.07044416503524367,0.227421875,0.01472203428308572,0.23578125,0.01077533927153183,0.1198046875,0.01731905969877069,3,18
2026-09-26 02:15:20.447,2026-09-26 02:15:17.649,2.798,0.5,0.5,0.0182421875,0.062328954202502965,0.14203125,0.08875033828786454,0.1350390625,0.12008566037309276,0.160703125,0.11793909180239649,0.20171875,0.07487876816323588,0.227109375,0.015319207951468726,0.23603515625,0.010307911295396127,0.1203515625,0.015341137364315601,3,19
2026-09-26 02:15:54.887,2026-09-26 02:15:52.573,2.314,0.5,0.5,0.01830078125,0.0609362395448181,0.13875,0.09890125573123092,0.13359375,0.12475893385936448,0.1596875,0.12069249203444538,0.19798828125,0.082985550927041,0.22724609375,0.01505784342711013,0.2396875,0.0036392194341595373,0.1221875,0.008766091293445834,3,20
2026-09-26 02:16:29.328,2026-09-26 02:16:27.553,1.775,0.2,0.2,0.01767578125,0.076027251227393,0.13544921875,0.1093577430924719,0.13041015625,0.13523365934599815,0.1560546875,0.13068659551109146,0.191953125,0.0964298496135565,0.22267578125,0.02388128537698156,0.23484375,0.012505598460213544,0.119765625,0.01746068516289987,3,21
2026-09-26 02:17:01.233,2026-09-26 02:16:57.565,3.668,0.5,0.5,0.0178515625,0.07172963469876488,0.13685546875,0.1048720910082001,0.13146484375,0.13173544502273482,0.1568359375,0.12851782954640198,0.19412109375,0.09155230681997734,0.22302734375,0.023196158094290403,0.23447265625,0.013192401646019161,0.1193359375,0.019021621102683184,3,22
2026-09-26 02:17:35.679,2026-09-26 02:17:32.556,3.123,0.35,0.35,0.01791015625,0.07030649476257524,0.13716796875,0.10388154008548878,0.13138671875,0.1319936078966786,0.15716796875,0.1275993734981282,0.19439453125,0.09094099335219684,0.22322265625,0.02281599833445641,0.23484375,0.012505598460213544,0.11955078125,0.01824045184604997,3,23
2026-09-26 02:18:08.843,2026-09-26 02:18:07.559,1.284,0.35,0.35,0.01794921875,0.06936031904648507,0.137890625,0.10159950744997183,0.13203125,0.12986833963784483,0.15755859375,0.12652131788211887,0.195390625,0.08872131436313486,0.22359375,0.02209461029813892,0.23466796875,0.012830790899146363,0.11943359375,0.018666369972933142,3,24
2026-09-26 02:18:42.012,2026-09-26 02:18:37.559,4.453,0.5,0.5,0.01796875,0.0688880030870411,0.1383984375,0.10000306050461716,0.1324609375,0.12845725013741333,0.1580859375,0.12507017476953508,0.196328125,0.08664251750106147,0.22369140625,0.0219049703309742,0.2349609375,0.012288938699220537,0.11935546875,0.01895054762541086,3,25
2026-09-26 02:19:16.456,2026-09-26 02:19:12.571,3.885,0.5,0.5,0.0178515625,0.07172963469876488,0.1376953125,0.10221509151037682,0.13166015625,0.1310907084406894,0.1573828125,0.12700611177272395,0.19486328125,0.08989502520327951,0.2228515625,0.023538586631644227,0.2340625,0.013952765683674026,0.11890625,0.020588187582720994,3,26
2026-09-26 02:19:50.894,2026-09-26 02:19:47.635,3.259,0.5,0.5,0.017890625,0.07078035676474592,0.13787109375,0.10166102660609184,0.13171875,0.13089747396279489,0.1573828125,0.12700611177272395,0.19505859375,0.08945994754526994,0.22326171875,0.022740006298933847,0.23361328125,0.01478707565700838,0.11884765625,0.02080224877915362,3,27
2026-09-26 02:20:25.376,2026-09-26 02:20:22.550,2.826,0.5,0.5,0.0178125,0.07268099210418018,0.1371875,0.10381970560372944,0.131328125,0.13218733081204737,0.15728515625,0.12727567573265586,0.19412109375,0.09155230681997734,0.2222265625,0.024758301618106115,0.2328515625,0.01620544854560647,0.1183984375,0.022446899313633983,3,28
2026-09-26 02:20:59.815,2026-09-26 02:20:57.609,2.206,0.2,0.2,0.017890625,0.07078035676474592,0.13748046875,0.10289324329852739,0.13140625,0.131929052789625,0.15734375,0.12711391727952134,0.1946484375,0.0903741145865617,0.2222265625,0.024758301618106115,0.2325390625,0.016788687823330734,0.11794921875,0.02409780173692049,3,29
2026-09-26 02:21:31.700,2026-09-26 02:21:27.569,4.131,0.5,0.5,0.01794921875,0.06936031904648507,0.13857421875,0.09945180870828275,0.1321484375,0.12948304212751902,0.15794921875,0.12544593171446672,0.19583984375,0.08772398248019905,0.22279296875,0.023652789502592874,0.23255859375,0.016752212412239443,0.1182421875,0.02302041472468326,3,30
2026-09-26 02:22:06.148,2026-09-26 02:22:02.559,3.589,0.2,0.2,0.017890625,0.07078035676474592,0.13826171875,0.10043229617292539,0.13205078125,0.12980409964336292,0.1578125,0.12582201405049678,0.19591796875,0.08755076700999846,0.22265625,0.023919379713386292,0.23275390625,0.01638762669413268,0.11783203125,0.02452950602883307,3,31
2026-09-26 02:22:38.042,2026-09-26 02:22:37.565,0.477,0.5,0.5,0.01802734375,0.06747412940668422,0.13986328125,0.0954305347753586,0.13330078125,0.1257123798666871,0.158984375,0.12260896993588163,0.198203125,0.08251453887190666,0.22353515625,0.02220843403929717,0.23328125,0.015404771322096283,0.1181640625,0.023307456692768534,3,32
2026-09-26 02:23:12.484,2026-09-26 02:23:07.566,4.918,0.2,0.2,0.0180078125,0.06794490937896697,0.139296875,0.0971928739984586,0.13265625,0.12781735834358446,0.15861328125,0.12362386433491412,0.19787109375,0.08324268206652582,0.22517578125,0.019032591865847652,0.23521484375,0.011819879685922114,0.11927734375,0.019234911349371817,3,33
2026-09-26 02:23:44.374,2026-09-26 02:23:42.556,1.818,0.2,0.2,0.01818359375,0.06372614945125367,0.1409375,0.09210768396789024,0.13400390625,0.12342761625306983,0.15986328125,0.1202146910771227,0.199921875,0.07876472020645192,0.22623046875,0.01700317470614733,0.23572265625,0.01088327874814149,0.119453125,0.01859535460495495,3,34
2026-09-26 02:24:16.270,2026-09-26 02:24:12.561,3.709,0.2,0.2,0.01818359375,0.06372614945125367,0.1419921875,0.08886979764273772,0.13501953125,0.12014847869704745,0.16076171875,0.11778077313660415,0.20072265625,0.0770286408938756,0.22419921875,0.020920175165453466,0.2333984375,0.015186660754908779,0.11810546875,0.023522862739295713,3,35
2026-09-26 02:24:48.170,2026-09-26 02:24:47.565,0.605,0.2,0.2,0.01830078125,0.0609362395448181,0.1431640625,0.08530023386064765,0.135859375,0.11745546224880588,0.1618359375,0.11488844586280803,0.20193359375,0.07441646209539346,0.2239453125,0.021412293611202404,0.23267578125,0.016533424255519884,0.11798828125,0.023953995615771013,3,36
2026-09-26 02:25:20.060,2026-09-26 02:25:17.579,2.481,0.2,0.2,0.01828125,0.061399981694491096,0.14330078125,0.08488568942700155,0.13611328125,0.1166445710595829,0.16216796875,0.1139983369018321,0.2025,0.07320000889508164,0.2245703125,0.020201926739902825,0.23330078125,0.01536841195316859,0.1184765625,0.02216042537059275,3,37
2026-09-26 02:25:51.968,2026-09-26 02:25:47.571,4.397,0.5,0.5,0.0184375,0.05770383613452737,0.1448046875,0.08035162680823069,0.137578125,0.11199568828424149,0.16359375,0.11019670615429698,0.204296875,0.06936331289034438,0.22470703125,0.01993760804519666,0.233125,0.01569575591047168,0.11826171875,0.022948683866166414,3,38
2026-09-26 02:26:26.401,2026-09-26 02:26:22.564,3.8369999999999997,0.2,0.2,0.01828125,0.061399981694491096,0.1422265625,0.0881535339038506,0.13513671875,0.1197717049759868,0.1608984375,0.11741158720468424,0.203125,0.07186165812281942,0.2293359375,0.01108215500821408,0.23853515625,0.005732208940003333,0.12119140625,0.012321045510488822,3,39
2026-09-26 02:26:58.284,2026-09-26 02:26:57.609,0.675,0.35,0.35,0.01841796875,0.05816413769526794,0.14431640625,0.08181854194300989,0.1369140625,0.11409701761282215,0.1628515625,0.11217148403480438,0.20427734375,0.06940483442409202,0.22708984375,0.01535655858420756,0.2355859375,0.011135241904131274,0.11966796875,0.01781495101328345,3,40
2026-09-26 02:27:31.456,2026-09-26 02:27:27.586,3.87,0.35,0.35,0.018359375,0.05954797683289768,0.14287109375,0.08618987804044588,0.1359375,0.11720579596891867,0.1615625,0.11562284907521565,0.20228515625,0.07366102117489143,0.2269140625,0.015692858909648923,0.2358203125,0.010703394521611124,0.11958984375,0.018098571909504504,3,41
2026-09-26 02:28:04.628,2026-09-26 02:28:02.614,2.014,0.35,0.35,0.018359375,0.05954797683289768,0.14287109375,0.08618987804044588,0.1357421875,0.11783023098936689,0.1616015625,0.11551785826558955,0.20236328125,0.07349332371865068,0.22630859375,0.016853224085096697,0.235390625,0.011495443037745768,0.11939453125,0.018808435555457168,3,42
2026-09-26 02:28:37.799,2026-09-26 02:28:37.563,0.236,0.5,0.5,0.01826171875,0.06186421956007858,0.1425390625,0.08720034947314609,0.13568359375,0.1180177367051255,0.16123046875,0.1165162972262705,0.202109375,0.07403857737709399,0.2265625,0.016366241822940386,0.23603515625,0.010307911295396127,0.11998046875,0.016682316025674097,3,43
2026-09-26 02:29:12.252,2026-09-26 02:29:07.599,4.6530000000000005,0.2,0.2,0.01822265625,0.06279418668609635,0.14107421875,0.09168659364148386,0.13423828125,0.12266869167042078,0.15966796875,0.12074561349275924,0.20044921875,0.07762066851687484,0.226953125,0.015618102995546947,0.23669921875,0.009087780565178042,0.1208984375,0.013372182325119455,3,44
2026-09-26 02:29:44.149,2026-09-26 02:29:42.572,1.577,0.5,0.5,0.01822265625,0.06279418668609635,0.14181640625,0.08940777174457977,0.1351171875,0.11983447790113803,0.160546875,0.11836155728503253,0.2009765625,0.07647962265916682,0.22513671875,0.019107937889961638,0.234375,0.013373319991440423,0.11958984375,0.018098571909504504,3,45
2026-09-26 02:30:18.586,2026-09-26 02:30:17.567,1.019,0.2,0.2,0.018046875,0.06700385921248961,0.14029296875,0.09409834206847659,0.133671875,0.1245050347104181,0.159375,0.12154321607122182,0.19857421875,0.0817021738645591,0.22236328125,0.02449119609869729,0.2315625,0.0186163754038123,0.11828125,0.022876964853221066,3,46
2026-09-26 02:30:50.493,2026-09-26 02:30:47.559,2.934,0.5,0.5,0.0180859375,0.06606484375066199,0.14109375,0.09162647119632622,0.1344140625,0.1221003672945695,0.16005859375,0.119684416918565,0.19919921875,0.08033740563735282,0.222578125,0.024071790482419624,0.2317578125,0.018250222037630257,0.11818359375,0.023235678412809546,3,47
2026-09-26 02:31:24.936,2026-09-26 02:31:22.563,2.373,0.35,0.35,0.01796875,0.0688880030870411,0.13984375,0.09549118619392004,0.13359375,0.12475893385936448,0.15908203125,0.12234228618055475,0.19767578125,0.08367157256346386,0.22099609375,0.02716967275911148,0.2303515625,0.020893442597277496,0.11736328125,0.026260627331998722,3,48
2026-09-26 02:31:58.102,2026-09-26 02:31:57.558,0.544,0.35,0.35,0.01796875,0.0688880030870411,0.13986328125,0.0954305347753586,0.1332421875,0.12590332050810235,0.1589453125,0.12271568930781648,0.19708984375,0.08496079124789144,0.220390625,0.028361153566530187,0.229765625,0.021999550204033515,0.11650390625,0.029452383338876738,3,49
2026-09-26 02:32:31.278,2026-09-26 02:32:27.595,3.683,0.2,0.2,0.0179296875,0.06983314923135392,0.13927734375,0.09725377205393285,0.1328515625,0.12717840798277746,0.15841796875,0.12415897342417859,0.19619140625,0.0869450563373318,0.2205078125,0.028130289124890975,0.22986328125,0.021815003189866938,0.1167578125,0.028506920641975502,3,50
2026-09-26 02:33:03.172,2026-09-26 02:33:02.596,0.576,0.5,0.5,0.0180859375,0.06606484375066199,0.13892578125,0.09835139980392496,0.13279296875,0.12736999440536975,0.15916015625,0.122129057021047,0.19810546875,0.08272857193616837,0.226328125,0.01681574451813471,0.2375,0.007620991102349139,0.12056640625,0.014566554378127912,3,51
2026-09-26 02:33:37.633,2026-09-26 02:33:37.600,0.033,0.2,0.2,0.01783203125,0.07220505289829732,0.1366796875,0.1054302703548879,0.1312890625,0.13231652744602215,0.15685546875,0.12846374891848783,0.1936328125,0.09264608285246766,0.2232421875,0.02277800065457714,0.23494140625,0.012325041154198104,0.11955078125,0.01824045184604997,3,52
2026-09-26 02:34:09.525,2026-09-26 02:34:07.662,1.863,0.35,0.35,0.01794921875,0.06936031904648507,0.13818359375,0.1006777643054477,0.13228515625,0.12903395997311945,0.157734375,0.12603706455348124,0.19619140625,0.0869450563373318,0.22416015625,0.020995849408876104,0.2352734375,0.01171170720450365,0.120078125,0.01632897251752993,3,53
2026-09-26 02:34:42.949,2026-09-26 02:34:42.559,0.39,0.5,0.5,0.01802734375,0.06747412940668422,0.1392578125,0.09731467864991002,0.13291015625,0.12698690604012727,0.1585546875,0.1237843278438163,0.197109375,0.0849177555760628,0.22470703125,0.01993760804519666,0.2356640625,0.010991245058679731,0.12005859375,0.01639961822438002,3,54
2026-09-26 02:35:17.437,2026-09-26 02:35:12.567,4.87,0.35,0.35,0.0178515625,0.07172963469876488,0.137578125,0.10258486120653625,0.13154296875,0.13147743552047636,0.157421875,0.12689833301999234,0.19478515625,0.09006917838131372,0.223125,0.02300603661775973,0.23384765625,0.014351583535379553,0.11892578125,0.020516857290714823,3,55
2026-09-26 02:35:50.622,2026-09-26 02:35:47.623,2.999,0.35,0.35,0.01802734375,0.06747412940668422,0.13884765625,0.09859569427353806,0.1323046875,0.12896984327086927,0.15822265625,0.12469474265312348,0.19640625,0.08646973274369842,0.224296875,0.020731047225390445,0.23427734375,0.013554313735215833,0.11908203125,0.019946636323317408,3,56
2026-09-26 02:36:23.790,2026-09-26 02:36:22.593,1.197,0.5,0.5,0.01796875,0.0688880030870411,0.13900390625,0.0981072426748501,0.13244140625,0.12852129120247116,0.15818359375,0.12480197585907657,0.1968359375,0.08552064340184985,0.22400390625,0.021298678311168343,0.23384765625,0.014351583535379553,0.11845703125,0.022232026142645665,3,57
2026-09-26 02:36:58.233,2026-09-26 02:36:57.638,0.595,0.2,0.2,0.01806640625,0.06653409769356373,0.13919921875,0.09749744970482192,0.13263671875,0.12788130511273535,0.15828125,0.12453394247285889,0.19783203125,0.08332842628830549,0.226953125,0.015618102995546947,0.2369921875,0.008550575431035832,0.120234375,0.01576422018579629,3,58
2026-09-26 02:37:30.129,2026-09-26 02:37:27.561,2.568,0.5,0.5,0.0181640625,0.06419288187866115,0.14017578125,0.09446126226945954,0.13341796875,0.12533075024467555,0.1590625,0.12239560983239937,0.19904296875,0.08067819583190944,0.22662109375,0.01625393880583312,0.23630859375,0.009805089311784237,0.120078125,0.01632897251752993,3,59
2026-09-26 02:38:04.570,2026-09-26 02:38:02.560,2.01,0.35,0.35,0.0180078125,0.06794490937896697,0.1393359375,0.09707110349944033,0.1328125,0.12730612287324444,0.15849609375,0.1239448506628322,0.19791015625,0.08315695477017496,0.2255078125,0.01839267788724669,0.235625,0.011063237513366457,0.11970703125,0.017673209993127405,3,60
2026-09-26 02:38:37.731,2026-09-26 02:38:37.548,0.183,0.35,0.35,0.018046875,0.06700385921248961,0.1398046875,0.09561251444779008,0.13310546875,0.12634917540878837,0.15873046875,0.12330311507225229,0.1987109375,0.0814032641262639,0.22642578125,0.01662839518521617,0.2365234375,0.009410422896013045,0.12078125,0.013793350434968899,3,61
2026-09-26 02:39:10.902,2026-09-26 02:39:07.636,3.266,0.2,0.2,0.01802734375,0.06747412940668422,0.1396875,0.09597670271391436,0.13302734375,0.126604155296872,0.15880859375,0.12308941376057006,0.1975390625,0.08397204812507411,0.22380859375,0.02167751162366059,0.2332421875,0.015477499193304201,0.1189453125,0.0204455387123621,3,62
2026-09-26 02:39:42.788,2026-09-26 02:39:42.639,0.149,0.5,0.5,0.01806640625,0.06653409769356373,0.14072265625,0.09277022335176746,0.13392578125,0.123680886114106,0.1596875,0.12069249203444538,0.1990234375,0.08072081341517338,0.223984375,0.021336546775411937,0.23302734375,0.01587772033342249,0.11904296875,0.020089121390836663,3,63
2026-09-26 02:40:17.229,2026-09-26 02:40:12.551,4.678,0.35,0.35,0.01794921875,0.06936031904648507,0.1391796875,0.09755839048677878,0.13283203125,0.1272422607333009,0.158515625,0.12389133646377454,0.19708984375,0.08496079124789144,0.2223828125,0.02445305157433008,0.23169921875,0.01836003563724691,0.11814453125,0.023379246837886673,3,64
2026-09-26 02:40:50.391,2026-09-26 02:40:47.609,2.782,0.2,0.2,0.01798828125,0.06841620023574736,0.14,0.09500621184770675,0.13333984375,0.1255851327278034,0.15884765625,0.12298260252493494,0.1976171875,0.08380032234905123,0.22216796875,0.02487282572070884,0.2317578125,0.018250222037630257,0.1183203125,0.022733562348400523,3,65
2026-09-26 02:41:22.288,2026-09-26 02:41:17.561,4.727,0.2,0.2,0.01798828125,0.06841620023574736,0.13998046875,0.09506680403223523,0.133515625,0.12501298153078155,0.15916015625,0.122129057021047,0.1978515625,0.08328555206131937,0.221171875,0.026824370356793494,0.23044921875,0.020709364909656112,0.11728515625,0.026549819606312593,3,66
2026-09-26 02:41:54.178,2026-09-26 02:41:52.557,1.621,0.5,0.5,0.01814453125,0.06466011643895458,0.14171875,0.08970693444973668,0.135,0.12021130610864386,0.16052734375,0.11841439437760978,0.19974609375,0.07914674147304622,0.2219921875,0.025216579341147346,0.230859375,0.019937089493828716,0.1174609375,0.025899407580738706,3,67
2026-09-26 02:42:28.617,2026-09-26 02:42:27.552,1.065,0.2,0.2,0.0179296875,0.06983314923135392,0.13966796875,0.09603743046090592,0.13330078125,0.1257123798666871,0.1587890625,0.12314282923101474,0.196953125,0.08526216041719148,0.220546875,0.028053361574977127,0.230078125,0.021409275587982435,0.11712890625,0.027128782507458035,3,68
2026-09-26 02:43:00.543,2026-09-26 02:42:57.558,2.985,0.35,0.35,0.018046875,0.06700385921248961,0.14087890625,0.09228827631170945,0.13423828125,0.12266869167042078,0.159921875,0.12005554083461491,0.1984765625,0.08191580684732287,0.220859375,0.027438431232376905,0.2298046875,0.02192572198763759,0.11658203125,0.02916125245356313,3,69
2026-09-26 02:43:33.707,2026-09-26 02:43:32.560,1.147,0.2,0.2,0.0180078125,0.06794490937896697,0.1404296875,0.09367531811889289,0.13384765625,0.12393430376208611,0.15962890625,0.1208518759062826,0.19771484375,0.08358576057308319,0.22029296875,0.02855363439311009,0.22951171875,0.022479739771536944,0.11638671875,0.02988944592045061,3,70
2026-09-26 02:44:05.600,2026-09-26 02:44:02.560,3.04,0.35,0.35,0.01798828125,0.06841620023574736,0.14115234375,0.09144615378376979,0.1346875,0.12121778276282444,0.1603515625,0.1188902177056422,0.19865234375,0.08153134310932146,0.2201171875,0.028900315003752335,0.2290234375,0.023404676190286758,0.1160546875,0.031130183877592157,3,71
2026-09-26 02:44:38.777,2026-09-26 02:44:37.554,1.223,0.35,0.35,0.0180078125,0.06794490937896697,0.14048828125,0.09349414820098925,0.1340625,0.1232377607388317,0.15966796875,0.12074561349275924,0.19783203125,0.08332842628830549,0.2200390625,0.02905448415052689,0.2290625,0.02333060874201255,0.115859375,0.031861688988893,3,72
2026-09-26 02:45:11.953,2026-09-26 02:45:07.570,4.383,0.2,0.2,0.0179296875,0.06983314923135392,0.1392578125,0.09731467864991002,0.13291015625,0.12698690604012727,0.15861328125,0.12362386433491412,0.196796875,0.08560683859552434,0.2210546875,0.02705454145054963,0.23041015625,0.020782986622309648,0.11693359375,0.027853573199552582,3,73
2026-09-26 02:45:43.850,2026-09-26 02:45:42.564,1.286,0.2,0.2,0.018203125,0.06325991807861496,0.13951171875,0.09652355837723321,0.1331640625,0.12615803868660835,0.1597265625,0.12058626860676576,0.1985546875,0.08174489205491502,0.22564453125,0.018129457707465307,0.236875,0.00876537775108696,0.12009765625,0.016258338300589065,3,74
2026-09-26 02:46:15.740,2026-09-26 02:46:12.558,3.182,0.5,0.5,0.018125,0.06512785421373431,0.138125,0.10086195649675889,0.1326171875,0.127945261298979,0.15908203125,0.12234228618055475,0.19681640625,0.0855637388602731,0.22638671875,0.016703325220237045,0.2387890625,0.005270174585303786,0.12181640625,0.010087087294105833,3,75
2026-09-26 02:46:50.217,2026-09-26 02:46:47.562,2.6550000000000002,0.2,0.2,0.0178125,0.07268099210418018,0.13669921875,0.10536821498836052,0.131171875,0.1327043481134696,0.1567578125,0.12873421942726296,0.19353515625,0.09286516901052315,0.223203125,0.02285399933915346,0.2351953125,0.011855943167936091,0.11962890625,0.01795673830866737,3,76
2026-09-26 02:47:22.119,2026-09-26 02:47:17.585,4.534,0.2,0.2,0.0179296875,0.06983314923135392,0.13779296875,0.10190719041140896,0.13197265625,0.13006111665450573,0.15748046875,0.12673671502572995,0.19544921875,0.08859109763678734,0.2241015625,0.021109385503436707,0.2352734375,0.01171170720450365,0.11986328125,0.01710670806130557,3,77
2026-09-26 02:47:54.011,2026-09-26 02:47:52.565,1.446,0.2,0.2,0.018125,0.06512785421373431,0.14013671875,0.09458230309574561,0.13392578125,0.123680886114106,0.159140625,0.12218235449695637,0.19890625,0.08097660677600077,0.2252734375,0.018844283974980322,0.235546875,0.011207258234932804,0.12,0.016611624321781877,3,78
2026-09-26 02:48:25.897,2026-09-26 02:48:22.551,3.346,0.2,0.2,0.01818359375,0.06372614945125367,0.14095703125,0.09204750320400215,0.13451171875,0.12178495259416061,0.15978515625,0.12042698216379057,0.199609375,0.07944410162290587,0.2253515625,0.018693696427735405,0.235546875,0.011207258234932804,0.1198828125,0.017035947249433633,3,79
2026-09-26 02:48:57.788,2026-09-26 02:48:57.573,0.215,0.35,0.35,0.018359375,0.05954797683289768,0.14333984375,0.0847673208021469,0.13642578125,0.11564862512928005,0.1618359375,0.11488844586280803,0.20263671875,0.07290689203746946,0.226015625,0.017415806073913596,0.23583984375,0.010667426615515518,0.11994140625,0.016823733963069364,3,80
2026-09-26 02:49:30.960,2026-09-26 02:49:27.558,3.402,0.35,0.35,0.018203125,0.06325991807861496,0.1415625,0.09018602383301887,0.134921875,0.12046270668405956,0.1602734375,0.1191018621941891,0.20056640625,0.07736684356406028,0.2251953125,0.018994923755159872,0.23541015625,0.011459409477724784,0.11978515625,0.017389866657744453,3,81
2026-09-26 02:50:04.128,2026-09-26 02:50:02.552,1.576,0.5,0.5,0.01822265625,0.06279418668609635,0.1418359375,0.08934796392490199,0.13509765625,0.11989725990079975,0.16064453125,0.11809746820307104,0.20095703125,0.07652183019911003,0.22578125,0.01786639696534864,0.23578125,0.01077533927153183,0.120078125,0.01632897251752993,3,82
2026-09-26 02:50:38.564,2026-09-26 02:50:37.553,1.011,0.35,0.35,0.018046875,0.06700385921248961,0.1396875,0.09597670271391436,0.1333203125,0.12564875163686065,0.1590234375,0.12250227678170221,0.1978515625,0.08328555206131937,0.224375,0.020579804151633768,0.23484375,0.012505598460213544,0.1194921875,0.01845335869657754,3,83
2026-09-26 02:51:11.736,2026-09-26 02:51:07.560,4.176,0.35,0.35,0.01806640625,0.06653409769356373,0.13962890625,0.09615891143565701,0.1333984375,0.12539433189794819,0.15912109375,0.12223565851444011,0.1981640625,0.08260013944021445,0.22455078125,0.020239699688994094,0.23521484375,0.011819879685922114,0.11984375,0.01717748040431288,3,84
2026-09-26 02:51:44.907,2026-09-26 02:51:42.563,2.344,0.2,0.2,0.01806640625,0.06653409769356373,0.13947265625,0.0966451754270068,0.1333203125,0.12564875163686065,0.15873046875,0.12330311507225229,0.197734375,0.0835428609353832,0.223984375,0.021336546775411937,0.2345703125,0.013011558636159227,0.1193359375,0.019021621102683184,3,85
2026-09-26 02:52:16.793,2026-09-26 02:52:12.555,4.2379999999999995,0.5,0.5,0.018203125,0.06325991807861496,0.14125,0.09114579103446871,0.134453125,0.12197417392395805,0.16013671875,0.11947248841275981,0.200234375,0.07808639990939341,0.225234375,0.018919597333688684,0.2353515625,0.011567519128178093,0.11974609375,0.017531515218003127,3,86
2026-09-26 02:52:51.251,2026-09-26 02:52:47.557,3.694,0.5,0.5,0.01810546875,0.06559609628809926,0.1398828125,0.09536989182589142,0.1331640625,0.12615803868660835,0.15888671875,0.12287581755220539,0.19826171875,0.0823861696463098,0.22455078125,0.020239699688994094,0.2343359375,0.013445708437629045,0.1192578125,0.01930603138259442,3,87
2026-09-26 02:53:25.694,2026-09-26 02:53:22.571,3.123,0.2,0.2,0.0180078125,0.06794490937896697,0.13853515625,0.09957424865324463,0.1321484375,0.12948304212751902,0.158125,0.12496287532935904,0.1962109375,0.0869018235980693,0.2235546875,0.02217048947748865,0.23345703125,0.015077646534722934,0.1184375,0.022303638721240273,3,88
2026-09-26 02:53:57.603,2026-09-26 02:53:52.553,5.05,0.5,0.5,0.01802734375,0.06747412940668422,0.13953125,0.09646276262128554,0.132890625,0.12705073063894928,0.1586328125,0.12357038967106482,0.19767578125,0.08367157256346386,0.224140625,0.021033691475898043,0.23400390625,0.014061497872492317,0.11857421875,0.021802598472288503,3,89
2026-09-26 02:54:32.036,2026-09-26 02:54:27.554,4.482,0.35,0.35,0.018046875,0.06700385921248961,0.139375,0.09694936713370891,0.1325390625,0.12820118027038183,0.15859375,0.12367734558390758,0.19798828125,0.082985550927041,0.22595703125,0.01752840997633858,0.2362890625,0.009840985867733305,0.11994140625,0.016823733963069364,3,90
2026-09-26 02:55:05.214,2026-09-26 02:55:02.553,2.661,0.35,0.35,0.018046875,0.06700385921248961,0.13955078125,0.0964019753747865,0.13287109375,0.12711456461891335,0.15849609375,0.1239448506628322,0.1979296875,0.08311409746694746,0.22546875,0.018467912964421088,0.2356640625,0.010991245058679731,0.1195703125,0.01816950608392161,3,91
2026-09-26 02:55:38.400,2026-09-26 02:55:37.560,0.84,0.2,0.2,0.0180859375,0.06606484375066199,0.1400390625,0.09488505283397543,0.13353515625,0.12494945567944273,0.1592578125,0.12186266770894491,0.19884765625,0.08110455997562113,0.2255859375,0.018242246821695743,0.23517578125,0.011892009644882713,0.119765625,0.01746068516289987,3,92
2026-09-26 02:56:10.303,2026-09-26 02:56:07.563,2.74,0.35,0.35,0.0181640625,0.06419288187866115,0.14107421875,0.09168659364148386,0.13451171875,0.12178495259416061,0.1601171875,0.11952546084459996,0.20009765625,0.07838303468438598,0.22580078125,0.01782882986339159,0.23490234375,0.012397255068881242,0.1196484375,0.017885838874683563,3,93
2026-09-26 02:56:43.477,2026-09-26 02:56:42.554,0.923,0.35,0.35,0.018203125,0.06325991807861496,0.1416796875,0.08982665725735998,0.13490234375,0.12052557957333385,0.1605078125,0.11846723789923037,0.200703125,0.07707090182729119,0.22576171875,0.017903967317195516,0.23490234375,0.012397255068881242,0.1196875,0.017744074720689916,3,94
2026-09-26 02:57:16.658,2026-09-26 02:57:12.571,4.087,0.2,0.2,0.018125,0.06512785421373431,0.14076171875,0.09264968644233336,0.13412109375,0.12304798818527538,0.1596875,0.12069249203444538,0.19927734375,0.0801671107692152,0.22470703125,0.01993760804519666,0.23404296875,0.013989006721947918,0.1194140625,0.018737396955167386,3,95
2026-09-26 02:57:48.570,2026-09-26 02:57:47.557,1.013,0.35,0.35,0.0183203125,0.060472992053531814,0.14271484375,0.08666510115655847,0.1357421875,0.11783023098936689,0.16166015625,0.11536041962623506,0.20203125,0.0742064855492622,0.22599609375,0.017453337464154565,0.23439453125,0.01333713029249834,0.1196875,0.017744074720689916,3,96
2026-09-26 02:58:21.739,2026-09-26 02:58:17.552,4.187,0.2,0.2,0.0181640625,0.06419288187866115,0.14158203125,0.09012610874954066,0.13470703125,0.12115480959053929,0.16052734375,0.11841439437760978,0.2005859375,0.07732455382432159,0.2244140625,0.02050420236157369,0.2335546875,0.014896016954934043,0.11923828125,0.019377163064336147,3,97
2026-09-26 02:58:53.657,2026-09-26 02:58:52.558,1.099,0.2,0.2,0.01826171875,0.06186421956007858,0.14244140625,0.08749799493877733,0.1356640625,0.11808025660473727,0.161328125,0.11625332750470072,0.20171875,0.07487876816323588,0.22470703125,0.01993760804519666,0.2332421875,0.015477499193304201,0.119140625,0.019732996334470402,3,98
2026-09-26 02:59:25.560,2026-09-26 02:59:22.592,2.968,0.2,0.2,0.01830078125,0.0609362395448181,0.1436328125,0.08388058296893193,0.13671875,0.1147169955652239,0.1625,0.11311004853435898,0.2036328125,0.07077727683059948,0.22546875,0.018467912964421088,0.23408203125,0.01391652766939265,0.1194921875,0.01845335869657754,3,99
2026-09-26 02:59:57.446,2026-09-26 02:59:52.570,4.876,0.5,0.5,0.018359375,0.05954797683289768,0.14388671875,0.08311353864689144,0.13712890625,0.11341606254480582,0.1627734375,0.11237987870382371,0.2037109375,0.07061068899506892,0.2250390625,0.019296360159351024,0.2333203125,0.015332055628012105,0.119140625,0.019732996334470402,3,100
2026-09-26 03:00:31.887,2026-09-26 03:00:27.553,4.334,0.2,0.2,0.01826171875,0.06186421956007858,0.14251953125,0.08725986224910813,0.135703125,0.11795522580441971,0.16125,0.11646369054194676,0.2015625,0.07521530013040721,0.22470703125,0.01993760804519666,0.2337890625,0.014460415632654605,0.1196875,0.017744074720689916,3,101
2026-09-26 03:01:03.782,2026-09-26 03:01:02.558,1.224,0.2,0.2,0.01826171875,0.06186421956007858,0.143125,0.08541874784198156,0.13626953125,0.11614631260033702,0.16177734375,0.11504571346615731,0.20228515625,0.07366102117489143,0.22421875,0.02088234298790417,0.23283203125,0.016241878062207435,0.11880859375,0.020945014882314116,3,102
2026-09-26 03:01:35.669,2026-09-26 03:01:32.560,3.109,0.2,0.2,0.01828125,0.061399981694491096,0.14337890625,0.08464898443032395,0.13658203125,0.11515150733924155,0.1623828125,0.11342335465488698,0.202890625,0.07236305646433473,0.22388671875,0.02152593864178759,0.23275390625,0.01638762669413268,0.1187890625,0.02101641553712406,3,103
2026-09-26 03:02:07.601,2026-09-26 03:02:02.629,4.9719999999999995,0.35,0.35,0.0183984375,0.058624927639718966,0.14458984375,0.08099645911957368,0.13796875,0.11076434500996858,0.16341796875,0.11066360583937061,0.2038671875,0.0702777049021582,0.2240234375,0.021260813148591177,0.23240234375,0.01704410151465157,0.11853515625,0.021945693854770312,3,104
2026-09-26 03:02:40.769,2026-09-26 03:02:37.607,3.162,0.35,0.35,0.01826171875,0.06186421956007858,0.14337890625,0.08464898443032395,0.136484375,0.11546213926858748,0.1621875,0.11394603432070023,0.20224609375,0.07374489419212842,0.2229296875,0.023386362836919534,0.2317578125,0.018250222037630257,0.11826171875,0.022948683866166414,3,105
2026-09-26 03:03:13.940,2026-09-26 03:03:12.589,1.351,0.2,0.2,0.0182421875,0.062328954202502965,0.14353515625,0.08417596112212836,0.136640625,0.11496523477284189,0.16220703125,0.11389373803766967,0.20185546875,0.07458451645829275,0.2225390625,0.024148015929197682,0.2308203125,0.020010580395417598,0.11775390625,0.024817547479884794,3,106
2026-09-26 03:03:45.826,2026-09-26 03:03:42.653,3.173,0.5,0.5,0.01826171875,0.06186421956007858,0.1433203125,0.08482650108184649,0.1366015625,0.11508940760625483,0.16236328125,0.11347559432318881,0.201953125,0.07437445866367608,0.222265625,0.024681968990806505,0.23095703125,0.01975341662921609,0.11744140625,0.025971627499738248,3,107
2026-09-26 03:04:20.260,2026-09-26 03:04:17.566,2.694,0.5,0.5,0.0181640625,0.06419288187866115,0.1419140625,0.0891088149750797,0.135234375,0.11945797637612451,0.1608203125,0.11762251216361569,0.2003515625,0.07783230269186504,0.22240234375,0.02441491039994091,0.2312890625,0.01912950929308383,0.1177734375,0.024745519205086147,3,108
2026-09-26 03:04:54.712,2026-09-26 03:04:52.618,2.094,0.2,0.2,0.01794921875,0.06936031904648507,0.14013671875,0.09458230309574561,0.13361328125,0.12469544515493115,0.15939453125,0.12148999696915123,0.19771484375,0.08358576057308319,0.2208984375,0.02736162612440361,0.23013671875,0.021298688357769865,0.1166015625,0.02908850021586832,3,109
2026-09-26 03:05:26.623,2026-09-26 03:05:22.573,4.05,0.35,0.35,0.01810546875,0.06559609628809926,0.14111328125,0.09156635707319012,0.13462890625,0.12140675708529396,0.1602734375,0.1191018621941891,0.19904296875,0.08067819583190944,0.22068359375,0.027784222407112376,0.2296875,0.022147244298945584,0.1165234375,0.02937958231919357,3,110
2026-09-26 03:05:59.805,2026-09-26 03:05:57.550,2.255,0.5,0.5,0.0180078125,0.06794490937896697,0.14052734375,0.09337341022915156,0.13419921875,0.12279508703857236,0.15998046875,0.11989644889245972,0.19826171875,0.0823861696463098,0.22001953125,0.029093034990009228,0.22904296875,0.0233676408871557,0.116015625,0.03127638636404391,3,111
2026-09-26 03:06:34.262,2026-09-26 03:06:32.563,1.6989999999999998,0.2,0.2,0.01798828125,0.06841620023574736,0.13986328125,0.0954305347753586,0.1335546875,0.12488593911890497,0.1592578125,0.12186266770894491,0.19732421875,0.08444464443237544,0.21974609375,0.0296331063641602,0.22970703125,0.022110316066118338,0.1162109375,0.030545865616687876,3,112
2026-09-26 03:07:06.151,2026-09-26 03:07:02.565,3.586,0.5,0.5,0.01798828125,0.06841620023574736,0.14044921875,0.09361491974845933,0.13416015625,0.12292151920304702,0.1599609375,0.11994947306466441,0.1980859375,0.0827713912097454,0.22025390625,0.028630650616383993,0.2299609375,0.021630534562915076,0.116328125,0.03010814226509889,3,113
2026-09-26 03:07:40.588,2026-09-26 03:07:37.576,3.012,0.2,0.2,0.01798828125,0.06841620023574736,0.13953125,0.09646276262128554,0.133359375,0.12552152313678472,0.15890625,0.12282243491039477,0.19701171875,0.08513297659335364,0.22115234375,0.0268627237353589,0.23017578125,0.02122497917872274,0.11771484375,0.024961639877325817,3,114
2026-09-26 03:08:12.503,2026-09-26 03:08:07.567,4.936,0.35,0.35,0.0180078125,0.06794490937896697,0.14060546875,0.09313203493773423,0.1341015625,0.12311123648974945,0.15986328125,0.1202146910771227,0.1983203125,0.08225783835301355,0.22087890625,0.02740002698051444,0.22884765625,0.02373813611684538,0.11693359375,0.027853573199552582,3,115
2026-09-26 03:08:45.672,2026-09-26 03:08:42.568,3.104,0.5,0.5,0.0179296875,0.06983314923135392,0.1398046875,0.09561251444779008,0.13357421875,0.12482243184645085,0.15919921875,0.1220224816875297,0.19703125,0.08508992385657461,0.21966796875,0.02978753590864575,0.2288671875,0.02370107236756723,0.11611328125,0.030910972390527012,3,116
2026-09-26 03:09:20.109,2026-09-26 03:09:17.574,2.535,0.35,0.35,0.0178515625,0.07172963469876488,0.1391015625,0.09780223916354074,0.13296875,0.1267954885029493,0.1587109375,0.12335655683469011,0.19587890625,0.08763736610936881,0.2186328125,0.031838928479147835,0.2282421875,0.024888684064816535,0.115390625,0.033622344705325526,3,117
2026-09-26 03:09:53.272,2026-09-26 03:09:52.558,0.714,0.2,0.2,0.01798828125,0.06841620023574736,0.13984375,0.09549118619392004,0.133359375,0.12552152313678472,0.15890625,0.12282243491039477,0.1969921875,0.08517603359848516,0.22154296875,0.026096298967660785,0.2291796875,0.02310848215875242,0.11767578125,0.02510578009833142,3,118
2026-09-26 03:10:25.176,2026-09-26 03:10:22.596,2.58,0.35,0.35,0.0180078125,0.06794490937896697,0.14087890625,0.09228827631170945,0.1341015625,0.12311123648974945,0.15986328125,0.1202146910771227,0.19796875,0.0830283955462149,0.2203125,0.02851513140253537,0.2283203125,0.024740054877225123,0.11650390625,0.029452383338876738,3,119
2026-09-26 03:10:58.344,2026-09-26 03:10:57.556,0.788,0.35,0.35,0.0180078125,0.06794490937896697,0.14037109375,0.09385656364502766,0.1339453125,0.1236175548005554,0.15962890625,0.1208518759062826,0.19728515625,0.08453062631384872,0.21982421875,0.029478731713320088,0.22818359375,0.025000189345561738,0.11599609375,0.031349506068215786,3,120
2026-09-26 03:11:31.511,2026-09-26 03:11:27.566,3.945,0.2,0.2,0.018046875,0.06700385921248961,0.13958984375,0.09628042640060847,0.13359375,0.12475893385936448,0.1594140625,0.12143678438783077,0.19634765625,0.08659931486666583,0.21806640625,0.03296550364240208,0.2276171875,0.02607955228493401,0.11498046875,0.03516879553306844,3,121
2026-09-26 03:12:03.410,2026-09-26 03:12:02.557,0.853,0.2,0.2,0.0180859375,0.06606484375066199,0.14109375,0.09162647119632622,0.1347265625,0.1210918455481088,0.160703125,0.11793909180239649,0.1981640625,0.08260013944021445,0.2193359375,0.030444474788401114,0.22822265625,0.0249258493108196,0.11546875,0.03332840595846814,3,122
2026-09-26 03:12:35.315,2026-09-26 03:12:32.636,2.6790000000000003,0.35,0.35,0.0181640625,0.06419288187866115,0.1415625,0.09018602383301887,0.1352734375,0.11933254836603871,0.1608984375,0.11741158720468424,0.19904296875,0.08067819583190944,0.22056640625,0.028014902909297475,0.22947265625,0.022553662236720264,0.11619140625,0.03061886242027228,3,123
2026-09-26 03:13:08.479,2026-09-26 03:13:07.616,0.863,0.5,0.5,0.01796875,0.0688880030870411,0.14111328125,0.09156635707319012,0.134609375,0.12146976680348988,0.16060546875,0.11820308456592207,0.19818359375,0.08255733704704885,0.21966796875,0.02978753590864575,0.2286328125,0.024146046260903553,0.11537109375,0.033695860487456764,3,124
2026-09-26 03:13:42.923,2026-09-26 03:13:42.609,0.314,0.35,0.35,0.01794921875,0.06936031904648507,0.13986328125,0.0954305347753586,0.13365234375,0.12456849558316968,0.15951171875,0.12117081923658055,0.196640625,0.08595179054527465,0.2172265625,0.03464134030897735,0.22591796875,0.029333830457070737,0.11400390625,0.03887313803507749,3,125
2026-09-26 03:14:16.084,2026-09-26 03:14:12.610,3.474,0.2,0.2,0.01787109375,0.07125473636614806,0.13935546875,0.09701023105110983,0.133203125,0.12603066092300183,0.15923828125,0.12191593250105234,0.196328125,0.08664251750106147,0.217421875,0.03425103338785356,0.226640625,0.027946845908438725,0.11416015625,0.0382783158473785,3,126
2026-09-26 03:14:47.979,2026-09-26 03:14:47.552,0.427,0.2,0.2,0.01791015625,0.07030649476257524,0.14083984375,0.09240871294085157,0.13431640625,0.12241601123745827,0.16033203125,0.11894311915913383,0.1977734375,0.08345707437077762,0.2171875,0.03471944380382019,0.22533203125,0.03046167340889628,0.1137109375,0.03999063024244543,3,127
2026-09-26 03:15:19.882,2026-09-26 03:15:17.562,2.32,0.2,0.2,0.01794921875,0.06936031904648507,0.14119140625,0.09132598375480615,0.1346875,0.12121778276282444,0.16080078125,0.11767525941356248,0.19822265625,0.0824717449139568,0.2170703125,0.0349538386004985,0.22525390625,0.030612274010978744,0.1134765625,0.040886698954906694,3,128
2026-09-26 03:15:51.773,2026-09-26 03:15:47.639,4.134,0.35,0.35,0.01794921875,0.06936031904648507,0.14154296875,0.09024594718349731,0.1348828125,0.12058846156604534,0.16109375,0.1168847225496228,0.19875,0.08131789911726113,0.21728515625,0.03452421139688967,0.22529296875,0.03053696718195302,0.11373046875,0.0399160412372122,3,129
2026-09-26 03:16:24.937,2026-09-26 03:16:22.554,2.383,0.5,0.5,0.0179296875,0.06983314923135392,0.14142578125,0.0906056610212099,0.13486328125,0.12065135266483067,0.16087890625,0.11746430884139876,0.1982421875,0.08242895517236809,0.21669921875,0.035696924481831746,0.2246875,0.03170569300025788,0.113203125,0.041934454546100425,3,130
2026-09-26 03:16:59.369,2026-09-26 03:16:57.565,1.804,0.5,0.5,0.0178125,0.07268099210418018,0.13994140625,0.09518801376841227,0.13365234375,0.12456849558316968,0.15962890625,0.1208518759062826,0.19658203125,0.08608121819692645,0.2164453125,0.036206085225973864,0.225078125,0.030951316430689914,0.113359375,0.041335427579539175,3,131
2026-09-26 03:17:33.819,2026-09-26 03:17:32.616,1.203,0.5,0.5,0.01775390625,0.07411194721062887,0.1391015625,0.09780223916354074,0.13298828125,0.12673170140113768,0.158984375,0.12260896993588163,0.19533203125,0.08885157014473713,0.21572265625,0.03765851084240513,0.22408203125,0.03287757245430937,0.1126171875,0.04418819329304846,3,132
2026-09-26 03:18:08.268,2026-09-26 03:18:07.671,0.597,0.2,0.2,0.01763671875,0.07698808011909057,0.1383203125,0.10024828607968336,0.1323046875,0.12896984327086927,0.1583984375,0.1242125206139269,0.194453125,0.09081010948504419,0.215703125,0.03769783308263328,0.2242578125,0.03253702350746482,0.11283203125,0.043360463803824696,3,133
2026-09-26 03:18:40.184,2026-09-26 03:18:37.552,2.632,0.2,0.2,0.01771484375,0.07506854337250106,0.13916015625,0.09761933982122777,0.13291015625,0.12698690604012727,0.1589453125,0.12271568930781648,0.195703125,0.08802727589037285,0.21599609375,0.037108372988652535,0.22421875,0.032612677977110566,0.112890625,0.043134992924708376,3,134
2026-09-26 03:19:12.074,2026-09-26 03:19:07.556,4.518,0.2,0.2,0.01775390625,0.07411194721062887,0.1398828125,0.09536989182589142,0.13349609375,0.12507651667563968,0.1595703125,0.12101131829266742,0.1964453125,0.08638336613669151,0.21599609375,0.037108372988652535,0.22400390625,0.03302901330037475,0.112578125,0.04433885920328571,3,135
2026-09-26 03:19:43.965,2026-09-26 03:19:42.559,1.4060000000000001,0.2,0.2,0.01783203125,0.07220505289829732,0.14044921875,0.09361491974845933,0.1340234375,0.12336432185932615,0.16021484375,0.11926066327411183,0.19763671875,0.08375740151273589,0.2163671875,0.03636287023919403,0.22470703125,0.03166794303440307,0.11302734375,0.04260934898169052,3,136
2026-09-26 03:20:15.857,2026-09-26 03:20:12.552,3.305,0.35,0.35,0.01787109375,0.07125473636614806,0.14091796875,0.09216787307226251,0.1345703125,0.12159581367185492,0.1607421875,0.1178335396128131,0.1980078125,0.08294271053421685,0.216640625,0.03581437014403484,0.2244140625,0.03223453735078008,0.1128125,0.04343564678365473,3,137
2026-09-26 03:20:49.034,2026-09-26 03:20:47.551,1.483,0.35,0.35,0.017890625,0.07078035676474592,0.14087890625,0.09228827631170945,0.134453125,0.12197417392395805,0.16046875,0.11857294423586116,0.1975,0.08405793648328996,0.21619140625,0.03671584360373905,0.22412109375,0.03280187182976644,0.11263671875,0.04411287993434007,3,138
2026-09-26 03:21:22.202,2026-09-26 03:21:17.569,4.633,0.2,0.2,0.01779296875,0.07315745345959813,0.14033203125,0.09397743603153115,0.133984375,0.12349091987272912,0.1599609375,0.11994947306466441,0.196796875,0.08560683859552434,0.2159765625,0.03714764544714144,0.22408203125,0.03287757245430937,0.1127734375,0.0435860518005357,3,139
2026-09-26 03:21:54.099,2026-09-26 03:21:52.558,1.541,0.5,0.5,0.017890625,0.07078035676474592,0.14099609375,0.09192716668843501,0.13470703125,0.12115480959053929,0.16072265625,0.11788631250089099,0.19818359375,0.08255733704704885,0.21654296875,0.03601018352122071,0.2245703125,0.03193226172910922,0.1129296875,0.042984744010598375,3,140
2026-09-26 03:22:28.550,2026-09-26 03:22:27.569,0.981,0.35,0.35,0.01775390625,0.07411194721062887,0.13990234375,0.09530925734315378,0.13345703125,0.12520361485679357,0.15966796875,0.12074561349275924,0.19658203125,0.08608121819692645,0.21576171875,0.03757987704137498,0.22384765625,0.033332053509375646,0.11251953125,0.04456495611871074,3,141
2026-09-26 03:23:01.725,2026-09-26 03:22:57.568,4.157,0.35,0.35,0.01775390625,0.07411194721062887,0.13978515625,0.09567319128783337,0.13337890625,0.12545792286107565,0.1594140625,0.12143678438783077,0.19615234375,0.08703153472907578,0.21560546875,0.03789449770669919,0.2241015625,0.03283972049264308,0.112578125,0.04433885920328571,3,142
2026-09-26 03:23:34.899,2026-09-26 03:23:32.552,2.347,0.35,0.35,0.0177734375,0.07363443811150275,0.13958984375,0.09628042640060847,0.13333984375,0.1255851327278034,0.15939453125,0.12148999696915123,0.19625,0.08681537102847889,0.2158203125,0.03746195302872938,0.2242578125,0.03253702350746482,0.11275390625,0.043661273846606424,3,143
2026-09-26 03:24:08.057,2026-09-26 03:24:07.557,0.5,0.2,0.2,0.01771484375,0.07506854337250106,0.13962890625,0.09615891143565701,0.13322265625,0.1259669860483327,0.15931640625,0.12170291251792038,0.19599609375,0.08737762059809545,0.21576171875,0.03757987704137498,0.22404296875,0.03295328627631136,0.1124609375,0.04479117080317421,3,144
2026-09-26 03:24:39.947,2026-09-26 03:24:37.554,2.393,0.2,0.2,0.01779296875,0.07315745345959813,0.1401953125,0.0944007545045545,0.1338671875,0.1238709354856326,0.15982421875,0.12032082364898601,0.19697265625,0.0852190948728156,0.216171875,0.03675508058094445,0.22427734375,0.032499201214220466,0.11294921875,0.0429096390416428,3,145
2026-09-26 03:25:11.837,2026-09-26 03:25:07.556,4.281,0.2,0.2,0.01787109375,0.07125473636614806,0.14087890625,0.09228827631170945,0.13435546875,0.12228972612987941,0.1603125,0.11899602705734187,0.19759765625,0.08384324742760392,0.21638671875,0.03632366867921768,0.22435546875,0.03234794497171519,0.11291015625,0.04305986197012203,3,146
2026-09-26 03:25:43.727,2026-09-26 03:25:42.555,1.172,0.2,0.2,0.0178125,0.07268099210418018,0.140390625,0.0937961400648394,0.133984375,0.12349091987272912,0.15998046875,0.11989644889245972,0.19720703125,0.08470264116188553,0.21623046875,0.036637380282495254,0.224140625,0.03276402646510446,0.112734375,0.04373650892378085,3,147
2026-09-26 03:26:15.611,2026-09-26 03:26:12.550,3.061,0.5,0.5,0.01787109375,0.07125473636614806,0.13953125,0.09646276262128554,0.133359375,0.12552152313678472,0.15943359375,0.12138357832566285,0.19615234375,0.08703153472907578,0.217265625,0.034563250857737,0.2259375,0.02929628608860965,0.113984375,0.03894754812382343,3,148
2026-09-26 03:26:50.045,2026-09-26 03:26:47.558,2.487,0.5,0.5,0.01779296875,0.07315745345959813,0.13734375,0.1033253464360601,0.13173828125,0.13083308157155768,0.15736328125,0.12706001118103433,0.19439453125,0.09094099335219684,0.2204296875,0.028284185115836375,0.2303125,0.020967095524089006,0.1168359375,0.028216422649938084,3,149
2026-09-26 03:27:24.486,2026-09-26 03:27:22.619,1.867,0.2,0.2,0.0178515625,0.07172963469876488,0.1358203125,0.10816952215453592,0.13064453125,0.13445383962684743,0.15732421875,0.12716783006984606,0.193515625,0.09290899950780043,0.22408203125,0.021147237465102935,0.23681640625,0.00887281876476399,0.12013671875,0.01611710432148969,3,150
2026-09-26 03:27:56.376,2026-09-26 03:27:52.563,3.8129999999999997,0.2,0.2,0.0177734375,0.07363443811150275,0.135390625,0.10954565445989618,0.13072265625,0.13419421057598052,0.1566015625,0.12916732291058003,0.191953125,0.0964298496135565,0.22291015625,0.02342441378379661,0.23541015625,0.011459409477724784,0.1196484375,0.017885838874683563,3,151
2026-09-26 03:28:28.263,2026-09-26 03:28:27.555,0.708,0.5,0.5,0.017890625,0.07078035676474592,0.1370703125,0.10419084462238813,0.131640625,0.1311551390441609,0.1571875,0.12754540711323073,0.19453125,0.0906356589979011,0.2232421875,0.02277800065457714,0.23515625,0.011928079117259509,0.1197265625,0.0176023568268224,3,152
2026-09-26 03:29:02.703,2026-09-26 03:29:02.568,0.135,0.35,0.35,0.01787109375,0.07125473636614806,0.13734375,0.1033253464360601,0.13150390625,0.13160642111153534,0.15736328125,0.12706001118103433,0.194765625,0.09011272758986395,0.22369140625,0.0219049703309742,0.23537109375,0.011531479587731392,0.119765625,0.01746068516289987,3,153
2026-09-26 03:29:35.865,2026-09-26 03:29:32.555,3.31,0.35,0.35,0.017890625,0.07078035676474592,0.13728515625,0.10351066518515034,0.13158203125,0.13134848822680242,0.15734375,0.12711391727952134,0.19490234375,0.08980797479571138,0.22357421875,0.02213254823062892,0.23435546875,0.013409512706316469,0.11921875,0.019448306398413377,3,154
2026-09-26 03:30:09.028,2026-09-26 03:30:07.553,1.475,0.5,0.5,0.0180078125,0.06794490937896697,0.13869140625,0.09908469585303036,0.1325,0.12832919633082332,0.15822265625,0.12469474265312348,0.1965234375,0.08621068443187042,0.22408203125,0.021147237465102935,0.23453125,0.013083886803851287,0.11916015625,0.019661806352849923,3,155
2026-09-26 03:30:43.460,2026-09-26 03:30:42.555,0.905,0.35,0.35,0.018046875,0.06700385921248961,0.13857421875,0.09945180870828275,0.1322265625,0.1292263668943364,0.158046875,0.1251775007263158,0.1969921875,0.08517603359848516,0.22646484375,0.016553478075852696,0.2372265625,0.008121289252520663,0.1205859375,0.014496206199160849,3,156
2026-09-26 03:31:16.624,2026-09-26 03:31:12.554,4.07,0.2,0.2,0.01802734375,0.06747412940668422,0.1389453125,0.098290347652014,0.13255859375,0.128137186388014,0.15830078125,0.12448035564054918,0.19767578125,0.08367157256346386,0.2258203125,0.017791266010762273,0.2362890625,0.009840985867733305,0.11994140625,0.016823733963069364,3,157
2026-09-26 03:31:48.525,2026-09-26 03:31:47.689,0.836,0.5,0.5,0.01818359375,0.06372614945125367,0.1408203125,0.09246894378234653,0.13384765625,0.12393430376208611,0.15982421875,0.12032082364898601,0.19998046875,0.07863745442329848,0.22720703125,0.01513250295658803,0.23744140625,0.007728149341631959,0.120625,0.01435554401755772,3,158
2026-09-26 03:32:22.979,2026-09-26 03:32:22.552,0.427,0.35,0.35,0.01810546875,0.06559609628809926,0.13998046875,0.09506680403223523,0.13330078125,0.1257123798666871,0.1589453125,0.12271568930781648,0.19884765625,0.08110455997562113,0.22583984375,0.017753705406898593,0.235859375,0.010631461688005108,0.12009765625,0.016258338300589065,3,159
2026-09-26 03:32:56.142,2026-09-26 03:32:52.558,3.584,0.5,0.5,0.01806640625,0.06653409769356373,0.13958984375,0.09628042640060847,0.13330078125,0.1257123798666871,0.1589453125,0.12271568930781648,0.1987890625,0.08123255088432392,0.22560546875,0.018204647195517277,0.2359375,0.01048763175395224,0.1202734375,0.015623146778058141,3,160
2026-09-26 03:33:30.596,2026-09-26 03:33:27.560,3.036,0.2,0.2,0.01798828125,0.06841620023574736,0.13908203125,0.09786322273197674,0.1328515625,0.12717840798277746,0.15853515625,0.12383782885797741,0.196875,0.08543446531209332,0.22275390625,0.02372894143719153,0.23267578125,0.016533424255519884,0.1185546875,0.021874140269979806,3,161
2026-09-26 03:34:02.513,2026-09-26 03:33:57.575,4.938,0.35,0.35,0.01806640625,0.06653409769356373,0.1398828125,0.09536989182589142,0.13349609375,0.12507651667563968,0.1591796875,0.12207576608510633,0.19771484375,0.08358576057308319,0.2220703125,0.02506376636212406,0.231640625,0.01846987701082148,0.11794921875,0.02409780173692049,3,162
2026-09-26 03:34:35.692,2026-09-26 03:34:32.568,3.124,0.2,0.2,0.01798828125,0.06841620023574736,0.14017578125,0.09446126226945954,0.13390625,0.123744226664339,0.15947265625,0.12127718575239593,0.1983203125,0.08225783835301355,0.22216796875,0.02487282572070884,0.23146484375,0.01879956791587319,0.117890625,0.024313600241685218,3,163
2026-09-26 03:35:07.617,2026-09-26 03:35:07.597,0.02,0.5,0.5,0.01814453125,0.06466011643895458,0.1416015625,0.09006620193078184,0.135,0.12021130610864386,0.1606640625,0.11804466965192661,0.19998046875,0.07863745442329848,0.222265625,0.024681968990806505,0.23166015625,0.018433260132767398,0.1180078125,0.023882110407975794,3,164
2026-09-26 03:35:42.061,2026-09-26 03:35:37.558,4.503,0.2,0.2,0.0180078125,0.06794490937896697,0.14033203125,0.09397743603153115,0.13388671875,0.12380757645394934,0.15962890625,0.1208518759062826,0.19775390625,0.08349996553489365,0.22111328125,0.026939440655166833,0.23091796875,0.01982687645379975,0.11736328125,0.026260627331998722,3,165
2026-09-26 03:36:13.952,2026-09-26 03:36:12.557,1.395,0.35,0.35,0.018125,0.06512785421373431,0.14125,0.09114579103446871,0.1347265625,0.1210918455481088,0.160390625,0.11878443412652864,0.19994140625,0.07872229413482112,0.223125,0.02300603661775973,0.2329296875,0.01605976102934482,0.11837890625,0.022518547335227363,3,166
2026-09-26 03:36:47.116,2026-09-26 03:36:42.628,4.4879999999999995,0.2,0.2,0.0180859375,0.06606484375066199,0.14091796875,0.09216787307226251,0.13451171875,0.12178495259416061,0.1600390625,0.11973741520795943,0.19935546875,0.07999688265066021,0.223515625,0.02224638191663383,0.2334375,0.015113981567741725,0.11869140625,0.02137359499792103,3,167
2026-09-26 03:37:19.007,2026-09-26 03:37:17.555,1.452,0.5,0.5,0.01830078125,0.0609362395448181,0.14234375,0.08779584453683371,0.13623046875,0.11627082363384558,0.16169921875,0.11525549223217461,0.200234375,0.07808639990939341,0.22255859375,0.02410990153346449,0.23158203125,0.018579746172406743,0.11767578125,0.02510578009833142,3,168
2026-09-26 03:37:53.460,2026-09-26 03:37:52.554,0.906,0.2,0.2,0.0180859375,0.06606484375066199,0.14109375,0.09162647119632622,0.13435546875,0.12228972612987941,0.160078125,0.11963142509592559,0.19884765625,0.08110455997562113,0.22302734375,0.023196158094290403,0.2321875,0.01744576962256522,0.11853515625,0.021945693854770312,3,169
2026-09-26 03:38:25.360,2026-09-26 03:38:22.567,2.793,0.5,0.5,0.0183984375,0.058624927639718966,0.14220703125,0.08821317745017836,0.135859375,0.11745546224880588,0.16111328125,0.11683207122120734,0.20013671875,0.07829826121507459,0.225,0.01937175196266562,0.2341015625,0.013880292678599184,0.1203125,0.015482119180811977,3,170
2026-09-26 03:38:59.801,2026-09-26 03:38:57.566,2.235,0.2,0.2,0.0180859375,0.06606484375066199,0.140078125,0.09476392761163033,0.1338671875,0.1238709354856326,0.15966796875,0.12074561349275924,0.19689453125,0.08539138267906327,0.21943359375,0.03025115429471115,0.22884765625,0.02373813611684538,0.116015625,0.03127638636404391,3,171
2026-09-26 03:39:31.696,2026-09-26 03:39:27.558,4.138,0.2,0.2,0.0182421875,0.062328954202502965,0.14146484375,0.09048572330105976,0.135234375,0.11945797637612451,0.16060546875,0.11820308456592207,0.19861328125,0.08161675008735547,0.2223046875,0.024605649777552707,0.231796875,0.01817702839426101,0.11806640625,0.023666526148446686,3,172
2026-09-26 03:40:03.631,2026-09-26 03:40:02.553,1.078,0.5,0.5,0.01818359375,0.06372614945125367,0.141640625,0.0899464130783045,0.1353515625,0.11908180096767405,0.1612890625,0.11635849628639962,0.1990234375,0.08072081341517338,0.22056640625,0.028014902909297475,0.2295703125,0.02236887966068523,0.1161328125,0.030837926476318434,3,173
2026-09-26 03:40:38.082,2026-09-26 03:40:37.564,0.518,0.5,0.5,0.01791015625,0.07030649476257524,0.13923828125,0.09737559378878582,0.133046875,0.12654039628891733,0.15857421875,0.12373083341966748,0.196640625,0.08595179054527465,0.22048828125,0.028168758010332105,0.22998046875,0.0215936502381315,0.1173828125,0.026188359342497917,3,174
2026-09-26 03:41:12.533,2026-09-26 03:41:07.557,4.976,0.5,0.5,0.017734375,0.07458998191151124,0.13623046875,0.10685999655614037,0.13072265625,0.13419421057598052,0.156640625,0.12905900654091942,0.19263671875,0.09488596429798654,0.22123046875,0.026709330539273025,0.23216796875,0.017482303332946602,0.11787109375,0.024385556911869374,3,175
2026-09-26 03:41:46.989,2026-09-26 03:41:42.572,4.417,0.2,0.2,0.01791015625,0.07030649476257524,0.135625,0.10879449633334005,0.13126953125,0.1323811401787015,0.1576953125,0.1261446297507874,0.19302734375,0.09400620205668918,0.22478515625,0.01978664098644062,0.2386328125,0.005554445243074538,0.12171875,0.01043538668072937,3,176
2026-09-26 03:42:18.928,2026-09-26 03:42:17.556,1.3719999999999999,0.5,0.5,0.01763671875,0.07698808011909057,0.13484375,0.11130342579462234,0.12998046875,0.13666697576878686,0.15583984375,0.13128490975199889,0.1912109375,0.09811230561846193,0.221875,0.025445899674858843,0.23501953125,0.01218064933775601,0.11958984375,0.018098571909504504,3,177
2026-09-26 03:42:53.368,2026-09-26 03:42:52.561,0.807,0.35,0.35,0.017734375,0.07458998191151124,0.13556640625,0.10898216409941619,0.13044921875,0.13510359211474643,0.15623046875,0.13019767803658572,0.19208984375,0.0961206331662443,0.221875,0.025445899674858843,0.23427734375,0.013554313735215833,0.1191796875,0.019590628038849152,3,178
2026-09-26 03:43:26.542,2026-09-26 03:43:22.565,3.977,0.35,0.35,0.01779296875,0.07315745345959813,0.136171875,0.10704683006381999,0.13091796875,0.13354581618575453,0.156640625,0.12905900654091942,0.193046875,0.09396226069155802,0.22244140625,0.024338638098743273,0.2345703125,0.013011558636159227,0.119140625,0.019732996334470402,3,179
2026-09-26 03:43:59.704,2026-09-26 03:43:57.554,2.15,0.5,0.5,0.0178515625,0.07172963469876488,0.13734375,0.1033253464360601,0.131484375,0.13167092827569457,0.1573046875,0.12722174955367013,0.19466796875,0.09033053916065815,0.22298828125,0.023272229995326223,0.233828125,0.014387857870911501,0.1188671875,0.020730883323089117,3,180
2026-09-26 03:44:34.143,2026-09-26 03:44:32.557,1.5859999999999999,0.2,0.2,0.017890625,0.07078035676474592,0.13720703125,0.10375787992465807,0.13119140625,0.132639687280788,0.15712890625,0.12770732639003454,0.19494140625,0.08972094183311484,0.22443359375,0.020466406401243226,0.23515625,0.011928079117259509,0.11951171875,0.0183823781485887,3,181
2026-09-26 03:45:06.053,2026-09-26 03:45:02.649,3.404,0.35,0.35,0.018046875,0.06700385921248961,0.1388671875,0.09853460777200926,0.13263671875,0.12788130511273535,0.1584375,0.12410543283582218,0.19689453125,0.08539138267906327,0.22376953125,0.021753317956878612,0.23392578125,0.014206516483708166,0.118671875,0.021445066154488695,3,182
2026-09-26 03:45:39.214,2026-09-26 03:45:37.583,1.631,0.2,0.2,0.01818359375,0.06372614945125367,0.13970703125,0.09591598345734514,0.13328125,0.12577601742001418,0.15884765625,0.12298260252493494,0.198671875,0.08148864591792854,0.2267578125,0.015992011311285057,0.23671875,0.009051946208797864,0.120234375,0.01576422018579629,3,183
2026-09-26 03:46:11.106,2026-09-26 03:46:07.702,3.404,0.2,0.2,0.0182421875,0.062328954202502965,0.14083984375,0.09240871294085157,0.134140625,0.12298474909060184,0.15990234375,0.12010858443552395,0.200234375,0.07808639990939341,0.22724609375,0.01505784342711013,0.23677734375,0.008944460876754753,0.1204296875,0.015059310954747974,3,184
2026-09-26 03:46:42.996,2026-09-26 03:46:42.597,0.399,0.2,0.2,0.018359375,0.05954797683289768,0.14296875,0.08589312744338366,0.1359375,0.11720579596891867,0.16177734375,0.11504571346615731,0.2030859375,0.07194518432403915,0.22779296875,0.014013955424025615,0.2371875,0.008192807487660162,0.12044921875,0.014988882918932678,3,185
2026-09-26 03:47:14.889,2026-09-26 03:47:12.600,2.289,0.2,0.2,0.0183984375,0.058624927639718966,0.14337890625,0.08464898443032395,0.13625,0.1162085636549699,0.1619921875,0.11446934379708382,0.2034765625,0.07111064432492137,0.22759765625,0.014386484595866604,0.23671875,0.009051946208797864,0.12033203125,0.015411622551827825,3,186
2026-09-26 03:47:46.788,2026-09-26 03:47:42.550,4.2379999999999995,0.5,0.5,0.018515625,0.055867493094530034,0.1449609375,0.07988325848901126,0.13767578125,0.11168752501160596,0.163359375,0.11081935067944865,0.20525390625,0.06733360538424496,0.2283984375,0.012861141548593831,0.23716796875,0.008228571022238165,0.1208203125,0.01365291567807726,3,187
2026-09-26 03:48:21.237,2026-09-26 03:48:17.557,3.68,0.35,0.35,0.01822265625,0.06279418668609635,0.14169921875,0.08976679172802086,0.135078125,0.11996005097759584,0.16068359375,0.11799187751888852,0.201171875,0.07605777271642761,0.2259765625,0.017490872098109317,0.23525390625,0.01174776170470306,0.12001953125,0.01654094412276452,3,188
2026-09-26 03:48:54.411,2026-09-26 03:48:52.564,1.847,0.2,0.2,0.01822265625,0.06279418668609635,0.1420703125,0.08863091178308247,0.13521484375,0.11952070396804453,0.16083984375,0.1175697713193098,0.201171875,0.07605777271642761,0.22513671875,0.019107937889961638,0.23400390625,0.014061497872492317,0.1194140625,0.018737396955167386,3,189
2026-09-26 03:49:26.315,2026-09-26 03:49:22.555,3.76,0.5,0.5,0.01822265625,0.06279418668609635,0.14240234375,0.08761711026643124,0.1355859375,0.11833042624408753,0.161328125,0.11625332750470072,0.2019140625,0.07445846958992766,0.2248828125,0.019598005930743716,0.2341796875,0.013735382940216548,0.11978515625,0.017389866657744453,3,190
2026-09-26 03:50:00.750,2026-09-26 03:49:57.553,3.197,0.5,0.5,0.0180859375,0.06606484375066199,0.14076171875,0.09264968644233336,0.134296875,0.12247916756446592,0.15982421875,0.12032082364898601,0.19943359375,0.07982672122938124,0.22310546875,0.023044054255277113,0.2327734375,0.016351184950297266,0.1186328125,0.021588043762991026,3,191
2026-09-26 03:50:35.196,2026-09-26 03:50:32.554,2.642,0.35,0.35,0.0179296875,0.06983314923135392,0.1392578125,0.09731467864991002,0.13294921875,0.12685928497488239,0.15865234375,0.1235169215907383,0.196875,0.08543446531209332,0.22103515625,0.02709291516225148,0.230625,0.020378221560098938,0.11748046875,0.02582719966937388,3,192
2026-09-26 03:51:08.365,2026-09-26 03:51:07.564,0.801,0.35,0.35,0.01796875,0.0688880030870411,0.1398828125,0.09536989182589142,0.13345703125,0.12520361485679357,0.1593359375,0.12164967384400713,0.1978125,0.08337130474831991,0.2216015625,0.02598145182117553,0.23150390625,0.018726281637956595,0.11818359375,0.023235678412809546,3,193
2026-09-26 03:51:41.532,2026-09-26 03:51:37.552,3.98,0.35,0.35,0.01802734375,0.06747412940668422,0.14001953125,0.09494562811573949,0.13345703125,0.12520361485679357,0.15921875,0.12196920382671295,0.19787109375,0.08324268206652582,0.223359375,0.02255008436390762,0.23357421875,0.01485970015247915,0.11845703125,0.022232026142645665,3,194
2026-09-26 03:52:14.707,2026-09-26 03:52:12.564,2.143,0.5,0.5,0.01802734375,0.06747412940668422,0.14017578125,0.09446126226945954,0.133828125,0.12399768128600788,0.15953125,0.12111764574622902,0.1985546875,0.08174489205491502,0.22333984375,0.022588062107091605,0.2333984375,0.015186660754908779,0.11845703125,0.022232026142645665,3,195
2026-09-26 03:52:49.146,2026-09-26 03:52:47.662,1.484,0.35,0.35,0.01787109375,0.07125473636614806,0.13890625,0.09841246053961825,0.13283203125,0.1272422607333009,0.15853515625,0.12383782885797741,0.1959375,0.0875074739349586,0.220546875,0.028053361574977127,0.23080078125,0.020047330510261033,0.11708984375,0.027273643910369932,3,196
2026-09-26 03:53:22.319,2026-09-26 03:53:17.567,4.752,0.35,0.35,0.01796875,0.0688880030870411,0.13919921875,0.09749744970482192,0.1331640625,0.12615803868660835,0.158671875,0.12346346009231379,0.19685546875,0.08547755221940607,0.22185546875,0.025484131505677365,0.23111328125,0.019459701523319307,0.118203125,0.023163911994088314,3,197
2026-09-26 03:53:55.485,2026-09-26 03:53:52.556,2.9290000000000003,0.5,0.5,0.01794921875,0.06936031904648507,0.1396484375,0.09609816670069492,0.1333984375,0.12539433189794819,0.15900390625,0.1225556200823777,0.19677734375,0.08564994260845271,0.2208984375,0.02736162612440361,0.230078125,0.021409275587982435,0.1174609375,0.025899407580738706,3,198
2026-09-26 03:54:29.933,2026-09-26 03:54:27.560,2.373,0.2,0.2,0.0178515625,0.07172963469876488,0.138515625,0.09963548157289537,0.13244140625,0.12852129120247116,0.15818359375,0.12480197585907657,0.19533203125,0.08885157014473713,0.22037109375,0.028399642907797343,0.231015625,0.019643250184985257,0.11708984375,0.027273643910369932,3,199
2026-09-26 03:55:01.825,2026-09-26 03:54:57.555,4.27,0.5,0.5,0.01802734375,0.06747412940668422,0.1390625,0.09792421486491915,0.13302734375,0.126604155296872,0.1590625,0.12239560983239937,0.19548828125,0.08850430817168962,0.21935546875,0.030405803804723575,0.2291796875,0.02310848215875242,0.11611328125,0.030910972390527012,3,200
2026-09-26 03:55:36.264,2026-09-26 03:55:32.554,3.71,0.2,0.2,0.017890625,0.07078035676474592,0.138671875,0.09914585978270027,0.1326171875,0.127945261298979,0.15865234375,0.1235169215907383,0.19486328125,0.08989502520327951,0.217578125,0.03393904021214877,0.227265625,0.026750853464043694,0.11462890625,0.03649872183166397,3,201
2026-09-26 03:56:08.154,2026-09-26 03:56:07.605,0.549,0.2,0.2,0.0178125,0.07268099210418018,0.1394921875,0.0965843626450124,0.133203125,0.12603066092300183,0.15921875,0.12196920382671295,0.1958203125,0.08776729714456483,0.2176953125,0.033705192329677496,0.227109375,0.027049542940675103,0.11412109375,0.0384269450349699,3,202
2026-09-26 03:56:40.059,2026-09-26 03:56:37.619,2.44,0.2,0.2,0.0178515625,0.07172963469876488,0.13998046875,0.09506680403223523,0.13369140625,0.12444158310947193,0.15978515625,0.12042698216379057,0.19658203125,0.08608121819692645,0.217265625,0.034563250857737,0.22576171875,0.029634302306401874,0.11357421875,0.0405131122807702,3,203
2026-09-26 03:57:11.963,2026-09-26 03:57:07.560,4.4030000000000005,0.35,0.35,0.01787109375,0.07125473636614806,0.14052734375,0.09337341022915156,0.134140625,0.12298474909060184,0.16001953125,0.11979041996568715,0.19705078125,0.08504687538730174,0.21646484375,0.036166897814992736,0.224609375,0.0318567256854536,0.11326171875,0.04170972259702194,3,204
2026-09-26 03:57:45.150,2026-09-26 03:57:42.550,2.6,0.5,0.5,0.01791015625,0.07030649476257524,0.1394921875,0.0965843626450124,0.13322265625,0.1259669860483327,0.1591796875,0.12207576608510633,0.196640625,0.08595179054527465,0.21921875,0.03067657302955537,0.228203125,0.024963017737553102,0.11580078125,0.03208138100027368,3,205
2026-09-26 03:58:19.597,2026-09-26 03:58:17.564,2.033,0.5,0.5,0.0177734375,0.07363443811150275,0.13662109375,0.10561648967392911,0.13103515625,0.13315724370361143,0.1569140625,0.1283015474294303,0.1933203125,0.09334754794646237,0.221328125,0.0265176652014593,0.23208984375,0.01762846891510992,0.11771484375,0.024961639877325817,3,206
2026-09-26 03:58:54.040,2026-09-26 03:58:52.591,1.449,0.5,0.5,0.01775390625,0.07411194721062887,0.1361328125,0.10717143040376612,0.13080078125,0.13393473664330124,0.15669921875,0.12889658262258794,0.1926953125,0.09475388629547736,0.221875,0.025445899674858843,0.23265625,0.016569881294945497,0.1183984375,0.022446899313633983,3,207
2026-09-26 03:59:28.481,2026-09-26 03:59:27.585,0.896,0.5,0.5,0.01767578125,0.076027251227393,0.13607421875,0.10735839796720625,0.13044921875,0.13510359211474643,0.1565625,0.12927566630191242,0.1926953125,0.09475388629547736,0.22111328125,0.026939440655166833,0.2321484375,0.01751884011687458,0.117578125,0.02546634008741287,3,208
2026-09-26 04:00:02.916,2026-09-26 04:00:02.572,0.344,0.2,0.2,0.0178515625,0.07172963469876488,0.13703125,0.1043146281437915,0.13109375,0.13296308775883686,0.157109375,0.1277613129003786,0.19443359375,0.09085373305817145,0.22462890625,0.020088627600540306,0.2355859375,0.011135241904131274,0.11962890625,0.01795673830866737,3,209
2026-09-26 04:00:34.803,2026-09-26 04:00:32.585,2.218,0.35,0.35,0.0179296875,0.06983314923135392,0.13806640625,0.10104622684047661,0.1319921875,0.12999684814060322,0.15765625,0.12625222159622881,0.19607421875,0.08720454318944694,0.22435546875,0.020617609982508785,0.2346484375,0.012866938427728817,0.1196484375,0.017885838874683563,3,210
2026-09-26 04:01:07.961,2026-09-26 04:01:07.558,0.403,0.2,0.2,0.01798828125,0.06841620023574736,0.13900390625,0.0981072426748501,0.132734375,0.12756166538247277,0.15845703125,0.12405189884723013,0.197265625,0.0845736236389572,0.22365234375,0.021980816381097657,0.23365234375,0.014714463304071604,0.1192578125,0.01930603138259442,3,211
2026-09-26 04:01:39.998,2026-09-26 04:01:37.554,2.444,0.2,0.2,0.01802734375,0.06747412940668422,0.13974609375,0.09579457040598044,0.13353515625,0.12494945567944273,0.159140625,0.12218235449695637,0.198359375,0.08217230521991516,0.2233203125,0.02262604317160508,0.2331640625,0.015622991483409754,0.11935546875,0.01895054762541086,3,212
2026-09-26 04:02:11.904,2026-09-26 04:02:07.555,4.349,0.5,0.5,0.018046875,0.06700385921248961,0.141171875,0.09138606461288133,0.13443359375,0.12203726602574747,0.1602734375,0.1191018621941891,0.19958984375,0.079486598269733,0.22279296875,0.023652789502592874,0.23208984375,0.01762846891510992,0.118359375,0.022590207178951195,3,213
2026-09-26 04:02:46.338,2026-09-26 04:02:42.578,3.76,0.2,0.2,0.01796875,0.0688880030870411,0.139296875,0.0971928739984586,0.13306640625,0.12647664664008312,0.1586328125,0.12357038967106482,0.1970703125,0.08500383118468924,0.22091796875,0.02732322866344374,0.2310546875,0.019569821411134933,0.11791015625,0.024241655491764495,3,214
2026-09-26 04:03:18.228,2026-09-26 04:03:17.553,0.675,0.2,0.2,0.01802734375,0.06747412940668422,0.14103515625,0.09180686350708318,0.13455078125,0.12165885082733298,0.1602734375,0.1191018621941891,0.19900390625,0.08076343518093734,0.22177734375,0.025637092494104893,0.230703125,0.02023112774602443,0.11712890625,0.027128782507458035,3,215
2026-09-26 04:03:50.114,2026-09-26 04:03:47.553,2.561,0.35,0.35,0.018125,0.06512785421373431,0.1419921875,0.08886979764273772,0.13533203125,0.11914447424607169,0.16095703125,0.11725346068485856,0.20056640625,0.07736684356406028,0.22380859375,0.02167751162366059,0.23287109375,0.01616902208453222,0.1184765625,0.02216042537059275,3,216
2026-09-26 04:04:23.277,2026-09-26 04:04:22.566,0.711,0.35,0.35,0.01828125,0.061399981694491096,0.14181640625,0.08940777174457977,0.13564453125,0.11814278550584638,0.16107421875,0.116937380261952,0.2005078125,0.0774937374968559,0.22365234375,0.021980816381097657,0.233359375,0.01525935210697457,0.11888671875,0.020659529592229033,3,217
2026-09-26 04:04:56.439,2026-09-26 04:04:52.562,3.877,0.35,0.35,0.01814453125,0.06466011643895458,0.14125,0.09114579103446871,0.13474609375,0.12102889063288619,0.1603515625,0.1188902177056422,0.19908203125,0.08059297320959836,0.22443359375,0.020466406401243226,0.2341015625,0.013880292678599184,0.1203515625,0.015341137364315601,3,218
