experiment,pioreactor_unit,timestamp,od_reading,angle,channel,timestamp_localtime,hours_since_experiment_created
Demo experiment,pioreactor02,2026-09-25T06:30:00.805Z,0.0,90,2,2026-09-25 12:15:00.805,36.718888888889
Demo experiment,pioreactor02,2026-09-25T06:30:00.805Z,0.152664346291,45,3,2026-09-25 12:15:00.805,36.718888888889
Demo experiment,pioreactor02,2026-09-25T06:30:00.805Z,0.042583471425,135,4,2026-09-25 12:15:00.805,36.718888888889
Demo experiment,pioreactor02,2026-09-25T06:30:05.809Z,0.0,90,2,2026-09-25 12:15:05.809,36.720277777778
Demo experiment,pioreactor02,2026-09-25T06:30:05.809Z,0.152694550917,45,3,2026-09-25 12:15:05.809,36.720277777778
Demo experiment,pioreactor02,2026-09-25T06:30:05.809Z,0.042653333466,135,4,2026-09-25 12:15:05.809,36.720277777778
Demo experiment,pioreactor02,2026-09-25T06:30:10.805Z,0.0,90,2,2026-09-25 12:15:10.805,36.721666666667
Demo experiment,pioreactor02,2026-09-25T06:30:10.805Z,0.152698148255,45,3,2026-09-25 12:15:10.805,36.721666666667
Demo experiment,pioreactor02,2026-09-25T06:30:10.805Z,0.042604560513,135,4,2026-09-25 12:15:10.805,36.721666666667
Demo experiment,pioreactor02,2026-09-25T06:30:15.805Z,0.0,90,2,2026-09-25 12:15:15.805,36.723055555556
Demo experiment,pioreactor02,2026-09-25T06:30:15.805Z,0.152695415746,45,3,2026-09-25 12:15:15.805,36.723055555556
Demo experiment,pioreactor02,2026-09-25T06:30:15.805Z,0.042564775499,135,4,2026-09-25 12:15:15.805,36.723055555556
Demo experiment,pioreactor02,2026-09-25T06:30:20.804Z,0.0,90,2,2026-09-25 12:15:20.804,36.724444444444
Demo experiment,pioreactor02,2026-09-25T06:30:20.804Z,0.152684958892,45,3,2026-09-25 12:15:20.804,36.724444444444
Demo experiment,pioreactor02,2026-09-25T06:30:20.804Z,0.042553033881,135,4,2026-09-25 12:15:20.804,36.724444444444
Demo experiment,pioreactor02,2026-09-25T06:30:25.803Z,0.0,90,2,2026-09-25 12:15:25.803,36.725833333333
Demo experiment,pioreactor02,2026-09-25T06:30:25.803Z,0.152681922956,45,3,2026-09-25 12:15:25.803,36.725833333333
Demo experiment,pioreactor02,2026-09-25T06:30:25.803Z,0.042551588928,135,4,2026-09-25 12:15:25.803,36.725833333333
Demo experiment,pioreactor02,2026-09-25T06:30:30.805Z,0.0,90,2,2026-09-25 12:15:30.805,36.727222222222
Demo experiment,pioreactor02,2026-09-25T06:30:30.805Z,0.152734110878,45,3,2026-09-25 12:15:30.805,36.727222222222
Demo experiment,pioreactor02,2026-09-25T06:30:30.805Z,0.04258132778,135,4,2026-09-25 12:15:30.805,36.727222222222
Demo experiment,pioreactor02,2026-09-25T06:30:35.804Z,0.0,90,2,2026-09-25 12:15:35.804,36.728611111111
Demo experiment,pioreactor02,2026-09-25T06:30:35.804Z,0.152727390615,45,3,2026-09-25 12:15:35.804,36.728611111111
Demo experiment,pioreactor02,2026-09-25T06:30:35.804Z,0.042551757227,135,4,2026-09-25 12:15:35.804,36.728611111111
Demo experiment,pioreactor02,2026-09-25T06:30:40.804Z,0.0,90,2,2026-09-25 12:15:40.804,36.73
Demo experiment,pioreactor02,2026-09-25T06:30:40.804Z,0.152703482296,45,3,2026-09-25 12:15:40.804,36.73
Demo experiment,pioreactor02,2026-09-25T06:30:40.804Z,0.042558822989,135,4,2026-09-25 12:15:40.804,36.73
Demo experiment,pioreactor02,2026-09-25T06:30:45.806Z,0.0,90,2,2026-09-25 12:15:45.806,36.731388888889
Demo experiment,pioreactor02,2026-09-25T06:30:45.806Z,0.152685002746,45,3,2026-09-25 12:15:45.806,36.731388888889
Demo experiment,pioreactor02,2026-09-25T06:30:45.806Z,0.042535731205,135,4,2026-09-25 12:15:45.806,36.731388888889
Demo experiment,pioreactor02,2026-09-25T06:30:50.808Z,0.0,90,2,2026-09-25 12:15:50.808,36.732777777778
Demo experiment,pioreactor02,2026-09-25T06:30:50.808Z,0.152624965091,45,3,2026-09-25 12:15:50.808,36.732777777778
Demo experiment,pioreactor02,2026-09-25T06:30:50.808Z,0.042473433528,135,4,2026-09-25 12:15:50.808,36.732777777778
Demo experiment,pioreactor02,2026-09-25T06:30:55.805Z,0.0,90,2,2026-09-25 12:15:55.805,36.734166666667
Demo experiment,pioreactor02,2026-09-25T06:30:55.805Z,0.152641774801,45,3,2026-09-25 12:15:55.805,36.734166666667
Demo experiment,pioreactor02,2026-09-25T06:30:55.805Z,0.042489966718,135,4,2026-09-25 12:15:55.805,36.734166666667
Demo experiment,pioreactor02,2026-09-25T06:31:00.805Z,0.0,90,2,2026-09-25 12:16:00.805,36.735555555556
Demo experiment,pioreactor02,2026-09-25T06:31:00.805Z,0.152620954585,45,3,2026-09-25 12:16:00.805,36.735555555556
Demo experiment,pioreactor02,2026-09-25T06:31:00.805Z,0.042475794477,135,4,2026-09-25 12:16:00.805,36.735555555556
Demo experiment,pioreactor02,2026-09-25T06:31:05.805Z,0.0,90,2,2026-09-25 12:16:05.805,36.736944444444
Demo experiment,pioreactor02,2026-09-25T06:31:05.805Z,0.152578295662,45,3,2026-09-25 12:16:05.805,36.736944444444
Demo experiment,pioreactor02,2026-09-25T06:31:05.805Z,0.042448693744,135,4,2026-09-25 12:16:05.805,36.736944444444
Demo experiment,pioreactor02,2026-09-25T06:31:10.804Z,0.0,90,2,2026-09-25 12:16:10.804,36.738333333333
Demo experiment,pioreactor02,2026-09-25T06:31:10.804Z,0.152798090277,45,3,2026-09-25 12:16:10.804,36.738333333333
Demo experiment,pioreactor02,2026-09-25T06:31:10.804Z,0.042510957293,135,4,2026-09-25 12:16:10.804,36.738333333333
Demo experiment,pioreactor02,2026-09-25T06:31:15.806Z,0.0,90,2,2026-09-25 12:16:15.806,36.739722222222
Demo experiment,pioreactor02,2026-09-25T06:31:15.806Z,0.152765695051,45,3,2026-09-25 12:16:15.806,36.739722222222
Demo experiment,pioreactor02,2026-09-25T06:31:15.806Z,0.042464292261,135,4,2026-09-25 12:16:15.806,36.739722222222
Demo experiment,pioreactor02,2026-09-25T06:31:20.803Z,0.0,90,2,2026-09-25 12:16:20.803,36.741111111111
Demo experiment,pioreactor02,2026-09-25T06:31:20.803Z,0.152759118387,45,3,2026-09-25 12:16:20.803,36.741111111111
Demo experiment,pioreactor02,2026-09-25T06:31:20.803Z,0.042458952439,135,4,2026-09-25 12:16:20.803,36.741111111111
Demo experiment,pioreactor02,2026-09-25T06:31:25.806Z,0.0,90,2,2026-09-25 12:16:25.806,36.7425
Demo experiment,pioreactor02,2026-09-25T06:31:25.806Z,0.152784689727,45,3,2026-09-25 12:16:25.806,36.7425
Demo experiment,pioreactor02,2026-09-25T06:31:25.806Z,0.04256254291,135,4,2026-09-25 12:16:25.806,36.7425
Demo experiment,pioreactor02,2026-09-25T06:31:30.821Z,0.0,90,2,2026-09-25 12:16:30.821,36.743888888889
Demo experiment,pioreactor02,2026-09-25T06:31:30.821Z,0.152738852623,45,3,2026-09-25 12:16:30.821,36.743888888889
Demo experiment,pioreactor02,2026-09-25T06:31:30.821Z,0.04241726005,135,4,2026-09-25 12:16:30.821,36.743888888889
Demo experiment,pioreactor02,2026-09-25T06:31:35.854Z,0.0,90,2,2026-09-25 12:16:35.854,36.745277777778
Demo experiment,pioreactor02,2026-09-25T06:31:35.854Z,0.15270425979,45,3,2026-09-25 12:16:35.854,36.745277777778
Demo experiment,pioreactor02,2026-09-25T06:31:35.854Z,0.042309938732,135,4,2026-09-25 12:16:35.854,36.745277777778
Demo experiment,pioreactor02,2026-09-25T06:31:40.843Z,0.0,90,2,2026-09-25 12:16:40.843,36.746666666667
Demo experiment,pioreactor02,2026-09-25T06:31:40.843Z,0.152674969013,45,3,2026-09-25 12:16:40.843,36.746666666667
Demo experiment,pioreactor02,2026-09-25T06:31:40.843Z,0.042297823088,135,4,2026-09-25 12:16:40.843,36.746666666667
Demo experiment,pioreactor02,2026-09-25T06:31:45.883Z,0.0,90,2,2026-09-25 12:16:45.883,36.748055555556
Demo experiment,pioreactor02,2026-09-25T06:31:45.883Z,0.152620412247,45,3,2026-09-25 12:16:45.883,36.748055555556
Demo experiment,pioreactor02,2026-09-25T06:31:45.883Z,0.042373872891,135,4,2026-09-25 12:16:45.883,36.748055555556
Demo experiment,pioreactor02,2026-09-25T06:31:50.806Z,0.0,90,2,2026-09-25 12:16:50.806,36.749444444444
Demo experiment,pioreactor02,2026-09-25T06:31:50.806Z,0.152711561195,45,3,2026-09-25 12:16:50.806,36.749444444444
Demo experiment,pioreactor02,2026-09-25T06:31:50.806Z,0.042328080703,135,4,2026-09-25 12:16:50.806,36.749444444444
Demo experiment,pioreactor02,2026-09-25T06:39:50.111Z,0.0,90,2,2026-09-25 12:24:50.111,36.882777777778
Demo experiment,pioreactor02,2026-09-25T06:39:50.111Z,0.14889230196,45,3,2026-09-25 12:24:50.111,36.882777777778
Demo experiment,pioreactor02,2026-09-25T06:39:50.111Z,0.017220833978,135,4,2026-09-25 12:24:50.111,36.882777777778
Demo experiment,pioreactor02,2026-09-25T06:39:55.099Z,0.0,90,2,2026-09-25 12:24:55.099,36.884166666667
Demo experiment,pioreactor02,2026-09-25T06:39:55.099Z,0.149413148913,45,3,2026-09-25 12:24:55.099,36.884166666667
Demo experiment,pioreactor02,2026-09-25T06:39:55.099Z,0.017314121798,135,4,2026-09-25 12:24:55.099,36.884166666667
Demo experiment,pioreactor02,2026-09-25T06:40:00.101Z,0.0,90,2,2026-09-25 12:25:00.101,36.885555555556
Demo experiment,pioreactor02,2026-09-25T06:40:00.101Z,0.149534496712,45,3,2026-09-25 12:25:00.101,36.885555555556
Demo experiment,pioreactor02,2026-09-25T06:40:00.101Z,0.017393566445,135,4,2026-09-25 12:25:00.101,36.885555555556
Demo experiment,pioreactor02,2026-09-25T06:40:05.100Z,0.0,90,2,2026-09-25 12:25:05.100,36.886944444444
Demo experiment,pioreactor02,2026-09-25T06:40:05.100Z,0.149758334244,45,3,2026-09-25 12:25:05.100,36.886944444444
Demo experiment,pioreactor02,2026-09-25T06:40:05.100Z,0.017442357602,135,4,2026-09-25 12:25:05.100,36.886944444444
Demo experiment,pioreactor02,2026-09-25T06:40:10.097Z,0.0,90,2,2026-09-25 12:25:10.097,36.888333333333
Demo experiment,pioreactor02,2026-09-25T06:40:10.097Z,0.150358433212,45,3,2026-09-25 12:25:10.097,36.888333333333
Demo experiment,pioreactor02,2026-09-25T06:40:10.097Z,0.017423170999,135,4,2026-09-25 12:25:10.097,36.888333333333
Demo experiment,pioreactor02,2026-09-25T06:40:15.100Z,0.0,90,2,2026-09-25 12:25:15.100,36.889722222222
Demo experiment,pioreactor02,2026-09-25T06:40:15.100Z,0.151023030985,45,3,2026-09-25 12:25:15.100,36.889722222222
Demo experiment,pioreactor02,2026-09-25T06:40:15.100Z,0.017524244629,135,4,2026-09-25 12:25:15.100,36.889722222222
Demo experiment,pioreactor02,2026-09-25T06:40:20.096Z,0.0,90,2,2026-09-25 12:25:20.096,36.891111111111
Demo experiment,pioreactor02,2026-09-25T06:40:20.096Z,0.151681102136,45,3,2026-09-25 12:25:20.096,36.891111111111
Demo experiment,pioreactor02,2026-09-25T06:40:20.096Z,0.017295326994,135,4,2026-09-25 12:25:20.096,36.891111111111
Demo experiment,pioreactor02,2026-09-25T06:40:25.104Z,0.0,90,2,2026-09-25 12:25:25.104,36.8925
Demo experiment,pioreactor02,2026-09-25T06:40:25.104Z,0.152178141679,45,3,2026-09-25 12:25:25.104,36.8925
Demo experiment,pioreactor02,2026-09-25T06:40:25.104Z,0.017605296475,135,4,2026-09-25 12:25:25.104,36.8925
Demo experiment,pioreactor02,2026-09-25T06:40:30.098Z,0.0,90,2,2026-09-25 12:25:30.098,36.893888888889
Demo experiment,pioreactor02,2026-09-25T06:40:30.098Z,0.152801473778,45,3,2026-09-25 12:25:30.098,36.893888888889
Demo experiment,pioreactor02,2026-09-25T06:40:30.098Z,0.018739836815,135,4,2026-09-25 12:25:30.098,36.893888888889
Demo experiment,pioreactor02,2026-09-25T06:40:35.097Z,0.0,90,2,2026-09-25 12:25:35.097,36.895277777778
Demo experiment,pioreactor02,2026-09-25T06:40:35.097Z,0.153893376081,45,3,2026-09-25 12:25:35.097,36.895277777778
Demo experiment,pioreactor02,2026-09-25T06:40:35.097Z,0.01898436302,135,4,2026-09-25 12:25:35.097,36.895277777778
Demo experiment,pioreactor02,2026-09-25T06:40:40.099Z,0.0,90,2,2026-09-25 12:25:40.099,36.896666666667
Demo experiment,pioreactor02,2026-09-25T06:40:40.099Z,0.155441473287,45,3,2026-09-25 12:25:40.099,36.896666666667
Demo experiment,pioreactor02,2026-09-25T06:40:40.099Z,0.019478110973,135,4,2026-09-25 12:25:40.099,36.896666666667
Demo experiment,pioreactor02,2026-09-25T06:40:45.099Z,0.0,90,2,2026-09-25 12:25:45.099,36.898055555556
Demo experiment,pioreactor02,2026-09-25T06:40:45.099Z,0.157627761142,45,3,2026-09-25 12:25:45.099,36.898055555556
Demo experiment,pioreactor02,2026-09-25T06:40:45.099Z,0.019855110978,135,4,2026-09-25 12:25:45.099,36.898055555556
Demo experiment,pioreactor02,2026-09-25T06:40:50.098Z,0.0,90,2,2026-09-25 12:25:50.098,36.899444444444
Demo experiment,pioreactor02,2026-09-25T06:40:50.098Z,0.158664449304,45,3,2026-09-25 12:25:50.098,36.899444444444
Demo experiment,pioreactor02,2026-09-25T06:40:50.098Z,0.020716488143,135,4,2026-09-25 12:25:50.098,36.899444444444
Demo experiment,pioreactor02,2026-09-25T06:40:55.100Z,0.0,90,2,2026-09-25 12:25:55.100,36.900833333333
Demo experiment,pioreactor02,2026-09-25T06:40:55.100Z,0.159595998212,45,3,2026-09-25 12:25:55.100,36.900833333333
Demo experiment,pioreactor02,2026-09-25T06:40:55.100Z,0.021647924151,135,4,2026-09-25 12:25:55.100,36.900833333333
Demo experiment,pioreactor02,2026-09-25T06:41:00.102Z,0.0,90,2,2026-09-25 12:26:00.102,36.902222222222
Demo experiment,pioreactor02,2026-09-25T06:41:00.102Z,0.160178773432,45,3,2026-09-25 12:26:00.102,36.902222222222
Demo experiment,pioreactor02,2026-09-25T06:41:00.102Z,0.022133516982,135,4,2026-09-25 12:26:00.102,36.902222222222
Demo experiment,pioreactor02,2026-09-25T06:41:05.101Z,0.0,90,2,2026-09-25 12:26:05.101,36.903611111111
Demo experiment,pioreactor02,2026-09-25T06:41:05.101Z,0.160654830138,45,3,2026-09-25 12:26:05.101,36.903611111111
Demo experiment,pioreactor02,2026-09-25T06:41:05.101Z,0.022432444239,135,4,2026-09-25 12:26:05.101,36.903611111111
Demo experiment,pioreactor02,2026-09-25T06:41:10.104Z,0.0,90,2,2026-09-25 12:26:10.104,36.905
Demo experiment,pioreactor02,2026-09-25T06:41:10.104Z,0.16114072116,45,3,2026-09-25 12:26:10.104,36.905
Demo experiment,pioreactor02,2026-09-25T06:41:10.104Z,0.023700067714,135,4,2026-09-25 12:26:10.104,36.905
Demo experiment,pioreactor02,2026-09-25T06:41:15.101Z,0.0,90,2,2026-09-25 12:26:15.101,36.906388888889
Demo experiment,pioreactor02,2026-09-25T06:41:15.101Z,0.161504598326,45,3,2026-09-25 12:26:15.101,36.906388888889
Demo experiment,pioreactor02,2026-09-25T06:41:15.101Z,0.024028992736,135,4,2026-09-25 12:26:15.101,36.906388888889
Demo experiment,pioreactor02,2026-09-25T06:41:20.098Z,0.0,90,2,2026-09-25 12:26:20.098,36.907777777778
Demo experiment,pioreactor02,2026-09-25T06:41:20.098Z,0.1617595942,45,3,2026-09-25 12:26:20.098,36.907777777778
Demo experiment,pioreactor02,2026-09-25T06:41:20.098Z,0.024107333096,135,4,2026-09-25 12:26:20.098,36.907777777778
Demo experiment,pioreactor02,2026-09-25T06:41:25.098Z,0.0,90,2,2026-09-25 12:26:25.098,36.909166666667
Demo experiment,pioreactor02,2026-09-25T06:41:25.098Z,0.161977832055,45,3,2026-09-25 12:26:25.098,36.909166666667
Demo experiment,pioreactor02,2026-09-25T06:41:25.098Z,0.023981730745,135,4,2026-09-25 12:26:25.098,36.909166666667
Demo experiment,pioreactor02,2026-09-25T06:41:30.098Z,0.0,90,2,2026-09-25 12:26:30.098,36.910555555556
Demo experiment,pioreactor02,2026-09-25T06:41:30.098Z,0.162385551025,45,3,2026-09-25 12:26:30.098,36.910555555556
Demo experiment,pioreactor02,2026-09-25T06:41:30.098Z,0.02432625615,135,4,2026-09-25 12:26:30.098,36.910555555556
Demo experiment,pioreactor02,2026-09-25T06:41:35.098Z,0.0,90,2,2026-09-25 12:26:35.098,36.911944444444
Demo experiment,pioreactor02,2026-09-25T06:41:35.098Z,0.162465925984,45,3,2026-09-25 12:26:35.098,36.911944444444
Demo experiment,pioreactor02,2026-09-25T06:41:35.098Z,0.024358801414,135,4,2026-09-25 12:26:35.098,36.911944444444
Demo experiment,pioreactor02,2026-09-25T06:41:40.099Z,0.0,90,2,2026-09-25 12:26:40.099,36.913333333333
Demo experiment,pioreactor02,2026-09-25T06:41:40.099Z,0.162623365228,45,3,2026-09-25 12:26:40.099,36.913333333333
Demo experiment,pioreactor02,2026-09-25T06:41:40.099Z,0.02477816682,135,4,2026-09-25 12:26:40.099,36.913333333333
Demo experiment,pioreactor02,2026-09-25T06:41:45.099Z,0.0,90,2,2026-09-25 12:26:45.099,36.914722222222
Demo experiment,pioreactor02,2026-09-25T06:41:45.099Z,0.162851678273,45,3,2026-09-25 12:26:45.099,36.914722222222
Demo experiment,pioreactor02,2026-09-25T06:41:45.099Z,0.02493965675,135,4,2026-09-25 12:26:45.099,36.914722222222
Demo experiment,pioreactor02,2026-09-25T06:41:50.098Z,0.0,90,2,2026-09-25 12:26:50.098,36.916111111111
Demo experiment,pioreactor02,2026-09-25T06:41:50.098Z,0.163218674478,45,3,2026-09-25 12:26:50.098,36.916111111111
Demo experiment,pioreactor02,2026-09-25T06:41:50.098Z,0.025126397947,135,4,2026-09-25 12:26:50.098,36.916111111111
Demo experiment,pioreactor02,2026-09-25T06:41:55.099Z,0.0,90,2,2026-09-25 12:26:55.099,36.9175
Demo experiment,pioreactor02,2026-09-25T06:41:55.099Z,0.16321273518,45,3,2026-09-25 12:26:55.099,36.9175
Demo experiment,pioreactor02,2026-09-25T06:41:55.099Z,0.025377764656,135,4,2026-09-25 12:26:55.099,36.9175
Demo experiment,pioreactor02,2026-09-25T06:42:00.100Z,0.0,90,2,2026-09-25 12:27:00.100,36.918888888889
Demo experiment,pioreactor02,2026-09-25T06:42:00.100Z,0.163302585993,45,3,2026-09-25 12:27:00.100,36.918888888889
Demo experiment,pioreactor02,2026-09-25T06:42:00.100Z,0.025725905927,135,4,2026-09-25 12:27:00.100,36.918888888889
Demo experiment,pioreactor02,2026-09-25T06:42:05.100Z,0.0,90,2,2026-09-25 12:27:05.100,36.920277777778
Demo experiment,pioreactor02,2026-09-25T06:42:05.100Z,0.163507239264,45,3,2026-09-25 12:27:05.100,36.920277777778
Demo experiment,pioreactor02,2026-09-25T06:42:05.100Z,0.025605150224,135,4,2026-09-25 12:27:05.100,36.920277777778
Demo experiment,pioreactor02,2026-09-25T06:42:10.098Z,0.0,90,2,2026-09-25 12:27:10.098,36.921666666667
Demo experiment,pioreactor02,2026-09-25T06:42:10.098Z,0.16361567976,45,3,2026-09-25 12:27:10.098,36.921666666667
Demo experiment,pioreactor02,2026-09-25T06:42:10.098Z,0.025328839414,135,4,2026-09-25 12:27:10.098,36.921666666667
Demo experiment,pioreactor02,2026-09-25T06:42:15.097Z,0.0,90,2,2026-09-25 12:27:15.097,36.923055555556
Demo experiment,pioreactor02,2026-09-25T06:42:15.097Z,0.163805559955,45,3,2026-09-25 12:27:15.097,36.923055555556
Demo experiment,pioreactor02,2026-09-25T06:42:15.097Z,0.026032814242,135,4,2026-09-25 12:27:15.097,36.923055555556
Demo experiment,pioreactor02,2026-09-25T06:42:20.099Z,0.0,90,2,2026-09-25 12:27:20.099,36.924444444444
Demo experiment,pioreactor02,2026-09-25T06:42:20.099Z,0.163886808428,45,3,2026-09-25 12:27:20.099,36.924444444444
Demo experiment,pioreactor02,2026-09-25T06:42:20.099Z,0.025903637572,135,4,2026-09-25 12:27:20.099,36.924444444444
Demo experiment,pioreactor02,2026-09-25T06:42:25.097Z,0.0,90,2,2026-09-25 12:27:25.097,36.925833333333
Demo experiment,pioreactor02,2026-09-25T06:42:25.097Z,0.163841313096,45,3,2026-09-25 12:27:25.097,36.925833333333
Demo experiment,pioreactor02,2026-09-25T06:42:25.097Z,0.025902018939,135,4,2026-09-25 12:27:25.097,36.925833333333
Demo experiment,pioreactor02,2026-09-25T06:42:30.102Z,0.0,90,2,2026-09-25 12:27:30.102,36.927222222222
Demo experiment,pioreactor02,2026-09-25T06:42:30.102Z,0.163870527655,45,3,2026-09-25 12:27:30.102,36.927222222222
Demo experiment,pioreactor02,2026-09-25T06:42:30.102Z,0.026011084462,135,4,2026-09-25 12:27:30.102,36.927222222222
Demo experiment,pioreactor02,2026-09-25T06:42:35.098Z,0.0,90,2,2026-09-25 12:27:35.098,36.928611111111
Demo experiment,pioreactor02,2026-09-25T06:42:35.098Z,0.164118406483,45,3,2026-09-25 12:27:35.098,36.928611111111
Demo experiment,pioreactor02,2026-09-25T06:42:35.098Z,0.026880636124,135,4,2026-09-25 12:27:35.098,36.928611111111
Demo experiment,pioreactor02,2026-09-25T06:42:40.099Z,0.0,90,2,2026-09-25 12:27:40.099,36.93
Demo experiment,pioreactor02,2026-09-25T06:42:40.099Z,0.164028134145,45,3,2026-09-25 12:27:40.099,36.93
Demo experiment,pioreactor02,2026-09-25T06:42:40.099Z,0.02621634884,135,4,2026-09-25 12:27:40.099,36.93
Demo experiment,pioreactor02,2026-09-25T06:42:45.099Z,0.0,90,2,2026-09-25 12:27:45.099,36.931388888889
Demo experiment,pioreactor02,2026-09-25T06:42:45.099Z,0.164002969567,45,3,2026-09-25 12:27:45.099,36.931388888889
Demo experiment,pioreactor02,2026-09-25T06:42:45.099Z,0.025948378782,135,4,2026-09-25 12:27:45.099,36.931388888889
Demo experiment,pioreactor02,2026-09-25T06:42:50.097Z,0.0,90,2,2026-09-25 12:27:50.097,36.932777777778
Demo experiment,pioreactor02,2026-09-25T06:42:50.097Z,0.164048720037,45,3,2026-09-25 12:27:50.097,36.932777777778
Demo experiment,pioreactor02,2026-09-25T06:42:50.097Z,0.025893209494,135,4,2026-09-25 12:27:50.097,36.932777777778
Demo experiment,pioreactor02,2026-09-25T06:42:55.098Z,0.0,90,2,2026-09-25 12:27:55.098,36.934166666667
Demo experiment,pioreactor02,2026-09-25T06:42:55.098Z,0.164168637702,45,3,2026-09-25 12:27:55.098,36.934166666667
Demo experiment,pioreactor02,2026-09-25T06:42:55.098Z,0.026836631397,135,4,2026-09-25 12:27:55.098,36.934166666667
Demo experiment,pioreactor02,2026-09-25T06:43:00.103Z,0.0,90,2,2026-09-25 12:28:00.103,36.935555555556
Demo experiment,pioreactor02,2026-09-25T06:43:00.103Z,0.163997907251,45,3,2026-09-25 12:28:00.103,36.935555555556
Demo experiment,pioreactor02,2026-09-25T06:43:00.103Z,0.02613557115,135,4,2026-09-25 12:28:00.103,36.935555555556
Demo experiment,pioreactor02,2026-09-25T06:43:05.103Z,0.0,90,2,2026-09-25 12:28:05.103,36.936944444444
Demo experiment,pioreactor02,2026-09-25T06:43:05.103Z,0.163521627997,45,3,2026-09-25 12:28:05.103,36.936944444444
Demo experiment,pioreactor02,2026-09-25T06:43:05.103Z,0.029321928179,135,4,2026-09-25 12:28:05.103,36.936944444444
Demo experiment,pioreactor02,2026-09-25T06:43:10.102Z,0.0,90,2,2026-09-25 12:28:10.102,36.938333333333
Demo experiment,pioreactor02,2026-09-25T06:43:10.102Z,0.163316804714,45,3,2026-09-25 12:28:10.102,36.938333333333
Demo experiment,pioreactor02,2026-09-25T06:43:10.102Z,0.031802796444,135,4,2026-09-25 12:28:10.102,36.938333333333
Demo experiment,pioreactor02,2026-09-25T06:43:15.100Z,0.0,90,2,2026-09-25 12:28:15.100,36.939722222222
Demo experiment,pioreactor02,2026-09-25T06:43:15.100Z,0.163286031595,45,3,2026-09-25 12:28:15.100,36.939722222222
Demo experiment,pioreactor02,2026-09-25T06:43:15.100Z,0.03080602778,135,4,2026-09-25 12:28:15.100,36.939722222222
Demo experiment,pioreactor02,2026-09-25T06:43:20.103Z,0.0,90,2,2026-09-25 12:28:20.103,36.941111111111
Demo experiment,pioreactor02,2026-09-25T06:43:20.103Z,0.162937926282,45,3,2026-09-25 12:28:20.103,36.941111111111
Demo experiment,pioreactor02,2026-09-25T06:43:20.103Z,0.028292458221,135,4,2026-09-25 12:28:20.103,36.941111111111
Demo experiment,pioreactor02,2026-09-25T06:43:25.101Z,0.0,90,2,2026-09-25 12:28:25.101,36.9425
Demo experiment,pioreactor02,2026-09-25T06:43:25.101Z,0.162932870261,45,3,2026-09-25 12:28:25.101,36.9425
Demo experiment,pioreactor02,2026-09-25T06:43:25.101Z,0.030111375591,135,4,2026-09-25 12:28:25.101,36.9425
Demo experiment,pioreactor02,2026-09-25T06:43:30.112Z,0.0,90,2,2026-09-25 12:28:30.112,36.943888888889
Demo experiment,pioreactor02,2026-09-25T06:43:30.112Z,0.163069918482,45,3,2026-09-25 12:28:30.112,36.943888888889
Demo experiment,pioreactor02,2026-09-25T06:43:30.112Z,0.030043124961,135,4,2026-09-25 12:28:30.112,36.943888888889
Demo experiment,pioreactor02,2026-09-25T06:43:35.104Z,0.0,90,2,2026-09-25 12:28:35.104,36.945277777778
Demo experiment,pioreactor02,2026-09-25T06:43:35.104Z,0.163027737904,45,3,2026-09-25 12:28:35.104,36.945277777778
Demo experiment,pioreactor02,2026-09-25T06:43:35.104Z,0.031850647729,135,4,2026-09-25 12:28:35.104,36.945277777778
Demo experiment,pioreactor02,2026-09-25T06:43:40.110Z,0.0,90,2,2026-09-25 12:28:40.110,36.946666666667
Demo experiment,pioreactor02,2026-09-25T06:43:40.110Z,0.163882259256,45,3,2026-09-25 12:28:40.110,36.946666666667
Demo experiment,pioreactor02,2026-09-25T06:43:40.110Z,0.033946047428,135,4,2026-09-25 12:28:40.110,36.946666666667
Demo experiment,pioreactor02,2026-09-25T06:43:45.100Z,0.0,90,2,2026-09-25 12:28:45.100,36.948055555556
Demo experiment,pioreactor02,2026-09-25T06:43:45.100Z,0.163968393474,45,3,2026-09-25 12:28:45.100,36.948055555556
Demo experiment,pioreactor02,2026-09-25T06:43:45.100Z,0.034028752214,135,4,2026-09-25 12:28:45.100,36.948055555556
Demo experiment,pioreactor02,2026-09-25T06:43:50.104Z,0.0,90,2,2026-09-25 12:28:50.104,36.949444444444
Demo experiment,pioreactor02,2026-09-25T06:43:50.104Z,0.164179062636,45,3,2026-09-25 12:28:50.104,36.949444444444
Demo experiment,pioreactor02,2026-09-25T06:43:50.104Z,0.042430069044,135,4,2026-09-25 12:28:50.104,36.949444444444
Demo experiment,pioreactor02,2026-09-25T06:43:55.104Z,0.0,90,2,2026-09-25 12:28:55.104,36.950833333333
Demo experiment,pioreactor02,2026-09-25T06:43:55.104Z,0.164340935881,45,3,2026-09-25 12:28:55.104,36.950833333333
Demo experiment,pioreactor02,2026-09-25T06:43:55.104Z,0.042249366693,135,4,2026-09-25 12:28:55.104,36.950833333333
Demo experiment,pioreactor02,2026-09-25T06:44:00.105Z,0.0,90,2,2026-09-25 12:29:00.105,36.952222222222
Demo experiment,pioreactor02,2026-09-25T06:44:00.105Z,0.163874195094,45,3,2026-09-25 12:29:00.105,36.952222222222
Demo experiment,pioreactor02,2026-09-25T06:44:00.105Z,0.034640979872,135,4,2026-09-25 12:29:00.105,36.952222222222
Demo experiment,pioreactor02,2026-09-25T06:44:05.104Z,0.0,90,2,2026-09-25 12:29:05.104,36.953611111111
Demo experiment,pioreactor02,2026-09-25T06:44:05.104Z,0.16401720538,45,3,2026-09-25 12:29:05.104,36.953611111111
Demo experiment,pioreactor02,2026-09-25T06:44:05.104Z,0.036035119262,135,4,2026-09-25 12:29:05.104,36.953611111111
Demo experiment,pioreactor02,2026-09-25T06:44:10.104Z,0.0,90,2,2026-09-25 12:29:10.104,36.955
Demo experiment,pioreactor02,2026-09-25T06:44:10.104Z,0.164211862608,45,3,2026-09-25 12:29:10.104,36.955
Demo experiment,pioreactor02,2026-09-25T06:44:10.104Z,0.03623397596,135,4,2026-09-25 12:29:10.104,36.955
Demo experiment,pioreactor02,2026-09-25T06:44:15.102Z,0.0,90,2,2026-09-25 12:29:15.102,36.956388888889
Demo experiment,pioreactor02,2026-09-25T06:44:15.102Z,0.164261837827,45,3,2026-09-25 12:29:15.102,36.956388888889
Demo experiment,pioreactor02,2026-09-25T06:44:15.102Z,0.036693966307,135,4,2026-09-25 12:29:15.102,36.956388888889
Demo experiment,pioreactor02,2026-09-25T06:44:20.105Z,0.0,90,2,2026-09-25 12:29:20.105,36.957777777778
Demo experiment,pioreactor02,2026-09-25T06:44:20.105Z,0.163912200297,45,3,2026-09-25 12:29:20.105,36.957777777778
Demo experiment,pioreactor02,2026-09-25T06:44:20.105Z,0.032911008716,135,4,2026-09-25 12:29:20.105,36.957777777778
Demo experiment,pioreactor02,2026-09-25T06:44:25.109Z,0.0,90,2,2026-09-25 12:29:25.109,36.959166666667
Demo experiment,pioreactor02,2026-09-25T06:44:25.109Z,0.164262210019,45,3,2026-09-25 12:29:25.109,36.959166666667
Demo experiment,pioreactor02,2026-09-25T06:44:25.109Z,0.034559794648,135,4,2026-09-25 12:29:25.109,36.959166666667
Demo experiment,pioreactor02,2026-09-25T06:44:30.101Z,0.0,90,2,2026-09-25 12:29:30.101,36.960555555556
Demo experiment,pioreactor02,2026-09-25T06:44:30.101Z,0.164312423177,45,3,2026-09-25 12:29:30.101,36.960555555556
Demo experiment,pioreactor02,2026-09-25T06:44:30.101Z,0.035982064849,135,4,2026-09-25 12:29:30.101,36.960555555556
Demo experiment,pioreactor02,2026-09-25T06:44:35.104Z,0.0,90,2,2026-09-25 12:29:35.104,36.961944444444
Demo experiment,pioreactor02,2026-09-25T06:44:35.104Z,0.164632338664,45,3,2026-09-25 12:29:35.104,36.961944444444
Demo experiment,pioreactor02,2026-09-25T06:44:35.104Z,0.047668569023,135,4,2026-09-25 12:29:35.104,36.961944444444
Demo experiment,pioreactor02,2026-09-25T06:44:40.104Z,0.0,90,2,2026-09-25 12:29:40.104,36.963333333333
Demo experiment,pioreactor02,2026-09-25T06:44:40.104Z,0.164382913633,45,3,2026-09-25 12:29:40.104,36.963333333333
Demo experiment,pioreactor02,2026-09-25T06:44:40.104Z,0.038148687741,135,4,2026-09-25 12:29:40.104,36.963333333333
Demo experiment,pioreactor02,2026-09-25T06:44:45.102Z,0.0,90,2,2026-09-25 12:29:45.102,36.964722222222
Demo experiment,pioreactor02,2026-09-25T06:44:45.102Z,0.164929097944,45,3,2026-09-25 12:29:45.102,36.964722222222
Demo experiment,pioreactor02,2026-09-25T06:44:45.102Z,0.043678242864,135,4,2026-09-25 12:29:45.102,36.964722222222
Demo experiment,pioreactor02,2026-09-25T06:44:50.110Z,0.0,90,2,2026-09-25 12:29:50.110,36.966111111111
Demo experiment,pioreactor02,2026-09-25T06:44:50.110Z,0.164797941747,45,3,2026-09-25 12:29:50.110,36.966111111111
Demo experiment,pioreactor02,2026-09-25T06:44:50.110Z,0.039912945077,135,4,2026-09-25 12:29:50.110,36.966111111111
Demo experiment,pioreactor02,2026-09-25T06:44:55.101Z,0.0,90,2,2026-09-25 12:29:55.101,36.9675
Demo experiment,pioreactor02,2026-09-25T06:44:55.101Z,0.164673920684,45,3,2026-09-25 12:29:55.101,36.9675
Demo experiment,pioreactor02,2026-09-25T06:44:55.101Z,0.034267333541,135,4,2026-09-25 12:29:55.101,36.9675
Demo experiment,pioreactor02,2026-09-25T06:45:00.102Z,0.0,90,2,2026-09-25 12:30:00.102,36.968888888889
Demo experiment,pioreactor02,2026-09-25T06:45:00.102Z,0.164835458674,45,3,2026-09-25 12:30:00.102,36.968888888889
Demo experiment,pioreactor02,2026-09-25T06:45:00.102Z,0.044765286094,135,4,2026-09-25 12:30:00.102,36.968888888889
Demo experiment,pioreactor02,2026-09-25T06:45:05.102Z,0.0,90,2,2026-09-25 12:30:05.102,36.970277777778
Demo experiment,pioreactor02,2026-09-25T06:45:05.102Z,0.165763070233,45,3,2026-09-25 12:30:05.102,36.970277777778
Demo experiment,pioreactor02,2026-09-25T06:45:05.102Z,0.042938173163,135,4,2026-09-25 12:30:05.102,36.970277777778
Demo experiment,pioreactor02,2026-09-25T06:45:10.100Z,0.0,90,2,2026-09-25 12:30:10.100,36.971666666667
Demo experiment,pioreactor02,2026-09-25T06:45:10.100Z,0.165425552649,45,3,2026-09-25 12:30:10.100,36.971666666667
Demo experiment,pioreactor02,2026-09-25T06:45:10.100Z,0.037133602081,135,4,2026-09-25 12:30:10.100,36.971666666667
Demo experiment,pioreactor02,2026-09-25T06:45:15.101Z,0.0,90,2,2026-09-25 12:30:15.101,36.973055555556
Demo experiment,pioreactor02,2026-09-25T06:45:15.101Z,0.165184888475,45,3,2026-09-25 12:30:15.101,36.973055555556
Demo experiment,pioreactor02,2026-09-25T06:45:15.101Z,0.038093884708,135,4,2026-09-25 12:30:15.101,36.973055555556
Demo experiment,pioreactor02,2026-09-25T06:45:20.099Z,0.0,90,2,2026-09-25 12:30:20.099,36.974444444444
Demo experiment,pioreactor02,2026-09-25T06:45:20.099Z,0.164646269471,45,3,2026-09-25 12:30:20.099,36.974444444444
Demo experiment,pioreactor02,2026-09-25T06:45:20.099Z,0.035199840633,135,4,2026-09-25 12:30:20.099,36.974444444444
Demo experiment,pioreactor02,2026-09-25T06:45:25.098Z,0.0,90,2,2026-09-25 12:30:25.098,36.975833333333
Demo experiment,pioreactor02,2026-09-25T06:45:25.098Z,0.165089175761,45,3,2026-09-25 12:30:25.098,36.975833333333
Demo experiment,pioreactor02,2026-09-25T06:45:25.098Z,0.046452800483,135,4,2026-09-25 12:30:25.098,36.975833333333
Demo experiment,pioreactor02,2026-09-25T06:45:30.101Z,0.0,90,2,2026-09-25 12:30:30.101,36.977222222222
Demo experiment,pioreactor02,2026-09-25T06:45:30.101Z,0.16511805343,45,3,2026-09-25 12:30:30.101,36.977222222222
Demo experiment,pioreactor02,2026-09-25T06:45:30.101Z,0.048825083932,135,4,2026-09-25 12:30:30.101,36.977222222222
Demo experiment,pioreactor02,2026-09-25T06:45:35.097Z,0.0,90,2,2026-09-25 12:30:35.097,36.978611111111
Demo experiment,pioreactor02,2026-09-25T06:45:35.097Z,0.165243444491,45,3,2026-09-25 12:30:35.097,36.978611111111
Demo experiment,pioreactor02,2026-09-25T06:45:35.097Z,0.043589579342,135,4,2026-09-25 12:30:35.097,36.978611111111
Demo experiment,pioreactor02,2026-09-25T06:45:40.096Z,0.0,90,2,2026-09-25 12:30:40.096,36.98
Demo experiment,pioreactor02,2026-09-25T06:45:40.096Z,0.164801752651,45,3,2026-09-25 12:30:40.096,36.98
Demo experiment,pioreactor02,2026-09-25T06:45:40.096Z,0.036901058159,135,4,2026-09-25 12:30:40.096,36.98
Demo experiment,pioreactor02,2026-09-25T06:45:45.098Z,0.0,90,2,2026-09-25 12:30:45.098,36.981388888889
Demo experiment,pioreactor02,2026-09-25T06:45:45.098Z,0.165438591727,45,3,2026-09-25 12:30:45.098,36.981388888889
Demo experiment,pioreactor02,2026-09-25T06:45:45.098Z,0.050321482713,135,4,2026-09-25 12:30:45.098,36.981388888889
Demo experiment,pioreactor02,2026-09-25T06:45:50.097Z,0.0,90,2,2026-09-25 12:30:50.097,36.982777777778
Demo experiment,pioreactor02,2026-09-25T06:45:50.097Z,0.165800237662,45,3,2026-09-25 12:30:50.097,36.982777777778
Demo experiment,pioreactor02,2026-09-25T06:45:50.097Z,0.053833148449,135,4,2026-09-25 12:30:50.097,36.982777777778
Demo experiment,pioreactor02,2026-09-25T06:45:55.099Z,0.0,90,2,2026-09-25 12:30:55.099,36.984166666667
Demo experiment,pioreactor02,2026-09-25T06:45:55.099Z,0.164080750264,45,3,2026-09-25 12:30:55.099,36.984166666667
Demo experiment,pioreactor02,2026-09-25T06:45:55.099Z,0.040321917628,135,4,2026-09-25 12:30:55.099,36.984166666667
Demo experiment,pioreactor02,2026-09-25T06:46:00.098Z,0.0,90,2,2026-09-25 12:31:00.098,36.985555555556
Demo experiment,pioreactor02,2026-09-25T06:46:00.098Z,0.163425861931,45,3,2026-09-25 12:31:00.098,36.985555555556
Demo experiment,pioreactor02,2026-09-25T06:46:00.098Z,0.0392141554,135,4,2026-09-25 12:31:00.098,36.985555555556
Demo experiment,pioreactor02,2026-09-25T06:46:05.097Z,0.0,90,2,2026-09-25 12:31:05.097,36.986944444444
Demo experiment,pioreactor02,2026-09-25T06:46:05.097Z,0.163135493654,45,3,2026-09-25 12:31:05.097,36.986944444444
Demo experiment,pioreactor02,2026-09-25T06:46:05.097Z,0.033719950098,135,4,2026-09-25 12:31:05.097,36.986944444444
Demo experiment,pioreactor02,2026-09-25T06:46:10.099Z,0.0,90,2,2026-09-25 12:31:10.099,36.988333333333
Demo experiment,pioreactor02,2026-09-25T06:46:10.099Z,0.163301941502,45,3,2026-09-25 12:31:10.099,36.988333333333
Demo experiment,pioreactor02,2026-09-25T06:46:10.099Z,0.034324798572,135,4,2026-09-25 12:31:10.099,36.988333333333
Demo experiment,pioreactor02,2026-09-25T06:46:15.097Z,0.0,90,2,2026-09-25 12:31:15.097,36.989722222222
Demo experiment,pioreactor02,2026-09-25T06:46:15.097Z,0.16344632278,45,3,2026-09-25 12:31:15.097,36.989722222222
Demo experiment,pioreactor02,2026-09-25T06:46:15.097Z,0.035432366345,135,4,2026-09-25 12:31:15.097,36.989722222222
Demo experiment,pioreactor02,2026-09-25T06:46:20.097Z,0.0,90,2,2026-09-25 12:31:20.097,36.991111111111
Demo experiment,pioreactor02,2026-09-25T06:46:20.097Z,0.163288915182,45,3,2026-09-25 12:31:20.097,36.991111111111
Demo experiment,pioreactor02,2026-09-25T06:46:20.097Z,0.033409232628,135,4,2026-09-25 12:31:20.097,36.991111111111
Demo experiment,pioreactor02,2026-09-25T06:46:25.099Z,0.0,90,2,2026-09-25 12:31:25.099,36.9925
Demo experiment,pioreactor02,2026-09-25T06:46:25.099Z,0.163138016231,45,3,2026-09-25 12:31:25.099,36.9925
Demo experiment,pioreactor02,2026-09-25T06:46:25.099Z,0.031601621693,135,4,2026-09-25 12:31:25.099,36.9925
Demo experiment,pioreactor02,2026-09-25T06:46:30.098Z,0.0,90,2,2026-09-25 12:31:30.098,36.993888888889
Demo experiment,pioreactor02,2026-09-25T06:46:30.098Z,0.1636140538,45,3,2026-09-25 12:31:30.098,36.993888888889
Demo experiment,pioreactor02,2026-09-25T06:46:30.098Z,0.035910368247,135,4,2026-09-25 12:31:30.098,36.993888888889
Demo experiment,pioreactor02,2026-09-25T06:46:35.096Z,0.0,90,2,2026-09-25 12:31:35.096,36.995277777778
Demo experiment,pioreactor02,2026-09-25T06:46:35.096Z,0.164019848127,45,3,2026-09-25 12:31:35.096,36.995277777778
Demo experiment,pioreactor02,2026-09-25T06:46:35.096Z,0.0366718365,135,4,2026-09-25 12:31:35.096,36.995277777778
Demo experiment,pioreactor02,2026-09-25T06:46:40.099Z,0.0,90,2,2026-09-25 12:31:40.099,36.996666666667
Demo experiment,pioreactor02,2026-09-25T06:46:40.099Z,0.164201558733,45,3,2026-09-25 12:31:40.099,36.996666666667
Demo experiment,pioreactor02,2026-09-25T06:46:40.099Z,0.042089728019,135,4,2026-09-25 12:31:40.099,36.996666666667
Demo experiment,pioreactor02,2026-09-25T06:46:45.100Z,0.0,90,2,2026-09-25 12:31:45.100,36.998055555556
Demo experiment,pioreactor02,2026-09-25T06:46:45.100Z,0.163607842951,45,3,2026-09-25 12:31:45.100,36.998055555556
Demo experiment,pioreactor02,2026-09-25T06:46:45.100Z,0.034397290471,135,4,2026-09-25 12:31:45.100,36.998055555556
Demo experiment,pioreactor02,2026-09-25T06:46:50.099Z,0.0,90,2,2026-09-25 12:31:50.099,36.999444444444
Demo experiment,pioreactor02,2026-09-25T06:46:50.099Z,0.163520393773,45,3,2026-09-25 12:31:50.099,36.999444444444
Demo experiment,pioreactor02,2026-09-25T06:46:50.099Z,0.031652529532,135,4,2026-09-25 12:31:50.099,36.999444444444
Demo experiment,pioreactor02,2026-09-25T06:46:55.096Z,0.0,90,2,2026-09-25 12:31:55.096,37.000833333333
Demo experiment,pioreactor02,2026-09-25T06:46:55.096Z,0.163962799443,45,3,2026-09-25 12:31:55.096,37.000833333333
Demo experiment,pioreactor02,2026-09-25T06:46:55.096Z,0.030556603412,135,4,2026-09-25 12:31:55.096,37.000833333333
Demo experiment,pioreactor02,2026-09-25T06:47:00.097Z,0.0,90,2,2026-09-25 12:32:00.097,37.002222222222
Demo experiment,pioreactor02,2026-09-25T06:47:00.097Z,0.164053738359,45,3,2026-09-25 12:32:00.097,37.002222222222
Demo experiment,pioreactor02,2026-09-25T06:47:00.097Z,0.032306892873,135,4,2026-09-25 12:32:00.097,37.002222222222
Demo experiment,pioreactor02,2026-09-25T06:47:05.099Z,0.0,90,2,2026-09-25 12:32:05.099,37.003611111111
Demo experiment,pioreactor02,2026-09-25T06:47:05.099Z,0.163810234252,45,3,2026-09-25 12:32:05.099,37.003611111111
Demo experiment,pioreactor02,2026-09-25T06:47:05.099Z,0.030029553045,135,4,2026-09-25 12:32:05.099,37.003611111111
Demo experiment,pioreactor02,2026-09-25T06:47:10.097Z,0.0,90,2,2026-09-25 12:32:10.097,37.005
Demo experiment,pioreactor02,2026-09-25T06:47:10.097Z,0.164423964235,45,3,2026-09-25 12:32:10.097,37.005
Demo experiment,pioreactor02,2026-09-25T06:47:10.097Z,0.035630102288,135,4,2026-09-25 12:32:10.097,37.005
Demo experiment,pioreactor02,2026-09-25T06:47:15.096Z,0.0,90,2,2026-09-25 12:32:15.096,37.006388888889
Demo experiment,pioreactor02,2026-09-25T06:47:15.096Z,0.164701853198,45,3,2026-09-25 12:32:15.096,37.006388888889
Demo experiment,pioreactor02,2026-09-25T06:47:15.096Z,0.038048398792,135,4,2026-09-25 12:32:15.096,37.006388888889
Demo experiment,pioreactor02,2026-09-25T06:47:20.098Z,0.0,90,2,2026-09-25 12:32:20.098,37.007777777778
Demo experiment,pioreactor02,2026-09-25T06:47:20.098Z,0.16475879536,45,3,2026-09-25 12:32:20.098,37.007777777778
Demo experiment,pioreactor02,2026-09-25T06:47:20.098Z,0.043775907239,135,4,2026-09-25 12:32:20.098,37.007777777778
Demo experiment,pioreactor02,2026-09-25T06:47:25.100Z,0.0,90,2,2026-09-25 12:32:25.100,37.009166666667
Demo experiment,pioreactor02,2026-09-25T06:47:25.100Z,0.164646620699,45,3,2026-09-25 12:32:25.100,37.009166666667
Demo experiment,pioreactor02,2026-09-25T06:47:25.100Z,0.042935407621,135,4,2026-09-25 12:32:25.100,37.009166666667
Demo experiment,pioreactor02,2026-09-25T06:47:30.098Z,0.0,90,2,2026-09-25 12:32:30.098,37.010555555556
Demo experiment,pioreactor02,2026-09-25T06:47:30.098Z,0.164236650316,45,3,2026-09-25 12:32:30.098,37.010555555556
Demo experiment,pioreactor02,2026-09-25T06:47:30.098Z,0.035964314101,135,4,2026-09-25 12:32:30.098,37.010555555556
Demo experiment,pioreactor02,2026-09-25T06:47:35.100Z,0.0,90,2,2026-09-25 12:32:35.100,37.011944444444
Demo experiment,pioreactor02,2026-09-25T06:47:35.100Z,0.164904911633,45,3,2026-09-25 12:32:35.100,37.011944444444
Demo experiment,pioreactor02,2026-09-25T06:47:35.100Z,0.045808763894,135,4,2026-09-25 12:32:35.100,37.011944444444
Demo experiment,pioreactor02,2026-09-25T06:47:40.096Z,0.0,90,2,2026-09-25 12:32:40.096,37.013333333333
Demo experiment,pioreactor02,2026-09-25T06:47:40.096Z,0.16477425435,45,3,2026-09-25 12:32:40.096,37.013333333333
Demo experiment,pioreactor02,2026-09-25T06:47:40.096Z,0.040134701417,135,4,2026-09-25 12:32:40.096,37.013333333333
Demo experiment,pioreactor02,2026-09-25T06:47:45.097Z,0.0,90,2,2026-09-25 12:32:45.097,37.014722222222
Demo experiment,pioreactor02,2026-09-25T06:47:45.097Z,0.165111723482,45,3,2026-09-25 12:32:45.097,37.014722222222
Demo experiment,pioreactor02,2026-09-25T06:47:45.097Z,0.046022531408,135,4,2026-09-25 12:32:45.097,37.014722222222
Demo experiment,pioreactor02,2026-09-25T06:47:50.099Z,0.0,90,2,2026-09-25 12:32:50.099,37.016111111111
Demo experiment,pioreactor02,2026-09-25T06:47:50.099Z,0.165217357331,45,3,2026-09-25 12:32:50.099,37.016111111111
Demo experiment,pioreactor02,2026-09-25T06:47:50.099Z,0.049205628951,135,4,2026-09-25 12:32:50.099,37.016111111111
Demo experiment,pioreactor02,2026-09-25T06:47:55.100Z,0.0,90,2,2026-09-25 12:32:55.100,37.0175
Demo experiment,pioreactor02,2026-09-25T06:47:55.100Z,0.164531917796,45,3,2026-09-25 12:32:55.100,37.0175
Demo experiment,pioreactor02,2026-09-25T06:47:55.100Z,0.038676332688,135,4,2026-09-25 12:32:55.100,37.0175
Demo experiment,pioreactor02,2026-09-25T06:48:00.097Z,0.0,90,2,2026-09-25 12:33:00.097,37.018888888889
Demo experiment,pioreactor02,2026-09-25T06:48:00.097Z,0.164990675924,45,3,2026-09-25 12:33:00.097,37.018888888889
Demo experiment,pioreactor02,2026-09-25T06:48:00.097Z,0.053106798281,135,4,2026-09-25 12:33:00.097,37.018888888889
Demo experiment,pioreactor02,2026-09-25T06:48:05.099Z,0.0,90,2,2026-09-25 12:33:05.099,37.020277777778
Demo experiment,pioreactor02,2026-09-25T06:48:05.099Z,0.165142421383,45,3,2026-09-25 12:33:05.099,37.020277777778
Demo experiment,pioreactor02,2026-09-25T06:48:05.099Z,0.047180318596,135,4,2026-09-25 12:33:05.099,37.020277777778
Demo experiment,pioreactor02,2026-09-25T06:48:10.096Z,0.0,90,2,2026-09-25 12:33:10.096,37.021666666667
Demo experiment,pioreactor02,2026-09-25T06:48:10.096Z,0.165212460248,45,3,2026-09-25 12:33:10.096,37.021666666667
Demo experiment,pioreactor02,2026-09-25T06:48:10.096Z,0.041374034669,135,4,2026-09-25 12:33:10.096,37.021666666667
Demo experiment,pioreactor02,2026-09-25T06:48:15.096Z,0.0,90,2,2026-09-25 12:33:15.096,37.023055555556
Demo experiment,pioreactor02,2026-09-25T06:48:15.096Z,0.164689380169,45,3,2026-09-25 12:33:15.096,37.023055555556
Demo experiment,pioreactor02,2026-09-25T06:48:15.096Z,0.035339079783,135,4,2026-09-25 12:33:15.096,37.023055555556
Demo experiment,pioreactor02,2026-09-25T06:48:20.096Z,0.0,90,2,2026-09-25 12:33:20.096,37.024444444444
Demo experiment,pioreactor02,2026-09-25T06:48:20.096Z,0.164367447264,45,3,2026-09-25 12:33:20.096,37.024444444444
Demo experiment,pioreactor02,2026-09-25T06:48:20.096Z,0.034202466187,135,4,2026-09-25 12:33:20.096,37.024444444444
Demo experiment,pioreactor02,2026-09-25T06:48:25.099Z,0.0,90,2,2026-09-25 12:33:25.099,37.025833333333
Demo experiment,pioreactor02,2026-09-25T06:48:25.099Z,0.165285238261,45,3,2026-09-25 12:33:25.099,37.025833333333
Demo experiment,pioreactor02,2026-09-25T06:48:25.099Z,0.040837771271,135,4,2026-09-25 12:33:25.099,37.025833333333
Demo experiment,pioreactor02,2026-09-25T06:48:30.098Z,0.0,90,2,2026-09-25 12:33:30.098,37.027222222222
Demo experiment,pioreactor02,2026-09-25T06:48:30.098Z,0.1656416525,45,3,2026-09-25 12:33:30.098,37.027222222222
Demo experiment,pioreactor02,2026-09-25T06:48:30.098Z,0.047261199208,135,4,2026-09-25 12:33:30.098,37.027222222222
Demo experiment,pioreactor02,2026-09-25T06:48:35.098Z,0.0,90,2,2026-09-25 12:33:35.098,37.028611111111
Demo experiment,pioreactor02,2026-09-25T06:48:35.098Z,0.165017012607,45,3,2026-09-25 12:33:35.098,37.028611111111
Demo experiment,pioreactor02,2026-09-25T06:48:35.098Z,0.037989518366,135,4,2026-09-25 12:33:35.098,37.028611111111
Demo experiment,pioreactor02,2026-09-25T06:48:40.098Z,0.0,90,2,2026-09-25 12:33:40.098,37.03
Demo experiment,pioreactor02,2026-09-25T06:48:40.098Z,0.16489549813,45,3,2026-09-25 12:33:40.098,37.03
Demo experiment,pioreactor02,2026-09-25T06:48:40.098Z,0.03658239007,135,4,2026-09-25 12:33:40.098,37.03
Demo experiment,pioreactor02,2026-09-25T06:48:45.098Z,0.0,90,2,2026-09-25 12:33:45.098,37.031388888889
Demo experiment,pioreactor02,2026-09-25T06:48:45.098Z,0.165010257806,45,3,2026-09-25 12:33:45.098,37.031388888889
Demo experiment,pioreactor02,2026-09-25T06:48:45.098Z,0.041661864811,135,4,2026-09-25 12:33:45.098,37.031388888889
Demo experiment,pioreactor02,2026-09-25T06:48:50.096Z,0.0,90,2,2026-09-25 12:33:50.096,37.032777777778
Demo experiment,pioreactor02,2026-09-25T06:48:50.096Z,0.16470663134,45,3,2026-09-25 12:33:50.096,37.032777777778
Demo experiment,pioreactor02,2026-09-25T06:48:50.096Z,0.049874717659,135,4,2026-09-25 12:33:50.096,37.032777777778
Demo experiment,pioreactor02,2026-09-25T06:48:55.097Z,0.0,90,2,2026-09-25 12:33:55.097,37.034166666667
Demo experiment,pioreactor02,2026-09-25T06:48:55.097Z,0.164637571537,45,3,2026-09-25 12:33:55.097,37.034166666667
Demo experiment,pioreactor02,2026-09-25T06:48:55.097Z,0.044838775424,135,4,2026-09-25 12:33:55.097,37.034166666667
Demo experiment,pioreactor02,2026-09-25T06:49:00.098Z,0.0,90,2,2026-09-25 12:34:00.098,37.035555555556
Demo experiment,pioreactor02,2026-09-25T06:49:00.098Z,0.164543117913,45,3,2026-09-25 12:34:00.098,37.035555555556
Demo experiment,pioreactor02,2026-09-25T06:49:00.098Z,0.04126484636,135,4,2026-09-25 12:34:00.098,37.035555555556
Demo experiment,pioreactor02,2026-09-25T06:49:05.098Z,0.0,90,2,2026-09-25 12:34:05.098,37.036944444444
Demo experiment,pioreactor02,2026-09-25T06:49:05.098Z,0.165094184582,45,3,2026-09-25 12:34:05.098,37.036944444444
Demo experiment,pioreactor02,2026-09-25T06:49:05.098Z,0.044258144045,135,4,2026-09-25 12:34:05.098,37.036944444444
Demo experiment,pioreactor02,2026-09-25T06:49:10.096Z,0.0,90,2,2026-09-25 12:34:10.096,37.038333333333
Demo experiment,pioreactor02,2026-09-25T06:49:10.096Z,0.165569897831,45,3,2026-09-25 12:34:10.096,37.038333333333
Demo experiment,pioreactor02,2026-09-25T06:49:10.096Z,0.04740658368,135,4,2026-09-25 12:34:10.096,37.038333333333
Demo experiment,pioreactor02,2026-09-25T06:49:15.096Z,0.0,90,2,2026-09-25 12:34:15.096,37.039722222222
Demo experiment,pioreactor02,2026-09-25T06:49:15.096Z,0.165608247031,45,3,2026-09-25 12:34:15.096,37.039722222222
Demo experiment,pioreactor02,2026-09-25T06:49:15.096Z,0.046787642141,135,4,2026-09-25 12:34:15.096,37.039722222222
Demo experiment,pioreactor02,2026-09-25T06:49:20.096Z,0.0,90,2,2026-09-25 12:34:20.096,37.041111111111
Demo experiment,pioreactor02,2026-09-25T06:49:20.096Z,0.164932369209,45,3,2026-09-25 12:34:20.096,37.041111111111
Demo experiment,pioreactor02,2026-09-25T06:49:20.096Z,0.037372979406,135,4,2026-09-25 12:34:20.096,37.041111111111
Demo experiment,pioreactor02,2026-09-25T06:49:25.097Z,0.0,90,2,2026-09-25 12:34:25.097,37.0425
Demo experiment,pioreactor02,2026-09-25T06:49:25.097Z,0.164876793053,45,3,2026-09-25 12:34:25.097,37.0425
Demo experiment,pioreactor02,2026-09-25T06:49:25.097Z,0.035388944376,135,4,2026-09-25 12:34:25.097,37.0425
Demo experiment,pioreactor02,2026-09-25T06:49:30.097Z,0.0,90,2,2026-09-25 12:34:30.097,37.043888888889
Demo experiment,pioreactor02,2026-09-25T06:49:30.097Z,0.164389366984,45,3,2026-09-25 12:34:30.097,37.043888888889
Demo experiment,pioreactor02,2026-09-25T06:49:30.097Z,0.036902271858,135,4,2026-09-25 12:34:30.097,37.043888888889
Demo experiment,pioreactor02,2026-09-25T06:49:35.096Z,0.0,90,2,2026-09-25 12:34:35.096,37.045277777778
Demo experiment,pioreactor02,2026-09-25T06:49:35.096Z,0.164077183017,45,3,2026-09-25 12:34:35.096,37.045277777778
Demo experiment,pioreactor02,2026-09-25T06:49:35.096Z,0.03806604239,135,4,2026-09-25 12:34:35.096,37.045277777778
Demo experiment,pioreactor02,2026-09-25T06:49:40.097Z,0.0,90,2,2026-09-25 12:34:40.097,37.046666666667
Demo experiment,pioreactor02,2026-09-25T06:49:40.097Z,0.164514429886,45,3,2026-09-25 12:34:40.097,37.046666666667
Demo experiment,pioreactor02,2026-09-25T06:49:40.097Z,0.047367192391,135,4,2026-09-25 12:34:40.097,37.046666666667
Demo experiment,pioreactor02,2026-09-25T06:49:45.097Z,0.0,90,2,2026-09-25 12:34:45.097,37.048055555556
Demo experiment,pioreactor02,2026-09-25T06:49:45.097Z,0.164236885248,45,3,2026-09-25 12:34:45.097,37.048055555556
Demo experiment,pioreactor02,2026-09-25T06:49:45.097Z,0.040208613017,135,4,2026-09-25 12:34:45.097,37.048055555556
Demo experiment,pioreactor02,2026-09-25T06:49:50.098Z,0.0,90,2,2026-09-25 12:34:50.098,37.049444444444
Demo experiment,pioreactor02,2026-09-25T06:49:50.098Z,0.163816358577,45,3,2026-09-25 12:34:50.098,37.049444444444
Demo experiment,pioreactor02,2026-09-25T06:49:50.098Z,0.038310620586,135,4,2026-09-25 12:34:50.098,37.049444444444
Demo experiment,pioreactor02,2026-09-25T06:49:55.097Z,0.0,90,2,2026-09-25 12:34:55.097,37.050833333333
Demo experiment,pioreactor02,2026-09-25T06:49:55.097Z,0.163588747043,45,3,2026-09-25 12:34:55.097,37.050833333333
Demo experiment,pioreactor02,2026-09-25T06:49:55.097Z,0.03665751531,135,4,2026-09-25 12:34:55.097,37.050833333333
Demo experiment,pioreactor02,2026-09-25T06:50:00.100Z,0.0,90,2,2026-09-25 12:35:00.100,37.052222222222
Demo experiment,pioreactor02,2026-09-25T06:50:00.100Z,0.164725092004,45,3,2026-09-25 12:35:00.100,37.052222222222
Demo experiment,pioreactor02,2026-09-25T06:50:00.100Z,0.047511429691,135,4,2026-09-25 12:35:00.100,37.052222222222
Demo experiment,pioreactor02,2026-09-25T06:50:05.099Z,0.0,90,2,2026-09-25 12:35:05.099,37.053611111111
Demo experiment,pioreactor02,2026-09-25T06:50:05.099Z,0.164848541466,45,3,2026-09-25 12:35:05.099,37.053611111111
Demo experiment,pioreactor02,2026-09-25T06:50:05.099Z,0.046670331393,135,4,2026-09-25 12:35:05.099,37.053611111111
Demo experiment,pioreactor02,2026-09-25T06:50:10.097Z,0.0,90,2,2026-09-25 12:35:10.097,37.055
Demo experiment,pioreactor02,2026-09-25T06:50:10.097Z,0.164803656696,45,3,2026-09-25 12:35:10.097,37.055
Demo experiment,pioreactor02,2026-09-25T06:50:10.097Z,0.039447957569,135,4,2026-09-25 12:35:10.097,37.055
Demo experiment,pioreactor02,2026-09-25T06:50:15.098Z,0.0,90,2,2026-09-25 12:35:15.098,37.056388888889
Demo experiment,pioreactor02,2026-09-25T06:50:15.098Z,0.164386132456,45,3,2026-09-25 12:35:15.098,37.056388888889
Demo experiment,pioreactor02,2026-09-25T06:50:15.098Z,0.038309297864,135,4,2026-09-25 12:35:15.098,37.056388888889
Demo experiment,pioreactor02,2026-09-25T06:50:20.099Z,0.0,90,2,2026-09-25 12:35:20.099,37.057777777778
Demo experiment,pioreactor02,2026-09-25T06:50:20.099Z,0.164243606216,45,3,2026-09-25 12:35:20.099,37.057777777778
Demo experiment,pioreactor02,2026-09-25T06:50:20.099Z,0.036988740397,135,4,2026-09-25 12:35:20.099,37.057777777778
Demo experiment,pioreactor02,2026-09-25T06:50:25.104Z,0.0,90,2,2026-09-25 12:35:25.104,37.059166666667
Demo experiment,pioreactor02,2026-09-25T06:50:25.104Z,0.16441121079,45,3,2026-09-25 12:35:25.104,37.059166666667
Demo experiment,pioreactor02,2026-09-25T06:50:25.104Z,0.041386092483,135,4,2026-09-25 12:35:25.104,37.059166666667
Demo experiment,pioreactor02,2026-09-25T06:50:30.103Z,0.0,90,2,2026-09-25 12:35:30.103,37.060555555556
Demo experiment,pioreactor02,2026-09-25T06:50:30.103Z,0.165288454816,45,3,2026-09-25 12:35:30.103,37.060555555556
Demo experiment,pioreactor02,2026-09-25T06:50:30.103Z,0.053220379159,135,4,2026-09-25 12:35:30.103,37.060555555556
Demo experiment,pioreactor02,2026-09-25T06:50:35.100Z,0.0,90,2,2026-09-25 12:35:35.100,37.061944444444
Demo experiment,pioreactor02,2026-09-25T06:50:35.100Z,0.165512323505,45,3,2026-09-25 12:35:35.100,37.061944444444
Demo experiment,pioreactor02,2026-09-25T06:50:35.100Z,0.04902501139,135,4,2026-09-25 12:35:35.100,37.061944444444
Demo experiment,pioreactor02,2026-09-25T06:50:40.107Z,0.0,90,2,2026-09-25 12:35:40.107,37.063333333333
Demo experiment,pioreactor02,2026-09-25T06:50:40.107Z,0.165222226754,45,3,2026-09-25 12:35:40.107,37.063333333333
Demo experiment,pioreactor02,2026-09-25T06:50:40.107Z,0.046196978538,135,4,2026-09-25 12:35:40.107,37.063333333333
Demo experiment,pioreactor02,2026-09-25T06:50:45.103Z,0.0,90,2,2026-09-25 12:35:45.103,37.064722222222
Demo experiment,pioreactor02,2026-09-25T06:50:45.103Z,0.164775750409,45,3,2026-09-25 12:35:45.103,37.064722222222
Demo experiment,pioreactor02,2026-09-25T06:50:45.103Z,0.039316036551,135,4,2026-09-25 12:35:45.103,37.064722222222
Demo experiment,pioreactor02,2026-09-25T06:50:50.104Z,0.0,90,2,2026-09-25 12:35:50.104,37.066111111111
Demo experiment,pioreactor02,2026-09-25T06:50:50.104Z,0.164674595433,45,3,2026-09-25 12:35:50.104,37.066111111111
Demo experiment,pioreactor02,2026-09-25T06:50:50.104Z,0.035792230207,135,4,2026-09-25 12:35:50.104,37.066111111111
Demo experiment,pioreactor02,2026-09-25T06:50:55.100Z,0.0,90,2,2026-09-25 12:35:55.100,37.0675
Demo experiment,pioreactor02,2026-09-25T06:50:55.100Z,0.164814434547,45,3,2026-09-25 12:35:55.100,37.0675
Demo experiment,pioreactor02,2026-09-25T06:50:55.100Z,0.035602445058,135,4,2026-09-25 12:35:55.100,37.0675
Demo experiment,pioreactor02,2026-09-25T06:51:00.103Z,0.0,90,2,2026-09-25 12:36:00.103,37.068888888889
Demo experiment,pioreactor02,2026-09-25T06:51:00.103Z,0.164747631852,45,3,2026-09-25 12:36:00.103,37.068888888889
Demo experiment,pioreactor02,2026-09-25T06:51:00.103Z,0.033957059397,135,4,2026-09-25 12:36:00.103,37.068888888889
Demo experiment,pioreactor02,2026-09-25T06:51:05.108Z,0.0,90,2,2026-09-25 12:36:05.108,37.070277777778
Demo experiment,pioreactor02,2026-09-25T06:51:05.108Z,0.164774636516,45,3,2026-09-25 12:36:05.108,37.070277777778
Demo experiment,pioreactor02,2026-09-25T06:51:05.108Z,0.030915243573,135,4,2026-09-25 12:36:05.108,37.070277777778
Demo experiment,pioreactor02,2026-09-25T06:51:10.109Z,0.0,90,2,2026-09-25 12:36:10.109,37.071666666667
Demo experiment,pioreactor02,2026-09-25T06:51:10.109Z,0.165297873764,45,3,2026-09-25 12:36:10.109,37.071666666667
Demo experiment,pioreactor02,2026-09-25T06:51:10.109Z,0.039685507548,135,4,2026-09-25 12:36:10.109,37.071666666667
Demo experiment,pioreactor02,2026-09-25T06:51:15.101Z,0.0,90,2,2026-09-25 12:36:15.101,37.073055555556
Demo experiment,pioreactor02,2026-09-25T06:51:15.101Z,0.165756553676,45,3,2026-09-25 12:36:15.101,37.073055555556
Demo experiment,pioreactor02,2026-09-25T06:51:15.101Z,0.042013333986,135,4,2026-09-25 12:36:15.101,37.073055555556
Demo experiment,pioreactor02,2026-09-25T06:51:20.104Z,0.0,90,2,2026-09-25 12:36:20.104,37.074444444444
Demo experiment,pioreactor02,2026-09-25T06:51:20.104Z,0.165184494158,45,3,2026-09-25 12:36:20.104,37.074444444444
Demo experiment,pioreactor02,2026-09-25T06:51:20.104Z,0.048801241268,135,4,2026-09-25 12:36:20.104,37.074444444444
Demo experiment,pioreactor02,2026-09-25T06:51:25.100Z,0.0,90,2,2026-09-25 12:36:25.100,37.075833333333
Demo experiment,pioreactor02,2026-09-25T06:51:25.100Z,0.165211827251,45,3,2026-09-25 12:36:25.100,37.075833333333
Demo experiment,pioreactor02,2026-09-25T06:51:25.100Z,0.041458924604,135,4,2026-09-25 12:36:25.100,37.075833333333
Demo experiment,pioreactor02,2026-09-25T06:51:30.100Z,0.0,90,2,2026-09-25 12:36:30.100,37.077222222222
Demo experiment,pioreactor02,2026-09-25T06:51:30.100Z,0.165448306341,45,3,2026-09-25 12:36:30.100,37.077222222222
Demo experiment,pioreactor02,2026-09-25T06:51:30.100Z,0.051268376743,135,4,2026-09-25 12:36:30.100,37.077222222222
Demo experiment,pioreactor02,2026-09-25T06:51:35.100Z,0.0,90,2,2026-09-25 12:36:35.100,37.078611111111
Demo experiment,pioreactor02,2026-09-25T06:51:35.100Z,0.164859569657,45,3,2026-09-25 12:36:35.100,37.078611111111
Demo experiment,pioreactor02,2026-09-25T06:51:35.100Z,0.044156458343,135,4,2026-09-25 12:36:35.100,37.078611111111
Demo experiment,pioreactor02,2026-09-25T06:51:40.104Z,0.0,90,2,2026-09-25 12:36:40.104,37.08
Demo experiment,pioreactor02,2026-09-25T06:51:40.104Z,0.164637183642,45,3,2026-09-25 12:36:40.104,37.08
Demo experiment,pioreactor02,2026-09-25T06:51:40.104Z,0.040791920926,135,4,2026-09-25 12:36:40.104,37.08
Demo experiment,pioreactor02,2026-09-25T06:51:45.107Z,0.0,90,2,2026-09-25 12:36:45.107,37.081388888889
Demo experiment,pioreactor02,2026-09-25T06:51:45.107Z,0.163897134754,45,3,2026-09-25 12:36:45.107,37.081388888889
Demo experiment,pioreactor02,2026-09-25T06:51:45.107Z,0.037177040674,135,4,2026-09-25 12:36:45.107,37.081388888889
Demo experiment,pioreactor02,2026-09-25T06:51:50.100Z,0.0,90,2,2026-09-25 12:36:50.100,37.082777777778
Demo experiment,pioreactor02,2026-09-25T06:51:50.100Z,0.164102911863,45,3,2026-09-25 12:36:50.100,37.082777777778
Demo experiment,pioreactor02,2026-09-25T06:51:50.100Z,0.037245086442,135,4,2026-09-25 12:36:50.100,37.082777777778
Demo experiment,pioreactor02,2026-09-25T06:51:55.097Z,0.0,90,2,2026-09-25 12:36:55.097,37.084166666667
Demo experiment,pioreactor02,2026-09-25T06:51:55.097Z,0.163657364871,45,3,2026-09-25 12:36:55.097,37.084166666667
Demo experiment,pioreactor02,2026-09-25T06:51:55.097Z,0.032111523303,135,4,2026-09-25 12:36:55.097,37.084166666667
Demo experiment,pioreactor02,2026-09-25T06:52:00.095Z,0.0,90,2,2026-09-25 12:37:00.095,37.085555555556
Demo experiment,pioreactor02,2026-09-25T06:52:00.095Z,0.163605002266,45,3,2026-09-25 12:37:00.095,37.085555555556
Demo experiment,pioreactor02,2026-09-25T06:52:00.095Z,0.030328283161,135,4,2026-09-25 12:37:00.095,37.085555555556
Demo experiment,pioreactor02,2026-09-25T06:52:05.096Z,0.0,90,2,2026-09-25 12:37:05.096,37.086944444444
Demo experiment,pioreactor02,2026-09-25T06:52:05.096Z,0.163829266276,45,3,2026-09-25 12:37:05.096,37.086944444444
Demo experiment,pioreactor02,2026-09-25T06:52:05.096Z,0.034597818307,135,4,2026-09-25 12:37:05.096,37.086944444444
Demo experiment,pioreactor02,2026-09-25T06:52:10.100Z,0.0,90,2,2026-09-25 12:37:10.100,37.088333333333
Demo experiment,pioreactor02,2026-09-25T06:52:10.100Z,0.16411832222,45,3,2026-09-25 12:37:10.100,37.088333333333
Demo experiment,pioreactor02,2026-09-25T06:52:10.100Z,0.0342953826,135,4,2026-09-25 12:37:10.100,37.088333333333
Demo experiment,pioreactor02,2026-09-25T06:52:15.100Z,0.0,90,2,2026-09-25 12:37:15.100,37.089722222222
Demo experiment,pioreactor02,2026-09-25T06:52:15.100Z,0.163848852706,45,3,2026-09-25 12:37:15.100,37.089722222222
Demo experiment,pioreactor02,2026-09-25T06:52:15.100Z,0.03879660976,135,4,2026-09-25 12:37:15.100,37.089722222222
Demo experiment,pioreactor02,2026-09-25T06:52:20.100Z,0.0,90,2,2026-09-25 12:37:20.100,37.091111111111
Demo experiment,pioreactor02,2026-09-25T06:52:20.100Z,0.163248138443,45,3,2026-09-25 12:37:20.100,37.091111111111
Demo experiment,pioreactor02,2026-09-25T06:52:20.100Z,0.034502504161,135,4,2026-09-25 12:37:20.100,37.091111111111
Demo experiment,pioreactor02,2026-09-25T06:52:25.098Z,0.0,90,2,2026-09-25 12:37:25.098,37.0925
Demo experiment,pioreactor02,2026-09-25T06:52:25.098Z,0.16321003585,45,3,2026-09-25 12:37:25.098,37.0925
Demo experiment,pioreactor02,2026-09-25T06:52:25.098Z,0.032580823623,135,4,2026-09-25 12:37:25.098,37.0925
Demo experiment,pioreactor02,2026-09-25T06:52:30.099Z,0.0,90,2,2026-09-25 12:37:30.099,37.093888888889
Demo experiment,pioreactor02,2026-09-25T06:52:30.099Z,0.163345791504,45,3,2026-09-25 12:37:30.099,37.093888888889
Demo experiment,pioreactor02,2026-09-25T06:52:30.099Z,0.032746035872,135,4,2026-09-25 12:37:30.099,37.093888888889
Demo experiment,pioreactor02,2026-09-25T06:52:35.096Z,0.0,90,2,2026-09-25 12:37:35.096,37.095277777778
Demo experiment,pioreactor02,2026-09-25T06:52:35.096Z,0.163289473506,45,3,2026-09-25 12:37:35.096,37.095277777778
Demo experiment,pioreactor02,2026-09-25T06:52:35.096Z,0.036187479334,135,4,2026-09-25 12:37:35.096,37.095277777778
Demo experiment,pioreactor02,2026-09-25T06:52:40.096Z,0.0,90,2,2026-09-25 12:37:40.096,37.096666666667
Demo experiment,pioreactor02,2026-09-25T06:52:40.096Z,0.163351289896,45,3,2026-09-25 12:37:40.096,37.096666666667
Demo experiment,pioreactor02,2026-09-25T06:52:40.096Z,0.035201571023,135,4,2026-09-25 12:37:40.096,37.096666666667
Demo experiment,pioreactor02,2026-09-25T06:52:45.100Z,0.0,90,2,2026-09-25 12:37:45.100,37.098055555556
Demo experiment,pioreactor02,2026-09-25T06:52:45.100Z,0.163384213509,45,3,2026-09-25 12:37:45.100,37.098055555556
Demo experiment,pioreactor02,2026-09-25T06:52:45.100Z,0.033822662846,135,4,2026-09-25 12:37:45.100,37.098055555556
Demo experiment,pioreactor02,2026-09-25T06:52:50.100Z,0.0,90,2,2026-09-25 12:37:50.100,37.099444444444
Demo experiment,pioreactor02,2026-09-25T06:52:50.100Z,0.162986992212,45,3,2026-09-25 12:37:50.100,37.099444444444
Demo experiment,pioreactor02,2026-09-25T06:52:50.100Z,0.034475846059,135,4,2026-09-25 12:37:50.100,37.099444444444
Demo experiment,pioreactor02,2026-09-25T06:52:55.097Z,0.0,90,2,2026-09-25 12:37:55.097,37.100833333333
Demo experiment,pioreactor02,2026-09-25T06:52:55.097Z,0.16285997517,45,3,2026-09-25 12:37:55.097,37.100833333333
Demo experiment,pioreactor02,2026-09-25T06:52:55.097Z,0.035509808089,135,4,2026-09-25 12:37:55.097,37.100833333333
Demo experiment,pioreactor02,2026-09-25T06:53:00.099Z,0.0,90,2,2026-09-25 12:38:00.099,37.102222222222
Demo experiment,pioreactor02,2026-09-25T06:53:00.099Z,0.163076863383,45,3,2026-09-25 12:38:00.099,37.102222222222
Demo experiment,pioreactor02,2026-09-25T06:53:00.099Z,0.036563990671,135,4,2026-09-25 12:38:00.099,37.102222222222
Demo experiment,pioreactor02,2026-09-25T06:53:05.099Z,0.0,90,2,2026-09-25 12:38:05.099,37.103611111111
Demo experiment,pioreactor02,2026-09-25T06:53:05.099Z,0.162915990173,45,3,2026-09-25 12:38:05.099,37.103611111111
Demo experiment,pioreactor02,2026-09-25T06:53:05.099Z,0.037903557942,135,4,2026-09-25 12:38:05.099,37.103611111111
Demo experiment,pioreactor02,2026-09-25T06:53:10.098Z,0.0,90,2,2026-09-25 12:38:10.098,37.105
Demo experiment,pioreactor02,2026-09-25T06:53:10.098Z,0.162915351601,45,3,2026-09-25 12:38:10.098,37.105
Demo experiment,pioreactor02,2026-09-25T06:53:10.098Z,0.037454625298,135,4,2026-09-25 12:38:10.098,37.105
Demo experiment,pioreactor02,2026-09-25T06:53:15.099Z,0.0,90,2,2026-09-25 12:38:15.099,37.106388888889
Demo experiment,pioreactor02,2026-09-25T06:53:15.099Z,0.162988260484,45,3,2026-09-25 12:38:15.099,37.106388888889
Demo experiment,pioreactor02,2026-09-25T06:53:15.099Z,0.036421338889,135,4,2026-09-25 12:38:15.099,37.106388888889
Demo experiment,pioreactor02,2026-09-25T06:53:20.098Z,0.0,90,2,2026-09-25 12:38:20.098,37.107777777778
Demo experiment,pioreactor02,2026-09-25T06:53:20.098Z,0.16297784312,45,3,2026-09-25 12:38:20.098,37.107777777778
Demo experiment,pioreactor02,2026-09-25T06:53:20.098Z,0.038226595361,135,4,2026-09-25 12:38:20.098,37.107777777778
Demo experiment,pioreactor02,2026-09-25T06:53:25.097Z,0.0,90,2,2026-09-25 12:38:25.097,37.109166666667
Demo experiment,pioreactor02,2026-09-25T06:53:25.097Z,0.163019173459,45,3,2026-09-25 12:38:25.097,37.109166666667
Demo experiment,pioreactor02,2026-09-25T06:53:25.097Z,0.039635358561,135,4,2026-09-25 12:38:25.097,37.109166666667
Demo experiment,pioreactor02,2026-09-25T06:53:30.096Z,0.0,90,2,2026-09-25 12:38:30.096,37.110555555556
Demo experiment,pioreactor02,2026-09-25T06:53:30.096Z,0.162614523035,45,3,2026-09-25 12:38:30.096,37.110555555556
Demo experiment,pioreactor02,2026-09-25T06:53:30.096Z,0.03597890753,135,4,2026-09-25 12:38:30.096,37.110555555556
Demo experiment,pioreactor02,2026-09-25T06:53:35.097Z,0.0,90,2,2026-09-25 12:38:35.097,37.111944444444
Demo experiment,pioreactor02,2026-09-25T06:53:35.097Z,0.162682508857,45,3,2026-09-25 12:38:35.097,37.111944444444
Demo experiment,pioreactor02,2026-09-25T06:53:35.097Z,0.035588914888,135,4,2026-09-25 12:38:35.097,37.111944444444
Demo experiment,pioreactor02,2026-09-25T06:53:40.097Z,0.0,90,2,2026-09-25 12:38:40.097,37.113333333333
Demo experiment,pioreactor02,2026-09-25T06:53:40.097Z,0.16253866,45,3,2026-09-25 12:38:40.097,37.113333333333
Demo experiment,pioreactor02,2026-09-25T06:53:40.097Z,0.034000267772,135,4,2026-09-25 12:38:40.097,37.113333333333
Demo experiment,pioreactor02,2026-09-25T06:53:45.100Z,0.0,90,2,2026-09-25 12:38:45.100,37.114722222222
Demo experiment,pioreactor02,2026-09-25T06:53:45.100Z,0.162610815555,45,3,2026-09-25 12:38:45.100,37.114722222222
Demo experiment,pioreactor02,2026-09-25T06:53:45.100Z,0.033375179924,135,4,2026-09-25 12:38:45.100,37.114722222222
Demo experiment,pioreactor02,2026-09-25T06:53:50.098Z,0.0,90,2,2026-09-25 12:38:50.098,37.116111111111
Demo experiment,pioreactor02,2026-09-25T06:53:50.098Z,0.162582901206,45,3,2026-09-25 12:38:50.098,37.116111111111
Demo experiment,pioreactor02,2026-09-25T06:53:50.098Z,0.031912389744,135,4,2026-09-25 12:38:50.098,37.116111111111
Demo experiment,pioreactor02,2026-09-25T06:53:55.102Z,0.0,90,2,2026-09-25 12:38:55.102,37.1175
Demo experiment,pioreactor02,2026-09-25T06:53:55.102Z,0.162460064142,45,3,2026-09-25 12:38:55.102,37.1175
Demo experiment,pioreactor02,2026-09-25T06:53:55.102Z,0.035854962981,135,4,2026-09-25 12:38:55.102,37.1175
Demo experiment,pioreactor02,2026-09-25T06:54:00.098Z,0.0,90,2,2026-09-25 12:39:00.098,37.118888888889
Demo experiment,pioreactor02,2026-09-25T06:54:00.098Z,0.162273533012,45,3,2026-09-25 12:39:00.098,37.118888888889
Demo experiment,pioreactor02,2026-09-25T06:54:00.098Z,0.034624672811,135,4,2026-09-25 12:39:00.098,37.118888888889
Demo experiment,pioreactor02,2026-09-25T06:54:05.100Z,0.0,90,2,2026-09-25 12:39:05.100,37.120277777778
Demo experiment,pioreactor02,2026-09-25T06:54:05.100Z,0.162171228384,45,3,2026-09-25 12:39:05.100,37.120277777778
Demo experiment,pioreactor02,2026-09-25T06:54:05.100Z,0.032805001678,135,4,2026-09-25 12:39:05.100,37.120277777778
Demo experiment,pioreactor02,2026-09-25T06:54:10.098Z,0.0,90,2,2026-09-25 12:39:10.098,37.121666666667
Demo experiment,pioreactor02,2026-09-25T06:54:10.098Z,0.162320999794,45,3,2026-09-25 12:39:10.098,37.121666666667
Demo experiment,pioreactor02,2026-09-25T06:54:10.098Z,0.033475935246,135,4,2026-09-25 12:39:10.098,37.121666666667
Demo experiment,pioreactor02,2026-09-25T06:54:15.097Z,0.0,90,2,2026-09-25 12:39:15.097,37.123055555556
Demo experiment,pioreactor02,2026-09-25T06:54:15.097Z,0.162154375051,45,3,2026-09-25 12:39:15.097,37.123055555556
Demo experiment,pioreactor02,2026-09-25T06:54:15.097Z,0.03228743262,135,4,2026-09-25 12:39:15.097,37.123055555556
Demo experiment,pioreactor02,2026-09-25T06:54:20.097Z,0.0,90,2,2026-09-25 12:39:20.097,37.124444444444
Demo experiment,pioreactor02,2026-09-25T06:54:20.097Z,0.16239894515,45,3,2026-09-25 12:39:20.097,37.124444444444
Demo experiment,pioreactor02,2026-09-25T06:54:20.097Z,0.031363651482,135,4,2026-09-25 12:39:20.097,37.124444444444
Demo experiment,pioreactor02,2026-09-25T06:54:25.099Z,0.0,90,2,2026-09-25 12:39:25.099,37.125833333333
Demo experiment,pioreactor02,2026-09-25T06:54:25.099Z,0.162499812341,45,3,2026-09-25 12:39:25.099,37.125833333333
Demo experiment,pioreactor02,2026-09-25T06:54:25.099Z,0.033951482001,135,4,2026-09-25 12:39:25.099,37.125833333333
Demo experiment,pioreactor02,2026-09-25T06:54:30.100Z,0.0,90,2,2026-09-25 12:39:30.100,37.127222222222
Demo experiment,pioreactor02,2026-09-25T06:54:30.100Z,0.162195428097,45,3,2026-09-25 12:39:30.100,37.127222222222
Demo experiment,pioreactor02,2026-09-25T06:54:30.100Z,0.033339056515,135,4,2026-09-25 12:39:30.100,37.127222222222
Demo experiment,pioreactor02,2026-09-25T06:54:35.097Z,0.0,90,2,2026-09-25 12:39:35.097,37.128611111111
Demo experiment,pioreactor02,2026-09-25T06:54:35.097Z,0.162125281095,45,3,2026-09-25 12:39:35.097,37.128611111111
Demo experiment,pioreactor02,2026-09-25T06:54:35.097Z,0.032752070671,135,4,2026-09-25 12:39:35.097,37.128611111111
Demo experiment,pioreactor02,2026-09-25T06:54:40.098Z,0.0,90,2,2026-09-25 12:39:40.098,37.13
Demo experiment,pioreactor02,2026-09-25T06:54:40.098Z,0.162044533479,45,3,2026-09-25 12:39:40.098,37.13
Demo experiment,pioreactor02,2026-09-25T06:54:40.098Z,0.030352890276,135,4,2026-09-25 12:39:40.098,37.13
Demo experiment,pioreactor02,2026-09-25T06:54:45.097Z,0.0,90,2,2026-09-25 12:39:45.097,37.131388888889
Demo experiment,pioreactor02,2026-09-25T06:54:45.097Z,0.162180311711,45,3,2026-09-25 12:39:45.097,37.131388888889
Demo experiment,pioreactor02,2026-09-25T06:54:45.097Z,0.039744181423,135,4,2026-09-25 12:39:45.097,37.131388888889
Demo experiment,pioreactor02,2026-09-25T06:54:50.098Z,0.0,90,2,2026-09-25 12:39:50.098,37.132777777778
Demo experiment,pioreactor02,2026-09-25T06:54:50.098Z,0.162226879582,45,3,2026-09-25 12:39:50.098,37.132777777778
Demo experiment,pioreactor02,2026-09-25T06:54:50.098Z,0.037158982733,135,4,2026-09-25 12:39:50.098,37.132777777778
Demo experiment,pioreactor02,2026-09-25T06:54:55.097Z,0.0,90,2,2026-09-25 12:39:55.097,37.134166666667
Demo experiment,pioreactor02,2026-09-25T06:54:55.097Z,0.162122908645,45,3,2026-09-25 12:39:55.097,37.134166666667
Demo experiment,pioreactor02,2026-09-25T06:54:55.097Z,0.032833814006,135,4,2026-09-25 12:39:55.097,37.134166666667
Demo experiment,pioreactor02,2026-09-25T06:55:00.097Z,0.0,90,2,2026-09-25 12:40:00.097,37.135555555556
Demo experiment,pioreactor02,2026-09-25T06:55:00.097Z,0.162127091755,45,3,2026-09-25 12:40:00.097,37.135555555556
Demo experiment,pioreactor02,2026-09-25T06:55:00.097Z,0.033751935607,135,4,2026-09-25 12:40:00.097,37.135555555556
Demo experiment,pioreactor02,2026-09-25T06:55:05.099Z,0.0,90,2,2026-09-25 12:40:05.099,37.136944444444
Demo experiment,pioreactor02,2026-09-25T06:55:05.099Z,0.162091199987,45,3,2026-09-25 12:40:05.099,37.136944444444
Demo experiment,pioreactor02,2026-09-25T06:55:05.099Z,0.03574131392,135,4,2026-09-25 12:40:05.099,37.136944444444
Demo experiment,pioreactor02,2026-09-25T06:55:10.104Z,0.0,90,2,2026-09-25 12:40:10.104,37.138333333333
Demo experiment,pioreactor02,2026-09-25T06:55:10.104Z,0.162149300122,45,3,2026-09-25 12:40:10.104,37.138333333333
Demo experiment,pioreactor02,2026-09-25T06:55:10.104Z,0.037134016888,135,4,2026-09-25 12:40:10.104,37.138333333333
Demo experiment,pioreactor02,2026-09-25T06:55:15.098Z,0.0,90,2,2026-09-25 12:40:15.098,37.139722222222
Demo experiment,pioreactor02,2026-09-25T06:55:15.098Z,0.162094747474,45,3,2026-09-25 12:40:15.098,37.139722222222
Demo experiment,pioreactor02,2026-09-25T06:55:15.098Z,0.03364886648,135,4,2026-09-25 12:40:15.098,37.139722222222
Demo experiment,pioreactor02,2026-09-25T06:55:20.100Z,0.0,90,2,2026-09-25 12:40:20.100,37.141111111111
Demo experiment,pioreactor02,2026-09-25T06:55:20.100Z,0.16210836215,45,3,2026-09-25 12:40:20.100,37.141111111111
Demo experiment,pioreactor02,2026-09-25T06:55:20.100Z,0.034639697965,135,4,2026-09-25 12:40:20.100,37.141111111111
Demo experiment,pioreactor02,2026-09-25T06:55:25.096Z,0.0,90,2,2026-09-25 12:40:25.096,37.1425
Demo experiment,pioreactor02,2026-09-25T06:55:25.096Z,0.162142531307,45,3,2026-09-25 12:40:25.096,37.1425
Demo experiment,pioreactor02,2026-09-25T06:55:25.096Z,0.038685387725,135,4,2026-09-25 12:40:25.096,37.1425
Demo experiment,pioreactor02,2026-09-25T06:55:30.098Z,0.0,90,2,2026-09-25 12:40:30.098,37.143888888889
Demo experiment,pioreactor02,2026-09-25T06:55:30.098Z,0.162295307456,45,3,2026-09-25 12:40:30.098,37.143888888889
Demo experiment,pioreactor02,2026-09-25T06:55:30.098Z,0.038019058454,135,4,2026-09-25 12:40:30.098,37.143888888889
Demo experiment,pioreactor02,2026-09-25T06:55:35.099Z,0.0,90,2,2026-09-25 12:40:35.099,37.145277777778
Demo experiment,pioreactor02,2026-09-25T06:55:35.099Z,0.162107361133,45,3,2026-09-25 12:40:35.099,37.145277777778
Demo experiment,pioreactor02,2026-09-25T06:55:35.099Z,0.03745420276,135,4,2026-09-25 12:40:35.099,37.145277777778
Demo experiment,pioreactor02,2026-09-25T06:55:40.097Z,0.0,90,2,2026-09-25 12:40:40.097,37.146666666667
Demo experiment,pioreactor02,2026-09-25T06:55:40.097Z,0.162334760803,45,3,2026-09-25 12:40:40.097,37.146666666667
Demo experiment,pioreactor02,2026-09-25T06:55:40.097Z,0.04007619732,135,4,2026-09-25 12:40:40.097,37.146666666667
Demo experiment,pioreactor02,2026-09-25T06:55:45.099Z,0.0,90,2,2026-09-25 12:40:45.099,37.148055555556
Demo experiment,pioreactor02,2026-09-25T06:55:45.099Z,0.162357762341,45,3,2026-09-25 12:40:45.099,37.148055555556
Demo experiment,pioreactor02,2026-09-25T06:55:45.099Z,0.038211559624,135,4,2026-09-25 12:40:45.099,37.148055555556
Demo experiment,pioreactor02,2026-09-25T06:55:50.097Z,0.0,90,2,2026-09-25 12:40:50.097,37.149444444444
Demo experiment,pioreactor02,2026-09-25T06:55:50.097Z,0.162223730394,45,3,2026-09-25 12:40:50.097,37.149444444444
Demo experiment,pioreactor02,2026-09-25T06:55:50.097Z,0.034702918947,135,4,2026-09-25 12:40:50.097,37.149444444444
Demo experiment,pioreactor02,2026-09-25T06:55:55.099Z,0.0,90,2,2026-09-25 12:40:55.099,37.150833333333
Demo experiment,pioreactor02,2026-09-25T06:55:55.099Z,0.16212452759,45,3,2026-09-25 12:40:55.099,37.150833333333
Demo experiment,pioreactor02,2026-09-25T06:55:55.099Z,0.031513184417,135,4,2026-09-25 12:40:55.099,37.150833333333
Demo experiment,pioreactor02,2026-09-25T06:56:00.097Z,0.0,90,2,2026-09-25 12:41:00.097,37.152222222222
Demo experiment,pioreactor02,2026-09-25T06:56:00.097Z,0.162169935705,45,3,2026-09-25 12:41:00.097,37.152222222222
Demo experiment,pioreactor02,2026-09-25T06:56:00.097Z,0.033258177345,135,4,2026-09-25 12:41:00.097,37.152222222222
Demo experiment,pioreactor02,2026-09-25T06:56:05.098Z,0.0,90,2,2026-09-25 12:41:05.098,37.153611111111
Demo experiment,pioreactor02,2026-09-25T06:56:05.098Z,0.162085922095,45,3,2026-09-25 12:41:05.098,37.153611111111
Demo experiment,pioreactor02,2026-09-25T06:56:05.098Z,0.032946287235,135,4,2026-09-25 12:41:05.098,37.153611111111
Demo experiment,pioreactor02,2026-09-25T06:56:10.099Z,0.0,90,2,2026-09-25 12:41:10.099,37.155
Demo experiment,pioreactor02,2026-09-25T06:56:10.099Z,0.161983940808,45,3,2026-09-25 12:41:10.099,37.155
Demo experiment,pioreactor02,2026-09-25T06:56:10.099Z,0.040359754958,135,4,2026-09-25 12:41:10.099,37.155
Demo experiment,pioreactor02,2026-09-25T06:56:15.098Z,0.0,90,2,2026-09-25 12:41:15.098,37.156388888889
Demo experiment,pioreactor02,2026-09-25T06:56:15.098Z,0.161941229636,45,3,2026-09-25 12:41:15.098,37.156388888889
Demo experiment,pioreactor02,2026-09-25T06:56:15.098Z,0.036956182613,135,4,2026-09-25 12:41:15.098,37.156388888889
Demo experiment,pioreactor02,2026-09-25T06:56:20.097Z,0.0,90,2,2026-09-25 12:41:20.097,37.157777777778
Demo experiment,pioreactor02,2026-09-25T06:56:20.097Z,0.161874952754,45,3,2026-09-25 12:41:20.097,37.157777777778
Demo experiment,pioreactor02,2026-09-25T06:56:20.097Z,0.037308319506,135,4,2026-09-25 12:41:20.097,37.157777777778
Demo experiment,pioreactor02,2026-09-25T06:56:25.099Z,0.0,90,2,2026-09-25 12:41:25.099,37.159166666667
Demo experiment,pioreactor02,2026-09-25T06:56:25.099Z,0.161884096048,45,3,2026-09-25 12:41:25.099,37.159166666667
Demo experiment,pioreactor02,2026-09-25T06:56:25.099Z,0.038931289426,135,4,2026-09-25 12:41:25.099,37.159166666667
Demo experiment,pioreactor02,2026-09-25T06:56:30.098Z,0.0,90,2,2026-09-25 12:41:30.098,37.160555555556
Demo experiment,pioreactor02,2026-09-25T06:56:30.098Z,0.162047748694,45,3,2026-09-25 12:41:30.098,37.160555555556
Demo experiment,pioreactor02,2026-09-25T06:56:30.098Z,0.039395924308,135,4,2026-09-25 12:41:30.098,37.160555555556
Demo experiment,pioreactor02,2026-09-25T06:56:35.096Z,0.0,90,2,2026-09-25 12:41:35.096,37.161944444444
Demo experiment,pioreactor02,2026-09-25T06:56:35.096Z,0.162026699183,45,3,2026-09-25 12:41:35.096,37.161944444444
Demo experiment,pioreactor02,2026-09-25T06:56:35.096Z,0.037706197286,135,4,2026-09-25 12:41:35.096,37.161944444444
Demo experiment,pioreactor02,2026-09-25T06:56:40.098Z,0.0,90,2,2026-09-25 12:41:40.098,37.163333333333
Demo experiment,pioreactor02,2026-09-25T06:56:40.098Z,0.161945982288,45,3,2026-09-25 12:41:40.098,37.163333333333
Demo experiment,pioreactor02,2026-09-25T06:56:40.098Z,0.03821919568,135,4,2026-09-25 12:41:40.098,37.163333333333
Demo experiment,pioreactor02,2026-09-25T06:56:45.096Z,0.0,90,2,2026-09-25 12:41:45.096,37.164722222222
Demo experiment,pioreactor02,2026-09-25T06:56:45.096Z,0.161797649513,45,3,2026-09-25 12:41:45.096,37.164722222222
Demo experiment,pioreactor02,2026-09-25T06:56:45.096Z,0.044741430102,135,4,2026-09-25 12:41:45.096,37.164722222222
Demo experiment,pioreactor02,2026-09-25T06:56:50.101Z,0.0,90,2,2026-09-25 12:41:50.101,37.166111111111
Demo experiment,pioreactor02,2026-09-25T06:56:50.101Z,0.16183178891,45,3,2026-09-25 12:41:50.101,37.166111111111
Demo experiment,pioreactor02,2026-09-25T06:56:50.101Z,0.042057068259,135,4,2026-09-25 12:41:50.101,37.166111111111
Demo experiment,pioreactor02,2026-09-25T06:56:55.101Z,0.0,90,2,2026-09-25 12:41:55.101,37.1675
Demo experiment,pioreactor02,2026-09-25T06:56:55.101Z,0.161692151067,45,3,2026-09-25 12:41:55.101,37.1675
Demo experiment,pioreactor02,2026-09-25T06:56:55.101Z,0.042571381797,135,4,2026-09-25 12:41:55.101,37.1675
Demo experiment,pioreactor02,2026-09-25T06:57:00.102Z,0.0,90,2,2026-09-25 12:42:00.102,37.168888888889
Demo experiment,pioreactor02,2026-09-25T06:57:00.102Z,0.161589199883,45,3,2026-09-25 12:42:00.102,37.168888888889
Demo experiment,pioreactor02,2026-09-25T06:57:00.102Z,0.037389170635,135,4,2026-09-25 12:42:00.102,37.168888888889
Demo experiment,pioreactor02,2026-09-25T06:57:05.101Z,0.0,90,2,2026-09-25 12:42:05.101,37.170277777778
Demo experiment,pioreactor02,2026-09-25T06:57:05.101Z,0.161823158765,45,3,2026-09-25 12:42:05.101,37.170277777778
Demo experiment,pioreactor02,2026-09-25T06:57:05.101Z,0.034725564846,135,4,2026-09-25 12:42:05.101,37.170277777778
Demo experiment,pioreactor02,2026-09-25T06:57:10.102Z,0.0,90,2,2026-09-25 12:42:10.102,37.171666666667
Demo experiment,pioreactor02,2026-09-25T06:57:10.102Z,0.161791089113,45,3,2026-09-25 12:42:10.102,37.171666666667
Demo experiment,pioreactor02,2026-09-25T06:57:10.102Z,0.033354691095,135,4,2026-09-25 12:42:10.102,37.171666666667
Demo experiment,pioreactor02,2026-09-25T06:57:15.101Z,0.0,90,2,2026-09-25 12:42:15.101,37.173055555556
Demo experiment,pioreactor02,2026-09-25T06:57:15.101Z,0.16166041764,45,3,2026-09-25 12:42:15.101,37.173055555556
Demo experiment,pioreactor02,2026-09-25T06:57:15.101Z,0.041856194696,135,4,2026-09-25 12:42:15.101,37.173055555556
Demo experiment,pioreactor02,2026-09-25T06:57:20.103Z,0.0,90,2,2026-09-25 12:42:20.103,37.174444444444
Demo experiment,pioreactor02,2026-09-25T06:57:20.103Z,0.161819644474,45,3,2026-09-25 12:42:20.103,37.174444444444
Demo experiment,pioreactor02,2026-09-25T06:57:20.103Z,0.043375995973,135,4,2026-09-25 12:42:20.103,37.174444444444
Demo experiment,pioreactor02,2026-09-25T06:57:25.101Z,0.0,90,2,2026-09-25 12:42:25.101,37.175833333333
Demo experiment,pioreactor02,2026-09-25T06:57:25.101Z,0.161779546275,45,3,2026-09-25 12:42:25.101,37.175833333333
Demo experiment,pioreactor02,2026-09-25T06:57:25.101Z,0.041521851809,135,4,2026-09-25 12:42:25.101,37.175833333333
Demo experiment,pioreactor02,2026-09-25T06:57:30.101Z,0.0,90,2,2026-09-25 12:42:30.101,37.177222222222
Demo experiment,pioreactor02,2026-09-25T06:57:30.101Z,0.161712972484,45,3,2026-09-25 12:42:30.101,37.177222222222
Demo experiment,pioreactor02,2026-09-25T06:57:30.101Z,0.04120998493,135,4,2026-09-25 12:42:30.101,37.177222222222
Demo experiment,pioreactor02,2026-09-25T06:57:35.102Z,0.0,90,2,2026-09-25 12:42:35.102,37.178611111111
Demo experiment,pioreactor02,2026-09-25T06:57:35.102Z,0.161701256054,45,3,2026-09-25 12:42:35.102,37.178611111111
Demo experiment,pioreactor02,2026-09-25T06:57:35.102Z,0.04019774382,135,4,2026-09-25 12:42:35.102,37.178611111111
Demo experiment,pioreactor02,2026-09-25T06:57:40.109Z,0.0,90,2,2026-09-25 12:42:40.109,37.18
Demo experiment,pioreactor02,2026-09-25T06:57:40.109Z,0.161716043473,45,3,2026-09-25 12:42:40.109,37.18
Demo experiment,pioreactor02,2026-09-25T06:57:40.109Z,0.039745661489,135,4,2026-09-25 12:42:40.109,37.18
Demo experiment,pioreactor02,2026-09-25T06:57:45.101Z,0.0,90,2,2026-09-25 12:42:45.101,37.181388888889
Demo experiment,pioreactor02,2026-09-25T06:57:45.101Z,0.161752320242,45,3,2026-09-25 12:42:45.101,37.181388888889
Demo experiment,pioreactor02,2026-09-25T06:57:45.101Z,0.040135129661,135,4,2026-09-25 12:42:45.101,37.181388888889
Demo experiment,pioreactor02,2026-09-25T06:57:50.104Z,0.0,90,2,2026-09-25 12:42:50.104,37.182777777778
Demo experiment,pioreactor02,2026-09-25T06:57:50.104Z,0.161688197086,45,3,2026-09-25 12:42:50.104,37.182777777778
Demo experiment,pioreactor02,2026-09-25T06:57:50.104Z,0.039856897998,135,4,2026-09-25 12:42:50.104,37.182777777778
Demo experiment,pioreactor02,2026-09-25T06:57:55.103Z,0.0,90,2,2026-09-25 12:42:55.103,37.184166666667
Demo experiment,pioreactor02,2026-09-25T06:57:55.103Z,0.161649409694,45,3,2026-09-25 12:42:55.103,37.184166666667
Demo experiment,pioreactor02,2026-09-25T06:57:55.103Z,0.039472550994,135,4,2026-09-25 12:42:55.103,37.184166666667
Demo experiment,pioreactor02,2026-09-25T06:58:00.101Z,0.0,90,2,2026-09-25 12:43:00.101,37.185555555556
Demo experiment,pioreactor02,2026-09-25T06:58:00.101Z,0.161880414736,45,3,2026-09-25 12:43:00.101,37.185555555556
Demo experiment,pioreactor02,2026-09-25T06:58:00.101Z,0.039788879965,135,4,2026-09-25 12:43:00.101,37.185555555556
Demo experiment,pioreactor02,2026-09-25T06:58:05.103Z,0.0,90,2,2026-09-25 12:43:05.103,37.186944444444
Demo experiment,pioreactor02,2026-09-25T06:58:05.103Z,0.161795089392,45,3,2026-09-25 12:43:05.103,37.186944444444
Demo experiment,pioreactor02,2026-09-25T06:58:05.103Z,0.040464352168,135,4,2026-09-25 12:43:05.103,37.186944444444
Demo experiment,pioreactor02,2026-09-25T06:58:10.101Z,0.0,90,2,2026-09-25 12:43:10.101,37.188333333333
Demo experiment,pioreactor02,2026-09-25T06:58:10.101Z,0.161773667694,45,3,2026-09-25 12:43:10.101,37.188333333333
Demo experiment,pioreactor02,2026-09-25T06:58:10.101Z,0.039321459833,135,4,2026-09-25 12:43:10.101,37.188333333333
Demo experiment,pioreactor02,2026-09-25T06:58:15.100Z,0.0,90,2,2026-09-25 12:43:15.100,37.189722222222
Demo experiment,pioreactor02,2026-09-25T06:58:15.100Z,0.161952095503,45,3,2026-09-25 12:43:15.100,37.189722222222
Demo experiment,pioreactor02,2026-09-25T06:58:15.100Z,0.041580149931,135,4,2026-09-25 12:43:15.100,37.189722222222
Demo experiment,pioreactor02,2026-09-25T06:58:20.100Z,0.0,90,2,2026-09-25 12:43:20.100,37.191111111111
Demo experiment,pioreactor02,2026-09-25T06:58:20.100Z,0.161851260879,45,3,2026-09-25 12:43:20.100,37.191111111111
Demo experiment,pioreactor02,2026-09-25T06:58:20.100Z,0.038169997791,135,4,2026-09-25 12:43:20.100,37.191111111111
Demo experiment,pioreactor02,2026-09-25T06:58:25.098Z,0.0,90,2,2026-09-25 12:43:25.098,37.1925
Demo experiment,pioreactor02,2026-09-25T06:58:25.098Z,0.161770225093,45,3,2026-09-25 12:43:25.098,37.1925
Demo experiment,pioreactor02,2026-09-25T06:58:25.098Z,0.036314248028,135,4,2026-09-25 12:43:25.098,37.1925
Demo experiment,pioreactor02,2026-09-25T06:58:30.099Z,0.0,90,2,2026-09-25 12:43:30.099,37.193888888889
Demo experiment,pioreactor02,2026-09-25T06:58:30.099Z,0.161666505283,45,3,2026-09-25 12:43:30.099,37.193888888889
Demo experiment,pioreactor02,2026-09-25T06:58:30.099Z,0.039298906679,135,4,2026-09-25 12:43:30.099,37.193888888889
Demo experiment,pioreactor02,2026-09-25T06:58:35.097Z,0.0,90,2,2026-09-25 12:43:35.097,37.195277777778
Demo experiment,pioreactor02,2026-09-25T06:58:35.097Z,0.161634202608,45,3,2026-09-25 12:43:35.097,37.195277777778
Demo experiment,pioreactor02,2026-09-25T06:58:35.097Z,0.03940172351,135,4,2026-09-25 12:43:35.097,37.195277777778
Demo experiment,pioreactor02,2026-09-25T06:58:40.098Z,0.0,90,2,2026-09-25 12:43:40.098,37.196666666667
Demo experiment,pioreactor02,2026-09-25T06:58:40.098Z,0.161822621062,45,3,2026-09-25 12:43:40.098,37.196666666667
Demo experiment,pioreactor02,2026-09-25T06:58:40.098Z,0.038901701778,135,4,2026-09-25 12:43:40.098,37.196666666667
Demo experiment,pioreactor02,2026-09-25T06:58:45.098Z,0.0,90,2,2026-09-25 12:43:45.098,37.198055555556
Demo experiment,pioreactor02,2026-09-25T06:58:45.098Z,0.161824978396,45,3,2026-09-25 12:43:45.098,37.198055555556
Demo experiment,pioreactor02,2026-09-25T06:58:45.098Z,0.037737964335,135,4,2026-09-25 12:43:45.098,37.198055555556
Demo experiment,pioreactor02,2026-09-25T06:58:50.098Z,0.0,90,2,2026-09-25 12:43:50.098,37.199444444444
Demo experiment,pioreactor02,2026-09-25T06:58:50.098Z,0.161850528266,45,3,2026-09-25 12:43:50.098,37.199444444444
Demo experiment,pioreactor02,2026-09-25T06:58:50.098Z,0.04113882412,135,4,2026-09-25 12:43:50.098,37.199444444444
Demo experiment,pioreactor02,2026-09-25T06:58:55.098Z,0.0,90,2,2026-09-25 12:43:55.098,37.200833333333
Demo experiment,pioreactor02,2026-09-25T06:58:55.098Z,0.161752206124,45,3,2026-09-25 12:43:55.098,37.200833333333
Demo experiment,pioreactor02,2026-09-25T06:58:55.098Z,0.047102888349,135,4,2026-09-25 12:43:55.098,37.200833333333
Demo experiment,pioreactor02,2026-09-25T06:59:00.099Z,0.0,90,2,2026-09-25 12:44:00.099,37.202222222222
Demo experiment,pioreactor02,2026-09-25T06:59:00.099Z,0.161923278557,45,3,2026-09-25 12:44:00.099,37.202222222222
Demo experiment,pioreactor02,2026-09-25T06:59:00.099Z,0.043085052562,135,4,2026-09-25 12:44:00.099,37.202222222222
Demo experiment,pioreactor02,2026-09-25T06:59:05.099Z,0.0,90,2,2026-09-25 12:44:05.099,37.203611111111
Demo experiment,pioreactor02,2026-09-25T06:59:05.099Z,0.16176811912,45,3,2026-09-25 12:44:05.099,37.203611111111
Demo experiment,pioreactor02,2026-09-25T06:59:05.099Z,0.039829459799,135,4,2026-09-25 12:44:05.099,37.203611111111
Demo experiment,pioreactor02,2026-09-25T06:59:10.096Z,0.0,90,2,2026-09-25 12:44:10.096,37.205
Demo experiment,pioreactor02,2026-09-25T06:59:10.096Z,0.161883758354,45,3,2026-09-25 12:44:10.096,37.205
Demo experiment,pioreactor02,2026-09-25T06:59:10.096Z,0.041942366479,135,4,2026-09-25 12:44:10.096,37.205
Demo experiment,pioreactor02,2026-09-25T06:59:15.098Z,0.0,90,2,2026-09-25 12:44:15.098,37.206388888889
Demo experiment,pioreactor02,2026-09-25T06:59:15.098Z,0.16193891071,45,3,2026-09-25 12:44:15.098,37.206388888889
Demo experiment,pioreactor02,2026-09-25T06:59:15.098Z,0.040660059146,135,4,2026-09-25 12:44:15.098,37.206388888889
Demo experiment,pioreactor02,2026-09-25T06:59:20.099Z,0.0,90,2,2026-09-25 12:44:20.099,37.207777777778
Demo experiment,pioreactor02,2026-09-25T06:59:20.099Z,0.162037050109,45,3,2026-09-25 12:44:20.099,37.207777777778
Demo experiment,pioreactor02,2026-09-25T06:59:20.099Z,0.041192301784,135,4,2026-09-25 12:44:20.099,37.207777777778
Demo experiment,pioreactor02,2026-09-25T06:59:25.099Z,0.0,90,2,2026-09-25 12:44:25.099,37.209166666667
Demo experiment,pioreactor02,2026-09-25T06:59:25.099Z,0.161768605581,45,3,2026-09-25 12:44:25.099,37.209166666667
Demo experiment,pioreactor02,2026-09-25T06:59:25.099Z,0.036304129703,135,4,2026-09-25 12:44:25.099,37.209166666667
Demo experiment,pioreactor02,2026-09-25T06:59:30.097Z,0.0,90,2,2026-09-25 12:44:30.097,37.210555555556
Demo experiment,pioreactor02,2026-09-25T06:59:30.097Z,0.16174340483,45,3,2026-09-25 12:44:30.097,37.210555555556
Demo experiment,pioreactor02,2026-09-25T06:59:30.097Z,0.039304950899,135,4,2026-09-25 12:44:30.097,37.210555555556
Demo experiment,pioreactor02,2026-09-25T06:59:35.097Z,0.0,90,2,2026-09-25 12:44:35.097,37.211944444444
Demo experiment,pioreactor02,2026-09-25T06:59:35.097Z,0.161878482553,45,3,2026-09-25 12:44:35.097,37.211944444444
Demo experiment,pioreactor02,2026-09-25T06:59:35.097Z,0.043192054579,135,4,2026-09-25 12:44:35.097,37.211944444444
Demo experiment,pioreactor02,2026-09-25T06:59:40.097Z,0.0,90,2,2026-09-25 12:44:40.097,37.213333333333
Demo experiment,pioreactor02,2026-09-25T06:59:40.097Z,0.161932687867,45,3,2026-09-25 12:44:40.097,37.213333333333
Demo experiment,pioreactor02,2026-09-25T06:59:40.097Z,0.044606556672,135,4,2026-09-25 12:44:40.097,37.213333333333
Demo experiment,pioreactor02,2026-09-25T06:59:45.101Z,0.0,90,2,2026-09-25 12:44:45.101,37.214722222222
Demo experiment,pioreactor02,2026-09-25T06:59:45.101Z,0.161507783027,45,3,2026-09-25 12:44:45.101,37.214722222222
Demo experiment,pioreactor02,2026-09-25T06:59:45.101Z,0.039857457509,135,4,2026-09-25 12:44:45.101,37.214722222222
Demo experiment,pioreactor02,2026-09-25T06:59:50.098Z,0.0,90,2,2026-09-25 12:44:50.098,37.216111111111
Demo experiment,pioreactor02,2026-09-25T06:59:50.098Z,0.161635904535,45,3,2026-09-25 12:44:50.098,37.216111111111
Demo experiment,pioreactor02,2026-09-25T06:59:50.098Z,0.039192861937,135,4,2026-09-25 12:44:50.098,37.216111111111
Demo experiment,pioreactor02,2026-09-25T06:59:55.102Z,0.0,90,2,2026-09-25 12:44:55.102,37.2175
Demo experiment,pioreactor02,2026-09-25T06:59:55.102Z,0.161732373153,45,3,2026-09-25 12:44:55.102,37.2175
Demo experiment,pioreactor02,2026-09-25T06:59:55.102Z,0.037894613314,135,4,2026-09-25 12:44:55.102,37.2175
Demo experiment,pioreactor02,2026-09-25T07:00:00.100Z,0.0,90,2,2026-09-25 12:45:00.100,37.218888888889
Demo experiment,pioreactor02,2026-09-25T07:00:00.100Z,0.161930058567,45,3,2026-09-25 12:45:00.100,37.218888888889
Demo experiment,pioreactor02,2026-09-25T07:00:00.100Z,0.038048912769,135,4,2026-09-25 12:45:00.100,37.218888888889
Demo experiment,pioreactor02,2026-09-25T07:00:05.098Z,0.0,90,2,2026-09-25 12:45:05.098,37.220277777778
Demo experiment,pioreactor02,2026-09-25T07:00:05.098Z,0.161879556194,45,3,2026-09-25 12:45:05.098,37.220277777778
Demo experiment,pioreactor02,2026-09-25T07:00:05.098Z,0.034135606828,135,4,2026-09-25 12:45:05.098,37.220277777778
Demo experiment,pioreactor02,2026-09-25T07:00:10.096Z,0.0,90,2,2026-09-25 12:45:10.096,37.221666666667
Demo experiment,pioreactor02,2026-09-25T07:00:10.096Z,0.161870220038,45,3,2026-09-25 12:45:10.096,37.221666666667
Demo experiment,pioreactor02,2026-09-25T07:00:10.096Z,0.037114819268,135,4,2026-09-25 12:45:10.096,37.221666666667
Demo experiment,pioreactor02,2026-09-25T07:00:15.096Z,0.0,90,2,2026-09-25 12:45:15.096,37.223055555556
Demo experiment,pioreactor02,2026-09-25T07:00:15.096Z,0.161927952907,45,3,2026-09-25 12:45:15.096,37.223055555556
Demo experiment,pioreactor02,2026-09-25T07:00:15.096Z,0.038583350795,135,4,2026-09-25 12:45:15.096,37.223055555556
Demo experiment,pioreactor02,2026-09-25T07:00:20.098Z,0.0,90,2,2026-09-25 12:45:20.098,37.224444444444
Demo experiment,pioreactor02,2026-09-25T07:00:20.098Z,0.161946648769,45,3,2026-09-25 12:45:20.098,37.224444444444
Demo experiment,pioreactor02,2026-09-25T07:00:20.098Z,0.040869580738,135,4,2026-09-25 12:45:20.098,37.224444444444
Demo experiment,pioreactor02,2026-09-25T07:00:25.098Z,0.0,90,2,2026-09-25 12:45:25.098,37.225833333333
Demo experiment,pioreactor02,2026-09-25T07:00:25.098Z,0.161718275194,45,3,2026-09-25 12:45:25.098,37.225833333333
Demo experiment,pioreactor02,2026-09-25T07:00:25.098Z,0.038941338479,135,4,2026-09-25 12:45:25.098,37.225833333333
Demo experiment,pioreactor02,2026-09-25T07:00:30.098Z,0.0,90,2,2026-09-25 12:45:30.098,37.227222222222
Demo experiment,pioreactor02,2026-09-25T07:00:30.098Z,0.161785223672,45,3,2026-09-25 12:45:30.098,37.227222222222
Demo experiment,pioreactor02,2026-09-25T07:00:30.098Z,0.038209616754,135,4,2026-09-25 12:45:30.098,37.227222222222
Demo experiment,pioreactor02,2026-09-25T07:00:35.098Z,0.0,90,2,2026-09-25 12:45:35.098,37.228611111111
Demo experiment,pioreactor02,2026-09-25T07:00:35.098Z,0.16176016551,45,3,2026-09-25 12:45:35.098,37.228611111111
Demo experiment,pioreactor02,2026-09-25T07:00:35.098Z,0.040753710208,135,4,2026-09-25 12:45:35.098,37.228611111111
Demo experiment,pioreactor02,2026-09-25T07:00:40.099Z,0.0,90,2,2026-09-25 12:45:40.099,37.23
Demo experiment,pioreactor02,2026-09-25T07:00:40.099Z,0.161712624478,45,3,2026-09-25 12:45:40.099,37.23
Demo experiment,pioreactor02,2026-09-25T07:00:40.099Z,0.041740231166,135,4,2026-09-25 12:45:40.099,37.23
Demo experiment,pioreactor02,2026-09-25T07:00:45.097Z,0.0,90,2,2026-09-25 12:45:45.097,37.231388888889
Demo experiment,pioreactor02,2026-09-25T07:00:45.097Z,0.161705977424,45,3,2026-09-25 12:45:45.097,37.231388888889
Demo experiment,pioreactor02,2026-09-25T07:00:45.097Z,0.039220823491,135,4,2026-09-25 12:45:45.097,37.231388888889
Demo experiment,pioreactor02,2026-09-25T07:00:50.096Z,0.0,90,2,2026-09-25 12:45:50.096,37.232777777778
Demo experiment,pioreactor02,2026-09-25T07:00:50.096Z,0.161930947841,45,3,2026-09-25 12:45:50.096,37.232777777778
Demo experiment,pioreactor02,2026-09-25T07:00:50.096Z,0.038617537746,135,4,2026-09-25 12:45:50.096,37.232777777778
Demo experiment,pioreactor02,2026-09-25T07:00:55.098Z,0.0,90,2,2026-09-25 12:45:55.098,37.234166666667
Demo experiment,pioreactor02,2026-09-25T07:00:55.098Z,0.16183876524,45,3,2026-09-25 12:45:55.098,37.234166666667
Demo experiment,pioreactor02,2026-09-25T07:00:55.098Z,0.03723497146,135,4,2026-09-25 12:45:55.098,37.234166666667
Demo experiment,pioreactor02,2026-09-25T07:01:00.097Z,0.0,90,2,2026-09-25 12:46:00.097,37.235555555556
Demo experiment,pioreactor02,2026-09-25T07:01:00.097Z,0.162159965204,45,3,2026-09-25 12:46:00.097,37.235555555556
Demo experiment,pioreactor02,2026-09-25T07:01:00.097Z,0.040652494779,135,4,2026-09-25 12:46:00.097,37.235555555556
Demo experiment,pioreactor02,2026-09-25T07:01:05.099Z,0.0,90,2,2026-09-25 12:46:05.099,37.236944444444
Demo experiment,pioreactor02,2026-09-25T07:01:05.099Z,0.161941106326,45,3,2026-09-25 12:46:05.099,37.236944444444
Demo experiment,pioreactor02,2026-09-25T07:01:05.099Z,0.039502239357,135,4,2026-09-25 12:46:05.099,37.236944444444
Demo experiment,pioreactor02,2026-09-25T07:01:10.099Z,0.0,90,2,2026-09-25 12:46:10.099,37.238333333333
Demo experiment,pioreactor02,2026-09-25T07:01:10.099Z,0.161895826728,45,3,2026-09-25 12:46:10.099,37.238333333333
Demo experiment,pioreactor02,2026-09-25T07:01:10.099Z,0.038828243013,135,4,2026-09-25 12:46:10.099,37.238333333333
Demo experiment,pioreactor02,2026-09-25T07:01:15.101Z,0.0,90,2,2026-09-25 12:46:15.101,37.239722222222
Demo experiment,pioreactor02,2026-09-25T07:01:15.101Z,0.16197171919,45,3,2026-09-25 12:46:15.101,37.239722222222
Demo experiment,pioreactor02,2026-09-25T07:01:15.101Z,0.042023123074,135,4,2026-09-25 12:46:15.101,37.239722222222
Demo experiment,pioreactor02,2026-09-25T07:01:20.097Z,0.0,90,2,2026-09-25 12:46:20.097,37.241111111111
Demo experiment,pioreactor02,2026-09-25T07:01:20.097Z,0.162053091951,45,3,2026-09-25 12:46:20.097,37.241111111111
Demo experiment,pioreactor02,2026-09-25T07:01:20.097Z,0.040692119595,135,4,2026-09-25 12:46:20.097,37.241111111111
Demo experiment,pioreactor02,2026-09-25T07:01:25.097Z,0.0,90,2,2026-09-25 12:46:25.097,37.2425
Demo experiment,pioreactor02,2026-09-25T07:01:25.097Z,0.161844240286,45,3,2026-09-25 12:46:25.097,37.2425
Demo experiment,pioreactor02,2026-09-25T07:01:25.097Z,0.040500611978,135,4,2026-09-25 12:46:25.097,37.2425
Demo experiment,pioreactor02,2026-09-25T07:01:30.098Z,0.0,90,2,2026-09-25 12:46:30.098,37.243888888889
Demo experiment,pioreactor02,2026-09-25T07:01:30.098Z,0.161986265681,45,3,2026-09-25 12:46:30.098,37.243888888889
Demo experiment,pioreactor02,2026-09-25T07:01:30.098Z,0.039121885384,135,4,2026-09-25 12:46:30.098,37.243888888889
Demo experiment,pioreactor02,2026-09-25T07:01:35.097Z,0.0,90,2,2026-09-25 12:46:35.097,37.245277777778
Demo experiment,pioreactor02,2026-09-25T07:01:35.097Z,0.162035477348,45,3,2026-09-25 12:46:35.097,37.245277777778
Demo experiment,pioreactor02,2026-09-25T07:01:35.097Z,0.038647013946,135,4,2026-09-25 12:46:35.097,37.245277777778
Demo experiment,pioreactor02,2026-09-25T07:01:40.099Z,0.0,90,2,2026-09-25 12:46:40.099,37.246666666667
Demo experiment,pioreactor02,2026-09-25T07:01:40.099Z,0.161994051228,45,3,2026-09-25 12:46:40.099,37.246666666667
Demo experiment,pioreactor02,2026-09-25T07:01:40.099Z,0.037142096362,135,4,2026-09-25 12:46:40.099,37.246666666667
Demo experiment,pioreactor02,2026-09-25T07:01:45.099Z,0.0,90,2,2026-09-25 12:46:45.099,37.248055555556
Demo experiment,pioreactor02,2026-09-25T07:01:45.099Z,0.162043387189,45,3,2026-09-25 12:46:45.099,37.248055555556
Demo experiment,pioreactor02,2026-09-25T07:01:45.099Z,0.039216941191,135,4,2026-09-25 12:46:45.099,37.248055555556
Demo experiment,pioreactor02,2026-09-25T07:01:50.100Z,0.0,90,2,2026-09-25 12:46:50.100,37.249444444444
Demo experiment,pioreactor02,2026-09-25T07:01:50.100Z,0.162059588833,45,3,2026-09-25 12:46:50.100,37.249444444444
Demo experiment,pioreactor02,2026-09-25T07:01:50.100Z,0.035968663925,135,4,2026-09-25 12:46:50.100,37.249444444444
Demo experiment,pioreactor02,2026-09-25T07:01:55.097Z,0.0,90,2,2026-09-25 12:46:55.097,37.250833333333
Demo experiment,pioreactor02,2026-09-25T07:01:55.097Z,0.162043805248,45,3,2026-09-25 12:46:55.097,37.250833333333
Demo experiment,pioreactor02,2026-09-25T07:01:55.097Z,0.038074547624,135,4,2026-09-25 12:46:55.097,37.250833333333
Demo experiment,pioreactor02,2026-09-25T07:02:00.096Z,0.0,90,2,2026-09-25 12:47:00.096,37.252222222222
Demo experiment,pioreactor02,2026-09-25T07:02:00.096Z,0.162056296137,45,3,2026-09-25 12:47:00.096,37.252222222222
Demo experiment,pioreactor02,2026-09-25T07:02:00.096Z,0.037026397776,135,4,2026-09-25 12:47:00.096,37.252222222222
Demo experiment,pioreactor02,2026-09-25T07:02:05.096Z,0.0,90,2,2026-09-25 12:47:05.096,37.253611111111
Demo experiment,pioreactor02,2026-09-25T07:02:05.096Z,0.161923231225,45,3,2026-09-25 12:47:05.096,37.253611111111
Demo experiment,pioreactor02,2026-09-25T07:02:05.096Z,0.035523349254,135,4,2026-09-25 12:47:05.096,37.253611111111
Demo experiment,pioreactor02,2026-09-25T07:02:10.097Z,0.0,90,2,2026-09-25 12:47:10.097,37.255
Demo experiment,pioreactor02,2026-09-25T07:02:10.097Z,0.162011464189,45,3,2026-09-25 12:47:10.097,37.255
Demo experiment,pioreactor02,2026-09-25T07:02:10.097Z,0.03956159669,135,4,2026-09-25 12:47:10.097,37.255
Demo experiment,pioreactor02,2026-09-25T07:02:15.097Z,0.0,90,2,2026-09-25 12:47:15.097,37.256388888889
Demo experiment,pioreactor02,2026-09-25T07:02:15.097Z,0.161738552489,45,3,2026-09-25 12:47:15.097,37.256388888889
Demo experiment,pioreactor02,2026-09-25T07:02:15.097Z,0.036304442239,135,4,2026-09-25 12:47:15.097,37.256388888889
Demo experiment,pioreactor02,2026-09-25T07:02:20.096Z,0.0,90,2,2026-09-25 12:47:20.096,37.257777777778
Demo experiment,pioreactor02,2026-09-25T07:02:20.096Z,0.161898346593,45,3,2026-09-25 12:47:20.096,37.257777777778
Demo experiment,pioreactor02,2026-09-25T07:02:20.096Z,0.037557926554,135,4,2026-09-25 12:47:20.096,37.257777777778
Demo experiment,pioreactor02,2026-09-25T07:02:25.098Z,0.0,90,2,2026-09-25 12:47:25.098,37.259166666667
Demo experiment,pioreactor02,2026-09-25T07:02:25.098Z,0.161839365868,45,3,2026-09-25 12:47:25.098,37.259166666667
Demo experiment,pioreactor02,2026-09-25T07:02:25.098Z,0.038248373672,135,4,2026-09-25 12:47:25.098,37.259166666667
Demo experiment,pioreactor02,2026-09-25T07:02:30.097Z,0.0,90,2,2026-09-25 12:47:30.097,37.260555555556
Demo experiment,pioreactor02,2026-09-25T07:02:30.097Z,0.161886322483,45,3,2026-09-25 12:47:30.097,37.260555555556
Demo experiment,pioreactor02,2026-09-25T07:02:30.097Z,0.038026692165,135,4,2026-09-25 12:47:30.097,37.260555555556
Demo experiment,pioreactor02,2026-09-25T07:02:35.097Z,0.0,90,2,2026-09-25 12:47:35.097,37.261944444444
Demo experiment,pioreactor02,2026-09-25T07:02:35.097Z,0.161873151706,45,3,2026-09-25 12:47:35.097,37.261944444444
Demo experiment,pioreactor02,2026-09-25T07:02:35.097Z,0.037703915886,135,4,2026-09-25 12:47:35.097,37.261944444444
Demo experiment,pioreactor02,2026-09-25T07:02:40.098Z,0.0,90,2,2026-09-25 12:47:40.098,37.263333333333
Demo experiment,pioreactor02,2026-09-25T07:02:40.098Z,0.161636825322,45,3,2026-09-25 12:47:40.098,37.263333333333
Demo experiment,pioreactor02,2026-09-25T07:02:40.098Z,0.037576219691,135,4,2026-09-25 12:47:40.098,37.263333333333
Demo experiment,pioreactor02,2026-09-25T07:02:45.099Z,0.0,90,2,2026-09-25 12:47:45.099,37.264722222222
Demo experiment,pioreactor02,2026-09-25T07:02:45.099Z,0.161791643489,45,3,2026-09-25 12:47:45.099,37.264722222222
Demo experiment,pioreactor02,2026-09-25T07:02:45.099Z,0.037559251003,135,4,2026-09-25 12:47:45.099,37.264722222222
Demo experiment,pioreactor02,2026-09-25T07:02:50.096Z,0.0,90,2,2026-09-25 12:47:50.096,37.266111111111
Demo experiment,pioreactor02,2026-09-25T07:02:50.096Z,0.161904858382,45,3,2026-09-25 12:47:50.096,37.266111111111
Demo experiment,pioreactor02,2026-09-25T07:02:50.096Z,0.03520596207,135,4,2026-09-25 12:47:50.096,37.266111111111
Demo experiment,pioreactor02,2026-09-25T07:02:55.098Z,0.0,90,2,2026-09-25 12:47:55.098,37.2675
Demo experiment,pioreactor02,2026-09-25T07:02:55.098Z,0.161911687016,45,3,2026-09-25 12:47:55.098,37.2675
Demo experiment,pioreactor02,2026-09-25T07:02:55.098Z,0.03375673228,135,4,2026-09-25 12:47:55.098,37.2675
Demo experiment,pioreactor02,2026-09-25T07:03:00.099Z,0.0,90,2,2026-09-25 12:48:00.099,37.268888888889
Demo experiment,pioreactor02,2026-09-25T07:03:00.099Z,0.16181615111,45,3,2026-09-25 12:48:00.099,37.268888888889
Demo experiment,pioreactor02,2026-09-25T07:03:00.099Z,0.031260746784,135,4,2026-09-25 12:48:00.099,37.268888888889
Demo experiment,pioreactor02,2026-09-25T07:03:05.098Z,0.0,90,2,2026-09-25 12:48:05.098,37.270277777778
Demo experiment,pioreactor02,2026-09-25T07:03:05.098Z,0.161918636606,45,3,2026-09-25 12:48:05.098,37.270277777778
Demo experiment,pioreactor02,2026-09-25T07:03:05.098Z,0.031186914152,135,4,2026-09-25 12:48:05.098,37.270277777778
Demo experiment,pioreactor02,2026-09-25T07:03:10.098Z,0.0,90,2,2026-09-25 12:48:10.098,37.271666666667
Demo experiment,pioreactor02,2026-09-25T07:03:10.098Z,0.161921555804,45,3,2026-09-25 12:48:10.098,37.271666666667
Demo experiment,pioreactor02,2026-09-25T07:03:10.098Z,0.030801767215,135,4,2026-09-25 12:48:10.098,37.271666666667
Demo experiment,pioreactor02,2026-09-25T07:03:15.096Z,0.0,90,2,2026-09-25 12:48:15.096,37.273055555556
Demo experiment,pioreactor02,2026-09-25T07:03:15.096Z,0.162113344811,45,3,2026-09-25 12:48:15.096,37.273055555556
Demo experiment,pioreactor02,2026-09-25T07:03:15.096Z,0.031797384959,135,4,2026-09-25 12:48:15.096,37.273055555556
Demo experiment,pioreactor02,2026-09-25T07:03:20.110Z,0.0,90,2,2026-09-25 12:48:20.110,37.274444444444
Demo experiment,pioreactor02,2026-09-25T07:03:20.110Z,0.161935409456,45,3,2026-09-25 12:48:20.110,37.274444444444
Demo experiment,pioreactor02,2026-09-25T07:03:20.110Z,0.031498587312,135,4,2026-09-25 12:48:20.110,37.274444444444
Demo experiment,pioreactor02,2026-09-25T07:03:25.104Z,0.0,90,2,2026-09-25 12:48:25.104,37.275833333333
Demo experiment,pioreactor02,2026-09-25T07:03:25.104Z,0.161997515777,45,3,2026-09-25 12:48:25.104,37.275833333333
Demo experiment,pioreactor02,2026-09-25T07:03:25.104Z,0.029773332308,135,4,2026-09-25 12:48:25.104,37.275833333333
Demo experiment,pioreactor02,2026-09-25T07:03:30.101Z,0.0,90,2,2026-09-25 12:48:30.101,37.277222222222
Demo experiment,pioreactor02,2026-09-25T07:03:30.101Z,0.162005094559,45,3,2026-09-25 12:48:30.101,37.277222222222
Demo experiment,pioreactor02,2026-09-25T07:03:30.101Z,0.028995635282,135,4,2026-09-25 12:48:30.101,37.277222222222
Demo experiment,pioreactor02,2026-09-25T07:03:35.104Z,0.0,90,2,2026-09-25 12:48:35.104,37.278611111111
Demo experiment,pioreactor02,2026-09-25T07:03:35.104Z,0.162090107551,45,3,2026-09-25 12:48:35.104,37.278611111111
Demo experiment,pioreactor02,2026-09-25T07:03:35.104Z,0.030457317991,135,4,2026-09-25 12:48:35.104,37.278611111111
Demo experiment,pioreactor02,2026-09-25T07:03:40.102Z,0.0,90,2,2026-09-25 12:48:40.102,37.28
Demo experiment,pioreactor02,2026-09-25T07:03:40.102Z,0.161905035475,45,3,2026-09-25 12:48:40.102,37.28
Demo experiment,pioreactor02,2026-09-25T07:03:40.102Z,0.029273704676,135,4,2026-09-25 12:48:40.102,37.28
Demo experiment,pioreactor02,2026-09-25T07:03:45.102Z,0.0,90,2,2026-09-25 12:48:45.102,37.281388888889
Demo experiment,pioreactor02,2026-09-25T07:03:45.102Z,0.162064407571,45,3,2026-09-25 12:48:45.102,37.281388888889
Demo experiment,pioreactor02,2026-09-25T07:03:45.102Z,0.03054952839,135,4,2026-09-25 12:48:45.102,37.281388888889
Demo experiment,pioreactor02,2026-09-25T07:03:50.100Z,0.0,90,2,2026-09-25 12:48:50.100,37.282777777778
Demo experiment,pioreactor02,2026-09-25T07:03:50.100Z,0.162035338241,45,3,2026-09-25 12:48:50.100,37.282777777778
Demo experiment,pioreactor02,2026-09-25T07:03:50.100Z,0.030797965608,135,4,2026-09-25 12:48:50.100,37.282777777778
Demo experiment,pioreactor02,2026-09-25T07:03:55.103Z,0.0,90,2,2026-09-25 12:48:55.103,37.284166666667
Demo experiment,pioreactor02,2026-09-25T07:03:55.103Z,0.162085274567,45,3,2026-09-25 12:48:55.103,37.284166666667
Demo experiment,pioreactor02,2026-09-25T07:03:55.103Z,0.032465056115,135,4,2026-09-25 12:48:55.103,37.284166666667
Demo experiment,pioreactor02,2026-09-25T07:04:00.101Z,0.0,90,2,2026-09-25 12:49:00.101,37.285555555556
Demo experiment,pioreactor02,2026-09-25T07:04:00.101Z,0.162096762137,45,3,2026-09-25 12:49:00.101,37.285555555556
Demo experiment,pioreactor02,2026-09-25T07:04:00.101Z,0.03062622703,135,4,2026-09-25 12:49:00.101,37.285555555556
Demo experiment,pioreactor02,2026-09-25T07:04:05.102Z,0.0,90,2,2026-09-25 12:49:05.102,37.286944444444
Demo experiment,pioreactor02,2026-09-25T07:04:05.102Z,0.162192237827,45,3,2026-09-25 12:49:05.102,37.286944444444
Demo experiment,pioreactor02,2026-09-25T07:04:05.102Z,0.028861705861,135,4,2026-09-25 12:49:05.102,37.286944444444
Demo experiment,pioreactor02,2026-09-25T07:04:10.102Z,0.0,90,2,2026-09-25 12:49:10.102,37.288333333333
Demo experiment,pioreactor02,2026-09-25T07:04:10.102Z,0.162265278374,45,3,2026-09-25 12:49:10.102,37.288333333333
Demo experiment,pioreactor02,2026-09-25T07:04:10.102Z,0.029231665556,135,4,2026-09-25 12:49:10.102,37.288333333333
Demo experiment,pioreactor02,2026-09-25T07:04:15.102Z,0.0,90,2,2026-09-25 12:49:15.102,37.289722222222
Demo experiment,pioreactor02,2026-09-25T07:04:15.102Z,0.162238288572,45,3,2026-09-25 12:49:15.102,37.289722222222
Demo experiment,pioreactor02,2026-09-25T07:04:15.102Z,0.027043840258,135,4,2026-09-25 12:49:15.102,37.289722222222
Demo experiment,pioreactor02,2026-09-25T07:04:20.101Z,0.0,90,2,2026-09-25 12:49:20.101,37.291111111111
Demo experiment,pioreactor02,2026-09-25T07:04:20.101Z,0.162198934836,45,3,2026-09-25 12:49:20.101,37.291111111111
Demo experiment,pioreactor02,2026-09-25T07:04:20.101Z,0.027595904417,135,4,2026-09-25 12:49:20.101,37.291111111111
Demo experiment,pioreactor02,2026-09-25T07:04:25.106Z,0.0,90,2,2026-09-25 12:49:25.106,37.2925
Demo experiment,pioreactor02,2026-09-25T07:04:25.106Z,0.162182928703,45,3,2026-09-25 12:49:25.106,37.2925
Demo experiment,pioreactor02,2026-09-25T07:04:25.106Z,0.026502939232,135,4,2026-09-25 12:49:25.106,37.2925
Demo experiment,pioreactor02,2026-09-25T07:04:30.101Z,0.0,90,2,2026-09-25 12:49:30.101,37.293888888889
Demo experiment,pioreactor02,2026-09-25T07:04:30.101Z,0.162267334148,45,3,2026-09-25 12:49:30.101,37.293888888889
Demo experiment,pioreactor02,2026-09-25T07:04:30.101Z,0.030306478202,135,4,2026-09-25 12:49:30.101,37.293888888889
Demo experiment,pioreactor02,2026-09-25T07:04:35.103Z,0.0,90,2,2026-09-25 12:49:35.103,37.295277777778
Demo experiment,pioreactor02,2026-09-25T07:04:35.103Z,0.16224510743,45,3,2026-09-25 12:49:35.103,37.295277777778
Demo experiment,pioreactor02,2026-09-25T07:04:35.103Z,0.032639235752,135,4,2026-09-25 12:49:35.103,37.295277777778
Demo experiment,pioreactor02,2026-09-25T07:04:40.101Z,0.0,90,2,2026-09-25 12:49:40.101,37.296666666667
Demo experiment,pioreactor02,2026-09-25T07:04:40.101Z,0.162118643247,45,3,2026-09-25 12:49:40.101,37.296666666667
Demo experiment,pioreactor02,2026-09-25T07:04:40.101Z,0.029216497545,135,4,2026-09-25 12:49:40.101,37.296666666667
Demo experiment,pioreactor02,2026-09-25T07:04:45.100Z,0.0,90,2,2026-09-25 12:49:45.100,37.298055555556
Demo experiment,pioreactor02,2026-09-25T07:04:45.100Z,0.162251126253,45,3,2026-09-25 12:49:45.100,37.298055555556
Demo experiment,pioreactor02,2026-09-25T07:04:45.100Z,0.028700900766,135,4,2026-09-25 12:49:45.100,37.298055555556
Demo experiment,pioreactor02,2026-09-25T07:04:50.102Z,0.0,90,2,2026-09-25 12:49:50.102,37.299444444444
Demo experiment,pioreactor02,2026-09-25T07:04:50.102Z,0.162376530621,45,3,2026-09-25 12:49:50.102,37.299444444444
Demo experiment,pioreactor02,2026-09-25T07:04:50.102Z,0.027967754426,135,4,2026-09-25 12:49:50.102,37.299444444444
Demo experiment,pioreactor02,2026-09-25T07:04:55.099Z,0.0,90,2,2026-09-25 12:49:55.099,37.300833333333
Demo experiment,pioreactor02,2026-09-25T07:04:55.099Z,0.162371656661,45,3,2026-09-25 12:49:55.099,37.300833333333
Demo experiment,pioreactor02,2026-09-25T07:04:55.099Z,0.028356779518,135,4,2026-09-25 12:49:55.099,37.300833333333
Demo experiment,pioreactor02,2026-09-25T07:05:00.103Z,0.0,90,2,2026-09-25 12:50:00.103,37.302222222222
Demo experiment,pioreactor02,2026-09-25T07:05:00.103Z,0.162387981324,45,3,2026-09-25 12:50:00.103,37.302222222222
Demo experiment,pioreactor02,2026-09-25T07:05:00.103Z,0.029614236172,135,4,2026-09-25 12:50:00.103,37.302222222222
Demo experiment,pioreactor02,2026-09-25T07:05:05.097Z,0.0,90,2,2026-09-25 12:50:05.097,37.303611111111
Demo experiment,pioreactor02,2026-09-25T07:05:05.097Z,0.162509195977,45,3,2026-09-25 12:50:05.097,37.303611111111
Demo experiment,pioreactor02,2026-09-25T07:05:05.097Z,0.035118200153,135,4,2026-09-25 12:50:05.097,37.303611111111
Demo experiment,pioreactor02,2026-09-25T07:05:10.097Z,0.0,90,2,2026-09-25 12:50:10.097,37.305
Demo experiment,pioreactor02,2026-09-25T07:05:10.097Z,0.16251104391,45,3,2026-09-25 12:50:10.097,37.305
Demo experiment,pioreactor02,2026-09-25T07:05:10.097Z,0.032901139979,135,4,2026-09-25 12:50:10.097,37.305
Demo experiment,pioreactor02,2026-09-25T07:05:15.100Z,0.0,90,2,2026-09-25 12:50:15.100,37.306388888889
Demo experiment,pioreactor02,2026-09-25T07:05:15.100Z,0.162466399737,45,3,2026-09-25 12:50:15.100,37.306388888889
Demo experiment,pioreactor02,2026-09-25T07:05:15.100Z,0.032254806872,135,4,2026-09-25 12:50:15.100,37.306388888889
Demo experiment,pioreactor02,2026-09-25T07:05:20.101Z,0.0,90,2,2026-09-25 12:50:20.101,37.307777777778
Demo experiment,pioreactor02,2026-09-25T07:05:20.101Z,0.162365909879,45,3,2026-09-25 12:50:20.101,37.307777777778
Demo experiment,pioreactor02,2026-09-25T07:05:20.101Z,0.030971266499,135,4,2026-09-25 12:50:20.101,37.307777777778
Demo experiment,pioreactor02,2026-09-25T07:05:25.100Z,0.0,90,2,2026-09-25 12:50:25.100,37.309166666667
Demo experiment,pioreactor02,2026-09-25T07:05:25.100Z,0.162249452826,45,3,2026-09-25 12:50:25.100,37.309166666667
Demo experiment,pioreactor02,2026-09-25T07:05:25.100Z,0.0297555439,135,4,2026-09-25 12:50:25.100,37.309166666667
Demo experiment,pioreactor02,2026-09-25T07:05:30.098Z,0.0,90,2,2026-09-25 12:50:30.098,37.310555555556
Demo experiment,pioreactor02,2026-09-25T07:05:30.098Z,0.162641690042,45,3,2026-09-25 12:50:30.098,37.310555555556
Demo experiment,pioreactor02,2026-09-25T07:05:30.098Z,0.035347933959,135,4,2026-09-25 12:50:30.098,37.310555555556
Demo experiment,pioreactor02,2026-09-25T07:05:35.099Z,0.0,90,2,2026-09-25 12:50:35.099,37.311944444444
Demo experiment,pioreactor02,2026-09-25T07:05:35.099Z,0.162552201222,45,3,2026-09-25 12:50:35.099,37.311944444444
Demo experiment,pioreactor02,2026-09-25T07:05:35.099Z,0.038981848754,135,4,2026-09-25 12:50:35.099,37.311944444444
Demo experiment,pioreactor02,2026-09-25T07:05:40.098Z,0.0,90,2,2026-09-25 12:50:40.098,37.313333333333
Demo experiment,pioreactor02,2026-09-25T07:05:40.098Z,0.162081612471,45,3,2026-09-25 12:50:40.098,37.313333333333
Demo experiment,pioreactor02,2026-09-25T07:05:40.098Z,0.040618505418,135,4,2026-09-25 12:50:40.098,37.313333333333
Demo experiment,pioreactor02,2026-09-25T07:05:45.099Z,0.0,90,2,2026-09-25 12:50:45.099,37.314722222222
Demo experiment,pioreactor02,2026-09-25T07:05:45.099Z,0.16197838194,45,3,2026-09-25 12:50:45.099,37.314722222222
Demo experiment,pioreactor02,2026-09-25T07:05:45.099Z,0.039086769693,135,4,2026-09-25 12:50:45.099,37.314722222222
Demo experiment,pioreactor02,2026-09-25T07:05:50.099Z,0.0,90,2,2026-09-25 12:50:50.099,37.316111111111
Demo experiment,pioreactor02,2026-09-25T07:05:50.099Z,0.162301512411,45,3,2026-09-25 12:50:50.099,37.316111111111
Demo experiment,pioreactor02,2026-09-25T07:05:50.099Z,0.039716945077,135,4,2026-09-25 12:50:50.099,37.316111111111
Demo experiment,pioreactor02,2026-09-25T07:05:55.097Z,0.0,90,2,2026-09-25 12:50:55.097,37.3175
Demo experiment,pioreactor02,2026-09-25T07:05:55.097Z,0.162406521593,45,3,2026-09-25 12:50:55.097,37.3175
Demo experiment,pioreactor02,2026-09-25T07:05:55.097Z,0.040413059789,135,4,2026-09-25 12:50:55.097,37.3175
Demo experiment,pioreactor02,2026-09-25T07:06:00.098Z,0.0,90,2,2026-09-25 12:51:00.098,37.318888888889
Demo experiment,pioreactor02,2026-09-25T07:06:00.098Z,0.162406357937,45,3,2026-09-25 12:51:00.098,37.318888888889
Demo experiment,pioreactor02,2026-09-25T07:06:00.098Z,0.039119557537,135,4,2026-09-25 12:51:00.098,37.318888888889
Demo experiment,pioreactor02,2026-09-25T07:06:05.098Z,0.0,90,2,2026-09-25 12:51:05.098,37.320277777778
Demo experiment,pioreactor02,2026-09-25T07:06:05.098Z,0.162111662124,45,3,2026-09-25 12:51:05.098,37.320277777778
Demo experiment,pioreactor02,2026-09-25T07:06:05.098Z,0.03762009913,135,4,2026-09-25 12:51:05.098,37.320277777778
Demo experiment,pioreactor02,2026-09-25T07:06:10.099Z,0.0,90,2,2026-09-25 12:51:10.099,37.321666666667
Demo experiment,pioreactor02,2026-09-25T07:06:10.099Z,0.162114780587,45,3,2026-09-25 12:51:10.099,37.321666666667
Demo experiment,pioreactor02,2026-09-25T07:06:10.099Z,0.046726880328,135,4,2026-09-25 12:51:10.099,37.321666666667
Demo experiment,pioreactor02,2026-09-25T07:06:15.102Z,0.0,90,2,2026-09-25 12:51:15.102,37.323055555556
Demo experiment,pioreactor02,2026-09-25T07:06:15.102Z,0.161905260901,45,3,2026-09-25 12:51:15.102,37.323055555556
Demo experiment,pioreactor02,2026-09-25T07:06:15.102Z,0.051620380272,135,4,2026-09-25 12:51:15.102,37.323055555556
Demo experiment,pioreactor02,2026-09-25T07:06:20.098Z,0.0,90,2,2026-09-25 12:51:20.098,37.324444444444
Demo experiment,pioreactor02,2026-09-25T07:06:20.098Z,0.162066354299,45,3,2026-09-25 12:51:20.098,37.324444444444
Demo experiment,pioreactor02,2026-09-25T07:06:20.098Z,0.047951570091,135,4,2026-09-25 12:51:20.098,37.324444444444
Demo experiment,pioreactor02,2026-09-25T07:06:25.099Z,0.0,90,2,2026-09-25 12:51:25.099,37.325833333333
Demo experiment,pioreactor02,2026-09-25T07:06:25.099Z,0.162305789617,45,3,2026-09-25 12:51:25.099,37.325833333333
Demo experiment,pioreactor02,2026-09-25T07:06:25.099Z,0.045106801561,135,4,2026-09-25 12:51:25.099,37.325833333333
Demo experiment,pioreactor02,2026-09-25T07:06:30.097Z,0.0,90,2,2026-09-25 12:51:30.097,37.327222222222
Demo experiment,pioreactor02,2026-09-25T07:06:30.097Z,0.162453514395,45,3,2026-09-25 12:51:30.097,37.327222222222
Demo experiment,pioreactor02,2026-09-25T07:06:30.097Z,0.04707122587,135,4,2026-09-25 12:51:30.097,37.327222222222
Demo experiment,pioreactor02,2026-09-25T07:06:35.097Z,0.0,90,2,2026-09-25 12:51:35.097,37.328611111111
Demo experiment,pioreactor02,2026-09-25T07:06:35.097Z,0.162147509355,45,3,2026-09-25 12:51:35.097,37.328611111111
Demo experiment,pioreactor02,2026-09-25T07:06:35.097Z,0.046002775441,135,4,2026-09-25 12:51:35.097,37.328611111111
Demo experiment,pioreactor02,2026-09-25T07:06:40.101Z,0.0,90,2,2026-09-25 12:51:40.101,37.33
Demo experiment,pioreactor02,2026-09-25T07:06:40.101Z,0.162326629439,45,3,2026-09-25 12:51:40.101,37.33
Demo experiment,pioreactor02,2026-09-25T07:06:40.101Z,0.04550540402,135,4,2026-09-25 12:51:40.101,37.33
Demo experiment,pioreactor02,2026-09-25T07:06:45.099Z,0.0,90,2,2026-09-25 12:51:45.099,37.331388888889
Demo experiment,pioreactor02,2026-09-25T07:06:45.099Z,0.161951570254,45,3,2026-09-25 12:51:45.099,37.331388888889
Demo experiment,pioreactor02,2026-09-25T07:06:45.099Z,0.042797248373,135,4,2026-09-25 12:51:45.099,37.331388888889
Demo experiment,pioreactor02,2026-09-25T07:06:50.099Z,0.0,90,2,2026-09-25 12:51:50.099,37.332777777778
Demo experiment,pioreactor02,2026-09-25T07:06:50.099Z,0.162015176588,45,3,2026-09-25 12:51:50.099,37.332777777778
Demo experiment,pioreactor02,2026-09-25T07:06:50.099Z,0.050914532103,135,4,2026-09-25 12:51:50.099,37.332777777778
Demo experiment,pioreactor02,2026-09-25T07:06:55.097Z,0.0,90,2,2026-09-25 12:51:55.097,37.334166666667
Demo experiment,pioreactor02,2026-09-25T07:06:55.097Z,0.162200557932,45,3,2026-09-25 12:51:55.097,37.334166666667
Demo experiment,pioreactor02,2026-09-25T07:06:55.097Z,0.052575113993,135,4,2026-09-25 12:51:55.097,37.334166666667
Demo experiment,pioreactor02,2026-09-25T07:07:00.098Z,0.0,90,2,2026-09-25 12:52:00.098,37.335555555556
Demo experiment,pioreactor02,2026-09-25T07:07:00.098Z,0.162232070777,45,3,2026-09-25 12:52:00.098,37.335555555556
Demo experiment,pioreactor02,2026-09-25T07:07:00.098Z,0.053743506147,135,4,2026-09-25 12:52:00.098,37.335555555556
Demo experiment,pioreactor02,2026-09-25T07:07:05.098Z,0.0,90,2,2026-09-25 12:52:05.098,37.336944444444
Demo experiment,pioreactor02,2026-09-25T07:07:05.098Z,0.161989197539,45,3,2026-09-25 12:52:05.098,37.336944444444
Demo experiment,pioreactor02,2026-09-25T07:07:05.098Z,0.053572133673,135,4,2026-09-25 12:52:05.098,37.336944444444
Demo experiment,pioreactor02,2026-09-25T07:07:10.100Z,0.0,90,2,2026-09-25 12:52:10.100,37.338333333333
Demo experiment,pioreactor02,2026-09-25T07:07:10.100Z,0.162081199701,45,3,2026-09-25 12:52:10.100,37.338333333333
Demo experiment,pioreactor02,2026-09-25T07:07:10.100Z,0.051967166725,135,4,2026-09-25 12:52:10.100,37.338333333333
Demo experiment,pioreactor02,2026-09-25T07:07:15.100Z,0.0,90,2,2026-09-25 12:52:15.100,37.339722222222
Demo experiment,pioreactor02,2026-09-25T07:07:15.100Z,0.161937728569,45,3,2026-09-25 12:52:15.100,37.339722222222
Demo experiment,pioreactor02,2026-09-25T07:07:15.100Z,0.045658332595,135,4,2026-09-25 12:52:15.100,37.339722222222
Demo experiment,pioreactor02,2026-09-25T07:07:20.100Z,0.0,90,2,2026-09-25 12:52:20.100,37.341111111111
Demo experiment,pioreactor02,2026-09-25T07:07:20.100Z,0.161829520518,45,3,2026-09-25 12:52:20.100,37.341111111111
Demo experiment,pioreactor02,2026-09-25T07:07:20.100Z,0.044524674917,135,4,2026-09-25 12:52:20.100,37.341111111111
Demo experiment,pioreactor02,2026-09-25T07:07:25.098Z,0.0,90,2,2026-09-25 12:52:25.098,37.3425
Demo experiment,pioreactor02,2026-09-25T07:07:25.098Z,0.16183362126,45,3,2026-09-25 12:52:25.098,37.3425
Demo experiment,pioreactor02,2026-09-25T07:07:25.098Z,0.04261216475,135,4,2026-09-25 12:52:25.098,37.3425
Demo experiment,pioreactor02,2026-09-25T07:07:30.099Z,0.0,90,2,2026-09-25 12:52:30.099,37.343888888889
Demo experiment,pioreactor02,2026-09-25T07:07:30.099Z,0.162031811362,45,3,2026-09-25 12:52:30.099,37.343888888889
Demo experiment,pioreactor02,2026-09-25T07:07:30.099Z,0.040065717891,135,4,2026-09-25 12:52:30.099,37.343888888889
Demo experiment,pioreactor02,2026-09-25T07:07:35.100Z,0.0,90,2,2026-09-25 12:52:35.100,37.345277777778
Demo experiment,pioreactor02,2026-09-25T07:07:35.100Z,0.162442130588,45,3,2026-09-25 12:52:35.100,37.345277777778
Demo experiment,pioreactor02,2026-09-25T07:07:35.100Z,0.045260453143,135,4,2026-09-25 12:52:35.100,37.345277777778
Demo experiment,pioreactor02,2026-09-25T07:07:40.097Z,0.0,90,2,2026-09-25 12:52:40.097,37.346666666667
Demo experiment,pioreactor02,2026-09-25T07:07:40.097Z,0.162153655448,45,3,2026-09-25 12:52:40.097,37.346666666667
Demo experiment,pioreactor02,2026-09-25T07:07:40.097Z,0.039425536217,135,4,2026-09-25 12:52:40.097,37.346666666667
Demo experiment,pioreactor02,2026-09-25T07:07:45.098Z,0.0,90,2,2026-09-25 12:52:45.098,37.348055555556
Demo experiment,pioreactor02,2026-09-25T07:07:45.098Z,0.162331750369,45,3,2026-09-25 12:52:45.098,37.348055555556
Demo experiment,pioreactor02,2026-09-25T07:07:45.098Z,0.041281463377,135,4,2026-09-25 12:52:45.098,37.348055555556
Demo experiment,pioreactor02,2026-09-25T07:07:50.098Z,0.0,90,2,2026-09-25 12:52:50.098,37.349444444444
Demo experiment,pioreactor02,2026-09-25T07:07:50.098Z,0.162202153249,45,3,2026-09-25 12:52:50.098,37.349444444444
Demo experiment,pioreactor02,2026-09-25T07:07:50.098Z,0.03989187465,135,4,2026-09-25 12:52:50.098,37.349444444444
Demo experiment,pioreactor02,2026-09-25T07:07:55.102Z,0.0,90,2,2026-09-25 12:52:55.102,37.350833333333
Demo experiment,pioreactor02,2026-09-25T07:07:55.102Z,0.162027195094,45,3,2026-09-25 12:52:55.102,37.350833333333
Demo experiment,pioreactor02,2026-09-25T07:07:55.102Z,0.037538130934,135,4,2026-09-25 12:52:55.102,37.350833333333
Demo experiment,pioreactor02,2026-09-25T07:08:00.097Z,0.0,90,2,2026-09-25 12:53:00.097,37.352222222222
Demo experiment,pioreactor02,2026-09-25T07:08:00.097Z,0.162011026817,45,3,2026-09-25 12:53:00.097,37.352222222222
Demo experiment,pioreactor02,2026-09-25T07:08:00.097Z,0.037325379098,135,4,2026-09-25 12:53:00.097,37.352222222222
Demo experiment,pioreactor02,2026-09-25T07:08:05.097Z,0.0,90,2,2026-09-25 12:53:05.097,37.353611111111
Demo experiment,pioreactor02,2026-09-25T07:08:05.097Z,0.162084467,45,3,2026-09-25 12:53:05.097,37.353611111111
Demo experiment,pioreactor02,2026-09-25T07:08:05.097Z,0.038066854522,135,4,2026-09-25 12:53:05.097,37.353611111111
Demo experiment,pioreactor02,2026-09-25T07:08:10.098Z,0.0,90,2,2026-09-25 12:53:10.098,37.355
Demo experiment,pioreactor02,2026-09-25T07:08:10.098Z,0.16239716844,45,3,2026-09-25 12:53:10.098,37.355
Demo experiment,pioreactor02,2026-09-25T07:08:10.098Z,0.042067969724,135,4,2026-09-25 12:53:10.098,37.355
Demo experiment,pioreactor02,2026-09-25T07:08:15.098Z,0.0,90,2,2026-09-25 12:53:15.098,37.356388888889
Demo experiment,pioreactor02,2026-09-25T07:08:15.098Z,0.16229102787,45,3,2026-09-25 12:53:15.098,37.356388888889
Demo experiment,pioreactor02,2026-09-25T07:08:15.098Z,0.03722526792,135,4,2026-09-25 12:53:15.098,37.356388888889
Demo experiment,pioreactor02,2026-09-25T07:08:20.100Z,0.0,90,2,2026-09-25 12:53:20.100,37.357777777778
Demo experiment,pioreactor02,2026-09-25T07:08:20.100Z,0.162282463806,45,3,2026-09-25 12:53:20.100,37.357777777778
Demo experiment,pioreactor02,2026-09-25T07:08:20.100Z,0.033991462347,135,4,2026-09-25 12:53:20.100,37.357777777778
Demo experiment,pioreactor02,2026-09-25T07:08:25.101Z,0.0,90,2,2026-09-25 12:53:25.101,37.359166666667
Demo experiment,pioreactor02,2026-09-25T07:08:25.101Z,0.162085723282,45,3,2026-09-25 12:53:25.101,37.359166666667
Demo experiment,pioreactor02,2026-09-25T07:08:25.101Z,0.031593694756,135,4,2026-09-25 12:53:25.101,37.359166666667
Demo experiment,pioreactor02,2026-09-25T07:08:30.097Z,0.0,90,2,2026-09-25 12:53:30.097,37.360555555556
Demo experiment,pioreactor02,2026-09-25T07:08:30.097Z,0.162311313054,45,3,2026-09-25 12:53:30.097,37.360555555556
Demo experiment,pioreactor02,2026-09-25T07:08:30.097Z,0.030413015306,135,4,2026-09-25 12:53:30.097,37.360555555556
Demo experiment,pioreactor02,2026-09-25T07:08:35.096Z,0.0,90,2,2026-09-25 12:53:35.096,37.361944444444
Demo experiment,pioreactor02,2026-09-25T07:08:35.096Z,0.162273255358,45,3,2026-09-25 12:53:35.096,37.361944444444
Demo experiment,pioreactor02,2026-09-25T07:08:35.096Z,0.029515118387,135,4,2026-09-25 12:53:35.096,37.361944444444
Demo experiment,pioreactor02,2026-09-25T07:08:40.096Z,0.0,90,2,2026-09-25 12:53:40.096,37.363333333333
Demo experiment,pioreactor02,2026-09-25T07:08:40.096Z,0.162255608086,45,3,2026-09-25 12:53:40.096,37.363333333333
Demo experiment,pioreactor02,2026-09-25T07:08:40.096Z,0.028642894418,135,4,2026-09-25 12:53:40.096,37.363333333333
Demo experiment,pioreactor02,2026-09-25T07:08:45.097Z,0.0,90,2,2026-09-25 12:53:45.097,37.364722222222
Demo experiment,pioreactor02,2026-09-25T07:08:45.097Z,0.16239514704,45,3,2026-09-25 12:53:45.097,37.364722222222
Demo experiment,pioreactor02,2026-09-25T07:08:45.097Z,0.028162179486,135,4,2026-09-25 12:53:45.097,37.364722222222
Demo experiment,pioreactor02,2026-09-25T07:08:50.097Z,0.0,90,2,2026-09-25 12:53:50.097,37.366111111111
Demo experiment,pioreactor02,2026-09-25T07:08:50.097Z,0.162440753954,45,3,2026-09-25 12:53:50.097,37.366111111111
Demo experiment,pioreactor02,2026-09-25T07:08:50.097Z,0.02797238052,135,4,2026-09-25 12:53:50.097,37.366111111111
Demo experiment,pioreactor02,2026-09-25T07:08:55.098Z,0.0,90,2,2026-09-25 12:53:55.098,37.3675
Demo experiment,pioreactor02,2026-09-25T07:08:55.098Z,0.162500237788,45,3,2026-09-25 12:53:55.098,37.3675
Demo experiment,pioreactor02,2026-09-25T07:08:55.098Z,0.029776753416,135,4,2026-09-25 12:53:55.098,37.3675
Demo experiment,pioreactor02,2026-09-25T07:09:00.099Z,0.0,90,2,2026-09-25 12:54:00.099,37.368888888889
Demo experiment,pioreactor02,2026-09-25T07:09:00.099Z,0.162473954109,45,3,2026-09-25 12:54:00.099,37.368888888889
Demo experiment,pioreactor02,2026-09-25T07:09:00.099Z,0.029999214303,135,4,2026-09-25 12:54:00.099,37.368888888889
Demo experiment,pioreactor02,2026-09-25T07:09:05.097Z,0.0,90,2,2026-09-25 12:54:05.097,37.370277777778
Demo experiment,pioreactor02,2026-09-25T07:09:05.097Z,0.162651595535,45,3,2026-09-25 12:54:05.097,37.370277777778
Demo experiment,pioreactor02,2026-09-25T07:09:05.097Z,0.03146851722,135,4,2026-09-25 12:54:05.097,37.370277777778
Demo experiment,pioreactor02,2026-09-25T07:09:10.100Z,0.0,90,2,2026-09-25 12:54:10.100,37.371666666667
Demo experiment,pioreactor02,2026-09-25T07:09:10.100Z,0.162751050823,45,3,2026-09-25 12:54:10.100,37.371666666667
Demo experiment,pioreactor02,2026-09-25T07:09:10.100Z,0.030115591418,135,4,2026-09-25 12:54:10.100,37.371666666667
Demo experiment,pioreactor02,2026-09-25T07:09:15.096Z,0.0,90,2,2026-09-25 12:54:15.096,37.373055555556
Demo experiment,pioreactor02,2026-09-25T07:09:15.096Z,0.16270869332,45,3,2026-09-25 12:54:15.096,37.373055555556
Demo experiment,pioreactor02,2026-09-25T07:09:15.096Z,0.032905421487,135,4,2026-09-25 12:54:15.096,37.373055555556
Demo experiment,pioreactor02,2026-09-25T07:09:20.097Z,0.0,90,2,2026-09-25 12:54:20.097,37.374444444444
Demo experiment,pioreactor02,2026-09-25T07:09:20.097Z,0.162475796566,45,3,2026-09-25 12:54:20.097,37.374444444444
Demo experiment,pioreactor02,2026-09-25T07:09:20.097Z,0.031107992176,135,4,2026-09-25 12:54:20.097,37.374444444444
Demo experiment,pioreactor02,2026-09-25T07:09:25.097Z,0.0,90,2,2026-09-25 12:54:25.097,37.375833333333
Demo experiment,pioreactor02,2026-09-25T07:09:25.097Z,0.162544792896,45,3,2026-09-25 12:54:25.097,37.375833333333
Demo experiment,pioreactor02,2026-09-25T07:09:25.097Z,0.030522153783,135,4,2026-09-25 12:54:25.097,37.375833333333
Demo experiment,pioreactor02,2026-09-25T07:09:30.099Z,0.0,90,2,2026-09-25 12:54:30.099,37.377222222222
Demo experiment,pioreactor02,2026-09-25T07:09:30.099Z,0.162486538524,45,3,2026-09-25 12:54:30.099,37.377222222222
Demo experiment,pioreactor02,2026-09-25T07:09:30.099Z,0.034179622607,135,4,2026-09-25 12:54:30.099,37.377222222222
Demo experiment,pioreactor02,2026-09-25T07:09:35.097Z,0.0,90,2,2026-09-25 12:54:35.097,37.378611111111
Demo experiment,pioreactor02,2026-09-25T07:09:35.097Z,0.162440763609,45,3,2026-09-25 12:54:35.097,37.378611111111
Demo experiment,pioreactor02,2026-09-25T07:09:35.097Z,0.032667660782,135,4,2026-09-25 12:54:35.097,37.378611111111
Demo experiment,pioreactor02,2026-09-25T07:09:40.099Z,0.0,90,2,2026-09-25 12:54:40.099,37.38
Demo experiment,pioreactor02,2026-09-25T07:09:40.099Z,0.162386178588,45,3,2026-09-25 12:54:40.099,37.38
Demo experiment,pioreactor02,2026-09-25T07:09:40.099Z,0.029732567004,135,4,2026-09-25 12:54:40.099,37.38
Demo experiment,pioreactor02,2026-09-25T07:09:45.096Z,0.0,90,2,2026-09-25 12:54:45.096,37.381388888889
Demo experiment,pioreactor02,2026-09-25T07:09:45.096Z,0.162488707377,45,3,2026-09-25 12:54:45.096,37.381388888889
Demo experiment,pioreactor02,2026-09-25T07:09:45.096Z,0.0283145831,135,4,2026-09-25 12:54:45.096,37.381388888889
Demo experiment,pioreactor02,2026-09-25T07:09:50.102Z,0.0,90,2,2026-09-25 12:54:50.102,37.382777777778
Demo experiment,pioreactor02,2026-09-25T07:09:50.102Z,0.162511105581,45,3,2026-09-25 12:54:50.102,37.382777777778
Demo experiment,pioreactor02,2026-09-25T07:09:50.102Z,0.028170947685,135,4,2026-09-25 12:54:50.102,37.382777777778
Demo experiment,pioreactor02,2026-09-25T07:09:55.101Z,0.0,90,2,2026-09-25 12:54:55.101,37.384166666667
Demo experiment,pioreactor02,2026-09-25T07:09:55.101Z,0.162624230176,45,3,2026-09-25 12:54:55.101,37.384166666667
Demo experiment,pioreactor02,2026-09-25T07:09:55.101Z,0.03028365705,135,4,2026-09-25 12:54:55.101,37.384166666667
Demo experiment,pioreactor02,2026-09-25T07:10:00.102Z,0.0,90,2,2026-09-25 12:55:00.102,37.385555555556
Demo experiment,pioreactor02,2026-09-25T07:10:00.102Z,0.162536652017,45,3,2026-09-25 12:55:00.102,37.385555555556
Demo experiment,pioreactor02,2026-09-25T07:10:00.102Z,0.029239354839,135,4,2026-09-25 12:55:00.102,37.385555555556
Demo experiment,pioreactor02,2026-09-25T07:10:05.104Z,0.0,90,2,2026-09-25 12:55:05.104,37.386944444444
Demo experiment,pioreactor02,2026-09-25T07:10:05.104Z,0.162623934749,45,3,2026-09-25 12:55:05.104,37.386944444444
Demo experiment,pioreactor02,2026-09-25T07:10:05.104Z,0.029308106702,135,4,2026-09-25 12:55:05.104,37.386944444444
Demo experiment,pioreactor02,2026-09-25T07:10:10.100Z,0.0,90,2,2026-09-25 12:55:10.100,37.388333333333
Demo experiment,pioreactor02,2026-09-25T07:10:10.100Z,0.162519089238,45,3,2026-09-25 12:55:10.100,37.388333333333
Demo experiment,pioreactor02,2026-09-25T07:10:10.100Z,0.030025040637,135,4,2026-09-25 12:55:10.100,37.388333333333
Demo experiment,pioreactor02,2026-09-25T07:10:15.099Z,0.0,90,2,2026-09-25 12:55:15.099,37.389722222222
Demo experiment,pioreactor02,2026-09-25T07:10:15.099Z,0.162373027212,45,3,2026-09-25 12:55:15.099,37.389722222222
Demo experiment,pioreactor02,2026-09-25T07:10:15.099Z,0.028743915429,135,4,2026-09-25 12:55:15.099,37.389722222222
Demo experiment,pioreactor02,2026-09-25T07:10:20.101Z,0.0,90,2,2026-09-25 12:55:20.101,37.391111111111
Demo experiment,pioreactor02,2026-09-25T07:10:20.101Z,0.162284023973,45,3,2026-09-25 12:55:20.101,37.391111111111
Demo experiment,pioreactor02,2026-09-25T07:10:20.101Z,0.027705187318,135,4,2026-09-25 12:55:20.101,37.391111111111
Demo experiment,pioreactor02,2026-09-25T07:10:25.101Z,0.0,90,2,2026-09-25 12:55:25.101,37.3925
Demo experiment,pioreactor02,2026-09-25T07:10:25.101Z,0.162370450717,45,3,2026-09-25 12:55:25.101,37.3925
Demo experiment,pioreactor02,2026-09-25T07:10:25.101Z,0.02912067488,135,4,2026-09-25 12:55:25.101,37.3925
Demo experiment,pioreactor02,2026-09-25T07:10:30.102Z,0.0,90,2,2026-09-25 12:55:30.102,37.393888888889
Demo experiment,pioreactor02,2026-09-25T07:10:30.102Z,0.162440243946,45,3,2026-09-25 12:55:30.102,37.393888888889
Demo experiment,pioreactor02,2026-09-25T07:10:30.102Z,0.028056899021,135,4,2026-09-25 12:55:30.102,37.393888888889
Demo experiment,pioreactor02,2026-09-25T07:10:35.104Z,0.0,90,2,2026-09-25 12:55:35.104,37.395277777778
Demo experiment,pioreactor02,2026-09-25T07:10:35.104Z,0.162515014658,45,3,2026-09-25 12:55:35.104,37.395277777778
Demo experiment,pioreactor02,2026-09-25T07:10:35.104Z,0.028971621716,135,4,2026-09-25 12:55:35.104,37.395277777778
Demo experiment,pioreactor02,2026-09-25T07:10:40.107Z,0.0,90,2,2026-09-25 12:55:40.107,37.396666666667
Demo experiment,pioreactor02,2026-09-25T07:10:40.107Z,0.162720539987,45,3,2026-09-25 12:55:40.107,37.396666666667
Demo experiment,pioreactor02,2026-09-25T07:10:40.107Z,0.027948876146,135,4,2026-09-25 12:55:40.107,37.396666666667
Demo experiment,pioreactor02,2026-09-25T07:10:45.104Z,0.0,90,2,2026-09-25 12:55:45.104,37.398055555556
Demo experiment,pioreactor02,2026-09-25T07:10:45.104Z,0.162600820066,45,3,2026-09-25 12:55:45.104,37.398055555556
Demo experiment,pioreactor02,2026-09-25T07:10:45.104Z,0.027265414148,135,4,2026-09-25 12:55:45.104,37.398055555556
Demo experiment,pioreactor02,2026-09-25T07:10:50.100Z,0.0,90,2,2026-09-25 12:55:50.100,37.399444444444
Demo experiment,pioreactor02,2026-09-25T07:10:50.100Z,0.162459994557,45,3,2026-09-25 12:55:50.100,37.399444444444
Demo experiment,pioreactor02,2026-09-25T07:10:50.100Z,0.02695233395,135,4,2026-09-25 12:55:50.100,37.399444444444
Demo experiment,pioreactor02,2026-09-25T07:10:55.107Z,0.0,90,2,2026-09-25 12:55:55.107,37.400833333333
Demo experiment,pioreactor02,2026-09-25T07:10:55.107Z,0.162453915327,45,3,2026-09-25 12:55:55.107,37.400833333333
Demo experiment,pioreactor02,2026-09-25T07:10:55.107Z,0.026430425003,135,4,2026-09-25 12:55:55.107,37.400833333333
Demo experiment,pioreactor02,2026-09-25T07:11:00.105Z,0.0,90,2,2026-09-25 12:56:00.105,37.402222222222
Demo experiment,pioreactor02,2026-09-25T07:11:00.105Z,0.162650875906,45,3,2026-09-25 12:56:00.105,37.402222222222
Demo experiment,pioreactor02,2026-09-25T07:11:00.105Z,0.025842225384,135,4,2026-09-25 12:56:00.105,37.402222222222
Demo experiment,pioreactor02,2026-09-25T07:11:05.103Z,0.0,90,2,2026-09-25 12:56:05.103,37.403611111111
Demo experiment,pioreactor02,2026-09-25T07:11:05.103Z,0.162597034539,45,3,2026-09-25 12:56:05.103,37.403611111111
Demo experiment,pioreactor02,2026-09-25T07:11:05.103Z,0.027404870991,135,4,2026-09-25 12:56:05.103,37.403611111111
Demo experiment,pioreactor02,2026-09-25T07:11:10.102Z,0.0,90,2,2026-09-25 12:56:10.102,37.405
Demo experiment,pioreactor02,2026-09-25T07:11:10.102Z,0.162517172367,45,3,2026-09-25 12:56:10.102,37.405
Demo experiment,pioreactor02,2026-09-25T07:11:10.102Z,0.028728520617,135,4,2026-09-25 12:56:10.102,37.405
Demo experiment,pioreactor02,2026-09-25T07:11:15.099Z,0.0,90,2,2026-09-25 12:56:15.099,37.406388888889
Demo experiment,pioreactor02,2026-09-25T07:11:15.099Z,0.162432044304,45,3,2026-09-25 12:56:15.099,37.406388888889
Demo experiment,pioreactor02,2026-09-25T07:11:15.099Z,0.02788177812,135,4,2026-09-25 12:56:15.099,37.406388888889
Demo experiment,pioreactor02,2026-09-25T07:11:20.100Z,0.0,90,2,2026-09-25 12:56:20.100,37.407777777778
Demo experiment,pioreactor02,2026-09-25T07:11:20.100Z,0.162216234294,45,3,2026-09-25 12:56:20.100,37.407777777778
Demo experiment,pioreactor02,2026-09-25T07:11:20.100Z,0.029016892979,135,4,2026-09-25 12:56:20.100,37.407777777778
Demo experiment,pioreactor02,2026-09-25T07:11:25.103Z,0.0,90,2,2026-09-25 12:56:25.103,37.409166666667
Demo experiment,pioreactor02,2026-09-25T07:11:25.103Z,0.162376382293,45,3,2026-09-25 12:56:25.103,37.409166666667
Demo experiment,pioreactor02,2026-09-25T07:11:25.103Z,0.026837268293,135,4,2026-09-25 12:56:25.103,37.409166666667
Demo experiment,pioreactor02,2026-09-25T07:11:30.098Z,0.0,90,2,2026-09-25 12:56:30.098,37.410555555556
Demo experiment,pioreactor02,2026-09-25T07:11:30.098Z,0.162535824226,45,3,2026-09-25 12:56:30.098,37.410555555556
Demo experiment,pioreactor02,2026-09-25T07:11:30.098Z,0.027521322149,135,4,2026-09-25 12:56:30.098,37.410555555556
Demo experiment,pioreactor02,2026-09-25T07:11:35.096Z,0.0,90,2,2026-09-25 12:56:35.096,37.411944444444
Demo experiment,pioreactor02,2026-09-25T07:11:35.096Z,0.162503853679,45,3,2026-09-25 12:56:35.096,37.411944444444
Demo experiment,pioreactor02,2026-09-25T07:11:35.096Z,0.028917049134,135,4,2026-09-25 12:56:35.096,37.411944444444
Demo experiment,pioreactor02,2026-09-25T07:11:40.098Z,0.0,90,2,2026-09-25 12:56:40.098,37.413333333333
Demo experiment,pioreactor02,2026-09-25T07:11:40.098Z,0.16236598861,45,3,2026-09-25 12:56:40.098,37.413333333333
Demo experiment,pioreactor02,2026-09-25T07:11:40.098Z,0.029400557367,135,4,2026-09-25 12:56:40.098,37.413333333333
Demo experiment,pioreactor02,2026-09-25T07:11:45.098Z,0.0,90,2,2026-09-25 12:56:45.098,37.414722222222
Demo experiment,pioreactor02,2026-09-25T07:11:45.098Z,0.162473479429,45,3,2026-09-25 12:56:45.098,37.414722222222
Demo experiment,pioreactor02,2026-09-25T07:11:45.098Z,0.031020850839,135,4,2026-09-25 12:56:45.098,37.414722222222
Demo experiment,pioreactor02,2026-09-25T07:11:50.099Z,0.0,90,2,2026-09-25 12:56:50.099,37.416111111111
Demo experiment,pioreactor02,2026-09-25T07:11:50.099Z,0.162453961417,45,3,2026-09-25 12:56:50.099,37.416111111111
Demo experiment,pioreactor02,2026-09-25T07:11:50.099Z,0.028746966668,135,4,2026-09-25 12:56:50.099,37.416111111111
Demo experiment,pioreactor02,2026-09-25T07:11:55.097Z,0.0,90,2,2026-09-25 12:56:55.097,37.4175
Demo experiment,pioreactor02,2026-09-25T07:11:55.097Z,0.162451648812,45,3,2026-09-25 12:56:55.097,37.4175
Demo experiment,pioreactor02,2026-09-25T07:11:55.097Z,0.028143252242,135,4,2026-09-25 12:56:55.097,37.4175
Demo experiment,pioreactor02,2026-09-25T07:12:00.098Z,0.0,90,2,2026-09-25 12:57:00.098,37.418888888889
Demo experiment,pioreactor02,2026-09-25T07:12:00.098Z,0.162278626267,45,3,2026-09-25 12:57:00.098,37.418888888889
Demo experiment,pioreactor02,2026-09-25T07:12:00.098Z,0.027714715809,135,4,2026-09-25 12:57:00.098,37.418888888889
Demo experiment,pioreactor02,2026-09-25T07:12:05.102Z,0.0,90,2,2026-09-25 12:57:05.102,37.420277777778
Demo experiment,pioreactor02,2026-09-25T07:12:05.102Z,0.162429974186,45,3,2026-09-25 12:57:05.102,37.420277777778
Demo experiment,pioreactor02,2026-09-25T07:12:05.102Z,0.027506298683,135,4,2026-09-25 12:57:05.102,37.420277777778
Demo experiment,pioreactor02,2026-09-25T07:12:10.097Z,0.0,90,2,2026-09-25 12:57:10.097,37.421666666667
Demo experiment,pioreactor02,2026-09-25T07:12:10.097Z,0.16267491536,45,3,2026-09-25 12:57:10.097,37.421666666667
Demo experiment,pioreactor02,2026-09-25T07:12:10.097Z,0.028882834609,135,4,2026-09-25 12:57:10.097,37.421666666667
Demo experiment,pioreactor02,2026-09-25T07:12:15.098Z,0.0,90,2,2026-09-25 12:57:15.098,37.423055555556
Demo experiment,pioreactor02,2026-09-25T07:12:15.098Z,0.1625815262,45,3,2026-09-25 12:57:15.098,37.423055555556
Demo experiment,pioreactor02,2026-09-25T07:12:15.098Z,0.029078755956,135,4,2026-09-25 12:57:15.098,37.423055555556
Demo experiment,pioreactor02,2026-09-25T07:12:20.097Z,0.0,90,2,2026-09-25 12:57:20.097,37.424444444444
Demo experiment,pioreactor02,2026-09-25T07:12:20.097Z,0.162470343999,45,3,2026-09-25 12:57:20.097,37.424444444444
Demo experiment,pioreactor02,2026-09-25T07:12:20.097Z,0.029078284401,135,4,2026-09-25 12:57:20.097,37.424444444444
Demo experiment,pioreactor02,2026-09-25T07:12:25.099Z,0.0,90,2,2026-09-25 12:57:25.099,37.425833333333
Demo experiment,pioreactor02,2026-09-25T07:12:25.099Z,0.162582113359,45,3,2026-09-25 12:57:25.099,37.425833333333
Demo experiment,pioreactor02,2026-09-25T07:12:25.099Z,0.026955465335,135,4,2026-09-25 12:57:25.099,37.425833333333
Demo experiment,pioreactor02,2026-09-25T07:12:30.096Z,0.0,90,2,2026-09-25 12:57:30.096,37.427222222222
Demo experiment,pioreactor02,2026-09-25T07:12:30.096Z,0.162584644778,45,3,2026-09-25 12:57:30.096,37.427222222222
Demo experiment,pioreactor02,2026-09-25T07:12:30.096Z,0.028348049094,135,4,2026-09-25 12:57:30.096,37.427222222222
Demo experiment,pioreactor02,2026-09-25T07:12:35.098Z,0.0,90,2,2026-09-25 12:57:35.098,37.428611111111
Demo experiment,pioreactor02,2026-09-25T07:12:35.098Z,0.162519843315,45,3,2026-09-25 12:57:35.098,37.428611111111
Demo experiment,pioreactor02,2026-09-25T07:12:35.098Z,0.029061099484,135,4,2026-09-25 12:57:35.098,37.428611111111
Demo experiment,pioreactor02,2026-09-25T07:12:40.096Z,0.0,90,2,2026-09-25 12:57:40.096,37.43
Demo experiment,pioreactor02,2026-09-25T07:12:40.096Z,0.162580604178,45,3,2026-09-25 12:57:40.096,37.43
Demo experiment,pioreactor02,2026-09-25T07:12:40.096Z,0.029409603651,135,4,2026-09-25 12:57:40.096,37.43
Demo experiment,pioreactor02,2026-09-25T07:12:45.098Z,0.0,90,2,2026-09-25 12:57:45.098,37.431388888889
Demo experiment,pioreactor02,2026-09-25T07:12:45.098Z,0.162776496233,45,3,2026-09-25 12:57:45.098,37.431388888889
Demo experiment,pioreactor02,2026-09-25T07:12:45.098Z,0.028471982241,135,4,2026-09-25 12:57:45.098,37.431388888889
Demo experiment,pioreactor02,2026-09-25T07:12:50.099Z,0.0,90,2,2026-09-25 12:57:50.099,37.432777777778
Demo experiment,pioreactor02,2026-09-25T07:12:50.099Z,0.162857836451,45,3,2026-09-25 12:57:50.099,37.432777777778
Demo experiment,pioreactor02,2026-09-25T07:12:50.099Z,0.027698202383,135,4,2026-09-25 12:57:50.099,37.432777777778
Demo experiment,pioreactor02,2026-09-25T07:12:55.098Z,0.0,90,2,2026-09-25 12:57:55.098,37.434166666667
Demo experiment,pioreactor02,2026-09-25T07:12:55.098Z,0.162768051406,45,3,2026-09-25 12:57:55.098,37.434166666667
Demo experiment,pioreactor02,2026-09-25T07:12:55.098Z,0.027220927256,135,4,2026-09-25 12:57:55.098,37.434166666667
Demo experiment,pioreactor02,2026-09-25T07:13:00.101Z,0.0,90,2,2026-09-25 12:58:00.101,37.435555555556
Demo experiment,pioreactor02,2026-09-25T07:13:00.101Z,0.162562511424,45,3,2026-09-25 12:58:00.101,37.435555555556
Demo experiment,pioreactor02,2026-09-25T07:13:00.101Z,0.028262957317,135,4,2026-09-25 12:58:00.101,37.435555555556
Demo experiment,pioreactor02,2026-09-25T07:13:05.097Z,0.0,90,2,2026-09-25 12:58:05.097,37.436944444444
Demo experiment,pioreactor02,2026-09-25T07:13:05.097Z,0.162384959309,45,3,2026-09-25 12:58:05.097,37.436944444444
Demo experiment,pioreactor02,2026-09-25T07:13:05.097Z,0.026481484823,135,4,2026-09-25 12:58:05.097,37.436944444444
Demo experiment,pioreactor02,2026-09-25T07:13:10.098Z,0.0,90,2,2026-09-25 12:58:10.098,37.438333333333
Demo experiment,pioreactor02,2026-09-25T07:13:10.098Z,0.16245989543,45,3,2026-09-25 12:58:10.098,37.438333333333
Demo experiment,pioreactor02,2026-09-25T07:13:10.098Z,0.026538783883,135,4,2026-09-25 12:58:10.098,37.438333333333
Demo experiment,pioreactor02,2026-09-25T07:13:15.099Z,0.0,90,2,2026-09-25 12:58:15.099,37.439722222222
Demo experiment,pioreactor02,2026-09-25T07:13:15.099Z,0.16248059049,45,3,2026-09-25 12:58:15.099,37.439722222222
Demo experiment,pioreactor02,2026-09-25T07:13:15.099Z,0.025486744332,135,4,2026-09-25 12:58:15.099,37.439722222222
Demo experiment,pioreactor02,2026-09-25T07:13:20.097Z,0.0,90,2,2026-09-25 12:58:20.097,37.441111111111
Demo experiment,pioreactor02,2026-09-25T07:13:20.097Z,0.162586973765,45,3,2026-09-25 12:58:20.097,37.441111111111
Demo experiment,pioreactor02,2026-09-25T07:13:20.097Z,0.02571414349,135,4,2026-09-25 12:58:20.097,37.441111111111
Demo experiment,pioreactor02,2026-09-25T07:13:25.097Z,0.0,90,2,2026-09-25 12:58:25.097,37.4425
Demo experiment,pioreactor02,2026-09-25T07:13:25.097Z,0.16256145338,45,3,2026-09-25 12:58:25.097,37.4425
Demo experiment,pioreactor02,2026-09-25T07:13:25.097Z,0.027094991374,135,4,2026-09-25 12:58:25.097,37.4425
Demo experiment,pioreactor02,2026-09-25T07:13:30.100Z,0.0,90,2,2026-09-25 12:58:30.100,37.443888888889
Demo experiment,pioreactor02,2026-09-25T07:13:30.100Z,0.162644552333,45,3,2026-09-25 12:58:30.100,37.443888888889
Demo experiment,pioreactor02,2026-09-25T07:13:30.100Z,0.026518782553,135,4,2026-09-25 12:58:30.100,37.443888888889
Demo experiment,pioreactor02,2026-09-25T07:13:35.099Z,0.0,90,2,2026-09-25 12:58:35.099,37.445277777778
Demo experiment,pioreactor02,2026-09-25T07:13:35.099Z,0.162672999896,45,3,2026-09-25 12:58:35.099,37.445277777778
Demo experiment,pioreactor02,2026-09-25T07:13:35.099Z,0.026220212047,135,4,2026-09-25 12:58:35.099,37.445277777778
Demo experiment,pioreactor02,2026-09-25T07:13:40.098Z,0.0,90,2,2026-09-25 12:58:40.098,37.446666666667
Demo experiment,pioreactor02,2026-09-25T07:13:40.098Z,0.162651138752,45,3,2026-09-25 12:58:40.098,37.446666666667
Demo experiment,pioreactor02,2026-09-25T07:13:40.098Z,0.026516408645,135,4,2026-09-25 12:58:40.098,37.446666666667
Demo experiment,pioreactor02,2026-09-25T07:13:45.098Z,0.0,90,2,2026-09-25 12:58:45.098,37.448055555556
Demo experiment,pioreactor02,2026-09-25T07:13:45.098Z,0.162701643934,45,3,2026-09-25 12:58:45.098,37.448055555556
Demo experiment,pioreactor02,2026-09-25T07:13:45.098Z,0.026357942836,135,4,2026-09-25 12:58:45.098,37.448055555556
Demo experiment,pioreactor02,2026-09-25T07:13:50.103Z,0.0,90,2,2026-09-25 12:58:50.103,37.449444444444
Demo experiment,pioreactor02,2026-09-25T07:13:50.103Z,0.162669635188,45,3,2026-09-25 12:58:50.103,37.449444444444
Demo experiment,pioreactor02,2026-09-25T07:13:50.103Z,0.02569783107,135,4,2026-09-25 12:58:50.103,37.449444444444
Demo experiment,pioreactor02,2026-09-25T07:13:55.098Z,0.0,90,2,2026-09-25 12:58:55.098,37.450833333333
Demo experiment,pioreactor02,2026-09-25T07:13:55.098Z,0.15723571942,45,3,2026-09-25 12:58:55.098,37.450833333333
Demo experiment,pioreactor02,2026-09-25T07:13:55.098Z,0.057046207899,135,4,2026-09-25 12:58:55.098,37.450833333333
Demo experiment,pioreactor02,2026-09-25T07:14:00.097Z,0.0,90,2,2026-09-25 12:59:00.097,37.452222222222
Demo experiment,pioreactor02,2026-09-25T07:14:00.097Z,0.155047661304,45,3,2026-09-25 12:59:00.097,37.452222222222
Demo experiment,pioreactor02,2026-09-25T07:14:00.097Z,0.068780208344,135,4,2026-09-25 12:59:00.097,37.452222222222
Demo experiment,pioreactor02,2026-09-25T07:14:05.099Z,0.0,90,2,2026-09-25 12:59:05.099,37.453611111111
Demo experiment,pioreactor02,2026-09-25T07:14:05.099Z,0.153905043446,45,3,2026-09-25 12:59:05.099,37.453611111111
Demo experiment,pioreactor02,2026-09-25T07:14:05.099Z,0.07373628069,135,4,2026-09-25 12:59:05.099,37.453611111111
Demo experiment,pioreactor02,2026-09-25T07:14:10.096Z,0.0,90,2,2026-09-25 12:59:10.096,37.455
Demo experiment,pioreactor02,2026-09-25T07:14:10.096Z,0.153268041342,45,3,2026-09-25 12:59:10.096,37.455
Demo experiment,pioreactor02,2026-09-25T07:14:10.096Z,0.07455604108,135,4,2026-09-25 12:59:10.096,37.455
Demo experiment,pioreactor02,2026-09-25T07:14:15.102Z,0.0,90,2,2026-09-25 12:59:15.102,37.456388888889
Demo experiment,pioreactor02,2026-09-25T07:14:15.102Z,0.152864658515,45,3,2026-09-25 12:59:15.102,37.456388888889
Demo experiment,pioreactor02,2026-09-25T07:14:15.102Z,0.075236598001,135,4,2026-09-25 12:59:15.102,37.456388888889
Demo experiment,pioreactor02,2026-09-25T07:14:20.097Z,0.0,90,2,2026-09-25 12:59:20.097,37.457777777778
Demo experiment,pioreactor02,2026-09-25T07:14:20.097Z,0.15275460906,45,3,2026-09-25 12:59:20.097,37.457777777778
Demo experiment,pioreactor02,2026-09-25T07:14:20.097Z,0.075462453044,135,4,2026-09-25 12:59:20.097,37.457777777778
Demo experiment,pioreactor02,2026-09-25T07:14:25.098Z,0.0,90,2,2026-09-25 12:59:25.098,37.459166666667
Demo experiment,pioreactor02,2026-09-25T07:14:25.098Z,0.152424348359,45,3,2026-09-25 12:59:25.098,37.459166666667
Demo experiment,pioreactor02,2026-09-25T07:14:25.098Z,0.073900269067,135,4,2026-09-25 12:59:25.098,37.459166666667
Demo experiment,pioreactor02,2026-09-25T07:14:30.098Z,0.0,90,2,2026-09-25 12:59:30.098,37.460555555556
Demo experiment,pioreactor02,2026-09-25T07:14:30.098Z,0.152227491278,45,3,2026-09-25 12:59:30.098,37.460555555556
Demo experiment,pioreactor02,2026-09-25T07:14:30.098Z,0.073220185524,135,4,2026-09-25 12:59:30.098,37.460555555556
Demo experiment,pioreactor02,2026-09-25T07:14:35.101Z,0.0,90,2,2026-09-25 12:59:35.101,37.461944444444
Demo experiment,pioreactor02,2026-09-25T07:14:35.101Z,0.152183331971,45,3,2026-09-25 12:59:35.101,37.461944444444
Demo experiment,pioreactor02,2026-09-25T07:14:35.101Z,0.071757866379,135,4,2026-09-25 12:59:35.101,37.461944444444
Demo experiment,pioreactor02,2026-09-25T07:14:40.100Z,0.0,90,2,2026-09-25 12:59:40.100,37.463333333333
Demo experiment,pioreactor02,2026-09-25T07:14:40.100Z,0.152205375303,45,3,2026-09-25 12:59:40.100,37.463333333333
Demo experiment,pioreactor02,2026-09-25T07:14:40.100Z,0.070420329426,135,4,2026-09-25 12:59:40.100,37.463333333333
Demo experiment,pioreactor02,2026-09-25T07:14:45.099Z,0.0,90,2,2026-09-25 12:59:45.099,37.464722222222
Demo experiment,pioreactor02,2026-09-25T07:14:45.099Z,0.152162655453,45,3,2026-09-25 12:59:45.099,37.464722222222
Demo experiment,pioreactor02,2026-09-25T07:14:45.099Z,0.069506946062,135,4,2026-09-25 12:59:45.099,37.464722222222
Demo experiment,pioreactor02,2026-09-25T07:14:50.100Z,0.0,90,2,2026-09-25 12:59:50.100,37.466111111111
Demo experiment,pioreactor02,2026-09-25T07:14:50.100Z,0.152160920228,45,3,2026-09-25 12:59:50.100,37.466111111111
Demo experiment,pioreactor02,2026-09-25T07:14:50.100Z,0.0687301806,135,4,2026-09-25 12:59:50.100,37.466111111111
Demo experiment,pioreactor02,2026-09-25T07:14:55.100Z,0.0,90,2,2026-09-25 12:59:55.100,37.4675
Demo experiment,pioreactor02,2026-09-25T07:14:55.100Z,0.15215611982,45,3,2026-09-25 12:59:55.100,37.4675
Demo experiment,pioreactor02,2026-09-25T07:14:55.100Z,0.067108174483,135,4,2026-09-25 12:59:55.100,37.4675
Demo experiment,pioreactor02,2026-09-25T07:15:00.097Z,0.0,90,2,2026-09-25 13:00:00.097,37.468888888889
Demo experiment,pioreactor02,2026-09-25T07:15:00.097Z,0.123916064033,45,3,2026-09-25 13:00:00.097,37.468888888889
Demo experiment,pioreactor02,2026-09-25T07:15:00.097Z,0.147257043683,135,4,2026-09-25 13:00:00.097,37.468888888889
Demo experiment,pioreactor02,2026-09-25T07:15:05.098Z,0.0,90,2,2026-09-25 13:00:05.098,37.470277777778
Demo experiment,pioreactor02,2026-09-25T07:15:05.098Z,0.116100394624,45,3,2026-09-25 13:00:05.098,37.470277777778
Demo experiment,pioreactor02,2026-09-25T07:15:05.098Z,0.139066960092,135,4,2026-09-25 13:00:05.098,37.470277777778
Demo experiment,pioreactor02,2026-09-25T07:15:10.097Z,0.0,90,2,2026-09-25 13:00:10.097,37.471666666667
Demo experiment,pioreactor02,2026-09-25T07:15:10.097Z,0.114851756801,45,3,2026-09-25 13:00:10.097,37.471666666667
Demo experiment,pioreactor02,2026-09-25T07:15:10.097Z,0.124125859751,135,4,2026-09-25 13:00:10.097,37.471666666667
Demo experiment,pioreactor02,2026-09-25T07:15:15.097Z,0.0,90,2,2026-09-25 13:00:15.097,37.473055555556
Demo experiment,pioreactor02,2026-09-25T07:15:15.097Z,0.114968373952,45,3,2026-09-25 13:00:15.097,37.473055555556
Demo experiment,pioreactor02,2026-09-25T07:15:15.097Z,0.110813302549,135,4,2026-09-25 13:00:15.097,37.473055555556
Demo experiment,pioreactor02,2026-09-25T07:15:20.099Z,0.0,90,2,2026-09-25 13:00:20.099,37.474444444444
Demo experiment,pioreactor02,2026-09-25T07:15:20.099Z,0.11518687019,45,3,2026-09-25 13:00:20.099,37.474444444444
Demo experiment,pioreactor02,2026-09-25T07:15:20.099Z,0.101572567438,135,4,2026-09-25 13:00:20.099,37.474444444444
Demo experiment,pioreactor02,2026-09-25T07:15:25.099Z,0.0,90,2,2026-09-25 13:00:25.099,37.475833333333
Demo experiment,pioreactor02,2026-09-25T07:15:25.099Z,0.115898784901,45,3,2026-09-25 13:00:25.099,37.475833333333
Demo experiment,pioreactor02,2026-09-25T07:15:25.099Z,0.095613491846,135,4,2026-09-25 13:00:25.099,37.475833333333
Demo experiment,pioreactor02,2026-09-25T07:15:30.098Z,0.0,90,2,2026-09-25 13:00:30.098,37.477222222222
Demo experiment,pioreactor02,2026-09-25T07:15:30.098Z,0.11660599353,45,3,2026-09-25 13:00:30.098,37.477222222222
Demo experiment,pioreactor02,2026-09-25T07:15:30.098Z,0.088466621342,135,4,2026-09-25 13:00:30.098,37.477222222222
Demo experiment,pioreactor02,2026-09-25T07:15:35.100Z,0.0,90,2,2026-09-25 13:00:35.100,37.478611111111
Demo experiment,pioreactor02,2026-09-25T07:15:35.100Z,0.110901390391,45,3,2026-09-25 13:00:35.100,37.478611111111
Demo experiment,pioreactor02,2026-09-25T07:15:35.100Z,0.120354509106,135,4,2026-09-25 13:00:35.100,37.478611111111
Demo experiment,pioreactor02,2026-09-25T07:15:40.098Z,0.0,90,2,2026-09-25 13:00:40.098,37.48
Demo experiment,pioreactor02,2026-09-25T07:15:40.098Z,0.112818262228,45,3,2026-09-25 13:00:40.098,37.48
Demo experiment,pioreactor02,2026-09-25T07:15:40.098Z,0.106974733887,135,4,2026-09-25 13:00:40.098,37.48
Demo experiment,pioreactor02,2026-09-25T07:15:45.097Z,0.0,90,2,2026-09-25 13:00:45.097,37.481388888889
Demo experiment,pioreactor02,2026-09-25T07:15:45.097Z,0.114970626487,45,3,2026-09-25 13:00:45.097,37.481388888889
Demo experiment,pioreactor02,2026-09-25T07:15:45.097Z,0.091804750221,135,4,2026-09-25 13:00:45.097,37.481388888889
Demo experiment,pioreactor02,2026-09-25T07:15:50.098Z,0.0,90,2,2026-09-25 13:00:50.098,37.482777777778
Demo experiment,pioreactor02,2026-09-25T07:15:50.098Z,0.116687365538,45,3,2026-09-25 13:00:50.098,37.482777777778
Demo experiment,pioreactor02,2026-09-25T07:15:50.098Z,0.080518196609,135,4,2026-09-25 13:00:50.098,37.482777777778
Demo experiment,pioreactor02,2026-09-25T07:15:55.099Z,0.0,90,2,2026-09-25 13:00:55.099,37.484166666667
Demo experiment,pioreactor02,2026-09-25T07:15:55.099Z,0.117371190099,45,3,2026-09-25 13:00:55.099,37.484166666667
Demo experiment,pioreactor02,2026-09-25T07:15:55.099Z,0.072760954025,135,4,2026-09-25 13:00:55.099,37.484166666667
Demo experiment,pioreactor02,2026-09-25T07:16:00.098Z,0.0,90,2,2026-09-25 13:01:00.098,37.485555555556
Demo experiment,pioreactor02,2026-09-25T07:16:00.098Z,0.118799795628,45,3,2026-09-25 13:01:00.098,37.485555555556
Demo experiment,pioreactor02,2026-09-25T07:16:00.098Z,0.067824536198,135,4,2026-09-25 13:01:00.098,37.485555555556
Demo experiment,pioreactor02,2026-09-25T07:16:05.096Z,0.0,90,2,2026-09-25 13:01:05.096,37.486944444444
Demo experiment,pioreactor02,2026-09-25T07:16:05.096Z,0.119852423114,45,3,2026-09-25 13:01:05.096,37.486944444444
Demo experiment,pioreactor02,2026-09-25T07:16:05.096Z,0.065274775239,135,4,2026-09-25 13:01:05.096,37.486944444444
Demo experiment,pioreactor02,2026-09-25T07:16:10.098Z,0.0,90,2,2026-09-25 13:01:10.098,37.488333333333
Demo experiment,pioreactor02,2026-09-25T07:16:10.098Z,0.120353090764,45,3,2026-09-25 13:01:10.098,37.488333333333
Demo experiment,pioreactor02,2026-09-25T07:16:10.098Z,0.06388781436,135,4,2026-09-25 13:01:10.098,37.488333333333
Demo experiment,pioreactor02,2026-09-25T07:16:15.100Z,0.0,90,2,2026-09-25 13:01:15.100,37.489722222222
Demo experiment,pioreactor02,2026-09-25T07:16:15.100Z,0.120694721244,45,3,2026-09-25 13:01:15.100,37.489722222222
Demo experiment,pioreactor02,2026-09-25T07:16:15.100Z,0.062563192831,135,4,2026-09-25 13:01:15.100,37.489722222222
Demo experiment,pioreactor02,2026-09-25T07:16:20.101Z,0.0,90,2,2026-09-25 13:01:20.101,37.491111111111
Demo experiment,pioreactor02,2026-09-25T07:16:20.101Z,0.120980986132,45,3,2026-09-25 13:01:20.101,37.491111111111
Demo experiment,pioreactor02,2026-09-25T07:16:20.101Z,0.061513521896,135,4,2026-09-25 13:01:20.101,37.491111111111
Demo experiment,pioreactor02,2026-09-25T07:16:25.102Z,0.0,90,2,2026-09-25 13:01:25.102,37.4925
Demo experiment,pioreactor02,2026-09-25T07:16:25.102Z,0.121143985995,45,3,2026-09-25 13:01:25.102,37.4925
Demo experiment,pioreactor02,2026-09-25T07:16:25.102Z,0.061267192454,135,4,2026-09-25 13:01:25.102,37.4925
Demo experiment,pioreactor02,2026-09-25T07:16:30.103Z,0.0,90,2,2026-09-25 13:01:30.103,37.493888888889
Demo experiment,pioreactor02,2026-09-25T07:16:30.103Z,0.121368475726,45,3,2026-09-25 13:01:30.103,37.493888888889
Demo experiment,pioreactor02,2026-09-25T07:16:30.103Z,0.06090007135,135,4,2026-09-25 13:01:30.103,37.493888888889
Demo experiment,pioreactor02,2026-09-25T07:16:35.108Z,0.0,90,2,2026-09-25 13:01:35.108,37.495277777778
Demo experiment,pioreactor02,2026-09-25T07:16:35.108Z,0.121626490661,45,3,2026-09-25 13:01:35.108,37.495277777778
Demo experiment,pioreactor02,2026-09-25T07:16:35.108Z,0.060120697107,135,4,2026-09-25 13:01:35.108,37.495277777778
Demo experiment,pioreactor02,2026-09-25T07:16:40.100Z,0.0,90,2,2026-09-25 13:01:40.100,37.496666666667
Demo experiment,pioreactor02,2026-09-25T07:16:40.100Z,0.115369147116,45,3,2026-09-25 13:01:40.100,37.496666666667
Demo experiment,pioreactor02,2026-09-25T07:16:40.100Z,0.108296435876,135,4,2026-09-25 13:01:40.100,37.496666666667
Demo experiment,pioreactor02,2026-09-25T07:16:45.099Z,0.0,90,2,2026-09-25 13:01:45.099,37.498055555556
Demo experiment,pioreactor02,2026-09-25T07:16:45.099Z,0.115027950173,45,3,2026-09-25 13:01:45.099,37.498055555556
Demo experiment,pioreactor02,2026-09-25T07:16:45.099Z,0.102810082549,135,4,2026-09-25 13:01:45.099,37.498055555556
Demo experiment,pioreactor02,2026-09-25T07:16:50.103Z,0.0,90,2,2026-09-25 13:01:50.103,37.499444444444
Demo experiment,pioreactor02,2026-09-25T07:16:50.103Z,0.115457227472,45,3,2026-09-25 13:01:50.103,37.499444444444
Demo experiment,pioreactor02,2026-09-25T07:16:50.103Z,0.094175227937,135,4,2026-09-25 13:01:50.103,37.499444444444
Demo experiment,pioreactor02,2026-09-25T07:16:55.100Z,0.0,90,2,2026-09-25 13:01:55.100,37.500833333333
Demo experiment,pioreactor02,2026-09-25T07:16:55.100Z,0.116012309892,45,3,2026-09-25 13:01:55.100,37.500833333333
Demo experiment,pioreactor02,2026-09-25T07:16:55.100Z,0.087211333596,135,4,2026-09-25 13:01:55.100,37.500833333333
Demo experiment,pioreactor02,2026-09-25T07:17:00.100Z,0.0,90,2,2026-09-25 13:02:00.100,37.502222222222
Demo experiment,pioreactor02,2026-09-25T07:17:00.100Z,0.116300399519,45,3,2026-09-25 13:02:00.100,37.502222222222
Demo experiment,pioreactor02,2026-09-25T07:17:00.100Z,0.08378032355,135,4,2026-09-25 13:02:00.100,37.502222222222
Demo experiment,pioreactor02,2026-09-25T07:17:05.101Z,0.0,90,2,2026-09-25 13:02:05.101,37.503611111111
Demo experiment,pioreactor02,2026-09-25T07:17:05.101Z,0.116582576077,45,3,2026-09-25 13:02:05.101,37.503611111111
Demo experiment,pioreactor02,2026-09-25T07:17:05.101Z,0.080617105756,135,4,2026-09-25 13:02:05.101,37.503611111111
Demo experiment,pioreactor02,2026-09-25T07:17:10.102Z,0.0,90,2,2026-09-25 13:02:10.102,37.505
Demo experiment,pioreactor02,2026-09-25T07:17:10.102Z,0.116806950727,45,3,2026-09-25 13:02:10.102,37.505
Demo experiment,pioreactor02,2026-09-25T07:17:10.102Z,0.07847146129,135,4,2026-09-25 13:02:10.102,37.505
Demo experiment,pioreactor02,2026-09-25T07:17:15.099Z,0.0,90,2,2026-09-25 13:02:15.099,37.506388888889
Demo experiment,pioreactor02,2026-09-25T07:17:15.099Z,0.116968617102,45,3,2026-09-25 13:02:15.099,37.506388888889
Demo experiment,pioreactor02,2026-09-25T07:17:15.099Z,0.076528927367,135,4,2026-09-25 13:02:15.099,37.506388888889
Demo experiment,pioreactor02,2026-09-25T07:17:20.103Z,0.0,90,2,2026-09-25 13:02:20.103,37.507777777778
Demo experiment,pioreactor02,2026-09-25T07:17:20.103Z,0.117319077358,45,3,2026-09-25 13:02:20.103,37.507777777778
Demo experiment,pioreactor02,2026-09-25T07:17:20.103Z,0.075140924829,135,4,2026-09-25 13:02:20.103,37.507777777778
Demo experiment,pioreactor02,2026-09-25T07:17:25.107Z,0.0,90,2,2026-09-25 13:02:25.107,37.509166666667
Demo experiment,pioreactor02,2026-09-25T07:17:25.107Z,0.117520586296,45,3,2026-09-25 13:02:25.107,37.509166666667
Demo experiment,pioreactor02,2026-09-25T07:17:25.107Z,0.074276685563,135,4,2026-09-25 13:02:25.107,37.509166666667
Demo experiment,pioreactor02,2026-09-25T07:17:30.107Z,0.0,90,2,2026-09-25 13:02:30.107,37.510555555556
Demo experiment,pioreactor02,2026-09-25T07:17:30.107Z,0.117733260219,45,3,2026-09-25 13:02:30.107,37.510555555556
Demo experiment,pioreactor02,2026-09-25T07:17:30.107Z,0.073682804698,135,4,2026-09-25 13:02:30.107,37.510555555556
Demo experiment,pioreactor02,2026-09-25T07:17:35.107Z,0.0,90,2,2026-09-25 13:02:35.107,37.511944444444
Demo experiment,pioreactor02,2026-09-25T07:17:35.107Z,0.118091088586,45,3,2026-09-25 13:02:35.107,37.511944444444
Demo experiment,pioreactor02,2026-09-25T07:17:35.107Z,0.073517443235,135,4,2026-09-25 13:02:35.107,37.511944444444
Demo experiment,pioreactor02,2026-09-25T07:17:40.113Z,0.0,90,2,2026-09-25 13:02:40.113,37.513333333333
Demo experiment,pioreactor02,2026-09-25T07:17:40.113Z,0.118467287652,45,3,2026-09-25 13:02:40.113,37.513333333333
Demo experiment,pioreactor02,2026-09-25T07:17:40.113Z,0.072898866126,135,4,2026-09-25 13:02:40.113,37.513333333333
Demo experiment,pioreactor02,2026-09-25T07:17:45.105Z,0.0,90,2,2026-09-25 13:02:45.105,37.514722222222
Demo experiment,pioreactor02,2026-09-25T07:17:45.105Z,0.118920479857,45,3,2026-09-25 13:02:45.105,37.514722222222
Demo experiment,pioreactor02,2026-09-25T07:17:45.105Z,0.073277439059,135,4,2026-09-25 13:02:45.105,37.514722222222
Demo experiment,pioreactor02,2026-09-25T07:17:50.103Z,0.0,90,2,2026-09-25 13:02:50.103,37.516111111111
Demo experiment,pioreactor02,2026-09-25T07:17:50.103Z,0.119863807922,45,3,2026-09-25 13:02:50.103,37.516111111111
Demo experiment,pioreactor02,2026-09-25T07:17:50.103Z,0.073725820436,135,4,2026-09-25 13:02:50.103,37.516111111111
Demo experiment,pioreactor02,2026-09-25T07:17:55.107Z,0.0,90,2,2026-09-25 13:02:55.107,37.5175
Demo experiment,pioreactor02,2026-09-25T07:17:55.107Z,0.121166312793,45,3,2026-09-25 13:02:55.107,37.5175
Demo experiment,pioreactor02,2026-09-25T07:17:55.107Z,0.073781871905,135,4,2026-09-25 13:02:55.107,37.5175
Demo experiment,pioreactor02,2026-09-25T07:18:00.097Z,0.0,90,2,2026-09-25 13:03:00.097,37.518888888889
Demo experiment,pioreactor02,2026-09-25T07:18:00.097Z,0.122531520826,45,3,2026-09-25 13:03:00.097,37.518888888889
Demo experiment,pioreactor02,2026-09-25T07:18:00.097Z,0.073467284413,135,4,2026-09-25 13:03:00.097,37.518888888889
Demo experiment,pioreactor02,2026-09-25T07:18:05.097Z,0.0,90,2,2026-09-25 13:03:05.097,37.520277777778
Demo experiment,pioreactor02,2026-09-25T07:18:05.097Z,0.122651821537,45,3,2026-09-25 13:03:05.097,37.520277777778
Demo experiment,pioreactor02,2026-09-25T07:18:05.097Z,0.072811925476,135,4,2026-09-25 13:03:05.097,37.520277777778
Demo experiment,pioreactor02,2026-09-25T07:18:10.097Z,0.0,90,2,2026-09-25 13:03:10.097,37.521666666667
Demo experiment,pioreactor02,2026-09-25T07:18:10.097Z,0.12325098403,45,3,2026-09-25 13:03:10.097,37.521666666667
Demo experiment,pioreactor02,2026-09-25T07:18:10.097Z,0.072136391755,135,4,2026-09-25 13:03:10.097,37.521666666667
Demo experiment,pioreactor02,2026-09-25T07:18:15.101Z,0.0,90,2,2026-09-25 13:03:15.101,37.523055555556
Demo experiment,pioreactor02,2026-09-25T07:18:15.101Z,0.123349756417,45,3,2026-09-25 13:03:15.101,37.523055555556
Demo experiment,pioreactor02,2026-09-25T07:18:15.101Z,0.073044525311,135,4,2026-09-25 13:03:15.101,37.523055555556
Demo experiment,pioreactor02,2026-09-25T07:18:20.098Z,0.0,90,2,2026-09-25 13:03:20.098,37.524444444444
Demo experiment,pioreactor02,2026-09-25T07:18:20.098Z,0.123016250847,45,3,2026-09-25 13:03:20.098,37.524444444444
Demo experiment,pioreactor02,2026-09-25T07:18:20.098Z,0.072346203148,135,4,2026-09-25 13:03:20.098,37.524444444444
Demo experiment,pioreactor02,2026-09-25T07:18:25.098Z,0.0,90,2,2026-09-25 13:03:25.098,37.525833333333
Demo experiment,pioreactor02,2026-09-25T07:18:25.098Z,0.122702082961,45,3,2026-09-25 13:03:25.098,37.525833333333
Demo experiment,pioreactor02,2026-09-25T07:18:25.098Z,0.071256152561,135,4,2026-09-25 13:03:25.098,37.525833333333
Demo experiment,pioreactor02,2026-09-25T07:18:30.102Z,0.0,90,2,2026-09-25 13:03:30.102,37.527222222222
Demo experiment,pioreactor02,2026-09-25T07:18:30.102Z,0.122312267161,45,3,2026-09-25 13:03:30.102,37.527222222222
Demo experiment,pioreactor02,2026-09-25T07:18:30.102Z,0.071765484116,135,4,2026-09-25 13:03:30.102,37.527222222222
Demo experiment,pioreactor02,2026-09-25T07:18:35.098Z,0.0,90,2,2026-09-25 13:03:35.098,37.528611111111
Demo experiment,pioreactor02,2026-09-25T07:18:35.098Z,0.122447007501,45,3,2026-09-25 13:03:35.098,37.528611111111
Demo experiment,pioreactor02,2026-09-25T07:18:35.098Z,0.072862152286,135,4,2026-09-25 13:03:35.098,37.528611111111
Demo experiment,pioreactor02,2026-09-25T07:18:40.098Z,0.0,90,2,2026-09-25 13:03:40.098,37.53
Demo experiment,pioreactor02,2026-09-25T07:18:40.098Z,0.122363418653,45,3,2026-09-25 13:03:40.098,37.53
Demo experiment,pioreactor02,2026-09-25T07:18:40.098Z,0.0730581662,135,4,2026-09-25 13:03:40.098,37.53
Demo experiment,pioreactor02,2026-09-25T07:18:45.098Z,0.0,90,2,2026-09-25 13:03:45.098,37.531388888889
Demo experiment,pioreactor02,2026-09-25T07:18:45.098Z,0.122447045946,45,3,2026-09-25 13:03:45.098,37.531388888889
Demo experiment,pioreactor02,2026-09-25T07:18:45.098Z,0.073444885104,135,4,2026-09-25 13:03:45.098,37.531388888889
Demo experiment,pioreactor02,2026-09-25T07:18:50.100Z,0.0,90,2,2026-09-25 13:03:50.100,37.532777777778
Demo experiment,pioreactor02,2026-09-25T07:18:50.100Z,0.122281688342,45,3,2026-09-25 13:03:50.100,37.532777777778
Demo experiment,pioreactor02,2026-09-25T07:18:50.100Z,0.073967893597,135,4,2026-09-25 13:03:50.100,37.532777777778
Demo experiment,pioreactor02,2026-09-25T07:18:55.096Z,0.0,90,2,2026-09-25 13:03:55.096,37.534166666667
Demo experiment,pioreactor02,2026-09-25T07:18:55.096Z,0.122191471368,45,3,2026-09-25 13:03:55.096,37.534166666667
Demo experiment,pioreactor02,2026-09-25T07:18:55.096Z,0.072106693561,135,4,2026-09-25 13:03:55.096,37.534166666667
Demo experiment,pioreactor02,2026-09-25T07:19:00.097Z,0.0,90,2,2026-09-25 13:04:00.097,37.535555555556
Demo experiment,pioreactor02,2026-09-25T07:19:00.097Z,0.122045993596,45,3,2026-09-25 13:04:00.097,37.535555555556
Demo experiment,pioreactor02,2026-09-25T07:19:00.097Z,0.070651265806,135,4,2026-09-25 13:04:00.097,37.535555555556
Demo experiment,pioreactor02,2026-09-25T07:19:05.097Z,0.0,90,2,2026-09-25 13:04:05.097,37.536944444444
Demo experiment,pioreactor02,2026-09-25T07:19:05.097Z,0.122164424803,45,3,2026-09-25 13:04:05.097,37.536944444444
Demo experiment,pioreactor02,2026-09-25T07:19:05.097Z,0.070897827521,135,4,2026-09-25 13:04:05.097,37.536944444444
Demo experiment,pioreactor02,2026-09-25T07:19:10.098Z,0.0,90,2,2026-09-25 13:04:10.098,37.538333333333
Demo experiment,pioreactor02,2026-09-25T07:19:10.098Z,0.122007399724,45,3,2026-09-25 13:04:10.098,37.538333333333
Demo experiment,pioreactor02,2026-09-25T07:19:10.098Z,0.072431129827,135,4,2026-09-25 13:04:10.098,37.538333333333
Demo experiment,pioreactor02,2026-09-25T07:19:15.098Z,0.0,90,2,2026-09-25 13:04:15.098,37.539722222222
Demo experiment,pioreactor02,2026-09-25T07:19:15.098Z,0.122175836313,45,3,2026-09-25 13:04:15.098,37.539722222222
Demo experiment,pioreactor02,2026-09-25T07:19:15.098Z,0.072773504876,135,4,2026-09-25 13:04:15.098,37.539722222222
Demo experiment,pioreactor02,2026-09-25T07:19:20.098Z,0.0,90,2,2026-09-25 13:04:20.098,37.541111111111
Demo experiment,pioreactor02,2026-09-25T07:19:20.098Z,0.122090894246,45,3,2026-09-25 13:04:20.098,37.541111111111
Demo experiment,pioreactor02,2026-09-25T07:19:20.098Z,0.072036310585,135,4,2026-09-25 13:04:20.098,37.541111111111
Demo experiment,pioreactor02,2026-09-25T07:19:25.098Z,0.0,90,2,2026-09-25 13:04:25.098,37.5425
Demo experiment,pioreactor02,2026-09-25T07:19:25.098Z,0.121400251037,45,3,2026-09-25 13:04:25.098,37.5425
Demo experiment,pioreactor02,2026-09-25T07:19:25.098Z,0.070742583485,135,4,2026-09-25 13:04:25.098,37.5425
Demo experiment,pioreactor02,2026-09-25T07:19:30.096Z,0.0,90,2,2026-09-25 13:04:30.096,37.543888888889
Demo experiment,pioreactor02,2026-09-25T07:19:30.096Z,0.13852276335,45,3,2026-09-25 13:04:30.096,37.543888888889
Demo experiment,pioreactor02,2026-09-25T07:19:30.096Z,0.053648687263,135,4,2026-09-25 13:04:30.096,37.543888888889
Demo experiment,pioreactor02,2026-09-25T07:19:35.100Z,0.0,90,2,2026-09-25 13:04:35.100,37.545277777778
Demo experiment,pioreactor02,2026-09-25T07:19:35.100Z,0.146724043005,45,3,2026-09-25 13:04:35.100,37.545277777778
Demo experiment,pioreactor02,2026-09-25T07:19:35.100Z,0.043682199859,135,4,2026-09-25 13:04:35.100,37.545277777778
Demo experiment,pioreactor02,2026-09-25T07:19:40.098Z,0.0,90,2,2026-09-25 13:04:40.098,37.546666666667
Demo experiment,pioreactor02,2026-09-25T07:19:40.098Z,0.169560895483,45,3,2026-09-25 13:04:40.098,37.546666666667
Demo experiment,pioreactor02,2026-09-25T07:19:40.098Z,0.150348532258,135,4,2026-09-25 13:04:40.098,37.546666666667
Demo experiment,pioreactor02,2026-09-25T07:19:45.097Z,0.0,90,2,2026-09-25 13:04:45.097,37.548055555556
Demo experiment,pioreactor02,2026-09-25T07:19:45.097Z,0.158684420257,45,3,2026-09-25 13:04:45.097,37.548055555556
Demo experiment,pioreactor02,2026-09-25T07:19:45.097Z,0.075664538085,135,4,2026-09-25 13:04:45.097,37.548055555556
Demo experiment,pioreactor02,2026-09-25T07:19:50.099Z,0.0,90,2,2026-09-25 13:04:50.099,37.549444444444
Demo experiment,pioreactor02,2026-09-25T07:19:50.099Z,0.154625110483,45,3,2026-09-25 13:04:50.099,37.549444444444
Demo experiment,pioreactor02,2026-09-25T07:19:50.099Z,0.049623348362,135,4,2026-09-25 13:04:50.099,37.549444444444
Demo experiment,pioreactor02,2026-09-25T07:19:55.098Z,0.0,90,2,2026-09-25 13:04:55.098,37.550833333333
Demo experiment,pioreactor02,2026-09-25T07:19:55.098Z,0.151995188437,45,3,2026-09-25 13:04:55.098,37.550833333333
Demo experiment,pioreactor02,2026-09-25T07:19:55.098Z,0.036026287217,135,4,2026-09-25 13:04:55.098,37.550833333333
Demo experiment,pioreactor02,2026-09-25T07:20:00.099Z,0.0,90,2,2026-09-25 13:05:00.099,37.552222222222
Demo experiment,pioreactor02,2026-09-25T07:20:00.099Z,0.151220282043,45,3,2026-09-25 13:05:00.099,37.552222222222
Demo experiment,pioreactor02,2026-09-25T07:20:00.099Z,0.032056126019,135,4,2026-09-25 13:05:00.099,37.552222222222
Demo experiment,pioreactor02,2026-09-25T07:20:05.099Z,0.0,90,2,2026-09-25 13:05:05.099,37.553611111111
Demo experiment,pioreactor02,2026-09-25T07:20:05.099Z,0.150542968625,45,3,2026-09-25 13:05:05.099,37.553611111111
Demo experiment,pioreactor02,2026-09-25T07:20:05.099Z,0.028375868611,135,4,2026-09-25 13:05:05.099,37.553611111111
Demo experiment,pioreactor02,2026-09-25T07:20:10.099Z,0.0,90,2,2026-09-25 13:05:10.099,37.555
Demo experiment,pioreactor02,2026-09-25T07:20:10.099Z,0.150306869192,45,3,2026-09-25 13:05:10.099,37.555
Demo experiment,pioreactor02,2026-09-25T07:20:10.099Z,0.028167893745,135,4,2026-09-25 13:05:10.099,37.555
Demo experiment,pioreactor02,2026-09-25T07:20:15.100Z,0.0,90,2,2026-09-25 13:05:15.100,37.556388888889
Demo experiment,pioreactor02,2026-09-25T07:20:15.100Z,0.15021167857,45,3,2026-09-25 13:05:15.100,37.556388888889
Demo experiment,pioreactor02,2026-09-25T07:20:15.100Z,0.026948054577,135,4,2026-09-25 13:05:15.100,37.556388888889
Demo experiment,pioreactor02,2026-09-25T07:20:20.097Z,0.0,90,2,2026-09-25 13:05:20.097,37.557777777778
Demo experiment,pioreactor02,2026-09-25T07:20:20.097Z,0.150119141007,45,3,2026-09-25 13:05:20.097,37.557777777778
Demo experiment,pioreactor02,2026-09-25T07:20:20.097Z,0.02696990933,135,4,2026-09-25 13:05:20.097,37.557777777778
Demo experiment,pioreactor02,2026-09-25T07:20:25.096Z,0.0,90,2,2026-09-25 13:05:25.096,37.559166666667
Demo experiment,pioreactor02,2026-09-25T07:20:25.096Z,0.150742195816,45,3,2026-09-25 13:05:25.096,37.559166666667
Demo experiment,pioreactor02,2026-09-25T07:20:25.096Z,0.027059290227,135,4,2026-09-25 13:05:25.096,37.559166666667
Demo experiment,pioreactor02,2026-09-25T07:20:30.097Z,0.0,90,2,2026-09-25 13:05:30.097,37.560555555556
Demo experiment,pioreactor02,2026-09-25T07:20:30.097Z,0.150474530336,45,3,2026-09-25 13:05:30.097,37.560555555556
Demo experiment,pioreactor02,2026-09-25T07:20:30.097Z,0.026005133839,135,4,2026-09-25 13:05:30.097,37.560555555556
Demo experiment,pioreactor02,2026-09-25T07:20:35.097Z,0.0,90,2,2026-09-25 13:05:35.097,37.561944444444
Demo experiment,pioreactor02,2026-09-25T07:20:35.097Z,0.150524325032,45,3,2026-09-25 13:05:35.097,37.561944444444
Demo experiment,pioreactor02,2026-09-25T07:20:35.097Z,0.026074757648,135,4,2026-09-25 13:05:35.097,37.561944444444
Demo experiment,pioreactor02,2026-09-25T07:20:40.100Z,0.0,90,2,2026-09-25 13:05:40.100,37.563333333333
Demo experiment,pioreactor02,2026-09-25T07:20:40.100Z,0.150552843249,45,3,2026-09-25 13:05:40.100,37.563333333333
Demo experiment,pioreactor02,2026-09-25T07:20:40.100Z,0.02566365541,135,4,2026-09-25 13:05:40.100,37.563333333333
Demo experiment,pioreactor02,2026-09-25T07:20:45.096Z,0.0,90,2,2026-09-25 13:05:45.096,37.564722222222
Demo experiment,pioreactor02,2026-09-25T07:20:45.096Z,0.15050688448,45,3,2026-09-25 13:05:45.096,37.564722222222
Demo experiment,pioreactor02,2026-09-25T07:20:45.096Z,0.026716206228,135,4,2026-09-25 13:05:45.096,37.564722222222
Demo experiment,pioreactor02,2026-09-25T07:20:50.097Z,0.0,90,2,2026-09-25 13:05:50.097,37.566111111111
Demo experiment,pioreactor02,2026-09-25T07:20:50.097Z,0.150362249557,45,3,2026-09-25 13:05:50.097,37.566111111111
Demo experiment,pioreactor02,2026-09-25T07:20:50.097Z,0.026724132773,135,4,2026-09-25 13:05:50.097,37.566111111111
Demo experiment,pioreactor02,2026-09-25T07:20:55.100Z,0.0,90,2,2026-09-25 13:05:55.100,37.5675
Demo experiment,pioreactor02,2026-09-25T07:20:55.100Z,0.150400114606,45,3,2026-09-25 13:05:55.100,37.5675
Demo experiment,pioreactor02,2026-09-25T07:20:55.100Z,0.026140436183,135,4,2026-09-25 13:05:55.100,37.5675
Demo experiment,pioreactor02,2026-09-25T07:21:00.098Z,0.0,90,2,2026-09-25 13:06:00.098,37.568888888889
Demo experiment,pioreactor02,2026-09-25T07:21:00.098Z,0.15030296643,45,3,2026-09-25 13:06:00.098,37.568888888889
Demo experiment,pioreactor02,2026-09-25T07:21:00.098Z,0.024872131899,135,4,2026-09-25 13:06:00.098,37.568888888889
Demo experiment,pioreactor02,2026-09-25T07:21:05.097Z,0.0,90,2,2026-09-25 13:06:05.097,37.570277777778
Demo experiment,pioreactor02,2026-09-25T07:21:05.097Z,0.150161275779,45,3,2026-09-25 13:06:05.097,37.570277777778
Demo experiment,pioreactor02,2026-09-25T07:21:05.097Z,0.025274093508,135,4,2026-09-25 13:06:05.097,37.570277777778
Demo experiment,pioreactor02,2026-09-25T07:21:10.097Z,0.0,90,2,2026-09-25 13:06:10.097,37.571666666667
Demo experiment,pioreactor02,2026-09-25T07:21:10.097Z,0.150290386199,45,3,2026-09-25 13:06:10.097,37.571666666667
Demo experiment,pioreactor02,2026-09-25T07:21:10.097Z,0.026136348211,135,4,2026-09-25 13:06:10.097,37.571666666667
Demo experiment,pioreactor02,2026-09-25T07:21:15.102Z,0.0,90,2,2026-09-25 13:06:15.102,37.573055555556
Demo experiment,pioreactor02,2026-09-25T07:21:15.102Z,0.150303005302,45,3,2026-09-25 13:06:15.102,37.573055555556
Demo experiment,pioreactor02,2026-09-25T07:21:15.102Z,0.024858669154,135,4,2026-09-25 13:06:15.102,37.573055555556
Demo experiment,pioreactor02,2026-09-25T07:21:20.099Z,0.0,90,2,2026-09-25 13:06:20.099,37.574444444444
Demo experiment,pioreactor02,2026-09-25T07:21:20.099Z,0.149896679431,45,3,2026-09-25 13:06:20.099,37.574444444444
Demo experiment,pioreactor02,2026-09-25T07:21:20.099Z,0.02429951268,135,4,2026-09-25 13:06:20.099,37.574444444444
Demo experiment,pioreactor02,2026-09-25T07:21:25.098Z,0.0,90,2,2026-09-25 13:06:25.098,37.575833333333
Demo experiment,pioreactor02,2026-09-25T07:21:25.098Z,0.14994928971,45,3,2026-09-25 13:06:25.098,37.575833333333
Demo experiment,pioreactor02,2026-09-25T07:21:25.098Z,0.023921626103,135,4,2026-09-25 13:06:25.098,37.575833333333
Demo experiment,pioreactor02,2026-09-25T07:21:30.096Z,0.0,90,2,2026-09-25 13:06:30.096,37.577222222222
Demo experiment,pioreactor02,2026-09-25T07:21:30.096Z,0.150859510294,45,3,2026-09-25 13:06:30.096,37.577222222222
Demo experiment,pioreactor02,2026-09-25T07:21:30.096Z,0.024028015969,135,4,2026-09-25 13:06:30.096,37.577222222222
Demo experiment,pioreactor02,2026-09-25T07:21:35.098Z,0.0,90,2,2026-09-25 13:06:35.098,37.578611111111
Demo experiment,pioreactor02,2026-09-25T07:21:35.098Z,0.150613445636,45,3,2026-09-25 13:06:35.098,37.578611111111
Demo experiment,pioreactor02,2026-09-25T07:21:35.098Z,0.023939728363,135,4,2026-09-25 13:06:35.098,37.578611111111
Demo experiment,pioreactor02,2026-09-25T07:21:40.098Z,0.0,90,2,2026-09-25 13:06:40.098,37.58
Demo experiment,pioreactor02,2026-09-25T07:21:40.098Z,0.150316990269,45,3,2026-09-25 13:06:40.098,37.58
Demo experiment,pioreactor02,2026-09-25T07:21:40.098Z,0.024092401257,135,4,2026-09-25 13:06:40.098,37.58
Demo experiment,pioreactor02,2026-09-25T07:21:45.099Z,0.0,90,2,2026-09-25 13:06:45.099,37.581388888889
Demo experiment,pioreactor02,2026-09-25T07:21:45.099Z,0.150549928924,45,3,2026-09-25 13:06:45.099,37.581388888889
Demo experiment,pioreactor02,2026-09-25T07:21:45.099Z,0.025554687525,135,4,2026-09-25 13:06:45.099,37.581388888889
Demo experiment,pioreactor02,2026-09-25T07:21:50.097Z,0.0,90,2,2026-09-25 13:06:50.097,37.582777777778
Demo experiment,pioreactor02,2026-09-25T07:21:50.097Z,0.150595941305,45,3,2026-09-25 13:06:50.097,37.582777777778
Demo experiment,pioreactor02,2026-09-25T07:21:50.097Z,0.024765756228,135,4,2026-09-25 13:06:50.097,37.582777777778
Demo experiment,pioreactor02,2026-09-25T07:21:55.099Z,0.0,90,2,2026-09-25 13:06:55.099,37.584166666667
Demo experiment,pioreactor02,2026-09-25T07:21:55.099Z,0.150563136814,45,3,2026-09-25 13:06:55.099,37.584166666667
Demo experiment,pioreactor02,2026-09-25T07:21:55.099Z,0.024313813249,135,4,2026-09-25 13:06:55.099,37.584166666667
Demo experiment,pioreactor02,2026-09-25T07:22:00.096Z,0.0,90,2,2026-09-25 13:07:00.096,37.585555555556
Demo experiment,pioreactor02,2026-09-25T07:22:00.096Z,0.150546464953,45,3,2026-09-25 13:07:00.096,37.585555555556
Demo experiment,pioreactor02,2026-09-25T07:22:00.096Z,0.024388257133,135,4,2026-09-25 13:07:00.096,37.585555555556
Demo experiment,pioreactor02,2026-09-25T07:22:05.099Z,0.0,90,2,2026-09-25 13:07:05.099,37.586944444444
Demo experiment,pioreactor02,2026-09-25T07:22:05.099Z,0.150482470281,45,3,2026-09-25 13:07:05.099,37.586944444444
Demo experiment,pioreactor02,2026-09-25T07:22:05.099Z,0.025162190561,135,4,2026-09-25 13:07:05.099,37.586944444444
Demo experiment,pioreactor02,2026-09-25T07:22:10.097Z,0.0,90,2,2026-09-25 13:07:10.097,37.588333333333
Demo experiment,pioreactor02,2026-09-25T07:22:10.097Z,0.150297099933,45,3,2026-09-25 13:07:10.097,37.588333333333
Demo experiment,pioreactor02,2026-09-25T07:22:10.097Z,0.025381136891,135,4,2026-09-25 13:07:10.097,37.588333333333
Demo experiment,pioreactor02,2026-09-25T07:22:15.100Z,0.0,90,2,2026-09-25 13:07:15.100,37.589722222222
Demo experiment,pioreactor02,2026-09-25T07:22:15.100Z,0.150264352321,45,3,2026-09-25 13:07:15.100,37.589722222222
Demo experiment,pioreactor02,2026-09-25T07:22:15.100Z,0.024811180647,135,4,2026-09-25 13:07:15.100,37.589722222222
Demo experiment,pioreactor02,2026-09-25T07:22:20.096Z,0.0,90,2,2026-09-25 13:07:20.096,37.591111111111
Demo experiment,pioreactor02,2026-09-25T07:22:20.096Z,0.150373655892,45,3,2026-09-25 13:07:20.096,37.591111111111
Demo experiment,pioreactor02,2026-09-25T07:22:20.096Z,0.027214965505,135,4,2026-09-25 13:07:20.096,37.591111111111
Demo experiment,pioreactor02,2026-09-25T07:22:25.099Z,0.0,90,2,2026-09-25 13:07:25.099,37.5925
Demo experiment,pioreactor02,2026-09-25T07:22:25.099Z,0.150298685468,45,3,2026-09-25 13:07:25.099,37.5925
Demo experiment,pioreactor02,2026-09-25T07:22:25.099Z,0.027003038119,135,4,2026-09-25 13:07:25.099,37.5925
Demo experiment,pioreactor02,2026-09-25T07:22:30.099Z,0.0,90,2,2026-09-25 13:07:30.099,37.593888888889
Demo experiment,pioreactor02,2026-09-25T07:22:30.099Z,0.150071264549,45,3,2026-09-25 13:07:30.099,37.593888888889
Demo experiment,pioreactor02,2026-09-25T07:22:30.099Z,0.026562240573,135,4,2026-09-25 13:07:30.099,37.593888888889
Demo experiment,pioreactor02,2026-09-25T07:22:35.098Z,0.0,90,2,2026-09-25 13:07:35.098,37.595277777778
Demo experiment,pioreactor02,2026-09-25T07:22:35.098Z,0.150067254164,45,3,2026-09-25 13:07:35.098,37.595277777778
Demo experiment,pioreactor02,2026-09-25T07:22:35.098Z,0.02751821277,135,4,2026-09-25 13:07:35.098,37.595277777778
Demo experiment,pioreactor02,2026-09-25T07:22:40.102Z,0.0,90,2,2026-09-25 13:07:40.102,37.596666666667
Demo experiment,pioreactor02,2026-09-25T07:22:40.102Z,0.150177224205,45,3,2026-09-25 13:07:40.102,37.596666666667
Demo experiment,pioreactor02,2026-09-25T07:22:40.102Z,0.028008687327,135,4,2026-09-25 13:07:40.102,37.596666666667
Demo experiment,pioreactor02,2026-09-25T07:22:45.099Z,0.0,90,2,2026-09-25 13:07:45.099,37.598055555556
Demo experiment,pioreactor02,2026-09-25T07:22:45.099Z,0.15013566195,45,3,2026-09-25 13:07:45.099,37.598055555556
Demo experiment,pioreactor02,2026-09-25T07:22:45.099Z,0.030089661549,135,4,2026-09-25 13:07:45.099,37.598055555556
Demo experiment,pioreactor02,2026-09-25T07:22:50.102Z,0.0,90,2,2026-09-25 13:07:50.102,37.599444444444
Demo experiment,pioreactor02,2026-09-25T07:22:50.102Z,0.15011049654,45,3,2026-09-25 13:07:50.102,37.599444444444
Demo experiment,pioreactor02,2026-09-25T07:22:50.102Z,0.032440233691,135,4,2026-09-25 13:07:50.102,37.599444444444
Demo experiment,pioreactor02,2026-09-25T07:22:55.103Z,0.0,90,2,2026-09-25 13:07:55.103,37.600833333333
Demo experiment,pioreactor02,2026-09-25T07:22:55.103Z,0.15040152012,45,3,2026-09-25 13:07:55.103,37.600833333333
Demo experiment,pioreactor02,2026-09-25T07:22:55.103Z,0.037089384205,135,4,2026-09-25 13:07:55.103,37.600833333333
Demo experiment,pioreactor02,2026-09-25T07:23:00.100Z,0.0,90,2,2026-09-25 13:08:00.100,37.602222222222
Demo experiment,pioreactor02,2026-09-25T07:23:00.100Z,0.150263846082,45,3,2026-09-25 13:08:00.100,37.602222222222
Demo experiment,pioreactor02,2026-09-25T07:23:00.100Z,0.035441778841,135,4,2026-09-25 13:08:00.100,37.602222222222
Demo experiment,pioreactor02,2026-09-25T07:23:05.101Z,0.0,90,2,2026-09-25 13:08:05.101,37.603611111111
Demo experiment,pioreactor02,2026-09-25T07:23:05.101Z,0.150255171765,45,3,2026-09-25 13:08:05.101,37.603611111111
Demo experiment,pioreactor02,2026-09-25T07:23:05.101Z,0.033589756836,135,4,2026-09-25 13:08:05.101,37.603611111111
Demo experiment,pioreactor02,2026-09-25T07:23:10.099Z,0.0,90,2,2026-09-25 13:08:10.099,37.605
Demo experiment,pioreactor02,2026-09-25T07:23:10.099Z,0.150260176827,45,3,2026-09-25 13:08:10.099,37.605
Demo experiment,pioreactor02,2026-09-25T07:23:10.099Z,0.034039737192,135,4,2026-09-25 13:08:10.099,37.605
Demo experiment,pioreactor02,2026-09-25T07:23:15.104Z,0.0,90,2,2026-09-25 13:08:15.104,37.606388888889
Demo experiment,pioreactor02,2026-09-25T07:23:15.104Z,0.14998884912,45,3,2026-09-25 13:08:15.104,37.606388888889
Demo experiment,pioreactor02,2026-09-25T07:23:15.104Z,0.035346093667,135,4,2026-09-25 13:08:15.104,37.606388888889
Demo experiment,pioreactor02,2026-09-25T07:23:20.104Z,0.0,90,2,2026-09-25 13:08:20.104,37.607777777778
Demo experiment,pioreactor02,2026-09-25T07:23:20.104Z,0.149878008021,45,3,2026-09-25 13:08:20.104,37.607777777778
Demo experiment,pioreactor02,2026-09-25T07:23:20.104Z,0.035447272737,135,4,2026-09-25 13:08:20.104,37.607777777778
Demo experiment,pioreactor02,2026-09-25T07:23:25.102Z,0.0,90,2,2026-09-25 13:08:25.102,37.609166666667
Demo experiment,pioreactor02,2026-09-25T07:23:25.102Z,0.149929777547,45,3,2026-09-25 13:08:25.102,37.609166666667
Demo experiment,pioreactor02,2026-09-25T07:23:25.102Z,0.035957321772,135,4,2026-09-25 13:08:25.102,37.609166666667
Demo experiment,pioreactor02,2026-09-25T07:23:30.102Z,0.0,90,2,2026-09-25 13:08:30.102,37.610555555556
Demo experiment,pioreactor02,2026-09-25T07:23:30.102Z,0.149897896179,45,3,2026-09-25 13:08:30.102,37.610555555556
Demo experiment,pioreactor02,2026-09-25T07:23:30.102Z,0.038891385107,135,4,2026-09-25 13:08:30.102,37.610555555556
Demo experiment,pioreactor02,2026-09-25T07:23:35.099Z,0.0,90,2,2026-09-25 13:08:35.099,37.611944444444
Demo experiment,pioreactor02,2026-09-25T07:23:35.099Z,0.149820310868,45,3,2026-09-25 13:08:35.099,37.611944444444
Demo experiment,pioreactor02,2026-09-25T07:23:35.099Z,0.039676387125,135,4,2026-09-25 13:08:35.099,37.611944444444
Demo experiment,pioreactor02,2026-09-25T07:23:40.100Z,0.0,90,2,2026-09-25 13:08:40.100,37.613333333333
Demo experiment,pioreactor02,2026-09-25T07:23:40.100Z,0.149745256281,45,3,2026-09-25 13:08:40.100,37.613333333333
Demo experiment,pioreactor02,2026-09-25T07:23:40.100Z,0.038944058015,135,4,2026-09-25 13:08:40.100,37.613333333333
Demo experiment,pioreactor02,2026-09-25T07:23:45.100Z,0.0,90,2,2026-09-25 13:08:45.100,37.614722222222
Demo experiment,pioreactor02,2026-09-25T07:23:45.100Z,0.149762737622,45,3,2026-09-25 13:08:45.100,37.614722222222
Demo experiment,pioreactor02,2026-09-25T07:23:45.100Z,0.039769671386,135,4,2026-09-25 13:08:45.100,37.614722222222
Demo experiment,pioreactor02,2026-09-25T07:23:50.103Z,0.0,90,2,2026-09-25 13:08:50.103,37.616111111111
Demo experiment,pioreactor02,2026-09-25T07:23:50.103Z,0.149624136799,45,3,2026-09-25 13:08:50.103,37.616111111111
Demo experiment,pioreactor02,2026-09-25T07:23:50.103Z,0.04367914801,135,4,2026-09-25 13:08:50.103,37.616111111111
Demo experiment,pioreactor02,2026-09-25T07:23:55.100Z,0.0,90,2,2026-09-25 13:08:55.100,37.6175
Demo experiment,pioreactor02,2026-09-25T07:23:55.100Z,0.14938344387,45,3,2026-09-25 13:08:55.100,37.6175
Demo experiment,pioreactor02,2026-09-25T07:23:55.100Z,0.041938727287,135,4,2026-09-25 13:08:55.100,37.6175
Demo experiment,pioreactor02,2026-09-25T07:24:00.103Z,0.0,90,2,2026-09-25 13:09:00.103,37.618888888889
Demo experiment,pioreactor02,2026-09-25T07:24:00.103Z,0.149436983385,45,3,2026-09-25 13:09:00.103,37.618888888889
Demo experiment,pioreactor02,2026-09-25T07:24:00.103Z,0.040823984184,135,4,2026-09-25 13:09:00.103,37.618888888889
Demo experiment,pioreactor02,2026-09-25T07:24:05.099Z,0.0,90,2,2026-09-25 13:09:05.099,37.620277777778
Demo experiment,pioreactor02,2026-09-25T07:24:05.099Z,0.149582501482,45,3,2026-09-25 13:09:05.099,37.620277777778
Demo experiment,pioreactor02,2026-09-25T07:24:05.099Z,0.042714933803,135,4,2026-09-25 13:09:05.099,37.620277777778
Demo experiment,pioreactor02,2026-09-25T07:24:10.102Z,0.0,90,2,2026-09-25 13:09:10.102,37.621666666667
Demo experiment,pioreactor02,2026-09-25T07:24:10.102Z,0.149459277763,45,3,2026-09-25 13:09:10.102,37.621666666667
Demo experiment,pioreactor02,2026-09-25T07:24:10.102Z,0.045316135922,135,4,2026-09-25 13:09:10.102,37.621666666667
Demo experiment,pioreactor02,2026-09-25T07:24:15.103Z,0.0,90,2,2026-09-25 13:09:15.103,37.623055555556
Demo experiment,pioreactor02,2026-09-25T07:24:15.103Z,0.149575023666,45,3,2026-09-25 13:09:15.103,37.623055555556
Demo experiment,pioreactor02,2026-09-25T07:24:15.103Z,0.0478910266,135,4,2026-09-25 13:09:15.103,37.623055555556
Demo experiment,pioreactor02,2026-09-25T07:24:20.106Z,0.0,90,2,2026-09-25 13:09:20.106,37.624444444444
Demo experiment,pioreactor02,2026-09-25T07:24:20.106Z,0.149463345249,45,3,2026-09-25 13:09:20.106,37.624444444444
Demo experiment,pioreactor02,2026-09-25T07:24:20.106Z,0.050063113098,135,4,2026-09-25 13:09:20.106,37.624444444444
Demo experiment,pioreactor02,2026-09-25T07:24:25.100Z,0.0,90,2,2026-09-25 13:09:25.100,37.625833333333
Demo experiment,pioreactor02,2026-09-25T07:24:25.100Z,0.149219806208,45,3,2026-09-25 13:09:25.100,37.625833333333
Demo experiment,pioreactor02,2026-09-25T07:24:25.100Z,0.043352456306,135,4,2026-09-25 13:09:25.100,37.625833333333
Demo experiment,pioreactor02,2026-09-25T07:24:30.099Z,0.0,90,2,2026-09-25 13:09:30.099,37.627222222222
Demo experiment,pioreactor02,2026-09-25T07:24:30.099Z,0.149496521777,45,3,2026-09-25 13:09:30.099,37.627222222222
Demo experiment,pioreactor02,2026-09-25T07:24:30.099Z,0.040005822686,135,4,2026-09-25 13:09:30.099,37.627222222222
Demo experiment,pioreactor02,2026-09-25T07:24:35.104Z,0.0,90,2,2026-09-25 13:09:35.104,37.628611111111
Demo experiment,pioreactor02,2026-09-25T07:24:35.104Z,0.149935157188,45,3,2026-09-25 13:09:35.104,37.628611111111
Demo experiment,pioreactor02,2026-09-25T07:24:35.104Z,0.039464639213,135,4,2026-09-25 13:09:35.104,37.628611111111
Demo experiment,pioreactor02,2026-09-25T07:24:40.098Z,0.0,90,2,2026-09-25 13:09:40.098,37.63
Demo experiment,pioreactor02,2026-09-25T07:24:40.098Z,0.149981024345,45,3,2026-09-25 13:09:40.098,37.63
Demo experiment,pioreactor02,2026-09-25T07:24:40.098Z,0.042131217871,135,4,2026-09-25 13:09:40.098,37.63
Demo experiment,pioreactor02,2026-09-25T07:24:45.097Z,0.0,90,2,2026-09-25 13:09:45.097,37.631388888889
Demo experiment,pioreactor02,2026-09-25T07:24:45.097Z,0.150062187837,45,3,2026-09-25 13:09:45.097,37.631388888889
Demo experiment,pioreactor02,2026-09-25T07:24:45.097Z,0.047382335719,135,4,2026-09-25 13:09:45.097,37.631388888889
Demo experiment,pioreactor02,2026-09-25T07:24:50.099Z,0.0,90,2,2026-09-25 13:09:50.099,37.632777777778
Demo experiment,pioreactor02,2026-09-25T07:24:50.099Z,0.149783377369,45,3,2026-09-25 13:09:50.099,37.632777777778
Demo experiment,pioreactor02,2026-09-25T07:24:50.099Z,0.043127801047,135,4,2026-09-25 13:09:50.099,37.632777777778
Demo experiment,pioreactor02,2026-09-25T07:24:55.098Z,0.0,90,2,2026-09-25 13:09:55.098,37.634166666667
Demo experiment,pioreactor02,2026-09-25T07:24:55.098Z,0.149521467466,45,3,2026-09-25 13:09:55.098,37.634166666667
Demo experiment,pioreactor02,2026-09-25T07:24:55.098Z,0.044935639612,135,4,2026-09-25 13:09:55.098,37.634166666667
Demo experiment,pioreactor02,2026-09-25T07:25:00.098Z,0.0,90,2,2026-09-25 13:10:00.098,37.635555555556
Demo experiment,pioreactor02,2026-09-25T07:25:00.098Z,0.149515424318,45,3,2026-09-25 13:10:00.098,37.635555555556
Demo experiment,pioreactor02,2026-09-25T07:25:00.098Z,0.044644014617,135,4,2026-09-25 13:10:00.098,37.635555555556
Demo experiment,pioreactor02,2026-09-25T07:25:05.098Z,0.0,90,2,2026-09-25 13:10:05.098,37.636944444444
Demo experiment,pioreactor02,2026-09-25T07:25:05.098Z,0.149342476026,45,3,2026-09-25 13:10:05.098,37.636944444444
Demo experiment,pioreactor02,2026-09-25T07:25:05.098Z,0.041342636094,135,4,2026-09-25 13:10:05.098,37.636944444444
Demo experiment,pioreactor02,2026-09-25T07:25:10.102Z,0.0,90,2,2026-09-25 13:10:10.102,37.638333333333
Demo experiment,pioreactor02,2026-09-25T07:25:10.102Z,0.149565140009,45,3,2026-09-25 13:10:10.102,37.638333333333
Demo experiment,pioreactor02,2026-09-25T07:25:10.102Z,0.043585276761,135,4,2026-09-25 13:10:10.102,37.638333333333
Demo experiment,pioreactor02,2026-09-25T07:25:15.100Z,0.0,90,2,2026-09-25 13:10:15.100,37.639722222222
Demo experiment,pioreactor02,2026-09-25T07:25:15.100Z,0.149826937005,45,3,2026-09-25 13:10:15.100,37.639722222222
Demo experiment,pioreactor02,2026-09-25T07:25:15.100Z,0.044560322729,135,4,2026-09-25 13:10:15.100,37.639722222222
Demo experiment,pioreactor02,2026-09-25T07:25:20.097Z,0.0,90,2,2026-09-25 13:10:20.097,37.641111111111
Demo experiment,pioreactor02,2026-09-25T07:25:20.097Z,0.149906767493,45,3,2026-09-25 13:10:20.097,37.641111111111
Demo experiment,pioreactor02,2026-09-25T07:25:20.097Z,0.042034555138,135,4,2026-09-25 13:10:20.097,37.641111111111
Demo experiment,pioreactor02,2026-09-25T07:25:25.097Z,0.0,90,2,2026-09-25 13:10:25.097,37.6425
Demo experiment,pioreactor02,2026-09-25T07:25:25.097Z,0.150079674841,45,3,2026-09-25 13:10:25.097,37.6425
Demo experiment,pioreactor02,2026-09-25T07:25:25.097Z,0.043828964214,135,4,2026-09-25 13:10:25.097,37.6425
Demo experiment,pioreactor02,2026-09-25T07:25:30.101Z,0.0,90,2,2026-09-25 13:10:30.101,37.643888888889
Demo experiment,pioreactor02,2026-09-25T07:25:30.101Z,0.149894738749,45,3,2026-09-25 13:10:30.101,37.643888888889
Demo experiment,pioreactor02,2026-09-25T07:25:30.101Z,0.042204441801,135,4,2026-09-25 13:10:30.101,37.643888888889
Demo experiment,pioreactor02,2026-09-25T07:25:35.097Z,0.0,90,2,2026-09-25 13:10:35.097,37.645277777778
Demo experiment,pioreactor02,2026-09-25T07:25:35.097Z,0.149691725055,45,3,2026-09-25 13:10:35.097,37.645277777778
Demo experiment,pioreactor02,2026-09-25T07:25:35.097Z,0.037889243246,135,4,2026-09-25 13:10:35.097,37.645277777778
Demo experiment,pioreactor02,2026-09-25T07:25:40.097Z,0.0,90,2,2026-09-25 13:10:40.097,37.646666666667
Demo experiment,pioreactor02,2026-09-25T07:25:40.097Z,0.14995851874,45,3,2026-09-25 13:10:40.097,37.646666666667
Demo experiment,pioreactor02,2026-09-25T07:25:40.097Z,0.041792930711,135,4,2026-09-25 13:10:40.097,37.646666666667
Demo experiment,pioreactor02,2026-09-25T07:25:45.097Z,0.0,90,2,2026-09-25 13:10:45.097,37.648055555556
Demo experiment,pioreactor02,2026-09-25T07:25:45.097Z,0.14994047681,45,3,2026-09-25 13:10:45.097,37.648055555556
Demo experiment,pioreactor02,2026-09-25T07:25:45.097Z,0.04270237821,135,4,2026-09-25 13:10:45.097,37.648055555556
Demo experiment,pioreactor02,2026-09-25T07:25:50.097Z,0.0,90,2,2026-09-25 13:10:50.097,37.649444444444
Demo experiment,pioreactor02,2026-09-25T07:25:50.097Z,0.150004171672,45,3,2026-09-25 13:10:50.097,37.649444444444
Demo experiment,pioreactor02,2026-09-25T07:25:50.097Z,0.042122992265,135,4,2026-09-25 13:10:50.097,37.649444444444
Demo experiment,pioreactor02,2026-09-25T07:25:55.097Z,0.0,90,2,2026-09-25 13:10:55.097,37.650833333333
Demo experiment,pioreactor02,2026-09-25T07:25:55.097Z,0.149699608841,45,3,2026-09-25 13:10:55.097,37.650833333333
Demo experiment,pioreactor02,2026-09-25T07:25:55.097Z,0.04347250582,135,4,2026-09-25 13:10:55.097,37.650833333333
Demo experiment,pioreactor02,2026-09-25T07:26:00.102Z,0.0,90,2,2026-09-25 13:11:00.102,37.652222222222
Demo experiment,pioreactor02,2026-09-25T07:26:00.102Z,0.149783773409,45,3,2026-09-25 13:11:00.102,37.652222222222
Demo experiment,pioreactor02,2026-09-25T07:26:00.102Z,0.045630525543,135,4,2026-09-25 13:11:00.102,37.652222222222
Demo experiment,pioreactor02,2026-09-25T07:26:05.098Z,0.0,90,2,2026-09-25 13:11:05.098,37.653611111111
Demo experiment,pioreactor02,2026-09-25T07:26:05.098Z,0.149815738296,45,3,2026-09-25 13:11:05.098,37.653611111111
Demo experiment,pioreactor02,2026-09-25T07:26:05.098Z,0.043852108993,135,4,2026-09-25 13:11:05.098,37.653611111111
Demo experiment,pioreactor02,2026-09-25T07:26:10.098Z,0.0,90,2,2026-09-25 13:11:10.098,37.655
Demo experiment,pioreactor02,2026-09-25T07:26:10.098Z,0.150000914,45,3,2026-09-25 13:11:10.098,37.655
Demo experiment,pioreactor02,2026-09-25T07:26:10.098Z,0.040905755759,135,4,2026-09-25 13:11:10.098,37.655
Demo experiment,pioreactor02,2026-09-25T07:26:15.097Z,0.0,90,2,2026-09-25 13:11:15.097,37.656388888889
Demo experiment,pioreactor02,2026-09-25T07:26:15.097Z,0.150133221483,45,3,2026-09-25 13:11:15.097,37.656388888889
Demo experiment,pioreactor02,2026-09-25T07:26:15.097Z,0.039597236334,135,4,2026-09-25 13:11:15.097,37.656388888889
Demo experiment,pioreactor02,2026-09-25T07:26:20.098Z,0.0,90,2,2026-09-25 13:11:20.098,37.657777777778
Demo experiment,pioreactor02,2026-09-25T07:26:20.098Z,0.150196375394,45,3,2026-09-25 13:11:20.098,37.657777777778
Demo experiment,pioreactor02,2026-09-25T07:26:20.098Z,0.039701118599,135,4,2026-09-25 13:11:20.098,37.657777777778
Demo experiment,pioreactor02,2026-09-25T07:26:25.100Z,0.0,90,2,2026-09-25 13:11:25.100,37.659166666667
Demo experiment,pioreactor02,2026-09-25T07:26:25.100Z,0.150142048664,45,3,2026-09-25 13:11:25.100,37.659166666667
Demo experiment,pioreactor02,2026-09-25T07:26:25.100Z,0.039481939095,135,4,2026-09-25 13:11:25.100,37.659166666667
Demo experiment,pioreactor02,2026-09-25T07:26:30.097Z,0.0,90,2,2026-09-25 13:11:30.097,37.660555555556
Demo experiment,pioreactor02,2026-09-25T07:26:30.097Z,0.149984418775,45,3,2026-09-25 13:11:30.097,37.660555555556
Demo experiment,pioreactor02,2026-09-25T07:26:30.097Z,0.038247661283,135,4,2026-09-25 13:11:30.097,37.660555555556
Demo experiment,pioreactor02,2026-09-25T07:26:35.099Z,0.0,90,2,2026-09-25 13:11:35.099,37.661944444444
Demo experiment,pioreactor02,2026-09-25T07:26:35.099Z,0.150045261291,45,3,2026-09-25 13:11:35.099,37.661944444444
Demo experiment,pioreactor02,2026-09-25T07:26:35.099Z,0.040528433564,135,4,2026-09-25 13:11:35.099,37.661944444444
Demo experiment,pioreactor02,2026-09-25T07:26:40.098Z,0.0,90,2,2026-09-25 13:11:40.098,37.663333333333
Demo experiment,pioreactor02,2026-09-25T07:26:40.098Z,0.150188897988,45,3,2026-09-25 13:11:40.098,37.663333333333
Demo experiment,pioreactor02,2026-09-25T07:26:40.098Z,0.039966816252,135,4,2026-09-25 13:11:40.098,37.663333333333
Demo experiment,pioreactor02,2026-09-25T07:26:45.100Z,0.0,90,2,2026-09-25 13:11:45.100,37.664722222222
Demo experiment,pioreactor02,2026-09-25T07:26:45.100Z,0.14993409103,45,3,2026-09-25 13:11:45.100,37.664722222222
Demo experiment,pioreactor02,2026-09-25T07:26:45.100Z,0.036119471558,135,4,2026-09-25 13:11:45.100,37.664722222222
Demo experiment,pioreactor02,2026-09-25T07:26:50.097Z,0.0,90,2,2026-09-25 13:11:50.097,37.666111111111
Demo experiment,pioreactor02,2026-09-25T07:26:50.097Z,0.149698876928,45,3,2026-09-25 13:11:50.097,37.666111111111
Demo experiment,pioreactor02,2026-09-25T07:26:50.097Z,0.038152729479,135,4,2026-09-25 13:11:50.097,37.666111111111
Demo experiment,pioreactor02,2026-09-25T07:26:55.097Z,0.0,90,2,2026-09-25 13:11:55.097,37.6675
Demo experiment,pioreactor02,2026-09-25T07:26:55.097Z,0.149759139442,45,3,2026-09-25 13:11:55.097,37.6675
Demo experiment,pioreactor02,2026-09-25T07:26:55.097Z,0.039187210826,135,4,2026-09-25 13:11:55.097,37.6675
Demo experiment,pioreactor02,2026-09-25T07:27:00.099Z,0.0,90,2,2026-09-25 13:12:00.099,37.668888888889
Demo experiment,pioreactor02,2026-09-25T07:27:00.099Z,0.150152889019,45,3,2026-09-25 13:12:00.099,37.668888888889
Demo experiment,pioreactor02,2026-09-25T07:27:00.099Z,0.037436912725,135,4,2026-09-25 13:12:00.099,37.668888888889
Demo experiment,pioreactor02,2026-09-25T07:27:05.099Z,0.0,90,2,2026-09-25 13:12:05.099,37.670277777778
Demo experiment,pioreactor02,2026-09-25T07:27:05.099Z,0.150124134519,45,3,2026-09-25 13:12:05.099,37.670277777778
Demo experiment,pioreactor02,2026-09-25T07:27:05.099Z,0.034928625348,135,4,2026-09-25 13:12:05.099,37.670277777778
Demo experiment,pioreactor02,2026-09-25T07:27:10.097Z,0.0,90,2,2026-09-25 13:12:10.097,37.671666666667
Demo experiment,pioreactor02,2026-09-25T07:27:10.097Z,0.150240002616,45,3,2026-09-25 13:12:10.097,37.671666666667
Demo experiment,pioreactor02,2026-09-25T07:27:10.097Z,0.036767772601,135,4,2026-09-25 13:12:10.097,37.671666666667
Demo experiment,pioreactor02,2026-09-25T07:27:15.096Z,0.0,90,2,2026-09-25 13:12:15.096,37.673055555556
Demo experiment,pioreactor02,2026-09-25T07:27:15.096Z,0.150655430878,45,3,2026-09-25 13:12:15.096,37.673055555556
Demo experiment,pioreactor02,2026-09-25T07:27:15.096Z,0.038241218051,135,4,2026-09-25 13:12:15.096,37.673055555556
Demo experiment,pioreactor02,2026-09-25T07:27:20.098Z,0.0,90,2,2026-09-25 13:12:20.098,37.674444444444
Demo experiment,pioreactor02,2026-09-25T07:27:20.098Z,0.150508740118,45,3,2026-09-25 13:12:20.098,37.674444444444
Demo experiment,pioreactor02,2026-09-25T07:27:20.098Z,0.033693377626,135,4,2026-09-25 13:12:20.098,37.674444444444
Demo experiment,pioreactor02,2026-09-25T07:27:25.096Z,0.0,90,2,2026-09-25 13:12:25.096,37.675833333333
Demo experiment,pioreactor02,2026-09-25T07:27:25.096Z,0.150308660205,45,3,2026-09-25 13:12:25.096,37.675833333333
Demo experiment,pioreactor02,2026-09-25T07:27:25.096Z,0.033151046086,135,4,2026-09-25 13:12:25.096,37.675833333333
Demo experiment,pioreactor02,2026-09-25T07:27:30.097Z,0.0,90,2,2026-09-25 13:12:30.097,37.677222222222
Demo experiment,pioreactor02,2026-09-25T07:27:30.097Z,0.150376337777,45,3,2026-09-25 13:12:30.097,37.677222222222
Demo experiment,pioreactor02,2026-09-25T07:27:30.097Z,0.037094116332,135,4,2026-09-25 13:12:30.097,37.677222222222
Demo experiment,pioreactor02,2026-09-25T07:27:35.098Z,0.0,90,2,2026-09-25 13:12:35.098,37.678611111111
Demo experiment,pioreactor02,2026-09-25T07:27:35.098Z,0.150311891831,45,3,2026-09-25 13:12:35.098,37.678611111111
Demo experiment,pioreactor02,2026-09-25T07:27:35.098Z,0.034719099841,135,4,2026-09-25 13:12:35.098,37.678611111111
Demo experiment,pioreactor02,2026-09-25T07:27:40.100Z,0.0,90,2,2026-09-25 13:12:40.100,37.68
Demo experiment,pioreactor02,2026-09-25T07:27:40.100Z,0.150011544422,45,3,2026-09-25 13:12:40.100,37.68
Demo experiment,pioreactor02,2026-09-25T07:27:40.100Z,0.035614254987,135,4,2026-09-25 13:12:40.100,37.68
Demo experiment,pioreactor02,2026-09-25T07:27:45.097Z,0.0,90,2,2026-09-25 13:12:45.097,37.681388888889
Demo experiment,pioreactor02,2026-09-25T07:27:45.097Z,0.150324560338,45,3,2026-09-25 13:12:45.097,37.681388888889
Demo experiment,pioreactor02,2026-09-25T07:27:45.097Z,0.033125023088,135,4,2026-09-25 13:12:45.097,37.681388888889
Demo experiment,pioreactor02,2026-09-25T07:27:50.097Z,0.0,90,2,2026-09-25 13:12:50.097,37.682777777778
Demo experiment,pioreactor02,2026-09-25T07:27:50.097Z,0.150359144565,45,3,2026-09-25 13:12:50.097,37.682777777778
Demo experiment,pioreactor02,2026-09-25T07:27:50.097Z,0.031624161285,135,4,2026-09-25 13:12:50.097,37.682777777778
Demo experiment,pioreactor02,2026-09-25T07:27:55.098Z,0.0,90,2,2026-09-25 13:12:55.098,37.684166666667
Demo experiment,pioreactor02,2026-09-25T07:27:55.098Z,0.15037815518,45,3,2026-09-25 13:12:55.098,37.684166666667
Demo experiment,pioreactor02,2026-09-25T07:27:55.098Z,0.032363470855,135,4,2026-09-25 13:12:55.098,37.684166666667
Demo experiment,pioreactor02,2026-09-25T07:28:00.101Z,0.0,90,2,2026-09-25 13:13:00.101,37.685555555556
Demo experiment,pioreactor02,2026-09-25T07:28:00.101Z,0.150407424018,45,3,2026-09-25 13:13:00.101,37.685555555556
Demo experiment,pioreactor02,2026-09-25T07:28:00.101Z,0.031337021446,135,4,2026-09-25 13:13:00.101,37.685555555556
Demo experiment,pioreactor02,2026-09-25T07:28:05.097Z,0.0,90,2,2026-09-25 13:13:05.097,37.686944444444
Demo experiment,pioreactor02,2026-09-25T07:28:05.097Z,0.150443577793,45,3,2026-09-25 13:13:05.097,37.686944444444
Demo experiment,pioreactor02,2026-09-25T07:28:05.097Z,0.030989751642,135,4,2026-09-25 13:13:05.097,37.686944444444
Demo experiment,pioreactor02,2026-09-25T07:28:10.097Z,0.0,90,2,2026-09-25 13:13:10.097,37.688333333333
Demo experiment,pioreactor02,2026-09-25T07:28:10.097Z,0.150453544817,45,3,2026-09-25 13:13:10.097,37.688333333333
Demo experiment,pioreactor02,2026-09-25T07:28:10.097Z,0.031331043431,135,4,2026-09-25 13:13:10.097,37.688333333333
Demo experiment,pioreactor02,2026-09-25T07:28:15.098Z,0.0,90,2,2026-09-25 13:13:15.098,37.689722222222
Demo experiment,pioreactor02,2026-09-25T07:28:15.098Z,0.150377836678,45,3,2026-09-25 13:13:15.098,37.689722222222
Demo experiment,pioreactor02,2026-09-25T07:28:15.098Z,0.03075107299,135,4,2026-09-25 13:13:15.098,37.689722222222
Demo experiment,pioreactor02,2026-09-25T07:28:20.101Z,0.0,90,2,2026-09-25 13:13:20.101,37.691111111111
Demo experiment,pioreactor02,2026-09-25T07:28:20.101Z,0.150357058947,45,3,2026-09-25 13:13:20.101,37.691111111111
Demo experiment,pioreactor02,2026-09-25T07:28:20.101Z,0.030444054562,135,4,2026-09-25 13:13:20.101,37.691111111111
Demo experiment,pioreactor02,2026-09-25T07:28:25.098Z,0.0,90,2,2026-09-25 13:13:25.098,37.6925
Demo experiment,pioreactor02,2026-09-25T07:28:25.098Z,0.150292573662,45,3,2026-09-25 13:13:25.098,37.6925
Demo experiment,pioreactor02,2026-09-25T07:28:25.098Z,0.0317151679,135,4,2026-09-25 13:13:25.098,37.6925
Demo experiment,pioreactor02,2026-09-25T07:28:30.100Z,0.0,90,2,2026-09-25 13:13:30.100,37.693888888889
Demo experiment,pioreactor02,2026-09-25T07:28:30.100Z,0.150389847708,45,3,2026-09-25 13:13:30.100,37.693888888889
Demo experiment,pioreactor02,2026-09-25T07:28:30.100Z,0.030756781506,135,4,2026-09-25 13:13:30.100,37.693888888889
Demo experiment,pioreactor02,2026-09-25T07:28:35.097Z,0.0,90,2,2026-09-25 13:13:35.097,37.695277777778
Demo experiment,pioreactor02,2026-09-25T07:28:35.097Z,0.15041880812,45,3,2026-09-25 13:13:35.097,37.695277777778
Demo experiment,pioreactor02,2026-09-25T07:28:35.097Z,0.030060009279,135,4,2026-09-25 13:13:35.097,37.695277777778
Demo experiment,pioreactor02,2026-09-25T07:28:40.098Z,0.0,90,2,2026-09-25 13:13:40.098,37.696666666667
Demo experiment,pioreactor02,2026-09-25T07:28:40.098Z,0.150435704495,45,3,2026-09-25 13:13:40.098,37.696666666667
Demo experiment,pioreactor02,2026-09-25T07:28:40.098Z,0.029695263395,135,4,2026-09-25 13:13:40.098,37.696666666667
Demo experiment,pioreactor02,2026-09-25T07:28:45.100Z,0.0,90,2,2026-09-25 13:13:45.100,37.698055555556
Demo experiment,pioreactor02,2026-09-25T07:28:45.100Z,0.150031378434,45,3,2026-09-25 13:13:45.100,37.698055555556
Demo experiment,pioreactor02,2026-09-25T07:28:45.100Z,0.029813416455,135,4,2026-09-25 13:13:45.100,37.698055555556
Demo experiment,pioreactor02,2026-09-25T07:28:50.097Z,0.0,90,2,2026-09-25 13:13:50.097,37.699444444444
Demo experiment,pioreactor02,2026-09-25T07:28:50.097Z,0.150197913422,45,3,2026-09-25 13:13:50.097,37.699444444444
Demo experiment,pioreactor02,2026-09-25T07:28:50.097Z,0.029643497785,135,4,2026-09-25 13:13:50.097,37.699444444444
Demo experiment,pioreactor02,2026-09-25T07:28:55.098Z,0.0,90,2,2026-09-25 13:13:55.098,37.700833333333
Demo experiment,pioreactor02,2026-09-25T07:28:55.098Z,0.150275210813,45,3,2026-09-25 13:13:55.098,37.700833333333
Demo experiment,pioreactor02,2026-09-25T07:28:55.098Z,0.030644390986,135,4,2026-09-25 13:13:55.098,37.700833333333
Demo experiment,pioreactor02,2026-09-25T07:29:00.097Z,0.0,90,2,2026-09-25 13:14:00.097,37.702222222222
Demo experiment,pioreactor02,2026-09-25T07:29:00.097Z,0.150263457339,45,3,2026-09-25 13:14:00.097,37.702222222222
Demo experiment,pioreactor02,2026-09-25T07:29:00.097Z,0.031152327473,135,4,2026-09-25 13:14:00.097,37.702222222222
Demo experiment,pioreactor02,2026-09-25T07:29:05.097Z,0.0,90,2,2026-09-25 13:14:05.097,37.703611111111
Demo experiment,pioreactor02,2026-09-25T07:29:05.097Z,0.15039878308,45,3,2026-09-25 13:14:05.097,37.703611111111
Demo experiment,pioreactor02,2026-09-25T07:29:05.097Z,0.031422055597,135,4,2026-09-25 13:14:05.097,37.703611111111
Demo experiment,pioreactor02,2026-09-25T07:29:10.098Z,0.0,90,2,2026-09-25 13:14:10.098,37.705
Demo experiment,pioreactor02,2026-09-25T07:29:10.098Z,0.150261330959,45,3,2026-09-25 13:14:10.098,37.705
Demo experiment,pioreactor02,2026-09-25T07:29:10.098Z,0.029310910802,135,4,2026-09-25 13:14:10.098,37.705
Demo experiment,pioreactor02,2026-09-25T07:29:15.097Z,0.0,90,2,2026-09-25 13:14:15.097,37.706388888889
Demo experiment,pioreactor02,2026-09-25T07:29:15.097Z,0.150165172737,45,3,2026-09-25 13:14:15.097,37.706388888889
Demo experiment,pioreactor02,2026-09-25T07:29:15.097Z,0.028372667111,135,4,2026-09-25 13:14:15.097,37.706388888889
Demo experiment,pioreactor02,2026-09-25T07:29:20.106Z,0.0,90,2,2026-09-25 13:14:20.106,37.707777777778
Demo experiment,pioreactor02,2026-09-25T07:29:20.106Z,0.15026969865,45,3,2026-09-25 13:14:20.106,37.707777777778
Demo experiment,pioreactor02,2026-09-25T07:29:20.106Z,0.02930826457,135,4,2026-09-25 13:14:20.106,37.707777777778
Demo experiment,pioreactor02,2026-09-25T07:29:25.098Z,0.0,90,2,2026-09-25 13:14:25.098,37.709166666667
Demo experiment,pioreactor02,2026-09-25T07:29:25.098Z,0.150320072876,45,3,2026-09-25 13:14:25.098,37.709166666667
Demo experiment,pioreactor02,2026-09-25T07:29:25.098Z,0.031500021578,135,4,2026-09-25 13:14:25.098,37.709166666667
Demo experiment,pioreactor02,2026-09-25T07:29:30.102Z,0.0,90,2,2026-09-25 13:14:30.102,37.710555555556
Demo experiment,pioreactor02,2026-09-25T07:29:30.102Z,0.150485750979,45,3,2026-09-25 13:14:30.102,37.710555555556
Demo experiment,pioreactor02,2026-09-25T07:29:30.102Z,0.029646490034,135,4,2026-09-25 13:14:30.102,37.710555555556
Demo experiment,pioreactor02,2026-09-25T07:29:35.101Z,0.0,90,2,2026-09-25 13:14:35.101,37.711944444444
Demo experiment,pioreactor02,2026-09-25T07:29:35.101Z,0.150386102849,45,3,2026-09-25 13:14:35.101,37.711944444444
Demo experiment,pioreactor02,2026-09-25T07:29:35.101Z,0.028357793884,135,4,2026-09-25 13:14:35.101,37.711944444444
Demo experiment,pioreactor02,2026-09-25T07:29:40.100Z,0.0,90,2,2026-09-25 13:14:40.100,37.713333333333
Demo experiment,pioreactor02,2026-09-25T07:29:40.100Z,0.150325776049,45,3,2026-09-25 13:14:40.100,37.713333333333
Demo experiment,pioreactor02,2026-09-25T07:29:40.100Z,0.026701710084,135,4,2026-09-25 13:14:40.100,37.713333333333
Demo experiment,pioreactor02,2026-09-25T07:29:45.099Z,0.0,90,2,2026-09-25 13:14:45.099,37.714722222222
Demo experiment,pioreactor02,2026-09-25T07:29:45.099Z,0.150503280508,45,3,2026-09-25 13:14:45.099,37.714722222222
Demo experiment,pioreactor02,2026-09-25T07:29:45.099Z,0.028679165235,135,4,2026-09-25 13:14:45.099,37.714722222222
Demo experiment,pioreactor02,2026-09-25T07:29:50.107Z,0.0,90,2,2026-09-25 13:14:50.107,37.716111111111
Demo experiment,pioreactor02,2026-09-25T07:29:50.107Z,0.150414007618,45,3,2026-09-25 13:14:50.107,37.716111111111
Demo experiment,pioreactor02,2026-09-25T07:29:50.107Z,0.028142562934,135,4,2026-09-25 13:14:50.107,37.716111111111
Demo experiment,pioreactor02,2026-09-25T07:29:55.102Z,0.0,90,2,2026-09-25 13:14:55.102,37.7175
Demo experiment,pioreactor02,2026-09-25T07:29:55.102Z,0.150305607963,45,3,2026-09-25 13:14:55.102,37.7175
Demo experiment,pioreactor02,2026-09-25T07:29:55.102Z,0.0284405904,135,4,2026-09-25 13:14:55.102,37.7175
Demo experiment,pioreactor02,2026-09-25T07:30:00.100Z,0.0,90,2,2026-09-25 13:15:00.100,37.718888888889
Demo experiment,pioreactor02,2026-09-25T07:30:00.100Z,0.150542511047,45,3,2026-09-25 13:15:00.100,37.718888888889
Demo experiment,pioreactor02,2026-09-25T07:30:00.100Z,0.030267815871,135,4,2026-09-25 13:15:00.100,37.718888888889
Demo experiment,pioreactor02,2026-09-25T07:30:05.099Z,0.0,90,2,2026-09-25 13:15:05.099,37.720277777778
Demo experiment,pioreactor02,2026-09-25T07:30:05.099Z,0.150645962263,45,3,2026-09-25 13:15:05.099,37.720277777778
Demo experiment,pioreactor02,2026-09-25T07:30:05.099Z,0.026977597687,135,4,2026-09-25 13:15:05.099,37.720277777778
Demo experiment,pioreactor02,2026-09-25T07:30:10.101Z,0.0,90,2,2026-09-25 13:15:10.101,37.721666666667
Demo experiment,pioreactor02,2026-09-25T07:30:10.101Z,0.150516941203,45,3,2026-09-25 13:15:10.101,37.721666666667
Demo experiment,pioreactor02,2026-09-25T07:30:10.101Z,0.027449302348,135,4,2026-09-25 13:15:10.101,37.721666666667
Demo experiment,pioreactor02,2026-09-25T07:30:15.097Z,0.0,90,2,2026-09-25 13:15:15.097,37.723055555556
Demo experiment,pioreactor02,2026-09-25T07:30:15.097Z,0.150494271805,45,3,2026-09-25 13:15:15.097,37.723055555556
Demo experiment,pioreactor02,2026-09-25T07:30:15.097Z,0.026900225494,135,4,2026-09-25 13:15:15.097,37.723055555556
Demo experiment,pioreactor02,2026-09-25T07:30:20.097Z,0.0,90,2,2026-09-25 13:15:20.097,37.724444444444
Demo experiment,pioreactor02,2026-09-25T07:30:20.097Z,0.150743689629,45,3,2026-09-25 13:15:20.097,37.724444444444
Demo experiment,pioreactor02,2026-09-25T07:30:20.097Z,0.0286091027,135,4,2026-09-25 13:15:20.097,37.724444444444
Demo experiment,pioreactor02,2026-09-25T07:30:25.099Z,0.0,90,2,2026-09-25 13:15:25.099,37.725833333333
Demo experiment,pioreactor02,2026-09-25T07:30:25.099Z,0.15048198964,45,3,2026-09-25 13:15:25.099,37.725833333333
Demo experiment,pioreactor02,2026-09-25T07:30:25.099Z,0.028940818841,135,4,2026-09-25 13:15:25.099,37.725833333333
Demo experiment,pioreactor02,2026-09-25T07:30:30.101Z,0.0,90,2,2026-09-25 13:15:30.101,37.727222222222
Demo experiment,pioreactor02,2026-09-25T07:30:30.101Z,0.150450929153,45,3,2026-09-25 13:15:30.101,37.727222222222
Demo experiment,pioreactor02,2026-09-25T07:30:30.101Z,0.028645265373,135,4,2026-09-25 13:15:30.101,37.727222222222
Demo experiment,pioreactor02,2026-09-25T07:30:35.102Z,0.0,90,2,2026-09-25 13:15:35.102,37.728611111111
Demo experiment,pioreactor02,2026-09-25T07:30:35.102Z,0.15042652633,45,3,2026-09-25 13:15:35.102,37.728611111111
Demo experiment,pioreactor02,2026-09-25T07:30:35.102Z,0.028527355934,135,4,2026-09-25 13:15:35.102,37.728611111111
Demo experiment,pioreactor02,2026-09-25T07:30:40.103Z,0.0,90,2,2026-09-25 13:15:40.103,37.73
Demo experiment,pioreactor02,2026-09-25T07:30:40.103Z,0.150620035795,45,3,2026-09-25 13:15:40.103,37.73
Demo experiment,pioreactor02,2026-09-25T07:30:40.103Z,0.032598921213,135,4,2026-09-25 13:15:40.103,37.73
Demo experiment,pioreactor02,2026-09-25T07:30:45.103Z,0.0,90,2,2026-09-25 13:15:45.103,37.731388888889
Demo experiment,pioreactor02,2026-09-25T07:30:45.103Z,0.15051180389,45,3,2026-09-25 13:15:45.103,37.731388888889
Demo experiment,pioreactor02,2026-09-25T07:30:45.103Z,0.030877690431,135,4,2026-09-25 13:15:45.103,37.731388888889
Demo experiment,pioreactor02,2026-09-25T07:30:50.102Z,0.0,90,2,2026-09-25 13:15:50.102,37.732777777778
Demo experiment,pioreactor02,2026-09-25T07:30:50.102Z,0.150634826007,45,3,2026-09-25 13:15:50.102,37.732777777778
Demo experiment,pioreactor02,2026-09-25T07:30:50.102Z,0.029503782016,135,4,2026-09-25 13:15:50.102,37.732777777778
Demo experiment,pioreactor02,2026-09-25T07:30:55.104Z,0.0,90,2,2026-09-25 13:15:55.104,37.734166666667
Demo experiment,pioreactor02,2026-09-25T07:30:55.104Z,0.150372295055,45,3,2026-09-25 13:15:55.104,37.734166666667
Demo experiment,pioreactor02,2026-09-25T07:30:55.104Z,0.028514772026,135,4,2026-09-25 13:15:55.104,37.734166666667
Demo experiment,pioreactor02,2026-09-25T07:31:00.100Z,0.0,90,2,2026-09-25 13:16:00.100,37.735555555556
Demo experiment,pioreactor02,2026-09-25T07:31:00.100Z,0.150467279514,45,3,2026-09-25 13:16:00.100,37.735555555556
Demo experiment,pioreactor02,2026-09-25T07:31:00.100Z,0.030680255036,135,4,2026-09-25 13:16:00.100,37.735555555556
Demo experiment,pioreactor02,2026-09-25T07:31:05.098Z,0.0,90,2,2026-09-25 13:16:05.098,37.736944444444
Demo experiment,pioreactor02,2026-09-25T07:31:05.098Z,0.150610113841,45,3,2026-09-25 13:16:05.098,37.736944444444
Demo experiment,pioreactor02,2026-09-25T07:31:05.098Z,0.029371072834,135,4,2026-09-25 13:16:05.098,37.736944444444
Demo experiment,pioreactor02,2026-09-25T07:31:10.099Z,0.0,90,2,2026-09-25 13:16:10.099,37.738333333333
Demo experiment,pioreactor02,2026-09-25T07:31:10.099Z,0.15085865885,45,3,2026-09-25 13:16:10.099,37.738333333333
Demo experiment,pioreactor02,2026-09-25T07:31:10.099Z,0.026767607891,135,4,2026-09-25 13:16:10.099,37.738333333333
Demo experiment,pioreactor02,2026-09-25T07:31:15.096Z,0.0,90,2,2026-09-25 13:16:15.096,37.739722222222
Demo experiment,pioreactor02,2026-09-25T07:31:15.096Z,0.150798866947,45,3,2026-09-25 13:16:15.096,37.739722222222
Demo experiment,pioreactor02,2026-09-25T07:31:15.096Z,0.026463529095,135,4,2026-09-25 13:16:15.096,37.739722222222
Demo experiment,pioreactor02,2026-09-25T07:31:20.097Z,0.0,90,2,2026-09-25 13:16:20.097,37.741111111111
Demo experiment,pioreactor02,2026-09-25T07:31:20.097Z,0.150787484723,45,3,2026-09-25 13:16:20.097,37.741111111111
Demo experiment,pioreactor02,2026-09-25T07:31:20.097Z,0.028911228687,135,4,2026-09-25 13:16:20.097,37.741111111111
Demo experiment,pioreactor02,2026-09-25T07:31:25.098Z,0.0,90,2,2026-09-25 13:16:25.098,37.7425
Demo experiment,pioreactor02,2026-09-25T07:31:25.098Z,0.150711935716,45,3,2026-09-25 13:16:25.098,37.7425
Demo experiment,pioreactor02,2026-09-25T07:31:25.098Z,0.030072685013,135,4,2026-09-25 13:16:25.098,37.7425
Demo experiment,pioreactor02,2026-09-25T07:31:30.098Z,0.0,90,2,2026-09-25 13:16:30.098,37.743888888889
Demo experiment,pioreactor02,2026-09-25T07:31:30.098Z,0.150709781712,45,3,2026-09-25 13:16:30.098,37.743888888889
Demo experiment,pioreactor02,2026-09-25T07:31:30.098Z,0.034175824211,135,4,2026-09-25 13:16:30.098,37.743888888889
Demo experiment,pioreactor02,2026-09-25T07:31:35.097Z,0.0,90,2,2026-09-25 13:16:35.097,37.745277777778
Demo experiment,pioreactor02,2026-09-25T07:31:35.097Z,0.150579705825,45,3,2026-09-25 13:16:35.097,37.745277777778
Demo experiment,pioreactor02,2026-09-25T07:31:35.097Z,0.032768348843,135,4,2026-09-25 13:16:35.097,37.745277777778
Demo experiment,pioreactor02,2026-09-25T07:31:40.097Z,0.0,90,2,2026-09-25 13:16:40.097,37.746666666667
Demo experiment,pioreactor02,2026-09-25T07:31:40.097Z,0.150519680086,45,3,2026-09-25 13:16:40.097,37.746666666667
Demo experiment,pioreactor02,2026-09-25T07:31:40.097Z,0.028817146237,135,4,2026-09-25 13:16:40.097,37.746666666667
Demo experiment,pioreactor02,2026-09-25T07:31:45.099Z,0.0,90,2,2026-09-25 13:16:45.099,37.748055555556
Demo experiment,pioreactor02,2026-09-25T07:31:45.099Z,0.150571650746,45,3,2026-09-25 13:16:45.099,37.748055555556
Demo experiment,pioreactor02,2026-09-25T07:31:45.099Z,0.029056981388,135,4,2026-09-25 13:16:45.099,37.748055555556
Demo experiment,pioreactor02,2026-09-25T07:31:50.096Z,0.0,90,2,2026-09-25 13:16:50.096,37.749444444444
Demo experiment,pioreactor02,2026-09-25T07:31:50.096Z,0.150688830816,45,3,2026-09-25 13:16:50.096,37.749444444444
Demo experiment,pioreactor02,2026-09-25T07:31:50.096Z,0.032517444245,135,4,2026-09-25 13:16:50.096,37.749444444444
Demo experiment,pioreactor02,2026-09-25T07:31:55.098Z,0.0,90,2,2026-09-25 13:16:55.098,37.750833333333
Demo experiment,pioreactor02,2026-09-25T07:31:55.098Z,0.150904320074,45,3,2026-09-25 13:16:55.098,37.750833333333
Demo experiment,pioreactor02,2026-09-25T07:31:55.098Z,0.031418838718,135,4,2026-09-25 13:16:55.098,37.750833333333
Demo experiment,pioreactor02,2026-09-25T07:32:00.099Z,0.0,90,2,2026-09-25 13:17:00.099,37.752222222222
Demo experiment,pioreactor02,2026-09-25T07:32:00.099Z,0.150714239283,45,3,2026-09-25 13:17:00.099,37.752222222222
Demo experiment,pioreactor02,2026-09-25T07:32:00.099Z,0.028905417105,135,4,2026-09-25 13:17:00.099,37.752222222222
Demo experiment,pioreactor02,2026-09-25T07:32:05.098Z,0.0,90,2,2026-09-25 13:17:05.098,37.753611111111
Demo experiment,pioreactor02,2026-09-25T07:32:05.098Z,0.150798013383,45,3,2026-09-25 13:17:05.098,37.753611111111
Demo experiment,pioreactor02,2026-09-25T07:32:05.098Z,0.033621652129,135,4,2026-09-25 13:17:05.098,37.753611111111
Demo experiment,pioreactor02,2026-09-25T07:32:10.098Z,0.0,90,2,2026-09-25 13:17:10.098,37.755
Demo experiment,pioreactor02,2026-09-25T07:32:10.098Z,0.150874177392,45,3,2026-09-25 13:17:10.098,37.755
Demo experiment,pioreactor02,2026-09-25T07:32:10.098Z,0.036695408955,135,4,2026-09-25 13:17:10.098,37.755
Demo experiment,pioreactor02,2026-09-25T07:32:15.096Z,0.0,90,2,2026-09-25 13:17:15.096,37.756388888889
Demo experiment,pioreactor02,2026-09-25T07:32:15.096Z,0.150805526725,45,3,2026-09-25 13:17:15.096,37.756388888889
Demo experiment,pioreactor02,2026-09-25T07:32:15.096Z,0.036083334978,135,4,2026-09-25 13:17:15.096,37.756388888889
Demo experiment,pioreactor02,2026-09-25T07:32:20.099Z,0.0,90,2,2026-09-25 13:17:20.099,37.757777777778
Demo experiment,pioreactor02,2026-09-25T07:32:20.099Z,0.150606806859,45,3,2026-09-25 13:17:20.099,37.757777777778
Demo experiment,pioreactor02,2026-09-25T07:32:20.099Z,0.032989756287,135,4,2026-09-25 13:17:20.099,37.757777777778
Demo experiment,pioreactor02,2026-09-25T07:32:25.100Z,0.0,90,2,2026-09-25 13:17:25.100,37.759166666667
Demo experiment,pioreactor02,2026-09-25T07:32:25.100Z,0.150529144029,45,3,2026-09-25 13:17:25.100,37.759166666667
Demo experiment,pioreactor02,2026-09-25T07:32:25.100Z,0.031890389352,135,4,2026-09-25 13:17:25.100,37.759166666667
Demo experiment,pioreactor02,2026-09-25T07:32:30.099Z,0.0,90,2,2026-09-25 13:17:30.099,37.760555555556
Demo experiment,pioreactor02,2026-09-25T07:32:30.099Z,0.150634805745,45,3,2026-09-25 13:17:30.099,37.760555555556
Demo experiment,pioreactor02,2026-09-25T07:32:30.099Z,0.031835757914,135,4,2026-09-25 13:17:30.099,37.760555555556
Demo experiment,pioreactor02,2026-09-25T07:32:35.100Z,0.0,90,2,2026-09-25 13:17:35.100,37.761944444444
Demo experiment,pioreactor02,2026-09-25T07:32:35.100Z,0.150341341526,45,3,2026-09-25 13:17:35.100,37.761944444444
Demo experiment,pioreactor02,2026-09-25T07:32:35.100Z,0.033865690976,135,4,2026-09-25 13:17:35.100,37.761944444444
Demo experiment,pioreactor02,2026-09-25T07:32:40.098Z,0.0,90,2,2026-09-25 13:17:40.098,37.763333333333
Demo experiment,pioreactor02,2026-09-25T07:32:40.098Z,0.150776579366,45,3,2026-09-25 13:17:40.098,37.763333333333
Demo experiment,pioreactor02,2026-09-25T07:32:40.098Z,0.035037370171,135,4,2026-09-25 13:17:40.098,37.763333333333
Demo experiment,pioreactor02,2026-09-25T07:32:45.097Z,0.0,90,2,2026-09-25 13:17:45.097,37.764722222222
Demo experiment,pioreactor02,2026-09-25T07:32:45.097Z,0.150793295418,45,3,2026-09-25 13:17:45.097,37.764722222222
Demo experiment,pioreactor02,2026-09-25T07:32:45.097Z,0.033181192796,135,4,2026-09-25 13:17:45.097,37.764722222222
Demo experiment,pioreactor02,2026-09-25T07:32:50.097Z,0.0,90,2,2026-09-25 13:17:50.097,37.766111111111
Demo experiment,pioreactor02,2026-09-25T07:32:50.097Z,0.150867760131,45,3,2026-09-25 13:17:50.097,37.766111111111
Demo experiment,pioreactor02,2026-09-25T07:32:50.097Z,0.034757291191,135,4,2026-09-25 13:17:50.097,37.766111111111
Demo experiment,pioreactor02,2026-09-25T07:32:55.097Z,0.0,90,2,2026-09-25 13:17:55.097,37.7675
Demo experiment,pioreactor02,2026-09-25T07:32:55.097Z,0.150797799209,45,3,2026-09-25 13:17:55.097,37.7675
Demo experiment,pioreactor02,2026-09-25T07:32:55.097Z,0.034422802494,135,4,2026-09-25 13:17:55.097,37.7675
Demo experiment,pioreactor02,2026-09-25T07:33:00.099Z,0.0,90,2,2026-09-25 13:18:00.099,37.768888888889
Demo experiment,pioreactor02,2026-09-25T07:33:00.099Z,0.150945318945,45,3,2026-09-25 13:18:00.099,37.768888888889
Demo experiment,pioreactor02,2026-09-25T07:33:00.099Z,0.034596947411,135,4,2026-09-25 13:18:00.099,37.768888888889
Demo experiment,pioreactor02,2026-09-25T07:33:05.108Z,0.0,90,2,2026-09-25 13:18:05.108,37.770277777778
Demo experiment,pioreactor02,2026-09-25T07:33:05.108Z,0.150793132057,45,3,2026-09-25 13:18:05.108,37.770277777778
Demo experiment,pioreactor02,2026-09-25T07:33:05.108Z,0.033690024426,135,4,2026-09-25 13:18:05.108,37.770277777778
Demo experiment,pioreactor02,2026-09-25T07:33:10.097Z,0.0,90,2,2026-09-25 13:18:10.097,37.771666666667
Demo experiment,pioreactor02,2026-09-25T07:33:10.097Z,0.15061280322,45,3,2026-09-25 13:18:10.097,37.771666666667
Demo experiment,pioreactor02,2026-09-25T07:33:10.097Z,0.038046072555,135,4,2026-09-25 13:18:10.097,37.771666666667
Demo experiment,pioreactor02,2026-09-25T07:33:15.097Z,0.0,90,2,2026-09-25 13:18:15.097,37.773055555556
Demo experiment,pioreactor02,2026-09-25T07:33:15.097Z,0.15033180658,45,3,2026-09-25 13:18:15.097,37.773055555556
Demo experiment,pioreactor02,2026-09-25T07:33:15.097Z,0.039422631752,135,4,2026-09-25 13:18:15.097,37.773055555556
Demo experiment,pioreactor02,2026-09-25T07:33:20.098Z,0.0,90,2,2026-09-25 13:18:20.098,37.774444444444
Demo experiment,pioreactor02,2026-09-25T07:33:20.098Z,0.150473616585,45,3,2026-09-25 13:18:20.098,37.774444444444
Demo experiment,pioreactor02,2026-09-25T07:33:20.098Z,0.041732776645,135,4,2026-09-25 13:18:20.098,37.774444444444
Demo experiment,pioreactor02,2026-09-25T07:33:25.096Z,0.0,90,2,2026-09-25 13:18:25.096,37.775833333333
Demo experiment,pioreactor02,2026-09-25T07:33:25.096Z,0.150327464693,45,3,2026-09-25 13:18:25.096,37.775833333333
Demo experiment,pioreactor02,2026-09-25T07:33:25.096Z,0.039076880511,135,4,2026-09-25 13:18:25.096,37.775833333333
Demo experiment,pioreactor02,2026-09-25T07:33:30.097Z,0.0,90,2,2026-09-25 13:18:30.097,37.777222222222
Demo experiment,pioreactor02,2026-09-25T07:33:30.097Z,0.150549655107,45,3,2026-09-25 13:18:30.097,37.777222222222
Demo experiment,pioreactor02,2026-09-25T07:33:30.097Z,0.039711100677,135,4,2026-09-25 13:18:30.097,37.777222222222
Demo experiment,pioreactor02,2026-09-25T07:33:35.098Z,0.0,90,2,2026-09-25 13:18:35.098,37.778611111111
Demo experiment,pioreactor02,2026-09-25T07:33:35.098Z,0.150629222189,45,3,2026-09-25 13:18:35.098,37.778611111111
Demo experiment,pioreactor02,2026-09-25T07:33:35.098Z,0.042122425329,135,4,2026-09-25 13:18:35.098,37.778611111111
Demo experiment,pioreactor02,2026-09-25T07:33:40.099Z,0.0,90,2,2026-09-25 13:18:40.099,37.78
Demo experiment,pioreactor02,2026-09-25T07:33:40.099Z,0.151169267677,45,3,2026-09-25 13:18:40.099,37.78
Demo experiment,pioreactor02,2026-09-25T07:33:40.099Z,0.047364872504,135,4,2026-09-25 13:18:40.099,37.78
Demo experiment,pioreactor02,2026-09-25T07:33:45.098Z,0.0,90,2,2026-09-25 13:18:45.098,37.781388888889
Demo experiment,pioreactor02,2026-09-25T07:33:45.098Z,0.151108408187,45,3,2026-09-25 13:18:45.098,37.781388888889
Demo experiment,pioreactor02,2026-09-25T07:33:45.098Z,0.053402673274,135,4,2026-09-25 13:18:45.098,37.781388888889
Demo experiment,pioreactor02,2026-09-25T07:33:50.100Z,0.0,90,2,2026-09-25 13:18:50.100,37.782777777778
Demo experiment,pioreactor02,2026-09-25T07:33:50.100Z,0.151189179994,45,3,2026-09-25 13:18:50.100,37.782777777778
Demo experiment,pioreactor02,2026-09-25T07:33:50.100Z,0.044732518627,135,4,2026-09-25 13:18:50.100,37.782777777778
Demo experiment,pioreactor02,2026-09-25T07:33:55.097Z,0.0,90,2,2026-09-25 13:18:55.097,37.784166666667
Demo experiment,pioreactor02,2026-09-25T07:33:55.097Z,0.151053154131,45,3,2026-09-25 13:18:55.097,37.784166666667
Demo experiment,pioreactor02,2026-09-25T07:33:55.097Z,0.045660679258,135,4,2026-09-25 13:18:55.097,37.784166666667
Demo experiment,pioreactor02,2026-09-25T07:34:00.099Z,0.0,90,2,2026-09-25 13:19:00.099,37.785555555556
Demo experiment,pioreactor02,2026-09-25T07:34:00.099Z,0.150514115222,45,3,2026-09-25 13:19:00.099,37.785555555556
Demo experiment,pioreactor02,2026-09-25T07:34:00.099Z,0.041712074492,135,4,2026-09-25 13:19:00.099,37.785555555556
Demo experiment,pioreactor02,2026-09-25T07:34:05.106Z,0.0,90,2,2026-09-25 13:19:05.106,37.786944444444
Demo experiment,pioreactor02,2026-09-25T07:34:05.106Z,0.150707666035,45,3,2026-09-25 13:19:05.106,37.786944444444
Demo experiment,pioreactor02,2026-09-25T07:34:05.106Z,0.043078132091,135,4,2026-09-25 13:19:05.106,37.786944444444
Demo experiment,pioreactor02,2026-09-25T07:34:10.098Z,0.0,90,2,2026-09-25 13:19:10.098,37.788333333333
Demo experiment,pioreactor02,2026-09-25T07:34:10.098Z,0.150732190868,45,3,2026-09-25 13:19:10.098,37.788333333333
Demo experiment,pioreactor02,2026-09-25T07:34:10.098Z,0.045622541803,135,4,2026-09-25 13:19:10.098,37.788333333333
Demo experiment,pioreactor02,2026-09-25T07:34:15.100Z,0.0,90,2,2026-09-25 13:19:15.100,37.789722222222
Demo experiment,pioreactor02,2026-09-25T07:34:15.100Z,0.151134468787,45,3,2026-09-25 13:19:15.100,37.789722222222
Demo experiment,pioreactor02,2026-09-25T07:34:15.100Z,0.052043656673,135,4,2026-09-25 13:19:15.100,37.789722222222
Demo experiment,pioreactor02,2026-09-25T07:34:20.098Z,0.0,90,2,2026-09-25 13:19:20.098,37.791111111111
Demo experiment,pioreactor02,2026-09-25T07:34:20.098Z,0.150979538974,45,3,2026-09-25 13:19:20.098,37.791111111111
Demo experiment,pioreactor02,2026-09-25T07:34:20.098Z,0.046718587852,135,4,2026-09-25 13:19:20.098,37.791111111111
Demo experiment,pioreactor02,2026-09-25T07:34:25.098Z,0.0,90,2,2026-09-25 13:19:25.098,37.7925
Demo experiment,pioreactor02,2026-09-25T07:34:25.098Z,0.150887408969,45,3,2026-09-25 13:19:25.098,37.7925
Demo experiment,pioreactor02,2026-09-25T07:34:25.098Z,0.046740225224,135,4,2026-09-25 13:19:25.098,37.7925
Demo experiment,pioreactor02,2026-09-25T07:34:30.098Z,0.0,90,2,2026-09-25 13:19:30.098,37.793888888889
Demo experiment,pioreactor02,2026-09-25T07:34:30.098Z,0.150997050519,45,3,2026-09-25 13:19:30.098,37.793888888889
Demo experiment,pioreactor02,2026-09-25T07:34:30.098Z,0.044134190698,135,4,2026-09-25 13:19:30.098,37.793888888889
Demo experiment,pioreactor02,2026-09-25T07:34:35.097Z,0.0,90,2,2026-09-25 13:19:35.097,37.795277777778
Demo experiment,pioreactor02,2026-09-25T07:34:35.097Z,0.150856835189,45,3,2026-09-25 13:19:35.097,37.795277777778
Demo experiment,pioreactor02,2026-09-25T07:34:35.097Z,0.042645565039,135,4,2026-09-25 13:19:35.097,37.795277777778
Demo experiment,pioreactor02,2026-09-25T07:34:40.096Z,0.0,90,2,2026-09-25 13:19:40.096,37.796666666667
Demo experiment,pioreactor02,2026-09-25T07:34:40.096Z,0.150917178751,45,3,2026-09-25 13:19:40.096,37.796666666667
Demo experiment,pioreactor02,2026-09-25T07:34:40.096Z,0.043929608405,135,4,2026-09-25 13:19:40.096,37.796666666667
Demo experiment,pioreactor02,2026-09-25T07:34:45.097Z,0.0,90,2,2026-09-25 13:19:45.097,37.798055555556
Demo experiment,pioreactor02,2026-09-25T07:34:45.097Z,0.151356961924,45,3,2026-09-25 13:19:45.097,37.798055555556
Demo experiment,pioreactor02,2026-09-25T07:34:45.097Z,0.045611437086,135,4,2026-09-25 13:19:45.097,37.798055555556
Demo experiment,pioreactor02,2026-09-25T07:34:50.099Z,0.0,90,2,2026-09-25 13:19:50.099,37.799444444444
Demo experiment,pioreactor02,2026-09-25T07:34:50.099Z,0.151219580814,45,3,2026-09-25 13:19:50.099,37.799444444444
Demo experiment,pioreactor02,2026-09-25T07:34:50.099Z,0.046845790273,135,4,2026-09-25 13:19:50.099,37.799444444444
Demo experiment,pioreactor02,2026-09-25T07:34:55.099Z,0.0,90,2,2026-09-25 13:19:55.099,37.800833333333
Demo experiment,pioreactor02,2026-09-25T07:34:55.099Z,0.151030807835,45,3,2026-09-25 13:19:55.099,37.800833333333
Demo experiment,pioreactor02,2026-09-25T07:34:55.099Z,0.044394273698,135,4,2026-09-25 13:19:55.099,37.800833333333
Demo experiment,pioreactor02,2026-09-25T07:35:00.106Z,0.0,90,2,2026-09-25 13:20:00.106,37.802222222222
Demo experiment,pioreactor02,2026-09-25T07:35:00.106Z,0.151075591106,45,3,2026-09-25 13:20:00.106,37.802222222222
Demo experiment,pioreactor02,2026-09-25T07:35:00.106Z,0.053405801393,135,4,2026-09-25 13:20:00.106,37.802222222222
Demo experiment,pioreactor02,2026-09-25T07:35:05.098Z,0.0,90,2,2026-09-25 13:20:05.098,37.803611111111
Demo experiment,pioreactor02,2026-09-25T07:35:05.098Z,0.150582646493,45,3,2026-09-25 13:20:05.098,37.803611111111
Demo experiment,pioreactor02,2026-09-25T07:35:05.098Z,0.046790200881,135,4,2026-09-25 13:20:05.098,37.803611111111
Demo experiment,pioreactor02,2026-09-25T07:35:10.098Z,0.0,90,2,2026-09-25 13:20:10.098,37.805
Demo experiment,pioreactor02,2026-09-25T07:35:10.098Z,0.15071121029,45,3,2026-09-25 13:20:10.098,37.805
Demo experiment,pioreactor02,2026-09-25T07:35:10.098Z,0.04767920237,135,4,2026-09-25 13:20:10.098,37.805
Demo experiment,pioreactor02,2026-09-25T07:35:15.098Z,0.0,90,2,2026-09-25 13:20:15.098,37.806388888889
Demo experiment,pioreactor02,2026-09-25T07:35:15.098Z,0.150887163324,45,3,2026-09-25 13:20:15.098,37.806388888889
Demo experiment,pioreactor02,2026-09-25T07:35:15.098Z,0.044988910971,135,4,2026-09-25 13:20:15.098,37.806388888889
Demo experiment,pioreactor02,2026-09-25T07:35:20.096Z,0.0,90,2,2026-09-25 13:20:20.096,37.807777777778
Demo experiment,pioreactor02,2026-09-25T07:35:20.096Z,0.150875672687,45,3,2026-09-25 13:20:20.096,37.807777777778
Demo experiment,pioreactor02,2026-09-25T07:35:20.096Z,0.048326174585,135,4,2026-09-25 13:20:20.096,37.807777777778
Demo experiment,pioreactor02,2026-09-25T07:35:25.097Z,0.0,90,2,2026-09-25 13:20:25.097,37.809166666667
Demo experiment,pioreactor02,2026-09-25T07:35:25.097Z,0.150780444362,45,3,2026-09-25 13:20:25.097,37.809166666667
Demo experiment,pioreactor02,2026-09-25T07:35:25.097Z,0.050723543424,135,4,2026-09-25 13:20:25.097,37.809166666667
Demo experiment,pioreactor02,2026-09-25T07:35:30.098Z,0.0,90,2,2026-09-25 13:20:30.098,37.810555555556
Demo experiment,pioreactor02,2026-09-25T07:35:30.098Z,0.150911086677,45,3,2026-09-25 13:20:30.098,37.810555555556
Demo experiment,pioreactor02,2026-09-25T07:35:30.098Z,0.044899205621,135,4,2026-09-25 13:20:30.098,37.810555555556
Demo experiment,pioreactor02,2026-09-25T07:35:35.099Z,0.0,90,2,2026-09-25 13:20:35.099,37.811944444444
Demo experiment,pioreactor02,2026-09-25T07:35:35.099Z,0.151045524179,45,3,2026-09-25 13:20:35.099,37.811944444444
Demo experiment,pioreactor02,2026-09-25T07:35:35.099Z,0.047702522599,135,4,2026-09-25 13:20:35.099,37.811944444444
Demo experiment,pioreactor02,2026-09-25T07:35:40.096Z,0.0,90,2,2026-09-25 13:20:40.096,37.813333333333
Demo experiment,pioreactor02,2026-09-25T07:35:40.096Z,0.150791569955,45,3,2026-09-25 13:20:40.096,37.813333333333
Demo experiment,pioreactor02,2026-09-25T07:35:40.096Z,0.042800943334,135,4,2026-09-25 13:20:40.096,37.813333333333
Demo experiment,pioreactor02,2026-09-25T07:35:45.101Z,0.0,90,2,2026-09-25 13:20:45.101,37.814722222222
Demo experiment,pioreactor02,2026-09-25T07:35:45.101Z,0.150611816462,45,3,2026-09-25 13:20:45.101,37.814722222222
Demo experiment,pioreactor02,2026-09-25T07:35:45.101Z,0.039946079468,135,4,2026-09-25 13:20:45.101,37.814722222222
Demo experiment,pioreactor02,2026-09-25T07:35:50.101Z,0.0,90,2,2026-09-25 13:20:50.101,37.816111111111
Demo experiment,pioreactor02,2026-09-25T07:35:50.101Z,0.150576111826,45,3,2026-09-25 13:20:50.101,37.816111111111
Demo experiment,pioreactor02,2026-09-25T07:35:50.101Z,0.043087463913,135,4,2026-09-25 13:20:50.101,37.816111111111
Demo experiment,pioreactor02,2026-09-25T07:35:55.103Z,0.0,90,2,2026-09-25 13:20:55.103,37.8175
Demo experiment,pioreactor02,2026-09-25T07:35:55.103Z,0.150895674108,45,3,2026-09-25 13:20:55.103,37.8175
Demo experiment,pioreactor02,2026-09-25T07:35:55.103Z,0.040186770667,135,4,2026-09-25 13:20:55.103,37.8175
Demo experiment,pioreactor02,2026-09-25T07:36:00.104Z,0.0,90,2,2026-09-25 13:21:00.104,37.818888888889
Demo experiment,pioreactor02,2026-09-25T07:36:00.104Z,0.150783675261,45,3,2026-09-25 13:21:00.104,37.818888888889
Demo experiment,pioreactor02,2026-09-25T07:36:00.104Z,0.035099059508,135,4,2026-09-25 13:21:00.104,37.818888888889
Demo experiment,pioreactor02,2026-09-25T07:36:05.105Z,0.0,90,2,2026-09-25 13:21:05.105,37.820277777778
Demo experiment,pioreactor02,2026-09-25T07:36:05.105Z,0.150705086401,45,3,2026-09-25 13:21:05.105,37.820277777778
Demo experiment,pioreactor02,2026-09-25T07:36:05.105Z,0.035452735558,135,4,2026-09-25 13:21:05.105,37.820277777778
Demo experiment,pioreactor02,2026-09-25T07:36:10.100Z,0.0,90,2,2026-09-25 13:21:10.100,37.821666666667
Demo experiment,pioreactor02,2026-09-25T07:36:10.100Z,0.150973771996,45,3,2026-09-25 13:21:10.100,37.821666666667
Demo experiment,pioreactor02,2026-09-25T07:36:10.100Z,0.032877911711,135,4,2026-09-25 13:21:10.100,37.821666666667
Demo experiment,pioreactor02,2026-09-25T07:36:15.100Z,0.0,90,2,2026-09-25 13:21:15.100,37.823055555556
Demo experiment,pioreactor02,2026-09-25T07:36:15.100Z,0.151100972019,45,3,2026-09-25 13:21:15.100,37.823055555556
Demo experiment,pioreactor02,2026-09-25T07:36:15.100Z,0.035129146244,135,4,2026-09-25 13:21:15.100,37.823055555556
Demo experiment,pioreactor02,2026-09-25T07:36:20.110Z,0.0,90,2,2026-09-25 13:21:20.110,37.824444444444
Demo experiment,pioreactor02,2026-09-25T07:36:20.110Z,0.150970030612,45,3,2026-09-25 13:21:20.110,37.824444444444
Demo experiment,pioreactor02,2026-09-25T07:36:20.110Z,0.034804569932,135,4,2026-09-25 13:21:20.110,37.824444444444
Demo experiment,pioreactor02,2026-09-25T07:36:25.103Z,0.0,90,2,2026-09-25 13:21:25.103,37.825833333333
Demo experiment,pioreactor02,2026-09-25T07:36:25.103Z,0.151051351942,45,3,2026-09-25 13:21:25.103,37.825833333333
Demo experiment,pioreactor02,2026-09-25T07:36:25.103Z,0.036264507644,135,4,2026-09-25 13:21:25.103,37.825833333333
Demo experiment,pioreactor02,2026-09-25T07:36:30.102Z,0.0,90,2,2026-09-25 13:21:30.102,37.827222222222
Demo experiment,pioreactor02,2026-09-25T07:36:30.102Z,0.151035009323,45,3,2026-09-25 13:21:30.102,37.827222222222
Demo experiment,pioreactor02,2026-09-25T07:36:30.102Z,0.03111157718,135,4,2026-09-25 13:21:30.102,37.827222222222
Demo experiment,pioreactor02,2026-09-25T07:36:35.102Z,0.0,90,2,2026-09-25 13:21:35.102,37.828611111111
Demo experiment,pioreactor02,2026-09-25T07:36:35.102Z,0.151185526112,45,3,2026-09-25 13:21:35.102,37.828611111111
Demo experiment,pioreactor02,2026-09-25T07:36:35.102Z,0.030421486647,135,4,2026-09-25 13:21:35.102,37.828611111111
Demo experiment,pioreactor02,2026-09-25T07:36:40.099Z,0.0,90,2,2026-09-25 13:21:40.099,37.83
Demo experiment,pioreactor02,2026-09-25T07:36:40.099Z,0.151145119733,45,3,2026-09-25 13:21:40.099,37.83
Demo experiment,pioreactor02,2026-09-25T07:36:40.099Z,0.029593109243,135,4,2026-09-25 13:21:40.099,37.83
Demo experiment,pioreactor02,2026-09-25T07:36:45.098Z,0.0,90,2,2026-09-25 13:21:45.098,37.831388888889
Demo experiment,pioreactor02,2026-09-25T07:36:45.098Z,0.151088832095,45,3,2026-09-25 13:21:45.098,37.831388888889
Demo experiment,pioreactor02,2026-09-25T07:36:45.098Z,0.028781819711,135,4,2026-09-25 13:21:45.098,37.831388888889
Demo experiment,pioreactor02,2026-09-25T07:36:50.100Z,0.0,90,2,2026-09-25 13:21:50.100,37.832777777778
Demo experiment,pioreactor02,2026-09-25T07:36:50.100Z,0.15087265827,45,3,2026-09-25 13:21:50.100,37.832777777778
Demo experiment,pioreactor02,2026-09-25T07:36:50.100Z,0.026541532448,135,4,2026-09-25 13:21:50.100,37.832777777778
Demo experiment,pioreactor02,2026-09-25T07:36:55.101Z,0.0,90,2,2026-09-25 13:21:55.101,37.834166666667
Demo experiment,pioreactor02,2026-09-25T07:36:55.101Z,0.151118258908,45,3,2026-09-25 13:21:55.101,37.834166666667
Demo experiment,pioreactor02,2026-09-25T07:36:55.101Z,0.02932757057,135,4,2026-09-25 13:21:55.101,37.834166666667
Demo experiment,pioreactor02,2026-09-25T07:37:00.101Z,0.0,90,2,2026-09-25 13:22:00.101,37.835555555556
Demo experiment,pioreactor02,2026-09-25T07:37:00.101Z,0.15119368826,45,3,2026-09-25 13:22:00.101,37.835555555556
Demo experiment,pioreactor02,2026-09-25T07:37:00.101Z,0.028892846176,135,4,2026-09-25 13:22:00.101,37.835555555556
Demo experiment,pioreactor02,2026-09-25T07:37:05.101Z,0.0,90,2,2026-09-25 13:22:05.101,37.836944444444
Demo experiment,pioreactor02,2026-09-25T07:37:05.101Z,0.151137044236,45,3,2026-09-25 13:22:05.101,37.836944444444
Demo experiment,pioreactor02,2026-09-25T07:37:05.101Z,0.02689817953,135,4,2026-09-25 13:22:05.101,37.836944444444
Demo experiment,pioreactor02,2026-09-25T07:37:10.100Z,0.0,90,2,2026-09-25 13:22:10.100,37.838333333333
Demo experiment,pioreactor02,2026-09-25T07:37:10.100Z,0.151167781768,45,3,2026-09-25 13:22:10.100,37.838333333333
Demo experiment,pioreactor02,2026-09-25T07:37:10.100Z,0.025744875042,135,4,2026-09-25 13:22:10.100,37.838333333333
Demo experiment,pioreactor02,2026-09-25T07:37:15.105Z,0.0,90,2,2026-09-25 13:22:15.105,37.839722222222
Demo experiment,pioreactor02,2026-09-25T07:37:15.105Z,0.151172997458,45,3,2026-09-25 13:22:15.105,37.839722222222
Demo experiment,pioreactor02,2026-09-25T07:37:15.105Z,0.026347309203,135,4,2026-09-25 13:22:15.105,37.839722222222
Demo experiment,pioreactor02,2026-09-25T07:37:20.103Z,0.0,90,2,2026-09-25 13:22:20.103,37.841111111111
Demo experiment,pioreactor02,2026-09-25T07:37:20.103Z,0.151070046436,45,3,2026-09-25 13:22:20.103,37.841111111111
Demo experiment,pioreactor02,2026-09-25T07:37:20.103Z,0.024744624081,135,4,2026-09-25 13:22:20.103,37.841111111111
Demo experiment,pioreactor02,2026-09-25T07:37:25.103Z,0.0,90,2,2026-09-25 13:22:25.103,37.8425
Demo experiment,pioreactor02,2026-09-25T07:37:25.103Z,0.151076188762,45,3,2026-09-25 13:22:25.103,37.8425
Demo experiment,pioreactor02,2026-09-25T07:37:25.103Z,0.025433045111,135,4,2026-09-25 13:22:25.103,37.8425
Demo experiment,pioreactor02,2026-09-25T07:37:30.102Z,0.0,90,2,2026-09-25 13:22:30.102,37.843888888889
Demo experiment,pioreactor02,2026-09-25T07:37:30.102Z,0.151190194972,45,3,2026-09-25 13:22:30.102,37.843888888889
Demo experiment,pioreactor02,2026-09-25T07:37:30.102Z,0.02514374868,135,4,2026-09-25 13:22:30.102,37.843888888889
Demo experiment,pioreactor02,2026-09-25T07:37:35.104Z,0.0,90,2,2026-09-25 13:22:35.104,37.845277777778
Demo experiment,pioreactor02,2026-09-25T07:37:35.104Z,0.1510488239,45,3,2026-09-25 13:22:35.104,37.845277777778
Demo experiment,pioreactor02,2026-09-25T07:37:35.104Z,0.024794635684,135,4,2026-09-25 13:22:35.104,37.845277777778
Demo experiment,pioreactor02,2026-09-25T07:37:40.098Z,0.0,90,2,2026-09-25 13:22:40.098,37.846666666667
Demo experiment,pioreactor02,2026-09-25T07:37:40.098Z,0.151164660908,45,3,2026-09-25 13:22:40.098,37.846666666667
Demo experiment,pioreactor02,2026-09-25T07:37:40.098Z,0.025447837329,135,4,2026-09-25 13:22:40.098,37.846666666667
Demo experiment,pioreactor02,2026-09-25T07:37:45.097Z,0.0,90,2,2026-09-25 13:22:45.097,37.848055555556
Demo experiment,pioreactor02,2026-09-25T07:37:45.097Z,0.151453881317,45,3,2026-09-25 13:22:45.097,37.848055555556
Demo experiment,pioreactor02,2026-09-25T07:37:45.097Z,0.027938005306,135,4,2026-09-25 13:22:45.097,37.848055555556
Demo experiment,pioreactor02,2026-09-25T07:37:50.098Z,0.0,90,2,2026-09-25 13:22:50.098,37.849444444444
Demo experiment,pioreactor02,2026-09-25T07:37:50.098Z,0.151297882513,45,3,2026-09-25 13:22:50.098,37.849444444444
Demo experiment,pioreactor02,2026-09-25T07:37:50.098Z,0.028403205673,135,4,2026-09-25 13:22:50.098,37.849444444444
Demo experiment,pioreactor02,2026-09-25T07:37:55.100Z,0.0,90,2,2026-09-25 13:22:55.100,37.850833333333
Demo experiment,pioreactor02,2026-09-25T07:37:55.100Z,0.15109425877,45,3,2026-09-25 13:22:55.100,37.850833333333
Demo experiment,pioreactor02,2026-09-25T07:37:55.100Z,0.0291777105,135,4,2026-09-25 13:22:55.100,37.850833333333
Demo experiment,pioreactor02,2026-09-25T07:38:00.097Z,0.0,90,2,2026-09-25 13:23:00.097,37.852222222222
Demo experiment,pioreactor02,2026-09-25T07:38:00.097Z,0.151271627509,45,3,2026-09-25 13:23:00.097,37.852222222222
Demo experiment,pioreactor02,2026-09-25T07:38:00.097Z,0.02682513939,135,4,2026-09-25 13:23:00.097,37.852222222222
Demo experiment,pioreactor02,2026-09-25T07:38:05.098Z,0.0,90,2,2026-09-25 13:23:05.098,37.853611111111
Demo experiment,pioreactor02,2026-09-25T07:38:05.098Z,0.151409575099,45,3,2026-09-25 13:23:05.098,37.853611111111
Demo experiment,pioreactor02,2026-09-25T07:38:05.098Z,0.028374165083,135,4,2026-09-25 13:23:05.098,37.853611111111
Demo experiment,pioreactor02,2026-09-25T07:38:10.098Z,0.0,90,2,2026-09-25 13:23:10.098,37.855
Demo experiment,pioreactor02,2026-09-25T07:38:10.098Z,0.1511401271,45,3,2026-09-25 13:23:10.098,37.855
Demo experiment,pioreactor02,2026-09-25T07:38:10.098Z,0.026885356412,135,4,2026-09-25 13:23:10.098,37.855
Demo experiment,pioreactor02,2026-09-25T07:38:15.099Z,0.0,90,2,2026-09-25 13:23:15.099,37.856388888889
Demo experiment,pioreactor02,2026-09-25T07:38:15.099Z,0.150985457338,45,3,2026-09-25 13:23:15.099,37.856388888889
Demo experiment,pioreactor02,2026-09-25T07:38:15.099Z,0.026203371798,135,4,2026-09-25 13:23:15.099,37.856388888889
Demo experiment,pioreactor02,2026-09-25T07:38:20.099Z,0.0,90,2,2026-09-25 13:23:20.099,37.857777777778
Demo experiment,pioreactor02,2026-09-25T07:38:20.099Z,0.151052723192,45,3,2026-09-25 13:23:20.099,37.857777777778
Demo experiment,pioreactor02,2026-09-25T07:38:20.099Z,0.025523562309,135,4,2026-09-25 13:23:20.099,37.857777777778
Demo experiment,pioreactor02,2026-09-25T07:38:25.098Z,0.0,90,2,2026-09-25 13:23:25.098,37.859166666667
Demo experiment,pioreactor02,2026-09-25T07:38:25.098Z,0.151167137812,45,3,2026-09-25 13:23:25.098,37.859166666667
Demo experiment,pioreactor02,2026-09-25T07:38:25.098Z,0.025309783575,135,4,2026-09-25 13:23:25.098,37.859166666667
Demo experiment,pioreactor02,2026-09-25T07:38:30.097Z,0.0,90,2,2026-09-25 13:23:30.097,37.860555555556
Demo experiment,pioreactor02,2026-09-25T07:38:30.097Z,0.151180669489,45,3,2026-09-25 13:23:30.097,37.860555555556
Demo experiment,pioreactor02,2026-09-25T07:38:30.097Z,0.026957398752,135,4,2026-09-25 13:23:30.097,37.860555555556
Demo experiment,pioreactor02,2026-09-25T07:38:35.097Z,0.0,90,2,2026-09-25 13:23:35.097,37.861944444444
Demo experiment,pioreactor02,2026-09-25T07:38:35.097Z,0.151355029558,45,3,2026-09-25 13:23:35.097,37.861944444444
Demo experiment,pioreactor02,2026-09-25T07:38:35.097Z,0.025594445162,135,4,2026-09-25 13:23:35.097,37.861944444444
Demo experiment,pioreactor02,2026-09-25T07:38:40.097Z,0.0,90,2,2026-09-25 13:23:40.097,37.863333333333
Demo experiment,pioreactor02,2026-09-25T07:38:40.097Z,0.151431671031,45,3,2026-09-25 13:23:40.097,37.863333333333
Demo experiment,pioreactor02,2026-09-25T07:38:40.097Z,0.025116931094,135,4,2026-09-25 13:23:40.097,37.863333333333
Demo experiment,pioreactor02,2026-09-25T07:38:45.098Z,0.0,90,2,2026-09-25 13:23:45.098,37.864722222222
Demo experiment,pioreactor02,2026-09-25T07:38:45.098Z,0.151361272171,45,3,2026-09-25 13:23:45.098,37.864722222222
Demo experiment,pioreactor02,2026-09-25T07:38:45.098Z,0.024784743256,135,4,2026-09-25 13:23:45.098,37.864722222222
Demo experiment,pioreactor02,2026-09-25T07:38:50.100Z,0.0,90,2,2026-09-25 13:23:50.100,37.866111111111
Demo experiment,pioreactor02,2026-09-25T07:38:50.100Z,0.151395724768,45,3,2026-09-25 13:23:50.100,37.866111111111
Demo experiment,pioreactor02,2026-09-25T07:38:50.100Z,0.025504961752,135,4,2026-09-25 13:23:50.100,37.866111111111
Demo experiment,pioreactor02,2026-09-25T07:38:55.097Z,0.0,90,2,2026-09-25 13:23:55.097,37.8675
Demo experiment,pioreactor02,2026-09-25T07:38:55.097Z,0.151453372562,45,3,2026-09-25 13:23:55.097,37.8675
Demo experiment,pioreactor02,2026-09-25T07:38:55.097Z,0.025896605292,135,4,2026-09-25 13:23:55.097,37.8675
Demo experiment,pioreactor02,2026-09-25T07:39:00.101Z,0.0,90,2,2026-09-25 13:24:00.101,37.868888888889
Demo experiment,pioreactor02,2026-09-25T07:39:00.101Z,0.151149722972,45,3,2026-09-25 13:24:00.101,37.868888888889
Demo experiment,pioreactor02,2026-09-25T07:39:00.101Z,0.02568339156,135,4,2026-09-25 13:24:00.101,37.868888888889
Demo experiment,pioreactor02,2026-09-25T07:39:05.097Z,0.0,90,2,2026-09-25 13:24:05.097,37.870277777778
Demo experiment,pioreactor02,2026-09-25T07:39:05.097Z,0.151005396296,45,3,2026-09-25 13:24:05.097,37.870277777778
Demo experiment,pioreactor02,2026-09-25T07:39:05.097Z,0.02512458319,135,4,2026-09-25 13:24:05.097,37.870277777778
Demo experiment,pioreactor02,2026-09-25T07:39:10.098Z,0.0,90,2,2026-09-25 13:24:10.098,37.871666666667
Demo experiment,pioreactor02,2026-09-25T07:39:10.098Z,0.151153898799,45,3,2026-09-25 13:24:10.098,37.871666666667
Demo experiment,pioreactor02,2026-09-25T07:39:10.098Z,0.024924661595,135,4,2026-09-25 13:24:10.098,37.871666666667
Demo experiment,pioreactor02,2026-09-25T07:39:15.097Z,0.0,90,2,2026-09-25 13:24:15.097,37.873055555556
Demo experiment,pioreactor02,2026-09-25T07:39:15.097Z,0.151175903774,45,3,2026-09-25 13:24:15.097,37.873055555556
Demo experiment,pioreactor02,2026-09-25T07:39:15.097Z,0.024406847929,135,4,2026-09-25 13:24:15.097,37.873055555556
Demo experiment,pioreactor02,2026-09-25T07:39:20.098Z,0.0,90,2,2026-09-25 13:24:20.098,37.874444444444
Demo experiment,pioreactor02,2026-09-25T07:39:20.098Z,0.151267462593,45,3,2026-09-25 13:24:20.098,37.874444444444
Demo experiment,pioreactor02,2026-09-25T07:39:20.098Z,0.023701801757,135,4,2026-09-25 13:24:20.098,37.874444444444
Demo experiment,pioreactor02,2026-09-25T07:39:25.100Z,0.0,90,2,2026-09-25 13:24:25.100,37.875833333333
Demo experiment,pioreactor02,2026-09-25T07:39:25.100Z,0.151487203223,45,3,2026-09-25 13:24:25.100,37.875833333333
Demo experiment,pioreactor02,2026-09-25T07:39:25.100Z,0.023448714103,135,4,2026-09-25 13:24:25.100,37.875833333333
Demo experiment,pioreactor02,2026-09-25T07:39:30.097Z,0.0,90,2,2026-09-25 13:24:30.097,37.877222222222
Demo experiment,pioreactor02,2026-09-25T07:39:30.097Z,0.151563953127,45,3,2026-09-25 13:24:30.097,37.877222222222
Demo experiment,pioreactor02,2026-09-25T07:39:30.097Z,0.023817976204,135,4,2026-09-25 13:24:30.097,37.877222222222
Demo experiment,pioreactor02,2026-09-25T07:39:35.097Z,0.0,90,2,2026-09-25 13:24:35.097,37.878611111111
Demo experiment,pioreactor02,2026-09-25T07:39:35.097Z,0.151602607615,45,3,2026-09-25 13:24:35.097,37.878611111111
Demo experiment,pioreactor02,2026-09-25T07:39:35.097Z,0.023001540646,135,4,2026-09-25 13:24:35.097,37.878611111111
Demo experiment,pioreactor02,2026-09-25T07:39:40.100Z,0.0,90,2,2026-09-25 13:24:40.100,37.88
Demo experiment,pioreactor02,2026-09-25T07:39:40.100Z,0.151484521262,45,3,2026-09-25 13:24:40.100,37.88
Demo experiment,pioreactor02,2026-09-25T07:39:40.100Z,0.023030024616,135,4,2026-09-25 13:24:40.100,37.88
Demo experiment,pioreactor02,2026-09-25T07:39:45.098Z,0.0,90,2,2026-09-25 13:24:45.098,37.881388888889
Demo experiment,pioreactor02,2026-09-25T07:39:45.098Z,0.151479242165,45,3,2026-09-25 13:24:45.098,37.881388888889
Demo experiment,pioreactor02,2026-09-25T07:39:45.098Z,0.022053192697,135,4,2026-09-25 13:24:45.098,37.881388888889
Demo experiment,pioreactor02,2026-09-25T07:39:50.098Z,0.0,90,2,2026-09-25 13:24:50.098,37.882777777778
Demo experiment,pioreactor02,2026-09-25T07:39:50.098Z,0.1515146887,45,3,2026-09-25 13:24:50.098,37.882777777778
Demo experiment,pioreactor02,2026-09-25T07:39:50.098Z,0.021607046595,135,4,2026-09-25 13:24:50.098,37.882777777778
Demo experiment,pioreactor02,2026-09-25T07:39:55.098Z,0.0,90,2,2026-09-25 13:24:55.098,37.884166666667
Demo experiment,pioreactor02,2026-09-25T07:39:55.098Z,0.151459672976,45,3,2026-09-25 13:24:55.098,37.884166666667
Demo experiment,pioreactor02,2026-09-25T07:39:55.098Z,0.021849347039,135,4,2026-09-25 13:24:55.098,37.884166666667
Demo experiment,pioreactor02,2026-09-25T07:40:00.097Z,0.0,90,2,2026-09-25 13:25:00.097,37.885555555556
Demo experiment,pioreactor02,2026-09-25T07:40:00.097Z,0.151489837968,45,3,2026-09-25 13:25:00.097,37.885555555556
Demo experiment,pioreactor02,2026-09-25T07:40:00.097Z,0.021742813222,135,4,2026-09-25 13:25:00.097,37.885555555556
Demo experiment,pioreactor02,2026-09-25T07:40:05.096Z,0.0,90,2,2026-09-25 13:25:05.096,37.886944444444
Demo experiment,pioreactor02,2026-09-25T07:40:05.096Z,0.151513922657,45,3,2026-09-25 13:25:05.096,37.886944444444
Demo experiment,pioreactor02,2026-09-25T07:40:05.096Z,0.021287300347,135,4,2026-09-25 13:25:05.096,37.886944444444
Demo experiment,pioreactor02,2026-09-25T07:40:10.099Z,0.0,90,2,2026-09-25 13:25:10.099,37.888333333333
Demo experiment,pioreactor02,2026-09-25T07:40:10.099Z,0.151483452657,45,3,2026-09-25 13:25:10.099,37.888333333333
Demo experiment,pioreactor02,2026-09-25T07:40:10.099Z,0.021009738858,135,4,2026-09-25 13:25:10.099,37.888333333333
Demo experiment,pioreactor02,2026-09-25T07:40:15.102Z,0.0,90,2,2026-09-25 13:25:15.102,37.889722222222
Demo experiment,pioreactor02,2026-09-25T07:40:15.102Z,0.151418009763,45,3,2026-09-25 13:25:15.102,37.889722222222
Demo experiment,pioreactor02,2026-09-25T07:40:15.102Z,0.020987325326,135,4,2026-09-25 13:25:15.102,37.889722222222
Demo experiment,pioreactor02,2026-09-25T07:40:20.097Z,0.0,90,2,2026-09-25 13:25:20.097,37.891111111111
Demo experiment,pioreactor02,2026-09-25T07:40:20.097Z,0.151417896274,45,3,2026-09-25 13:25:20.097,37.891111111111
Demo experiment,pioreactor02,2026-09-25T07:40:20.097Z,0.020900499398,135,4,2026-09-25 13:25:20.097,37.891111111111
Demo experiment,pioreactor02,2026-09-25T07:40:25.099Z,0.0,90,2,2026-09-25 13:25:25.099,37.8925
Demo experiment,pioreactor02,2026-09-25T07:40:25.099Z,0.151413266733,45,3,2026-09-25 13:25:25.099,37.8925
Demo experiment,pioreactor02,2026-09-25T07:40:25.099Z,0.021515781374,135,4,2026-09-25 13:25:25.099,37.8925
Demo experiment,pioreactor02,2026-09-25T07:40:30.099Z,0.0,90,2,2026-09-25 13:25:30.099,37.893888888889
Demo experiment,pioreactor02,2026-09-25T07:40:30.099Z,0.151468207709,45,3,2026-09-25 13:25:30.099,37.893888888889
Demo experiment,pioreactor02,2026-09-25T07:40:30.099Z,0.02117736722,135,4,2026-09-25 13:25:30.099,37.893888888889
Demo experiment,pioreactor02,2026-09-25T07:40:35.097Z,0.0,90,2,2026-09-25 13:25:35.097,37.895277777778
Demo experiment,pioreactor02,2026-09-25T07:40:35.097Z,0.151536608752,45,3,2026-09-25 13:25:35.097,37.895277777778
Demo experiment,pioreactor02,2026-09-25T07:40:35.097Z,0.02095097572,135,4,2026-09-25 13:25:35.097,37.895277777778
Demo experiment,pioreactor02,2026-09-25T07:40:40.102Z,0.0,90,2,2026-09-25 13:25:40.102,37.896666666667
Demo experiment,pioreactor02,2026-09-25T07:40:40.102Z,0.151635979275,45,3,2026-09-25 13:25:40.102,37.896666666667
Demo experiment,pioreactor02,2026-09-25T07:40:40.102Z,0.020991706782,135,4,2026-09-25 13:25:40.102,37.896666666667
Demo experiment,pioreactor02,2026-09-25T07:40:45.096Z,0.0,90,2,2026-09-25 13:25:45.096,37.898055555556
Demo experiment,pioreactor02,2026-09-25T07:40:45.096Z,0.151502703728,45,3,2026-09-25 13:25:45.096,37.898055555556
Demo experiment,pioreactor02,2026-09-25T07:40:45.096Z,0.02088680068,135,4,2026-09-25 13:25:45.096,37.898055555556
Demo experiment,pioreactor02,2026-09-25T07:40:50.099Z,0.0,90,2,2026-09-25 13:25:50.099,37.899444444444
Demo experiment,pioreactor02,2026-09-25T07:40:50.099Z,0.151473685205,45,3,2026-09-25 13:25:50.099,37.899444444444
Demo experiment,pioreactor02,2026-09-25T07:40:50.099Z,0.020854885183,135,4,2026-09-25 13:25:50.099,37.899444444444
Demo experiment,pioreactor02,2026-09-25T07:40:55.098Z,0.0,90,2,2026-09-25 13:25:55.098,37.900833333333
Demo experiment,pioreactor02,2026-09-25T07:40:55.098Z,0.151531789253,45,3,2026-09-25 13:25:55.098,37.900833333333
Demo experiment,pioreactor02,2026-09-25T07:40:55.098Z,0.020890839586,135,4,2026-09-25 13:25:55.098,37.900833333333
Demo experiment,pioreactor02,2026-09-25T07:41:00.099Z,0.0,90,2,2026-09-25 13:26:00.099,37.902222222222
Demo experiment,pioreactor02,2026-09-25T07:41:00.099Z,0.151594454885,45,3,2026-09-25 13:26:00.099,37.902222222222
Demo experiment,pioreactor02,2026-09-25T07:41:00.099Z,0.020730297671,135,4,2026-09-25 13:26:00.099,37.902222222222
Demo experiment,pioreactor02,2026-09-25T07:41:05.101Z,0.0,90,2,2026-09-25 13:26:05.101,37.903611111111
Demo experiment,pioreactor02,2026-09-25T07:41:05.101Z,0.151588951526,45,3,2026-09-25 13:26:05.101,37.903611111111
Demo experiment,pioreactor02,2026-09-25T07:41:05.101Z,0.020675417967,135,4,2026-09-25 13:26:05.101,37.903611111111
Demo experiment,pioreactor02,2026-09-25T07:41:10.097Z,0.0,90,2,2026-09-25 13:26:10.097,37.905
Demo experiment,pioreactor02,2026-09-25T07:41:10.097Z,0.151610598367,45,3,2026-09-25 13:26:10.097,37.905
Demo experiment,pioreactor02,2026-09-25T07:41:10.097Z,0.020568964383,135,4,2026-09-25 13:26:10.097,37.905
Demo experiment,pioreactor02,2026-09-25T07:41:15.096Z,0.0,90,2,2026-09-25 13:26:15.096,37.906388888889
Demo experiment,pioreactor02,2026-09-25T07:41:15.096Z,0.15163282782,45,3,2026-09-25 13:26:15.096,37.906388888889
Demo experiment,pioreactor02,2026-09-25T07:41:15.096Z,0.020560546925,135,4,2026-09-25 13:26:15.096,37.906388888889
Demo experiment,pioreactor02,2026-09-25T07:41:20.098Z,0.0,90,2,2026-09-25 13:26:20.098,37.907777777778
Demo experiment,pioreactor02,2026-09-25T07:41:20.098Z,0.151633029147,45,3,2026-09-25 13:26:20.098,37.907777777778
Demo experiment,pioreactor02,2026-09-25T07:41:20.098Z,0.02050375111,135,4,2026-09-25 13:26:20.098,37.907777777778
Demo experiment,pioreactor02,2026-09-25T07:41:25.097Z,0.0,90,2,2026-09-25 13:26:25.097,37.909166666667
Demo experiment,pioreactor02,2026-09-25T07:41:25.097Z,0.151503793555,45,3,2026-09-25 13:26:25.097,37.909166666667
Demo experiment,pioreactor02,2026-09-25T07:41:25.097Z,0.020486936387,135,4,2026-09-25 13:26:25.097,37.909166666667
Demo experiment,pioreactor02,2026-09-25T07:41:30.098Z,0.0,90,2,2026-09-25 13:26:30.098,37.910555555556
Demo experiment,pioreactor02,2026-09-25T07:41:30.098Z,0.151504575569,45,3,2026-09-25 13:26:30.098,37.910555555556
Demo experiment,pioreactor02,2026-09-25T07:41:30.098Z,0.020491753489,135,4,2026-09-25 13:26:30.098,37.910555555556
Demo experiment,pioreactor02,2026-09-25T07:41:35.100Z,0.0,90,2,2026-09-25 13:26:35.100,37.911944444444
Demo experiment,pioreactor02,2026-09-25T07:41:35.100Z,0.151445074618,45,3,2026-09-25 13:26:35.100,37.911944444444
Demo experiment,pioreactor02,2026-09-25T07:41:35.100Z,0.020498349081,135,4,2026-09-25 13:26:35.100,37.911944444444
Demo experiment,pioreactor02,2026-09-25T07:41:40.099Z,0.0,90,2,2026-09-25 13:26:40.099,37.913333333333
Demo experiment,pioreactor02,2026-09-25T07:41:40.099Z,0.151208731894,45,3,2026-09-25 13:26:40.099,37.913333333333
Demo experiment,pioreactor02,2026-09-25T07:41:40.099Z,0.02049400721,135,4,2026-09-25 13:26:40.099,37.913333333333
Demo experiment,pioreactor02,2026-09-25T07:41:45.100Z,0.0,90,2,2026-09-25 13:26:45.100,37.914722222222
Demo experiment,pioreactor02,2026-09-25T07:41:45.100Z,0.15139786181,45,3,2026-09-25 13:26:45.100,37.914722222222
Demo experiment,pioreactor02,2026-09-25T07:41:45.100Z,0.021076163808,135,4,2026-09-25 13:26:45.100,37.914722222222
Demo experiment,pioreactor02,2026-09-25T07:41:50.096Z,0.0,90,2,2026-09-25 13:26:50.096,37.916111111111
Demo experiment,pioreactor02,2026-09-25T07:41:50.096Z,0.151410069043,45,3,2026-09-25 13:26:50.096,37.916111111111
Demo experiment,pioreactor02,2026-09-25T07:41:50.096Z,0.020674479809,135,4,2026-09-25 13:26:50.096,37.916111111111
Demo experiment,pioreactor02,2026-09-25T07:41:55.102Z,0.0,90,2,2026-09-25 13:26:55.102,37.9175
Demo experiment,pioreactor02,2026-09-25T07:41:55.102Z,0.151419836587,45,3,2026-09-25 13:26:55.102,37.9175
Demo experiment,pioreactor02,2026-09-25T07:41:55.102Z,0.020678061247,135,4,2026-09-25 13:26:55.102,37.9175
Demo experiment,pioreactor02,2026-09-25T07:42:00.098Z,0.0,90,2,2026-09-25 13:27:00.098,37.918888888889
Demo experiment,pioreactor02,2026-09-25T07:42:00.098Z,0.151324847268,45,3,2026-09-25 13:27:00.098,37.918888888889
Demo experiment,pioreactor02,2026-09-25T07:42:00.098Z,0.020617217459,135,4,2026-09-25 13:27:00.098,37.918888888889
Demo experiment,pioreactor02,2026-09-25T07:42:05.097Z,0.0,90,2,2026-09-25 13:27:05.097,37.920277777778
Demo experiment,pioreactor02,2026-09-25T07:42:05.097Z,0.151426063994,45,3,2026-09-25 13:27:05.097,37.920277777778
Demo experiment,pioreactor02,2026-09-25T07:42:05.097Z,0.020512575059,135,4,2026-09-25 13:27:05.097,37.920277777778
Demo experiment,pioreactor02,2026-09-25T07:42:10.115Z,0.0,90,2,2026-09-25 13:27:10.115,37.921666666667
Demo experiment,pioreactor02,2026-09-25T07:42:10.115Z,0.151373629271,45,3,2026-09-25 13:27:10.115,37.921666666667
Demo experiment,pioreactor02,2026-09-25T07:42:10.115Z,0.020440584919,135,4,2026-09-25 13:27:10.115,37.921666666667
Demo experiment,pioreactor02,2026-09-25T07:42:15.099Z,0.0,90,2,2026-09-25 13:27:15.099,37.923055555556
Demo experiment,pioreactor02,2026-09-25T07:42:15.099Z,0.151533673569,45,3,2026-09-25 13:27:15.099,37.923055555556
Demo experiment,pioreactor02,2026-09-25T07:42:15.099Z,0.020460007907,135,4,2026-09-25 13:27:15.099,37.923055555556
Demo experiment,pioreactor02,2026-09-25T07:42:20.100Z,0.0,90,2,2026-09-25 13:27:20.100,37.924444444444
Demo experiment,pioreactor02,2026-09-25T07:42:20.100Z,0.151586605499,45,3,2026-09-25 13:27:20.100,37.924444444444
Demo experiment,pioreactor02,2026-09-25T07:42:20.100Z,0.020479132131,135,4,2026-09-25 13:27:20.100,37.924444444444
Demo experiment,pioreactor02,2026-09-25T07:42:25.103Z,0.0,90,2,2026-09-25 13:27:25.103,37.925833333333
Demo experiment,pioreactor02,2026-09-25T07:42:25.103Z,0.151597221968,45,3,2026-09-25 13:27:25.103,37.925833333333
Demo experiment,pioreactor02,2026-09-25T07:42:25.103Z,0.020437200239,135,4,2026-09-25 13:27:25.103,37.925833333333
Demo experiment,pioreactor02,2026-09-25T07:42:30.102Z,0.0,90,2,2026-09-25 13:27:30.102,37.927222222222
Demo experiment,pioreactor02,2026-09-25T07:42:30.102Z,0.151593613926,45,3,2026-09-25 13:27:30.102,37.927222222222
Demo experiment,pioreactor02,2026-09-25T07:42:30.102Z,0.020456416011,135,4,2026-09-25 13:27:30.102,37.927222222222
Demo experiment,pioreactor02,2026-09-25T07:42:35.104Z,0.0,90,2,2026-09-25 13:27:35.104,37.928611111111
Demo experiment,pioreactor02,2026-09-25T07:42:35.104Z,0.151554108959,45,3,2026-09-25 13:27:35.104,37.928611111111
Demo experiment,pioreactor02,2026-09-25T07:42:35.104Z,0.020482934634,135,4,2026-09-25 13:27:35.104,37.928611111111
Demo experiment,pioreactor02,2026-09-25T07:42:40.101Z,0.0,90,2,2026-09-25 13:27:40.101,37.93
Demo experiment,pioreactor02,2026-09-25T07:42:40.101Z,0.151627756312,45,3,2026-09-25 13:27:40.101,37.93
Demo experiment,pioreactor02,2026-09-25T07:42:40.101Z,0.020496156279,135,4,2026-09-25 13:27:40.101,37.93
Demo experiment,pioreactor02,2026-09-25T07:42:45.099Z,0.0,90,2,2026-09-25 13:27:45.099,37.931388888889
Demo experiment,pioreactor02,2026-09-25T07:42:45.099Z,0.151675897629,45,3,2026-09-25 13:27:45.099,37.931388888889
Demo experiment,pioreactor02,2026-09-25T07:42:45.099Z,0.020485461769,135,4,2026-09-25 13:27:45.099,37.931388888889
Demo experiment,pioreactor02,2026-09-25T07:42:50.100Z,0.0,90,2,2026-09-25 13:27:50.100,37.932777777778
Demo experiment,pioreactor02,2026-09-25T07:42:50.100Z,0.151697110392,45,3,2026-09-25 13:27:50.100,37.932777777778
Demo experiment,pioreactor02,2026-09-25T07:42:50.100Z,0.020442558873,135,4,2026-09-25 13:27:50.100,37.932777777778
Demo experiment,pioreactor02,2026-09-25T07:42:55.101Z,0.0,90,2,2026-09-25 13:27:55.101,37.934166666667
Demo experiment,pioreactor02,2026-09-25T07:42:55.101Z,0.151512432127,45,3,2026-09-25 13:27:55.101,37.934166666667
Demo experiment,pioreactor02,2026-09-25T07:42:55.101Z,0.020390502503,135,4,2026-09-25 13:27:55.101,37.934166666667
Demo experiment,pioreactor02,2026-09-25T07:43:00.109Z,0.0,90,2,2026-09-25 13:28:00.109,37.935555555556
Demo experiment,pioreactor02,2026-09-25T07:43:00.109Z,0.15145053586,45,3,2026-09-25 13:28:00.109,37.935555555556
Demo experiment,pioreactor02,2026-09-25T07:43:00.109Z,0.020365091316,135,4,2026-09-25 13:28:00.109,37.935555555556
Demo experiment,pioreactor02,2026-09-25T07:43:05.101Z,0.0,90,2,2026-09-25 13:28:05.101,37.936944444444
Demo experiment,pioreactor02,2026-09-25T07:43:05.101Z,0.15163719899,45,3,2026-09-25 13:28:05.101,37.936944444444
Demo experiment,pioreactor02,2026-09-25T07:43:05.101Z,0.020397661927,135,4,2026-09-25 13:28:05.101,37.936944444444
Demo experiment,pioreactor02,2026-09-25T07:43:10.102Z,0.0,90,2,2026-09-25 13:28:10.102,37.938333333333
Demo experiment,pioreactor02,2026-09-25T07:43:10.102Z,0.151632272108,45,3,2026-09-25 13:28:10.102,37.938333333333
Demo experiment,pioreactor02,2026-09-25T07:43:10.102Z,0.020402562451,135,4,2026-09-25 13:28:10.102,37.938333333333
Demo experiment,pioreactor02,2026-09-25T07:43:15.101Z,0.0,90,2,2026-09-25 13:28:15.101,37.939722222222
Demo experiment,pioreactor02,2026-09-25T07:43:15.101Z,0.151621706435,45,3,2026-09-25 13:28:15.101,37.939722222222
Demo experiment,pioreactor02,2026-09-25T07:43:15.101Z,0.020399363141,135,4,2026-09-25 13:28:15.101,37.939722222222
Demo experiment,pioreactor02,2026-09-25T07:43:20.101Z,0.0,90,2,2026-09-25 13:28:20.101,37.941111111111
Demo experiment,pioreactor02,2026-09-25T07:43:20.101Z,0.151609420679,45,3,2026-09-25 13:28:20.101,37.941111111111
Demo experiment,pioreactor02,2026-09-25T07:43:20.101Z,0.020408245567,135,4,2026-09-25 13:28:20.101,37.941111111111
Demo experiment,pioreactor02,2026-09-25T07:43:25.100Z,0.0,90,2,2026-09-25 13:28:25.100,37.9425
Demo experiment,pioreactor02,2026-09-25T07:43:25.100Z,0.151451535501,45,3,2026-09-25 13:28:25.100,37.9425
Demo experiment,pioreactor02,2026-09-25T07:43:25.100Z,0.020404733354,135,4,2026-09-25 13:28:25.100,37.9425
Demo experiment,pioreactor02,2026-09-25T07:43:30.101Z,0.0,90,2,2026-09-25 13:28:30.101,37.943888888889
Demo experiment,pioreactor02,2026-09-25T07:43:30.101Z,0.151404500921,45,3,2026-09-25 13:28:30.101,37.943888888889
Demo experiment,pioreactor02,2026-09-25T07:43:30.101Z,0.020393564196,135,4,2026-09-25 13:28:30.101,37.943888888889
Demo experiment,pioreactor02,2026-09-25T07:43:35.101Z,0.0,90,2,2026-09-25 13:28:35.101,37.945277777778
Demo experiment,pioreactor02,2026-09-25T07:43:35.101Z,0.151569867814,45,3,2026-09-25 13:28:35.101,37.945277777778
Demo experiment,pioreactor02,2026-09-25T07:43:35.101Z,0.020384256067,135,4,2026-09-25 13:28:35.101,37.945277777778
Demo experiment,pioreactor02,2026-09-25T07:43:40.103Z,0.0,90,2,2026-09-25 13:28:40.103,37.946666666667
Demo experiment,pioreactor02,2026-09-25T07:43:40.103Z,0.151690475555,45,3,2026-09-25 13:28:40.103,37.946666666667
Demo experiment,pioreactor02,2026-09-25T07:43:40.103Z,0.020362144205,135,4,2026-09-25 13:28:40.103,37.946666666667
Demo experiment,pioreactor02,2026-09-25T07:43:45.100Z,0.0,90,2,2026-09-25 13:28:45.100,37.948055555556
Demo experiment,pioreactor02,2026-09-25T07:43:45.100Z,0.151780942036,45,3,2026-09-25 13:28:45.100,37.948055555556
Demo experiment,pioreactor02,2026-09-25T07:43:45.100Z,0.020392031365,135,4,2026-09-25 13:28:45.100,37.948055555556
Demo experiment,pioreactor02,2026-09-25T07:43:50.104Z,0.0,90,2,2026-09-25 13:28:50.104,37.949444444444
Demo experiment,pioreactor02,2026-09-25T07:43:50.104Z,0.151848566746,45,3,2026-09-25 13:28:50.104,37.949444444444
Demo experiment,pioreactor02,2026-09-25T07:43:50.104Z,0.020387889558,135,4,2026-09-25 13:28:50.104,37.949444444444
Demo experiment,pioreactor02,2026-09-25T07:43:55.106Z,0.0,90,2,2026-09-25 13:28:55.106,37.950833333333
Demo experiment,pioreactor02,2026-09-25T07:43:55.106Z,0.151830847885,45,3,2026-09-25 13:28:55.106,37.950833333333
Demo experiment,pioreactor02,2026-09-25T07:43:55.106Z,0.020350659179,135,4,2026-09-25 13:28:55.106,37.950833333333
Demo experiment,pioreactor02,2026-09-25T07:44:00.099Z,0.0,90,2,2026-09-25 13:29:00.099,37.952222222222
Demo experiment,pioreactor02,2026-09-25T07:44:00.099Z,0.151848595452,45,3,2026-09-25 13:29:00.099,37.952222222222
Demo experiment,pioreactor02,2026-09-25T07:44:00.099Z,0.020355697952,135,4,2026-09-25 13:29:00.099,37.952222222222
Demo experiment,pioreactor02,2026-09-25T07:44:05.097Z,0.0,90,2,2026-09-25 13:29:05.097,37.953611111111
Demo experiment,pioreactor02,2026-09-25T07:44:05.097Z,0.151792154933,45,3,2026-09-25 13:29:05.097,37.953611111111
Demo experiment,pioreactor02,2026-09-25T07:44:05.097Z,0.020349130428,135,4,2026-09-25 13:29:05.097,37.953611111111
Demo experiment,pioreactor02,2026-09-25T07:44:10.097Z,0.0,90,2,2026-09-25 13:29:10.097,37.955
Demo experiment,pioreactor02,2026-09-25T07:44:10.097Z,0.151671705708,45,3,2026-09-25 13:29:10.097,37.955
Demo experiment,pioreactor02,2026-09-25T07:44:10.097Z,0.020324783412,135,4,2026-09-25 13:29:10.097,37.955
Demo experiment,pioreactor02,2026-09-25T07:44:15.098Z,0.0,90,2,2026-09-25 13:29:15.098,37.956388888889
Demo experiment,pioreactor02,2026-09-25T07:44:15.098Z,0.151728799054,45,3,2026-09-25 13:29:15.098,37.956388888889
Demo experiment,pioreactor02,2026-09-25T07:44:15.098Z,0.020300245705,135,4,2026-09-25 13:29:15.098,37.956388888889
Demo experiment,pioreactor02,2026-09-25T07:44:20.097Z,0.0,90,2,2026-09-25 13:29:20.097,37.957777777778
Demo experiment,pioreactor02,2026-09-25T07:44:20.097Z,0.15180082034,45,3,2026-09-25 13:29:20.097,37.957777777778
Demo experiment,pioreactor02,2026-09-25T07:44:20.097Z,0.020300475742,135,4,2026-09-25 13:29:20.097,37.957777777778
Demo experiment,pioreactor02,2026-09-25T07:44:25.098Z,0.0,90,2,2026-09-25 13:29:25.098,37.959166666667
Demo experiment,pioreactor02,2026-09-25T07:44:25.098Z,0.151745448304,45,3,2026-09-25 13:29:25.098,37.959166666667
Demo experiment,pioreactor02,2026-09-25T07:44:25.098Z,0.020323211292,135,4,2026-09-25 13:29:25.098,37.959166666667
Demo experiment,pioreactor02,2026-09-25T07:44:30.097Z,0.0,90,2,2026-09-25 13:29:30.097,37.960555555556
Demo experiment,pioreactor02,2026-09-25T07:44:30.097Z,0.151842693669,45,3,2026-09-25 13:29:30.097,37.960555555556
Demo experiment,pioreactor02,2026-09-25T07:44:30.097Z,0.020359640701,135,4,2026-09-25 13:29:30.097,37.960555555556
Demo experiment,pioreactor02,2026-09-25T07:44:35.098Z,0.0,90,2,2026-09-25 13:29:35.098,37.961944444444
Demo experiment,pioreactor02,2026-09-25T07:44:35.098Z,0.152004944681,45,3,2026-09-25 13:29:35.098,37.961944444444
Demo experiment,pioreactor02,2026-09-25T07:44:35.098Z,0.020345120375,135,4,2026-09-25 13:29:35.098,37.961944444444
Demo experiment,pioreactor02,2026-09-25T07:44:40.102Z,0.0,90,2,2026-09-25 13:29:40.102,37.963333333333
Demo experiment,pioreactor02,2026-09-25T07:44:40.102Z,0.152121880507,45,3,2026-09-25 13:29:40.102,37.963333333333
Demo experiment,pioreactor02,2026-09-25T07:44:40.102Z,0.020347279057,135,4,2026-09-25 13:29:40.102,37.963333333333
Demo experiment,pioreactor02,2026-09-25T07:44:45.097Z,0.0,90,2,2026-09-25 13:29:45.097,37.964722222222
Demo experiment,pioreactor02,2026-09-25T07:44:45.097Z,0.152252944028,45,3,2026-09-25 13:29:45.097,37.964722222222
Demo experiment,pioreactor02,2026-09-25T07:44:45.097Z,0.020359718881,135,4,2026-09-25 13:29:45.097,37.964722222222
Demo experiment,pioreactor02,2026-09-25T07:44:50.096Z,0.0,90,2,2026-09-25 13:29:50.096,37.966111111111
Demo experiment,pioreactor02,2026-09-25T07:44:50.096Z,0.152210736491,45,3,2026-09-25 13:29:50.096,37.966111111111
Demo experiment,pioreactor02,2026-09-25T07:44:50.096Z,0.020358106713,135,4,2026-09-25 13:29:50.096,37.966111111111
Demo experiment,pioreactor02,2026-09-25T07:44:55.098Z,0.0,90,2,2026-09-25 13:29:55.098,37.9675
Demo experiment,pioreactor02,2026-09-25T07:44:55.098Z,0.152133979873,45,3,2026-09-25 13:29:55.098,37.9675
Demo experiment,pioreactor02,2026-09-25T07:44:55.098Z,0.020334497356,135,4,2026-09-25 13:29:55.098,37.9675
Demo experiment,pioreactor02,2026-09-25T07:45:00.104Z,0.0,90,2,2026-09-25 13:30:00.104,37.968888888889
Demo experiment,pioreactor02,2026-09-25T07:45:00.104Z,0.152155796005,45,3,2026-09-25 13:30:00.104,37.968888888889
Demo experiment,pioreactor02,2026-09-25T07:45:00.104Z,0.020317052769,135,4,2026-09-25 13:30:00.104,37.968888888889
Demo experiment,pioreactor02,2026-09-25T07:45:05.097Z,0.0,90,2,2026-09-25 13:30:05.097,37.970277777778
Demo experiment,pioreactor02,2026-09-25T07:45:05.097Z,0.152084758616,45,3,2026-09-25 13:30:05.097,37.970277777778
Demo experiment,pioreactor02,2026-09-25T07:45:05.097Z,0.020277397146,135,4,2026-09-25 13:30:05.097,37.970277777778
Demo experiment,pioreactor02,2026-09-25T07:45:10.097Z,0.0,90,2,2026-09-25 13:30:10.097,37.971666666667
Demo experiment,pioreactor02,2026-09-25T07:45:10.097Z,0.15197539656,45,3,2026-09-25 13:30:10.097,37.971666666667
Demo experiment,pioreactor02,2026-09-25T07:45:10.097Z,0.020304508151,135,4,2026-09-25 13:30:10.097,37.971666666667
Demo experiment,pioreactor02,2026-09-25T07:45:15.098Z,0.0,90,2,2026-09-25 13:30:15.098,37.973055555556
Demo experiment,pioreactor02,2026-09-25T07:45:15.098Z,0.151782380095,45,3,2026-09-25 13:30:15.098,37.973055555556
Demo experiment,pioreactor02,2026-09-25T07:45:15.098Z,0.020250218191,135,4,2026-09-25 13:30:15.098,37.973055555556
Demo experiment,pioreactor02,2026-09-25T07:45:20.098Z,0.0,90,2,2026-09-25 13:30:20.098,37.974444444444
Demo experiment,pioreactor02,2026-09-25T07:45:20.098Z,0.151715153404,45,3,2026-09-25 13:30:20.098,37.974444444444
Demo experiment,pioreactor02,2026-09-25T07:45:20.098Z,0.020224096497,135,4,2026-09-25 13:30:20.098,37.974444444444
Demo experiment,pioreactor02,2026-09-25T07:45:25.097Z,0.0,90,2,2026-09-25 13:30:25.097,37.975833333333
Demo experiment,pioreactor02,2026-09-25T07:45:25.097Z,0.151901989666,45,3,2026-09-25 13:30:25.097,37.975833333333
Demo experiment,pioreactor02,2026-09-25T07:45:25.097Z,0.020293478129,135,4,2026-09-25 13:30:25.097,37.975833333333
Demo experiment,pioreactor02,2026-09-25T07:45:30.098Z,0.0,90,2,2026-09-25 13:30:30.098,37.977222222222
Demo experiment,pioreactor02,2026-09-25T07:45:30.098Z,0.151971498038,45,3,2026-09-25 13:30:30.098,37.977222222222
Demo experiment,pioreactor02,2026-09-25T07:45:30.098Z,0.020256395141,135,4,2026-09-25 13:30:30.098,37.977222222222
Demo experiment,pioreactor02,2026-09-25T07:45:35.098Z,0.0,90,2,2026-09-25 13:30:35.098,37.978611111111
Demo experiment,pioreactor02,2026-09-25T07:45:35.098Z,0.152029036161,45,3,2026-09-25 13:30:35.098,37.978611111111
Demo experiment,pioreactor02,2026-09-25T07:45:35.098Z,0.020268797159,135,4,2026-09-25 13:30:35.098,37.978611111111
Demo experiment,pioreactor02,2026-09-25T07:45:40.099Z,0.0,90,2,2026-09-25 13:30:40.099,37.98
Demo experiment,pioreactor02,2026-09-25T07:45:40.099Z,0.152002730876,45,3,2026-09-25 13:30:40.099,37.98
Demo experiment,pioreactor02,2026-09-25T07:45:40.099Z,0.020288002796,135,4,2026-09-25 13:30:40.099,37.98
Demo experiment,pioreactor02,2026-09-25T07:45:45.101Z,0.0,90,2,2026-09-25 13:30:45.101,37.981388888889
Demo experiment,pioreactor02,2026-09-25T07:45:45.101Z,0.152011947358,45,3,2026-09-25 13:30:45.101,37.981388888889
Demo experiment,pioreactor02,2026-09-25T07:45:45.101Z,0.020288163591,135,4,2026-09-25 13:30:45.101,37.981388888889
Demo experiment,pioreactor02,2026-09-25T07:45:50.101Z,0.0,90,2,2026-09-25 13:30:50.101,37.982777777778
Demo experiment,pioreactor02,2026-09-25T07:45:50.101Z,0.152024802427,45,3,2026-09-25 13:30:50.101,37.982777777778
Demo experiment,pioreactor02,2026-09-25T07:45:50.101Z,0.020279883238,135,4,2026-09-25 13:30:50.101,37.982777777778
Demo experiment,pioreactor02,2026-09-25T07:45:55.097Z,0.0,90,2,2026-09-25 13:30:55.097,37.984166666667
Demo experiment,pioreactor02,2026-09-25T07:45:55.097Z,0.151822840101,45,3,2026-09-25 13:30:55.097,37.984166666667
Demo experiment,pioreactor02,2026-09-25T07:45:55.097Z,0.020215542051,135,4,2026-09-25 13:30:55.097,37.984166666667
Demo experiment,pioreactor02,2026-09-25T07:46:00.098Z,0.0,90,2,2026-09-25 13:31:00.098,37.985555555556
Demo experiment,pioreactor02,2026-09-25T07:46:00.098Z,0.152254945595,45,3,2026-09-25 13:31:00.098,37.985555555556
Demo experiment,pioreactor02,2026-09-25T07:46:00.098Z,0.020300645564,135,4,2026-09-25 13:31:00.098,37.985555555556
Demo experiment,pioreactor02,2026-09-25T07:46:05.098Z,0.0,90,2,2026-09-25 13:31:05.098,37.986944444444
Demo experiment,pioreactor02,2026-09-25T07:46:05.098Z,0.152231305363,45,3,2026-09-25 13:31:05.098,37.986944444444
Demo experiment,pioreactor02,2026-09-25T07:46:05.098Z,0.020304430998,135,4,2026-09-25 13:31:05.098,37.986944444444
Demo experiment,pioreactor02,2026-09-25T07:46:10.100Z,0.0,90,2,2026-09-25 13:31:10.100,37.988333333333
Demo experiment,pioreactor02,2026-09-25T07:46:10.100Z,0.152137517009,45,3,2026-09-25 13:31:10.100,37.988333333333
Demo experiment,pioreactor02,2026-09-25T07:46:10.100Z,0.020268732105,135,4,2026-09-25 13:31:10.100,37.988333333333
Demo experiment,pioreactor02,2026-09-25T07:46:15.099Z,0.0,90,2,2026-09-25 13:31:15.099,37.989722222222
Demo experiment,pioreactor02,2026-09-25T07:46:15.099Z,0.151988066884,45,3,2026-09-25 13:31:15.099,37.989722222222
Demo experiment,pioreactor02,2026-09-25T07:46:15.099Z,0.02025588164,135,4,2026-09-25 13:31:15.099,37.989722222222
Demo experiment,pioreactor02,2026-09-25T07:46:20.098Z,0.0,90,2,2026-09-25 13:31:20.098,37.991111111111
Demo experiment,pioreactor02,2026-09-25T07:46:20.098Z,0.152213706281,45,3,2026-09-25 13:31:20.098,37.991111111111
Demo experiment,pioreactor02,2026-09-25T07:46:20.098Z,0.020293556677,135,4,2026-09-25 13:31:20.098,37.991111111111
Demo experiment,pioreactor02,2026-09-25T07:46:25.101Z,0.0,90,2,2026-09-25 13:31:25.101,37.9925
Demo experiment,pioreactor02,2026-09-25T07:46:25.101Z,0.152232592788,45,3,2026-09-25 13:31:25.101,37.9925
Demo experiment,pioreactor02,2026-09-25T07:46:25.101Z,0.020321255793,135,4,2026-09-25 13:31:25.101,37.9925
Demo experiment,pioreactor02,2026-09-25T07:46:30.097Z,0.0,90,2,2026-09-25 13:31:30.097,37.993888888889
Demo experiment,pioreactor02,2026-09-25T07:46:30.097Z,0.152257129408,45,3,2026-09-25 13:31:30.097,37.993888888889
Demo experiment,pioreactor02,2026-09-25T07:46:30.097Z,0.020261102315,135,4,2026-09-25 13:31:30.097,37.993888888889
Demo experiment,pioreactor02,2026-09-25T07:46:35.098Z,0.0,90,2,2026-09-25 13:31:35.098,37.995277777778
Demo experiment,pioreactor02,2026-09-25T07:46:35.098Z,0.15229720751,45,3,2026-09-25 13:31:35.098,37.995277777778
Demo experiment,pioreactor02,2026-09-25T07:46:35.098Z,0.020331341199,135,4,2026-09-25 13:31:35.098,37.995277777778
Demo experiment,pioreactor02,2026-09-25T07:46:40.097Z,0.0,90,2,2026-09-25 13:31:40.097,37.996666666667
Demo experiment,pioreactor02,2026-09-25T07:46:40.097Z,0.152347323164,45,3,2026-09-25 13:31:40.097,37.996666666667
Demo experiment,pioreactor02,2026-09-25T07:46:40.097Z,0.020319688654,135,4,2026-09-25 13:31:40.097,37.996666666667
Demo experiment,pioreactor02,2026-09-25T07:46:45.097Z,0.0,90,2,2026-09-25 13:31:45.097,37.998055555556
Demo experiment,pioreactor02,2026-09-25T07:46:45.097Z,0.152307921643,45,3,2026-09-25 13:31:45.097,37.998055555556
Demo experiment,pioreactor02,2026-09-25T07:46:45.097Z,0.020277366545,135,4,2026-09-25 13:31:45.097,37.998055555556
Demo experiment,pioreactor02,2026-09-25T07:46:50.101Z,0.0,90,2,2026-09-25 13:31:50.101,37.999444444444
Demo experiment,pioreactor02,2026-09-25T07:46:50.101Z,0.152167386401,45,3,2026-09-25 13:31:50.101,37.999444444444
Demo experiment,pioreactor02,2026-09-25T07:46:50.101Z,0.020215603096,135,4,2026-09-25 13:31:50.101,37.999444444444
Demo experiment,pioreactor02,2026-09-25T07:46:55.097Z,0.0,90,2,2026-09-25 13:31:55.097,38.000833333333
Demo experiment,pioreactor02,2026-09-25T07:46:55.097Z,0.152001251048,45,3,2026-09-25 13:31:55.097,38.000833333333
Demo experiment,pioreactor02,2026-09-25T07:46:55.097Z,0.020226532643,135,4,2026-09-25 13:31:55.097,38.000833333333
Demo experiment,pioreactor02,2026-09-25T07:47:00.098Z,0.0,90,2,2026-09-25 13:32:00.098,38.002222222222
Demo experiment,pioreactor02,2026-09-25T07:47:00.098Z,0.152107010908,45,3,2026-09-25 13:32:00.098,38.002222222222
Demo experiment,pioreactor02,2026-09-25T07:47:00.098Z,0.020281690961,135,4,2026-09-25 13:32:00.098,38.002222222222
Demo experiment,pioreactor02,2026-09-25T07:47:05.098Z,0.0,90,2,2026-09-25 13:32:05.098,38.003611111111
Demo experiment,pioreactor02,2026-09-25T07:47:05.098Z,0.152146681287,45,3,2026-09-25 13:32:05.098,38.003611111111
Demo experiment,pioreactor02,2026-09-25T07:47:05.098Z,0.02026653867,135,4,2026-09-25 13:32:05.098,38.003611111111
Demo experiment,pioreactor02,2026-09-25T07:47:10.100Z,0.0,90,2,2026-09-25 13:32:10.100,38.005
Demo experiment,pioreactor02,2026-09-25T07:47:10.100Z,0.15218740967,45,3,2026-09-25 13:32:10.100,38.005
Demo experiment,pioreactor02,2026-09-25T07:47:10.100Z,0.02024033225,135,4,2026-09-25 13:32:10.100,38.005
Demo experiment,pioreactor02,2026-09-25T07:47:15.103Z,0.0,90,2,2026-09-25 13:32:15.103,38.006388888889
Demo experiment,pioreactor02,2026-09-25T07:47:15.103Z,0.15241352538,45,3,2026-09-25 13:32:15.103,38.006388888889
Demo experiment,pioreactor02,2026-09-25T07:47:15.103Z,0.020260380406,135,4,2026-09-25 13:32:15.103,38.006388888889
Demo experiment,pioreactor02,2026-09-25T07:47:20.098Z,0.0,90,2,2026-09-25 13:32:20.098,38.007777777778
Demo experiment,pioreactor02,2026-09-25T07:47:20.098Z,0.152148513137,45,3,2026-09-25 13:32:20.098,38.007777777778
Demo experiment,pioreactor02,2026-09-25T07:47:20.098Z,0.020201348343,135,4,2026-09-25 13:32:20.098,38.007777777778
Demo experiment,pioreactor02,2026-09-25T07:47:25.097Z,0.0,90,2,2026-09-25 13:32:25.097,38.009166666667
Demo experiment,pioreactor02,2026-09-25T07:47:25.097Z,0.151960483049,45,3,2026-09-25 13:32:25.097,38.009166666667
Demo experiment,pioreactor02,2026-09-25T07:47:25.097Z,0.020197359742,135,4,2026-09-25 13:32:25.097,38.009166666667
Demo experiment,pioreactor02,2026-09-25T07:47:30.100Z,0.0,90,2,2026-09-25 13:32:30.100,38.010555555556
Demo experiment,pioreactor02,2026-09-25T07:47:30.100Z,0.152004703379,45,3,2026-09-25 13:32:30.100,38.010555555556
Demo experiment,pioreactor02,2026-09-25T07:47:30.100Z,0.020241748392,135,4,2026-09-25 13:32:30.100,38.010555555556
Demo experiment,pioreactor02,2026-09-25T07:47:35.099Z,0.0,90,2,2026-09-25 13:32:35.099,38.011944444444
Demo experiment,pioreactor02,2026-09-25T07:47:35.099Z,0.152137723949,45,3,2026-09-25 13:32:35.099,38.011944444444
Demo experiment,pioreactor02,2026-09-25T07:47:35.099Z,0.020195453063,135,4,2026-09-25 13:32:35.099,38.011944444444
Demo experiment,pioreactor02,2026-09-25T07:47:40.097Z,0.0,90,2,2026-09-25 13:32:40.097,38.013333333333
Demo experiment,pioreactor02,2026-09-25T07:47:40.097Z,0.152191290888,45,3,2026-09-25 13:32:40.097,38.013333333333
Demo experiment,pioreactor02,2026-09-25T07:47:40.097Z,0.020204592471,135,4,2026-09-25 13:32:40.097,38.013333333333
Demo experiment,pioreactor02,2026-09-25T07:47:45.098Z,0.0,90,2,2026-09-25 13:32:45.098,38.014722222222
Demo experiment,pioreactor02,2026-09-25T07:47:45.098Z,0.152139423286,45,3,2026-09-25 13:32:45.098,38.014722222222
Demo experiment,pioreactor02,2026-09-25T07:47:45.098Z,0.020200209152,135,4,2026-09-25 13:32:45.098,38.014722222222
Demo experiment,pioreactor02,2026-09-25T07:47:50.097Z,0.0,90,2,2026-09-25 13:32:50.097,38.016111111111
Demo experiment,pioreactor02,2026-09-25T07:47:50.097Z,0.15217890203,45,3,2026-09-25 13:32:50.097,38.016111111111
Demo experiment,pioreactor02,2026-09-25T07:47:50.097Z,0.020320788205,135,4,2026-09-25 13:32:50.097,38.016111111111
Demo experiment,pioreactor02,2026-09-25T07:47:55.098Z,0.0,90,2,2026-09-25 13:32:55.098,38.0175
Demo experiment,pioreactor02,2026-09-25T07:47:55.098Z,0.152241251808,45,3,2026-09-25 13:32:55.098,38.0175
Demo experiment,pioreactor02,2026-09-25T07:47:55.098Z,0.02025674273,135,4,2026-09-25 13:32:55.098,38.0175
Demo experiment,pioreactor02,2026-09-25T07:48:00.174Z,0.0,90,2,2026-09-25 13:33:00.174,38.018888888889
Demo experiment,pioreactor02,2026-09-25T07:48:00.174Z,0.152234049708,45,3,2026-09-25 13:33:00.174,38.018888888889
Demo experiment,pioreactor02,2026-09-25T07:48:00.174Z,0.020299935184,135,4,2026-09-25 13:33:00.174,38.018888888889
Demo experiment,pioreactor02,2026-09-25T07:48:05.097Z,0.0,90,2,2026-09-25 13:33:05.097,38.020277777778
Demo experiment,pioreactor02,2026-09-25T07:48:05.097Z,0.152328666514,45,3,2026-09-25 13:33:05.097,38.020277777778
Demo experiment,pioreactor02,2026-09-25T07:48:05.097Z,0.020299212491,135,4,2026-09-25 13:33:05.097,38.020277777778
Demo experiment,pioreactor02,2026-09-25T07:48:10.098Z,0.0,90,2,2026-09-25 13:33:10.098,38.021666666667
Demo experiment,pioreactor02,2026-09-25T07:48:10.098Z,0.152268146451,45,3,2026-09-25 13:33:10.098,38.021666666667
Demo experiment,pioreactor02,2026-09-25T07:48:10.098Z,0.020251447666,135,4,2026-09-25 13:33:10.098,38.021666666667
Demo experiment,pioreactor02,2026-09-25T07:48:15.099Z,0.0,90,2,2026-09-25 13:33:15.099,38.023055555556
Demo experiment,pioreactor02,2026-09-25T07:48:15.099Z,0.152482349341,45,3,2026-09-25 13:33:15.099,38.023055555556
Demo experiment,pioreactor02,2026-09-25T07:48:15.099Z,0.020254581305,135,4,2026-09-25 13:33:15.099,38.023055555556
Demo experiment,pioreactor02,2026-09-25T07:48:20.103Z,0.0,90,2,2026-09-25 13:33:20.103,38.024444444444
Demo experiment,pioreactor02,2026-09-25T07:48:20.103Z,0.152440894012,45,3,2026-09-25 13:33:20.103,38.024444444444
Demo experiment,pioreactor02,2026-09-25T07:48:20.103Z,0.020219416622,135,4,2026-09-25 13:33:20.103,38.024444444444
Demo experiment,pioreactor02,2026-09-25T07:48:25.099Z,0.0,90,2,2026-09-25 13:33:25.099,38.025833333333
Demo experiment,pioreactor02,2026-09-25T07:48:25.099Z,0.152432571609,45,3,2026-09-25 13:33:25.099,38.025833333333
Demo experiment,pioreactor02,2026-09-25T07:48:25.099Z,0.020238399133,135,4,2026-09-25 13:33:25.099,38.025833333333
Demo experiment,pioreactor02,2026-09-25T07:48:30.099Z,0.0,90,2,2026-09-25 13:33:30.099,38.027222222222
Demo experiment,pioreactor02,2026-09-25T07:48:30.099Z,0.152409186241,45,3,2026-09-25 13:33:30.099,38.027222222222
Demo experiment,pioreactor02,2026-09-25T07:48:30.099Z,0.020228502018,135,4,2026-09-25 13:33:30.099,38.027222222222
Demo experiment,pioreactor02,2026-09-25T07:48:35.098Z,0.0,90,2,2026-09-25 13:33:35.098,38.028611111111
Demo experiment,pioreactor02,2026-09-25T07:48:35.098Z,0.152381470219,45,3,2026-09-25 13:33:35.098,38.028611111111
Demo experiment,pioreactor02,2026-09-25T07:48:35.098Z,0.020219216476,135,4,2026-09-25 13:33:35.098,38.028611111111
Demo experiment,pioreactor02,2026-09-25T07:48:40.102Z,0.0,90,2,2026-09-25 13:33:40.102,38.03
Demo experiment,pioreactor02,2026-09-25T07:48:40.102Z,0.15263549747,45,3,2026-09-25 13:33:40.102,38.03
Demo experiment,pioreactor02,2026-09-25T07:48:40.102Z,0.020261669146,135,4,2026-09-25 13:33:40.102,38.03
Demo experiment,pioreactor02,2026-09-25T07:48:45.103Z,0.0,90,2,2026-09-25 13:33:45.103,38.031388888889
Demo experiment,pioreactor02,2026-09-25T07:48:45.103Z,0.152274981628,45,3,2026-09-25 13:33:45.103,38.031388888889
Demo experiment,pioreactor02,2026-09-25T07:48:45.103Z,0.020223142907,135,4,2026-09-25 13:33:45.103,38.031388888889
Demo experiment,pioreactor02,2026-09-25T07:48:50.097Z,0.0,90,2,2026-09-25 13:33:50.097,38.032777777778
Demo experiment,pioreactor02,2026-09-25T07:48:50.097Z,0.152068611643,45,3,2026-09-25 13:33:50.097,38.032777777778
Demo experiment,pioreactor02,2026-09-25T07:48:50.097Z,0.020205352112,135,4,2026-09-25 13:33:50.097,38.032777777778
Demo experiment,pioreactor02,2026-09-25T07:48:55.098Z,0.0,90,2,2026-09-25 13:33:55.098,38.034166666667
Demo experiment,pioreactor02,2026-09-25T07:48:55.098Z,0.151938308624,45,3,2026-09-25 13:33:55.098,38.034166666667
Demo experiment,pioreactor02,2026-09-25T07:48:55.098Z,0.020245861951,135,4,2026-09-25 13:33:55.098,38.034166666667
Demo experiment,pioreactor02,2026-09-25T07:49:00.102Z,0.0,90,2,2026-09-25 13:34:00.102,38.035555555556
Demo experiment,pioreactor02,2026-09-25T07:49:00.102Z,0.15208085576,45,3,2026-09-25 13:34:00.102,38.035555555556
Demo experiment,pioreactor02,2026-09-25T07:49:00.102Z,0.020194700716,135,4,2026-09-25 13:34:00.102,38.035555555556
Demo experiment,pioreactor02,2026-09-25T07:49:05.104Z,0.0,90,2,2026-09-25 13:34:05.104,38.036944444444
Demo experiment,pioreactor02,2026-09-25T07:49:05.104Z,0.152134765531,45,3,2026-09-25 13:34:05.104,38.036944444444
Demo experiment,pioreactor02,2026-09-25T07:49:05.104Z,0.020137867717,135,4,2026-09-25 13:34:05.104,38.036944444444
Demo experiment,pioreactor02,2026-09-25T07:49:10.101Z,0.0,90,2,2026-09-25 13:34:10.101,38.038333333333
Demo experiment,pioreactor02,2026-09-25T07:49:10.101Z,0.152211141819,45,3,2026-09-25 13:34:10.101,38.038333333333
Demo experiment,pioreactor02,2026-09-25T07:49:10.101Z,0.020238432326,135,4,2026-09-25 13:34:10.101,38.038333333333
Demo experiment,pioreactor02,2026-09-25T07:49:15.106Z,0.0,90,2,2026-09-25 13:34:15.106,38.039722222222
Demo experiment,pioreactor02,2026-09-25T07:49:15.106Z,0.152235328125,45,3,2026-09-25 13:34:15.106,38.039722222222
Demo experiment,pioreactor02,2026-09-25T07:49:15.106Z,0.020204247784,135,4,2026-09-25 13:34:15.106,38.039722222222
Demo experiment,pioreactor02,2026-09-25T07:49:20.097Z,0.0,90,2,2026-09-25 13:34:20.097,38.041111111111
Demo experiment,pioreactor02,2026-09-25T07:49:20.097Z,0.15225009376,45,3,2026-09-25 13:34:20.097,38.041111111111
Demo experiment,pioreactor02,2026-09-25T07:49:20.097Z,0.020155429297,135,4,2026-09-25 13:34:20.097,38.041111111111
Demo experiment,pioreactor02,2026-09-25T07:49:25.102Z,0.0,90,2,2026-09-25 13:34:25.102,38.0425
Demo experiment,pioreactor02,2026-09-25T07:49:25.102Z,0.152213096124,45,3,2026-09-25 13:34:25.102,38.0425
Demo experiment,pioreactor02,2026-09-25T07:49:25.102Z,0.02015166166,135,4,2026-09-25 13:34:25.102,38.0425
Demo experiment,pioreactor02,2026-09-25T07:49:30.103Z,0.0,90,2,2026-09-25 13:34:30.103,38.043888888889
Demo experiment,pioreactor02,2026-09-25T07:49:30.103Z,0.151987860256,45,3,2026-09-25 13:34:30.103,38.043888888889
Demo experiment,pioreactor02,2026-09-25T07:49:30.103Z,0.020155297137,135,4,2026-09-25 13:34:30.103,38.043888888889
Demo experiment,pioreactor02,2026-09-25T07:49:35.103Z,0.0,90,2,2026-09-25 13:34:35.103,38.045277777778
Demo experiment,pioreactor02,2026-09-25T07:49:35.103Z,0.151988645763,45,3,2026-09-25 13:34:35.103,38.045277777778
Demo experiment,pioreactor02,2026-09-25T07:49:35.103Z,0.020180831243,135,4,2026-09-25 13:34:35.103,38.045277777778
Demo experiment,pioreactor02,2026-09-25T07:49:40.102Z,0.0,90,2,2026-09-25 13:34:40.102,38.046666666667
Demo experiment,pioreactor02,2026-09-25T07:49:40.102Z,0.152042352595,45,3,2026-09-25 13:34:40.102,38.046666666667
Demo experiment,pioreactor02,2026-09-25T07:49:40.102Z,0.020242209224,135,4,2026-09-25 13:34:40.102,38.046666666667
Demo experiment,pioreactor02,2026-09-25T07:49:45.104Z,0.0,90,2,2026-09-25 13:34:45.104,38.048055555556
Demo experiment,pioreactor02,2026-09-25T07:49:45.104Z,0.153206296957,45,3,2026-09-25 13:34:45.104,38.048055555556
Demo experiment,pioreactor02,2026-09-25T07:49:45.104Z,0.020226836963,135,4,2026-09-25 13:34:45.104,38.048055555556
Demo experiment,pioreactor02,2026-09-25T07:49:50.107Z,0.0,90,2,2026-09-25 13:34:50.107,38.049444444444
Demo experiment,pioreactor02,2026-09-25T07:49:50.107Z,0.153220819591,45,3,2026-09-25 13:34:50.107,38.049444444444
Demo experiment,pioreactor02,2026-09-25T07:49:50.107Z,0.020156662776,135,4,2026-09-25 13:34:50.107,38.049444444444
Demo experiment,pioreactor02,2026-09-25T07:49:55.100Z,0.0,90,2,2026-09-25 13:34:55.100,38.050833333333
Demo experiment,pioreactor02,2026-09-25T07:49:55.100Z,0.1531293353,45,3,2026-09-25 13:34:55.100,38.050833333333
Demo experiment,pioreactor02,2026-09-25T07:49:55.100Z,0.020118845723,135,4,2026-09-25 13:34:55.100,38.050833333333
Demo experiment,pioreactor02,2026-09-25T07:50:00.102Z,0.0,90,2,2026-09-25 13:35:00.102,38.052222222222
Demo experiment,pioreactor02,2026-09-25T07:50:00.102Z,0.15315347209,45,3,2026-09-25 13:35:00.102,38.052222222222
Demo experiment,pioreactor02,2026-09-25T07:50:00.102Z,0.020054827652,135,4,2026-09-25 13:35:00.102,38.052222222222
Demo experiment,pioreactor02,2026-09-25T07:50:05.104Z,0.0,90,2,2026-09-25 13:35:05.104,38.053611111111
Demo experiment,pioreactor02,2026-09-25T07:50:05.104Z,0.15312020036,45,3,2026-09-25 13:35:05.104,38.053611111111
Demo experiment,pioreactor02,2026-09-25T07:50:05.104Z,0.020029100871,135,4,2026-09-25 13:35:05.104,38.053611111111
Demo experiment,pioreactor02,2026-09-25T07:50:10.102Z,0.0,90,2,2026-09-25 13:35:10.102,38.055
Demo experiment,pioreactor02,2026-09-25T07:50:10.102Z,0.153042370243,45,3,2026-09-25 13:35:10.102,38.055
Demo experiment,pioreactor02,2026-09-25T07:50:10.102Z,0.020006357864,135,4,2026-09-25 13:35:10.102,38.055
Demo experiment,pioreactor02,2026-09-25T07:50:15.100Z,0.0,90,2,2026-09-25 13:35:15.100,38.056388888889
Demo experiment,pioreactor02,2026-09-25T07:50:15.100Z,0.15295104819,45,3,2026-09-25 13:35:15.100,38.056388888889
Demo experiment,pioreactor02,2026-09-25T07:50:15.100Z,0.019954333453,135,4,2026-09-25 13:35:15.100,38.056388888889
Demo experiment,pioreactor02,2026-09-25T07:50:20.097Z,0.0,90,2,2026-09-25 13:35:20.097,38.057777777778
Demo experiment,pioreactor02,2026-09-25T07:50:20.097Z,0.152966233262,45,3,2026-09-25 13:35:20.097,38.057777777778
Demo experiment,pioreactor02,2026-09-25T07:50:20.097Z,0.019999077625,135,4,2026-09-25 13:35:20.097,38.057777777778
Demo experiment,pioreactor02,2026-09-25T07:50:25.098Z,0.0,90,2,2026-09-25 13:35:25.098,38.059166666667
Demo experiment,pioreactor02,2026-09-25T07:50:25.098Z,0.152982638895,45,3,2026-09-25 13:35:25.098,38.059166666667
Demo experiment,pioreactor02,2026-09-25T07:50:25.098Z,0.020073427566,135,4,2026-09-25 13:35:25.098,38.059166666667
Demo experiment,pioreactor02,2026-09-25T07:50:30.101Z,0.0,90,2,2026-09-25 13:35:30.101,38.060555555556
Demo experiment,pioreactor02,2026-09-25T07:50:30.101Z,0.152971565642,45,3,2026-09-25 13:35:30.101,38.060555555556
Demo experiment,pioreactor02,2026-09-25T07:50:30.101Z,0.020041910686,135,4,2026-09-25 13:35:30.101,38.060555555556
Demo experiment,pioreactor02,2026-09-25T07:50:35.104Z,0.0,90,2,2026-09-25 13:35:35.104,38.061944444444
Demo experiment,pioreactor02,2026-09-25T07:50:35.104Z,0.153113505929,45,3,2026-09-25 13:35:35.104,38.061944444444
Demo experiment,pioreactor02,2026-09-25T07:50:35.104Z,0.02007531557,135,4,2026-09-25 13:35:35.104,38.061944444444
Demo experiment,pioreactor02,2026-09-25T07:50:40.097Z,0.0,90,2,2026-09-25 13:35:40.097,38.063333333333
Demo experiment,pioreactor02,2026-09-25T07:50:40.097Z,0.153194622146,45,3,2026-09-25 13:35:40.097,38.063333333333
Demo experiment,pioreactor02,2026-09-25T07:50:40.097Z,0.020158607758,135,4,2026-09-25 13:35:40.097,38.063333333333
Demo experiment,pioreactor02,2026-09-25T07:50:45.101Z,0.0,90,2,2026-09-25 13:35:45.101,38.064722222222
Demo experiment,pioreactor02,2026-09-25T07:50:45.101Z,0.153282009214,45,3,2026-09-25 13:35:45.101,38.064722222222
Demo experiment,pioreactor02,2026-09-25T07:50:45.101Z,0.020157536657,135,4,2026-09-25 13:35:45.101,38.064722222222
Demo experiment,pioreactor02,2026-09-25T07:50:50.097Z,0.0,90,2,2026-09-25 13:35:50.097,38.066111111111
Demo experiment,pioreactor02,2026-09-25T07:50:50.097Z,0.153283870364,45,3,2026-09-25 13:35:50.097,38.066111111111
Demo experiment,pioreactor02,2026-09-25T07:50:50.097Z,0.020120403047,135,4,2026-09-25 13:35:50.097,38.066111111111
Demo experiment,pioreactor02,2026-09-25T07:50:55.101Z,0.0,90,2,2026-09-25 13:35:55.101,38.0675
Demo experiment,pioreactor02,2026-09-25T07:50:55.101Z,0.153323260505,45,3,2026-09-25 13:35:55.101,38.0675
Demo experiment,pioreactor02,2026-09-25T07:50:55.101Z,0.020138650283,135,4,2026-09-25 13:35:55.101,38.0675
Demo experiment,pioreactor02,2026-09-25T07:51:00.097Z,0.0,90,2,2026-09-25 13:36:00.097,38.068888888889
Demo experiment,pioreactor02,2026-09-25T07:51:00.097Z,0.153398891651,45,3,2026-09-25 13:36:00.097,38.068888888889
Demo experiment,pioreactor02,2026-09-25T07:51:00.097Z,0.020128248073,135,4,2026-09-25 13:36:00.097,38.068888888889
Demo experiment,pioreactor02,2026-09-25T07:51:05.096Z,0.0,90,2,2026-09-25 13:36:05.096,38.070277777778
Demo experiment,pioreactor02,2026-09-25T07:51:05.096Z,0.153402935329,45,3,2026-09-25 13:36:05.096,38.070277777778
Demo experiment,pioreactor02,2026-09-25T07:51:05.096Z,0.020179018329,135,4,2026-09-25 13:36:05.096,38.070277777778
Demo experiment,pioreactor02,2026-09-25T07:51:10.101Z,0.0,90,2,2026-09-25 13:36:10.101,38.071666666667
Demo experiment,pioreactor02,2026-09-25T07:51:10.101Z,0.15356178052,45,3,2026-09-25 13:36:10.101,38.071666666667
Demo experiment,pioreactor02,2026-09-25T07:51:10.101Z,0.022780409769,135,4,2026-09-25 13:36:10.101,38.071666666667
Demo experiment,pioreactor02,2026-09-25T07:51:15.099Z,0.0,90,2,2026-09-25 13:36:15.099,38.073055555556
Demo experiment,pioreactor02,2026-09-25T07:51:15.099Z,0.153655834133,45,3,2026-09-25 13:36:15.099,38.073055555556
Demo experiment,pioreactor02,2026-09-25T07:51:15.099Z,0.023989559771,135,4,2026-09-25 13:36:15.099,38.073055555556
Demo experiment,pioreactor02,2026-09-25T07:51:20.099Z,0.0,90,2,2026-09-25 13:36:20.099,38.074444444444
Demo experiment,pioreactor02,2026-09-25T07:51:20.099Z,0.153568540293,45,3,2026-09-25 13:36:20.099,38.074444444444
Demo experiment,pioreactor02,2026-09-25T07:51:20.099Z,0.022375781513,135,4,2026-09-25 13:36:20.099,38.074444444444
Demo experiment,pioreactor02,2026-09-25T07:51:25.099Z,0.0,90,2,2026-09-25 13:36:25.099,38.075833333333
Demo experiment,pioreactor02,2026-09-25T07:51:25.099Z,0.153724311684,45,3,2026-09-25 13:36:25.099,38.075833333333
Demo experiment,pioreactor02,2026-09-25T07:51:25.099Z,0.021638356466,135,4,2026-09-25 13:36:25.099,38.075833333333
Demo experiment,pioreactor02,2026-09-25T07:51:30.098Z,0.0,90,2,2026-09-25 13:36:30.098,38.077222222222
Demo experiment,pioreactor02,2026-09-25T07:51:30.098Z,0.154317903649,45,3,2026-09-25 13:36:30.098,38.077222222222
Demo experiment,pioreactor02,2026-09-25T07:51:30.098Z,0.021459991548,135,4,2026-09-25 13:36:30.098,38.077222222222
Demo experiment,pioreactor02,2026-09-25T07:51:35.100Z,0.0,90,2,2026-09-25 13:36:35.100,38.078611111111
Demo experiment,pioreactor02,2026-09-25T07:51:35.100Z,0.154907844988,45,3,2026-09-25 13:36:35.100,38.078611111111
Demo experiment,pioreactor02,2026-09-25T07:51:35.100Z,0.02154561121,135,4,2026-09-25 13:36:35.100,38.078611111111
Demo experiment,pioreactor02,2026-09-25T07:51:40.097Z,0.0,90,2,2026-09-25 13:36:40.097,38.08
Demo experiment,pioreactor02,2026-09-25T07:51:40.097Z,0.156845267555,45,3,2026-09-25 13:36:40.097,38.08
Demo experiment,pioreactor02,2026-09-25T07:51:40.097Z,0.02174796844,135,4,2026-09-25 13:36:40.097,38.08
Demo experiment,pioreactor02,2026-09-25T07:51:45.099Z,0.0,90,2,2026-09-25 13:36:45.099,38.081388888889
Demo experiment,pioreactor02,2026-09-25T07:51:45.099Z,0.157342974888,45,3,2026-09-25 13:36:45.099,38.081388888889
Demo experiment,pioreactor02,2026-09-25T07:51:45.099Z,0.022179562519,135,4,2026-09-25 13:36:45.099,38.081388888889
Demo experiment,pioreactor02,2026-09-25T07:51:50.101Z,0.0,90,2,2026-09-25 13:36:50.101,38.082777777778
Demo experiment,pioreactor02,2026-09-25T07:51:50.101Z,0.156696356562,45,3,2026-09-25 13:36:50.101,38.082777777778
Demo experiment,pioreactor02,2026-09-25T07:51:50.101Z,0.022178008154,135,4,2026-09-25 13:36:50.101,38.082777777778
Demo experiment,pioreactor02,2026-09-25T07:51:55.098Z,0.0,90,2,2026-09-25 13:36:55.098,38.084166666667
Demo experiment,pioreactor02,2026-09-25T07:51:55.098Z,0.156362547979,45,3,2026-09-25 13:36:55.098,38.084166666667
Demo experiment,pioreactor02,2026-09-25T07:51:55.098Z,0.021506929942,135,4,2026-09-25 13:36:55.098,38.084166666667
Demo experiment,pioreactor02,2026-09-25T07:52:00.098Z,0.0,90,2,2026-09-25 13:37:00.098,38.085555555556
Demo experiment,pioreactor02,2026-09-25T07:52:00.098Z,0.156305045631,45,3,2026-09-25 13:37:00.098,38.085555555556
Demo experiment,pioreactor02,2026-09-25T07:52:00.098Z,0.021228419618,135,4,2026-09-25 13:37:00.098,38.085555555556
Demo experiment,pioreactor02,2026-09-25T07:52:05.100Z,0.0,90,2,2026-09-25 13:37:05.100,38.086944444444
Demo experiment,pioreactor02,2026-09-25T07:52:05.100Z,0.156084310666,45,3,2026-09-25 13:37:05.100,38.086944444444
Demo experiment,pioreactor02,2026-09-25T07:52:05.100Z,0.021163548304,135,4,2026-09-25 13:37:05.100,38.086944444444
Demo experiment,pioreactor02,2026-09-25T07:52:10.098Z,0.0,90,2,2026-09-25 13:37:10.098,38.088333333333
Demo experiment,pioreactor02,2026-09-25T07:52:10.098Z,0.155739254606,45,3,2026-09-25 13:37:10.098,38.088333333333
Demo experiment,pioreactor02,2026-09-25T07:52:10.098Z,0.020984546211,135,4,2026-09-25 13:37:10.098,38.088333333333
Demo experiment,pioreactor02,2026-09-25T07:52:15.097Z,0.0,90,2,2026-09-25 13:37:15.097,38.089722222222
Demo experiment,pioreactor02,2026-09-25T07:52:15.097Z,0.155852853269,45,3,2026-09-25 13:37:15.097,38.089722222222
Demo experiment,pioreactor02,2026-09-25T07:52:15.097Z,0.0209796702,135,4,2026-09-25 13:37:15.097,38.089722222222
Demo experiment,pioreactor02,2026-09-25T07:52:20.098Z,0.0,90,2,2026-09-25 13:37:20.098,38.091111111111
Demo experiment,pioreactor02,2026-09-25T07:52:20.098Z,0.156042174232,45,3,2026-09-25 13:37:20.098,38.091111111111
Demo experiment,pioreactor02,2026-09-25T07:52:20.098Z,0.021930073424,135,4,2026-09-25 13:37:20.098,38.091111111111
Demo experiment,pioreactor02,2026-09-25T07:52:25.100Z,0.0,90,2,2026-09-25 13:37:25.100,38.0925
Demo experiment,pioreactor02,2026-09-25T07:52:25.100Z,0.156662045496,45,3,2026-09-25 13:37:25.100,38.0925
Demo experiment,pioreactor02,2026-09-25T07:52:25.100Z,0.023396512202,135,4,2026-09-25 13:37:25.100,38.0925
Demo experiment,pioreactor02,2026-09-25T07:52:30.096Z,0.0,90,2,2026-09-25 13:37:30.096,38.093888888889
Demo experiment,pioreactor02,2026-09-25T07:52:30.096Z,0.155773669183,45,3,2026-09-25 13:37:30.096,38.093888888889
Demo experiment,pioreactor02,2026-09-25T07:52:30.096Z,0.022237989079,135,4,2026-09-25 13:37:30.096,38.093888888889
Demo experiment,pioreactor02,2026-09-25T07:52:35.099Z,0.0,90,2,2026-09-25 13:37:35.099,38.095277777778
Demo experiment,pioreactor02,2026-09-25T07:52:35.099Z,0.155454291949,45,3,2026-09-25 13:37:35.099,38.095277777778
Demo experiment,pioreactor02,2026-09-25T07:52:35.099Z,0.021951420746,135,4,2026-09-25 13:37:35.099,38.095277777778
Demo experiment,pioreactor02,2026-09-25T07:52:40.098Z,0.0,90,2,2026-09-25 13:37:40.098,38.096666666667
Demo experiment,pioreactor02,2026-09-25T07:52:40.098Z,0.155385761987,45,3,2026-09-25 13:37:40.098,38.096666666667
Demo experiment,pioreactor02,2026-09-25T07:52:40.098Z,0.021532093727,135,4,2026-09-25 13:37:40.098,38.096666666667
Demo experiment,pioreactor02,2026-09-25T07:52:45.096Z,0.0,90,2,2026-09-25 13:37:45.096,38.098055555556
Demo experiment,pioreactor02,2026-09-25T07:52:45.096Z,0.155113290816,45,3,2026-09-25 13:37:45.096,38.098055555556
Demo experiment,pioreactor02,2026-09-25T07:52:45.096Z,0.021279280094,135,4,2026-09-25 13:37:45.096,38.098055555556
Demo experiment,pioreactor02,2026-09-25T07:52:50.099Z,0.0,90,2,2026-09-25 13:37:50.099,38.099444444444
Demo experiment,pioreactor02,2026-09-25T07:52:50.099Z,0.154965496605,45,3,2026-09-25 13:37:50.099,38.099444444444
Demo experiment,pioreactor02,2026-09-25T07:52:50.099Z,0.021299188564,135,4,2026-09-25 13:37:50.099,38.099444444444
Demo experiment,pioreactor02,2026-09-25T07:52:55.097Z,0.0,90,2,2026-09-25 13:37:55.097,38.100833333333
Demo experiment,pioreactor02,2026-09-25T07:52:55.097Z,0.154667785583,45,3,2026-09-25 13:37:55.097,38.100833333333
Demo experiment,pioreactor02,2026-09-25T07:52:55.097Z,0.022584980193,135,4,2026-09-25 13:37:55.097,38.100833333333
Demo experiment,pioreactor02,2026-09-25T07:53:00.103Z,0.0,90,2,2026-09-25 13:38:00.103,38.102222222222
Demo experiment,pioreactor02,2026-09-25T07:53:00.103Z,0.154458883246,45,3,2026-09-25 13:38:00.103,38.102222222222
Demo experiment,pioreactor02,2026-09-25T07:53:00.103Z,0.021839972968,135,4,2026-09-25 13:38:00.103,38.102222222222
Demo experiment,pioreactor02,2026-09-25T07:53:05.098Z,0.0,90,2,2026-09-25 13:38:05.098,38.103611111111
Demo experiment,pioreactor02,2026-09-25T07:53:05.098Z,0.154312561753,45,3,2026-09-25 13:38:05.098,38.103611111111
Demo experiment,pioreactor02,2026-09-25T07:53:05.098Z,0.021516441902,135,4,2026-09-25 13:38:05.098,38.103611111111
Demo experiment,pioreactor02,2026-09-25T07:53:10.104Z,0.0,90,2,2026-09-25 13:38:10.104,38.105
Demo experiment,pioreactor02,2026-09-25T07:53:10.104Z,0.154380239838,45,3,2026-09-25 13:38:10.104,38.105
Demo experiment,pioreactor02,2026-09-25T07:53:10.104Z,0.021550480853,135,4,2026-09-25 13:38:10.104,38.105
Demo experiment,pioreactor02,2026-09-25T07:53:15.100Z,0.0,90,2,2026-09-25 13:38:15.100,38.106388888889
Demo experiment,pioreactor02,2026-09-25T07:53:15.100Z,0.154447576906,45,3,2026-09-25 13:38:15.100,38.106388888889
Demo experiment,pioreactor02,2026-09-25T07:53:15.100Z,0.021385016816,135,4,2026-09-25 13:38:15.100,38.106388888889
Demo experiment,pioreactor02,2026-09-25T07:53:20.100Z,0.0,90,2,2026-09-25 13:38:20.100,38.107777777778
Demo experiment,pioreactor02,2026-09-25T07:53:20.100Z,0.154428899702,45,3,2026-09-25 13:38:20.100,38.107777777778
Demo experiment,pioreactor02,2026-09-25T07:53:20.100Z,0.021233831832,135,4,2026-09-25 13:38:20.100,38.107777777778
Demo experiment,pioreactor02,2026-09-25T07:53:25.099Z,0.0,90,2,2026-09-25 13:38:25.099,38.109166666667
Demo experiment,pioreactor02,2026-09-25T07:53:25.099Z,0.154287151765,45,3,2026-09-25 13:38:25.099,38.109166666667
Demo experiment,pioreactor02,2026-09-25T07:53:25.099Z,0.021229238175,135,4,2026-09-25 13:38:25.099,38.109166666667
Demo experiment,pioreactor02,2026-09-25T07:53:30.098Z,0.0,90,2,2026-09-25 13:38:30.098,38.110555555556
Demo experiment,pioreactor02,2026-09-25T07:53:30.098Z,0.154133640076,45,3,2026-09-25 13:38:30.098,38.110555555556
Demo experiment,pioreactor02,2026-09-25T07:53:30.098Z,0.021044665347,135,4,2026-09-25 13:38:30.098,38.110555555556
Demo experiment,pioreactor02,2026-09-25T07:53:35.097Z,0.0,90,2,2026-09-25 13:38:35.097,38.111944444444
Demo experiment,pioreactor02,2026-09-25T07:53:35.097Z,0.154095879712,45,3,2026-09-25 13:38:35.097,38.111944444444
Demo experiment,pioreactor02,2026-09-25T07:53:35.097Z,0.021070995642,135,4,2026-09-25 13:38:35.097,38.111944444444
Demo experiment,pioreactor02,2026-09-25T07:53:40.099Z,0.0,90,2,2026-09-25 13:38:40.099,38.113333333333
Demo experiment,pioreactor02,2026-09-25T07:53:40.099Z,0.154133636488,45,3,2026-09-25 13:38:40.099,38.113333333333
Demo experiment,pioreactor02,2026-09-25T07:53:40.099Z,0.021011780325,135,4,2026-09-25 13:38:40.099,38.113333333333
Demo experiment,pioreactor02,2026-09-25T07:53:45.098Z,0.0,90,2,2026-09-25 13:38:45.098,38.114722222222
Demo experiment,pioreactor02,2026-09-25T07:53:45.098Z,0.154146522215,45,3,2026-09-25 13:38:45.098,38.114722222222
Demo experiment,pioreactor02,2026-09-25T07:53:45.098Z,0.021010836576,135,4,2026-09-25 13:38:45.098,38.114722222222
Demo experiment,pioreactor02,2026-09-25T07:53:50.097Z,0.0,90,2,2026-09-25 13:38:50.097,38.116111111111
Demo experiment,pioreactor02,2026-09-25T07:53:50.097Z,0.154169933284,45,3,2026-09-25 13:38:50.097,38.116111111111
Demo experiment,pioreactor02,2026-09-25T07:53:50.097Z,0.021002685007,135,4,2026-09-25 13:38:50.097,38.116111111111
Demo experiment,pioreactor02,2026-09-25T07:53:55.099Z,0.0,90,2,2026-09-25 13:38:55.099,38.1175
Demo experiment,pioreactor02,2026-09-25T07:53:55.099Z,0.154066725495,45,3,2026-09-25 13:38:55.099,38.1175
Demo experiment,pioreactor02,2026-09-25T07:53:55.099Z,0.021060697947,135,4,2026-09-25 13:38:55.099,38.1175
Demo experiment,pioreactor02,2026-09-25T07:54:00.097Z,0.0,90,2,2026-09-25 13:39:00.097,38.118888888889
Demo experiment,pioreactor02,2026-09-25T07:54:00.097Z,0.15372763142,45,3,2026-09-25 13:39:00.097,38.118888888889
Demo experiment,pioreactor02,2026-09-25T07:54:00.097Z,0.02127504634,135,4,2026-09-25 13:39:00.097,38.118888888889
Demo experiment,pioreactor02,2026-09-25T07:54:05.098Z,0.0,90,2,2026-09-25 13:39:05.098,38.120277777778
Demo experiment,pioreactor02,2026-09-25T07:54:05.098Z,0.153725688419,45,3,2026-09-25 13:39:05.098,38.120277777778
Demo experiment,pioreactor02,2026-09-25T07:54:05.098Z,0.021055309597,135,4,2026-09-25 13:39:05.098,38.120277777778
Demo experiment,pioreactor02,2026-09-25T07:54:10.097Z,0.0,90,2,2026-09-25 13:39:10.097,38.121666666667
Demo experiment,pioreactor02,2026-09-25T07:54:10.097Z,0.153669516879,45,3,2026-09-25 13:39:10.097,38.121666666667
Demo experiment,pioreactor02,2026-09-25T07:54:10.097Z,0.020882026339,135,4,2026-09-25 13:39:10.097,38.121666666667
Demo experiment,pioreactor02,2026-09-25T07:54:15.099Z,0.0,90,2,2026-09-25 13:39:15.099,38.123055555556
Demo experiment,pioreactor02,2026-09-25T07:54:15.099Z,0.153677725537,45,3,2026-09-25 13:39:15.099,38.123055555556
Demo experiment,pioreactor02,2026-09-25T07:54:15.099Z,0.021129971413,135,4,2026-09-25 13:39:15.099,38.123055555556
Demo experiment,pioreactor02,2026-09-25T07:54:20.096Z,0.0,90,2,2026-09-25 13:39:20.096,38.124444444444
Demo experiment,pioreactor02,2026-09-25T07:54:20.096Z,0.153619046172,45,3,2026-09-25 13:39:20.096,38.124444444444
Demo experiment,pioreactor02,2026-09-25T07:54:20.096Z,0.020917459629,135,4,2026-09-25 13:39:20.096,38.124444444444
Demo experiment,pioreactor02,2026-09-25T07:54:25.097Z,0.0,90,2,2026-09-25 13:39:25.097,38.125833333333
Demo experiment,pioreactor02,2026-09-25T07:54:25.097Z,0.153657676177,45,3,2026-09-25 13:39:25.097,38.125833333333
Demo experiment,pioreactor02,2026-09-25T07:54:25.097Z,0.020848187966,135,4,2026-09-25 13:39:25.097,38.125833333333
Demo experiment,pioreactor02,2026-09-25T07:54:30.105Z,0.0,90,2,2026-09-25 13:39:30.105,38.127222222222
Demo experiment,pioreactor02,2026-09-25T07:54:30.105Z,0.153618720191,45,3,2026-09-25 13:39:30.105,38.127222222222
Demo experiment,pioreactor02,2026-09-25T07:54:30.105Z,0.02085364471,135,4,2026-09-25 13:39:30.105,38.127222222222
Demo experiment,pioreactor02,2026-09-25T07:54:35.101Z,0.0,90,2,2026-09-25 13:39:35.101,38.128611111111
Demo experiment,pioreactor02,2026-09-25T07:54:35.101Z,0.153611888934,45,3,2026-09-25 13:39:35.101,38.128611111111
Demo experiment,pioreactor02,2026-09-25T07:54:35.101Z,0.020748057222,135,4,2026-09-25 13:39:35.101,38.128611111111
Demo experiment,pioreactor02,2026-09-25T07:54:40.101Z,0.0,90,2,2026-09-25 13:39:40.101,38.13
Demo experiment,pioreactor02,2026-09-25T07:54:40.101Z,0.153608508419,45,3,2026-09-25 13:39:40.101,38.13
Demo experiment,pioreactor02,2026-09-25T07:54:40.101Z,0.020743022926,135,4,2026-09-25 13:39:40.101,38.13
Demo experiment,pioreactor02,2026-09-25T07:54:45.107Z,0.0,90,2,2026-09-25 13:39:45.107,38.131388888889
Demo experiment,pioreactor02,2026-09-25T07:54:45.107Z,0.153580050501,45,3,2026-09-25 13:39:45.107,38.131388888889
Demo experiment,pioreactor02,2026-09-25T07:54:45.107Z,0.020722250897,135,4,2026-09-25 13:39:45.107,38.131388888889
Demo experiment,pioreactor02,2026-09-25T07:54:50.104Z,0.0,90,2,2026-09-25 13:39:50.104,38.132777777778
Demo experiment,pioreactor02,2026-09-25T07:54:50.104Z,0.153616167582,45,3,2026-09-25 13:39:50.104,38.132777777778
Demo experiment,pioreactor02,2026-09-25T07:54:50.104Z,0.020721655493,135,4,2026-09-25 13:39:50.104,38.132777777778
Demo experiment,pioreactor02,2026-09-25T07:54:55.109Z,0.0,90,2,2026-09-25 13:39:55.109,38.134166666667
Demo experiment,pioreactor02,2026-09-25T07:54:55.109Z,0.153684764088,45,3,2026-09-25 13:39:55.109,38.134166666667
Demo experiment,pioreactor02,2026-09-25T07:54:55.109Z,0.020756086265,135,4,2026-09-25 13:39:55.109,38.134166666667
Demo experiment,pioreactor02,2026-09-25T07:55:00.110Z,0.0,90,2,2026-09-25 13:40:00.110,38.135555555556
Demo experiment,pioreactor02,2026-09-25T07:55:00.110Z,0.153604359119,45,3,2026-09-25 13:40:00.110,38.135555555556
Demo experiment,pioreactor02,2026-09-25T07:55:00.110Z,0.020755745936,135,4,2026-09-25 13:40:00.110,38.135555555556
Demo experiment,pioreactor02,2026-09-25T07:55:05.102Z,0.0,90,2,2026-09-25 13:40:05.102,38.136944444444
Demo experiment,pioreactor02,2026-09-25T07:55:05.102Z,0.153585816884,45,3,2026-09-25 13:40:05.102,38.136944444444
Demo experiment,pioreactor02,2026-09-25T07:55:05.102Z,0.022257156211,135,4,2026-09-25 13:40:05.102,38.136944444444
Demo experiment,pioreactor02,2026-09-25T07:55:10.101Z,0.0,90,2,2026-09-25 13:40:10.101,38.138333333333
Demo experiment,pioreactor02,2026-09-25T07:55:10.101Z,0.153375623718,45,3,2026-09-25 13:40:10.101,38.138333333333
Demo experiment,pioreactor02,2026-09-25T07:55:10.101Z,0.021245769304,135,4,2026-09-25 13:40:10.101,38.138333333333
Demo experiment,pioreactor02,2026-09-25T07:55:15.100Z,0.0,90,2,2026-09-25 13:40:15.100,38.139722222222
Demo experiment,pioreactor02,2026-09-25T07:55:15.100Z,0.153469299777,45,3,2026-09-25 13:40:15.100,38.139722222222
Demo experiment,pioreactor02,2026-09-25T07:55:15.100Z,0.020814849123,135,4,2026-09-25 13:40:15.100,38.139722222222
Demo experiment,pioreactor02,2026-09-25T07:55:20.099Z,0.0,90,2,2026-09-25 13:40:20.099,38.141111111111
Demo experiment,pioreactor02,2026-09-25T07:55:20.099Z,0.153551971087,45,3,2026-09-25 13:40:20.099,38.141111111111
Demo experiment,pioreactor02,2026-09-25T07:55:20.099Z,0.020695103039,135,4,2026-09-25 13:40:20.099,38.141111111111
Demo experiment,pioreactor02,2026-09-25T07:55:25.099Z,0.0,90,2,2026-09-25 13:40:25.099,38.1425
Demo experiment,pioreactor02,2026-09-25T07:55:25.099Z,0.153587318158,45,3,2026-09-25 13:40:25.099,38.1425
Demo experiment,pioreactor02,2026-09-25T07:55:25.099Z,0.020607820382,135,4,2026-09-25 13:40:25.099,38.1425
Demo experiment,pioreactor02,2026-09-25T07:55:30.098Z,0.0,90,2,2026-09-25 13:40:30.098,38.143888888889
Demo experiment,pioreactor02,2026-09-25T07:55:30.098Z,0.153596629952,45,3,2026-09-25 13:40:30.098,38.143888888889
Demo experiment,pioreactor02,2026-09-25T07:55:30.098Z,0.020652831147,135,4,2026-09-25 13:40:30.098,38.143888888889
Demo experiment,pioreactor02,2026-09-25T07:55:35.100Z,0.0,90,2,2026-09-25 13:40:35.100,38.145277777778
Demo experiment,pioreactor02,2026-09-25T07:55:35.100Z,0.153546517088,45,3,2026-09-25 13:40:35.100,38.145277777778
Demo experiment,pioreactor02,2026-09-25T07:55:35.100Z,0.021491132505,135,4,2026-09-25 13:40:35.100,38.145277777778
Demo experiment,pioreactor02,2026-09-25T07:55:40.101Z,0.0,90,2,2026-09-25 13:40:40.101,38.146666666667
Demo experiment,pioreactor02,2026-09-25T07:55:40.101Z,0.153316036696,45,3,2026-09-25 13:40:40.101,38.146666666667
Demo experiment,pioreactor02,2026-09-25T07:55:40.101Z,0.021159768425,135,4,2026-09-25 13:40:40.101,38.146666666667
Demo experiment,pioreactor02,2026-09-25T07:55:45.105Z,0.0,90,2,2026-09-25 13:40:45.105,38.148055555556
Demo experiment,pioreactor02,2026-09-25T07:55:45.105Z,0.153292841995,45,3,2026-09-25 13:40:45.105,38.148055555556
Demo experiment,pioreactor02,2026-09-25T07:55:45.105Z,0.020833635274,135,4,2026-09-25 13:40:45.105,38.148055555556
Demo experiment,pioreactor02,2026-09-25T07:55:50.105Z,0.0,90,2,2026-09-25 13:40:50.105,38.149444444444
Demo experiment,pioreactor02,2026-09-25T07:55:50.105Z,0.153181068822,45,3,2026-09-25 13:40:50.105,38.149444444444
Demo experiment,pioreactor02,2026-09-25T07:55:50.105Z,0.020616351829,135,4,2026-09-25 13:40:50.105,38.149444444444
Demo experiment,pioreactor02,2026-09-25T07:55:55.100Z,0.0,90,2,2026-09-25 13:40:55.100,38.150833333333
Demo experiment,pioreactor02,2026-09-25T07:55:55.100Z,0.153144645643,45,3,2026-09-25 13:40:55.100,38.150833333333
Demo experiment,pioreactor02,2026-09-25T07:55:55.100Z,0.020586803333,135,4,2026-09-25 13:40:55.100,38.150833333333
Demo experiment,pioreactor02,2026-09-25T07:56:00.100Z,0.0,90,2,2026-09-25 13:41:00.100,38.152222222222
Demo experiment,pioreactor02,2026-09-25T07:56:00.100Z,0.153153594277,45,3,2026-09-25 13:41:00.100,38.152222222222
Demo experiment,pioreactor02,2026-09-25T07:56:00.100Z,0.020495161059,135,4,2026-09-25 13:41:00.100,38.152222222222
Demo experiment,pioreactor02,2026-09-25T07:56:05.099Z,0.0,90,2,2026-09-25 13:41:05.099,38.153611111111
Demo experiment,pioreactor02,2026-09-25T07:56:05.099Z,0.153212479882,45,3,2026-09-25 13:41:05.099,38.153611111111
Demo experiment,pioreactor02,2026-09-25T07:56:05.099Z,0.020473090249,135,4,2026-09-25 13:41:05.099,38.153611111111
Demo experiment,pioreactor02,2026-09-25T07:56:10.102Z,0.0,90,2,2026-09-25 13:41:10.102,38.155
Demo experiment,pioreactor02,2026-09-25T07:56:10.102Z,0.153148197608,45,3,2026-09-25 13:41:10.102,38.155
Demo experiment,pioreactor02,2026-09-25T07:56:10.102Z,0.020492908115,135,4,2026-09-25 13:41:10.102,38.155
Demo experiment,pioreactor02,2026-09-25T07:56:15.097Z,0.0,90,2,2026-09-25 13:41:15.097,38.156388888889
Demo experiment,pioreactor02,2026-09-25T07:56:15.097Z,0.153156198225,45,3,2026-09-25 13:41:15.097,38.156388888889
Demo experiment,pioreactor02,2026-09-25T07:56:15.097Z,0.021555167822,135,4,2026-09-25 13:41:15.097,38.156388888889
Demo experiment,pioreactor02,2026-09-25T07:56:20.097Z,0.0,90,2,2026-09-25 13:41:20.097,38.157777777778
Demo experiment,pioreactor02,2026-09-25T07:56:20.097Z,0.153152545647,45,3,2026-09-25 13:41:20.097,38.157777777778
Demo experiment,pioreactor02,2026-09-25T07:56:20.097Z,0.020826020407,135,4,2026-09-25 13:41:20.097,38.157777777778
Demo experiment,pioreactor02,2026-09-25T07:56:25.099Z,0.0,90,2,2026-09-25 13:41:25.099,38.159166666667
Demo experiment,pioreactor02,2026-09-25T07:56:25.099Z,0.153108739992,45,3,2026-09-25 13:41:25.099,38.159166666667
Demo experiment,pioreactor02,2026-09-25T07:56:25.099Z,0.020599870808,135,4,2026-09-25 13:41:25.099,38.159166666667
Demo experiment,pioreactor02,2026-09-25T07:56:30.099Z,0.0,90,2,2026-09-25 13:41:30.099,38.160555555556
Demo experiment,pioreactor02,2026-09-25T07:56:30.099Z,0.153154841867,45,3,2026-09-25 13:41:30.099,38.160555555556
Demo experiment,pioreactor02,2026-09-25T07:56:30.099Z,0.020548337896,135,4,2026-09-25 13:41:30.099,38.160555555556
Demo experiment,pioreactor02,2026-09-25T07:56:35.097Z,0.0,90,2,2026-09-25 13:41:35.097,38.161944444444
Demo experiment,pioreactor02,2026-09-25T07:56:35.097Z,0.153114397933,45,3,2026-09-25 13:41:35.097,38.161944444444
Demo experiment,pioreactor02,2026-09-25T07:56:35.097Z,0.020443052258,135,4,2026-09-25 13:41:35.097,38.161944444444
Demo experiment,pioreactor02,2026-09-25T07:56:40.099Z,0.0,90,2,2026-09-25 13:41:40.099,38.163333333333
Demo experiment,pioreactor02,2026-09-25T07:56:40.099Z,0.153084503031,45,3,2026-09-25 13:41:40.099,38.163333333333
Demo experiment,pioreactor02,2026-09-25T07:56:40.099Z,0.02040625785,135,4,2026-09-25 13:41:40.099,38.163333333333
Demo experiment,pioreactor02,2026-09-25T07:56:45.097Z,0.0,90,2,2026-09-25 13:41:45.097,38.164722222222
Demo experiment,pioreactor02,2026-09-25T07:56:45.097Z,0.153089461108,45,3,2026-09-25 13:41:45.097,38.164722222222
Demo experiment,pioreactor02,2026-09-25T07:56:45.097Z,0.020374118976,135,4,2026-09-25 13:41:45.097,38.164722222222
Demo experiment,pioreactor02,2026-09-25T07:56:50.099Z,0.0,90,2,2026-09-25 13:41:50.099,38.166111111111
Demo experiment,pioreactor02,2026-09-25T07:56:50.099Z,0.153100811135,45,3,2026-09-25 13:41:50.099,38.166111111111
Demo experiment,pioreactor02,2026-09-25T07:56:50.099Z,0.020362251637,135,4,2026-09-25 13:41:50.099,38.166111111111
Demo experiment,pioreactor02,2026-09-25T07:56:55.105Z,0.0,90,2,2026-09-25 13:41:55.105,38.1675
Demo experiment,pioreactor02,2026-09-25T07:56:55.105Z,0.153124902431,45,3,2026-09-25 13:41:55.105,38.1675
Demo experiment,pioreactor02,2026-09-25T07:56:55.105Z,0.020345440531,135,4,2026-09-25 13:41:55.105,38.1675
Demo experiment,pioreactor02,2026-09-25T07:57:00.098Z,0.0,90,2,2026-09-25 13:42:00.098,38.168888888889
Demo experiment,pioreactor02,2026-09-25T07:57:00.098Z,0.153056985916,45,3,2026-09-25 13:42:00.098,38.168888888889
Demo experiment,pioreactor02,2026-09-25T07:57:00.098Z,0.020336296317,135,4,2026-09-25 13:42:00.098,38.168888888889
Demo experiment,pioreactor02,2026-09-25T07:57:05.099Z,0.0,90,2,2026-09-25 13:42:05.099,38.170277777778
Demo experiment,pioreactor02,2026-09-25T07:57:05.099Z,0.153051249046,45,3,2026-09-25 13:42:05.099,38.170277777778
Demo experiment,pioreactor02,2026-09-25T07:57:05.099Z,0.02032947474,135,4,2026-09-25 13:42:05.099,38.170277777778
Demo experiment,pioreactor02,2026-09-25T07:57:10.097Z,0.0,90,2,2026-09-25 13:42:10.097,38.171666666667
Demo experiment,pioreactor02,2026-09-25T07:57:10.097Z,0.153121969897,45,3,2026-09-25 13:42:10.097,38.171666666667
Demo experiment,pioreactor02,2026-09-25T07:57:10.097Z,0.020313887179,135,4,2026-09-25 13:42:10.097,38.171666666667
Demo experiment,pioreactor02,2026-09-25T07:57:15.102Z,0.0,90,2,2026-09-25 13:42:15.102,38.173055555556
Demo experiment,pioreactor02,2026-09-25T07:57:15.102Z,0.153112789476,45,3,2026-09-25 13:42:15.102,38.173055555556
Demo experiment,pioreactor02,2026-09-25T07:57:15.102Z,0.020807486435,135,4,2026-09-25 13:42:15.102,38.173055555556
Demo experiment,pioreactor02,2026-09-25T07:57:20.099Z,0.0,90,2,2026-09-25 13:42:20.099,38.174444444444
Demo experiment,pioreactor02,2026-09-25T07:57:20.099Z,0.153078214197,45,3,2026-09-25 13:42:20.099,38.174444444444
Demo experiment,pioreactor02,2026-09-25T07:57:20.099Z,0.020568135297,135,4,2026-09-25 13:42:20.099,38.174444444444
Demo experiment,pioreactor02,2026-09-25T07:57:25.097Z,0.0,90,2,2026-09-25 13:42:25.097,38.175833333333
Demo experiment,pioreactor02,2026-09-25T07:57:25.097Z,0.153128228766,45,3,2026-09-25 13:42:25.097,38.175833333333
Demo experiment,pioreactor02,2026-09-25T07:57:25.097Z,0.020392038664,135,4,2026-09-25 13:42:25.097,38.175833333333
Demo experiment,pioreactor02,2026-09-25T07:57:30.097Z,0.0,90,2,2026-09-25 13:42:30.097,38.177222222222
Demo experiment,pioreactor02,2026-09-25T07:57:30.097Z,0.153165428626,45,3,2026-09-25 13:42:30.097,38.177222222222
Demo experiment,pioreactor02,2026-09-25T07:57:30.097Z,0.020406754686,135,4,2026-09-25 13:42:30.097,38.177222222222
Demo experiment,pioreactor02,2026-09-25T07:57:35.098Z,0.0,90,2,2026-09-25 13:42:35.098,38.178611111111
Demo experiment,pioreactor02,2026-09-25T07:57:35.098Z,0.153126588725,45,3,2026-09-25 13:42:35.098,38.178611111111
Demo experiment,pioreactor02,2026-09-25T07:57:35.098Z,0.020339166524,135,4,2026-09-25 13:42:35.098,38.178611111111
Demo experiment,pioreactor02,2026-09-25T07:57:40.097Z,0.0,90,2,2026-09-25 13:42:40.097,38.18
Demo experiment,pioreactor02,2026-09-25T07:57:40.097Z,0.153102232474,45,3,2026-09-25 13:42:40.097,38.18
Demo experiment,pioreactor02,2026-09-25T07:57:40.097Z,0.020285430706,135,4,2026-09-25 13:42:40.097,38.18
Demo experiment,pioreactor02,2026-09-25T07:57:45.098Z,0.0,90,2,2026-09-25 13:42:45.098,38.181388888889
Demo experiment,pioreactor02,2026-09-25T07:57:45.098Z,0.153118579281,45,3,2026-09-25 13:42:45.098,38.181388888889
Demo experiment,pioreactor02,2026-09-25T07:57:45.098Z,0.020247805409,135,4,2026-09-25 13:42:45.098,38.181388888889
Demo experiment,pioreactor02,2026-09-25T07:57:50.102Z,0.0,90,2,2026-09-25 13:42:50.102,38.182777777778
Demo experiment,pioreactor02,2026-09-25T07:57:50.102Z,0.15306154081,45,3,2026-09-25 13:42:50.102,38.182777777778
Demo experiment,pioreactor02,2026-09-25T07:57:50.102Z,0.020130838984,135,4,2026-09-25 13:42:50.102,38.182777777778
Demo experiment,pioreactor02,2026-09-25T07:57:55.105Z,0.0,90,2,2026-09-25 13:42:55.105,38.184166666667
Demo experiment,pioreactor02,2026-09-25T07:57:55.105Z,0.153077786298,45,3,2026-09-25 13:42:55.105,38.184166666667
Demo experiment,pioreactor02,2026-09-25T07:57:55.105Z,0.020126212026,135,4,2026-09-25 13:42:55.105,38.184166666667
Demo experiment,pioreactor02,2026-09-25T07:58:00.107Z,0.0,90,2,2026-09-25 13:43:00.107,38.185555555556
Demo experiment,pioreactor02,2026-09-25T07:58:00.107Z,0.15306181551,45,3,2026-09-25 13:43:00.107,38.185555555556
Demo experiment,pioreactor02,2026-09-25T07:58:00.107Z,0.020147987434,135,4,2026-09-25 13:43:00.107,38.185555555556
Demo experiment,pioreactor02,2026-09-25T07:58:05.097Z,0.0,90,2,2026-09-25 13:43:05.097,38.186944444444
Demo experiment,pioreactor02,2026-09-25T07:58:05.097Z,0.153038849967,45,3,2026-09-25 13:43:05.097,38.186944444444
Demo experiment,pioreactor02,2026-09-25T07:58:05.097Z,0.020130025999,135,4,2026-09-25 13:43:05.097,38.186944444444
Demo experiment,pioreactor02,2026-09-25T07:58:10.130Z,0.0,90,2,2026-09-25 13:43:10.130,38.188333333333
Demo experiment,pioreactor02,2026-09-25T07:58:10.130Z,0.152963093404,45,3,2026-09-25 13:43:10.130,38.188333333333
Demo experiment,pioreactor02,2026-09-25T07:58:10.130Z,0.020122409291,135,4,2026-09-25 13:43:10.130,38.188333333333
Demo experiment,pioreactor02,2026-09-25T07:58:15.126Z,0.0,90,2,2026-09-25 13:43:15.126,38.189722222222
Demo experiment,pioreactor02,2026-09-25T07:58:15.126Z,0.153044642144,45,3,2026-09-25 13:43:15.126,38.189722222222
Demo experiment,pioreactor02,2026-09-25T07:58:15.126Z,0.020096582758,135,4,2026-09-25 13:43:15.126,38.189722222222
Demo experiment,pioreactor02,2026-09-25T07:58:20.101Z,0.0,90,2,2026-09-25 13:43:20.101,38.191111111111
Demo experiment,pioreactor02,2026-09-25T07:58:20.101Z,0.153129985986,45,3,2026-09-25 13:43:20.101,38.191111111111
Demo experiment,pioreactor02,2026-09-25T07:58:20.101Z,0.020087173488,135,4,2026-09-25 13:43:20.101,38.191111111111
Demo experiment,pioreactor02,2026-09-25T07:58:25.100Z,0.0,90,2,2026-09-25 13:43:25.100,38.1925
Demo experiment,pioreactor02,2026-09-25T07:58:25.100Z,0.153039488219,45,3,2026-09-25 13:43:25.100,38.1925
Demo experiment,pioreactor02,2026-09-25T07:58:25.100Z,0.020061323597,135,4,2026-09-25 13:43:25.100,38.1925
Demo experiment,pioreactor02,2026-09-25T07:58:30.096Z,0.0,90,2,2026-09-25 13:43:30.096,38.193888888889
Demo experiment,pioreactor02,2026-09-25T07:58:30.096Z,0.153039473808,45,3,2026-09-25 13:43:30.096,38.193888888889
Demo experiment,pioreactor02,2026-09-25T07:58:30.096Z,0.02008918556,135,4,2026-09-25 13:43:30.096,38.193888888889
Demo experiment,pioreactor02,2026-09-25T07:58:35.138Z,0.0,90,2,2026-09-25 13:43:35.138,38.195277777778
Demo experiment,pioreactor02,2026-09-25T07:58:35.138Z,0.153072920576,45,3,2026-09-25 13:43:35.138,38.195277777778
Demo experiment,pioreactor02,2026-09-25T07:58:35.138Z,0.0200559295,135,4,2026-09-25 13:43:35.138,38.195277777778
Demo experiment,pioreactor02,2026-09-25T07:58:40.112Z,0.0,90,2,2026-09-25 13:43:40.112,38.196666666667
Demo experiment,pioreactor02,2026-09-25T07:58:40.112Z,0.153085081171,45,3,2026-09-25 13:43:40.112,38.196666666667
Demo experiment,pioreactor02,2026-09-25T07:58:40.112Z,0.020270165077,135,4,2026-09-25 13:43:40.112,38.196666666667
Demo experiment,pioreactor02,2026-09-25T07:58:45.105Z,0.0,90,2,2026-09-25 13:43:45.105,38.198055555556
Demo experiment,pioreactor02,2026-09-25T07:58:45.105Z,0.153058263733,45,3,2026-09-25 13:43:45.105,38.198055555556
Demo experiment,pioreactor02,2026-09-25T07:58:45.105Z,0.020140908041,135,4,2026-09-25 13:43:45.105,38.198055555556
Demo experiment,pioreactor02,2026-09-25T07:58:50.097Z,0.0,90,2,2026-09-25 13:43:50.097,38.199444444444
Demo experiment,pioreactor02,2026-09-25T07:58:50.097Z,0.153073597991,45,3,2026-09-25 13:43:50.097,38.199444444444
Demo experiment,pioreactor02,2026-09-25T07:58:50.097Z,0.020130477112,135,4,2026-09-25 13:43:50.097,38.199444444444
Demo experiment,pioreactor02,2026-09-25T07:58:55.101Z,0.0,90,2,2026-09-25 13:43:55.101,38.200833333333
Demo experiment,pioreactor02,2026-09-25T07:58:55.101Z,0.15310348537,45,3,2026-09-25 13:43:55.101,38.200833333333
Demo experiment,pioreactor02,2026-09-25T07:58:55.101Z,0.020083051493,135,4,2026-09-25 13:43:55.101,38.200833333333
Demo experiment,pioreactor02,2026-09-25T07:59:00.114Z,0.0,90,2,2026-09-25 13:44:00.114,38.202222222222
Demo experiment,pioreactor02,2026-09-25T07:59:00.114Z,0.153135206202,45,3,2026-09-25 13:44:00.114,38.202222222222
Demo experiment,pioreactor02,2026-09-25T07:59:00.114Z,0.020243121324,135,4,2026-09-25 13:44:00.114,38.202222222222
Demo experiment,pioreactor02,2026-09-25T07:59:05.097Z,0.0,90,2,2026-09-25 13:44:05.097,38.203611111111
Demo experiment,pioreactor02,2026-09-25T07:59:05.097Z,0.153168989862,45,3,2026-09-25 13:44:05.097,38.203611111111
Demo experiment,pioreactor02,2026-09-25T07:59:05.097Z,0.020287314532,135,4,2026-09-25 13:44:05.097,38.203611111111
Demo experiment,pioreactor02,2026-09-25T07:59:10.100Z,0.0,90,2,2026-09-25 13:44:10.100,38.205
Demo experiment,pioreactor02,2026-09-25T07:59:10.100Z,0.153145496999,45,3,2026-09-25 13:44:10.100,38.205
Demo experiment,pioreactor02,2026-09-25T07:59:10.100Z,0.020147009023,135,4,2026-09-25 13:44:10.100,38.205
Demo experiment,pioreactor02,2026-09-25T07:59:15.119Z,0.0,90,2,2026-09-25 13:44:15.119,38.206388888889
Demo experiment,pioreactor02,2026-09-25T07:59:15.119Z,0.153141867562,45,3,2026-09-25 13:44:15.119,38.206388888889
Demo experiment,pioreactor02,2026-09-25T07:59:15.119Z,0.020080975133,135,4,2026-09-25 13:44:15.119,38.206388888889
Demo experiment,pioreactor02,2026-09-25T07:59:20.104Z,0.0,90,2,2026-09-25 13:44:20.104,38.207777777778
Demo experiment,pioreactor02,2026-09-25T07:59:20.104Z,0.153093872309,45,3,2026-09-25 13:44:20.104,38.207777777778
Demo experiment,pioreactor02,2026-09-25T07:59:20.104Z,0.02004743095,135,4,2026-09-25 13:44:20.104,38.207777777778
Demo experiment,pioreactor02,2026-09-25T07:59:25.133Z,0.0,90,2,2026-09-25 13:44:25.133,38.209166666667
Demo experiment,pioreactor02,2026-09-25T07:59:25.133Z,0.153082908764,45,3,2026-09-25 13:44:25.133,38.209166666667
Demo experiment,pioreactor02,2026-09-25T07:59:25.133Z,0.020010849293,135,4,2026-09-25 13:44:25.133,38.209166666667
Demo experiment,pioreactor02,2026-09-25T07:59:30.107Z,0.0,90,2,2026-09-25 13:44:30.107,38.210555555556
Demo experiment,pioreactor02,2026-09-25T07:59:30.107Z,0.153107698667,45,3,2026-09-25 13:44:30.107,38.210555555556
Demo experiment,pioreactor02,2026-09-25T07:59:30.107Z,0.020017362659,135,4,2026-09-25 13:44:30.107,38.210555555556
Demo experiment,pioreactor02,2026-09-25T07:59:35.103Z,0.0,90,2,2026-09-25 13:44:35.103,38.211944444444
Demo experiment,pioreactor02,2026-09-25T07:59:35.103Z,0.153176171935,45,3,2026-09-25 13:44:35.103,38.211944444444
Demo experiment,pioreactor02,2026-09-25T07:59:35.103Z,0.020607587858,135,4,2026-09-25 13:44:35.103,38.211944444444
Demo experiment,pioreactor02,2026-09-25T07:59:40.097Z,0.0,90,2,2026-09-25 13:44:40.097,38.213333333333
Demo experiment,pioreactor02,2026-09-25T07:59:40.097Z,0.153203368194,45,3,2026-09-25 13:44:40.097,38.213333333333
Demo experiment,pioreactor02,2026-09-25T07:59:40.097Z,0.020288444213,135,4,2026-09-25 13:44:40.097,38.213333333333
Demo experiment,pioreactor02,2026-09-25T07:59:45.100Z,0.0,90,2,2026-09-25 13:44:45.100,38.214722222222
Demo experiment,pioreactor02,2026-09-25T07:59:45.100Z,0.153128812751,45,3,2026-09-25 13:44:45.100,38.214722222222
Demo experiment,pioreactor02,2026-09-25T07:59:45.100Z,0.02012300838,135,4,2026-09-25 13:44:45.100,38.214722222222
Demo experiment,pioreactor02,2026-09-25T07:59:50.134Z,0.0,90,2,2026-09-25 13:44:50.134,38.216111111111
Demo experiment,pioreactor02,2026-09-25T07:59:50.134Z,0.15305844569,45,3,2026-09-25 13:44:50.134,38.216111111111
Demo experiment,pioreactor02,2026-09-25T07:59:50.134Z,0.020070375083,135,4,2026-09-25 13:44:50.134,38.216111111111
Demo experiment,pioreactor02,2026-09-25T07:59:55.127Z,0.0,90,2,2026-09-25 13:44:55.127,38.2175
Demo experiment,pioreactor02,2026-09-25T07:59:55.127Z,0.152992563263,45,3,2026-09-25 13:44:55.127,38.2175
Demo experiment,pioreactor02,2026-09-25T07:59:55.127Z,0.020019697303,135,4,2026-09-25 13:44:55.127,38.2175
Demo experiment,pioreactor02,2026-09-25T08:00:00.138Z,0.0,90,2,2026-09-25 13:45:00.138,38.218888888889
Demo experiment,pioreactor02,2026-09-25T08:00:00.138Z,0.152975454866,45,3,2026-09-25 13:45:00.138,38.218888888889
Demo experiment,pioreactor02,2026-09-25T08:00:00.138Z,0.020013979956,135,4,2026-09-25 13:45:00.138,38.218888888889
Demo experiment,pioreactor02,2026-09-25T08:00:05.101Z,0.0,90,2,2026-09-25 13:45:05.101,38.220277777778
Demo experiment,pioreactor02,2026-09-25T08:00:05.101Z,0.153060086828,45,3,2026-09-25 13:45:05.101,38.220277777778
Demo experiment,pioreactor02,2026-09-25T08:00:05.101Z,0.019956405066,135,4,2026-09-25 13:45:05.101,38.220277777778
Demo experiment,pioreactor02,2026-09-25T08:00:10.101Z,0.0,90,2,2026-09-25 13:45:10.101,38.221666666667
Demo experiment,pioreactor02,2026-09-25T08:00:10.101Z,0.153129773916,45,3,2026-09-25 13:45:10.101,38.221666666667
Demo experiment,pioreactor02,2026-09-25T08:00:10.101Z,0.020042868769,135,4,2026-09-25 13:45:10.101,38.221666666667
Demo experiment,pioreactor02,2026-09-25T08:00:15.100Z,0.0,90,2,2026-09-25 13:45:15.100,38.223055555556
Demo experiment,pioreactor02,2026-09-25T08:00:15.100Z,0.15313431497,45,3,2026-09-25 13:45:15.100,38.223055555556
Demo experiment,pioreactor02,2026-09-25T08:00:15.100Z,0.019989160838,135,4,2026-09-25 13:45:15.100,38.223055555556
Demo experiment,pioreactor02,2026-09-25T08:00:20.143Z,0.0,90,2,2026-09-25 13:45:20.143,38.224444444444
Demo experiment,pioreactor02,2026-09-25T08:00:20.143Z,0.15310643009,45,3,2026-09-25 13:45:20.143,38.224444444444
Demo experiment,pioreactor02,2026-09-25T08:00:20.143Z,0.019984331575,135,4,2026-09-25 13:45:20.143,38.224444444444
Demo experiment,pioreactor02,2026-09-25T08:00:25.185Z,0.0,90,2,2026-09-25 13:45:25.185,38.225833333333
Demo experiment,pioreactor02,2026-09-25T08:00:25.185Z,0.153002624323,45,3,2026-09-25 13:45:25.185,38.225833333333
Demo experiment,pioreactor02,2026-09-25T08:00:25.185Z,0.020052130618,135,4,2026-09-25 13:45:25.185,38.225833333333
Demo experiment,pioreactor02,2026-09-25T08:00:30.123Z,0.0,90,2,2026-09-25 13:45:30.123,38.227222222222
Demo experiment,pioreactor02,2026-09-25T08:00:30.123Z,0.153077356117,45,3,2026-09-25 13:45:30.123,38.227222222222
Demo experiment,pioreactor02,2026-09-25T08:00:30.123Z,0.020144339133,135,4,2026-09-25 13:45:30.123,38.227222222222
Demo experiment,pioreactor02,2026-09-25T08:00:35.148Z,0.0,90,2,2026-09-25 13:45:35.148,38.228611111111
Demo experiment,pioreactor02,2026-09-25T08:00:35.148Z,0.153160729793,45,3,2026-09-25 13:45:35.148,38.228611111111
Demo experiment,pioreactor02,2026-09-25T08:00:35.148Z,0.020173709482,135,4,2026-09-25 13:45:35.148,38.228611111111
Demo experiment,pioreactor02,2026-09-25T08:00:40.115Z,0.0,90,2,2026-09-25 13:45:40.115,38.23
Demo experiment,pioreactor02,2026-09-25T08:00:40.115Z,0.153185167151,45,3,2026-09-25 13:45:40.115,38.23
Demo experiment,pioreactor02,2026-09-25T08:00:40.115Z,0.020024377211,135,4,2026-09-25 13:45:40.115,38.23
Demo experiment,pioreactor02,2026-09-25T08:00:45.164Z,0.0,90,2,2026-09-25 13:45:45.164,38.231388888889
Demo experiment,pioreactor02,2026-09-25T08:00:45.164Z,0.153098343914,45,3,2026-09-25 13:45:45.164,38.231388888889
Demo experiment,pioreactor02,2026-09-25T08:00:45.164Z,0.019927078059,135,4,2026-09-25 13:45:45.164,38.231388888889
Demo experiment,pioreactor02,2026-09-25T08:00:50.173Z,0.0,90,2,2026-09-25 13:45:50.173,38.232777777778
Demo experiment,pioreactor02,2026-09-25T08:00:50.173Z,0.152960134834,45,3,2026-09-25 13:45:50.173,38.232777777778
Demo experiment,pioreactor02,2026-09-25T08:00:50.173Z,0.01996937288,135,4,2026-09-25 13:45:50.173,38.232777777778
Demo experiment,pioreactor02,2026-09-25T08:00:55.157Z,0.0,90,2,2026-09-25 13:45:55.157,38.234166666667
Demo experiment,pioreactor02,2026-09-25T08:00:55.157Z,0.153048112387,45,3,2026-09-25 13:45:55.157,38.234166666667
Demo experiment,pioreactor02,2026-09-25T08:00:55.157Z,0.019897644034,135,4,2026-09-25 13:45:55.157,38.234166666667
Demo experiment,pioreactor02,2026-09-25T08:01:00.123Z,0.0,90,2,2026-09-25 13:46:00.123,38.235555555556
Demo experiment,pioreactor02,2026-09-25T08:01:00.123Z,0.153160582106,45,3,2026-09-25 13:46:00.123,38.235555555556
Demo experiment,pioreactor02,2026-09-25T08:01:00.123Z,0.019890955326,135,4,2026-09-25 13:46:00.123,38.235555555556
Demo experiment,pioreactor02,2026-09-25T08:01:05.124Z,0.0,90,2,2026-09-25 13:46:05.124,38.236944444444
Demo experiment,pioreactor02,2026-09-25T08:01:05.124Z,0.153109036249,45,3,2026-09-25 13:46:05.124,38.236944444444
Demo experiment,pioreactor02,2026-09-25T08:01:05.124Z,0.019887944491,135,4,2026-09-25 13:46:05.124,38.236944444444
Demo experiment,pioreactor02,2026-09-25T08:01:10.166Z,0.0,90,2,2026-09-25 13:46:10.166,38.238333333333
Demo experiment,pioreactor02,2026-09-25T08:01:10.166Z,0.153122800108,45,3,2026-09-25 13:46:10.166,38.238333333333
Demo experiment,pioreactor02,2026-09-25T08:01:10.166Z,0.019898545605,135,4,2026-09-25 13:46:10.166,38.238333333333
Demo experiment,pioreactor02,2026-09-25T08:01:15.137Z,0.0,90,2,2026-09-25 13:46:15.137,38.239722222222
Demo experiment,pioreactor02,2026-09-25T08:01:15.137Z,0.153250213104,45,3,2026-09-25 13:46:15.137,38.239722222222
Demo experiment,pioreactor02,2026-09-25T08:01:15.137Z,0.01993885312,135,4,2026-09-25 13:46:15.137,38.239722222222
Demo experiment,pioreactor02,2026-09-25T08:01:20.099Z,0.0,90,2,2026-09-25 13:46:20.099,38.241111111111
Demo experiment,pioreactor02,2026-09-25T08:01:20.099Z,0.153302071875,45,3,2026-09-25 13:46:20.099,38.241111111111
Demo experiment,pioreactor02,2026-09-25T08:01:20.099Z,0.019955041846,135,4,2026-09-25 13:46:20.099,38.241111111111
Demo experiment,pioreactor02,2026-09-25T08:01:25.148Z,0.0,90,2,2026-09-25 13:46:25.148,38.2425
Demo experiment,pioreactor02,2026-09-25T08:01:25.148Z,0.153252928497,45,3,2026-09-25 13:46:25.148,38.2425
Demo experiment,pioreactor02,2026-09-25T08:01:25.148Z,0.019945292719,135,4,2026-09-25 13:46:25.148,38.2425
Demo experiment,pioreactor02,2026-09-25T08:01:30.122Z,0.0,90,2,2026-09-25 13:46:30.122,38.243888888889
Demo experiment,pioreactor02,2026-09-25T08:01:30.122Z,0.153265673424,45,3,2026-09-25 13:46:30.122,38.243888888889
Demo experiment,pioreactor02,2026-09-25T08:01:30.122Z,0.01987830724,135,4,2026-09-25 13:46:30.122,38.243888888889
Demo experiment,pioreactor02,2026-09-25T08:01:35.106Z,0.0,90,2,2026-09-25 13:46:35.106,38.245277777778
Demo experiment,pioreactor02,2026-09-25T08:01:35.106Z,0.153306589715,45,3,2026-09-25 13:46:35.106,38.245277777778
Demo experiment,pioreactor02,2026-09-25T08:01:35.106Z,0.019896796682,135,4,2026-09-25 13:46:35.106,38.245277777778
Demo experiment,pioreactor02,2026-09-25T08:01:40.101Z,0.0,90,2,2026-09-25 13:46:40.101,38.246666666667
Demo experiment,pioreactor02,2026-09-25T08:01:40.101Z,0.153301442734,45,3,2026-09-25 13:46:40.101,38.246666666667
Demo experiment,pioreactor02,2026-09-25T08:01:40.101Z,0.020001583055,135,4,2026-09-25 13:46:40.101,38.246666666667
Demo experiment,pioreactor02,2026-09-25T08:01:45.103Z,0.0,90,2,2026-09-25 13:46:45.103,38.248055555556
Demo experiment,pioreactor02,2026-09-25T08:01:45.103Z,0.153325081218,45,3,2026-09-25 13:46:45.103,38.248055555556
Demo experiment,pioreactor02,2026-09-25T08:01:45.103Z,0.019947894446,135,4,2026-09-25 13:46:45.103,38.248055555556
Demo experiment,pioreactor02,2026-09-25T08:01:50.126Z,0.0,90,2,2026-09-25 13:46:50.126,38.249444444444
Demo experiment,pioreactor02,2026-09-25T08:01:50.126Z,0.153315891867,45,3,2026-09-25 13:46:50.126,38.249444444444
Demo experiment,pioreactor02,2026-09-25T08:01:50.126Z,0.019917917824,135,4,2026-09-25 13:46:50.126,38.249444444444
Demo experiment,pioreactor02,2026-09-25T08:01:55.101Z,0.0,90,2,2026-09-25 13:46:55.101,38.250833333333
Demo experiment,pioreactor02,2026-09-25T08:01:55.101Z,0.153309266618,45,3,2026-09-25 13:46:55.101,38.250833333333
Demo experiment,pioreactor02,2026-09-25T08:01:55.101Z,0.019882767197,135,4,2026-09-25 13:46:55.101,38.250833333333
Demo experiment,pioreactor02,2026-09-25T08:02:00.105Z,0.0,90,2,2026-09-25 13:47:00.105,38.252222222222
Demo experiment,pioreactor02,2026-09-25T08:02:00.105Z,0.15328900216,45,3,2026-09-25 13:47:00.105,38.252222222222
Demo experiment,pioreactor02,2026-09-25T08:02:00.105Z,0.019919203657,135,4,2026-09-25 13:47:00.105,38.252222222222
Demo experiment,pioreactor02,2026-09-25T08:02:05.100Z,0.0,90,2,2026-09-25 13:47:05.100,38.253611111111
Demo experiment,pioreactor02,2026-09-25T08:02:05.100Z,0.153271500413,45,3,2026-09-25 13:47:05.100,38.253611111111
Demo experiment,pioreactor02,2026-09-25T08:02:05.100Z,0.019902721405,135,4,2026-09-25 13:47:05.100,38.253611111111
Demo experiment,pioreactor02,2026-09-25T08:02:10.105Z,0.0,90,2,2026-09-25 13:47:10.105,38.255
Demo experiment,pioreactor02,2026-09-25T08:02:10.105Z,0.153224186003,45,3,2026-09-25 13:47:10.105,38.255
Demo experiment,pioreactor02,2026-09-25T08:02:10.105Z,0.020048743317,135,4,2026-09-25 13:47:10.105,38.255
Demo experiment,pioreactor02,2026-09-25T08:02:15.100Z,0.0,90,2,2026-09-25 13:47:15.100,38.256388888889
Demo experiment,pioreactor02,2026-09-25T08:02:15.100Z,0.153336335516,45,3,2026-09-25 13:47:15.100,38.256388888889
Demo experiment,pioreactor02,2026-09-25T08:02:15.100Z,0.021225871479,135,4,2026-09-25 13:47:15.100,38.256388888889
Demo experiment,pioreactor02,2026-09-25T08:02:20.097Z,0.0,90,2,2026-09-25 13:47:20.097,38.257777777778
Demo experiment,pioreactor02,2026-09-25T08:02:20.097Z,0.153335302447,45,3,2026-09-25 13:47:20.097,38.257777777778
Demo experiment,pioreactor02,2026-09-25T08:02:20.097Z,0.020391033419,135,4,2026-09-25 13:47:20.097,38.257777777778
Demo experiment,pioreactor02,2026-09-25T08:02:25.098Z,0.0,90,2,2026-09-25 13:47:25.098,38.259166666667
Demo experiment,pioreactor02,2026-09-25T08:02:25.098Z,0.153357413495,45,3,2026-09-25 13:47:25.098,38.259166666667
Demo experiment,pioreactor02,2026-09-25T08:02:25.098Z,0.020030417284,135,4,2026-09-25 13:47:25.098,38.259166666667
Demo experiment,pioreactor02,2026-09-25T08:02:30.101Z,0.0,90,2,2026-09-25 13:47:30.101,38.260555555556
Demo experiment,pioreactor02,2026-09-25T08:02:30.101Z,0.153377659787,45,3,2026-09-25 13:47:30.101,38.260555555556
Demo experiment,pioreactor02,2026-09-25T08:02:30.101Z,0.019939203059,135,4,2026-09-25 13:47:30.101,38.260555555556
Demo experiment,pioreactor02,2026-09-25T08:02:35.100Z,0.0,90,2,2026-09-25 13:47:35.100,38.261944444444
Demo experiment,pioreactor02,2026-09-25T08:02:35.100Z,0.153388586153,45,3,2026-09-25 13:47:35.100,38.261944444444
Demo experiment,pioreactor02,2026-09-25T08:02:35.100Z,0.019927284323,135,4,2026-09-25 13:47:35.100,38.261944444444
Demo experiment,pioreactor02,2026-09-25T08:02:40.097Z,0.0,90,2,2026-09-25 13:47:40.097,38.263333333333
Demo experiment,pioreactor02,2026-09-25T08:02:40.097Z,0.153387314126,45,3,2026-09-25 13:47:40.097,38.263333333333
Demo experiment,pioreactor02,2026-09-25T08:02:40.097Z,0.019919292236,135,4,2026-09-25 13:47:40.097,38.263333333333
Demo experiment,pioreactor02,2026-09-25T08:02:45.098Z,0.0,90,2,2026-09-25 13:47:45.098,38.264722222222
Demo experiment,pioreactor02,2026-09-25T08:02:45.098Z,0.153394763199,45,3,2026-09-25 13:47:45.098,38.264722222222
Demo experiment,pioreactor02,2026-09-25T08:02:45.098Z,0.019988203369,135,4,2026-09-25 13:47:45.098,38.264722222222
Demo experiment,pioreactor02,2026-09-25T08:02:50.099Z,0.0,90,2,2026-09-25 13:47:50.099,38.266111111111
Demo experiment,pioreactor02,2026-09-25T08:02:50.099Z,0.153432965003,45,3,2026-09-25 13:47:50.099,38.266111111111
Demo experiment,pioreactor02,2026-09-25T08:02:50.099Z,0.019941875631,135,4,2026-09-25 13:47:50.099,38.266111111111
Demo experiment,pioreactor02,2026-09-25T08:02:55.098Z,0.0,90,2,2026-09-25 13:47:55.098,38.2675
Demo experiment,pioreactor02,2026-09-25T08:02:55.098Z,0.153446858762,45,3,2026-09-25 13:47:55.098,38.2675
Demo experiment,pioreactor02,2026-09-25T08:02:55.098Z,0.019887977249,135,4,2026-09-25 13:47:55.098,38.2675
Demo experiment,pioreactor02,2026-09-25T08:03:00.098Z,0.0,90,2,2026-09-25 13:48:00.098,38.268888888889
Demo experiment,pioreactor02,2026-09-25T08:03:00.098Z,0.153447225682,45,3,2026-09-25 13:48:00.098,38.268888888889
Demo experiment,pioreactor02,2026-09-25T08:03:00.098Z,0.019925224669,135,4,2026-09-25 13:48:00.098,38.268888888889
Demo experiment,pioreactor02,2026-09-25T08:03:05.096Z,0.0,90,2,2026-09-25 13:48:05.096,38.270277777778
Demo experiment,pioreactor02,2026-09-25T08:03:05.096Z,0.15338860105,45,3,2026-09-25 13:48:05.096,38.270277777778
Demo experiment,pioreactor02,2026-09-25T08:03:05.096Z,0.019875409789,135,4,2026-09-25 13:48:05.096,38.270277777778
Demo experiment,pioreactor02,2026-09-25T08:03:10.098Z,0.0,90,2,2026-09-25 13:48:10.098,38.271666666667
Demo experiment,pioreactor02,2026-09-25T08:03:10.098Z,0.153348240631,45,3,2026-09-25 13:48:10.098,38.271666666667
Demo experiment,pioreactor02,2026-09-25T08:03:10.098Z,0.019875643184,135,4,2026-09-25 13:48:10.098,38.271666666667
Demo experiment,pioreactor02,2026-09-25T08:03:15.097Z,0.0,90,2,2026-09-25 13:48:15.097,38.273055555556
Demo experiment,pioreactor02,2026-09-25T08:03:15.097Z,0.153377179057,45,3,2026-09-25 13:48:15.097,38.273055555556
Demo experiment,pioreactor02,2026-09-25T08:03:15.097Z,0.019861719532,135,4,2026-09-25 13:48:15.097,38.273055555556
Demo experiment,pioreactor02,2026-09-25T08:03:20.099Z,0.0,90,2,2026-09-25 13:48:20.099,38.274444444444
Demo experiment,pioreactor02,2026-09-25T08:03:20.099Z,0.153405372063,45,3,2026-09-25 13:48:20.099,38.274444444444
Demo experiment,pioreactor02,2026-09-25T08:03:20.099Z,0.019892890442,135,4,2026-09-25 13:48:20.099,38.274444444444
Demo experiment,pioreactor02,2026-09-25T08:03:25.100Z,0.0,90,2,2026-09-25 13:48:25.100,38.275833333333
Demo experiment,pioreactor02,2026-09-25T08:03:25.100Z,0.153430792504,45,3,2026-09-25 13:48:25.100,38.275833333333
Demo experiment,pioreactor02,2026-09-25T08:03:25.100Z,0.01991757821,135,4,2026-09-25 13:48:25.100,38.275833333333
Demo experiment,pioreactor02,2026-09-25T08:03:30.097Z,0.0,90,2,2026-09-25 13:48:30.097,38.277222222222
Demo experiment,pioreactor02,2026-09-25T08:03:30.097Z,0.153434536698,45,3,2026-09-25 13:48:30.097,38.277222222222
Demo experiment,pioreactor02,2026-09-25T08:03:30.097Z,0.019871152447,135,4,2026-09-25 13:48:30.097,38.277222222222
Demo experiment,pioreactor02,2026-09-25T08:03:35.097Z,0.0,90,2,2026-09-25 13:48:35.097,38.278611111111
Demo experiment,pioreactor02,2026-09-25T08:03:35.097Z,0.153444399898,45,3,2026-09-25 13:48:35.097,38.278611111111
Demo experiment,pioreactor02,2026-09-25T08:03:35.097Z,0.019863071244,135,4,2026-09-25 13:48:35.097,38.278611111111
Demo experiment,pioreactor02,2026-09-25T08:03:40.099Z,0.0,90,2,2026-09-25 13:48:40.099,38.28
Demo experiment,pioreactor02,2026-09-25T08:03:40.099Z,0.153448060627,45,3,2026-09-25 13:48:40.099,38.28
Demo experiment,pioreactor02,2026-09-25T08:03:40.099Z,0.019845705265,135,4,2026-09-25 13:48:40.099,38.28
Demo experiment,pioreactor02,2026-09-25T08:03:45.100Z,0.0,90,2,2026-09-25 13:48:45.100,38.281388888889
Demo experiment,pioreactor02,2026-09-25T08:03:45.100Z,0.153460448801,45,3,2026-09-25 13:48:45.100,38.281388888889
Demo experiment,pioreactor02,2026-09-25T08:03:45.100Z,0.019841169651,135,4,2026-09-25 13:48:45.100,38.281388888889
Demo experiment,pioreactor02,2026-09-25T08:03:50.101Z,0.0,90,2,2026-09-25 13:48:50.101,38.282777777778
Demo experiment,pioreactor02,2026-09-25T08:03:50.101Z,0.153447020074,45,3,2026-09-25 13:48:50.101,38.282777777778
Demo experiment,pioreactor02,2026-09-25T08:03:50.101Z,0.019863590498,135,4,2026-09-25 13:48:50.101,38.282777777778
Demo experiment,pioreactor02,2026-09-25T08:03:55.096Z,0.0,90,2,2026-09-25 13:48:55.096,38.284166666667
Demo experiment,pioreactor02,2026-09-25T08:03:55.096Z,0.153542272541,45,3,2026-09-25 13:48:55.096,38.284166666667
Demo experiment,pioreactor02,2026-09-25T08:03:55.096Z,0.020276636997,135,4,2026-09-25 13:48:55.096,38.284166666667
Demo experiment,pioreactor02,2026-09-25T08:04:00.100Z,0.0,90,2,2026-09-25 13:49:00.100,38.285555555556
Demo experiment,pioreactor02,2026-09-25T08:04:00.100Z,0.153567740575,45,3,2026-09-25 13:49:00.100,38.285555555556
Demo experiment,pioreactor02,2026-09-25T08:04:00.100Z,0.020157233877,135,4,2026-09-25 13:49:00.100,38.285555555556
Demo experiment,pioreactor02,2026-09-25T08:04:05.099Z,0.0,90,2,2026-09-25 13:49:05.099,38.286944444444
Demo experiment,pioreactor02,2026-09-25T08:04:05.099Z,0.153581781716,45,3,2026-09-25 13:49:05.099,38.286944444444
Demo experiment,pioreactor02,2026-09-25T08:04:05.099Z,0.019950467264,135,4,2026-09-25 13:49:05.099,38.286944444444
Demo experiment,pioreactor02,2026-09-25T08:04:10.097Z,0.0,90,2,2026-09-25 13:49:10.097,38.288333333333
Demo experiment,pioreactor02,2026-09-25T08:04:10.097Z,0.153586216601,45,3,2026-09-25 13:49:10.097,38.288333333333
Demo experiment,pioreactor02,2026-09-25T08:04:10.097Z,0.019873628952,135,4,2026-09-25 13:49:10.097,38.288333333333
Demo experiment,pioreactor02,2026-09-25T08:04:15.097Z,0.0,90,2,2026-09-25 13:49:15.097,38.289722222222
Demo experiment,pioreactor02,2026-09-25T08:04:15.097Z,0.153573461257,45,3,2026-09-25 13:49:15.097,38.289722222222
Demo experiment,pioreactor02,2026-09-25T08:04:15.097Z,0.019799979429,135,4,2026-09-25 13:49:15.097,38.289722222222
Demo experiment,pioreactor02,2026-09-25T08:04:20.098Z,0.0,90,2,2026-09-25 13:49:20.098,38.291111111111
Demo experiment,pioreactor02,2026-09-25T08:04:20.098Z,0.153582916903,45,3,2026-09-25 13:49:20.098,38.291111111111
Demo experiment,pioreactor02,2026-09-25T08:04:20.098Z,0.019826774156,135,4,2026-09-25 13:49:20.098,38.291111111111
Demo experiment,pioreactor02,2026-09-25T08:04:25.098Z,0.0,90,2,2026-09-25 13:49:25.098,38.2925
Demo experiment,pioreactor02,2026-09-25T08:04:25.098Z,0.153549399481,45,3,2026-09-25 13:49:25.098,38.2925
Demo experiment,pioreactor02,2026-09-25T08:04:25.098Z,0.019876022088,135,4,2026-09-25 13:49:25.098,38.2925
Demo experiment,pioreactor02,2026-09-25T08:04:30.098Z,0.0,90,2,2026-09-25 13:49:30.098,38.293888888889
Demo experiment,pioreactor02,2026-09-25T08:04:30.098Z,0.153577882094,45,3,2026-09-25 13:49:30.098,38.293888888889
Demo experiment,pioreactor02,2026-09-25T08:04:30.098Z,0.019873675286,135,4,2026-09-25 13:49:30.098,38.293888888889
Demo experiment,pioreactor02,2026-09-25T08:04:35.096Z,0.0,90,2,2026-09-25 13:49:35.096,38.295277777778
Demo experiment,pioreactor02,2026-09-25T08:04:35.096Z,0.153577701524,45,3,2026-09-25 13:49:35.096,38.295277777778
Demo experiment,pioreactor02,2026-09-25T08:04:35.096Z,0.019804058901,135,4,2026-09-25 13:49:35.096,38.295277777778
Demo experiment,pioreactor02,2026-09-25T08:04:40.098Z,0.0,90,2,2026-09-25 13:49:40.098,38.296666666667
Demo experiment,pioreactor02,2026-09-25T08:04:40.098Z,0.153609409933,45,3,2026-09-25 13:49:40.098,38.296666666667
Demo experiment,pioreactor02,2026-09-25T08:04:40.098Z,0.019758925437,135,4,2026-09-25 13:49:40.098,38.296666666667
Demo experiment,pioreactor02,2026-09-25T08:04:45.101Z,0.0,90,2,2026-09-25 13:49:45.101,38.298055555556
Demo experiment,pioreactor02,2026-09-25T08:04:45.101Z,0.153608026255,45,3,2026-09-25 13:49:45.101,38.298055555556
Demo experiment,pioreactor02,2026-09-25T08:04:45.101Z,0.019768563085,135,4,2026-09-25 13:49:45.101,38.298055555556
Demo experiment,pioreactor02,2026-09-25T08:04:50.096Z,0.0,90,2,2026-09-25 13:49:50.096,38.299444444444
Demo experiment,pioreactor02,2026-09-25T08:04:50.096Z,0.153620829001,45,3,2026-09-25 13:49:50.096,38.299444444444
Demo experiment,pioreactor02,2026-09-25T08:04:50.096Z,0.01975554537,135,4,2026-09-25 13:49:50.096,38.299444444444
Demo experiment,pioreactor02,2026-09-25T08:04:55.097Z,0.0,90,2,2026-09-25 13:49:55.097,38.300833333333
Demo experiment,pioreactor02,2026-09-25T08:04:55.097Z,0.153601356168,45,3,2026-09-25 13:49:55.097,38.300833333333
Demo experiment,pioreactor02,2026-09-25T08:04:55.097Z,0.019772175626,135,4,2026-09-25 13:49:55.097,38.300833333333
Demo experiment,pioreactor02,2026-09-25T08:05:00.096Z,0.0,90,2,2026-09-25 13:50:00.096,38.302222222222
Demo experiment,pioreactor02,2026-09-25T08:05:00.096Z,0.15359810339,45,3,2026-09-25 13:50:00.096,38.302222222222
Demo experiment,pioreactor02,2026-09-25T08:05:00.096Z,0.019731232086,135,4,2026-09-25 13:50:00.096,38.302222222222
Demo experiment,pioreactor02,2026-09-25T08:05:05.098Z,0.0,90,2,2026-09-25 13:50:05.098,38.303611111111
Demo experiment,pioreactor02,2026-09-25T08:05:05.098Z,0.153609951635,45,3,2026-09-25 13:50:05.098,38.303611111111
Demo experiment,pioreactor02,2026-09-25T08:05:05.098Z,0.019791858458,135,4,2026-09-25 13:50:05.098,38.303611111111
Demo experiment,pioreactor02,2026-09-25T08:05:10.098Z,0.0,90,2,2026-09-25 13:50:10.098,38.305
Demo experiment,pioreactor02,2026-09-25T08:05:10.098Z,0.153615799381,45,3,2026-09-25 13:50:10.098,38.305
Demo experiment,pioreactor02,2026-09-25T08:05:10.098Z,0.019736803081,135,4,2026-09-25 13:50:10.098,38.305
Demo experiment,pioreactor02,2026-09-25T08:05:15.099Z,0.0,90,2,2026-09-25 13:50:15.099,38.306388888889
Demo experiment,pioreactor02,2026-09-25T08:05:15.099Z,0.153597190414,45,3,2026-09-25 13:50:15.099,38.306388888889
Demo experiment,pioreactor02,2026-09-25T08:05:15.099Z,0.019758702734,135,4,2026-09-25 13:50:15.099,38.306388888889
Demo experiment,pioreactor02,2026-09-25T08:05:20.097Z,0.0,90,2,2026-09-25 13:50:20.097,38.307777777778
Demo experiment,pioreactor02,2026-09-25T08:05:20.097Z,0.153640736916,45,3,2026-09-25 13:50:20.097,38.307777777778
Demo experiment,pioreactor02,2026-09-25T08:05:20.097Z,0.019760392457,135,4,2026-09-25 13:50:20.097,38.307777777778
Demo experiment,pioreactor02,2026-09-25T08:05:25.099Z,0.0,90,2,2026-09-25 13:50:25.099,38.309166666667
Demo experiment,pioreactor02,2026-09-25T08:05:25.099Z,0.15365954244,45,3,2026-09-25 13:50:25.099,38.309166666667
Demo experiment,pioreactor02,2026-09-25T08:05:25.099Z,0.019727133256,135,4,2026-09-25 13:50:25.099,38.309166666667
Demo experiment,pioreactor02,2026-09-25T08:05:30.100Z,0.0,90,2,2026-09-25 13:50:30.100,38.310555555556
Demo experiment,pioreactor02,2026-09-25T08:05:30.100Z,0.15363054354,45,3,2026-09-25 13:50:30.100,38.310555555556
Demo experiment,pioreactor02,2026-09-25T08:05:30.100Z,0.019730783633,135,4,2026-09-25 13:50:30.100,38.310555555556
Demo experiment,pioreactor02,2026-09-25T08:05:35.098Z,0.0,90,2,2026-09-25 13:50:35.098,38.311944444444
Demo experiment,pioreactor02,2026-09-25T08:05:35.098Z,0.153627430257,45,3,2026-09-25 13:50:35.098,38.311944444444
Demo experiment,pioreactor02,2026-09-25T08:05:35.098Z,0.019693217983,135,4,2026-09-25 13:50:35.098,38.311944444444
Demo experiment,pioreactor02,2026-09-25T08:05:40.096Z,0.0,90,2,2026-09-25 13:50:40.096,38.313333333333
Demo experiment,pioreactor02,2026-09-25T08:05:40.096Z,0.153648847194,45,3,2026-09-25 13:50:40.096,38.313333333333
Demo experiment,pioreactor02,2026-09-25T08:05:40.096Z,0.019652994038,135,4,2026-09-25 13:50:40.096,38.313333333333
Demo experiment,pioreactor02,2026-09-25T08:05:45.099Z,0.0,90,2,2026-09-25 13:50:45.099,38.314722222222
Demo experiment,pioreactor02,2026-09-25T08:05:45.099Z,0.153653927658,45,3,2026-09-25 13:50:45.099,38.314722222222
Demo experiment,pioreactor02,2026-09-25T08:05:45.099Z,0.019656157281,135,4,2026-09-25 13:50:45.099,38.314722222222
Demo experiment,pioreactor02,2026-09-25T08:05:50.099Z,0.0,90,2,2026-09-25 13:50:50.099,38.316111111111
Demo experiment,pioreactor02,2026-09-25T08:05:50.099Z,0.153638525136,45,3,2026-09-25 13:50:50.099,38.316111111111
Demo experiment,pioreactor02,2026-09-25T08:05:50.099Z,0.019678107023,135,4,2026-09-25 13:50:50.099,38.316111111111
Demo experiment,pioreactor02,2026-09-25T08:05:55.100Z,0.0,90,2,2026-09-25 13:50:55.100,38.3175
Demo experiment,pioreactor02,2026-09-25T08:05:55.100Z,0.153639069552,45,3,2026-09-25 13:50:55.100,38.3175
Demo experiment,pioreactor02,2026-09-25T08:05:55.100Z,0.019696929784,135,4,2026-09-25 13:50:55.100,38.3175
Demo experiment,pioreactor02,2026-09-25T08:06:00.098Z,0.0,90,2,2026-09-25 13:51:00.098,38.318888888889
Demo experiment,pioreactor02,2026-09-25T08:06:00.098Z,0.153605975801,45,3,2026-09-25 13:51:00.098,38.318888888889
Demo experiment,pioreactor02,2026-09-25T08:06:00.098Z,0.019687805409,135,4,2026-09-25 13:51:00.098,38.318888888889
Demo experiment,pioreactor02,2026-09-25T08:06:05.098Z,0.0,90,2,2026-09-25 13:51:05.098,38.320277777778
Demo experiment,pioreactor02,2026-09-25T08:06:05.098Z,0.153618247055,45,3,2026-09-25 13:51:05.098,38.320277777778
Demo experiment,pioreactor02,2026-09-25T08:06:05.098Z,0.019687199942,135,4,2026-09-25 13:51:05.098,38.320277777778
Demo experiment,pioreactor02,2026-09-25T08:06:10.098Z,0.0,90,2,2026-09-25 13:51:10.098,38.321666666667
Demo experiment,pioreactor02,2026-09-25T08:06:10.098Z,0.153665180382,45,3,2026-09-25 13:51:10.098,38.321666666667
Demo experiment,pioreactor02,2026-09-25T08:06:10.098Z,0.019690899883,135,4,2026-09-25 13:51:10.098,38.321666666667
Demo experiment,pioreactor02,2026-09-25T08:06:15.097Z,0.0,90,2,2026-09-25 13:51:15.097,38.323055555556
Demo experiment,pioreactor02,2026-09-25T08:06:15.097Z,0.153682367906,45,3,2026-09-25 13:51:15.097,38.323055555556
Demo experiment,pioreactor02,2026-09-25T08:06:15.097Z,0.019743254325,135,4,2026-09-25 13:51:15.097,38.323055555556
Demo experiment,pioreactor02,2026-09-25T08:06:20.098Z,0.0,90,2,2026-09-25 13:51:20.098,38.324444444444
Demo experiment,pioreactor02,2026-09-25T08:06:20.098Z,0.153635278873,45,3,2026-09-25 13:51:20.098,38.324444444444
Demo experiment,pioreactor02,2026-09-25T08:06:20.098Z,0.019679338817,135,4,2026-09-25 13:51:20.098,38.324444444444
Demo experiment,pioreactor02,2026-09-25T08:06:25.101Z,0.0,90,2,2026-09-25 13:51:25.101,38.325833333333
Demo experiment,pioreactor02,2026-09-25T08:06:25.101Z,0.153621330425,45,3,2026-09-25 13:51:25.101,38.325833333333
Demo experiment,pioreactor02,2026-09-25T08:06:25.101Z,0.019668059936,135,4,2026-09-25 13:51:25.101,38.325833333333
Demo experiment,pioreactor02,2026-09-25T08:06:30.098Z,0.0,90,2,2026-09-25 13:51:30.098,38.327222222222
Demo experiment,pioreactor02,2026-09-25T08:06:30.098Z,0.153652719768,45,3,2026-09-25 13:51:30.098,38.327222222222
Demo experiment,pioreactor02,2026-09-25T08:06:30.098Z,0.019690044555,135,4,2026-09-25 13:51:30.098,38.327222222222
Demo experiment,pioreactor02,2026-09-25T08:06:35.107Z,0.0,90,2,2026-09-25 13:51:35.107,38.328611111111
Demo experiment,pioreactor02,2026-09-25T08:06:35.107Z,0.153694631375,45,3,2026-09-25 13:51:35.107,38.328611111111
Demo experiment,pioreactor02,2026-09-25T08:06:35.107Z,0.019675291712,135,4,2026-09-25 13:51:35.107,38.328611111111
Demo experiment,pioreactor02,2026-09-25T08:06:40.100Z,0.0,90,2,2026-09-25 13:51:40.100,38.33
Demo experiment,pioreactor02,2026-09-25T08:06:40.100Z,0.153745525237,45,3,2026-09-25 13:51:40.100,38.33
Demo experiment,pioreactor02,2026-09-25T08:06:40.100Z,0.019635160531,135,4,2026-09-25 13:51:40.100,38.33
Demo experiment,pioreactor02,2026-09-25T08:06:45.102Z,0.0,90,2,2026-09-25 13:51:45.102,38.331388888889
Demo experiment,pioreactor02,2026-09-25T08:06:45.102Z,0.153764143607,45,3,2026-09-25 13:51:45.102,38.331388888889
Demo experiment,pioreactor02,2026-09-25T08:06:45.102Z,0.019608135965,135,4,2026-09-25 13:51:45.102,38.331388888889
Demo experiment,pioreactor02,2026-09-25T08:06:50.102Z,0.0,90,2,2026-09-25 13:51:50.102,38.332777777778
Demo experiment,pioreactor02,2026-09-25T08:06:50.102Z,0.153731694502,45,3,2026-09-25 13:51:50.102,38.332777777778
Demo experiment,pioreactor02,2026-09-25T08:06:50.102Z,0.019625982855,135,4,2026-09-25 13:51:50.102,38.332777777778
Demo experiment,pioreactor02,2026-09-25T08:06:55.104Z,0.0,90,2,2026-09-25 13:51:55.104,38.334166666667
Demo experiment,pioreactor02,2026-09-25T08:06:55.104Z,0.153728089922,45,3,2026-09-25 13:51:55.104,38.334166666667
Demo experiment,pioreactor02,2026-09-25T08:06:55.104Z,0.019636642231,135,4,2026-09-25 13:51:55.104,38.334166666667
Demo experiment,pioreactor02,2026-09-25T08:07:00.101Z,0.0,90,2,2026-09-25 13:52:00.101,38.335555555556
Demo experiment,pioreactor02,2026-09-25T08:07:00.101Z,0.153702130814,45,3,2026-09-25 13:52:00.101,38.335555555556
Demo experiment,pioreactor02,2026-09-25T08:07:00.101Z,0.019612388632,135,4,2026-09-25 13:52:00.101,38.335555555556
Demo experiment,pioreactor02,2026-09-25T08:07:05.107Z,0.0,90,2,2026-09-25 13:52:05.107,38.336944444444
Demo experiment,pioreactor02,2026-09-25T08:07:05.107Z,0.153685458851,45,3,2026-09-25 13:52:05.107,38.336944444444
Demo experiment,pioreactor02,2026-09-25T08:07:05.107Z,0.019554732409,135,4,2026-09-25 13:52:05.107,38.336944444444
Demo experiment,pioreactor02,2026-09-25T08:07:10.103Z,0.0,90,2,2026-09-25 13:52:10.103,38.338333333333
Demo experiment,pioreactor02,2026-09-25T08:07:10.103Z,0.153688262189,45,3,2026-09-25 13:52:10.103,38.338333333333
Demo experiment,pioreactor02,2026-09-25T08:07:10.103Z,0.019612139245,135,4,2026-09-25 13:52:10.103,38.338333333333
Demo experiment,pioreactor02,2026-09-25T08:07:15.101Z,0.0,90,2,2026-09-25 13:52:15.101,38.339722222222
Demo experiment,pioreactor02,2026-09-25T08:07:15.101Z,0.153744224677,45,3,2026-09-25 13:52:15.101,38.339722222222
Demo experiment,pioreactor02,2026-09-25T08:07:15.101Z,0.019657350991,135,4,2026-09-25 13:52:15.101,38.339722222222
Demo experiment,pioreactor02,2026-09-25T08:07:20.100Z,0.0,90,2,2026-09-25 13:52:20.100,38.341111111111
Demo experiment,pioreactor02,2026-09-25T08:07:20.100Z,0.15377797276,45,3,2026-09-25 13:52:20.100,38.341111111111
Demo experiment,pioreactor02,2026-09-25T08:07:20.100Z,0.019615447182,135,4,2026-09-25 13:52:20.100,38.341111111111
Demo experiment,pioreactor02,2026-09-25T08:07:25.103Z,0.0,90,2,2026-09-25 13:52:25.103,38.3425
Demo experiment,pioreactor02,2026-09-25T08:07:25.103Z,0.153803113495,45,3,2026-09-25 13:52:25.103,38.3425
Demo experiment,pioreactor02,2026-09-25T08:07:25.103Z,0.019598438068,135,4,2026-09-25 13:52:25.103,38.3425
Demo experiment,pioreactor02,2026-09-25T08:07:30.097Z,0.0,90,2,2026-09-25 13:52:30.097,38.343888888889
Demo experiment,pioreactor02,2026-09-25T08:07:30.097Z,0.153800751004,45,3,2026-09-25 13:52:30.097,38.343888888889
Demo experiment,pioreactor02,2026-09-25T08:07:30.097Z,0.019591596925,135,4,2026-09-25 13:52:30.097,38.343888888889
Demo experiment,pioreactor02,2026-09-25T08:07:35.099Z,0.0,90,2,2026-09-25 13:52:35.099,38.345277777778
Demo experiment,pioreactor02,2026-09-25T08:07:35.099Z,0.153781124621,45,3,2026-09-25 13:52:35.099,38.345277777778
Demo experiment,pioreactor02,2026-09-25T08:07:35.099Z,0.019553586126,135,4,2026-09-25 13:52:35.099,38.345277777778
Demo experiment,pioreactor02,2026-09-25T08:07:40.098Z,0.0,90,2,2026-09-25 13:52:40.098,38.346666666667
Demo experiment,pioreactor02,2026-09-25T08:07:40.098Z,0.153792788548,45,3,2026-09-25 13:52:40.098,38.346666666667
Demo experiment,pioreactor02,2026-09-25T08:07:40.098Z,0.019499222008,135,4,2026-09-25 13:52:40.098,38.346666666667
Demo experiment,pioreactor02,2026-09-25T08:07:45.101Z,0.0,90,2,2026-09-25 13:52:45.101,38.348055555556
Demo experiment,pioreactor02,2026-09-25T08:07:45.101Z,0.153799808129,45,3,2026-09-25 13:52:45.101,38.348055555556
Demo experiment,pioreactor02,2026-09-25T08:07:45.101Z,0.019543879291,135,4,2026-09-25 13:52:45.101,38.348055555556
Demo experiment,pioreactor02,2026-09-25T08:07:50.100Z,0.0,90,2,2026-09-25 13:52:50.100,38.349444444444
Demo experiment,pioreactor02,2026-09-25T08:07:50.100Z,0.153821126842,45,3,2026-09-25 13:52:50.100,38.349444444444
Demo experiment,pioreactor02,2026-09-25T08:07:50.100Z,0.01955437626,135,4,2026-09-25 13:52:50.100,38.349444444444
Demo experiment,pioreactor02,2026-09-25T08:07:55.109Z,0.0,90,2,2026-09-25 13:52:55.109,38.350833333333
Demo experiment,pioreactor02,2026-09-25T08:07:55.109Z,0.153813324444,45,3,2026-09-25 13:52:55.109,38.350833333333
Demo experiment,pioreactor02,2026-09-25T08:07:55.109Z,0.019519588545,135,4,2026-09-25 13:52:55.109,38.350833333333
Demo experiment,pioreactor02,2026-09-25T08:08:00.107Z,0.0,90,2,2026-09-25 13:53:00.107,38.352222222222
Demo experiment,pioreactor02,2026-09-25T08:08:00.107Z,0.153777801983,45,3,2026-09-25 13:53:00.107,38.352222222222
Demo experiment,pioreactor02,2026-09-25T08:08:00.107Z,0.019517811984,135,4,2026-09-25 13:53:00.107,38.352222222222
Demo experiment,pioreactor02,2026-09-25T08:08:05.104Z,0.0,90,2,2026-09-25 13:53:05.104,38.353611111111
Demo experiment,pioreactor02,2026-09-25T08:08:05.104Z,0.153845930357,45,3,2026-09-25 13:53:05.104,38.353611111111
Demo experiment,pioreactor02,2026-09-25T08:08:05.104Z,0.019563598134,135,4,2026-09-25 13:53:05.104,38.353611111111
Demo experiment,pioreactor02,2026-09-25T08:08:10.102Z,0.0,90,2,2026-09-25 13:53:10.102,38.355
Demo experiment,pioreactor02,2026-09-25T08:08:10.102Z,0.153854008968,45,3,2026-09-25 13:53:10.102,38.355
Demo experiment,pioreactor02,2026-09-25T08:08:10.102Z,0.019548439732,135,4,2026-09-25 13:53:10.102,38.355
Demo experiment,pioreactor02,2026-09-25T08:08:15.103Z,0.0,90,2,2026-09-25 13:53:15.103,38.356388888889
Demo experiment,pioreactor02,2026-09-25T08:08:15.103Z,0.153862932101,45,3,2026-09-25 13:53:15.103,38.356388888889
Demo experiment,pioreactor02,2026-09-25T08:08:15.103Z,0.019545909458,135,4,2026-09-25 13:53:15.103,38.356388888889
Demo experiment,pioreactor02,2026-09-25T08:08:20.103Z,0.0,90,2,2026-09-25 13:53:20.103,38.357777777778
Demo experiment,pioreactor02,2026-09-25T08:08:20.103Z,0.153841550649,45,3,2026-09-25 13:53:20.103,38.357777777778
Demo experiment,pioreactor02,2026-09-25T08:08:20.103Z,0.019536148758,135,4,2026-09-25 13:53:20.103,38.357777777778
Demo experiment,pioreactor02,2026-09-25T08:08:25.099Z,0.0,90,2,2026-09-25 13:53:25.099,38.359166666667
Demo experiment,pioreactor02,2026-09-25T08:08:25.099Z,0.153885345177,45,3,2026-09-25 13:53:25.099,38.359166666667
Demo experiment,pioreactor02,2026-09-25T08:08:25.099Z,0.019508727524,135,4,2026-09-25 13:53:25.099,38.359166666667
Demo experiment,pioreactor02,2026-09-25T08:08:30.096Z,0.0,90,2,2026-09-25 13:53:30.096,38.360555555556
Demo experiment,pioreactor02,2026-09-25T08:08:30.096Z,0.153901576811,45,3,2026-09-25 13:53:30.096,38.360555555556
Demo experiment,pioreactor02,2026-09-25T08:08:30.096Z,0.019569380825,135,4,2026-09-25 13:53:30.096,38.360555555556
Demo experiment,pioreactor02,2026-09-25T08:08:35.118Z,0.0,90,2,2026-09-25 13:53:35.118,38.361944444444
Demo experiment,pioreactor02,2026-09-25T08:08:35.118Z,0.153873405959,45,3,2026-09-25 13:53:35.118,38.361944444444
Demo experiment,pioreactor02,2026-09-25T08:08:35.118Z,0.019553941727,135,4,2026-09-25 13:53:35.118,38.361944444444
Demo experiment,pioreactor02,2026-09-25T08:08:40.097Z,0.0,90,2,2026-09-25 13:53:40.097,38.363333333333
Demo experiment,pioreactor02,2026-09-25T08:08:40.097Z,0.153844848595,45,3,2026-09-25 13:53:40.097,38.363333333333
Demo experiment,pioreactor02,2026-09-25T08:08:40.097Z,0.019505442523,135,4,2026-09-25 13:53:40.097,38.363333333333
Demo experiment,pioreactor02,2026-09-25T08:08:45.102Z,0.0,90,2,2026-09-25 13:53:45.102,38.364722222222
Demo experiment,pioreactor02,2026-09-25T08:08:45.102Z,0.153846250938,45,3,2026-09-25 13:53:45.102,38.364722222222
Demo experiment,pioreactor02,2026-09-25T08:08:45.102Z,0.019518578495,135,4,2026-09-25 13:53:45.102,38.364722222222
Demo experiment,pioreactor02,2026-09-25T08:08:50.096Z,0.0,90,2,2026-09-25 13:53:50.096,38.366111111111
Demo experiment,pioreactor02,2026-09-25T08:08:50.096Z,0.153892223088,45,3,2026-09-25 13:53:50.096,38.366111111111
Demo experiment,pioreactor02,2026-09-25T08:08:50.096Z,0.01950977445,135,4,2026-09-25 13:53:50.096,38.366111111111
Demo experiment,pioreactor02,2026-09-25T08:08:55.099Z,0.0,90,2,2026-09-25 13:53:55.099,38.3675
Demo experiment,pioreactor02,2026-09-25T08:08:55.099Z,0.1538983155,45,3,2026-09-25 13:53:55.099,38.3675
Demo experiment,pioreactor02,2026-09-25T08:08:55.099Z,0.019482805209,135,4,2026-09-25 13:53:55.099,38.3675
Demo experiment,pioreactor02,2026-09-25T08:09:00.103Z,0.0,90,2,2026-09-25 13:54:00.103,38.368888888889
Demo experiment,pioreactor02,2026-09-25T08:09:00.103Z,0.153916843475,45,3,2026-09-25 13:54:00.103,38.368888888889
Demo experiment,pioreactor02,2026-09-25T08:09:00.103Z,0.019456993068,135,4,2026-09-25 13:54:00.103,38.368888888889
Demo experiment,pioreactor02,2026-09-25T08:09:05.099Z,0.0,90,2,2026-09-25 13:54:05.099,38.370277777778
Demo experiment,pioreactor02,2026-09-25T08:09:05.099Z,0.153914464463,45,3,2026-09-25 13:54:05.099,38.370277777778
Demo experiment,pioreactor02,2026-09-25T08:09:05.099Z,0.019486640599,135,4,2026-09-25 13:54:05.099,38.370277777778
Demo experiment,pioreactor02,2026-09-25T08:09:10.097Z,0.0,90,2,2026-09-25 13:54:10.097,38.371666666667
Demo experiment,pioreactor02,2026-09-25T08:09:10.097Z,0.153925482233,45,3,2026-09-25 13:54:10.097,38.371666666667
Demo experiment,pioreactor02,2026-09-25T08:09:10.097Z,0.019494752403,135,4,2026-09-25 13:54:10.097,38.371666666667
Demo experiment,pioreactor02,2026-09-25T08:09:15.099Z,0.0,90,2,2026-09-25 13:54:15.099,38.373055555556
Demo experiment,pioreactor02,2026-09-25T08:09:15.099Z,0.153934668702,45,3,2026-09-25 13:54:15.099,38.373055555556
Demo experiment,pioreactor02,2026-09-25T08:09:15.099Z,0.019526882696,135,4,2026-09-25 13:54:15.099,38.373055555556
Demo experiment,pioreactor02,2026-09-25T08:09:20.099Z,0.0,90,2,2026-09-25 13:54:20.099,38.374444444444
Demo experiment,pioreactor02,2026-09-25T08:09:20.099Z,0.1538805333,45,3,2026-09-25 13:54:20.099,38.374444444444
Demo experiment,pioreactor02,2026-09-25T08:09:20.099Z,0.019477099701,135,4,2026-09-25 13:54:20.099,38.374444444444
Demo experiment,pioreactor02,2026-09-25T08:09:25.100Z,0.0,90,2,2026-09-25 13:54:25.100,38.375833333333
Demo experiment,pioreactor02,2026-09-25T08:09:25.100Z,0.153928409831,45,3,2026-09-25 13:54:25.100,38.375833333333
Demo experiment,pioreactor02,2026-09-25T08:09:25.100Z,0.019550411387,135,4,2026-09-25 13:54:25.100,38.375833333333
Demo experiment,pioreactor02,2026-09-25T08:09:30.099Z,0.0,90,2,2026-09-25 13:54:30.099,38.377222222222
Demo experiment,pioreactor02,2026-09-25T08:09:30.099Z,0.153882067029,45,3,2026-09-25 13:54:30.099,38.377222222222
Demo experiment,pioreactor02,2026-09-25T08:09:30.099Z,0.019514876631,135,4,2026-09-25 13:54:30.099,38.377222222222
Demo experiment,pioreactor02,2026-09-25T08:09:35.099Z,0.0,90,2,2026-09-25 13:54:35.099,38.378611111111
Demo experiment,pioreactor02,2026-09-25T08:09:35.099Z,0.153899787805,45,3,2026-09-25 13:54:35.099,38.378611111111
Demo experiment,pioreactor02,2026-09-25T08:09:35.099Z,0.019477371905,135,4,2026-09-25 13:54:35.099,38.378611111111
Demo experiment,pioreactor02,2026-09-25T08:09:40.098Z,0.0,90,2,2026-09-25 13:54:40.098,38.38
Demo experiment,pioreactor02,2026-09-25T08:09:40.098Z,0.153891539129,45,3,2026-09-25 13:54:40.098,38.38
Demo experiment,pioreactor02,2026-09-25T08:09:40.098Z,0.019489542316,135,4,2026-09-25 13:54:40.098,38.38
Demo experiment,pioreactor02,2026-09-25T08:09:45.097Z,0.0,90,2,2026-09-25 13:54:45.097,38.381388888889
Demo experiment,pioreactor02,2026-09-25T08:09:45.097Z,0.153856478079,45,3,2026-09-25 13:54:45.097,38.381388888889
Demo experiment,pioreactor02,2026-09-25T08:09:45.097Z,0.01950861419,135,4,2026-09-25 13:54:45.097,38.381388888889
Demo experiment,pioreactor02,2026-09-25T08:09:50.098Z,0.0,90,2,2026-09-25 13:54:50.098,38.382777777778
Demo experiment,pioreactor02,2026-09-25T08:09:50.098Z,0.153908497532,45,3,2026-09-25 13:54:50.098,38.382777777778
Demo experiment,pioreactor02,2026-09-25T08:09:50.098Z,0.019479269441,135,4,2026-09-25 13:54:50.098,38.382777777778
Demo experiment,pioreactor02,2026-09-25T08:09:55.104Z,0.0,90,2,2026-09-25 13:54:55.104,38.384166666667
Demo experiment,pioreactor02,2026-09-25T08:09:55.104Z,0.153968361939,45,3,2026-09-25 13:54:55.104,38.384166666667
Demo experiment,pioreactor02,2026-09-25T08:09:55.104Z,0.019474153005,135,4,2026-09-25 13:54:55.104,38.384166666667
Demo experiment,pioreactor02,2026-09-25T08:10:00.100Z,0.0,90,2,2026-09-25 13:55:00.100,38.385555555556
Demo experiment,pioreactor02,2026-09-25T08:10:00.100Z,0.1539968829,45,3,2026-09-25 13:55:00.100,38.385555555556
Demo experiment,pioreactor02,2026-09-25T08:10:00.100Z,0.019448264818,135,4,2026-09-25 13:55:00.100,38.385555555556
Demo experiment,pioreactor02,2026-09-25T08:10:05.097Z,0.0,90,2,2026-09-25 13:55:05.097,38.386944444444
Demo experiment,pioreactor02,2026-09-25T08:10:05.097Z,0.153973945173,45,3,2026-09-25 13:55:05.097,38.386944444444
Demo experiment,pioreactor02,2026-09-25T08:10:05.097Z,0.019457992401,135,4,2026-09-25 13:55:05.097,38.386944444444
Demo experiment,pioreactor02,2026-09-25T08:10:10.098Z,0.0,90,2,2026-09-25 13:55:10.098,38.388333333333
Demo experiment,pioreactor02,2026-09-25T08:10:10.098Z,0.153976193571,45,3,2026-09-25 13:55:10.098,38.388333333333
Demo experiment,pioreactor02,2026-09-25T08:10:10.098Z,0.019504037749,135,4,2026-09-25 13:55:10.098,38.388333333333
Demo experiment,pioreactor02,2026-09-25T08:10:15.104Z,0.0,90,2,2026-09-25 13:55:15.104,38.389722222222
Demo experiment,pioreactor02,2026-09-25T08:10:15.104Z,0.153982745505,45,3,2026-09-25 13:55:15.104,38.389722222222
Demo experiment,pioreactor02,2026-09-25T08:10:15.104Z,0.019450083997,135,4,2026-09-25 13:55:15.104,38.389722222222
Demo experiment,pioreactor02,2026-09-25T08:10:20.096Z,0.0,90,2,2026-09-25 13:55:20.096,38.391111111111
Demo experiment,pioreactor02,2026-09-25T08:10:20.096Z,0.153904875268,45,3,2026-09-25 13:55:20.096,38.391111111111
Demo experiment,pioreactor02,2026-09-25T08:10:20.096Z,0.019472508261,135,4,2026-09-25 13:55:20.096,38.391111111111
Demo experiment,pioreactor02,2026-09-25T08:10:25.097Z,0.0,90,2,2026-09-25 13:55:25.097,38.3925
Demo experiment,pioreactor02,2026-09-25T08:10:25.097Z,0.153900940112,45,3,2026-09-25 13:55:25.097,38.3925
Demo experiment,pioreactor02,2026-09-25T08:10:25.097Z,0.019478190568,135,4,2026-09-25 13:55:25.097,38.3925
Demo experiment,pioreactor02,2026-09-25T08:10:30.099Z,0.0,90,2,2026-09-25 13:55:30.099,38.393888888889
Demo experiment,pioreactor02,2026-09-25T08:10:30.099Z,0.153960018048,45,3,2026-09-25 13:55:30.099,38.393888888889
Demo experiment,pioreactor02,2026-09-25T08:10:30.099Z,0.019415148696,135,4,2026-09-25 13:55:30.099,38.393888888889
Demo experiment,pioreactor02,2026-09-25T08:10:35.102Z,0.0,90,2,2026-09-25 13:55:35.102,38.395277777778
Demo experiment,pioreactor02,2026-09-25T08:10:35.102Z,0.154021229587,45,3,2026-09-25 13:55:35.102,38.395277777778
Demo experiment,pioreactor02,2026-09-25T08:10:35.102Z,0.019444610768,135,4,2026-09-25 13:55:35.102,38.395277777778
Demo experiment,pioreactor02,2026-09-25T08:10:40.101Z,0.0,90,2,2026-09-25 13:55:40.101,38.396666666667
Demo experiment,pioreactor02,2026-09-25T08:10:40.101Z,0.153994080218,45,3,2026-09-25 13:55:40.101,38.396666666667
Demo experiment,pioreactor02,2026-09-25T08:10:40.101Z,0.019417956608,135,4,2026-09-25 13:55:40.101,38.396666666667
Demo experiment,pioreactor02,2026-09-25T08:10:45.100Z,0.0,90,2,2026-09-25 13:55:45.100,38.398055555556
Demo experiment,pioreactor02,2026-09-25T08:10:45.100Z,0.153991669005,45,3,2026-09-25 13:55:45.100,38.398055555556
Demo experiment,pioreactor02,2026-09-25T08:10:45.100Z,0.019471809749,135,4,2026-09-25 13:55:45.100,38.398055555556
Demo experiment,pioreactor02,2026-09-25T08:10:50.109Z,0.0,90,2,2026-09-25 13:55:50.109,38.399444444444
Demo experiment,pioreactor02,2026-09-25T08:10:50.109Z,0.153931979565,45,3,2026-09-25 13:55:50.109,38.399444444444
Demo experiment,pioreactor02,2026-09-25T08:10:50.109Z,0.01942575188,135,4,2026-09-25 13:55:50.109,38.399444444444
Demo experiment,pioreactor02,2026-09-25T08:10:55.097Z,0.0,90,2,2026-09-25 13:55:55.097,38.400833333333
Demo experiment,pioreactor02,2026-09-25T08:10:55.097Z,0.153965381274,45,3,2026-09-25 13:55:55.097,38.400833333333
Demo experiment,pioreactor02,2026-09-25T08:10:55.097Z,0.019463467776,135,4,2026-09-25 13:55:55.097,38.400833333333
Demo experiment,pioreactor02,2026-09-25T08:11:00.099Z,0.0,90,2,2026-09-25 13:56:00.099,38.402222222222
Demo experiment,pioreactor02,2026-09-25T08:11:00.099Z,0.153978727575,45,3,2026-09-25 13:56:00.099,38.402222222222
Demo experiment,pioreactor02,2026-09-25T08:11:00.099Z,0.019431639454,135,4,2026-09-25 13:56:00.099,38.402222222222
Demo experiment,pioreactor02,2026-09-25T08:11:05.099Z,0.0,90,2,2026-09-25 13:56:05.099,38.403611111111
Demo experiment,pioreactor02,2026-09-25T08:11:05.099Z,0.153960945311,45,3,2026-09-25 13:56:05.099,38.403611111111
Demo experiment,pioreactor02,2026-09-25T08:11:05.099Z,0.019433143119,135,4,2026-09-25 13:56:05.099,38.403611111111
Demo experiment,pioreactor02,2026-09-25T08:11:10.097Z,0.0,90,2,2026-09-25 13:56:10.097,38.405
Demo experiment,pioreactor02,2026-09-25T08:11:10.097Z,0.153983537484,45,3,2026-09-25 13:56:10.097,38.405
Demo experiment,pioreactor02,2026-09-25T08:11:10.097Z,0.019472368933,135,4,2026-09-25 13:56:10.097,38.405
Demo experiment,pioreactor02,2026-09-25T08:11:15.099Z,0.0,90,2,2026-09-25 13:56:15.099,38.406388888889
Demo experiment,pioreactor02,2026-09-25T08:11:15.099Z,0.154045951778,45,3,2026-09-25 13:56:15.099,38.406388888889
Demo experiment,pioreactor02,2026-09-25T08:11:15.099Z,0.019419767874,135,4,2026-09-25 13:56:15.099,38.406388888889
Demo experiment,pioreactor02,2026-09-25T08:11:20.099Z,0.0,90,2,2026-09-25 13:56:20.099,38.407777777778
Demo experiment,pioreactor02,2026-09-25T08:11:20.099Z,0.154041794603,45,3,2026-09-25 13:56:20.099,38.407777777778
Demo experiment,pioreactor02,2026-09-25T08:11:20.099Z,0.019386185907,135,4,2026-09-25 13:56:20.099,38.407777777778
Demo experiment,pioreactor02,2026-09-25T08:11:25.098Z,0.0,90,2,2026-09-25 13:56:25.098,38.409166666667
Demo experiment,pioreactor02,2026-09-25T08:11:25.098Z,0.154066274689,45,3,2026-09-25 13:56:25.098,38.409166666667
Demo experiment,pioreactor02,2026-09-25T08:11:25.098Z,0.01939847782,135,4,2026-09-25 13:56:25.098,38.409166666667
Demo experiment,pioreactor02,2026-09-25T08:11:30.098Z,0.0,90,2,2026-09-25 13:56:30.098,38.410555555556
Demo experiment,pioreactor02,2026-09-25T08:11:30.098Z,0.154051188846,45,3,2026-09-25 13:56:30.098,38.410555555556
Demo experiment,pioreactor02,2026-09-25T08:11:30.098Z,0.019386726366,135,4,2026-09-25 13:56:30.098,38.410555555556
Demo experiment,pioreactor02,2026-09-25T08:11:35.098Z,0.0,90,2,2026-09-25 13:56:35.098,38.411944444444
Demo experiment,pioreactor02,2026-09-25T08:11:35.098Z,0.154128569908,45,3,2026-09-25 13:56:35.098,38.411944444444
Demo experiment,pioreactor02,2026-09-25T08:11:35.098Z,0.019395651934,135,4,2026-09-25 13:56:35.098,38.411944444444
Demo experiment,pioreactor02,2026-09-25T08:11:40.097Z,0.0,90,2,2026-09-25 13:56:40.097,38.413333333333
Demo experiment,pioreactor02,2026-09-25T08:11:40.097Z,0.154133975043,45,3,2026-09-25 13:56:40.097,38.413333333333
Demo experiment,pioreactor02,2026-09-25T08:11:40.097Z,0.01939140317,135,4,2026-09-25 13:56:40.097,38.413333333333
Demo experiment,pioreactor02,2026-09-25T08:11:45.097Z,0.0,90,2,2026-09-25 13:56:45.097,38.414722222222
Demo experiment,pioreactor02,2026-09-25T08:11:45.097Z,0.154185201991,45,3,2026-09-25 13:56:45.097,38.414722222222
Demo experiment,pioreactor02,2026-09-25T08:11:45.097Z,0.01937695791,135,4,2026-09-25 13:56:45.097,38.414722222222
Demo experiment,pioreactor02,2026-09-25T08:11:50.098Z,0.0,90,2,2026-09-25 13:56:50.098,38.416111111111
Demo experiment,pioreactor02,2026-09-25T08:11:50.098Z,0.154186019591,45,3,2026-09-25 13:56:50.098,38.416111111111
Demo experiment,pioreactor02,2026-09-25T08:11:50.098Z,0.019396678135,135,4,2026-09-25 13:56:50.098,38.416111111111
Demo experiment,pioreactor02,2026-09-25T08:11:55.099Z,0.0,90,2,2026-09-25 13:56:55.099,38.4175
Demo experiment,pioreactor02,2026-09-25T08:11:55.099Z,0.154164352639,45,3,2026-09-25 13:56:55.099,38.4175
Demo experiment,pioreactor02,2026-09-25T08:11:55.099Z,0.019411282907,135,4,2026-09-25 13:56:55.099,38.4175
Demo experiment,pioreactor02,2026-09-25T08:12:00.098Z,0.0,90,2,2026-09-25 13:57:00.098,38.418888888889
Demo experiment,pioreactor02,2026-09-25T08:12:00.098Z,0.154112341494,45,3,2026-09-25 13:57:00.098,38.418888888889
Demo experiment,pioreactor02,2026-09-25T08:12:00.098Z,0.019416657162,135,4,2026-09-25 13:57:00.098,38.418888888889
Demo experiment,pioreactor02,2026-09-25T08:12:05.098Z,0.0,90,2,2026-09-25 13:57:05.098,38.420277777778
Demo experiment,pioreactor02,2026-09-25T08:12:05.098Z,0.15413854866,45,3,2026-09-25 13:57:05.098,38.420277777778
Demo experiment,pioreactor02,2026-09-25T08:12:05.098Z,0.019405458018,135,4,2026-09-25 13:57:05.098,38.420277777778
Demo experiment,pioreactor02,2026-09-25T08:12:10.104Z,0.0,90,2,2026-09-25 13:57:10.104,38.421666666667
Demo experiment,pioreactor02,2026-09-25T08:12:10.104Z,0.154165285291,45,3,2026-09-25 13:57:10.104,38.421666666667
Demo experiment,pioreactor02,2026-09-25T08:12:10.104Z,0.019410419767,135,4,2026-09-25 13:57:10.104,38.421666666667
Demo experiment,pioreactor02,2026-09-25T08:12:15.100Z,0.0,90,2,2026-09-25 13:57:15.100,38.423055555556
Demo experiment,pioreactor02,2026-09-25T08:12:15.100Z,0.15413612711,45,3,2026-09-25 13:57:15.100,38.423055555556
Demo experiment,pioreactor02,2026-09-25T08:12:15.100Z,0.019359040285,135,4,2026-09-25 13:57:15.100,38.423055555556
Demo experiment,pioreactor02,2026-09-25T08:12:20.099Z,0.0,90,2,2026-09-25 13:57:20.099,38.424444444444
Demo experiment,pioreactor02,2026-09-25T08:12:20.099Z,0.154148026293,45,3,2026-09-25 13:57:20.099,38.424444444444
Demo experiment,pioreactor02,2026-09-25T08:12:20.099Z,0.019339974479,135,4,2026-09-25 13:57:20.099,38.424444444444
Demo experiment,pioreactor02,2026-09-25T08:12:25.099Z,0.0,90,2,2026-09-25 13:57:25.099,38.425833333333
Demo experiment,pioreactor02,2026-09-25T08:12:25.099Z,0.154167054155,45,3,2026-09-25 13:57:25.099,38.425833333333
Demo experiment,pioreactor02,2026-09-25T08:12:25.099Z,0.019379607536,135,4,2026-09-25 13:57:25.099,38.425833333333
Demo experiment,pioreactor02,2026-09-25T08:12:30.099Z,0.0,90,2,2026-09-25 13:57:30.099,38.427222222222
Demo experiment,pioreactor02,2026-09-25T08:12:30.099Z,0.15421215015,45,3,2026-09-25 13:57:30.099,38.427222222222
Demo experiment,pioreactor02,2026-09-25T08:12:30.099Z,0.019402053673,135,4,2026-09-25 13:57:30.099,38.427222222222
Demo experiment,pioreactor02,2026-09-25T08:12:35.097Z,0.0,90,2,2026-09-25 13:57:35.097,38.428611111111
Demo experiment,pioreactor02,2026-09-25T08:12:35.097Z,0.154236470401,45,3,2026-09-25 13:57:35.097,38.428611111111
Demo experiment,pioreactor02,2026-09-25T08:12:35.097Z,0.019379130784,135,4,2026-09-25 13:57:35.097,38.428611111111
Demo experiment,pioreactor02,2026-09-25T08:12:40.096Z,0.0,90,2,2026-09-25 13:57:40.096,38.43
Demo experiment,pioreactor02,2026-09-25T08:12:40.096Z,0.154243706114,45,3,2026-09-25 13:57:40.096,38.43
Demo experiment,pioreactor02,2026-09-25T08:12:40.096Z,0.019374239097,135,4,2026-09-25 13:57:40.096,38.43
Demo experiment,pioreactor02,2026-09-25T08:12:45.100Z,0.0,90,2,2026-09-25 13:57:45.100,38.431388888889
Demo experiment,pioreactor02,2026-09-25T08:12:45.100Z,0.154235874933,45,3,2026-09-25 13:57:45.100,38.431388888889
Demo experiment,pioreactor02,2026-09-25T08:12:45.100Z,0.019347525278,135,4,2026-09-25 13:57:45.100,38.431388888889
Demo experiment,pioreactor02,2026-09-25T08:12:50.100Z,0.0,90,2,2026-09-25 13:57:50.100,38.432777777778
Demo experiment,pioreactor02,2026-09-25T08:12:50.100Z,0.154270834691,45,3,2026-09-25 13:57:50.100,38.432777777778
Demo experiment,pioreactor02,2026-09-25T08:12:50.100Z,0.019323984621,135,4,2026-09-25 13:57:50.100,38.432777777778
Demo experiment,pioreactor02,2026-09-25T08:12:55.100Z,0.0,90,2,2026-09-25 13:57:55.100,38.434166666667
Demo experiment,pioreactor02,2026-09-25T08:12:55.100Z,0.154306451655,45,3,2026-09-25 13:57:55.100,38.434166666667
Demo experiment,pioreactor02,2026-09-25T08:12:55.100Z,0.01932900838,135,4,2026-09-25 13:57:55.100,38.434166666667
Demo experiment,pioreactor02,2026-09-25T08:13:00.104Z,0.0,90,2,2026-09-25 13:58:00.104,38.435555555556
Demo experiment,pioreactor02,2026-09-25T08:13:00.104Z,0.154298668891,45,3,2026-09-25 13:58:00.104,38.435555555556
Demo experiment,pioreactor02,2026-09-25T08:13:00.104Z,0.019325137242,135,4,2026-09-25 13:58:00.104,38.435555555556
Demo experiment,pioreactor02,2026-09-25T08:13:05.104Z,0.0,90,2,2026-09-25 13:58:05.104,38.436944444444
Demo experiment,pioreactor02,2026-09-25T08:13:05.104Z,0.154252214851,45,3,2026-09-25 13:58:05.104,38.436944444444
Demo experiment,pioreactor02,2026-09-25T08:13:05.104Z,0.019382888796,135,4,2026-09-25 13:58:05.104,38.436944444444
Demo experiment,pioreactor02,2026-09-25T08:13:10.102Z,0.0,90,2,2026-09-25 13:58:10.102,38.438333333333
Demo experiment,pioreactor02,2026-09-25T08:13:10.102Z,0.154297471548,45,3,2026-09-25 13:58:10.102,38.438333333333
Demo experiment,pioreactor02,2026-09-25T08:13:10.102Z,0.019326338035,135,4,2026-09-25 13:58:10.102,38.438333333333
Demo experiment,pioreactor02,2026-09-25T08:13:15.102Z,0.0,90,2,2026-09-25 13:58:15.102,38.439722222222
Demo experiment,pioreactor02,2026-09-25T08:13:15.102Z,0.154341937867,45,3,2026-09-25 13:58:15.102,38.439722222222
Demo experiment,pioreactor02,2026-09-25T08:13:15.102Z,0.019346049875,135,4,2026-09-25 13:58:15.102,38.439722222222
Demo experiment,pioreactor02,2026-09-25T08:13:20.101Z,0.0,90,2,2026-09-25 13:58:20.101,38.441111111111
Demo experiment,pioreactor02,2026-09-25T08:13:20.101Z,0.154373583956,45,3,2026-09-25 13:58:20.101,38.441111111111
Demo experiment,pioreactor02,2026-09-25T08:13:20.101Z,0.019344021724,135,4,2026-09-25 13:58:20.101,38.441111111111
Demo experiment,pioreactor02,2026-09-25T08:13:25.100Z,0.0,90,2,2026-09-25 13:58:25.100,38.4425
Demo experiment,pioreactor02,2026-09-25T08:13:25.100Z,0.154355673333,45,3,2026-09-25 13:58:25.100,38.4425
Demo experiment,pioreactor02,2026-09-25T08:13:25.100Z,0.019351212887,135,4,2026-09-25 13:58:25.100,38.4425
Demo experiment,pioreactor02,2026-09-25T08:13:30.107Z,0.0,90,2,2026-09-25 13:58:30.107,38.443888888889
Demo experiment,pioreactor02,2026-09-25T08:13:30.107Z,0.154361535269,45,3,2026-09-25 13:58:30.107,38.443888888889
Demo experiment,pioreactor02,2026-09-25T08:13:30.107Z,0.01935565283,135,4,2026-09-25 13:58:30.107,38.443888888889
Demo experiment,pioreactor02,2026-09-25T08:13:35.101Z,0.0,90,2,2026-09-25 13:58:35.101,38.445277777778
Demo experiment,pioreactor02,2026-09-25T08:13:35.101Z,0.154371858466,45,3,2026-09-25 13:58:35.101,38.445277777778
Demo experiment,pioreactor02,2026-09-25T08:13:35.101Z,0.019347053355,135,4,2026-09-25 13:58:35.101,38.445277777778
Demo experiment,pioreactor02,2026-09-25T08:13:40.101Z,0.0,90,2,2026-09-25 13:58:40.101,38.446666666667
Demo experiment,pioreactor02,2026-09-25T08:13:40.101Z,0.154368238772,45,3,2026-09-25 13:58:40.101,38.446666666667
Demo experiment,pioreactor02,2026-09-25T08:13:40.101Z,0.019343854987,135,4,2026-09-25 13:58:40.101,38.446666666667
Demo experiment,pioreactor02,2026-09-25T08:13:45.098Z,0.0,90,2,2026-09-25 13:58:45.098,38.448055555556
Demo experiment,pioreactor02,2026-09-25T08:13:45.098Z,0.154381795878,45,3,2026-09-25 13:58:45.098,38.448055555556
Demo experiment,pioreactor02,2026-09-25T08:13:45.098Z,0.019340798033,135,4,2026-09-25 13:58:45.098,38.448055555556
Demo experiment,pioreactor02,2026-09-25T08:13:50.098Z,0.0,90,2,2026-09-25 13:58:50.098,38.449444444444
Demo experiment,pioreactor02,2026-09-25T08:13:50.098Z,0.154392272805,45,3,2026-09-25 13:58:50.098,38.449444444444
Demo experiment,pioreactor02,2026-09-25T08:13:50.098Z,0.019317819025,135,4,2026-09-25 13:58:50.098,38.449444444444
Demo experiment,pioreactor02,2026-09-25T08:13:55.097Z,0.0,90,2,2026-09-25 13:58:55.097,38.450833333333
Demo experiment,pioreactor02,2026-09-25T08:13:55.097Z,0.15440645809,45,3,2026-09-25 13:58:55.097,38.450833333333
Demo experiment,pioreactor02,2026-09-25T08:13:55.097Z,0.019325140979,135,4,2026-09-25 13:58:55.097,38.450833333333
Demo experiment,pioreactor02,2026-09-25T08:14:00.099Z,0.0,90,2,2026-09-25 13:59:00.099,38.452222222222
Demo experiment,pioreactor02,2026-09-25T08:14:00.099Z,0.154419030638,45,3,2026-09-25 13:59:00.099,38.452222222222
Demo experiment,pioreactor02,2026-09-25T08:14:00.099Z,0.01932763242,135,4,2026-09-25 13:59:00.099,38.452222222222
Demo experiment,pioreactor02,2026-09-25T08:14:05.103Z,0.0,90,2,2026-09-25 13:59:05.103,38.453611111111
Demo experiment,pioreactor02,2026-09-25T08:14:05.103Z,0.154421905007,45,3,2026-09-25 13:59:05.103,38.453611111111
Demo experiment,pioreactor02,2026-09-25T08:14:05.103Z,0.019301000619,135,4,2026-09-25 13:59:05.103,38.453611111111
Demo experiment,pioreactor02,2026-09-25T08:14:10.101Z,0.0,90,2,2026-09-25 13:59:10.101,38.455
Demo experiment,pioreactor02,2026-09-25T08:14:10.101Z,0.15441776111,45,3,2026-09-25 13:59:10.101,38.455
Demo experiment,pioreactor02,2026-09-25T08:14:10.101Z,0.019304902177,135,4,2026-09-25 13:59:10.101,38.455
Demo experiment,pioreactor02,2026-09-25T08:14:15.101Z,0.0,90,2,2026-09-25 13:59:15.101,38.456388888889
Demo experiment,pioreactor02,2026-09-25T08:14:15.101Z,0.154381453246,45,3,2026-09-25 13:59:15.101,38.456388888889
Demo experiment,pioreactor02,2026-09-25T08:14:15.101Z,0.01932663842,135,4,2026-09-25 13:59:15.101,38.456388888889
Demo experiment,pioreactor02,2026-09-25T08:14:20.102Z,0.0,90,2,2026-09-25 13:59:20.102,38.457777777778
Demo experiment,pioreactor02,2026-09-25T08:14:20.102Z,0.154427024359,45,3,2026-09-25 13:59:20.102,38.457777777778
Demo experiment,pioreactor02,2026-09-25T08:14:20.102Z,0.019307200241,135,4,2026-09-25 13:59:20.102,38.457777777778
Demo experiment,pioreactor02,2026-09-25T08:14:25.103Z,0.0,90,2,2026-09-25 13:59:25.103,38.459166666667
Demo experiment,pioreactor02,2026-09-25T08:14:25.103Z,0.15442281687,45,3,2026-09-25 13:59:25.103,38.459166666667
Demo experiment,pioreactor02,2026-09-25T08:14:25.103Z,0.019289253797,135,4,2026-09-25 13:59:25.103,38.459166666667
Demo experiment,pioreactor02,2026-09-25T08:14:30.101Z,0.0,90,2,2026-09-25 13:59:30.101,38.460555555556
Demo experiment,pioreactor02,2026-09-25T08:14:30.101Z,0.154409141692,45,3,2026-09-25 13:59:30.101,38.460555555556
Demo experiment,pioreactor02,2026-09-25T08:14:30.101Z,0.019311191738,135,4,2026-09-25 13:59:30.101,38.460555555556
Demo experiment,pioreactor02,2026-09-25T08:14:35.100Z,0.0,90,2,2026-09-25 13:59:35.100,38.461944444444
Demo experiment,pioreactor02,2026-09-25T08:14:35.100Z,0.154431155551,45,3,2026-09-25 13:59:35.100,38.461944444444
Demo experiment,pioreactor02,2026-09-25T08:14:35.100Z,0.019319908327,135,4,2026-09-25 13:59:35.100,38.461944444444
Demo experiment,pioreactor02,2026-09-25T08:14:40.100Z,0.0,90,2,2026-09-25 13:59:40.100,38.463333333333
Demo experiment,pioreactor02,2026-09-25T08:14:40.100Z,0.1544331893,45,3,2026-09-25 13:59:40.100,38.463333333333
Demo experiment,pioreactor02,2026-09-25T08:14:40.100Z,0.019314283001,135,4,2026-09-25 13:59:40.100,38.463333333333
Demo experiment,pioreactor02,2026-09-25T08:14:45.100Z,0.0,90,2,2026-09-25 13:59:45.100,38.464722222222
Demo experiment,pioreactor02,2026-09-25T08:14:45.100Z,0.154396684355,45,3,2026-09-25 13:59:45.100,38.464722222222
Demo experiment,pioreactor02,2026-09-25T08:14:45.100Z,0.019306201323,135,4,2026-09-25 13:59:45.100,38.464722222222
Demo experiment,pioreactor02,2026-09-25T08:14:50.097Z,0.0,90,2,2026-09-25 13:59:50.097,38.466111111111
Demo experiment,pioreactor02,2026-09-25T08:14:50.097Z,0.154476507766,45,3,2026-09-25 13:59:50.097,38.466111111111
Demo experiment,pioreactor02,2026-09-25T08:14:50.097Z,0.019315065612,135,4,2026-09-25 13:59:50.097,38.466111111111
Demo experiment,pioreactor02,2026-09-25T08:14:55.115Z,0.0,90,2,2026-09-25 13:59:55.115,38.4675
Demo experiment,pioreactor02,2026-09-25T08:14:55.115Z,0.154480748794,45,3,2026-09-25 13:59:55.115,38.4675
Demo experiment,pioreactor02,2026-09-25T08:14:55.115Z,0.019310925452,135,4,2026-09-25 13:59:55.115,38.4675
Demo experiment,pioreactor02,2026-09-25T08:15:00.098Z,0.0,90,2,2026-09-25 14:00:00.098,38.468888888889
Demo experiment,pioreactor02,2026-09-25T08:15:00.098Z,0.15441075871,45,3,2026-09-25 14:00:00.098,38.468888888889
Demo experiment,pioreactor02,2026-09-25T08:15:00.098Z,0.019333556559,135,4,2026-09-25 14:00:00.098,38.468888888889
Demo experiment,pioreactor02,2026-09-25T08:15:05.100Z,0.0,90,2,2026-09-25 14:00:05.100,38.470277777778
Demo experiment,pioreactor02,2026-09-25T08:15:05.100Z,0.154428707925,45,3,2026-09-25 14:00:05.100,38.470277777778
Demo experiment,pioreactor02,2026-09-25T08:15:05.100Z,0.019303572379,135,4,2026-09-25 14:00:05.100,38.470277777778
Demo experiment,pioreactor02,2026-09-25T08:15:10.107Z,0.0,90,2,2026-09-25 14:00:10.107,38.471666666667
Demo experiment,pioreactor02,2026-09-25T08:15:10.107Z,0.154414389594,45,3,2026-09-25 14:00:10.107,38.471666666667
Demo experiment,pioreactor02,2026-09-25T08:15:10.107Z,0.019295218158,135,4,2026-09-25 14:00:10.107,38.471666666667
Demo experiment,pioreactor02,2026-09-25T08:15:15.100Z,0.0,90,2,2026-09-25 14:00:15.100,38.473055555556
Demo experiment,pioreactor02,2026-09-25T08:15:15.100Z,0.154378336249,45,3,2026-09-25 14:00:15.100,38.473055555556
Demo experiment,pioreactor02,2026-09-25T08:15:15.100Z,0.019319414952,135,4,2026-09-25 14:00:15.100,38.473055555556
Demo experiment,pioreactor02,2026-09-25T08:15:20.101Z,0.0,90,2,2026-09-25 14:00:20.101,38.474444444444
Demo experiment,pioreactor02,2026-09-25T08:15:20.101Z,0.154360500064,45,3,2026-09-25 14:00:20.101,38.474444444444
Demo experiment,pioreactor02,2026-09-25T08:15:20.101Z,0.019256491449,135,4,2026-09-25 14:00:20.101,38.474444444444
Demo experiment,pioreactor02,2026-09-25T08:15:25.099Z,0.0,90,2,2026-09-25 14:00:25.099,38.475833333333
Demo experiment,pioreactor02,2026-09-25T08:15:25.099Z,0.154407491648,45,3,2026-09-25 14:00:25.099,38.475833333333
Demo experiment,pioreactor02,2026-09-25T08:15:25.099Z,0.019285646919,135,4,2026-09-25 14:00:25.099,38.475833333333
Demo experiment,pioreactor02,2026-09-25T08:15:30.104Z,0.0,90,2,2026-09-25 14:00:30.104,38.477222222222
Demo experiment,pioreactor02,2026-09-25T08:15:30.104Z,0.154516225074,45,3,2026-09-25 14:00:30.104,38.477222222222
Demo experiment,pioreactor02,2026-09-25T08:15:30.104Z,0.019325559593,135,4,2026-09-25 14:00:30.104,38.477222222222
Demo experiment,pioreactor02,2026-09-25T08:15:35.104Z,0.0,90,2,2026-09-25 14:00:35.104,38.478611111111
Demo experiment,pioreactor02,2026-09-25T08:15:35.104Z,0.154459613423,45,3,2026-09-25 14:00:35.104,38.478611111111
Demo experiment,pioreactor02,2026-09-25T08:15:35.104Z,0.019328743198,135,4,2026-09-25 14:00:35.104,38.478611111111
Demo experiment,pioreactor02,2026-09-25T08:15:40.098Z,0.0,90,2,2026-09-25 14:00:40.098,38.48
Demo experiment,pioreactor02,2026-09-25T08:15:40.098Z,0.154573884093,45,3,2026-09-25 14:00:40.098,38.48
Demo experiment,pioreactor02,2026-09-25T08:15:40.098Z,0.019291953691,135,4,2026-09-25 14:00:40.098,38.48
Demo experiment,pioreactor02,2026-09-25T08:15:45.105Z,0.0,90,2,2026-09-25 14:00:45.105,38.481388888889
Demo experiment,pioreactor02,2026-09-25T08:15:45.105Z,0.154699383504,45,3,2026-09-25 14:00:45.105,38.481388888889
Demo experiment,pioreactor02,2026-09-25T08:15:45.105Z,0.019296076713,135,4,2026-09-25 14:00:45.105,38.481388888889
Demo experiment,pioreactor02,2026-09-25T08:15:50.098Z,0.0,90,2,2026-09-25 14:00:50.098,38.482777777778
Demo experiment,pioreactor02,2026-09-25T08:15:50.098Z,0.15469694015,45,3,2026-09-25 14:00:50.098,38.482777777778
Demo experiment,pioreactor02,2026-09-25T08:15:50.098Z,0.01933419724,135,4,2026-09-25 14:00:50.098,38.482777777778
Demo experiment,pioreactor02,2026-09-25T08:15:55.098Z,0.0,90,2,2026-09-25 14:00:55.098,38.484166666667
Demo experiment,pioreactor02,2026-09-25T08:15:55.098Z,0.15470257525,45,3,2026-09-25 14:00:55.098,38.484166666667
Demo experiment,pioreactor02,2026-09-25T08:15:55.098Z,0.019272628912,135,4,2026-09-25 14:00:55.098,38.484166666667
Demo experiment,pioreactor02,2026-09-25T08:16:00.097Z,0.0,90,2,2026-09-25 14:01:00.097,38.485555555556
Demo experiment,pioreactor02,2026-09-25T08:16:00.097Z,0.154658676045,45,3,2026-09-25 14:01:00.097,38.485555555556
Demo experiment,pioreactor02,2026-09-25T08:16:00.097Z,0.019274405662,135,4,2026-09-25 14:01:00.097,38.485555555556
Demo experiment,pioreactor02,2026-09-25T08:16:05.099Z,0.0,90,2,2026-09-25 14:01:05.099,38.486944444444
Demo experiment,pioreactor02,2026-09-25T08:16:05.099Z,0.154717018329,45,3,2026-09-25 14:01:05.099,38.486944444444
Demo experiment,pioreactor02,2026-09-25T08:16:05.099Z,0.019334862776,135,4,2026-09-25 14:01:05.099,38.486944444444
Demo experiment,pioreactor02,2026-09-25T08:16:10.098Z,0.0,90,2,2026-09-25 14:01:10.098,38.488333333333
Demo experiment,pioreactor02,2026-09-25T08:16:10.098Z,0.154770943628,45,3,2026-09-25 14:01:10.098,38.488333333333
Demo experiment,pioreactor02,2026-09-25T08:16:10.098Z,0.019279731544,135,4,2026-09-25 14:01:10.098,38.488333333333
Demo experiment,pioreactor02,2026-09-25T08:16:15.109Z,0.0,90,2,2026-09-25 14:01:15.109,38.489722222222
Demo experiment,pioreactor02,2026-09-25T08:16:15.109Z,0.154753931341,45,3,2026-09-25 14:01:15.109,38.489722222222
Demo experiment,pioreactor02,2026-09-25T08:16:15.109Z,0.019350531921,135,4,2026-09-25 14:01:15.109,38.489722222222
Demo experiment,pioreactor02,2026-09-25T08:16:20.096Z,0.0,90,2,2026-09-25 14:01:20.096,38.491111111111
Demo experiment,pioreactor02,2026-09-25T08:16:20.096Z,0.154759410879,45,3,2026-09-25 14:01:20.096,38.491111111111
Demo experiment,pioreactor02,2026-09-25T08:16:20.096Z,0.019310174592,135,4,2026-09-25 14:01:20.096,38.491111111111
Demo experiment,pioreactor02,2026-09-25T08:16:25.100Z,0.0,90,2,2026-09-25 14:01:25.100,38.4925
Demo experiment,pioreactor02,2026-09-25T08:16:25.100Z,0.154634788087,45,3,2026-09-25 14:01:25.100,38.4925
Demo experiment,pioreactor02,2026-09-25T08:16:25.100Z,0.019243404096,135,4,2026-09-25 14:01:25.100,38.4925
Demo experiment,pioreactor02,2026-09-25T08:16:30.096Z,0.0,90,2,2026-09-25 14:01:30.096,38.493888888889
Demo experiment,pioreactor02,2026-09-25T08:16:30.096Z,0.154780343417,45,3,2026-09-25 14:01:30.096,38.493888888889
Demo experiment,pioreactor02,2026-09-25T08:16:30.096Z,0.019293020365,135,4,2026-09-25 14:01:30.096,38.493888888889
Demo experiment,pioreactor02,2026-09-25T08:16:35.104Z,0.0,90,2,2026-09-25 14:01:35.104,38.495277777778
Demo experiment,pioreactor02,2026-09-25T08:16:35.104Z,0.154762920108,45,3,2026-09-25 14:01:35.104,38.495277777778
Demo experiment,pioreactor02,2026-09-25T08:16:35.104Z,0.019284860886,135,4,2026-09-25 14:01:35.104,38.495277777778
Demo experiment,pioreactor02,2026-09-25T08:16:40.099Z,0.0,90,2,2026-09-25 14:01:40.099,38.496666666667
Demo experiment,pioreactor02,2026-09-25T08:16:40.099Z,0.154773356098,45,3,2026-09-25 14:01:40.099,38.496666666667
Demo experiment,pioreactor02,2026-09-25T08:16:40.099Z,0.01926955914,135,4,2026-09-25 14:01:40.099,38.496666666667
Demo experiment,pioreactor02,2026-09-25T08:16:45.100Z,0.0,90,2,2026-09-25 14:01:45.100,38.498055555556
Demo experiment,pioreactor02,2026-09-25T08:16:45.100Z,0.154648848317,45,3,2026-09-25 14:01:45.100,38.498055555556
Demo experiment,pioreactor02,2026-09-25T08:16:45.100Z,0.0193004135,135,4,2026-09-25 14:01:45.100,38.498055555556
Demo experiment,pioreactor02,2026-09-25T08:16:50.100Z,0.0,90,2,2026-09-25 14:01:50.100,38.499444444444
Demo experiment,pioreactor02,2026-09-25T08:16:50.100Z,0.15479656947,45,3,2026-09-25 14:01:50.100,38.499444444444
Demo experiment,pioreactor02,2026-09-25T08:16:50.100Z,0.019275153294,135,4,2026-09-25 14:01:50.100,38.499444444444
Demo experiment,pioreactor02,2026-09-25T08:16:55.098Z,0.0,90,2,2026-09-25 14:01:55.098,38.500833333333
Demo experiment,pioreactor02,2026-09-25T08:16:55.098Z,0.154971416341,45,3,2026-09-25 14:01:55.098,38.500833333333
Demo experiment,pioreactor02,2026-09-25T08:16:55.098Z,0.019303067794,135,4,2026-09-25 14:01:55.098,38.500833333333
Demo experiment,pioreactor02,2026-09-25T08:17:00.106Z,0.0,90,2,2026-09-25 14:02:00.106,38.502222222222
Demo experiment,pioreactor02,2026-09-25T08:17:00.106Z,0.154932925526,45,3,2026-09-25 14:02:00.106,38.502222222222
Demo experiment,pioreactor02,2026-09-25T08:17:00.106Z,0.019298053784,135,4,2026-09-25 14:02:00.106,38.502222222222
Demo experiment,pioreactor02,2026-09-25T08:17:05.097Z,0.0,90,2,2026-09-25 14:02:05.097,38.503611111111
Demo experiment,pioreactor02,2026-09-25T08:17:05.097Z,0.154775600095,45,3,2026-09-25 14:02:05.097,38.503611111111
Demo experiment,pioreactor02,2026-09-25T08:17:05.097Z,0.019272991898,135,4,2026-09-25 14:02:05.097,38.503611111111
Demo experiment,pioreactor02,2026-09-25T08:17:10.101Z,0.0,90,2,2026-09-25 14:02:10.101,38.505
Demo experiment,pioreactor02,2026-09-25T08:17:10.101Z,0.154907329192,45,3,2026-09-25 14:02:10.101,38.505
Demo experiment,pioreactor02,2026-09-25T08:17:10.101Z,0.019296794826,135,4,2026-09-25 14:02:10.101,38.505
Demo experiment,pioreactor02,2026-09-25T08:17:15.097Z,0.0,90,2,2026-09-25 14:02:15.097,38.506388888889
Demo experiment,pioreactor02,2026-09-25T08:17:15.097Z,0.154792571537,45,3,2026-09-25 14:02:15.097,38.506388888889
Demo experiment,pioreactor02,2026-09-25T08:17:15.097Z,0.019293759764,135,4,2026-09-25 14:02:15.097,38.506388888889
Demo experiment,pioreactor02,2026-09-25T08:17:20.100Z,0.0,90,2,2026-09-25 14:02:20.100,38.507777777778
Demo experiment,pioreactor02,2026-09-25T08:17:20.100Z,0.154600860729,45,3,2026-09-25 14:02:20.100,38.507777777778
Demo experiment,pioreactor02,2026-09-25T08:17:20.100Z,0.019268605418,135,4,2026-09-25 14:02:20.100,38.507777777778
Demo experiment,pioreactor02,2026-09-25T08:17:25.102Z,0.0,90,2,2026-09-25 14:02:25.102,38.509166666667
Demo experiment,pioreactor02,2026-09-25T08:17:25.102Z,0.154288907175,45,3,2026-09-25 14:02:25.102,38.509166666667
Demo experiment,pioreactor02,2026-09-25T08:17:25.102Z,0.019233848626,135,4,2026-09-25 14:02:25.102,38.509166666667
Demo experiment,pioreactor02,2026-09-25T08:17:30.099Z,0.0,90,2,2026-09-25 14:02:30.099,38.510555555556
Demo experiment,pioreactor02,2026-09-25T08:17:30.099Z,0.154458296777,45,3,2026-09-25 14:02:30.099,38.510555555556
Demo experiment,pioreactor02,2026-09-25T08:17:30.099Z,0.019206422787,135,4,2026-09-25 14:02:30.099,38.510555555556
Demo experiment,pioreactor02,2026-09-25T08:17:35.098Z,0.0,90,2,2026-09-25 14:02:35.098,38.511944444444
Demo experiment,pioreactor02,2026-09-25T08:17:35.098Z,0.154557660833,45,3,2026-09-25 14:02:35.098,38.511944444444
Demo experiment,pioreactor02,2026-09-25T08:17:35.098Z,0.019282168956,135,4,2026-09-25 14:02:35.098,38.511944444444
Demo experiment,pioreactor02,2026-09-25T08:17:40.100Z,0.0,90,2,2026-09-25 14:02:40.100,38.513333333333
Demo experiment,pioreactor02,2026-09-25T08:17:40.100Z,0.154647575109,45,3,2026-09-25 14:02:40.100,38.513333333333
Demo experiment,pioreactor02,2026-09-25T08:17:40.100Z,0.019273197833,135,4,2026-09-25 14:02:40.100,38.513333333333
Demo experiment,pioreactor02,2026-09-25T08:17:45.104Z,0.0,90,2,2026-09-25 14:02:45.104,38.514722222222
Demo experiment,pioreactor02,2026-09-25T08:17:45.104Z,0.154649463449,45,3,2026-09-25 14:02:45.104,38.514722222222
Demo experiment,pioreactor02,2026-09-25T08:17:45.104Z,0.019285058264,135,4,2026-09-25 14:02:45.104,38.514722222222
Demo experiment,pioreactor02,2026-09-25T08:17:50.101Z,0.0,90,2,2026-09-25 14:02:50.101,38.516111111111
Demo experiment,pioreactor02,2026-09-25T08:17:50.101Z,0.154740105506,45,3,2026-09-25 14:02:50.101,38.516111111111
Demo experiment,pioreactor02,2026-09-25T08:17:50.101Z,0.019327602605,135,4,2026-09-25 14:02:50.101,38.516111111111
Demo experiment,pioreactor02,2026-09-25T08:17:55.097Z,0.0,90,2,2026-09-25 14:02:55.097,38.5175
Demo experiment,pioreactor02,2026-09-25T08:17:55.097Z,0.154756829228,45,3,2026-09-25 14:02:55.097,38.5175
Demo experiment,pioreactor02,2026-09-25T08:17:55.097Z,0.019298008714,135,4,2026-09-25 14:02:55.097,38.5175
Demo experiment,pioreactor02,2026-09-25T08:18:00.101Z,0.0,90,2,2026-09-25 14:03:00.101,38.518888888889
Demo experiment,pioreactor02,2026-09-25T08:18:00.101Z,0.15463529656,45,3,2026-09-25 14:03:00.101,38.518888888889
Demo experiment,pioreactor02,2026-09-25T08:18:00.101Z,0.019318962713,135,4,2026-09-25 14:03:00.101,38.518888888889
Demo experiment,pioreactor02,2026-09-25T08:18:05.100Z,0.0,90,2,2026-09-25 14:03:05.100,38.520277777778
Demo experiment,pioreactor02,2026-09-25T08:18:05.100Z,0.154736525549,45,3,2026-09-25 14:03:05.100,38.520277777778
Demo experiment,pioreactor02,2026-09-25T08:18:05.100Z,0.019304663252,135,4,2026-09-25 14:03:05.100,38.520277777778
Demo experiment,pioreactor02,2026-09-25T08:18:10.104Z,0.0,90,2,2026-09-25 14:03:10.104,38.521666666667
Demo experiment,pioreactor02,2026-09-25T08:18:10.104Z,0.154813071599,45,3,2026-09-25 14:03:10.104,38.521666666667
Demo experiment,pioreactor02,2026-09-25T08:18:10.104Z,0.019378763266,135,4,2026-09-25 14:03:10.104,38.521666666667
Demo experiment,pioreactor02,2026-09-25T08:18:15.096Z,0.0,90,2,2026-09-25 14:03:15.096,38.523055555556
Demo experiment,pioreactor02,2026-09-25T08:18:15.096Z,0.154748350603,45,3,2026-09-25 14:03:15.096,38.523055555556
Demo experiment,pioreactor02,2026-09-25T08:18:15.096Z,0.01936601088,135,4,2026-09-25 14:03:15.096,38.523055555556
Demo experiment,pioreactor02,2026-09-25T08:18:20.099Z,0.0,90,2,2026-09-25 14:03:20.099,38.524444444444
Demo experiment,pioreactor02,2026-09-25T08:18:20.099Z,0.15483697965,45,3,2026-09-25 14:03:20.099,38.524444444444
Demo experiment,pioreactor02,2026-09-25T08:18:20.099Z,0.01934968161,135,4,2026-09-25 14:03:20.099,38.524444444444
Demo experiment,pioreactor02,2026-09-25T08:18:25.098Z,0.0,90,2,2026-09-25 14:03:25.098,38.525833333333
Demo experiment,pioreactor02,2026-09-25T08:18:25.098Z,0.154949291297,45,3,2026-09-25 14:03:25.098,38.525833333333
Demo experiment,pioreactor02,2026-09-25T08:18:25.098Z,0.019402381004,135,4,2026-09-25 14:03:25.098,38.525833333333
Demo experiment,pioreactor02,2026-09-25T08:18:30.101Z,0.0,90,2,2026-09-25 14:03:30.101,38.527222222222
Demo experiment,pioreactor02,2026-09-25T08:18:30.101Z,0.155048980776,45,3,2026-09-25 14:03:30.101,38.527222222222
Demo experiment,pioreactor02,2026-09-25T08:18:30.101Z,0.01937372763,135,4,2026-09-25 14:03:30.101,38.527222222222
Demo experiment,pioreactor02,2026-09-25T08:18:35.116Z,0.0,90,2,2026-09-25 14:03:35.116,38.528611111111
Demo experiment,pioreactor02,2026-09-25T08:18:35.116Z,0.154984699288,45,3,2026-09-25 14:03:35.116,38.528611111111
Demo experiment,pioreactor02,2026-09-25T08:18:35.116Z,0.019376580029,135,4,2026-09-25 14:03:35.116,38.528611111111
Demo experiment,pioreactor02,2026-09-25T08:18:40.108Z,0.0,90,2,2026-09-25 14:03:40.108,38.53
Demo experiment,pioreactor02,2026-09-25T08:18:40.108Z,0.154989233062,45,3,2026-09-25 14:03:40.108,38.53
Demo experiment,pioreactor02,2026-09-25T08:18:40.108Z,0.020998097057,135,4,2026-09-25 14:03:40.108,38.53
Demo experiment,pioreactor02,2026-09-25T08:18:45.097Z,0.0,90,2,2026-09-25 14:03:45.097,38.531388888889
Demo experiment,pioreactor02,2026-09-25T08:18:45.097Z,0.155084573063,45,3,2026-09-25 14:03:45.097,38.531388888889
Demo experiment,pioreactor02,2026-09-25T08:18:45.097Z,0.02243988304,135,4,2026-09-25 14:03:45.097,38.531388888889
Demo experiment,pioreactor02,2026-09-25T08:18:50.105Z,0.0,90,2,2026-09-25 14:03:50.105,38.532777777778
Demo experiment,pioreactor02,2026-09-25T08:18:50.105Z,0.155291100057,45,3,2026-09-25 14:03:50.105,38.532777777778
Demo experiment,pioreactor02,2026-09-25T08:18:50.105Z,0.02177871203,135,4,2026-09-25 14:03:50.105,38.532777777778
Demo experiment,pioreactor02,2026-09-25T08:18:55.101Z,0.0,90,2,2026-09-25 14:03:55.101,38.534166666667
Demo experiment,pioreactor02,2026-09-25T08:18:55.101Z,0.155757766065,45,3,2026-09-25 14:03:55.101,38.534166666667
Demo experiment,pioreactor02,2026-09-25T08:18:55.101Z,0.020790661375,135,4,2026-09-25 14:03:55.101,38.534166666667
Demo experiment,pioreactor02,2026-09-25T08:19:00.101Z,0.0,90,2,2026-09-25 14:04:00.101,38.535555555556
Demo experiment,pioreactor02,2026-09-25T08:19:00.101Z,0.156369692749,45,3,2026-09-25 14:04:00.101,38.535555555556
Demo experiment,pioreactor02,2026-09-25T08:19:00.101Z,0.020480071629,135,4,2026-09-25 14:04:00.101,38.535555555556
Demo experiment,pioreactor02,2026-09-25T08:19:05.105Z,0.0,90,2,2026-09-25 14:04:05.105,38.536944444444
Demo experiment,pioreactor02,2026-09-25T08:19:05.105Z,0.157105046606,45,3,2026-09-25 14:04:05.105,38.536944444444
Demo experiment,pioreactor02,2026-09-25T08:19:05.105Z,0.020262007956,135,4,2026-09-25 14:04:05.105,38.536944444444
Demo experiment,pioreactor02,2026-09-25T08:19:10.101Z,0.0,90,2,2026-09-25 14:04:10.101,38.538333333333
Demo experiment,pioreactor02,2026-09-25T08:19:10.101Z,0.15950619715,45,3,2026-09-25 14:04:10.101,38.538333333333
Demo experiment,pioreactor02,2026-09-25T08:19:10.101Z,0.020353112324,135,4,2026-09-25 14:04:10.101,38.538333333333
Demo experiment,pioreactor02,2026-09-25T08:19:15.109Z,0.0,90,2,2026-09-25 14:04:15.109,38.539722222222
Demo experiment,pioreactor02,2026-09-25T08:19:15.109Z,0.159424153749,45,3,2026-09-25 14:04:15.109,38.539722222222
Demo experiment,pioreactor02,2026-09-25T08:19:15.109Z,0.022534753538,135,4,2026-09-25 14:04:15.109,38.539722222222
Demo experiment,pioreactor02,2026-09-25T08:19:20.104Z,0.0,90,2,2026-09-25 14:04:20.104,38.541111111111
Demo experiment,pioreactor02,2026-09-25T08:19:20.104Z,0.16040501614,45,3,2026-09-25 14:04:20.104,38.541111111111
Demo experiment,pioreactor02,2026-09-25T08:19:20.104Z,0.022338349828,135,4,2026-09-25 14:04:20.104,38.541111111111
Demo experiment,pioreactor02,2026-09-25T08:19:25.104Z,0.0,90,2,2026-09-25 14:04:25.104,38.5425
Demo experiment,pioreactor02,2026-09-25T08:19:25.104Z,0.16051670826,45,3,2026-09-25 14:04:25.104,38.5425
Demo experiment,pioreactor02,2026-09-25T08:19:25.104Z,0.021748400451,135,4,2026-09-25 14:04:25.104,38.5425
Demo experiment,pioreactor02,2026-09-25T08:19:30.100Z,0.0,90,2,2026-09-25 14:04:30.100,38.543888888889
Demo experiment,pioreactor02,2026-09-25T08:19:30.100Z,0.160450428317,45,3,2026-09-25 14:04:30.100,38.543888888889
Demo experiment,pioreactor02,2026-09-25T08:19:30.100Z,0.021099986806,135,4,2026-09-25 14:04:30.100,38.543888888889
Demo experiment,pioreactor02,2026-09-25T08:19:35.103Z,0.0,90,2,2026-09-25 14:04:35.103,38.545277777778
Demo experiment,pioreactor02,2026-09-25T08:19:35.103Z,0.159484577579,45,3,2026-09-25 14:04:35.103,38.545277777778
Demo experiment,pioreactor02,2026-09-25T08:19:35.103Z,0.020811963089,135,4,2026-09-25 14:04:35.103,38.545277777778
Demo experiment,pioreactor02,2026-09-25T08:19:40.102Z,0.0,90,2,2026-09-25 14:04:40.102,38.546666666667
Demo experiment,pioreactor02,2026-09-25T08:19:40.102Z,0.158056782897,45,3,2026-09-25 14:04:40.102,38.546666666667
Demo experiment,pioreactor02,2026-09-25T08:19:40.102Z,0.02051371702,135,4,2026-09-25 14:04:40.102,38.546666666667
Demo experiment,pioreactor02,2026-09-25T08:19:45.100Z,0.0,90,2,2026-09-25 14:04:45.100,38.548055555556
Demo experiment,pioreactor02,2026-09-25T08:19:45.100Z,0.157424589082,45,3,2026-09-25 14:04:45.100,38.548055555556
Demo experiment,pioreactor02,2026-09-25T08:19:45.100Z,0.020388810345,135,4,2026-09-25 14:04:45.100,38.548055555556
Demo experiment,pioreactor02,2026-09-25T08:19:50.101Z,0.0,90,2,2026-09-25 14:04:50.101,38.549444444444
Demo experiment,pioreactor02,2026-09-25T08:19:50.101Z,0.156978392869,45,3,2026-09-25 14:04:50.101,38.549444444444
Demo experiment,pioreactor02,2026-09-25T08:19:50.101Z,0.020973210179,135,4,2026-09-25 14:04:50.101,38.549444444444
Demo experiment,pioreactor02,2026-09-25T08:19:55.097Z,0.0,90,2,2026-09-25 14:04:55.097,38.550833333333
Demo experiment,pioreactor02,2026-09-25T08:19:55.097Z,0.156944802726,45,3,2026-09-25 14:04:55.097,38.550833333333
Demo experiment,pioreactor02,2026-09-25T08:19:55.097Z,0.021018456143,135,4,2026-09-25 14:04:55.097,38.550833333333
Demo experiment,pioreactor02,2026-09-25T08:20:00.197Z,0.0,90,2,2026-09-25 14:05:00.197,38.552222222222
Demo experiment,pioreactor02,2026-09-25T08:20:00.197Z,0.156768045436,45,3,2026-09-25 14:05:00.197,38.552222222222
Demo experiment,pioreactor02,2026-09-25T08:20:00.197Z,0.020765057221,135,4,2026-09-25 14:05:00.197,38.552222222222
Demo experiment,pioreactor02,2026-09-25T08:20:05.100Z,0.0,90,2,2026-09-25 14:05:05.100,38.553611111111
Demo experiment,pioreactor02,2026-09-25T08:20:05.100Z,0.156843888762,45,3,2026-09-25 14:05:05.100,38.553611111111
Demo experiment,pioreactor02,2026-09-25T08:20:05.100Z,0.020536234788,135,4,2026-09-25 14:05:05.100,38.553611111111
Demo experiment,pioreactor02,2026-09-25T08:20:10.153Z,0.0,90,2,2026-09-25 14:05:10.153,38.555
Demo experiment,pioreactor02,2026-09-25T08:20:10.153Z,0.156755604611,45,3,2026-09-25 14:05:10.153,38.555
Demo experiment,pioreactor02,2026-09-25T08:20:10.153Z,0.020342848734,135,4,2026-09-25 14:05:10.153,38.555
Demo experiment,pioreactor02,2026-09-25T08:20:15.168Z,0.0,90,2,2026-09-25 14:05:15.168,38.556388888889
Demo experiment,pioreactor02,2026-09-25T08:20:15.168Z,0.15676208133,45,3,2026-09-25 14:05:15.168,38.556388888889
Demo experiment,pioreactor02,2026-09-25T08:20:15.168Z,0.020331939717,135,4,2026-09-25 14:05:15.168,38.556388888889
Demo experiment,pioreactor02,2026-09-25T08:20:20.108Z,0.0,90,2,2026-09-25 14:05:20.108,38.557777777778
Demo experiment,pioreactor02,2026-09-25T08:20:20.108Z,0.156713287403,45,3,2026-09-25 14:05:20.108,38.557777777778
Demo experiment,pioreactor02,2026-09-25T08:20:20.108Z,0.020287669237,135,4,2026-09-25 14:05:20.108,38.557777777778
Demo experiment,pioreactor02,2026-09-25T08:20:25.108Z,0.0,90,2,2026-09-25 14:05:25.108,38.559166666667
Demo experiment,pioreactor02,2026-09-25T08:20:25.108Z,0.156673872604,45,3,2026-09-25 14:05:25.108,38.559166666667
Demo experiment,pioreactor02,2026-09-25T08:20:25.108Z,0.020414713737,135,4,2026-09-25 14:05:25.108,38.559166666667
Demo experiment,pioreactor02,2026-09-25T08:20:30.101Z,0.0,90,2,2026-09-25 14:05:30.101,38.560555555556
Demo experiment,pioreactor02,2026-09-25T08:20:30.101Z,0.156520602384,45,3,2026-09-25 14:05:30.101,38.560555555556
Demo experiment,pioreactor02,2026-09-25T08:20:30.101Z,0.02042673777,135,4,2026-09-25 14:05:30.101,38.560555555556
Demo experiment,pioreactor02,2026-09-25T08:20:35.102Z,0.0,90,2,2026-09-25 14:05:35.102,38.561944444444
Demo experiment,pioreactor02,2026-09-25T08:20:35.102Z,0.156472757118,45,3,2026-09-25 14:05:35.102,38.561944444444
Demo experiment,pioreactor02,2026-09-25T08:20:35.102Z,0.020259672738,135,4,2026-09-25 14:05:35.102,38.561944444444
Demo experiment,pioreactor02,2026-09-25T08:20:40.102Z,0.0,90,2,2026-09-25 14:05:40.102,38.563333333333
Demo experiment,pioreactor02,2026-09-25T08:20:40.102Z,0.156606536668,45,3,2026-09-25 14:05:40.102,38.563333333333
Demo experiment,pioreactor02,2026-09-25T08:20:40.102Z,0.020344394641,135,4,2026-09-25 14:05:40.102,38.563333333333
Demo experiment,pioreactor02,2026-09-25T08:20:45.102Z,0.0,90,2,2026-09-25 14:05:45.102,38.564722222222
Demo experiment,pioreactor02,2026-09-25T08:20:45.102Z,0.156781105946,45,3,2026-09-25 14:05:45.102,38.564722222222
Demo experiment,pioreactor02,2026-09-25T08:20:45.102Z,0.020258543606,135,4,2026-09-25 14:05:45.102,38.564722222222
Demo experiment,pioreactor02,2026-09-25T08:20:50.097Z,0.0,90,2,2026-09-25 14:05:50.097,38.566111111111
Demo experiment,pioreactor02,2026-09-25T08:20:50.097Z,0.156965960655,45,3,2026-09-25 14:05:50.097,38.566111111111
Demo experiment,pioreactor02,2026-09-25T08:20:50.097Z,0.020296645009,135,4,2026-09-25 14:05:50.097,38.566111111111
Demo experiment,pioreactor02,2026-09-25T08:20:55.099Z,0.0,90,2,2026-09-25 14:05:55.099,38.5675
Demo experiment,pioreactor02,2026-09-25T08:20:55.099Z,0.156619827948,45,3,2026-09-25 14:05:55.099,38.5675
Demo experiment,pioreactor02,2026-09-25T08:20:55.099Z,0.021084183874,135,4,2026-09-25 14:05:55.099,38.5675
Demo experiment,pioreactor02,2026-09-25T08:21:00.097Z,0.0,90,2,2026-09-25 14:06:00.097,38.568888888889
Demo experiment,pioreactor02,2026-09-25T08:21:00.097Z,0.156431189827,45,3,2026-09-25 14:06:00.097,38.568888888889
Demo experiment,pioreactor02,2026-09-25T08:21:00.097Z,0.02057986217,135,4,2026-09-25 14:06:00.097,38.568888888889
Demo experiment,pioreactor02,2026-09-25T08:21:05.096Z,0.0,90,2,2026-09-25 14:06:05.096,38.570277777778
Demo experiment,pioreactor02,2026-09-25T08:21:05.096Z,0.156355147511,45,3,2026-09-25 14:06:05.096,38.570277777778
Demo experiment,pioreactor02,2026-09-25T08:21:05.096Z,0.02024330055,135,4,2026-09-25 14:06:05.096,38.570277777778
Demo experiment,pioreactor02,2026-09-25T08:21:10.099Z,0.0,90,2,2026-09-25 14:06:10.099,38.571666666667
Demo experiment,pioreactor02,2026-09-25T08:21:10.099Z,0.156083024854,45,3,2026-09-25 14:06:10.099,38.571666666667
Demo experiment,pioreactor02,2026-09-25T08:21:10.099Z,0.020063734554,135,4,2026-09-25 14:06:10.099,38.571666666667
Demo experiment,pioreactor02,2026-09-25T08:21:15.097Z,0.0,90,2,2026-09-25 14:06:15.097,38.573055555556
Demo experiment,pioreactor02,2026-09-25T08:21:15.097Z,0.156098323471,45,3,2026-09-25 14:06:15.097,38.573055555556
Demo experiment,pioreactor02,2026-09-25T08:21:15.097Z,0.02005615867,135,4,2026-09-25 14:06:15.097,38.573055555556
Demo experiment,pioreactor02,2026-09-25T08:21:20.098Z,0.0,90,2,2026-09-25 14:06:20.098,38.574444444444
Demo experiment,pioreactor02,2026-09-25T08:21:20.098Z,0.156334833649,45,3,2026-09-25 14:06:20.098,38.574444444444
Demo experiment,pioreactor02,2026-09-25T08:21:20.098Z,0.02006181585,135,4,2026-09-25 14:06:20.098,38.574444444444
Demo experiment,pioreactor02,2026-09-25T08:21:25.103Z,0.0,90,2,2026-09-25 14:06:25.103,38.575833333333
Demo experiment,pioreactor02,2026-09-25T08:21:25.103Z,0.156396575331,45,3,2026-09-25 14:06:25.103,38.575833333333
Demo experiment,pioreactor02,2026-09-25T08:21:25.103Z,0.019998955877,135,4,2026-09-25 14:06:25.103,38.575833333333
Demo experiment,pioreactor02,2026-09-25T08:21:30.097Z,0.0,90,2,2026-09-25 14:06:30.097,38.577222222222
Demo experiment,pioreactor02,2026-09-25T08:21:30.097Z,0.156187400664,45,3,2026-09-25 14:06:30.097,38.577222222222
Demo experiment,pioreactor02,2026-09-25T08:21:30.097Z,0.019973803868,135,4,2026-09-25 14:06:30.097,38.577222222222
Demo experiment,pioreactor02,2026-09-25T08:21:35.096Z,0.0,90,2,2026-09-25 14:06:35.096,38.578611111111
Demo experiment,pioreactor02,2026-09-25T08:21:35.096Z,0.156273548815,45,3,2026-09-25 14:06:35.096,38.578611111111
Demo experiment,pioreactor02,2026-09-25T08:21:35.096Z,0.020003367482,135,4,2026-09-25 14:06:35.096,38.578611111111
Demo experiment,pioreactor02,2026-09-25T08:21:40.097Z,0.0,90,2,2026-09-25 14:06:40.097,38.58
Demo experiment,pioreactor02,2026-09-25T08:21:40.097Z,0.156273649085,45,3,2026-09-25 14:06:40.097,38.58
Demo experiment,pioreactor02,2026-09-25T08:21:40.097Z,0.019933195779,135,4,2026-09-25 14:06:40.097,38.58
Demo experiment,pioreactor02,2026-09-25T08:21:45.097Z,0.0,90,2,2026-09-25 14:06:45.097,38.581388888889
Demo experiment,pioreactor02,2026-09-25T08:21:45.097Z,0.156451525093,45,3,2026-09-25 14:06:45.097,38.581388888889
Demo experiment,pioreactor02,2026-09-25T08:21:45.097Z,0.020006723132,135,4,2026-09-25 14:06:45.097,38.581388888889
Demo experiment,pioreactor02,2026-09-25T08:21:50.099Z,0.0,90,2,2026-09-25 14:06:50.099,38.582777777778
Demo experiment,pioreactor02,2026-09-25T08:21:50.099Z,0.156303961161,45,3,2026-09-25 14:06:50.099,38.582777777778
Demo experiment,pioreactor02,2026-09-25T08:21:50.099Z,0.019904400511,135,4,2026-09-25 14:06:50.099,38.582777777778
Demo experiment,pioreactor02,2026-09-25T08:21:55.097Z,0.0,90,2,2026-09-25 14:06:55.097,38.584166666667
Demo experiment,pioreactor02,2026-09-25T08:21:55.097Z,0.156214160096,45,3,2026-09-25 14:06:55.097,38.584166666667
Demo experiment,pioreactor02,2026-09-25T08:21:55.097Z,0.019836786942,135,4,2026-09-25 14:06:55.097,38.584166666667
Demo experiment,pioreactor02,2026-09-25T08:22:00.102Z,0.0,90,2,2026-09-25 14:07:00.102,38.585555555556
Demo experiment,pioreactor02,2026-09-25T08:22:00.102Z,0.156001317483,45,3,2026-09-25 14:07:00.102,38.585555555556
Demo experiment,pioreactor02,2026-09-25T08:22:00.102Z,0.019787433964,135,4,2026-09-25 14:07:00.102,38.585555555556
Demo experiment,pioreactor02,2026-09-25T08:22:05.097Z,0.0,90,2,2026-09-25 14:07:05.097,38.586944444444
Demo experiment,pioreactor02,2026-09-25T08:22:05.097Z,0.156009931208,45,3,2026-09-25 14:07:05.097,38.586944444444
Demo experiment,pioreactor02,2026-09-25T08:22:05.097Z,0.019754952005,135,4,2026-09-25 14:07:05.097,38.586944444444
Demo experiment,pioreactor02,2026-09-25T08:22:10.097Z,0.0,90,2,2026-09-25 14:07:10.097,38.588333333333
Demo experiment,pioreactor02,2026-09-25T08:22:10.097Z,0.155997715264,45,3,2026-09-25 14:07:10.097,38.588333333333
Demo experiment,pioreactor02,2026-09-25T08:22:10.097Z,0.019808489923,135,4,2026-09-25 14:07:10.097,38.588333333333
Demo experiment,pioreactor02,2026-09-25T08:22:15.099Z,0.0,90,2,2026-09-25 14:07:15.099,38.589722222222
Demo experiment,pioreactor02,2026-09-25T08:22:15.099Z,0.156050338931,45,3,2026-09-25 14:07:15.099,38.589722222222
Demo experiment,pioreactor02,2026-09-25T08:22:15.099Z,0.019793873806,135,4,2026-09-25 14:07:15.099,38.589722222222
Demo experiment,pioreactor02,2026-09-25T08:22:20.098Z,0.0,90,2,2026-09-25 14:07:20.098,38.591111111111
Demo experiment,pioreactor02,2026-09-25T08:22:20.098Z,0.156000157495,45,3,2026-09-25 14:07:20.098,38.591111111111
Demo experiment,pioreactor02,2026-09-25T08:22:20.098Z,0.019993801925,135,4,2026-09-25 14:07:20.098,38.591111111111
Demo experiment,pioreactor02,2026-09-25T08:22:25.098Z,0.0,90,2,2026-09-25 14:07:25.098,38.5925
Demo experiment,pioreactor02,2026-09-25T08:22:25.098Z,0.156126902471,45,3,2026-09-25 14:07:25.098,38.5925
Demo experiment,pioreactor02,2026-09-25T08:22:25.098Z,0.01983272272,135,4,2026-09-25 14:07:25.098,38.5925
Demo experiment,pioreactor02,2026-09-25T08:22:30.099Z,0.0,90,2,2026-09-25 14:07:30.099,38.593888888889
Demo experiment,pioreactor02,2026-09-25T08:22:30.099Z,0.156189939313,45,3,2026-09-25 14:07:30.099,38.593888888889
Demo experiment,pioreactor02,2026-09-25T08:22:30.099Z,0.019764107692,135,4,2026-09-25 14:07:30.099,38.593888888889
Demo experiment,pioreactor02,2026-09-25T08:22:35.099Z,0.0,90,2,2026-09-25 14:07:35.099,38.595277777778
Demo experiment,pioreactor02,2026-09-25T08:22:35.099Z,0.156141573713,45,3,2026-09-25 14:07:35.099,38.595277777778
Demo experiment,pioreactor02,2026-09-25T08:22:35.099Z,0.019919486138,135,4,2026-09-25 14:07:35.099,38.595277777778
Demo experiment,pioreactor02,2026-09-25T08:22:40.096Z,0.0,90,2,2026-09-25 14:07:40.096,38.596666666667
Demo experiment,pioreactor02,2026-09-25T08:22:40.096Z,0.156059956263,45,3,2026-09-25 14:07:40.096,38.596666666667
Demo experiment,pioreactor02,2026-09-25T08:22:40.096Z,0.01978202807,135,4,2026-09-25 14:07:40.096,38.596666666667
Demo experiment,pioreactor02,2026-09-25T08:22:45.098Z,0.0,90,2,2026-09-25 14:07:45.098,38.598055555556
Demo experiment,pioreactor02,2026-09-25T08:22:45.098Z,0.155964730235,45,3,2026-09-25 14:07:45.098,38.598055555556
Demo experiment,pioreactor02,2026-09-25T08:22:45.098Z,0.019708274121,135,4,2026-09-25 14:07:45.098,38.598055555556
Demo experiment,pioreactor02,2026-09-25T08:22:50.099Z,0.0,90,2,2026-09-25 14:07:50.099,38.599444444444
Demo experiment,pioreactor02,2026-09-25T08:22:50.099Z,0.155955421699,45,3,2026-09-25 14:07:50.099,38.599444444444
Demo experiment,pioreactor02,2026-09-25T08:22:50.099Z,0.019635453978,135,4,2026-09-25 14:07:50.099,38.599444444444
Demo experiment,pioreactor02,2026-09-25T08:22:55.098Z,0.0,90,2,2026-09-25 14:07:55.098,38.600833333333
Demo experiment,pioreactor02,2026-09-25T08:22:55.098Z,0.155950736731,45,3,2026-09-25 14:07:55.098,38.600833333333
Demo experiment,pioreactor02,2026-09-25T08:22:55.098Z,0.019624168895,135,4,2026-09-25 14:07:55.098,38.600833333333
Demo experiment,pioreactor02,2026-09-25T08:23:00.099Z,0.0,90,2,2026-09-25 14:08:00.099,38.602222222222
Demo experiment,pioreactor02,2026-09-25T08:23:00.099Z,0.155757741125,45,3,2026-09-25 14:08:00.099,38.602222222222
Demo experiment,pioreactor02,2026-09-25T08:23:00.099Z,0.019614961886,135,4,2026-09-25 14:08:00.099,38.602222222222
Demo experiment,pioreactor02,2026-09-25T08:23:05.098Z,0.0,90,2,2026-09-25 14:08:05.098,38.603611111111
Demo experiment,pioreactor02,2026-09-25T08:23:05.098Z,0.155311045824,45,3,2026-09-25 14:08:05.098,38.603611111111
Demo experiment,pioreactor02,2026-09-25T08:23:05.098Z,0.019773399923,135,4,2026-09-25 14:08:05.098,38.603611111111
Demo experiment,pioreactor02,2026-09-25T08:23:10.100Z,0.0,90,2,2026-09-25 14:08:10.100,38.605
Demo experiment,pioreactor02,2026-09-25T08:23:10.100Z,0.155726414341,45,3,2026-09-25 14:08:10.100,38.605
Demo experiment,pioreactor02,2026-09-25T08:23:10.100Z,0.020275262708,135,4,2026-09-25 14:08:10.100,38.605
Demo experiment,pioreactor02,2026-09-25T08:23:15.101Z,0.0,90,2,2026-09-25 14:08:15.101,38.606388888889
Demo experiment,pioreactor02,2026-09-25T08:23:15.101Z,0.155610215465,45,3,2026-09-25 14:08:15.101,38.606388888889
Demo experiment,pioreactor02,2026-09-25T08:23:15.101Z,0.019924127965,135,4,2026-09-25 14:08:15.101,38.606388888889
Demo experiment,pioreactor02,2026-09-25T08:23:20.104Z,0.0,90,2,2026-09-25 14:08:20.104,38.607777777778
Demo experiment,pioreactor02,2026-09-25T08:23:20.104Z,0.155681414878,45,3,2026-09-25 14:08:20.104,38.607777777778
Demo experiment,pioreactor02,2026-09-25T08:23:20.104Z,0.019707483753,135,4,2026-09-25 14:08:20.104,38.607777777778
Demo experiment,pioreactor02,2026-09-25T08:23:25.099Z,0.0,90,2,2026-09-25 14:08:25.099,38.609166666667
Demo experiment,pioreactor02,2026-09-25T08:23:25.099Z,0.155809085634,45,3,2026-09-25 14:08:25.099,38.609166666667
Demo experiment,pioreactor02,2026-09-25T08:23:25.099Z,0.019643302976,135,4,2026-09-25 14:08:25.099,38.609166666667
Demo experiment,pioreactor02,2026-09-25T08:23:30.099Z,0.0,90,2,2026-09-25 14:08:30.099,38.610555555556
Demo experiment,pioreactor02,2026-09-25T08:23:30.099Z,0.155952806277,45,3,2026-09-25 14:08:30.099,38.610555555556
Demo experiment,pioreactor02,2026-09-25T08:23:30.099Z,0.019634134674,135,4,2026-09-25 14:08:30.099,38.610555555556
Demo experiment,pioreactor02,2026-09-25T08:23:35.100Z,0.0,90,2,2026-09-25 14:08:35.100,38.611944444444
Demo experiment,pioreactor02,2026-09-25T08:23:35.100Z,0.15603613981,45,3,2026-09-25 14:08:35.100,38.611944444444
Demo experiment,pioreactor02,2026-09-25T08:23:35.100Z,0.01971592199,135,4,2026-09-25 14:08:35.100,38.611944444444
Demo experiment,pioreactor02,2026-09-25T08:23:40.097Z,0.0,90,2,2026-09-25 14:08:40.097,38.613333333333
Demo experiment,pioreactor02,2026-09-25T08:23:40.097Z,0.156004495656,45,3,2026-09-25 14:08:40.097,38.613333333333
Demo experiment,pioreactor02,2026-09-25T08:23:40.097Z,0.019642869229,135,4,2026-09-25 14:08:40.097,38.613333333333
Demo experiment,pioreactor02,2026-09-25T08:23:45.097Z,0.0,90,2,2026-09-25 14:08:45.097,38.614722222222
Demo experiment,pioreactor02,2026-09-25T08:23:45.097Z,0.155963607721,45,3,2026-09-25 14:08:45.097,38.614722222222
Demo experiment,pioreactor02,2026-09-25T08:23:45.097Z,0.019602441279,135,4,2026-09-25 14:08:45.097,38.614722222222
Demo experiment,pioreactor02,2026-09-25T08:23:50.098Z,0.0,90,2,2026-09-25 14:08:50.098,38.616111111111
Demo experiment,pioreactor02,2026-09-25T08:23:50.098Z,0.156016393627,45,3,2026-09-25 14:08:50.098,38.616111111111
Demo experiment,pioreactor02,2026-09-25T08:23:50.098Z,0.019633825623,135,4,2026-09-25 14:08:50.098,38.616111111111
Demo experiment,pioreactor02,2026-09-25T08:23:55.098Z,0.0,90,2,2026-09-25 14:08:55.098,38.6175
Demo experiment,pioreactor02,2026-09-25T08:23:55.098Z,0.156010079932,45,3,2026-09-25 14:08:55.098,38.6175
Demo experiment,pioreactor02,2026-09-25T08:23:55.098Z,0.019627717125,135,4,2026-09-25 14:08:55.098,38.6175
Demo experiment,pioreactor02,2026-09-25T08:24:00.097Z,0.0,90,2,2026-09-25 14:09:00.097,38.618888888889
Demo experiment,pioreactor02,2026-09-25T08:24:00.097Z,0.156039637205,45,3,2026-09-25 14:09:00.097,38.618888888889
Demo experiment,pioreactor02,2026-09-25T08:24:00.097Z,0.019663186856,135,4,2026-09-25 14:09:00.097,38.618888888889
Demo experiment,pioreactor02,2026-09-25T08:24:05.098Z,0.0,90,2,2026-09-25 14:09:05.098,38.620277777778
Demo experiment,pioreactor02,2026-09-25T08:24:05.098Z,0.156113232605,45,3,2026-09-25 14:09:05.098,38.620277777778
Demo experiment,pioreactor02,2026-09-25T08:24:05.098Z,0.019674184325,135,4,2026-09-25 14:09:05.098,38.620277777778
Demo experiment,pioreactor02,2026-09-25T08:24:10.101Z,0.0,90,2,2026-09-25 14:09:10.101,38.621666666667
Demo experiment,pioreactor02,2026-09-25T08:24:10.101Z,0.155982587788,45,3,2026-09-25 14:09:10.101,38.621666666667
Demo experiment,pioreactor02,2026-09-25T08:24:10.101Z,0.019708491466,135,4,2026-09-25 14:09:10.101,38.621666666667
Demo experiment,pioreactor02,2026-09-25T08:24:15.099Z,0.0,90,2,2026-09-25 14:09:15.099,38.623055555556
Demo experiment,pioreactor02,2026-09-25T08:24:15.099Z,0.155960386378,45,3,2026-09-25 14:09:15.099,38.623055555556
Demo experiment,pioreactor02,2026-09-25T08:24:15.099Z,0.019694569894,135,4,2026-09-25 14:09:15.099,38.623055555556
Demo experiment,pioreactor02,2026-09-25T08:24:20.100Z,0.0,90,2,2026-09-25 14:09:20.100,38.624444444444
Demo experiment,pioreactor02,2026-09-25T08:24:20.100Z,0.155900144875,45,3,2026-09-25 14:09:20.100,38.624444444444
Demo experiment,pioreactor02,2026-09-25T08:24:20.100Z,0.019637597386,135,4,2026-09-25 14:09:20.100,38.624444444444
Demo experiment,pioreactor02,2026-09-25T08:24:25.097Z,0.0,90,2,2026-09-25 14:09:25.097,38.625833333333
Demo experiment,pioreactor02,2026-09-25T08:24:25.097Z,0.155846648194,45,3,2026-09-25 14:09:25.097,38.625833333333
Demo experiment,pioreactor02,2026-09-25T08:24:25.097Z,0.019615169883,135,4,2026-09-25 14:09:25.097,38.625833333333
Demo experiment,pioreactor02,2026-09-25T08:24:30.097Z,0.0,90,2,2026-09-25 14:09:30.097,38.627222222222
Demo experiment,pioreactor02,2026-09-25T08:24:30.097Z,0.155794581405,45,3,2026-09-25 14:09:30.097,38.627222222222
Demo experiment,pioreactor02,2026-09-25T08:24:30.097Z,0.019575651302,135,4,2026-09-25 14:09:30.097,38.627222222222
Demo experiment,pioreactor02,2026-09-25T08:24:35.099Z,0.0,90,2,2026-09-25 14:09:35.099,38.628611111111
Demo experiment,pioreactor02,2026-09-25T08:24:35.099Z,0.155773363956,45,3,2026-09-25 14:09:35.099,38.628611111111
Demo experiment,pioreactor02,2026-09-25T08:24:35.099Z,0.019535568893,135,4,2026-09-25 14:09:35.099,38.628611111111
Demo experiment,pioreactor02,2026-09-25T08:24:40.099Z,0.0,90,2,2026-09-25 14:09:40.099,38.63
Demo experiment,pioreactor02,2026-09-25T08:24:40.099Z,0.155895610873,45,3,2026-09-25 14:09:40.099,38.63
Demo experiment,pioreactor02,2026-09-25T08:24:40.099Z,0.019666776931,135,4,2026-09-25 14:09:40.099,38.63
Demo experiment,pioreactor02,2026-09-25T08:24:45.096Z,0.0,90,2,2026-09-25 14:09:45.096,38.631388888889
Demo experiment,pioreactor02,2026-09-25T08:24:45.096Z,0.155767422424,45,3,2026-09-25 14:09:45.096,38.631388888889
Demo experiment,pioreactor02,2026-09-25T08:24:45.096Z,0.020404308032,135,4,2026-09-25 14:09:45.096,38.631388888889
Demo experiment,pioreactor02,2026-09-25T08:24:50.097Z,0.0,90,2,2026-09-25 14:09:50.097,38.632777777778
Demo experiment,pioreactor02,2026-09-25T08:24:50.097Z,0.15573731548,45,3,2026-09-25 14:09:50.097,38.632777777778
Demo experiment,pioreactor02,2026-09-25T08:24:50.097Z,0.019827613873,135,4,2026-09-25 14:09:50.097,38.632777777778
Demo experiment,pioreactor02,2026-09-25T08:24:55.096Z,0.0,90,2,2026-09-25 14:09:55.096,38.634166666667
Demo experiment,pioreactor02,2026-09-25T08:24:55.096Z,0.15568743516,45,3,2026-09-25 14:09:55.096,38.634166666667
Demo experiment,pioreactor02,2026-09-25T08:24:55.096Z,0.019616398991,135,4,2026-09-25 14:09:55.096,38.634166666667
Demo experiment,pioreactor02,2026-09-25T08:25:00.099Z,0.0,90,2,2026-09-25 14:10:00.099,38.635555555556
Demo experiment,pioreactor02,2026-09-25T08:25:00.099Z,0.155623326958,45,3,2026-09-25 14:10:00.099,38.635555555556
Demo experiment,pioreactor02,2026-09-25T08:25:00.099Z,0.019550840546,135,4,2026-09-25 14:10:00.099,38.635555555556
Demo experiment,pioreactor02,2026-09-25T08:25:05.102Z,0.0,90,2,2026-09-25 14:10:05.102,38.636944444444
Demo experiment,pioreactor02,2026-09-25T08:25:05.102Z,0.155703992036,45,3,2026-09-25 14:10:05.102,38.636944444444
Demo experiment,pioreactor02,2026-09-25T08:25:05.102Z,0.019556870545,135,4,2026-09-25 14:10:05.102,38.636944444444
Demo experiment,pioreactor02,2026-09-25T08:25:10.098Z,0.0,90,2,2026-09-25 14:10:10.098,38.638333333333
Demo experiment,pioreactor02,2026-09-25T08:25:10.098Z,0.155667741508,45,3,2026-09-25 14:10:10.098,38.638333333333
Demo experiment,pioreactor02,2026-09-25T08:25:10.098Z,0.019498175429,135,4,2026-09-25 14:10:10.098,38.638333333333
Demo experiment,pioreactor02,2026-09-25T08:25:15.099Z,0.0,90,2,2026-09-25 14:10:15.099,38.639722222222
Demo experiment,pioreactor02,2026-09-25T08:25:15.099Z,0.155743640443,45,3,2026-09-25 14:10:15.099,38.639722222222
Demo experiment,pioreactor02,2026-09-25T08:25:15.099Z,0.019487554915,135,4,2026-09-25 14:10:15.099,38.639722222222
Demo experiment,pioreactor02,2026-09-25T08:25:20.100Z,0.0,90,2,2026-09-25 14:10:20.100,38.641111111111
Demo experiment,pioreactor02,2026-09-25T08:25:20.100Z,0.155681589172,45,3,2026-09-25 14:10:20.100,38.641111111111
Demo experiment,pioreactor02,2026-09-25T08:25:20.100Z,0.019564375399,135,4,2026-09-25 14:10:20.100,38.641111111111
Demo experiment,pioreactor02,2026-09-25T08:25:25.099Z,0.0,90,2,2026-09-25 14:10:25.099,38.6425
Demo experiment,pioreactor02,2026-09-25T08:25:25.099Z,0.155686662878,45,3,2026-09-25 14:10:25.099,38.6425
Demo experiment,pioreactor02,2026-09-25T08:25:25.099Z,0.019507652623,135,4,2026-09-25 14:10:25.099,38.6425
Demo experiment,pioreactor02,2026-09-25T08:25:30.103Z,0.0,90,2,2026-09-25 14:10:30.103,38.643888888889
Demo experiment,pioreactor02,2026-09-25T08:25:30.103Z,0.155736491798,45,3,2026-09-25 14:10:30.103,38.643888888889
Demo experiment,pioreactor02,2026-09-25T08:25:30.103Z,0.019460481876,135,4,2026-09-25 14:10:30.103,38.643888888889
Demo experiment,pioreactor02,2026-09-25T08:25:35.102Z,0.0,90,2,2026-09-25 14:10:35.102,38.645277777778
Demo experiment,pioreactor02,2026-09-25T08:25:35.102Z,0.155695076453,45,3,2026-09-25 14:10:35.102,38.645277777778
Demo experiment,pioreactor02,2026-09-25T08:25:35.102Z,0.019423470793,135,4,2026-09-25 14:10:35.102,38.645277777778
Demo experiment,pioreactor02,2026-09-25T08:25:40.101Z,0.0,90,2,2026-09-25 14:10:40.101,38.646666666667
Demo experiment,pioreactor02,2026-09-25T08:25:40.101Z,0.155715213401,45,3,2026-09-25 14:10:40.101,38.646666666667
Demo experiment,pioreactor02,2026-09-25T08:25:40.101Z,0.019420364837,135,4,2026-09-25 14:10:40.101,38.646666666667
Demo experiment,pioreactor02,2026-09-25T08:25:45.099Z,0.0,90,2,2026-09-25 14:10:45.099,38.648055555556
Demo experiment,pioreactor02,2026-09-25T08:25:45.099Z,0.15569497829,45,3,2026-09-25 14:10:45.099,38.648055555556
Demo experiment,pioreactor02,2026-09-25T08:25:45.099Z,0.019419347843,135,4,2026-09-25 14:10:45.099,38.648055555556
Demo experiment,pioreactor02,2026-09-25T08:25:50.101Z,0.0,90,2,2026-09-25 14:10:50.101,38.649444444444
Demo experiment,pioreactor02,2026-09-25T08:25:50.101Z,0.155646333866,45,3,2026-09-25 14:10:50.101,38.649444444444
Demo experiment,pioreactor02,2026-09-25T08:25:50.101Z,0.019422526833,135,4,2026-09-25 14:10:50.101,38.649444444444
Demo experiment,pioreactor02,2026-09-25T08:25:55.096Z,0.0,90,2,2026-09-25 14:10:55.096,38.650833333333
Demo experiment,pioreactor02,2026-09-25T08:25:55.096Z,0.155563773829,45,3,2026-09-25 14:10:55.096,38.650833333333
Demo experiment,pioreactor02,2026-09-25T08:25:55.096Z,0.019398452646,135,4,2026-09-25 14:10:55.096,38.650833333333
Demo experiment,pioreactor02,2026-09-25T08:26:00.098Z,0.0,90,2,2026-09-25 14:11:00.098,38.652222222222
Demo experiment,pioreactor02,2026-09-25T08:26:00.098Z,0.155593456111,45,3,2026-09-25 14:11:00.098,38.652222222222
Demo experiment,pioreactor02,2026-09-25T08:26:00.098Z,0.019373989626,135,4,2026-09-25 14:11:00.098,38.652222222222
Demo experiment,pioreactor02,2026-09-25T08:26:05.097Z,0.0,90,2,2026-09-25 14:11:05.097,38.653611111111
Demo experiment,pioreactor02,2026-09-25T08:26:05.097Z,0.155636415205,45,3,2026-09-25 14:11:05.097,38.653611111111
Demo experiment,pioreactor02,2026-09-25T08:26:05.097Z,0.019360303859,135,4,2026-09-25 14:11:05.097,38.653611111111
Demo experiment,pioreactor02,2026-09-25T08:26:10.098Z,0.0,90,2,2026-09-25 14:11:10.098,38.655
Demo experiment,pioreactor02,2026-09-25T08:26:10.098Z,0.155581061955,45,3,2026-09-25 14:11:10.098,38.655
Demo experiment,pioreactor02,2026-09-25T08:26:10.098Z,0.019351164113,135,4,2026-09-25 14:11:10.098,38.655
Demo experiment,pioreactor02,2026-09-25T08:26:15.099Z,0.0,90,2,2026-09-25 14:11:15.099,38.656388888889
Demo experiment,pioreactor02,2026-09-25T08:26:15.099Z,0.15567559411,45,3,2026-09-25 14:11:15.099,38.656388888889
Demo experiment,pioreactor02,2026-09-25T08:26:15.099Z,0.019354251264,135,4,2026-09-25 14:11:15.099,38.656388888889
Demo experiment,pioreactor02,2026-09-25T08:26:20.102Z,0.0,90,2,2026-09-25 14:11:20.102,38.657777777778
Demo experiment,pioreactor02,2026-09-25T08:26:20.102Z,0.155731593608,45,3,2026-09-25 14:11:20.102,38.657777777778
Demo experiment,pioreactor02,2026-09-25T08:26:20.102Z,0.019342022219,135,4,2026-09-25 14:11:20.102,38.657777777778
Demo experiment,pioreactor02,2026-09-25T08:26:25.114Z,0.0,90,2,2026-09-25 14:11:25.114,38.659166666667
Demo experiment,pioreactor02,2026-09-25T08:26:25.114Z,0.155730854863,45,3,2026-09-25 14:11:25.114,38.659166666667
Demo experiment,pioreactor02,2026-09-25T08:26:25.114Z,0.019904564592,135,4,2026-09-25 14:11:25.114,38.659166666667
Demo experiment,pioreactor02,2026-09-25T08:26:30.110Z,0.0,90,2,2026-09-25 14:11:30.110,38.660555555556
Demo experiment,pioreactor02,2026-09-25T08:26:30.110Z,0.155706659301,45,3,2026-09-25 14:11:30.110,38.660555555556
Demo experiment,pioreactor02,2026-09-25T08:26:30.110Z,0.019556042732,135,4,2026-09-25 14:11:30.110,38.660555555556
Demo experiment,pioreactor02,2026-09-25T08:26:35.105Z,0.0,90,2,2026-09-25 14:11:35.105,38.661944444444
Demo experiment,pioreactor02,2026-09-25T08:26:35.105Z,0.155714842174,45,3,2026-09-25 14:11:35.105,38.661944444444
Demo experiment,pioreactor02,2026-09-25T08:26:35.105Z,0.0193998339,135,4,2026-09-25 14:11:35.105,38.661944444444
Demo experiment,pioreactor02,2026-09-25T08:26:40.104Z,0.0,90,2,2026-09-25 14:11:40.104,38.663333333333
Demo experiment,pioreactor02,2026-09-25T08:26:40.104Z,0.155723237294,45,3,2026-09-25 14:11:40.104,38.663333333333
Demo experiment,pioreactor02,2026-09-25T08:26:40.104Z,0.019357869013,135,4,2026-09-25 14:11:40.104,38.663333333333
Demo experiment,pioreactor02,2026-09-25T08:26:45.102Z,0.0,90,2,2026-09-25 14:11:45.102,38.664722222222
Demo experiment,pioreactor02,2026-09-25T08:26:45.102Z,0.155741395152,45,3,2026-09-25 14:11:45.102,38.664722222222
Demo experiment,pioreactor02,2026-09-25T08:26:45.102Z,0.019355097995,135,4,2026-09-25 14:11:45.102,38.664722222222
Demo experiment,pioreactor02,2026-09-25T08:26:50.106Z,0.0,90,2,2026-09-25 14:11:50.106,38.666111111111
Demo experiment,pioreactor02,2026-09-25T08:26:50.106Z,0.155794489637,45,3,2026-09-25 14:11:50.106,38.666111111111
Demo experiment,pioreactor02,2026-09-25T08:26:50.106Z,0.019321600245,135,4,2026-09-25 14:11:50.106,38.666111111111
Demo experiment,pioreactor02,2026-09-25T08:26:55.116Z,0.0,90,2,2026-09-25 14:11:55.116,38.6675
Demo experiment,pioreactor02,2026-09-25T08:26:55.116Z,0.155688845157,45,3,2026-09-25 14:11:55.116,38.6675
Demo experiment,pioreactor02,2026-09-25T08:26:55.116Z,0.019579316871,135,4,2026-09-25 14:11:55.116,38.6675
Demo experiment,pioreactor02,2026-09-25T08:27:00.120Z,0.0,90,2,2026-09-25 14:12:00.120,38.668888888889
Demo experiment,pioreactor02,2026-09-25T08:27:00.120Z,0.155642411347,45,3,2026-09-25 14:12:00.120,38.668888888889
Demo experiment,pioreactor02,2026-09-25T08:27:00.120Z,0.019432509039,135,4,2026-09-25 14:12:00.120,38.668888888889
Demo experiment,pioreactor02,2026-09-25T08:27:05.098Z,0.0,90,2,2026-09-25 14:12:05.098,38.670277777778
Demo experiment,pioreactor02,2026-09-25T08:27:05.098Z,0.155689275012,45,3,2026-09-25 14:12:05.098,38.670277777778
Demo experiment,pioreactor02,2026-09-25T08:27:05.098Z,0.019366093517,135,4,2026-09-25 14:12:05.098,38.670277777778
Demo experiment,pioreactor02,2026-09-25T08:27:10.099Z,0.0,90,2,2026-09-25 14:12:10.099,38.671666666667
Demo experiment,pioreactor02,2026-09-25T08:27:10.099Z,0.155698100741,45,3,2026-09-25 14:12:10.099,38.671666666667
Demo experiment,pioreactor02,2026-09-25T08:27:10.099Z,0.019294996673,135,4,2026-09-25 14:12:10.099,38.671666666667
Demo experiment,pioreactor02,2026-09-25T08:27:15.105Z,0.0,90,2,2026-09-25 14:12:15.105,38.673055555556
Demo experiment,pioreactor02,2026-09-25T08:27:15.105Z,0.15555532973,45,3,2026-09-25 14:12:15.105,38.673055555556
Demo experiment,pioreactor02,2026-09-25T08:27:15.105Z,0.019288969742,135,4,2026-09-25 14:12:15.105,38.673055555556
Demo experiment,pioreactor02,2026-09-25T08:27:20.101Z,0.0,90,2,2026-09-25 14:12:20.101,38.674444444444
Demo experiment,pioreactor02,2026-09-25T08:27:20.101Z,0.155560409605,45,3,2026-09-25 14:12:20.101,38.674444444444
Demo experiment,pioreactor02,2026-09-25T08:27:20.101Z,0.019241813432,135,4,2026-09-25 14:12:20.101,38.674444444444
Demo experiment,pioreactor02,2026-09-25T08:27:25.152Z,0.0,90,2,2026-09-25 14:12:25.152,38.675833333333
Demo experiment,pioreactor02,2026-09-25T08:27:25.152Z,0.155565832805,45,3,2026-09-25 14:12:25.152,38.675833333333
Demo experiment,pioreactor02,2026-09-25T08:27:25.152Z,0.019279899027,135,4,2026-09-25 14:12:25.152,38.675833333333
Demo experiment,pioreactor02,2026-09-25T08:27:30.098Z,0.0,90,2,2026-09-25 14:12:30.098,38.677222222222
Demo experiment,pioreactor02,2026-09-25T08:27:30.098Z,0.155603440097,45,3,2026-09-25 14:12:30.098,38.677222222222
Demo experiment,pioreactor02,2026-09-25T08:27:30.098Z,0.01929691852,135,4,2026-09-25 14:12:30.098,38.677222222222
Demo experiment,pioreactor02,2026-09-25T08:27:35.097Z,0.0,90,2,2026-09-25 14:12:35.097,38.678611111111
Demo experiment,pioreactor02,2026-09-25T08:27:35.097Z,0.155701020713,45,3,2026-09-25 14:12:35.097,38.678611111111
Demo experiment,pioreactor02,2026-09-25T08:27:35.097Z,0.019264608478,135,4,2026-09-25 14:12:35.097,38.678611111111
Demo experiment,pioreactor02,2026-09-25T08:27:40.109Z,0.0,90,2,2026-09-25 14:12:40.109,38.68
Demo experiment,pioreactor02,2026-09-25T08:27:40.109Z,0.155700666612,45,3,2026-09-25 14:12:40.109,38.68
Demo experiment,pioreactor02,2026-09-25T08:27:40.109Z,0.019202053244,135,4,2026-09-25 14:12:40.109,38.68
Demo experiment,pioreactor02,2026-09-25T08:27:45.103Z,0.0,90,2,2026-09-25 14:12:45.103,38.681388888889
Demo experiment,pioreactor02,2026-09-25T08:27:45.103Z,0.155674473888,45,3,2026-09-25 14:12:45.103,38.681388888889
Demo experiment,pioreactor02,2026-09-25T08:27:45.103Z,0.019159876609,135,4,2026-09-25 14:12:45.103,38.681388888889
Demo experiment,pioreactor02,2026-09-25T08:27:50.099Z,0.0,90,2,2026-09-25 14:12:50.099,38.682777777778
Demo experiment,pioreactor02,2026-09-25T08:27:50.099Z,0.15569717645,45,3,2026-09-25 14:12:50.099,38.682777777778
Demo experiment,pioreactor02,2026-09-25T08:27:50.099Z,0.019165215563,135,4,2026-09-25 14:12:50.099,38.682777777778
Demo experiment,pioreactor02,2026-09-25T08:27:55.097Z,0.0,90,2,2026-09-25 14:12:55.097,38.684166666667
Demo experiment,pioreactor02,2026-09-25T08:27:55.097Z,0.155605100738,45,3,2026-09-25 14:12:55.097,38.684166666667
Demo experiment,pioreactor02,2026-09-25T08:27:55.097Z,0.019159135434,135,4,2026-09-25 14:12:55.097,38.684166666667
Demo experiment,pioreactor02,2026-09-25T08:28:00.098Z,0.0,90,2,2026-09-25 14:13:00.098,38.685555555556
Demo experiment,pioreactor02,2026-09-25T08:28:00.098Z,0.15582974909,45,3,2026-09-25 14:13:00.098,38.685555555556
Demo experiment,pioreactor02,2026-09-25T08:28:00.098Z,0.019197655257,135,4,2026-09-25 14:13:00.098,38.685555555556
Demo experiment,pioreactor02,2026-09-25T08:28:05.126Z,0.0,90,2,2026-09-25 14:13:05.126,38.686944444444
Demo experiment,pioreactor02,2026-09-25T08:28:05.126Z,0.155853326791,45,3,2026-09-25 14:13:05.126,38.686944444444
Demo experiment,pioreactor02,2026-09-25T08:28:05.126Z,0.019771114598,135,4,2026-09-25 14:13:05.126,38.686944444444
Demo experiment,pioreactor02,2026-09-25T08:28:10.100Z,0.0,90,2,2026-09-25 14:13:10.100,38.688333333333
Demo experiment,pioreactor02,2026-09-25T08:28:10.100Z,0.155775469367,45,3,2026-09-25 14:13:10.100,38.688333333333
Demo experiment,pioreactor02,2026-09-25T08:28:10.100Z,0.019450725709,135,4,2026-09-25 14:13:10.100,38.688333333333
Demo experiment,pioreactor02,2026-09-25T08:28:15.099Z,0.0,90,2,2026-09-25 14:13:15.099,38.689722222222
Demo experiment,pioreactor02,2026-09-25T08:28:15.099Z,0.15579417293,45,3,2026-09-25 14:13:15.099,38.689722222222
Demo experiment,pioreactor02,2026-09-25T08:28:15.099Z,0.019231249765,135,4,2026-09-25 14:13:15.099,38.689722222222
Demo experiment,pioreactor02,2026-09-25T08:28:20.099Z,0.0,90,2,2026-09-25 14:13:20.099,38.691111111111
Demo experiment,pioreactor02,2026-09-25T08:28:20.099Z,0.155708291642,45,3,2026-09-25 14:13:20.099,38.691111111111
Demo experiment,pioreactor02,2026-09-25T08:28:20.099Z,0.019170157174,135,4,2026-09-25 14:13:20.099,38.691111111111
Demo experiment,pioreactor02,2026-09-25T08:28:25.100Z,0.0,90,2,2026-09-25 14:13:25.100,38.6925
Demo experiment,pioreactor02,2026-09-25T08:28:25.100Z,0.155759985105,45,3,2026-09-25 14:13:25.100,38.6925
Demo experiment,pioreactor02,2026-09-25T08:28:25.100Z,0.019107408915,135,4,2026-09-25 14:13:25.100,38.6925
Demo experiment,pioreactor02,2026-09-25T08:28:30.100Z,0.0,90,2,2026-09-25 14:13:30.100,38.693888888889
Demo experiment,pioreactor02,2026-09-25T08:28:30.100Z,0.155854650178,45,3,2026-09-25 14:13:30.100,38.693888888889
Demo experiment,pioreactor02,2026-09-25T08:28:30.100Z,0.019138468799,135,4,2026-09-25 14:13:30.100,38.693888888889
Demo experiment,pioreactor02,2026-09-25T08:28:35.097Z,0.0,90,2,2026-09-25 14:13:35.097,38.695277777778
Demo experiment,pioreactor02,2026-09-25T08:28:35.097Z,0.155804768321,45,3,2026-09-25 14:13:35.097,38.695277777778
Demo experiment,pioreactor02,2026-09-25T08:28:35.097Z,0.019128313188,135,4,2026-09-25 14:13:35.097,38.695277777778
Demo experiment,pioreactor02,2026-09-25T08:28:40.098Z,0.0,90,2,2026-09-25 14:13:40.098,38.696666666667
Demo experiment,pioreactor02,2026-09-25T08:28:40.098Z,0.155716082469,45,3,2026-09-25 14:13:40.098,38.696666666667
Demo experiment,pioreactor02,2026-09-25T08:28:40.098Z,0.019127199214,135,4,2026-09-25 14:13:40.098,38.696666666667
Demo experiment,pioreactor02,2026-09-25T08:28:45.104Z,0.0,90,2,2026-09-25 14:13:45.104,38.698055555556
Demo experiment,pioreactor02,2026-09-25T08:28:45.104Z,0.155657996459,45,3,2026-09-25 14:13:45.104,38.698055555556
Demo experiment,pioreactor02,2026-09-25T08:28:45.104Z,0.019121397259,135,4,2026-09-25 14:13:45.104,38.698055555556
Demo experiment,pioreactor02,2026-09-25T08:28:50.100Z,0.0,90,2,2026-09-25 14:13:50.100,38.699444444444
Demo experiment,pioreactor02,2026-09-25T08:28:50.100Z,0.15568356351,45,3,2026-09-25 14:13:50.100,38.699444444444
Demo experiment,pioreactor02,2026-09-25T08:28:50.100Z,0.019112437792,135,4,2026-09-25 14:13:50.100,38.699444444444
Demo experiment,pioreactor02,2026-09-25T08:28:55.100Z,0.0,90,2,2026-09-25 14:13:55.100,38.700833333333
Demo experiment,pioreactor02,2026-09-25T08:28:55.100Z,0.155711797241,45,3,2026-09-25 14:13:55.100,38.700833333333
Demo experiment,pioreactor02,2026-09-25T08:28:55.100Z,0.019148145664,135,4,2026-09-25 14:13:55.100,38.700833333333
Demo experiment,pioreactor02,2026-09-25T08:29:00.098Z,0.0,90,2,2026-09-25 14:14:00.098,38.702222222222
Demo experiment,pioreactor02,2026-09-25T08:29:00.098Z,0.155684451981,45,3,2026-09-25 14:14:00.098,38.702222222222
Demo experiment,pioreactor02,2026-09-25T08:29:00.098Z,0.019117831643,135,4,2026-09-25 14:14:00.098,38.702222222222
Demo experiment,pioreactor02,2026-09-25T08:29:05.099Z,0.0,90,2,2026-09-25 14:14:05.099,38.703611111111
Demo experiment,pioreactor02,2026-09-25T08:29:05.099Z,0.155649027935,45,3,2026-09-25 14:14:05.099,38.703611111111
Demo experiment,pioreactor02,2026-09-25T08:29:05.099Z,0.019092379998,135,4,2026-09-25 14:14:05.099,38.703611111111
Demo experiment,pioreactor02,2026-09-25T08:29:10.099Z,0.0,90,2,2026-09-25 14:14:10.099,38.705
Demo experiment,pioreactor02,2026-09-25T08:29:10.099Z,0.155671811584,45,3,2026-09-25 14:14:10.099,38.705
Demo experiment,pioreactor02,2026-09-25T08:29:10.099Z,0.019189670134,135,4,2026-09-25 14:14:10.099,38.705
Demo experiment,pioreactor02,2026-09-25T08:29:15.100Z,0.0,90,2,2026-09-25 14:14:15.100,38.706388888889
Demo experiment,pioreactor02,2026-09-25T08:29:15.100Z,0.155667549263,45,3,2026-09-25 14:14:15.100,38.706388888889
Demo experiment,pioreactor02,2026-09-25T08:29:15.100Z,0.019082279109,135,4,2026-09-25 14:14:15.100,38.706388888889
Demo experiment,pioreactor02,2026-09-25T08:29:20.102Z,0.0,90,2,2026-09-25 14:14:20.102,38.707777777778
Demo experiment,pioreactor02,2026-09-25T08:29:20.102Z,0.155810548702,45,3,2026-09-25 14:14:20.102,38.707777777778
Demo experiment,pioreactor02,2026-09-25T08:29:20.102Z,0.019086255783,135,4,2026-09-25 14:14:20.102,38.707777777778
Demo experiment,pioreactor02,2026-09-25T08:29:25.098Z,0.0,90,2,2026-09-25 14:14:25.098,38.709166666667
Demo experiment,pioreactor02,2026-09-25T08:29:25.098Z,0.155772830751,45,3,2026-09-25 14:14:25.098,38.709166666667
Demo experiment,pioreactor02,2026-09-25T08:29:25.098Z,0.019076263426,135,4,2026-09-25 14:14:25.098,38.709166666667
Demo experiment,pioreactor02,2026-09-25T08:29:30.101Z,0.0,90,2,2026-09-25 14:14:30.101,38.710555555556
Demo experiment,pioreactor02,2026-09-25T08:29:30.101Z,0.155772470134,45,3,2026-09-25 14:14:30.101,38.710555555556
Demo experiment,pioreactor02,2026-09-25T08:29:30.101Z,0.019058242765,135,4,2026-09-25 14:14:30.101,38.710555555556
Demo experiment,pioreactor02,2026-09-25T08:29:35.098Z,0.0,90,2,2026-09-25 14:14:35.098,38.711944444444
Demo experiment,pioreactor02,2026-09-25T08:29:35.098Z,0.155804047503,45,3,2026-09-25 14:14:35.098,38.711944444444
Demo experiment,pioreactor02,2026-09-25T08:29:35.098Z,0.019032565464,135,4,2026-09-25 14:14:35.098,38.711944444444
Demo experiment,pioreactor02,2026-09-25T08:29:40.099Z,0.0,90,2,2026-09-25 14:14:40.099,38.713333333333
Demo experiment,pioreactor02,2026-09-25T08:29:40.099Z,0.155787985159,45,3,2026-09-25 14:14:40.099,38.713333333333
Demo experiment,pioreactor02,2026-09-25T08:29:40.099Z,0.019067055496,135,4,2026-09-25 14:14:40.099,38.713333333333
Demo experiment,pioreactor02,2026-09-25T08:29:45.098Z,0.0,90,2,2026-09-25 14:14:45.098,38.714722222222
Demo experiment,pioreactor02,2026-09-25T08:29:45.098Z,0.155852014684,45,3,2026-09-25 14:14:45.098,38.714722222222
Demo experiment,pioreactor02,2026-09-25T08:29:45.098Z,0.019033852531,135,4,2026-09-25 14:14:45.098,38.714722222222
Demo experiment,pioreactor02,2026-09-25T08:29:50.099Z,0.0,90,2,2026-09-25 14:14:50.099,38.716111111111
Demo experiment,pioreactor02,2026-09-25T08:29:50.099Z,0.155918293464,45,3,2026-09-25 14:14:50.099,38.716111111111
Demo experiment,pioreactor02,2026-09-25T08:29:50.099Z,0.019416722497,135,4,2026-09-25 14:14:50.099,38.716111111111
Demo experiment,pioreactor02,2026-09-25T08:29:55.098Z,0.0,90,2,2026-09-25 14:14:55.098,38.7175
Demo experiment,pioreactor02,2026-09-25T08:29:55.098Z,0.155822200682,45,3,2026-09-25 14:14:55.098,38.7175
Demo experiment,pioreactor02,2026-09-25T08:29:55.098Z,0.019167545611,135,4,2026-09-25 14:14:55.098,38.7175
Demo experiment,pioreactor02,2026-09-25T08:30:00.097Z,0.0,90,2,2026-09-25 14:15:00.097,38.718888888889
Demo experiment,pioreactor02,2026-09-25T08:30:00.097Z,0.155859279149,45,3,2026-09-25 14:15:00.097,38.718888888889
Demo experiment,pioreactor02,2026-09-25T08:30:00.097Z,0.019143796777,135,4,2026-09-25 14:15:00.097,38.718888888889
Demo experiment,pioreactor02,2026-09-25T08:30:05.100Z,0.0,90,2,2026-09-25 14:15:05.100,38.720277777778
Demo experiment,pioreactor02,2026-09-25T08:30:05.100Z,0.155812330793,45,3,2026-09-25 14:15:05.100,38.720277777778
Demo experiment,pioreactor02,2026-09-25T08:30:05.100Z,0.019075229035,135,4,2026-09-25 14:15:05.100,38.720277777778
Demo experiment,pioreactor02,2026-09-25T08:30:10.098Z,0.0,90,2,2026-09-25 14:15:10.098,38.721666666667
Demo experiment,pioreactor02,2026-09-25T08:30:10.098Z,0.155788889058,45,3,2026-09-25 14:15:10.098,38.721666666667
Demo experiment,pioreactor02,2026-09-25T08:30:10.098Z,0.019040221943,135,4,2026-09-25 14:15:10.098,38.721666666667
Demo experiment,pioreactor02,2026-09-25T08:30:15.096Z,0.0,90,2,2026-09-25 14:15:15.096,38.723055555556
Demo experiment,pioreactor02,2026-09-25T08:30:15.096Z,0.155785002622,45,3,2026-09-25 14:15:15.096,38.723055555556
Demo experiment,pioreactor02,2026-09-25T08:30:15.096Z,0.019009890426,135,4,2026-09-25 14:15:15.096,38.723055555556
Demo experiment,pioreactor02,2026-09-25T08:30:20.102Z,0.0,90,2,2026-09-25 14:15:20.102,38.724444444444
Demo experiment,pioreactor02,2026-09-25T08:30:20.102Z,0.155756640347,45,3,2026-09-25 14:15:20.102,38.724444444444
Demo experiment,pioreactor02,2026-09-25T08:30:20.102Z,0.019009773779,135,4,2026-09-25 14:15:20.102,38.724444444444
Demo experiment,pioreactor02,2026-09-25T08:30:25.096Z,0.0,90,2,2026-09-25 14:15:25.096,38.725833333333
Demo experiment,pioreactor02,2026-09-25T08:30:25.096Z,0.155691589798,45,3,2026-09-25 14:15:25.096,38.725833333333
Demo experiment,pioreactor02,2026-09-25T08:30:25.096Z,0.019005253873,135,4,2026-09-25 14:15:25.096,38.725833333333
Demo experiment,pioreactor02,2026-09-25T08:30:30.107Z,0.0,90,2,2026-09-25 14:15:30.107,38.727222222222
Demo experiment,pioreactor02,2026-09-25T08:30:30.107Z,0.155733381069,45,3,2026-09-25 14:15:30.107,38.727222222222
Demo experiment,pioreactor02,2026-09-25T08:30:30.107Z,0.018946366126,135,4,2026-09-25 14:15:30.107,38.727222222222
Demo experiment,pioreactor02,2026-09-25T08:30:35.132Z,0.0,90,2,2026-09-25 14:15:35.132,38.728611111111
Demo experiment,pioreactor02,2026-09-25T08:30:35.132Z,0.15570257733,45,3,2026-09-25 14:15:35.132,38.728611111111
Demo experiment,pioreactor02,2026-09-25T08:30:35.132Z,0.018949612978,135,4,2026-09-25 14:15:35.132,38.728611111111
Demo experiment,pioreactor02,2026-09-25T08:30:40.121Z,0.0,90,2,2026-09-25 14:15:40.121,38.73
Demo experiment,pioreactor02,2026-09-25T08:30:40.121Z,0.155701602429,45,3,2026-09-25 14:15:40.121,38.73
Demo experiment,pioreactor02,2026-09-25T08:30:40.121Z,0.018970665903,135,4,2026-09-25 14:15:40.121,38.73
Demo experiment,pioreactor02,2026-09-25T08:30:45.100Z,0.0,90,2,2026-09-25 14:15:45.100,38.731388888889
Demo experiment,pioreactor02,2026-09-25T08:30:45.100Z,0.155794349319,45,3,2026-09-25 14:15:45.100,38.731388888889
Demo experiment,pioreactor02,2026-09-25T08:30:45.100Z,0.019014693143,135,4,2026-09-25 14:15:45.100,38.731388888889
Demo experiment,pioreactor02,2026-09-25T08:30:50.108Z,0.0,90,2,2026-09-25 14:15:50.108,38.732777777778
Demo experiment,pioreactor02,2026-09-25T08:30:50.108Z,0.155861549513,45,3,2026-09-25 14:15:50.108,38.732777777778
Demo experiment,pioreactor02,2026-09-25T08:30:50.108Z,0.019152944323,135,4,2026-09-25 14:15:50.108,38.732777777778
Demo experiment,pioreactor02,2026-09-25T08:30:55.099Z,0.0,90,2,2026-09-25 14:15:55.099,38.734166666667
Demo experiment,pioreactor02,2026-09-25T08:30:55.099Z,0.155853016654,45,3,2026-09-25 14:15:55.099,38.734166666667
Demo experiment,pioreactor02,2026-09-25T08:30:55.099Z,0.019329203287,135,4,2026-09-25 14:15:55.099,38.734166666667
Demo experiment,pioreactor02,2026-09-25T08:31:00.117Z,0.0,90,2,2026-09-25 14:16:00.117,38.735555555556
Demo experiment,pioreactor02,2026-09-25T08:31:00.117Z,0.155872803114,45,3,2026-09-25 14:16:00.117,38.735555555556
Demo experiment,pioreactor02,2026-09-25T08:31:00.117Z,0.019146709669,135,4,2026-09-25 14:16:00.117,38.735555555556
Demo experiment,pioreactor02,2026-09-25T08:31:05.102Z,0.0,90,2,2026-09-25 14:16:05.102,38.736944444444
Demo experiment,pioreactor02,2026-09-25T08:31:05.102Z,0.15592054073,45,3,2026-09-25 14:16:05.102,38.736944444444
Demo experiment,pioreactor02,2026-09-25T08:31:05.102Z,0.019025178729,135,4,2026-09-25 14:16:05.102,38.736944444444
Demo experiment,pioreactor02,2026-09-25T08:31:10.101Z,0.0,90,2,2026-09-25 14:16:10.101,38.738333333333
Demo experiment,pioreactor02,2026-09-25T08:31:10.101Z,0.155864289239,45,3,2026-09-25 14:16:10.101,38.738333333333
Demo experiment,pioreactor02,2026-09-25T08:31:10.101Z,0.019011483864,135,4,2026-09-25 14:16:10.101,38.738333333333
Demo experiment,pioreactor02,2026-09-25T08:31:15.154Z,0.0,90,2,2026-09-25 14:16:15.154,38.739722222222
Demo experiment,pioreactor02,2026-09-25T08:31:15.154Z,0.155780071921,45,3,2026-09-25 14:16:15.154,38.739722222222
Demo experiment,pioreactor02,2026-09-25T08:31:15.154Z,0.01894485791,135,4,2026-09-25 14:16:15.154,38.739722222222
Demo experiment,pioreactor02,2026-09-25T08:31:20.103Z,0.0,90,2,2026-09-25 14:16:20.103,38.741111111111
Demo experiment,pioreactor02,2026-09-25T08:31:20.103Z,0.155872480013,45,3,2026-09-25 14:16:20.103,38.741111111111
Demo experiment,pioreactor02,2026-09-25T08:31:20.103Z,0.018949502083,135,4,2026-09-25 14:16:20.103,38.741111111111
Demo experiment,pioreactor02,2026-09-25T08:31:25.102Z,0.0,90,2,2026-09-25 14:16:25.102,38.7425
Demo experiment,pioreactor02,2026-09-25T08:31:25.102Z,0.155893818154,45,3,2026-09-25 14:16:25.102,38.7425
Demo experiment,pioreactor02,2026-09-25T08:31:25.102Z,0.019109224735,135,4,2026-09-25 14:16:25.102,38.7425
Demo experiment,pioreactor02,2026-09-25T08:31:30.100Z,0.0,90,2,2026-09-25 14:16:30.100,38.743888888889
Demo experiment,pioreactor02,2026-09-25T08:31:30.100Z,0.155928457369,45,3,2026-09-25 14:16:30.100,38.743888888889
Demo experiment,pioreactor02,2026-09-25T08:31:30.100Z,0.019031263106,135,4,2026-09-25 14:16:30.100,38.743888888889
Demo experiment,pioreactor02,2026-09-25T08:31:35.102Z,0.0,90,2,2026-09-25 14:16:35.102,38.745277777778
Demo experiment,pioreactor02,2026-09-25T08:31:35.102Z,0.155867998993,45,3,2026-09-25 14:16:35.102,38.745277777778
Demo experiment,pioreactor02,2026-09-25T08:31:35.102Z,0.018982573599,135,4,2026-09-25 14:16:35.102,38.745277777778
Demo experiment,pioreactor02,2026-09-25T08:31:40.107Z,0.0,90,2,2026-09-25 14:16:40.107,38.746666666667
Demo experiment,pioreactor02,2026-09-25T08:31:40.107Z,0.155883702667,45,3,2026-09-25 14:16:40.107,38.746666666667
Demo experiment,pioreactor02,2026-09-25T08:31:40.107Z,0.018962010058,135,4,2026-09-25 14:16:40.107,38.746666666667
Demo experiment,pioreactor02,2026-09-25T08:31:45.099Z,0.0,90,2,2026-09-25 14:16:45.099,38.748055555556
Demo experiment,pioreactor02,2026-09-25T08:31:45.099Z,0.155969344499,45,3,2026-09-25 14:16:45.099,38.748055555556
Demo experiment,pioreactor02,2026-09-25T08:31:45.099Z,0.018946979943,135,4,2026-09-25 14:16:45.099,38.748055555556
Demo experiment,pioreactor02,2026-09-25T08:31:50.098Z,0.0,90,2,2026-09-25 14:16:50.098,38.749444444444
Demo experiment,pioreactor02,2026-09-25T08:31:50.098Z,0.155949169938,45,3,2026-09-25 14:16:50.098,38.749444444444
Demo experiment,pioreactor02,2026-09-25T08:31:50.098Z,0.018919800826,135,4,2026-09-25 14:16:50.098,38.749444444444
Demo experiment,pioreactor02,2026-09-25T08:31:55.099Z,0.0,90,2,2026-09-25 14:16:55.099,38.750833333333
Demo experiment,pioreactor02,2026-09-25T08:31:55.099Z,0.155829899856,45,3,2026-09-25 14:16:55.099,38.750833333333
Demo experiment,pioreactor02,2026-09-25T08:31:55.099Z,0.018900979797,135,4,2026-09-25 14:16:55.099,38.750833333333
Demo experiment,pioreactor02,2026-09-25T08:32:00.097Z,0.0,90,2,2026-09-25 14:17:00.097,38.752222222222
Demo experiment,pioreactor02,2026-09-25T08:32:00.097Z,0.15589333153,45,3,2026-09-25 14:17:00.097,38.752222222222
Demo experiment,pioreactor02,2026-09-25T08:32:00.097Z,0.019058944581,135,4,2026-09-25 14:17:00.097,38.752222222222
Demo experiment,pioreactor02,2026-09-25T08:32:05.112Z,0.0,90,2,2026-09-25 14:17:05.112,38.753611111111
Demo experiment,pioreactor02,2026-09-25T08:32:05.112Z,0.155870832735,45,3,2026-09-25 14:17:05.112,38.753611111111
Demo experiment,pioreactor02,2026-09-25T08:32:05.112Z,0.01897610246,135,4,2026-09-25 14:17:05.112,38.753611111111
Demo experiment,pioreactor02,2026-09-25T08:32:10.107Z,0.0,90,2,2026-09-25 14:17:10.107,38.755
Demo experiment,pioreactor02,2026-09-25T08:32:10.107Z,0.155843868479,45,3,2026-09-25 14:17:10.107,38.755
Demo experiment,pioreactor02,2026-09-25T08:32:10.107Z,0.018962482803,135,4,2026-09-25 14:17:10.107,38.755
Demo experiment,pioreactor02,2026-09-25T08:32:15.100Z,0.0,90,2,2026-09-25 14:17:15.100,38.756388888889
Demo experiment,pioreactor02,2026-09-25T08:32:15.100Z,0.155999850133,45,3,2026-09-25 14:17:15.100,38.756388888889
Demo experiment,pioreactor02,2026-09-25T08:32:15.100Z,0.01893011779,135,4,2026-09-25 14:17:15.100,38.756388888889
Demo experiment,pioreactor02,2026-09-25T08:32:20.097Z,0.0,90,2,2026-09-25 14:17:20.097,38.757777777778
Demo experiment,pioreactor02,2026-09-25T08:32:20.097Z,0.156070323631,45,3,2026-09-25 14:17:20.097,38.757777777778
Demo experiment,pioreactor02,2026-09-25T08:32:20.097Z,0.018917005025,135,4,2026-09-25 14:17:20.097,38.757777777778
Demo experiment,pioreactor02,2026-09-25T08:32:25.111Z,0.0,90,2,2026-09-25 14:17:25.111,38.759166666667
Demo experiment,pioreactor02,2026-09-25T08:32:25.111Z,0.155951995919,45,3,2026-09-25 14:17:25.111,38.759166666667
Demo experiment,pioreactor02,2026-09-25T08:32:25.111Z,0.018930851889,135,4,2026-09-25 14:17:25.111,38.759166666667
Demo experiment,pioreactor02,2026-09-25T08:32:30.101Z,0.0,90,2,2026-09-25 14:17:30.101,38.760555555556
Demo experiment,pioreactor02,2026-09-25T08:32:30.101Z,0.155881630122,45,3,2026-09-25 14:17:30.101,38.760555555556
Demo experiment,pioreactor02,2026-09-25T08:32:30.101Z,0.019080590893,135,4,2026-09-25 14:17:30.101,38.760555555556
Demo experiment,pioreactor02,2026-09-25T08:32:35.105Z,0.0,90,2,2026-09-25 14:17:35.105,38.761944444444
Demo experiment,pioreactor02,2026-09-25T08:32:35.105Z,0.155961799742,45,3,2026-09-25 14:17:35.105,38.761944444444
Demo experiment,pioreactor02,2026-09-25T08:32:35.105Z,0.019018682795,135,4,2026-09-25 14:17:35.105,38.761944444444
Demo experiment,pioreactor02,2026-09-25T08:32:40.104Z,0.0,90,2,2026-09-25 14:17:40.104,38.763333333333
Demo experiment,pioreactor02,2026-09-25T08:32:40.104Z,0.155912390413,45,3,2026-09-25 14:17:40.104,38.763333333333
Demo experiment,pioreactor02,2026-09-25T08:32:40.104Z,0.018966681928,135,4,2026-09-25 14:17:40.104,38.763333333333
Demo experiment,pioreactor02,2026-09-25T08:32:45.105Z,0.0,90,2,2026-09-25 14:17:45.105,38.764722222222
Demo experiment,pioreactor02,2026-09-25T08:32:45.105Z,0.155823460031,45,3,2026-09-25 14:17:45.105,38.764722222222
Demo experiment,pioreactor02,2026-09-25T08:32:45.105Z,0.018905585532,135,4,2026-09-25 14:17:45.105,38.764722222222
Demo experiment,pioreactor02,2026-09-25T08:32:50.107Z,0.0,90,2,2026-09-25 14:17:50.107,38.766111111111
Demo experiment,pioreactor02,2026-09-25T08:32:50.107Z,0.155921179448,45,3,2026-09-25 14:17:50.107,38.766111111111
Demo experiment,pioreactor02,2026-09-25T08:32:50.107Z,0.018900774789,135,4,2026-09-25 14:17:50.107,38.766111111111
Demo experiment,pioreactor02,2026-09-25T08:32:55.127Z,0.0,90,2,2026-09-25 14:17:55.127,38.7675
Demo experiment,pioreactor02,2026-09-25T08:32:55.127Z,0.156104054082,45,3,2026-09-25 14:17:55.127,38.7675
Demo experiment,pioreactor02,2026-09-25T08:32:55.127Z,0.019044375345,135,4,2026-09-25 14:17:55.127,38.7675
Demo experiment,pioreactor02,2026-09-25T08:33:00.105Z,0.0,90,2,2026-09-25 14:18:00.105,38.768888888889
Demo experiment,pioreactor02,2026-09-25T08:33:00.105Z,0.155939886008,45,3,2026-09-25 14:18:00.105,38.768888888889
Demo experiment,pioreactor02,2026-09-25T08:33:00.105Z,0.019012494922,135,4,2026-09-25 14:18:00.105,38.768888888889
Demo experiment,pioreactor02,2026-09-25T08:33:05.102Z,0.0,90,2,2026-09-25 14:18:05.102,38.770277777778
Demo experiment,pioreactor02,2026-09-25T08:33:05.102Z,0.156010473453,45,3,2026-09-25 14:18:05.102,38.770277777778
Demo experiment,pioreactor02,2026-09-25T08:33:05.102Z,0.019546841307,135,4,2026-09-25 14:18:05.102,38.770277777778
Demo experiment,pioreactor02,2026-09-25T08:33:10.108Z,0.0,90,2,2026-09-25 14:18:10.108,38.771666666667
Demo experiment,pioreactor02,2026-09-25T08:33:10.108Z,0.156139204406,45,3,2026-09-25 14:18:10.108,38.771666666667
Demo experiment,pioreactor02,2026-09-25T08:33:10.108Z,0.019145960514,135,4,2026-09-25 14:18:10.108,38.771666666667
Demo experiment,pioreactor02,2026-09-25T08:33:15.125Z,0.0,90,2,2026-09-25 14:18:15.125,38.773055555556
Demo experiment,pioreactor02,2026-09-25T08:33:15.125Z,0.156112846805,45,3,2026-09-25 14:18:15.125,38.773055555556
Demo experiment,pioreactor02,2026-09-25T08:33:15.125Z,0.019033140929,135,4,2026-09-25 14:18:15.125,38.773055555556
Demo experiment,pioreactor02,2026-09-25T08:33:20.098Z,0.0,90,2,2026-09-25 14:18:20.098,38.774444444444
Demo experiment,pioreactor02,2026-09-25T08:33:20.098Z,0.156189144683,45,3,2026-09-25 14:18:20.098,38.774444444444
Demo experiment,pioreactor02,2026-09-25T08:33:20.098Z,0.018937751708,135,4,2026-09-25 14:18:20.098,38.774444444444
Demo experiment,pioreactor02,2026-09-25T08:33:25.099Z,0.0,90,2,2026-09-25 14:18:25.099,38.775833333333
Demo experiment,pioreactor02,2026-09-25T08:33:25.099Z,0.156100703706,45,3,2026-09-25 14:18:25.099,38.775833333333
Demo experiment,pioreactor02,2026-09-25T08:33:25.099Z,0.018947494785,135,4,2026-09-25 14:18:25.099,38.775833333333
Demo experiment,pioreactor02,2026-09-25T08:33:30.112Z,0.0,90,2,2026-09-25 14:18:30.112,38.777222222222
Demo experiment,pioreactor02,2026-09-25T08:33:30.112Z,0.156104847226,45,3,2026-09-25 14:18:30.112,38.777222222222
Demo experiment,pioreactor02,2026-09-25T08:33:30.112Z,0.019008670297,135,4,2026-09-25 14:18:30.112,38.777222222222
Demo experiment,pioreactor02,2026-09-25T08:33:35.098Z,0.0,90,2,2026-09-25 14:18:35.098,38.778611111111
Demo experiment,pioreactor02,2026-09-25T08:33:35.098Z,0.156125396457,45,3,2026-09-25 14:18:35.098,38.778611111111
Demo experiment,pioreactor02,2026-09-25T08:33:35.098Z,0.018958449433,135,4,2026-09-25 14:18:35.098,38.778611111111
Demo experiment,pioreactor02,2026-09-25T08:33:40.123Z,0.0,90,2,2026-09-25 14:18:40.123,38.78
Demo experiment,pioreactor02,2026-09-25T08:33:40.123Z,0.156101182818,45,3,2026-09-25 14:18:40.123,38.78
Demo experiment,pioreactor02,2026-09-25T08:33:40.123Z,0.018846017026,135,4,2026-09-25 14:18:40.123,38.78
Demo experiment,pioreactor02,2026-09-25T08:33:45.099Z,0.0,90,2,2026-09-25 14:18:45.099,38.781388888889
Demo experiment,pioreactor02,2026-09-25T08:33:45.099Z,0.15596420088,45,3,2026-09-25 14:18:45.099,38.781388888889
Demo experiment,pioreactor02,2026-09-25T08:33:45.099Z,0.018922685198,135,4,2026-09-25 14:18:45.099,38.781388888889
Demo experiment,pioreactor02,2026-09-25T08:33:50.106Z,0.0,90,2,2026-09-25 14:18:50.106,38.782777777778
Demo experiment,pioreactor02,2026-09-25T08:33:50.106Z,0.155924743665,45,3,2026-09-25 14:18:50.106,38.782777777778
Demo experiment,pioreactor02,2026-09-25T08:33:50.106Z,0.018930009345,135,4,2026-09-25 14:18:50.106,38.782777777778
Demo experiment,pioreactor02,2026-09-25T08:33:55.098Z,0.0,90,2,2026-09-25 14:18:55.098,38.784166666667
Demo experiment,pioreactor02,2026-09-25T08:33:55.098Z,0.156082052034,45,3,2026-09-25 14:18:55.098,38.784166666667
Demo experiment,pioreactor02,2026-09-25T08:33:55.098Z,0.01893122361,135,4,2026-09-25 14:18:55.098,38.784166666667
Demo experiment,pioreactor02,2026-09-25T08:34:00.121Z,0.0,90,2,2026-09-25 14:19:00.121,38.785555555556
Demo experiment,pioreactor02,2026-09-25T08:34:00.121Z,0.156096020087,45,3,2026-09-25 14:19:00.121,38.785555555556
Demo experiment,pioreactor02,2026-09-25T08:34:00.121Z,0.018874263577,135,4,2026-09-25 14:19:00.121,38.785555555556
Demo experiment,pioreactor02,2026-09-25T08:34:05.099Z,0.0,90,2,2026-09-25 14:19:05.099,38.786944444444
Demo experiment,pioreactor02,2026-09-25T08:34:05.099Z,0.155989108217,45,3,2026-09-25 14:19:05.099,38.786944444444
Demo experiment,pioreactor02,2026-09-25T08:34:05.099Z,0.019110875215,135,4,2026-09-25 14:19:05.099,38.786944444444
Demo experiment,pioreactor02,2026-09-25T08:34:10.108Z,0.0,90,2,2026-09-25 14:19:10.108,38.788333333333
Demo experiment,pioreactor02,2026-09-25T08:34:10.108Z,0.156077338165,45,3,2026-09-25 14:19:10.108,38.788333333333
Demo experiment,pioreactor02,2026-09-25T08:34:10.108Z,0.018919144754,135,4,2026-09-25 14:19:10.108,38.788333333333
Demo experiment,pioreactor02,2026-09-25T08:34:15.096Z,0.0,90,2,2026-09-25 14:19:15.096,38.789722222222
Demo experiment,pioreactor02,2026-09-25T08:34:15.096Z,0.155952252805,45,3,2026-09-25 14:19:15.096,38.789722222222
Demo experiment,pioreactor02,2026-09-25T08:34:15.096Z,0.018899603395,135,4,2026-09-25 14:19:15.096,38.789722222222
Demo experiment,pioreactor02,2026-09-25T08:34:20.097Z,0.0,90,2,2026-09-25 14:19:20.097,38.791111111111
Demo experiment,pioreactor02,2026-09-25T08:34:20.097Z,0.156063083898,45,3,2026-09-25 14:19:20.097,38.791111111111
Demo experiment,pioreactor02,2026-09-25T08:34:20.097Z,0.018793464065,135,4,2026-09-25 14:19:20.097,38.791111111111
Demo experiment,pioreactor02,2026-09-25T08:34:25.101Z,0.0,90,2,2026-09-25 14:19:25.101,38.7925
Demo experiment,pioreactor02,2026-09-25T08:34:25.101Z,0.15607155399,45,3,2026-09-25 14:19:25.101,38.7925
Demo experiment,pioreactor02,2026-09-25T08:34:25.101Z,0.018764180537,135,4,2026-09-25 14:19:25.101,38.7925
Demo experiment,pioreactor02,2026-09-25T08:34:30.119Z,0.0,90,2,2026-09-25 14:19:30.119,38.793888888889
Demo experiment,pioreactor02,2026-09-25T08:34:30.119Z,0.15594071395,45,3,2026-09-25 14:19:30.119,38.793888888889
Demo experiment,pioreactor02,2026-09-25T08:34:30.119Z,0.018781642837,135,4,2026-09-25 14:19:30.119,38.793888888889
Demo experiment,pioreactor02,2026-09-25T08:34:35.099Z,0.0,90,2,2026-09-25 14:19:35.099,38.795277777778
Demo experiment,pioreactor02,2026-09-25T08:34:35.099Z,0.156064805884,45,3,2026-09-25 14:19:35.099,38.795277777778
Demo experiment,pioreactor02,2026-09-25T08:34:35.099Z,0.018791517008,135,4,2026-09-25 14:19:35.099,38.795277777778
Demo experiment,pioreactor02,2026-09-25T08:34:40.101Z,0.0,90,2,2026-09-25 14:19:40.101,38.796666666667
Demo experiment,pioreactor02,2026-09-25T08:34:40.101Z,0.156137904484,45,3,2026-09-25 14:19:40.101,38.796666666667
Demo experiment,pioreactor02,2026-09-25T08:34:40.101Z,0.018920941619,135,4,2026-09-25 14:19:40.101,38.796666666667
Demo experiment,pioreactor02,2026-09-25T08:34:45.113Z,0.0,90,2,2026-09-25 14:19:45.113,38.798055555556
Demo experiment,pioreactor02,2026-09-25T08:34:45.113Z,0.156101088212,45,3,2026-09-25 14:19:45.113,38.798055555556
Demo experiment,pioreactor02,2026-09-25T08:34:45.113Z,0.018893166047,135,4,2026-09-25 14:19:45.113,38.798055555556
Demo experiment,pioreactor02,2026-09-25T08:34:50.130Z,0.0,90,2,2026-09-25 14:19:50.130,38.799444444444
Demo experiment,pioreactor02,2026-09-25T08:34:50.130Z,0.156150060983,45,3,2026-09-25 14:19:50.130,38.799444444444
Demo experiment,pioreactor02,2026-09-25T08:34:50.130Z,0.018892018165,135,4,2026-09-25 14:19:50.130,38.799444444444
Demo experiment,pioreactor02,2026-09-25T08:34:55.099Z,0.0,90,2,2026-09-25 14:19:55.099,38.800833333333
Demo experiment,pioreactor02,2026-09-25T08:34:55.099Z,0.156051175697,45,3,2026-09-25 14:19:55.099,38.800833333333
Demo experiment,pioreactor02,2026-09-25T08:34:55.099Z,0.018844921912,135,4,2026-09-25 14:19:55.099,38.800833333333
Demo experiment,pioreactor02,2026-09-25T08:35:00.101Z,0.0,90,2,2026-09-25 14:20:00.101,38.802222222222
Demo experiment,pioreactor02,2026-09-25T08:35:00.101Z,0.156081470561,45,3,2026-09-25 14:20:00.101,38.802222222222
Demo experiment,pioreactor02,2026-09-25T08:35:00.101Z,0.018804411104,135,4,2026-09-25 14:20:00.101,38.802222222222
Demo experiment,pioreactor02,2026-09-25T08:35:05.098Z,0.0,90,2,2026-09-25 14:20:05.098,38.803611111111
Demo experiment,pioreactor02,2026-09-25T08:35:05.098Z,0.156051000008,45,3,2026-09-25 14:20:05.098,38.803611111111
Demo experiment,pioreactor02,2026-09-25T08:35:05.098Z,0.018735847807,135,4,2026-09-25 14:20:05.098,38.803611111111
Demo experiment,pioreactor02,2026-09-25T08:35:10.121Z,0.0,90,2,2026-09-25 14:20:10.121,38.805
Demo experiment,pioreactor02,2026-09-25T08:35:10.121Z,0.15612313326,45,3,2026-09-25 14:20:10.121,38.805
Demo experiment,pioreactor02,2026-09-25T08:35:10.121Z,0.01877792725,135,4,2026-09-25 14:20:10.121,38.805
Demo experiment,pioreactor02,2026-09-25T08:35:15.098Z,0.0,90,2,2026-09-25 14:20:15.098,38.806388888889
Demo experiment,pioreactor02,2026-09-25T08:35:15.098Z,0.156192431082,45,3,2026-09-25 14:20:15.098,38.806388888889
Demo experiment,pioreactor02,2026-09-25T08:35:15.098Z,0.018806564016,135,4,2026-09-25 14:20:15.098,38.806388888889
Demo experiment,pioreactor02,2026-09-25T08:35:20.100Z,0.0,90,2,2026-09-25 14:20:20.100,38.807777777778
Demo experiment,pioreactor02,2026-09-25T08:35:20.100Z,0.1562035176,45,3,2026-09-25 14:20:20.100,38.807777777778
Demo experiment,pioreactor02,2026-09-25T08:35:20.100Z,0.018770910529,135,4,2026-09-25 14:20:20.100,38.807777777778
Demo experiment,pioreactor02,2026-09-25T08:35:25.120Z,0.0,90,2,2026-09-25 14:20:25.120,38.809166666667
Demo experiment,pioreactor02,2026-09-25T08:35:25.120Z,0.15624441299,45,3,2026-09-25 14:20:25.120,38.809166666667
Demo experiment,pioreactor02,2026-09-25T08:35:25.120Z,0.018753616481,135,4,2026-09-25 14:20:25.120,38.809166666667
Demo experiment,pioreactor02,2026-09-25T08:35:30.099Z,0.0,90,2,2026-09-25 14:20:30.099,38.810555555556
Demo experiment,pioreactor02,2026-09-25T08:35:30.099Z,0.15620592982,45,3,2026-09-25 14:20:30.099,38.810555555556
Demo experiment,pioreactor02,2026-09-25T08:35:30.099Z,0.018716213951,135,4,2026-09-25 14:20:30.099,38.810555555556
Demo experiment,pioreactor02,2026-09-25T08:35:35.096Z,0.0,90,2,2026-09-25 14:20:35.096,38.811944444444
Demo experiment,pioreactor02,2026-09-25T08:35:35.096Z,0.156131766746,45,3,2026-09-25 14:20:35.096,38.811944444444
Demo experiment,pioreactor02,2026-09-25T08:35:35.096Z,0.018783424675,135,4,2026-09-25 14:20:35.096,38.811944444444
Demo experiment,pioreactor02,2026-09-25T08:35:40.098Z,0.0,90,2,2026-09-25 14:20:40.098,38.813333333333
Demo experiment,pioreactor02,2026-09-25T08:35:40.098Z,0.156304546639,45,3,2026-09-25 14:20:40.098,38.813333333333
Demo experiment,pioreactor02,2026-09-25T08:35:40.098Z,0.018748363565,135,4,2026-09-25 14:20:40.098,38.813333333333
Demo experiment,pioreactor02,2026-09-25T08:35:45.124Z,0.0,90,2,2026-09-25 14:20:45.124,38.814722222222
Demo experiment,pioreactor02,2026-09-25T08:35:45.124Z,0.156276946522,45,3,2026-09-25 14:20:45.124,38.814722222222
Demo experiment,pioreactor02,2026-09-25T08:35:45.124Z,0.018905108311,135,4,2026-09-25 14:20:45.124,38.814722222222
Demo experiment,pioreactor02,2026-09-25T08:35:50.110Z,0.0,90,2,2026-09-25 14:20:50.110,38.816111111111
Demo experiment,pioreactor02,2026-09-25T08:35:50.110Z,0.156195795728,45,3,2026-09-25 14:20:50.110,38.816111111111
Demo experiment,pioreactor02,2026-09-25T08:35:50.110Z,0.018799481947,135,4,2026-09-25 14:20:50.110,38.816111111111
Demo experiment,pioreactor02,2026-09-25T08:35:55.101Z,0.0,90,2,2026-09-25 14:20:55.101,38.8175
Demo experiment,pioreactor02,2026-09-25T08:35:55.101Z,0.15617700649,45,3,2026-09-25 14:20:55.101,38.8175
Demo experiment,pioreactor02,2026-09-25T08:35:55.101Z,0.018780174782,135,4,2026-09-25 14:20:55.101,38.8175
Demo experiment,pioreactor02,2026-09-25T08:36:00.096Z,0.0,90,2,2026-09-25 14:21:00.096,38.818888888889
Demo experiment,pioreactor02,2026-09-25T08:36:00.096Z,0.15636510359,45,3,2026-09-25 14:21:00.096,38.818888888889
Demo experiment,pioreactor02,2026-09-25T08:36:00.096Z,0.018916413305,135,4,2026-09-25 14:21:00.096,38.818888888889
Demo experiment,pioreactor02,2026-09-25T08:36:05.110Z,0.0,90,2,2026-09-25 14:21:05.110,38.820277777778
Demo experiment,pioreactor02,2026-09-25T08:36:05.110Z,0.156332993309,45,3,2026-09-25 14:21:05.110,38.820277777778
Demo experiment,pioreactor02,2026-09-25T08:36:05.110Z,0.019240464801,135,4,2026-09-25 14:21:05.110,38.820277777778
Demo experiment,pioreactor02,2026-09-25T08:36:10.097Z,0.0,90,2,2026-09-25 14:21:10.097,38.821666666667
Demo experiment,pioreactor02,2026-09-25T08:36:10.097Z,0.15639008449,45,3,2026-09-25 14:21:10.097,38.821666666667
Demo experiment,pioreactor02,2026-09-25T08:36:10.097Z,0.019529551884,135,4,2026-09-25 14:21:10.097,38.821666666667
Demo experiment,pioreactor02,2026-09-25T08:36:15.100Z,0.0,90,2,2026-09-25 14:21:15.100,38.823055555556
Demo experiment,pioreactor02,2026-09-25T08:36:15.100Z,0.156465332008,45,3,2026-09-25 14:21:15.100,38.823055555556
Demo experiment,pioreactor02,2026-09-25T08:36:15.100Z,0.020176866447,135,4,2026-09-25 14:21:15.100,38.823055555556
Demo experiment,pioreactor02,2026-09-25T08:36:20.102Z,0.0,90,2,2026-09-25 14:21:20.102,38.824444444444
Demo experiment,pioreactor02,2026-09-25T08:36:20.102Z,0.156500609595,45,3,2026-09-25 14:21:20.102,38.824444444444
Demo experiment,pioreactor02,2026-09-25T08:36:20.102Z,0.020302513936,135,4,2026-09-25 14:21:20.102,38.824444444444
Demo experiment,pioreactor02,2026-09-25T08:36:25.098Z,0.0,90,2,2026-09-25 14:21:25.098,38.825833333333
Demo experiment,pioreactor02,2026-09-25T08:36:25.098Z,0.15666692456,45,3,2026-09-25 14:21:25.098,38.825833333333
Demo experiment,pioreactor02,2026-09-25T08:36:25.098Z,0.020293470751,135,4,2026-09-25 14:21:25.098,38.825833333333
Demo experiment,pioreactor02,2026-09-25T08:36:30.101Z,0.0,90,2,2026-09-25 14:21:30.101,38.827222222222
Demo experiment,pioreactor02,2026-09-25T08:36:30.101Z,0.156769555235,45,3,2026-09-25 14:21:30.101,38.827222222222
Demo experiment,pioreactor02,2026-09-25T08:36:30.101Z,0.02082476236,135,4,2026-09-25 14:21:30.101,38.827222222222
Demo experiment,pioreactor02,2026-09-25T08:36:35.103Z,0.0,90,2,2026-09-25 14:21:35.103,38.828611111111
Demo experiment,pioreactor02,2026-09-25T08:36:35.103Z,0.156874752595,45,3,2026-09-25 14:21:35.103,38.828611111111
Demo experiment,pioreactor02,2026-09-25T08:36:35.103Z,0.020646543099,135,4,2026-09-25 14:21:35.103,38.828611111111
Demo experiment,pioreactor02,2026-09-25T08:36:40.097Z,0.0,90,2,2026-09-25 14:21:40.097,38.83
Demo experiment,pioreactor02,2026-09-25T08:36:40.097Z,0.157197344508,45,3,2026-09-25 14:21:40.097,38.83
Demo experiment,pioreactor02,2026-09-25T08:36:40.097Z,0.020748313796,135,4,2026-09-25 14:21:40.097,38.83
Demo experiment,pioreactor02,2026-09-25T08:36:45.099Z,0.0,90,2,2026-09-25 14:21:45.099,38.831388888889
Demo experiment,pioreactor02,2026-09-25T08:36:45.099Z,0.157503421318,45,3,2026-09-25 14:21:45.099,38.831388888889
Demo experiment,pioreactor02,2026-09-25T08:36:45.099Z,0.021381747469,135,4,2026-09-25 14:21:45.099,38.831388888889
Demo experiment,pioreactor02,2026-09-25T08:36:50.104Z,0.0,90,2,2026-09-25 14:21:50.104,38.832777777778
Demo experiment,pioreactor02,2026-09-25T08:36:50.104Z,0.157968882082,45,3,2026-09-25 14:21:50.104,38.832777777778
Demo experiment,pioreactor02,2026-09-25T08:36:50.104Z,0.021579016902,135,4,2026-09-25 14:21:50.104,38.832777777778
Demo experiment,pioreactor02,2026-09-25T08:36:55.100Z,0.0,90,2,2026-09-25 14:21:55.100,38.834166666667
Demo experiment,pioreactor02,2026-09-25T08:36:55.100Z,0.158295619548,45,3,2026-09-25 14:21:55.100,38.834166666667
Demo experiment,pioreactor02,2026-09-25T08:36:55.100Z,0.021830326789,135,4,2026-09-25 14:21:55.100,38.834166666667
Demo experiment,pioreactor02,2026-09-25T08:37:00.099Z,0.0,90,2,2026-09-25 14:22:00.099,38.835555555556
Demo experiment,pioreactor02,2026-09-25T08:37:00.099Z,0.158932084414,45,3,2026-09-25 14:22:00.099,38.835555555556
Demo experiment,pioreactor02,2026-09-25T08:37:00.099Z,0.02178639391,135,4,2026-09-25 14:22:00.099,38.835555555556
Demo experiment,pioreactor02,2026-09-25T08:37:05.099Z,0.0,90,2,2026-09-25 14:22:05.099,38.836944444444
Demo experiment,pioreactor02,2026-09-25T08:37:05.099Z,0.160565766756,45,3,2026-09-25 14:22:05.099,38.836944444444
Demo experiment,pioreactor02,2026-09-25T08:37:05.099Z,0.022028897189,135,4,2026-09-25 14:22:05.099,38.836944444444
Demo experiment,pioreactor02,2026-09-25T08:37:10.101Z,0.0,90,2,2026-09-25 14:22:10.101,38.838333333333
Demo experiment,pioreactor02,2026-09-25T08:37:10.101Z,0.160823526408,45,3,2026-09-25 14:22:10.101,38.838333333333
Demo experiment,pioreactor02,2026-09-25T08:37:10.101Z,0.022170555041,135,4,2026-09-25 14:22:10.101,38.838333333333
Demo experiment,pioreactor02,2026-09-25T08:37:15.102Z,0.0,90,2,2026-09-25 14:22:15.102,38.839722222222
Demo experiment,pioreactor02,2026-09-25T08:37:15.102Z,0.160909097886,45,3,2026-09-25 14:22:15.102,38.839722222222
Demo experiment,pioreactor02,2026-09-25T08:37:15.102Z,0.022251714316,135,4,2026-09-25 14:22:15.102,38.839722222222
Demo experiment,pioreactor02,2026-09-25T08:37:20.101Z,0.0,90,2,2026-09-25 14:22:20.101,38.841111111111
Demo experiment,pioreactor02,2026-09-25T08:37:20.101Z,0.16058370336,45,3,2026-09-25 14:22:20.101,38.841111111111
Demo experiment,pioreactor02,2026-09-25T08:37:20.101Z,0.022477693997,135,4,2026-09-25 14:22:20.101,38.841111111111
Demo experiment,pioreactor02,2026-09-25T08:37:25.102Z,0.0,90,2,2026-09-25 14:22:25.102,38.8425
Demo experiment,pioreactor02,2026-09-25T08:37:25.102Z,0.160090612779,45,3,2026-09-25 14:22:25.102,38.8425
Demo experiment,pioreactor02,2026-09-25T08:37:25.102Z,0.022725573975,135,4,2026-09-25 14:22:25.102,38.8425
Demo experiment,pioreactor02,2026-09-25T08:37:30.103Z,0.0,90,2,2026-09-25 14:22:30.103,38.843888888889
Demo experiment,pioreactor02,2026-09-25T08:37:30.103Z,0.15992028898,45,3,2026-09-25 14:22:30.103,38.843888888889
Demo experiment,pioreactor02,2026-09-25T08:37:30.103Z,0.022808696306,135,4,2026-09-25 14:22:30.103,38.843888888889
Demo experiment,pioreactor02,2026-09-25T08:37:35.102Z,0.0,90,2,2026-09-25 14:22:35.102,38.845277777778
Demo experiment,pioreactor02,2026-09-25T08:37:35.102Z,0.160883184655,45,3,2026-09-25 14:22:35.102,38.845277777778
Demo experiment,pioreactor02,2026-09-25T08:37:35.102Z,0.0225683946,135,4,2026-09-25 14:22:35.102,38.845277777778
Demo experiment,pioreactor02,2026-09-25T08:37:40.102Z,0.0,90,2,2026-09-25 14:22:40.102,38.846666666667
Demo experiment,pioreactor02,2026-09-25T08:37:40.102Z,0.159499392718,45,3,2026-09-25 14:22:40.102,38.846666666667
Demo experiment,pioreactor02,2026-09-25T08:37:40.102Z,0.022459027225,135,4,2026-09-25 14:22:40.102,38.846666666667
Demo experiment,pioreactor02,2026-09-25T08:37:45.105Z,0.0,90,2,2026-09-25 14:22:45.105,38.848055555556
Demo experiment,pioreactor02,2026-09-25T08:37:45.105Z,0.158992570192,45,3,2026-09-25 14:22:45.105,38.848055555556
Demo experiment,pioreactor02,2026-09-25T08:37:45.105Z,0.02256293043,135,4,2026-09-25 14:22:45.105,38.848055555556
Demo experiment,pioreactor02,2026-09-25T08:37:50.105Z,0.0,90,2,2026-09-25 14:22:50.105,38.849444444444
Demo experiment,pioreactor02,2026-09-25T08:37:50.105Z,0.158737444397,45,3,2026-09-25 14:22:50.105,38.849444444444
Demo experiment,pioreactor02,2026-09-25T08:37:50.105Z,0.022306457359,135,4,2026-09-25 14:22:50.105,38.849444444444
Demo experiment,pioreactor02,2026-09-25T08:37:55.100Z,0.0,90,2,2026-09-25 14:22:55.100,38.850833333333
Demo experiment,pioreactor02,2026-09-25T08:37:55.100Z,0.158928678324,45,3,2026-09-25 14:22:55.100,38.850833333333
Demo experiment,pioreactor02,2026-09-25T08:37:55.100Z,0.022462315534,135,4,2026-09-25 14:22:55.100,38.850833333333
Demo experiment,pioreactor02,2026-09-25T08:38:00.103Z,0.0,90,2,2026-09-25 14:23:00.103,38.852222222222
Demo experiment,pioreactor02,2026-09-25T08:38:00.103Z,0.158830219876,45,3,2026-09-25 14:23:00.103,38.852222222222
Demo experiment,pioreactor02,2026-09-25T08:38:00.103Z,0.022652971871,135,4,2026-09-25 14:23:00.103,38.852222222222
Demo experiment,pioreactor02,2026-09-25T08:38:05.098Z,0.0,90,2,2026-09-25 14:23:05.098,38.853611111111
Demo experiment,pioreactor02,2026-09-25T08:38:05.098Z,0.158831378646,45,3,2026-09-25 14:23:05.098,38.853611111111
Demo experiment,pioreactor02,2026-09-25T08:38:05.098Z,0.022392968481,135,4,2026-09-25 14:23:05.098,38.853611111111
Demo experiment,pioreactor02,2026-09-25T08:38:10.101Z,0.0,90,2,2026-09-25 14:23:10.101,38.855
Demo experiment,pioreactor02,2026-09-25T08:38:10.101Z,0.159005843864,45,3,2026-09-25 14:23:10.101,38.855
Demo experiment,pioreactor02,2026-09-25T08:38:10.101Z,0.022148864459,135,4,2026-09-25 14:23:10.101,38.855
Demo experiment,pioreactor02,2026-09-25T08:38:15.097Z,0.0,90,2,2026-09-25 14:23:15.097,38.856388888889
Demo experiment,pioreactor02,2026-09-25T08:38:15.097Z,0.159082940199,45,3,2026-09-25 14:23:15.097,38.856388888889
Demo experiment,pioreactor02,2026-09-25T08:38:15.097Z,0.022096509946,135,4,2026-09-25 14:23:15.097,38.856388888889
Demo experiment,pioreactor02,2026-09-25T08:38:20.099Z,0.0,90,2,2026-09-25 14:23:20.099,38.857777777778
Demo experiment,pioreactor02,2026-09-25T08:38:20.099Z,0.158926234918,45,3,2026-09-25 14:23:20.099,38.857777777778
Demo experiment,pioreactor02,2026-09-25T08:38:20.099Z,0.021758624853,135,4,2026-09-25 14:23:20.099,38.857777777778
Demo experiment,pioreactor02,2026-09-25T08:38:25.097Z,0.0,90,2,2026-09-25 14:23:25.097,38.859166666667
Demo experiment,pioreactor02,2026-09-25T08:38:25.097Z,0.159208823886,45,3,2026-09-25 14:23:25.097,38.859166666667
Demo experiment,pioreactor02,2026-09-25T08:38:25.097Z,0.021601125334,135,4,2026-09-25 14:23:25.097,38.859166666667
Demo experiment,pioreactor02,2026-09-25T08:38:30.098Z,0.0,90,2,2026-09-25 14:23:30.098,38.860555555556
Demo experiment,pioreactor02,2026-09-25T08:38:30.098Z,0.159109940006,45,3,2026-09-25 14:23:30.098,38.860555555556
Demo experiment,pioreactor02,2026-09-25T08:38:30.098Z,0.022095753616,135,4,2026-09-25 14:23:30.098,38.860555555556
Demo experiment,pioreactor02,2026-09-25T08:38:35.099Z,0.0,90,2,2026-09-25 14:23:35.099,38.861944444444
Demo experiment,pioreactor02,2026-09-25T08:38:35.099Z,0.158863924847,45,3,2026-09-25 14:23:35.099,38.861944444444
Demo experiment,pioreactor02,2026-09-25T08:38:35.099Z,0.022046296062,135,4,2026-09-25 14:23:35.099,38.861944444444
Demo experiment,pioreactor02,2026-09-25T08:38:40.097Z,0.0,90,2,2026-09-25 14:23:40.097,38.863333333333
Demo experiment,pioreactor02,2026-09-25T08:38:40.097Z,0.158815256575,45,3,2026-09-25 14:23:40.097,38.863333333333
Demo experiment,pioreactor02,2026-09-25T08:38:40.097Z,0.022149234125,135,4,2026-09-25 14:23:40.097,38.863333333333
Demo experiment,pioreactor02,2026-09-25T08:38:45.101Z,0.0,90,2,2026-09-25 14:23:45.101,38.864722222222
Demo experiment,pioreactor02,2026-09-25T08:38:45.101Z,0.158804311236,45,3,2026-09-25 14:23:45.101,38.864722222222
Demo experiment,pioreactor02,2026-09-25T08:38:45.101Z,0.021719621987,135,4,2026-09-25 14:23:45.101,38.864722222222
Demo experiment,pioreactor02,2026-09-25T08:38:50.101Z,0.0,90,2,2026-09-25 14:23:50.101,38.866111111111
Demo experiment,pioreactor02,2026-09-25T08:38:50.101Z,0.158943022344,45,3,2026-09-25 14:23:50.101,38.866111111111
Demo experiment,pioreactor02,2026-09-25T08:38:50.101Z,0.021485929302,135,4,2026-09-25 14:23:50.101,38.866111111111
Demo experiment,pioreactor02,2026-09-25T08:38:55.102Z,0.0,90,2,2026-09-25 14:23:55.102,38.8675
Demo experiment,pioreactor02,2026-09-25T08:38:55.102Z,0.158888690004,45,3,2026-09-25 14:23:55.102,38.8675
Demo experiment,pioreactor02,2026-09-25T08:38:55.102Z,0.021552370403,135,4,2026-09-25 14:23:55.102,38.8675
Demo experiment,pioreactor02,2026-09-25T08:39:00.106Z,0.0,90,2,2026-09-25 14:24:00.106,38.868888888889
Demo experiment,pioreactor02,2026-09-25T08:39:00.106Z,0.158953157588,45,3,2026-09-25 14:24:00.106,38.868888888889
Demo experiment,pioreactor02,2026-09-25T08:39:00.106Z,0.021301321986,135,4,2026-09-25 14:24:00.106,38.868888888889
Demo experiment,pioreactor02,2026-09-25T08:39:05.100Z,0.0,90,2,2026-09-25 14:24:05.100,38.870277777778
Demo experiment,pioreactor02,2026-09-25T08:39:05.100Z,0.158687244492,45,3,2026-09-25 14:24:05.100,38.870277777778
Demo experiment,pioreactor02,2026-09-25T08:39:05.100Z,0.021247061851,135,4,2026-09-25 14:24:05.100,38.870277777778
Demo experiment,pioreactor02,2026-09-25T08:39:10.099Z,0.0,90,2,2026-09-25 14:24:10.099,38.871666666667
Demo experiment,pioreactor02,2026-09-25T08:39:10.099Z,0.158403444963,45,3,2026-09-25 14:24:10.099,38.871666666667
Demo experiment,pioreactor02,2026-09-25T08:39:10.099Z,0.021303585161,135,4,2026-09-25 14:24:10.099,38.871666666667
Demo experiment,pioreactor02,2026-09-25T08:39:15.104Z,0.0,90,2,2026-09-25 14:24:15.104,38.873055555556
Demo experiment,pioreactor02,2026-09-25T08:39:15.104Z,0.158445544619,45,3,2026-09-25 14:24:15.104,38.873055555556
Demo experiment,pioreactor02,2026-09-25T08:39:15.104Z,0.021208874192,135,4,2026-09-25 14:24:15.104,38.873055555556
Demo experiment,pioreactor02,2026-09-25T08:39:20.102Z,0.0,90,2,2026-09-25 14:24:20.102,38.874444444444
Demo experiment,pioreactor02,2026-09-25T08:39:20.102Z,0.158360300387,45,3,2026-09-25 14:24:20.102,38.874444444444
Demo experiment,pioreactor02,2026-09-25T08:39:20.102Z,0.02096258611,135,4,2026-09-25 14:24:20.102,38.874444444444
Demo experiment,pioreactor02,2026-09-25T08:39:25.099Z,0.0,90,2,2026-09-25 14:24:25.099,38.875833333333
Demo experiment,pioreactor02,2026-09-25T08:39:25.099Z,0.158296643551,45,3,2026-09-25 14:24:25.099,38.875833333333
Demo experiment,pioreactor02,2026-09-25T08:39:25.099Z,0.020829007984,135,4,2026-09-25 14:24:25.099,38.875833333333
Demo experiment,pioreactor02,2026-09-25T08:39:30.099Z,0.0,90,2,2026-09-25 14:24:30.099,38.877222222222
Demo experiment,pioreactor02,2026-09-25T08:39:30.099Z,0.158412961155,45,3,2026-09-25 14:24:30.099,38.877222222222
Demo experiment,pioreactor02,2026-09-25T08:39:30.099Z,0.020836334826,135,4,2026-09-25 14:24:30.099,38.877222222222
Demo experiment,pioreactor02,2026-09-25T08:39:35.100Z,0.0,90,2,2026-09-25 14:24:35.100,38.878611111111
Demo experiment,pioreactor02,2026-09-25T08:39:35.100Z,0.158395506982,45,3,2026-09-25 14:24:35.100,38.878611111111
Demo experiment,pioreactor02,2026-09-25T08:39:35.100Z,0.020864960518,135,4,2026-09-25 14:24:35.100,38.878611111111
Demo experiment,pioreactor02,2026-09-25T08:39:40.099Z,0.0,90,2,2026-09-25 14:24:40.099,38.88
Demo experiment,pioreactor02,2026-09-25T08:39:40.099Z,0.158178720012,45,3,2026-09-25 14:24:40.099,38.88
Demo experiment,pioreactor02,2026-09-25T08:39:40.099Z,0.021104806749,135,4,2026-09-25 14:24:40.099,38.88
Demo experiment,pioreactor02,2026-09-25T08:39:45.098Z,0.0,90,2,2026-09-25 14:24:45.098,38.881388888889
Demo experiment,pioreactor02,2026-09-25T08:39:45.098Z,0.158155566834,45,3,2026-09-25 14:24:45.098,38.881388888889
Demo experiment,pioreactor02,2026-09-25T08:39:45.098Z,0.020746347057,135,4,2026-09-25 14:24:45.098,38.881388888889
Demo experiment,pioreactor02,2026-09-25T08:39:50.106Z,0.0,90,2,2026-09-25 14:24:50.106,38.882777777778
Demo experiment,pioreactor02,2026-09-25T08:39:50.106Z,0.158134240339,45,3,2026-09-25 14:24:50.106,38.882777777778
Demo experiment,pioreactor02,2026-09-25T08:39:50.106Z,0.020978636824,135,4,2026-09-25 14:24:50.106,38.882777777778
Demo experiment,pioreactor02,2026-09-25T08:39:55.098Z,0.0,90,2,2026-09-25 14:24:55.098,38.884166666667
Demo experiment,pioreactor02,2026-09-25T08:39:55.098Z,0.158106182908,45,3,2026-09-25 14:24:55.098,38.884166666667
Demo experiment,pioreactor02,2026-09-25T08:39:55.098Z,0.021029475107,135,4,2026-09-25 14:24:55.098,38.884166666667
Demo experiment,pioreactor02,2026-09-25T08:40:00.100Z,0.0,90,2,2026-09-25 14:25:00.100,38.885555555556
Demo experiment,pioreactor02,2026-09-25T08:40:00.100Z,0.158033271248,45,3,2026-09-25 14:25:00.100,38.885555555556
Demo experiment,pioreactor02,2026-09-25T08:40:00.100Z,0.020749783695,135,4,2026-09-25 14:25:00.100,38.885555555556
Demo experiment,pioreactor02,2026-09-25T08:40:05.099Z,0.0,90,2,2026-09-25 14:25:05.099,38.886944444444
Demo experiment,pioreactor02,2026-09-25T08:40:05.099Z,0.158409642399,45,3,2026-09-25 14:25:05.099,38.886944444444
Demo experiment,pioreactor02,2026-09-25T08:40:05.099Z,0.021300396936,135,4,2026-09-25 14:25:05.099,38.886944444444
Demo experiment,pioreactor02,2026-09-25T08:40:10.099Z,0.0,90,2,2026-09-25 14:25:10.099,38.888333333333
Demo experiment,pioreactor02,2026-09-25T08:40:10.099Z,0.158362897271,45,3,2026-09-25 14:25:10.099,38.888333333333
Demo experiment,pioreactor02,2026-09-25T08:40:10.099Z,0.021033798553,135,4,2026-09-25 14:25:10.099,38.888333333333
Demo experiment,pioreactor02,2026-09-25T08:40:15.096Z,0.0,90,2,2026-09-25 14:25:15.096,38.889722222222
Demo experiment,pioreactor02,2026-09-25T08:40:15.096Z,0.157997166423,45,3,2026-09-25 14:25:15.096,38.889722222222
Demo experiment,pioreactor02,2026-09-25T08:40:15.096Z,0.020977094294,135,4,2026-09-25 14:25:15.096,38.889722222222
Demo experiment,pioreactor02,2026-09-25T08:40:20.097Z,0.0,90,2,2026-09-25 14:25:20.097,38.891111111111
Demo experiment,pioreactor02,2026-09-25T08:40:20.097Z,0.158067661411,45,3,2026-09-25 14:25:20.097,38.891111111111
Demo experiment,pioreactor02,2026-09-25T08:40:20.097Z,0.020833271715,135,4,2026-09-25 14:25:20.097,38.891111111111
Demo experiment,pioreactor02,2026-09-25T08:40:25.098Z,0.0,90,2,2026-09-25 14:25:25.098,38.8925
Demo experiment,pioreactor02,2026-09-25T08:40:25.098Z,0.157975332802,45,3,2026-09-25 14:25:25.098,38.8925
Demo experiment,pioreactor02,2026-09-25T08:40:25.098Z,0.02065302091,135,4,2026-09-25 14:25:25.098,38.8925
Demo experiment,pioreactor02,2026-09-25T08:40:30.097Z,0.0,90,2,2026-09-25 14:25:30.097,38.893888888889
Demo experiment,pioreactor02,2026-09-25T08:40:30.097Z,0.157877972396,45,3,2026-09-25 14:25:30.097,38.893888888889
Demo experiment,pioreactor02,2026-09-25T08:40:30.097Z,0.020691467218,135,4,2026-09-25 14:25:30.097,38.893888888889
Demo experiment,pioreactor02,2026-09-25T08:40:35.098Z,0.0,90,2,2026-09-25 14:25:35.098,38.895277777778
Demo experiment,pioreactor02,2026-09-25T08:40:35.098Z,0.158007902876,45,3,2026-09-25 14:25:35.098,38.895277777778
Demo experiment,pioreactor02,2026-09-25T08:40:35.098Z,0.020439509143,135,4,2026-09-25 14:25:35.098,38.895277777778
Demo experiment,pioreactor02,2026-09-25T08:40:40.101Z,0.0,90,2,2026-09-25 14:25:40.101,38.896666666667
Demo experiment,pioreactor02,2026-09-25T08:40:40.101Z,0.1579090377,45,3,2026-09-25 14:25:40.101,38.896666666667
Demo experiment,pioreactor02,2026-09-25T08:40:40.101Z,0.020257503987,135,4,2026-09-25 14:25:40.101,38.896666666667
Demo experiment,pioreactor02,2026-09-25T08:40:45.098Z,0.0,90,2,2026-09-25 14:25:45.098,38.898055555556
Demo experiment,pioreactor02,2026-09-25T08:40:45.098Z,0.157858247377,45,3,2026-09-25 14:25:45.098,38.898055555556
Demo experiment,pioreactor02,2026-09-25T08:40:45.098Z,0.020908194954,135,4,2026-09-25 14:25:45.098,38.898055555556
Demo experiment,pioreactor02,2026-09-25T08:40:50.097Z,0.0,90,2,2026-09-25 14:25:50.097,38.899444444444
Demo experiment,pioreactor02,2026-09-25T08:40:50.097Z,0.157800725365,45,3,2026-09-25 14:25:50.097,38.899444444444
Demo experiment,pioreactor02,2026-09-25T08:40:50.097Z,0.020441983569,135,4,2026-09-25 14:25:50.097,38.899444444444
Demo experiment,pioreactor02,2026-09-25T08:40:55.097Z,0.0,90,2,2026-09-25 14:25:55.097,38.900833333333
Demo experiment,pioreactor02,2026-09-25T08:40:55.097Z,0.157834127938,45,3,2026-09-25 14:25:55.097,38.900833333333
Demo experiment,pioreactor02,2026-09-25T08:40:55.097Z,0.020191785508,135,4,2026-09-25 14:25:55.097,38.900833333333
Demo experiment,pioreactor02,2026-09-25T08:41:00.098Z,0.0,90,2,2026-09-25 14:26:00.098,38.902222222222
Demo experiment,pioreactor02,2026-09-25T08:41:00.098Z,0.157764805619,45,3,2026-09-25 14:26:00.098,38.902222222222
Demo experiment,pioreactor02,2026-09-25T08:41:00.098Z,0.020201979493,135,4,2026-09-25 14:26:00.098,38.902222222222
Demo experiment,pioreactor02,2026-09-25T08:41:05.099Z,0.0,90,2,2026-09-25 14:26:05.099,38.903611111111
Demo experiment,pioreactor02,2026-09-25T08:41:05.099Z,0.15788950249,45,3,2026-09-25 14:26:05.099,38.903611111111
Demo experiment,pioreactor02,2026-09-25T08:41:05.099Z,0.020151488916,135,4,2026-09-25 14:26:05.099,38.903611111111
Demo experiment,pioreactor02,2026-09-25T08:41:10.100Z,0.0,90,2,2026-09-25 14:26:10.100,38.905
Demo experiment,pioreactor02,2026-09-25T08:41:10.100Z,0.157958203649,45,3,2026-09-25 14:26:10.100,38.905
Demo experiment,pioreactor02,2026-09-25T08:41:10.100Z,0.020042839945,135,4,2026-09-25 14:26:10.100,38.905
Demo experiment,pioreactor02,2026-09-25T08:41:15.100Z,0.0,90,2,2026-09-25 14:26:15.100,38.906388888889
Demo experiment,pioreactor02,2026-09-25T08:41:15.100Z,0.157989434381,45,3,2026-09-25 14:26:15.100,38.906388888889
Demo experiment,pioreactor02,2026-09-25T08:41:15.100Z,0.019970904737,135,4,2026-09-25 14:26:15.100,38.906388888889
Demo experiment,pioreactor02,2026-09-25T08:41:20.098Z,0.0,90,2,2026-09-25 14:26:20.098,38.907777777778
Demo experiment,pioreactor02,2026-09-25T08:41:20.098Z,0.157943697898,45,3,2026-09-25 14:26:20.098,38.907777777778
Demo experiment,pioreactor02,2026-09-25T08:41:20.098Z,0.020364791113,135,4,2026-09-25 14:26:20.098,38.907777777778
Demo experiment,pioreactor02,2026-09-25T08:41:25.097Z,0.0,90,2,2026-09-25 14:26:25.097,38.909166666667
Demo experiment,pioreactor02,2026-09-25T08:41:25.097Z,0.157930249623,45,3,2026-09-25 14:26:25.097,38.909166666667
Demo experiment,pioreactor02,2026-09-25T08:41:25.097Z,0.020100602071,135,4,2026-09-25 14:26:25.097,38.909166666667
Demo experiment,pioreactor02,2026-09-25T08:41:30.098Z,0.0,90,2,2026-09-25 14:26:30.098,38.910555555556
Demo experiment,pioreactor02,2026-09-25T08:41:30.098Z,0.158002611168,45,3,2026-09-25 14:26:30.098,38.910555555556
Demo experiment,pioreactor02,2026-09-25T08:41:30.098Z,0.020081451546,135,4,2026-09-25 14:26:30.098,38.910555555556
Demo experiment,pioreactor02,2026-09-25T08:41:35.100Z,0.0,90,2,2026-09-25 14:26:35.100,38.911944444444
Demo experiment,pioreactor02,2026-09-25T08:41:35.100Z,0.157972177614,45,3,2026-09-25 14:26:35.100,38.911944444444
Demo experiment,pioreactor02,2026-09-25T08:41:35.100Z,0.020044637656,135,4,2026-09-25 14:26:35.100,38.911944444444
Demo experiment,pioreactor02,2026-09-25T08:41:40.100Z,0.0,90,2,2026-09-25 14:26:40.100,38.913333333333
Demo experiment,pioreactor02,2026-09-25T08:41:40.100Z,0.158011196757,45,3,2026-09-25 14:26:40.100,38.913333333333
Demo experiment,pioreactor02,2026-09-25T08:41:40.100Z,0.019972528718,135,4,2026-09-25 14:26:40.100,38.913333333333
Demo experiment,pioreactor02,2026-09-25T08:41:45.098Z,0.0,90,2,2026-09-25 14:26:45.098,38.914722222222
Demo experiment,pioreactor02,2026-09-25T08:41:45.098Z,0.158012561403,45,3,2026-09-25 14:26:45.098,38.914722222222
Demo experiment,pioreactor02,2026-09-25T08:41:45.098Z,0.019911549897,135,4,2026-09-25 14:26:45.098,38.914722222222
Demo experiment,pioreactor02,2026-09-25T08:41:50.096Z,0.0,90,2,2026-09-25 14:26:50.096,38.916111111111
Demo experiment,pioreactor02,2026-09-25T08:41:50.096Z,0.158000579741,45,3,2026-09-25 14:26:50.096,38.916111111111
Demo experiment,pioreactor02,2026-09-25T08:41:50.096Z,0.019880130289,135,4,2026-09-25 14:26:50.096,38.916111111111
Demo experiment,pioreactor02,2026-09-25T08:41:55.105Z,0.0,90,2,2026-09-25 14:26:55.105,38.9175
Demo experiment,pioreactor02,2026-09-25T08:41:55.105Z,0.158143397676,45,3,2026-09-25 14:26:55.105,38.9175
Demo experiment,pioreactor02,2026-09-25T08:41:55.105Z,0.021154623198,135,4,2026-09-25 14:26:55.105,38.9175
Demo experiment,pioreactor02,2026-09-25T08:42:00.097Z,0.0,90,2,2026-09-25 14:27:00.097,38.918888888889
Demo experiment,pioreactor02,2026-09-25T08:42:00.097Z,0.158005660833,45,3,2026-09-25 14:27:00.097,38.918888888889
Demo experiment,pioreactor02,2026-09-25T08:42:00.097Z,0.020719751795,135,4,2026-09-25 14:27:00.097,38.918888888889
Demo experiment,pioreactor02,2026-09-25T08:42:05.102Z,0.0,90,2,2026-09-25 14:27:05.102,38.920277777778
Demo experiment,pioreactor02,2026-09-25T08:42:05.102Z,0.158055100266,45,3,2026-09-25 14:27:05.102,38.920277777778
Demo experiment,pioreactor02,2026-09-25T08:42:05.102Z,0.020104718231,135,4,2026-09-25 14:27:05.102,38.920277777778
Demo experiment,pioreactor02,2026-09-25T08:42:10.097Z,0.0,90,2,2026-09-25 14:27:10.097,38.921666666667
Demo experiment,pioreactor02,2026-09-25T08:42:10.097Z,0.157900551092,45,3,2026-09-25 14:27:10.097,38.921666666667
Demo experiment,pioreactor02,2026-09-25T08:42:10.097Z,0.019892718441,135,4,2026-09-25 14:27:10.097,38.921666666667
Demo experiment,pioreactor02,2026-09-25T08:42:15.098Z,0.0,90,2,2026-09-25 14:27:15.098,38.923055555556
Demo experiment,pioreactor02,2026-09-25T08:42:15.098Z,0.15794133671,45,3,2026-09-25 14:27:15.098,38.923055555556
Demo experiment,pioreactor02,2026-09-25T08:42:15.098Z,0.019886794145,135,4,2026-09-25 14:27:15.098,38.923055555556
Demo experiment,pioreactor02,2026-09-25T08:42:20.097Z,0.0,90,2,2026-09-25 14:27:20.097,38.924444444444
Demo experiment,pioreactor02,2026-09-25T08:42:20.097Z,0.158013909228,45,3,2026-09-25 14:27:20.097,38.924444444444
Demo experiment,pioreactor02,2026-09-25T08:42:20.097Z,0.020063165559,135,4,2026-09-25 14:27:20.097,38.924444444444
Demo experiment,pioreactor02,2026-09-25T08:42:25.099Z,0.0,90,2,2026-09-25 14:27:25.099,38.925833333333
Demo experiment,pioreactor02,2026-09-25T08:42:25.099Z,0.157863535904,45,3,2026-09-25 14:27:25.099,38.925833333333
Demo experiment,pioreactor02,2026-09-25T08:42:25.099Z,0.019887046073,135,4,2026-09-25 14:27:25.099,38.925833333333
Demo experiment,pioreactor02,2026-09-25T08:42:30.097Z,0.0,90,2,2026-09-25 14:27:30.097,38.927222222222
Demo experiment,pioreactor02,2026-09-25T08:42:30.097Z,0.1578206682,45,3,2026-09-25 14:27:30.097,38.927222222222
Demo experiment,pioreactor02,2026-09-25T08:42:30.097Z,0.020094408109,135,4,2026-09-25 14:27:30.097,38.927222222222
Demo experiment,pioreactor02,2026-09-25T08:42:35.097Z,0.0,90,2,2026-09-25 14:27:35.097,38.928611111111
Demo experiment,pioreactor02,2026-09-25T08:42:35.097Z,0.157845890779,45,3,2026-09-25 14:27:35.097,38.928611111111
Demo experiment,pioreactor02,2026-09-25T08:42:35.097Z,0.019963729712,135,4,2026-09-25 14:27:35.097,38.928611111111
Demo experiment,pioreactor02,2026-09-25T08:42:40.099Z,0.0,90,2,2026-09-25 14:27:40.099,38.93
Demo experiment,pioreactor02,2026-09-25T08:42:40.099Z,0.157858060101,45,3,2026-09-25 14:27:40.099,38.93
Demo experiment,pioreactor02,2026-09-25T08:42:40.099Z,0.019739369113,135,4,2026-09-25 14:27:40.099,38.93
Demo experiment,pioreactor02,2026-09-25T08:42:45.098Z,0.0,90,2,2026-09-25 14:27:45.098,38.931388888889
Demo experiment,pioreactor02,2026-09-25T08:42:45.098Z,0.157862177697,45,3,2026-09-25 14:27:45.098,38.931388888889
Demo experiment,pioreactor02,2026-09-25T08:42:45.098Z,0.019627686649,135,4,2026-09-25 14:27:45.098,38.931388888889
Demo experiment,pioreactor02,2026-09-25T08:42:50.096Z,0.0,90,2,2026-09-25 14:27:50.096,38.932777777778
Demo experiment,pioreactor02,2026-09-25T08:42:50.096Z,0.157824020408,45,3,2026-09-25 14:27:50.096,38.932777777778
Demo experiment,pioreactor02,2026-09-25T08:42:50.096Z,0.019647718539,135,4,2026-09-25 14:27:50.096,38.932777777778
Demo experiment,pioreactor02,2026-09-25T08:42:55.099Z,0.0,90,2,2026-09-25 14:27:55.099,38.934166666667
Demo experiment,pioreactor02,2026-09-25T08:42:55.099Z,0.15809004453,45,3,2026-09-25 14:27:55.099,38.934166666667
Demo experiment,pioreactor02,2026-09-25T08:42:55.099Z,0.019638270758,135,4,2026-09-25 14:27:55.099,38.934166666667
Demo experiment,pioreactor02,2026-09-25T08:43:00.097Z,0.0,90,2,2026-09-25 14:28:00.097,38.935555555556
Demo experiment,pioreactor02,2026-09-25T08:43:00.097Z,0.158186709656,45,3,2026-09-25 14:28:00.097,38.935555555556
Demo experiment,pioreactor02,2026-09-25T08:43:00.097Z,0.019655930068,135,4,2026-09-25 14:28:00.097,38.935555555556
Demo experiment,pioreactor02,2026-09-25T08:43:05.101Z,0.0,90,2,2026-09-25 14:28:05.101,38.936944444444
Demo experiment,pioreactor02,2026-09-25T08:43:05.101Z,0.158567234625,45,3,2026-09-25 14:28:05.101,38.936944444444
Demo experiment,pioreactor02,2026-09-25T08:43:05.101Z,0.019826679902,135,4,2026-09-25 14:28:05.101,38.936944444444
Demo experiment,pioreactor02,2026-09-25T08:43:10.099Z,0.0,90,2,2026-09-25 14:28:10.099,38.938333333333
Demo experiment,pioreactor02,2026-09-25T08:43:10.099Z,0.159513489273,45,3,2026-09-25 14:28:10.099,38.938333333333
Demo experiment,pioreactor02,2026-09-25T08:43:10.099Z,0.019905951384,135,4,2026-09-25 14:28:10.099,38.938333333333
Demo experiment,pioreactor02,2026-09-25T08:43:15.101Z,0.0,90,2,2026-09-25 14:28:15.101,38.939722222222
Demo experiment,pioreactor02,2026-09-25T08:43:15.101Z,0.160351046301,45,3,2026-09-25 14:28:15.101,38.939722222222
Demo experiment,pioreactor02,2026-09-25T08:43:15.101Z,0.020126596516,135,4,2026-09-25 14:28:15.101,38.939722222222
Demo experiment,pioreactor02,2026-09-25T08:43:20.098Z,0.0,90,2,2026-09-25 14:28:20.098,38.941111111111
Demo experiment,pioreactor02,2026-09-25T08:43:20.098Z,0.162001335938,45,3,2026-09-25 14:28:20.098,38.941111111111
Demo experiment,pioreactor02,2026-09-25T08:43:20.098Z,0.020363099949,135,4,2026-09-25 14:28:20.098,38.941111111111
Demo experiment,pioreactor02,2026-09-25T08:43:25.101Z,0.0,90,2,2026-09-25 14:28:25.101,38.9425
Demo experiment,pioreactor02,2026-09-25T08:43:25.101Z,0.162485078154,45,3,2026-09-25 14:28:25.101,38.9425
Demo experiment,pioreactor02,2026-09-25T08:43:25.101Z,0.020459329175,135,4,2026-09-25 14:28:25.101,38.9425
Demo experiment,pioreactor02,2026-09-25T08:43:30.102Z,0.0,90,2,2026-09-25 14:28:30.102,38.943888888889
Demo experiment,pioreactor02,2026-09-25T08:43:30.102Z,0.162347459534,45,3,2026-09-25 14:28:30.102,38.943888888889
Demo experiment,pioreactor02,2026-09-25T08:43:30.102Z,0.020680513812,135,4,2026-09-25 14:28:30.102,38.943888888889
Demo experiment,pioreactor02,2026-09-25T08:43:35.101Z,0.0,90,2,2026-09-25 14:28:35.101,38.945277777778
Demo experiment,pioreactor02,2026-09-25T08:43:35.101Z,0.161852444429,45,3,2026-09-25 14:28:35.101,38.945277777778
Demo experiment,pioreactor02,2026-09-25T08:43:35.101Z,0.020844373767,135,4,2026-09-25 14:28:35.101,38.945277777778
Demo experiment,pioreactor02,2026-09-25T08:43:40.099Z,0.0,90,2,2026-09-25 14:28:40.099,38.946666666667
Demo experiment,pioreactor02,2026-09-25T08:43:40.099Z,0.161722709812,45,3,2026-09-25 14:28:40.099,38.946666666667
Demo experiment,pioreactor02,2026-09-25T08:43:40.099Z,0.020488760316,135,4,2026-09-25 14:28:40.099,38.946666666667
Demo experiment,pioreactor02,2026-09-25T08:43:45.101Z,0.0,90,2,2026-09-25 14:28:45.101,38.948055555556
Demo experiment,pioreactor02,2026-09-25T08:43:45.101Z,0.161759065621,45,3,2026-09-25 14:28:45.101,38.948055555556
Demo experiment,pioreactor02,2026-09-25T08:43:45.101Z,0.020297300843,135,4,2026-09-25 14:28:45.101,38.948055555556
Demo experiment,pioreactor02,2026-09-25T08:43:50.103Z,0.0,90,2,2026-09-25 14:28:50.103,38.949444444444
Demo experiment,pioreactor02,2026-09-25T08:43:50.103Z,0.16168384318,45,3,2026-09-25 14:28:50.103,38.949444444444
Demo experiment,pioreactor02,2026-09-25T08:43:50.103Z,0.020381455666,135,4,2026-09-25 14:28:50.103,38.949444444444
Demo experiment,pioreactor02,2026-09-25T08:43:55.098Z,0.0,90,2,2026-09-25 14:28:55.098,38.950833333333
Demo experiment,pioreactor02,2026-09-25T08:43:55.098Z,0.160896806473,45,3,2026-09-25 14:28:55.098,38.950833333333
Demo experiment,pioreactor02,2026-09-25T08:43:55.098Z,0.020588189755,135,4,2026-09-25 14:28:55.098,38.950833333333
Demo experiment,pioreactor02,2026-09-25T08:44:00.101Z,0.0,90,2,2026-09-25 14:29:00.101,38.952222222222
Demo experiment,pioreactor02,2026-09-25T08:44:00.101Z,0.160354869572,45,3,2026-09-25 14:29:00.101,38.952222222222
Demo experiment,pioreactor02,2026-09-25T08:44:00.101Z,0.02037471004,135,4,2026-09-25 14:29:00.101,38.952222222222
Demo experiment,pioreactor02,2026-09-25T08:44:05.102Z,0.0,90,2,2026-09-25 14:29:05.102,38.953611111111
Demo experiment,pioreactor02,2026-09-25T08:44:05.102Z,0.159884310903,45,3,2026-09-25 14:29:05.102,38.953611111111
Demo experiment,pioreactor02,2026-09-25T08:44:05.102Z,0.021206168716,135,4,2026-09-25 14:29:05.102,38.953611111111
Demo experiment,pioreactor02,2026-09-25T08:44:10.100Z,0.0,90,2,2026-09-25 14:29:10.100,38.955
Demo experiment,pioreactor02,2026-09-25T08:44:10.100Z,0.159883654556,45,3,2026-09-25 14:29:10.100,38.955
Demo experiment,pioreactor02,2026-09-25T08:44:10.100Z,0.020727410716,135,4,2026-09-25 14:29:10.100,38.955
Demo experiment,pioreactor02,2026-09-25T08:44:15.107Z,0.0,90,2,2026-09-25 14:29:15.107,38.956388888889
Demo experiment,pioreactor02,2026-09-25T08:44:15.107Z,0.159762783627,45,3,2026-09-25 14:29:15.107,38.956388888889
Demo experiment,pioreactor02,2026-09-25T08:44:15.107Z,0.020910024709,135,4,2026-09-25 14:29:15.107,38.956388888889
Demo experiment,pioreactor02,2026-09-25T08:44:20.097Z,0.0,90,2,2026-09-25 14:29:20.097,38.957777777778
Demo experiment,pioreactor02,2026-09-25T08:44:20.097Z,0.159974966016,45,3,2026-09-25 14:29:20.097,38.957777777778
Demo experiment,pioreactor02,2026-09-25T08:44:20.097Z,0.020433495961,135,4,2026-09-25 14:29:20.097,38.957777777778
Demo experiment,pioreactor02,2026-09-25T08:44:25.097Z,0.0,90,2,2026-09-25 14:29:25.097,38.959166666667
Demo experiment,pioreactor02,2026-09-25T08:44:25.097Z,0.159912651985,45,3,2026-09-25 14:29:25.097,38.959166666667
Demo experiment,pioreactor02,2026-09-25T08:44:25.097Z,0.020419857529,135,4,2026-09-25 14:29:25.097,38.959166666667
Demo experiment,pioreactor02,2026-09-25T08:44:30.102Z,0.0,90,2,2026-09-25 14:29:30.102,38.960555555556
Demo experiment,pioreactor02,2026-09-25T08:44:30.102Z,0.159862492866,45,3,2026-09-25 14:29:30.102,38.960555555556
Demo experiment,pioreactor02,2026-09-25T08:44:30.102Z,0.020529647023,135,4,2026-09-25 14:29:30.102,38.960555555556
Demo experiment,pioreactor02,2026-09-25T08:44:35.103Z,0.0,90,2,2026-09-25 14:29:35.103,38.961944444444
Demo experiment,pioreactor02,2026-09-25T08:44:35.103Z,0.159738225976,45,3,2026-09-25 14:29:35.103,38.961944444444
Demo experiment,pioreactor02,2026-09-25T08:44:35.103Z,0.020412696783,135,4,2026-09-25 14:29:35.103,38.961944444444
Demo experiment,pioreactor02,2026-09-25T08:44:40.099Z,0.0,90,2,2026-09-25 14:29:40.099,38.963333333333
Demo experiment,pioreactor02,2026-09-25T08:44:40.099Z,0.159287202558,45,3,2026-09-25 14:29:40.099,38.963333333333
Demo experiment,pioreactor02,2026-09-25T08:44:40.099Z,0.020187470321,135,4,2026-09-25 14:29:40.099,38.963333333333
Demo experiment,pioreactor02,2026-09-25T08:44:45.096Z,0.0,90,2,2026-09-25 14:29:45.096,38.964722222222
Demo experiment,pioreactor02,2026-09-25T08:44:45.096Z,0.159143619294,45,3,2026-09-25 14:29:45.096,38.964722222222
Demo experiment,pioreactor02,2026-09-25T08:44:45.096Z,0.020141396627,135,4,2026-09-25 14:29:45.096,38.964722222222
Demo experiment,pioreactor02,2026-09-25T08:44:50.097Z,0.0,90,2,2026-09-25 14:29:50.097,38.966111111111
Demo experiment,pioreactor02,2026-09-25T08:44:50.097Z,0.159119482591,45,3,2026-09-25 14:29:50.097,38.966111111111
Demo experiment,pioreactor02,2026-09-25T08:44:50.097Z,0.020109781597,135,4,2026-09-25 14:29:50.097,38.966111111111
Demo experiment,pioreactor02,2026-09-25T08:44:55.115Z,0.0,90,2,2026-09-25 14:29:55.115,38.9675
Demo experiment,pioreactor02,2026-09-25T08:44:55.115Z,0.159090493885,45,3,2026-09-25 14:29:55.115,38.9675
Demo experiment,pioreactor02,2026-09-25T08:44:55.115Z,0.020034775379,135,4,2026-09-25 14:29:55.115,38.9675
Demo experiment,pioreactor02,2026-09-25T08:45:00.097Z,0.0,90,2,2026-09-25 14:30:00.097,38.968888888889
Demo experiment,pioreactor02,2026-09-25T08:45:00.097Z,0.159182489793,45,3,2026-09-25 14:30:00.097,38.968888888889
Demo experiment,pioreactor02,2026-09-25T08:45:00.097Z,0.020029271696,135,4,2026-09-25 14:30:00.097,38.968888888889
Demo experiment,pioreactor02,2026-09-25T08:45:05.098Z,0.0,90,2,2026-09-25 14:30:05.098,38.970277777778
Demo experiment,pioreactor02,2026-09-25T08:45:05.098Z,0.159235847687,45,3,2026-09-25 14:30:05.098,38.970277777778
Demo experiment,pioreactor02,2026-09-25T08:45:05.098Z,0.019982758634,135,4,2026-09-25 14:30:05.098,38.970277777778
Demo experiment,pioreactor02,2026-09-25T08:45:10.106Z,0.0,90,2,2026-09-25 14:30:10.106,38.971666666667
Demo experiment,pioreactor02,2026-09-25T08:45:10.106Z,0.15877932869,45,3,2026-09-25 14:30:10.106,38.971666666667
Demo experiment,pioreactor02,2026-09-25T08:45:10.106Z,0.020295619607,135,4,2026-09-25 14:30:10.106,38.971666666667
Demo experiment,pioreactor02,2026-09-25T08:45:15.103Z,0.0,90,2,2026-09-25 14:30:15.103,38.973055555556
Demo experiment,pioreactor02,2026-09-25T08:45:15.103Z,0.158533887822,45,3,2026-09-25 14:30:15.103,38.973055555556
Demo experiment,pioreactor02,2026-09-25T08:45:15.103Z,0.020058127815,135,4,2026-09-25 14:30:15.103,38.973055555556
Demo experiment,pioreactor02,2026-09-25T08:45:20.102Z,0.0,90,2,2026-09-25 14:30:20.102,38.974444444444
Demo experiment,pioreactor02,2026-09-25T08:45:20.102Z,0.158490982024,45,3,2026-09-25 14:30:20.102,38.974444444444
Demo experiment,pioreactor02,2026-09-25T08:45:20.102Z,0.019939118063,135,4,2026-09-25 14:30:20.102,38.974444444444
Demo experiment,pioreactor02,2026-09-25T08:45:25.104Z,0.0,90,2,2026-09-25 14:30:25.104,38.975833333333
Demo experiment,pioreactor02,2026-09-25T08:45:25.104Z,0.158412756872,45,3,2026-09-25 14:30:25.104,38.975833333333
Demo experiment,pioreactor02,2026-09-25T08:45:25.104Z,0.019905169225,135,4,2026-09-25 14:30:25.104,38.975833333333
Demo experiment,pioreactor02,2026-09-25T08:45:30.100Z,0.0,90,2,2026-09-25 14:30:30.100,38.977222222222
Demo experiment,pioreactor02,2026-09-25T08:45:30.100Z,0.158373181852,45,3,2026-09-25 14:30:30.100,38.977222222222
Demo experiment,pioreactor02,2026-09-25T08:45:30.100Z,0.019822523312,135,4,2026-09-25 14:30:30.100,38.977222222222
Demo experiment,pioreactor02,2026-09-25T08:45:35.101Z,0.0,90,2,2026-09-25 14:30:35.101,38.978611111111
Demo experiment,pioreactor02,2026-09-25T08:45:35.101Z,0.158372524715,45,3,2026-09-25 14:30:35.101,38.978611111111
Demo experiment,pioreactor02,2026-09-25T08:45:35.101Z,0.019806374709,135,4,2026-09-25 14:30:35.101,38.978611111111
Demo experiment,pioreactor02,2026-09-25T08:45:40.100Z,0.0,90,2,2026-09-25 14:30:40.100,38.98
Demo experiment,pioreactor02,2026-09-25T08:45:40.100Z,0.158500023705,45,3,2026-09-25 14:30:40.100,38.98
Demo experiment,pioreactor02,2026-09-25T08:45:40.100Z,0.019839762781,135,4,2026-09-25 14:30:40.100,38.98
Demo experiment,pioreactor02,2026-09-25T08:45:45.099Z,0.0,90,2,2026-09-25 14:30:45.099,38.981388888889
Demo experiment,pioreactor02,2026-09-25T08:45:45.099Z,0.158411513192,45,3,2026-09-25 14:30:45.099,38.981388888889
Demo experiment,pioreactor02,2026-09-25T08:45:45.099Z,0.019901364244,135,4,2026-09-25 14:30:45.099,38.981388888889
Demo experiment,pioreactor02,2026-09-25T08:45:50.103Z,0.0,90,2,2026-09-25 14:30:50.103,38.982777777778
Demo experiment,pioreactor02,2026-09-25T08:45:50.103Z,0.158196026177,45,3,2026-09-25 14:30:50.103,38.982777777778
Demo experiment,pioreactor02,2026-09-25T08:45:50.103Z,0.020118111803,135,4,2026-09-25 14:30:50.103,38.982777777778
Demo experiment,pioreactor02,2026-09-25T08:45:55.099Z,0.0,90,2,2026-09-25 14:30:55.099,38.984166666667
Demo experiment,pioreactor02,2026-09-25T08:45:55.099Z,0.158485585457,45,3,2026-09-25 14:30:55.099,38.984166666667
Demo experiment,pioreactor02,2026-09-25T08:45:55.099Z,0.019934078127,135,4,2026-09-25 14:30:55.099,38.984166666667
Demo experiment,pioreactor02,2026-09-25T08:46:00.101Z,0.0,90,2,2026-09-25 14:31:00.101,38.985555555556
Demo experiment,pioreactor02,2026-09-25T08:46:00.101Z,0.158567238405,45,3,2026-09-25 14:31:00.101,38.985555555556
Demo experiment,pioreactor02,2026-09-25T08:46:00.101Z,0.019876940262,135,4,2026-09-25 14:31:00.101,38.985555555556
Demo experiment,pioreactor02,2026-09-25T08:46:05.097Z,0.0,90,2,2026-09-25 14:31:05.097,38.986944444444
Demo experiment,pioreactor02,2026-09-25T08:46:05.097Z,0.158475504262,45,3,2026-09-25 14:31:05.097,38.986944444444
Demo experiment,pioreactor02,2026-09-25T08:46:05.097Z,0.019677260491,135,4,2026-09-25 14:31:05.097,38.986944444444
Demo experiment,pioreactor02,2026-09-25T08:46:10.097Z,0.0,90,2,2026-09-25 14:31:10.097,38.988333333333
Demo experiment,pioreactor02,2026-09-25T08:46:10.097Z,0.158613116619,45,3,2026-09-25 14:31:10.097,38.988333333333
Demo experiment,pioreactor02,2026-09-25T08:46:10.097Z,0.01964461463,135,4,2026-09-25 14:31:10.097,38.988333333333
Demo experiment,pioreactor02,2026-09-25T08:46:15.097Z,0.0,90,2,2026-09-25 14:31:15.097,38.989722222222
Demo experiment,pioreactor02,2026-09-25T08:46:15.097Z,0.1585163133,45,3,2026-09-25 14:31:15.097,38.989722222222
Demo experiment,pioreactor02,2026-09-25T08:46:15.097Z,0.019595999701,135,4,2026-09-25 14:31:15.097,38.989722222222
Demo experiment,pioreactor02,2026-09-25T08:46:20.099Z,0.0,90,2,2026-09-25 14:31:20.099,38.991111111111
Demo experiment,pioreactor02,2026-09-25T08:46:20.099Z,0.158313340022,45,3,2026-09-25 14:31:20.099,38.991111111111
Demo experiment,pioreactor02,2026-09-25T08:46:20.099Z,0.019973645072,135,4,2026-09-25 14:31:20.099,38.991111111111
Demo experiment,pioreactor02,2026-09-25T08:46:25.098Z,0.0,90,2,2026-09-25 14:31:25.098,38.9925
Demo experiment,pioreactor02,2026-09-25T08:46:25.098Z,0.158539963152,45,3,2026-09-25 14:31:25.098,38.9925
Demo experiment,pioreactor02,2026-09-25T08:46:25.098Z,0.019930207205,135,4,2026-09-25 14:31:25.098,38.9925
Demo experiment,pioreactor02,2026-09-25T08:46:30.095Z,0.0,90,2,2026-09-25 14:31:30.095,38.993888888889
Demo experiment,pioreactor02,2026-09-25T08:46:30.095Z,0.158604770944,45,3,2026-09-25 14:31:30.095,38.993888888889
Demo experiment,pioreactor02,2026-09-25T08:46:30.095Z,0.019971996772,135,4,2026-09-25 14:31:30.095,38.993888888889
Demo experiment,pioreactor02,2026-09-25T08:46:35.099Z,0.0,90,2,2026-09-25 14:31:35.099,38.995277777778
Demo experiment,pioreactor02,2026-09-25T08:46:35.099Z,0.158549776983,45,3,2026-09-25 14:31:35.099,38.995277777778
Demo experiment,pioreactor02,2026-09-25T08:46:35.099Z,0.019829474461,135,4,2026-09-25 14:31:35.099,38.995277777778
Demo experiment,pioreactor02,2026-09-25T08:46:40.098Z,0.0,90,2,2026-09-25 14:31:40.098,38.996666666667
Demo experiment,pioreactor02,2026-09-25T08:46:40.098Z,0.158478237129,45,3,2026-09-25 14:31:40.098,38.996666666667
Demo experiment,pioreactor02,2026-09-25T08:46:40.098Z,0.019719956989,135,4,2026-09-25 14:31:40.098,38.996666666667
Demo experiment,pioreactor02,2026-09-25T08:46:45.098Z,0.0,90,2,2026-09-25 14:31:45.098,38.998055555556
Demo experiment,pioreactor02,2026-09-25T08:46:45.098Z,0.158506027411,45,3,2026-09-25 14:31:45.098,38.998055555556
Demo experiment,pioreactor02,2026-09-25T08:46:45.098Z,0.01957636018,135,4,2026-09-25 14:31:45.098,38.998055555556
Demo experiment,pioreactor02,2026-09-25T08:46:50.096Z,0.0,90,2,2026-09-25 14:31:50.096,38.999444444444
Demo experiment,pioreactor02,2026-09-25T08:46:50.096Z,0.158435402605,45,3,2026-09-25 14:31:50.096,38.999444444444
Demo experiment,pioreactor02,2026-09-25T08:46:50.096Z,0.019504499618,135,4,2026-09-25 14:31:50.096,38.999444444444
Demo experiment,pioreactor02,2026-09-25T08:46:55.099Z,0.0,90,2,2026-09-25 14:31:55.099,39.000833333333
Demo experiment,pioreactor02,2026-09-25T08:46:55.099Z,0.158512732955,45,3,2026-09-25 14:31:55.099,39.000833333333
Demo experiment,pioreactor02,2026-09-25T08:46:55.099Z,0.019552205132,135,4,2026-09-25 14:31:55.099,39.000833333333
Demo experiment,pioreactor02,2026-09-25T08:47:00.100Z,0.0,90,2,2026-09-25 14:32:00.100,39.002222222222
Demo experiment,pioreactor02,2026-09-25T08:47:00.100Z,0.158423885758,45,3,2026-09-25 14:32:00.100,39.002222222222
Demo experiment,pioreactor02,2026-09-25T08:47:00.100Z,0.019592023676,135,4,2026-09-25 14:32:00.100,39.002222222222
Demo experiment,pioreactor02,2026-09-25T08:47:05.098Z,0.0,90,2,2026-09-25 14:32:05.098,39.003611111111
Demo experiment,pioreactor02,2026-09-25T08:47:05.098Z,0.15828357982,45,3,2026-09-25 14:32:05.098,39.003611111111
Demo experiment,pioreactor02,2026-09-25T08:47:05.098Z,0.019507906583,135,4,2026-09-25 14:32:05.098,39.003611111111
Demo experiment,pioreactor02,2026-09-25T08:47:10.098Z,0.0,90,2,2026-09-25 14:32:10.098,39.005
Demo experiment,pioreactor02,2026-09-25T08:47:10.098Z,0.158267777675,45,3,2026-09-25 14:32:10.098,39.005
Demo experiment,pioreactor02,2026-09-25T08:47:10.098Z,0.019466124486,135,4,2026-09-25 14:32:10.098,39.005
Demo experiment,pioreactor02,2026-09-25T08:47:15.099Z,0.0,90,2,2026-09-25 14:32:15.099,39.006388888889
Demo experiment,pioreactor02,2026-09-25T08:47:15.099Z,0.158230580672,45,3,2026-09-25 14:32:15.099,39.006388888889
Demo experiment,pioreactor02,2026-09-25T08:47:15.099Z,0.01948466824,135,4,2026-09-25 14:32:15.099,39.006388888889
Demo experiment,pioreactor02,2026-09-25T08:47:20.108Z,0.0,90,2,2026-09-25 14:32:20.108,39.007777777778
Demo experiment,pioreactor02,2026-09-25T08:47:20.108Z,0.158368240925,45,3,2026-09-25 14:32:20.108,39.007777777778
Demo experiment,pioreactor02,2026-09-25T08:47:20.108Z,0.019438831064,135,4,2026-09-25 14:32:20.108,39.007777777778
Demo experiment,pioreactor02,2026-09-25T08:47:25.099Z,0.0,90,2,2026-09-25 14:32:25.099,39.009166666667
Demo experiment,pioreactor02,2026-09-25T08:47:25.099Z,0.158320617695,45,3,2026-09-25 14:32:25.099,39.009166666667
Demo experiment,pioreactor02,2026-09-25T08:47:25.099Z,0.019464974929,135,4,2026-09-25 14:32:25.099,39.009166666667
Demo experiment,pioreactor02,2026-09-25T08:47:30.098Z,0.0,90,2,2026-09-25 14:32:30.098,39.010555555556
Demo experiment,pioreactor02,2026-09-25T08:47:30.098Z,0.158404279033,45,3,2026-09-25 14:32:30.098,39.010555555556
Demo experiment,pioreactor02,2026-09-25T08:47:30.098Z,0.01951989049,135,4,2026-09-25 14:32:30.098,39.010555555556
Demo experiment,pioreactor02,2026-09-25T08:47:35.144Z,0.0,90,2,2026-09-25 14:32:35.144,39.011944444444
Demo experiment,pioreactor02,2026-09-25T08:47:35.144Z,0.15833688197,45,3,2026-09-25 14:32:35.144,39.011944444444
Demo experiment,pioreactor02,2026-09-25T08:47:35.144Z,0.019448205871,135,4,2026-09-25 14:32:35.144,39.011944444444
Demo experiment,pioreactor02,2026-09-25T08:47:40.099Z,0.0,90,2,2026-09-25 14:32:40.099,39.013333333333
Demo experiment,pioreactor02,2026-09-25T08:47:40.099Z,0.158357708896,45,3,2026-09-25 14:32:40.099,39.013333333333
Demo experiment,pioreactor02,2026-09-25T08:47:40.099Z,0.019385819339,135,4,2026-09-25 14:32:40.099,39.013333333333
Demo experiment,pioreactor02,2026-09-25T08:47:45.116Z,0.0,90,2,2026-09-25 14:32:45.116,39.014722222222
Demo experiment,pioreactor02,2026-09-25T08:47:45.116Z,0.158280893117,45,3,2026-09-25 14:32:45.116,39.014722222222
Demo experiment,pioreactor02,2026-09-25T08:47:45.116Z,0.019367239365,135,4,2026-09-25 14:32:45.116,39.014722222222
Demo experiment,pioreactor02,2026-09-25T08:47:50.100Z,0.0,90,2,2026-09-25 14:32:50.100,39.016111111111
Demo experiment,pioreactor02,2026-09-25T08:47:50.100Z,0.158397551426,45,3,2026-09-25 14:32:50.100,39.016111111111
Demo experiment,pioreactor02,2026-09-25T08:47:50.100Z,0.019291868935,135,4,2026-09-25 14:32:50.100,39.016111111111
Demo experiment,pioreactor02,2026-09-25T08:47:55.157Z,0.0,90,2,2026-09-25 14:32:55.157,39.0175
Demo experiment,pioreactor02,2026-09-25T08:47:55.157Z,0.158326261106,45,3,2026-09-25 14:32:55.157,39.0175
Demo experiment,pioreactor02,2026-09-25T08:47:55.157Z,0.01927171834,135,4,2026-09-25 14:32:55.157,39.0175
Demo experiment,pioreactor02,2026-09-25T08:48:00.145Z,0.0,90,2,2026-09-25 14:33:00.145,39.018888888889
Demo experiment,pioreactor02,2026-09-25T08:48:00.145Z,0.158280209478,45,3,2026-09-25 14:33:00.145,39.018888888889
Demo experiment,pioreactor02,2026-09-25T08:48:00.145Z,0.019241293938,135,4,2026-09-25 14:33:00.145,39.018888888889
Demo experiment,pioreactor02,2026-09-25T08:48:05.100Z,0.0,90,2,2026-09-25 14:33:05.100,39.020277777778
Demo experiment,pioreactor02,2026-09-25T08:48:05.100Z,0.15832642189,45,3,2026-09-25 14:33:05.100,39.020277777778
Demo experiment,pioreactor02,2026-09-25T08:48:05.100Z,0.019233021284,135,4,2026-09-25 14:33:05.100,39.020277777778
Demo experiment,pioreactor02,2026-09-25T08:48:10.109Z,0.0,90,2,2026-09-25 14:33:10.109,39.021666666667
Demo experiment,pioreactor02,2026-09-25T08:48:10.109Z,0.158288553654,45,3,2026-09-25 14:33:10.109,39.021666666667
Demo experiment,pioreactor02,2026-09-25T08:48:10.109Z,0.019244922492,135,4,2026-09-25 14:33:10.109,39.021666666667
Demo experiment,pioreactor02,2026-09-25T08:48:15.100Z,0.0,90,2,2026-09-25 14:33:15.100,39.023055555556
Demo experiment,pioreactor02,2026-09-25T08:48:15.100Z,0.158411062435,45,3,2026-09-25 14:33:15.100,39.023055555556
Demo experiment,pioreactor02,2026-09-25T08:48:15.100Z,0.01923748102,135,4,2026-09-25 14:33:15.100,39.023055555556
Demo experiment,pioreactor02,2026-09-25T08:48:20.111Z,0.0,90,2,2026-09-25 14:33:20.111,39.024444444444
Demo experiment,pioreactor02,2026-09-25T08:48:20.111Z,0.158363961985,45,3,2026-09-25 14:33:20.111,39.024444444444
Demo experiment,pioreactor02,2026-09-25T08:48:20.111Z,0.019306254729,135,4,2026-09-25 14:33:20.111,39.024444444444
Demo experiment,pioreactor02,2026-09-25T08:48:25.111Z,0.0,90,2,2026-09-25 14:33:25.111,39.025833333333
Demo experiment,pioreactor02,2026-09-25T08:48:25.111Z,0.158498975291,45,3,2026-09-25 14:33:25.111,39.025833333333
Demo experiment,pioreactor02,2026-09-25T08:48:25.111Z,0.019388352046,135,4,2026-09-25 14:33:25.111,39.025833333333
Demo experiment,pioreactor02,2026-09-25T08:48:30.104Z,0.0,90,2,2026-09-25 14:33:30.104,39.027222222222
Demo experiment,pioreactor02,2026-09-25T08:48:30.104Z,0.158450842694,45,3,2026-09-25 14:33:30.104,39.027222222222
Demo experiment,pioreactor02,2026-09-25T08:48:30.104Z,0.019978769748,135,4,2026-09-25 14:33:30.104,39.027222222222
Demo experiment,pioreactor02,2026-09-25T08:48:35.101Z,0.0,90,2,2026-09-25 14:33:35.101,39.028611111111
Demo experiment,pioreactor02,2026-09-25T08:48:35.101Z,0.158398361401,45,3,2026-09-25 14:33:35.101,39.028611111111
Demo experiment,pioreactor02,2026-09-25T08:48:35.101Z,0.019677195677,135,4,2026-09-25 14:33:35.101,39.028611111111
Demo experiment,pioreactor02,2026-09-25T08:48:40.097Z,0.0,90,2,2026-09-25 14:33:40.097,39.03
Demo experiment,pioreactor02,2026-09-25T08:48:40.097Z,0.158462410799,45,3,2026-09-25 14:33:40.097,39.03
Demo experiment,pioreactor02,2026-09-25T08:48:40.097Z,0.019608780367,135,4,2026-09-25 14:33:40.097,39.03
Demo experiment,pioreactor02,2026-09-25T08:48:45.096Z,0.0,90,2,2026-09-25 14:33:45.096,39.031388888889
Demo experiment,pioreactor02,2026-09-25T08:48:45.096Z,0.158389320835,45,3,2026-09-25 14:33:45.096,39.031388888889
Demo experiment,pioreactor02,2026-09-25T08:48:45.096Z,0.019366353106,135,4,2026-09-25 14:33:45.096,39.031388888889
Demo experiment,pioreactor02,2026-09-25T08:48:50.099Z,0.0,90,2,2026-09-25 14:33:50.099,39.032777777778
Demo experiment,pioreactor02,2026-09-25T08:48:50.099Z,0.158279609022,45,3,2026-09-25 14:33:50.099,39.032777777778
Demo experiment,pioreactor02,2026-09-25T08:48:50.099Z,0.019224912937,135,4,2026-09-25 14:33:50.099,39.032777777778
Demo experiment,pioreactor02,2026-09-25T08:48:55.099Z,0.0,90,2,2026-09-25 14:33:55.099,39.034166666667
Demo experiment,pioreactor02,2026-09-25T08:48:55.099Z,0.158363325155,45,3,2026-09-25 14:33:55.099,39.034166666667
Demo experiment,pioreactor02,2026-09-25T08:48:55.099Z,0.019390621139,135,4,2026-09-25 14:33:55.099,39.034166666667
Demo experiment,pioreactor02,2026-09-25T08:49:00.102Z,0.0,90,2,2026-09-25 14:34:00.102,39.035555555556
Demo experiment,pioreactor02,2026-09-25T08:49:00.102Z,0.158475502146,45,3,2026-09-25 14:34:00.102,39.035555555556
Demo experiment,pioreactor02,2026-09-25T08:49:00.102Z,0.019315212907,135,4,2026-09-25 14:34:00.102,39.035555555556
Demo experiment,pioreactor02,2026-09-25T08:49:05.100Z,0.0,90,2,2026-09-25 14:34:05.100,39.036944444444
Demo experiment,pioreactor02,2026-09-25T08:49:05.100Z,0.158304745956,45,3,2026-09-25 14:34:05.100,39.036944444444
Demo experiment,pioreactor02,2026-09-25T08:49:05.100Z,0.019425638739,135,4,2026-09-25 14:34:05.100,39.036944444444
Demo experiment,pioreactor02,2026-09-25T08:49:10.096Z,0.0,90,2,2026-09-25 14:34:10.096,39.038333333333
Demo experiment,pioreactor02,2026-09-25T08:49:10.096Z,0.158334744582,45,3,2026-09-25 14:34:10.096,39.038333333333
Demo experiment,pioreactor02,2026-09-25T08:49:10.096Z,0.019307827807,135,4,2026-09-25 14:34:10.096,39.038333333333
Demo experiment,pioreactor02,2026-09-25T08:49:15.113Z,0.0,90,2,2026-09-25 14:34:15.113,39.039722222222
Demo experiment,pioreactor02,2026-09-25T08:49:15.113Z,0.158254906216,45,3,2026-09-25 14:34:15.113,39.039722222222
Demo experiment,pioreactor02,2026-09-25T08:49:15.113Z,0.019178280739,135,4,2026-09-25 14:34:15.113,39.039722222222
Demo experiment,pioreactor02,2026-09-25T08:49:20.099Z,0.0,90,2,2026-09-25 14:34:20.099,39.041111111111
Demo experiment,pioreactor02,2026-09-25T08:49:20.099Z,0.158358735561,45,3,2026-09-25 14:34:20.099,39.041111111111
Demo experiment,pioreactor02,2026-09-25T08:49:20.099Z,0.019132987076,135,4,2026-09-25 14:34:20.099,39.041111111111
Demo experiment,pioreactor02,2026-09-25T08:49:25.098Z,0.0,90,2,2026-09-25 14:34:25.098,39.0425
Demo experiment,pioreactor02,2026-09-25T08:49:25.098Z,0.158367691063,45,3,2026-09-25 14:34:25.098,39.0425
Demo experiment,pioreactor02,2026-09-25T08:49:25.098Z,0.019106844023,135,4,2026-09-25 14:34:25.098,39.0425
Demo experiment,pioreactor02,2026-09-25T08:49:30.103Z,0.0,90,2,2026-09-25 14:34:30.103,39.043888888889
Demo experiment,pioreactor02,2026-09-25T08:49:30.103Z,0.15837270171,45,3,2026-09-25 14:34:30.103,39.043888888889
Demo experiment,pioreactor02,2026-09-25T08:49:30.103Z,0.019111131713,135,4,2026-09-25 14:34:30.103,39.043888888889
Demo experiment,pioreactor02,2026-09-25T08:49:35.123Z,0.0,90,2,2026-09-25 14:34:35.123,39.045277777778
Demo experiment,pioreactor02,2026-09-25T08:49:35.123Z,0.15844876025,45,3,2026-09-25 14:34:35.123,39.045277777778
Demo experiment,pioreactor02,2026-09-25T08:49:35.123Z,0.01912590758,135,4,2026-09-25 14:34:35.123,39.045277777778
Demo experiment,pioreactor02,2026-09-25T08:49:40.100Z,0.0,90,2,2026-09-25 14:34:40.100,39.046666666667
Demo experiment,pioreactor02,2026-09-25T08:49:40.100Z,0.158231108415,45,3,2026-09-25 14:34:40.100,39.046666666667
Demo experiment,pioreactor02,2026-09-25T08:49:40.100Z,0.019271472346,135,4,2026-09-25 14:34:40.100,39.046666666667
Demo experiment,pioreactor02,2026-09-25T08:49:45.114Z,0.0,90,2,2026-09-25 14:34:45.114,39.048055555556
Demo experiment,pioreactor02,2026-09-25T08:49:45.114Z,0.158289707712,45,3,2026-09-25 14:34:45.114,39.048055555556
Demo experiment,pioreactor02,2026-09-25T08:49:45.114Z,0.019181078346,135,4,2026-09-25 14:34:45.114,39.048055555556
Demo experiment,pioreactor02,2026-09-25T08:49:50.102Z,0.0,90,2,2026-09-25 14:34:50.102,39.049444444444
Demo experiment,pioreactor02,2026-09-25T08:49:50.102Z,0.15837865841,45,3,2026-09-25 14:34:50.102,39.049444444444
Demo experiment,pioreactor02,2026-09-25T08:49:50.102Z,0.019184465757,135,4,2026-09-25 14:34:50.102,39.049444444444
Demo experiment,pioreactor02,2026-09-25T08:49:55.105Z,0.0,90,2,2026-09-25 14:34:55.105,39.050833333333
Demo experiment,pioreactor02,2026-09-25T08:49:55.105Z,0.158566493315,45,3,2026-09-25 14:34:55.105,39.050833333333
Demo experiment,pioreactor02,2026-09-25T08:49:55.105Z,0.019189401125,135,4,2026-09-25 14:34:55.105,39.050833333333
Demo experiment,pioreactor02,2026-09-25T08:50:00.106Z,0.0,90,2,2026-09-25 14:35:00.106,39.052222222222
Demo experiment,pioreactor02,2026-09-25T08:50:00.106Z,0.158435358984,45,3,2026-09-25 14:35:00.106,39.052222222222
Demo experiment,pioreactor02,2026-09-25T08:50:00.106Z,0.019203014643,135,4,2026-09-25 14:35:00.106,39.052222222222
Demo experiment,pioreactor02,2026-09-25T08:50:05.100Z,0.0,90,2,2026-09-25 14:35:05.100,39.053611111111
Demo experiment,pioreactor02,2026-09-25T08:50:05.100Z,0.158497556004,45,3,2026-09-25 14:35:05.100,39.053611111111
Demo experiment,pioreactor02,2026-09-25T08:50:05.100Z,0.019123306703,135,4,2026-09-25 14:35:05.100,39.053611111111
Demo experiment,pioreactor02,2026-09-25T08:50:10.105Z,0.0,90,2,2026-09-25 14:35:10.105,39.055
Demo experiment,pioreactor02,2026-09-25T08:50:10.105Z,0.158403276294,45,3,2026-09-25 14:35:10.105,39.055
Demo experiment,pioreactor02,2026-09-25T08:50:10.105Z,0.019168512142,135,4,2026-09-25 14:35:10.105,39.055
Demo experiment,pioreactor02,2026-09-25T08:50:15.101Z,0.0,90,2,2026-09-25 14:35:15.101,39.056388888889
Demo experiment,pioreactor02,2026-09-25T08:50:15.101Z,0.158409664078,45,3,2026-09-25 14:35:15.101,39.056388888889
Demo experiment,pioreactor02,2026-09-25T08:50:15.101Z,0.019017966722,135,4,2026-09-25 14:35:15.101,39.056388888889
Demo experiment,pioreactor02,2026-09-25T08:50:20.101Z,0.0,90,2,2026-09-25 14:35:20.101,39.057777777778
Demo experiment,pioreactor02,2026-09-25T08:50:20.101Z,0.15842740643,45,3,2026-09-25 14:35:20.101,39.057777777778
Demo experiment,pioreactor02,2026-09-25T08:50:20.101Z,0.019010316354,135,4,2026-09-25 14:35:20.101,39.057777777778
Demo experiment,pioreactor02,2026-09-25T08:50:25.101Z,0.0,90,2,2026-09-25 14:35:25.101,39.059166666667
Demo experiment,pioreactor02,2026-09-25T08:50:25.101Z,0.158520878685,45,3,2026-09-25 14:35:25.101,39.059166666667
Demo experiment,pioreactor02,2026-09-25T08:50:25.101Z,0.019013100187,135,4,2026-09-25 14:35:25.101,39.059166666667
Demo experiment,pioreactor02,2026-09-25T08:50:30.098Z,0.0,90,2,2026-09-25 14:35:30.098,39.060555555556
Demo experiment,pioreactor02,2026-09-25T08:50:30.098Z,0.158484494992,45,3,2026-09-25 14:35:30.098,39.060555555556
Demo experiment,pioreactor02,2026-09-25T08:50:30.098Z,0.019296334661,135,4,2026-09-25 14:35:30.098,39.060555555556
Demo experiment,pioreactor02,2026-09-25T08:50:35.097Z,0.0,90,2,2026-09-25 14:35:35.097,39.061944444444
Demo experiment,pioreactor02,2026-09-25T08:50:35.097Z,0.158559236588,45,3,2026-09-25 14:35:35.097,39.061944444444
Demo experiment,pioreactor02,2026-09-25T08:50:35.097Z,0.019093304096,135,4,2026-09-25 14:35:35.097,39.061944444444
Demo experiment,pioreactor02,2026-09-25T08:50:40.101Z,0.0,90,2,2026-09-25 14:35:40.101,39.063333333333
Demo experiment,pioreactor02,2026-09-25T08:50:40.101Z,0.158516556648,45,3,2026-09-25 14:35:40.101,39.063333333333
Demo experiment,pioreactor02,2026-09-25T08:50:40.101Z,0.019042606881,135,4,2026-09-25 14:35:40.101,39.063333333333
Demo experiment,pioreactor02,2026-09-25T08:50:45.112Z,0.0,90,2,2026-09-25 14:35:45.112,39.064722222222
Demo experiment,pioreactor02,2026-09-25T08:50:45.112Z,0.158545890361,45,3,2026-09-25 14:35:45.112,39.064722222222
Demo experiment,pioreactor02,2026-09-25T08:50:45.112Z,0.019007812853,135,4,2026-09-25 14:35:45.112,39.064722222222
Demo experiment,pioreactor02,2026-09-25T08:50:50.098Z,0.0,90,2,2026-09-25 14:35:50.098,39.066111111111
Demo experiment,pioreactor02,2026-09-25T08:50:50.098Z,0.158643931837,45,3,2026-09-25 14:35:50.098,39.066111111111
Demo experiment,pioreactor02,2026-09-25T08:50:50.098Z,0.019059624621,135,4,2026-09-25 14:35:50.098,39.066111111111
Demo experiment,pioreactor02,2026-09-25T08:50:55.098Z,0.0,90,2,2026-09-25 14:35:55.098,39.0675
Demo experiment,pioreactor02,2026-09-25T08:50:55.098Z,0.158748561495,45,3,2026-09-25 14:35:55.098,39.0675
Demo experiment,pioreactor02,2026-09-25T08:50:55.098Z,0.019017728364,135,4,2026-09-25 14:35:55.098,39.0675
Demo experiment,pioreactor02,2026-09-25T08:51:00.097Z,0.0,90,2,2026-09-25 14:36:00.097,39.068888888889
Demo experiment,pioreactor02,2026-09-25T08:51:00.097Z,0.158587722639,45,3,2026-09-25 14:36:00.097,39.068888888889
Demo experiment,pioreactor02,2026-09-25T08:51:00.097Z,0.019031348367,135,4,2026-09-25 14:36:00.097,39.068888888889
Demo experiment,pioreactor02,2026-09-25T08:51:05.110Z,0.0,90,2,2026-09-25 14:36:05.110,39.070277777778
Demo experiment,pioreactor02,2026-09-25T08:51:05.110Z,0.158526997709,45,3,2026-09-25 14:36:05.110,39.070277777778
Demo experiment,pioreactor02,2026-09-25T08:51:05.110Z,0.018969609993,135,4,2026-09-25 14:36:05.110,39.070277777778
Demo experiment,pioreactor02,2026-09-25T08:51:10.100Z,0.0,90,2,2026-09-25 14:36:10.100,39.071666666667
Demo experiment,pioreactor02,2026-09-25T08:51:10.100Z,0.158615139928,45,3,2026-09-25 14:36:10.100,39.071666666667
Demo experiment,pioreactor02,2026-09-25T08:51:10.100Z,0.01899693554,135,4,2026-09-25 14:36:10.100,39.071666666667
Demo experiment,pioreactor02,2026-09-25T08:51:15.098Z,0.0,90,2,2026-09-25 14:36:15.098,39.073055555556
Demo experiment,pioreactor02,2026-09-25T08:51:15.098Z,0.158508170468,45,3,2026-09-25 14:36:15.098,39.073055555556
Demo experiment,pioreactor02,2026-09-25T08:51:15.098Z,0.019146553454,135,4,2026-09-25 14:36:15.098,39.073055555556
Demo experiment,pioreactor02,2026-09-25T08:51:20.111Z,0.0,90,2,2026-09-25 14:36:20.111,39.074444444444
Demo experiment,pioreactor02,2026-09-25T08:51:20.111Z,0.158551700011,45,3,2026-09-25 14:36:20.111,39.074444444444
Demo experiment,pioreactor02,2026-09-25T08:51:20.111Z,0.019072890554,135,4,2026-09-25 14:36:20.111,39.074444444444
Demo experiment,pioreactor02,2026-09-25T08:51:25.100Z,0.0,90,2,2026-09-25 14:36:25.100,39.075833333333
Demo experiment,pioreactor02,2026-09-25T08:51:25.100Z,0.158460169229,45,3,2026-09-25 14:36:25.100,39.075833333333
Demo experiment,pioreactor02,2026-09-25T08:51:25.100Z,0.018995376532,135,4,2026-09-25 14:36:25.100,39.075833333333
Demo experiment,pioreactor02,2026-09-25T08:51:30.103Z,0.0,90,2,2026-09-25 14:36:30.103,39.077222222222
Demo experiment,pioreactor02,2026-09-25T08:51:30.103Z,0.158600167415,45,3,2026-09-25 14:36:30.103,39.077222222222
Demo experiment,pioreactor02,2026-09-25T08:51:30.103Z,0.018982484499,135,4,2026-09-25 14:36:30.103,39.077222222222
Demo experiment,pioreactor02,2026-09-25T08:51:35.113Z,0.0,90,2,2026-09-25 14:36:35.113,39.078611111111
Demo experiment,pioreactor02,2026-09-25T08:51:35.113Z,0.158656799164,45,3,2026-09-25 14:36:35.113,39.078611111111
Demo experiment,pioreactor02,2026-09-25T08:51:35.113Z,0.01888829834,135,4,2026-09-25 14:36:35.113,39.078611111111
Demo experiment,pioreactor02,2026-09-25T08:51:40.103Z,0.0,90,2,2026-09-25 14:36:40.103,39.08
Demo experiment,pioreactor02,2026-09-25T08:51:40.103Z,0.158815370127,45,3,2026-09-25 14:36:40.103,39.08
Demo experiment,pioreactor02,2026-09-25T08:51:40.103Z,0.018931294209,135,4,2026-09-25 14:36:40.103,39.08
Demo experiment,pioreactor02,2026-09-25T08:51:45.104Z,0.0,90,2,2026-09-25 14:36:45.104,39.081388888889
Demo experiment,pioreactor02,2026-09-25T08:51:45.104Z,0.15896992213,45,3,2026-09-25 14:36:45.104,39.081388888889
Demo experiment,pioreactor02,2026-09-25T08:51:45.104Z,0.01886739065,135,4,2026-09-25 14:36:45.104,39.081388888889
Demo experiment,pioreactor02,2026-09-25T08:51:50.104Z,0.0,90,2,2026-09-25 14:36:50.104,39.082777777778
Demo experiment,pioreactor02,2026-09-25T08:51:50.104Z,0.158764166955,45,3,2026-09-25 14:36:50.104,39.082777777778
Demo experiment,pioreactor02,2026-09-25T08:51:50.104Z,0.018913322406,135,4,2026-09-25 14:36:50.104,39.082777777778
Demo experiment,pioreactor02,2026-09-25T08:51:55.100Z,0.0,90,2,2026-09-25 14:36:55.100,39.084166666667
Demo experiment,pioreactor02,2026-09-25T08:51:55.100Z,0.158797968808,45,3,2026-09-25 14:36:55.100,39.084166666667
Demo experiment,pioreactor02,2026-09-25T08:51:55.100Z,0.018988789863,135,4,2026-09-25 14:36:55.100,39.084166666667
Demo experiment,pioreactor02,2026-09-25T08:52:00.099Z,0.0,90,2,2026-09-25 14:37:00.099,39.085555555556
Demo experiment,pioreactor02,2026-09-25T08:52:00.099Z,0.15884540291,45,3,2026-09-25 14:37:00.099,39.085555555556
Demo experiment,pioreactor02,2026-09-25T08:52:00.099Z,0.018857242251,135,4,2026-09-25 14:37:00.099,39.085555555556
Demo experiment,pioreactor02,2026-09-25T08:52:05.098Z,0.0,90,2,2026-09-25 14:37:05.098,39.086944444444
Demo experiment,pioreactor02,2026-09-25T08:52:05.098Z,0.158844457892,45,3,2026-09-25 14:37:05.098,39.086944444444
Demo experiment,pioreactor02,2026-09-25T08:52:05.098Z,0.018818004176,135,4,2026-09-25 14:37:05.098,39.086944444444
Demo experiment,pioreactor02,2026-09-25T08:52:10.098Z,0.0,90,2,2026-09-25 14:37:10.098,39.088333333333
Demo experiment,pioreactor02,2026-09-25T08:52:10.098Z,0.15870769249,45,3,2026-09-25 14:37:10.098,39.088333333333
Demo experiment,pioreactor02,2026-09-25T08:52:10.098Z,0.018776735141,135,4,2026-09-25 14:37:10.098,39.088333333333
Demo experiment,pioreactor02,2026-09-25T08:52:15.099Z,0.0,90,2,2026-09-25 14:37:15.099,39.089722222222
Demo experiment,pioreactor02,2026-09-25T08:52:15.099Z,0.158800627654,45,3,2026-09-25 14:37:15.099,39.089722222222
Demo experiment,pioreactor02,2026-09-25T08:52:15.099Z,0.018828302969,135,4,2026-09-25 14:37:15.099,39.089722222222
Demo experiment,pioreactor02,2026-09-25T08:52:20.098Z,0.0,90,2,2026-09-25 14:37:20.098,39.091111111111
Demo experiment,pioreactor02,2026-09-25T08:52:20.098Z,0.158829339042,45,3,2026-09-25 14:37:20.098,39.091111111111
Demo experiment,pioreactor02,2026-09-25T08:52:20.098Z,0.018919091595,135,4,2026-09-25 14:37:20.098,39.091111111111
Demo experiment,pioreactor02,2026-09-25T08:52:25.098Z,0.0,90,2,2026-09-25 14:37:25.098,39.0925
Demo experiment,pioreactor02,2026-09-25T08:52:25.098Z,0.158744846596,45,3,2026-09-25 14:37:25.098,39.0925
Demo experiment,pioreactor02,2026-09-25T08:52:25.098Z,0.018864642045,135,4,2026-09-25 14:37:25.098,39.0925
Demo experiment,pioreactor02,2026-09-25T08:52:30.100Z,0.0,90,2,2026-09-25 14:37:30.100,39.093888888889
Demo experiment,pioreactor02,2026-09-25T08:52:30.100Z,0.15871415917,45,3,2026-09-25 14:37:30.100,39.093888888889
Demo experiment,pioreactor02,2026-09-25T08:52:30.100Z,0.018844444628,135,4,2026-09-25 14:37:30.100,39.093888888889
Demo experiment,pioreactor02,2026-09-25T08:52:35.098Z,0.0,90,2,2026-09-25 14:37:35.098,39.095277777778
Demo experiment,pioreactor02,2026-09-25T08:52:35.098Z,0.158740970835,45,3,2026-09-25 14:37:35.098,39.095277777778
Demo experiment,pioreactor02,2026-09-25T08:52:35.098Z,0.01888428378,135,4,2026-09-25 14:37:35.098,39.095277777778
Demo experiment,pioreactor02,2026-09-25T08:52:40.102Z,0.0,90,2,2026-09-25 14:37:40.102,39.096666666667
Demo experiment,pioreactor02,2026-09-25T08:52:40.102Z,0.158863615026,45,3,2026-09-25 14:37:40.102,39.096666666667
Demo experiment,pioreactor02,2026-09-25T08:52:40.102Z,0.018884889028,135,4,2026-09-25 14:37:40.102,39.096666666667
Demo experiment,pioreactor02,2026-09-25T08:52:45.096Z,0.0,90,2,2026-09-25 14:37:45.096,39.098055555556
Demo experiment,pioreactor02,2026-09-25T08:52:45.096Z,0.159488589301,45,3,2026-09-25 14:37:45.096,39.098055555556
Demo experiment,pioreactor02,2026-09-25T08:52:45.096Z,0.019053859853,135,4,2026-09-25 14:37:45.096,39.098055555556
Demo experiment,pioreactor02,2026-09-25T08:52:50.098Z,0.0,90,2,2026-09-25 14:37:50.098,39.099444444444
Demo experiment,pioreactor02,2026-09-25T08:52:50.098Z,0.160238069416,45,3,2026-09-25 14:37:50.098,39.099444444444
Demo experiment,pioreactor02,2026-09-25T08:52:50.098Z,0.019194312917,135,4,2026-09-25 14:37:50.098,39.099444444444
Demo experiment,pioreactor02,2026-09-25T08:52:55.098Z,0.0,90,2,2026-09-25 14:37:55.098,39.100833333333
Demo experiment,pioreactor02,2026-09-25T08:52:55.098Z,0.160869179475,45,3,2026-09-25 14:37:55.098,39.100833333333
Demo experiment,pioreactor02,2026-09-25T08:52:55.098Z,0.019338037546,135,4,2026-09-25 14:37:55.098,39.100833333333
