experiment,pioreactor_unit,timestamp,od_reading,angle,channel,timestamp_localtime,hours_since_experiment_created
Pulse experiments,pioreactor01,2026-09-15T08:55:03.343Z,0.002729004543,90,2,2026-09-15 14:40:03.343,1870.556666666667
Pulse experiments,pioreactor01,2026-09-15T08:55:03.343Z,0.279154732468,135,3,2026-09-15 14:40:03.343,1870.556666666667
Pulse experiments,pioreactor01,2026-09-15T08:55:03.343Z,0.037450777283,45,4,2026-09-15 14:40:03.343,1870.556666666667
Pulse experiments,pioreactor01,2026-09-15T08:55:08.335Z,0.002594022182,90,2,2026-09-15 14:40:08.335,1870.558055555555
Pulse experiments,pioreactor01,2026-09-15T08:55:08.335Z,0.279276309046,135,3,2026-09-15 14:40:08.335,1870.558055555555
Pulse experiments,pioreactor01,2026-09-15T08:55:08.335Z,0.036334252555,45,4,2026-09-15 14:40:08.335,1870.558055555555
Pulse experiments,pioreactor01,2026-09-15T08:55:13.330Z,0.002546812211,90,2,2026-09-15 14:40:13.330,1870.559444444444
Pulse experiments,pioreactor01,2026-09-15T08:55:13.330Z,0.279370868193,135,3,2026-09-15 14:40:13.330,1870.559444444444
Pulse experiments,pioreactor01,2026-09-15T08:55:13.330Z,0.035980770236,45,4,2026-09-15 14:40:13.330,1870.559444444444
Pulse experiments,pioreactor01,2026-09-15T08:55:18.335Z,0.002656984543,90,2,2026-09-15 14:40:18.335,1870.560833333333
Pulse experiments,pioreactor01,2026-09-15T08:55:18.335Z,0.279589639589,135,3,2026-09-15 14:40:18.335,1870.560833333333
Pulse experiments,pioreactor01,2026-09-15T08:55:18.335Z,0.036228149559,45,4,2026-09-15 14:40:18.335,1870.560833333333
Pulse experiments,pioreactor01,2026-09-15T08:55:23.342Z,0.002574907093,90,2,2026-09-15 14:40:23.342,1870.562222222222
Pulse experiments,pioreactor01,2026-09-15T08:55:23.342Z,0.278888886245,135,3,2026-09-15 14:40:23.342,1870.562222222222
Pulse experiments,pioreactor01,2026-09-15T08:55:23.342Z,0.035728228497,45,4,2026-09-15 14:40:23.342,1870.562222222222
Pulse experiments,pioreactor01,2026-09-15T08:55:28.333Z,0.002504586583,90,2,2026-09-15 14:40:28.333,1870.563611111111
Pulse experiments,pioreactor01,2026-09-15T08:55:28.333Z,0.279270152269,135,3,2026-09-15 14:40:28.333,1870.563611111111
Pulse experiments,pioreactor01,2026-09-15T08:55:28.333Z,0.03544838239,45,4,2026-09-15 14:40:28.333,1870.563611111111
Pulse experiments,pioreactor01,2026-09-15T08:55:33.364Z,0.002492216164,90,2,2026-09-15 14:40:33.364,1870.565
Pulse experiments,pioreactor01,2026-09-15T08:55:33.364Z,0.279700255476,135,3,2026-09-15 14:40:33.364,1870.565
Pulse experiments,pioreactor01,2026-09-15T08:55:33.364Z,0.035652648073,45,4,2026-09-15 14:40:33.364,1870.565
Pulse experiments,pioreactor01,2026-09-15T08:55:38.337Z,0.002562587048,90,2,2026-09-15 14:40:38.337,1870.566388888889
Pulse experiments,pioreactor01,2026-09-15T08:55:38.337Z,0.279685222063,135,3,2026-09-15 14:40:38.337,1870.566388888889
Pulse experiments,pioreactor01,2026-09-15T08:55:38.337Z,0.036365469097,45,4,2026-09-15 14:40:38.337,1870.566388888889
Pulse experiments,pioreactor01,2026-09-15T08:55:43.335Z,0.002580261498,90,2,2026-09-15 14:40:43.335,1870.567777777778
Pulse experiments,pioreactor01,2026-09-15T08:55:43.335Z,0.279663682701,135,3,2026-09-15 14:40:43.335,1870.567777777778
Pulse experiments,pioreactor01,2026-09-15T08:55:43.335Z,0.036338049264,45,4,2026-09-15 14:40:43.335,1870.567777777778
Pulse experiments,pioreactor01,2026-09-15T08:55:48.402Z,0.002773400755,90,2,2026-09-15 14:40:48.402,1870.569166666667
Pulse experiments,pioreactor01,2026-09-15T08:55:48.402Z,0.279673984724,135,3,2026-09-15 14:40:48.402,1870.569166666667
Pulse experiments,pioreactor01,2026-09-15T08:55:48.402Z,0.038014895676,45,4,2026-09-15 14:40:48.402,1870.569166666667
Pulse experiments,pioreactor01,2026-09-15T08:55:53.378Z,0.002829926535,90,2,2026-09-15 14:40:53.378,1870.570555555556
Pulse experiments,pioreactor01,2026-09-15T08:55:53.378Z,0.280360526136,135,3,2026-09-15 14:40:53.378,1870.570555555556
Pulse experiments,pioreactor01,2026-09-15T08:55:53.378Z,0.03772218411,45,4,2026-09-15 14:40:53.378,1870.570555555556
Pulse experiments,pioreactor01,2026-09-15T08:55:58.359Z,0.002809821908,90,2,2026-09-15 14:40:58.359,1870.571944444444
Pulse experiments,pioreactor01,2026-09-15T08:55:58.359Z,0.280293670454,135,3,2026-09-15 14:40:58.359,1870.571944444444
Pulse experiments,pioreactor01,2026-09-15T08:55:58.359Z,0.03813728901,45,4,2026-09-15 14:40:58.359,1870.571944444444
Pulse experiments,pioreactor01,2026-09-15T08:56:03.365Z,0.002855895447,90,2,2026-09-15 14:41:03.365,1870.573333333333
Pulse experiments,pioreactor01,2026-09-15T08:56:03.365Z,0.278603121755,135,3,2026-09-15 14:41:03.365,1870.573333333333
Pulse experiments,pioreactor01,2026-09-15T08:56:03.365Z,0.040491693125,45,4,2026-09-15 14:41:03.365,1870.573333333333
Pulse experiments,pioreactor01,2026-09-15T08:56:08.344Z,0.002870040452,90,2,2026-09-15 14:41:08.344,1870.574722222222
Pulse experiments,pioreactor01,2026-09-15T08:56:08.344Z,0.279381414182,135,3,2026-09-15 14:41:08.344,1870.574722222222
Pulse experiments,pioreactor01,2026-09-15T08:56:08.344Z,0.039532163962,45,4,2026-09-15 14:41:08.344,1870.574722222222
Pulse experiments,pioreactor01,2026-09-15T08:56:13.350Z,0.002888565009,90,2,2026-09-15 14:41:13.350,1870.576111111111
Pulse experiments,pioreactor01,2026-09-15T08:56:13.350Z,0.274027262428,135,3,2026-09-15 14:41:13.350,1870.576111111111
Pulse experiments,pioreactor01,2026-09-15T08:56:13.350Z,0.045728588218,45,4,2026-09-15 14:41:13.350,1870.576111111111
Pulse experiments,pioreactor01,2026-09-15T08:56:18.362Z,0.008705592125,90,2,2026-09-15 14:41:18.362,1870.5775
Pulse experiments,pioreactor01,2026-09-15T08:56:18.362Z,0.281022292504,135,3,2026-09-15 14:41:18.362,1870.5775
Pulse experiments,pioreactor01,2026-09-15T08:56:18.362Z,0.092431264673,45,4,2026-09-15 14:41:18.362,1870.5775
Pulse experiments,pioreactor01,2026-09-15T08:56:23.391Z,0.005127728221,90,2,2026-09-15 14:41:23.391,1870.578888888889
Pulse experiments,pioreactor01,2026-09-15T08:56:23.391Z,0.278929970684,135,3,2026-09-15 14:41:23.391,1870.578888888889
Pulse experiments,pioreactor01,2026-09-15T08:56:23.391Z,0.06059423325,45,4,2026-09-15 14:41:23.391,1870.578888888889
Pulse experiments,pioreactor01,2026-09-15T08:56:28.421Z,0.004050790687,90,2,2026-09-15 14:41:28.421,1870.580277777778
Pulse experiments,pioreactor01,2026-09-15T08:56:28.421Z,0.275817965211,135,3,2026-09-15 14:41:28.421,1870.580277777778
Pulse experiments,pioreactor01,2026-09-15T08:56:28.421Z,0.051516956765,45,4,2026-09-15 14:41:28.421,1870.580277777778
Pulse experiments,pioreactor01,2026-09-15T08:56:33.352Z,0.003282003574,90,2,2026-09-15 14:41:33.352,1870.581666666667
Pulse experiments,pioreactor01,2026-09-15T08:56:33.352Z,0.277214289017,135,3,2026-09-15 14:41:33.352,1870.581666666667
Pulse experiments,pioreactor01,2026-09-15T08:56:33.352Z,0.044016523934,45,4,2026-09-15 14:41:33.352,1870.581666666667
Pulse experiments,pioreactor01,2026-09-15T08:56:38.364Z,0.00348696553,90,2,2026-09-15 14:41:38.364,1870.583055555556
Pulse experiments,pioreactor01,2026-09-15T08:56:38.364Z,0.278579445765,135,3,2026-09-15 14:41:38.364,1870.583055555556
Pulse experiments,pioreactor01,2026-09-15T08:56:38.364Z,0.045277491428,45,4,2026-09-15 14:41:38.364,1870.583055555556
Pulse experiments,pioreactor01,2026-09-15T08:56:43.362Z,0.003592317205,90,2,2026-09-15 14:41:43.362,1870.584444444444
Pulse experiments,pioreactor01,2026-09-15T08:56:43.362Z,0.275713329093,135,3,2026-09-15 14:41:43.362,1870.584444444444
Pulse experiments,pioreactor01,2026-09-15T08:56:43.362Z,0.050356717,45,4,2026-09-15 14:41:43.362,1870.584444444444
Pulse experiments,pioreactor01,2026-09-15T08:56:48.370Z,0.003188055487,90,2,2026-09-15 14:41:48.370,1870.585833333333
Pulse experiments,pioreactor01,2026-09-15T08:56:48.370Z,0.278067413006,135,3,2026-09-15 14:41:48.370,1870.585833333333
Pulse experiments,pioreactor01,2026-09-15T08:56:48.370Z,0.044089334323,45,4,2026-09-15 14:41:48.370,1870.585833333333
Pulse experiments,pioreactor01,2026-09-15T08:56:53.355Z,0.003060819817,90,2,2026-09-15 14:41:53.355,1870.587222222222
Pulse experiments,pioreactor01,2026-09-15T08:56:53.355Z,0.276350168323,135,3,2026-09-15 14:41:53.355,1870.587222222222
Pulse experiments,pioreactor01,2026-09-15T08:56:53.355Z,0.042976213934,45,4,2026-09-15 14:41:53.355,1870.587222222222
Pulse experiments,pioreactor01,2026-09-15T08:56:58.359Z,0.003019914816,90,2,2026-09-15 14:41:58.359,1870.588611111111
Pulse experiments,pioreactor01,2026-09-15T08:56:58.359Z,0.277608608314,135,3,2026-09-15 14:41:58.359,1870.588611111111
Pulse experiments,pioreactor01,2026-09-15T08:56:58.359Z,0.041387653512,45,4,2026-09-15 14:41:58.359,1870.588611111111
Pulse experiments,pioreactor01,2026-09-15T08:57:03.396Z,0.003009984405,90,2,2026-09-15 14:42:03.396,1870.59
Pulse experiments,pioreactor01,2026-09-15T08:57:03.396Z,0.27889571988,135,3,2026-09-15 14:42:03.396,1870.59
Pulse experiments,pioreactor01,2026-09-15T08:57:03.396Z,0.042031974445,45,4,2026-09-15 14:42:03.396,1870.59
Pulse experiments,pioreactor01,2026-09-15T08:57:08.352Z,0.003162019001,90,2,2026-09-15 14:42:08.352,1870.591388888889
Pulse experiments,pioreactor01,2026-09-15T08:57:08.352Z,0.278958522091,135,3,2026-09-15 14:42:08.352,1870.591388888889
Pulse experiments,pioreactor01,2026-09-15T08:57:08.352Z,0.044372716683,45,4,2026-09-15 14:42:08.352,1870.591388888889
Pulse experiments,pioreactor01,2026-09-15T08:57:13.336Z,0.003697206109,90,2,2026-09-15 14:42:13.336,1870.592777777778
Pulse experiments,pioreactor01,2026-09-15T08:57:13.336Z,0.275750420951,135,3,2026-09-15 14:42:13.336,1870.592777777778
Pulse experiments,pioreactor01,2026-09-15T08:57:13.336Z,0.052128355792,45,4,2026-09-15 14:42:13.336,1870.592777777778
Pulse experiments,pioreactor01,2026-09-15T08:57:18.360Z,0.003161895126,90,2,2026-09-15 14:42:18.360,1870.594166666667
Pulse experiments,pioreactor01,2026-09-15T08:57:18.360Z,0.275173132662,135,3,2026-09-15 14:42:18.360,1870.594166666667
Pulse experiments,pioreactor01,2026-09-15T08:57:18.360Z,0.045095186705,45,4,2026-09-15 14:42:18.360,1870.594166666667
Pulse experiments,pioreactor01,2026-09-15T08:57:23.352Z,0.003008437259,90,2,2026-09-15 14:42:23.352,1870.595555555556
Pulse experiments,pioreactor01,2026-09-15T08:57:23.352Z,0.277308425073,135,3,2026-09-15 14:42:23.352,1870.595555555556
Pulse experiments,pioreactor01,2026-09-15T08:57:23.352Z,0.042432599382,45,4,2026-09-15 14:42:23.352,1870.595555555556
Pulse experiments,pioreactor01,2026-09-15T08:57:28.359Z,0.004949188819,90,2,2026-09-15 14:42:28.359,1870.596944444444
Pulse experiments,pioreactor01,2026-09-15T08:57:28.359Z,0.278906517504,135,3,2026-09-15 14:42:28.359,1870.596944444444
Pulse experiments,pioreactor01,2026-09-15T08:57:28.359Z,0.060080989853,45,4,2026-09-15 14:42:28.359,1870.596944444444
Pulse experiments,pioreactor01,2026-09-15T08:57:33.355Z,0.004510287623,90,2,2026-09-15 14:42:33.355,1870.598333333333
Pulse experiments,pioreactor01,2026-09-15T08:57:33.355Z,0.275563296272,135,3,2026-09-15 14:42:33.355,1870.598333333333
Pulse experiments,pioreactor01,2026-09-15T08:57:33.355Z,0.055648684607,45,4,2026-09-15 14:42:33.355,1870.598333333333
Pulse experiments,pioreactor01,2026-09-15T08:57:38.358Z,0.003804191698,90,2,2026-09-15 14:42:38.358,1870.599722222222
Pulse experiments,pioreactor01,2026-09-15T08:57:38.358Z,0.277433742828,135,3,2026-09-15 14:42:38.358,1870.599722222222
Pulse experiments,pioreactor01,2026-09-15T08:57:38.358Z,0.049952745519,45,4,2026-09-15 14:42:38.358,1870.599722222222
Pulse experiments,pioreactor01,2026-09-15T08:57:43.371Z,0.00335728671,90,2,2026-09-15 14:42:43.371,1870.601111111111
Pulse experiments,pioreactor01,2026-09-15T08:57:43.371Z,0.277731138192,135,3,2026-09-15 14:42:43.371,1870.601111111111
Pulse experiments,pioreactor01,2026-09-15T08:57:43.371Z,0.046932658894,45,4,2026-09-15 14:42:43.371,1870.601111111111
Pulse experiments,pioreactor01,2026-09-15T08:57:48.372Z,0.003357011716,90,2,2026-09-15 14:42:48.372,1870.6025
Pulse experiments,pioreactor01,2026-09-15T08:57:48.372Z,0.276715745364,135,3,2026-09-15 14:42:48.372,1870.6025
Pulse experiments,pioreactor01,2026-09-15T08:57:48.372Z,0.048243251488,45,4,2026-09-15 14:42:48.372,1870.6025
Pulse experiments,pioreactor01,2026-09-15T08:57:53.357Z,0.00359548284,90,2,2026-09-15 14:42:53.357,1870.603888888889
Pulse experiments,pioreactor01,2026-09-15T08:57:53.357Z,0.277209736894,135,3,2026-09-15 14:42:53.357,1870.603888888889
Pulse experiments,pioreactor01,2026-09-15T08:57:53.357Z,0.049849307559,45,4,2026-09-15 14:42:53.357,1870.603888888889
Pulse experiments,pioreactor01,2026-09-15T08:57:58.344Z,0.00327789204,90,2,2026-09-15 14:42:58.344,1870.605277777778
Pulse experiments,pioreactor01,2026-09-15T08:57:58.344Z,0.279167622457,135,3,2026-09-15 14:42:58.344,1870.605277777778
Pulse experiments,pioreactor01,2026-09-15T08:57:58.344Z,0.046045050226,45,4,2026-09-15 14:42:58.344,1870.605277777778
Pulse experiments,pioreactor01,2026-09-15T08:58:03.388Z,0.003318825553,90,2,2026-09-15 14:43:03.388,1870.606666666667
Pulse experiments,pioreactor01,2026-09-15T08:58:03.388Z,0.274946969441,135,3,2026-09-15 14:43:03.388,1870.606666666667
Pulse experiments,pioreactor01,2026-09-15T08:58:03.388Z,0.045967292008,45,4,2026-09-15 14:43:03.388,1870.606666666667
Pulse experiments,pioreactor01,2026-09-15T08:58:08.375Z,0.00338169536,90,2,2026-09-15 14:43:08.375,1870.608055555556
Pulse experiments,pioreactor01,2026-09-15T08:58:08.375Z,0.27783214182,135,3,2026-09-15 14:43:08.375,1870.608055555556
Pulse experiments,pioreactor01,2026-09-15T08:58:08.375Z,0.047040333945,45,4,2026-09-15 14:43:08.375,1870.608055555556
Pulse experiments,pioreactor01,2026-09-15T08:58:13.354Z,0.003488497435,90,2,2026-09-15 14:43:13.354,1870.609444444445
Pulse experiments,pioreactor01,2026-09-15T08:58:13.354Z,0.278339106274,135,3,2026-09-15 14:43:13.354,1870.609444444445
Pulse experiments,pioreactor01,2026-09-15T08:58:13.354Z,0.049140412707,45,4,2026-09-15 14:43:13.354,1870.609444444445
Pulse experiments,pioreactor01,2026-09-15T08:58:18.363Z,0.003281738347,90,2,2026-09-15 14:43:18.363,1870.610833333333
Pulse experiments,pioreactor01,2026-09-15T08:58:18.363Z,0.278902951977,135,3,2026-09-15 14:43:18.363,1870.610833333333
Pulse experiments,pioreactor01,2026-09-15T08:58:18.363Z,0.047166898216,45,4,2026-09-15 14:43:18.363,1870.610833333333
Pulse experiments,pioreactor01,2026-09-15T08:58:23.365Z,0.003137273541,90,2,2026-09-15 14:43:23.365,1870.612222222222
Pulse experiments,pioreactor01,2026-09-15T08:58:23.365Z,0.278346427018,135,3,2026-09-15 14:43:23.365,1870.612222222222
Pulse experiments,pioreactor01,2026-09-15T08:58:23.365Z,0.044445253671,45,4,2026-09-15 14:43:23.365,1870.612222222222
Pulse experiments,pioreactor01,2026-09-15T08:58:28.369Z,0.003023525554,90,2,2026-09-15 14:43:28.369,1870.613611111111
Pulse experiments,pioreactor01,2026-09-15T08:58:28.369Z,0.280094541954,135,3,2026-09-15 14:43:28.369,1870.613611111111
Pulse experiments,pioreactor01,2026-09-15T08:58:28.369Z,0.042872454741,45,4,2026-09-15 14:43:28.369,1870.613611111111
Pulse experiments,pioreactor01,2026-09-15T08:58:33.359Z,0.002955179326,90,2,2026-09-15 14:43:33.359,1870.615
Pulse experiments,pioreactor01,2026-09-15T08:58:33.359Z,0.28005569498,135,3,2026-09-15 14:43:33.359,1870.615
Pulse experiments,pioreactor01,2026-09-15T08:58:33.359Z,0.041766067116,45,4,2026-09-15 14:43:33.359,1870.615
Pulse experiments,pioreactor01,2026-09-15T08:58:38.355Z,0.002954045115,90,2,2026-09-15 14:43:38.355,1870.616388888889
Pulse experiments,pioreactor01,2026-09-15T08:58:38.355Z,0.276480310086,135,3,2026-09-15 14:43:38.355,1870.616388888889
Pulse experiments,pioreactor01,2026-09-15T08:58:38.355Z,0.043431290532,45,4,2026-09-15 14:43:38.355,1870.616388888889
Pulse experiments,pioreactor01,2026-09-15T08:58:43.343Z,0.002963434234,90,2,2026-09-15 14:43:43.343,1870.617777777778
Pulse experiments,pioreactor01,2026-09-15T08:58:43.343Z,0.279020775694,135,3,2026-09-15 14:43:43.343,1870.617777777778
Pulse experiments,pioreactor01,2026-09-15T08:58:43.343Z,0.042531514026,45,4,2026-09-15 14:43:43.343,1870.617777777778
Pulse experiments,pioreactor01,2026-09-15T08:58:48.357Z,0.003061954749,90,2,2026-09-15 14:43:48.357,1870.619166666667
Pulse experiments,pioreactor01,2026-09-15T08:58:48.357Z,0.279331272321,135,3,2026-09-15 14:43:48.357,1870.619166666667
Pulse experiments,pioreactor01,2026-09-15T08:58:48.357Z,0.043291109323,45,4,2026-09-15 14:43:48.357,1870.619166666667
Pulse experiments,pioreactor01,2026-09-15T08:58:53.387Z,0.004493610215,90,2,2026-09-15 14:43:53.387,1870.620555555555
Pulse experiments,pioreactor01,2026-09-15T08:58:53.387Z,0.281869360671,135,3,2026-09-15 14:43:53.387,1870.620555555555
Pulse experiments,pioreactor01,2026-09-15T08:58:53.387Z,0.057805331579,45,4,2026-09-15 14:43:53.387,1870.620555555555
Pulse experiments,pioreactor01,2026-09-15T08:58:58.379Z,0.004906525616,90,2,2026-09-15 14:43:58.379,1870.621944444444
Pulse experiments,pioreactor01,2026-09-15T08:58:58.379Z,0.277367877782,135,3,2026-09-15 14:43:58.379,1870.621944444444
Pulse experiments,pioreactor01,2026-09-15T08:58:58.379Z,0.06362826316,45,4,2026-09-15 14:43:58.379,1870.621944444444
Pulse experiments,pioreactor01,2026-09-15T08:59:03.341Z,0.004263031886,90,2,2026-09-15 14:44:03.341,1870.623333333333
Pulse experiments,pioreactor01,2026-09-15T08:59:03.341Z,0.289065320731,135,3,2026-09-15 14:44:03.341,1870.623333333333
Pulse experiments,pioreactor01,2026-09-15T08:59:03.341Z,0.060663529352,45,4,2026-09-15 14:44:03.341,1870.623333333333
Pulse experiments,pioreactor01,2026-09-15T08:59:08.362Z,0.00373068999,90,2,2026-09-15 14:44:08.362,1870.624722222222
Pulse experiments,pioreactor01,2026-09-15T08:59:08.362Z,0.280886340964,135,3,2026-09-15 14:44:08.362,1870.624722222222
Pulse experiments,pioreactor01,2026-09-15T08:59:08.362Z,0.049096867675,45,4,2026-09-15 14:44:08.362,1870.624722222222
Pulse experiments,pioreactor01,2026-09-15T08:59:13.348Z,0.003263075554,90,2,2026-09-15 14:44:13.348,1870.626111111111
Pulse experiments,pioreactor01,2026-09-15T08:59:13.348Z,0.284334674772,135,3,2026-09-15 14:44:13.348,1870.626111111111
Pulse experiments,pioreactor01,2026-09-15T08:59:13.348Z,0.047241175639,45,4,2026-09-15 14:44:13.348,1870.626111111111
Pulse experiments,pioreactor01,2026-09-15T08:59:18.376Z,0.003101693009,90,2,2026-09-15 14:44:18.376,1870.6275
Pulse experiments,pioreactor01,2026-09-15T08:59:18.376Z,0.263439651431,135,3,2026-09-15 14:44:18.376,1870.6275
Pulse experiments,pioreactor01,2026-09-15T08:59:18.376Z,0.041695606028,45,4,2026-09-15 14:44:18.376,1870.6275
Pulse experiments,pioreactor01,2026-09-15T08:59:23.356Z,0.003114149008,90,2,2026-09-15 14:44:23.356,1870.628888888889
Pulse experiments,pioreactor01,2026-09-15T08:59:23.356Z,0.239323512874,135,3,2026-09-15 14:44:23.356,1870.628888888889
Pulse experiments,pioreactor01,2026-09-15T08:59:23.356Z,0.040782142438,45,4,2026-09-15 14:44:23.356,1870.628888888889
Pulse experiments,pioreactor01,2026-09-15T08:59:28.353Z,0.00341066239,90,2,2026-09-15 14:44:28.353,1870.630277777778
Pulse experiments,pioreactor01,2026-09-15T08:59:28.353Z,0.234951890773,135,3,2026-09-15 14:44:28.353,1870.630277777778
Pulse experiments,pioreactor01,2026-09-15T08:59:28.353Z,0.049493366285,45,4,2026-09-15 14:44:28.353,1870.630277777778
Pulse experiments,pioreactor01,2026-09-15T08:59:33.345Z,0.003282627163,90,2,2026-09-15 14:44:33.345,1870.631666666667
Pulse experiments,pioreactor01,2026-09-15T08:59:33.345Z,0.224175308605,135,3,2026-09-15 14:44:33.345,1870.631666666667
Pulse experiments,pioreactor01,2026-09-15T08:59:33.345Z,0.04546364896,45,4,2026-09-15 14:44:33.345,1870.631666666667
Pulse experiments,pioreactor01,2026-09-15T08:59:38.368Z,0.006200289224,90,2,2026-09-15 14:44:38.368,1870.633055555556
Pulse experiments,pioreactor01,2026-09-15T08:59:38.368Z,0.225284437012,135,3,2026-09-15 14:44:38.368,1870.633055555556
Pulse experiments,pioreactor01,2026-09-15T08:59:38.368Z,0.065884023842,45,4,2026-09-15 14:44:38.368,1870.633055555556
Pulse experiments,pioreactor01,2026-09-15T08:59:43.371Z,0.004684222515,90,2,2026-09-15 14:44:43.371,1870.634444444444
Pulse experiments,pioreactor01,2026-09-15T08:59:43.371Z,0.226856754385,135,3,2026-09-15 14:44:43.371,1870.634444444444
Pulse experiments,pioreactor01,2026-09-15T08:59:43.371Z,0.059298747214,45,4,2026-09-15 14:44:43.371,1870.634444444444
Pulse experiments,pioreactor01,2026-09-15T08:59:48.355Z,0.003963723654,90,2,2026-09-15 14:44:48.355,1870.635833333333
Pulse experiments,pioreactor01,2026-09-15T08:59:48.355Z,0.230591393768,135,3,2026-09-15 14:44:48.355,1870.635833333333
Pulse experiments,pioreactor01,2026-09-15T08:59:48.355Z,0.050171808257,45,4,2026-09-15 14:44:48.355,1870.635833333333
Pulse experiments,pioreactor01,2026-09-15T08:59:53.386Z,0.004308796666,90,2,2026-09-15 14:44:53.386,1870.637222222222
Pulse experiments,pioreactor01,2026-09-15T08:59:53.386Z,0.232422980308,135,3,2026-09-15 14:44:53.386,1870.637222222222
Pulse experiments,pioreactor01,2026-09-15T08:59:53.386Z,0.053756492428,45,4,2026-09-15 14:44:53.386,1870.637222222222
Pulse experiments,pioreactor01,2026-09-15T08:59:58.369Z,0.004584161544,90,2,2026-09-15 14:44:58.369,1870.638611111111
Pulse experiments,pioreactor01,2026-09-15T08:59:58.369Z,0.234326920661,135,3,2026-09-15 14:44:58.369,1870.638611111111
Pulse experiments,pioreactor01,2026-09-15T08:59:58.369Z,0.05748415306,45,4,2026-09-15 14:44:58.369,1870.638611111111
Pulse experiments,pioreactor01,2026-09-15T09:00:03.337Z,0.006948075588,90,2,2026-09-15 14:45:03.337,1870.64
Pulse experiments,pioreactor01,2026-09-15T09:00:03.337Z,0.236841203399,135,3,2026-09-15 14:45:03.337,1870.64
Pulse experiments,pioreactor01,2026-09-15T09:00:03.337Z,0.084241052613,45,4,2026-09-15 14:45:03.337,1870.64
Pulse experiments,pioreactor01,2026-09-15T09:00:08.343Z,0.004853854058,90,2,2026-09-15 14:45:08.343,1870.641388888889
Pulse experiments,pioreactor01,2026-09-15T09:00:08.343Z,0.236344482841,135,3,2026-09-15 14:45:08.343,1870.641388888889
Pulse experiments,pioreactor01,2026-09-15T09:00:08.343Z,0.061209171469,45,4,2026-09-15 14:45:08.343,1870.641388888889
Pulse experiments,pioreactor01,2026-09-15T09:00:13.343Z,0.004525339379,90,2,2026-09-15 14:45:13.343,1870.642777777778
Pulse experiments,pioreactor01,2026-09-15T09:00:13.343Z,0.230556061287,135,3,2026-09-15 14:45:13.343,1870.642777777778
Pulse experiments,pioreactor01,2026-09-15T09:00:13.343Z,0.067004147187,45,4,2026-09-15 14:45:13.343,1870.642777777778
Pulse experiments,pioreactor01,2026-09-15T09:00:18.346Z,0.011175349623,90,2,2026-09-15 14:45:18.346,1870.644166666667
Pulse experiments,pioreactor01,2026-09-15T09:00:18.346Z,0.240001836044,135,3,2026-09-15 14:45:18.346,1870.644166666667
Pulse experiments,pioreactor01,2026-09-15T09:00:18.346Z,0.118988788205,45,4,2026-09-15 14:45:18.346,1870.644166666667
Pulse experiments,pioreactor01,2026-09-15T09:00:23.346Z,0.006477654871,90,2,2026-09-15 14:45:23.346,1870.645555555556
Pulse experiments,pioreactor01,2026-09-15T09:00:23.346Z,0.137145779555,135,3,2026-09-15 14:45:23.346,1870.645555555556
Pulse experiments,pioreactor01,2026-09-15T09:00:23.346Z,0.10773704195,45,4,2026-09-15 14:45:23.346,1870.645555555556
Pulse experiments,pioreactor01,2026-09-15T09:00:28.341Z,0.004662955925,90,2,2026-09-15 14:45:28.341,1870.646944444444
Pulse experiments,pioreactor01,2026-09-15T09:00:28.341Z,0.09734716539,135,3,2026-09-15 14:45:28.341,1870.646944444444
Pulse experiments,pioreactor01,2026-09-15T09:00:28.341Z,0.103415271819,45,4,2026-09-15 14:45:28.341,1870.646944444444
Pulse experiments,pioreactor01,2026-09-15T09:00:33.349Z,0.003955398483,90,2,2026-09-15 14:45:33.349,1870.648333333333
Pulse experiments,pioreactor01,2026-09-15T09:00:33.349Z,0.081921019827,135,3,2026-09-15 14:45:33.349,1870.648333333333
Pulse experiments,pioreactor01,2026-09-15T09:00:33.349Z,0.101733217475,45,4,2026-09-15 14:45:33.349,1870.648333333333
Pulse experiments,pioreactor01,2026-09-15T09:00:38.357Z,0.00367494249,90,2,2026-09-15 14:45:38.357,1870.649722222222
Pulse experiments,pioreactor01,2026-09-15T09:00:38.357Z,0.075950134101,135,3,2026-09-15 14:45:38.357,1870.649722222222
Pulse experiments,pioreactor01,2026-09-15T09:00:38.357Z,0.10110842262,45,4,2026-09-15 14:45:38.357,1870.649722222222
Pulse experiments,pioreactor01,2026-09-15T09:00:43.347Z,0.00357114423,90,2,2026-09-15 14:45:43.347,1870.651111111111
Pulse experiments,pioreactor01,2026-09-15T09:00:43.347Z,0.073662160629,135,3,2026-09-15 14:45:43.347,1870.651111111111
Pulse experiments,pioreactor01,2026-09-15T09:00:43.347Z,0.100897377452,45,4,2026-09-15 14:45:43.347,1870.651111111111
Pulse experiments,pioreactor01,2026-09-15T09:00:48.390Z,0.003363813599,90,2,2026-09-15 14:45:48.390,1870.6525
Pulse experiments,pioreactor01,2026-09-15T09:00:48.390Z,0.183185260167,135,3,2026-09-15 14:45:48.390,1870.6525
Pulse experiments,pioreactor01,2026-09-15T09:00:48.390Z,0.064661225375,45,4,2026-09-15 14:45:48.390,1870.6525
Pulse experiments,pioreactor01,2026-09-15T09:00:53.394Z,0.004051022515,90,2,2026-09-15 14:45:53.394,1870.653888888889
Pulse experiments,pioreactor01,2026-09-15T09:00:53.394Z,0.224934380766,135,3,2026-09-15 14:45:53.394,1870.653888888889
Pulse experiments,pioreactor01,2026-09-15T09:00:53.394Z,0.060174553412,45,4,2026-09-15 14:45:53.394,1870.653888888889
Pulse experiments,pioreactor01,2026-09-15T09:00:58.370Z,0.004007684455,90,2,2026-09-15 14:45:58.370,1870.655277777778
Pulse experiments,pioreactor01,2026-09-15T09:00:58.370Z,0.28537482951,135,3,2026-09-15 14:45:58.370,1870.655277777778
Pulse experiments,pioreactor01,2026-09-15T09:00:58.370Z,0.057873798579,45,4,2026-09-15 14:45:58.370,1870.655277777778
Pulse experiments,pioreactor01,2026-09-15T09:01:03.402Z,0.003551821574,90,2,2026-09-15 14:46:03.402,1870.656666666667
Pulse experiments,pioreactor01,2026-09-15T09:01:03.402Z,0.295882017005,135,3,2026-09-15 14:46:03.402,1870.656666666667
Pulse experiments,pioreactor01,2026-09-15T09:01:03.402Z,0.047547642544,45,4,2026-09-15 14:46:03.402,1870.656666666667
Pulse experiments,pioreactor01,2026-09-15T09:01:08.429Z,0.003877790064,90,2,2026-09-15 14:46:08.429,1870.658055555556
Pulse experiments,pioreactor01,2026-09-15T09:01:08.429Z,0.310786210357,135,3,2026-09-15 14:46:08.429,1870.658055555556
Pulse experiments,pioreactor01,2026-09-15T09:01:08.429Z,0.047778232659,45,4,2026-09-15 14:46:08.429,1870.658055555556
Pulse experiments,pioreactor01,2026-09-15T09:01:13.361Z,0.005844599752,90,2,2026-09-15 14:46:13.361,1870.659444444444
Pulse experiments,pioreactor01,2026-09-15T09:01:13.361Z,0.319248784368,135,3,2026-09-15 14:46:13.361,1870.659444444444
Pulse experiments,pioreactor01,2026-09-15T09:01:13.361Z,0.068077501788,45,4,2026-09-15 14:46:13.361,1870.659444444444
Pulse experiments,pioreactor01,2026-09-15T09:01:18.384Z,0.004917730785,90,2,2026-09-15 14:46:18.384,1870.660833333333
Pulse experiments,pioreactor01,2026-09-15T09:01:18.384Z,0.316969222592,135,3,2026-09-15 14:46:18.384,1870.660833333333
Pulse experiments,pioreactor01,2026-09-15T09:01:18.384Z,0.058461289656,45,4,2026-09-15 14:46:18.384,1870.660833333333
Pulse experiments,pioreactor01,2026-09-15T09:01:23.382Z,0.004256796538,90,2,2026-09-15 14:46:23.382,1870.662222222222
Pulse experiments,pioreactor01,2026-09-15T09:01:23.382Z,0.322173352415,135,3,2026-09-15 14:46:23.382,1870.662222222222
Pulse experiments,pioreactor01,2026-09-15T09:01:23.382Z,0.053434120094,45,4,2026-09-15 14:46:23.382,1870.662222222222
Pulse experiments,pioreactor01,2026-09-15T09:01:28.409Z,0.003961215339,90,2,2026-09-15 14:46:28.409,1870.663611111111
Pulse experiments,pioreactor01,2026-09-15T09:01:28.409Z,0.32272516096,135,3,2026-09-15 14:46:28.409,1870.663611111111
Pulse experiments,pioreactor01,2026-09-15T09:01:28.409Z,0.052943110237,45,4,2026-09-15 14:46:28.409,1870.663611111111
Pulse experiments,pioreactor01,2026-09-15T09:01:33.352Z,0.003632469484,90,2,2026-09-15 14:46:33.352,1870.665
Pulse experiments,pioreactor01,2026-09-15T09:01:33.352Z,0.326736281229,135,3,2026-09-15 14:46:33.352,1870.665
Pulse experiments,pioreactor01,2026-09-15T09:01:33.352Z,0.048194961196,45,4,2026-09-15 14:46:33.352,1870.665
Pulse experiments,pioreactor01,2026-09-15T09:01:38.367Z,0.003547932033,90,2,2026-09-15 14:46:38.367,1870.666388888889
Pulse experiments,pioreactor01,2026-09-15T09:01:38.367Z,0.328857974297,135,3,2026-09-15 14:46:38.367,1870.666388888889
Pulse experiments,pioreactor01,2026-09-15T09:01:38.367Z,0.04559457567,45,4,2026-09-15 14:46:38.367,1870.666388888889
Pulse experiments,pioreactor01,2026-09-15T09:01:43.377Z,0.00348307275,90,2,2026-09-15 14:46:43.377,1870.667777777778
Pulse experiments,pioreactor01,2026-09-15T09:01:43.377Z,0.330965799559,135,3,2026-09-15 14:46:43.377,1870.667777777778
Pulse experiments,pioreactor01,2026-09-15T09:01:43.377Z,0.044770667428,45,4,2026-09-15 14:46:43.377,1870.667777777778
Pulse experiments,pioreactor01,2026-09-15T09:01:48.374Z,0.003442985637,90,2,2026-09-15 14:46:48.374,1870.669166666667
Pulse experiments,pioreactor01,2026-09-15T09:01:48.374Z,0.332673540752,135,3,2026-09-15 14:46:48.374,1870.669166666667
Pulse experiments,pioreactor01,2026-09-15T09:01:48.374Z,0.04372858263,45,4,2026-09-15 14:46:48.374,1870.669166666667
Pulse experiments,pioreactor01,2026-09-15T09:01:53.369Z,0.003439728159,90,2,2026-09-15 14:46:53.369,1870.670555555556
Pulse experiments,pioreactor01,2026-09-15T09:01:53.369Z,0.329536912191,135,3,2026-09-15 14:46:53.369,1870.670555555556
Pulse experiments,pioreactor01,2026-09-15T09:01:53.369Z,0.043655035782,45,4,2026-09-15 14:46:53.369,1870.670555555556
Pulse experiments,pioreactor01,2026-09-15T09:01:58.384Z,0.003401995314,90,2,2026-09-15 14:46:58.384,1870.671944444445
Pulse experiments,pioreactor01,2026-09-15T09:01:58.384Z,0.329201658565,135,3,2026-09-15 14:46:58.384,1870.671944444445
Pulse experiments,pioreactor01,2026-09-15T09:01:58.384Z,0.042874992012,45,4,2026-09-15 14:46:58.384,1870.671944444445
Pulse experiments,pioreactor01,2026-09-15T09:02:03.352Z,0.00334186395,90,2,2026-09-15 14:47:03.352,1870.673333333333
Pulse experiments,pioreactor01,2026-09-15T09:02:03.352Z,0.326522325653,135,3,2026-09-15 14:47:03.352,1870.673333333333
Pulse experiments,pioreactor01,2026-09-15T09:02:03.352Z,0.042070765453,45,4,2026-09-15 14:47:03.352,1870.673333333333
Pulse experiments,pioreactor01,2026-09-15T09:02:08.382Z,0.003347359432,90,2,2026-09-15 14:47:08.382,1870.674722222222
Pulse experiments,pioreactor01,2026-09-15T09:02:08.382Z,0.328717714342,135,3,2026-09-15 14:47:08.382,1870.674722222222
Pulse experiments,pioreactor01,2026-09-15T09:02:08.382Z,0.042678924231,45,4,2026-09-15 14:47:08.382,1870.674722222222
Pulse experiments,pioreactor01,2026-09-15T09:02:13.400Z,0.00334437105,90,2,2026-09-15 14:47:13.400,1870.676111111111
Pulse experiments,pioreactor01,2026-09-15T09:02:13.400Z,0.330115813652,135,3,2026-09-15 14:47:13.400,1870.676111111111
Pulse experiments,pioreactor01,2026-09-15T09:02:13.400Z,0.04393865458,45,4,2026-09-15 14:47:13.400,1870.676111111111
Pulse experiments,pioreactor01,2026-09-15T09:02:18.359Z,0.003354854028,90,2,2026-09-15 14:47:18.359,1870.6775
Pulse experiments,pioreactor01,2026-09-15T09:02:18.359Z,0.330610274119,135,3,2026-09-15 14:47:18.359,1870.6775
Pulse experiments,pioreactor01,2026-09-15T09:02:18.359Z,0.044206223391,45,4,2026-09-15 14:47:18.359,1870.6775
Pulse experiments,pioreactor01,2026-09-15T09:02:23.435Z,0.003365679594,90,2,2026-09-15 14:47:23.435,1870.678888888889
Pulse experiments,pioreactor01,2026-09-15T09:02:23.435Z,0.328015615391,135,3,2026-09-15 14:47:23.435,1870.678888888889
Pulse experiments,pioreactor01,2026-09-15T09:02:23.435Z,0.044006490813,45,4,2026-09-15 14:47:23.435,1870.678888888889
Pulse experiments,pioreactor01,2026-09-15T09:02:28.384Z,0.003402689932,90,2,2026-09-15 14:47:28.384,1870.680277777778
Pulse experiments,pioreactor01,2026-09-15T09:02:28.384Z,0.326134415312,135,3,2026-09-15 14:47:28.384,1870.680277777778
Pulse experiments,pioreactor01,2026-09-15T09:02:28.384Z,0.043236013037,45,4,2026-09-15 14:47:28.384,1870.680277777778
Pulse experiments,pioreactor01,2026-09-15T09:02:33.415Z,0.003413896244,90,2,2026-09-15 14:47:33.415,1870.681666666667
Pulse experiments,pioreactor01,2026-09-15T09:02:33.415Z,0.330141003199,135,3,2026-09-15 14:47:33.415,1870.681666666667
Pulse experiments,pioreactor01,2026-09-15T09:02:33.415Z,0.04312840054,45,4,2026-09-15 14:47:33.415,1870.681666666667
Pulse experiments,pioreactor01,2026-09-15T09:02:38.407Z,0.003395040882,90,2,2026-09-15 14:47:38.407,1870.683055555555
Pulse experiments,pioreactor01,2026-09-15T09:02:38.407Z,0.330162894096,135,3,2026-09-15 14:47:38.407,1870.683055555555
Pulse experiments,pioreactor01,2026-09-15T09:02:38.407Z,0.043266608661,45,4,2026-09-15 14:47:38.407,1870.683055555555
Pulse experiments,pioreactor01,2026-09-15T09:02:43.360Z,0.003405859265,90,2,2026-09-15 14:47:43.360,1870.684444444444
Pulse experiments,pioreactor01,2026-09-15T09:02:43.360Z,0.33244736335,135,3,2026-09-15 14:47:43.360,1870.684444444444
Pulse experiments,pioreactor01,2026-09-15T09:02:43.360Z,0.043942435775,45,4,2026-09-15 14:47:43.360,1870.684444444444
Pulse experiments,pioreactor01,2026-09-15T09:02:48.352Z,0.003658029342,90,2,2026-09-15 14:47:48.352,1870.685833333333
Pulse experiments,pioreactor01,2026-09-15T09:02:48.352Z,0.332633393334,135,3,2026-09-15 14:47:48.352,1870.685833333333
Pulse experiments,pioreactor01,2026-09-15T09:02:48.352Z,0.045370154308,45,4,2026-09-15 14:47:48.352,1870.685833333333
Pulse experiments,pioreactor01,2026-09-15T09:02:53.350Z,0.003651606244,90,2,2026-09-15 14:47:53.350,1870.687222222222
Pulse experiments,pioreactor01,2026-09-15T09:02:53.350Z,0.329868349698,135,3,2026-09-15 14:47:53.350,1870.687222222222
Pulse experiments,pioreactor01,2026-09-15T09:02:53.350Z,0.045784435568,45,4,2026-09-15 14:47:53.350,1870.687222222222
Pulse experiments,pioreactor01,2026-09-15T09:02:58.344Z,0.003461124396,90,2,2026-09-15 14:47:58.344,1870.688611111111
Pulse experiments,pioreactor01,2026-09-15T09:02:58.344Z,0.332285610227,135,3,2026-09-15 14:47:58.344,1870.688611111111
Pulse experiments,pioreactor01,2026-09-15T09:02:58.344Z,0.042917010749,45,4,2026-09-15 14:47:58.344,1870.688611111111
Pulse experiments,pioreactor01,2026-09-15T09:03:03.345Z,0.003378387085,90,2,2026-09-15 14:48:03.345,1870.69
Pulse experiments,pioreactor01,2026-09-15T09:03:03.345Z,0.333246362628,135,3,2026-09-15 14:48:03.345,1870.69
Pulse experiments,pioreactor01,2026-09-15T09:03:03.345Z,0.041749211308,45,4,2026-09-15 14:48:03.345,1870.69
Pulse experiments,pioreactor01,2026-09-15T09:03:08.360Z,0.003337401107,90,2,2026-09-15 14:48:08.360,1870.691388888889
Pulse experiments,pioreactor01,2026-09-15T09:03:08.360Z,0.332739907323,135,3,2026-09-15 14:48:08.360,1870.691388888889
Pulse experiments,pioreactor01,2026-09-15T09:03:08.360Z,0.04052867578,45,4,2026-09-15 14:48:08.360,1870.691388888889
Pulse experiments,pioreactor01,2026-09-15T09:03:13.348Z,0.003304080877,90,2,2026-09-15 14:48:13.348,1870.692777777778
Pulse experiments,pioreactor01,2026-09-15T09:03:13.348Z,0.332538988241,135,3,2026-09-15 14:48:13.348,1870.692777777778
Pulse experiments,pioreactor01,2026-09-15T09:03:13.348Z,0.038893652232,45,4,2026-09-15 14:48:13.348,1870.692777777778
Pulse experiments,pioreactor01,2026-09-15T09:03:18.363Z,0.003243490336,90,2,2026-09-15 14:48:18.363,1870.694166666667
Pulse experiments,pioreactor01,2026-09-15T09:03:18.363Z,0.334163069883,135,3,2026-09-15 14:48:18.363,1870.694166666667
Pulse experiments,pioreactor01,2026-09-15T09:03:18.363Z,0.038846493196,45,4,2026-09-15 14:48:18.363,1870.694166666667
Pulse experiments,pioreactor01,2026-09-15T09:03:23.342Z,0.003415641476,90,2,2026-09-15 14:48:23.342,1870.695555555556
Pulse experiments,pioreactor01,2026-09-15T09:03:23.342Z,0.173932229397,135,3,2026-09-15 14:48:23.342,1870.695555555556
Pulse experiments,pioreactor01,2026-09-15T09:03:23.342Z,0.076597267933,45,4,2026-09-15 14:48:23.342,1870.695555555556
Pulse experiments,pioreactor01,2026-09-15T09:03:28.350Z,0.003475636537,90,2,2026-09-15 14:48:28.350,1870.696944444444
Pulse experiments,pioreactor01,2026-09-15T09:03:28.350Z,0.111906951748,135,3,2026-09-15 14:48:28.350,1870.696944444444
Pulse experiments,pioreactor01,2026-09-15T09:03:28.350Z,0.091244778911,45,4,2026-09-15 14:48:28.350,1870.696944444444
Pulse experiments,pioreactor01,2026-09-15T09:03:33.338Z,0.003511533563,90,2,2026-09-15 14:48:33.338,1870.698333333333
Pulse experiments,pioreactor01,2026-09-15T09:03:33.338Z,0.087861493728,135,3,2026-09-15 14:48:33.338,1870.698333333333
Pulse experiments,pioreactor01,2026-09-15T09:03:33.338Z,0.096918313774,45,4,2026-09-15 14:48:33.338,1870.698333333333
Pulse experiments,pioreactor01,2026-09-15T09:03:38.369Z,0.003521436891,90,2,2026-09-15 14:48:38.369,1870.699722222222
Pulse experiments,pioreactor01,2026-09-15T09:03:38.369Z,0.078547056345,135,3,2026-09-15 14:48:38.369,1870.699722222222
Pulse experiments,pioreactor01,2026-09-15T09:03:38.369Z,0.099100524051,45,4,2026-09-15 14:48:38.369,1870.699722222222
Pulse experiments,pioreactor01,2026-09-15T09:03:43.336Z,0.003502957784,90,2,2026-09-15 14:48:43.336,1870.701111111111
Pulse experiments,pioreactor01,2026-09-15T09:03:43.336Z,0.075213587919,135,3,2026-09-15 14:48:43.336,1870.701111111111
Pulse experiments,pioreactor01,2026-09-15T09:03:43.336Z,0.100446698021,45,4,2026-09-15 14:48:43.336,1870.701111111111
Pulse experiments,pioreactor01,2026-09-15T09:03:48.341Z,0.002944947813,90,2,2026-09-15 14:48:48.341,1870.7025
Pulse experiments,pioreactor01,2026-09-15T09:03:48.341Z,0.183882509097,135,3,2026-09-15 14:48:48.341,1870.7025
Pulse experiments,pioreactor01,2026-09-15T09:03:48.341Z,0.054170649039,45,4,2026-09-15 14:48:48.341,1870.7025
Pulse experiments,pioreactor01,2026-09-15T09:03:53.340Z,0.00421546414,90,2,2026-09-15 14:48:53.340,1870.703888888889
Pulse experiments,pioreactor01,2026-09-15T09:03:53.340Z,0.225246330745,135,3,2026-09-15 14:48:53.340,1870.703888888889
Pulse experiments,pioreactor01,2026-09-15T09:03:53.340Z,0.042283617645,45,4,2026-09-15 14:48:53.340,1870.703888888889
Pulse experiments,pioreactor01,2026-09-15T09:03:58.353Z,0.005208857912,90,2,2026-09-15 14:48:58.353,1870.705277777778
Pulse experiments,pioreactor01,2026-09-15T09:03:58.353Z,0.27241278777,135,3,2026-09-15 14:48:58.353,1870.705277777778
Pulse experiments,pioreactor01,2026-09-15T09:03:58.353Z,0.047849825809,45,4,2026-09-15 14:48:58.353,1870.705277777778
Pulse experiments,pioreactor01,2026-09-15T09:04:03.346Z,0.005404553644,90,2,2026-09-15 14:49:03.346,1870.706666666667
Pulse experiments,pioreactor01,2026-09-15T09:04:03.346Z,0.288418407278,135,3,2026-09-15 14:49:03.346,1870.706666666667
Pulse experiments,pioreactor01,2026-09-15T09:04:03.346Z,0.040795292727,45,4,2026-09-15 14:49:03.346,1870.706666666667
Pulse experiments,pioreactor01,2026-09-15T09:04:08.335Z,0.004987315121,90,2,2026-09-15 14:49:08.335,1870.708055555556
Pulse experiments,pioreactor01,2026-09-15T09:04:08.335Z,0.294180170029,135,3,2026-09-15 14:49:08.335,1870.708055555556
Pulse experiments,pioreactor01,2026-09-15T09:04:08.335Z,0.036569935996,45,4,2026-09-15 14:49:08.335,1870.708055555556
Pulse experiments,pioreactor01,2026-09-15T09:04:13.340Z,0.005574608265,90,2,2026-09-15 14:49:13.340,1870.709444444444
Pulse experiments,pioreactor01,2026-09-15T09:04:13.340Z,0.297144409862,135,3,2026-09-15 14:49:13.340,1870.709444444444
Pulse experiments,pioreactor01,2026-09-15T09:04:13.340Z,0.037192285615,45,4,2026-09-15 14:49:13.340,1870.709444444444
Pulse experiments,pioreactor01,2026-09-15T09:04:18.353Z,0.005254065402,90,2,2026-09-15 14:49:18.353,1870.710833333333
Pulse experiments,pioreactor01,2026-09-15T09:04:18.353Z,0.296923863588,135,3,2026-09-15 14:49:18.353,1870.710833333333
Pulse experiments,pioreactor01,2026-09-15T09:04:18.353Z,0.034048442132,45,4,2026-09-15 14:49:18.353,1870.710833333333
Pulse experiments,pioreactor01,2026-09-15T09:04:23.348Z,0.004124189318,90,2,2026-09-15 14:49:23.348,1870.712222222222
Pulse experiments,pioreactor01,2026-09-15T09:04:23.348Z,0.293230539769,135,3,2026-09-15 14:49:23.348,1870.712222222222
Pulse experiments,pioreactor01,2026-09-15T09:04:23.348Z,0.029383145936,45,4,2026-09-15 14:49:23.348,1870.712222222222
Pulse experiments,pioreactor01,2026-09-15T09:04:28.348Z,0.00425155443,90,2,2026-09-15 14:49:28.348,1870.713611111111
Pulse experiments,pioreactor01,2026-09-15T09:04:28.348Z,0.292627909036,135,3,2026-09-15 14:49:28.348,1870.713611111111
Pulse experiments,pioreactor01,2026-09-15T09:04:28.348Z,0.03001960567,45,4,2026-09-15 14:49:28.348,1870.713611111111
Pulse experiments,pioreactor01,2026-09-15T09:04:33.337Z,0.003824750661,90,2,2026-09-15 14:49:33.337,1870.715
Pulse experiments,pioreactor01,2026-09-15T09:04:33.337Z,0.291932561641,135,3,2026-09-15 14:49:33.337,1870.715
Pulse experiments,pioreactor01,2026-09-15T09:04:33.337Z,0.0286221258,45,4,2026-09-15 14:49:33.337,1870.715
Pulse experiments,pioreactor01,2026-09-15T09:04:38.347Z,0.003451828621,90,2,2026-09-15 14:49:38.347,1870.716388888889
Pulse experiments,pioreactor01,2026-09-15T09:04:38.347Z,0.290797777489,135,3,2026-09-15 14:49:38.347,1870.716388888889
Pulse experiments,pioreactor01,2026-09-15T09:04:38.347Z,0.026136323561,45,4,2026-09-15 14:49:38.347,1870.716388888889
Pulse experiments,pioreactor01,2026-09-15T09:04:43.347Z,0.003232185869,90,2,2026-09-15 14:49:43.347,1870.717777777778
Pulse experiments,pioreactor01,2026-09-15T09:04:43.347Z,0.289796477833,135,3,2026-09-15 14:49:43.347,1870.717777777778
Pulse experiments,pioreactor01,2026-09-15T09:04:43.347Z,0.02564324245,45,4,2026-09-15 14:49:43.347,1870.717777777778
Pulse experiments,pioreactor01,2026-09-15T09:04:48.337Z,0.002892781771,90,2,2026-09-15 14:49:48.337,1870.719166666667
Pulse experiments,pioreactor01,2026-09-15T09:04:48.337Z,0.28868332219,135,3,2026-09-15 14:49:48.337,1870.719166666667
Pulse experiments,pioreactor01,2026-09-15T09:04:48.337Z,0.023850284372,45,4,2026-09-15 14:49:48.337,1870.719166666667
Pulse experiments,pioreactor01,2026-09-15T09:04:53.347Z,0.002890115623,90,2,2026-09-15 14:49:53.347,1870.720555555556
Pulse experiments,pioreactor01,2026-09-15T09:04:53.347Z,0.288342040023,135,3,2026-09-15 14:49:53.347,1870.720555555556
Pulse experiments,pioreactor01,2026-09-15T09:04:53.347Z,0.023899616213,45,4,2026-09-15 14:49:53.347,1870.720555555556
Pulse experiments,pioreactor01,2026-09-15T09:04:58.404Z,0.002800978282,90,2,2026-09-15 14:49:58.404,1870.721944444444
Pulse experiments,pioreactor01,2026-09-15T09:04:58.404Z,0.287386829456,135,3,2026-09-15 14:49:58.404,1870.721944444444
Pulse experiments,pioreactor01,2026-09-15T09:04:58.404Z,0.02369986094,45,4,2026-09-15 14:49:58.404,1870.721944444444
Pulse experiments,pioreactor01,2026-09-15T09:05:03.339Z,0.002794264217,90,2,2026-09-15 14:50:03.339,1870.723333333333
Pulse experiments,pioreactor01,2026-09-15T09:05:03.339Z,0.287631904329,135,3,2026-09-15 14:50:03.339,1870.723333333333
Pulse experiments,pioreactor01,2026-09-15T09:05:03.339Z,0.023492270483,45,4,2026-09-15 14:50:03.339,1870.723333333333
Pulse experiments,pioreactor01,2026-09-15T09:05:08.343Z,0.002819965228,90,2,2026-09-15 14:50:08.343,1870.724722222222
Pulse experiments,pioreactor01,2026-09-15T09:05:08.343Z,0.288149814085,135,3,2026-09-15 14:50:08.343,1870.724722222222
Pulse experiments,pioreactor01,2026-09-15T09:05:08.343Z,0.023704357533,45,4,2026-09-15 14:50:08.343,1870.724722222222
Pulse experiments,pioreactor01,2026-09-15T09:05:13.352Z,0.003068169154,90,2,2026-09-15 14:50:13.352,1870.726111111111
Pulse experiments,pioreactor01,2026-09-15T09:05:13.352Z,0.288366289506,135,3,2026-09-15 14:50:13.352,1870.726111111111
Pulse experiments,pioreactor01,2026-09-15T09:05:13.352Z,0.024527225311,45,4,2026-09-15 14:50:13.352,1870.726111111111
Pulse experiments,pioreactor01,2026-09-15T09:05:18.362Z,0.003049088542,90,2,2026-09-15 14:50:18.362,1870.7275
Pulse experiments,pioreactor01,2026-09-15T09:05:18.362Z,0.288691721792,135,3,2026-09-15 14:50:18.362,1870.7275
Pulse experiments,pioreactor01,2026-09-15T09:05:18.362Z,0.024288983377,45,4,2026-09-15 14:50:18.362,1870.7275
Pulse experiments,pioreactor01,2026-09-15T09:05:23.345Z,0.003712755873,90,2,2026-09-15 14:50:23.345,1870.728888888889
Pulse experiments,pioreactor01,2026-09-15T09:05:23.345Z,0.290513499355,135,3,2026-09-15 14:50:23.345,1870.728888888889
Pulse experiments,pioreactor01,2026-09-15T09:05:23.345Z,0.027059018348,45,4,2026-09-15 14:50:23.345,1870.728888888889
Pulse experiments,pioreactor01,2026-09-15T09:05:28.387Z,0.003666589114,90,2,2026-09-15 14:50:28.387,1870.730277777778
Pulse experiments,pioreactor01,2026-09-15T09:05:28.387Z,0.290404615023,135,3,2026-09-15 14:50:28.387,1870.730277777778
Pulse experiments,pioreactor01,2026-09-15T09:05:28.387Z,0.027051646149,45,4,2026-09-15 14:50:28.387,1870.730277777778
Pulse experiments,pioreactor01,2026-09-15T09:05:33.346Z,0.003259419222,90,2,2026-09-15 14:50:33.346,1870.731666666667
Pulse experiments,pioreactor01,2026-09-15T09:05:33.346Z,0.288963983771,135,3,2026-09-15 14:50:33.346,1870.731666666667
Pulse experiments,pioreactor01,2026-09-15T09:05:33.346Z,0.025242151317,45,4,2026-09-15 14:50:33.346,1870.731666666667
Pulse experiments,pioreactor01,2026-09-15T09:05:38.354Z,0.002970904728,90,2,2026-09-15 14:50:38.354,1870.733055555556
Pulse experiments,pioreactor01,2026-09-15T09:05:38.354Z,0.288211923213,135,3,2026-09-15 14:50:38.354,1870.733055555556
Pulse experiments,pioreactor01,2026-09-15T09:05:38.354Z,0.023835002163,45,4,2026-09-15 14:50:38.354,1870.733055555556
Pulse experiments,pioreactor01,2026-09-15T09:05:43.348Z,0.003196583066,90,2,2026-09-15 14:50:43.348,1870.734444444445
Pulse experiments,pioreactor01,2026-09-15T09:05:43.348Z,0.288598637359,135,3,2026-09-15 14:50:43.348,1870.734444444445
Pulse experiments,pioreactor01,2026-09-15T09:05:43.348Z,0.024803798995,45,4,2026-09-15 14:50:43.348,1870.734444444445
Pulse experiments,pioreactor01,2026-09-15T09:05:48.343Z,0.00321710616,90,2,2026-09-15 14:50:48.343,1870.735833333333
Pulse experiments,pioreactor01,2026-09-15T09:05:48.343Z,0.288081678919,135,3,2026-09-15 14:50:48.343,1870.735833333333
Pulse experiments,pioreactor01,2026-09-15T09:05:48.343Z,0.026181740015,45,4,2026-09-15 14:50:48.343,1870.735833333333
Pulse experiments,pioreactor01,2026-09-15T09:05:53.347Z,0.002784200306,90,2,2026-09-15 14:50:53.347,1870.737222222222
Pulse experiments,pioreactor01,2026-09-15T09:05:53.347Z,0.287241437152,135,3,2026-09-15 14:50:53.347,1870.737222222222
Pulse experiments,pioreactor01,2026-09-15T09:05:53.347Z,0.02409442468,45,4,2026-09-15 14:50:53.347,1870.737222222222
Pulse experiments,pioreactor01,2026-09-15T09:05:58.353Z,0.002579239136,90,2,2026-09-15 14:50:58.353,1870.738611111111
Pulse experiments,pioreactor01,2026-09-15T09:05:58.353Z,0.287019631014,135,3,2026-09-15 14:50:58.353,1870.738611111111
Pulse experiments,pioreactor01,2026-09-15T09:05:58.353Z,0.022421495094,45,4,2026-09-15 14:50:58.353,1870.738611111111
Pulse experiments,pioreactor01,2026-09-15T09:06:03.341Z,0.002984534243,90,2,2026-09-15 14:51:03.341,1870.74
Pulse experiments,pioreactor01,2026-09-15T09:06:03.341Z,0.287155355635,135,3,2026-09-15 14:51:03.341,1870.74
Pulse experiments,pioreactor01,2026-09-15T09:06:03.341Z,0.024301464984,45,4,2026-09-15 14:51:03.341,1870.74
Pulse experiments,pioreactor01,2026-09-15T09:06:08.359Z,0.002869739606,90,2,2026-09-15 14:51:08.359,1870.741388888889
Pulse experiments,pioreactor01,2026-09-15T09:06:08.359Z,0.28677002207,135,3,2026-09-15 14:51:08.359,1870.741388888889
Pulse experiments,pioreactor01,2026-09-15T09:06:08.359Z,0.024522111996,45,4,2026-09-15 14:51:08.359,1870.741388888889
Pulse experiments,pioreactor01,2026-09-15T09:06:13.355Z,0.002471171909,90,2,2026-09-15 14:51:13.355,1870.742777777778
Pulse experiments,pioreactor01,2026-09-15T09:06:13.355Z,0.286629480951,135,3,2026-09-15 14:51:13.355,1870.742777777778
Pulse experiments,pioreactor01,2026-09-15T09:06:13.355Z,0.022338435825,45,4,2026-09-15 14:51:13.355,1870.742777777778
Pulse experiments,pioreactor01,2026-09-15T09:06:18.347Z,0.002306132651,90,2,2026-09-15 14:51:18.347,1870.744166666667
Pulse experiments,pioreactor01,2026-09-15T09:06:18.347Z,0.286142161723,135,3,2026-09-15 14:51:18.347,1870.744166666667
Pulse experiments,pioreactor01,2026-09-15T09:06:18.347Z,0.021653414209,45,4,2026-09-15 14:51:18.347,1870.744166666667
Pulse experiments,pioreactor01,2026-09-15T09:06:23.363Z,0.0022598989,90,2,2026-09-15 14:51:23.363,1870.745555555555
Pulse experiments,pioreactor01,2026-09-15T09:06:23.363Z,0.285691953672,135,3,2026-09-15 14:51:23.363,1870.745555555555
Pulse experiments,pioreactor01,2026-09-15T09:06:23.363Z,0.021166066504,45,4,2026-09-15 14:51:23.363,1870.745555555555
Pulse experiments,pioreactor01,2026-09-15T09:06:28.365Z,0.002399703997,90,2,2026-09-15 14:51:28.365,1870.746944444444
Pulse experiments,pioreactor01,2026-09-15T09:06:28.365Z,0.285375750754,135,3,2026-09-15 14:51:28.365,1870.746944444444
Pulse experiments,pioreactor01,2026-09-15T09:06:28.365Z,0.022143874246,45,4,2026-09-15 14:51:28.365,1870.746944444444
Pulse experiments,pioreactor01,2026-09-15T09:06:33.353Z,0.002304210296,90,2,2026-09-15 14:51:33.353,1870.748333333333
Pulse experiments,pioreactor01,2026-09-15T09:06:33.353Z,0.285378003115,135,3,2026-09-15 14:51:33.353,1870.748333333333
Pulse experiments,pioreactor01,2026-09-15T09:06:33.353Z,0.021489588629,45,4,2026-09-15 14:51:33.353,1870.748333333333
Pulse experiments,pioreactor01,2026-09-15T09:09:34.574Z,0.001931280648,90,2,2026-09-15 14:54:34.574,1870.798611111111
Pulse experiments,pioreactor01,2026-09-15T09:09:34.574Z,0.284921784229,135,3,2026-09-15 14:54:34.574,1870.798611111111
Pulse experiments,pioreactor01,2026-09-15T09:09:34.574Z,0.020639922367,45,4,2026-09-15 14:54:34.574,1870.798611111111
Pulse experiments,pioreactor01,2026-09-15T09:09:39.485Z,0.002123177897,90,2,2026-09-15 14:54:39.485,1870.8
Pulse experiments,pioreactor01,2026-09-15T09:09:39.485Z,0.285850801443,135,3,2026-09-15 14:54:39.485,1870.8
Pulse experiments,pioreactor01,2026-09-15T09:09:39.485Z,0.021492281539,45,4,2026-09-15 14:54:39.485,1870.8
Pulse experiments,pioreactor01,2026-09-15T09:09:44.472Z,0.002007366938,90,2,2026-09-15 14:54:44.472,1870.801388888889
Pulse experiments,pioreactor01,2026-09-15T09:09:44.472Z,0.286453434334,135,3,2026-09-15 14:54:44.472,1870.801388888889
Pulse experiments,pioreactor01,2026-09-15T09:09:44.472Z,0.020597901053,45,4,2026-09-15 14:54:44.472,1870.801388888889
Pulse experiments,pioreactor01,2026-09-15T09:09:49.469Z,0.00200030756,90,2,2026-09-15 14:54:49.469,1870.802777777778
Pulse experiments,pioreactor01,2026-09-15T09:09:49.469Z,0.286360894301,135,3,2026-09-15 14:54:49.469,1870.802777777778
Pulse experiments,pioreactor01,2026-09-15T09:09:49.469Z,0.02036553597,45,4,2026-09-15 14:54:49.469,1870.802777777778
Pulse experiments,pioreactor01,2026-09-15T09:09:54.474Z,0.002043703878,90,2,2026-09-15 14:54:54.474,1870.804166666667
Pulse experiments,pioreactor01,2026-09-15T09:09:54.474Z,0.285941246467,135,3,2026-09-15 14:54:54.474,1870.804166666667
Pulse experiments,pioreactor01,2026-09-15T09:09:54.474Z,0.020628304723,45,4,2026-09-15 14:54:54.474,1870.804166666667
Pulse experiments,pioreactor01,2026-09-15T09:09:59.470Z,0.002027815531,90,2,2026-09-15 14:54:59.470,1870.805555555556
Pulse experiments,pioreactor01,2026-09-15T09:09:59.470Z,0.285619769928,135,3,2026-09-15 14:54:59.470,1870.805555555556
Pulse experiments,pioreactor01,2026-09-15T09:09:59.470Z,0.020354148731,45,4,2026-09-15 14:54:59.470,1870.805555555556
Pulse experiments,pioreactor01,2026-09-15T09:10:04.483Z,0.001984600659,90,2,2026-09-15 14:55:04.483,1870.806944444445
Pulse experiments,pioreactor01,2026-09-15T09:10:04.483Z,0.285208894334,135,3,2026-09-15 14:55:04.483,1870.806944444445
Pulse experiments,pioreactor01,2026-09-15T09:10:04.483Z,0.020111689889,45,4,2026-09-15 14:55:04.483,1870.806944444445
Pulse experiments,pioreactor01,2026-09-15T09:10:09.481Z,0.002115237181,90,2,2026-09-15 14:55:09.481,1870.808333333333
Pulse experiments,pioreactor01,2026-09-15T09:10:09.481Z,0.285600370737,135,3,2026-09-15 14:55:09.481,1870.808333333333
Pulse experiments,pioreactor01,2026-09-15T09:10:09.481Z,0.020572612897,45,4,2026-09-15 14:55:09.481,1870.808333333333
Pulse experiments,pioreactor01,2026-09-15T09:10:14.480Z,0.002050252714,90,2,2026-09-15 14:55:14.480,1870.809722222222
Pulse experiments,pioreactor01,2026-09-15T09:10:14.480Z,0.285615198542,135,3,2026-09-15 14:55:14.480,1870.809722222222
Pulse experiments,pioreactor01,2026-09-15T09:10:14.480Z,0.020279879573,45,4,2026-09-15 14:55:14.480,1870.809722222222
Pulse experiments,pioreactor01,2026-09-15T09:10:19.480Z,0.002068537769,90,2,2026-09-15 14:55:19.480,1870.811111111111
Pulse experiments,pioreactor01,2026-09-15T09:10:19.480Z,0.285929365437,135,3,2026-09-15 14:55:19.480,1870.811111111111
Pulse experiments,pioreactor01,2026-09-15T09:10:19.480Z,0.020162173085,45,4,2026-09-15 14:55:19.480,1870.811111111111
Pulse experiments,pioreactor01,2026-09-15T09:10:24.496Z,0.002030681453,90,2,2026-09-15 14:55:24.496,1870.8125
Pulse experiments,pioreactor01,2026-09-15T09:10:24.496Z,0.285785322997,135,3,2026-09-15 14:55:24.496,1870.8125
Pulse experiments,pioreactor01,2026-09-15T09:10:24.496Z,0.019767820487,45,4,2026-09-15 14:55:24.496,1870.8125
Pulse experiments,pioreactor01,2026-09-15T09:10:29.485Z,0.002325005034,90,2,2026-09-15 14:55:29.485,1870.813888888889
Pulse experiments,pioreactor01,2026-09-15T09:10:29.485Z,0.285376329308,135,3,2026-09-15 14:55:29.485,1870.813888888889
Pulse experiments,pioreactor01,2026-09-15T09:10:29.485Z,0.02211738912,45,4,2026-09-15 14:55:29.485,1870.813888888889
Pulse experiments,pioreactor01,2026-09-15T09:10:34.482Z,0.002239060507,90,2,2026-09-15 14:55:34.482,1870.815277777778
Pulse experiments,pioreactor01,2026-09-15T09:10:34.482Z,0.28537426325,135,3,2026-09-15 14:55:34.482,1870.815277777778
Pulse experiments,pioreactor01,2026-09-15T09:10:34.482Z,0.021530784095,45,4,2026-09-15 14:55:34.482,1870.815277777778
Pulse experiments,pioreactor01,2026-09-15T09:10:39.480Z,0.002160017735,90,2,2026-09-15 14:55:39.480,1870.816666666667
Pulse experiments,pioreactor01,2026-09-15T09:10:39.480Z,0.285330184903,135,3,2026-09-15 14:55:39.480,1870.816666666667
Pulse experiments,pioreactor01,2026-09-15T09:10:39.480Z,0.021120417982,45,4,2026-09-15 14:55:39.480,1870.816666666667
Pulse experiments,pioreactor01,2026-09-15T09:10:44.485Z,0.002180991487,90,2,2026-09-15 14:55:44.485,1870.818055555555
Pulse experiments,pioreactor01,2026-09-15T09:10:44.485Z,0.28506221578,135,3,2026-09-15 14:55:44.485,1870.818055555555
Pulse experiments,pioreactor01,2026-09-15T09:10:44.485Z,0.021261844794,45,4,2026-09-15 14:55:44.485,1870.818055555555
Pulse experiments,pioreactor01,2026-09-15T09:10:49.484Z,0.00207650614,90,2,2026-09-15 14:55:49.484,1870.819444444444
Pulse experiments,pioreactor01,2026-09-15T09:10:49.484Z,0.284857227917,135,3,2026-09-15 14:55:49.484,1870.819444444444
Pulse experiments,pioreactor01,2026-09-15T09:10:49.484Z,0.020859322683,45,4,2026-09-15 14:55:49.484,1870.819444444444
Pulse experiments,pioreactor01,2026-09-15T09:10:54.481Z,0.002153306208,90,2,2026-09-15 14:55:54.481,1870.820833333333
Pulse experiments,pioreactor01,2026-09-15T09:10:54.481Z,0.285120700797,135,3,2026-09-15 14:55:54.481,1870.820833333333
Pulse experiments,pioreactor01,2026-09-15T09:10:54.481Z,0.021932377098,45,4,2026-09-15 14:55:54.481,1870.820833333333
Pulse experiments,pioreactor01,2026-09-15T09:10:59.483Z,0.002091322376,90,2,2026-09-15 14:55:59.483,1870.822222222222
Pulse experiments,pioreactor01,2026-09-15T09:10:59.483Z,0.284876286211,135,3,2026-09-15 14:55:59.483,1870.822222222222
Pulse experiments,pioreactor01,2026-09-15T09:10:59.483Z,0.021205431282,45,4,2026-09-15 14:55:59.483,1870.822222222222
Pulse experiments,pioreactor01,2026-09-15T09:11:04.487Z,0.002210154394,90,2,2026-09-15 14:56:04.487,1870.823611111111
Pulse experiments,pioreactor01,2026-09-15T09:11:04.487Z,0.284797055847,135,3,2026-09-15 14:56:04.487,1870.823611111111
Pulse experiments,pioreactor01,2026-09-15T09:11:04.487Z,0.021643877312,45,4,2026-09-15 14:56:04.487,1870.823611111111
Pulse experiments,pioreactor01,2026-09-15T09:11:09.484Z,0.002105504733,90,2,2026-09-15 14:56:09.484,1870.825
Pulse experiments,pioreactor01,2026-09-15T09:11:09.484Z,0.284886091941,135,3,2026-09-15 14:56:09.484,1870.825
Pulse experiments,pioreactor01,2026-09-15T09:11:09.484Z,0.021076271136,45,4,2026-09-15 14:56:09.484,1870.825
Pulse experiments,pioreactor01,2026-09-15T09:11:14.484Z,0.00207317534,90,2,2026-09-15 14:56:14.484,1870.826388888889
Pulse experiments,pioreactor01,2026-09-15T09:11:14.484Z,0.284484395669,135,3,2026-09-15 14:56:14.484,1870.826388888889
Pulse experiments,pioreactor01,2026-09-15T09:11:14.484Z,0.0213006721,45,4,2026-09-15 14:56:14.484,1870.826388888889
Pulse experiments,pioreactor01,2026-09-15T09:11:19.481Z,0.00221077462,90,2,2026-09-15 14:56:19.481,1870.827777777778
Pulse experiments,pioreactor01,2026-09-15T09:11:19.481Z,0.284647163707,135,3,2026-09-15 14:56:19.481,1870.827777777778
Pulse experiments,pioreactor01,2026-09-15T09:11:19.481Z,0.022114542817,45,4,2026-09-15 14:56:19.481,1870.827777777778
Pulse experiments,pioreactor01,2026-09-15T09:11:24.491Z,0.002101254331,90,2,2026-09-15 14:56:24.491,1870.829166666667
Pulse experiments,pioreactor01,2026-09-15T09:11:24.491Z,0.2845387238,135,3,2026-09-15 14:56:24.491,1870.829166666667
Pulse experiments,pioreactor01,2026-09-15T09:11:24.491Z,0.021662531893,45,4,2026-09-15 14:56:24.491,1870.829166666667
Pulse experiments,pioreactor01,2026-09-15T09:11:29.490Z,0.002067674038,90,2,2026-09-15 14:56:29.490,1870.830555555556
Pulse experiments,pioreactor01,2026-09-15T09:11:29.490Z,0.284317141591,135,3,2026-09-15 14:56:29.490,1870.830555555556
Pulse experiments,pioreactor01,2026-09-15T09:11:29.490Z,0.021369167026,45,4,2026-09-15 14:56:29.490,1870.830555555556
Pulse experiments,pioreactor01,2026-09-15T09:11:34.487Z,0.002056290606,90,2,2026-09-15 14:56:34.487,1870.831944444444
Pulse experiments,pioreactor01,2026-09-15T09:11:34.487Z,0.284400146681,135,3,2026-09-15 14:56:34.487,1870.831944444444
Pulse experiments,pioreactor01,2026-09-15T09:11:34.487Z,0.021191076164,45,4,2026-09-15 14:56:34.487,1870.831944444444
Pulse experiments,pioreactor01,2026-09-15T09:11:39.485Z,0.002032845823,90,2,2026-09-15 14:56:39.485,1870.833333333333
Pulse experiments,pioreactor01,2026-09-15T09:11:39.485Z,0.284076883469,135,3,2026-09-15 14:56:39.485,1870.833333333333
Pulse experiments,pioreactor01,2026-09-15T09:11:39.485Z,0.020973732114,45,4,2026-09-15 14:56:39.485,1870.833333333333
Pulse experiments,pioreactor01,2026-09-15T09:11:44.482Z,0.002075128351,90,2,2026-09-15 14:56:44.482,1870.834722222222
Pulse experiments,pioreactor01,2026-09-15T09:11:44.482Z,0.283847405038,135,3,2026-09-15 14:56:44.482,1870.834722222222
Pulse experiments,pioreactor01,2026-09-15T09:11:44.482Z,0.021053650792,45,4,2026-09-15 14:56:44.482,1870.834722222222
Pulse experiments,pioreactor01,2026-09-15T09:11:49.483Z,0.002365720255,90,2,2026-09-15 14:56:49.483,1870.836111111111
Pulse experiments,pioreactor01,2026-09-15T09:11:49.483Z,0.284097926693,135,3,2026-09-15 14:56:49.483,1870.836111111111
Pulse experiments,pioreactor01,2026-09-15T09:11:49.483Z,0.022848668446,45,4,2026-09-15 14:56:49.483,1870.836111111111
Pulse experiments,pioreactor01,2026-09-15T09:11:54.483Z,0.002207912885,90,2,2026-09-15 14:56:54.483,1870.8375
Pulse experiments,pioreactor01,2026-09-15T09:11:54.483Z,0.284236898116,135,3,2026-09-15 14:56:54.483,1870.8375
Pulse experiments,pioreactor01,2026-09-15T09:11:54.483Z,0.022453574823,45,4,2026-09-15 14:56:54.483,1870.8375
Pulse experiments,pioreactor01,2026-09-15T09:11:59.504Z,0.002118706406,90,2,2026-09-15 14:56:59.504,1870.838888888889
Pulse experiments,pioreactor01,2026-09-15T09:11:59.504Z,0.283933855988,135,3,2026-09-15 14:56:59.504,1870.838888888889
Pulse experiments,pioreactor01,2026-09-15T09:11:59.504Z,0.021716715203,45,4,2026-09-15 14:56:59.504,1870.838888888889
Pulse experiments,pioreactor01,2026-09-15T09:12:04.495Z,0.002188270245,90,2,2026-09-15 14:57:04.495,1870.840277777778
Pulse experiments,pioreactor01,2026-09-15T09:12:04.495Z,0.283479480743,135,3,2026-09-15 14:57:04.495,1870.840277777778
Pulse experiments,pioreactor01,2026-09-15T09:12:04.495Z,0.022320891325,45,4,2026-09-15 14:57:04.495,1870.840277777778
Pulse experiments,pioreactor01,2026-09-15T09:12:09.483Z,0.002061956391,90,2,2026-09-15 14:57:09.483,1870.841666666667
Pulse experiments,pioreactor01,2026-09-15T09:12:09.483Z,0.283034721619,135,3,2026-09-15 14:57:09.483,1870.841666666667
Pulse experiments,pioreactor01,2026-09-15T09:12:09.483Z,0.02182023518,45,4,2026-09-15 14:57:09.483,1870.841666666667
Pulse experiments,pioreactor01,2026-09-15T09:12:14.483Z,0.002063643378,90,2,2026-09-15 14:57:14.483,1870.843055555556
Pulse experiments,pioreactor01,2026-09-15T09:12:14.483Z,0.283365069653,135,3,2026-09-15 14:57:14.483,1870.843055555556
Pulse experiments,pioreactor01,2026-09-15T09:12:14.483Z,0.021738378795,45,4,2026-09-15 14:57:14.483,1870.843055555556
Pulse experiments,pioreactor01,2026-09-15T09:12:19.483Z,0.002062497957,90,2,2026-09-15 14:57:19.483,1870.844444444444
Pulse experiments,pioreactor01,2026-09-15T09:12:19.483Z,0.283695545481,135,3,2026-09-15 14:57:19.483,1870.844444444444
Pulse experiments,pioreactor01,2026-09-15T09:12:19.483Z,0.021764730336,45,4,2026-09-15 14:57:19.483,1870.844444444444
Pulse experiments,pioreactor01,2026-09-15T09:12:24.479Z,0.002304599138,90,2,2026-09-15 14:57:24.479,1870.845833333333
Pulse experiments,pioreactor01,2026-09-15T09:12:24.479Z,0.283415624759,135,3,2026-09-15 14:57:24.479,1870.845833333333
Pulse experiments,pioreactor01,2026-09-15T09:12:24.479Z,0.023574553159,45,4,2026-09-15 14:57:24.479,1870.845833333333
Pulse experiments,pioreactor01,2026-09-15T09:12:29.483Z,0.002352658723,90,2,2026-09-15 14:57:29.483,1870.847222222222
Pulse experiments,pioreactor01,2026-09-15T09:12:29.483Z,0.283584985744,135,3,2026-09-15 14:57:29.483,1870.847222222222
Pulse experiments,pioreactor01,2026-09-15T09:12:29.483Z,0.023903767595,45,4,2026-09-15 14:57:29.483,1870.847222222222
Pulse experiments,pioreactor01,2026-09-15T09:12:34.484Z,0.00225106442,90,2,2026-09-15 14:57:34.484,1870.848611111111
Pulse experiments,pioreactor01,2026-09-15T09:12:34.484Z,0.283149387146,135,3,2026-09-15 14:57:34.484,1870.848611111111
Pulse experiments,pioreactor01,2026-09-15T09:12:34.484Z,0.023726984319,45,4,2026-09-15 14:57:34.484,1870.848611111111
Pulse experiments,pioreactor01,2026-09-15T09:12:39.479Z,0.002097429576,90,2,2026-09-15 14:57:39.479,1870.85
Pulse experiments,pioreactor01,2026-09-15T09:12:39.479Z,0.283095932495,135,3,2026-09-15 14:57:39.479,1870.85
Pulse experiments,pioreactor01,2026-09-15T09:12:39.479Z,0.022531740748,45,4,2026-09-15 14:57:39.479,1870.85
Pulse experiments,pioreactor01,2026-09-15T09:12:44.483Z,0.002016260132,90,2,2026-09-15 14:57:44.483,1870.851388888889
Pulse experiments,pioreactor01,2026-09-15T09:12:44.483Z,0.282907084272,135,3,2026-09-15 14:57:44.483,1870.851388888889
Pulse experiments,pioreactor01,2026-09-15T09:12:44.483Z,0.021982881951,45,4,2026-09-15 14:57:44.483,1870.851388888889
Pulse experiments,pioreactor01,2026-09-15T09:12:49.482Z,0.002048196039,90,2,2026-09-15 14:57:49.482,1870.852777777778
Pulse experiments,pioreactor01,2026-09-15T09:12:49.482Z,0.283005235027,135,3,2026-09-15 14:57:49.482,1870.852777777778
Pulse experiments,pioreactor01,2026-09-15T09:12:49.482Z,0.021950422377,45,4,2026-09-15 14:57:49.482,1870.852777777778
Pulse experiments,pioreactor01,2026-09-15T09:12:54.482Z,0.002019943717,90,2,2026-09-15 14:57:54.482,1870.854166666667
Pulse experiments,pioreactor01,2026-09-15T09:12:54.482Z,0.282506724337,135,3,2026-09-15 14:57:54.482,1870.854166666667
Pulse experiments,pioreactor01,2026-09-15T09:12:54.482Z,0.021942723603,45,4,2026-09-15 14:57:54.482,1870.854166666667
Pulse experiments,pioreactor01,2026-09-15T09:12:59.497Z,0.002019005099,90,2,2026-09-15 14:57:59.497,1870.855555555556
Pulse experiments,pioreactor01,2026-09-15T09:12:59.497Z,0.28259212215,135,3,2026-09-15 14:57:59.497,1870.855555555556
Pulse experiments,pioreactor01,2026-09-15T09:12:59.497Z,0.021990695689,45,4,2026-09-15 14:57:59.497,1870.855555555556
Pulse experiments,pioreactor01,2026-09-15T09:13:04.486Z,0.002207505697,90,2,2026-09-15 14:58:04.486,1870.856944444444
Pulse experiments,pioreactor01,2026-09-15T09:13:04.486Z,0.282689309593,135,3,2026-09-15 14:58:04.486,1870.856944444444
Pulse experiments,pioreactor01,2026-09-15T09:13:04.486Z,0.023514285178,45,4,2026-09-15 14:58:04.486,1870.856944444444
Pulse experiments,pioreactor01,2026-09-15T09:13:09.493Z,0.002179442767,90,2,2026-09-15 14:58:09.493,1870.858333333333
Pulse experiments,pioreactor01,2026-09-15T09:13:09.493Z,0.282879775886,135,3,2026-09-15 14:58:09.493,1870.858333333333
Pulse experiments,pioreactor01,2026-09-15T09:13:09.493Z,0.023217086814,45,4,2026-09-15 14:58:09.493,1870.858333333333
Pulse experiments,pioreactor01,2026-09-15T09:13:14.491Z,0.002134127159,90,2,2026-09-15 14:58:14.491,1870.859722222222
Pulse experiments,pioreactor01,2026-09-15T09:13:14.491Z,0.28255705528,135,3,2026-09-15 14:58:14.491,1870.859722222222
Pulse experiments,pioreactor01,2026-09-15T09:13:14.491Z,0.022943870766,45,4,2026-09-15 14:58:14.491,1870.859722222222
Pulse experiments,pioreactor01,2026-09-15T09:13:19.483Z,0.002074837253,90,2,2026-09-15 14:58:19.483,1870.861111111111
Pulse experiments,pioreactor01,2026-09-15T09:13:19.483Z,0.282835112544,135,3,2026-09-15 14:58:19.483,1870.861111111111
Pulse experiments,pioreactor01,2026-09-15T09:13:19.483Z,0.022390706358,45,4,2026-09-15 14:58:19.483,1870.861111111111
Pulse experiments,pioreactor01,2026-09-15T09:13:24.489Z,0.002299497064,90,2,2026-09-15 14:58:24.489,1870.8625
Pulse experiments,pioreactor01,2026-09-15T09:13:24.489Z,0.282887247981,135,3,2026-09-15 14:58:24.489,1870.8625
Pulse experiments,pioreactor01,2026-09-15T09:13:24.489Z,0.024886366015,45,4,2026-09-15 14:58:24.489,1870.8625
Pulse experiments,pioreactor01,2026-09-15T09:13:29.480Z,0.002146776343,90,2,2026-09-15 14:58:29.480,1870.863888888889
Pulse experiments,pioreactor01,2026-09-15T09:13:29.480Z,0.282387212873,135,3,2026-09-15 14:58:29.480,1870.863888888889
Pulse experiments,pioreactor01,2026-09-15T09:13:29.480Z,0.023427848643,45,4,2026-09-15 14:58:29.480,1870.863888888889
Pulse experiments,pioreactor01,2026-09-15T09:13:34.487Z,0.002113914803,90,2,2026-09-15 14:58:34.487,1870.865277777778
Pulse experiments,pioreactor01,2026-09-15T09:13:34.487Z,0.282817287715,135,3,2026-09-15 14:58:34.487,1870.865277777778
Pulse experiments,pioreactor01,2026-09-15T09:13:34.487Z,0.022803812894,45,4,2026-09-15 14:58:34.487,1870.865277777778
Pulse experiments,pioreactor01,2026-09-15T09:13:39.487Z,0.002050914557,90,2,2026-09-15 14:58:39.487,1870.866666666667
Pulse experiments,pioreactor01,2026-09-15T09:13:39.487Z,0.282787515622,135,3,2026-09-15 14:58:39.487,1870.866666666667
Pulse experiments,pioreactor01,2026-09-15T09:13:39.487Z,0.022449007303,45,4,2026-09-15 14:58:39.487,1870.866666666667
Pulse experiments,pioreactor01,2026-09-15T09:13:44.483Z,0.002077062784,90,2,2026-09-15 14:58:44.483,1870.868055555556
Pulse experiments,pioreactor01,2026-09-15T09:13:44.483Z,0.282781523704,135,3,2026-09-15 14:58:44.483,1870.868055555556
Pulse experiments,pioreactor01,2026-09-15T09:13:44.483Z,0.022613682536,45,4,2026-09-15 14:58:44.483,1870.868055555556
Pulse experiments,pioreactor01,2026-09-15T09:13:49.494Z,0.002067523107,90,2,2026-09-15 14:58:49.494,1870.869444444445
Pulse experiments,pioreactor01,2026-09-15T09:13:49.494Z,0.282620888371,135,3,2026-09-15 14:58:49.494,1870.869444444445
Pulse experiments,pioreactor01,2026-09-15T09:13:49.494Z,0.022506974311,45,4,2026-09-15 14:58:49.494,1870.869444444445
Pulse experiments,pioreactor01,2026-09-15T09:13:54.483Z,0.002221432486,90,2,2026-09-15 14:58:54.483,1870.870833333333
Pulse experiments,pioreactor01,2026-09-15T09:13:54.483Z,0.28252201386,135,3,2026-09-15 14:58:54.483,1870.870833333333
Pulse experiments,pioreactor01,2026-09-15T09:13:54.483Z,0.023757440744,45,4,2026-09-15 14:58:54.483,1870.870833333333
Pulse experiments,pioreactor01,2026-09-15T09:13:59.482Z,0.002230980761,90,2,2026-09-15 14:58:59.482,1870.872222222222
Pulse experiments,pioreactor01,2026-09-15T09:13:59.482Z,0.282152636096,135,3,2026-09-15 14:58:59.482,1870.872222222222
Pulse experiments,pioreactor01,2026-09-15T09:13:59.482Z,0.02406498453,45,4,2026-09-15 14:58:59.482,1870.872222222222
Pulse experiments,pioreactor01,2026-09-15T09:14:04.483Z,0.002598590272,90,2,2026-09-15 14:59:04.483,1870.873611111111
Pulse experiments,pioreactor01,2026-09-15T09:14:04.483Z,0.281973559375,135,3,2026-09-15 14:59:04.483,1870.873611111111
Pulse experiments,pioreactor01,2026-09-15T09:14:04.483Z,0.026512237841,45,4,2026-09-15 14:59:04.483,1870.873611111111
Pulse experiments,pioreactor01,2026-09-15T09:14:09.487Z,0.002348301889,90,2,2026-09-15 14:59:09.487,1870.875
Pulse experiments,pioreactor01,2026-09-15T09:14:09.487Z,0.282039822516,135,3,2026-09-15 14:59:09.487,1870.875
Pulse experiments,pioreactor01,2026-09-15T09:14:09.487Z,0.024811957687,45,4,2026-09-15 14:59:09.487,1870.875
Pulse experiments,pioreactor01,2026-09-15T09:14:14.483Z,0.002375075204,90,2,2026-09-15 14:59:14.483,1870.876388888889
Pulse experiments,pioreactor01,2026-09-15T09:14:14.483Z,0.281202451523,135,3,2026-09-15 14:59:14.483,1870.876388888889
Pulse experiments,pioreactor01,2026-09-15T09:14:14.483Z,0.025164853502,45,4,2026-09-15 14:59:14.483,1870.876388888889
Pulse experiments,pioreactor01,2026-09-15T09:14:19.483Z,0.00232852012,90,2,2026-09-15 14:59:19.483,1870.877777777778
Pulse experiments,pioreactor01,2026-09-15T09:14:19.483Z,0.282283947596,135,3,2026-09-15 14:59:19.483,1870.877777777778
Pulse experiments,pioreactor01,2026-09-15T09:14:19.483Z,0.024447554909,45,4,2026-09-15 14:59:19.483,1870.877777777778
Pulse experiments,pioreactor01,2026-09-15T09:14:24.479Z,0.002249819434,90,2,2026-09-15 14:59:24.479,1870.879166666667
Pulse experiments,pioreactor01,2026-09-15T09:14:24.479Z,0.282376126655,135,3,2026-09-15 14:59:24.479,1870.879166666667
Pulse experiments,pioreactor01,2026-09-15T09:14:24.479Z,0.024047736111,45,4,2026-09-15 14:59:24.479,1870.879166666667
Pulse experiments,pioreactor01,2026-09-15T09:14:29.486Z,0.00222294679,90,2,2026-09-15 14:59:29.486,1870.880555555555
Pulse experiments,pioreactor01,2026-09-15T09:14:29.486Z,0.282826439179,135,3,2026-09-15 14:59:29.486,1870.880555555555
Pulse experiments,pioreactor01,2026-09-15T09:14:29.486Z,0.023610149002,45,4,2026-09-15 14:59:29.486,1870.880555555555
Pulse experiments,pioreactor01,2026-09-15T09:14:34.483Z,0.002443056624,90,2,2026-09-15 14:59:34.483,1870.881944444444
Pulse experiments,pioreactor01,2026-09-15T09:14:34.483Z,0.283205088204,135,3,2026-09-15 14:59:34.483,1870.881944444444
Pulse experiments,pioreactor01,2026-09-15T09:14:34.483Z,0.025170750938,45,4,2026-09-15 14:59:34.483,1870.881944444444
Pulse experiments,pioreactor01,2026-09-15T09:14:39.492Z,0.002274034243,90,2,2026-09-15 14:59:39.492,1870.883333333333
Pulse experiments,pioreactor01,2026-09-15T09:14:39.492Z,0.282374265628,135,3,2026-09-15 14:59:39.492,1870.883333333333
Pulse experiments,pioreactor01,2026-09-15T09:14:39.492Z,0.024290835797,45,4,2026-09-15 14:59:39.492,1870.883333333333
Pulse experiments,pioreactor01,2026-09-15T09:14:44.485Z,0.002221453127,90,2,2026-09-15 14:59:44.485,1870.884722222222
Pulse experiments,pioreactor01,2026-09-15T09:14:44.485Z,0.282282518429,135,3,2026-09-15 14:59:44.485,1870.884722222222
Pulse experiments,pioreactor01,2026-09-15T09:14:44.485Z,0.023586520492,45,4,2026-09-15 14:59:44.485,1870.884722222222
Pulse experiments,pioreactor01,2026-09-15T09:14:49.483Z,0.002205049846,90,2,2026-09-15 14:59:49.483,1870.886111111111
Pulse experiments,pioreactor01,2026-09-15T09:14:49.483Z,0.282211871819,135,3,2026-09-15 14:59:49.483,1870.886111111111
Pulse experiments,pioreactor01,2026-09-15T09:14:49.483Z,0.023532378411,45,4,2026-09-15 14:59:49.483,1870.886111111111
Pulse experiments,pioreactor01,2026-09-15T09:14:54.481Z,0.002306310039,90,2,2026-09-15 14:59:54.481,1870.8875
Pulse experiments,pioreactor01,2026-09-15T09:14:54.481Z,0.28256528603,135,3,2026-09-15 14:59:54.481,1870.8875
Pulse experiments,pioreactor01,2026-09-15T09:14:54.481Z,0.024657657011,45,4,2026-09-15 14:59:54.481,1870.8875
Pulse experiments,pioreactor01,2026-09-15T09:14:59.485Z,0.002166606557,90,2,2026-09-15 14:59:59.485,1870.888888888889
Pulse experiments,pioreactor01,2026-09-15T09:14:59.485Z,0.282438563355,135,3,2026-09-15 14:59:59.485,1870.888888888889
Pulse experiments,pioreactor01,2026-09-15T09:14:59.485Z,0.023361532175,45,4,2026-09-15 14:59:59.485,1870.888888888889
Pulse experiments,pioreactor01,2026-09-15T09:15:04.481Z,0.002185102632,90,2,2026-09-15 15:00:04.481,1870.890277777778
Pulse experiments,pioreactor01,2026-09-15T09:15:04.481Z,0.282433589238,135,3,2026-09-15 15:00:04.481,1870.890277777778
Pulse experiments,pioreactor01,2026-09-15T09:15:04.481Z,0.023358720608,45,4,2026-09-15 15:00:04.481,1870.890277777778
Pulse experiments,pioreactor01,2026-09-15T09:15:09.489Z,0.002157032658,90,2,2026-09-15 15:00:09.489,1870.891666666667
Pulse experiments,pioreactor01,2026-09-15T09:15:09.489Z,0.281505458151,135,3,2026-09-15 15:00:09.489,1870.891666666667
Pulse experiments,pioreactor01,2026-09-15T09:15:09.489Z,0.023236078458,45,4,2026-09-15 15:00:09.489,1870.891666666667
Pulse experiments,pioreactor01,2026-09-15T09:15:14.487Z,0.002194548236,90,2,2026-09-15 15:00:14.487,1870.893055555556
Pulse experiments,pioreactor01,2026-09-15T09:15:14.487Z,0.281795380029,135,3,2026-09-15 15:00:14.487,1870.893055555556
Pulse experiments,pioreactor01,2026-09-15T09:15:14.487Z,0.023664579016,45,4,2026-09-15 15:00:14.487,1870.893055555556
Pulse experiments,pioreactor01,2026-09-15T09:15:19.483Z,0.002184673597,90,2,2026-09-15 15:00:19.483,1870.894444444444
Pulse experiments,pioreactor01,2026-09-15T09:15:19.483Z,0.281502085959,135,3,2026-09-15 15:00:19.483,1870.894444444444
Pulse experiments,pioreactor01,2026-09-15T09:15:19.483Z,0.023888412195,45,4,2026-09-15 15:00:19.483,1870.894444444444
Pulse experiments,pioreactor01,2026-09-15T09:15:24.490Z,0.002287210039,90,2,2026-09-15 15:00:24.490,1870.895833333333
Pulse experiments,pioreactor01,2026-09-15T09:15:24.490Z,0.281362203959,135,3,2026-09-15 15:00:24.490,1870.895833333333
Pulse experiments,pioreactor01,2026-09-15T09:15:24.490Z,0.02495761102,45,4,2026-09-15 15:00:24.490,1870.895833333333
Pulse experiments,pioreactor01,2026-09-15T09:15:29.493Z,0.002311421424,90,2,2026-09-15 15:00:29.493,1870.897222222222
Pulse experiments,pioreactor01,2026-09-15T09:15:29.493Z,0.278433232237,135,3,2026-09-15 15:00:29.493,1870.897222222222
Pulse experiments,pioreactor01,2026-09-15T09:15:29.493Z,0.024766349425,45,4,2026-09-15 15:00:29.493,1870.897222222222
Pulse experiments,pioreactor01,2026-09-15T09:15:34.483Z,0.002307356477,90,2,2026-09-15 15:00:34.483,1870.898611111111
Pulse experiments,pioreactor01,2026-09-15T09:15:34.483Z,0.277875351503,135,3,2026-09-15 15:00:34.483,1870.898611111111
Pulse experiments,pioreactor01,2026-09-15T09:15:34.483Z,0.024790468573,45,4,2026-09-15 15:00:34.483,1870.898611111111
Pulse experiments,pioreactor01,2026-09-15T09:15:39.485Z,0.002500295374,90,2,2026-09-15 15:00:39.485,1870.9
Pulse experiments,pioreactor01,2026-09-15T09:15:39.485Z,0.276736700116,135,3,2026-09-15 15:00:39.485,1870.9
Pulse experiments,pioreactor01,2026-09-15T09:15:39.485Z,0.026319226431,45,4,2026-09-15 15:00:39.485,1870.9
Pulse experiments,pioreactor01,2026-09-15T09:15:44.484Z,0.00231866917,90,2,2026-09-15 15:00:44.484,1870.901388888889
Pulse experiments,pioreactor01,2026-09-15T09:15:44.484Z,0.276135551776,135,3,2026-09-15 15:00:44.484,1870.901388888889
Pulse experiments,pioreactor01,2026-09-15T09:15:44.484Z,0.025050470116,45,4,2026-09-15 15:00:44.484,1870.901388888889
Pulse experiments,pioreactor01,2026-09-15T09:15:49.515Z,0.002461522067,90,2,2026-09-15 15:00:49.515,1870.902777777778
Pulse experiments,pioreactor01,2026-09-15T09:15:49.515Z,0.275543705892,135,3,2026-09-15 15:00:49.515,1870.902777777778
Pulse experiments,pioreactor01,2026-09-15T09:15:49.515Z,0.026185813482,45,4,2026-09-15 15:00:49.515,1870.902777777778
Pulse experiments,pioreactor01,2026-09-15T09:15:54.492Z,0.002481285058,90,2,2026-09-15 15:00:54.492,1870.904166666667
Pulse experiments,pioreactor01,2026-09-15T09:15:54.492Z,0.276256245986,135,3,2026-09-15 15:00:54.492,1870.904166666667
Pulse experiments,pioreactor01,2026-09-15T09:15:54.492Z,0.026396155656,45,4,2026-09-15 15:00:54.492,1870.904166666667
Pulse experiments,pioreactor01,2026-09-15T09:15:59.488Z,0.002290030029,90,2,2026-09-15 15:00:59.488,1870.905555555556
Pulse experiments,pioreactor01,2026-09-15T09:15:59.488Z,0.276970831443,135,3,2026-09-15 15:00:59.488,1870.905555555556
Pulse experiments,pioreactor01,2026-09-15T09:15:59.488Z,0.024560633963,45,4,2026-09-15 15:00:59.488,1870.905555555556
Pulse experiments,pioreactor01,2026-09-15T09:16:04.489Z,0.002213735638,90,2,2026-09-15 15:01:04.489,1870.906944444444
Pulse experiments,pioreactor01,2026-09-15T09:16:04.489Z,0.279488953304,135,3,2026-09-15 15:01:04.489,1870.906944444444
Pulse experiments,pioreactor01,2026-09-15T09:16:04.489Z,0.024503894785,45,4,2026-09-15 15:01:04.489,1870.906944444444
Pulse experiments,pioreactor01,2026-09-15T09:16:09.492Z,0.00219507499,90,2,2026-09-15 15:01:09.492,1870.908333333333
Pulse experiments,pioreactor01,2026-09-15T09:16:09.492Z,0.280606665311,135,3,2026-09-15 15:01:09.492,1870.908333333333
Pulse experiments,pioreactor01,2026-09-15T09:16:09.492Z,0.024366678314,45,4,2026-09-15 15:01:09.492,1870.908333333333
Pulse experiments,pioreactor01,2026-09-15T09:16:14.498Z,0.002336502228,90,2,2026-09-15 15:01:14.498,1870.909722222222
Pulse experiments,pioreactor01,2026-09-15T09:16:14.498Z,0.281244988866,135,3,2026-09-15 15:01:14.498,1870.909722222222
Pulse experiments,pioreactor01,2026-09-15T09:16:14.498Z,0.026095666663,45,4,2026-09-15 15:01:14.498,1870.909722222222
Pulse experiments,pioreactor01,2026-09-15T09:16:19.496Z,0.00226909263,90,2,2026-09-15 15:01:19.496,1870.911111111111
Pulse experiments,pioreactor01,2026-09-15T09:16:19.496Z,0.281061025677,135,3,2026-09-15 15:01:19.496,1870.911111111111
Pulse experiments,pioreactor01,2026-09-15T09:16:19.496Z,0.02539731094,45,4,2026-09-15 15:01:19.496,1870.911111111111
Pulse experiments,pioreactor01,2026-09-15T09:16:24.511Z,0.002338059215,90,2,2026-09-15 15:01:24.511,1870.9125
Pulse experiments,pioreactor01,2026-09-15T09:16:24.511Z,0.280888274516,135,3,2026-09-15 15:01:24.511,1870.9125
Pulse experiments,pioreactor01,2026-09-15T09:16:24.511Z,0.025858454992,45,4,2026-09-15 15:01:24.511,1870.9125
Pulse experiments,pioreactor01,2026-09-15T09:16:29.487Z,0.002825603948,90,2,2026-09-15 15:01:29.487,1870.913888888889
Pulse experiments,pioreactor01,2026-09-15T09:16:29.487Z,0.281255774831,135,3,2026-09-15 15:01:29.487,1870.913888888889
Pulse experiments,pioreactor01,2026-09-15T09:16:29.487Z,0.028788445505,45,4,2026-09-15 15:01:29.487,1870.913888888889
Pulse experiments,pioreactor01,2026-09-15T09:16:34.493Z,0.002624910856,90,2,2026-09-15 15:01:34.493,1870.915277777778
Pulse experiments,pioreactor01,2026-09-15T09:16:34.493Z,0.281487714253,135,3,2026-09-15 15:01:34.493,1870.915277777778
Pulse experiments,pioreactor01,2026-09-15T09:16:34.493Z,0.028676209304,45,4,2026-09-15 15:01:34.493,1870.915277777778
Pulse experiments,pioreactor01,2026-09-15T09:16:39.488Z,0.002374365206,90,2,2026-09-15 15:01:39.488,1870.916666666667
Pulse experiments,pioreactor01,2026-09-15T09:16:39.488Z,0.28041727331,135,3,2026-09-15 15:01:39.488,1870.916666666667
Pulse experiments,pioreactor01,2026-09-15T09:16:39.488Z,0.026737930268,45,4,2026-09-15 15:01:39.488,1870.916666666667
Pulse experiments,pioreactor01,2026-09-15T09:16:44.485Z,0.002345190032,90,2,2026-09-15 15:01:44.485,1870.918055555556
Pulse experiments,pioreactor01,2026-09-15T09:16:44.485Z,0.280678540423,135,3,2026-09-15 15:01:44.485,1870.918055555556
Pulse experiments,pioreactor01,2026-09-15T09:16:44.485Z,0.026584005418,45,4,2026-09-15 15:01:44.485,1870.918055555556
Pulse experiments,pioreactor01,2026-09-15T09:16:49.484Z,0.002325406361,90,2,2026-09-15 15:01:49.484,1870.919444444444
Pulse experiments,pioreactor01,2026-09-15T09:16:49.484Z,0.280200213015,135,3,2026-09-15 15:01:49.484,1870.919444444444
Pulse experiments,pioreactor01,2026-09-15T09:16:49.484Z,0.026235149357,45,4,2026-09-15 15:01:49.484,1870.919444444444
Pulse experiments,pioreactor01,2026-09-15T09:16:54.489Z,0.002288617887,90,2,2026-09-15 15:01:54.489,1870.920833333333
Pulse experiments,pioreactor01,2026-09-15T09:16:54.489Z,0.28038974631,135,3,2026-09-15 15:01:54.489,1870.920833333333
Pulse experiments,pioreactor01,2026-09-15T09:16:54.489Z,0.026043277086,45,4,2026-09-15 15:01:54.489,1870.920833333333
Pulse experiments,pioreactor01,2026-09-15T09:16:59.493Z,0.002335141114,90,2,2026-09-15 15:01:59.493,1870.922222222222
Pulse experiments,pioreactor01,2026-09-15T09:16:59.493Z,0.280804531409,135,3,2026-09-15 15:01:59.493,1870.922222222222
Pulse experiments,pioreactor01,2026-09-15T09:16:59.493Z,0.026350472024,45,4,2026-09-15 15:01:59.493,1870.922222222222
Pulse experiments,pioreactor01,2026-09-15T09:17:04.499Z,0.002308367723,90,2,2026-09-15 15:02:04.499,1870.923611111111
Pulse experiments,pioreactor01,2026-09-15T09:17:04.499Z,0.280629545749,135,3,2026-09-15 15:02:04.499,1870.923611111111
Pulse experiments,pioreactor01,2026-09-15T09:17:04.499Z,0.026289025779,45,4,2026-09-15 15:02:04.499,1870.923611111111
Pulse experiments,pioreactor01,2026-09-15T09:17:09.491Z,0.002303654098,90,2,2026-09-15 15:02:09.491,1870.925
Pulse experiments,pioreactor01,2026-09-15T09:17:09.491Z,0.280183931598,135,3,2026-09-15 15:02:09.491,1870.925
Pulse experiments,pioreactor01,2026-09-15T09:17:09.491Z,0.025780549482,45,4,2026-09-15 15:02:09.491,1870.925
Pulse experiments,pioreactor01,2026-09-15T09:17:14.495Z,0.002347306162,90,2,2026-09-15 15:02:14.495,1870.926388888889
Pulse experiments,pioreactor01,2026-09-15T09:17:14.495Z,0.280401171454,135,3,2026-09-15 15:02:14.495,1870.926388888889
Pulse experiments,pioreactor01,2026-09-15T09:17:14.495Z,0.026686420969,45,4,2026-09-15 15:02:14.495,1870.926388888889
Pulse experiments,pioreactor01,2026-09-15T09:17:19.485Z,0.002512551025,90,2,2026-09-15 15:02:19.485,1870.927777777778
Pulse experiments,pioreactor01,2026-09-15T09:17:19.485Z,0.280601151914,135,3,2026-09-15 15:02:19.485,1870.927777777778
Pulse experiments,pioreactor01,2026-09-15T09:17:19.485Z,0.027604231419,45,4,2026-09-15 15:02:19.485,1870.927777777778
Pulse experiments,pioreactor01,2026-09-15T09:17:24.489Z,0.002700840313,90,2,2026-09-15 15:02:24.489,1870.929166666667
Pulse experiments,pioreactor01,2026-09-15T09:17:24.489Z,0.280229843205,135,3,2026-09-15 15:02:24.489,1870.929166666667
Pulse experiments,pioreactor01,2026-09-15T09:17:24.489Z,0.029188416659,45,4,2026-09-15 15:02:24.489,1870.929166666667
Pulse experiments,pioreactor01,2026-09-15T09:17:29.491Z,0.002505105768,90,2,2026-09-15 15:02:29.491,1870.930555555556
Pulse experiments,pioreactor01,2026-09-15T09:17:29.491Z,0.280449635269,135,3,2026-09-15 15:02:29.491,1870.930555555556
Pulse experiments,pioreactor01,2026-09-15T09:17:29.491Z,0.027540448769,45,4,2026-09-15 15:02:29.491,1870.930555555556
Pulse experiments,pioreactor01,2026-09-15T09:17:34.488Z,0.002466405521,90,2,2026-09-15 15:02:34.488,1870.931944444445
Pulse experiments,pioreactor01,2026-09-15T09:17:34.488Z,0.280174767535,135,3,2026-09-15 15:02:34.488,1870.931944444445
Pulse experiments,pioreactor01,2026-09-15T09:17:34.488Z,0.027692591898,45,4,2026-09-15 15:02:34.488,1870.931944444445
Pulse experiments,pioreactor01,2026-09-15T09:17:39.490Z,0.002645088809,90,2,2026-09-15 15:02:39.490,1870.933333333333
Pulse experiments,pioreactor01,2026-09-15T09:17:39.490Z,0.280212367308,135,3,2026-09-15 15:02:39.490,1870.933333333333
Pulse experiments,pioreactor01,2026-09-15T09:17:39.490Z,0.029123843862,45,4,2026-09-15 15:02:39.490,1870.933333333333
Pulse experiments,pioreactor01,2026-09-15T09:17:44.487Z,0.002410168416,90,2,2026-09-15 15:02:44.487,1870.934722222222
Pulse experiments,pioreactor01,2026-09-15T09:17:44.487Z,0.280156593411,135,3,2026-09-15 15:02:44.487,1870.934722222222
Pulse experiments,pioreactor01,2026-09-15T09:17:44.487Z,0.027398181299,45,4,2026-09-15 15:02:44.487,1870.934722222222
Pulse experiments,pioreactor01,2026-09-15T09:17:49.490Z,0.002376042796,90,2,2026-09-15 15:02:49.490,1870.936111111111
Pulse experiments,pioreactor01,2026-09-15T09:17:49.490Z,0.279991055792,135,3,2026-09-15 15:02:49.490,1870.936111111111
Pulse experiments,pioreactor01,2026-09-15T09:17:49.490Z,0.027073844648,45,4,2026-09-15 15:02:49.490,1870.936111111111
Pulse experiments,pioreactor01,2026-09-15T09:17:54.497Z,0.002341650929,90,2,2026-09-15 15:02:54.497,1870.9375
Pulse experiments,pioreactor01,2026-09-15T09:17:54.497Z,0.279474813699,135,3,2026-09-15 15:02:54.497,1870.9375
Pulse experiments,pioreactor01,2026-09-15T09:17:54.497Z,0.026127562104,45,4,2026-09-15 15:02:54.497,1870.9375
Pulse experiments,pioreactor01,2026-09-15T09:17:59.485Z,0.002515985977,90,2,2026-09-15 15:02:59.485,1870.938888888889
Pulse experiments,pioreactor01,2026-09-15T09:17:59.485Z,0.279784985389,135,3,2026-09-15 15:02:59.485,1870.938888888889
Pulse experiments,pioreactor01,2026-09-15T09:17:59.485Z,0.027005348027,45,4,2026-09-15 15:02:59.485,1870.938888888889
Pulse experiments,pioreactor01,2026-09-15T09:18:04.512Z,0.002517329522,90,2,2026-09-15 15:03:04.512,1870.940277777778
Pulse experiments,pioreactor01,2026-09-15T09:18:04.512Z,0.280262167135,135,3,2026-09-15 15:03:04.512,1870.940277777778
Pulse experiments,pioreactor01,2026-09-15T09:18:04.512Z,0.027287323093,45,4,2026-09-15 15:03:04.512,1870.940277777778
Pulse experiments,pioreactor01,2026-09-15T09:18:09.487Z,0.002513291153,90,2,2026-09-15 15:03:09.487,1870.941666666667
Pulse experiments,pioreactor01,2026-09-15T09:18:09.487Z,0.280265032753,135,3,2026-09-15 15:03:09.487,1870.941666666667
Pulse experiments,pioreactor01,2026-09-15T09:18:09.487Z,0.027751278913,45,4,2026-09-15 15:03:09.487,1870.941666666667
Pulse experiments,pioreactor01,2026-09-15T09:18:14.490Z,0.00258902001,90,2,2026-09-15 15:03:14.490,1870.943055555555
Pulse experiments,pioreactor01,2026-09-15T09:18:14.490Z,0.280190866952,135,3,2026-09-15 15:03:14.490,1870.943055555555
Pulse experiments,pioreactor01,2026-09-15T09:18:14.490Z,0.02788137749,45,4,2026-09-15 15:03:14.490,1870.943055555555
Pulse experiments,pioreactor01,2026-09-15T09:18:19.489Z,0.002462273396,90,2,2026-09-15 15:03:19.489,1870.944444444444
Pulse experiments,pioreactor01,2026-09-15T09:18:19.489Z,0.280199209963,135,3,2026-09-15 15:03:19.489,1870.944444444444
Pulse experiments,pioreactor01,2026-09-15T09:18:19.489Z,0.027651652808,45,4,2026-09-15 15:03:19.489,1870.944444444444
Pulse experiments,pioreactor01,2026-09-15T09:18:24.495Z,0.002371182806,90,2,2026-09-15 15:03:24.495,1870.945833333333
Pulse experiments,pioreactor01,2026-09-15T09:18:24.495Z,0.280276680959,135,3,2026-09-15 15:03:24.495,1870.945833333333
Pulse experiments,pioreactor01,2026-09-15T09:18:24.495Z,0.026819621686,45,4,2026-09-15 15:03:24.495,1870.945833333333
Pulse experiments,pioreactor01,2026-09-15T09:18:29.486Z,0.002288744568,90,2,2026-09-15 15:03:29.486,1870.947222222222
Pulse experiments,pioreactor01,2026-09-15T09:18:29.486Z,0.28018531671,135,3,2026-09-15 15:03:29.486,1870.947222222222
Pulse experiments,pioreactor01,2026-09-15T09:18:29.486Z,0.026256088905,45,4,2026-09-15 15:03:29.486,1870.947222222222
Pulse experiments,pioreactor01,2026-09-15T09:18:34.491Z,0.002320946033,90,2,2026-09-15 15:03:34.491,1870.948611111111
Pulse experiments,pioreactor01,2026-09-15T09:18:34.491Z,0.279848725448,135,3,2026-09-15 15:03:34.491,1870.948611111111
Pulse experiments,pioreactor01,2026-09-15T09:18:34.491Z,0.026455298713,45,4,2026-09-15 15:03:34.491,1870.948611111111
Pulse experiments,pioreactor01,2026-09-15T09:18:39.494Z,0.002339429942,90,2,2026-09-15 15:03:39.494,1870.95
Pulse experiments,pioreactor01,2026-09-15T09:18:39.494Z,0.279803545646,135,3,2026-09-15 15:03:39.494,1870.95
Pulse experiments,pioreactor01,2026-09-15T09:18:39.494Z,0.027058416008,45,4,2026-09-15 15:03:39.494,1870.95
Pulse experiments,pioreactor01,2026-09-15T09:18:44.498Z,0.002563362321,90,2,2026-09-15 15:03:44.498,1870.951388888889
Pulse experiments,pioreactor01,2026-09-15T09:18:44.498Z,0.279369077162,135,3,2026-09-15 15:03:44.498,1870.951388888889
Pulse experiments,pioreactor01,2026-09-15T09:18:44.498Z,0.028811291365,45,4,2026-09-15 15:03:44.498,1870.951388888889
Pulse experiments,pioreactor01,2026-09-15T09:18:49.491Z,0.00262500189,90,2,2026-09-15 15:03:49.491,1870.952777777778
Pulse experiments,pioreactor01,2026-09-15T09:18:49.491Z,0.279594724157,135,3,2026-09-15 15:03:49.491,1870.952777777778
Pulse experiments,pioreactor01,2026-09-15T09:18:49.491Z,0.029029658952,45,4,2026-09-15 15:03:49.491,1870.952777777778
Pulse experiments,pioreactor01,2026-09-15T09:18:54.503Z,0.002746826492,90,2,2026-09-15 15:03:54.503,1870.954166666667
Pulse experiments,pioreactor01,2026-09-15T09:18:54.503Z,0.278573001611,135,3,2026-09-15 15:03:54.503,1870.954166666667
Pulse experiments,pioreactor01,2026-09-15T09:18:54.503Z,0.030828239212,45,4,2026-09-15 15:03:54.503,1870.954166666667
Pulse experiments,pioreactor01,2026-09-15T09:18:59.499Z,0.002726592882,90,2,2026-09-15 15:03:59.499,1870.955555555556
Pulse experiments,pioreactor01,2026-09-15T09:18:59.499Z,0.278714678637,135,3,2026-09-15 15:03:59.499,1870.955555555556
Pulse experiments,pioreactor01,2026-09-15T09:18:59.499Z,0.029641648356,45,4,2026-09-15 15:03:59.499,1870.955555555556
Pulse experiments,pioreactor01,2026-09-15T09:19:04.488Z,0.00246644219,90,2,2026-09-15 15:04:04.488,1870.956944444444
Pulse experiments,pioreactor01,2026-09-15T09:19:04.488Z,0.278745990465,135,3,2026-09-15 15:04:04.488,1870.956944444444
Pulse experiments,pioreactor01,2026-09-15T09:19:04.488Z,0.027921402804,45,4,2026-09-15 15:04:04.488,1870.956944444444
Pulse experiments,pioreactor01,2026-09-15T09:19:09.491Z,0.002447147552,90,2,2026-09-15 15:04:09.491,1870.958333333333
Pulse experiments,pioreactor01,2026-09-15T09:19:09.491Z,0.279291248921,135,3,2026-09-15 15:04:09.491,1870.958333333333
Pulse experiments,pioreactor01,2026-09-15T09:19:09.491Z,0.028272795881,45,4,2026-09-15 15:04:09.491,1870.958333333333
Pulse experiments,pioreactor01,2026-09-15T09:19:14.489Z,0.002320326932,90,2,2026-09-15 15:04:14.489,1870.959722222222
Pulse experiments,pioreactor01,2026-09-15T09:19:14.489Z,0.279530983657,135,3,2026-09-15 15:04:14.489,1870.959722222222
Pulse experiments,pioreactor01,2026-09-15T09:19:14.489Z,0.027484267155,45,4,2026-09-15 15:04:14.489,1870.959722222222
Pulse experiments,pioreactor01,2026-09-15T09:19:19.498Z,0.002494108692,90,2,2026-09-15 15:04:19.498,1870.961111111111
Pulse experiments,pioreactor01,2026-09-15T09:19:19.498Z,0.279500480877,135,3,2026-09-15 15:04:19.498,1870.961111111111
Pulse experiments,pioreactor01,2026-09-15T09:19:19.498Z,0.028352117157,45,4,2026-09-15 15:04:19.498,1870.961111111111
Pulse experiments,pioreactor01,2026-09-15T09:19:24.496Z,0.0023986142,90,2,2026-09-15 15:04:24.496,1870.9625
Pulse experiments,pioreactor01,2026-09-15T09:19:24.496Z,0.279652561096,135,3,2026-09-15 15:04:24.496,1870.9625
Pulse experiments,pioreactor01,2026-09-15T09:19:24.496Z,0.027749342179,45,4,2026-09-15 15:04:24.496,1870.9625
Pulse experiments,pioreactor01,2026-09-15T09:19:29.496Z,0.002491679116,90,2,2026-09-15 15:04:29.496,1870.963888888889
Pulse experiments,pioreactor01,2026-09-15T09:19:29.496Z,0.279492211756,135,3,2026-09-15 15:04:29.496,1870.963888888889
Pulse experiments,pioreactor01,2026-09-15T09:19:29.496Z,0.028364232958,45,4,2026-09-15 15:04:29.496,1870.963888888889
Pulse experiments,pioreactor01,2026-09-15T09:19:34.492Z,0.002433597492,90,2,2026-09-15 15:04:34.492,1870.965277777778
Pulse experiments,pioreactor01,2026-09-15T09:19:34.492Z,0.279729508123,135,3,2026-09-15 15:04:34.492,1870.965277777778
Pulse experiments,pioreactor01,2026-09-15T09:19:34.492Z,0.028106531875,45,4,2026-09-15 15:04:34.492,1870.965277777778
Pulse experiments,pioreactor01,2026-09-15T09:19:39.488Z,0.002427708243,90,2,2026-09-15 15:04:39.488,1870.966666666667
Pulse experiments,pioreactor01,2026-09-15T09:19:39.488Z,0.279630137686,135,3,2026-09-15 15:04:39.488,1870.966666666667
Pulse experiments,pioreactor01,2026-09-15T09:19:39.488Z,0.028501769241,45,4,2026-09-15 15:04:39.488,1870.966666666667
Pulse experiments,pioreactor01,2026-09-15T09:19:44.498Z,0.002351608103,90,2,2026-09-15 15:04:44.498,1870.968055555556
Pulse experiments,pioreactor01,2026-09-15T09:19:44.498Z,0.279453365915,135,3,2026-09-15 15:04:44.498,1870.968055555556
Pulse experiments,pioreactor01,2026-09-15T09:19:44.498Z,0.028063255735,45,4,2026-09-15 15:04:44.498,1870.968055555556
Pulse experiments,pioreactor01,2026-09-15T09:19:49.488Z,0.002314313166,90,2,2026-09-15 15:04:49.488,1870.969444444444
Pulse experiments,pioreactor01,2026-09-15T09:19:49.488Z,0.278728381993,135,3,2026-09-15 15:04:49.488,1870.969444444444
Pulse experiments,pioreactor01,2026-09-15T09:19:49.488Z,0.028046948329,45,4,2026-09-15 15:04:49.488,1870.969444444444
Pulse experiments,pioreactor01,2026-09-15T09:19:54.484Z,0.002373507174,90,2,2026-09-15 15:04:54.484,1870.970833333333
Pulse experiments,pioreactor01,2026-09-15T09:19:54.484Z,0.279354653703,135,3,2026-09-15 15:04:54.484,1870.970833333333
Pulse experiments,pioreactor01,2026-09-15T09:19:54.484Z,0.02836941349,45,4,2026-09-15 15:04:54.484,1870.970833333333
Pulse experiments,pioreactor01,2026-09-15T09:19:59.494Z,0.002325857495,90,2,2026-09-15 15:04:59.494,1870.972222222222
Pulse experiments,pioreactor01,2026-09-15T09:19:59.494Z,0.278983125988,135,3,2026-09-15 15:04:59.494,1870.972222222222
Pulse experiments,pioreactor01,2026-09-15T09:19:59.494Z,0.028390213856,45,4,2026-09-15 15:04:59.494,1870.972222222222
Pulse experiments,pioreactor01,2026-09-15T09:20:04.495Z,0.002413838299,90,2,2026-09-15 15:05:04.495,1870.973611111111
Pulse experiments,pioreactor01,2026-09-15T09:20:04.495Z,0.27920798131,135,3,2026-09-15 15:05:04.495,1870.973611111111
Pulse experiments,pioreactor01,2026-09-15T09:20:04.495Z,0.028686423383,45,4,2026-09-15 15:05:04.495,1870.973611111111
Pulse experiments,pioreactor01,2026-09-15T09:20:09.499Z,0.002309260637,90,2,2026-09-15 15:05:09.499,1870.975
Pulse experiments,pioreactor01,2026-09-15T09:20:09.499Z,0.278574623173,135,3,2026-09-15 15:05:09.499,1870.975
Pulse experiments,pioreactor01,2026-09-15T09:20:09.499Z,0.02777493164,45,4,2026-09-15 15:05:09.499,1870.975
Pulse experiments,pioreactor01,2026-09-15T09:20:14.506Z,0.002272181729,90,2,2026-09-15 15:05:14.506,1870.976388888889
Pulse experiments,pioreactor01,2026-09-15T09:20:14.506Z,0.279086920844,135,3,2026-09-15 15:05:14.506,1870.976388888889
Pulse experiments,pioreactor01,2026-09-15T09:20:14.506Z,0.027165962319,45,4,2026-09-15 15:05:14.506,1870.976388888889
Pulse experiments,pioreactor01,2026-09-15T09:20:19.490Z,0.002384334824,90,2,2026-09-15 15:05:19.490,1870.977777777778
Pulse experiments,pioreactor01,2026-09-15T09:20:19.490Z,0.279017217739,135,3,2026-09-15 15:05:19.490,1870.977777777778
Pulse experiments,pioreactor01,2026-09-15T09:20:19.490Z,0.027670246889,45,4,2026-09-15 15:05:19.490,1870.977777777778
Pulse experiments,pioreactor01,2026-09-15T09:20:24.493Z,0.002398991428,90,2,2026-09-15 15:05:24.493,1870.979166666667
Pulse experiments,pioreactor01,2026-09-15T09:20:24.493Z,0.27884441372,135,3,2026-09-15 15:05:24.493,1870.979166666667
Pulse experiments,pioreactor01,2026-09-15T09:20:24.493Z,0.027541087019,45,4,2026-09-15 15:05:24.493,1870.979166666667
Pulse experiments,pioreactor01,2026-09-15T09:20:29.490Z,0.002734821848,90,2,2026-09-15 15:05:29.490,1870.980555555556
Pulse experiments,pioreactor01,2026-09-15T09:20:29.490Z,0.278644692155,135,3,2026-09-15 15:05:29.490,1870.980555555556
Pulse experiments,pioreactor01,2026-09-15T09:20:29.490Z,0.030133411519,45,4,2026-09-15 15:05:29.490,1870.980555555556
Pulse experiments,pioreactor01,2026-09-15T09:20:34.499Z,0.002489317376,90,2,2026-09-15 15:05:34.499,1870.981944444444
Pulse experiments,pioreactor01,2026-09-15T09:20:34.499Z,0.278899120236,135,3,2026-09-15 15:05:34.499,1870.981944444444
Pulse experiments,pioreactor01,2026-09-15T09:20:34.499Z,0.029234565072,45,4,2026-09-15 15:05:34.499,1870.981944444444
Pulse experiments,pioreactor01,2026-09-15T09:20:39.494Z,0.00237469752,90,2,2026-09-15 15:05:39.494,1870.983333333333
Pulse experiments,pioreactor01,2026-09-15T09:20:39.494Z,0.279237471638,135,3,2026-09-15 15:05:39.494,1870.983333333333
Pulse experiments,pioreactor01,2026-09-15T09:20:39.494Z,0.028202150724,45,4,2026-09-15 15:05:39.494,1870.983333333333
Pulse experiments,pioreactor01,2026-09-15T09:20:44.509Z,0.002326888255,90,2,2026-09-15 15:05:44.509,1870.984722222222
Pulse experiments,pioreactor01,2026-09-15T09:20:44.509Z,0.278912007667,135,3,2026-09-15 15:05:44.509,1870.984722222222
Pulse experiments,pioreactor01,2026-09-15T09:20:44.509Z,0.028679480037,45,4,2026-09-15 15:05:44.509,1870.984722222222
Pulse experiments,pioreactor01,2026-09-15T09:20:49.491Z,0.002443408669,90,2,2026-09-15 15:05:49.491,1870.986111111111
Pulse experiments,pioreactor01,2026-09-15T09:20:49.491Z,0.279254603412,135,3,2026-09-15 15:05:49.491,1870.986111111111
Pulse experiments,pioreactor01,2026-09-15T09:20:49.491Z,0.028805863323,45,4,2026-09-15 15:05:49.491,1870.986111111111
Pulse experiments,pioreactor01,2026-09-15T09:20:54.505Z,0.00272350261,90,2,2026-09-15 15:05:54.505,1870.9875
Pulse experiments,pioreactor01,2026-09-15T09:20:54.505Z,0.279180823628,135,3,2026-09-15 15:05:54.505,1870.9875
Pulse experiments,pioreactor01,2026-09-15T09:20:54.505Z,0.031729176583,45,4,2026-09-15 15:05:54.505,1870.9875
Pulse experiments,pioreactor01,2026-09-15T09:20:59.491Z,0.002600021345,90,2,2026-09-15 15:05:59.491,1870.988888888889
Pulse experiments,pioreactor01,2026-09-15T09:20:59.491Z,0.278930641503,135,3,2026-09-15 15:05:59.491,1870.988888888889
Pulse experiments,pioreactor01,2026-09-15T09:20:59.491Z,0.030927979097,45,4,2026-09-15 15:05:59.491,1870.988888888889
Pulse experiments,pioreactor01,2026-09-15T09:21:04.489Z,0.002363674634,90,2,2026-09-15 15:06:04.489,1870.990277777778
Pulse experiments,pioreactor01,2026-09-15T09:21:04.489Z,0.279137546444,135,3,2026-09-15 15:06:04.489,1870.990277777778
Pulse experiments,pioreactor01,2026-09-15T09:21:04.489Z,0.028227344758,45,4,2026-09-15 15:06:04.489,1870.990277777778
Pulse experiments,pioreactor01,2026-09-15T09:21:09.489Z,0.002235615046,90,2,2026-09-15 15:06:09.489,1870.991666666667
Pulse experiments,pioreactor01,2026-09-15T09:21:09.489Z,0.27937790709,135,3,2026-09-15 15:06:09.489,1870.991666666667
Pulse experiments,pioreactor01,2026-09-15T09:21:09.489Z,0.027120759738,45,4,2026-09-15 15:06:09.489,1870.991666666667
Pulse experiments,pioreactor01,2026-09-15T09:21:14.488Z,0.002464249766,90,2,2026-09-15 15:06:14.488,1870.993055555556
Pulse experiments,pioreactor01,2026-09-15T09:21:14.488Z,0.279126123357,135,3,2026-09-15 15:06:14.488,1870.993055555556
Pulse experiments,pioreactor01,2026-09-15T09:21:14.488Z,0.029758261341,45,4,2026-09-15 15:06:14.488,1870.993055555556
Pulse experiments,pioreactor01,2026-09-15T09:21:19.494Z,0.002394323217,90,2,2026-09-15 15:06:19.494,1870.994444444445
Pulse experiments,pioreactor01,2026-09-15T09:21:19.494Z,0.279089859762,135,3,2026-09-15 15:06:19.494,1870.994444444445
Pulse experiments,pioreactor01,2026-09-15T09:21:19.494Z,0.028510300429,45,4,2026-09-15 15:06:19.494,1870.994444444445
Pulse experiments,pioreactor01,2026-09-15T09:21:24.492Z,0.002432328748,90,2,2026-09-15 15:06:24.492,1870.995833333333
Pulse experiments,pioreactor01,2026-09-15T09:21:24.492Z,0.278709506254,135,3,2026-09-15 15:06:24.492,1870.995833333333
Pulse experiments,pioreactor01,2026-09-15T09:21:24.492Z,0.028969832154,45,4,2026-09-15 15:06:24.492,1870.995833333333
Pulse experiments,pioreactor01,2026-09-15T09:21:29.491Z,0.002520494442,90,2,2026-09-15 15:06:29.491,1870.997222222222
Pulse experiments,pioreactor01,2026-09-15T09:21:29.491Z,0.279454843808,135,3,2026-09-15 15:06:29.491,1870.997222222222
Pulse experiments,pioreactor01,2026-09-15T09:21:29.491Z,0.029323880997,45,4,2026-09-15 15:06:29.491,1870.997222222222
Pulse experiments,pioreactor01,2026-09-15T09:21:34.491Z,0.002413811419,90,2,2026-09-15 15:06:34.491,1870.998611111111
Pulse experiments,pioreactor01,2026-09-15T09:21:34.491Z,0.279199430736,135,3,2026-09-15 15:06:34.491,1870.998611111111
Pulse experiments,pioreactor01,2026-09-15T09:21:34.491Z,0.028190049863,45,4,2026-09-15 15:06:34.491,1870.998611111111
Pulse experiments,pioreactor01,2026-09-15T09:21:39.488Z,0.002494034151,90,2,2026-09-15 15:06:39.488,1871.0
Pulse experiments,pioreactor01,2026-09-15T09:21:39.488Z,0.279295478503,135,3,2026-09-15 15:06:39.488,1871.0
Pulse experiments,pioreactor01,2026-09-15T09:21:39.488Z,0.029220886364,45,4,2026-09-15 15:06:39.488,1871.0
Pulse experiments,pioreactor01,2026-09-15T09:21:44.490Z,0.002551994406,90,2,2026-09-15 15:06:44.490,1871.001388888889
Pulse experiments,pioreactor01,2026-09-15T09:21:44.490Z,0.279714647093,135,3,2026-09-15 15:06:44.490,1871.001388888889
Pulse experiments,pioreactor01,2026-09-15T09:21:44.490Z,0.029196612492,45,4,2026-09-15 15:06:44.490,1871.001388888889
Pulse experiments,pioreactor01,2026-09-15T09:21:49.486Z,0.002406618252,90,2,2026-09-15 15:06:49.486,1871.002777777778
Pulse experiments,pioreactor01,2026-09-15T09:21:49.486Z,0.279761177795,135,3,2026-09-15 15:06:49.486,1871.002777777778
Pulse experiments,pioreactor01,2026-09-15T09:21:49.486Z,0.028007970057,45,4,2026-09-15 15:06:49.486,1871.002777777778
Pulse experiments,pioreactor01,2026-09-15T09:21:54.493Z,0.002448486598,90,2,2026-09-15 15:06:54.493,1871.004166666667
Pulse experiments,pioreactor01,2026-09-15T09:21:54.493Z,0.280182007539,135,3,2026-09-15 15:06:54.493,1871.004166666667
Pulse experiments,pioreactor01,2026-09-15T09:21:54.493Z,0.029172758523,45,4,2026-09-15 15:06:54.493,1871.004166666667
Pulse experiments,pioreactor01,2026-09-15T09:21:59.495Z,0.002589341976,90,2,2026-09-15 15:06:59.495,1871.005555555555
Pulse experiments,pioreactor01,2026-09-15T09:21:59.495Z,0.278991019919,135,3,2026-09-15 15:06:59.495,1871.005555555555
Pulse experiments,pioreactor01,2026-09-15T09:21:59.495Z,0.029631541054,45,4,2026-09-15 15:06:59.495,1871.005555555555
Pulse experiments,pioreactor01,2026-09-15T09:22:04.489Z,0.002508409687,90,2,2026-09-15 15:07:04.489,1871.006944444444
Pulse experiments,pioreactor01,2026-09-15T09:22:04.489Z,0.279145562779,135,3,2026-09-15 15:07:04.489,1871.006944444444
Pulse experiments,pioreactor01,2026-09-15T09:22:04.489Z,0.028879913214,45,4,2026-09-15 15:07:04.489,1871.006944444444
Pulse experiments,pioreactor01,2026-09-15T09:22:09.512Z,0.002484202667,90,2,2026-09-15 15:07:09.512,1871.008333333333
Pulse experiments,pioreactor01,2026-09-15T09:22:09.512Z,0.27911661885,135,3,2026-09-15 15:07:09.512,1871.008333333333
Pulse experiments,pioreactor01,2026-09-15T09:22:09.512Z,0.028751040749,45,4,2026-09-15 15:07:09.512,1871.008333333333
Pulse experiments,pioreactor01,2026-09-15T09:22:14.559Z,0.00244234241,90,2,2026-09-15 15:07:14.559,1871.009722222222
Pulse experiments,pioreactor01,2026-09-15T09:22:14.559Z,0.279263290736,135,3,2026-09-15 15:07:14.559,1871.009722222222
Pulse experiments,pioreactor01,2026-09-15T09:22:14.559Z,0.028562975656,45,4,2026-09-15 15:07:14.559,1871.009722222222
Pulse experiments,pioreactor01,2026-09-15T09:22:19.494Z,0.002512560465,90,2,2026-09-15 15:07:19.494,1871.011111111111
Pulse experiments,pioreactor01,2026-09-15T09:22:19.494Z,0.27838289569,135,3,2026-09-15 15:07:19.494,1871.011111111111
Pulse experiments,pioreactor01,2026-09-15T09:22:19.494Z,0.029890557335,45,4,2026-09-15 15:07:19.494,1871.011111111111
Pulse experiments,pioreactor01,2026-09-15T09:22:24.490Z,0.002491805781,90,2,2026-09-15 15:07:24.490,1871.0125
Pulse experiments,pioreactor01,2026-09-15T09:22:24.490Z,0.278994497384,135,3,2026-09-15 15:07:24.490,1871.0125
Pulse experiments,pioreactor01,2026-09-15T09:22:24.490Z,0.029361478124,45,4,2026-09-15 15:07:24.490,1871.0125
Pulse experiments,pioreactor01,2026-09-15T09:22:29.483Z,0.002418876935,90,2,2026-09-15 15:07:29.483,1871.013888888889
Pulse experiments,pioreactor01,2026-09-15T09:22:29.483Z,0.279622205714,135,3,2026-09-15 15:07:29.483,1871.013888888889
Pulse experiments,pioreactor01,2026-09-15T09:22:29.483Z,0.028546781799,45,4,2026-09-15 15:07:29.483,1871.013888888889
Pulse experiments,pioreactor01,2026-09-15T09:22:34.495Z,0.002509720935,90,2,2026-09-15 15:07:34.495,1871.015277777778
Pulse experiments,pioreactor01,2026-09-15T09:22:34.495Z,0.278941072244,135,3,2026-09-15 15:07:34.495,1871.015277777778
Pulse experiments,pioreactor01,2026-09-15T09:22:34.495Z,0.030156160364,45,4,2026-09-15 15:07:34.495,1871.015277777778
Pulse experiments,pioreactor01,2026-09-15T09:22:39.484Z,0.002417893094,90,2,2026-09-15 15:07:39.484,1871.016666666667
Pulse experiments,pioreactor01,2026-09-15T09:22:39.484Z,0.278705642025,135,3,2026-09-15 15:07:39.484,1871.016666666667
Pulse experiments,pioreactor01,2026-09-15T09:22:39.484Z,0.029005811422,45,4,2026-09-15 15:07:39.484,1871.016666666667
Pulse experiments,pioreactor01,2026-09-15T09:22:44.495Z,0.002431305674,90,2,2026-09-15 15:07:44.495,1871.018055555556
Pulse experiments,pioreactor01,2026-09-15T09:22:44.495Z,0.277695594853,135,3,2026-09-15 15:07:44.495,1871.018055555556
Pulse experiments,pioreactor01,2026-09-15T09:22:44.495Z,0.029650629992,45,4,2026-09-15 15:07:44.495,1871.018055555556
Pulse experiments,pioreactor01,2026-09-15T09:22:49.488Z,0.002449430534,90,2,2026-09-15 15:07:49.488,1871.019444444444
Pulse experiments,pioreactor01,2026-09-15T09:22:49.488Z,0.278102224249,135,3,2026-09-15 15:07:49.488,1871.019444444444
Pulse experiments,pioreactor01,2026-09-15T09:22:49.488Z,0.029955144952,45,4,2026-09-15 15:07:49.488,1871.019444444444
Pulse experiments,pioreactor01,2026-09-15T09:22:54.487Z,0.002397600302,90,2,2026-09-15 15:07:54.487,1871.020833333333
Pulse experiments,pioreactor01,2026-09-15T09:22:54.487Z,0.278372368635,135,3,2026-09-15 15:07:54.487,1871.020833333333
Pulse experiments,pioreactor01,2026-09-15T09:22:54.487Z,0.029371718141,45,4,2026-09-15 15:07:54.487,1871.020833333333
Pulse experiments,pioreactor01,2026-09-15T09:22:59.510Z,0.002399092816,90,2,2026-09-15 15:07:59.510,1871.022222222222
Pulse experiments,pioreactor01,2026-09-15T09:22:59.510Z,0.277243066671,135,3,2026-09-15 15:07:59.510,1871.022222222222
Pulse experiments,pioreactor01,2026-09-15T09:22:59.510Z,0.029262360061,45,4,2026-09-15 15:07:59.510,1871.022222222222
Pulse experiments,pioreactor01,2026-09-15T09:23:04.503Z,0.002368822677,90,2,2026-09-15 15:08:04.503,1871.023611111111
Pulse experiments,pioreactor01,2026-09-15T09:23:04.503Z,0.277493425211,135,3,2026-09-15 15:08:04.503,1871.023611111111
Pulse experiments,pioreactor01,2026-09-15T09:23:04.503Z,0.029324320667,45,4,2026-09-15 15:08:04.503,1871.023611111111
Pulse experiments,pioreactor01,2026-09-15T09:23:09.501Z,0.002405045178,90,2,2026-09-15 15:08:09.501,1871.025
Pulse experiments,pioreactor01,2026-09-15T09:23:09.501Z,0.277102689785,135,3,2026-09-15 15:08:09.501,1871.025
Pulse experiments,pioreactor01,2026-09-15T09:23:09.501Z,0.030032317082,45,4,2026-09-15 15:08:09.501,1871.025
Pulse experiments,pioreactor01,2026-09-15T09:23:14.493Z,0.00243925416,90,2,2026-09-15 15:08:14.493,1871.026388888889
Pulse experiments,pioreactor01,2026-09-15T09:23:14.493Z,0.277135976668,135,3,2026-09-15 15:08:14.493,1871.026388888889
Pulse experiments,pioreactor01,2026-09-15T09:23:14.493Z,0.03013751488,45,4,2026-09-15 15:08:14.493,1871.026388888889
Pulse experiments,pioreactor01,2026-09-15T09:23:19.493Z,0.002397822251,90,2,2026-09-15 15:08:19.493,1871.027777777778
Pulse experiments,pioreactor01,2026-09-15T09:23:19.493Z,0.277109094258,135,3,2026-09-15 15:08:19.493,1871.027777777778
Pulse experiments,pioreactor01,2026-09-15T09:23:19.493Z,0.029479926057,45,4,2026-09-15 15:08:19.493,1871.027777777778
Pulse experiments,pioreactor01,2026-09-15T09:23:24.486Z,0.002407369775,90,2,2026-09-15 15:08:24.486,1871.029166666667
Pulse experiments,pioreactor01,2026-09-15T09:23:24.486Z,0.277415044479,135,3,2026-09-15 15:08:24.486,1871.029166666667
Pulse experiments,pioreactor01,2026-09-15T09:23:24.486Z,0.02970403333,45,4,2026-09-15 15:08:24.486,1871.029166666667
Pulse experiments,pioreactor01,2026-09-15T09:23:29.485Z,0.002556673125,90,2,2026-09-15 15:08:29.485,1871.030555555556
Pulse experiments,pioreactor01,2026-09-15T09:23:29.485Z,0.277341987155,135,3,2026-09-15 15:08:29.485,1871.030555555556
Pulse experiments,pioreactor01,2026-09-15T09:23:29.485Z,0.032381319964,45,4,2026-09-15 15:08:29.485,1871.030555555556
Pulse experiments,pioreactor01,2026-09-15T09:23:34.488Z,0.002576585448,90,2,2026-09-15 15:08:34.488,1871.031944444444
Pulse experiments,pioreactor01,2026-09-15T09:23:34.488Z,0.273803125175,135,3,2026-09-15 15:08:34.488,1871.031944444444
Pulse experiments,pioreactor01,2026-09-15T09:23:34.488Z,0.036898085456,45,4,2026-09-15 15:08:34.488,1871.031944444444
Pulse experiments,pioreactor01,2026-09-15T09:23:39.498Z,0.003926986257,90,2,2026-09-15 15:08:39.498,1871.033333333333
Pulse experiments,pioreactor01,2026-09-15T09:23:39.498Z,0.2785058058,135,3,2026-09-15 15:08:39.498,1871.033333333333
Pulse experiments,pioreactor01,2026-09-15T09:23:39.498Z,0.046174212659,45,4,2026-09-15 15:08:39.498,1871.033333333333
Pulse experiments,pioreactor01,2026-09-15T09:23:44.489Z,0.003457922098,90,2,2026-09-15 15:08:44.489,1871.034722222222
Pulse experiments,pioreactor01,2026-09-15T09:23:44.489Z,0.272733676546,135,3,2026-09-15 15:08:44.489,1871.034722222222
Pulse experiments,pioreactor01,2026-09-15T09:23:44.489Z,0.040706327437,45,4,2026-09-15 15:08:44.489,1871.034722222222
Pulse experiments,pioreactor01,2026-09-15T09:23:49.488Z,0.002861677831,90,2,2026-09-15 15:08:49.488,1871.036111111111
Pulse experiments,pioreactor01,2026-09-15T09:23:49.488Z,0.275613401533,135,3,2026-09-15 15:08:49.488,1871.036111111111
Pulse experiments,pioreactor01,2026-09-15T09:23:49.488Z,0.035594171213,45,4,2026-09-15 15:08:49.488,1871.036111111111
Pulse experiments,pioreactor01,2026-09-15T09:23:54.491Z,0.002585189367,90,2,2026-09-15 15:08:54.491,1871.0375
Pulse experiments,pioreactor01,2026-09-15T09:23:54.491Z,0.27486309889,135,3,2026-09-15 15:08:54.491,1871.0375
Pulse experiments,pioreactor01,2026-09-15T09:23:54.491Z,0.032302542193,45,4,2026-09-15 15:08:54.491,1871.0375
Pulse experiments,pioreactor01,2026-09-15T09:23:59.485Z,0.002643660686,90,2,2026-09-15 15:08:59.485,1871.038888888889
Pulse experiments,pioreactor01,2026-09-15T09:23:59.485Z,0.277448611073,135,3,2026-09-15 15:08:59.485,1871.038888888889
Pulse experiments,pioreactor01,2026-09-15T09:23:59.485Z,0.032286812318,45,4,2026-09-15 15:08:59.485,1871.038888888889
Pulse experiments,pioreactor01,2026-09-15T09:24:04.483Z,0.002592569062,90,2,2026-09-15 15:09:04.483,1871.040277777778
Pulse experiments,pioreactor01,2026-09-15T09:24:04.483Z,0.277729221384,135,3,2026-09-15 15:09:04.483,1871.040277777778
Pulse experiments,pioreactor01,2026-09-15T09:24:04.483Z,0.034958908839,45,4,2026-09-15 15:09:04.483,1871.040277777778
Pulse experiments,pioreactor01,2026-09-15T09:24:09.490Z,0.002767712062,90,2,2026-09-15 15:09:09.490,1871.041666666667
Pulse experiments,pioreactor01,2026-09-15T09:24:09.490Z,0.27631891815,135,3,2026-09-15 15:09:09.490,1871.041666666667
Pulse experiments,pioreactor01,2026-09-15T09:24:09.490Z,0.034005412743,45,4,2026-09-15 15:09:09.490,1871.041666666667
Pulse experiments,pioreactor01,2026-09-15T09:24:14.493Z,0.004757593835,90,2,2026-09-15 15:09:14.493,1871.043055555556
Pulse experiments,pioreactor01,2026-09-15T09:24:14.493Z,0.280606539589,135,3,2026-09-15 15:09:14.493,1871.043055555556
Pulse experiments,pioreactor01,2026-09-15T09:24:14.493Z,0.05170334054,45,4,2026-09-15 15:09:14.493,1871.043055555556
Pulse experiments,pioreactor01,2026-09-15T09:24:19.500Z,0.005251548636,90,2,2026-09-15 15:09:19.500,1871.044444444444
Pulse experiments,pioreactor01,2026-09-15T09:24:19.500Z,0.280310800322,135,3,2026-09-15 15:09:19.500,1871.044444444444
Pulse experiments,pioreactor01,2026-09-15T09:24:19.500Z,0.059982190893,45,4,2026-09-15 15:09:19.500,1871.044444444444
Pulse experiments,pioreactor01,2026-09-15T09:24:24.493Z,0.003871707812,90,2,2026-09-15 15:09:24.493,1871.045833333333
Pulse experiments,pioreactor01,2026-09-15T09:24:24.493Z,0.27889598309,135,3,2026-09-15 15:09:24.493,1871.045833333333
Pulse experiments,pioreactor01,2026-09-15T09:24:24.493Z,0.046095420663,45,4,2026-09-15 15:09:24.493,1871.045833333333
Pulse experiments,pioreactor01,2026-09-15T09:24:29.488Z,0.003124153472,90,2,2026-09-15 15:09:29.488,1871.047222222222
Pulse experiments,pioreactor01,2026-09-15T09:24:29.488Z,0.278341308435,135,3,2026-09-15 15:09:29.488,1871.047222222222
Pulse experiments,pioreactor01,2026-09-15T09:24:29.488Z,0.037090583859,45,4,2026-09-15 15:09:29.488,1871.047222222222
Pulse experiments,pioreactor01,2026-09-15T09:24:34.490Z,0.002635520882,90,2,2026-09-15 15:09:34.490,1871.048611111111
Pulse experiments,pioreactor01,2026-09-15T09:24:34.490Z,0.276709048944,135,3,2026-09-15 15:09:34.490,1871.048611111111
Pulse experiments,pioreactor01,2026-09-15T09:24:34.490Z,0.033380640328,45,4,2026-09-15 15:09:34.490,1871.048611111111
Pulse experiments,pioreactor01,2026-09-15T09:24:39.490Z,0.00269457726,90,2,2026-09-15 15:09:39.490,1871.05
Pulse experiments,pioreactor01,2026-09-15T09:24:39.490Z,0.276918041958,135,3,2026-09-15 15:09:39.490,1871.05
Pulse experiments,pioreactor01,2026-09-15T09:24:39.490Z,0.033264673182,45,4,2026-09-15 15:09:39.490,1871.05
Pulse experiments,pioreactor01,2026-09-15T09:24:44.490Z,0.002441863288,90,2,2026-09-15 15:09:44.490,1871.051388888889
Pulse experiments,pioreactor01,2026-09-15T09:24:44.490Z,0.27747655653,135,3,2026-09-15 15:09:44.490,1871.051388888889
Pulse experiments,pioreactor01,2026-09-15T09:24:44.490Z,0.030309619743,45,4,2026-09-15 15:09:44.490,1871.051388888889
Pulse experiments,pioreactor01,2026-09-15T09:24:49.489Z,0.002520628721,90,2,2026-09-15 15:09:49.489,1871.052777777778
Pulse experiments,pioreactor01,2026-09-15T09:24:49.489Z,0.273732340792,135,3,2026-09-15 15:09:49.489,1871.052777777778
Pulse experiments,pioreactor01,2026-09-15T09:24:49.489Z,0.034261245449,45,4,2026-09-15 15:09:49.489,1871.052777777778
Pulse experiments,pioreactor01,2026-09-15T09:24:54.512Z,0.002432681092,90,2,2026-09-15 15:09:54.512,1871.054166666667
Pulse experiments,pioreactor01,2026-09-15T09:24:54.512Z,0.275419078761,135,3,2026-09-15 15:09:54.512,1871.054166666667
Pulse experiments,pioreactor01,2026-09-15T09:24:54.512Z,0.031809575308,45,4,2026-09-15 15:09:54.512,1871.054166666667
Pulse experiments,pioreactor01,2026-09-15T09:24:59.489Z,0.002634617605,90,2,2026-09-15 15:09:59.489,1871.055555555556
Pulse experiments,pioreactor01,2026-09-15T09:24:59.489Z,0.277222002736,135,3,2026-09-15 15:09:59.489,1871.055555555556
Pulse experiments,pioreactor01,2026-09-15T09:24:59.489Z,0.032330871949,45,4,2026-09-15 15:09:59.489,1871.055555555556
Pulse experiments,pioreactor01,2026-09-15T09:25:04.496Z,0.002525774061,90,2,2026-09-15 15:10:04.496,1871.056944444445
Pulse experiments,pioreactor01,2026-09-15T09:25:04.496Z,0.277137883953,135,3,2026-09-15 15:10:04.496,1871.056944444445
Pulse experiments,pioreactor01,2026-09-15T09:25:04.496Z,0.031269195716,45,4,2026-09-15 15:10:04.496,1871.056944444445
Pulse experiments,pioreactor01,2026-09-15T09:25:09.496Z,0.002407007182,90,2,2026-09-15 15:10:09.496,1871.058333333333
Pulse experiments,pioreactor01,2026-09-15T09:25:09.496Z,0.277429238053,135,3,2026-09-15 15:10:09.496,1871.058333333333
Pulse experiments,pioreactor01,2026-09-15T09:25:09.496Z,0.030387854237,45,4,2026-09-15 15:10:09.496,1871.058333333333
Pulse experiments,pioreactor01,2026-09-15T09:25:14.491Z,0.002471512214,90,2,2026-09-15 15:10:14.491,1871.059722222222
Pulse experiments,pioreactor01,2026-09-15T09:25:14.491Z,0.268111529465,135,3,2026-09-15 15:10:14.491,1871.059722222222
Pulse experiments,pioreactor01,2026-09-15T09:25:14.491Z,0.032040680547,45,4,2026-09-15 15:10:14.491,1871.059722222222
Pulse experiments,pioreactor01,2026-09-15T09:25:19.483Z,0.002586874876,90,2,2026-09-15 15:10:19.483,1871.061111111111
Pulse experiments,pioreactor01,2026-09-15T09:25:19.483Z,0.273712073443,135,3,2026-09-15 15:10:19.483,1871.061111111111
Pulse experiments,pioreactor01,2026-09-15T09:25:19.483Z,0.032145937612,45,4,2026-09-15 15:10:19.483,1871.061111111111
Pulse experiments,pioreactor01,2026-09-15T09:25:24.486Z,0.013032387466,90,2,2026-09-15 15:10:24.486,1871.0625
Pulse experiments,pioreactor01,2026-09-15T09:25:24.486Z,0.278986274866,135,3,2026-09-15 15:10:24.486,1871.0625
Pulse experiments,pioreactor01,2026-09-15T09:25:24.486Z,0.134726029835,45,4,2026-09-15 15:10:24.486,1871.0625
Pulse experiments,pioreactor01,2026-09-15T09:25:29.485Z,0.006592901874,90,2,2026-09-15 15:10:29.485,1871.063888888889
Pulse experiments,pioreactor01,2026-09-15T09:25:29.485Z,0.277103450157,135,3,2026-09-15 15:10:29.485,1871.063888888889
Pulse experiments,pioreactor01,2026-09-15T09:25:29.485Z,0.07187710866,45,4,2026-09-15 15:10:29.485,1871.063888888889
Pulse experiments,pioreactor01,2026-09-15T09:25:34.488Z,0.016290057646,90,2,2026-09-15 15:10:34.488,1871.065277777778
Pulse experiments,pioreactor01,2026-09-15T09:25:34.488Z,0.286259871483,135,3,2026-09-15 15:10:34.488,1871.065277777778
Pulse experiments,pioreactor01,2026-09-15T09:25:34.488Z,0.167013539646,45,4,2026-09-15 15:10:34.488,1871.065277777778
Pulse experiments,pioreactor01,2026-09-15T09:25:39.495Z,0.007926871371,90,2,2026-09-15 15:10:39.495,1871.066666666667
Pulse experiments,pioreactor01,2026-09-15T09:25:39.495Z,0.281644233519,135,3,2026-09-15 15:10:39.495,1871.066666666667
Pulse experiments,pioreactor01,2026-09-15T09:25:39.495Z,0.084180868779,45,4,2026-09-15 15:10:39.495,1871.066666666667
Pulse experiments,pioreactor01,2026-09-15T09:25:44.484Z,0.004549264214,90,2,2026-09-15 15:10:44.484,1871.068055555555
Pulse experiments,pioreactor01,2026-09-15T09:25:44.484Z,0.279005448882,135,3,2026-09-15 15:10:44.484,1871.068055555555
Pulse experiments,pioreactor01,2026-09-15T09:25:44.484Z,0.051226716339,45,4,2026-09-15 15:10:44.484,1871.068055555555
Pulse experiments,pioreactor01,2026-09-15T09:25:49.494Z,0.006098906343,90,2,2026-09-15 15:10:49.494,1871.069444444444
Pulse experiments,pioreactor01,2026-09-15T09:25:49.494Z,0.277084967367,135,3,2026-09-15 15:10:49.494,1871.069444444444
Pulse experiments,pioreactor01,2026-09-15T09:25:49.494Z,0.067745402528,45,4,2026-09-15 15:10:49.494,1871.069444444444
Pulse experiments,pioreactor01,2026-09-15T09:25:54.498Z,0.013501929592,90,2,2026-09-15 15:10:54.498,1871.070833333333
Pulse experiments,pioreactor01,2026-09-15T09:25:54.498Z,0.28131699609,135,3,2026-09-15 15:10:54.498,1871.070833333333
Pulse experiments,pioreactor01,2026-09-15T09:25:54.498Z,0.138566707171,45,4,2026-09-15 15:10:54.498,1871.070833333333
Pulse experiments,pioreactor01,2026-09-15T09:25:59.489Z,0.006743292308,90,2,2026-09-15 15:10:59.489,1871.072222222222
Pulse experiments,pioreactor01,2026-09-15T09:25:59.489Z,0.279336483705,135,3,2026-09-15 15:10:59.489,1871.072222222222
Pulse experiments,pioreactor01,2026-09-15T09:25:59.489Z,0.073108206492,45,4,2026-09-15 15:10:59.489,1871.072222222222
Pulse experiments,pioreactor01,2026-09-15T09:26:04.486Z,0.004862800025,90,2,2026-09-15 15:11:04.486,1871.073611111111
Pulse experiments,pioreactor01,2026-09-15T09:26:04.486Z,0.274089058903,135,3,2026-09-15 15:11:04.486,1871.073611111111
Pulse experiments,pioreactor01,2026-09-15T09:26:04.486Z,0.058083512291,45,4,2026-09-15 15:11:04.486,1871.073611111111
Pulse experiments,pioreactor01,2026-09-15T09:26:09.499Z,0.003312650844,90,2,2026-09-15 15:11:09.499,1871.075
Pulse experiments,pioreactor01,2026-09-15T09:26:09.499Z,0.274820799006,135,3,2026-09-15 15:11:09.499,1871.075
Pulse experiments,pioreactor01,2026-09-15T09:26:09.499Z,0.040795816093,45,4,2026-09-15 15:11:09.499,1871.075
Pulse experiments,pioreactor01,2026-09-15T09:26:14.496Z,0.002913571634,90,2,2026-09-15 15:11:14.496,1871.076388888889
Pulse experiments,pioreactor01,2026-09-15T09:26:14.496Z,0.276662976369,135,3,2026-09-15 15:11:14.496,1871.076388888889
Pulse experiments,pioreactor01,2026-09-15T09:26:14.496Z,0.035327375983,45,4,2026-09-15 15:11:14.496,1871.076388888889
Pulse experiments,pioreactor01,2026-09-15T09:26:19.502Z,0.010965950799,90,2,2026-09-15 15:11:19.502,1871.077777777778
Pulse experiments,pioreactor01,2026-09-15T09:26:19.502Z,0.282239678756,135,3,2026-09-15 15:11:19.502,1871.077777777778
Pulse experiments,pioreactor01,2026-09-15T09:26:19.502Z,0.115655839568,45,4,2026-09-15 15:11:19.502,1871.077777777778
Pulse experiments,pioreactor01,2026-09-15T09:26:24.492Z,0.005696028354,90,2,2026-09-15 15:11:24.492,1871.079166666667
Pulse experiments,pioreactor01,2026-09-15T09:26:24.492Z,0.27837623255,135,3,2026-09-15 15:11:24.492,1871.079166666667
Pulse experiments,pioreactor01,2026-09-15T09:26:24.492Z,0.063802323792,45,4,2026-09-15 15:11:24.492,1871.079166666667
Pulse experiments,pioreactor01,2026-09-15T09:26:29.489Z,0.003702363268,90,2,2026-09-15 15:11:29.489,1871.080555555556
Pulse experiments,pioreactor01,2026-09-15T09:26:29.489Z,0.277409928975,135,3,2026-09-15 15:11:29.489,1871.080555555556
Pulse experiments,pioreactor01,2026-09-15T09:26:29.489Z,0.044370934557,45,4,2026-09-15 15:11:29.489,1871.080555555556
Pulse experiments,pioreactor01,2026-09-15T09:26:34.485Z,0.00290393686,90,2,2026-09-15 15:11:34.485,1871.081944444444
Pulse experiments,pioreactor01,2026-09-15T09:26:34.485Z,0.277231897456,135,3,2026-09-15 15:11:34.485,1871.081944444444
Pulse experiments,pioreactor01,2026-09-15T09:26:34.485Z,0.036009204883,45,4,2026-09-15 15:11:34.485,1871.081944444444
Pulse experiments,pioreactor01,2026-09-15T09:26:39.494Z,0.010855036979,90,2,2026-09-15 15:11:39.494,1871.083333333333
Pulse experiments,pioreactor01,2026-09-15T09:26:39.494Z,0.277162718946,135,3,2026-09-15 15:11:39.494,1871.083333333333
Pulse experiments,pioreactor01,2026-09-15T09:26:39.494Z,0.112447483774,45,4,2026-09-15 15:11:39.494,1871.083333333333
Pulse experiments,pioreactor01,2026-09-15T09:26:44.495Z,0.006082299318,90,2,2026-09-15 15:11:44.495,1871.084722222222
Pulse experiments,pioreactor01,2026-09-15T09:26:44.495Z,0.274726486543,135,3,2026-09-15 15:11:44.495,1871.084722222222
Pulse experiments,pioreactor01,2026-09-15T09:26:44.495Z,0.068897184438,45,4,2026-09-15 15:11:44.495,1871.084722222222
Pulse experiments,pioreactor01,2026-09-15T09:26:49.495Z,0.003982234822,90,2,2026-09-15 15:11:49.495,1871.086111111111
Pulse experiments,pioreactor01,2026-09-15T09:26:49.495Z,0.276403492769,135,3,2026-09-15 15:11:49.495,1871.086111111111
Pulse experiments,pioreactor01,2026-09-15T09:26:49.495Z,0.04753186458,45,4,2026-09-15 15:11:49.495,1871.086111111111
Pulse experiments,pioreactor01,2026-09-15T09:26:54.491Z,0.011825985816,90,2,2026-09-15 15:11:54.491,1871.0875
Pulse experiments,pioreactor01,2026-09-15T09:26:54.491Z,0.280670993753,135,3,2026-09-15 15:11:54.491,1871.0875
Pulse experiments,pioreactor01,2026-09-15T09:26:54.491Z,0.120780569721,45,4,2026-09-15 15:11:54.491,1871.0875
Pulse experiments,pioreactor01,2026-09-15T09:26:59.499Z,0.006141136477,90,2,2026-09-15 15:11:59.499,1871.088888888889
Pulse experiments,pioreactor01,2026-09-15T09:26:59.499Z,0.277818252506,135,3,2026-09-15 15:11:59.499,1871.088888888889
Pulse experiments,pioreactor01,2026-09-15T09:26:59.499Z,0.067374765837,45,4,2026-09-15 15:11:59.499,1871.088888888889
Pulse experiments,pioreactor01,2026-09-15T09:27:04.495Z,0.003925267182,90,2,2026-09-15 15:12:04.495,1871.090277777778
Pulse experiments,pioreactor01,2026-09-15T09:27:04.495Z,0.277650668371,135,3,2026-09-15 15:12:04.495,1871.090277777778
Pulse experiments,pioreactor01,2026-09-15T09:27:04.495Z,0.04531878917,45,4,2026-09-15 15:12:04.495,1871.090277777778
Pulse experiments,pioreactor01,2026-09-15T09:27:09.497Z,0.003091218063,90,2,2026-09-15 15:12:09.497,1871.091666666667
Pulse experiments,pioreactor01,2026-09-15T09:27:09.497Z,0.277295604819,135,3,2026-09-15 15:12:09.497,1871.091666666667
Pulse experiments,pioreactor01,2026-09-15T09:27:09.497Z,0.03685474906,45,4,2026-09-15 15:12:09.497,1871.091666666667
Pulse experiments,pioreactor01,2026-09-15T09:27:14.493Z,0.002689847271,90,2,2026-09-15 15:12:14.493,1871.093055555556
Pulse experiments,pioreactor01,2026-09-15T09:27:14.493Z,0.275390985092,135,3,2026-09-15 15:12:14.493,1871.093055555556
Pulse experiments,pioreactor01,2026-09-15T09:27:14.493Z,0.033509996718,45,4,2026-09-15 15:12:14.493,1871.093055555556
Pulse experiments,pioreactor01,2026-09-15T09:27:19.488Z,0.002559158277,90,2,2026-09-15 15:12:19.488,1871.094444444444
Pulse experiments,pioreactor01,2026-09-15T09:27:19.488Z,0.27671633439,135,3,2026-09-15 15:12:19.488,1871.094444444444
Pulse experiments,pioreactor01,2026-09-15T09:27:19.488Z,0.032442582293,45,4,2026-09-15 15:12:19.488,1871.094444444444
Pulse experiments,pioreactor01,2026-09-15T09:27:24.490Z,0.00262743385,90,2,2026-09-15 15:12:24.490,1871.095833333333
Pulse experiments,pioreactor01,2026-09-15T09:27:24.490Z,0.276877920912,135,3,2026-09-15 15:12:24.490,1871.095833333333
Pulse experiments,pioreactor01,2026-09-15T09:27:24.490Z,0.034918319165,45,4,2026-09-15 15:12:24.490,1871.095833333333
Pulse experiments,pioreactor01,2026-09-15T09:27:29.491Z,0.003053322548,90,2,2026-09-15 15:12:29.491,1871.097222222222
Pulse experiments,pioreactor01,2026-09-15T09:27:29.491Z,0.27696576685,135,3,2026-09-15 15:12:29.491,1871.097222222222
Pulse experiments,pioreactor01,2026-09-15T09:27:29.491Z,0.038980648497,45,4,2026-09-15 15:12:29.491,1871.097222222222
Pulse experiments,pioreactor01,2026-09-15T09:27:34.488Z,0.002793695278,90,2,2026-09-15 15:12:34.488,1871.098611111111
Pulse experiments,pioreactor01,2026-09-15T09:27:34.488Z,0.276956027938,135,3,2026-09-15 15:12:34.488,1871.098611111111
Pulse experiments,pioreactor01,2026-09-15T09:27:34.488Z,0.035628714831,45,4,2026-09-15 15:12:34.488,1871.098611111111
Pulse experiments,pioreactor01,2026-09-15T09:27:39.503Z,0.002850003684,90,2,2026-09-15 15:12:39.503,1871.1
Pulse experiments,pioreactor01,2026-09-15T09:27:39.503Z,0.276295992847,135,3,2026-09-15 15:12:39.503,1871.1
Pulse experiments,pioreactor01,2026-09-15T09:27:39.503Z,0.037914382815,45,4,2026-09-15 15:12:39.503,1871.1
Pulse experiments,pioreactor01,2026-09-15T09:27:44.492Z,0.00282007935,90,2,2026-09-15 15:12:44.492,1871.101388888889
Pulse experiments,pioreactor01,2026-09-15T09:27:44.492Z,0.275870950826,135,3,2026-09-15 15:12:44.492,1871.101388888889
Pulse experiments,pioreactor01,2026-09-15T09:27:44.492Z,0.03604509574,45,4,2026-09-15 15:12:44.492,1871.101388888889
Pulse experiments,pioreactor01,2026-09-15T09:27:49.496Z,0.00266508619,90,2,2026-09-15 15:12:49.496,1871.102777777778
Pulse experiments,pioreactor01,2026-09-15T09:27:49.496Z,0.275942486124,135,3,2026-09-15 15:12:49.496,1871.102777777778
Pulse experiments,pioreactor01,2026-09-15T09:27:49.496Z,0.03376172003,45,4,2026-09-15 15:12:49.496,1871.102777777778
Pulse experiments,pioreactor01,2026-09-15T09:27:54.496Z,0.012446818647,90,2,2026-09-15 15:12:54.496,1871.104166666667
Pulse experiments,pioreactor01,2026-09-15T09:27:54.496Z,0.27686627832,135,3,2026-09-15 15:12:54.496,1871.104166666667
Pulse experiments,pioreactor01,2026-09-15T09:27:54.496Z,0.128693184327,45,4,2026-09-15 15:12:54.496,1871.104166666667
Pulse experiments,pioreactor01,2026-09-15T09:27:59.497Z,0.00643358012,90,2,2026-09-15 15:12:59.497,1871.105555555556
Pulse experiments,pioreactor01,2026-09-15T09:27:59.497Z,0.27672441727,135,3,2026-09-15 15:12:59.497,1871.105555555556
Pulse experiments,pioreactor01,2026-09-15T09:27:59.497Z,0.070812965167,45,4,2026-09-15 15:12:59.497,1871.105555555556
Pulse experiments,pioreactor01,2026-09-15T09:28:04.498Z,0.004088447945,90,2,2026-09-15 15:13:04.498,1871.106944444444
Pulse experiments,pioreactor01,2026-09-15T09:28:04.498Z,0.275481203962,135,3,2026-09-15 15:13:04.498,1871.106944444444
Pulse experiments,pioreactor01,2026-09-15T09:28:04.498Z,0.049504750752,45,4,2026-09-15 15:13:04.498,1871.106944444444
Pulse experiments,pioreactor01,2026-09-15T09:28:09.492Z,0.004479580686,90,2,2026-09-15 15:13:09.492,1871.108333333333
Pulse experiments,pioreactor01,2026-09-15T09:28:09.492Z,0.277027246562,135,3,2026-09-15 15:13:09.492,1871.108333333333
Pulse experiments,pioreactor01,2026-09-15T09:28:09.492Z,0.051595971235,45,4,2026-09-15 15:13:09.492,1871.108333333333
Pulse experiments,pioreactor01,2026-09-15T09:28:14.490Z,0.006707320467,90,2,2026-09-15 15:13:14.490,1871.109722222222
Pulse experiments,pioreactor01,2026-09-15T09:28:14.490Z,0.278750851935,135,3,2026-09-15 15:13:14.490,1871.109722222222
Pulse experiments,pioreactor01,2026-09-15T09:28:14.490Z,0.07167526378,45,4,2026-09-15 15:13:14.490,1871.109722222222
Pulse experiments,pioreactor01,2026-09-15T09:28:19.490Z,0.004199920074,90,2,2026-09-15 15:13:19.490,1871.111111111111
Pulse experiments,pioreactor01,2026-09-15T09:28:19.490Z,0.275913669582,135,3,2026-09-15 15:13:19.490,1871.111111111111
Pulse experiments,pioreactor01,2026-09-15T09:28:19.490Z,0.048371403016,45,4,2026-09-15 15:13:19.490,1871.111111111111
Pulse experiments,pioreactor01,2026-09-15T09:28:24.487Z,0.003371796247,90,2,2026-09-15 15:13:24.487,1871.1125
Pulse experiments,pioreactor01,2026-09-15T09:28:24.487Z,0.276534816668,135,3,2026-09-15 15:13:24.487,1871.1125
Pulse experiments,pioreactor01,2026-09-15T09:28:24.487Z,0.04083323964,45,4,2026-09-15 15:13:24.487,1871.1125
Pulse experiments,pioreactor01,2026-09-15T09:28:29.488Z,0.003206571032,90,2,2026-09-15 15:13:29.488,1871.113888888889
Pulse experiments,pioreactor01,2026-09-15T09:28:29.488Z,0.271527233182,135,3,2026-09-15 15:13:29.488,1871.113888888889
Pulse experiments,pioreactor01,2026-09-15T09:28:29.488Z,0.043834016881,45,4,2026-09-15 15:13:29.488,1871.113888888889
Pulse experiments,pioreactor01,2026-09-15T09:28:34.484Z,0.012874515332,90,2,2026-09-15 15:13:34.484,1871.115277777778
Pulse experiments,pioreactor01,2026-09-15T09:28:34.484Z,0.280382512659,135,3,2026-09-15 15:13:34.484,1871.115277777778
Pulse experiments,pioreactor01,2026-09-15T09:28:34.484Z,0.134377457091,45,4,2026-09-15 15:13:34.484,1871.115277777778
Pulse experiments,pioreactor01,2026-09-15T09:28:39.488Z,0.006820694543,90,2,2026-09-15 15:13:39.488,1871.116666666667
Pulse experiments,pioreactor01,2026-09-15T09:28:39.488Z,0.274734128561,135,3,2026-09-15 15:13:39.488,1871.116666666667
Pulse experiments,pioreactor01,2026-09-15T09:28:39.488Z,0.07478053933,45,4,2026-09-15 15:13:39.488,1871.116666666667
Pulse experiments,pioreactor01,2026-09-15T09:28:44.498Z,0.006698157695,90,2,2026-09-15 15:13:44.498,1871.118055555556
Pulse experiments,pioreactor01,2026-09-15T09:28:44.498Z,0.272902827946,135,3,2026-09-15 15:13:44.498,1871.118055555556
Pulse experiments,pioreactor01,2026-09-15T09:28:44.498Z,0.077900842501,45,4,2026-09-15 15:13:44.498,1871.118055555556
Pulse experiments,pioreactor01,2026-09-15T09:28:49.483Z,0.014037025029,90,2,2026-09-15 15:13:49.483,1871.119444444445
Pulse experiments,pioreactor01,2026-09-15T09:28:49.483Z,0.281581201522,135,3,2026-09-15 15:13:49.483,1871.119444444445
Pulse experiments,pioreactor01,2026-09-15T09:28:49.483Z,0.136944374628,45,4,2026-09-15 15:13:49.483,1871.119444444445
Pulse experiments,pioreactor01,2026-09-15T09:28:54.492Z,0.007349163968,90,2,2026-09-15 15:13:54.492,1871.120833333333
Pulse experiments,pioreactor01,2026-09-15T09:28:54.492Z,0.277590062208,135,3,2026-09-15 15:13:54.492,1871.120833333333
Pulse experiments,pioreactor01,2026-09-15T09:28:54.492Z,0.076466924898,45,4,2026-09-15 15:13:54.492,1871.120833333333
Pulse experiments,pioreactor01,2026-09-15T09:28:59.483Z,0.004441273068,90,2,2026-09-15 15:13:59.483,1871.122222222222
Pulse experiments,pioreactor01,2026-09-15T09:28:59.483Z,0.263232108056,135,3,2026-09-15 15:13:59.483,1871.122222222222
Pulse experiments,pioreactor01,2026-09-15T09:28:59.483Z,0.056290388388,45,4,2026-09-15 15:13:59.483,1871.122222222222
Pulse experiments,pioreactor01,2026-09-15T09:29:04.492Z,0.003302330261,90,2,2026-09-15 15:14:04.492,1871.123611111111
Pulse experiments,pioreactor01,2026-09-15T09:29:04.492Z,0.271428556525,135,3,2026-09-15 15:14:04.492,1871.123611111111
Pulse experiments,pioreactor01,2026-09-15T09:29:04.492Z,0.041571873423,45,4,2026-09-15 15:14:04.492,1871.123611111111
Pulse experiments,pioreactor01,2026-09-15T09:29:09.483Z,0.003002741312,90,2,2026-09-15 15:14:09.483,1871.125
Pulse experiments,pioreactor01,2026-09-15T09:29:09.483Z,0.273982086813,135,3,2026-09-15 15:14:09.483,1871.125
Pulse experiments,pioreactor01,2026-09-15T09:29:09.483Z,0.037649559733,45,4,2026-09-15 15:14:09.483,1871.125
Pulse experiments,pioreactor01,2026-09-15T09:29:14.487Z,0.002909866736,90,2,2026-09-15 15:14:14.487,1871.126388888889
Pulse experiments,pioreactor01,2026-09-15T09:29:14.487Z,0.276859970855,135,3,2026-09-15 15:14:14.487,1871.126388888889
Pulse experiments,pioreactor01,2026-09-15T09:29:14.487Z,0.037973344136,45,4,2026-09-15 15:14:14.487,1871.126388888889
Pulse experiments,pioreactor01,2026-09-15T09:29:19.496Z,0.002800901603,90,2,2026-09-15 15:14:19.496,1871.127777777778
Pulse experiments,pioreactor01,2026-09-15T09:29:19.496Z,0.276997409447,135,3,2026-09-15 15:14:19.496,1871.127777777778
Pulse experiments,pioreactor01,2026-09-15T09:29:19.496Z,0.035594358522,45,4,2026-09-15 15:14:19.496,1871.127777777778
Pulse experiments,pioreactor01,2026-09-15T09:29:24.489Z,0.004343460508,90,2,2026-09-15 15:14:24.489,1871.129166666667
Pulse experiments,pioreactor01,2026-09-15T09:29:24.489Z,0.277044182606,135,3,2026-09-15 15:14:24.489,1871.129166666667
Pulse experiments,pioreactor01,2026-09-15T09:29:24.489Z,0.056787659169,45,4,2026-09-15 15:14:24.489,1871.129166666667
Pulse experiments,pioreactor01,2026-09-15T09:29:29.489Z,0.014297940594,90,2,2026-09-15 15:14:29.489,1871.130555555555
Pulse experiments,pioreactor01,2026-09-15T09:29:29.489Z,0.281643947031,135,3,2026-09-15 15:14:29.489,1871.130555555555
Pulse experiments,pioreactor01,2026-09-15T09:29:29.489Z,0.146083402543,45,4,2026-09-15 15:14:29.489,1871.130555555555
Pulse experiments,pioreactor01,2026-09-15T09:29:34.494Z,0.007179205225,90,2,2026-09-15 15:14:34.494,1871.131944444444
Pulse experiments,pioreactor01,2026-09-15T09:29:34.494Z,0.279237141106,135,3,2026-09-15 15:14:34.494,1871.131944444444
Pulse experiments,pioreactor01,2026-09-15T09:29:34.494Z,0.077295193619,45,4,2026-09-15 15:14:34.494,1871.131944444444
Pulse experiments,pioreactor01,2026-09-15T09:29:39.509Z,0.005460642882,90,2,2026-09-15 15:14:39.509,1871.133333333333
Pulse experiments,pioreactor01,2026-09-15T09:29:39.509Z,0.273790776368,135,3,2026-09-15 15:14:39.509,1871.133333333333
Pulse experiments,pioreactor01,2026-09-15T09:29:39.509Z,0.063334328064,45,4,2026-09-15 15:14:39.509,1871.133333333333
Pulse experiments,pioreactor01,2026-09-15T09:29:44.495Z,0.010222133518,90,2,2026-09-15 15:14:44.495,1871.134722222222
Pulse experiments,pioreactor01,2026-09-15T09:29:44.495Z,0.280315879442,135,3,2026-09-15 15:14:44.495,1871.134722222222
Pulse experiments,pioreactor01,2026-09-15T09:29:44.495Z,0.111945148199,45,4,2026-09-15 15:14:44.495,1871.134722222222
Pulse experiments,pioreactor01,2026-09-15T09:29:49.507Z,0.013917472376,90,2,2026-09-15 15:14:49.507,1871.136111111111
Pulse experiments,pioreactor01,2026-09-15T09:29:49.507Z,0.280413873929,135,3,2026-09-15 15:14:49.507,1871.136111111111
Pulse experiments,pioreactor01,2026-09-15T09:29:49.507Z,0.144182836501,45,4,2026-09-15 15:14:49.507,1871.136111111111
Pulse experiments,pioreactor01,2026-09-15T09:29:54.491Z,0.006994324573,90,2,2026-09-15 15:14:54.491,1871.1375
Pulse experiments,pioreactor01,2026-09-15T09:29:54.491Z,0.27872834455,135,3,2026-09-15 15:14:54.491,1871.1375
Pulse experiments,pioreactor01,2026-09-15T09:29:54.491Z,0.076016868065,45,4,2026-09-15 15:14:54.491,1871.1375
Pulse experiments,pioreactor01,2026-09-15T09:29:59.488Z,0.004605847693,90,2,2026-09-15 15:14:59.488,1871.138888888889
Pulse experiments,pioreactor01,2026-09-15T09:29:59.488Z,0.277498736185,135,3,2026-09-15 15:14:59.488,1871.138888888889
Pulse experiments,pioreactor01,2026-09-15T09:29:59.488Z,0.052320009087,45,4,2026-09-15 15:14:59.488,1871.138888888889
Pulse experiments,pioreactor01,2026-09-15T09:30:04.488Z,0.00358767924,90,2,2026-09-15 15:15:04.488,1871.140277777778
Pulse experiments,pioreactor01,2026-09-15T09:30:04.488Z,0.276568746467,135,3,2026-09-15 15:15:04.488,1871.140277777778
Pulse experiments,pioreactor01,2026-09-15T09:30:04.488Z,0.04338124265,45,4,2026-09-15 15:15:04.488,1871.140277777778
Pulse experiments,pioreactor01,2026-09-15T09:30:09.487Z,0.002990824045,90,2,2026-09-15 15:15:09.487,1871.141666666667
Pulse experiments,pioreactor01,2026-09-15T09:30:09.487Z,0.275267982464,135,3,2026-09-15 15:15:09.487,1871.141666666667
Pulse experiments,pioreactor01,2026-09-15T09:30:09.487Z,0.039245379613,45,4,2026-09-15 15:15:09.487,1871.141666666667
Pulse experiments,pioreactor01,2026-09-15T09:30:14.487Z,0.002746718566,90,2,2026-09-15 15:15:14.487,1871.143055555556
Pulse experiments,pioreactor01,2026-09-15T09:30:14.487Z,0.274944138407,135,3,2026-09-15 15:15:14.487,1871.143055555556
Pulse experiments,pioreactor01,2026-09-15T09:30:14.487Z,0.036638514463,45,4,2026-09-15 15:15:14.487,1871.143055555556
Pulse experiments,pioreactor01,2026-09-15T09:30:19.496Z,0.003171997569,90,2,2026-09-15 15:15:19.496,1871.144444444444
Pulse experiments,pioreactor01,2026-09-15T09:30:19.496Z,0.275442394916,135,3,2026-09-15 15:15:19.496,1871.144444444444
Pulse experiments,pioreactor01,2026-09-15T09:30:19.496Z,0.038588477844,45,4,2026-09-15 15:15:19.496,1871.144444444444
Pulse experiments,pioreactor01,2026-09-15T09:30:24.499Z,0.002917271635,90,2,2026-09-15 15:15:24.499,1871.145833333333
Pulse experiments,pioreactor01,2026-09-15T09:30:24.499Z,0.271820719557,135,3,2026-09-15 15:15:24.499,1871.145833333333
Pulse experiments,pioreactor01,2026-09-15T09:30:24.499Z,0.036856496597,45,4,2026-09-15 15:15:24.499,1871.145833333333
Pulse experiments,pioreactor01,2026-09-15T09:30:29.494Z,0.013931373275,90,2,2026-09-15 15:15:29.494,1871.147222222222
Pulse experiments,pioreactor01,2026-09-15T09:30:29.494Z,0.266736330695,135,3,2026-09-15 15:15:29.494,1871.147222222222
Pulse experiments,pioreactor01,2026-09-15T09:30:29.494Z,0.13682765474,45,4,2026-09-15 15:15:29.494,1871.147222222222
Pulse experiments,pioreactor01,2026-09-15T09:30:34.498Z,0.007270343195,90,2,2026-09-15 15:15:34.498,1871.148611111111
Pulse experiments,pioreactor01,2026-09-15T09:30:34.498Z,0.261688792861,135,3,2026-09-15 15:15:34.498,1871.148611111111
Pulse experiments,pioreactor01,2026-09-15T09:30:34.498Z,0.075359330778,45,4,2026-09-15 15:15:34.498,1871.148611111111
Pulse experiments,pioreactor01,2026-09-15T09:30:39.493Z,0.004447145867,90,2,2026-09-15 15:15:39.493,1871.15
Pulse experiments,pioreactor01,2026-09-15T09:30:39.493Z,0.271002977493,135,3,2026-09-15 15:15:39.493,1871.15
Pulse experiments,pioreactor01,2026-09-15T09:30:39.493Z,0.050046646613,45,4,2026-09-15 15:15:39.493,1871.15
Pulse experiments,pioreactor01,2026-09-15T09:30:44.504Z,0.004241549163,90,2,2026-09-15 15:15:44.504,1871.151388888889
Pulse experiments,pioreactor01,2026-09-15T09:30:44.504Z,0.270379653722,135,3,2026-09-15 15:15:44.504,1871.151388888889
Pulse experiments,pioreactor01,2026-09-15T09:30:44.504Z,0.055810736165,45,4,2026-09-15 15:15:44.504,1871.151388888889
Pulse experiments,pioreactor01,2026-09-15T09:30:49.485Z,0.008144433586,90,2,2026-09-15 15:15:49.485,1871.152777777778
Pulse experiments,pioreactor01,2026-09-15T09:30:49.485Z,0.272656983837,135,3,2026-09-15 15:15:49.485,1871.152777777778
Pulse experiments,pioreactor01,2026-09-15T09:30:49.485Z,0.090181473453,45,4,2026-09-15 15:15:49.485,1871.152777777778
Pulse experiments,pioreactor01,2026-09-15T09:30:54.491Z,0.00485568985,90,2,2026-09-15 15:15:54.491,1871.154166666667
Pulse experiments,pioreactor01,2026-09-15T09:30:54.491Z,0.269440378618,135,3,2026-09-15 15:15:54.491,1871.154166666667
Pulse experiments,pioreactor01,2026-09-15T09:30:54.491Z,0.0581517267,45,4,2026-09-15 15:15:54.491,1871.154166666667
Pulse experiments,pioreactor01,2026-09-15T09:30:59.491Z,0.003589031425,90,2,2026-09-15 15:15:59.491,1871.155555555556
Pulse experiments,pioreactor01,2026-09-15T09:30:59.491Z,0.27328510531,135,3,2026-09-15 15:15:59.491,1871.155555555556
Pulse experiments,pioreactor01,2026-09-15T09:30:59.491Z,0.044282352505,45,4,2026-09-15 15:15:59.491,1871.155555555556
Pulse experiments,pioreactor01,2026-09-15T09:31:04.484Z,0.003991442631,90,2,2026-09-15 15:16:04.484,1871.156944444444
Pulse experiments,pioreactor01,2026-09-15T09:31:04.484Z,0.27617802137,135,3,2026-09-15 15:16:04.484,1871.156944444444
Pulse experiments,pioreactor01,2026-09-15T09:31:04.484Z,0.044551182416,45,4,2026-09-15 15:16:04.484,1871.156944444444
Pulse experiments,pioreactor01,2026-09-15T09:31:09.484Z,0.003439272892,90,2,2026-09-15 15:16:09.484,1871.158333333333
Pulse experiments,pioreactor01,2026-09-15T09:31:09.484Z,0.276448959667,135,3,2026-09-15 15:16:09.484,1871.158333333333
Pulse experiments,pioreactor01,2026-09-15T09:31:09.484Z,0.04111006056,45,4,2026-09-15 15:16:09.484,1871.158333333333
Pulse experiments,pioreactor01,2026-09-15T09:31:14.487Z,0.003087997869,90,2,2026-09-15 15:16:14.487,1871.159722222222
Pulse experiments,pioreactor01,2026-09-15T09:31:14.487Z,0.275607959898,135,3,2026-09-15 15:16:14.487,1871.159722222222
Pulse experiments,pioreactor01,2026-09-15T09:31:14.487Z,0.038228456456,45,4,2026-09-15 15:16:14.487,1871.159722222222
Pulse experiments,pioreactor01,2026-09-15T09:31:19.492Z,0.002910607742,90,2,2026-09-15 15:16:19.492,1871.161111111111
Pulse experiments,pioreactor01,2026-09-15T09:31:19.492Z,0.277097508644,135,3,2026-09-15 15:16:19.492,1871.161111111111
Pulse experiments,pioreactor01,2026-09-15T09:31:19.492Z,0.037306102361,45,4,2026-09-15 15:16:19.492,1871.161111111111
Pulse experiments,pioreactor01,2026-09-15T09:31:24.498Z,0.002802320218,90,2,2026-09-15 15:16:24.498,1871.1625
Pulse experiments,pioreactor01,2026-09-15T09:31:24.498Z,0.275555756062,135,3,2026-09-15 15:16:24.498,1871.1625
Pulse experiments,pioreactor01,2026-09-15T09:31:24.498Z,0.03611980096,45,4,2026-09-15 15:16:24.498,1871.1625
Pulse experiments,pioreactor01,2026-09-15T09:31:29.484Z,0.002784266858,90,2,2026-09-15 15:16:29.484,1871.163888888889
Pulse experiments,pioreactor01,2026-09-15T09:31:29.484Z,0.275869791808,135,3,2026-09-15 15:16:29.484,1871.163888888889
Pulse experiments,pioreactor01,2026-09-15T09:31:29.484Z,0.035559549646,45,4,2026-09-15 15:16:29.484,1871.163888888889
Pulse experiments,pioreactor01,2026-09-15T09:31:34.493Z,0.002835634164,90,2,2026-09-15 15:16:34.493,1871.165277777778
Pulse experiments,pioreactor01,2026-09-15T09:31:34.493Z,0.276023005605,135,3,2026-09-15 15:16:34.493,1871.165277777778
Pulse experiments,pioreactor01,2026-09-15T09:31:34.493Z,0.03587204786,45,4,2026-09-15 15:16:34.493,1871.165277777778
Pulse experiments,pioreactor01,2026-09-15T09:31:39.487Z,0.006320283901,90,2,2026-09-15 15:16:39.487,1871.166666666667
Pulse experiments,pioreactor01,2026-09-15T09:31:39.487Z,0.279229137393,135,3,2026-09-15 15:16:39.487,1871.166666666667
Pulse experiments,pioreactor01,2026-09-15T09:31:39.487Z,0.06960212507,45,4,2026-09-15 15:16:39.487,1871.166666666667
Pulse experiments,pioreactor01,2026-09-15T09:31:44.488Z,0.014469119782,90,2,2026-09-15 15:16:44.488,1871.168055555556
Pulse experiments,pioreactor01,2026-09-15T09:31:44.488Z,0.284518216647,135,3,2026-09-15 15:16:44.488,1871.168055555556
Pulse experiments,pioreactor01,2026-09-15T09:31:44.488Z,0.146615365431,45,4,2026-09-15 15:16:44.488,1871.168055555556
Pulse experiments,pioreactor01,2026-09-15T09:31:49.486Z,0.007206372706,90,2,2026-09-15 15:16:49.486,1871.169444444444
Pulse experiments,pioreactor01,2026-09-15T09:31:49.486Z,0.278993631186,135,3,2026-09-15 15:16:49.486,1871.169444444444
Pulse experiments,pioreactor01,2026-09-15T09:31:49.486Z,0.077649723631,45,4,2026-09-15 15:16:49.486,1871.169444444444
Pulse experiments,pioreactor01,2026-09-15T09:31:54.501Z,0.004573272373,90,2,2026-09-15 15:16:54.501,1871.170833333333
Pulse experiments,pioreactor01,2026-09-15T09:31:54.501Z,0.273509087933,135,3,2026-09-15 15:16:54.501,1871.170833333333
Pulse experiments,pioreactor01,2026-09-15T09:31:54.501Z,0.053328463618,45,4,2026-09-15 15:16:54.501,1871.170833333333
Pulse experiments,pioreactor01,2026-09-15T09:31:59.492Z,0.003368016705,90,2,2026-09-15 15:16:59.492,1871.172222222222
Pulse experiments,pioreactor01,2026-09-15T09:31:59.492Z,0.273767304363,135,3,2026-09-15 15:16:59.492,1871.172222222222
Pulse experiments,pioreactor01,2026-09-15T09:31:59.492Z,0.041306656362,45,4,2026-09-15 15:16:59.492,1871.172222222222
Pulse experiments,pioreactor01,2026-09-15T09:32:04.495Z,0.003091960551,90,2,2026-09-15 15:17:04.495,1871.173611111111
Pulse experiments,pioreactor01,2026-09-15T09:32:04.495Z,0.270892688559,135,3,2026-09-15 15:17:04.495,1871.173611111111
Pulse experiments,pioreactor01,2026-09-15T09:32:04.495Z,0.0394167464,45,4,2026-09-15 15:17:04.495,1871.173611111111
Pulse experiments,pioreactor01,2026-09-15T09:32:09.498Z,0.01398021682,90,2,2026-09-15 15:17:09.498,1871.175
Pulse experiments,pioreactor01,2026-09-15T09:32:09.498Z,0.282034159791,135,3,2026-09-15 15:17:09.498,1871.175
Pulse experiments,pioreactor01,2026-09-15T09:32:09.498Z,0.140929967996,45,4,2026-09-15 15:17:09.498,1871.175
Pulse experiments,pioreactor01,2026-09-15T09:32:14.493Z,0.007404102179,90,2,2026-09-15 15:17:14.493,1871.176388888889
Pulse experiments,pioreactor01,2026-09-15T09:32:14.493Z,0.278078027378,135,3,2026-09-15 15:17:14.493,1871.176388888889
Pulse experiments,pioreactor01,2026-09-15T09:32:14.493Z,0.078344976044,45,4,2026-09-15 15:17:14.493,1871.176388888889
Pulse experiments,pioreactor01,2026-09-15T09:32:19.490Z,0.004573143124,90,2,2026-09-15 15:17:19.490,1871.177777777778
Pulse experiments,pioreactor01,2026-09-15T09:32:19.490Z,0.276730020826,135,3,2026-09-15 15:17:19.490,1871.177777777778
Pulse experiments,pioreactor01,2026-09-15T09:32:19.490Z,0.051907038228,45,4,2026-09-15 15:17:19.490,1871.177777777778
Pulse experiments,pioreactor01,2026-09-15T09:32:24.486Z,0.005019189484,90,2,2026-09-15 15:17:24.486,1871.179166666667
Pulse experiments,pioreactor01,2026-09-15T09:32:24.486Z,0.27146789099,135,3,2026-09-15 15:17:24.486,1871.179166666667
Pulse experiments,pioreactor01,2026-09-15T09:32:24.486Z,0.058343982878,45,4,2026-09-15 15:17:24.486,1871.179166666667
Pulse experiments,pioreactor01,2026-09-15T09:32:29.490Z,0.003877158638,90,2,2026-09-15 15:17:29.490,1871.180555555556
Pulse experiments,pioreactor01,2026-09-15T09:32:29.490Z,0.274044664668,135,3,2026-09-15 15:17:29.490,1871.180555555556
Pulse experiments,pioreactor01,2026-09-15T09:32:29.490Z,0.047533690798,45,4,2026-09-15 15:17:29.490,1871.180555555556
Pulse experiments,pioreactor01,2026-09-15T09:32:34.489Z,0.003133562535,90,2,2026-09-15 15:17:34.489,1871.181944444445
Pulse experiments,pioreactor01,2026-09-15T09:32:34.489Z,0.275076781912,135,3,2026-09-15 15:17:34.489,1871.181944444445
Pulse experiments,pioreactor01,2026-09-15T09:32:34.489Z,0.039923895595,45,4,2026-09-15 15:17:34.489,1871.181944444445
Pulse experiments,pioreactor01,2026-09-15T09:32:39.488Z,0.002892476942,90,2,2026-09-15 15:17:39.488,1871.183333333333
Pulse experiments,pioreactor01,2026-09-15T09:32:39.488Z,0.275096391124,135,3,2026-09-15 15:17:39.488,1871.183333333333
Pulse experiments,pioreactor01,2026-09-15T09:32:39.488Z,0.036894927198,45,4,2026-09-15 15:17:39.488,1871.183333333333
Pulse experiments,pioreactor01,2026-09-15T09:32:44.493Z,0.002696987526,90,2,2026-09-15 15:17:44.493,1871.184722222222
Pulse experiments,pioreactor01,2026-09-15T09:32:44.493Z,0.27523606508,135,3,2026-09-15 15:17:44.493,1871.184722222222
Pulse experiments,pioreactor01,2026-09-15T09:32:44.493Z,0.034659463967,45,4,2026-09-15 15:17:44.493,1871.184722222222
Pulse experiments,pioreactor01,2026-09-15T09:32:49.472Z,0.002680483906,90,2,2026-09-15 15:17:49.472,1871.186111111111
Pulse experiments,pioreactor01,2026-09-15T09:32:49.472Z,0.276241138708,135,3,2026-09-15 15:17:49.472,1871.186111111111
Pulse experiments,pioreactor01,2026-09-15T09:32:49.472Z,0.03522372594,45,4,2026-09-15 15:17:49.472,1871.186111111111
Pulse experiments,pioreactor01,2026-09-15T09:32:54.489Z,0.002621681366,90,2,2026-09-15 15:17:54.489,1871.1875
Pulse experiments,pioreactor01,2026-09-15T09:32:54.489Z,0.275762785204,135,3,2026-09-15 15:17:54.489,1871.1875
Pulse experiments,pioreactor01,2026-09-15T09:32:54.489Z,0.034220431328,45,4,2026-09-15 15:17:54.489,1871.1875
Pulse experiments,pioreactor01,2026-09-15T09:32:59.487Z,0.002626744472,90,2,2026-09-15 15:17:59.487,1871.188888888889
Pulse experiments,pioreactor01,2026-09-15T09:32:59.487Z,0.275609828287,135,3,2026-09-15 15:17:59.487,1871.188888888889
Pulse experiments,pioreactor01,2026-09-15T09:32:59.487Z,0.033821183792,45,4,2026-09-15 15:17:59.487,1871.188888888889
Pulse experiments,pioreactor01,2026-09-15T09:33:04.485Z,0.002651819419,90,2,2026-09-15 15:18:04.485,1871.190277777778
Pulse experiments,pioreactor01,2026-09-15T09:33:04.485Z,0.275781006589,135,3,2026-09-15 15:18:04.485,1871.190277777778
Pulse experiments,pioreactor01,2026-09-15T09:33:04.485Z,0.03435949371,45,4,2026-09-15 15:18:04.485,1871.190277777778
Pulse experiments,pioreactor01,2026-09-15T09:33:09.493Z,0.002756279662,90,2,2026-09-15 15:18:09.493,1871.191666666667
Pulse experiments,pioreactor01,2026-09-15T09:33:09.493Z,0.276112796814,135,3,2026-09-15 15:18:09.493,1871.191666666667
Pulse experiments,pioreactor01,2026-09-15T09:33:09.493Z,0.035860805451,45,4,2026-09-15 15:18:09.493,1871.191666666667
Pulse experiments,pioreactor01,2026-09-15T09:33:14.483Z,0.002839571467,90,2,2026-09-15 15:18:14.483,1871.193055555555
Pulse experiments,pioreactor01,2026-09-15T09:33:14.483Z,0.276974182884,135,3,2026-09-15 15:18:14.483,1871.193055555555
Pulse experiments,pioreactor01,2026-09-15T09:33:14.483Z,0.035881001057,45,4,2026-09-15 15:18:14.483,1871.193055555555
Pulse experiments,pioreactor01,2026-09-15T09:33:19.501Z,0.002621756654,90,2,2026-09-15 15:18:19.501,1871.194444444444
Pulse experiments,pioreactor01,2026-09-15T09:33:19.501Z,0.276299477256,135,3,2026-09-15 15:18:19.501,1871.194444444444
Pulse experiments,pioreactor01,2026-09-15T09:33:19.501Z,0.033993036881,45,4,2026-09-15 15:18:19.501,1871.194444444444
Pulse experiments,pioreactor01,2026-09-15T09:33:24.492Z,0.00259506195,90,2,2026-09-15 15:18:24.492,1871.195833333333
Pulse experiments,pioreactor01,2026-09-15T09:33:24.492Z,0.275674395869,135,3,2026-09-15 15:18:24.492,1871.195833333333
Pulse experiments,pioreactor01,2026-09-15T09:33:24.492Z,0.033709196136,45,4,2026-09-15 15:18:24.492,1871.195833333333
Pulse experiments,pioreactor01,2026-09-15T09:33:29.487Z,0.002758081395,90,2,2026-09-15 15:18:29.487,1871.197222222222
Pulse experiments,pioreactor01,2026-09-15T09:33:29.487Z,0.275687485622,135,3,2026-09-15 15:18:29.487,1871.197222222222
Pulse experiments,pioreactor01,2026-09-15T09:33:29.487Z,0.035316714073,45,4,2026-09-15 15:18:29.487,1871.197222222222
Pulse experiments,pioreactor01,2026-09-15T09:33:34.484Z,0.002727952417,90,2,2026-09-15 15:18:34.484,1871.198611111111
Pulse experiments,pioreactor01,2026-09-15T09:33:34.484Z,0.276133648577,135,3,2026-09-15 15:18:34.484,1871.198611111111
Pulse experiments,pioreactor01,2026-09-15T09:33:34.484Z,0.03508762586,45,4,2026-09-15 15:18:34.484,1871.198611111111
Pulse experiments,pioreactor01,2026-09-15T09:33:39.489Z,0.002750428574,90,2,2026-09-15 15:18:39.489,1871.2
Pulse experiments,pioreactor01,2026-09-15T09:33:39.489Z,0.276323301417,135,3,2026-09-15 15:18:39.489,1871.2
Pulse experiments,pioreactor01,2026-09-15T09:33:39.489Z,0.034902351884,45,4,2026-09-15 15:18:39.489,1871.2
Pulse experiments,pioreactor01,2026-09-15T09:33:44.486Z,0.002798070624,90,2,2026-09-15 15:18:44.486,1871.201388888889
Pulse experiments,pioreactor01,2026-09-15T09:33:44.486Z,0.27609411568,135,3,2026-09-15 15:18:44.486,1871.201388888889
Pulse experiments,pioreactor01,2026-09-15T09:33:44.486Z,0.035154047107,45,4,2026-09-15 15:18:44.486,1871.201388888889
Pulse experiments,pioreactor01,2026-09-15T09:33:49.490Z,0.002821050023,90,2,2026-09-15 15:18:49.490,1871.202777777778
Pulse experiments,pioreactor01,2026-09-15T09:33:49.490Z,0.275353897088,135,3,2026-09-15 15:18:49.490,1871.202777777778
Pulse experiments,pioreactor01,2026-09-15T09:33:49.490Z,0.035411392236,45,4,2026-09-15 15:18:49.490,1871.202777777778
Pulse experiments,pioreactor01,2026-09-15T09:33:54.501Z,0.00279880527,90,2,2026-09-15 15:18:54.501,1871.204166666667
Pulse experiments,pioreactor01,2026-09-15T09:33:54.501Z,0.275394504714,135,3,2026-09-15 15:18:54.501,1871.204166666667
Pulse experiments,pioreactor01,2026-09-15T09:33:54.501Z,0.035201200459,45,4,2026-09-15 15:18:54.501,1871.204166666667
Pulse experiments,pioreactor01,2026-09-15T09:33:59.484Z,0.002726082262,90,2,2026-09-15 15:18:59.484,1871.205555555556
Pulse experiments,pioreactor01,2026-09-15T09:33:59.484Z,0.275340748039,135,3,2026-09-15 15:18:59.484,1871.205555555556
Pulse experiments,pioreactor01,2026-09-15T09:33:59.484Z,0.034755471645,45,4,2026-09-15 15:18:59.484,1871.205555555556
Pulse experiments,pioreactor01,2026-09-15T09:34:04.488Z,0.002710437877,90,2,2026-09-15 15:19:04.488,1871.206944444444
Pulse experiments,pioreactor01,2026-09-15T09:34:04.488Z,0.275973948438,135,3,2026-09-15 15:19:04.488,1871.206944444444
Pulse experiments,pioreactor01,2026-09-15T09:34:04.488Z,0.034661877102,45,4,2026-09-15 15:19:04.488,1871.206944444444
Pulse experiments,pioreactor01,2026-09-15T09:34:09.511Z,0.002777659087,90,2,2026-09-15 15:19:09.511,1871.208333333333
Pulse experiments,pioreactor01,2026-09-15T09:34:09.511Z,0.275826462667,135,3,2026-09-15 15:19:09.511,1871.208333333333
Pulse experiments,pioreactor01,2026-09-15T09:34:09.511Z,0.034875985565,45,4,2026-09-15 15:19:09.511,1871.208333333333
Pulse experiments,pioreactor01,2026-09-15T09:34:14.492Z,0.002713086405,90,2,2026-09-15 15:19:14.492,1871.209722222222
Pulse experiments,pioreactor01,2026-09-15T09:34:14.492Z,0.275781846028,135,3,2026-09-15 15:19:14.492,1871.209722222222
Pulse experiments,pioreactor01,2026-09-15T09:34:14.492Z,0.034453958312,45,4,2026-09-15 15:19:14.492,1871.209722222222
Pulse experiments,pioreactor01,2026-09-15T09:34:19.497Z,0.002924488237,90,2,2026-09-15 15:19:19.497,1871.211111111111
Pulse experiments,pioreactor01,2026-09-15T09:34:19.497Z,0.27661790365,135,3,2026-09-15 15:19:19.497,1871.211111111111
Pulse experiments,pioreactor01,2026-09-15T09:34:19.497Z,0.035975144959,45,4,2026-09-15 15:19:19.497,1871.211111111111
Pulse experiments,pioreactor01,2026-09-15T09:34:24.545Z,0.002760211133,90,2,2026-09-15 15:19:24.545,1871.2125
Pulse experiments,pioreactor01,2026-09-15T09:34:24.545Z,0.276028464183,135,3,2026-09-15 15:19:24.545,1871.2125
Pulse experiments,pioreactor01,2026-09-15T09:34:24.545Z,0.034696431959,45,4,2026-09-15 15:19:24.545,1871.2125
Pulse experiments,pioreactor01,2026-09-15T09:34:29.493Z,0.00290785477,90,2,2026-09-15 15:19:29.493,1871.213888888889
Pulse experiments,pioreactor01,2026-09-15T09:34:29.493Z,0.276372952125,135,3,2026-09-15 15:19:29.493,1871.213888888889
Pulse experiments,pioreactor01,2026-09-15T09:34:29.493Z,0.036887891349,45,4,2026-09-15 15:19:29.493,1871.213888888889
Pulse experiments,pioreactor01,2026-09-15T09:34:34.491Z,0.002776368608,90,2,2026-09-15 15:19:34.491,1871.215277777778
Pulse experiments,pioreactor01,2026-09-15T09:34:34.491Z,0.27672977226,135,3,2026-09-15 15:19:34.491,1871.215277777778
Pulse experiments,pioreactor01,2026-09-15T09:34:34.491Z,0.035288605802,45,4,2026-09-15 15:19:34.491,1871.215277777778
Pulse experiments,pioreactor01,2026-09-15T09:34:39.488Z,0.002737804206,90,2,2026-09-15 15:19:39.488,1871.216666666667
Pulse experiments,pioreactor01,2026-09-15T09:34:39.488Z,0.276438677054,135,3,2026-09-15 15:19:39.488,1871.216666666667
Pulse experiments,pioreactor01,2026-09-15T09:34:39.488Z,0.035278937163,45,4,2026-09-15 15:19:39.488,1871.216666666667
Pulse experiments,pioreactor01,2026-09-15T09:34:44.499Z,0.002712711523,90,2,2026-09-15 15:19:44.499,1871.218055555556
Pulse experiments,pioreactor01,2026-09-15T09:34:44.499Z,0.276537183981,135,3,2026-09-15 15:19:44.499,1871.218055555556
Pulse experiments,pioreactor01,2026-09-15T09:34:44.499Z,0.034707991777,45,4,2026-09-15 15:19:44.499,1871.218055555556
Pulse experiments,pioreactor01,2026-09-15T09:34:49.484Z,0.002933033369,90,2,2026-09-15 15:19:49.484,1871.219444444444
Pulse experiments,pioreactor01,2026-09-15T09:34:49.484Z,0.277455623796,135,3,2026-09-15 15:19:49.484,1871.219444444444
Pulse experiments,pioreactor01,2026-09-15T09:34:49.484Z,0.036942867252,45,4,2026-09-15 15:19:49.484,1871.219444444444
Pulse experiments,pioreactor01,2026-09-15T09:34:54.491Z,0.00300913456,90,2,2026-09-15 15:19:54.491,1871.220833333333
Pulse experiments,pioreactor01,2026-09-15T09:34:54.491Z,0.275651689064,135,3,2026-09-15 15:19:54.491,1871.220833333333
Pulse experiments,pioreactor01,2026-09-15T09:34:54.491Z,0.037687510334,45,4,2026-09-15 15:19:54.491,1871.220833333333
Pulse experiments,pioreactor01,2026-09-15T09:34:59.488Z,0.00286198863,90,2,2026-09-15 15:19:59.488,1871.222222222222
Pulse experiments,pioreactor01,2026-09-15T09:34:59.488Z,0.276263629769,135,3,2026-09-15 15:19:59.488,1871.222222222222
Pulse experiments,pioreactor01,2026-09-15T09:34:59.488Z,0.036519857506,45,4,2026-09-15 15:19:59.488,1871.222222222222
Pulse experiments,pioreactor01,2026-09-15T09:35:04.497Z,0.002788745905,90,2,2026-09-15 15:20:04.497,1871.223611111111
Pulse experiments,pioreactor01,2026-09-15T09:35:04.497Z,0.276219338411,135,3,2026-09-15 15:20:04.497,1871.223611111111
Pulse experiments,pioreactor01,2026-09-15T09:35:04.497Z,0.035485354771,45,4,2026-09-15 15:20:04.497,1871.223611111111
Pulse experiments,pioreactor01,2026-09-15T09:35:09.492Z,0.002730312821,90,2,2026-09-15 15:20:09.492,1871.225
Pulse experiments,pioreactor01,2026-09-15T09:35:09.492Z,0.276032958979,135,3,2026-09-15 15:20:09.492,1871.225
Pulse experiments,pioreactor01,2026-09-15T09:35:09.492Z,0.034870317876,45,4,2026-09-15 15:20:09.492,1871.225
Pulse experiments,pioreactor01,2026-09-15T09:35:14.490Z,0.002621242424,90,2,2026-09-15 15:20:14.490,1871.226388888889
Pulse experiments,pioreactor01,2026-09-15T09:35:14.490Z,0.276248082245,135,3,2026-09-15 15:20:14.490,1871.226388888889
Pulse experiments,pioreactor01,2026-09-15T09:35:14.490Z,0.034112721566,45,4,2026-09-15 15:20:14.490,1871.226388888889
Pulse experiments,pioreactor01,2026-09-15T09:35:19.488Z,0.002686524853,90,2,2026-09-15 15:20:19.488,1871.227777777778
Pulse experiments,pioreactor01,2026-09-15T09:35:19.488Z,0.276184354879,135,3,2026-09-15 15:20:19.488,1871.227777777778
Pulse experiments,pioreactor01,2026-09-15T09:35:19.488Z,0.034588074257,45,4,2026-09-15 15:20:19.488,1871.227777777778
Pulse experiments,pioreactor01,2026-09-15T09:35:24.498Z,0.002669420796,90,2,2026-09-15 15:20:24.498,1871.229166666667
Pulse experiments,pioreactor01,2026-09-15T09:35:24.498Z,0.276050522575,135,3,2026-09-15 15:20:24.498,1871.229166666667
Pulse experiments,pioreactor01,2026-09-15T09:35:24.498Z,0.034128765057,45,4,2026-09-15 15:20:24.498,1871.229166666667
Pulse experiments,pioreactor01,2026-09-15T09:35:29.496Z,0.002973796765,90,2,2026-09-15 15:20:29.496,1871.230555555556
Pulse experiments,pioreactor01,2026-09-15T09:35:29.496Z,0.277662281994,135,3,2026-09-15 15:20:29.496,1871.230555555556
Pulse experiments,pioreactor01,2026-09-15T09:35:29.496Z,0.038137136883,45,4,2026-09-15 15:20:29.496,1871.230555555556
Pulse experiments,pioreactor01,2026-09-15T09:35:34.499Z,0.002830406074,90,2,2026-09-15 15:20:34.499,1871.231944444444
Pulse experiments,pioreactor01,2026-09-15T09:35:34.499Z,0.276611274863,135,3,2026-09-15 15:20:34.499,1871.231944444444
Pulse experiments,pioreactor01,2026-09-15T09:35:34.499Z,0.036347830696,45,4,2026-09-15 15:20:34.499,1871.231944444444
Pulse experiments,pioreactor01,2026-09-15T09:35:39.481Z,0.002696647573,90,2,2026-09-15 15:20:39.481,1871.233333333333
Pulse experiments,pioreactor01,2026-09-15T09:35:39.481Z,0.276177620514,135,3,2026-09-15 15:20:39.481,1871.233333333333
Pulse experiments,pioreactor01,2026-09-15T09:35:39.481Z,0.034554161715,45,4,2026-09-15 15:20:39.481,1871.233333333333
Pulse experiments,pioreactor01,2026-09-15T09:35:44.491Z,0.003145151177,90,2,2026-09-15 15:20:44.491,1871.234722222222
Pulse experiments,pioreactor01,2026-09-15T09:35:44.491Z,0.276300113424,135,3,2026-09-15 15:20:44.491,1871.234722222222
Pulse experiments,pioreactor01,2026-09-15T09:35:44.491Z,0.040911502989,45,4,2026-09-15 15:20:44.491,1871.234722222222
Pulse experiments,pioreactor01,2026-09-15T09:35:49.491Z,0.002832829672,90,2,2026-09-15 15:20:49.491,1871.236111111111
Pulse experiments,pioreactor01,2026-09-15T09:35:49.491Z,0.275642066221,135,3,2026-09-15 15:20:49.491,1871.236111111111
Pulse experiments,pioreactor01,2026-09-15T09:35:49.491Z,0.036809222932,45,4,2026-09-15 15:20:49.491,1871.236111111111
Pulse experiments,pioreactor01,2026-09-15T09:35:54.494Z,0.00286070932,90,2,2026-09-15 15:20:54.494,1871.2375
Pulse experiments,pioreactor01,2026-09-15T09:35:54.494Z,0.276181005874,135,3,2026-09-15 15:20:54.494,1871.2375
Pulse experiments,pioreactor01,2026-09-15T09:35:54.494Z,0.036363892598,45,4,2026-09-15 15:20:54.494,1871.2375
Pulse experiments,pioreactor01,2026-09-15T09:35:59.488Z,0.002811908081,90,2,2026-09-15 15:20:59.488,1871.238888888889
Pulse experiments,pioreactor01,2026-09-15T09:35:59.488Z,0.276197137984,135,3,2026-09-15 15:20:59.488,1871.238888888889
Pulse experiments,pioreactor01,2026-09-15T09:35:59.488Z,0.035576609766,45,4,2026-09-15 15:20:59.488,1871.238888888889
Pulse experiments,pioreactor01,2026-09-15T09:36:04.496Z,0.002717623135,90,2,2026-09-15 15:21:04.496,1871.240277777778
Pulse experiments,pioreactor01,2026-09-15T09:36:04.496Z,0.276688024412,135,3,2026-09-15 15:21:04.496,1871.240277777778
Pulse experiments,pioreactor01,2026-09-15T09:36:04.496Z,0.035120846431,45,4,2026-09-15 15:21:04.496,1871.240277777778
Pulse experiments,pioreactor01,2026-09-15T09:36:09.493Z,0.002737067612,90,2,2026-09-15 15:21:09.493,1871.241666666667
Pulse experiments,pioreactor01,2026-09-15T09:36:09.493Z,0.276359500349,135,3,2026-09-15 15:21:09.493,1871.241666666667
Pulse experiments,pioreactor01,2026-09-15T09:36:09.493Z,0.034843928615,45,4,2026-09-15 15:21:09.493,1871.241666666667
Pulse experiments,pioreactor01,2026-09-15T09:36:14.487Z,0.002666352545,90,2,2026-09-15 15:21:14.487,1871.243055555556
Pulse experiments,pioreactor01,2026-09-15T09:36:14.487Z,0.27545312928,135,3,2026-09-15 15:21:14.487,1871.243055555556
Pulse experiments,pioreactor01,2026-09-15T09:36:14.487Z,0.034285991998,45,4,2026-09-15 15:21:14.487,1871.243055555556
Pulse experiments,pioreactor01,2026-09-15T09:36:19.495Z,0.00268017858,90,2,2026-09-15 15:21:19.495,1871.244444444445
Pulse experiments,pioreactor01,2026-09-15T09:36:19.495Z,0.275338206031,135,3,2026-09-15 15:21:19.495,1871.244444444445
Pulse experiments,pioreactor01,2026-09-15T09:36:19.495Z,0.036104372661,45,4,2026-09-15 15:21:19.495,1871.244444444445
Pulse experiments,pioreactor01,2026-09-15T09:36:24.495Z,0.002656580463,90,2,2026-09-15 15:21:24.495,1871.245833333333
Pulse experiments,pioreactor01,2026-09-15T09:36:24.495Z,0.275495454735,135,3,2026-09-15 15:21:24.495,1871.245833333333
Pulse experiments,pioreactor01,2026-09-15T09:36:24.495Z,0.034910033811,45,4,2026-09-15 15:21:24.495,1871.245833333333
Pulse experiments,pioreactor01,2026-09-15T09:36:29.493Z,0.002681833054,90,2,2026-09-15 15:21:29.493,1871.247222222222
Pulse experiments,pioreactor01,2026-09-15T09:36:29.493Z,0.272972431116,135,3,2026-09-15 15:21:29.493,1871.247222222222
Pulse experiments,pioreactor01,2026-09-15T09:36:29.493Z,0.035577783537,45,4,2026-09-15 15:21:29.493,1871.247222222222
Pulse experiments,pioreactor01,2026-09-15T09:36:34.488Z,0.002613639663,90,2,2026-09-15 15:21:34.488,1871.248611111111
Pulse experiments,pioreactor01,2026-09-15T09:36:34.488Z,0.274633737872,135,3,2026-09-15 15:21:34.488,1871.248611111111
Pulse experiments,pioreactor01,2026-09-15T09:36:34.488Z,0.033683705555,45,4,2026-09-15 15:21:34.488,1871.248611111111
Pulse experiments,pioreactor01,2026-09-15T09:36:39.486Z,0.002667940073,90,2,2026-09-15 15:21:39.486,1871.25
Pulse experiments,pioreactor01,2026-09-15T09:36:39.486Z,0.276005815157,135,3,2026-09-15 15:21:39.486,1871.25
Pulse experiments,pioreactor01,2026-09-15T09:36:39.486Z,0.034049899849,45,4,2026-09-15 15:21:39.486,1871.25
Pulse experiments,pioreactor01,2026-09-15T09:36:44.493Z,0.002605408217,90,2,2026-09-15 15:21:44.493,1871.251388888889
Pulse experiments,pioreactor01,2026-09-15T09:36:44.493Z,0.275774261631,135,3,2026-09-15 15:21:44.493,1871.251388888889
Pulse experiments,pioreactor01,2026-09-15T09:36:44.493Z,0.033873495177,45,4,2026-09-15 15:21:44.493,1871.251388888889
Pulse experiments,pioreactor01,2026-09-15T09:36:49.485Z,0.002669234093,90,2,2026-09-15 15:21:49.485,1871.252777777778
Pulse experiments,pioreactor01,2026-09-15T09:36:49.485Z,0.27514963441,135,3,2026-09-15 15:21:49.485,1871.252777777778
Pulse experiments,pioreactor01,2026-09-15T09:36:49.485Z,0.034324309868,45,4,2026-09-15 15:21:49.485,1871.252777777778
Pulse experiments,pioreactor01,2026-09-15T09:36:54.487Z,0.002623214398,90,2,2026-09-15 15:21:54.487,1871.254166666667
Pulse experiments,pioreactor01,2026-09-15T09:36:54.487Z,0.276038011768,135,3,2026-09-15 15:21:54.487,1871.254166666667
Pulse experiments,pioreactor01,2026-09-15T09:36:54.487Z,0.033838107092,45,4,2026-09-15 15:21:54.487,1871.254166666667
Pulse experiments,pioreactor01,2026-09-15T09:36:59.482Z,0.002734290404,90,2,2026-09-15 15:21:59.482,1871.255555555555
Pulse experiments,pioreactor01,2026-09-15T09:36:59.482Z,0.275550454653,135,3,2026-09-15 15:21:59.482,1871.255555555555
Pulse experiments,pioreactor01,2026-09-15T09:36:59.482Z,0.034885158172,45,4,2026-09-15 15:21:59.482,1871.255555555555
Pulse experiments,pioreactor01,2026-09-15T09:37:04.487Z,0.002694892729,90,2,2026-09-15 15:22:04.487,1871.256944444444
Pulse experiments,pioreactor01,2026-09-15T09:37:04.487Z,0.276783046487,135,3,2026-09-15 15:22:04.487,1871.256944444444
Pulse experiments,pioreactor01,2026-09-15T09:37:04.487Z,0.034620718796,45,4,2026-09-15 15:22:04.487,1871.256944444444
Pulse experiments,pioreactor01,2026-09-15T09:37:09.488Z,0.00339290736,90,2,2026-09-15 15:22:09.488,1871.258333333333
Pulse experiments,pioreactor01,2026-09-15T09:37:09.488Z,0.274540926714,135,3,2026-09-15 15:22:09.488,1871.258333333333
Pulse experiments,pioreactor01,2026-09-15T09:37:09.488Z,0.040433532877,45,4,2026-09-15 15:22:09.488,1871.258333333333
Pulse experiments,pioreactor01,2026-09-15T09:37:14.492Z,0.00292865449,90,2,2026-09-15 15:22:14.492,1871.259722222222
Pulse experiments,pioreactor01,2026-09-15T09:37:14.492Z,0.276148967123,135,3,2026-09-15 15:22:14.492,1871.259722222222
Pulse experiments,pioreactor01,2026-09-15T09:37:14.492Z,0.036255911319,45,4,2026-09-15 15:22:14.492,1871.259722222222
Pulse experiments,pioreactor01,2026-09-15T09:37:19.493Z,0.004609508642,90,2,2026-09-15 15:22:19.493,1871.261111111111
Pulse experiments,pioreactor01,2026-09-15T09:37:19.493Z,0.274695532422,135,3,2026-09-15 15:22:19.493,1871.261111111111
Pulse experiments,pioreactor01,2026-09-15T09:37:19.493Z,0.060806140605,45,4,2026-09-15 15:22:19.493,1871.261111111111
Pulse experiments,pioreactor01,2026-09-15T09:37:24.500Z,0.003455355125,90,2,2026-09-15 15:22:24.500,1871.2625
Pulse experiments,pioreactor01,2026-09-15T09:37:24.500Z,0.275897044059,135,3,2026-09-15 15:22:24.500,1871.2625
Pulse experiments,pioreactor01,2026-09-15T09:37:24.500Z,0.045233095025,45,4,2026-09-15 15:22:24.500,1871.2625
Pulse experiments,pioreactor01,2026-09-15T09:37:29.489Z,0.003222222885,90,2,2026-09-15 15:22:29.489,1871.263888888889
Pulse experiments,pioreactor01,2026-09-15T09:37:29.489Z,0.27636634552,135,3,2026-09-15 15:22:29.489,1871.263888888889
Pulse experiments,pioreactor01,2026-09-15T09:37:29.489Z,0.041443172386,45,4,2026-09-15 15:22:29.489,1871.263888888889
Pulse experiments,pioreactor01,2026-09-15T09:37:34.501Z,0.002882554356,90,2,2026-09-15 15:22:34.501,1871.265277777778
Pulse experiments,pioreactor01,2026-09-15T09:37:34.501Z,0.275967131472,135,3,2026-09-15 15:22:34.501,1871.265277777778
Pulse experiments,pioreactor01,2026-09-15T09:37:34.501Z,0.037921517977,45,4,2026-09-15 15:22:34.501,1871.265277777778
Pulse experiments,pioreactor01,2026-09-15T09:37:39.502Z,0.002748255251,90,2,2026-09-15 15:22:39.502,1871.266666666667
Pulse experiments,pioreactor01,2026-09-15T09:37:39.502Z,0.276555598418,135,3,2026-09-15 15:22:39.502,1871.266666666667
Pulse experiments,pioreactor01,2026-09-15T09:37:39.502Z,0.036081943219,45,4,2026-09-15 15:22:39.502,1871.266666666667
Pulse experiments,pioreactor01,2026-09-15T09:37:44.490Z,0.002740885916,90,2,2026-09-15 15:22:44.490,1871.268055555556
Pulse experiments,pioreactor01,2026-09-15T09:37:44.490Z,0.276438431711,135,3,2026-09-15 15:22:44.490,1871.268055555556
Pulse experiments,pioreactor01,2026-09-15T09:37:44.490Z,0.035416920772,45,4,2026-09-15 15:22:44.490,1871.268055555556
Pulse experiments,pioreactor01,2026-09-15T09:37:49.488Z,0.004087924562,90,2,2026-09-15 15:22:49.488,1871.269444444444
Pulse experiments,pioreactor01,2026-09-15T09:37:49.488Z,0.276337429583,135,3,2026-09-15 15:22:49.488,1871.269444444444
Pulse experiments,pioreactor01,2026-09-15T09:37:49.488Z,0.050744594756,45,4,2026-09-15 15:22:49.488,1871.269444444444
Pulse experiments,pioreactor01,2026-09-15T09:37:54.495Z,0.003186115877,90,2,2026-09-15 15:22:54.495,1871.270833333333
Pulse experiments,pioreactor01,2026-09-15T09:37:54.495Z,0.275557259695,135,3,2026-09-15 15:22:54.495,1871.270833333333
Pulse experiments,pioreactor01,2026-09-15T09:37:54.495Z,0.040398094144,45,4,2026-09-15 15:22:54.495,1871.270833333333
Pulse experiments,pioreactor01,2026-09-15T09:37:59.483Z,0.002905494474,90,2,2026-09-15 15:22:59.483,1871.272222222222
Pulse experiments,pioreactor01,2026-09-15T09:37:59.483Z,0.276210768763,135,3,2026-09-15 15:22:59.483,1871.272222222222
Pulse experiments,pioreactor01,2026-09-15T09:37:59.483Z,0.037611138894,45,4,2026-09-15 15:22:59.483,1871.272222222222
Pulse experiments,pioreactor01,2026-09-15T09:38:04.487Z,0.002822990579,90,2,2026-09-15 15:23:04.487,1871.273611111111
Pulse experiments,pioreactor01,2026-09-15T09:38:04.487Z,0.276863508186,135,3,2026-09-15 15:23:04.487,1871.273611111111
Pulse experiments,pioreactor01,2026-09-15T09:38:04.487Z,0.036449585252,45,4,2026-09-15 15:23:04.487,1871.273611111111
Pulse experiments,pioreactor01,2026-09-15T09:38:09.488Z,0.002881547104,90,2,2026-09-15 15:23:09.488,1871.275
Pulse experiments,pioreactor01,2026-09-15T09:38:09.488Z,0.276831978988,135,3,2026-09-15 15:23:09.488,1871.275
Pulse experiments,pioreactor01,2026-09-15T09:38:09.488Z,0.036913458061,45,4,2026-09-15 15:23:09.488,1871.275
Pulse experiments,pioreactor01,2026-09-15T09:38:14.489Z,0.003598520567,90,2,2026-09-15 15:23:14.489,1871.276388888889
Pulse experiments,pioreactor01,2026-09-15T09:38:14.489Z,0.278329027994,135,3,2026-09-15 15:23:14.489,1871.276388888889
Pulse experiments,pioreactor01,2026-09-15T09:38:14.489Z,0.046823280378,45,4,2026-09-15 15:23:14.489,1871.276388888889
Pulse experiments,pioreactor01,2026-09-15T09:38:19.487Z,0.003052753887,90,2,2026-09-15 15:23:19.487,1871.277777777778
Pulse experiments,pioreactor01,2026-09-15T09:38:19.487Z,0.277765814447,135,3,2026-09-15 15:23:19.487,1871.277777777778
Pulse experiments,pioreactor01,2026-09-15T09:38:19.487Z,0.039533182084,45,4,2026-09-15 15:23:19.487,1871.277777777778
Pulse experiments,pioreactor01,2026-09-15T09:38:24.488Z,0.003202253058,90,2,2026-09-15 15:23:24.488,1871.279166666667
Pulse experiments,pioreactor01,2026-09-15T09:38:24.488Z,0.277706352707,135,3,2026-09-15 15:23:24.488,1871.279166666667
Pulse experiments,pioreactor01,2026-09-15T09:38:24.488Z,0.039844283137,45,4,2026-09-15 15:23:24.488,1871.279166666667
Pulse experiments,pioreactor01,2026-09-15T09:38:29.488Z,0.002850768683,90,2,2026-09-15 15:23:29.488,1871.280555555556
Pulse experiments,pioreactor01,2026-09-15T09:38:29.488Z,0.276750766147,135,3,2026-09-15 15:23:29.488,1871.280555555556
Pulse experiments,pioreactor01,2026-09-15T09:38:29.488Z,0.036381517198,45,4,2026-09-15 15:23:29.488,1871.280555555556
Pulse experiments,pioreactor01,2026-09-15T09:38:34.489Z,0.002813346015,90,2,2026-09-15 15:23:34.489,1871.281944444444
Pulse experiments,pioreactor01,2026-09-15T09:38:34.489Z,0.276251888178,135,3,2026-09-15 15:23:34.489,1871.281944444444
Pulse experiments,pioreactor01,2026-09-15T09:38:34.489Z,0.035992971551,45,4,2026-09-15 15:23:34.489,1871.281944444444
Pulse experiments,pioreactor01,2026-09-15T09:38:39.487Z,0.002660232753,90,2,2026-09-15 15:23:39.487,1871.283333333333
Pulse experiments,pioreactor01,2026-09-15T09:38:39.487Z,0.276508059387,135,3,2026-09-15 15:23:39.487,1871.283333333333
Pulse experiments,pioreactor01,2026-09-15T09:38:39.487Z,0.034414781758,45,4,2026-09-15 15:23:39.487,1871.283333333333
Pulse experiments,pioreactor01,2026-09-15T09:38:44.496Z,0.002623416272,90,2,2026-09-15 15:23:44.496,1871.284722222222
Pulse experiments,pioreactor01,2026-09-15T09:38:44.496Z,0.276592487628,135,3,2026-09-15 15:23:44.496,1871.284722222222
Pulse experiments,pioreactor01,2026-09-15T09:38:44.496Z,0.034311937975,45,4,2026-09-15 15:23:44.496,1871.284722222222
Pulse experiments,pioreactor01,2026-09-15T09:38:49.503Z,0.002594922176,90,2,2026-09-15 15:23:49.503,1871.286111111111
Pulse experiments,pioreactor01,2026-09-15T09:38:49.503Z,0.275709268329,135,3,2026-09-15 15:23:49.503,1871.286111111111
Pulse experiments,pioreactor01,2026-09-15T09:38:49.503Z,0.033680461774,45,4,2026-09-15 15:23:49.503,1871.286111111111
Pulse experiments,pioreactor01,2026-09-15T09:38:54.485Z,0.002636250356,90,2,2026-09-15 15:23:54.485,1871.2875
Pulse experiments,pioreactor01,2026-09-15T09:38:54.485Z,0.276937341856,135,3,2026-09-15 15:23:54.485,1871.2875
Pulse experiments,pioreactor01,2026-09-15T09:38:54.485Z,0.03364364761,45,4,2026-09-15 15:23:54.485,1871.2875
Pulse experiments,pioreactor01,2026-09-15T09:38:59.483Z,0.002757375187,90,2,2026-09-15 15:23:59.483,1871.288888888889
Pulse experiments,pioreactor01,2026-09-15T09:38:59.483Z,0.276480756801,135,3,2026-09-15 15:23:59.483,1871.288888888889
Pulse experiments,pioreactor01,2026-09-15T09:38:59.483Z,0.035133514787,45,4,2026-09-15 15:23:59.483,1871.288888888889
Pulse experiments,pioreactor01,2026-09-15T09:39:04.483Z,0.002737672341,90,2,2026-09-15 15:24:04.483,1871.290277777778
Pulse experiments,pioreactor01,2026-09-15T09:39:04.483Z,0.27685330311,135,3,2026-09-15 15:24:04.483,1871.290277777778
Pulse experiments,pioreactor01,2026-09-15T09:39:04.483Z,0.034604579413,45,4,2026-09-15 15:24:04.483,1871.290277777778
Pulse experiments,pioreactor01,2026-09-15T09:39:09.490Z,0.003200677539,90,2,2026-09-15 15:24:09.490,1871.291666666667
Pulse experiments,pioreactor01,2026-09-15T09:39:09.490Z,0.277428612994,135,3,2026-09-15 15:24:09.490,1871.291666666667
Pulse experiments,pioreactor01,2026-09-15T09:39:09.490Z,0.038557914469,45,4,2026-09-15 15:24:09.490,1871.291666666667
Pulse experiments,pioreactor01,2026-09-15T09:39:14.490Z,0.004082647409,90,2,2026-09-15 15:24:14.490,1871.293055555556
Pulse experiments,pioreactor01,2026-09-15T09:39:14.490Z,0.278751263228,135,3,2026-09-15 15:24:14.490,1871.293055555556
Pulse experiments,pioreactor01,2026-09-15T09:39:14.490Z,0.047413496056,45,4,2026-09-15 15:24:14.490,1871.293055555556
Pulse experiments,pioreactor01,2026-09-15T09:39:19.488Z,0.003889023606,90,2,2026-09-15 15:24:19.488,1871.294444444444
Pulse experiments,pioreactor01,2026-09-15T09:39:19.488Z,0.275628191179,135,3,2026-09-15 15:24:19.488,1871.294444444444
Pulse experiments,pioreactor01,2026-09-15T09:39:19.488Z,0.046729194076,45,4,2026-09-15 15:24:19.488,1871.294444444444
Pulse experiments,pioreactor01,2026-09-15T09:39:24.489Z,0.003336936323,90,2,2026-09-15 15:24:24.489,1871.295833333333
Pulse experiments,pioreactor01,2026-09-15T09:39:24.489Z,0.276364350472,135,3,2026-09-15 15:24:24.489,1871.295833333333
Pulse experiments,pioreactor01,2026-09-15T09:39:24.489Z,0.040261720265,45,4,2026-09-15 15:24:24.489,1871.295833333333
Pulse experiments,pioreactor01,2026-09-15T09:39:29.493Z,0.005137574764,90,2,2026-09-15 15:24:29.493,1871.297222222222
Pulse experiments,pioreactor01,2026-09-15T09:39:29.493Z,0.278166680206,135,3,2026-09-15 15:24:29.493,1871.297222222222
Pulse experiments,pioreactor01,2026-09-15T09:39:29.493Z,0.062606728126,45,4,2026-09-15 15:24:29.493,1871.297222222222
Pulse experiments,pioreactor01,2026-09-15T09:39:34.481Z,0.007830363944,90,2,2026-09-15 15:24:34.481,1871.298611111111
Pulse experiments,pioreactor01,2026-09-15T09:39:34.481Z,0.280109807298,135,3,2026-09-15 15:24:34.481,1871.298611111111
Pulse experiments,pioreactor01,2026-09-15T09:39:34.481Z,0.092928801414,45,4,2026-09-15 15:24:34.481,1871.298611111111
Pulse experiments,pioreactor01,2026-09-15T09:39:39.493Z,0.006340635499,90,2,2026-09-15 15:24:39.493,1871.3
Pulse experiments,pioreactor01,2026-09-15T09:39:39.493Z,0.280430908551,135,3,2026-09-15 15:24:39.493,1871.3
Pulse experiments,pioreactor01,2026-09-15T09:39:39.493Z,0.074241138379,45,4,2026-09-15 15:24:39.493,1871.3
Pulse experiments,pioreactor01,2026-09-15T09:39:44.490Z,0.004859698052,90,2,2026-09-15 15:24:44.490,1871.301388888889
Pulse experiments,pioreactor01,2026-09-15T09:39:44.490Z,0.27561457102,135,3,2026-09-15 15:24:44.490,1871.301388888889
Pulse experiments,pioreactor01,2026-09-15T09:39:44.490Z,0.056394578202,45,4,2026-09-15 15:24:44.490,1871.301388888889
Pulse experiments,pioreactor01,2026-09-15T09:39:49.486Z,0.004215555244,90,2,2026-09-15 15:24:49.486,1871.302777777778
Pulse experiments,pioreactor01,2026-09-15T09:39:49.486Z,0.277077921772,135,3,2026-09-15 15:24:49.486,1871.302777777778
Pulse experiments,pioreactor01,2026-09-15T09:39:49.486Z,0.049323013632,45,4,2026-09-15 15:24:49.486,1871.302777777778
Pulse experiments,pioreactor01,2026-09-15T09:39:54.490Z,0.003681725113,90,2,2026-09-15 15:24:54.490,1871.304166666667
Pulse experiments,pioreactor01,2026-09-15T09:39:54.490Z,0.276486200176,135,3,2026-09-15 15:24:54.490,1871.304166666667
Pulse experiments,pioreactor01,2026-09-15T09:39:54.490Z,0.044762749108,45,4,2026-09-15 15:24:54.490,1871.304166666667
Pulse experiments,pioreactor01,2026-09-15T09:39:59.495Z,0.003788139802,90,2,2026-09-15 15:24:59.495,1871.305555555556
Pulse experiments,pioreactor01,2026-09-15T09:39:59.495Z,0.275971571456,135,3,2026-09-15 15:24:59.495,1871.305555555556
Pulse experiments,pioreactor01,2026-09-15T09:39:59.495Z,0.046235221696,45,4,2026-09-15 15:24:59.495,1871.305555555556
Pulse experiments,pioreactor01,2026-09-15T09:40:04.488Z,0.003613858119,90,2,2026-09-15 15:25:04.488,1871.306944444445
Pulse experiments,pioreactor01,2026-09-15T09:40:04.488Z,0.276544524182,135,3,2026-09-15 15:25:04.488,1871.306944444445
Pulse experiments,pioreactor01,2026-09-15T09:40:04.488Z,0.043255465897,45,4,2026-09-15 15:25:04.488,1871.306944444445
Pulse experiments,pioreactor01,2026-09-15T09:40:09.497Z,0.003111343302,90,2,2026-09-15 15:25:09.497,1871.308333333333
Pulse experiments,pioreactor01,2026-09-15T09:40:09.497Z,0.277038166126,135,3,2026-09-15 15:25:09.497,1871.308333333333
Pulse experiments,pioreactor01,2026-09-15T09:40:09.497Z,0.039109586503,45,4,2026-09-15 15:25:09.497,1871.308333333333
Pulse experiments,pioreactor01,2026-09-15T09:40:14.509Z,0.002938986911,90,2,2026-09-15 15:25:14.509,1871.309722222222
Pulse experiments,pioreactor01,2026-09-15T09:40:14.509Z,0.277009608007,135,3,2026-09-15 15:25:14.509,1871.309722222222
Pulse experiments,pioreactor01,2026-09-15T09:40:14.509Z,0.036549934021,45,4,2026-09-15 15:25:14.509,1871.309722222222
Pulse experiments,pioreactor01,2026-09-15T09:40:19.506Z,0.0029667366,90,2,2026-09-15 15:25:19.506,1871.311111111111
Pulse experiments,pioreactor01,2026-09-15T09:40:19.506Z,0.276160751707,135,3,2026-09-15 15:25:19.506,1871.311111111111
Pulse experiments,pioreactor01,2026-09-15T09:40:19.506Z,0.037145451284,45,4,2026-09-15 15:25:19.506,1871.311111111111
Pulse experiments,pioreactor01,2026-09-15T09:40:24.493Z,0.005186377611,90,2,2026-09-15 15:25:24.493,1871.3125
Pulse experiments,pioreactor01,2026-09-15T09:40:24.493Z,0.278831791471,135,3,2026-09-15 15:25:24.493,1871.3125
Pulse experiments,pioreactor01,2026-09-15T09:40:24.493Z,0.061592581113,45,4,2026-09-15 15:25:24.493,1871.3125
Pulse experiments,pioreactor01,2026-09-15T09:40:29.491Z,0.004627547785,90,2,2026-09-15 15:25:29.491,1871.313888888889
Pulse experiments,pioreactor01,2026-09-15T09:40:29.491Z,0.278585173204,135,3,2026-09-15 15:25:29.491,1871.313888888889
Pulse experiments,pioreactor01,2026-09-15T09:40:29.491Z,0.053551810066,45,4,2026-09-15 15:25:29.491,1871.313888888889
Pulse experiments,pioreactor01,2026-09-15T09:40:34.488Z,0.006550628056,90,2,2026-09-15 15:25:34.488,1871.315277777778
Pulse experiments,pioreactor01,2026-09-15T09:40:34.488Z,0.277260014679,135,3,2026-09-15 15:25:34.488,1871.315277777778
Pulse experiments,pioreactor01,2026-09-15T09:40:34.488Z,0.077177633439,45,4,2026-09-15 15:25:34.488,1871.315277777778
Pulse experiments,pioreactor01,2026-09-15T09:40:39.499Z,0.004392953835,90,2,2026-09-15 15:25:39.499,1871.316666666667
Pulse experiments,pioreactor01,2026-09-15T09:40:39.499Z,0.277752500417,135,3,2026-09-15 15:25:39.499,1871.316666666667
Pulse experiments,pioreactor01,2026-09-15T09:40:39.499Z,0.053127808751,45,4,2026-09-15 15:25:39.499,1871.316666666667
Pulse experiments,pioreactor01,2026-09-15T09:40:44.487Z,0.004958501469,90,2,2026-09-15 15:25:44.487,1871.318055555555
Pulse experiments,pioreactor01,2026-09-15T09:40:44.487Z,0.278826835886,135,3,2026-09-15 15:25:44.487,1871.318055555555
Pulse experiments,pioreactor01,2026-09-15T09:40:44.487Z,0.06048436476,45,4,2026-09-15 15:25:44.487,1871.318055555555
Pulse experiments,pioreactor01,2026-09-15T09:40:49.502Z,0.003997555903,90,2,2026-09-15 15:25:49.502,1871.319444444444
Pulse experiments,pioreactor01,2026-09-15T09:40:49.502Z,0.275801090449,135,3,2026-09-15 15:25:49.502,1871.319444444444
Pulse experiments,pioreactor01,2026-09-15T09:40:49.502Z,0.051405009791,45,4,2026-09-15 15:25:49.502,1871.319444444444
Pulse experiments,pioreactor01,2026-09-15T09:40:54.491Z,0.003819233285,90,2,2026-09-15 15:25:54.491,1871.320833333333
Pulse experiments,pioreactor01,2026-09-15T09:40:54.491Z,0.276275212825,135,3,2026-09-15 15:25:54.491,1871.320833333333
Pulse experiments,pioreactor01,2026-09-15T09:40:54.491Z,0.046594024123,45,4,2026-09-15 15:25:54.491,1871.320833333333
Pulse experiments,pioreactor01,2026-09-15T09:40:59.491Z,0.003915591308,90,2,2026-09-15 15:25:59.491,1871.322222222222
Pulse experiments,pioreactor01,2026-09-15T09:40:59.491Z,0.276188933843,135,3,2026-09-15 15:25:59.491,1871.322222222222
Pulse experiments,pioreactor01,2026-09-15T09:40:59.491Z,0.046569022509,45,4,2026-09-15 15:25:59.491,1871.322222222222
Pulse experiments,pioreactor01,2026-09-15T09:41:04.490Z,0.003165030533,90,2,2026-09-15 15:26:04.490,1871.323611111111
Pulse experiments,pioreactor01,2026-09-15T09:41:04.490Z,0.275349337461,135,3,2026-09-15 15:26:04.490,1871.323611111111
Pulse experiments,pioreactor01,2026-09-15T09:41:04.490Z,0.039985612596,45,4,2026-09-15 15:26:04.490,1871.323611111111
Pulse experiments,pioreactor01,2026-09-15T09:41:09.488Z,0.003829948464,90,2,2026-09-15 15:26:09.488,1871.325
Pulse experiments,pioreactor01,2026-09-15T09:41:09.488Z,0.275696536929,135,3,2026-09-15 15:26:09.488,1871.325
Pulse experiments,pioreactor01,2026-09-15T09:41:09.488Z,0.045288817797,45,4,2026-09-15 15:26:09.488,1871.325
Pulse experiments,pioreactor01,2026-09-15T09:41:14.498Z,0.003378444365,90,2,2026-09-15 15:26:14.498,1871.326388888889
Pulse experiments,pioreactor01,2026-09-15T09:41:14.498Z,0.276178832857,135,3,2026-09-15 15:26:14.498,1871.326388888889
Pulse experiments,pioreactor01,2026-09-15T09:41:14.498Z,0.041646842992,45,4,2026-09-15 15:26:14.498,1871.326388888889
Pulse experiments,pioreactor01,2026-09-15T09:41:19.490Z,0.004556277184,90,2,2026-09-15 15:26:19.490,1871.327777777778
Pulse experiments,pioreactor01,2026-09-15T09:41:19.490Z,0.27845981197,135,3,2026-09-15 15:26:19.490,1871.327777777778
Pulse experiments,pioreactor01,2026-09-15T09:41:19.490Z,0.055555587626,45,4,2026-09-15 15:26:19.490,1871.327777777778
Pulse experiments,pioreactor01,2026-09-15T09:41:24.493Z,0.004539110921,90,2,2026-09-15 15:26:24.493,1871.329166666667
Pulse experiments,pioreactor01,2026-09-15T09:41:24.493Z,0.277612029037,135,3,2026-09-15 15:26:24.493,1871.329166666667
Pulse experiments,pioreactor01,2026-09-15T09:41:24.493Z,0.055576224207,45,4,2026-09-15 15:26:24.493,1871.329166666667
Pulse experiments,pioreactor01,2026-09-15T09:41:29.509Z,0.003641575405,90,2,2026-09-15 15:26:29.509,1871.330555555556
Pulse experiments,pioreactor01,2026-09-15T09:41:29.509Z,0.275538233046,135,3,2026-09-15 15:26:29.509,1871.330555555556
Pulse experiments,pioreactor01,2026-09-15T09:41:29.509Z,0.045306031467,45,4,2026-09-15 15:26:29.509,1871.330555555556
Pulse experiments,pioreactor01,2026-09-15T09:41:34.492Z,0.003280530259,90,2,2026-09-15 15:26:34.492,1871.331944444444
Pulse experiments,pioreactor01,2026-09-15T09:41:34.492Z,0.27577258516,135,3,2026-09-15 15:26:34.492,1871.331944444444
Pulse experiments,pioreactor01,2026-09-15T09:41:34.492Z,0.042145995748,45,4,2026-09-15 15:26:34.492,1871.331944444444
Pulse experiments,pioreactor01,2026-09-15T09:41:39.498Z,0.003463846439,90,2,2026-09-15 15:26:39.498,1871.333333333333
Pulse experiments,pioreactor01,2026-09-15T09:41:39.498Z,0.276341026528,135,3,2026-09-15 15:26:39.498,1871.333333333333
Pulse experiments,pioreactor01,2026-09-15T09:41:39.498Z,0.041617170594,45,4,2026-09-15 15:26:39.498,1871.333333333333
Pulse experiments,pioreactor01,2026-09-15T09:41:44.505Z,0.005892205706,90,2,2026-09-15 15:26:44.505,1871.334722222222
Pulse experiments,pioreactor01,2026-09-15T09:41:44.505Z,0.279201753134,135,3,2026-09-15 15:26:44.505,1871.334722222222
Pulse experiments,pioreactor01,2026-09-15T09:41:44.505Z,0.069443504528,45,4,2026-09-15 15:26:44.505,1871.334722222222
Pulse experiments,pioreactor01,2026-09-15T09:41:49.489Z,0.004278572971,90,2,2026-09-15 15:26:49.489,1871.336111111111
Pulse experiments,pioreactor01,2026-09-15T09:41:49.489Z,0.277926414614,135,3,2026-09-15 15:26:49.489,1871.336111111111
Pulse experiments,pioreactor01,2026-09-15T09:41:49.489Z,0.051433027489,45,4,2026-09-15 15:26:49.489,1871.336111111111
Pulse experiments,pioreactor01,2026-09-15T09:41:54.493Z,0.005745888826,90,2,2026-09-15 15:26:54.493,1871.3375
Pulse experiments,pioreactor01,2026-09-15T09:41:54.493Z,0.277469468667,135,3,2026-09-15 15:26:54.493,1871.3375
Pulse experiments,pioreactor01,2026-09-15T09:41:54.493Z,0.069589279367,45,4,2026-09-15 15:26:54.493,1871.3375
Pulse experiments,pioreactor01,2026-09-15T09:41:59.488Z,0.004453466279,90,2,2026-09-15 15:26:59.488,1871.338888888889
Pulse experiments,pioreactor01,2026-09-15T09:41:59.488Z,0.277258564637,135,3,2026-09-15 15:26:59.488,1871.338888888889
Pulse experiments,pioreactor01,2026-09-15T09:41:59.488Z,0.053692373601,45,4,2026-09-15 15:26:59.488,1871.338888888889
Pulse experiments,pioreactor01,2026-09-15T09:42:04.499Z,0.004155212295,90,2,2026-09-15 15:27:04.499,1871.340277777778
Pulse experiments,pioreactor01,2026-09-15T09:42:04.499Z,0.275768271065,135,3,2026-09-15 15:27:04.499,1871.340277777778
Pulse experiments,pioreactor01,2026-09-15T09:42:04.499Z,0.051140046449,45,4,2026-09-15 15:27:04.499,1871.340277777778
Pulse experiments,pioreactor01,2026-09-15T09:42:09.502Z,0.003962412002,90,2,2026-09-15 15:27:09.502,1871.341666666667
Pulse experiments,pioreactor01,2026-09-15T09:42:09.502Z,0.273973343369,135,3,2026-09-15 15:27:09.502,1871.341666666667
Pulse experiments,pioreactor01,2026-09-15T09:42:09.502Z,0.051096137274,45,4,2026-09-15 15:27:09.502,1871.341666666667
Pulse experiments,pioreactor01,2026-09-15T09:42:14.492Z,0.003393709305,90,2,2026-09-15 15:27:14.492,1871.343055555556
Pulse experiments,pioreactor01,2026-09-15T09:42:14.492Z,0.27608410641,135,3,2026-09-15 15:27:14.492,1871.343055555556
Pulse experiments,pioreactor01,2026-09-15T09:42:14.492Z,0.042686393619,45,4,2026-09-15 15:27:14.492,1871.343055555556
Pulse experiments,pioreactor01,2026-09-15T09:42:19.496Z,0.003080704311,90,2,2026-09-15 15:27:19.496,1871.344444444444
Pulse experiments,pioreactor01,2026-09-15T09:42:19.496Z,0.275419646401,135,3,2026-09-15 15:27:19.496,1871.344444444444
Pulse experiments,pioreactor01,2026-09-15T09:42:19.496Z,0.0391831746,45,4,2026-09-15 15:27:19.496,1871.344444444444
Pulse experiments,pioreactor01,2026-09-15T09:42:24.489Z,0.003417727046,90,2,2026-09-15 15:27:24.489,1871.345833333333
Pulse experiments,pioreactor01,2026-09-15T09:42:24.489Z,0.276928930142,135,3,2026-09-15 15:27:24.489,1871.345833333333
Pulse experiments,pioreactor01,2026-09-15T09:42:24.489Z,0.041552259191,45,4,2026-09-15 15:27:24.489,1871.345833333333
Pulse experiments,pioreactor01,2026-09-15T09:42:29.482Z,0.003145876178,90,2,2026-09-15 15:27:29.482,1871.347222222222
Pulse experiments,pioreactor01,2026-09-15T09:42:29.482Z,0.276858788678,135,3,2026-09-15 15:27:29.482,1871.347222222222
Pulse experiments,pioreactor01,2026-09-15T09:42:29.482Z,0.038361024627,45,4,2026-09-15 15:27:29.482,1871.347222222222
Pulse experiments,pioreactor01,2026-09-15T09:42:34.503Z,0.003011891239,90,2,2026-09-15 15:27:34.503,1871.348611111111
Pulse experiments,pioreactor01,2026-09-15T09:42:34.503Z,0.274743277916,135,3,2026-09-15 15:27:34.503,1871.348611111111
Pulse experiments,pioreactor01,2026-09-15T09:42:34.503Z,0.037381083562,45,4,2026-09-15 15:27:34.503,1871.348611111111
Pulse experiments,pioreactor01,2026-09-15T09:42:39.486Z,0.002840774133,90,2,2026-09-15 15:27:39.486,1871.35
Pulse experiments,pioreactor01,2026-09-15T09:42:39.486Z,0.275364582468,135,3,2026-09-15 15:27:39.486,1871.35
Pulse experiments,pioreactor01,2026-09-15T09:42:39.486Z,0.037645516769,45,4,2026-09-15 15:27:39.486,1871.35
Pulse experiments,pioreactor01,2026-09-15T09:42:44.492Z,0.002902022642,90,2,2026-09-15 15:27:44.492,1871.351388888889
Pulse experiments,pioreactor01,2026-09-15T09:42:44.492Z,0.275706403645,135,3,2026-09-15 15:27:44.492,1871.351388888889
Pulse experiments,pioreactor01,2026-09-15T09:42:44.492Z,0.037537330662,45,4,2026-09-15 15:27:44.492,1871.351388888889
Pulse experiments,pioreactor01,2026-09-15T09:42:49.492Z,0.003108329779,90,2,2026-09-15 15:27:49.492,1871.352777777778
Pulse experiments,pioreactor01,2026-09-15T09:42:49.492Z,0.276239511078,135,3,2026-09-15 15:27:49.492,1871.352777777778
Pulse experiments,pioreactor01,2026-09-15T09:42:49.492Z,0.038962450584,45,4,2026-09-15 15:27:49.492,1871.352777777778
Pulse experiments,pioreactor01,2026-09-15T09:42:54.488Z,0.003202628178,90,2,2026-09-15 15:27:54.488,1871.354166666667
Pulse experiments,pioreactor01,2026-09-15T09:42:54.488Z,0.27677940604,135,3,2026-09-15 15:27:54.488,1871.354166666667
Pulse experiments,pioreactor01,2026-09-15T09:42:54.488Z,0.040866859851,45,4,2026-09-15 15:27:54.488,1871.354166666667
Pulse experiments,pioreactor01,2026-09-15T09:42:59.490Z,0.003369068175,90,2,2026-09-15 15:27:59.490,1871.355555555556
Pulse experiments,pioreactor01,2026-09-15T09:42:59.490Z,0.277030039983,135,3,2026-09-15 15:27:59.490,1871.355555555556
Pulse experiments,pioreactor01,2026-09-15T09:42:59.490Z,0.042504233832,45,4,2026-09-15 15:27:59.490,1871.355555555556
Pulse experiments,pioreactor01,2026-09-15T09:43:04.499Z,0.003727506103,90,2,2026-09-15 15:28:04.499,1871.356944444444
Pulse experiments,pioreactor01,2026-09-15T09:43:04.499Z,0.27822433302,135,3,2026-09-15 15:28:04.499,1871.356944444444
Pulse experiments,pioreactor01,2026-09-15T09:43:04.499Z,0.044223780722,45,4,2026-09-15 15:28:04.499,1871.356944444444
Pulse experiments,pioreactor01,2026-09-15T09:43:09.495Z,0.003662193491,90,2,2026-09-15 15:28:09.495,1871.358333333333
Pulse experiments,pioreactor01,2026-09-15T09:43:09.495Z,0.273849446325,135,3,2026-09-15 15:28:09.495,1871.358333333333
Pulse experiments,pioreactor01,2026-09-15T09:43:09.495Z,0.046859696308,45,4,2026-09-15 15:28:09.495,1871.358333333333
Pulse experiments,pioreactor01,2026-09-15T09:43:14.501Z,0.004157777916,90,2,2026-09-15 15:28:14.501,1871.359722222222
Pulse experiments,pioreactor01,2026-09-15T09:43:14.501Z,0.276231943642,135,3,2026-09-15 15:28:14.501,1871.359722222222
Pulse experiments,pioreactor01,2026-09-15T09:43:14.501Z,0.050493873221,45,4,2026-09-15 15:28:14.501,1871.359722222222
Pulse experiments,pioreactor01,2026-09-15T09:43:19.495Z,0.003660122863,90,2,2026-09-15 15:28:19.495,1871.361111111111
Pulse experiments,pioreactor01,2026-09-15T09:43:19.495Z,0.276553322521,135,3,2026-09-15 15:28:19.495,1871.361111111111
Pulse experiments,pioreactor01,2026-09-15T09:43:19.495Z,0.044538483221,45,4,2026-09-15 15:28:19.495,1871.361111111111
Pulse experiments,pioreactor01,2026-09-15T09:43:24.495Z,0.003731067857,90,2,2026-09-15 15:28:24.495,1871.3625
Pulse experiments,pioreactor01,2026-09-15T09:43:24.495Z,0.275046391818,135,3,2026-09-15 15:28:24.495,1871.3625
Pulse experiments,pioreactor01,2026-09-15T09:43:24.495Z,0.047102750736,45,4,2026-09-15 15:28:24.495,1871.3625
Pulse experiments,pioreactor01,2026-09-15T09:43:29.496Z,0.006865130942,90,2,2026-09-15 15:28:29.496,1871.363888888889
Pulse experiments,pioreactor01,2026-09-15T09:43:29.496Z,0.280113361006,135,3,2026-09-15 15:28:29.496,1871.363888888889
Pulse experiments,pioreactor01,2026-09-15T09:43:29.496Z,0.085396320005,45,4,2026-09-15 15:28:29.496,1871.363888888889
Pulse experiments,pioreactor01,2026-09-15T09:43:34.491Z,0.004827595161,90,2,2026-09-15 15:28:34.491,1871.365277777778
Pulse experiments,pioreactor01,2026-09-15T09:43:34.491Z,0.276361404585,135,3,2026-09-15 15:28:34.491,1871.365277777778
Pulse experiments,pioreactor01,2026-09-15T09:43:34.491Z,0.059036473727,45,4,2026-09-15 15:28:34.491,1871.365277777778
Pulse experiments,pioreactor01,2026-09-15T09:43:39.489Z,0.003982141906,90,2,2026-09-15 15:28:39.489,1871.366666666667
Pulse experiments,pioreactor01,2026-09-15T09:43:39.489Z,0.276027427571,135,3,2026-09-15 15:28:39.489,1871.366666666667
Pulse experiments,pioreactor01,2026-09-15T09:43:39.489Z,0.049679422251,45,4,2026-09-15 15:28:39.489,1871.366666666667
Pulse experiments,pioreactor01,2026-09-15T09:43:44.488Z,0.003282258912,90,2,2026-09-15 15:28:44.488,1871.368055555556
Pulse experiments,pioreactor01,2026-09-15T09:43:44.488Z,0.275115626761,135,3,2026-09-15 15:28:44.488,1871.368055555556
Pulse experiments,pioreactor01,2026-09-15T09:43:44.488Z,0.041292216849,45,4,2026-09-15 15:28:44.488,1871.368055555556
Pulse experiments,pioreactor01,2026-09-15T09:43:49.485Z,0.003114332476,90,2,2026-09-15 15:28:49.485,1871.369444444445
Pulse experiments,pioreactor01,2026-09-15T09:43:49.485Z,0.273730978358,135,3,2026-09-15 15:28:49.485,1871.369444444445
Pulse experiments,pioreactor01,2026-09-15T09:43:49.485Z,0.039065145251,45,4,2026-09-15 15:28:49.485,1871.369444444445
Pulse experiments,pioreactor01,2026-09-15T09:43:54.486Z,0.00342943184,90,2,2026-09-15 15:28:54.486,1871.370833333333
Pulse experiments,pioreactor01,2026-09-15T09:43:54.486Z,0.275518808621,135,3,2026-09-15 15:28:54.486,1871.370833333333
Pulse experiments,pioreactor01,2026-09-15T09:43:54.486Z,0.041347049095,45,4,2026-09-15 15:28:54.486,1871.370833333333
Pulse experiments,pioreactor01,2026-09-15T09:43:59.488Z,0.003148175408,90,2,2026-09-15 15:28:59.488,1871.372222222222
Pulse experiments,pioreactor01,2026-09-15T09:43:59.488Z,0.276674400372,135,3,2026-09-15 15:28:59.488,1871.372222222222
Pulse experiments,pioreactor01,2026-09-15T09:43:59.488Z,0.039093011798,45,4,2026-09-15 15:28:59.488,1871.372222222222
Pulse experiments,pioreactor01,2026-09-15T09:44:04.497Z,0.003495887655,90,2,2026-09-15 15:29:04.497,1871.373611111111
Pulse experiments,pioreactor01,2026-09-15T09:44:04.497Z,0.276957781465,135,3,2026-09-15 15:29:04.497,1871.373611111111
Pulse experiments,pioreactor01,2026-09-15T09:44:04.497Z,0.041221619479,45,4,2026-09-15 15:29:04.497,1871.373611111111
Pulse experiments,pioreactor01,2026-09-15T09:44:09.495Z,0.003346648327,90,2,2026-09-15 15:29:09.495,1871.375
Pulse experiments,pioreactor01,2026-09-15T09:44:09.495Z,0.27584215963,135,3,2026-09-15 15:29:09.495,1871.375
Pulse experiments,pioreactor01,2026-09-15T09:44:09.495Z,0.040947725906,45,4,2026-09-15 15:29:09.495,1871.375
Pulse experiments,pioreactor01,2026-09-15T09:44:14.498Z,0.006829964795,90,2,2026-09-15 15:29:14.498,1871.376388888889
Pulse experiments,pioreactor01,2026-09-15T09:44:14.498Z,0.277506506906,135,3,2026-09-15 15:29:14.498,1871.376388888889
Pulse experiments,pioreactor01,2026-09-15T09:44:14.498Z,0.085297831023,45,4,2026-09-15 15:29:14.498,1871.376388888889
Pulse experiments,pioreactor01,2026-09-15T09:44:19.505Z,0.00528970039,90,2,2026-09-15 15:29:19.505,1871.377777777778
Pulse experiments,pioreactor01,2026-09-15T09:44:19.505Z,0.278375036729,135,3,2026-09-15 15:29:19.505,1871.377777777778
Pulse experiments,pioreactor01,2026-09-15T09:44:19.505Z,0.062857488622,45,4,2026-09-15 15:29:19.505,1871.377777777778
Pulse experiments,pioreactor01,2026-09-15T09:44:24.499Z,0.00594230402,90,2,2026-09-15 15:29:24.499,1871.379166666667
Pulse experiments,pioreactor01,2026-09-15T09:44:24.499Z,0.277301390988,135,3,2026-09-15 15:29:24.499,1871.379166666667
Pulse experiments,pioreactor01,2026-09-15T09:44:24.499Z,0.067975984536,45,4,2026-09-15 15:29:24.499,1871.379166666667
Pulse experiments,pioreactor01,2026-09-15T09:44:29.493Z,0.004576098906,90,2,2026-09-15 15:29:29.493,1871.380555555555
Pulse experiments,pioreactor01,2026-09-15T09:44:29.493Z,0.278242674206,135,3,2026-09-15 15:29:29.493,1871.380555555555
Pulse experiments,pioreactor01,2026-09-15T09:44:29.493Z,0.053705428864,45,4,2026-09-15 15:29:29.493,1871.380555555555
Pulse experiments,pioreactor01,2026-09-15T09:44:34.502Z,0.004461306723,90,2,2026-09-15 15:29:34.502,1871.381944444444
Pulse experiments,pioreactor01,2026-09-15T09:44:34.502Z,0.277887616704,135,3,2026-09-15 15:29:34.502,1871.381944444444
Pulse experiments,pioreactor01,2026-09-15T09:44:34.502Z,0.050019670978,45,4,2026-09-15 15:29:34.502,1871.381944444444
Pulse experiments,pioreactor01,2026-09-15T09:44:39.500Z,0.004462291317,90,2,2026-09-15 15:29:39.500,1871.383333333333
Pulse experiments,pioreactor01,2026-09-15T09:44:39.500Z,0.27597770016,135,3,2026-09-15 15:29:39.500,1871.383333333333
Pulse experiments,pioreactor01,2026-09-15T09:44:39.500Z,0.051149192593,45,4,2026-09-15 15:29:39.500,1871.383333333333
Pulse experiments,pioreactor01,2026-09-15T09:44:44.489Z,0.004179450133,90,2,2026-09-15 15:29:44.489,1871.384722222222
Pulse experiments,pioreactor01,2026-09-15T09:44:44.489Z,0.27712005123,135,3,2026-09-15 15:29:44.489,1871.384722222222
Pulse experiments,pioreactor01,2026-09-15T09:44:44.489Z,0.04903120061,45,4,2026-09-15 15:29:44.489,1871.384722222222
Pulse experiments,pioreactor01,2026-09-15T09:44:49.492Z,0.005773159527,90,2,2026-09-15 15:29:49.492,1871.386111111111
Pulse experiments,pioreactor01,2026-09-15T09:44:49.492Z,0.278216032851,135,3,2026-09-15 15:29:49.492,1871.386111111111
Pulse experiments,pioreactor01,2026-09-15T09:44:49.492Z,0.067786546276,45,4,2026-09-15 15:29:49.492,1871.386111111111
Pulse experiments,pioreactor01,2026-09-15T09:44:54.496Z,0.003822173602,90,2,2026-09-15 15:29:54.496,1871.3875
Pulse experiments,pioreactor01,2026-09-15T09:44:54.496Z,0.275997410656,135,3,2026-09-15 15:29:54.496,1871.3875
Pulse experiments,pioreactor01,2026-09-15T09:44:54.496Z,0.04748208922,45,4,2026-09-15 15:29:54.496,1871.3875
Pulse experiments,pioreactor01,2026-09-15T09:44:59.490Z,0.003513877316,90,2,2026-09-15 15:29:59.490,1871.388888888889
Pulse experiments,pioreactor01,2026-09-15T09:44:59.490Z,0.274723038951,135,3,2026-09-15 15:29:59.490,1871.388888888889
Pulse experiments,pioreactor01,2026-09-15T09:44:59.490Z,0.043367334496,45,4,2026-09-15 15:29:59.490,1871.388888888889
