experiment,pioreactor_unit,timestamp,od_reading,angle,channel,timestamp_localtime,hours_since_experiment_created
Demo experiment,pioreactor02,2026-09-25T15:35:22.866Z,0.0,90,2,2026-09-25 21:20:22.866,45.808333333333
Demo experiment,pioreactor02,2026-09-25T15:35:22.866Z,0.180103262983,45,3,2026-09-25 21:20:22.866,45.808333333333
Demo experiment,pioreactor02,2026-09-25T15:35:22.866Z,0.02576219451,135,4,2026-09-25 21:20:22.866,45.808333333333
Demo experiment,pioreactor02,2026-09-25T15:35:27.854Z,0.0,90,2,2026-09-25 21:20:27.854,45.809722222222
Demo experiment,pioreactor02,2026-09-25T15:35:27.854Z,0.180837719135,45,3,2026-09-25 21:20:27.854,45.809722222222
Demo experiment,pioreactor02,2026-09-25T15:35:27.854Z,0.024996486795,135,4,2026-09-25 21:20:27.854,45.809722222222
Demo experiment,pioreactor02,2026-09-25T15:35:32.853Z,0.0,90,2,2026-09-25 21:20:32.853,45.811111111111
Demo experiment,pioreactor02,2026-09-25T15:35:32.853Z,0.180978778785,45,3,2026-09-25 21:20:32.853,45.811111111111
Demo experiment,pioreactor02,2026-09-25T15:35:32.853Z,0.025303598843,135,4,2026-09-25 21:20:32.853,45.811111111111
Demo experiment,pioreactor02,2026-09-25T15:35:37.849Z,0.0,90,2,2026-09-25 21:20:37.849,45.8125
Demo experiment,pioreactor02,2026-09-25T15:35:37.849Z,0.180690037764,45,3,2026-09-25 21:20:37.849,45.8125
Demo experiment,pioreactor02,2026-09-25T15:35:37.849Z,0.024901454148,135,4,2026-09-25 21:20:37.849,45.8125
Demo experiment,pioreactor02,2026-09-25T15:35:42.853Z,0.0,90,2,2026-09-25 21:20:42.853,45.813888888889
Demo experiment,pioreactor02,2026-09-25T15:35:42.853Z,0.180520777523,45,3,2026-09-25 21:20:42.853,45.813888888889
Demo experiment,pioreactor02,2026-09-25T15:35:42.853Z,0.024744396388,135,4,2026-09-25 21:20:42.853,45.813888888889
Demo experiment,pioreactor02,2026-09-25T15:35:47.853Z,0.0,90,2,2026-09-25 21:20:47.853,45.815277777778
Demo experiment,pioreactor02,2026-09-25T15:35:47.853Z,0.180606898292,45,3,2026-09-25 21:20:47.853,45.815277777778
Demo experiment,pioreactor02,2026-09-25T15:35:47.853Z,0.024712776144,135,4,2026-09-25 21:20:47.853,45.815277777778
Demo experiment,pioreactor02,2026-09-25T15:35:52.853Z,0.0,90,2,2026-09-25 21:20:52.853,45.816666666667
Demo experiment,pioreactor02,2026-09-25T15:35:52.853Z,0.181168797701,45,3,2026-09-25 21:20:52.853,45.816666666667
Demo experiment,pioreactor02,2026-09-25T15:35:52.853Z,0.024751869609,135,4,2026-09-25 21:20:52.853,45.816666666667
Demo experiment,pioreactor02,2026-09-25T15:35:57.851Z,0.0,90,2,2026-09-25 21:20:57.851,45.818055555556
Demo experiment,pioreactor02,2026-09-25T15:35:57.851Z,0.182218297841,45,3,2026-09-25 21:20:57.851,45.818055555556
Demo experiment,pioreactor02,2026-09-25T15:35:57.851Z,0.025110653016,135,4,2026-09-25 21:20:57.851,45.818055555556
Demo experiment,pioreactor02,2026-09-25T15:36:02.853Z,0.0,90,2,2026-09-25 21:21:02.853,45.819444444444
Demo experiment,pioreactor02,2026-09-25T15:36:02.853Z,0.184435554136,45,3,2026-09-25 21:21:02.853,45.819444444444
Demo experiment,pioreactor02,2026-09-25T15:36:02.853Z,0.025497932437,135,4,2026-09-25 21:21:02.853,45.819444444444
Demo experiment,pioreactor02,2026-09-25T15:36:07.856Z,0.0,90,2,2026-09-25 21:21:07.856,45.820833333333
Demo experiment,pioreactor02,2026-09-25T15:36:07.856Z,0.18629150942,45,3,2026-09-25 21:21:07.856,45.820833333333
Demo experiment,pioreactor02,2026-09-25T15:36:07.856Z,0.025824197744,135,4,2026-09-25 21:21:07.856,45.820833333333
Demo experiment,pioreactor02,2026-09-25T15:36:12.856Z,0.0,90,2,2026-09-25 21:21:12.856,45.822222222222
Demo experiment,pioreactor02,2026-09-25T15:36:12.856Z,0.187300294523,45,3,2026-09-25 21:21:12.856,45.822222222222
Demo experiment,pioreactor02,2026-09-25T15:36:12.856Z,0.026196038116,135,4,2026-09-25 21:21:12.856,45.822222222222
Demo experiment,pioreactor02,2026-09-25T15:36:17.857Z,0.0,90,2,2026-09-25 21:21:17.857,45.823611111111
Demo experiment,pioreactor02,2026-09-25T15:36:17.857Z,0.187215731499,45,3,2026-09-25 21:21:17.857,45.823611111111
Demo experiment,pioreactor02,2026-09-25T15:36:17.857Z,0.026485795012,135,4,2026-09-25 21:21:17.857,45.823611111111
Demo experiment,pioreactor02,2026-09-25T15:36:22.856Z,0.0,90,2,2026-09-25 21:21:22.856,45.825
Demo experiment,pioreactor02,2026-09-25T15:36:22.856Z,0.187601478067,45,3,2026-09-25 21:21:22.856,45.825
Demo experiment,pioreactor02,2026-09-25T15:36:22.856Z,0.026366633401,135,4,2026-09-25 21:21:22.856,45.825
Demo experiment,pioreactor02,2026-09-25T15:36:27.873Z,0.0,90,2,2026-09-25 21:21:27.873,45.826388888889
Demo experiment,pioreactor02,2026-09-25T15:36:27.873Z,0.187486316891,45,3,2026-09-25 21:21:27.873,45.826388888889
Demo experiment,pioreactor02,2026-09-25T15:36:27.873Z,0.026334177531,135,4,2026-09-25 21:21:27.873,45.826388888889
Demo experiment,pioreactor02,2026-09-25T15:36:32.857Z,0.0,90,2,2026-09-25 21:21:32.857,45.827777777778
Demo experiment,pioreactor02,2026-09-25T15:36:32.857Z,0.185378866287,45,3,2026-09-25 21:21:32.857,45.827777777778
Demo experiment,pioreactor02,2026-09-25T15:36:32.857Z,0.027352983323,135,4,2026-09-25 21:21:32.857,45.827777777778
Demo experiment,pioreactor02,2026-09-25T15:36:37.858Z,0.0,90,2,2026-09-25 21:21:37.858,45.829166666667
Demo experiment,pioreactor02,2026-09-25T15:36:37.858Z,0.18382994662,45,3,2026-09-25 21:21:37.858,45.829166666667
Demo experiment,pioreactor02,2026-09-25T15:36:37.858Z,0.029725009133,135,4,2026-09-25 21:21:37.858,45.829166666667
Demo experiment,pioreactor02,2026-09-25T15:36:42.856Z,0.0,90,2,2026-09-25 21:21:42.856,45.830555555556
Demo experiment,pioreactor02,2026-09-25T15:36:42.856Z,0.191836734294,45,3,2026-09-25 21:21:42.856,45.830555555556
Demo experiment,pioreactor02,2026-09-25T15:36:42.856Z,0.086810467529,135,4,2026-09-25 21:21:42.856,45.830555555556
Demo experiment,pioreactor02,2026-09-25T15:36:47.851Z,0.0,90,2,2026-09-25 21:21:47.851,45.831944444444
Demo experiment,pioreactor02,2026-09-25T15:36:47.851Z,0.187414466297,45,3,2026-09-25 21:21:47.851,45.831944444444
Demo experiment,pioreactor02,2026-09-25T15:36:47.851Z,0.057353543936,135,4,2026-09-25 21:21:47.851,45.831944444444
Demo experiment,pioreactor02,2026-09-25T15:36:52.852Z,0.0,90,2,2026-09-25 21:21:52.852,45.833333333333
Demo experiment,pioreactor02,2026-09-25T15:36:52.852Z,0.186363875926,45,3,2026-09-25 21:21:52.852,45.833333333333
Demo experiment,pioreactor02,2026-09-25T15:36:52.852Z,0.043377832501,135,4,2026-09-25 21:21:52.852,45.833333333333
Demo experiment,pioreactor02,2026-09-25T15:36:57.851Z,0.0,90,2,2026-09-25 21:21:57.851,45.834722222222
Demo experiment,pioreactor02,2026-09-25T15:36:57.851Z,0.186245707451,45,3,2026-09-25 21:21:57.851,45.834722222222
Demo experiment,pioreactor02,2026-09-25T15:36:57.851Z,0.038292829887,135,4,2026-09-25 21:21:57.851,45.834722222222
Demo experiment,pioreactor02,2026-09-25T15:37:02.851Z,0.0,90,2,2026-09-25 21:22:02.851,45.836111111111
Demo experiment,pioreactor02,2026-09-25T15:37:02.851Z,0.186197267821,45,3,2026-09-25 21:22:02.851,45.836111111111
Demo experiment,pioreactor02,2026-09-25T15:37:02.851Z,0.03433437035,135,4,2026-09-25 21:22:02.851,45.836111111111
Demo experiment,pioreactor02,2026-09-25T15:37:07.853Z,0.0,90,2,2026-09-25 21:22:07.853,45.8375
Demo experiment,pioreactor02,2026-09-25T15:37:07.853Z,0.186937437267,45,3,2026-09-25 21:22:07.853,45.8375
Demo experiment,pioreactor02,2026-09-25T15:37:07.853Z,0.03771279776,135,4,2026-09-25 21:22:07.853,45.8375
Demo experiment,pioreactor02,2026-09-25T15:37:12.854Z,0.0,90,2,2026-09-25 21:22:12.854,45.838888888889
Demo experiment,pioreactor02,2026-09-25T15:37:12.854Z,0.187192157542,45,3,2026-09-25 21:22:12.854,45.838888888889
Demo experiment,pioreactor02,2026-09-25T15:37:12.854Z,0.045473046183,135,4,2026-09-25 21:22:12.854,45.838888888889
Demo experiment,pioreactor02,2026-09-25T15:37:17.854Z,0.0,90,2,2026-09-25 21:22:17.854,45.840277777778
Demo experiment,pioreactor02,2026-09-25T15:37:17.854Z,0.186956913689,45,3,2026-09-25 21:22:17.854,45.840277777778
Demo experiment,pioreactor02,2026-09-25T15:37:17.854Z,0.039175589365,135,4,2026-09-25 21:22:17.854,45.840277777778
Demo experiment,pioreactor02,2026-09-25T15:37:22.852Z,0.0,90,2,2026-09-25 21:22:22.852,45.841666666667
Demo experiment,pioreactor02,2026-09-25T15:37:22.852Z,0.184467725572,45,3,2026-09-25 21:22:22.852,45.841666666667
Demo experiment,pioreactor02,2026-09-25T15:37:22.852Z,0.037889424937,135,4,2026-09-25 21:22:22.852,45.841666666667
Demo experiment,pioreactor02,2026-09-25T15:37:27.851Z,0.0,90,2,2026-09-25 21:22:27.851,45.843055555556
Demo experiment,pioreactor02,2026-09-25T15:37:27.851Z,0.18336091215,45,3,2026-09-25 21:22:27.851,45.843055555556
Demo experiment,pioreactor02,2026-09-25T15:37:27.851Z,0.0385019514,135,4,2026-09-25 21:22:27.851,45.843055555556
Demo experiment,pioreactor02,2026-09-25T15:37:32.854Z,0.0,90,2,2026-09-25 21:22:32.854,45.844444444444
Demo experiment,pioreactor02,2026-09-25T15:37:32.854Z,0.183573459421,45,3,2026-09-25 21:22:32.854,45.844444444444
Demo experiment,pioreactor02,2026-09-25T15:37:32.854Z,0.037900148852,135,4,2026-09-25 21:22:32.854,45.844444444444
Demo experiment,pioreactor02,2026-09-25T15:37:37.853Z,0.0,90,2,2026-09-25 21:22:37.853,45.845833333333
Demo experiment,pioreactor02,2026-09-25T15:37:37.853Z,0.183197571498,45,3,2026-09-25 21:22:37.853,45.845833333333
Demo experiment,pioreactor02,2026-09-25T15:37:37.853Z,0.03514154514,135,4,2026-09-25 21:22:37.853,45.845833333333
Demo experiment,pioreactor02,2026-09-25T15:37:42.852Z,0.0,90,2,2026-09-25 21:22:42.852,45.847222222222
Demo experiment,pioreactor02,2026-09-25T15:37:42.852Z,0.184454471807,45,3,2026-09-25 21:22:42.852,45.847222222222
Demo experiment,pioreactor02,2026-09-25T15:37:42.852Z,0.043204991227,135,4,2026-09-25 21:22:42.852,45.847222222222
Demo experiment,pioreactor02,2026-09-25T15:37:47.852Z,0.0,90,2,2026-09-25 21:22:47.852,45.848611111111
Demo experiment,pioreactor02,2026-09-25T15:37:47.852Z,0.184974467325,45,3,2026-09-25 21:22:47.852,45.848611111111
Demo experiment,pioreactor02,2026-09-25T15:37:47.852Z,0.04115508798,135,4,2026-09-25 21:22:47.852,45.848611111111
Demo experiment,pioreactor02,2026-09-25T15:37:52.852Z,0.0,90,2,2026-09-25 21:22:52.852,45.85
Demo experiment,pioreactor02,2026-09-25T15:37:52.852Z,0.184517639655,45,3,2026-09-25 21:22:52.852,45.85
Demo experiment,pioreactor02,2026-09-25T15:37:52.852Z,0.037337071643,135,4,2026-09-25 21:22:52.852,45.85
Demo experiment,pioreactor02,2026-09-25T15:37:57.855Z,0.0,90,2,2026-09-25 21:22:57.855,45.851388888889
Demo experiment,pioreactor02,2026-09-25T15:37:57.855Z,0.185911058776,45,3,2026-09-25 21:22:57.855,45.851388888889
Demo experiment,pioreactor02,2026-09-25T15:37:57.855Z,0.040401696909,135,4,2026-09-25 21:22:57.855,45.851388888889
Demo experiment,pioreactor02,2026-09-25T15:38:02.851Z,0.0,90,2,2026-09-25 21:23:02.851,45.852777777778
Demo experiment,pioreactor02,2026-09-25T15:38:02.851Z,0.185406282799,45,3,2026-09-25 21:23:02.851,45.852777777778
Demo experiment,pioreactor02,2026-09-25T15:38:02.851Z,0.035543007002,135,4,2026-09-25 21:23:02.851,45.852777777778
Demo experiment,pioreactor02,2026-09-25T15:38:07.852Z,0.0,90,2,2026-09-25 21:23:07.852,45.854166666667
Demo experiment,pioreactor02,2026-09-25T15:38:07.852Z,0.187390912844,45,3,2026-09-25 21:23:07.852,45.854166666667
Demo experiment,pioreactor02,2026-09-25T15:38:07.852Z,0.059298334687,135,4,2026-09-25 21:23:07.852,45.854166666667
Demo experiment,pioreactor02,2026-09-25T15:38:12.855Z,0.0,90,2,2026-09-25 21:23:12.855,45.855555555556
Demo experiment,pioreactor02,2026-09-25T15:38:12.855Z,0.187614872019,45,3,2026-09-25 21:23:12.855,45.855555555556
Demo experiment,pioreactor02,2026-09-25T15:38:12.855Z,0.04660850229,135,4,2026-09-25 21:23:12.855,45.855555555556
Demo experiment,pioreactor02,2026-09-25T15:38:17.853Z,0.0,90,2,2026-09-25 21:23:17.853,45.856944444444
Demo experiment,pioreactor02,2026-09-25T15:38:17.853Z,0.190177499418,45,3,2026-09-25 21:23:17.853,45.856944444444
Demo experiment,pioreactor02,2026-09-25T15:38:17.853Z,0.070665614739,135,4,2026-09-25 21:23:17.853,45.856944444444
Demo experiment,pioreactor02,2026-09-25T15:38:22.852Z,0.0,90,2,2026-09-25 21:23:22.852,45.858333333333
Demo experiment,pioreactor02,2026-09-25T15:38:22.852Z,0.191130500886,45,3,2026-09-25 21:23:22.852,45.858333333333
Demo experiment,pioreactor02,2026-09-25T15:38:22.852Z,0.074792771741,135,4,2026-09-25 21:23:22.852,45.858333333333
Demo experiment,pioreactor02,2026-09-25T15:38:27.852Z,0.0,90,2,2026-09-25 21:23:27.852,45.859722222222
Demo experiment,pioreactor02,2026-09-25T15:38:27.852Z,0.190610803057,45,3,2026-09-25 21:23:27.852,45.859722222222
Demo experiment,pioreactor02,2026-09-25T15:38:27.852Z,0.051012927485,135,4,2026-09-25 21:23:27.852,45.859722222222
Demo experiment,pioreactor02,2026-09-25T15:38:32.855Z,0.0,90,2,2026-09-25 21:23:32.855,45.861111111111
Demo experiment,pioreactor02,2026-09-25T15:38:32.855Z,0.191815032642,45,3,2026-09-25 21:23:32.855,45.861111111111
Demo experiment,pioreactor02,2026-09-25T15:38:32.855Z,0.065034608693,135,4,2026-09-25 21:23:32.855,45.861111111111
Demo experiment,pioreactor02,2026-09-25T15:38:37.854Z,0.0,90,2,2026-09-25 21:23:37.854,45.8625
Demo experiment,pioreactor02,2026-09-25T15:38:37.854Z,0.188401398753,45,3,2026-09-25 21:23:37.854,45.8625
Demo experiment,pioreactor02,2026-09-25T15:38:37.854Z,0.045315856212,135,4,2026-09-25 21:23:37.854,45.8625
Demo experiment,pioreactor02,2026-09-25T15:38:42.857Z,0.0,90,2,2026-09-25 21:23:42.857,45.863888888889
Demo experiment,pioreactor02,2026-09-25T15:38:42.857Z,0.18746071937,45,3,2026-09-25 21:23:42.857,45.863888888889
Demo experiment,pioreactor02,2026-09-25T15:38:42.857Z,0.057952456441,135,4,2026-09-25 21:23:42.857,45.863888888889
Demo experiment,pioreactor02,2026-09-25T15:38:47.858Z,0.0,90,2,2026-09-25 21:23:47.858,45.865277777778
Demo experiment,pioreactor02,2026-09-25T15:38:47.858Z,0.186899906846,45,3,2026-09-25 21:23:47.858,45.865277777778
Demo experiment,pioreactor02,2026-09-25T15:38:47.858Z,0.045709355932,135,4,2026-09-25 21:23:47.858,45.865277777778
Demo experiment,pioreactor02,2026-09-25T15:38:52.852Z,0.0,90,2,2026-09-25 21:23:52.852,45.866666666667
Demo experiment,pioreactor02,2026-09-25T15:38:52.852Z,0.188647383929,45,3,2026-09-25 21:23:52.852,45.866666666667
Demo experiment,pioreactor02,2026-09-25T15:38:52.852Z,0.073543866822,135,4,2026-09-25 21:23:52.852,45.866666666667
Demo experiment,pioreactor02,2026-09-25T15:38:57.850Z,0.0,90,2,2026-09-25 21:23:57.850,45.868055555556
Demo experiment,pioreactor02,2026-09-25T15:38:57.850Z,0.187451397129,45,3,2026-09-25 21:23:57.850,45.868055555556
Demo experiment,pioreactor02,2026-09-25T15:38:57.850Z,0.049824536993,135,4,2026-09-25 21:23:57.850,45.868055555556
Demo experiment,pioreactor02,2026-09-25T15:39:02.852Z,0.0,90,2,2026-09-25 21:24:02.852,45.869444444444
Demo experiment,pioreactor02,2026-09-25T15:39:02.852Z,0.188072899138,45,3,2026-09-25 21:24:02.852,45.869444444444
Demo experiment,pioreactor02,2026-09-25T15:39:02.852Z,0.063146497694,135,4,2026-09-25 21:24:02.852,45.869444444444
Demo experiment,pioreactor02,2026-09-25T15:39:07.854Z,0.0,90,2,2026-09-25 21:24:07.854,45.870833333333
Demo experiment,pioreactor02,2026-09-25T15:39:07.854Z,0.187803758997,45,3,2026-09-25 21:24:07.854,45.870833333333
Demo experiment,pioreactor02,2026-09-25T15:39:07.854Z,0.057084133241,135,4,2026-09-25 21:24:07.854,45.870833333333
Demo experiment,pioreactor02,2026-09-25T15:39:12.849Z,0.0,90,2,2026-09-25 21:24:12.849,45.872222222222
Demo experiment,pioreactor02,2026-09-25T15:39:12.849Z,0.188795561608,45,3,2026-09-25 21:24:12.849,45.872222222222
Demo experiment,pioreactor02,2026-09-25T15:39:12.849Z,0.071435289923,135,4,2026-09-25 21:24:12.849,45.872222222222
Demo experiment,pioreactor02,2026-09-25T15:39:17.852Z,0.0,90,2,2026-09-25 21:24:17.852,45.873611111111
Demo experiment,pioreactor02,2026-09-25T15:39:17.852Z,0.189604296232,45,3,2026-09-25 21:24:17.852,45.873611111111
Demo experiment,pioreactor02,2026-09-25T15:39:17.852Z,0.074278243483,135,4,2026-09-25 21:24:17.852,45.873611111111
Demo experiment,pioreactor02,2026-09-25T15:39:22.853Z,0.0,90,2,2026-09-25 21:24:22.853,45.875
Demo experiment,pioreactor02,2026-09-25T15:39:22.853Z,0.190145151987,45,3,2026-09-25 21:24:22.853,45.875
Demo experiment,pioreactor02,2026-09-25T15:39:22.853Z,0.074134803455,135,4,2026-09-25 21:24:22.853,45.875
Demo experiment,pioreactor02,2026-09-25T15:39:27.853Z,0.0,90,2,2026-09-25 21:24:27.853,45.876388888889
Demo experiment,pioreactor02,2026-09-25T15:39:27.853Z,0.190118106779,45,3,2026-09-25 21:24:27.853,45.876388888889
Demo experiment,pioreactor02,2026-09-25T15:39:27.853Z,0.067953696379,135,4,2026-09-25 21:24:27.853,45.876388888889
Demo experiment,pioreactor02,2026-09-25T15:39:32.857Z,0.0,90,2,2026-09-25 21:24:32.857,45.877777777778
Demo experiment,pioreactor02,2026-09-25T15:39:32.857Z,0.188785519911,45,3,2026-09-25 21:24:32.857,45.877777777778
Demo experiment,pioreactor02,2026-09-25T15:39:32.857Z,0.072365076492,135,4,2026-09-25 21:24:32.857,45.877777777778
Demo experiment,pioreactor02,2026-09-25T15:39:37.854Z,0.0,90,2,2026-09-25 21:24:37.854,45.879166666667
Demo experiment,pioreactor02,2026-09-25T15:39:37.854Z,0.187803751164,45,3,2026-09-25 21:24:37.854,45.879166666667
Demo experiment,pioreactor02,2026-09-25T15:39:37.854Z,0.071470596181,135,4,2026-09-25 21:24:37.854,45.879166666667
Demo experiment,pioreactor02,2026-09-25T15:39:42.855Z,0.0,90,2,2026-09-25 21:24:42.855,45.880555555556
Demo experiment,pioreactor02,2026-09-25T15:39:42.855Z,0.186137428493,45,3,2026-09-25 21:24:42.855,45.880555555556
Demo experiment,pioreactor02,2026-09-25T15:39:42.855Z,0.056196034281,135,4,2026-09-25 21:24:42.855,45.880555555556
Demo experiment,pioreactor02,2026-09-25T15:39:47.855Z,0.0,90,2,2026-09-25 21:24:47.855,45.881944444444
Demo experiment,pioreactor02,2026-09-25T15:39:47.855Z,0.186908979615,45,3,2026-09-25 21:24:47.855,45.881944444444
Demo experiment,pioreactor02,2026-09-25T15:39:47.855Z,0.057317185198,135,4,2026-09-25 21:24:47.855,45.881944444444
Demo experiment,pioreactor02,2026-09-25T15:39:52.858Z,0.0,90,2,2026-09-25 21:24:52.858,45.883333333333
Demo experiment,pioreactor02,2026-09-25T15:39:52.858Z,0.188667023863,45,3,2026-09-25 21:24:52.858,45.883333333333
Demo experiment,pioreactor02,2026-09-25T15:39:52.858Z,0.069214006874,135,4,2026-09-25 21:24:52.858,45.883333333333
Demo experiment,pioreactor02,2026-09-25T15:39:57.861Z,0.0,90,2,2026-09-25 21:24:57.861,45.884722222222
Demo experiment,pioreactor02,2026-09-25T15:39:57.861Z,0.187835631026,45,3,2026-09-25 21:24:57.861,45.884722222222
Demo experiment,pioreactor02,2026-09-25T15:39:57.861Z,0.05180446974,135,4,2026-09-25 21:24:57.861,45.884722222222
Demo experiment,pioreactor02,2026-09-25T15:40:02.857Z,0.0,90,2,2026-09-25 21:25:02.857,45.886111111111
Demo experiment,pioreactor02,2026-09-25T15:40:02.857Z,0.189672173765,45,3,2026-09-25 21:25:02.857,45.886111111111
Demo experiment,pioreactor02,2026-09-25T15:40:02.857Z,0.057373774,135,4,2026-09-25 21:25:02.857,45.886111111111
Demo experiment,pioreactor02,2026-09-25T15:40:07.857Z,0.0,90,2,2026-09-25 21:25:07.857,45.8875
Demo experiment,pioreactor02,2026-09-25T15:40:07.857Z,0.188551014139,45,3,2026-09-25 21:25:07.857,45.8875
Demo experiment,pioreactor02,2026-09-25T15:40:07.857Z,0.046014182599,135,4,2026-09-25 21:25:07.857,45.8875
Demo experiment,pioreactor02,2026-09-25T15:40:12.850Z,0.0,90,2,2026-09-25 21:25:12.850,45.888888888889
Demo experiment,pioreactor02,2026-09-25T15:40:12.850Z,0.190247472877,45,3,2026-09-25 21:25:12.850,45.888888888889
Demo experiment,pioreactor02,2026-09-25T15:40:12.850Z,0.069638290159,135,4,2026-09-25 21:25:12.850,45.888888888889
Demo experiment,pioreactor02,2026-09-25T15:40:17.857Z,0.0,90,2,2026-09-25 21:25:17.857,45.890277777778
Demo experiment,pioreactor02,2026-09-25T15:40:17.857Z,0.189676034909,45,3,2026-09-25 21:25:17.857,45.890277777778
Demo experiment,pioreactor02,2026-09-25T15:40:17.857Z,0.063536387509,135,4,2026-09-25 21:25:17.857,45.890277777778
Demo experiment,pioreactor02,2026-09-25T15:40:22.857Z,0.0,90,2,2026-09-25 21:25:22.857,45.891666666667
Demo experiment,pioreactor02,2026-09-25T15:40:22.857Z,0.185776009765,45,3,2026-09-25 21:25:22.857,45.891666666667
Demo experiment,pioreactor02,2026-09-25T15:40:22.857Z,0.049353516913,135,4,2026-09-25 21:25:22.857,45.891666666667
Demo experiment,pioreactor02,2026-09-25T15:40:27.856Z,0.0,90,2,2026-09-25 21:25:27.856,45.893055555556
Demo experiment,pioreactor02,2026-09-25T15:40:27.856Z,0.185015436084,45,3,2026-09-25 21:25:27.856,45.893055555556
Demo experiment,pioreactor02,2026-09-25T15:40:27.856Z,0.061129673769,135,4,2026-09-25 21:25:27.856,45.893055555556
Demo experiment,pioreactor02,2026-09-25T15:40:32.856Z,0.0,90,2,2026-09-25 21:25:32.856,45.894444444444
Demo experiment,pioreactor02,2026-09-25T15:40:32.856Z,0.18413438759,45,3,2026-09-25 21:25:32.856,45.894444444444
Demo experiment,pioreactor02,2026-09-25T15:40:32.856Z,0.051345049725,135,4,2026-09-25 21:25:32.856,45.894444444444
Demo experiment,pioreactor02,2026-09-25T15:40:37.853Z,0.0,90,2,2026-09-25 21:25:37.853,45.895833333333
Demo experiment,pioreactor02,2026-09-25T15:40:37.853Z,0.183515559616,45,3,2026-09-25 21:25:37.853,45.895833333333
Demo experiment,pioreactor02,2026-09-25T15:40:37.853Z,0.03925365895,135,4,2026-09-25 21:25:37.853,45.895833333333
Demo experiment,pioreactor02,2026-09-25T15:40:42.854Z,0.0,90,2,2026-09-25 21:25:42.854,45.897222222222
Demo experiment,pioreactor02,2026-09-25T15:40:42.854Z,0.182996705539,45,3,2026-09-25 21:25:42.854,45.897222222222
Demo experiment,pioreactor02,2026-09-25T15:40:42.854Z,0.041799118111,135,4,2026-09-25 21:25:42.854,45.897222222222
Demo experiment,pioreactor02,2026-09-25T15:40:47.855Z,0.0,90,2,2026-09-25 21:25:47.855,45.898611111111
Demo experiment,pioreactor02,2026-09-25T15:40:47.855Z,0.182231717685,45,3,2026-09-25 21:25:47.855,45.898611111111
Demo experiment,pioreactor02,2026-09-25T15:40:47.855Z,0.036400546759,135,4,2026-09-25 21:25:47.855,45.898611111111
Demo experiment,pioreactor02,2026-09-25T15:40:52.851Z,0.0,90,2,2026-09-25 21:25:52.851,45.9
Demo experiment,pioreactor02,2026-09-25T15:40:52.851Z,0.182926854423,45,3,2026-09-25 21:25:52.851,45.9
Demo experiment,pioreactor02,2026-09-25T15:40:52.851Z,0.039650652746,135,4,2026-09-25 21:25:52.851,45.9
Demo experiment,pioreactor02,2026-09-25T15:40:57.852Z,0.0,90,2,2026-09-25 21:25:57.852,45.901388888889
Demo experiment,pioreactor02,2026-09-25T15:40:57.852Z,0.183442016436,45,3,2026-09-25 21:25:57.852,45.901388888889
Demo experiment,pioreactor02,2026-09-25T15:40:57.852Z,0.042664068771,135,4,2026-09-25 21:25:57.852,45.901388888889
Demo experiment,pioreactor02,2026-09-25T15:41:02.859Z,0.0,90,2,2026-09-25 21:26:02.859,45.902777777778
Demo experiment,pioreactor02,2026-09-25T15:41:02.859Z,0.18274234525,45,3,2026-09-25 21:26:02.859,45.902777777778
Demo experiment,pioreactor02,2026-09-25T15:41:02.859Z,0.036402366113,135,4,2026-09-25 21:26:02.859,45.902777777778
Demo experiment,pioreactor02,2026-09-25T15:41:07.857Z,0.0,90,2,2026-09-25 21:26:07.857,45.904166666667
Demo experiment,pioreactor02,2026-09-25T15:41:07.857Z,0.183647384526,45,3,2026-09-25 21:26:07.857,45.904166666667
Demo experiment,pioreactor02,2026-09-25T15:41:07.857Z,0.044775667674,135,4,2026-09-25 21:26:07.857,45.904166666667
Demo experiment,pioreactor02,2026-09-25T15:41:12.854Z,0.0,90,2,2026-09-25 21:26:12.854,45.905555555556
Demo experiment,pioreactor02,2026-09-25T15:41:12.854Z,0.183045804527,45,3,2026-09-25 21:26:12.854,45.905555555556
Demo experiment,pioreactor02,2026-09-25T15:41:12.854Z,0.036867683972,135,4,2026-09-25 21:26:12.854,45.905555555556
Demo experiment,pioreactor02,2026-09-25T15:41:17.854Z,0.0,90,2,2026-09-25 21:26:17.854,45.906944444444
Demo experiment,pioreactor02,2026-09-25T15:41:17.854Z,0.182563402169,45,3,2026-09-25 21:26:17.854,45.906944444444
Demo experiment,pioreactor02,2026-09-25T15:41:17.854Z,0.040890182711,135,4,2026-09-25 21:26:17.854,45.906944444444
Demo experiment,pioreactor02,2026-09-25T15:41:22.860Z,0.0,90,2,2026-09-25 21:26:22.860,45.908333333333
Demo experiment,pioreactor02,2026-09-25T15:41:22.860Z,0.18190490866,45,3,2026-09-25 21:26:22.860,45.908333333333
Demo experiment,pioreactor02,2026-09-25T15:41:22.860Z,0.039015480586,135,4,2026-09-25 21:26:22.860,45.908333333333
Demo experiment,pioreactor02,2026-09-25T15:41:27.868Z,0.0,90,2,2026-09-25 21:26:27.868,45.909722222222
Demo experiment,pioreactor02,2026-09-25T15:41:27.868Z,0.181532323507,45,3,2026-09-25 21:26:27.868,45.909722222222
Demo experiment,pioreactor02,2026-09-25T15:41:27.868Z,0.039267411208,135,4,2026-09-25 21:26:27.868,45.909722222222
Demo experiment,pioreactor02,2026-09-25T15:41:32.858Z,0.0,90,2,2026-09-25 21:26:32.858,45.911111111111
Demo experiment,pioreactor02,2026-09-25T15:41:32.858Z,0.181604421058,45,3,2026-09-25 21:26:32.858,45.911111111111
Demo experiment,pioreactor02,2026-09-25T15:41:32.858Z,0.040936471778,135,4,2026-09-25 21:26:32.858,45.911111111111
Demo experiment,pioreactor02,2026-09-25T15:41:37.859Z,0.0,90,2,2026-09-25 21:26:37.859,45.9125
Demo experiment,pioreactor02,2026-09-25T15:41:37.859Z,0.181991373243,45,3,2026-09-25 21:26:37.859,45.9125
Demo experiment,pioreactor02,2026-09-25T15:41:37.859Z,0.045308473059,135,4,2026-09-25 21:26:37.859,45.9125
Demo experiment,pioreactor02,2026-09-25T15:41:42.858Z,0.0,90,2,2026-09-25 21:26:42.858,45.913888888889
Demo experiment,pioreactor02,2026-09-25T15:41:42.858Z,0.182335036634,45,3,2026-09-25 21:26:42.858,45.913888888889
Demo experiment,pioreactor02,2026-09-25T15:41:42.858Z,0.044560929276,135,4,2026-09-25 21:26:42.858,45.913888888889
Demo experiment,pioreactor02,2026-09-25T15:41:47.858Z,0.0,90,2,2026-09-25 21:26:47.858,45.915277777778
Demo experiment,pioreactor02,2026-09-25T15:41:47.858Z,0.182773398219,45,3,2026-09-25 21:26:47.858,45.915277777778
Demo experiment,pioreactor02,2026-09-25T15:41:47.858Z,0.048313880173,135,4,2026-09-25 21:26:47.858,45.915277777778
Demo experiment,pioreactor02,2026-09-25T15:41:52.857Z,0.0,90,2,2026-09-25 21:26:52.857,45.916666666667
Demo experiment,pioreactor02,2026-09-25T15:41:52.857Z,0.181549776006,45,3,2026-09-25 21:26:52.857,45.916666666667
Demo experiment,pioreactor02,2026-09-25T15:41:52.857Z,0.043893561072,135,4,2026-09-25 21:26:52.857,45.916666666667
Demo experiment,pioreactor02,2026-09-25T15:41:57.855Z,0.0,90,2,2026-09-25 21:26:57.855,45.918055555556
Demo experiment,pioreactor02,2026-09-25T15:41:57.855Z,0.181547803592,45,3,2026-09-25 21:26:57.855,45.918055555556
Demo experiment,pioreactor02,2026-09-25T15:41:57.855Z,0.044322538328,135,4,2026-09-25 21:26:57.855,45.918055555556
Demo experiment,pioreactor02,2026-09-25T15:42:02.859Z,0.0,90,2,2026-09-25 21:27:02.859,45.919444444444
Demo experiment,pioreactor02,2026-09-25T15:42:02.859Z,0.181789876971,45,3,2026-09-25 21:27:02.859,45.919444444444
Demo experiment,pioreactor02,2026-09-25T15:42:02.859Z,0.044216142968,135,4,2026-09-25 21:27:02.859,45.919444444444
Demo experiment,pioreactor02,2026-09-25T15:42:07.861Z,0.0,90,2,2026-09-25 21:27:07.861,45.920833333333
Demo experiment,pioreactor02,2026-09-25T15:42:07.861Z,0.181887825501,45,3,2026-09-25 21:27:07.861,45.920833333333
Demo experiment,pioreactor02,2026-09-25T15:42:07.861Z,0.044666027869,135,4,2026-09-25 21:27:07.861,45.920833333333
Demo experiment,pioreactor02,2026-09-25T15:42:12.857Z,0.0,90,2,2026-09-25 21:27:12.857,45.922222222222
Demo experiment,pioreactor02,2026-09-25T15:42:12.857Z,0.181872626438,45,3,2026-09-25 21:27:12.857,45.922222222222
Demo experiment,pioreactor02,2026-09-25T15:42:12.857Z,0.043675288594,135,4,2026-09-25 21:27:12.857,45.922222222222
Demo experiment,pioreactor02,2026-09-25T15:42:17.867Z,0.0,90,2,2026-09-25 21:27:17.867,45.923611111111
Demo experiment,pioreactor02,2026-09-25T15:42:17.867Z,0.181788655272,45,3,2026-09-25 21:27:17.867,45.923611111111
Demo experiment,pioreactor02,2026-09-25T15:42:17.867Z,0.040891573472,135,4,2026-09-25 21:27:17.867,45.923611111111
Demo experiment,pioreactor02,2026-09-25T15:42:22.868Z,0.0,90,2,2026-09-25 21:27:22.868,45.925
Demo experiment,pioreactor02,2026-09-25T15:42:22.868Z,0.180914291634,45,3,2026-09-25 21:27:22.868,45.925
Demo experiment,pioreactor02,2026-09-25T15:42:22.868Z,0.041054546872,135,4,2026-09-25 21:27:22.868,45.925
Demo experiment,pioreactor02,2026-09-25T15:42:27.860Z,0.0,90,2,2026-09-25 21:27:27.860,45.926388888889
Demo experiment,pioreactor02,2026-09-25T15:42:27.860Z,0.180650853199,45,3,2026-09-25 21:27:27.860,45.926388888889
Demo experiment,pioreactor02,2026-09-25T15:42:27.860Z,0.041212061214,135,4,2026-09-25 21:27:27.860,45.926388888889
Demo experiment,pioreactor02,2026-09-25T15:42:32.863Z,0.0,90,2,2026-09-25 21:27:32.863,45.927777777778
Demo experiment,pioreactor02,2026-09-25T15:42:32.863Z,0.180381607013,45,3,2026-09-25 21:27:32.863,45.927777777778
Demo experiment,pioreactor02,2026-09-25T15:42:32.863Z,0.038393172505,135,4,2026-09-25 21:27:32.863,45.927777777778
Demo experiment,pioreactor02,2026-09-25T15:42:37.866Z,0.0,90,2,2026-09-25 21:27:37.866,45.929166666667
Demo experiment,pioreactor02,2026-09-25T15:42:37.866Z,0.180316950262,45,3,2026-09-25 21:27:37.866,45.929166666667
Demo experiment,pioreactor02,2026-09-25T15:42:37.866Z,0.036072863749,135,4,2026-09-25 21:27:37.866,45.929166666667
Demo experiment,pioreactor02,2026-09-25T15:42:42.854Z,0.0,90,2,2026-09-25 21:27:42.854,45.930555555556
Demo experiment,pioreactor02,2026-09-25T15:42:42.854Z,0.180653526942,45,3,2026-09-25 21:27:42.854,45.930555555556
Demo experiment,pioreactor02,2026-09-25T15:42:42.854Z,0.038081950055,135,4,2026-09-25 21:27:42.854,45.930555555556
Demo experiment,pioreactor02,2026-09-25T15:42:47.854Z,0.0,90,2,2026-09-25 21:27:47.854,45.931944444444
Demo experiment,pioreactor02,2026-09-25T15:42:47.854Z,0.181005090405,45,3,2026-09-25 21:27:47.854,45.931944444444
Demo experiment,pioreactor02,2026-09-25T15:42:47.854Z,0.03812324847,135,4,2026-09-25 21:27:47.854,45.931944444444
Demo experiment,pioreactor02,2026-09-25T15:42:52.853Z,0.0,90,2,2026-09-25 21:27:52.853,45.933333333333
Demo experiment,pioreactor02,2026-09-25T15:42:52.853Z,0.180921871041,45,3,2026-09-25 21:27:52.853,45.933333333333
Demo experiment,pioreactor02,2026-09-25T15:42:52.853Z,0.036726761028,135,4,2026-09-25 21:27:52.853,45.933333333333
Demo experiment,pioreactor02,2026-09-25T15:42:57.856Z,0.0,90,2,2026-09-25 21:27:57.856,45.934722222222
Demo experiment,pioreactor02,2026-09-25T15:42:57.856Z,0.180406931638,45,3,2026-09-25 21:27:57.856,45.934722222222
Demo experiment,pioreactor02,2026-09-25T15:42:57.856Z,0.038475405867,135,4,2026-09-25 21:27:57.856,45.934722222222
Demo experiment,pioreactor02,2026-09-25T15:43:02.859Z,0.0,90,2,2026-09-25 21:28:02.859,45.936111111111
Demo experiment,pioreactor02,2026-09-25T15:43:02.859Z,0.180171878164,45,3,2026-09-25 21:28:02.859,45.936111111111
Demo experiment,pioreactor02,2026-09-25T15:43:02.859Z,0.03817380699,135,4,2026-09-25 21:28:02.859,45.936111111111
Demo experiment,pioreactor02,2026-09-25T15:43:07.851Z,0.0,90,2,2026-09-25 21:28:07.851,45.9375
Demo experiment,pioreactor02,2026-09-25T15:43:07.851Z,0.180124287881,45,3,2026-09-25 21:28:07.851,45.9375
Demo experiment,pioreactor02,2026-09-25T15:43:07.851Z,0.037048341817,135,4,2026-09-25 21:28:07.851,45.9375
Demo experiment,pioreactor02,2026-09-25T15:43:12.858Z,0.0,90,2,2026-09-25 21:28:12.858,45.938888888889
Demo experiment,pioreactor02,2026-09-25T15:43:12.858Z,0.180506014123,45,3,2026-09-25 21:28:12.858,45.938888888889
Demo experiment,pioreactor02,2026-09-25T15:43:12.858Z,0.039948425553,135,4,2026-09-25 21:28:12.858,45.938888888889
Demo experiment,pioreactor02,2026-09-25T15:43:17.855Z,0.0,90,2,2026-09-25 21:28:17.855,45.940277777778
Demo experiment,pioreactor02,2026-09-25T15:43:17.855Z,0.180139097651,45,3,2026-09-25 21:28:17.855,45.940277777778
Demo experiment,pioreactor02,2026-09-25T15:43:17.855Z,0.040849989998,135,4,2026-09-25 21:28:17.855,45.940277777778
Demo experiment,pioreactor02,2026-09-25T15:43:22.853Z,0.0,90,2,2026-09-25 21:28:22.853,45.941666666667
Demo experiment,pioreactor02,2026-09-25T15:43:22.853Z,0.180318675182,45,3,2026-09-25 21:28:22.853,45.941666666667
Demo experiment,pioreactor02,2026-09-25T15:43:22.853Z,0.037754397597,135,4,2026-09-25 21:28:22.853,45.941666666667
Demo experiment,pioreactor02,2026-09-25T15:43:27.857Z,0.0,90,2,2026-09-25 21:28:27.857,45.943055555556
Demo experiment,pioreactor02,2026-09-25T15:43:27.857Z,0.18031347406,45,3,2026-09-25 21:28:27.857,45.943055555556
Demo experiment,pioreactor02,2026-09-25T15:43:27.857Z,0.037243919841,135,4,2026-09-25 21:28:27.857,45.943055555556
Demo experiment,pioreactor02,2026-09-25T15:43:32.855Z,0.0,90,2,2026-09-25 21:28:32.855,45.944444444444
Demo experiment,pioreactor02,2026-09-25T15:43:32.855Z,0.180210057258,45,3,2026-09-25 21:28:32.855,45.944444444444
Demo experiment,pioreactor02,2026-09-25T15:43:32.855Z,0.048442319836,135,4,2026-09-25 21:28:32.855,45.944444444444
Demo experiment,pioreactor02,2026-09-25T15:43:37.851Z,0.0,90,2,2026-09-25 21:28:37.851,45.945833333333
Demo experiment,pioreactor02,2026-09-25T15:43:37.851Z,0.179589327512,45,3,2026-09-25 21:28:37.851,45.945833333333
Demo experiment,pioreactor02,2026-09-25T15:43:37.851Z,0.042386131305,135,4,2026-09-25 21:28:37.851,45.945833333333
Demo experiment,pioreactor02,2026-09-25T15:43:42.858Z,0.0,90,2,2026-09-25 21:28:42.858,45.947222222222
Demo experiment,pioreactor02,2026-09-25T15:43:42.858Z,0.179549335756,45,3,2026-09-25 21:28:42.858,45.947222222222
Demo experiment,pioreactor02,2026-09-25T15:43:42.858Z,0.039330550321,135,4,2026-09-25 21:28:42.858,45.947222222222
Demo experiment,pioreactor02,2026-09-25T15:43:47.852Z,0.0,90,2,2026-09-25 21:28:47.852,45.948611111111
Demo experiment,pioreactor02,2026-09-25T15:43:47.852Z,0.179650902814,45,3,2026-09-25 21:28:47.852,45.948611111111
Demo experiment,pioreactor02,2026-09-25T15:43:47.852Z,0.04006550968,135,4,2026-09-25 21:28:47.852,45.948611111111
Demo experiment,pioreactor02,2026-09-25T15:43:52.851Z,0.0,90,2,2026-09-25 21:28:52.851,45.95
Demo experiment,pioreactor02,2026-09-25T15:43:52.851Z,0.179786852915,45,3,2026-09-25 21:28:52.851,45.95
Demo experiment,pioreactor02,2026-09-25T15:43:52.851Z,0.037624807189,135,4,2026-09-25 21:28:52.851,45.95
Demo experiment,pioreactor02,2026-09-25T15:43:57.854Z,0.0,90,2,2026-09-25 21:28:57.854,45.951388888889
Demo experiment,pioreactor02,2026-09-25T15:43:57.854Z,0.179967905569,45,3,2026-09-25 21:28:57.854,45.951388888889
Demo experiment,pioreactor02,2026-09-25T15:43:57.854Z,0.038172048816,135,4,2026-09-25 21:28:57.854,45.951388888889
Demo experiment,pioreactor02,2026-09-25T15:44:02.854Z,0.0,90,2,2026-09-25 21:29:02.854,45.952777777778
Demo experiment,pioreactor02,2026-09-25T15:44:02.854Z,0.18009720141,45,3,2026-09-25 21:29:02.854,45.952777777778
Demo experiment,pioreactor02,2026-09-25T15:44:02.854Z,0.039344315394,135,4,2026-09-25 21:29:02.854,45.952777777778
Demo experiment,pioreactor02,2026-09-25T15:44:07.850Z,0.0,90,2,2026-09-25 21:29:07.850,45.954166666667
Demo experiment,pioreactor02,2026-09-25T15:44:07.850Z,0.179695278173,45,3,2026-09-25 21:29:07.850,45.954166666667
Demo experiment,pioreactor02,2026-09-25T15:44:07.850Z,0.039409786685,135,4,2026-09-25 21:29:07.850,45.954166666667
Demo experiment,pioreactor02,2026-09-25T15:44:12.852Z,0.0,90,2,2026-09-25 21:29:12.852,45.955555555556
Demo experiment,pioreactor02,2026-09-25T15:44:12.852Z,0.179582300048,45,3,2026-09-25 21:29:12.852,45.955555555556
Demo experiment,pioreactor02,2026-09-25T15:44:12.852Z,0.037563409631,135,4,2026-09-25 21:29:12.852,45.955555555556
Demo experiment,pioreactor02,2026-09-25T15:44:17.855Z,0.0,90,2,2026-09-25 21:29:17.855,45.956944444444
Demo experiment,pioreactor02,2026-09-25T15:44:17.855Z,0.179440535329,45,3,2026-09-25 21:29:17.855,45.956944444444
Demo experiment,pioreactor02,2026-09-25T15:44:17.855Z,0.036623569587,135,4,2026-09-25 21:29:17.855,45.956944444444
Demo experiment,pioreactor02,2026-09-25T15:44:22.857Z,0.0,90,2,2026-09-25 21:29:22.857,45.958333333333
Demo experiment,pioreactor02,2026-09-25T15:44:22.857Z,0.179258185315,45,3,2026-09-25 21:29:22.857,45.958333333333
Demo experiment,pioreactor02,2026-09-25T15:44:22.857Z,0.036696073078,135,4,2026-09-25 21:29:22.857,45.958333333333
Demo experiment,pioreactor02,2026-09-25T15:44:27.856Z,0.0,90,2,2026-09-25 21:29:27.856,45.959722222222
Demo experiment,pioreactor02,2026-09-25T15:44:27.856Z,0.179703074891,45,3,2026-09-25 21:29:27.856,45.959722222222
Demo experiment,pioreactor02,2026-09-25T15:44:27.856Z,0.038426905799,135,4,2026-09-25 21:29:27.856,45.959722222222
Demo experiment,pioreactor02,2026-09-25T15:44:32.853Z,0.0,90,2,2026-09-25 21:29:32.853,45.961111111111
Demo experiment,pioreactor02,2026-09-25T15:44:32.853Z,0.179685136153,45,3,2026-09-25 21:29:32.853,45.961111111111
Demo experiment,pioreactor02,2026-09-25T15:44:32.853Z,0.038762301303,135,4,2026-09-25 21:29:32.853,45.961111111111
Demo experiment,pioreactor02,2026-09-25T15:44:37.853Z,0.0,90,2,2026-09-25 21:29:37.853,45.9625
Demo experiment,pioreactor02,2026-09-25T15:44:37.853Z,0.179588974315,45,3,2026-09-25 21:29:37.853,45.9625
Demo experiment,pioreactor02,2026-09-25T15:44:37.853Z,0.039194028132,135,4,2026-09-25 21:29:37.853,45.9625
Demo experiment,pioreactor02,2026-09-25T15:44:42.855Z,0.0,90,2,2026-09-25 21:29:42.855,45.963888888889
Demo experiment,pioreactor02,2026-09-25T15:44:42.855Z,0.17979287802,45,3,2026-09-25 21:29:42.855,45.963888888889
Demo experiment,pioreactor02,2026-09-25T15:44:42.855Z,0.039566357039,135,4,2026-09-25 21:29:42.855,45.963888888889
Demo experiment,pioreactor02,2026-09-25T15:44:47.853Z,0.0,90,2,2026-09-25 21:29:47.853,45.965277777778
Demo experiment,pioreactor02,2026-09-25T15:44:47.853Z,0.179722748305,45,3,2026-09-25 21:29:47.853,45.965277777778
Demo experiment,pioreactor02,2026-09-25T15:44:47.853Z,0.038374507968,135,4,2026-09-25 21:29:47.853,45.965277777778
Demo experiment,pioreactor02,2026-09-25T15:44:52.854Z,0.0,90,2,2026-09-25 21:29:52.854,45.966666666667
Demo experiment,pioreactor02,2026-09-25T15:44:52.854Z,0.17964350117,45,3,2026-09-25 21:29:52.854,45.966666666667
Demo experiment,pioreactor02,2026-09-25T15:44:52.854Z,0.038009526052,135,4,2026-09-25 21:29:52.854,45.966666666667
Demo experiment,pioreactor02,2026-09-25T15:44:57.854Z,0.0,90,2,2026-09-25 21:29:57.854,45.968055555556
Demo experiment,pioreactor02,2026-09-25T15:44:57.854Z,0.179672945905,45,3,2026-09-25 21:29:57.854,45.968055555556
Demo experiment,pioreactor02,2026-09-25T15:44:57.854Z,0.037778536954,135,4,2026-09-25 21:29:57.854,45.968055555556
Demo experiment,pioreactor02,2026-09-25T15:45:02.853Z,0.0,90,2,2026-09-25 21:30:02.853,45.969444444444
Demo experiment,pioreactor02,2026-09-25T15:45:02.853Z,0.179691766584,45,3,2026-09-25 21:30:02.853,45.969444444444
Demo experiment,pioreactor02,2026-09-25T15:45:02.853Z,0.035912520438,135,4,2026-09-25 21:30:02.853,45.969444444444
Demo experiment,pioreactor02,2026-09-25T15:45:07.863Z,0.0,90,2,2026-09-25 21:30:07.863,45.970833333333
Demo experiment,pioreactor02,2026-09-25T15:45:07.863Z,0.179554620915,45,3,2026-09-25 21:30:07.863,45.970833333333
Demo experiment,pioreactor02,2026-09-25T15:45:07.863Z,0.039052856368,135,4,2026-09-25 21:30:07.863,45.970833333333
Demo experiment,pioreactor02,2026-09-25T15:45:12.852Z,0.0,90,2,2026-09-25 21:30:12.852,45.972222222222
Demo experiment,pioreactor02,2026-09-25T15:45:12.852Z,0.179392163639,45,3,2026-09-25 21:30:12.852,45.972222222222
Demo experiment,pioreactor02,2026-09-25T15:45:12.852Z,0.042040828839,135,4,2026-09-25 21:30:12.852,45.972222222222
Demo experiment,pioreactor02,2026-09-25T15:45:17.852Z,0.0,90,2,2026-09-25 21:30:17.852,45.973611111111
Demo experiment,pioreactor02,2026-09-25T15:45:17.852Z,0.179586643365,45,3,2026-09-25 21:30:17.852,45.973611111111
Demo experiment,pioreactor02,2026-09-25T15:45:17.852Z,0.042080652033,135,4,2026-09-25 21:30:17.852,45.973611111111
Demo experiment,pioreactor02,2026-09-25T15:45:22.854Z,0.0,90,2,2026-09-25 21:30:22.854,45.975
Demo experiment,pioreactor02,2026-09-25T15:45:22.854Z,0.179557029892,45,3,2026-09-25 21:30:22.854,45.975
Demo experiment,pioreactor02,2026-09-25T15:45:22.854Z,0.040489012781,135,4,2026-09-25 21:30:22.854,45.975
Demo experiment,pioreactor02,2026-09-25T15:45:27.858Z,0.0,90,2,2026-09-25 21:30:27.858,45.976388888889
Demo experiment,pioreactor02,2026-09-25T15:45:27.858Z,0.179297210654,45,3,2026-09-25 21:30:27.858,45.976388888889
Demo experiment,pioreactor02,2026-09-25T15:45:27.858Z,0.036911035593,135,4,2026-09-25 21:30:27.858,45.976388888889
Demo experiment,pioreactor02,2026-09-25T15:45:32.856Z,0.0,90,2,2026-09-25 21:30:32.856,45.977777777778
Demo experiment,pioreactor02,2026-09-25T15:45:32.856Z,0.179411341428,45,3,2026-09-25 21:30:32.856,45.977777777778
Demo experiment,pioreactor02,2026-09-25T15:45:32.856Z,0.037863545271,135,4,2026-09-25 21:30:32.856,45.977777777778
Demo experiment,pioreactor02,2026-09-25T15:45:37.853Z,0.0,90,2,2026-09-25 21:30:37.853,45.979166666667
Demo experiment,pioreactor02,2026-09-25T15:45:37.853Z,0.17955175535,45,3,2026-09-25 21:30:37.853,45.979166666667
Demo experiment,pioreactor02,2026-09-25T15:45:37.853Z,0.037631897316,135,4,2026-09-25 21:30:37.853,45.979166666667
Demo experiment,pioreactor02,2026-09-25T15:45:42.849Z,0.0,90,2,2026-09-25 21:30:42.849,45.980555555556
Demo experiment,pioreactor02,2026-09-25T15:45:42.849Z,0.179361027665,45,3,2026-09-25 21:30:42.849,45.980555555556
Demo experiment,pioreactor02,2026-09-25T15:45:42.849Z,0.037522612308,135,4,2026-09-25 21:30:42.849,45.980555555556
Demo experiment,pioreactor02,2026-09-25T15:45:47.849Z,0.0,90,2,2026-09-25 21:30:47.849,45.981944444444
Demo experiment,pioreactor02,2026-09-25T15:45:47.849Z,0.179403501195,45,3,2026-09-25 21:30:47.849,45.981944444444
Demo experiment,pioreactor02,2026-09-25T15:45:47.849Z,0.038301000189,135,4,2026-09-25 21:30:47.849,45.981944444444
Demo experiment,pioreactor02,2026-09-25T15:45:52.854Z,0.0,90,2,2026-09-25 21:30:52.854,45.983333333333
Demo experiment,pioreactor02,2026-09-25T15:45:52.854Z,0.179482128567,45,3,2026-09-25 21:30:52.854,45.983333333333
Demo experiment,pioreactor02,2026-09-25T15:45:52.854Z,0.037845460037,135,4,2026-09-25 21:30:52.854,45.983333333333
Demo experiment,pioreactor02,2026-09-25T15:45:57.849Z,0.0,90,2,2026-09-25 21:30:57.849,45.984722222222
Demo experiment,pioreactor02,2026-09-25T15:45:57.849Z,0.179610667443,45,3,2026-09-25 21:30:57.849,45.984722222222
Demo experiment,pioreactor02,2026-09-25T15:45:57.849Z,0.041269773037,135,4,2026-09-25 21:30:57.849,45.984722222222
Demo experiment,pioreactor02,2026-09-25T15:46:02.850Z,0.0,90,2,2026-09-25 21:31:02.850,45.986111111111
Demo experiment,pioreactor02,2026-09-25T15:46:02.850Z,0.179479930104,45,3,2026-09-25 21:31:02.850,45.986111111111
Demo experiment,pioreactor02,2026-09-25T15:46:02.850Z,0.040653612336,135,4,2026-09-25 21:31:02.850,45.986111111111
Demo experiment,pioreactor02,2026-09-25T15:46:07.849Z,0.0,90,2,2026-09-25 21:31:07.849,45.9875
Demo experiment,pioreactor02,2026-09-25T15:46:07.849Z,0.179309277045,45,3,2026-09-25 21:31:07.849,45.9875
Demo experiment,pioreactor02,2026-09-25T15:46:07.849Z,0.041018616522,135,4,2026-09-25 21:31:07.849,45.9875
Demo experiment,pioreactor02,2026-09-25T15:46:12.850Z,0.0,90,2,2026-09-25 21:31:12.850,45.988888888889
Demo experiment,pioreactor02,2026-09-25T15:46:12.850Z,0.179285881676,45,3,2026-09-25 21:31:12.850,45.988888888889
Demo experiment,pioreactor02,2026-09-25T15:46:12.850Z,0.041133282803,135,4,2026-09-25 21:31:12.850,45.988888888889
Demo experiment,pioreactor02,2026-09-25T15:46:17.850Z,0.0,90,2,2026-09-25 21:31:17.850,45.990277777778
Demo experiment,pioreactor02,2026-09-25T15:46:17.850Z,0.178647678656,45,3,2026-09-25 21:31:17.850,45.990277777778
Demo experiment,pioreactor02,2026-09-25T15:46:17.850Z,0.043255981406,135,4,2026-09-25 21:31:17.850,45.990277777778
Demo experiment,pioreactor02,2026-09-25T15:46:22.851Z,0.0,90,2,2026-09-25 21:31:22.851,45.991666666667
Demo experiment,pioreactor02,2026-09-25T15:46:22.851Z,0.178460663816,45,3,2026-09-25 21:31:22.851,45.991666666667
Demo experiment,pioreactor02,2026-09-25T15:46:22.851Z,0.043157251587,135,4,2026-09-25 21:31:22.851,45.991666666667
Demo experiment,pioreactor02,2026-09-25T15:46:27.851Z,0.0,90,2,2026-09-25 21:31:27.851,45.993055555556
Demo experiment,pioreactor02,2026-09-25T15:46:27.851Z,0.178651479704,45,3,2026-09-25 21:31:27.851,45.993055555556
Demo experiment,pioreactor02,2026-09-25T15:46:27.851Z,0.041684457266,135,4,2026-09-25 21:31:27.851,45.993055555556
Demo experiment,pioreactor02,2026-09-25T15:46:32.850Z,0.0,90,2,2026-09-25 21:31:32.850,45.994444444444
Demo experiment,pioreactor02,2026-09-25T15:46:32.850Z,0.178552817253,45,3,2026-09-25 21:31:32.850,45.994444444444
Demo experiment,pioreactor02,2026-09-25T15:46:32.850Z,0.043252393722,135,4,2026-09-25 21:31:32.850,45.994444444444
Demo experiment,pioreactor02,2026-09-25T15:46:37.850Z,0.0,90,2,2026-09-25 21:31:37.850,45.995833333333
Demo experiment,pioreactor02,2026-09-25T15:46:37.850Z,0.178970340686,45,3,2026-09-25 21:31:37.850,45.995833333333
Demo experiment,pioreactor02,2026-09-25T15:46:37.850Z,0.041681309369,135,4,2026-09-25 21:31:37.850,45.995833333333
Demo experiment,pioreactor02,2026-09-25T15:46:42.852Z,0.0,90,2,2026-09-25 21:31:42.852,45.997222222222
Demo experiment,pioreactor02,2026-09-25T15:46:42.852Z,0.179156885344,45,3,2026-09-25 21:31:42.852,45.997222222222
Demo experiment,pioreactor02,2026-09-25T15:46:42.852Z,0.045225275721,135,4,2026-09-25 21:31:42.852,45.997222222222
Demo experiment,pioreactor02,2026-09-25T15:46:47.849Z,0.0,90,2,2026-09-25 21:31:47.849,45.998611111111
Demo experiment,pioreactor02,2026-09-25T15:46:47.849Z,0.179040485259,45,3,2026-09-25 21:31:47.849,45.998611111111
Demo experiment,pioreactor02,2026-09-25T15:46:47.849Z,0.041708020788,135,4,2026-09-25 21:31:47.849,45.998611111111
Demo experiment,pioreactor02,2026-09-25T15:46:52.852Z,0.0,90,2,2026-09-25 21:31:52.852,46.0
Demo experiment,pioreactor02,2026-09-25T15:46:52.852Z,0.178639703303,45,3,2026-09-25 21:31:52.852,46.0
Demo experiment,pioreactor02,2026-09-25T15:46:52.852Z,0.042757628633,135,4,2026-09-25 21:31:52.852,46.0
Demo experiment,pioreactor02,2026-09-25T15:46:57.851Z,0.0,90,2,2026-09-25 21:31:57.851,46.001388888889
Demo experiment,pioreactor02,2026-09-25T15:46:57.851Z,0.178905752676,45,3,2026-09-25 21:31:57.851,46.001388888889
Demo experiment,pioreactor02,2026-09-25T15:46:57.851Z,0.04262422697,135,4,2026-09-25 21:31:57.851,46.001388888889
Demo experiment,pioreactor02,2026-09-25T15:47:02.849Z,0.0,90,2,2026-09-25 21:32:02.849,46.002777777778
Demo experiment,pioreactor02,2026-09-25T15:47:02.849Z,0.178839029265,45,3,2026-09-25 21:32:02.849,46.002777777778
Demo experiment,pioreactor02,2026-09-25T15:47:02.849Z,0.04369572657,135,4,2026-09-25 21:32:02.849,46.002777777778
Demo experiment,pioreactor02,2026-09-25T15:47:07.851Z,0.0,90,2,2026-09-25 21:32:07.851,46.004166666667
Demo experiment,pioreactor02,2026-09-25T15:47:07.851Z,0.17893081787,45,3,2026-09-25 21:32:07.851,46.004166666667
Demo experiment,pioreactor02,2026-09-25T15:47:07.851Z,0.046533248819,135,4,2026-09-25 21:32:07.851,46.004166666667
Demo experiment,pioreactor02,2026-09-25T15:47:12.852Z,0.0,90,2,2026-09-25 21:32:12.852,46.005555555556
Demo experiment,pioreactor02,2026-09-25T15:47:12.852Z,0.178957740423,45,3,2026-09-25 21:32:12.852,46.005555555556
Demo experiment,pioreactor02,2026-09-25T15:47:12.852Z,0.047707847298,135,4,2026-09-25 21:32:12.852,46.005555555556
Demo experiment,pioreactor02,2026-09-25T15:47:17.856Z,0.0,90,2,2026-09-25 21:32:17.856,46.006944444444
Demo experiment,pioreactor02,2026-09-25T15:47:17.856Z,0.178512424228,45,3,2026-09-25 21:32:17.856,46.006944444444
Demo experiment,pioreactor02,2026-09-25T15:47:17.856Z,0.047757193529,135,4,2026-09-25 21:32:17.856,46.006944444444
Demo experiment,pioreactor02,2026-09-25T15:47:22.855Z,0.0,90,2,2026-09-25 21:32:22.855,46.008333333333
Demo experiment,pioreactor02,2026-09-25T15:47:22.855Z,0.178645687075,45,3,2026-09-25 21:32:22.855,46.008333333333
Demo experiment,pioreactor02,2026-09-25T15:47:22.855Z,0.044525167217,135,4,2026-09-25 21:32:22.855,46.008333333333
Demo experiment,pioreactor02,2026-09-25T15:47:27.852Z,0.0,90,2,2026-09-25 21:32:27.852,46.009722222222
Demo experiment,pioreactor02,2026-09-25T15:47:27.852Z,0.178598938332,45,3,2026-09-25 21:32:27.852,46.009722222222
Demo experiment,pioreactor02,2026-09-25T15:47:27.852Z,0.044702518963,135,4,2026-09-25 21:32:27.852,46.009722222222
Demo experiment,pioreactor02,2026-09-25T15:47:32.853Z,0.0,90,2,2026-09-25 21:32:32.853,46.011111111111
Demo experiment,pioreactor02,2026-09-25T15:47:32.853Z,0.178867357938,45,3,2026-09-25 21:32:32.853,46.011111111111
Demo experiment,pioreactor02,2026-09-25T15:47:32.853Z,0.045043545466,135,4,2026-09-25 21:32:32.853,46.011111111111
Demo experiment,pioreactor02,2026-09-25T15:47:37.854Z,0.0,90,2,2026-09-25 21:32:37.854,46.0125
Demo experiment,pioreactor02,2026-09-25T15:47:37.854Z,0.178787608889,45,3,2026-09-25 21:32:37.854,46.0125
Demo experiment,pioreactor02,2026-09-25T15:47:37.854Z,0.041279886346,135,4,2026-09-25 21:32:37.854,46.0125
Demo experiment,pioreactor02,2026-09-25T15:47:42.858Z,0.0,90,2,2026-09-25 21:32:42.858,46.013888888889
Demo experiment,pioreactor02,2026-09-25T15:47:42.858Z,0.178864990045,45,3,2026-09-25 21:32:42.858,46.013888888889
Demo experiment,pioreactor02,2026-09-25T15:47:42.858Z,0.039720348318,135,4,2026-09-25 21:32:42.858,46.013888888889
Demo experiment,pioreactor02,2026-09-25T15:47:47.852Z,0.0,90,2,2026-09-25 21:32:47.852,46.015277777778
Demo experiment,pioreactor02,2026-09-25T15:47:47.852Z,0.178737842758,45,3,2026-09-25 21:32:47.852,46.015277777778
Demo experiment,pioreactor02,2026-09-25T15:47:47.852Z,0.039647658137,135,4,2026-09-25 21:32:47.852,46.015277777778
Demo experiment,pioreactor02,2026-09-25T15:47:52.856Z,0.0,90,2,2026-09-25 21:32:52.856,46.016666666667
Demo experiment,pioreactor02,2026-09-25T15:47:52.856Z,0.178844124414,45,3,2026-09-25 21:32:52.856,46.016666666667
Demo experiment,pioreactor02,2026-09-25T15:47:52.856Z,0.044459466354,135,4,2026-09-25 21:32:52.856,46.016666666667
Demo experiment,pioreactor02,2026-09-25T15:47:57.852Z,0.0,90,2,2026-09-25 21:32:57.852,46.018055555556
Demo experiment,pioreactor02,2026-09-25T15:47:57.852Z,0.178505217479,45,3,2026-09-25 21:32:57.852,46.018055555556
Demo experiment,pioreactor02,2026-09-25T15:47:57.852Z,0.044134246651,135,4,2026-09-25 21:32:57.852,46.018055555556
Demo experiment,pioreactor02,2026-09-25T15:48:02.851Z,0.0,90,2,2026-09-25 21:33:02.851,46.019444444444
Demo experiment,pioreactor02,2026-09-25T15:48:02.851Z,0.178569736712,45,3,2026-09-25 21:33:02.851,46.019444444444
Demo experiment,pioreactor02,2026-09-25T15:48:02.851Z,0.041731736256,135,4,2026-09-25 21:33:02.851,46.019444444444
Demo experiment,pioreactor02,2026-09-25T15:48:07.850Z,0.0,90,2,2026-09-25 21:33:07.850,46.020833333333
Demo experiment,pioreactor02,2026-09-25T15:48:07.850Z,0.178724780537,45,3,2026-09-25 21:33:07.850,46.020833333333
Demo experiment,pioreactor02,2026-09-25T15:48:07.850Z,0.040258829539,135,4,2026-09-25 21:33:07.850,46.020833333333
Demo experiment,pioreactor02,2026-09-25T15:48:12.852Z,0.0,90,2,2026-09-25 21:33:12.852,46.022222222222
Demo experiment,pioreactor02,2026-09-25T15:48:12.852Z,0.178975358039,45,3,2026-09-25 21:33:12.852,46.022222222222
Demo experiment,pioreactor02,2026-09-25T15:48:12.852Z,0.042008852942,135,4,2026-09-25 21:33:12.852,46.022222222222
Demo experiment,pioreactor02,2026-09-25T15:48:17.851Z,0.0,90,2,2026-09-25 21:33:17.851,46.023611111111
Demo experiment,pioreactor02,2026-09-25T15:48:17.851Z,0.17891468004,45,3,2026-09-25 21:33:17.851,46.023611111111
Demo experiment,pioreactor02,2026-09-25T15:48:17.851Z,0.037963648544,135,4,2026-09-25 21:33:17.851,46.023611111111
Demo experiment,pioreactor02,2026-09-25T15:48:22.856Z,0.0,90,2,2026-09-25 21:33:22.856,46.025
Demo experiment,pioreactor02,2026-09-25T15:48:22.856Z,0.178865907932,45,3,2026-09-25 21:33:22.856,46.025
Demo experiment,pioreactor02,2026-09-25T15:48:22.856Z,0.039353379069,135,4,2026-09-25 21:33:22.856,46.025
Demo experiment,pioreactor02,2026-09-25T15:48:27.859Z,0.0,90,2,2026-09-25 21:33:27.859,46.026388888889
Demo experiment,pioreactor02,2026-09-25T15:48:27.859Z,0.178624707704,45,3,2026-09-25 21:33:27.859,46.026388888889
Demo experiment,pioreactor02,2026-09-25T15:48:27.859Z,0.041617996343,135,4,2026-09-25 21:33:27.859,46.026388888889
Demo experiment,pioreactor02,2026-09-25T15:48:32.854Z,0.0,90,2,2026-09-25 21:33:32.854,46.027777777778
Demo experiment,pioreactor02,2026-09-25T15:48:32.854Z,0.178795446275,45,3,2026-09-25 21:33:32.854,46.027777777778
Demo experiment,pioreactor02,2026-09-25T15:48:32.854Z,0.041974191083,135,4,2026-09-25 21:33:32.854,46.027777777778
Demo experiment,pioreactor02,2026-09-25T15:48:37.855Z,0.0,90,2,2026-09-25 21:33:37.855,46.029166666667
Demo experiment,pioreactor02,2026-09-25T15:48:37.855Z,0.179127501484,45,3,2026-09-25 21:33:37.855,46.029166666667
Demo experiment,pioreactor02,2026-09-25T15:48:37.855Z,0.042179506875,135,4,2026-09-25 21:33:37.855,46.029166666667
Demo experiment,pioreactor02,2026-09-25T15:48:42.856Z,0.0,90,2,2026-09-25 21:33:42.856,46.030555555556
Demo experiment,pioreactor02,2026-09-25T15:48:42.856Z,0.179087961465,45,3,2026-09-25 21:33:42.856,46.030555555556
Demo experiment,pioreactor02,2026-09-25T15:48:42.856Z,0.039008499432,135,4,2026-09-25 21:33:42.856,46.030555555556
Demo experiment,pioreactor02,2026-09-25T15:48:47.852Z,0.0,90,2,2026-09-25 21:33:47.852,46.031944444444
Demo experiment,pioreactor02,2026-09-25T15:48:47.852Z,0.179080749588,45,3,2026-09-25 21:33:47.852,46.031944444444
Demo experiment,pioreactor02,2026-09-25T15:48:47.852Z,0.03564016864,135,4,2026-09-25 21:33:47.852,46.031944444444
Demo experiment,pioreactor02,2026-09-25T15:48:52.853Z,0.0,90,2,2026-09-25 21:33:52.853,46.033333333333
Demo experiment,pioreactor02,2026-09-25T15:48:52.853Z,0.179062969416,45,3,2026-09-25 21:33:52.853,46.033333333333
Demo experiment,pioreactor02,2026-09-25T15:48:52.853Z,0.038706131648,135,4,2026-09-25 21:33:52.853,46.033333333333
Demo experiment,pioreactor02,2026-09-25T15:48:57.856Z,0.0,90,2,2026-09-25 21:33:57.856,46.034722222222
Demo experiment,pioreactor02,2026-09-25T15:48:57.856Z,0.179233285086,45,3,2026-09-25 21:33:57.856,46.034722222222
Demo experiment,pioreactor02,2026-09-25T15:48:57.856Z,0.037713613676,135,4,2026-09-25 21:33:57.856,46.034722222222
Demo experiment,pioreactor02,2026-09-25T15:49:02.857Z,0.0,90,2,2026-09-25 21:34:02.857,46.036111111111
Demo experiment,pioreactor02,2026-09-25T15:49:02.857Z,0.179098701804,45,3,2026-09-25 21:34:02.857,46.036111111111
Demo experiment,pioreactor02,2026-09-25T15:49:02.857Z,0.038519386492,135,4,2026-09-25 21:34:02.857,46.036111111111
Demo experiment,pioreactor02,2026-09-25T15:49:07.855Z,0.0,90,2,2026-09-25 21:34:07.855,46.0375
Demo experiment,pioreactor02,2026-09-25T15:49:07.855Z,0.179027556778,45,3,2026-09-25 21:34:07.855,46.0375
Demo experiment,pioreactor02,2026-09-25T15:49:07.855Z,0.038720829536,135,4,2026-09-25 21:34:07.855,46.0375
Demo experiment,pioreactor02,2026-09-25T15:49:12.850Z,0.0,90,2,2026-09-25 21:34:12.850,46.038888888889
Demo experiment,pioreactor02,2026-09-25T15:49:12.850Z,0.179090454359,45,3,2026-09-25 21:34:12.850,46.038888888889
Demo experiment,pioreactor02,2026-09-25T15:49:12.850Z,0.036992866922,135,4,2026-09-25 21:34:12.850,46.038888888889
Demo experiment,pioreactor02,2026-09-25T15:49:17.851Z,0.0,90,2,2026-09-25 21:34:17.851,46.040277777778
Demo experiment,pioreactor02,2026-09-25T15:49:17.851Z,0.179263180958,45,3,2026-09-25 21:34:17.851,46.040277777778
Demo experiment,pioreactor02,2026-09-25T15:49:17.851Z,0.036754335816,135,4,2026-09-25 21:34:17.851,46.040277777778
Demo experiment,pioreactor02,2026-09-25T15:49:22.850Z,0.0,90,2,2026-09-25 21:34:22.850,46.041666666667
Demo experiment,pioreactor02,2026-09-25T15:49:22.850Z,0.17905042868,45,3,2026-09-25 21:34:22.850,46.041666666667
Demo experiment,pioreactor02,2026-09-25T15:49:22.850Z,0.037031529898,135,4,2026-09-25 21:34:22.850,46.041666666667
Demo experiment,pioreactor02,2026-09-25T15:49:27.853Z,0.0,90,2,2026-09-25 21:34:27.853,46.043055555556
Demo experiment,pioreactor02,2026-09-25T15:49:27.853Z,0.17920239812,45,3,2026-09-25 21:34:27.853,46.043055555556
Demo experiment,pioreactor02,2026-09-25T15:49:27.853Z,0.03713355129,135,4,2026-09-25 21:34:27.853,46.043055555556
Demo experiment,pioreactor02,2026-09-25T15:49:32.849Z,0.0,90,2,2026-09-25 21:34:32.849,46.044444444444
Demo experiment,pioreactor02,2026-09-25T15:49:32.849Z,0.178941336478,45,3,2026-09-25 21:34:32.849,46.044444444444
Demo experiment,pioreactor02,2026-09-25T15:49:32.849Z,0.036181482624,135,4,2026-09-25 21:34:32.849,46.044444444444
Demo experiment,pioreactor02,2026-09-25T15:49:37.853Z,0.0,90,2,2026-09-25 21:34:37.853,46.045833333333
Demo experiment,pioreactor02,2026-09-25T15:49:37.853Z,0.178414015536,45,3,2026-09-25 21:34:37.853,46.045833333333
Demo experiment,pioreactor02,2026-09-25T15:49:37.853Z,0.040645076623,135,4,2026-09-25 21:34:37.853,46.045833333333
Demo experiment,pioreactor02,2026-09-25T15:49:42.852Z,0.0,90,2,2026-09-25 21:34:42.852,46.047222222222
Demo experiment,pioreactor02,2026-09-25T15:49:42.852Z,0.178749819259,45,3,2026-09-25 21:34:42.852,46.047222222222
Demo experiment,pioreactor02,2026-09-25T15:49:42.852Z,0.038052362757,135,4,2026-09-25 21:34:42.852,46.047222222222
Demo experiment,pioreactor02,2026-09-25T15:49:47.852Z,0.0,90,2,2026-09-25 21:34:47.852,46.048611111111
Demo experiment,pioreactor02,2026-09-25T15:49:47.852Z,0.178710676269,45,3,2026-09-25 21:34:47.852,46.048611111111
Demo experiment,pioreactor02,2026-09-25T15:49:47.852Z,0.040697677613,135,4,2026-09-25 21:34:47.852,46.048611111111
Demo experiment,pioreactor02,2026-09-25T15:49:52.855Z,0.0,90,2,2026-09-25 21:34:52.855,46.05
Demo experiment,pioreactor02,2026-09-25T15:49:52.855Z,0.178825891069,45,3,2026-09-25 21:34:52.855,46.05
Demo experiment,pioreactor02,2026-09-25T15:49:52.855Z,0.040759133104,135,4,2026-09-25 21:34:52.855,46.05
Demo experiment,pioreactor02,2026-09-25T15:49:57.854Z,0.0,90,2,2026-09-25 21:34:57.854,46.051388888889
Demo experiment,pioreactor02,2026-09-25T15:49:57.854Z,0.178834644822,45,3,2026-09-25 21:34:57.854,46.051388888889
Demo experiment,pioreactor02,2026-09-25T15:49:57.854Z,0.039529804601,135,4,2026-09-25 21:34:57.854,46.051388888889
Demo experiment,pioreactor02,2026-09-25T15:50:02.849Z,0.0,90,2,2026-09-25 21:35:02.849,46.052777777778
Demo experiment,pioreactor02,2026-09-25T15:50:02.849Z,0.178944703785,45,3,2026-09-25 21:35:02.849,46.052777777778
Demo experiment,pioreactor02,2026-09-25T15:50:02.849Z,0.038279761237,135,4,2026-09-25 21:35:02.849,46.052777777778
Demo experiment,pioreactor02,2026-09-25T15:50:07.850Z,0.0,90,2,2026-09-25 21:35:07.850,46.054166666667
Demo experiment,pioreactor02,2026-09-25T15:50:07.850Z,0.17887506717,45,3,2026-09-25 21:35:07.850,46.054166666667
Demo experiment,pioreactor02,2026-09-25T15:50:07.850Z,0.038601183288,135,4,2026-09-25 21:35:07.850,46.054166666667
Demo experiment,pioreactor02,2026-09-25T15:50:12.848Z,0.0,90,2,2026-09-25 21:35:12.848,46.055555555556
Demo experiment,pioreactor02,2026-09-25T15:50:12.848Z,0.178689663268,45,3,2026-09-25 21:35:12.848,46.055555555556
Demo experiment,pioreactor02,2026-09-25T15:50:12.848Z,0.038033852826,135,4,2026-09-25 21:35:12.848,46.055555555556
Demo experiment,pioreactor02,2026-09-25T15:50:17.851Z,0.0,90,2,2026-09-25 21:35:17.851,46.056944444444
Demo experiment,pioreactor02,2026-09-25T15:50:17.851Z,0.178765357057,45,3,2026-09-25 21:35:17.851,46.056944444444
Demo experiment,pioreactor02,2026-09-25T15:50:17.851Z,0.039232393166,135,4,2026-09-25 21:35:17.851,46.056944444444
Demo experiment,pioreactor02,2026-09-25T15:50:22.852Z,0.0,90,2,2026-09-25 21:35:22.852,46.058333333333
Demo experiment,pioreactor02,2026-09-25T15:50:22.852Z,0.178972344892,45,3,2026-09-25 21:35:22.852,46.058333333333
Demo experiment,pioreactor02,2026-09-25T15:50:22.852Z,0.038555768754,135,4,2026-09-25 21:35:22.852,46.058333333333
Demo experiment,pioreactor02,2026-09-25T15:50:27.849Z,0.0,90,2,2026-09-25 21:35:27.849,46.059722222222
Demo experiment,pioreactor02,2026-09-25T15:50:27.849Z,0.178957299545,45,3,2026-09-25 21:35:27.849,46.059722222222
Demo experiment,pioreactor02,2026-09-25T15:50:27.849Z,0.040239699128,135,4,2026-09-25 21:35:27.849,46.059722222222
Demo experiment,pioreactor02,2026-09-25T15:50:32.851Z,0.0,90,2,2026-09-25 21:35:32.851,46.061111111111
Demo experiment,pioreactor02,2026-09-25T15:50:32.851Z,0.179004184449,45,3,2026-09-25 21:35:32.851,46.061111111111
Demo experiment,pioreactor02,2026-09-25T15:50:32.851Z,0.039568531264,135,4,2026-09-25 21:35:32.851,46.061111111111
Demo experiment,pioreactor02,2026-09-25T15:50:37.855Z,0.0,90,2,2026-09-25 21:35:37.855,46.0625
Demo experiment,pioreactor02,2026-09-25T15:50:37.855Z,0.179080387745,45,3,2026-09-25 21:35:37.855,46.0625
Demo experiment,pioreactor02,2026-09-25T15:50:37.855Z,0.039782395267,135,4,2026-09-25 21:35:37.855,46.0625
Demo experiment,pioreactor02,2026-09-25T15:50:42.849Z,0.0,90,2,2026-09-25 21:35:42.849,46.063888888889
Demo experiment,pioreactor02,2026-09-25T15:50:42.849Z,0.178768451526,45,3,2026-09-25 21:35:42.849,46.063888888889
Demo experiment,pioreactor02,2026-09-25T15:50:42.849Z,0.037354562082,135,4,2026-09-25 21:35:42.849,46.063888888889
Demo experiment,pioreactor02,2026-09-25T15:50:47.851Z,0.0,90,2,2026-09-25 21:35:47.851,46.065277777778
Demo experiment,pioreactor02,2026-09-25T15:50:47.851Z,0.178919266433,45,3,2026-09-25 21:35:47.851,46.065277777778
Demo experiment,pioreactor02,2026-09-25T15:50:47.851Z,0.03820141365,135,4,2026-09-25 21:35:47.851,46.065277777778
Demo experiment,pioreactor02,2026-09-25T15:50:52.850Z,0.0,90,2,2026-09-25 21:35:52.850,46.066666666667
Demo experiment,pioreactor02,2026-09-25T15:50:52.850Z,0.178985995426,45,3,2026-09-25 21:35:52.850,46.066666666667
Demo experiment,pioreactor02,2026-09-25T15:50:52.850Z,0.03822372825,135,4,2026-09-25 21:35:52.850,46.066666666667
Demo experiment,pioreactor02,2026-09-25T15:50:57.851Z,0.0,90,2,2026-09-25 21:35:57.851,46.068055555556
Demo experiment,pioreactor02,2026-09-25T15:50:57.851Z,0.179104076594,45,3,2026-09-25 21:35:57.851,46.068055555556
Demo experiment,pioreactor02,2026-09-25T15:50:57.851Z,0.040447441994,135,4,2026-09-25 21:35:57.851,46.068055555556
Demo experiment,pioreactor02,2026-09-25T15:51:02.850Z,0.0,90,2,2026-09-25 21:36:02.850,46.069444444444
Demo experiment,pioreactor02,2026-09-25T15:51:02.850Z,0.179145404251,45,3,2026-09-25 21:36:02.850,46.069444444444
Demo experiment,pioreactor02,2026-09-25T15:51:02.850Z,0.042369316579,135,4,2026-09-25 21:36:02.850,46.069444444444
Demo experiment,pioreactor02,2026-09-25T15:51:07.849Z,0.0,90,2,2026-09-25 21:36:07.849,46.070833333333
Demo experiment,pioreactor02,2026-09-25T15:51:07.849Z,0.178462764318,45,3,2026-09-25 21:36:07.849,46.070833333333
Demo experiment,pioreactor02,2026-09-25T15:51:07.849Z,0.041562583902,135,4,2026-09-25 21:36:07.849,46.070833333333
Demo experiment,pioreactor02,2026-09-25T15:51:12.850Z,0.0,90,2,2026-09-25 21:36:12.850,46.072222222222
Demo experiment,pioreactor02,2026-09-25T15:51:12.850Z,0.178462358057,45,3,2026-09-25 21:36:12.850,46.072222222222
Demo experiment,pioreactor02,2026-09-25T15:51:12.850Z,0.039007970426,135,4,2026-09-25 21:36:12.850,46.072222222222
Demo experiment,pioreactor02,2026-09-25T15:51:17.850Z,0.0,90,2,2026-09-25 21:36:17.850,46.073611111111
Demo experiment,pioreactor02,2026-09-25T15:51:17.850Z,0.178622516734,45,3,2026-09-25 21:36:17.850,46.073611111111
Demo experiment,pioreactor02,2026-09-25T15:51:17.850Z,0.043856485991,135,4,2026-09-25 21:36:17.850,46.073611111111
Demo experiment,pioreactor02,2026-09-25T15:51:22.850Z,0.0,90,2,2026-09-25 21:36:22.850,46.075
Demo experiment,pioreactor02,2026-09-25T15:51:22.850Z,0.178984963484,45,3,2026-09-25 21:36:22.850,46.075
Demo experiment,pioreactor02,2026-09-25T15:51:22.850Z,0.045173119614,135,4,2026-09-25 21:36:22.850,46.075
Demo experiment,pioreactor02,2026-09-25T15:51:27.850Z,0.0,90,2,2026-09-25 21:36:27.850,46.076388888889
Demo experiment,pioreactor02,2026-09-25T15:51:27.850Z,0.179004633106,45,3,2026-09-25 21:36:27.850,46.076388888889
Demo experiment,pioreactor02,2026-09-25T15:51:27.850Z,0.041151962529,135,4,2026-09-25 21:36:27.850,46.076388888889
Demo experiment,pioreactor02,2026-09-25T15:51:32.849Z,0.0,90,2,2026-09-25 21:36:32.849,46.077777777778
Demo experiment,pioreactor02,2026-09-25T15:51:32.849Z,0.179224714807,45,3,2026-09-25 21:36:32.849,46.077777777778
Demo experiment,pioreactor02,2026-09-25T15:51:32.849Z,0.036446479033,135,4,2026-09-25 21:36:32.849,46.077777777778
Demo experiment,pioreactor02,2026-09-25T15:51:37.851Z,0.0,90,2,2026-09-25 21:36:37.851,46.079166666667
Demo experiment,pioreactor02,2026-09-25T15:51:37.851Z,0.179437249464,45,3,2026-09-25 21:36:37.851,46.079166666667
Demo experiment,pioreactor02,2026-09-25T15:51:37.851Z,0.032913311261,135,4,2026-09-25 21:36:37.851,46.079166666667
Demo experiment,pioreactor02,2026-09-25T15:51:42.849Z,0.0,90,2,2026-09-25 21:36:42.849,46.080555555556
Demo experiment,pioreactor02,2026-09-25T15:51:42.849Z,0.17983530578,45,3,2026-09-25 21:36:42.849,46.080555555556
Demo experiment,pioreactor02,2026-09-25T15:51:42.849Z,0.030875145575,135,4,2026-09-25 21:36:42.849,46.080555555556
Demo experiment,pioreactor02,2026-09-25T15:51:47.852Z,0.0,90,2,2026-09-25 21:36:47.852,46.081944444444
Demo experiment,pioreactor02,2026-09-25T15:51:47.852Z,0.180160764094,45,3,2026-09-25 21:36:47.852,46.081944444444
Demo experiment,pioreactor02,2026-09-25T15:51:47.852Z,0.031019749805,135,4,2026-09-25 21:36:47.852,46.081944444444
Demo experiment,pioreactor02,2026-09-25T15:51:52.849Z,0.0,90,2,2026-09-25 21:36:52.849,46.083333333333
Demo experiment,pioreactor02,2026-09-25T15:51:52.849Z,0.180352085384,45,3,2026-09-25 21:36:52.849,46.083333333333
Demo experiment,pioreactor02,2026-09-25T15:51:52.849Z,0.033368929444,135,4,2026-09-25 21:36:52.849,46.083333333333
Demo experiment,pioreactor02,2026-09-25T15:51:57.850Z,0.0,90,2,2026-09-25 21:36:57.850,46.084722222222
Demo experiment,pioreactor02,2026-09-25T15:51:57.850Z,0.181107951026,45,3,2026-09-25 21:36:57.850,46.084722222222
Demo experiment,pioreactor02,2026-09-25T15:51:57.850Z,0.031582019235,135,4,2026-09-25 21:36:57.850,46.084722222222
Demo experiment,pioreactor02,2026-09-25T15:52:02.850Z,0.0,90,2,2026-09-25 21:37:02.850,46.086111111111
Demo experiment,pioreactor02,2026-09-25T15:52:02.850Z,0.18383992891,45,3,2026-09-25 21:37:02.850,46.086111111111
Demo experiment,pioreactor02,2026-09-25T15:52:02.850Z,0.031817322391,135,4,2026-09-25 21:37:02.850,46.086111111111
Demo experiment,pioreactor02,2026-09-25T15:52:07.849Z,0.0,90,2,2026-09-25 21:37:07.849,46.0875
Demo experiment,pioreactor02,2026-09-25T15:52:07.849Z,0.18817431758,45,3,2026-09-25 21:37:07.849,46.0875
Demo experiment,pioreactor02,2026-09-25T15:52:07.849Z,0.033039118555,135,4,2026-09-25 21:37:07.849,46.0875
Demo experiment,pioreactor02,2026-09-25T15:52:12.850Z,0.0,90,2,2026-09-25 21:37:12.850,46.088888888889
Demo experiment,pioreactor02,2026-09-25T15:52:12.850Z,0.189815862144,45,3,2026-09-25 21:37:12.850,46.088888888889
Demo experiment,pioreactor02,2026-09-25T15:52:12.850Z,0.03196233687,135,4,2026-09-25 21:37:12.850,46.088888888889
Demo experiment,pioreactor02,2026-09-25T15:52:17.851Z,0.0,90,2,2026-09-25 21:37:17.851,46.090277777778
Demo experiment,pioreactor02,2026-09-25T15:52:17.851Z,0.189830268198,45,3,2026-09-25 21:37:17.851,46.090277777778
Demo experiment,pioreactor02,2026-09-25T15:52:17.851Z,0.030357777361,135,4,2026-09-25 21:37:17.851,46.090277777778
Demo experiment,pioreactor02,2026-09-25T15:52:22.852Z,0.0,90,2,2026-09-25 21:37:22.852,46.091666666667
Demo experiment,pioreactor02,2026-09-25T15:52:22.852Z,0.188480491193,45,3,2026-09-25 21:37:22.852,46.091666666667
Demo experiment,pioreactor02,2026-09-25T15:52:22.852Z,0.030611922348,135,4,2026-09-25 21:37:22.852,46.091666666667
Demo experiment,pioreactor02,2026-09-25T15:52:27.851Z,0.0,90,2,2026-09-25 21:37:27.851,46.093055555556
Demo experiment,pioreactor02,2026-09-25T15:52:27.851Z,0.187697585556,45,3,2026-09-25 21:37:27.851,46.093055555556
Demo experiment,pioreactor02,2026-09-25T15:52:27.851Z,0.029978012588,135,4,2026-09-25 21:37:27.851,46.093055555556
Demo experiment,pioreactor02,2026-09-25T15:52:32.852Z,0.0,90,2,2026-09-25 21:37:32.852,46.094444444444
Demo experiment,pioreactor02,2026-09-25T15:52:32.852Z,0.187606454068,45,3,2026-09-25 21:37:32.852,46.094444444444
Demo experiment,pioreactor02,2026-09-25T15:52:32.852Z,0.029322673696,135,4,2026-09-25 21:37:32.852,46.094444444444
Demo experiment,pioreactor02,2026-09-25T15:52:37.850Z,0.0,90,2,2026-09-25 21:37:37.850,46.095833333333
Demo experiment,pioreactor02,2026-09-25T15:52:37.850Z,0.187210427988,45,3,2026-09-25 21:37:37.850,46.095833333333
Demo experiment,pioreactor02,2026-09-25T15:52:37.850Z,0.02830270241,135,4,2026-09-25 21:37:37.850,46.095833333333
Demo experiment,pioreactor02,2026-09-25T15:52:42.849Z,0.0,90,2,2026-09-25 21:37:42.849,46.097222222222
Demo experiment,pioreactor02,2026-09-25T15:52:42.849Z,0.187192583092,45,3,2026-09-25 21:37:42.849,46.097222222222
Demo experiment,pioreactor02,2026-09-25T15:52:42.849Z,0.027807770959,135,4,2026-09-25 21:37:42.849,46.097222222222
Demo experiment,pioreactor02,2026-09-25T15:52:47.851Z,0.0,90,2,2026-09-25 21:37:47.851,46.098611111111
Demo experiment,pioreactor02,2026-09-25T15:52:47.851Z,0.187224688152,45,3,2026-09-25 21:37:47.851,46.098611111111
Demo experiment,pioreactor02,2026-09-25T15:52:47.851Z,0.02757045648,135,4,2026-09-25 21:37:47.851,46.098611111111
Demo experiment,pioreactor02,2026-09-25T15:52:52.853Z,0.0,90,2,2026-09-25 21:37:52.853,46.1
Demo experiment,pioreactor02,2026-09-25T15:52:52.853Z,0.18709440431,45,3,2026-09-25 21:37:52.853,46.1
Demo experiment,pioreactor02,2026-09-25T15:52:52.853Z,0.027316012092,135,4,2026-09-25 21:37:52.853,46.1
Demo experiment,pioreactor02,2026-09-25T15:52:57.852Z,0.0,90,2,2026-09-25 21:37:57.852,46.101388888889
Demo experiment,pioreactor02,2026-09-25T15:52:57.852Z,0.186114296474,45,3,2026-09-25 21:37:57.852,46.101388888889
Demo experiment,pioreactor02,2026-09-25T15:52:57.852Z,0.029238839255,135,4,2026-09-25 21:37:57.852,46.101388888889
Demo experiment,pioreactor02,2026-09-25T15:53:02.853Z,0.0,90,2,2026-09-25 21:38:02.853,46.102777777778
Demo experiment,pioreactor02,2026-09-25T15:53:02.853Z,0.187149471691,45,3,2026-09-25 21:38:02.853,46.102777777778
Demo experiment,pioreactor02,2026-09-25T15:53:02.853Z,0.028802784359,135,4,2026-09-25 21:38:02.853,46.102777777778
Demo experiment,pioreactor02,2026-09-25T15:53:07.850Z,0.0,90,2,2026-09-25 21:38:07.850,46.104166666667
Demo experiment,pioreactor02,2026-09-25T15:53:07.850Z,0.187973438109,45,3,2026-09-25 21:38:07.850,46.104166666667
Demo experiment,pioreactor02,2026-09-25T15:53:07.850Z,0.039348399436,135,4,2026-09-25 21:38:07.850,46.104166666667
Demo experiment,pioreactor02,2026-09-25T15:53:12.853Z,0.0,90,2,2026-09-25 21:38:12.853,46.105555555556
Demo experiment,pioreactor02,2026-09-25T15:53:12.853Z,0.185724502436,45,3,2026-09-25 21:38:12.853,46.105555555556
Demo experiment,pioreactor02,2026-09-25T15:53:12.853Z,0.045080865774,135,4,2026-09-25 21:38:12.853,46.105555555556
Demo experiment,pioreactor02,2026-09-25T15:53:17.850Z,0.0,90,2,2026-09-25 21:38:17.850,46.106944444444
Demo experiment,pioreactor02,2026-09-25T15:53:17.850Z,0.185137378315,45,3,2026-09-25 21:38:17.850,46.106944444444
Demo experiment,pioreactor02,2026-09-25T15:53:17.850Z,0.055571856809,135,4,2026-09-25 21:38:17.850,46.106944444444
Demo experiment,pioreactor02,2026-09-25T15:53:22.849Z,0.0,90,2,2026-09-25 21:38:22.849,46.108333333333
Demo experiment,pioreactor02,2026-09-25T15:53:22.849Z,0.184429297775,45,3,2026-09-25 21:38:22.849,46.108333333333
Demo experiment,pioreactor02,2026-09-25T15:53:22.849Z,0.042917120137,135,4,2026-09-25 21:38:22.849,46.108333333333
Demo experiment,pioreactor02,2026-09-25T15:53:27.852Z,0.0,90,2,2026-09-25 21:38:27.852,46.109722222222
Demo experiment,pioreactor02,2026-09-25T15:53:27.852Z,0.184097226718,45,3,2026-09-25 21:38:27.852,46.109722222222
Demo experiment,pioreactor02,2026-09-25T15:53:27.852Z,0.038695069592,135,4,2026-09-25 21:38:27.852,46.109722222222
Demo experiment,pioreactor02,2026-09-25T15:53:32.850Z,0.0,90,2,2026-09-25 21:38:32.850,46.111111111111
Demo experiment,pioreactor02,2026-09-25T15:53:32.850Z,0.182801791105,45,3,2026-09-25 21:38:32.850,46.111111111111
Demo experiment,pioreactor02,2026-09-25T15:53:32.850Z,0.034039178687,135,4,2026-09-25 21:38:32.850,46.111111111111
Demo experiment,pioreactor02,2026-09-25T15:53:37.850Z,0.0,90,2,2026-09-25 21:38:37.850,46.1125
Demo experiment,pioreactor02,2026-09-25T15:53:37.850Z,0.182007824058,45,3,2026-09-25 21:38:37.850,46.1125
Demo experiment,pioreactor02,2026-09-25T15:53:37.850Z,0.032798684819,135,4,2026-09-25 21:38:37.850,46.1125
Demo experiment,pioreactor02,2026-09-25T15:53:42.853Z,0.0,90,2,2026-09-25 21:38:42.853,46.113888888889
Demo experiment,pioreactor02,2026-09-25T15:53:42.853Z,0.181870804412,45,3,2026-09-25 21:38:42.853,46.113888888889
Demo experiment,pioreactor02,2026-09-25T15:53:42.853Z,0.03228903917,135,4,2026-09-25 21:38:42.853,46.113888888889
Demo experiment,pioreactor02,2026-09-25T15:53:47.854Z,0.0,90,2,2026-09-25 21:38:47.854,46.115277777778
Demo experiment,pioreactor02,2026-09-25T15:53:47.854Z,0.182030086631,45,3,2026-09-25 21:38:47.854,46.115277777778
Demo experiment,pioreactor02,2026-09-25T15:53:47.854Z,0.034392191011,135,4,2026-09-25 21:38:47.854,46.115277777778
Demo experiment,pioreactor02,2026-09-25T15:53:52.853Z,0.0,90,2,2026-09-25 21:38:52.853,46.116666666667
Demo experiment,pioreactor02,2026-09-25T15:53:52.853Z,0.182448330888,45,3,2026-09-25 21:38:52.853,46.116666666667
Demo experiment,pioreactor02,2026-09-25T15:53:52.853Z,0.041176216614,135,4,2026-09-25 21:38:52.853,46.116666666667
Demo experiment,pioreactor02,2026-09-25T15:53:57.855Z,0.0,90,2,2026-09-25 21:38:57.855,46.118055555556
Demo experiment,pioreactor02,2026-09-25T15:53:57.855Z,0.182707959282,45,3,2026-09-25 21:38:57.855,46.118055555556
Demo experiment,pioreactor02,2026-09-25T15:53:57.855Z,0.04021931177,135,4,2026-09-25 21:38:57.855,46.118055555556
Demo experiment,pioreactor02,2026-09-25T15:54:02.858Z,0.0,90,2,2026-09-25 21:39:02.858,46.119444444444
Demo experiment,pioreactor02,2026-09-25T15:54:02.858Z,0.181570617417,45,3,2026-09-25 21:39:02.858,46.119444444444
Demo experiment,pioreactor02,2026-09-25T15:54:02.858Z,0.036679514501,135,4,2026-09-25 21:39:02.858,46.119444444444
Demo experiment,pioreactor02,2026-09-25T15:54:07.855Z,0.0,90,2,2026-09-25 21:39:07.855,46.120833333333
Demo experiment,pioreactor02,2026-09-25T15:54:07.855Z,0.18120233092,45,3,2026-09-25 21:39:07.855,46.120833333333
Demo experiment,pioreactor02,2026-09-25T15:54:07.855Z,0.035347265002,135,4,2026-09-25 21:39:07.855,46.120833333333
Demo experiment,pioreactor02,2026-09-25T15:54:12.855Z,0.0,90,2,2026-09-25 21:39:12.855,46.122222222222
Demo experiment,pioreactor02,2026-09-25T15:54:12.855Z,0.181233365071,45,3,2026-09-25 21:39:12.855,46.122222222222
Demo experiment,pioreactor02,2026-09-25T15:54:12.855Z,0.031248924023,135,4,2026-09-25 21:39:12.855,46.122222222222
Demo experiment,pioreactor02,2026-09-25T15:54:17.855Z,0.0,90,2,2026-09-25 21:39:17.855,46.123611111111
Demo experiment,pioreactor02,2026-09-25T15:54:17.855Z,0.180967518642,45,3,2026-09-25 21:39:17.855,46.123611111111
Demo experiment,pioreactor02,2026-09-25T15:54:17.855Z,0.02895421026,135,4,2026-09-25 21:39:17.855,46.123611111111
Demo experiment,pioreactor02,2026-09-25T15:54:22.855Z,0.0,90,2,2026-09-25 21:39:22.855,46.125
Demo experiment,pioreactor02,2026-09-25T15:54:22.855Z,0.18089724318,45,3,2026-09-25 21:39:22.855,46.125
Demo experiment,pioreactor02,2026-09-25T15:54:22.855Z,0.028756402683,135,4,2026-09-25 21:39:22.855,46.125
Demo experiment,pioreactor02,2026-09-25T15:54:27.855Z,0.0,90,2,2026-09-25 21:39:27.855,46.126388888889
Demo experiment,pioreactor02,2026-09-25T15:54:27.855Z,0.180961496265,45,3,2026-09-25 21:39:27.855,46.126388888889
Demo experiment,pioreactor02,2026-09-25T15:54:27.855Z,0.028310553448,135,4,2026-09-25 21:39:27.855,46.126388888889
Demo experiment,pioreactor02,2026-09-25T15:54:32.855Z,0.0,90,2,2026-09-25 21:39:32.855,46.127777777778
Demo experiment,pioreactor02,2026-09-25T15:54:32.855Z,0.18137775529,45,3,2026-09-25 21:39:32.855,46.127777777778
Demo experiment,pioreactor02,2026-09-25T15:54:32.855Z,0.029057604438,135,4,2026-09-25 21:39:32.855,46.127777777778
Demo experiment,pioreactor02,2026-09-25T15:54:37.856Z,0.0,90,2,2026-09-25 21:39:37.856,46.129166666667
Demo experiment,pioreactor02,2026-09-25T15:54:37.856Z,0.180728253744,45,3,2026-09-25 21:39:37.856,46.129166666667
Demo experiment,pioreactor02,2026-09-25T15:54:37.856Z,0.029679635322,135,4,2026-09-25 21:39:37.856,46.129166666667
Demo experiment,pioreactor02,2026-09-25T15:54:42.852Z,0.0,90,2,2026-09-25 21:39:42.852,46.130555555556
Demo experiment,pioreactor02,2026-09-25T15:54:42.852Z,0.180546806374,45,3,2026-09-25 21:39:42.852,46.130555555556
Demo experiment,pioreactor02,2026-09-25T15:54:42.852Z,0.030333318286,135,4,2026-09-25 21:39:42.852,46.130555555556
Demo experiment,pioreactor02,2026-09-25T15:54:47.850Z,0.0,90,2,2026-09-25 21:39:47.850,46.131944444444
Demo experiment,pioreactor02,2026-09-25T15:54:47.850Z,0.180507928154,45,3,2026-09-25 21:39:47.850,46.131944444444
Demo experiment,pioreactor02,2026-09-25T15:54:47.850Z,0.032652628994,135,4,2026-09-25 21:39:47.850,46.131944444444
Demo experiment,pioreactor02,2026-09-25T15:54:52.853Z,0.0,90,2,2026-09-25 21:39:52.853,46.133333333333
Demo experiment,pioreactor02,2026-09-25T15:54:52.853Z,0.18040124232,45,3,2026-09-25 21:39:52.853,46.133333333333
Demo experiment,pioreactor02,2026-09-25T15:54:52.853Z,0.03067979392,135,4,2026-09-25 21:39:52.853,46.133333333333
Demo experiment,pioreactor02,2026-09-25T15:54:57.854Z,0.0,90,2,2026-09-25 21:39:57.854,46.134722222222
Demo experiment,pioreactor02,2026-09-25T15:54:57.854Z,0.180424274811,45,3,2026-09-25 21:39:57.854,46.134722222222
Demo experiment,pioreactor02,2026-09-25T15:54:57.854Z,0.031243083479,135,4,2026-09-25 21:39:57.854,46.134722222222
Demo experiment,pioreactor02,2026-09-25T15:55:02.856Z,0.0,90,2,2026-09-25 21:40:02.856,46.136111111111
Demo experiment,pioreactor02,2026-09-25T15:55:02.856Z,0.180795027092,45,3,2026-09-25 21:40:02.856,46.136111111111
Demo experiment,pioreactor02,2026-09-25T15:55:02.856Z,0.031900751917,135,4,2026-09-25 21:40:02.856,46.136111111111
Demo experiment,pioreactor02,2026-09-25T15:55:07.860Z,0.0,90,2,2026-09-25 21:40:07.860,46.1375
Demo experiment,pioreactor02,2026-09-25T15:55:07.860Z,0.180807714321,45,3,2026-09-25 21:40:07.860,46.1375
Demo experiment,pioreactor02,2026-09-25T15:55:07.860Z,0.031109661573,135,4,2026-09-25 21:40:07.860,46.1375
Demo experiment,pioreactor02,2026-09-25T15:55:12.856Z,0.0,90,2,2026-09-25 21:40:12.856,46.138888888889
Demo experiment,pioreactor02,2026-09-25T15:55:12.856Z,0.180012064104,45,3,2026-09-25 21:40:12.856,46.138888888889
Demo experiment,pioreactor02,2026-09-25T15:55:12.856Z,0.034187488328,135,4,2026-09-25 21:40:12.856,46.138888888889
Demo experiment,pioreactor02,2026-09-25T15:55:17.857Z,0.0,90,2,2026-09-25 21:40:17.857,46.140277777778
Demo experiment,pioreactor02,2026-09-25T15:55:17.857Z,0.179824596432,45,3,2026-09-25 21:40:17.857,46.140277777778
Demo experiment,pioreactor02,2026-09-25T15:55:17.857Z,0.034691080857,135,4,2026-09-25 21:40:17.857,46.140277777778
Demo experiment,pioreactor02,2026-09-25T15:55:22.853Z,0.0,90,2,2026-09-25 21:40:22.853,46.141666666667
Demo experiment,pioreactor02,2026-09-25T15:55:22.853Z,0.179976909252,45,3,2026-09-25 21:40:22.853,46.141666666667
Demo experiment,pioreactor02,2026-09-25T15:55:22.853Z,0.034294038959,135,4,2026-09-25 21:40:22.853,46.141666666667
Demo experiment,pioreactor02,2026-09-25T15:55:27.857Z,0.0,90,2,2026-09-25 21:40:27.857,46.143055555556
Demo experiment,pioreactor02,2026-09-25T15:55:27.857Z,0.180152087831,45,3,2026-09-25 21:40:27.857,46.143055555556
Demo experiment,pioreactor02,2026-09-25T15:55:27.857Z,0.035204134493,135,4,2026-09-25 21:40:27.857,46.143055555556
Demo experiment,pioreactor02,2026-09-25T15:55:32.852Z,0.0,90,2,2026-09-25 21:40:32.852,46.144444444444
Demo experiment,pioreactor02,2026-09-25T15:55:32.852Z,0.180063965504,45,3,2026-09-25 21:40:32.852,46.144444444444
Demo experiment,pioreactor02,2026-09-25T15:55:32.852Z,0.033191507678,135,4,2026-09-25 21:40:32.852,46.144444444444
Demo experiment,pioreactor02,2026-09-25T15:55:37.852Z,0.0,90,2,2026-09-25 21:40:37.852,46.145833333333
Demo experiment,pioreactor02,2026-09-25T15:55:37.852Z,0.180363621684,45,3,2026-09-25 21:40:37.852,46.145833333333
Demo experiment,pioreactor02,2026-09-25T15:55:37.852Z,0.036998857638,135,4,2026-09-25 21:40:37.852,46.145833333333
Demo experiment,pioreactor02,2026-09-25T15:55:42.858Z,0.0,90,2,2026-09-25 21:40:42.858,46.147222222222
Demo experiment,pioreactor02,2026-09-25T15:55:42.858Z,0.180183257267,45,3,2026-09-25 21:40:42.858,46.147222222222
Demo experiment,pioreactor02,2026-09-25T15:55:42.858Z,0.036860496428,135,4,2026-09-25 21:40:42.858,46.147222222222
Demo experiment,pioreactor02,2026-09-25T15:55:47.850Z,0.0,90,2,2026-09-25 21:40:47.850,46.148611111111
Demo experiment,pioreactor02,2026-09-25T15:55:47.850Z,0.179769321009,45,3,2026-09-25 21:40:47.850,46.148611111111
Demo experiment,pioreactor02,2026-09-25T15:55:47.850Z,0.036664998973,135,4,2026-09-25 21:40:47.850,46.148611111111
Demo experiment,pioreactor02,2026-09-25T15:55:52.851Z,0.0,90,2,2026-09-25 21:40:52.851,46.15
Demo experiment,pioreactor02,2026-09-25T15:55:52.851Z,0.179677273496,45,3,2026-09-25 21:40:52.851,46.15
Demo experiment,pioreactor02,2026-09-25T15:55:52.851Z,0.035232072303,135,4,2026-09-25 21:40:52.851,46.15
Demo experiment,pioreactor02,2026-09-25T15:55:57.851Z,0.0,90,2,2026-09-25 21:40:57.851,46.151388888889
Demo experiment,pioreactor02,2026-09-25T15:55:57.851Z,0.179715998366,45,3,2026-09-25 21:40:57.851,46.151388888889
Demo experiment,pioreactor02,2026-09-25T15:55:57.851Z,0.039379683657,135,4,2026-09-25 21:40:57.851,46.151388888889
Demo experiment,pioreactor02,2026-09-25T15:56:02.849Z,0.0,90,2,2026-09-25 21:41:02.849,46.152777777778
Demo experiment,pioreactor02,2026-09-25T15:56:02.849Z,0.179625759628,45,3,2026-09-25 21:41:02.849,46.152777777778
Demo experiment,pioreactor02,2026-09-25T15:56:02.849Z,0.035748405041,135,4,2026-09-25 21:41:02.849,46.152777777778
Demo experiment,pioreactor02,2026-09-25T15:56:07.852Z,0.0,90,2,2026-09-25 21:41:07.852,46.154166666667
Demo experiment,pioreactor02,2026-09-25T15:56:07.852Z,0.179579549705,45,3,2026-09-25 21:41:07.852,46.154166666667
Demo experiment,pioreactor02,2026-09-25T15:56:07.852Z,0.033694079207,135,4,2026-09-25 21:41:07.852,46.154166666667
Demo experiment,pioreactor02,2026-09-25T15:56:12.851Z,0.0,90,2,2026-09-25 21:41:12.851,46.155555555556
Demo experiment,pioreactor02,2026-09-25T15:56:12.851Z,0.179591588683,45,3,2026-09-25 21:41:12.851,46.155555555556
Demo experiment,pioreactor02,2026-09-25T15:56:12.851Z,0.035883702597,135,4,2026-09-25 21:41:12.851,46.155555555556
Demo experiment,pioreactor02,2026-09-25T15:56:17.853Z,0.0,90,2,2026-09-25 21:41:17.853,46.156944444444
Demo experiment,pioreactor02,2026-09-25T15:56:17.853Z,0.179432750252,45,3,2026-09-25 21:41:17.853,46.156944444444
Demo experiment,pioreactor02,2026-09-25T15:56:17.853Z,0.03741269289,135,4,2026-09-25 21:41:17.853,46.156944444444
Demo experiment,pioreactor02,2026-09-25T15:56:22.849Z,0.0,90,2,2026-09-25 21:41:22.849,46.158333333333
Demo experiment,pioreactor02,2026-09-25T15:56:22.849Z,0.179263702937,45,3,2026-09-25 21:41:22.849,46.158333333333
Demo experiment,pioreactor02,2026-09-25T15:56:22.849Z,0.042810486982,135,4,2026-09-25 21:41:22.849,46.158333333333
Demo experiment,pioreactor02,2026-09-25T15:56:27.849Z,0.0,90,2,2026-09-25 21:41:27.849,46.159722222222
Demo experiment,pioreactor02,2026-09-25T15:56:27.849Z,0.179223406357,45,3,2026-09-25 21:41:27.849,46.159722222222
Demo experiment,pioreactor02,2026-09-25T15:56:27.849Z,0.041628086666,135,4,2026-09-25 21:41:27.849,46.159722222222
Demo experiment,pioreactor02,2026-09-25T15:56:32.850Z,0.0,90,2,2026-09-25 21:41:32.850,46.161111111111
Demo experiment,pioreactor02,2026-09-25T15:56:32.850Z,0.179361311121,45,3,2026-09-25 21:41:32.850,46.161111111111
Demo experiment,pioreactor02,2026-09-25T15:56:32.850Z,0.046374343971,135,4,2026-09-25 21:41:32.850,46.161111111111
Demo experiment,pioreactor02,2026-09-25T15:56:37.851Z,0.0,90,2,2026-09-25 21:41:37.851,46.1625
Demo experiment,pioreactor02,2026-09-25T15:56:37.851Z,0.179153407223,45,3,2026-09-25 21:41:37.851,46.1625
Demo experiment,pioreactor02,2026-09-25T15:56:37.851Z,0.042448548251,135,4,2026-09-25 21:41:37.851,46.1625
Demo experiment,pioreactor02,2026-09-25T15:56:42.849Z,0.0,90,2,2026-09-25 21:41:42.849,46.163888888889
Demo experiment,pioreactor02,2026-09-25T15:56:42.849Z,0.179128426364,45,3,2026-09-25 21:41:42.849,46.163888888889
Demo experiment,pioreactor02,2026-09-25T15:56:42.849Z,0.039383218669,135,4,2026-09-25 21:41:42.849,46.163888888889
Demo experiment,pioreactor02,2026-09-25T15:56:47.850Z,0.0,90,2,2026-09-25 21:41:47.850,46.165277777778
Demo experiment,pioreactor02,2026-09-25T15:56:47.850Z,0.178933992377,45,3,2026-09-25 21:41:47.850,46.165277777778
Demo experiment,pioreactor02,2026-09-25T15:56:47.850Z,0.038389161762,135,4,2026-09-25 21:41:47.850,46.165277777778
Demo experiment,pioreactor02,2026-09-25T15:56:52.854Z,0.0,90,2,2026-09-25 21:41:52.854,46.166666666667
Demo experiment,pioreactor02,2026-09-25T15:56:52.854Z,0.179064495587,45,3,2026-09-25 21:41:52.854,46.166666666667
Demo experiment,pioreactor02,2026-09-25T15:56:52.854Z,0.041451639915,135,4,2026-09-25 21:41:52.854,46.166666666667
Demo experiment,pioreactor02,2026-09-25T15:56:57.849Z,0.0,90,2,2026-09-25 21:41:57.849,46.168055555556
Demo experiment,pioreactor02,2026-09-25T15:56:57.849Z,0.179200544837,45,3,2026-09-25 21:41:57.849,46.168055555556
Demo experiment,pioreactor02,2026-09-25T15:56:57.849Z,0.042037294141,135,4,2026-09-25 21:41:57.849,46.168055555556
Demo experiment,pioreactor02,2026-09-25T15:57:02.852Z,0.0,90,2,2026-09-25 21:42:02.852,46.169444444444
Demo experiment,pioreactor02,2026-09-25T15:57:02.852Z,0.179189658133,45,3,2026-09-25 21:42:02.852,46.169444444444
Demo experiment,pioreactor02,2026-09-25T15:57:02.852Z,0.040728662165,135,4,2026-09-25 21:42:02.852,46.169444444444
Demo experiment,pioreactor02,2026-09-25T15:57:07.850Z,0.0,90,2,2026-09-25 21:42:07.850,46.170833333333
Demo experiment,pioreactor02,2026-09-25T15:57:07.850Z,0.178950724581,45,3,2026-09-25 21:42:07.850,46.170833333333
Demo experiment,pioreactor02,2026-09-25T15:57:07.850Z,0.041393806796,135,4,2026-09-25 21:42:07.850,46.170833333333
Demo experiment,pioreactor02,2026-09-25T15:57:12.850Z,0.0,90,2,2026-09-25 21:42:12.850,46.172222222222
Demo experiment,pioreactor02,2026-09-25T15:57:12.850Z,0.178930416471,45,3,2026-09-25 21:42:12.850,46.172222222222
Demo experiment,pioreactor02,2026-09-25T15:57:12.850Z,0.040935668275,135,4,2026-09-25 21:42:12.850,46.172222222222
Demo experiment,pioreactor02,2026-09-25T15:57:17.850Z,0.0,90,2,2026-09-25 21:42:17.850,46.173611111111
Demo experiment,pioreactor02,2026-09-25T15:57:17.850Z,0.17900616037,45,3,2026-09-25 21:42:17.850,46.173611111111
Demo experiment,pioreactor02,2026-09-25T15:57:17.850Z,0.039163295985,135,4,2026-09-25 21:42:17.850,46.173611111111
Demo experiment,pioreactor02,2026-09-25T15:57:22.849Z,0.0,90,2,2026-09-25 21:42:22.849,46.175
Demo experiment,pioreactor02,2026-09-25T15:57:22.849Z,0.179016760289,45,3,2026-09-25 21:42:22.849,46.175
Demo experiment,pioreactor02,2026-09-25T15:57:22.849Z,0.039821317905,135,4,2026-09-25 21:42:22.849,46.175
Demo experiment,pioreactor02,2026-09-25T15:57:27.851Z,0.0,90,2,2026-09-25 21:42:27.851,46.176388888889
Demo experiment,pioreactor02,2026-09-25T15:57:27.851Z,0.179073058864,45,3,2026-09-25 21:42:27.851,46.176388888889
Demo experiment,pioreactor02,2026-09-25T15:57:27.851Z,0.039608522305,135,4,2026-09-25 21:42:27.851,46.176388888889
Demo experiment,pioreactor02,2026-09-25T15:57:32.851Z,0.0,90,2,2026-09-25 21:42:32.851,46.177777777778
Demo experiment,pioreactor02,2026-09-25T15:57:32.851Z,0.179430373344,45,3,2026-09-25 21:42:32.851,46.177777777778
Demo experiment,pioreactor02,2026-09-25T15:57:32.851Z,0.036430338762,135,4,2026-09-25 21:42:32.851,46.177777777778
Demo experiment,pioreactor02,2026-09-25T15:57:37.856Z,0.0,90,2,2026-09-25 21:42:37.856,46.179166666667
Demo experiment,pioreactor02,2026-09-25T15:57:37.856Z,0.179947646204,45,3,2026-09-25 21:42:37.856,46.179166666667
Demo experiment,pioreactor02,2026-09-25T15:57:37.856Z,0.034328877551,135,4,2026-09-25 21:42:37.856,46.179166666667
Demo experiment,pioreactor02,2026-09-25T15:57:42.850Z,0.0,90,2,2026-09-25 21:42:42.850,46.180555555556
Demo experiment,pioreactor02,2026-09-25T15:57:42.850Z,0.180678367137,45,3,2026-09-25 21:42:42.850,46.180555555556
Demo experiment,pioreactor02,2026-09-25T15:57:42.850Z,0.032130713154,135,4,2026-09-25 21:42:42.850,46.180555555556
Demo experiment,pioreactor02,2026-09-25T15:57:47.854Z,0.0,90,2,2026-09-25 21:42:47.854,46.181944444444
Demo experiment,pioreactor02,2026-09-25T15:57:47.854Z,0.181933707197,45,3,2026-09-25 21:42:47.854,46.181944444444
Demo experiment,pioreactor02,2026-09-25T15:57:47.854Z,0.030073595877,135,4,2026-09-25 21:42:47.854,46.181944444444
Demo experiment,pioreactor02,2026-09-25T15:57:52.852Z,0.0,90,2,2026-09-25 21:42:52.852,46.183333333333
Demo experiment,pioreactor02,2026-09-25T15:57:52.852Z,0.185643048111,45,3,2026-09-25 21:42:52.852,46.183333333333
Demo experiment,pioreactor02,2026-09-25T15:57:52.852Z,0.030454793731,135,4,2026-09-25 21:42:52.852,46.183333333333
Demo experiment,pioreactor02,2026-09-25T15:57:57.852Z,0.0,90,2,2026-09-25 21:42:57.852,46.184722222222
Demo experiment,pioreactor02,2026-09-25T15:57:57.852Z,0.186781427371,45,3,2026-09-25 21:42:57.852,46.184722222222
Demo experiment,pioreactor02,2026-09-25T15:57:57.852Z,0.029445965377,135,4,2026-09-25 21:42:57.852,46.184722222222
Demo experiment,pioreactor02,2026-09-25T15:58:02.851Z,0.0,90,2,2026-09-25 21:43:02.851,46.186111111111
Demo experiment,pioreactor02,2026-09-25T15:58:02.851Z,0.185516684338,45,3,2026-09-25 21:43:02.851,46.186111111111
Demo experiment,pioreactor02,2026-09-25T15:58:02.851Z,0.029122810945,135,4,2026-09-25 21:43:02.851,46.186111111111
Demo experiment,pioreactor02,2026-09-25T15:58:07.849Z,0.0,90,2,2026-09-25 21:43:07.849,46.1875
Demo experiment,pioreactor02,2026-09-25T15:58:07.849Z,0.185077719797,45,3,2026-09-25 21:43:07.849,46.1875
Demo experiment,pioreactor02,2026-09-25T15:58:07.849Z,0.028529572676,135,4,2026-09-25 21:43:07.849,46.1875
Demo experiment,pioreactor02,2026-09-25T15:58:12.849Z,0.0,90,2,2026-09-25 21:43:12.849,46.188888888889
Demo experiment,pioreactor02,2026-09-25T15:58:12.849Z,0.184778361321,45,3,2026-09-25 21:43:12.849,46.188888888889
Demo experiment,pioreactor02,2026-09-25T15:58:12.849Z,0.027485782025,135,4,2026-09-25 21:43:12.849,46.188888888889
Demo experiment,pioreactor02,2026-09-25T15:58:17.850Z,0.0,90,2,2026-09-25 21:43:17.850,46.190277777778
Demo experiment,pioreactor02,2026-09-25T15:58:17.850Z,0.184548281904,45,3,2026-09-25 21:43:17.850,46.190277777778
Demo experiment,pioreactor02,2026-09-25T15:58:17.850Z,0.026546609666,135,4,2026-09-25 21:43:17.850,46.190277777778
Demo experiment,pioreactor02,2026-09-25T15:58:22.849Z,0.0,90,2,2026-09-25 21:43:22.849,46.191666666667
Demo experiment,pioreactor02,2026-09-25T15:58:22.849Z,0.184497079156,45,3,2026-09-25 21:43:22.849,46.191666666667
Demo experiment,pioreactor02,2026-09-25T15:58:22.849Z,0.043466020886,135,4,2026-09-25 21:43:22.849,46.191666666667
Demo experiment,pioreactor02,2026-09-25T15:58:27.850Z,0.0,90,2,2026-09-25 21:43:27.850,46.193055555556
Demo experiment,pioreactor02,2026-09-25T15:58:27.850Z,0.184626621575,45,3,2026-09-25 21:43:27.850,46.193055555556
Demo experiment,pioreactor02,2026-09-25T15:58:27.850Z,0.040279224828,135,4,2026-09-25 21:43:27.850,46.193055555556
Demo experiment,pioreactor02,2026-09-25T15:58:32.855Z,0.0,90,2,2026-09-25 21:43:32.855,46.194444444444
Demo experiment,pioreactor02,2026-09-25T15:58:32.855Z,0.182599295716,45,3,2026-09-25 21:43:32.855,46.194444444444
Demo experiment,pioreactor02,2026-09-25T15:58:32.855Z,0.034720485384,135,4,2026-09-25 21:43:32.855,46.194444444444
Demo experiment,pioreactor02,2026-09-25T15:58:37.849Z,0.0,90,2,2026-09-25 21:43:37.849,46.195833333333
Demo experiment,pioreactor02,2026-09-25T15:58:37.849Z,0.182555515544,45,3,2026-09-25 21:43:37.849,46.195833333333
Demo experiment,pioreactor02,2026-09-25T15:58:37.849Z,0.037417816075,135,4,2026-09-25 21:43:37.849,46.195833333333
Demo experiment,pioreactor02,2026-09-25T15:58:42.849Z,0.0,90,2,2026-09-25 21:43:42.849,46.197222222222
Demo experiment,pioreactor02,2026-09-25T15:58:42.849Z,0.182046335337,45,3,2026-09-25 21:43:42.849,46.197222222222
Demo experiment,pioreactor02,2026-09-25T15:58:42.849Z,0.033385116787,135,4,2026-09-25 21:43:42.849,46.197222222222
Demo experiment,pioreactor02,2026-09-25T15:58:47.849Z,0.0,90,2,2026-09-25 21:43:47.849,46.198611111111
Demo experiment,pioreactor02,2026-09-25T15:58:47.849Z,0.181474515378,45,3,2026-09-25 21:43:47.849,46.198611111111
Demo experiment,pioreactor02,2026-09-25T15:58:47.849Z,0.030668142971,135,4,2026-09-25 21:43:47.849,46.198611111111
Demo experiment,pioreactor02,2026-09-25T15:58:52.850Z,0.0,90,2,2026-09-25 21:43:52.850,46.2
Demo experiment,pioreactor02,2026-09-25T15:58:52.850Z,0.181464873032,45,3,2026-09-25 21:43:52.850,46.2
Demo experiment,pioreactor02,2026-09-25T15:58:52.850Z,0.032443968256,135,4,2026-09-25 21:43:52.850,46.2
Demo experiment,pioreactor02,2026-09-25T15:58:57.850Z,0.0,90,2,2026-09-25 21:43:57.850,46.201388888889
Demo experiment,pioreactor02,2026-09-25T15:58:57.850Z,0.181649983505,45,3,2026-09-25 21:43:57.850,46.201388888889
Demo experiment,pioreactor02,2026-09-25T15:58:57.850Z,0.032250740294,135,4,2026-09-25 21:43:57.850,46.201388888889
Demo experiment,pioreactor02,2026-09-25T15:59:02.849Z,0.0,90,2,2026-09-25 21:44:02.849,46.202777777778
Demo experiment,pioreactor02,2026-09-25T15:59:02.849Z,0.182448585062,45,3,2026-09-25 21:44:02.849,46.202777777778
Demo experiment,pioreactor02,2026-09-25T15:59:02.849Z,0.037380403883,135,4,2026-09-25 21:44:02.849,46.202777777778
Demo experiment,pioreactor02,2026-09-25T15:59:07.850Z,0.0,90,2,2026-09-25 21:44:07.850,46.204166666667
Demo experiment,pioreactor02,2026-09-25T15:59:07.850Z,0.181909969516,45,3,2026-09-25 21:44:07.850,46.204166666667
Demo experiment,pioreactor02,2026-09-25T15:59:07.850Z,0.036104030851,135,4,2026-09-25 21:44:07.850,46.204166666667
Demo experiment,pioreactor02,2026-09-25T15:59:12.850Z,0.0,90,2,2026-09-25 21:44:12.850,46.205555555556
Demo experiment,pioreactor02,2026-09-25T15:59:12.850Z,0.181907563368,45,3,2026-09-25 21:44:12.850,46.205555555556
Demo experiment,pioreactor02,2026-09-25T15:59:12.850Z,0.035902053626,135,4,2026-09-25 21:44:12.850,46.205555555556
Demo experiment,pioreactor02,2026-09-25T15:59:17.849Z,0.0,90,2,2026-09-25 21:44:17.849,46.206944444444
Demo experiment,pioreactor02,2026-09-25T15:59:17.849Z,0.181953114486,45,3,2026-09-25 21:44:17.849,46.206944444444
Demo experiment,pioreactor02,2026-09-25T15:59:17.849Z,0.035409582554,135,4,2026-09-25 21:44:17.849,46.206944444444
Demo experiment,pioreactor02,2026-09-25T15:59:22.850Z,0.0,90,2,2026-09-25 21:44:22.850,46.208333333333
Demo experiment,pioreactor02,2026-09-25T15:59:22.850Z,0.18217605695,45,3,2026-09-25 21:44:22.850,46.208333333333
Demo experiment,pioreactor02,2026-09-25T15:59:22.850Z,0.039874385572,135,4,2026-09-25 21:44:22.850,46.208333333333
Demo experiment,pioreactor02,2026-09-25T15:59:27.853Z,0.0,90,2,2026-09-25 21:44:27.853,46.209722222222
Demo experiment,pioreactor02,2026-09-25T15:59:27.853Z,0.182255969008,45,3,2026-09-25 21:44:27.853,46.209722222222
Demo experiment,pioreactor02,2026-09-25T15:59:27.853Z,0.037861403862,135,4,2026-09-25 21:44:27.853,46.209722222222
Demo experiment,pioreactor02,2026-09-25T15:59:32.851Z,0.0,90,2,2026-09-25 21:44:32.851,46.211111111111
Demo experiment,pioreactor02,2026-09-25T15:59:32.851Z,0.18183848496,45,3,2026-09-25 21:44:32.851,46.211111111111
Demo experiment,pioreactor02,2026-09-25T15:59:32.851Z,0.035275484093,135,4,2026-09-25 21:44:32.851,46.211111111111
Demo experiment,pioreactor02,2026-09-25T15:59:37.850Z,0.0,90,2,2026-09-25 21:44:37.850,46.2125
Demo experiment,pioreactor02,2026-09-25T15:59:37.850Z,0.181254272203,45,3,2026-09-25 21:44:37.850,46.2125
Demo experiment,pioreactor02,2026-09-25T15:59:37.850Z,0.034335732071,135,4,2026-09-25 21:44:37.850,46.2125
Demo experiment,pioreactor02,2026-09-25T15:59:42.851Z,0.0,90,2,2026-09-25 21:44:42.851,46.213888888889
Demo experiment,pioreactor02,2026-09-25T15:59:42.851Z,0.181466178227,45,3,2026-09-25 21:44:42.851,46.213888888889
Demo experiment,pioreactor02,2026-09-25T15:59:42.851Z,0.035525762224,135,4,2026-09-25 21:44:42.851,46.213888888889
Demo experiment,pioreactor02,2026-09-25T15:59:47.852Z,0.0,90,2,2026-09-25 21:44:47.852,46.215277777778
Demo experiment,pioreactor02,2026-09-25T15:59:47.852Z,0.181698419225,45,3,2026-09-25 21:44:47.852,46.215277777778
Demo experiment,pioreactor02,2026-09-25T15:59:47.852Z,0.034842081897,135,4,2026-09-25 21:44:47.852,46.215277777778
Demo experiment,pioreactor02,2026-09-25T15:59:52.850Z,0.0,90,2,2026-09-25 21:44:52.850,46.216666666667
Demo experiment,pioreactor02,2026-09-25T15:59:52.850Z,0.181306181963,45,3,2026-09-25 21:44:52.850,46.216666666667
Demo experiment,pioreactor02,2026-09-25T15:59:52.850Z,0.031290032119,135,4,2026-09-25 21:44:52.850,46.216666666667
Demo experiment,pioreactor02,2026-09-25T15:59:57.853Z,0.0,90,2,2026-09-25 21:44:57.853,46.218055555556
Demo experiment,pioreactor02,2026-09-25T15:59:57.853Z,0.18144833788,45,3,2026-09-25 21:44:57.853,46.218055555556
Demo experiment,pioreactor02,2026-09-25T15:59:57.853Z,0.032800663458,135,4,2026-09-25 21:44:57.853,46.218055555556
Demo experiment,pioreactor02,2026-09-25T16:00:02.848Z,0.0,90,2,2026-09-25 21:45:02.848,46.219444444444
Demo experiment,pioreactor02,2026-09-25T16:00:02.848Z,0.181217086211,45,3,2026-09-25 21:45:02.848,46.219444444444
Demo experiment,pioreactor02,2026-09-25T16:00:02.848Z,0.031230442186,135,4,2026-09-25 21:45:02.848,46.219444444444
Demo experiment,pioreactor02,2026-09-25T16:00:07.850Z,0.0,90,2,2026-09-25 21:45:07.850,46.220833333333
Demo experiment,pioreactor02,2026-09-25T16:00:07.850Z,0.181134008707,45,3,2026-09-25 21:45:07.850,46.220833333333
Demo experiment,pioreactor02,2026-09-25T16:00:07.850Z,0.031174778289,135,4,2026-09-25 21:45:07.850,46.220833333333
Demo experiment,pioreactor02,2026-09-25T16:00:12.852Z,0.0,90,2,2026-09-25 21:45:12.852,46.222222222222
Demo experiment,pioreactor02,2026-09-25T16:00:12.852Z,0.180801902343,45,3,2026-09-25 21:45:12.852,46.222222222222
Demo experiment,pioreactor02,2026-09-25T16:00:12.852Z,0.02985055292,135,4,2026-09-25 21:45:12.852,46.222222222222
Demo experiment,pioreactor02,2026-09-25T16:00:17.853Z,0.0,90,2,2026-09-25 21:45:17.853,46.223611111111
Demo experiment,pioreactor02,2026-09-25T16:00:17.853Z,0.181221821991,45,3,2026-09-25 21:45:17.853,46.223611111111
Demo experiment,pioreactor02,2026-09-25T16:00:17.853Z,0.031274348327,135,4,2026-09-25 21:45:17.853,46.223611111111
Demo experiment,pioreactor02,2026-09-25T16:00:22.857Z,0.0,90,2,2026-09-25 21:45:22.857,46.225
Demo experiment,pioreactor02,2026-09-25T16:00:22.857Z,0.181549428207,45,3,2026-09-25 21:45:22.857,46.225
Demo experiment,pioreactor02,2026-09-25T16:00:22.857Z,0.033649546183,135,4,2026-09-25 21:45:22.857,46.225
Demo experiment,pioreactor02,2026-09-25T16:00:27.854Z,0.0,90,2,2026-09-25 21:45:27.854,46.226388888889
Demo experiment,pioreactor02,2026-09-25T16:00:27.854Z,0.181484235386,45,3,2026-09-25 21:45:27.854,46.226388888889
Demo experiment,pioreactor02,2026-09-25T16:00:27.854Z,0.032107526513,135,4,2026-09-25 21:45:27.854,46.226388888889
Demo experiment,pioreactor02,2026-09-25T16:00:32.852Z,0.0,90,2,2026-09-25 21:45:32.852,46.227777777778
Demo experiment,pioreactor02,2026-09-25T16:00:32.852Z,0.181172258249,45,3,2026-09-25 21:45:32.852,46.227777777778
Demo experiment,pioreactor02,2026-09-25T16:00:32.852Z,0.029637649785,135,4,2026-09-25 21:45:32.852,46.227777777778
Demo experiment,pioreactor02,2026-09-25T16:00:37.858Z,0.0,90,2,2026-09-25 21:45:37.858,46.229166666667
Demo experiment,pioreactor02,2026-09-25T16:00:37.858Z,0.181420171623,45,3,2026-09-25 21:45:37.858,46.229166666667
Demo experiment,pioreactor02,2026-09-25T16:00:37.858Z,0.032054251731,135,4,2026-09-25 21:45:37.858,46.229166666667
Demo experiment,pioreactor02,2026-09-25T16:00:42.851Z,0.0,90,2,2026-09-25 21:45:42.851,46.230555555556
Demo experiment,pioreactor02,2026-09-25T16:00:42.851Z,0.181500100392,45,3,2026-09-25 21:45:42.851,46.230555555556
Demo experiment,pioreactor02,2026-09-25T16:00:42.851Z,0.034395576639,135,4,2026-09-25 21:45:42.851,46.230555555556
Demo experiment,pioreactor02,2026-09-25T16:00:47.856Z,0.0,90,2,2026-09-25 21:45:47.856,46.231944444444
Demo experiment,pioreactor02,2026-09-25T16:00:47.856Z,0.181339455114,45,3,2026-09-25 21:45:47.856,46.231944444444
Demo experiment,pioreactor02,2026-09-25T16:00:47.856Z,0.034228926183,135,4,2026-09-25 21:45:47.856,46.231944444444
Demo experiment,pioreactor02,2026-09-25T16:00:52.853Z,0.0,90,2,2026-09-25 21:45:52.853,46.233333333333
Demo experiment,pioreactor02,2026-09-25T16:00:52.853Z,0.180999982819,45,3,2026-09-25 21:45:52.853,46.233333333333
Demo experiment,pioreactor02,2026-09-25T16:00:52.853Z,0.033266810846,135,4,2026-09-25 21:45:52.853,46.233333333333
Demo experiment,pioreactor02,2026-09-25T16:00:57.855Z,0.0,90,2,2026-09-25 21:45:57.855,46.234722222222
Demo experiment,pioreactor02,2026-09-25T16:00:57.855Z,0.180902255605,45,3,2026-09-25 21:45:57.855,46.234722222222
Demo experiment,pioreactor02,2026-09-25T16:00:57.855Z,0.031911674311,135,4,2026-09-25 21:45:57.855,46.234722222222
Demo experiment,pioreactor02,2026-09-25T16:01:02.854Z,0.0,90,2,2026-09-25 21:46:02.854,46.236111111111
Demo experiment,pioreactor02,2026-09-25T16:01:02.854Z,0.180843607508,45,3,2026-09-25 21:46:02.854,46.236111111111
Demo experiment,pioreactor02,2026-09-25T16:01:02.854Z,0.030449456988,135,4,2026-09-25 21:46:02.854,46.236111111111
Demo experiment,pioreactor02,2026-09-25T16:01:07.855Z,0.0,90,2,2026-09-25 21:46:07.855,46.2375
Demo experiment,pioreactor02,2026-09-25T16:01:07.855Z,0.181194015652,45,3,2026-09-25 21:46:07.855,46.2375
Demo experiment,pioreactor02,2026-09-25T16:01:07.855Z,0.034666620556,135,4,2026-09-25 21:46:07.855,46.2375
Demo experiment,pioreactor02,2026-09-25T16:01:12.855Z,0.0,90,2,2026-09-25 21:46:12.855,46.238888888889
Demo experiment,pioreactor02,2026-09-25T16:01:12.855Z,0.180917746284,45,3,2026-09-25 21:46:12.855,46.238888888889
Demo experiment,pioreactor02,2026-09-25T16:01:12.855Z,0.032640295271,135,4,2026-09-25 21:46:12.855,46.238888888889
Demo experiment,pioreactor02,2026-09-25T16:01:17.850Z,0.0,90,2,2026-09-25 21:46:17.850,46.240277777778
Demo experiment,pioreactor02,2026-09-25T16:01:17.850Z,0.180364402621,45,3,2026-09-25 21:46:17.850,46.240277777778
Demo experiment,pioreactor02,2026-09-25T16:01:17.850Z,0.032222902441,135,4,2026-09-25 21:46:17.850,46.240277777778
Demo experiment,pioreactor02,2026-09-25T16:01:22.851Z,0.0,90,2,2026-09-25 21:46:22.851,46.241666666667
Demo experiment,pioreactor02,2026-09-25T16:01:22.851Z,0.180377455425,45,3,2026-09-25 21:46:22.851,46.241666666667
Demo experiment,pioreactor02,2026-09-25T16:01:22.851Z,0.033748727372,135,4,2026-09-25 21:46:22.851,46.241666666667
Demo experiment,pioreactor02,2026-09-25T16:01:27.854Z,0.0,90,2,2026-09-25 21:46:27.854,46.243055555556
Demo experiment,pioreactor02,2026-09-25T16:01:27.854Z,0.180514638699,45,3,2026-09-25 21:46:27.854,46.243055555556
Demo experiment,pioreactor02,2026-09-25T16:01:27.854Z,0.032807352926,135,4,2026-09-25 21:46:27.854,46.243055555556
Demo experiment,pioreactor02,2026-09-25T16:01:32.857Z,0.0,90,2,2026-09-25 21:46:32.857,46.244444444444
Demo experiment,pioreactor02,2026-09-25T16:01:32.857Z,0.180773303949,45,3,2026-09-25 21:46:32.857,46.244444444444
Demo experiment,pioreactor02,2026-09-25T16:01:32.857Z,0.033353215465,135,4,2026-09-25 21:46:32.857,46.244444444444
Demo experiment,pioreactor02,2026-09-25T16:01:37.855Z,0.0,90,2,2026-09-25 21:46:37.855,46.245833333333
Demo experiment,pioreactor02,2026-09-25T16:01:37.855Z,0.181367054788,45,3,2026-09-25 21:46:37.855,46.245833333333
Demo experiment,pioreactor02,2026-09-25T16:01:37.855Z,0.034133307495,135,4,2026-09-25 21:46:37.855,46.245833333333
Demo experiment,pioreactor02,2026-09-25T16:01:42.856Z,0.0,90,2,2026-09-25 21:46:42.856,46.247222222222
Demo experiment,pioreactor02,2026-09-25T16:01:42.856Z,0.180893277349,45,3,2026-09-25 21:46:42.856,46.247222222222
Demo experiment,pioreactor02,2026-09-25T16:01:42.856Z,0.031781311456,135,4,2026-09-25 21:46:42.856,46.247222222222
Demo experiment,pioreactor02,2026-09-25T16:01:47.854Z,0.0,90,2,2026-09-25 21:46:47.854,46.248611111111
Demo experiment,pioreactor02,2026-09-25T16:01:47.854Z,0.179777230575,45,3,2026-09-25 21:46:47.854,46.248611111111
Demo experiment,pioreactor02,2026-09-25T16:01:47.854Z,0.038945635011,135,4,2026-09-25 21:46:47.854,46.248611111111
Demo experiment,pioreactor02,2026-09-25T16:01:52.856Z,0.0,90,2,2026-09-25 21:46:52.856,46.25
Demo experiment,pioreactor02,2026-09-25T16:01:52.856Z,0.179824415204,45,3,2026-09-25 21:46:52.856,46.25
Demo experiment,pioreactor02,2026-09-25T16:01:52.856Z,0.035734678555,135,4,2026-09-25 21:46:52.856,46.25
Demo experiment,pioreactor02,2026-09-25T16:01:57.854Z,0.0,90,2,2026-09-25 21:46:57.854,46.251388888889
Demo experiment,pioreactor02,2026-09-25T16:01:57.854Z,0.180045124854,45,3,2026-09-25 21:46:57.854,46.251388888889
Demo experiment,pioreactor02,2026-09-25T16:01:57.854Z,0.03619361089,135,4,2026-09-25 21:46:57.854,46.251388888889
Demo experiment,pioreactor02,2026-09-25T16:02:02.855Z,0.0,90,2,2026-09-25 21:47:02.855,46.252777777778
Demo experiment,pioreactor02,2026-09-25T16:02:02.855Z,0.180004674346,45,3,2026-09-25 21:47:02.855,46.252777777778
Demo experiment,pioreactor02,2026-09-25T16:02:02.855Z,0.035524129293,135,4,2026-09-25 21:47:02.855,46.252777777778
Demo experiment,pioreactor02,2026-09-25T16:02:07.851Z,0.0,90,2,2026-09-25 21:47:07.851,46.254166666667
Demo experiment,pioreactor02,2026-09-25T16:02:07.851Z,0.180124110045,45,3,2026-09-25 21:47:07.851,46.254166666667
Demo experiment,pioreactor02,2026-09-25T16:02:07.851Z,0.033891305368,135,4,2026-09-25 21:47:07.851,46.254166666667
Demo experiment,pioreactor02,2026-09-25T16:02:12.850Z,0.0,90,2,2026-09-25 21:47:12.850,46.255555555556
Demo experiment,pioreactor02,2026-09-25T16:02:12.850Z,0.180019656149,45,3,2026-09-25 21:47:12.850,46.255555555556
Demo experiment,pioreactor02,2026-09-25T16:02:12.850Z,0.031049201191,135,4,2026-09-25 21:47:12.850,46.255555555556
Demo experiment,pioreactor02,2026-09-25T16:02:17.853Z,0.0,90,2,2026-09-25 21:47:17.853,46.256944444444
Demo experiment,pioreactor02,2026-09-25T16:02:17.853Z,0.180046464073,45,3,2026-09-25 21:47:17.853,46.256944444444
Demo experiment,pioreactor02,2026-09-25T16:02:17.853Z,0.035583004591,135,4,2026-09-25 21:47:17.853,46.256944444444
Demo experiment,pioreactor02,2026-09-25T16:02:22.849Z,0.0,90,2,2026-09-25 21:47:22.849,46.258333333333
Demo experiment,pioreactor02,2026-09-25T16:02:22.849Z,0.180035217664,45,3,2026-09-25 21:47:22.849,46.258333333333
Demo experiment,pioreactor02,2026-09-25T16:02:22.849Z,0.034720318742,135,4,2026-09-25 21:47:22.849,46.258333333333
Demo experiment,pioreactor02,2026-09-25T16:02:27.852Z,0.0,90,2,2026-09-25 21:47:27.852,46.259722222222
Demo experiment,pioreactor02,2026-09-25T16:02:27.852Z,0.179973393936,45,3,2026-09-25 21:47:27.852,46.259722222222
Demo experiment,pioreactor02,2026-09-25T16:02:27.852Z,0.035151075692,135,4,2026-09-25 21:47:27.852,46.259722222222
Demo experiment,pioreactor02,2026-09-25T16:02:32.856Z,0.0,90,2,2026-09-25 21:47:32.856,46.261111111111
Demo experiment,pioreactor02,2026-09-25T16:02:32.856Z,0.180032382688,45,3,2026-09-25 21:47:32.856,46.261111111111
Demo experiment,pioreactor02,2026-09-25T16:02:32.856Z,0.036888387684,135,4,2026-09-25 21:47:32.856,46.261111111111
Demo experiment,pioreactor02,2026-09-25T16:02:37.851Z,0.0,90,2,2026-09-25 21:47:37.851,46.2625
Demo experiment,pioreactor02,2026-09-25T16:02:37.851Z,0.179750894881,45,3,2026-09-25 21:47:37.851,46.2625
Demo experiment,pioreactor02,2026-09-25T16:02:37.851Z,0.039356318664,135,4,2026-09-25 21:47:37.851,46.2625
Demo experiment,pioreactor02,2026-09-25T16:02:42.852Z,0.0,90,2,2026-09-25 21:47:42.852,46.263888888889
Demo experiment,pioreactor02,2026-09-25T16:02:42.852Z,0.179725799662,45,3,2026-09-25 21:47:42.852,46.263888888889
Demo experiment,pioreactor02,2026-09-25T16:02:42.852Z,0.035301970085,135,4,2026-09-25 21:47:42.852,46.263888888889
Demo experiment,pioreactor02,2026-09-25T16:02:47.853Z,0.0,90,2,2026-09-25 21:47:47.853,46.265277777778
Demo experiment,pioreactor02,2026-09-25T16:02:47.853Z,0.179715574433,45,3,2026-09-25 21:47:47.853,46.265277777778
Demo experiment,pioreactor02,2026-09-25T16:02:47.853Z,0.033441275044,135,4,2026-09-25 21:47:47.853,46.265277777778
Demo experiment,pioreactor02,2026-09-25T16:02:52.850Z,0.0,90,2,2026-09-25 21:47:52.850,46.266666666667
Demo experiment,pioreactor02,2026-09-25T16:02:52.850Z,0.179595587808,45,3,2026-09-25 21:47:52.850,46.266666666667
Demo experiment,pioreactor02,2026-09-25T16:02:52.850Z,0.035430340119,135,4,2026-09-25 21:47:52.850,46.266666666667
Demo experiment,pioreactor02,2026-09-25T16:02:57.850Z,0.0,90,2,2026-09-25 21:47:57.850,46.268055555556
Demo experiment,pioreactor02,2026-09-25T16:02:57.850Z,0.179605882289,45,3,2026-09-25 21:47:57.850,46.268055555556
Demo experiment,pioreactor02,2026-09-25T16:02:57.850Z,0.034028127654,135,4,2026-09-25 21:47:57.850,46.268055555556
Demo experiment,pioreactor02,2026-09-25T16:03:02.850Z,0.0,90,2,2026-09-25 21:48:02.850,46.269444444444
Demo experiment,pioreactor02,2026-09-25T16:03:02.850Z,0.179646188529,45,3,2026-09-25 21:48:02.850,46.269444444444
Demo experiment,pioreactor02,2026-09-25T16:03:02.850Z,0.033686202723,135,4,2026-09-25 21:48:02.850,46.269444444444
Demo experiment,pioreactor02,2026-09-25T16:03:07.850Z,0.0,90,2,2026-09-25 21:48:07.850,46.270833333333
Demo experiment,pioreactor02,2026-09-25T16:03:07.850Z,0.179614469301,45,3,2026-09-25 21:48:07.850,46.270833333333
Demo experiment,pioreactor02,2026-09-25T16:03:07.850Z,0.033477956037,135,4,2026-09-25 21:48:07.850,46.270833333333
Demo experiment,pioreactor02,2026-09-25T16:03:12.851Z,0.0,90,2,2026-09-25 21:48:12.851,46.272222222222
Demo experiment,pioreactor02,2026-09-25T16:03:12.851Z,0.179676540617,45,3,2026-09-25 21:48:12.851,46.272222222222
Demo experiment,pioreactor02,2026-09-25T16:03:12.851Z,0.03337773278,135,4,2026-09-25 21:48:12.851,46.272222222222
Demo experiment,pioreactor02,2026-09-25T16:03:17.849Z,0.0,90,2,2026-09-25 21:48:17.849,46.273611111111
Demo experiment,pioreactor02,2026-09-25T16:03:17.849Z,0.179451016039,45,3,2026-09-25 21:48:17.849,46.273611111111
Demo experiment,pioreactor02,2026-09-25T16:03:17.849Z,0.032639065316,135,4,2026-09-25 21:48:17.849,46.273611111111
Demo experiment,pioreactor02,2026-09-25T16:03:22.851Z,0.0,90,2,2026-09-25 21:48:22.851,46.275
Demo experiment,pioreactor02,2026-09-25T16:03:22.851Z,0.179366619109,45,3,2026-09-25 21:48:22.851,46.275
Demo experiment,pioreactor02,2026-09-25T16:03:22.851Z,0.034141159978,135,4,2026-09-25 21:48:22.851,46.275
Demo experiment,pioreactor02,2026-09-25T16:03:27.849Z,0.0,90,2,2026-09-25 21:48:27.849,46.276388888889
Demo experiment,pioreactor02,2026-09-25T16:03:27.849Z,0.179404330273,45,3,2026-09-25 21:48:27.849,46.276388888889
Demo experiment,pioreactor02,2026-09-25T16:03:27.849Z,0.035394330575,135,4,2026-09-25 21:48:27.849,46.276388888889
Demo experiment,pioreactor02,2026-09-25T16:03:32.851Z,0.0,90,2,2026-09-25 21:48:32.851,46.277777777778
Demo experiment,pioreactor02,2026-09-25T16:03:32.851Z,0.179198595457,45,3,2026-09-25 21:48:32.851,46.277777777778
Demo experiment,pioreactor02,2026-09-25T16:03:32.851Z,0.035345508427,135,4,2026-09-25 21:48:32.851,46.277777777778
Demo experiment,pioreactor02,2026-09-25T16:03:37.850Z,0.0,90,2,2026-09-25 21:48:37.850,46.279166666667
Demo experiment,pioreactor02,2026-09-25T16:03:37.850Z,0.17922190924,45,3,2026-09-25 21:48:37.850,46.279166666667
Demo experiment,pioreactor02,2026-09-25T16:03:37.850Z,0.033921494724,135,4,2026-09-25 21:48:37.850,46.279166666667
Demo experiment,pioreactor02,2026-09-25T16:03:42.850Z,0.0,90,2,2026-09-25 21:48:42.850,46.280555555556
Demo experiment,pioreactor02,2026-09-25T16:03:42.850Z,0.179215482929,45,3,2026-09-25 21:48:42.850,46.280555555556
Demo experiment,pioreactor02,2026-09-25T16:03:42.850Z,0.032683807253,135,4,2026-09-25 21:48:42.850,46.280555555556
Demo experiment,pioreactor02,2026-09-25T16:03:47.850Z,0.0,90,2,2026-09-25 21:48:47.850,46.281944444444
Demo experiment,pioreactor02,2026-09-25T16:03:47.850Z,0.179384578172,45,3,2026-09-25 21:48:47.850,46.281944444444
Demo experiment,pioreactor02,2026-09-25T16:03:47.850Z,0.036570980216,135,4,2026-09-25 21:48:47.850,46.281944444444
Demo experiment,pioreactor02,2026-09-25T16:03:52.849Z,0.0,90,2,2026-09-25 21:48:52.849,46.283333333333
Demo experiment,pioreactor02,2026-09-25T16:03:52.849Z,0.179341723933,45,3,2026-09-25 21:48:52.849,46.283333333333
Demo experiment,pioreactor02,2026-09-25T16:03:52.849Z,0.036894622722,135,4,2026-09-25 21:48:52.849,46.283333333333
Demo experiment,pioreactor02,2026-09-25T16:03:57.852Z,0.0,90,2,2026-09-25 21:48:57.852,46.284722222222
Demo experiment,pioreactor02,2026-09-25T16:03:57.852Z,0.178781400284,45,3,2026-09-25 21:48:57.852,46.284722222222
Demo experiment,pioreactor02,2026-09-25T16:03:57.852Z,0.03645914888,135,4,2026-09-25 21:48:57.852,46.284722222222
Demo experiment,pioreactor02,2026-09-25T16:04:02.852Z,0.0,90,2,2026-09-25 21:49:02.852,46.286111111111
Demo experiment,pioreactor02,2026-09-25T16:04:02.852Z,0.17919630995,45,3,2026-09-25 21:49:02.852,46.286111111111
Demo experiment,pioreactor02,2026-09-25T16:04:02.852Z,0.03863742047,135,4,2026-09-25 21:49:02.852,46.286111111111
Demo experiment,pioreactor02,2026-09-25T16:04:07.856Z,0.0,90,2,2026-09-25 21:49:07.856,46.2875
Demo experiment,pioreactor02,2026-09-25T16:04:07.856Z,0.179291290692,45,3,2026-09-25 21:49:07.856,46.2875
Demo experiment,pioreactor02,2026-09-25T16:04:07.856Z,0.038133787091,135,4,2026-09-25 21:49:07.856,46.2875
Demo experiment,pioreactor02,2026-09-25T16:04:12.850Z,0.0,90,2,2026-09-25 21:49:12.850,46.288888888889
Demo experiment,pioreactor02,2026-09-25T16:04:12.850Z,0.179150570654,45,3,2026-09-25 21:49:12.850,46.288888888889
Demo experiment,pioreactor02,2026-09-25T16:04:12.850Z,0.038886317122,135,4,2026-09-25 21:49:12.850,46.288888888889
Demo experiment,pioreactor02,2026-09-25T16:04:17.849Z,0.0,90,2,2026-09-25 21:49:17.849,46.290277777778
Demo experiment,pioreactor02,2026-09-25T16:04:17.849Z,0.178987332048,45,3,2026-09-25 21:49:17.849,46.290277777778
Demo experiment,pioreactor02,2026-09-25T16:04:17.849Z,0.039527506525,135,4,2026-09-25 21:49:17.849,46.290277777778
Demo experiment,pioreactor02,2026-09-25T16:04:22.853Z,0.0,90,2,2026-09-25 21:49:22.853,46.291666666667
Demo experiment,pioreactor02,2026-09-25T16:04:22.853Z,0.179030435414,45,3,2026-09-25 21:49:22.853,46.291666666667
Demo experiment,pioreactor02,2026-09-25T16:04:22.853Z,0.036866417715,135,4,2026-09-25 21:49:22.853,46.291666666667
Demo experiment,pioreactor02,2026-09-25T16:04:27.851Z,0.0,90,2,2026-09-25 21:49:27.851,46.293055555556
Demo experiment,pioreactor02,2026-09-25T16:04:27.851Z,0.179104502555,45,3,2026-09-25 21:49:27.851,46.293055555556
Demo experiment,pioreactor02,2026-09-25T16:04:27.851Z,0.03922894773,135,4,2026-09-25 21:49:27.851,46.293055555556
Demo experiment,pioreactor02,2026-09-25T16:04:32.853Z,0.0,90,2,2026-09-25 21:49:32.853,46.294444444444
Demo experiment,pioreactor02,2026-09-25T16:04:32.853Z,0.178545012672,45,3,2026-09-25 21:49:32.853,46.294444444444
Demo experiment,pioreactor02,2026-09-25T16:04:32.853Z,0.041786864398,135,4,2026-09-25 21:49:32.853,46.294444444444
Demo experiment,pioreactor02,2026-09-25T16:04:37.850Z,0.0,90,2,2026-09-25 21:49:37.850,46.295833333333
Demo experiment,pioreactor02,2026-09-25T16:04:37.850Z,0.178685429591,45,3,2026-09-25 21:49:37.850,46.295833333333
Demo experiment,pioreactor02,2026-09-25T16:04:37.850Z,0.040528060927,135,4,2026-09-25 21:49:37.850,46.295833333333
Demo experiment,pioreactor02,2026-09-25T16:04:42.850Z,0.0,90,2,2026-09-25 21:49:42.850,46.297222222222
Demo experiment,pioreactor02,2026-09-25T16:04:42.850Z,0.178884498641,45,3,2026-09-25 21:49:42.850,46.297222222222
Demo experiment,pioreactor02,2026-09-25T16:04:42.850Z,0.042043119109,135,4,2026-09-25 21:49:42.850,46.297222222222
Demo experiment,pioreactor02,2026-09-25T16:04:47.849Z,0.0,90,2,2026-09-25 21:49:47.849,46.298611111111
Demo experiment,pioreactor02,2026-09-25T16:04:47.849Z,0.179036814905,45,3,2026-09-25 21:49:47.849,46.298611111111
Demo experiment,pioreactor02,2026-09-25T16:04:47.849Z,0.039858719464,135,4,2026-09-25 21:49:47.849,46.298611111111
Demo experiment,pioreactor02,2026-09-25T16:04:52.851Z,0.0,90,2,2026-09-25 21:49:52.851,46.3
Demo experiment,pioreactor02,2026-09-25T16:04:52.851Z,0.179113371343,45,3,2026-09-25 21:49:52.851,46.3
Demo experiment,pioreactor02,2026-09-25T16:04:52.851Z,0.040725955465,135,4,2026-09-25 21:49:52.851,46.3
Demo experiment,pioreactor02,2026-09-25T16:04:57.849Z,0.0,90,2,2026-09-25 21:49:57.849,46.301388888889
Demo experiment,pioreactor02,2026-09-25T16:04:57.849Z,0.179036529687,45,3,2026-09-25 21:49:57.849,46.301388888889
Demo experiment,pioreactor02,2026-09-25T16:04:57.849Z,0.040017466383,135,4,2026-09-25 21:49:57.849,46.301388888889
Demo experiment,pioreactor02,2026-09-25T16:05:02.853Z,0.0,90,2,2026-09-25 21:50:02.853,46.302777777778
Demo experiment,pioreactor02,2026-09-25T16:05:02.853Z,0.179084083984,45,3,2026-09-25 21:50:02.853,46.302777777778
Demo experiment,pioreactor02,2026-09-25T16:05:02.853Z,0.043906998215,135,4,2026-09-25 21:50:02.853,46.302777777778
Demo experiment,pioreactor02,2026-09-25T16:05:07.851Z,0.0,90,2,2026-09-25 21:50:07.851,46.304166666667
Demo experiment,pioreactor02,2026-09-25T16:05:07.851Z,0.178990682645,45,3,2026-09-25 21:50:07.851,46.304166666667
Demo experiment,pioreactor02,2026-09-25T16:05:07.851Z,0.041113233926,135,4,2026-09-25 21:50:07.851,46.304166666667
Demo experiment,pioreactor02,2026-09-25T16:05:12.851Z,0.0,90,2,2026-09-25 21:50:12.851,46.305555555556
Demo experiment,pioreactor02,2026-09-25T16:05:12.851Z,0.179060781006,45,3,2026-09-25 21:50:12.851,46.305555555556
Demo experiment,pioreactor02,2026-09-25T16:05:12.851Z,0.037682701128,135,4,2026-09-25 21:50:12.851,46.305555555556
Demo experiment,pioreactor02,2026-09-25T16:05:17.849Z,0.0,90,2,2026-09-25 21:50:17.849,46.306944444444
Demo experiment,pioreactor02,2026-09-25T16:05:17.849Z,0.179009534694,45,3,2026-09-25 21:50:17.849,46.306944444444
Demo experiment,pioreactor02,2026-09-25T16:05:17.849Z,0.037439135653,135,4,2026-09-25 21:50:17.849,46.306944444444
Demo experiment,pioreactor02,2026-09-25T16:05:22.850Z,0.0,90,2,2026-09-25 21:50:22.850,46.308333333333
Demo experiment,pioreactor02,2026-09-25T16:05:22.850Z,0.178979529256,45,3,2026-09-25 21:50:22.850,46.308333333333
Demo experiment,pioreactor02,2026-09-25T16:05:22.850Z,0.037070718893,135,4,2026-09-25 21:50:22.850,46.308333333333
Demo experiment,pioreactor02,2026-09-25T16:05:27.850Z,0.0,90,2,2026-09-25 21:50:27.850,46.309722222222
Demo experiment,pioreactor02,2026-09-25T16:05:27.850Z,0.1789410485,45,3,2026-09-25 21:50:27.850,46.309722222222
Demo experiment,pioreactor02,2026-09-25T16:05:27.850Z,0.036270394637,135,4,2026-09-25 21:50:27.850,46.309722222222
Demo experiment,pioreactor02,2026-09-25T16:05:32.851Z,0.0,90,2,2026-09-25 21:50:32.851,46.311111111111
Demo experiment,pioreactor02,2026-09-25T16:05:32.851Z,0.179086545024,45,3,2026-09-25 21:50:32.851,46.311111111111
Demo experiment,pioreactor02,2026-09-25T16:05:32.851Z,0.035909771001,135,4,2026-09-25 21:50:32.851,46.311111111111
Demo experiment,pioreactor02,2026-09-25T16:05:37.851Z,0.0,90,2,2026-09-25 21:50:37.851,46.3125
Demo experiment,pioreactor02,2026-09-25T16:05:37.851Z,0.179000832724,45,3,2026-09-25 21:50:37.851,46.3125
Demo experiment,pioreactor02,2026-09-25T16:05:37.851Z,0.039113517456,135,4,2026-09-25 21:50:37.851,46.3125
Demo experiment,pioreactor02,2026-09-25T16:05:42.850Z,0.0,90,2,2026-09-25 21:50:42.850,46.313888888889
Demo experiment,pioreactor02,2026-09-25T16:05:42.850Z,0.179022659403,45,3,2026-09-25 21:50:42.850,46.313888888889
Demo experiment,pioreactor02,2026-09-25T16:05:42.850Z,0.037782006845,135,4,2026-09-25 21:50:42.850,46.313888888889
Demo experiment,pioreactor02,2026-09-25T16:05:47.852Z,0.0,90,2,2026-09-25 21:50:47.852,46.315277777778
Demo experiment,pioreactor02,2026-09-25T16:05:47.852Z,0.179011271819,45,3,2026-09-25 21:50:47.852,46.315277777778
Demo experiment,pioreactor02,2026-09-25T16:05:47.852Z,0.038523822701,135,4,2026-09-25 21:50:47.852,46.315277777778
Demo experiment,pioreactor02,2026-09-25T16:05:52.850Z,0.0,90,2,2026-09-25 21:50:52.850,46.316666666667
Demo experiment,pioreactor02,2026-09-25T16:05:52.850Z,0.178873050246,45,3,2026-09-25 21:50:52.850,46.316666666667
Demo experiment,pioreactor02,2026-09-25T16:05:52.850Z,0.037457496944,135,4,2026-09-25 21:50:52.850,46.316666666667
Demo experiment,pioreactor02,2026-09-25T16:05:57.854Z,0.0,90,2,2026-09-25 21:50:57.854,46.318055555556
Demo experiment,pioreactor02,2026-09-25T16:05:57.854Z,0.178982989645,45,3,2026-09-25 21:50:57.854,46.318055555556
Demo experiment,pioreactor02,2026-09-25T16:05:57.854Z,0.038148213708,135,4,2026-09-25 21:50:57.854,46.318055555556
Demo experiment,pioreactor02,2026-09-25T16:06:02.850Z,0.0,90,2,2026-09-25 21:51:02.850,46.319444444444
Demo experiment,pioreactor02,2026-09-25T16:06:02.850Z,0.178805143518,45,3,2026-09-25 21:51:02.850,46.319444444444
Demo experiment,pioreactor02,2026-09-25T16:06:02.850Z,0.03713217505,135,4,2026-09-25 21:51:02.850,46.319444444444
Demo experiment,pioreactor02,2026-09-25T16:06:07.852Z,0.0,90,2,2026-09-25 21:51:07.852,46.320833333333
Demo experiment,pioreactor02,2026-09-25T16:06:07.852Z,0.178884414199,45,3,2026-09-25 21:51:07.852,46.320833333333
Demo experiment,pioreactor02,2026-09-25T16:06:07.852Z,0.037552869358,135,4,2026-09-25 21:51:07.852,46.320833333333
Demo experiment,pioreactor02,2026-09-25T16:06:12.850Z,0.0,90,2,2026-09-25 21:51:12.850,46.322222222222
Demo experiment,pioreactor02,2026-09-25T16:06:12.850Z,0.178993127345,45,3,2026-09-25 21:51:12.850,46.322222222222
Demo experiment,pioreactor02,2026-09-25T16:06:12.850Z,0.037788394992,135,4,2026-09-25 21:51:12.850,46.322222222222
Demo experiment,pioreactor02,2026-09-25T16:06:17.849Z,0.0,90,2,2026-09-25 21:51:17.849,46.323611111111
Demo experiment,pioreactor02,2026-09-25T16:06:17.849Z,0.179050163114,45,3,2026-09-25 21:51:17.849,46.323611111111
Demo experiment,pioreactor02,2026-09-25T16:06:17.849Z,0.039041230364,135,4,2026-09-25 21:51:17.849,46.323611111111
Demo experiment,pioreactor02,2026-09-25T16:06:22.852Z,0.0,90,2,2026-09-25 21:51:22.852,46.325
Demo experiment,pioreactor02,2026-09-25T16:06:22.852Z,0.179066731056,45,3,2026-09-25 21:51:22.852,46.325
Demo experiment,pioreactor02,2026-09-25T16:06:22.852Z,0.03720328113,135,4,2026-09-25 21:51:22.852,46.325
Demo experiment,pioreactor02,2026-09-25T16:06:27.852Z,0.0,90,2,2026-09-25 21:51:27.852,46.326388888889
Demo experiment,pioreactor02,2026-09-25T16:06:27.852Z,0.178980163865,45,3,2026-09-25 21:51:27.852,46.326388888889
Demo experiment,pioreactor02,2026-09-25T16:06:27.852Z,0.037243547676,135,4,2026-09-25 21:51:27.852,46.326388888889
Demo experiment,pioreactor02,2026-09-25T16:06:32.848Z,0.0,90,2,2026-09-25 21:51:32.848,46.327777777778
Demo experiment,pioreactor02,2026-09-25T16:06:32.848Z,0.179123335171,45,3,2026-09-25 21:51:32.848,46.327777777778
Demo experiment,pioreactor02,2026-09-25T16:06:32.848Z,0.037367928402,135,4,2026-09-25 21:51:32.848,46.327777777778
Demo experiment,pioreactor02,2026-09-25T16:06:37.850Z,0.0,90,2,2026-09-25 21:51:37.850,46.329166666667
Demo experiment,pioreactor02,2026-09-25T16:06:37.850Z,0.179068954168,45,3,2026-09-25 21:51:37.850,46.329166666667
Demo experiment,pioreactor02,2026-09-25T16:06:37.850Z,0.03645549206,135,4,2026-09-25 21:51:37.850,46.329166666667
Demo experiment,pioreactor02,2026-09-25T16:06:42.857Z,0.0,90,2,2026-09-25 21:51:42.857,46.330555555556
Demo experiment,pioreactor02,2026-09-25T16:06:42.857Z,0.178990488376,45,3,2026-09-25 21:51:42.857,46.330555555556
Demo experiment,pioreactor02,2026-09-25T16:06:42.857Z,0.03736675968,135,4,2026-09-25 21:51:42.857,46.330555555556
Demo experiment,pioreactor02,2026-09-25T16:06:47.855Z,0.0,90,2,2026-09-25 21:51:47.855,46.331944444444
Demo experiment,pioreactor02,2026-09-25T16:06:47.855Z,0.178732011795,45,3,2026-09-25 21:51:47.855,46.331944444444
Demo experiment,pioreactor02,2026-09-25T16:06:47.855Z,0.042064963323,135,4,2026-09-25 21:51:47.855,46.331944444444
Demo experiment,pioreactor02,2026-09-25T16:06:52.854Z,0.0,90,2,2026-09-25 21:51:52.854,46.333333333333
Demo experiment,pioreactor02,2026-09-25T16:06:52.854Z,0.178970923824,45,3,2026-09-25 21:51:52.854,46.333333333333
Demo experiment,pioreactor02,2026-09-25T16:06:52.854Z,0.041428892959,135,4,2026-09-25 21:51:52.854,46.333333333333
Demo experiment,pioreactor02,2026-09-25T16:06:57.853Z,0.0,90,2,2026-09-25 21:51:57.853,46.334722222222
Demo experiment,pioreactor02,2026-09-25T16:06:57.853Z,0.178771332238,45,3,2026-09-25 21:51:57.853,46.334722222222
Demo experiment,pioreactor02,2026-09-25T16:06:57.853Z,0.039414996152,135,4,2026-09-25 21:51:57.853,46.334722222222
Demo experiment,pioreactor02,2026-09-25T16:07:02.856Z,0.0,90,2,2026-09-25 21:52:02.856,46.336111111111
Demo experiment,pioreactor02,2026-09-25T16:07:02.856Z,0.178954679262,45,3,2026-09-25 21:52:02.856,46.336111111111
Demo experiment,pioreactor02,2026-09-25T16:07:02.856Z,0.041448154387,135,4,2026-09-25 21:52:02.856,46.336111111111
Demo experiment,pioreactor02,2026-09-25T16:07:07.854Z,0.0,90,2,2026-09-25 21:52:07.854,46.3375
Demo experiment,pioreactor02,2026-09-25T16:07:07.854Z,0.178785708085,45,3,2026-09-25 21:52:07.854,46.3375
Demo experiment,pioreactor02,2026-09-25T16:07:07.854Z,0.038842940287,135,4,2026-09-25 21:52:07.854,46.3375
Demo experiment,pioreactor02,2026-09-25T16:07:12.852Z,0.0,90,2,2026-09-25 21:52:12.852,46.338888888889
Demo experiment,pioreactor02,2026-09-25T16:07:12.852Z,0.178928783311,45,3,2026-09-25 21:52:12.852,46.338888888889
Demo experiment,pioreactor02,2026-09-25T16:07:12.852Z,0.039765103326,135,4,2026-09-25 21:52:12.852,46.338888888889
Demo experiment,pioreactor02,2026-09-25T16:07:17.853Z,0.0,90,2,2026-09-25 21:52:17.853,46.340277777778
Demo experiment,pioreactor02,2026-09-25T16:07:17.853Z,0.17912917154,45,3,2026-09-25 21:52:17.853,46.340277777778
Demo experiment,pioreactor02,2026-09-25T16:07:17.853Z,0.041110983223,135,4,2026-09-25 21:52:17.853,46.340277777778
Demo experiment,pioreactor02,2026-09-25T16:07:22.854Z,0.0,90,2,2026-09-25 21:52:22.854,46.341666666667
Demo experiment,pioreactor02,2026-09-25T16:07:22.854Z,0.179086884501,45,3,2026-09-25 21:52:22.854,46.341666666667
Demo experiment,pioreactor02,2026-09-25T16:07:22.854Z,0.038918573387,135,4,2026-09-25 21:52:22.854,46.341666666667
Demo experiment,pioreactor02,2026-09-25T16:07:27.852Z,0.0,90,2,2026-09-25 21:52:27.852,46.343055555556
Demo experiment,pioreactor02,2026-09-25T16:07:27.852Z,0.179193298121,45,3,2026-09-25 21:52:27.852,46.343055555556
Demo experiment,pioreactor02,2026-09-25T16:07:27.852Z,0.040297538613,135,4,2026-09-25 21:52:27.852,46.343055555556
Demo experiment,pioreactor02,2026-09-25T16:07:32.852Z,0.0,90,2,2026-09-25 21:52:32.852,46.344444444444
Demo experiment,pioreactor02,2026-09-25T16:07:32.852Z,0.179084905588,45,3,2026-09-25 21:52:32.852,46.344444444444
Demo experiment,pioreactor02,2026-09-25T16:07:32.852Z,0.036779644307,135,4,2026-09-25 21:52:32.852,46.344444444444
Demo experiment,pioreactor02,2026-09-25T16:07:37.852Z,0.0,90,2,2026-09-25 21:52:37.852,46.345833333333
Demo experiment,pioreactor02,2026-09-25T16:07:37.852Z,0.179064997494,45,3,2026-09-25 21:52:37.852,46.345833333333
Demo experiment,pioreactor02,2026-09-25T16:07:37.852Z,0.037575526125,135,4,2026-09-25 21:52:37.852,46.345833333333
Demo experiment,pioreactor02,2026-09-25T16:07:42.854Z,0.0,90,2,2026-09-25 21:52:42.854,46.347222222222
Demo experiment,pioreactor02,2026-09-25T16:07:42.854Z,0.179030424057,45,3,2026-09-25 21:52:42.854,46.347222222222
Demo experiment,pioreactor02,2026-09-25T16:07:42.854Z,0.039887590931,135,4,2026-09-25 21:52:42.854,46.347222222222
Demo experiment,pioreactor02,2026-09-25T16:07:47.852Z,0.0,90,2,2026-09-25 21:52:47.852,46.348611111111
Demo experiment,pioreactor02,2026-09-25T16:07:47.852Z,0.1789572628,45,3,2026-09-25 21:52:47.852,46.348611111111
Demo experiment,pioreactor02,2026-09-25T16:07:47.852Z,0.035773865179,135,4,2026-09-25 21:52:47.852,46.348611111111
Demo experiment,pioreactor02,2026-09-25T16:07:52.852Z,0.0,90,2,2026-09-25 21:52:52.852,46.35
Demo experiment,pioreactor02,2026-09-25T16:07:52.852Z,0.178881977109,45,3,2026-09-25 21:52:52.852,46.35
Demo experiment,pioreactor02,2026-09-25T16:07:52.852Z,0.041143421713,135,4,2026-09-25 21:52:52.852,46.35
Demo experiment,pioreactor02,2026-09-25T16:07:57.853Z,0.0,90,2,2026-09-25 21:52:57.853,46.351388888889
Demo experiment,pioreactor02,2026-09-25T16:07:57.853Z,0.178772682396,45,3,2026-09-25 21:52:57.853,46.351388888889
Demo experiment,pioreactor02,2026-09-25T16:07:57.853Z,0.040013249388,135,4,2026-09-25 21:52:57.853,46.351388888889
Demo experiment,pioreactor02,2026-09-25T16:08:02.857Z,0.0,90,2,2026-09-25 21:53:02.857,46.352777777778
Demo experiment,pioreactor02,2026-09-25T16:08:02.857Z,0.178587469614,45,3,2026-09-25 21:53:02.857,46.352777777778
Demo experiment,pioreactor02,2026-09-25T16:08:02.857Z,0.043057484305,135,4,2026-09-25 21:53:02.857,46.352777777778
Demo experiment,pioreactor02,2026-09-25T16:08:07.857Z,0.0,90,2,2026-09-25 21:53:07.857,46.354166666667
Demo experiment,pioreactor02,2026-09-25T16:08:07.857Z,0.17853784385,45,3,2026-09-25 21:53:07.857,46.354166666667
Demo experiment,pioreactor02,2026-09-25T16:08:07.857Z,0.04269343274,135,4,2026-09-25 21:53:07.857,46.354166666667
Demo experiment,pioreactor02,2026-09-25T16:08:12.857Z,0.0,90,2,2026-09-25 21:53:12.857,46.355555555556
Demo experiment,pioreactor02,2026-09-25T16:08:12.857Z,0.178717781346,45,3,2026-09-25 21:53:12.857,46.355555555556
Demo experiment,pioreactor02,2026-09-25T16:08:12.857Z,0.040817730189,135,4,2026-09-25 21:53:12.857,46.355555555556
Demo experiment,pioreactor02,2026-09-25T16:08:17.855Z,0.0,90,2,2026-09-25 21:53:17.855,46.356944444444
Demo experiment,pioreactor02,2026-09-25T16:08:17.855Z,0.179057856195,45,3,2026-09-25 21:53:17.855,46.356944444444
Demo experiment,pioreactor02,2026-09-25T16:08:17.855Z,0.040681359737,135,4,2026-09-25 21:53:17.855,46.356944444444
Demo experiment,pioreactor02,2026-09-25T16:08:22.854Z,0.0,90,2,2026-09-25 21:53:22.854,46.358333333333
Demo experiment,pioreactor02,2026-09-25T16:08:22.854Z,0.179009290384,45,3,2026-09-25 21:53:22.854,46.358333333333
Demo experiment,pioreactor02,2026-09-25T16:08:22.854Z,0.03945755659,135,4,2026-09-25 21:53:22.854,46.358333333333
Demo experiment,pioreactor02,2026-09-25T16:08:27.856Z,0.0,90,2,2026-09-25 21:53:27.856,46.359722222222
Demo experiment,pioreactor02,2026-09-25T16:08:27.856Z,0.179020962384,45,3,2026-09-25 21:53:27.856,46.359722222222
Demo experiment,pioreactor02,2026-09-25T16:08:27.856Z,0.040699233768,135,4,2026-09-25 21:53:27.856,46.359722222222
Demo experiment,pioreactor02,2026-09-25T16:08:32.854Z,0.0,90,2,2026-09-25 21:53:32.854,46.361111111111
Demo experiment,pioreactor02,2026-09-25T16:08:32.854Z,0.178842272015,45,3,2026-09-25 21:53:32.854,46.361111111111
Demo experiment,pioreactor02,2026-09-25T16:08:32.854Z,0.036800751051,135,4,2026-09-25 21:53:32.854,46.361111111111
Demo experiment,pioreactor02,2026-09-25T16:08:37.853Z,0.0,90,2,2026-09-25 21:53:37.853,46.3625
Demo experiment,pioreactor02,2026-09-25T16:08:37.853Z,0.178789843654,45,3,2026-09-25 21:53:37.853,46.3625
Demo experiment,pioreactor02,2026-09-25T16:08:37.853Z,0.034906918793,135,4,2026-09-25 21:53:37.853,46.3625
Demo experiment,pioreactor02,2026-09-25T16:08:42.852Z,0.0,90,2,2026-09-25 21:53:42.852,46.363888888889
Demo experiment,pioreactor02,2026-09-25T16:08:42.852Z,0.178788752849,45,3,2026-09-25 21:53:42.852,46.363888888889
Demo experiment,pioreactor02,2026-09-25T16:08:42.852Z,0.034668794471,135,4,2026-09-25 21:53:42.852,46.363888888889
Demo experiment,pioreactor02,2026-09-25T16:08:47.851Z,0.0,90,2,2026-09-25 21:53:47.851,46.365277777778
Demo experiment,pioreactor02,2026-09-25T16:08:47.851Z,0.179215375484,45,3,2026-09-25 21:53:47.851,46.365277777778
Demo experiment,pioreactor02,2026-09-25T16:08:47.851Z,0.039003294693,135,4,2026-09-25 21:53:47.851,46.365277777778
Demo experiment,pioreactor02,2026-09-25T16:08:52.850Z,0.0,90,2,2026-09-25 21:53:52.850,46.366666666667
Demo experiment,pioreactor02,2026-09-25T16:08:52.850Z,0.178939531976,45,3,2026-09-25 21:53:52.850,46.366666666667
Demo experiment,pioreactor02,2026-09-25T16:08:52.850Z,0.039265004334,135,4,2026-09-25 21:53:52.850,46.366666666667
Demo experiment,pioreactor02,2026-09-25T16:08:57.851Z,0.0,90,2,2026-09-25 21:53:57.851,46.368055555556
Demo experiment,pioreactor02,2026-09-25T16:08:57.851Z,0.178721218758,45,3,2026-09-25 21:53:57.851,46.368055555556
Demo experiment,pioreactor02,2026-09-25T16:08:57.851Z,0.040428085014,135,4,2026-09-25 21:53:57.851,46.368055555556
Demo experiment,pioreactor02,2026-09-25T16:09:02.856Z,0.0,90,2,2026-09-25 21:54:02.856,46.369444444444
Demo experiment,pioreactor02,2026-09-25T16:09:02.856Z,0.178560221254,45,3,2026-09-25 21:54:02.856,46.369444444444
Demo experiment,pioreactor02,2026-09-25T16:09:02.856Z,0.039432195105,135,4,2026-09-25 21:54:02.856,46.369444444444
Demo experiment,pioreactor02,2026-09-25T16:09:07.849Z,0.0,90,2,2026-09-25 21:54:07.849,46.370833333333
Demo experiment,pioreactor02,2026-09-25T16:09:07.849Z,0.17870147222,45,3,2026-09-25 21:54:07.849,46.370833333333
Demo experiment,pioreactor02,2026-09-25T16:09:07.849Z,0.039582338135,135,4,2026-09-25 21:54:07.849,46.370833333333
Demo experiment,pioreactor02,2026-09-25T16:09:12.851Z,0.0,90,2,2026-09-25 21:54:12.851,46.372222222222
Demo experiment,pioreactor02,2026-09-25T16:09:12.851Z,0.178629115056,45,3,2026-09-25 21:54:12.851,46.372222222222
Demo experiment,pioreactor02,2026-09-25T16:09:12.851Z,0.037789856245,135,4,2026-09-25 21:54:12.851,46.372222222222
Demo experiment,pioreactor02,2026-09-25T16:09:17.851Z,0.0,90,2,2026-09-25 21:54:17.851,46.373611111111
Demo experiment,pioreactor02,2026-09-25T16:09:17.851Z,0.178612084118,45,3,2026-09-25 21:54:17.851,46.373611111111
Demo experiment,pioreactor02,2026-09-25T16:09:17.851Z,0.040355568258,135,4,2026-09-25 21:54:17.851,46.373611111111
Demo experiment,pioreactor02,2026-09-25T16:09:22.851Z,0.0,90,2,2026-09-25 21:54:22.851,46.375
Demo experiment,pioreactor02,2026-09-25T16:09:22.851Z,0.178995947165,45,3,2026-09-25 21:54:22.851,46.375
Demo experiment,pioreactor02,2026-09-25T16:09:22.851Z,0.041215626476,135,4,2026-09-25 21:54:22.851,46.375
Demo experiment,pioreactor02,2026-09-25T16:09:27.850Z,0.0,90,2,2026-09-25 21:54:27.850,46.376388888889
Demo experiment,pioreactor02,2026-09-25T16:09:27.850Z,0.178615717233,45,3,2026-09-25 21:54:27.850,46.376388888889
Demo experiment,pioreactor02,2026-09-25T16:09:27.850Z,0.038674993392,135,4,2026-09-25 21:54:27.850,46.376388888889
Demo experiment,pioreactor02,2026-09-25T16:09:32.850Z,0.0,90,2,2026-09-25 21:54:32.850,46.377777777778
Demo experiment,pioreactor02,2026-09-25T16:09:32.850Z,0.178689489625,45,3,2026-09-25 21:54:32.850,46.377777777778
Demo experiment,pioreactor02,2026-09-25T16:09:32.850Z,0.037729855243,135,4,2026-09-25 21:54:32.850,46.377777777778
Demo experiment,pioreactor02,2026-09-25T16:09:37.851Z,0.0,90,2,2026-09-25 21:54:37.851,46.379166666667
Demo experiment,pioreactor02,2026-09-25T16:09:37.851Z,0.17835955425,45,3,2026-09-25 21:54:37.851,46.379166666667
Demo experiment,pioreactor02,2026-09-25T16:09:37.851Z,0.037744299064,135,4,2026-09-25 21:54:37.851,46.379166666667
Demo experiment,pioreactor02,2026-09-25T16:09:42.851Z,0.0,90,2,2026-09-25 21:54:42.851,46.380555555556
Demo experiment,pioreactor02,2026-09-25T16:09:42.851Z,0.178748442964,45,3,2026-09-25 21:54:42.851,46.380555555556
Demo experiment,pioreactor02,2026-09-25T16:09:42.851Z,0.038738421491,135,4,2026-09-25 21:54:42.851,46.380555555556
Demo experiment,pioreactor02,2026-09-25T16:09:47.849Z,0.0,90,2,2026-09-25 21:54:47.849,46.381944444444
Demo experiment,pioreactor02,2026-09-25T16:09:47.849Z,0.178413104419,45,3,2026-09-25 21:54:47.849,46.381944444444
Demo experiment,pioreactor02,2026-09-25T16:09:47.849Z,0.037737631358,135,4,2026-09-25 21:54:47.849,46.381944444444
Demo experiment,pioreactor02,2026-09-25T16:09:52.848Z,0.0,90,2,2026-09-25 21:54:52.848,46.383333333333
Demo experiment,pioreactor02,2026-09-25T16:09:52.848Z,0.17871107356,45,3,2026-09-25 21:54:52.848,46.383333333333
Demo experiment,pioreactor02,2026-09-25T16:09:52.848Z,0.036683436148,135,4,2026-09-25 21:54:52.848,46.383333333333
Demo experiment,pioreactor02,2026-09-25T16:09:57.849Z,0.0,90,2,2026-09-25 21:54:57.849,46.384722222222
Demo experiment,pioreactor02,2026-09-25T16:09:57.849Z,0.178681153556,45,3,2026-09-25 21:54:57.849,46.384722222222
Demo experiment,pioreactor02,2026-09-25T16:09:57.849Z,0.037308040056,135,4,2026-09-25 21:54:57.849,46.384722222222
Demo experiment,pioreactor02,2026-09-25T16:10:02.853Z,0.0,90,2,2026-09-25 21:55:02.853,46.386111111111
Demo experiment,pioreactor02,2026-09-25T16:10:02.853Z,0.178752559467,45,3,2026-09-25 21:55:02.853,46.386111111111
Demo experiment,pioreactor02,2026-09-25T16:10:02.853Z,0.040541680368,135,4,2026-09-25 21:55:02.853,46.386111111111
Demo experiment,pioreactor02,2026-09-25T16:10:07.849Z,0.0,90,2,2026-09-25 21:55:07.849,46.3875
Demo experiment,pioreactor02,2026-09-25T16:10:07.849Z,0.178800584577,45,3,2026-09-25 21:55:07.849,46.3875
Demo experiment,pioreactor02,2026-09-25T16:10:07.849Z,0.03901985637,135,4,2026-09-25 21:55:07.849,46.3875
Demo experiment,pioreactor02,2026-09-25T16:10:12.849Z,0.0,90,2,2026-09-25 21:55:12.849,46.388888888889
Demo experiment,pioreactor02,2026-09-25T16:10:12.849Z,0.178848094373,45,3,2026-09-25 21:55:12.849,46.388888888889
Demo experiment,pioreactor02,2026-09-25T16:10:12.849Z,0.040766909886,135,4,2026-09-25 21:55:12.849,46.388888888889
Demo experiment,pioreactor02,2026-09-25T16:10:17.851Z,0.0,90,2,2026-09-25 21:55:17.851,46.390277777778
Demo experiment,pioreactor02,2026-09-25T16:10:17.851Z,0.178713807909,45,3,2026-09-25 21:55:17.851,46.390277777778
Demo experiment,pioreactor02,2026-09-25T16:10:17.851Z,0.040201770261,135,4,2026-09-25 21:55:17.851,46.390277777778
Demo experiment,pioreactor02,2026-09-25T16:10:22.851Z,0.0,90,2,2026-09-25 21:55:22.851,46.391666666667
Demo experiment,pioreactor02,2026-09-25T16:10:22.851Z,0.178682235587,45,3,2026-09-25 21:55:22.851,46.391666666667
Demo experiment,pioreactor02,2026-09-25T16:10:22.851Z,0.041213641706,135,4,2026-09-25 21:55:22.851,46.391666666667
Demo experiment,pioreactor02,2026-09-25T16:10:27.849Z,0.0,90,2,2026-09-25 21:55:27.849,46.393055555556
Demo experiment,pioreactor02,2026-09-25T16:10:27.849Z,0.178757259667,45,3,2026-09-25 21:55:27.849,46.393055555556
Demo experiment,pioreactor02,2026-09-25T16:10:27.849Z,0.039949065929,135,4,2026-09-25 21:55:27.849,46.393055555556
Demo experiment,pioreactor02,2026-09-25T16:10:32.850Z,0.0,90,2,2026-09-25 21:55:32.850,46.394444444444
Demo experiment,pioreactor02,2026-09-25T16:10:32.850Z,0.178923555147,45,3,2026-09-25 21:55:32.850,46.394444444444
Demo experiment,pioreactor02,2026-09-25T16:10:32.850Z,0.039059487782,135,4,2026-09-25 21:55:32.850,46.394444444444
Demo experiment,pioreactor02,2026-09-25T16:10:37.851Z,0.0,90,2,2026-09-25 21:55:37.851,46.395833333333
Demo experiment,pioreactor02,2026-09-25T16:10:37.851Z,0.17878701716,45,3,2026-09-25 21:55:37.851,46.395833333333
Demo experiment,pioreactor02,2026-09-25T16:10:37.851Z,0.041026047133,135,4,2026-09-25 21:55:37.851,46.395833333333
Demo experiment,pioreactor02,2026-09-25T16:10:42.850Z,0.0,90,2,2026-09-25 21:55:42.850,46.397222222222
Demo experiment,pioreactor02,2026-09-25T16:10:42.850Z,0.178230708316,45,3,2026-09-25 21:55:42.850,46.397222222222
Demo experiment,pioreactor02,2026-09-25T16:10:42.850Z,0.036613512443,135,4,2026-09-25 21:55:42.850,46.397222222222
Demo experiment,pioreactor02,2026-09-25T16:10:47.851Z,0.0,90,2,2026-09-25 21:55:47.851,46.398611111111
Demo experiment,pioreactor02,2026-09-25T16:10:47.851Z,0.178503349832,45,3,2026-09-25 21:55:47.851,46.398611111111
Demo experiment,pioreactor02,2026-09-25T16:10:47.851Z,0.036401446251,135,4,2026-09-25 21:55:47.851,46.398611111111
Demo experiment,pioreactor02,2026-09-25T16:10:52.852Z,0.0,90,2,2026-09-25 21:55:52.852,46.4
Demo experiment,pioreactor02,2026-09-25T16:10:52.852Z,0.178504363097,45,3,2026-09-25 21:55:52.852,46.4
Demo experiment,pioreactor02,2026-09-25T16:10:52.852Z,0.033380728018,135,4,2026-09-25 21:55:52.852,46.4
Demo experiment,pioreactor02,2026-09-25T16:10:57.851Z,0.0,90,2,2026-09-25 21:55:57.851,46.401388888889
Demo experiment,pioreactor02,2026-09-25T16:10:57.851Z,0.178742248231,45,3,2026-09-25 21:55:57.851,46.401388888889
Demo experiment,pioreactor02,2026-09-25T16:10:57.851Z,0.034291654386,135,4,2026-09-25 21:55:57.851,46.401388888889
Demo experiment,pioreactor02,2026-09-25T16:11:02.849Z,0.0,90,2,2026-09-25 21:56:02.849,46.402777777778
Demo experiment,pioreactor02,2026-09-25T16:11:02.849Z,0.178779384196,45,3,2026-09-25 21:56:02.849,46.402777777778
Demo experiment,pioreactor02,2026-09-25T16:11:02.849Z,0.032797458035,135,4,2026-09-25 21:56:02.849,46.402777777778
Demo experiment,pioreactor02,2026-09-25T16:11:07.849Z,0.0,90,2,2026-09-25 21:56:07.849,46.404166666667
Demo experiment,pioreactor02,2026-09-25T16:11:07.849Z,0.178894729814,45,3,2026-09-25 21:56:07.849,46.404166666667
Demo experiment,pioreactor02,2026-09-25T16:11:07.849Z,0.032574223486,135,4,2026-09-25 21:56:07.849,46.404166666667
Demo experiment,pioreactor02,2026-09-25T16:11:12.849Z,0.0,90,2,2026-09-25 21:56:12.849,46.405555555556
Demo experiment,pioreactor02,2026-09-25T16:11:12.849Z,0.178605245012,45,3,2026-09-25 21:56:12.849,46.405555555556
Demo experiment,pioreactor02,2026-09-25T16:11:12.849Z,0.033223356452,135,4,2026-09-25 21:56:12.849,46.405555555556
Demo experiment,pioreactor02,2026-09-25T16:11:17.849Z,0.0,90,2,2026-09-25 21:56:17.849,46.406944444444
Demo experiment,pioreactor02,2026-09-25T16:11:17.849Z,0.178711142224,45,3,2026-09-25 21:56:17.849,46.406944444444
Demo experiment,pioreactor02,2026-09-25T16:11:17.849Z,0.032533398685,135,4,2026-09-25 21:56:17.849,46.406944444444
Demo experiment,pioreactor02,2026-09-25T16:11:22.849Z,0.0,90,2,2026-09-25 21:56:22.849,46.408333333333
Demo experiment,pioreactor02,2026-09-25T16:11:22.849Z,0.178938697065,45,3,2026-09-25 21:56:22.849,46.408333333333
Demo experiment,pioreactor02,2026-09-25T16:11:22.849Z,0.033070860032,135,4,2026-09-25 21:56:22.849,46.408333333333
Demo experiment,pioreactor02,2026-09-25T16:11:27.851Z,0.0,90,2,2026-09-25 21:56:27.851,46.409722222222
Demo experiment,pioreactor02,2026-09-25T16:11:27.851Z,0.178766249052,45,3,2026-09-25 21:56:27.851,46.409722222222
Demo experiment,pioreactor02,2026-09-25T16:11:27.851Z,0.03336140742,135,4,2026-09-25 21:56:27.851,46.409722222222
Demo experiment,pioreactor02,2026-09-25T16:11:32.848Z,0.0,90,2,2026-09-25 21:56:32.848,46.411111111111
Demo experiment,pioreactor02,2026-09-25T16:11:32.848Z,0.178787612571,45,3,2026-09-25 21:56:32.848,46.411111111111
Demo experiment,pioreactor02,2026-09-25T16:11:32.848Z,0.032502519843,135,4,2026-09-25 21:56:32.848,46.411111111111
Demo experiment,pioreactor02,2026-09-25T16:11:37.851Z,0.0,90,2,2026-09-25 21:56:37.851,46.4125
Demo experiment,pioreactor02,2026-09-25T16:11:37.851Z,0.178837579359,45,3,2026-09-25 21:56:37.851,46.4125
Demo experiment,pioreactor02,2026-09-25T16:11:37.851Z,0.033096521851,135,4,2026-09-25 21:56:37.851,46.4125
Demo experiment,pioreactor02,2026-09-25T16:11:42.853Z,0.0,90,2,2026-09-25 21:56:42.853,46.413888888889
Demo experiment,pioreactor02,2026-09-25T16:11:42.853Z,0.178740888027,45,3,2026-09-25 21:56:42.853,46.413888888889
Demo experiment,pioreactor02,2026-09-25T16:11:42.853Z,0.036736531804,135,4,2026-09-25 21:56:42.853,46.413888888889
Demo experiment,pioreactor02,2026-09-25T16:11:47.849Z,0.0,90,2,2026-09-25 21:56:47.849,46.415277777778
Demo experiment,pioreactor02,2026-09-25T16:11:47.849Z,0.178868982724,45,3,2026-09-25 21:56:47.849,46.415277777778
Demo experiment,pioreactor02,2026-09-25T16:11:47.849Z,0.036614165074,135,4,2026-09-25 21:56:47.849,46.415277777778
Demo experiment,pioreactor02,2026-09-25T16:11:52.851Z,0.0,90,2,2026-09-25 21:56:52.851,46.416666666667
Demo experiment,pioreactor02,2026-09-25T16:11:52.851Z,0.178767948958,45,3,2026-09-25 21:56:52.851,46.416666666667
Demo experiment,pioreactor02,2026-09-25T16:11:52.851Z,0.036553671215,135,4,2026-09-25 21:56:52.851,46.416666666667
Demo experiment,pioreactor02,2026-09-25T16:11:57.851Z,0.0,90,2,2026-09-25 21:56:57.851,46.418055555556
Demo experiment,pioreactor02,2026-09-25T16:11:57.851Z,0.178691135481,45,3,2026-09-25 21:56:57.851,46.418055555556
Demo experiment,pioreactor02,2026-09-25T16:11:57.851Z,0.036862672077,135,4,2026-09-25 21:56:57.851,46.418055555556
Demo experiment,pioreactor02,2026-09-25T16:12:02.850Z,0.0,90,2,2026-09-25 21:57:02.850,46.419444444444
Demo experiment,pioreactor02,2026-09-25T16:12:02.850Z,0.178772594677,45,3,2026-09-25 21:57:02.850,46.419444444444
Demo experiment,pioreactor02,2026-09-25T16:12:02.850Z,0.03604044578,135,4,2026-09-25 21:57:02.850,46.419444444444
Demo experiment,pioreactor02,2026-09-25T16:12:07.851Z,0.0,90,2,2026-09-25 21:57:07.851,46.420833333333
Demo experiment,pioreactor02,2026-09-25T16:12:07.851Z,0.17880169757,45,3,2026-09-25 21:57:07.851,46.420833333333
Demo experiment,pioreactor02,2026-09-25T16:12:07.851Z,0.034884424337,135,4,2026-09-25 21:57:07.851,46.420833333333
Demo experiment,pioreactor02,2026-09-25T16:12:12.850Z,0.0,90,2,2026-09-25 21:57:12.850,46.422222222222
Demo experiment,pioreactor02,2026-09-25T16:12:12.850Z,0.178717138485,45,3,2026-09-25 21:57:12.850,46.422222222222
Demo experiment,pioreactor02,2026-09-25T16:12:12.850Z,0.032780662177,135,4,2026-09-25 21:57:12.850,46.422222222222
Demo experiment,pioreactor02,2026-09-25T16:12:17.850Z,0.0,90,2,2026-09-25 21:57:17.850,46.423611111111
Demo experiment,pioreactor02,2026-09-25T16:12:17.850Z,0.179281228892,45,3,2026-09-25 21:57:17.850,46.423611111111
Demo experiment,pioreactor02,2026-09-25T16:12:17.850Z,0.039554321497,135,4,2026-09-25 21:57:17.850,46.423611111111
Demo experiment,pioreactor02,2026-09-25T16:12:22.849Z,0.0,90,2,2026-09-25 21:57:22.849,46.425
Demo experiment,pioreactor02,2026-09-25T16:12:22.849Z,0.178875199164,45,3,2026-09-25 21:57:22.849,46.425
Demo experiment,pioreactor02,2026-09-25T16:12:22.849Z,0.036922481444,135,4,2026-09-25 21:57:22.849,46.425
Demo experiment,pioreactor02,2026-09-25T16:12:27.850Z,0.0,90,2,2026-09-25 21:57:27.850,46.426388888889
Demo experiment,pioreactor02,2026-09-25T16:12:27.850Z,0.178921054861,45,3,2026-09-25 21:57:27.850,46.426388888889
Demo experiment,pioreactor02,2026-09-25T16:12:27.850Z,0.036355617127,135,4,2026-09-25 21:57:27.850,46.426388888889
Demo experiment,pioreactor02,2026-09-25T16:12:32.851Z,0.0,90,2,2026-09-25 21:57:32.851,46.427777777778
Demo experiment,pioreactor02,2026-09-25T16:12:32.851Z,0.1791006233,45,3,2026-09-25 21:57:32.851,46.427777777778
Demo experiment,pioreactor02,2026-09-25T16:12:32.851Z,0.033518346257,135,4,2026-09-25 21:57:32.851,46.427777777778
Demo experiment,pioreactor02,2026-09-25T16:12:37.851Z,0.0,90,2,2026-09-25 21:57:37.851,46.429166666667
Demo experiment,pioreactor02,2026-09-25T16:12:37.851Z,0.179193465597,45,3,2026-09-25 21:57:37.851,46.429166666667
Demo experiment,pioreactor02,2026-09-25T16:12:37.851Z,0.035167362577,135,4,2026-09-25 21:57:37.851,46.429166666667
Demo experiment,pioreactor02,2026-09-25T16:12:42.851Z,0.0,90,2,2026-09-25 21:57:42.851,46.430555555556
Demo experiment,pioreactor02,2026-09-25T16:12:42.851Z,0.179241349746,45,3,2026-09-25 21:57:42.851,46.430555555556
Demo experiment,pioreactor02,2026-09-25T16:12:42.851Z,0.035615319599,135,4,2026-09-25 21:57:42.851,46.430555555556
Demo experiment,pioreactor02,2026-09-25T16:12:47.850Z,0.0,90,2,2026-09-25 21:57:47.850,46.431944444444
Demo experiment,pioreactor02,2026-09-25T16:12:47.850Z,0.179178497054,45,3,2026-09-25 21:57:47.850,46.431944444444
Demo experiment,pioreactor02,2026-09-25T16:12:47.850Z,0.034573103987,135,4,2026-09-25 21:57:47.850,46.431944444444
Demo experiment,pioreactor02,2026-09-25T16:12:52.853Z,0.0,90,2,2026-09-25 21:57:52.853,46.433333333333
Demo experiment,pioreactor02,2026-09-25T16:12:52.853Z,0.179110815838,45,3,2026-09-25 21:57:52.853,46.433333333333
Demo experiment,pioreactor02,2026-09-25T16:12:52.853Z,0.032655061166,135,4,2026-09-25 21:57:52.853,46.433333333333
Demo experiment,pioreactor02,2026-09-25T16:12:57.849Z,0.0,90,2,2026-09-25 21:57:57.849,46.434722222222
Demo experiment,pioreactor02,2026-09-25T16:12:57.849Z,0.178985817557,45,3,2026-09-25 21:57:57.849,46.434722222222
Demo experiment,pioreactor02,2026-09-25T16:12:57.849Z,0.031805759075,135,4,2026-09-25 21:57:57.849,46.434722222222
Demo experiment,pioreactor02,2026-09-25T16:13:02.850Z,0.0,90,2,2026-09-25 21:58:02.850,46.436111111111
Demo experiment,pioreactor02,2026-09-25T16:13:02.850Z,0.178930783504,45,3,2026-09-25 21:58:02.850,46.436111111111
Demo experiment,pioreactor02,2026-09-25T16:13:02.850Z,0.031582081219,135,4,2026-09-25 21:58:02.850,46.436111111111
Demo experiment,pioreactor02,2026-09-25T16:13:07.855Z,0.0,90,2,2026-09-25 21:58:07.855,46.4375
Demo experiment,pioreactor02,2026-09-25T16:13:07.855Z,0.178904654568,45,3,2026-09-25 21:58:07.855,46.4375
Demo experiment,pioreactor02,2026-09-25T16:13:07.855Z,0.032662807194,135,4,2026-09-25 21:58:07.855,46.4375
Demo experiment,pioreactor02,2026-09-25T16:13:12.851Z,0.0,90,2,2026-09-25 21:58:12.851,46.438888888889
Demo experiment,pioreactor02,2026-09-25T16:13:12.851Z,0.179130279874,45,3,2026-09-25 21:58:12.851,46.438888888889
Demo experiment,pioreactor02,2026-09-25T16:13:12.851Z,0.033812014442,135,4,2026-09-25 21:58:12.851,46.438888888889
Demo experiment,pioreactor02,2026-09-25T16:13:17.852Z,0.0,90,2,2026-09-25 21:58:17.852,46.440277777778
Demo experiment,pioreactor02,2026-09-25T16:13:17.852Z,0.179102007764,45,3,2026-09-25 21:58:17.852,46.440277777778
Demo experiment,pioreactor02,2026-09-25T16:13:17.852Z,0.032524195359,135,4,2026-09-25 21:58:17.852,46.440277777778
Demo experiment,pioreactor02,2026-09-25T16:13:22.856Z,0.0,90,2,2026-09-25 21:58:22.856,46.441666666667
Demo experiment,pioreactor02,2026-09-25T16:13:22.856Z,0.179114285701,45,3,2026-09-25 21:58:22.856,46.441666666667
Demo experiment,pioreactor02,2026-09-25T16:13:22.856Z,0.033511194962,135,4,2026-09-25 21:58:22.856,46.441666666667
Demo experiment,pioreactor02,2026-09-25T16:13:27.854Z,0.0,90,2,2026-09-25 21:58:27.854,46.443055555556
Demo experiment,pioreactor02,2026-09-25T16:13:27.854Z,0.17909346289,45,3,2026-09-25 21:58:27.854,46.443055555556
Demo experiment,pioreactor02,2026-09-25T16:13:27.854Z,0.034901381294,135,4,2026-09-25 21:58:27.854,46.443055555556
Demo experiment,pioreactor02,2026-09-25T16:13:32.852Z,0.0,90,2,2026-09-25 21:58:32.852,46.444444444444
Demo experiment,pioreactor02,2026-09-25T16:13:32.852Z,0.17905643398,45,3,2026-09-25 21:58:32.852,46.444444444444
Demo experiment,pioreactor02,2026-09-25T16:13:32.852Z,0.034524822666,135,4,2026-09-25 21:58:32.852,46.444444444444
Demo experiment,pioreactor02,2026-09-25T16:13:37.853Z,0.0,90,2,2026-09-25 21:58:37.853,46.445833333333
Demo experiment,pioreactor02,2026-09-25T16:13:37.853Z,0.179010856184,45,3,2026-09-25 21:58:37.853,46.445833333333
Demo experiment,pioreactor02,2026-09-25T16:13:37.853Z,0.03515331806,135,4,2026-09-25 21:58:37.853,46.445833333333
Demo experiment,pioreactor02,2026-09-25T16:13:42.858Z,0.0,90,2,2026-09-25 21:58:42.858,46.447222222222
Demo experiment,pioreactor02,2026-09-25T16:13:42.858Z,0.178998541525,45,3,2026-09-25 21:58:42.858,46.447222222222
Demo experiment,pioreactor02,2026-09-25T16:13:42.858Z,0.03586161677,135,4,2026-09-25 21:58:42.858,46.447222222222
Demo experiment,pioreactor02,2026-09-25T16:13:47.854Z,0.0,90,2,2026-09-25 21:58:47.854,46.448611111111
Demo experiment,pioreactor02,2026-09-25T16:13:47.854Z,0.179080755731,45,3,2026-09-25 21:58:47.854,46.448611111111
Demo experiment,pioreactor02,2026-09-25T16:13:47.854Z,0.037248626284,135,4,2026-09-25 21:58:47.854,46.448611111111
Demo experiment,pioreactor02,2026-09-25T16:13:52.853Z,0.0,90,2,2026-09-25 21:58:52.853,46.45
Demo experiment,pioreactor02,2026-09-25T16:13:52.853Z,0.178811908981,45,3,2026-09-25 21:58:52.853,46.45
Demo experiment,pioreactor02,2026-09-25T16:13:52.853Z,0.036999290021,135,4,2026-09-25 21:58:52.853,46.45
Demo experiment,pioreactor02,2026-09-25T16:13:57.854Z,0.0,90,2,2026-09-25 21:58:57.854,46.451388888889
Demo experiment,pioreactor02,2026-09-25T16:13:57.854Z,0.178871729646,45,3,2026-09-25 21:58:57.854,46.451388888889
Demo experiment,pioreactor02,2026-09-25T16:13:57.854Z,0.04487948357,135,4,2026-09-25 21:58:57.854,46.451388888889
Demo experiment,pioreactor02,2026-09-25T16:14:02.853Z,0.0,90,2,2026-09-25 21:59:02.853,46.452777777778
Demo experiment,pioreactor02,2026-09-25T16:14:02.853Z,0.178693885373,45,3,2026-09-25 21:59:02.853,46.452777777778
Demo experiment,pioreactor02,2026-09-25T16:14:02.853Z,0.044999786581,135,4,2026-09-25 21:59:02.853,46.452777777778
Demo experiment,pioreactor02,2026-09-25T16:14:07.853Z,0.0,90,2,2026-09-25 21:59:07.853,46.454166666667
Demo experiment,pioreactor02,2026-09-25T16:14:07.853Z,0.178684687482,45,3,2026-09-25 21:59:07.853,46.454166666667
Demo experiment,pioreactor02,2026-09-25T16:14:07.853Z,0.041316744412,135,4,2026-09-25 21:59:07.853,46.454166666667
Demo experiment,pioreactor02,2026-09-25T16:14:12.851Z,0.0,90,2,2026-09-25 21:59:12.851,46.455555555556
Demo experiment,pioreactor02,2026-09-25T16:14:12.851Z,0.178939564295,45,3,2026-09-25 21:59:12.851,46.455555555556
Demo experiment,pioreactor02,2026-09-25T16:14:12.851Z,0.044968315404,135,4,2026-09-25 21:59:12.851,46.455555555556
Demo experiment,pioreactor02,2026-09-25T16:14:17.851Z,0.0,90,2,2026-09-25 21:59:17.851,46.456944444444
Demo experiment,pioreactor02,2026-09-25T16:14:17.851Z,0.178968888247,45,3,2026-09-25 21:59:17.851,46.456944444444
Demo experiment,pioreactor02,2026-09-25T16:14:17.851Z,0.043775183108,135,4,2026-09-25 21:59:17.851,46.456944444444
Demo experiment,pioreactor02,2026-09-25T16:14:22.850Z,0.0,90,2,2026-09-25 21:59:22.850,46.458333333333
Demo experiment,pioreactor02,2026-09-25T16:14:22.850Z,0.178624641777,45,3,2026-09-25 21:59:22.850,46.458333333333
Demo experiment,pioreactor02,2026-09-25T16:14:22.850Z,0.044732303861,135,4,2026-09-25 21:59:22.850,46.458333333333
Demo experiment,pioreactor02,2026-09-25T16:14:27.851Z,0.0,90,2,2026-09-25 21:59:27.851,46.459722222222
Demo experiment,pioreactor02,2026-09-25T16:14:27.851Z,0.178625434924,45,3,2026-09-25 21:59:27.851,46.459722222222
Demo experiment,pioreactor02,2026-09-25T16:14:27.851Z,0.042073485538,135,4,2026-09-25 21:59:27.851,46.459722222222
Demo experiment,pioreactor02,2026-09-25T16:14:32.851Z,0.0,90,2,2026-09-25 21:59:32.851,46.461111111111
Demo experiment,pioreactor02,2026-09-25T16:14:32.851Z,0.178556564477,45,3,2026-09-25 21:59:32.851,46.461111111111
Demo experiment,pioreactor02,2026-09-25T16:14:32.851Z,0.040406052865,135,4,2026-09-25 21:59:32.851,46.461111111111
Demo experiment,pioreactor02,2026-09-25T16:14:37.856Z,0.0,90,2,2026-09-25 21:59:37.856,46.4625
Demo experiment,pioreactor02,2026-09-25T16:14:37.856Z,0.178656336693,45,3,2026-09-25 21:59:37.856,46.4625
Demo experiment,pioreactor02,2026-09-25T16:14:37.856Z,0.039066095315,135,4,2026-09-25 21:59:37.856,46.4625
Demo experiment,pioreactor02,2026-09-25T16:14:42.855Z,0.0,90,2,2026-09-25 21:59:42.855,46.463888888889
Demo experiment,pioreactor02,2026-09-25T16:14:42.855Z,0.178820585128,45,3,2026-09-25 21:59:42.855,46.463888888889
Demo experiment,pioreactor02,2026-09-25T16:14:42.855Z,0.042907220509,135,4,2026-09-25 21:59:42.855,46.463888888889
Demo experiment,pioreactor02,2026-09-25T16:14:47.852Z,0.0,90,2,2026-09-25 21:59:47.852,46.465277777778
Demo experiment,pioreactor02,2026-09-25T16:14:47.852Z,0.17840510246,45,3,2026-09-25 21:59:47.852,46.465277777778
Demo experiment,pioreactor02,2026-09-25T16:14:47.852Z,0.045209168214,135,4,2026-09-25 21:59:47.852,46.465277777778
Demo experiment,pioreactor02,2026-09-25T16:14:52.857Z,0.0,90,2,2026-09-25 21:59:52.857,46.466666666667
Demo experiment,pioreactor02,2026-09-25T16:14:52.857Z,0.17853809075,45,3,2026-09-25 21:59:52.857,46.466666666667
Demo experiment,pioreactor02,2026-09-25T16:14:52.857Z,0.042544426753,135,4,2026-09-25 21:59:52.857,46.466666666667
Demo experiment,pioreactor02,2026-09-25T16:14:57.853Z,0.0,90,2,2026-09-25 21:59:57.853,46.468055555556
Demo experiment,pioreactor02,2026-09-25T16:14:57.853Z,0.178748793411,45,3,2026-09-25 21:59:57.853,46.468055555556
Demo experiment,pioreactor02,2026-09-25T16:14:57.853Z,0.039797314706,135,4,2026-09-25 21:59:57.853,46.468055555556
Demo experiment,pioreactor02,2026-09-25T16:15:02.856Z,0.0,90,2,2026-09-25 22:00:02.856,46.469444444444
Demo experiment,pioreactor02,2026-09-25T16:15:02.856Z,0.178552388657,45,3,2026-09-25 22:00:02.856,46.469444444444
Demo experiment,pioreactor02,2026-09-25T16:15:02.856Z,0.036605110492,135,4,2026-09-25 22:00:02.856,46.469444444444
Demo experiment,pioreactor02,2026-09-25T16:15:07.853Z,0.0,90,2,2026-09-25 22:00:07.853,46.470833333333
Demo experiment,pioreactor02,2026-09-25T16:15:07.853Z,0.178843110584,45,3,2026-09-25 22:00:07.853,46.470833333333
Demo experiment,pioreactor02,2026-09-25T16:15:07.853Z,0.039261274837,135,4,2026-09-25 22:00:07.853,46.470833333333
Demo experiment,pioreactor02,2026-09-25T16:15:12.854Z,0.0,90,2,2026-09-25 22:00:12.854,46.472222222222
Demo experiment,pioreactor02,2026-09-25T16:15:12.854Z,0.178643247622,45,3,2026-09-25 22:00:12.854,46.472222222222
Demo experiment,pioreactor02,2026-09-25T16:15:12.854Z,0.036448296698,135,4,2026-09-25 22:00:12.854,46.472222222222
Demo experiment,pioreactor02,2026-09-25T16:15:17.851Z,0.0,90,2,2026-09-25 22:00:17.851,46.473611111111
Demo experiment,pioreactor02,2026-09-25T16:15:17.851Z,0.178715743526,45,3,2026-09-25 22:00:17.851,46.473611111111
Demo experiment,pioreactor02,2026-09-25T16:15:17.851Z,0.035534496689,135,4,2026-09-25 22:00:17.851,46.473611111111
Demo experiment,pioreactor02,2026-09-25T16:15:22.849Z,0.0,90,2,2026-09-25 22:00:22.849,46.475
Demo experiment,pioreactor02,2026-09-25T16:15:22.849Z,0.17898979909,45,3,2026-09-25 22:00:22.849,46.475
Demo experiment,pioreactor02,2026-09-25T16:15:22.849Z,0.036356087294,135,4,2026-09-25 22:00:22.849,46.475
Demo experiment,pioreactor02,2026-09-25T16:15:27.849Z,0.0,90,2,2026-09-25 22:00:27.849,46.476388888889
Demo experiment,pioreactor02,2026-09-25T16:15:27.849Z,0.17892557597,45,3,2026-09-25 22:00:27.849,46.476388888889
Demo experiment,pioreactor02,2026-09-25T16:15:27.849Z,0.033532399386,135,4,2026-09-25 22:00:27.849,46.476388888889
Demo experiment,pioreactor02,2026-09-25T16:15:32.855Z,0.0,90,2,2026-09-25 22:00:32.855,46.477777777778
Demo experiment,pioreactor02,2026-09-25T16:15:32.855Z,0.179119232356,45,3,2026-09-25 22:00:32.855,46.477777777778
Demo experiment,pioreactor02,2026-09-25T16:15:32.855Z,0.0356891091,135,4,2026-09-25 22:00:32.855,46.477777777778
Demo experiment,pioreactor02,2026-09-25T16:15:37.851Z,0.0,90,2,2026-09-25 22:00:37.851,46.479166666667
Demo experiment,pioreactor02,2026-09-25T16:15:37.851Z,0.17894989992,45,3,2026-09-25 22:00:37.851,46.479166666667
Demo experiment,pioreactor02,2026-09-25T16:15:37.851Z,0.033304324329,135,4,2026-09-25 22:00:37.851,46.479166666667
Demo experiment,pioreactor02,2026-09-25T16:15:42.853Z,0.0,90,2,2026-09-25 22:00:42.853,46.480555555556
Demo experiment,pioreactor02,2026-09-25T16:15:42.853Z,0.179029159778,45,3,2026-09-25 22:00:42.853,46.480555555556
Demo experiment,pioreactor02,2026-09-25T16:15:42.853Z,0.03105103575,135,4,2026-09-25 22:00:42.853,46.480555555556
Demo experiment,pioreactor02,2026-09-25T16:15:47.851Z,0.0,90,2,2026-09-25 22:00:47.851,46.481944444444
Demo experiment,pioreactor02,2026-09-25T16:15:47.851Z,0.179078299068,45,3,2026-09-25 22:00:47.851,46.481944444444
Demo experiment,pioreactor02,2026-09-25T16:15:47.851Z,0.029582194247,135,4,2026-09-25 22:00:47.851,46.481944444444
Demo experiment,pioreactor02,2026-09-25T16:15:52.851Z,0.0,90,2,2026-09-25 22:00:52.851,46.483333333333
Demo experiment,pioreactor02,2026-09-25T16:15:52.851Z,0.179196980453,45,3,2026-09-25 22:00:52.851,46.483333333333
Demo experiment,pioreactor02,2026-09-25T16:15:52.851Z,0.028013452656,135,4,2026-09-25 22:00:52.851,46.483333333333
Demo experiment,pioreactor02,2026-09-25T16:15:57.849Z,0.0,90,2,2026-09-25 22:00:57.849,46.484722222222
Demo experiment,pioreactor02,2026-09-25T16:15:57.849Z,0.179222121175,45,3,2026-09-25 22:00:57.849,46.484722222222
Demo experiment,pioreactor02,2026-09-25T16:15:57.849Z,0.026887702146,135,4,2026-09-25 22:00:57.849,46.484722222222
Demo experiment,pioreactor02,2026-09-25T16:16:02.849Z,0.0,90,2,2026-09-25 22:01:02.849,46.486111111111
Demo experiment,pioreactor02,2026-09-25T16:16:02.849Z,0.179287144237,45,3,2026-09-25 22:01:02.849,46.486111111111
Demo experiment,pioreactor02,2026-09-25T16:16:02.849Z,0.0260514577,135,4,2026-09-25 22:01:02.849,46.486111111111
Demo experiment,pioreactor02,2026-09-25T16:16:07.850Z,0.0,90,2,2026-09-25 22:01:07.850,46.4875
Demo experiment,pioreactor02,2026-09-25T16:16:07.850Z,0.179286410682,45,3,2026-09-25 22:01:07.850,46.4875
Demo experiment,pioreactor02,2026-09-25T16:16:07.850Z,0.025746104047,135,4,2026-09-25 22:01:07.850,46.4875
Demo experiment,pioreactor02,2026-09-25T16:16:12.850Z,0.0,90,2,2026-09-25 22:01:12.850,46.488888888889
Demo experiment,pioreactor02,2026-09-25T16:16:12.850Z,0.179320121022,45,3,2026-09-25 22:01:12.850,46.488888888889
Demo experiment,pioreactor02,2026-09-25T16:16:12.850Z,0.025661113287,135,4,2026-09-25 22:01:12.850,46.488888888889
Demo experiment,pioreactor02,2026-09-25T16:16:17.849Z,0.0,90,2,2026-09-25 22:01:17.849,46.490277777778
Demo experiment,pioreactor02,2026-09-25T16:16:17.849Z,0.179371675865,45,3,2026-09-25 22:01:17.849,46.490277777778
Demo experiment,pioreactor02,2026-09-25T16:16:17.849Z,0.025202105452,135,4,2026-09-25 22:01:17.849,46.490277777778
Demo experiment,pioreactor02,2026-09-25T16:16:22.851Z,0.0,90,2,2026-09-25 22:01:22.851,46.491666666667
Demo experiment,pioreactor02,2026-09-25T16:16:22.851Z,0.179398954306,45,3,2026-09-25 22:01:22.851,46.491666666667
Demo experiment,pioreactor02,2026-09-25T16:16:22.851Z,0.024902291435,135,4,2026-09-25 22:01:22.851,46.491666666667
Demo experiment,pioreactor02,2026-09-25T16:16:27.850Z,0.0,90,2,2026-09-25 22:01:27.850,46.493055555556
Demo experiment,pioreactor02,2026-09-25T16:16:27.850Z,0.179479855905,45,3,2026-09-25 22:01:27.850,46.493055555556
Demo experiment,pioreactor02,2026-09-25T16:16:27.850Z,0.025605825442,135,4,2026-09-25 22:01:27.850,46.493055555556
Demo experiment,pioreactor02,2026-09-25T16:16:32.850Z,0.0,90,2,2026-09-25 22:01:32.850,46.494444444444
Demo experiment,pioreactor02,2026-09-25T16:16:32.850Z,0.179481015609,45,3,2026-09-25 22:01:32.850,46.494444444444
Demo experiment,pioreactor02,2026-09-25T16:16:32.850Z,0.024782773012,135,4,2026-09-25 22:01:32.850,46.494444444444
Demo experiment,pioreactor02,2026-09-25T16:16:37.849Z,0.0,90,2,2026-09-25 22:01:37.849,46.495833333333
Demo experiment,pioreactor02,2026-09-25T16:16:37.849Z,0.179485996613,45,3,2026-09-25 22:01:37.849,46.495833333333
Demo experiment,pioreactor02,2026-09-25T16:16:37.849Z,0.024310709601,135,4,2026-09-25 22:01:37.849,46.495833333333
Demo experiment,pioreactor02,2026-09-25T16:16:42.855Z,0.0,90,2,2026-09-25 22:01:42.855,46.497222222222
Demo experiment,pioreactor02,2026-09-25T16:16:42.855Z,0.179440829395,45,3,2026-09-25 22:01:42.855,46.497222222222
Demo experiment,pioreactor02,2026-09-25T16:16:42.855Z,0.024041580127,135,4,2026-09-25 22:01:42.855,46.497222222222
Demo experiment,pioreactor02,2026-09-25T16:16:47.850Z,0.0,90,2,2026-09-25 22:01:47.850,46.498611111111
Demo experiment,pioreactor02,2026-09-25T16:16:47.850Z,0.179442089772,45,3,2026-09-25 22:01:47.850,46.498611111111
Demo experiment,pioreactor02,2026-09-25T16:16:47.850Z,0.023969645615,135,4,2026-09-25 22:01:47.850,46.498611111111
Demo experiment,pioreactor02,2026-09-25T16:16:52.849Z,0.0,90,2,2026-09-25 22:01:52.849,46.5
Demo experiment,pioreactor02,2026-09-25T16:16:52.849Z,0.179478940092,45,3,2026-09-25 22:01:52.849,46.5
Demo experiment,pioreactor02,2026-09-25T16:16:52.849Z,0.023927210981,135,4,2026-09-25 22:01:52.849,46.5
Demo experiment,pioreactor02,2026-09-25T16:16:57.852Z,0.0,90,2,2026-09-25 22:01:57.852,46.501388888889
Demo experiment,pioreactor02,2026-09-25T16:16:57.852Z,0.179485166625,45,3,2026-09-25 22:01:57.852,46.501388888889
Demo experiment,pioreactor02,2026-09-25T16:16:57.852Z,0.023936979931,135,4,2026-09-25 22:01:57.852,46.501388888889
Demo experiment,pioreactor02,2026-09-25T16:17:02.852Z,0.0,90,2,2026-09-25 22:02:02.852,46.502777777778
Demo experiment,pioreactor02,2026-09-25T16:17:02.852Z,0.179487760517,45,3,2026-09-25 22:02:02.852,46.502777777778
Demo experiment,pioreactor02,2026-09-25T16:17:02.852Z,0.023895883509,135,4,2026-09-25 22:02:02.852,46.502777777778
Demo experiment,pioreactor02,2026-09-25T16:17:07.849Z,0.0,90,2,2026-09-25 22:02:07.849,46.504166666667
Demo experiment,pioreactor02,2026-09-25T16:17:07.849Z,0.179454023238,45,3,2026-09-25 22:02:07.849,46.504166666667
Demo experiment,pioreactor02,2026-09-25T16:17:07.849Z,0.023884891513,135,4,2026-09-25 22:02:07.849,46.504166666667
Demo experiment,pioreactor02,2026-09-25T16:17:12.851Z,0.0,90,2,2026-09-25 22:02:12.851,46.505555555556
Demo experiment,pioreactor02,2026-09-25T16:17:12.851Z,0.179460043406,45,3,2026-09-25 22:02:12.851,46.505555555556
Demo experiment,pioreactor02,2026-09-25T16:17:12.851Z,0.023939153902,135,4,2026-09-25 22:02:12.851,46.505555555556
Demo experiment,pioreactor02,2026-09-25T16:17:17.850Z,0.0,90,2,2026-09-25 22:02:17.850,46.506944444444
Demo experiment,pioreactor02,2026-09-25T16:17:17.850Z,0.179491323922,45,3,2026-09-25 22:02:17.850,46.506944444444
Demo experiment,pioreactor02,2026-09-25T16:17:17.850Z,0.023905440794,135,4,2026-09-25 22:02:17.850,46.506944444444
Demo experiment,pioreactor02,2026-09-25T16:17:22.852Z,0.0,90,2,2026-09-25 22:02:22.852,46.508333333333
Demo experiment,pioreactor02,2026-09-25T16:17:22.852Z,0.179476663347,45,3,2026-09-25 22:02:22.852,46.508333333333
Demo experiment,pioreactor02,2026-09-25T16:17:22.852Z,0.023868128292,135,4,2026-09-25 22:02:22.852,46.508333333333
Demo experiment,pioreactor02,2026-09-25T16:17:27.850Z,0.0,90,2,2026-09-25 22:02:27.850,46.509722222222
Demo experiment,pioreactor02,2026-09-25T16:17:27.850Z,0.179436541,45,3,2026-09-25 22:02:27.850,46.509722222222
Demo experiment,pioreactor02,2026-09-25T16:17:27.850Z,0.023867024145,135,4,2026-09-25 22:02:27.850,46.509722222222
Demo experiment,pioreactor02,2026-09-25T16:17:32.849Z,0.0,90,2,2026-09-25 22:02:32.849,46.511111111111
Demo experiment,pioreactor02,2026-09-25T16:17:32.849Z,0.179412029657,45,3,2026-09-25 22:02:32.849,46.511111111111
Demo experiment,pioreactor02,2026-09-25T16:17:32.849Z,0.023918598784,135,4,2026-09-25 22:02:32.849,46.511111111111
Demo experiment,pioreactor02,2026-09-25T16:17:37.849Z,0.0,90,2,2026-09-25 22:02:37.849,46.5125
Demo experiment,pioreactor02,2026-09-25T16:17:37.849Z,0.179419361628,45,3,2026-09-25 22:02:37.849,46.5125
Demo experiment,pioreactor02,2026-09-25T16:17:37.849Z,0.023809158808,135,4,2026-09-25 22:02:37.849,46.5125
Demo experiment,pioreactor02,2026-09-25T16:17:42.851Z,0.0,90,2,2026-09-25 22:02:42.851,46.513888888889
Demo experiment,pioreactor02,2026-09-25T16:17:42.851Z,0.179445614047,45,3,2026-09-25 22:02:42.851,46.513888888889
Demo experiment,pioreactor02,2026-09-25T16:17:42.851Z,0.023761885116,135,4,2026-09-25 22:02:42.851,46.513888888889
Demo experiment,pioreactor02,2026-09-25T16:17:47.852Z,0.0,90,2,2026-09-25 22:02:47.852,46.515277777778
Demo experiment,pioreactor02,2026-09-25T16:17:47.852Z,0.179461414093,45,3,2026-09-25 22:02:47.852,46.515277777778
Demo experiment,pioreactor02,2026-09-25T16:17:47.852Z,0.023876679811,135,4,2026-09-25 22:02:47.852,46.515277777778
Demo experiment,pioreactor02,2026-09-25T16:17:52.850Z,0.0,90,2,2026-09-25 22:02:52.850,46.516666666667
Demo experiment,pioreactor02,2026-09-25T16:17:52.850Z,0.179482071564,45,3,2026-09-25 22:02:52.850,46.516666666667
Demo experiment,pioreactor02,2026-09-25T16:17:52.850Z,0.023901781516,135,4,2026-09-25 22:02:52.850,46.516666666667
Demo experiment,pioreactor02,2026-09-25T16:17:57.852Z,0.0,90,2,2026-09-25 22:02:57.852,46.518055555556
Demo experiment,pioreactor02,2026-09-25T16:17:57.852Z,0.179474763667,45,3,2026-09-25 22:02:57.852,46.518055555556
Demo experiment,pioreactor02,2026-09-25T16:17:57.852Z,0.023815197484,135,4,2026-09-25 22:02:57.852,46.518055555556
Demo experiment,pioreactor02,2026-09-25T16:18:02.854Z,0.0,90,2,2026-09-25 22:03:02.854,46.519444444444
Demo experiment,pioreactor02,2026-09-25T16:18:02.854Z,0.179512899771,45,3,2026-09-25 22:03:02.854,46.519444444444
Demo experiment,pioreactor02,2026-09-25T16:18:02.854Z,0.023839269535,135,4,2026-09-25 22:03:02.854,46.519444444444
Demo experiment,pioreactor02,2026-09-25T16:18:07.849Z,0.0,90,2,2026-09-25 22:03:07.849,46.520833333333
Demo experiment,pioreactor02,2026-09-25T16:18:07.849Z,0.179523088214,45,3,2026-09-25 22:03:07.849,46.520833333333
Demo experiment,pioreactor02,2026-09-25T16:18:07.849Z,0.023822372818,135,4,2026-09-25 22:03:07.849,46.520833333333
Demo experiment,pioreactor02,2026-09-25T16:18:12.851Z,0.0,90,2,2026-09-25 22:03:12.851,46.522222222222
Demo experiment,pioreactor02,2026-09-25T16:18:12.851Z,0.179540884042,45,3,2026-09-25 22:03:12.851,46.522222222222
Demo experiment,pioreactor02,2026-09-25T16:18:12.851Z,0.023841217706,135,4,2026-09-25 22:03:12.851,46.522222222222
Demo experiment,pioreactor02,2026-09-25T16:18:17.849Z,0.0,90,2,2026-09-25 22:03:17.849,46.523611111111
Demo experiment,pioreactor02,2026-09-25T16:18:17.849Z,0.179542947923,45,3,2026-09-25 22:03:17.849,46.523611111111
Demo experiment,pioreactor02,2026-09-25T16:18:17.849Z,0.023827218422,135,4,2026-09-25 22:03:17.849,46.523611111111
Demo experiment,pioreactor02,2026-09-25T16:18:22.850Z,0.0,90,2,2026-09-25 22:03:22.850,46.525
Demo experiment,pioreactor02,2026-09-25T16:18:22.850Z,0.17953630582,45,3,2026-09-25 22:03:22.850,46.525
Demo experiment,pioreactor02,2026-09-25T16:18:22.850Z,0.023959107779,135,4,2026-09-25 22:03:22.850,46.525
Demo experiment,pioreactor02,2026-09-25T16:18:27.851Z,0.0,90,2,2026-09-25 22:03:27.851,46.526388888889
Demo experiment,pioreactor02,2026-09-25T16:18:27.851Z,0.1795280668,45,3,2026-09-25 22:03:27.851,46.526388888889
Demo experiment,pioreactor02,2026-09-25T16:18:27.851Z,0.023943412858,135,4,2026-09-25 22:03:27.851,46.526388888889
Demo experiment,pioreactor02,2026-09-25T16:18:32.849Z,0.0,90,2,2026-09-25 22:03:32.849,46.527777777778
Demo experiment,pioreactor02,2026-09-25T16:18:32.849Z,0.179558400568,45,3,2026-09-25 22:03:32.849,46.527777777778
Demo experiment,pioreactor02,2026-09-25T16:18:32.849Z,0.023985042294,135,4,2026-09-25 22:03:32.849,46.527777777778
Demo experiment,pioreactor02,2026-09-25T16:18:37.850Z,0.0,90,2,2026-09-25 22:03:37.850,46.529166666667
Demo experiment,pioreactor02,2026-09-25T16:18:37.850Z,0.179617926093,45,3,2026-09-25 22:03:37.850,46.529166666667
Demo experiment,pioreactor02,2026-09-25T16:18:37.850Z,0.024070947041,135,4,2026-09-25 22:03:37.850,46.529166666667
Demo experiment,pioreactor02,2026-09-25T16:18:42.852Z,0.0,90,2,2026-09-25 22:03:42.852,46.530555555556
Demo experiment,pioreactor02,2026-09-25T16:18:42.852Z,0.179706125971,45,3,2026-09-25 22:03:42.852,46.530555555556
Demo experiment,pioreactor02,2026-09-25T16:18:42.852Z,0.024120958608,135,4,2026-09-25 22:03:42.852,46.530555555556
Demo experiment,pioreactor02,2026-09-25T16:18:47.850Z,0.0,90,2,2026-09-25 22:03:47.850,46.531944444444
Demo experiment,pioreactor02,2026-09-25T16:18:47.850Z,0.179910131893,45,3,2026-09-25 22:03:47.850,46.531944444444
Demo experiment,pioreactor02,2026-09-25T16:18:47.850Z,0.02421614629,135,4,2026-09-25 22:03:47.850,46.531944444444
Demo experiment,pioreactor02,2026-09-25T16:18:52.852Z,0.0,90,2,2026-09-25 22:03:52.852,46.533333333333
Demo experiment,pioreactor02,2026-09-25T16:18:52.852Z,0.180037867579,45,3,2026-09-25 22:03:52.852,46.533333333333
Demo experiment,pioreactor02,2026-09-25T16:18:52.852Z,0.026738060276,135,4,2026-09-25 22:03:52.852,46.533333333333
Demo experiment,pioreactor02,2026-09-25T16:18:57.849Z,0.0,90,2,2026-09-25 22:03:57.849,46.534722222222
Demo experiment,pioreactor02,2026-09-25T16:18:57.849Z,0.180019809753,45,3,2026-09-25 22:03:57.849,46.534722222222
Demo experiment,pioreactor02,2026-09-25T16:18:57.849Z,0.026552114079,135,4,2026-09-25 22:03:57.849,46.534722222222
Demo experiment,pioreactor02,2026-09-25T16:19:02.849Z,0.0,90,2,2026-09-25 22:04:02.849,46.536111111111
Demo experiment,pioreactor02,2026-09-25T16:19:02.849Z,0.179996142193,45,3,2026-09-25 22:04:02.849,46.536111111111
Demo experiment,pioreactor02,2026-09-25T16:19:02.849Z,0.027376298279,135,4,2026-09-25 22:04:02.849,46.536111111111
Demo experiment,pioreactor02,2026-09-25T16:19:07.850Z,0.0,90,2,2026-09-25 22:04:07.850,46.5375
Demo experiment,pioreactor02,2026-09-25T16:19:07.850Z,0.179990867178,45,3,2026-09-25 22:04:07.850,46.5375
Demo experiment,pioreactor02,2026-09-25T16:19:07.850Z,0.026472700444,135,4,2026-09-25 22:04:07.850,46.5375
Demo experiment,pioreactor02,2026-09-25T16:19:12.849Z,0.0,90,2,2026-09-25 22:04:12.849,46.538888888889
Demo experiment,pioreactor02,2026-09-25T16:19:12.849Z,0.179832762893,45,3,2026-09-25 22:04:12.849,46.538888888889
Demo experiment,pioreactor02,2026-09-25T16:19:12.849Z,0.026259344376,135,4,2026-09-25 22:04:12.849,46.538888888889
Demo experiment,pioreactor02,2026-09-25T16:19:17.851Z,0.0,90,2,2026-09-25 22:04:17.851,46.540277777778
Demo experiment,pioreactor02,2026-09-25T16:19:17.851Z,0.179863804182,45,3,2026-09-25 22:04:17.851,46.540277777778
Demo experiment,pioreactor02,2026-09-25T16:19:17.851Z,0.025726313572,135,4,2026-09-25 22:04:17.851,46.540277777778
Demo experiment,pioreactor02,2026-09-25T16:19:22.855Z,0.0,90,2,2026-09-25 22:04:22.855,46.541666666667
Demo experiment,pioreactor02,2026-09-25T16:19:22.855Z,0.179809221848,45,3,2026-09-25 22:04:22.855,46.541666666667
Demo experiment,pioreactor02,2026-09-25T16:19:22.855Z,0.026733544567,135,4,2026-09-25 22:04:22.855,46.541666666667
Demo experiment,pioreactor02,2026-09-25T16:19:27.850Z,0.0,90,2,2026-09-25 22:04:27.850,46.543055555556
Demo experiment,pioreactor02,2026-09-25T16:19:27.850Z,0.179689540086,45,3,2026-09-25 22:04:27.850,46.543055555556
Demo experiment,pioreactor02,2026-09-25T16:19:27.850Z,0.027510145343,135,4,2026-09-25 22:04:27.850,46.543055555556
Demo experiment,pioreactor02,2026-09-25T16:19:32.851Z,0.0,90,2,2026-09-25 22:04:32.851,46.544444444444
Demo experiment,pioreactor02,2026-09-25T16:19:32.851Z,0.179602034599,45,3,2026-09-25 22:04:32.851,46.544444444444
Demo experiment,pioreactor02,2026-09-25T16:19:32.851Z,0.02755728505,135,4,2026-09-25 22:04:32.851,46.544444444444
Demo experiment,pioreactor02,2026-09-25T16:19:37.857Z,0.0,90,2,2026-09-25 22:04:37.857,46.545833333333
Demo experiment,pioreactor02,2026-09-25T16:19:37.857Z,0.179591970232,45,3,2026-09-25 22:04:37.857,46.545833333333
Demo experiment,pioreactor02,2026-09-25T16:19:37.857Z,0.026624582166,135,4,2026-09-25 22:04:37.857,46.545833333333
Demo experiment,pioreactor02,2026-09-25T16:19:42.855Z,0.0,90,2,2026-09-25 22:04:42.855,46.547222222222
Demo experiment,pioreactor02,2026-09-25T16:19:42.855Z,0.179690120016,45,3,2026-09-25 22:04:42.855,46.547222222222
Demo experiment,pioreactor02,2026-09-25T16:19:42.855Z,0.026950042388,135,4,2026-09-25 22:04:42.855,46.547222222222
Demo experiment,pioreactor02,2026-09-25T16:19:47.853Z,0.0,90,2,2026-09-25 22:04:47.853,46.548611111111
Demo experiment,pioreactor02,2026-09-25T16:19:47.853Z,0.179792219745,45,3,2026-09-25 22:04:47.853,46.548611111111
Demo experiment,pioreactor02,2026-09-25T16:19:47.853Z,0.028223229085,135,4,2026-09-25 22:04:47.853,46.548611111111
Demo experiment,pioreactor02,2026-09-25T16:19:52.859Z,0.0,90,2,2026-09-25 22:04:52.859,46.55
Demo experiment,pioreactor02,2026-09-25T16:19:52.859Z,0.179818546555,45,3,2026-09-25 22:04:52.859,46.55
Demo experiment,pioreactor02,2026-09-25T16:19:52.859Z,0.027894496385,135,4,2026-09-25 22:04:52.859,46.55
Demo experiment,pioreactor02,2026-09-25T16:19:57.857Z,0.0,90,2,2026-09-25 22:04:57.857,46.551388888889
Demo experiment,pioreactor02,2026-09-25T16:19:57.857Z,0.179810440342,45,3,2026-09-25 22:04:57.857,46.551388888889
Demo experiment,pioreactor02,2026-09-25T16:19:57.857Z,0.028387251139,135,4,2026-09-25 22:04:57.857,46.551388888889
Demo experiment,pioreactor02,2026-09-25T16:20:02.852Z,0.0,90,2,2026-09-25 22:05:02.852,46.552777777778
Demo experiment,pioreactor02,2026-09-25T16:20:02.852Z,0.179816303203,45,3,2026-09-25 22:05:02.852,46.552777777778
Demo experiment,pioreactor02,2026-09-25T16:20:02.852Z,0.030484580798,135,4,2026-09-25 22:05:02.852,46.552777777778
Demo experiment,pioreactor02,2026-09-25T16:20:07.856Z,0.0,90,2,2026-09-25 22:05:07.856,46.554166666667
Demo experiment,pioreactor02,2026-09-25T16:20:07.856Z,0.179765909637,45,3,2026-09-25 22:05:07.856,46.554166666667
Demo experiment,pioreactor02,2026-09-25T16:20:07.856Z,0.031363177633,135,4,2026-09-25 22:05:07.856,46.554166666667
Demo experiment,pioreactor02,2026-09-25T16:20:12.857Z,0.0,90,2,2026-09-25 22:05:12.857,46.555555555556
Demo experiment,pioreactor02,2026-09-25T16:20:12.857Z,0.179508415207,45,3,2026-09-25 22:05:12.857,46.555555555556
Demo experiment,pioreactor02,2026-09-25T16:20:12.857Z,0.030118165967,135,4,2026-09-25 22:05:12.857,46.555555555556
Demo experiment,pioreactor02,2026-09-25T16:20:17.854Z,0.0,90,2,2026-09-25 22:05:17.854,46.556944444444
Demo experiment,pioreactor02,2026-09-25T16:20:17.854Z,0.179455702442,45,3,2026-09-25 22:05:17.854,46.556944444444
Demo experiment,pioreactor02,2026-09-25T16:20:17.854Z,0.030818880517,135,4,2026-09-25 22:05:17.854,46.556944444444
Demo experiment,pioreactor02,2026-09-25T16:20:22.854Z,0.0,90,2,2026-09-25 22:05:22.854,46.558333333333
Demo experiment,pioreactor02,2026-09-25T16:20:22.854Z,0.179671122436,45,3,2026-09-25 22:05:22.854,46.558333333333
Demo experiment,pioreactor02,2026-09-25T16:20:22.854Z,0.029650100843,135,4,2026-09-25 22:05:22.854,46.558333333333
Demo experiment,pioreactor02,2026-09-25T16:20:27.852Z,0.0,90,2,2026-09-25 22:05:27.852,46.559722222222
Demo experiment,pioreactor02,2026-09-25T16:20:27.852Z,0.179886507546,45,3,2026-09-25 22:05:27.852,46.559722222222
Demo experiment,pioreactor02,2026-09-25T16:20:27.852Z,0.031806381593,135,4,2026-09-25 22:05:27.852,46.559722222222
Demo experiment,pioreactor02,2026-09-25T16:20:32.850Z,0.0,90,2,2026-09-25 22:05:32.850,46.561111111111
Demo experiment,pioreactor02,2026-09-25T16:20:32.850Z,0.179580643024,45,3,2026-09-25 22:05:32.850,46.561111111111
Demo experiment,pioreactor02,2026-09-25T16:20:32.850Z,0.033196751618,135,4,2026-09-25 22:05:32.850,46.561111111111
Demo experiment,pioreactor02,2026-09-25T16:20:37.851Z,0.0,90,2,2026-09-25 22:05:37.851,46.5625
Demo experiment,pioreactor02,2026-09-25T16:20:37.851Z,0.179424414587,45,3,2026-09-25 22:05:37.851,46.5625
Demo experiment,pioreactor02,2026-09-25T16:20:37.851Z,0.030696679758,135,4,2026-09-25 22:05:37.851,46.5625
Demo experiment,pioreactor02,2026-09-25T16:20:42.853Z,0.0,90,2,2026-09-25 22:05:42.853,46.563888888889
Demo experiment,pioreactor02,2026-09-25T16:20:42.853Z,0.179370914862,45,3,2026-09-25 22:05:42.853,46.563888888889
Demo experiment,pioreactor02,2026-09-25T16:20:42.853Z,0.030289815942,135,4,2026-09-25 22:05:42.853,46.563888888889
Demo experiment,pioreactor02,2026-09-25T16:20:47.851Z,0.0,90,2,2026-09-25 22:05:47.851,46.565277777778
Demo experiment,pioreactor02,2026-09-25T16:20:47.851Z,0.179347571385,45,3,2026-09-25 22:05:47.851,46.565277777778
Demo experiment,pioreactor02,2026-09-25T16:20:47.851Z,0.030814605614,135,4,2026-09-25 22:05:47.851,46.565277777778
Demo experiment,pioreactor02,2026-09-25T16:20:52.848Z,0.0,90,2,2026-09-25 22:05:52.848,46.566666666667
Demo experiment,pioreactor02,2026-09-25T16:20:52.848Z,0.179464152442,45,3,2026-09-25 22:05:52.848,46.566666666667
Demo experiment,pioreactor02,2026-09-25T16:20:52.848Z,0.03141314494,135,4,2026-09-25 22:05:52.848,46.566666666667
Demo experiment,pioreactor02,2026-09-25T16:20:57.855Z,0.0,90,2,2026-09-25 22:05:57.855,46.568055555556
Demo experiment,pioreactor02,2026-09-25T16:20:57.855Z,0.179529602015,45,3,2026-09-25 22:05:57.855,46.568055555556
Demo experiment,pioreactor02,2026-09-25T16:20:57.855Z,0.032539535864,135,4,2026-09-25 22:05:57.855,46.568055555556
Demo experiment,pioreactor02,2026-09-25T16:21:02.855Z,0.0,90,2,2026-09-25 22:06:02.855,46.569444444444
Demo experiment,pioreactor02,2026-09-25T16:21:02.855Z,0.179528089215,45,3,2026-09-25 22:06:02.855,46.569444444444
Demo experiment,pioreactor02,2026-09-25T16:21:02.855Z,0.037213406175,135,4,2026-09-25 22:06:02.855,46.569444444444
Demo experiment,pioreactor02,2026-09-25T16:21:07.857Z,0.0,90,2,2026-09-25 22:06:07.857,46.570833333333
Demo experiment,pioreactor02,2026-09-25T16:21:07.857Z,0.179222382061,45,3,2026-09-25 22:06:07.857,46.570833333333
Demo experiment,pioreactor02,2026-09-25T16:21:07.857Z,0.035803150376,135,4,2026-09-25 22:06:07.857,46.570833333333
Demo experiment,pioreactor02,2026-09-25T16:21:12.855Z,0.0,90,2,2026-09-25 22:06:12.855,46.572222222222
Demo experiment,pioreactor02,2026-09-25T16:21:12.855Z,0.179416053446,45,3,2026-09-25 22:06:12.855,46.572222222222
Demo experiment,pioreactor02,2026-09-25T16:21:12.855Z,0.041689507269,135,4,2026-09-25 22:06:12.855,46.572222222222
Demo experiment,pioreactor02,2026-09-25T16:21:17.853Z,0.0,90,2,2026-09-25 22:06:17.853,46.573611111111
Demo experiment,pioreactor02,2026-09-25T16:21:17.853Z,0.179328857381,45,3,2026-09-25 22:06:17.853,46.573611111111
Demo experiment,pioreactor02,2026-09-25T16:21:17.853Z,0.036728136912,135,4,2026-09-25 22:06:17.853,46.573611111111
Demo experiment,pioreactor02,2026-09-25T16:21:22.853Z,0.0,90,2,2026-09-25 22:06:22.853,46.575
Demo experiment,pioreactor02,2026-09-25T16:21:22.853Z,0.179138446867,45,3,2026-09-25 22:06:22.853,46.575
Demo experiment,pioreactor02,2026-09-25T16:21:22.853Z,0.036442349768,135,4,2026-09-25 22:06:22.853,46.575
Demo experiment,pioreactor02,2026-09-25T16:21:27.854Z,0.0,90,2,2026-09-25 22:06:27.854,46.576388888889
Demo experiment,pioreactor02,2026-09-25T16:21:27.854Z,0.179289933375,45,3,2026-09-25 22:06:27.854,46.576388888889
Demo experiment,pioreactor02,2026-09-25T16:21:27.854Z,0.034925530511,135,4,2026-09-25 22:06:27.854,46.576388888889
Demo experiment,pioreactor02,2026-09-25T16:21:32.854Z,0.0,90,2,2026-09-25 22:06:32.854,46.577777777778
Demo experiment,pioreactor02,2026-09-25T16:21:32.854Z,0.179459741303,45,3,2026-09-25 22:06:32.854,46.577777777778
Demo experiment,pioreactor02,2026-09-25T16:21:32.854Z,0.034017578247,135,4,2026-09-25 22:06:32.854,46.577777777778
Demo experiment,pioreactor02,2026-09-25T16:21:37.855Z,0.0,90,2,2026-09-25 22:06:37.855,46.579166666667
Demo experiment,pioreactor02,2026-09-25T16:21:37.855Z,0.179909935136,45,3,2026-09-25 22:06:37.855,46.579166666667
Demo experiment,pioreactor02,2026-09-25T16:21:37.855Z,0.034028527793,135,4,2026-09-25 22:06:37.855,46.579166666667
Demo experiment,pioreactor02,2026-09-25T16:21:42.850Z,0.0,90,2,2026-09-25 22:06:42.850,46.580555555556
Demo experiment,pioreactor02,2026-09-25T16:21:42.850Z,0.180344265345,45,3,2026-09-25 22:06:42.850,46.580555555556
Demo experiment,pioreactor02,2026-09-25T16:21:42.850Z,0.03115263501,135,4,2026-09-25 22:06:42.850,46.580555555556
Demo experiment,pioreactor02,2026-09-25T16:21:47.853Z,0.0,90,2,2026-09-25 22:06:47.853,46.581944444444
Demo experiment,pioreactor02,2026-09-25T16:21:47.853Z,0.180791119793,45,3,2026-09-25 22:06:47.853,46.581944444444
Demo experiment,pioreactor02,2026-09-25T16:21:47.853Z,0.029988575552,135,4,2026-09-25 22:06:47.853,46.581944444444
Demo experiment,pioreactor02,2026-09-25T16:21:52.852Z,0.0,90,2,2026-09-25 22:06:52.852,46.583333333333
Demo experiment,pioreactor02,2026-09-25T16:21:52.852Z,0.18294604068,45,3,2026-09-25 22:06:52.852,46.583333333333
Demo experiment,pioreactor02,2026-09-25T16:21:52.852Z,0.030306599206,135,4,2026-09-25 22:06:52.852,46.583333333333
Demo experiment,pioreactor02,2026-09-25T16:21:57.849Z,0.0,90,2,2026-09-25 22:06:57.849,46.584722222222
Demo experiment,pioreactor02,2026-09-25T16:21:57.849Z,0.185641933005,45,3,2026-09-25 22:06:57.849,46.584722222222
Demo experiment,pioreactor02,2026-09-25T16:21:57.849Z,0.029501344464,135,4,2026-09-25 22:06:57.849,46.584722222222
Demo experiment,pioreactor02,2026-09-25T16:22:02.851Z,0.0,90,2,2026-09-25 22:07:02.851,46.586111111111
Demo experiment,pioreactor02,2026-09-25T16:22:02.851Z,0.186610759632,45,3,2026-09-25 22:07:02.851,46.586111111111
Demo experiment,pioreactor02,2026-09-25T16:22:02.851Z,0.028402826508,135,4,2026-09-25 22:07:02.851,46.586111111111
Demo experiment,pioreactor02,2026-09-25T16:22:07.853Z,0.0,90,2,2026-09-25 22:07:07.853,46.5875
Demo experiment,pioreactor02,2026-09-25T16:22:07.853Z,0.187097251527,45,3,2026-09-25 22:07:07.853,46.5875
Demo experiment,pioreactor02,2026-09-25T16:22:07.853Z,0.028455840379,135,4,2026-09-25 22:07:07.853,46.5875
Demo experiment,pioreactor02,2026-09-25T16:22:12.851Z,0.0,90,2,2026-09-25 22:07:12.851,46.588888888889
Demo experiment,pioreactor02,2026-09-25T16:22:12.851Z,0.185542503695,45,3,2026-09-25 22:07:12.851,46.588888888889
Demo experiment,pioreactor02,2026-09-25T16:22:12.851Z,0.028524523032,135,4,2026-09-25 22:07:12.851,46.588888888889
Demo experiment,pioreactor02,2026-09-25T16:22:17.852Z,0.0,90,2,2026-09-25 22:07:17.852,46.590277777778
Demo experiment,pioreactor02,2026-09-25T16:22:17.852Z,0.187429872176,45,3,2026-09-25 22:07:17.852,46.590277777778
Demo experiment,pioreactor02,2026-09-25T16:22:17.852Z,0.043951637354,135,4,2026-09-25 22:07:17.852,46.590277777778
Demo experiment,pioreactor02,2026-09-25T16:22:22.849Z,0.0,90,2,2026-09-25 22:07:22.849,46.591666666667
Demo experiment,pioreactor02,2026-09-25T16:22:22.849Z,0.189478118222,45,3,2026-09-25 22:07:22.849,46.591666666667
Demo experiment,pioreactor02,2026-09-25T16:22:22.849Z,0.047991125116,135,4,2026-09-25 22:07:22.849,46.591666666667
Demo experiment,pioreactor02,2026-09-25T16:22:27.853Z,0.0,90,2,2026-09-25 22:07:27.853,46.593055555556
Demo experiment,pioreactor02,2026-09-25T16:22:27.853Z,0.188250199612,45,3,2026-09-25 22:07:27.853,46.593055555556
Demo experiment,pioreactor02,2026-09-25T16:22:27.853Z,0.038914087947,135,4,2026-09-25 22:07:27.853,46.593055555556
Demo experiment,pioreactor02,2026-09-25T16:22:32.850Z,0.0,90,2,2026-09-25 22:07:32.850,46.594444444444
Demo experiment,pioreactor02,2026-09-25T16:22:32.850Z,0.187862478135,45,3,2026-09-25 22:07:32.850,46.594444444444
Demo experiment,pioreactor02,2026-09-25T16:22:32.850Z,0.033882657894,135,4,2026-09-25 22:07:32.850,46.594444444444
Demo experiment,pioreactor02,2026-09-25T16:22:37.849Z,0.0,90,2,2026-09-25 22:07:37.849,46.595833333333
Demo experiment,pioreactor02,2026-09-25T16:22:37.849Z,0.188285486581,45,3,2026-09-25 22:07:37.849,46.595833333333
Demo experiment,pioreactor02,2026-09-25T16:22:37.849Z,0.03950151797,135,4,2026-09-25 22:07:37.849,46.595833333333
Demo experiment,pioreactor02,2026-09-25T16:22:42.853Z,0.0,90,2,2026-09-25 22:07:42.853,46.597222222222
Demo experiment,pioreactor02,2026-09-25T16:22:42.853Z,0.186640930713,45,3,2026-09-25 22:07:42.853,46.597222222222
Demo experiment,pioreactor02,2026-09-25T16:22:42.853Z,0.052055359891,135,4,2026-09-25 22:07:42.853,46.597222222222
Demo experiment,pioreactor02,2026-09-25T16:22:47.848Z,0.0,90,2,2026-09-25 22:07:47.848,46.598611111111
Demo experiment,pioreactor02,2026-09-25T16:22:47.848Z,0.185522741992,45,3,2026-09-25 22:07:47.848,46.598611111111
Demo experiment,pioreactor02,2026-09-25T16:22:47.848Z,0.056512191348,135,4,2026-09-25 22:07:47.848,46.598611111111
Demo experiment,pioreactor02,2026-09-25T16:22:52.851Z,0.0,90,2,2026-09-25 22:07:52.851,46.6
Demo experiment,pioreactor02,2026-09-25T16:22:52.851Z,0.185457012998,45,3,2026-09-25 22:07:52.851,46.6
Demo experiment,pioreactor02,2026-09-25T16:22:52.851Z,0.061642990791,135,4,2026-09-25 22:07:52.851,46.6
Demo experiment,pioreactor02,2026-09-25T16:22:57.851Z,0.0,90,2,2026-09-25 22:07:57.851,46.601388888889
Demo experiment,pioreactor02,2026-09-25T16:22:57.851Z,0.186286449646,45,3,2026-09-25 22:07:57.851,46.601388888889
Demo experiment,pioreactor02,2026-09-25T16:22:57.851Z,0.063727073891,135,4,2026-09-25 22:07:57.851,46.601388888889
Demo experiment,pioreactor02,2026-09-25T16:23:02.851Z,0.0,90,2,2026-09-25 22:08:02.851,46.602777777778
Demo experiment,pioreactor02,2026-09-25T16:23:02.851Z,0.185815432388,45,3,2026-09-25 22:08:02.851,46.602777777778
Demo experiment,pioreactor02,2026-09-25T16:23:02.851Z,0.047351361961,135,4,2026-09-25 22:08:02.851,46.602777777778
Demo experiment,pioreactor02,2026-09-25T16:23:07.850Z,0.0,90,2,2026-09-25 22:08:07.850,46.604166666667
Demo experiment,pioreactor02,2026-09-25T16:23:07.850Z,0.187280769877,45,3,2026-09-25 22:08:07.850,46.604166666667
Demo experiment,pioreactor02,2026-09-25T16:23:07.850Z,0.057661995097,135,4,2026-09-25 22:08:07.850,46.604166666667
Demo experiment,pioreactor02,2026-09-25T16:23:12.852Z,0.0,90,2,2026-09-25 22:08:12.852,46.605555555556
Demo experiment,pioreactor02,2026-09-25T16:23:12.852Z,0.18709337283,45,3,2026-09-25 22:08:12.852,46.605555555556
Demo experiment,pioreactor02,2026-09-25T16:23:12.852Z,0.06444907607,135,4,2026-09-25 22:08:12.852,46.605555555556
Demo experiment,pioreactor02,2026-09-25T16:23:17.853Z,0.0,90,2,2026-09-25 22:08:17.853,46.606944444444
Demo experiment,pioreactor02,2026-09-25T16:23:17.853Z,0.185850285124,45,3,2026-09-25 22:08:17.853,46.606944444444
Demo experiment,pioreactor02,2026-09-25T16:23:17.853Z,0.051241790926,135,4,2026-09-25 22:08:17.853,46.606944444444
Demo experiment,pioreactor02,2026-09-25T16:23:22.850Z,0.0,90,2,2026-09-25 22:08:22.850,46.608333333333
Demo experiment,pioreactor02,2026-09-25T16:23:22.850Z,0.185226495238,45,3,2026-09-25 22:08:22.850,46.608333333333
Demo experiment,pioreactor02,2026-09-25T16:23:22.850Z,0.043764893381,135,4,2026-09-25 22:08:22.850,46.608333333333
Demo experiment,pioreactor02,2026-09-25T16:23:27.849Z,0.0,90,2,2026-09-25 22:08:27.849,46.609722222222
Demo experiment,pioreactor02,2026-09-25T16:23:27.849Z,0.184069911479,45,3,2026-09-25 22:08:27.849,46.609722222222
Demo experiment,pioreactor02,2026-09-25T16:23:27.849Z,0.036814791925,135,4,2026-09-25 22:08:27.849,46.609722222222
Demo experiment,pioreactor02,2026-09-25T16:23:32.854Z,0.0,90,2,2026-09-25 22:08:32.854,46.611111111111
Demo experiment,pioreactor02,2026-09-25T16:23:32.854Z,0.186021309078,45,3,2026-09-25 22:08:32.854,46.611111111111
Demo experiment,pioreactor02,2026-09-25T16:23:32.854Z,0.057724484338,135,4,2026-09-25 22:08:32.854,46.611111111111
Demo experiment,pioreactor02,2026-09-25T16:23:37.851Z,0.0,90,2,2026-09-25 22:08:37.851,46.6125
Demo experiment,pioreactor02,2026-09-25T16:23:37.851Z,0.185472138163,45,3,2026-09-25 22:08:37.851,46.6125
Demo experiment,pioreactor02,2026-09-25T16:23:37.851Z,0.052023246574,135,4,2026-09-25 22:08:37.851,46.6125
Demo experiment,pioreactor02,2026-09-25T16:23:42.850Z,0.0,90,2,2026-09-25 22:08:42.850,46.613888888889
Demo experiment,pioreactor02,2026-09-25T16:23:42.850Z,0.185901963017,45,3,2026-09-25 22:08:42.850,46.613888888889
Demo experiment,pioreactor02,2026-09-25T16:23:42.850Z,0.045445058663,135,4,2026-09-25 22:08:42.850,46.613888888889
Demo experiment,pioreactor02,2026-09-25T16:23:47.851Z,0.0,90,2,2026-09-25 22:08:47.851,46.615277777778
Demo experiment,pioreactor02,2026-09-25T16:23:47.851Z,0.184292929203,45,3,2026-09-25 22:08:47.851,46.615277777778
Demo experiment,pioreactor02,2026-09-25T16:23:47.851Z,0.03832226908,135,4,2026-09-25 22:08:47.851,46.615277777778
Demo experiment,pioreactor02,2026-09-25T16:23:52.852Z,0.0,90,2,2026-09-25 22:08:52.852,46.616666666667
Demo experiment,pioreactor02,2026-09-25T16:23:52.852Z,0.184297095602,45,3,2026-09-25 22:08:52.852,46.616666666667
Demo experiment,pioreactor02,2026-09-25T16:23:52.852Z,0.045868331916,135,4,2026-09-25 22:08:52.852,46.616666666667
Demo experiment,pioreactor02,2026-09-25T16:23:57.849Z,0.0,90,2,2026-09-25 22:08:57.849,46.618055555556
Demo experiment,pioreactor02,2026-09-25T16:23:57.849Z,0.184231220712,45,3,2026-09-25 22:08:57.849,46.618055555556
Demo experiment,pioreactor02,2026-09-25T16:23:57.849Z,0.057208459303,135,4,2026-09-25 22:08:57.849,46.618055555556
Demo experiment,pioreactor02,2026-09-25T16:24:02.852Z,0.0,90,2,2026-09-25 22:09:02.852,46.619444444444
Demo experiment,pioreactor02,2026-09-25T16:24:02.852Z,0.184087566054,45,3,2026-09-25 22:09:02.852,46.619444444444
Demo experiment,pioreactor02,2026-09-25T16:24:02.852Z,0.05989370651,135,4,2026-09-25 22:09:02.852,46.619444444444
Demo experiment,pioreactor02,2026-09-25T16:24:07.850Z,0.0,90,2,2026-09-25 22:09:07.850,46.620833333333
Demo experiment,pioreactor02,2026-09-25T16:24:07.850Z,0.184299688318,45,3,2026-09-25 22:09:07.850,46.620833333333
Demo experiment,pioreactor02,2026-09-25T16:24:07.850Z,0.052290940788,135,4,2026-09-25 22:09:07.850,46.620833333333
Demo experiment,pioreactor02,2026-09-25T16:24:12.849Z,0.0,90,2,2026-09-25 22:09:12.849,46.622222222222
Demo experiment,pioreactor02,2026-09-25T16:24:12.849Z,0.183647166776,45,3,2026-09-25 22:09:12.849,46.622222222222
Demo experiment,pioreactor02,2026-09-25T16:24:12.849Z,0.040330138364,135,4,2026-09-25 22:09:12.849,46.622222222222
Demo experiment,pioreactor02,2026-09-25T16:24:17.854Z,0.0,90,2,2026-09-25 22:09:17.854,46.623611111111
Demo experiment,pioreactor02,2026-09-25T16:24:17.854Z,0.184942076704,45,3,2026-09-25 22:09:17.854,46.623611111111
Demo experiment,pioreactor02,2026-09-25T16:24:17.854Z,0.052719598223,135,4,2026-09-25 22:09:17.854,46.623611111111
Demo experiment,pioreactor02,2026-09-25T16:24:22.849Z,0.0,90,2,2026-09-25 22:09:22.849,46.625
Demo experiment,pioreactor02,2026-09-25T16:24:22.849Z,0.184518590276,45,3,2026-09-25 22:09:22.849,46.625
Demo experiment,pioreactor02,2026-09-25T16:24:22.849Z,0.059495975003,135,4,2026-09-25 22:09:22.849,46.625
Demo experiment,pioreactor02,2026-09-25T16:24:27.851Z,0.0,90,2,2026-09-25 22:09:27.851,46.626388888889
Demo experiment,pioreactor02,2026-09-25T16:24:27.851Z,0.183935527542,45,3,2026-09-25 22:09:27.851,46.626388888889
Demo experiment,pioreactor02,2026-09-25T16:24:27.851Z,0.043244586655,135,4,2026-09-25 22:09:27.851,46.626388888889
Demo experiment,pioreactor02,2026-09-25T16:24:32.850Z,0.0,90,2,2026-09-25 22:09:32.850,46.627777777778
Demo experiment,pioreactor02,2026-09-25T16:24:32.850Z,0.183311531832,45,3,2026-09-25 22:09:32.850,46.627777777778
Demo experiment,pioreactor02,2026-09-25T16:24:32.850Z,0.036384593278,135,4,2026-09-25 22:09:32.850,46.627777777778
Demo experiment,pioreactor02,2026-09-25T16:24:37.852Z,0.0,90,2,2026-09-25 22:09:37.852,46.629166666667
Demo experiment,pioreactor02,2026-09-25T16:24:37.852Z,0.182957583795,45,3,2026-09-25 22:09:37.852,46.629166666667
Demo experiment,pioreactor02,2026-09-25T16:24:37.852Z,0.032358087522,135,4,2026-09-25 22:09:37.852,46.629166666667
Demo experiment,pioreactor02,2026-09-25T16:24:42.851Z,0.0,90,2,2026-09-25 22:09:42.851,46.630555555556
Demo experiment,pioreactor02,2026-09-25T16:24:42.851Z,0.183241209494,45,3,2026-09-25 22:09:42.851,46.630555555556
Demo experiment,pioreactor02,2026-09-25T16:24:42.851Z,0.035361104943,135,4,2026-09-25 22:09:42.851,46.630555555556
Demo experiment,pioreactor02,2026-09-25T16:24:47.851Z,0.0,90,2,2026-09-25 22:09:47.851,46.631944444444
Demo experiment,pioreactor02,2026-09-25T16:24:47.851Z,0.184588978569,45,3,2026-09-25 22:09:47.851,46.631944444444
Demo experiment,pioreactor02,2026-09-25T16:24:47.851Z,0.05092769455,135,4,2026-09-25 22:09:47.851,46.631944444444
Demo experiment,pioreactor02,2026-09-25T16:24:52.851Z,0.0,90,2,2026-09-25 22:09:52.851,46.633333333333
Demo experiment,pioreactor02,2026-09-25T16:24:52.851Z,0.183685433851,45,3,2026-09-25 22:09:52.851,46.633333333333
Demo experiment,pioreactor02,2026-09-25T16:24:52.851Z,0.052783485209,135,4,2026-09-25 22:09:52.851,46.633333333333
Demo experiment,pioreactor02,2026-09-25T16:24:57.851Z,0.0,90,2,2026-09-25 22:09:57.851,46.634722222222
Demo experiment,pioreactor02,2026-09-25T16:24:57.851Z,0.182892069023,45,3,2026-09-25 22:09:57.851,46.634722222222
Demo experiment,pioreactor02,2026-09-25T16:24:57.851Z,0.04302556554,135,4,2026-09-25 22:09:57.851,46.634722222222
Demo experiment,pioreactor02,2026-09-25T16:25:02.851Z,0.0,90,2,2026-09-25 22:10:02.851,46.636111111111
Demo experiment,pioreactor02,2026-09-25T16:25:02.851Z,0.183222766472,45,3,2026-09-25 22:10:02.851,46.636111111111
Demo experiment,pioreactor02,2026-09-25T16:25:02.851Z,0.042967666985,135,4,2026-09-25 22:10:02.851,46.636111111111
Demo experiment,pioreactor02,2026-09-25T16:25:07.849Z,0.0,90,2,2026-09-25 22:10:07.849,46.6375
Demo experiment,pioreactor02,2026-09-25T16:25:07.849Z,0.182221068973,45,3,2026-09-25 22:10:07.849,46.6375
Demo experiment,pioreactor02,2026-09-25T16:25:07.849Z,0.041672582932,135,4,2026-09-25 22:10:07.849,46.6375
Demo experiment,pioreactor02,2026-09-25T16:25:12.849Z,0.0,90,2,2026-09-25 22:10:12.849,46.638888888889
Demo experiment,pioreactor02,2026-09-25T16:25:12.849Z,0.182629461928,45,3,2026-09-25 22:10:12.849,46.638888888889
Demo experiment,pioreactor02,2026-09-25T16:25:12.849Z,0.041719256699,135,4,2026-09-25 22:10:12.849,46.638888888889
Demo experiment,pioreactor02,2026-09-25T16:25:17.853Z,0.0,90,2,2026-09-25 22:10:17.853,46.640277777778
Demo experiment,pioreactor02,2026-09-25T16:25:17.853Z,0.183108525886,45,3,2026-09-25 22:10:17.853,46.640277777778
Demo experiment,pioreactor02,2026-09-25T16:25:17.853Z,0.047423294373,135,4,2026-09-25 22:10:17.853,46.640277777778
Demo experiment,pioreactor02,2026-09-25T16:25:22.852Z,0.0,90,2,2026-09-25 22:10:22.852,46.641666666667
Demo experiment,pioreactor02,2026-09-25T16:25:22.852Z,0.182034681543,45,3,2026-09-25 22:10:22.852,46.641666666667
Demo experiment,pioreactor02,2026-09-25T16:25:22.852Z,0.038960701362,135,4,2026-09-25 22:10:22.852,46.641666666667
Demo experiment,pioreactor02,2026-09-25T16:25:27.849Z,0.0,90,2,2026-09-25 22:10:27.849,46.643055555556
Demo experiment,pioreactor02,2026-09-25T16:25:27.849Z,0.181629366161,45,3,2026-09-25 22:10:27.849,46.643055555556
Demo experiment,pioreactor02,2026-09-25T16:25:27.849Z,0.038544638181,135,4,2026-09-25 22:10:27.849,46.643055555556
Demo experiment,pioreactor02,2026-09-25T16:25:32.848Z,0.0,90,2,2026-09-25 22:10:32.848,46.644444444444
Demo experiment,pioreactor02,2026-09-25T16:25:32.848Z,0.181515491781,45,3,2026-09-25 22:10:32.848,46.644444444444
Demo experiment,pioreactor02,2026-09-25T16:25:32.848Z,0.036262769825,135,4,2026-09-25 22:10:32.848,46.644444444444
Demo experiment,pioreactor02,2026-09-25T16:25:37.851Z,0.0,90,2,2026-09-25 22:10:37.851,46.645833333333
Demo experiment,pioreactor02,2026-09-25T16:25:37.851Z,0.181733263859,45,3,2026-09-25 22:10:37.851,46.645833333333
Demo experiment,pioreactor02,2026-09-25T16:25:37.851Z,0.037248369163,135,4,2026-09-25 22:10:37.851,46.645833333333
Demo experiment,pioreactor02,2026-09-25T16:25:42.849Z,0.0,90,2,2026-09-25 22:10:42.849,46.647222222222
Demo experiment,pioreactor02,2026-09-25T16:25:42.849Z,0.182097518581,45,3,2026-09-25 22:10:42.849,46.647222222222
Demo experiment,pioreactor02,2026-09-25T16:25:42.849Z,0.037973703744,135,4,2026-09-25 22:10:42.849,46.647222222222
Demo experiment,pioreactor02,2026-09-25T16:25:47.851Z,0.0,90,2,2026-09-25 22:10:47.851,46.648611111111
Demo experiment,pioreactor02,2026-09-25T16:25:47.851Z,0.18140848956,45,3,2026-09-25 22:10:47.851,46.648611111111
Demo experiment,pioreactor02,2026-09-25T16:25:47.851Z,0.034587391424,135,4,2026-09-25 22:10:47.851,46.648611111111
Demo experiment,pioreactor02,2026-09-25T16:25:52.852Z,0.0,90,2,2026-09-25 22:10:52.852,46.65
Demo experiment,pioreactor02,2026-09-25T16:25:52.852Z,0.181070506464,45,3,2026-09-25 22:10:52.852,46.65
Demo experiment,pioreactor02,2026-09-25T16:25:52.852Z,0.034991790625,135,4,2026-09-25 22:10:52.852,46.65
Demo experiment,pioreactor02,2026-09-25T16:25:57.852Z,0.0,90,2,2026-09-25 22:10:57.852,46.651388888889
Demo experiment,pioreactor02,2026-09-25T16:25:57.852Z,0.180411487609,45,3,2026-09-25 22:10:57.852,46.651388888889
Demo experiment,pioreactor02,2026-09-25T16:25:57.852Z,0.036235425343,135,4,2026-09-25 22:10:57.852,46.651388888889
Demo experiment,pioreactor02,2026-09-25T16:26:02.851Z,0.0,90,2,2026-09-25 22:11:02.851,46.652777777778
Demo experiment,pioreactor02,2026-09-25T16:26:02.851Z,0.180156373163,45,3,2026-09-25 22:11:02.851,46.652777777778
Demo experiment,pioreactor02,2026-09-25T16:26:02.851Z,0.033910780037,135,4,2026-09-25 22:11:02.851,46.652777777778
Demo experiment,pioreactor02,2026-09-25T16:26:07.852Z,0.0,90,2,2026-09-25 22:11:07.852,46.654166666667
Demo experiment,pioreactor02,2026-09-25T16:26:07.852Z,0.180469810518,45,3,2026-09-25 22:11:07.852,46.654166666667
Demo experiment,pioreactor02,2026-09-25T16:26:07.852Z,0.033805390173,135,4,2026-09-25 22:11:07.852,46.654166666667
Demo experiment,pioreactor02,2026-09-25T16:26:12.852Z,0.0,90,2,2026-09-25 22:11:12.852,46.655555555556
Demo experiment,pioreactor02,2026-09-25T16:26:12.852Z,0.180564221645,45,3,2026-09-25 22:11:12.852,46.655555555556
Demo experiment,pioreactor02,2026-09-25T16:26:12.852Z,0.032004576878,135,4,2026-09-25 22:11:12.852,46.655555555556
Demo experiment,pioreactor02,2026-09-25T16:26:17.853Z,0.0,90,2,2026-09-25 22:11:17.853,46.656944444444
Demo experiment,pioreactor02,2026-09-25T16:26:17.853Z,0.180403513178,45,3,2026-09-25 22:11:17.853,46.656944444444
Demo experiment,pioreactor02,2026-09-25T16:26:17.853Z,0.03304946213,135,4,2026-09-25 22:11:17.853,46.656944444444
Demo experiment,pioreactor02,2026-09-25T16:26:22.857Z,0.0,90,2,2026-09-25 22:11:22.857,46.658333333333
Demo experiment,pioreactor02,2026-09-25T16:26:22.857Z,0.180586270297,45,3,2026-09-25 22:11:22.857,46.658333333333
Demo experiment,pioreactor02,2026-09-25T16:26:22.857Z,0.034399654758,135,4,2026-09-25 22:11:22.857,46.658333333333
Demo experiment,pioreactor02,2026-09-25T16:26:27.852Z,0.0,90,2,2026-09-25 22:11:27.852,46.659722222222
Demo experiment,pioreactor02,2026-09-25T16:26:27.852Z,0.180356227341,45,3,2026-09-25 22:11:27.852,46.659722222222
Demo experiment,pioreactor02,2026-09-25T16:26:27.852Z,0.031307706789,135,4,2026-09-25 22:11:27.852,46.659722222222
Demo experiment,pioreactor02,2026-09-25T16:26:32.852Z,0.0,90,2,2026-09-25 22:11:32.852,46.661111111111
Demo experiment,pioreactor02,2026-09-25T16:26:32.852Z,0.179993817677,45,3,2026-09-25 22:11:32.852,46.661111111111
Demo experiment,pioreactor02,2026-09-25T16:26:32.852Z,0.035044012272,135,4,2026-09-25 22:11:32.852,46.661111111111
Demo experiment,pioreactor02,2026-09-25T16:26:37.854Z,0.0,90,2,2026-09-25 22:11:37.854,46.6625
Demo experiment,pioreactor02,2026-09-25T16:26:37.854Z,0.179925444433,45,3,2026-09-25 22:11:37.854,46.6625
Demo experiment,pioreactor02,2026-09-25T16:26:37.854Z,0.033175311802,135,4,2026-09-25 22:11:37.854,46.6625
Demo experiment,pioreactor02,2026-09-25T16:26:42.856Z,0.0,90,2,2026-09-25 22:11:42.856,46.663888888889
Demo experiment,pioreactor02,2026-09-25T16:26:42.856Z,0.179730423968,45,3,2026-09-25 22:11:42.856,46.663888888889
Demo experiment,pioreactor02,2026-09-25T16:26:42.856Z,0.030753834819,135,4,2026-09-25 22:11:42.856,46.663888888889
Demo experiment,pioreactor02,2026-09-25T16:26:47.853Z,0.0,90,2,2026-09-25 22:11:47.853,46.665277777778
Demo experiment,pioreactor02,2026-09-25T16:26:47.853Z,0.179921973885,45,3,2026-09-25 22:11:47.853,46.665277777778
Demo experiment,pioreactor02,2026-09-25T16:26:47.853Z,0.031939476163,135,4,2026-09-25 22:11:47.853,46.665277777778
Demo experiment,pioreactor02,2026-09-25T16:26:52.852Z,0.0,90,2,2026-09-25 22:11:52.852,46.666666666667
Demo experiment,pioreactor02,2026-09-25T16:26:52.852Z,0.180129032146,45,3,2026-09-25 22:11:52.852,46.666666666667
Demo experiment,pioreactor02,2026-09-25T16:26:52.852Z,0.033251861718,135,4,2026-09-25 22:11:52.852,46.666666666667
Demo experiment,pioreactor02,2026-09-25T16:26:57.857Z,0.0,90,2,2026-09-25 22:11:57.857,46.668055555556
Demo experiment,pioreactor02,2026-09-25T16:26:57.857Z,0.180143214291,45,3,2026-09-25 22:11:57.857,46.668055555556
Demo experiment,pioreactor02,2026-09-25T16:26:57.857Z,0.032046562962,135,4,2026-09-25 22:11:57.857,46.668055555556
Demo experiment,pioreactor02,2026-09-25T16:27:02.852Z,0.0,90,2,2026-09-25 22:12:02.852,46.669444444444
Demo experiment,pioreactor02,2026-09-25T16:27:02.852Z,0.180048726516,45,3,2026-09-25 22:12:02.852,46.669444444444
Demo experiment,pioreactor02,2026-09-25T16:27:02.852Z,0.032983869159,135,4,2026-09-25 22:12:02.852,46.669444444444
Demo experiment,pioreactor02,2026-09-25T16:27:07.855Z,0.0,90,2,2026-09-25 22:12:07.855,46.670833333333
Demo experiment,pioreactor02,2026-09-25T16:27:07.855Z,0.179904677719,45,3,2026-09-25 22:12:07.855,46.670833333333
Demo experiment,pioreactor02,2026-09-25T16:27:07.855Z,0.033063375606,135,4,2026-09-25 22:12:07.855,46.670833333333
Demo experiment,pioreactor02,2026-09-25T16:27:12.851Z,0.0,90,2,2026-09-25 22:12:12.851,46.672222222222
Demo experiment,pioreactor02,2026-09-25T16:27:12.851Z,0.17990372022,45,3,2026-09-25 22:12:12.851,46.672222222222
Demo experiment,pioreactor02,2026-09-25T16:27:12.851Z,0.031445131008,135,4,2026-09-25 22:12:12.851,46.672222222222
Demo experiment,pioreactor02,2026-09-25T16:27:17.849Z,0.0,90,2,2026-09-25 22:12:17.849,46.673611111111
Demo experiment,pioreactor02,2026-09-25T16:27:17.849Z,0.180037721642,45,3,2026-09-25 22:12:17.849,46.673611111111
Demo experiment,pioreactor02,2026-09-25T16:27:17.849Z,0.030333631891,135,4,2026-09-25 22:12:17.849,46.673611111111
Demo experiment,pioreactor02,2026-09-25T16:27:22.850Z,0.0,90,2,2026-09-25 22:12:22.850,46.675
Demo experiment,pioreactor02,2026-09-25T16:27:22.850Z,0.179784693175,45,3,2026-09-25 22:12:22.850,46.675
Demo experiment,pioreactor02,2026-09-25T16:27:22.850Z,0.030627180743,135,4,2026-09-25 22:12:22.850,46.675
Demo experiment,pioreactor02,2026-09-25T16:27:27.853Z,0.0,90,2,2026-09-25 22:12:27.853,46.676388888889
Demo experiment,pioreactor02,2026-09-25T16:27:27.853Z,0.179966116937,45,3,2026-09-25 22:12:27.853,46.676388888889
Demo experiment,pioreactor02,2026-09-25T16:27:27.853Z,0.031025006036,135,4,2026-09-25 22:12:27.853,46.676388888889
Demo experiment,pioreactor02,2026-09-25T16:27:32.852Z,0.0,90,2,2026-09-25 22:12:32.852,46.677777777778
Demo experiment,pioreactor02,2026-09-25T16:27:32.852Z,0.17994024618,45,3,2026-09-25 22:12:32.852,46.677777777778
Demo experiment,pioreactor02,2026-09-25T16:27:32.852Z,0.03118238035,135,4,2026-09-25 22:12:32.852,46.677777777778
Demo experiment,pioreactor02,2026-09-25T16:27:37.855Z,0.0,90,2,2026-09-25 22:12:37.855,46.679166666667
Demo experiment,pioreactor02,2026-09-25T16:27:37.855Z,0.179743816403,45,3,2026-09-25 22:12:37.855,46.679166666667
Demo experiment,pioreactor02,2026-09-25T16:27:37.855Z,0.032597134264,135,4,2026-09-25 22:12:37.855,46.679166666667
Demo experiment,pioreactor02,2026-09-25T16:27:42.857Z,0.0,90,2,2026-09-25 22:12:42.857,46.680555555556
Demo experiment,pioreactor02,2026-09-25T16:27:42.857Z,0.179838483025,45,3,2026-09-25 22:12:42.857,46.680555555556
Demo experiment,pioreactor02,2026-09-25T16:27:42.857Z,0.03578173197,135,4,2026-09-25 22:12:42.857,46.680555555556
Demo experiment,pioreactor02,2026-09-25T16:27:47.854Z,0.0,90,2,2026-09-25 22:12:47.854,46.681944444444
Demo experiment,pioreactor02,2026-09-25T16:27:47.854Z,0.179847738763,45,3,2026-09-25 22:12:47.854,46.681944444444
Demo experiment,pioreactor02,2026-09-25T16:27:47.854Z,0.03401443608,135,4,2026-09-25 22:12:47.854,46.681944444444
Demo experiment,pioreactor02,2026-09-25T16:27:52.856Z,0.0,90,2,2026-09-25 22:12:52.856,46.683333333333
Demo experiment,pioreactor02,2026-09-25T16:27:52.856Z,0.179672824123,45,3,2026-09-25 22:12:52.856,46.683333333333
Demo experiment,pioreactor02,2026-09-25T16:27:52.856Z,0.033349957693,135,4,2026-09-25 22:12:52.856,46.683333333333
Demo experiment,pioreactor02,2026-09-25T16:27:57.854Z,0.0,90,2,2026-09-25 22:12:57.854,46.684722222222
Demo experiment,pioreactor02,2026-09-25T16:27:57.854Z,0.179589048524,45,3,2026-09-25 22:12:57.854,46.684722222222
Demo experiment,pioreactor02,2026-09-25T16:27:57.854Z,0.031977234626,135,4,2026-09-25 22:12:57.854,46.684722222222
Demo experiment,pioreactor02,2026-09-25T16:28:02.852Z,0.0,90,2,2026-09-25 22:13:02.852,46.686111111111
Demo experiment,pioreactor02,2026-09-25T16:28:02.852Z,0.179603181056,45,3,2026-09-25 22:13:02.852,46.686111111111
Demo experiment,pioreactor02,2026-09-25T16:28:02.852Z,0.030660791012,135,4,2026-09-25 22:13:02.852,46.686111111111
Demo experiment,pioreactor02,2026-09-25T16:28:07.857Z,0.0,90,2,2026-09-25 22:13:07.857,46.6875
Demo experiment,pioreactor02,2026-09-25T16:28:07.857Z,0.179694503439,45,3,2026-09-25 22:13:07.857,46.6875
Demo experiment,pioreactor02,2026-09-25T16:28:07.857Z,0.031380656956,135,4,2026-09-25 22:13:07.857,46.6875
Demo experiment,pioreactor02,2026-09-25T16:28:12.850Z,0.0,90,2,2026-09-25 22:13:12.850,46.688888888889
Demo experiment,pioreactor02,2026-09-25T16:28:12.850Z,0.179482646699,45,3,2026-09-25 22:13:12.850,46.688888888889
Demo experiment,pioreactor02,2026-09-25T16:28:12.850Z,0.034824352794,135,4,2026-09-25 22:13:12.850,46.688888888889
Demo experiment,pioreactor02,2026-09-25T16:28:17.852Z,0.0,90,2,2026-09-25 22:13:17.852,46.690277777778
Demo experiment,pioreactor02,2026-09-25T16:28:17.852Z,0.179387090975,45,3,2026-09-25 22:13:17.852,46.690277777778
Demo experiment,pioreactor02,2026-09-25T16:28:17.852Z,0.033564425758,135,4,2026-09-25 22:13:17.852,46.690277777778
Demo experiment,pioreactor02,2026-09-25T16:28:22.850Z,0.0,90,2,2026-09-25 22:13:22.850,46.691666666667
Demo experiment,pioreactor02,2026-09-25T16:28:22.850Z,0.179430305827,45,3,2026-09-25 22:13:22.850,46.691666666667
Demo experiment,pioreactor02,2026-09-25T16:28:22.850Z,0.030467819997,135,4,2026-09-25 22:13:22.850,46.691666666667
Demo experiment,pioreactor02,2026-09-25T16:28:27.852Z,0.0,90,2,2026-09-25 22:13:27.852,46.693055555556
Demo experiment,pioreactor02,2026-09-25T16:28:27.852Z,0.179419769956,45,3,2026-09-25 22:13:27.852,46.693055555556
Demo experiment,pioreactor02,2026-09-25T16:28:27.852Z,0.032095951673,135,4,2026-09-25 22:13:27.852,46.693055555556
Demo experiment,pioreactor02,2026-09-25T16:28:32.855Z,0.0,90,2,2026-09-25 22:13:32.855,46.694444444444
Demo experiment,pioreactor02,2026-09-25T16:28:32.855Z,0.17961296612,45,3,2026-09-25 22:13:32.855,46.694444444444
Demo experiment,pioreactor02,2026-09-25T16:28:32.855Z,0.033040004621,135,4,2026-09-25 22:13:32.855,46.694444444444
Demo experiment,pioreactor02,2026-09-25T16:28:37.849Z,0.0,90,2,2026-09-25 22:13:37.849,46.695833333333
Demo experiment,pioreactor02,2026-09-25T16:28:37.849Z,0.179616150764,45,3,2026-09-25 22:13:37.849,46.695833333333
Demo experiment,pioreactor02,2026-09-25T16:28:37.849Z,0.033512477545,135,4,2026-09-25 22:13:37.849,46.695833333333
Demo experiment,pioreactor02,2026-09-25T16:28:42.853Z,0.0,90,2,2026-09-25 22:13:42.853,46.697222222222
Demo experiment,pioreactor02,2026-09-25T16:28:42.853Z,0.179627012295,45,3,2026-09-25 22:13:42.853,46.697222222222
Demo experiment,pioreactor02,2026-09-25T16:28:42.853Z,0.035875432159,135,4,2026-09-25 22:13:42.853,46.697222222222
Demo experiment,pioreactor02,2026-09-25T16:28:47.850Z,0.0,90,2,2026-09-25 22:13:47.850,46.698611111111
Demo experiment,pioreactor02,2026-09-25T16:28:47.850Z,0.179358401184,45,3,2026-09-25 22:13:47.850,46.698611111111
Demo experiment,pioreactor02,2026-09-25T16:28:47.850Z,0.037844163049,135,4,2026-09-25 22:13:47.850,46.698611111111
Demo experiment,pioreactor02,2026-09-25T16:28:52.852Z,0.0,90,2,2026-09-25 22:13:52.852,46.7
Demo experiment,pioreactor02,2026-09-25T16:28:52.852Z,0.179193339159,45,3,2026-09-25 22:13:52.852,46.7
Demo experiment,pioreactor02,2026-09-25T16:28:52.852Z,0.035889924637,135,4,2026-09-25 22:13:52.852,46.7
Demo experiment,pioreactor02,2026-09-25T16:28:57.850Z,0.0,90,2,2026-09-25 22:13:57.850,46.701388888889
Demo experiment,pioreactor02,2026-09-25T16:28:57.850Z,0.179196008922,45,3,2026-09-25 22:13:57.850,46.701388888889
Demo experiment,pioreactor02,2026-09-25T16:28:57.850Z,0.034262498718,135,4,2026-09-25 22:13:57.850,46.701388888889
Demo experiment,pioreactor02,2026-09-25T16:29:02.849Z,0.0,90,2,2026-09-25 22:14:02.849,46.702777777778
Demo experiment,pioreactor02,2026-09-25T16:29:02.849Z,0.179092404646,45,3,2026-09-25 22:14:02.849,46.702777777778
Demo experiment,pioreactor02,2026-09-25T16:29:02.849Z,0.032863622605,135,4,2026-09-25 22:14:02.849,46.702777777778
Demo experiment,pioreactor02,2026-09-25T16:29:07.849Z,0.0,90,2,2026-09-25 22:14:07.849,46.704166666667
Demo experiment,pioreactor02,2026-09-25T16:29:07.849Z,0.179462633039,45,3,2026-09-25 22:14:07.849,46.704166666667
Demo experiment,pioreactor02,2026-09-25T16:29:07.849Z,0.036086680818,135,4,2026-09-25 22:14:07.849,46.704166666667
Demo experiment,pioreactor02,2026-09-25T16:29:12.850Z,0.0,90,2,2026-09-25 22:14:12.850,46.705555555556
Demo experiment,pioreactor02,2026-09-25T16:29:12.850Z,0.179327576842,45,3,2026-09-25 22:14:12.850,46.705555555556
Demo experiment,pioreactor02,2026-09-25T16:29:12.850Z,0.032930621897,135,4,2026-09-25 22:14:12.850,46.705555555556
Demo experiment,pioreactor02,2026-09-25T16:29:17.852Z,0.0,90,2,2026-09-25 22:14:17.852,46.706944444444
Demo experiment,pioreactor02,2026-09-25T16:29:17.852Z,0.179169039208,45,3,2026-09-25 22:14:17.852,46.706944444444
Demo experiment,pioreactor02,2026-09-25T16:29:17.852Z,0.033757360613,135,4,2026-09-25 22:14:17.852,46.706944444444
Demo experiment,pioreactor02,2026-09-25T16:29:22.851Z,0.0,90,2,2026-09-25 22:14:22.851,46.708333333333
Demo experiment,pioreactor02,2026-09-25T16:29:22.851Z,0.179151644052,45,3,2026-09-25 22:14:22.851,46.708333333333
Demo experiment,pioreactor02,2026-09-25T16:29:22.851Z,0.034362939726,135,4,2026-09-25 22:14:22.851,46.708333333333
Demo experiment,pioreactor02,2026-09-25T16:29:27.852Z,0.0,90,2,2026-09-25 22:14:27.852,46.709722222222
Demo experiment,pioreactor02,2026-09-25T16:29:27.852Z,0.179120069244,45,3,2026-09-25 22:14:27.852,46.709722222222
Demo experiment,pioreactor02,2026-09-25T16:29:27.852Z,0.036776685099,135,4,2026-09-25 22:14:27.852,46.709722222222
Demo experiment,pioreactor02,2026-09-25T16:29:32.849Z,0.0,90,2,2026-09-25 22:14:32.849,46.711111111111
Demo experiment,pioreactor02,2026-09-25T16:29:32.849Z,0.179104716703,45,3,2026-09-25 22:14:32.849,46.711111111111
Demo experiment,pioreactor02,2026-09-25T16:29:32.849Z,0.037734240746,135,4,2026-09-25 22:14:32.849,46.711111111111
Demo experiment,pioreactor02,2026-09-25T16:29:37.849Z,0.0,90,2,2026-09-25 22:14:37.849,46.7125
Demo experiment,pioreactor02,2026-09-25T16:29:37.849Z,0.179210427296,45,3,2026-09-25 22:14:37.849,46.7125
Demo experiment,pioreactor02,2026-09-25T16:29:37.849Z,0.035013224049,135,4,2026-09-25 22:14:37.849,46.7125
Demo experiment,pioreactor02,2026-09-25T16:29:42.852Z,0.0,90,2,2026-09-25 22:14:42.852,46.713888888889
Demo experiment,pioreactor02,2026-09-25T16:29:42.852Z,0.179253934898,45,3,2026-09-25 22:14:42.852,46.713888888889
Demo experiment,pioreactor02,2026-09-25T16:29:42.852Z,0.034798948928,135,4,2026-09-25 22:14:42.852,46.713888888889
Demo experiment,pioreactor02,2026-09-25T16:29:47.851Z,0.0,90,2,2026-09-25 22:14:47.851,46.715277777778
Demo experiment,pioreactor02,2026-09-25T16:29:47.851Z,0.179235747347,45,3,2026-09-25 22:14:47.851,46.715277777778
Demo experiment,pioreactor02,2026-09-25T16:29:47.851Z,0.034920283949,135,4,2026-09-25 22:14:47.851,46.715277777778
Demo experiment,pioreactor02,2026-09-25T16:29:52.853Z,0.0,90,2,2026-09-25 22:14:52.853,46.716666666667
Demo experiment,pioreactor02,2026-09-25T16:29:52.853Z,0.179117080432,45,3,2026-09-25 22:14:52.853,46.716666666667
Demo experiment,pioreactor02,2026-09-25T16:29:52.853Z,0.040044429813,135,4,2026-09-25 22:14:52.853,46.716666666667
Demo experiment,pioreactor02,2026-09-25T16:29:57.852Z,0.0,90,2,2026-09-25 22:14:57.852,46.718055555556
Demo experiment,pioreactor02,2026-09-25T16:29:57.852Z,0.179123581532,45,3,2026-09-25 22:14:57.852,46.718055555556
Demo experiment,pioreactor02,2026-09-25T16:29:57.852Z,0.036769612658,135,4,2026-09-25 22:14:57.852,46.718055555556
Demo experiment,pioreactor02,2026-09-25T16:30:02.850Z,0.0,90,2,2026-09-25 22:15:02.850,46.719444444444
Demo experiment,pioreactor02,2026-09-25T16:30:02.850Z,0.179137404097,45,3,2026-09-25 22:15:02.850,46.719444444444
Demo experiment,pioreactor02,2026-09-25T16:30:02.850Z,0.035738738158,135,4,2026-09-25 22:15:02.850,46.719444444444
Demo experiment,pioreactor02,2026-09-25T16:30:07.849Z,0.0,90,2,2026-09-25 22:15:07.849,46.720833333333
Demo experiment,pioreactor02,2026-09-25T16:30:07.849Z,0.179319335706,45,3,2026-09-25 22:15:07.849,46.720833333333
Demo experiment,pioreactor02,2026-09-25T16:30:07.849Z,0.036462622306,135,4,2026-09-25 22:15:07.849,46.720833333333
Demo experiment,pioreactor02,2026-09-25T16:30:12.850Z,0.0,90,2,2026-09-25 22:15:12.850,46.722222222222
Demo experiment,pioreactor02,2026-09-25T16:30:12.850Z,0.179221154921,45,3,2026-09-25 22:15:12.850,46.722222222222
Demo experiment,pioreactor02,2026-09-25T16:30:12.850Z,0.035335797144,135,4,2026-09-25 22:15:12.850,46.722222222222
Demo experiment,pioreactor02,2026-09-25T16:30:17.850Z,0.0,90,2,2026-09-25 22:15:17.850,46.723611111111
Demo experiment,pioreactor02,2026-09-25T16:30:17.850Z,0.179275188979,45,3,2026-09-25 22:15:17.850,46.723611111111
Demo experiment,pioreactor02,2026-09-25T16:30:17.850Z,0.036224742482,135,4,2026-09-25 22:15:17.850,46.723611111111
Demo experiment,pioreactor02,2026-09-25T16:30:22.853Z,0.0,90,2,2026-09-25 22:15:22.853,46.725
Demo experiment,pioreactor02,2026-09-25T16:30:22.853Z,0.179164487394,45,3,2026-09-25 22:15:22.853,46.725
Demo experiment,pioreactor02,2026-09-25T16:30:22.853Z,0.033932383928,135,4,2026-09-25 22:15:22.853,46.725
Demo experiment,pioreactor02,2026-09-25T16:30:27.849Z,0.0,90,2,2026-09-25 22:15:27.849,46.726388888889
Demo experiment,pioreactor02,2026-09-25T16:30:27.849Z,0.179161722565,45,3,2026-09-25 22:15:27.849,46.726388888889
Demo experiment,pioreactor02,2026-09-25T16:30:27.849Z,0.037127521824,135,4,2026-09-25 22:15:27.849,46.726388888889
Demo experiment,pioreactor02,2026-09-25T16:30:32.851Z,0.0,90,2,2026-09-25 22:15:32.851,46.727777777778
Demo experiment,pioreactor02,2026-09-25T16:30:32.851Z,0.179227412969,45,3,2026-09-25 22:15:32.851,46.727777777778
Demo experiment,pioreactor02,2026-09-25T16:30:32.851Z,0.035881818226,135,4,2026-09-25 22:15:32.851,46.727777777778
Demo experiment,pioreactor02,2026-09-25T16:30:37.850Z,0.0,90,2,2026-09-25 22:15:37.850,46.729166666667
Demo experiment,pioreactor02,2026-09-25T16:30:37.850Z,0.179154391526,45,3,2026-09-25 22:15:37.850,46.729166666667
Demo experiment,pioreactor02,2026-09-25T16:30:37.850Z,0.035143555809,135,4,2026-09-25 22:15:37.850,46.729166666667
Demo experiment,pioreactor02,2026-09-25T16:30:42.850Z,0.0,90,2,2026-09-25 22:15:42.850,46.730555555556
Demo experiment,pioreactor02,2026-09-25T16:30:42.850Z,0.179359600549,45,3,2026-09-25 22:15:42.850,46.730555555556
Demo experiment,pioreactor02,2026-09-25T16:30:42.850Z,0.036670238893,135,4,2026-09-25 22:15:42.850,46.730555555556
Demo experiment,pioreactor02,2026-09-25T16:30:47.851Z,0.0,90,2,2026-09-25 22:15:47.851,46.731944444444
Demo experiment,pioreactor02,2026-09-25T16:30:47.851Z,0.179179929427,45,3,2026-09-25 22:15:47.851,46.731944444444
Demo experiment,pioreactor02,2026-09-25T16:30:47.851Z,0.033985538263,135,4,2026-09-25 22:15:47.851,46.731944444444
Demo experiment,pioreactor02,2026-09-25T16:30:52.849Z,0.0,90,2,2026-09-25 22:15:52.849,46.733333333333
Demo experiment,pioreactor02,2026-09-25T16:30:52.849Z,0.17911450125,45,3,2026-09-25 22:15:52.849,46.733333333333
Demo experiment,pioreactor02,2026-09-25T16:30:52.849Z,0.034850841532,135,4,2026-09-25 22:15:52.849,46.733333333333
Demo experiment,pioreactor02,2026-09-25T16:30:57.856Z,0.0,90,2,2026-09-25 22:15:57.856,46.734722222222
Demo experiment,pioreactor02,2026-09-25T16:30:57.856Z,0.179244777301,45,3,2026-09-25 22:15:57.856,46.734722222222
Demo experiment,pioreactor02,2026-09-25T16:30:57.856Z,0.038718032264,135,4,2026-09-25 22:15:57.856,46.734722222222
Demo experiment,pioreactor02,2026-09-25T16:31:02.849Z,0.0,90,2,2026-09-25 22:16:02.849,46.736111111111
Demo experiment,pioreactor02,2026-09-25T16:31:02.849Z,0.179263722791,45,3,2026-09-25 22:16:02.849,46.736111111111
Demo experiment,pioreactor02,2026-09-25T16:31:02.849Z,0.036616880153,135,4,2026-09-25 22:16:02.849,46.736111111111
Demo experiment,pioreactor02,2026-09-25T16:31:07.850Z,0.0,90,2,2026-09-25 22:16:07.850,46.7375
Demo experiment,pioreactor02,2026-09-25T16:31:07.850Z,0.179271980905,45,3,2026-09-25 22:16:07.850,46.7375
Demo experiment,pioreactor02,2026-09-25T16:31:07.850Z,0.035025070176,135,4,2026-09-25 22:16:07.850,46.7375
Demo experiment,pioreactor02,2026-09-25T16:31:12.850Z,0.0,90,2,2026-09-25 22:16:12.850,46.738888888889
Demo experiment,pioreactor02,2026-09-25T16:31:12.850Z,0.179237255986,45,3,2026-09-25 22:16:12.850,46.738888888889
Demo experiment,pioreactor02,2026-09-25T16:31:12.850Z,0.032500391214,135,4,2026-09-25 22:16:12.850,46.738888888889
Demo experiment,pioreactor02,2026-09-25T16:31:17.850Z,0.0,90,2,2026-09-25 22:16:17.850,46.740277777778
Demo experiment,pioreactor02,2026-09-25T16:31:17.850Z,0.179338123524,45,3,2026-09-25 22:16:17.850,46.740277777778
Demo experiment,pioreactor02,2026-09-25T16:31:17.850Z,0.031270976198,135,4,2026-09-25 22:16:17.850,46.740277777778
Demo experiment,pioreactor02,2026-09-25T16:31:22.858Z,0.0,90,2,2026-09-25 22:16:22.858,46.741666666667
Demo experiment,pioreactor02,2026-09-25T16:31:22.858Z,0.179260534792,45,3,2026-09-25 22:16:22.858,46.741666666667
Demo experiment,pioreactor02,2026-09-25T16:31:22.858Z,0.031327211563,135,4,2026-09-25 22:16:22.858,46.741666666667
Demo experiment,pioreactor02,2026-09-25T16:31:27.849Z,0.0,90,2,2026-09-25 22:16:27.849,46.743055555556
Demo experiment,pioreactor02,2026-09-25T16:31:27.849Z,0.179333921389,45,3,2026-09-25 22:16:27.849,46.743055555556
Demo experiment,pioreactor02,2026-09-25T16:31:27.849Z,0.030426828223,135,4,2026-09-25 22:16:27.849,46.743055555556
Demo experiment,pioreactor02,2026-09-25T16:31:32.850Z,0.0,90,2,2026-09-25 22:16:32.850,46.744444444444
Demo experiment,pioreactor02,2026-09-25T16:31:32.850Z,0.179355412952,45,3,2026-09-25 22:16:32.850,46.744444444444
Demo experiment,pioreactor02,2026-09-25T16:31:32.850Z,0.033413276413,135,4,2026-09-25 22:16:32.850,46.744444444444
Demo experiment,pioreactor02,2026-09-25T16:31:37.850Z,0.0,90,2,2026-09-25 22:16:37.850,46.745833333333
Demo experiment,pioreactor02,2026-09-25T16:31:37.850Z,0.179304922507,45,3,2026-09-25 22:16:37.850,46.745833333333
Demo experiment,pioreactor02,2026-09-25T16:31:37.850Z,0.034807379974,135,4,2026-09-25 22:16:37.850,46.745833333333
Demo experiment,pioreactor02,2026-09-25T16:31:42.849Z,0.0,90,2,2026-09-25 22:16:42.849,46.747222222222
Demo experiment,pioreactor02,2026-09-25T16:31:42.849Z,0.179428063542,45,3,2026-09-25 22:16:42.849,46.747222222222
Demo experiment,pioreactor02,2026-09-25T16:31:42.849Z,0.033631140811,135,4,2026-09-25 22:16:42.849,46.747222222222
Demo experiment,pioreactor02,2026-09-25T16:31:47.851Z,0.0,90,2,2026-09-25 22:16:47.851,46.748611111111
Demo experiment,pioreactor02,2026-09-25T16:31:47.851Z,0.17942721829,45,3,2026-09-25 22:16:47.851,46.748611111111
Demo experiment,pioreactor02,2026-09-25T16:31:47.851Z,0.032329282059,135,4,2026-09-25 22:16:47.851,46.748611111111
Demo experiment,pioreactor02,2026-09-25T16:31:52.849Z,0.0,90,2,2026-09-25 22:16:52.849,46.75
Demo experiment,pioreactor02,2026-09-25T16:31:52.849Z,0.179482597403,45,3,2026-09-25 22:16:52.849,46.75
Demo experiment,pioreactor02,2026-09-25T16:31:52.849Z,0.032602477669,135,4,2026-09-25 22:16:52.849,46.75
Demo experiment,pioreactor02,2026-09-25T16:31:57.851Z,0.0,90,2,2026-09-25 22:16:57.851,46.751388888889
Demo experiment,pioreactor02,2026-09-25T16:31:57.851Z,0.179600805088,45,3,2026-09-25 22:16:57.851,46.751388888889
Demo experiment,pioreactor02,2026-09-25T16:31:57.851Z,0.033987280068,135,4,2026-09-25 22:16:57.851,46.751388888889
Demo experiment,pioreactor02,2026-09-25T16:32:02.852Z,0.0,90,2,2026-09-25 22:17:02.852,46.752777777778
Demo experiment,pioreactor02,2026-09-25T16:32:02.852Z,0.179411193075,45,3,2026-09-25 22:17:02.852,46.752777777778
Demo experiment,pioreactor02,2026-09-25T16:32:02.852Z,0.037319748632,135,4,2026-09-25 22:17:02.852,46.752777777778
Demo experiment,pioreactor02,2026-09-25T16:32:07.851Z,0.0,90,2,2026-09-25 22:17:07.851,46.754166666667
Demo experiment,pioreactor02,2026-09-25T16:32:07.851Z,0.179309492465,45,3,2026-09-25 22:17:07.851,46.754166666667
Demo experiment,pioreactor02,2026-09-25T16:32:07.851Z,0.034486034125,135,4,2026-09-25 22:17:07.851,46.754166666667
Demo experiment,pioreactor02,2026-09-25T16:32:12.850Z,0.0,90,2,2026-09-25 22:17:12.850,46.755555555556
Demo experiment,pioreactor02,2026-09-25T16:32:12.850Z,0.179328255175,45,3,2026-09-25 22:17:12.850,46.755555555556
Demo experiment,pioreactor02,2026-09-25T16:32:12.850Z,0.032943307198,135,4,2026-09-25 22:17:12.850,46.755555555556
Demo experiment,pioreactor02,2026-09-25T16:32:17.849Z,0.0,90,2,2026-09-25 22:17:17.849,46.756944444444
Demo experiment,pioreactor02,2026-09-25T16:32:17.849Z,0.179442029531,45,3,2026-09-25 22:17:17.849,46.756944444444
Demo experiment,pioreactor02,2026-09-25T16:32:17.849Z,0.033672443087,135,4,2026-09-25 22:17:17.849,46.756944444444
Demo experiment,pioreactor02,2026-09-25T16:32:22.851Z,0.0,90,2,2026-09-25 22:17:22.851,46.758333333333
Demo experiment,pioreactor02,2026-09-25T16:32:22.851Z,0.17943273434,45,3,2026-09-25 22:17:22.851,46.758333333333
Demo experiment,pioreactor02,2026-09-25T16:32:22.851Z,0.033570260926,135,4,2026-09-25 22:17:22.851,46.758333333333
Demo experiment,pioreactor02,2026-09-25T16:32:27.850Z,0.0,90,2,2026-09-25 22:17:27.850,46.759722222222
Demo experiment,pioreactor02,2026-09-25T16:32:27.850Z,0.179403851806,45,3,2026-09-25 22:17:27.850,46.759722222222
Demo experiment,pioreactor02,2026-09-25T16:32:27.850Z,0.035393406317,135,4,2026-09-25 22:17:27.850,46.759722222222
Demo experiment,pioreactor02,2026-09-25T16:32:32.850Z,0.0,90,2,2026-09-25 22:17:32.850,46.761111111111
Demo experiment,pioreactor02,2026-09-25T16:32:32.850Z,0.17938558304,45,3,2026-09-25 22:17:32.850,46.761111111111
Demo experiment,pioreactor02,2026-09-25T16:32:32.850Z,0.034264031603,135,4,2026-09-25 22:17:32.850,46.761111111111
Demo experiment,pioreactor02,2026-09-25T16:32:37.855Z,0.0,90,2,2026-09-25 22:17:37.855,46.7625
Demo experiment,pioreactor02,2026-09-25T16:32:37.855Z,0.179185307198,45,3,2026-09-25 22:17:37.855,46.7625
Demo experiment,pioreactor02,2026-09-25T16:32:37.855Z,0.033053790063,135,4,2026-09-25 22:17:37.855,46.7625
Demo experiment,pioreactor02,2026-09-25T16:32:42.852Z,0.0,90,2,2026-09-25 22:17:42.852,46.763888888889
Demo experiment,pioreactor02,2026-09-25T16:32:42.852Z,0.179111900427,45,3,2026-09-25 22:17:42.852,46.763888888889
Demo experiment,pioreactor02,2026-09-25T16:32:42.852Z,0.036730496165,135,4,2026-09-25 22:17:42.852,46.763888888889
Demo experiment,pioreactor02,2026-09-25T16:32:47.852Z,0.0,90,2,2026-09-25 22:17:47.852,46.765277777778
Demo experiment,pioreactor02,2026-09-25T16:32:47.852Z,0.179154188333,45,3,2026-09-25 22:17:47.852,46.765277777778
Demo experiment,pioreactor02,2026-09-25T16:32:47.852Z,0.033410175559,135,4,2026-09-25 22:17:47.852,46.765277777778
Demo experiment,pioreactor02,2026-09-25T16:32:52.851Z,0.0,90,2,2026-09-25 22:17:52.851,46.766666666667
Demo experiment,pioreactor02,2026-09-25T16:32:52.851Z,0.179114880239,45,3,2026-09-25 22:17:52.851,46.766666666667
Demo experiment,pioreactor02,2026-09-25T16:32:52.851Z,0.032774113225,135,4,2026-09-25 22:17:52.851,46.766666666667
Demo experiment,pioreactor02,2026-09-25T16:32:57.853Z,0.0,90,2,2026-09-25 22:17:57.853,46.768055555556
Demo experiment,pioreactor02,2026-09-25T16:32:57.853Z,0.179227794874,45,3,2026-09-25 22:17:57.853,46.768055555556
Demo experiment,pioreactor02,2026-09-25T16:32:57.853Z,0.033808951616,135,4,2026-09-25 22:17:57.853,46.768055555556
Demo experiment,pioreactor02,2026-09-25T16:33:02.856Z,0.0,90,2,2026-09-25 22:18:02.856,46.769444444444
Demo experiment,pioreactor02,2026-09-25T16:33:02.856Z,0.179285342553,45,3,2026-09-25 22:18:02.856,46.769444444444
Demo experiment,pioreactor02,2026-09-25T16:33:02.856Z,0.031384056867,135,4,2026-09-25 22:18:02.856,46.769444444444
Demo experiment,pioreactor02,2026-09-25T16:33:07.856Z,0.0,90,2,2026-09-25 22:18:07.856,46.770833333333
Demo experiment,pioreactor02,2026-09-25T16:33:07.856Z,0.179247819951,45,3,2026-09-25 22:18:07.856,46.770833333333
Demo experiment,pioreactor02,2026-09-25T16:33:07.856Z,0.032688502382,135,4,2026-09-25 22:18:07.856,46.770833333333
Demo experiment,pioreactor02,2026-09-25T16:33:12.856Z,0.0,90,2,2026-09-25 22:18:12.856,46.772222222222
Demo experiment,pioreactor02,2026-09-25T16:33:12.856Z,0.179267553436,45,3,2026-09-25 22:18:12.856,46.772222222222
Demo experiment,pioreactor02,2026-09-25T16:33:12.856Z,0.033299387649,135,4,2026-09-25 22:18:12.856,46.772222222222
Demo experiment,pioreactor02,2026-09-25T16:33:17.854Z,0.0,90,2,2026-09-25 22:18:17.854,46.773611111111
Demo experiment,pioreactor02,2026-09-25T16:33:17.854Z,0.179521757316,45,3,2026-09-25 22:18:17.854,46.773611111111
Demo experiment,pioreactor02,2026-09-25T16:33:17.854Z,0.034570230972,135,4,2026-09-25 22:18:17.854,46.773611111111
Demo experiment,pioreactor02,2026-09-25T16:33:22.854Z,0.0,90,2,2026-09-25 22:18:22.854,46.775
Demo experiment,pioreactor02,2026-09-25T16:33:22.854Z,0.179496082586,45,3,2026-09-25 22:18:22.854,46.775
Demo experiment,pioreactor02,2026-09-25T16:33:22.854Z,0.033270750587,135,4,2026-09-25 22:18:22.854,46.775
Demo experiment,pioreactor02,2026-09-25T16:33:27.859Z,0.0,90,2,2026-09-25 22:18:27.859,46.776388888889
Demo experiment,pioreactor02,2026-09-25T16:33:27.859Z,0.17942818346,45,3,2026-09-25 22:18:27.859,46.776388888889
Demo experiment,pioreactor02,2026-09-25T16:33:27.859Z,0.033192961889,135,4,2026-09-25 22:18:27.859,46.776388888889
Demo experiment,pioreactor02,2026-09-25T16:33:32.851Z,0.0,90,2,2026-09-25 22:18:32.851,46.777777777778
Demo experiment,pioreactor02,2026-09-25T16:33:32.851Z,0.179417502227,45,3,2026-09-25 22:18:32.851,46.777777777778
Demo experiment,pioreactor02,2026-09-25T16:33:32.851Z,0.033065710981,135,4,2026-09-25 22:18:32.851,46.777777777778
Demo experiment,pioreactor02,2026-09-25T16:33:37.851Z,0.0,90,2,2026-09-25 22:18:37.851,46.779166666667
Demo experiment,pioreactor02,2026-09-25T16:33:37.851Z,0.179476247512,45,3,2026-09-25 22:18:37.851,46.779166666667
Demo experiment,pioreactor02,2026-09-25T16:33:37.851Z,0.031685038373,135,4,2026-09-25 22:18:37.851,46.779166666667
Demo experiment,pioreactor02,2026-09-25T16:33:42.851Z,0.0,90,2,2026-09-25 22:18:42.851,46.780555555556
Demo experiment,pioreactor02,2026-09-25T16:33:42.851Z,0.179174508509,45,3,2026-09-25 22:18:42.851,46.780555555556
Demo experiment,pioreactor02,2026-09-25T16:33:42.851Z,0.032243420912,135,4,2026-09-25 22:18:42.851,46.780555555556
Demo experiment,pioreactor02,2026-09-25T16:33:47.852Z,0.0,90,2,2026-09-25 22:18:47.852,46.781944444444
Demo experiment,pioreactor02,2026-09-25T16:33:47.852Z,0.179348098941,45,3,2026-09-25 22:18:47.852,46.781944444444
Demo experiment,pioreactor02,2026-09-25T16:33:47.852Z,0.03341409857,135,4,2026-09-25 22:18:47.852,46.781944444444
Demo experiment,pioreactor02,2026-09-25T16:33:52.851Z,0.0,90,2,2026-09-25 22:18:52.851,46.783333333333
Demo experiment,pioreactor02,2026-09-25T16:33:52.851Z,0.179279326826,45,3,2026-09-25 22:18:52.851,46.783333333333
Demo experiment,pioreactor02,2026-09-25T16:33:52.851Z,0.030743538487,135,4,2026-09-25 22:18:52.851,46.783333333333
Demo experiment,pioreactor02,2026-09-25T16:33:57.851Z,0.0,90,2,2026-09-25 22:18:57.851,46.784722222222
Demo experiment,pioreactor02,2026-09-25T16:33:57.851Z,0.179313714039,45,3,2026-09-25 22:18:57.851,46.784722222222
Demo experiment,pioreactor02,2026-09-25T16:33:57.851Z,0.03084373313,135,4,2026-09-25 22:18:57.851,46.784722222222
Demo experiment,pioreactor02,2026-09-25T16:34:02.853Z,0.0,90,2,2026-09-25 22:19:02.853,46.786111111111
Demo experiment,pioreactor02,2026-09-25T16:34:02.853Z,0.179465780473,45,3,2026-09-25 22:19:02.853,46.786111111111
Demo experiment,pioreactor02,2026-09-25T16:34:02.853Z,0.033056048208,135,4,2026-09-25 22:19:02.853,46.786111111111
Demo experiment,pioreactor02,2026-09-25T16:34:07.854Z,0.0,90,2,2026-09-25 22:19:07.854,46.7875
Demo experiment,pioreactor02,2026-09-25T16:34:07.854Z,0.179519836831,45,3,2026-09-25 22:19:07.854,46.7875
Demo experiment,pioreactor02,2026-09-25T16:34:07.854Z,0.032915335632,135,4,2026-09-25 22:19:07.854,46.7875
Demo experiment,pioreactor02,2026-09-25T16:34:12.857Z,0.0,90,2,2026-09-25 22:19:12.857,46.788888888889
Demo experiment,pioreactor02,2026-09-25T16:34:12.857Z,0.179574480811,45,3,2026-09-25 22:19:12.857,46.788888888889
Demo experiment,pioreactor02,2026-09-25T16:34:12.857Z,0.032642443986,135,4,2026-09-25 22:19:12.857,46.788888888889
Demo experiment,pioreactor02,2026-09-25T16:34:17.860Z,0.0,90,2,2026-09-25 22:19:17.860,46.790277777778
Demo experiment,pioreactor02,2026-09-25T16:34:17.860Z,0.179487146925,45,3,2026-09-25 22:19:17.860,46.790277777778
Demo experiment,pioreactor02,2026-09-25T16:34:17.860Z,0.033340428296,135,4,2026-09-25 22:19:17.860,46.790277777778
Demo experiment,pioreactor02,2026-09-25T16:34:22.860Z,0.0,90,2,2026-09-25 22:19:22.860,46.791666666667
Demo experiment,pioreactor02,2026-09-25T16:34:22.860Z,0.179341661627,45,3,2026-09-25 22:19:22.860,46.791666666667
Demo experiment,pioreactor02,2026-09-25T16:34:22.860Z,0.031583901192,135,4,2026-09-25 22:19:22.860,46.791666666667
Demo experiment,pioreactor02,2026-09-25T16:34:27.853Z,0.0,90,2,2026-09-25 22:19:27.853,46.793055555556
Demo experiment,pioreactor02,2026-09-25T16:34:27.853Z,0.179392012814,45,3,2026-09-25 22:19:27.853,46.793055555556
Demo experiment,pioreactor02,2026-09-25T16:34:27.853Z,0.032215286938,135,4,2026-09-25 22:19:27.853,46.793055555556
Demo experiment,pioreactor02,2026-09-25T16:34:32.854Z,0.0,90,2,2026-09-25 22:19:32.854,46.794444444444
Demo experiment,pioreactor02,2026-09-25T16:34:32.854Z,0.179307640754,45,3,2026-09-25 22:19:32.854,46.794444444444
Demo experiment,pioreactor02,2026-09-25T16:34:32.854Z,0.033030302701,135,4,2026-09-25 22:19:32.854,46.794444444444
Demo experiment,pioreactor02,2026-09-25T16:34:37.855Z,0.0,90,2,2026-09-25 22:19:37.855,46.795833333333
Demo experiment,pioreactor02,2026-09-25T16:34:37.855Z,0.179527451954,45,3,2026-09-25 22:19:37.855,46.795833333333
Demo experiment,pioreactor02,2026-09-25T16:34:37.855Z,0.033323868291,135,4,2026-09-25 22:19:37.855,46.795833333333
Demo experiment,pioreactor02,2026-09-25T16:34:42.853Z,0.0,90,2,2026-09-25 22:19:42.853,46.797222222222
Demo experiment,pioreactor02,2026-09-25T16:34:42.853Z,0.179479732594,45,3,2026-09-25 22:19:42.853,46.797222222222
Demo experiment,pioreactor02,2026-09-25T16:34:42.853Z,0.031499807819,135,4,2026-09-25 22:19:42.853,46.797222222222
Demo experiment,pioreactor02,2026-09-25T16:34:47.850Z,0.0,90,2,2026-09-25 22:19:47.850,46.798611111111
Demo experiment,pioreactor02,2026-09-25T16:34:47.850Z,0.179250546945,45,3,2026-09-25 22:19:47.850,46.798611111111
Demo experiment,pioreactor02,2026-09-25T16:34:47.850Z,0.032390784622,135,4,2026-09-25 22:19:47.850,46.798611111111
Demo experiment,pioreactor02,2026-09-25T16:34:52.851Z,0.0,90,2,2026-09-25 22:19:52.851,46.8
Demo experiment,pioreactor02,2026-09-25T16:34:52.851Z,0.179428856395,45,3,2026-09-25 22:19:52.851,46.8
Demo experiment,pioreactor02,2026-09-25T16:34:52.851Z,0.030976451229,135,4,2026-09-25 22:19:52.851,46.8
Demo experiment,pioreactor02,2026-09-25T16:34:57.852Z,0.0,90,2,2026-09-25 22:19:57.852,46.801388888889
Demo experiment,pioreactor02,2026-09-25T16:34:57.852Z,0.179299311086,45,3,2026-09-25 22:19:57.852,46.801388888889
Demo experiment,pioreactor02,2026-09-25T16:34:57.852Z,0.031592901746,135,4,2026-09-25 22:19:57.852,46.801388888889
Demo experiment,pioreactor02,2026-09-25T16:35:02.852Z,0.0,90,2,2026-09-25 22:20:02.852,46.802777777778
Demo experiment,pioreactor02,2026-09-25T16:35:02.852Z,0.179455868363,45,3,2026-09-25 22:20:02.852,46.802777777778
Demo experiment,pioreactor02,2026-09-25T16:35:02.852Z,0.032032791812,135,4,2026-09-25 22:20:02.852,46.802777777778
Demo experiment,pioreactor02,2026-09-25T16:35:07.851Z,0.0,90,2,2026-09-25 22:20:07.851,46.804166666667
Demo experiment,pioreactor02,2026-09-25T16:35:07.851Z,0.17943703741,45,3,2026-09-25 22:20:07.851,46.804166666667
Demo experiment,pioreactor02,2026-09-25T16:35:07.851Z,0.032812111675,135,4,2026-09-25 22:20:07.851,46.804166666667
Demo experiment,pioreactor02,2026-09-25T16:35:12.855Z,0.0,90,2,2026-09-25 22:20:12.855,46.805555555556
Demo experiment,pioreactor02,2026-09-25T16:35:12.855Z,0.179361646958,45,3,2026-09-25 22:20:12.855,46.805555555556
Demo experiment,pioreactor02,2026-09-25T16:35:12.855Z,0.032736315219,135,4,2026-09-25 22:20:12.855,46.805555555556
Demo experiment,pioreactor02,2026-09-25T16:35:17.853Z,0.0,90,2,2026-09-25 22:20:17.853,46.806944444444
Demo experiment,pioreactor02,2026-09-25T16:35:17.853Z,0.179314970689,45,3,2026-09-25 22:20:17.853,46.806944444444
Demo experiment,pioreactor02,2026-09-25T16:35:17.853Z,0.032161350749,135,4,2026-09-25 22:20:17.853,46.806944444444
Demo experiment,pioreactor02,2026-09-25T16:35:22.850Z,0.0,90,2,2026-09-25 22:20:22.850,46.808333333333
Demo experiment,pioreactor02,2026-09-25T16:35:22.850Z,0.179376113497,45,3,2026-09-25 22:20:22.850,46.808333333333
Demo experiment,pioreactor02,2026-09-25T16:35:22.850Z,0.033927598618,135,4,2026-09-25 22:20:22.850,46.808333333333
Demo experiment,pioreactor02,2026-09-25T16:35:27.853Z,0.0,90,2,2026-09-25 22:20:27.853,46.809722222222
Demo experiment,pioreactor02,2026-09-25T16:35:27.853Z,0.179400481474,45,3,2026-09-25 22:20:27.853,46.809722222222
Demo experiment,pioreactor02,2026-09-25T16:35:27.853Z,0.031710967152,135,4,2026-09-25 22:20:27.853,46.809722222222
Demo experiment,pioreactor02,2026-09-25T16:35:32.849Z,0.0,90,2,2026-09-25 22:20:32.849,46.811111111111
Demo experiment,pioreactor02,2026-09-25T16:35:32.849Z,0.17945488082,45,3,2026-09-25 22:20:32.849,46.811111111111
Demo experiment,pioreactor02,2026-09-25T16:35:32.849Z,0.031207247594,135,4,2026-09-25 22:20:32.849,46.811111111111
Demo experiment,pioreactor02,2026-09-25T16:35:37.850Z,0.0,90,2,2026-09-25 22:20:37.850,46.8125
Demo experiment,pioreactor02,2026-09-25T16:35:37.850Z,0.179483802369,45,3,2026-09-25 22:20:37.850,46.8125
Demo experiment,pioreactor02,2026-09-25T16:35:37.850Z,0.030609577798,135,4,2026-09-25 22:20:37.850,46.8125
Demo experiment,pioreactor02,2026-09-25T16:35:42.850Z,0.0,90,2,2026-09-25 22:20:42.850,46.813888888889
Demo experiment,pioreactor02,2026-09-25T16:35:42.850Z,0.179551158143,45,3,2026-09-25 22:20:42.850,46.813888888889
Demo experiment,pioreactor02,2026-09-25T16:35:42.850Z,0.031192108857,135,4,2026-09-25 22:20:42.850,46.813888888889
Demo experiment,pioreactor02,2026-09-25T16:35:47.849Z,0.0,90,2,2026-09-25 22:20:47.849,46.815277777778
Demo experiment,pioreactor02,2026-09-25T16:35:47.849Z,0.179299303687,45,3,2026-09-25 22:20:47.849,46.815277777778
Demo experiment,pioreactor02,2026-09-25T16:35:47.849Z,0.031002024982,135,4,2026-09-25 22:20:47.849,46.815277777778
Demo experiment,pioreactor02,2026-09-25T16:35:52.856Z,0.0,90,2,2026-09-25 22:20:52.856,46.816666666667
Demo experiment,pioreactor02,2026-09-25T16:35:52.856Z,0.179005719482,45,3,2026-09-25 22:20:52.856,46.816666666667
Demo experiment,pioreactor02,2026-09-25T16:35:52.856Z,0.032916956038,135,4,2026-09-25 22:20:52.856,46.816666666667
Demo experiment,pioreactor02,2026-09-25T16:35:57.849Z,0.0,90,2,2026-09-25 22:20:57.849,46.818055555556
Demo experiment,pioreactor02,2026-09-25T16:35:57.849Z,0.178913152684,45,3,2026-09-25 22:20:57.849,46.818055555556
Demo experiment,pioreactor02,2026-09-25T16:35:57.849Z,0.034770388261,135,4,2026-09-25 22:20:57.849,46.818055555556
Demo experiment,pioreactor02,2026-09-25T16:36:02.851Z,0.0,90,2,2026-09-25 22:21:02.851,46.819444444444
Demo experiment,pioreactor02,2026-09-25T16:36:02.851Z,0.179051790737,45,3,2026-09-25 22:21:02.851,46.819444444444
Demo experiment,pioreactor02,2026-09-25T16:36:02.851Z,0.033969105793,135,4,2026-09-25 22:21:02.851,46.819444444444
Demo experiment,pioreactor02,2026-09-25T16:36:07.850Z,0.0,90,2,2026-09-25 22:21:07.850,46.820833333333
Demo experiment,pioreactor02,2026-09-25T16:36:07.850Z,0.179050905103,45,3,2026-09-25 22:21:07.850,46.820833333333
Demo experiment,pioreactor02,2026-09-25T16:36:07.850Z,0.035243738363,135,4,2026-09-25 22:21:07.850,46.820833333333
Demo experiment,pioreactor02,2026-09-25T16:36:12.852Z,0.0,90,2,2026-09-25 22:21:12.852,46.822222222222
Demo experiment,pioreactor02,2026-09-25T16:36:12.852Z,0.179174977631,45,3,2026-09-25 22:21:12.852,46.822222222222
Demo experiment,pioreactor02,2026-09-25T16:36:12.852Z,0.031963125066,135,4,2026-09-25 22:21:12.852,46.822222222222
Demo experiment,pioreactor02,2026-09-25T16:36:17.852Z,0.0,90,2,2026-09-25 22:21:17.852,46.823611111111
Demo experiment,pioreactor02,2026-09-25T16:36:17.852Z,0.179094577161,45,3,2026-09-25 22:21:17.852,46.823611111111
Demo experiment,pioreactor02,2026-09-25T16:36:17.852Z,0.032184823148,135,4,2026-09-25 22:21:17.852,46.823611111111
Demo experiment,pioreactor02,2026-09-25T16:36:22.851Z,0.0,90,2,2026-09-25 22:21:22.851,46.825
Demo experiment,pioreactor02,2026-09-25T16:36:22.851Z,0.17927630093,45,3,2026-09-25 22:21:22.851,46.825
Demo experiment,pioreactor02,2026-09-25T16:36:22.851Z,0.033922513403,135,4,2026-09-25 22:21:22.851,46.825
Demo experiment,pioreactor02,2026-09-25T16:36:27.849Z,0.0,90,2,2026-09-25 22:21:27.849,46.826388888889
Demo experiment,pioreactor02,2026-09-25T16:36:27.849Z,0.179242148403,45,3,2026-09-25 22:21:27.849,46.826388888889
Demo experiment,pioreactor02,2026-09-25T16:36:27.849Z,0.033022324468,135,4,2026-09-25 22:21:27.849,46.826388888889
Demo experiment,pioreactor02,2026-09-25T16:36:32.852Z,0.0,90,2,2026-09-25 22:21:32.852,46.827777777778
Demo experiment,pioreactor02,2026-09-25T16:36:32.852Z,0.179332949987,45,3,2026-09-25 22:21:32.852,46.827777777778
Demo experiment,pioreactor02,2026-09-25T16:36:32.852Z,0.033163965034,135,4,2026-09-25 22:21:32.852,46.827777777778
Demo experiment,pioreactor02,2026-09-25T16:36:37.849Z,0.0,90,2,2026-09-25 22:21:37.849,46.829166666667
Demo experiment,pioreactor02,2026-09-25T16:36:37.849Z,0.179529971242,45,3,2026-09-25 22:21:37.849,46.829166666667
Demo experiment,pioreactor02,2026-09-25T16:36:37.849Z,0.034106440376,135,4,2026-09-25 22:21:37.849,46.829166666667
Demo experiment,pioreactor02,2026-09-25T16:36:42.850Z,0.0,90,2,2026-09-25 22:21:42.850,46.830555555556
Demo experiment,pioreactor02,2026-09-25T16:36:42.850Z,0.179358679706,45,3,2026-09-25 22:21:42.850,46.830555555556
Demo experiment,pioreactor02,2026-09-25T16:36:42.850Z,0.031716770478,135,4,2026-09-25 22:21:42.850,46.830555555556
Demo experiment,pioreactor02,2026-09-25T16:36:47.850Z,0.0,90,2,2026-09-25 22:21:47.850,46.831944444444
Demo experiment,pioreactor02,2026-09-25T16:36:47.850Z,0.179431441595,45,3,2026-09-25 22:21:47.850,46.831944444444
Demo experiment,pioreactor02,2026-09-25T16:36:47.850Z,0.032687768449,135,4,2026-09-25 22:21:47.850,46.831944444444
Demo experiment,pioreactor02,2026-09-25T16:36:52.850Z,0.0,90,2,2026-09-25 22:21:52.850,46.833333333333
Demo experiment,pioreactor02,2026-09-25T16:36:52.850Z,0.179568403274,45,3,2026-09-25 22:21:52.850,46.833333333333
Demo experiment,pioreactor02,2026-09-25T16:36:52.850Z,0.034728922706,135,4,2026-09-25 22:21:52.850,46.833333333333
Demo experiment,pioreactor02,2026-09-25T16:36:57.858Z,0.0,90,2,2026-09-25 22:21:57.858,46.834722222222
Demo experiment,pioreactor02,2026-09-25T16:36:57.858Z,0.179472315511,45,3,2026-09-25 22:21:57.858,46.834722222222
Demo experiment,pioreactor02,2026-09-25T16:36:57.858Z,0.035966487021,135,4,2026-09-25 22:21:57.858,46.834722222222
Demo experiment,pioreactor02,2026-09-25T16:37:02.849Z,0.0,90,2,2026-09-25 22:22:02.849,46.836111111111
Demo experiment,pioreactor02,2026-09-25T16:37:02.849Z,0.179333232858,45,3,2026-09-25 22:22:02.849,46.836111111111
Demo experiment,pioreactor02,2026-09-25T16:37:02.849Z,0.037283536624,135,4,2026-09-25 22:22:02.849,46.836111111111
Demo experiment,pioreactor02,2026-09-25T16:37:07.851Z,0.0,90,2,2026-09-25 22:22:07.851,46.8375
Demo experiment,pioreactor02,2026-09-25T16:37:07.851Z,0.179291764927,45,3,2026-09-25 22:22:07.851,46.8375
Demo experiment,pioreactor02,2026-09-25T16:37:07.851Z,0.036292020804,135,4,2026-09-25 22:22:07.851,46.8375
Demo experiment,pioreactor02,2026-09-25T16:37:12.851Z,0.0,90,2,2026-09-25 22:22:12.851,46.838888888889
Demo experiment,pioreactor02,2026-09-25T16:37:12.851Z,0.179265809939,45,3,2026-09-25 22:22:12.851,46.838888888889
Demo experiment,pioreactor02,2026-09-25T16:37:12.851Z,0.033690729638,135,4,2026-09-25 22:22:12.851,46.838888888889
Demo experiment,pioreactor02,2026-09-25T16:37:17.849Z,0.0,90,2,2026-09-25 22:22:17.849,46.840277777778
Demo experiment,pioreactor02,2026-09-25T16:37:17.849Z,0.179335157778,45,3,2026-09-25 22:22:17.849,46.840277777778
Demo experiment,pioreactor02,2026-09-25T16:37:17.849Z,0.032270182264,135,4,2026-09-25 22:22:17.849,46.840277777778
Demo experiment,pioreactor02,2026-09-25T16:37:22.850Z,0.0,90,2,2026-09-25 22:22:22.850,46.841666666667
Demo experiment,pioreactor02,2026-09-25T16:37:22.850Z,0.179446697603,45,3,2026-09-25 22:22:22.850,46.841666666667
Demo experiment,pioreactor02,2026-09-25T16:37:22.850Z,0.032203698152,135,4,2026-09-25 22:22:22.850,46.841666666667
Demo experiment,pioreactor02,2026-09-25T16:37:27.850Z,0.0,90,2,2026-09-25 22:22:27.850,46.843055555556
Demo experiment,pioreactor02,2026-09-25T16:37:27.850Z,0.179294753807,45,3,2026-09-25 22:22:27.850,46.843055555556
Demo experiment,pioreactor02,2026-09-25T16:37:27.850Z,0.034837769564,135,4,2026-09-25 22:22:27.850,46.843055555556
Demo experiment,pioreactor02,2026-09-25T16:37:32.850Z,0.0,90,2,2026-09-25 22:22:32.850,46.844444444444
Demo experiment,pioreactor02,2026-09-25T16:37:32.850Z,0.179285927701,45,3,2026-09-25 22:22:32.850,46.844444444444
Demo experiment,pioreactor02,2026-09-25T16:37:32.850Z,0.031907452433,135,4,2026-09-25 22:22:32.850,46.844444444444
Demo experiment,pioreactor02,2026-09-25T16:37:37.851Z,0.0,90,2,2026-09-25 22:22:37.851,46.845833333333
Demo experiment,pioreactor02,2026-09-25T16:37:37.851Z,0.179540061211,45,3,2026-09-25 22:22:37.851,46.845833333333
Demo experiment,pioreactor02,2026-09-25T16:37:37.851Z,0.032535843484,135,4,2026-09-25 22:22:37.851,46.845833333333
Demo experiment,pioreactor02,2026-09-25T16:37:42.850Z,0.0,90,2,2026-09-25 22:22:42.850,46.847222222222
Demo experiment,pioreactor02,2026-09-25T16:37:42.850Z,0.179504312386,45,3,2026-09-25 22:22:42.850,46.847222222222
Demo experiment,pioreactor02,2026-09-25T16:37:42.850Z,0.033349323944,135,4,2026-09-25 22:22:42.850,46.847222222222
Demo experiment,pioreactor02,2026-09-25T16:37:47.849Z,0.0,90,2,2026-09-25 22:22:47.849,46.848611111111
Demo experiment,pioreactor02,2026-09-25T16:37:47.849Z,0.179427837064,45,3,2026-09-25 22:22:47.849,46.848611111111
Demo experiment,pioreactor02,2026-09-25T16:37:47.849Z,0.032719048339,135,4,2026-09-25 22:22:47.849,46.848611111111
Demo experiment,pioreactor02,2026-09-25T16:37:52.850Z,0.0,90,2,2026-09-25 22:22:52.850,46.85
Demo experiment,pioreactor02,2026-09-25T16:37:52.850Z,0.179391302863,45,3,2026-09-25 22:22:52.850,46.85
Demo experiment,pioreactor02,2026-09-25T16:37:52.850Z,0.033002971871,135,4,2026-09-25 22:22:52.850,46.85
Demo experiment,pioreactor02,2026-09-25T16:37:57.852Z,0.0,90,2,2026-09-25 22:22:57.852,46.851388888889
Demo experiment,pioreactor02,2026-09-25T16:37:57.852Z,0.179272502296,45,3,2026-09-25 22:22:57.852,46.851388888889
Demo experiment,pioreactor02,2026-09-25T16:37:57.852Z,0.033396524031,135,4,2026-09-25 22:22:57.852,46.851388888889
Demo experiment,pioreactor02,2026-09-25T16:38:02.852Z,0.0,90,2,2026-09-25 22:23:02.852,46.852777777778
Demo experiment,pioreactor02,2026-09-25T16:38:02.852Z,0.179180861163,45,3,2026-09-25 22:23:02.852,46.852777777778
Demo experiment,pioreactor02,2026-09-25T16:38:02.852Z,0.034463259974,135,4,2026-09-25 22:23:02.852,46.852777777778
Demo experiment,pioreactor02,2026-09-25T16:38:07.850Z,0.0,90,2,2026-09-25 22:23:07.850,46.854166666667
Demo experiment,pioreactor02,2026-09-25T16:38:07.850Z,0.179322517568,45,3,2026-09-25 22:23:07.850,46.854166666667
Demo experiment,pioreactor02,2026-09-25T16:38:07.850Z,0.030709685682,135,4,2026-09-25 22:23:07.850,46.854166666667
Demo experiment,pioreactor02,2026-09-25T16:38:12.849Z,0.0,90,2,2026-09-25 22:23:12.849,46.855555555556
Demo experiment,pioreactor02,2026-09-25T16:38:12.849Z,0.17961754459,45,3,2026-09-25 22:23:12.849,46.855555555556
Demo experiment,pioreactor02,2026-09-25T16:38:12.849Z,0.028454164315,135,4,2026-09-25 22:23:12.849,46.855555555556
Demo experiment,pioreactor02,2026-09-25T16:38:17.851Z,0.0,90,2,2026-09-25 22:23:17.851,46.856944444444
Demo experiment,pioreactor02,2026-09-25T16:38:17.851Z,0.180086195176,45,3,2026-09-25 22:23:17.851,46.856944444444
Demo experiment,pioreactor02,2026-09-25T16:38:17.851Z,0.02697755563,135,4,2026-09-25 22:23:17.851,46.856944444444
Demo experiment,pioreactor02,2026-09-25T16:38:22.852Z,0.0,90,2,2026-09-25 22:23:22.852,46.858333333333
Demo experiment,pioreactor02,2026-09-25T16:38:22.852Z,0.180683891558,45,3,2026-09-25 22:23:22.852,46.858333333333
Demo experiment,pioreactor02,2026-09-25T16:38:22.852Z,0.026142647239,135,4,2026-09-25 22:23:22.852,46.858333333333
Demo experiment,pioreactor02,2026-09-25T16:38:27.852Z,0.0,90,2,2026-09-25 22:23:27.852,46.859722222222
Demo experiment,pioreactor02,2026-09-25T16:38:27.852Z,0.181743606399,45,3,2026-09-25 22:23:27.852,46.859722222222
Demo experiment,pioreactor02,2026-09-25T16:38:27.852Z,0.025841276859,135,4,2026-09-25 22:23:27.852,46.859722222222
Demo experiment,pioreactor02,2026-09-25T16:38:32.853Z,0.0,90,2,2026-09-25 22:23:32.853,46.861111111111
Demo experiment,pioreactor02,2026-09-25T16:38:32.853Z,0.185004928913,45,3,2026-09-25 22:23:32.853,46.861111111111
Demo experiment,pioreactor02,2026-09-25T16:38:32.853Z,0.02723744556,135,4,2026-09-25 22:23:32.853,46.861111111111
Demo experiment,pioreactor02,2026-09-25T16:38:37.850Z,0.0,90,2,2026-09-25 22:23:37.850,46.8625
Demo experiment,pioreactor02,2026-09-25T16:38:37.850Z,0.187036713533,45,3,2026-09-25 22:23:37.850,46.8625
Demo experiment,pioreactor02,2026-09-25T16:38:37.850Z,0.029093810525,135,4,2026-09-25 22:23:37.850,46.8625
Demo experiment,pioreactor02,2026-09-25T16:38:42.850Z,0.0,90,2,2026-09-25 22:23:42.850,46.863888888889
Demo experiment,pioreactor02,2026-09-25T16:38:42.850Z,0.188059099991,45,3,2026-09-25 22:23:42.850,46.863888888889
Demo experiment,pioreactor02,2026-09-25T16:38:42.850Z,0.029753049242,135,4,2026-09-25 22:23:42.850,46.863888888889
Demo experiment,pioreactor02,2026-09-25T16:38:47.853Z,0.0,90,2,2026-09-25 22:23:47.853,46.865277777778
Demo experiment,pioreactor02,2026-09-25T16:38:47.853Z,0.188066552734,45,3,2026-09-25 22:23:47.853,46.865277777778
Demo experiment,pioreactor02,2026-09-25T16:38:47.853Z,0.028991802321,135,4,2026-09-25 22:23:47.853,46.865277777778
Demo experiment,pioreactor02,2026-09-25T16:38:52.852Z,0.0,90,2,2026-09-25 22:23:52.852,46.866666666667
Demo experiment,pioreactor02,2026-09-25T16:38:52.852Z,0.18829346187,45,3,2026-09-25 22:23:52.852,46.866666666667
Demo experiment,pioreactor02,2026-09-25T16:38:52.852Z,0.028165478144,135,4,2026-09-25 22:23:52.852,46.866666666667
Demo experiment,pioreactor02,2026-09-25T16:38:57.849Z,0.0,90,2,2026-09-25 22:23:57.849,46.868055555556
Demo experiment,pioreactor02,2026-09-25T16:38:57.849Z,0.18815224358,45,3,2026-09-25 22:23:57.849,46.868055555556
Demo experiment,pioreactor02,2026-09-25T16:38:57.849Z,0.027302146203,135,4,2026-09-25 22:23:57.849,46.868055555556
Demo experiment,pioreactor02,2026-09-25T16:39:02.853Z,0.0,90,2,2026-09-25 22:24:02.853,46.869444444444
Demo experiment,pioreactor02,2026-09-25T16:39:02.853Z,0.188018478133,45,3,2026-09-25 22:24:02.853,46.869444444444
Demo experiment,pioreactor02,2026-09-25T16:39:02.853Z,0.026459432334,135,4,2026-09-25 22:24:02.853,46.869444444444
Demo experiment,pioreactor02,2026-09-25T16:39:07.852Z,0.0,90,2,2026-09-25 22:24:07.852,46.870833333333
Demo experiment,pioreactor02,2026-09-25T16:39:07.852Z,0.186762286361,45,3,2026-09-25 22:24:07.852,46.870833333333
Demo experiment,pioreactor02,2026-09-25T16:39:07.852Z,0.025895546961,135,4,2026-09-25 22:24:07.852,46.870833333333
Demo experiment,pioreactor02,2026-09-25T16:39:12.853Z,0.0,90,2,2026-09-25 22:24:12.853,46.872222222222
Demo experiment,pioreactor02,2026-09-25T16:39:12.853Z,0.184339689316,45,3,2026-09-25 22:24:12.853,46.872222222222
Demo experiment,pioreactor02,2026-09-25T16:39:12.853Z,0.027402465896,135,4,2026-09-25 22:24:12.853,46.872222222222
Demo experiment,pioreactor02,2026-09-25T16:39:17.855Z,0.0,90,2,2026-09-25 22:24:17.855,46.873611111111
Demo experiment,pioreactor02,2026-09-25T16:39:17.855Z,0.185515052196,45,3,2026-09-25 22:24:17.855,46.873611111111
Demo experiment,pioreactor02,2026-09-25T16:39:17.855Z,0.048768593074,135,4,2026-09-25 22:24:17.855,46.873611111111
Demo experiment,pioreactor02,2026-09-25T16:39:22.851Z,0.0,90,2,2026-09-25 22:24:22.851,46.875
Demo experiment,pioreactor02,2026-09-25T16:39:22.851Z,0.185625687652,45,3,2026-09-25 22:24:22.851,46.875
Demo experiment,pioreactor02,2026-09-25T16:39:22.851Z,0.051513355349,135,4,2026-09-25 22:24:22.851,46.875
Demo experiment,pioreactor02,2026-09-25T16:39:27.853Z,0.0,90,2,2026-09-25 22:24:27.853,46.876388888889
Demo experiment,pioreactor02,2026-09-25T16:39:27.853Z,0.184074498677,45,3,2026-09-25 22:24:27.853,46.876388888889
Demo experiment,pioreactor02,2026-09-25T16:39:27.853Z,0.037574802396,135,4,2026-09-25 22:24:27.853,46.876388888889
Demo experiment,pioreactor02,2026-09-25T16:39:32.857Z,0.0,90,2,2026-09-25 22:24:32.857,46.877777777778
Demo experiment,pioreactor02,2026-09-25T16:39:32.857Z,0.183987274978,45,3,2026-09-25 22:24:32.857,46.877777777778
Demo experiment,pioreactor02,2026-09-25T16:39:32.857Z,0.035656112413,135,4,2026-09-25 22:24:32.857,46.877777777778
Demo experiment,pioreactor02,2026-09-25T16:39:37.857Z,0.0,90,2,2026-09-25 22:24:37.857,46.879166666667
Demo experiment,pioreactor02,2026-09-25T16:39:37.857Z,0.185526217421,45,3,2026-09-25 22:24:37.857,46.879166666667
Demo experiment,pioreactor02,2026-09-25T16:39:37.857Z,0.039164918707,135,4,2026-09-25 22:24:37.857,46.879166666667
Demo experiment,pioreactor02,2026-09-25T16:39:42.857Z,0.0,90,2,2026-09-25 22:24:42.857,46.880555555556
Demo experiment,pioreactor02,2026-09-25T16:39:42.857Z,0.18310040871,45,3,2026-09-25 22:24:42.857,46.880555555556
Demo experiment,pioreactor02,2026-09-25T16:39:42.857Z,0.034054518717,135,4,2026-09-25 22:24:42.857,46.880555555556
Demo experiment,pioreactor02,2026-09-25T16:39:47.861Z,0.0,90,2,2026-09-25 22:24:47.861,46.881944444444
Demo experiment,pioreactor02,2026-09-25T16:39:47.861Z,0.182052706521,45,3,2026-09-25 22:24:47.861,46.881944444444
Demo experiment,pioreactor02,2026-09-25T16:39:47.861Z,0.032641519111,135,4,2026-09-25 22:24:47.861,46.881944444444
Demo experiment,pioreactor02,2026-09-25T16:39:52.854Z,0.0,90,2,2026-09-25 22:24:52.854,46.883333333333
Demo experiment,pioreactor02,2026-09-25T16:39:52.854Z,0.181738014717,45,3,2026-09-25 22:24:52.854,46.883333333333
Demo experiment,pioreactor02,2026-09-25T16:39:52.854Z,0.031102056472,135,4,2026-09-25 22:24:52.854,46.883333333333
Demo experiment,pioreactor02,2026-09-25T16:39:57.853Z,0.0,90,2,2026-09-25 22:24:57.853,46.884722222222
Demo experiment,pioreactor02,2026-09-25T16:39:57.853Z,0.18269806433,45,3,2026-09-25 22:24:57.853,46.884722222222
Demo experiment,pioreactor02,2026-09-25T16:39:57.853Z,0.041852205643,135,4,2026-09-25 22:24:57.853,46.884722222222
Demo experiment,pioreactor02,2026-09-25T16:40:02.851Z,0.0,90,2,2026-09-25 22:25:02.851,46.886111111111
Demo experiment,pioreactor02,2026-09-25T16:40:02.851Z,0.183028864429,45,3,2026-09-25 22:25:02.851,46.886111111111
Demo experiment,pioreactor02,2026-09-25T16:40:02.851Z,0.036829711598,135,4,2026-09-25 22:25:02.851,46.886111111111
Demo experiment,pioreactor02,2026-09-25T16:40:07.853Z,0.0,90,2,2026-09-25 22:25:07.853,46.8875
Demo experiment,pioreactor02,2026-09-25T16:40:07.853Z,0.182323368222,45,3,2026-09-25 22:25:07.853,46.8875
Demo experiment,pioreactor02,2026-09-25T16:40:07.853Z,0.033597644301,135,4,2026-09-25 22:25:07.853,46.8875
Demo experiment,pioreactor02,2026-09-25T16:40:12.859Z,0.0,90,2,2026-09-25 22:25:12.859,46.888888888889
Demo experiment,pioreactor02,2026-09-25T16:40:12.859Z,0.181812805006,45,3,2026-09-25 22:25:12.859,46.888888888889
Demo experiment,pioreactor02,2026-09-25T16:40:12.859Z,0.034343232025,135,4,2026-09-25 22:25:12.859,46.888888888889
Demo experiment,pioreactor02,2026-09-25T16:40:17.850Z,0.0,90,2,2026-09-25 22:25:17.850,46.890277777778
Demo experiment,pioreactor02,2026-09-25T16:40:17.850Z,0.18104427685,45,3,2026-09-25 22:25:17.850,46.890277777778
Demo experiment,pioreactor02,2026-09-25T16:40:17.850Z,0.035322423297,135,4,2026-09-25 22:25:17.850,46.890277777778
Demo experiment,pioreactor02,2026-09-25T16:40:22.852Z,0.0,90,2,2026-09-25 22:25:22.852,46.891666666667
Demo experiment,pioreactor02,2026-09-25T16:40:22.852Z,0.180916480723,45,3,2026-09-25 22:25:22.852,46.891666666667
Demo experiment,pioreactor02,2026-09-25T16:40:22.852Z,0.034368246704,135,4,2026-09-25 22:25:22.852,46.891666666667
Demo experiment,pioreactor02,2026-09-25T16:40:27.854Z,0.0,90,2,2026-09-25 22:25:27.854,46.893055555556
Demo experiment,pioreactor02,2026-09-25T16:40:27.854Z,0.180869553945,45,3,2026-09-25 22:25:27.854,46.893055555556
Demo experiment,pioreactor02,2026-09-25T16:40:27.854Z,0.035710139544,135,4,2026-09-25 22:25:27.854,46.893055555556
Demo experiment,pioreactor02,2026-09-25T16:40:32.855Z,0.0,90,2,2026-09-25 22:25:32.855,46.894444444444
Demo experiment,pioreactor02,2026-09-25T16:40:32.855Z,0.180682332511,45,3,2026-09-25 22:25:32.855,46.894444444444
Demo experiment,pioreactor02,2026-09-25T16:40:32.855Z,0.032010596255,135,4,2026-09-25 22:25:32.855,46.894444444444
Demo experiment,pioreactor02,2026-09-25T16:40:37.856Z,0.0,90,2,2026-09-25 22:25:37.856,46.895833333333
Demo experiment,pioreactor02,2026-09-25T16:40:37.856Z,0.181154983168,45,3,2026-09-25 22:25:37.856,46.895833333333
Demo experiment,pioreactor02,2026-09-25T16:40:37.856Z,0.030620814589,135,4,2026-09-25 22:25:37.856,46.895833333333
Demo experiment,pioreactor02,2026-09-25T16:40:42.856Z,0.0,90,2,2026-09-25 22:25:42.856,46.897222222222
Demo experiment,pioreactor02,2026-09-25T16:40:42.856Z,0.181792159178,45,3,2026-09-25 22:25:42.856,46.897222222222
Demo experiment,pioreactor02,2026-09-25T16:40:42.856Z,0.033687093237,135,4,2026-09-25 22:25:42.856,46.897222222222
Demo experiment,pioreactor02,2026-09-25T16:40:47.861Z,0.0,90,2,2026-09-25 22:25:47.861,46.898611111111
Demo experiment,pioreactor02,2026-09-25T16:40:47.861Z,0.181415454176,45,3,2026-09-25 22:25:47.861,46.898611111111
Demo experiment,pioreactor02,2026-09-25T16:40:47.861Z,0.031300824112,135,4,2026-09-25 22:25:47.861,46.898611111111
Demo experiment,pioreactor02,2026-09-25T16:40:52.858Z,0.0,90,2,2026-09-25 22:25:52.858,46.9
Demo experiment,pioreactor02,2026-09-25T16:40:52.858Z,0.181153953313,45,3,2026-09-25 22:25:52.858,46.9
Demo experiment,pioreactor02,2026-09-25T16:40:52.858Z,0.032651863563,135,4,2026-09-25 22:25:52.858,46.9
Demo experiment,pioreactor02,2026-09-25T16:40:57.853Z,0.0,90,2,2026-09-25 22:25:57.853,46.901388888889
Demo experiment,pioreactor02,2026-09-25T16:40:57.853Z,0.181789753258,45,3,2026-09-25 22:25:57.853,46.901388888889
Demo experiment,pioreactor02,2026-09-25T16:40:57.853Z,0.039340831892,135,4,2026-09-25 22:25:57.853,46.901388888889
Demo experiment,pioreactor02,2026-09-25T16:41:02.854Z,0.0,90,2,2026-09-25 22:26:02.854,46.902777777778
Demo experiment,pioreactor02,2026-09-25T16:41:02.854Z,0.181734643046,45,3,2026-09-25 22:26:02.854,46.902777777778
Demo experiment,pioreactor02,2026-09-25T16:41:02.854Z,0.03667408471,135,4,2026-09-25 22:26:02.854,46.902777777778
Demo experiment,pioreactor02,2026-09-25T16:41:07.855Z,0.0,90,2,2026-09-25 22:26:07.855,46.904166666667
Demo experiment,pioreactor02,2026-09-25T16:41:07.855Z,0.182194042314,45,3,2026-09-25 22:26:07.855,46.904166666667
Demo experiment,pioreactor02,2026-09-25T16:41:07.855Z,0.040362096114,135,4,2026-09-25 22:26:07.855,46.904166666667
Demo experiment,pioreactor02,2026-09-25T16:41:12.851Z,0.0,90,2,2026-09-25 22:26:12.851,46.905555555556
Demo experiment,pioreactor02,2026-09-25T16:41:12.851Z,0.181927323297,45,3,2026-09-25 22:26:12.851,46.905555555556
Demo experiment,pioreactor02,2026-09-25T16:41:12.851Z,0.033610756651,135,4,2026-09-25 22:26:12.851,46.905555555556
Demo experiment,pioreactor02,2026-09-25T16:41:17.858Z,0.0,90,2,2026-09-25 22:26:17.858,46.906944444444
Demo experiment,pioreactor02,2026-09-25T16:41:17.858Z,0.181337748202,45,3,2026-09-25 22:26:17.858,46.906944444444
Demo experiment,pioreactor02,2026-09-25T16:41:17.858Z,0.03048498125,135,4,2026-09-25 22:26:17.858,46.906944444444
Demo experiment,pioreactor02,2026-09-25T16:41:22.851Z,0.0,90,2,2026-09-25 22:26:22.851,46.908333333333
Demo experiment,pioreactor02,2026-09-25T16:41:22.851Z,0.181100046992,45,3,2026-09-25 22:26:22.851,46.908333333333
Demo experiment,pioreactor02,2026-09-25T16:41:22.851Z,0.033219101778,135,4,2026-09-25 22:26:22.851,46.908333333333
Demo experiment,pioreactor02,2026-09-25T16:41:27.850Z,0.0,90,2,2026-09-25 22:26:27.850,46.909722222222
Demo experiment,pioreactor02,2026-09-25T16:41:27.850Z,0.180781071671,45,3,2026-09-25 22:26:27.850,46.909722222222
Demo experiment,pioreactor02,2026-09-25T16:41:27.850Z,0.032490780873,135,4,2026-09-25 22:26:27.850,46.909722222222
Demo experiment,pioreactor02,2026-09-25T16:41:32.851Z,0.0,90,2,2026-09-25 22:26:32.851,46.911111111111
Demo experiment,pioreactor02,2026-09-25T16:41:32.851Z,0.181181052557,45,3,2026-09-25 22:26:32.851,46.911111111111
Demo experiment,pioreactor02,2026-09-25T16:41:32.851Z,0.033425685746,135,4,2026-09-25 22:26:32.851,46.911111111111
Demo experiment,pioreactor02,2026-09-25T16:41:37.850Z,0.0,90,2,2026-09-25 22:26:37.850,46.9125
Demo experiment,pioreactor02,2026-09-25T16:41:37.850Z,0.181234553062,45,3,2026-09-25 22:26:37.850,46.9125
Demo experiment,pioreactor02,2026-09-25T16:41:37.850Z,0.032000319649,135,4,2026-09-25 22:26:37.850,46.9125
Demo experiment,pioreactor02,2026-09-25T16:41:42.851Z,0.0,90,2,2026-09-25 22:26:42.851,46.913888888889
Demo experiment,pioreactor02,2026-09-25T16:41:42.851Z,0.181571974707,45,3,2026-09-25 22:26:42.851,46.913888888889
Demo experiment,pioreactor02,2026-09-25T16:41:42.851Z,0.03237191002,135,4,2026-09-25 22:26:42.851,46.913888888889
Demo experiment,pioreactor02,2026-09-25T16:41:47.850Z,0.0,90,2,2026-09-25 22:26:47.850,46.915277777778
Demo experiment,pioreactor02,2026-09-25T16:41:47.850Z,0.181264470158,45,3,2026-09-25 22:26:47.850,46.915277777778
Demo experiment,pioreactor02,2026-09-25T16:41:47.850Z,0.030061454114,135,4,2026-09-25 22:26:47.850,46.915277777778
Demo experiment,pioreactor02,2026-09-25T16:41:52.857Z,0.0,90,2,2026-09-25 22:26:52.857,46.916666666667
Demo experiment,pioreactor02,2026-09-25T16:41:52.857Z,0.181243886169,45,3,2026-09-25 22:26:52.857,46.916666666667
Demo experiment,pioreactor02,2026-09-25T16:41:52.857Z,0.032078937085,135,4,2026-09-25 22:26:52.857,46.916666666667
Demo experiment,pioreactor02,2026-09-25T16:41:57.850Z,0.0,90,2,2026-09-25 22:26:57.850,46.918055555556
Demo experiment,pioreactor02,2026-09-25T16:41:57.850Z,0.180826415165,45,3,2026-09-25 22:26:57.850,46.918055555556
Demo experiment,pioreactor02,2026-09-25T16:41:57.850Z,0.031018173888,135,4,2026-09-25 22:26:57.850,46.918055555556
Demo experiment,pioreactor02,2026-09-25T16:42:02.849Z,0.0,90,2,2026-09-25 22:27:02.849,46.919444444444
Demo experiment,pioreactor02,2026-09-25T16:42:02.849Z,0.180990512909,45,3,2026-09-25 22:27:02.849,46.919444444444
Demo experiment,pioreactor02,2026-09-25T16:42:02.849Z,0.03100980885,135,4,2026-09-25 22:27:02.849,46.919444444444
Demo experiment,pioreactor02,2026-09-25T16:42:07.848Z,0.0,90,2,2026-09-25 22:27:07.848,46.920833333333
Demo experiment,pioreactor02,2026-09-25T16:42:07.848Z,0.18111522474,45,3,2026-09-25 22:27:07.848,46.920833333333
Demo experiment,pioreactor02,2026-09-25T16:42:07.848Z,0.032543795464,135,4,2026-09-25 22:27:07.848,46.920833333333
Demo experiment,pioreactor02,2026-09-25T16:42:12.850Z,0.0,90,2,2026-09-25 22:27:12.850,46.922222222222
Demo experiment,pioreactor02,2026-09-25T16:42:12.850Z,0.181759907462,45,3,2026-09-25 22:27:12.850,46.922222222222
Demo experiment,pioreactor02,2026-09-25T16:42:12.850Z,0.036272674352,135,4,2026-09-25 22:27:12.850,46.922222222222
Demo experiment,pioreactor02,2026-09-25T16:42:17.851Z,0.0,90,2,2026-09-25 22:27:17.851,46.923611111111
Demo experiment,pioreactor02,2026-09-25T16:42:17.851Z,0.181555814161,45,3,2026-09-25 22:27:17.851,46.923611111111
Demo experiment,pioreactor02,2026-09-25T16:42:17.851Z,0.033408038452,135,4,2026-09-25 22:27:17.851,46.923611111111
Demo experiment,pioreactor02,2026-09-25T16:42:22.849Z,0.0,90,2,2026-09-25 22:27:22.849,46.925
Demo experiment,pioreactor02,2026-09-25T16:42:22.849Z,0.182398472177,45,3,2026-09-25 22:27:22.849,46.925
Demo experiment,pioreactor02,2026-09-25T16:42:22.849Z,0.037596852007,135,4,2026-09-25 22:27:22.849,46.925
Demo experiment,pioreactor02,2026-09-25T16:42:27.851Z,0.0,90,2,2026-09-25 22:27:27.851,46.926388888889
Demo experiment,pioreactor02,2026-09-25T16:42:27.851Z,0.181228931036,45,3,2026-09-25 22:27:27.851,46.926388888889
Demo experiment,pioreactor02,2026-09-25T16:42:27.851Z,0.033751790247,135,4,2026-09-25 22:27:27.851,46.926388888889
Demo experiment,pioreactor02,2026-09-25T16:42:32.849Z,0.0,90,2,2026-09-25 22:27:32.849,46.927777777778
Demo experiment,pioreactor02,2026-09-25T16:42:32.849Z,0.180971029418,45,3,2026-09-25 22:27:32.849,46.927777777778
Demo experiment,pioreactor02,2026-09-25T16:42:32.849Z,0.031237247983,135,4,2026-09-25 22:27:32.849,46.927777777778
Demo experiment,pioreactor02,2026-09-25T16:42:37.850Z,0.0,90,2,2026-09-25 22:27:37.850,46.929166666667
Demo experiment,pioreactor02,2026-09-25T16:42:37.850Z,0.181249316748,45,3,2026-09-25 22:27:37.850,46.929166666667
Demo experiment,pioreactor02,2026-09-25T16:42:37.850Z,0.035175261138,135,4,2026-09-25 22:27:37.850,46.929166666667
Demo experiment,pioreactor02,2026-09-25T16:42:42.852Z,0.0,90,2,2026-09-25 22:27:42.852,46.930555555556
Demo experiment,pioreactor02,2026-09-25T16:42:42.852Z,0.181213117605,45,3,2026-09-25 22:27:42.852,46.930555555556
Demo experiment,pioreactor02,2026-09-25T16:42:42.852Z,0.034201902369,135,4,2026-09-25 22:27:42.852,46.930555555556
Demo experiment,pioreactor02,2026-09-25T16:42:47.852Z,0.0,90,2,2026-09-25 22:27:47.852,46.931944444444
Demo experiment,pioreactor02,2026-09-25T16:42:47.852Z,0.181786390733,45,3,2026-09-25 22:27:47.852,46.931944444444
Demo experiment,pioreactor02,2026-09-25T16:42:47.852Z,0.040046253051,135,4,2026-09-25 22:27:47.852,46.931944444444
Demo experiment,pioreactor02,2026-09-25T16:42:52.855Z,0.0,90,2,2026-09-25 22:27:52.855,46.933333333333
Demo experiment,pioreactor02,2026-09-25T16:42:52.855Z,0.181269354868,45,3,2026-09-25 22:27:52.855,46.933333333333
Demo experiment,pioreactor02,2026-09-25T16:42:52.855Z,0.033802294268,135,4,2026-09-25 22:27:52.855,46.933333333333
Demo experiment,pioreactor02,2026-09-25T16:42:57.850Z,0.0,90,2,2026-09-25 22:27:57.850,46.934722222222
Demo experiment,pioreactor02,2026-09-25T16:42:57.850Z,0.181680286374,45,3,2026-09-25 22:27:57.850,46.934722222222
Demo experiment,pioreactor02,2026-09-25T16:42:57.850Z,0.035726614767,135,4,2026-09-25 22:27:57.850,46.934722222222
Demo experiment,pioreactor02,2026-09-25T16:43:02.849Z,0.0,90,2,2026-09-25 22:28:02.849,46.936111111111
Demo experiment,pioreactor02,2026-09-25T16:43:02.849Z,0.181087512194,45,3,2026-09-25 22:28:02.849,46.936111111111
Demo experiment,pioreactor02,2026-09-25T16:43:02.849Z,0.035447290075,135,4,2026-09-25 22:28:02.849,46.936111111111
Demo experiment,pioreactor02,2026-09-25T16:43:07.850Z,0.0,90,2,2026-09-25 22:28:07.850,46.9375
Demo experiment,pioreactor02,2026-09-25T16:43:07.850Z,0.180632021889,45,3,2026-09-25 22:28:07.850,46.9375
Demo experiment,pioreactor02,2026-09-25T16:43:07.850Z,0.03360041186,135,4,2026-09-25 22:28:07.850,46.9375
Demo experiment,pioreactor02,2026-09-25T16:43:12.849Z,0.0,90,2,2026-09-25 22:28:12.849,46.938888888889
Demo experiment,pioreactor02,2026-09-25T16:43:12.849Z,0.180532995993,45,3,2026-09-25 22:28:12.849,46.938888888889
Demo experiment,pioreactor02,2026-09-25T16:43:12.849Z,0.031228989219,135,4,2026-09-25 22:28:12.849,46.938888888889
Demo experiment,pioreactor02,2026-09-25T16:43:17.849Z,0.0,90,2,2026-09-25 22:28:17.849,46.940277777778
Demo experiment,pioreactor02,2026-09-25T16:43:17.849Z,0.18068269857,45,3,2026-09-25 22:28:17.849,46.940277777778
Demo experiment,pioreactor02,2026-09-25T16:43:17.849Z,0.030263467926,135,4,2026-09-25 22:28:17.849,46.940277777778
Demo experiment,pioreactor02,2026-09-25T16:43:22.849Z,0.0,90,2,2026-09-25 22:28:22.849,46.941666666667
Demo experiment,pioreactor02,2026-09-25T16:43:22.849Z,0.180748422641,45,3,2026-09-25 22:28:22.849,46.941666666667
Demo experiment,pioreactor02,2026-09-25T16:43:22.849Z,0.031206407283,135,4,2026-09-25 22:28:22.849,46.941666666667
Demo experiment,pioreactor02,2026-09-25T16:43:27.851Z,0.0,90,2,2026-09-25 22:28:27.851,46.943055555556
Demo experiment,pioreactor02,2026-09-25T16:43:27.851Z,0.181099927092,45,3,2026-09-25 22:28:27.851,46.943055555556
Demo experiment,pioreactor02,2026-09-25T16:43:27.851Z,0.033505416973,135,4,2026-09-25 22:28:27.851,46.943055555556
Demo experiment,pioreactor02,2026-09-25T16:43:32.850Z,0.0,90,2,2026-09-25 22:28:32.850,46.944444444444
Demo experiment,pioreactor02,2026-09-25T16:43:32.850Z,0.180970225581,45,3,2026-09-25 22:28:32.850,46.944444444444
Demo experiment,pioreactor02,2026-09-25T16:43:32.850Z,0.031617908102,135,4,2026-09-25 22:28:32.850,46.944444444444
Demo experiment,pioreactor02,2026-09-25T16:43:37.851Z,0.0,90,2,2026-09-25 22:28:37.851,46.945833333333
Demo experiment,pioreactor02,2026-09-25T16:43:37.851Z,0.180496786407,45,3,2026-09-25 22:28:37.851,46.945833333333
Demo experiment,pioreactor02,2026-09-25T16:43:37.851Z,0.030794183946,135,4,2026-09-25 22:28:37.851,46.945833333333
Demo experiment,pioreactor02,2026-09-25T16:43:42.849Z,0.0,90,2,2026-09-25 22:28:42.849,46.947222222222
Demo experiment,pioreactor02,2026-09-25T16:43:42.849Z,0.180768731558,45,3,2026-09-25 22:28:42.849,46.947222222222
Demo experiment,pioreactor02,2026-09-25T16:43:42.849Z,0.030209660975,135,4,2026-09-25 22:28:42.849,46.947222222222
Demo experiment,pioreactor02,2026-09-25T16:43:47.850Z,0.0,90,2,2026-09-25 22:28:47.850,46.948611111111
Demo experiment,pioreactor02,2026-09-25T16:43:47.850Z,0.181156195472,45,3,2026-09-25 22:28:47.850,46.948611111111
Demo experiment,pioreactor02,2026-09-25T16:43:47.850Z,0.030567623209,135,4,2026-09-25 22:28:47.850,46.948611111111
Demo experiment,pioreactor02,2026-09-25T16:43:52.851Z,0.0,90,2,2026-09-25 22:28:52.851,46.95
Demo experiment,pioreactor02,2026-09-25T16:43:52.851Z,0.181396979634,45,3,2026-09-25 22:28:52.851,46.95
Demo experiment,pioreactor02,2026-09-25T16:43:52.851Z,0.035695340858,135,4,2026-09-25 22:28:52.851,46.95
Demo experiment,pioreactor02,2026-09-25T16:43:57.849Z,0.0,90,2,2026-09-25 22:28:57.849,46.951388888889
Demo experiment,pioreactor02,2026-09-25T16:43:57.849Z,0.181286610989,45,3,2026-09-25 22:28:57.849,46.951388888889
Demo experiment,pioreactor02,2026-09-25T16:43:57.849Z,0.032339723757,135,4,2026-09-25 22:28:57.849,46.951388888889
Demo experiment,pioreactor02,2026-09-25T16:44:02.849Z,0.0,90,2,2026-09-25 22:29:02.849,46.952777777778
Demo experiment,pioreactor02,2026-09-25T16:44:02.849Z,0.181665897055,45,3,2026-09-25 22:29:02.849,46.952777777778
Demo experiment,pioreactor02,2026-09-25T16:44:02.849Z,0.036080501592,135,4,2026-09-25 22:29:02.849,46.952777777778
Demo experiment,pioreactor02,2026-09-25T16:44:07.850Z,0.0,90,2,2026-09-25 22:29:07.850,46.954166666667
Demo experiment,pioreactor02,2026-09-25T16:44:07.850Z,0.180957015412,45,3,2026-09-25 22:29:07.850,46.954166666667
Demo experiment,pioreactor02,2026-09-25T16:44:07.850Z,0.034941529524,135,4,2026-09-25 22:29:07.850,46.954166666667
Demo experiment,pioreactor02,2026-09-25T16:44:12.850Z,0.0,90,2,2026-09-25 22:29:12.850,46.955555555556
Demo experiment,pioreactor02,2026-09-25T16:44:12.850Z,0.180581801057,45,3,2026-09-25 22:29:12.850,46.955555555556
Demo experiment,pioreactor02,2026-09-25T16:44:12.850Z,0.03188106633,135,4,2026-09-25 22:29:12.850,46.955555555556
Demo experiment,pioreactor02,2026-09-25T16:44:17.855Z,0.0,90,2,2026-09-25 22:29:17.855,46.956944444444
Demo experiment,pioreactor02,2026-09-25T16:44:17.855Z,0.18055904716,45,3,2026-09-25 22:29:17.855,46.956944444444
Demo experiment,pioreactor02,2026-09-25T16:44:17.855Z,0.03071842889,135,4,2026-09-25 22:29:17.855,46.956944444444
Demo experiment,pioreactor02,2026-09-25T16:44:22.849Z,0.0,90,2,2026-09-25 22:29:22.849,46.958333333333
Demo experiment,pioreactor02,2026-09-25T16:44:22.849Z,0.180815414197,45,3,2026-09-25 22:29:22.849,46.958333333333
Demo experiment,pioreactor02,2026-09-25T16:44:22.849Z,0.031760223226,135,4,2026-09-25 22:29:22.849,46.958333333333
Demo experiment,pioreactor02,2026-09-25T16:44:27.850Z,0.0,90,2,2026-09-25 22:29:27.850,46.959722222222
Demo experiment,pioreactor02,2026-09-25T16:44:27.850Z,0.181060357356,45,3,2026-09-25 22:29:27.850,46.959722222222
Demo experiment,pioreactor02,2026-09-25T16:44:27.850Z,0.032767324263,135,4,2026-09-25 22:29:27.850,46.959722222222
Demo experiment,pioreactor02,2026-09-25T16:44:32.850Z,0.0,90,2,2026-09-25 22:29:32.850,46.961111111111
Demo experiment,pioreactor02,2026-09-25T16:44:32.850Z,0.180778125523,45,3,2026-09-25 22:29:32.850,46.961111111111
Demo experiment,pioreactor02,2026-09-25T16:44:32.850Z,0.030478043345,135,4,2026-09-25 22:29:32.850,46.961111111111
Demo experiment,pioreactor02,2026-09-25T16:44:37.850Z,0.0,90,2,2026-09-25 22:29:37.850,46.9625
Demo experiment,pioreactor02,2026-09-25T16:44:37.850Z,0.181061010988,45,3,2026-09-25 22:29:37.850,46.9625
Demo experiment,pioreactor02,2026-09-25T16:44:37.850Z,0.033090417697,135,4,2026-09-25 22:29:37.850,46.9625
Demo experiment,pioreactor02,2026-09-25T16:44:42.849Z,0.0,90,2,2026-09-25 22:29:42.849,46.963888888889
Demo experiment,pioreactor02,2026-09-25T16:44:42.849Z,0.18047000115,45,3,2026-09-25 22:29:42.849,46.963888888889
Demo experiment,pioreactor02,2026-09-25T16:44:42.849Z,0.033737587186,135,4,2026-09-25 22:29:42.849,46.963888888889
Demo experiment,pioreactor02,2026-09-25T16:44:47.850Z,0.0,90,2,2026-09-25 22:29:47.850,46.965277777778
Demo experiment,pioreactor02,2026-09-25T16:44:47.850Z,0.180149236395,45,3,2026-09-25 22:29:47.850,46.965277777778
Demo experiment,pioreactor02,2026-09-25T16:44:47.850Z,0.03046905806,135,4,2026-09-25 22:29:47.850,46.965277777778
Demo experiment,pioreactor02,2026-09-25T16:44:52.852Z,0.0,90,2,2026-09-25 22:29:52.852,46.966666666667
Demo experiment,pioreactor02,2026-09-25T16:44:52.852Z,0.180192471194,45,3,2026-09-25 22:29:52.852,46.966666666667
Demo experiment,pioreactor02,2026-09-25T16:44:52.852Z,0.030857413128,135,4,2026-09-25 22:29:52.852,46.966666666667
Demo experiment,pioreactor02,2026-09-25T16:44:57.853Z,0.0,90,2,2026-09-25 22:29:57.853,46.968055555556
Demo experiment,pioreactor02,2026-09-25T16:44:57.853Z,0.180178440024,45,3,2026-09-25 22:29:57.853,46.968055555556
Demo experiment,pioreactor02,2026-09-25T16:44:57.853Z,0.031417031891,135,4,2026-09-25 22:29:57.853,46.968055555556
Demo experiment,pioreactor02,2026-09-25T16:45:02.849Z,0.0,90,2,2026-09-25 22:30:02.849,46.969444444444
Demo experiment,pioreactor02,2026-09-25T16:45:02.849Z,0.18025542483,45,3,2026-09-25 22:30:02.849,46.969444444444
Demo experiment,pioreactor02,2026-09-25T16:45:02.849Z,0.031092372743,135,4,2026-09-25 22:30:02.849,46.969444444444
Demo experiment,pioreactor02,2026-09-25T16:45:07.850Z,0.0,90,2,2026-09-25 22:30:07.850,46.970833333333
Demo experiment,pioreactor02,2026-09-25T16:45:07.850Z,0.180726038315,45,3,2026-09-25 22:30:07.850,46.970833333333
Demo experiment,pioreactor02,2026-09-25T16:45:07.850Z,0.032524440353,135,4,2026-09-25 22:30:07.850,46.970833333333
Demo experiment,pioreactor02,2026-09-25T16:45:12.849Z,0.0,90,2,2026-09-25 22:30:12.849,46.972222222222
Demo experiment,pioreactor02,2026-09-25T16:45:12.849Z,0.180169065667,45,3,2026-09-25 22:30:12.849,46.972222222222
Demo experiment,pioreactor02,2026-09-25T16:45:12.849Z,0.035882125627,135,4,2026-09-25 22:30:12.849,46.972222222222
Demo experiment,pioreactor02,2026-09-25T16:45:17.850Z,0.0,90,2,2026-09-25 22:30:17.850,46.973611111111
Demo experiment,pioreactor02,2026-09-25T16:45:17.850Z,0.179948652702,45,3,2026-09-25 22:30:17.850,46.973611111111
Demo experiment,pioreactor02,2026-09-25T16:45:17.850Z,0.034129958267,135,4,2026-09-25 22:30:17.850,46.973611111111
Demo experiment,pioreactor02,2026-09-25T16:45:22.849Z,0.0,90,2,2026-09-25 22:30:22.849,46.975
Demo experiment,pioreactor02,2026-09-25T16:45:22.849Z,0.180006890079,45,3,2026-09-25 22:30:22.849,46.975
Demo experiment,pioreactor02,2026-09-25T16:45:22.849Z,0.033338277506,135,4,2026-09-25 22:30:22.849,46.975
Demo experiment,pioreactor02,2026-09-25T16:45:27.855Z,0.0,90,2,2026-09-25 22:30:27.855,46.976388888889
Demo experiment,pioreactor02,2026-09-25T16:45:27.855Z,0.179968408415,45,3,2026-09-25 22:30:27.855,46.976388888889
Demo experiment,pioreactor02,2026-09-25T16:45:27.855Z,0.031632239179,135,4,2026-09-25 22:30:27.855,46.976388888889
Demo experiment,pioreactor02,2026-09-25T16:45:32.854Z,0.0,90,2,2026-09-25 22:30:32.854,46.977777777778
Demo experiment,pioreactor02,2026-09-25T16:45:32.854Z,0.179976847918,45,3,2026-09-25 22:30:32.854,46.977777777778
Demo experiment,pioreactor02,2026-09-25T16:45:32.854Z,0.029687747131,135,4,2026-09-25 22:30:32.854,46.977777777778
Demo experiment,pioreactor02,2026-09-25T16:45:37.849Z,0.0,90,2,2026-09-25 22:30:37.849,46.979166666667
Demo experiment,pioreactor02,2026-09-25T16:45:37.849Z,0.180104123662,45,3,2026-09-25 22:30:37.849,46.979166666667
Demo experiment,pioreactor02,2026-09-25T16:45:37.849Z,0.030185588615,135,4,2026-09-25 22:30:37.849,46.979166666667
Demo experiment,pioreactor02,2026-09-25T16:45:42.850Z,0.0,90,2,2026-09-25 22:30:42.850,46.980555555556
Demo experiment,pioreactor02,2026-09-25T16:45:42.850Z,0.180221873943,45,3,2026-09-25 22:30:42.850,46.980555555556
Demo experiment,pioreactor02,2026-09-25T16:45:42.850Z,0.03044539365,135,4,2026-09-25 22:30:42.850,46.980555555556
Demo experiment,pioreactor02,2026-09-25T16:45:47.857Z,0.0,90,2,2026-09-25 22:30:47.857,46.981944444444
Demo experiment,pioreactor02,2026-09-25T16:45:47.857Z,0.180161553533,45,3,2026-09-25 22:30:47.857,46.981944444444
Demo experiment,pioreactor02,2026-09-25T16:45:47.857Z,0.031517154093,135,4,2026-09-25 22:30:47.857,46.981944444444
Demo experiment,pioreactor02,2026-09-25T16:45:52.852Z,0.0,90,2,2026-09-25 22:30:52.852,46.983333333333
Demo experiment,pioreactor02,2026-09-25T16:45:52.852Z,0.180255224988,45,3,2026-09-25 22:30:52.852,46.983333333333
Demo experiment,pioreactor02,2026-09-25T16:45:52.852Z,0.03610044669,135,4,2026-09-25 22:30:52.852,46.983333333333
Demo experiment,pioreactor02,2026-09-25T16:45:57.855Z,0.0,90,2,2026-09-25 22:30:57.855,46.984722222222
Demo experiment,pioreactor02,2026-09-25T16:45:57.855Z,0.180149963767,45,3,2026-09-25 22:30:57.855,46.984722222222
Demo experiment,pioreactor02,2026-09-25T16:45:57.855Z,0.032468249582,135,4,2026-09-25 22:30:57.855,46.984722222222
Demo experiment,pioreactor02,2026-09-25T16:46:02.857Z,0.0,90,2,2026-09-25 22:31:02.857,46.986111111111
Demo experiment,pioreactor02,2026-09-25T16:46:02.857Z,0.179895419212,45,3,2026-09-25 22:31:02.857,46.986111111111
Demo experiment,pioreactor02,2026-09-25T16:46:02.857Z,0.030961539025,135,4,2026-09-25 22:31:02.857,46.986111111111
Demo experiment,pioreactor02,2026-09-25T16:46:07.852Z,0.0,90,2,2026-09-25 22:31:07.852,46.9875
Demo experiment,pioreactor02,2026-09-25T16:46:07.852Z,0.180214606259,45,3,2026-09-25 22:31:07.852,46.9875
Demo experiment,pioreactor02,2026-09-25T16:46:07.852Z,0.031193836288,135,4,2026-09-25 22:31:07.852,46.9875
Demo experiment,pioreactor02,2026-09-25T16:46:12.853Z,0.0,90,2,2026-09-25 22:31:12.853,46.988888888889
Demo experiment,pioreactor02,2026-09-25T16:46:12.853Z,0.180442634146,45,3,2026-09-25 22:31:12.853,46.988888888889
Demo experiment,pioreactor02,2026-09-25T16:46:12.853Z,0.032747525096,135,4,2026-09-25 22:31:12.853,46.988888888889
Demo experiment,pioreactor02,2026-09-25T16:46:17.855Z,0.0,90,2,2026-09-25 22:31:17.855,46.990277777778
Demo experiment,pioreactor02,2026-09-25T16:46:17.855Z,0.180157150623,45,3,2026-09-25 22:31:17.855,46.990277777778
Demo experiment,pioreactor02,2026-09-25T16:46:17.855Z,0.032965383104,135,4,2026-09-25 22:31:17.855,46.990277777778
Demo experiment,pioreactor02,2026-09-25T16:46:22.853Z,0.0,90,2,2026-09-25 22:31:22.853,46.991666666667
Demo experiment,pioreactor02,2026-09-25T16:46:22.853Z,0.179841232084,45,3,2026-09-25 22:31:22.853,46.991666666667
Demo experiment,pioreactor02,2026-09-25T16:46:22.853Z,0.032580208858,135,4,2026-09-25 22:31:22.853,46.991666666667
Demo experiment,pioreactor02,2026-09-25T16:46:27.854Z,0.0,90,2,2026-09-25 22:31:27.854,46.993055555556
Demo experiment,pioreactor02,2026-09-25T16:46:27.854Z,0.179801850739,45,3,2026-09-25 22:31:27.854,46.993055555556
Demo experiment,pioreactor02,2026-09-25T16:46:27.854Z,0.031160430584,135,4,2026-09-25 22:31:27.854,46.993055555556
Demo experiment,pioreactor02,2026-09-25T16:46:32.853Z,0.0,90,2,2026-09-25 22:31:32.853,46.994444444444
Demo experiment,pioreactor02,2026-09-25T16:46:32.853Z,0.18013693178,45,3,2026-09-25 22:31:32.853,46.994444444444
Demo experiment,pioreactor02,2026-09-25T16:46:32.853Z,0.030995019761,135,4,2026-09-25 22:31:32.853,46.994444444444
Demo experiment,pioreactor02,2026-09-25T16:46:37.852Z,0.0,90,2,2026-09-25 22:31:37.852,46.995833333333
Demo experiment,pioreactor02,2026-09-25T16:46:37.852Z,0.180090778389,45,3,2026-09-25 22:31:37.852,46.995833333333
Demo experiment,pioreactor02,2026-09-25T16:46:37.852Z,0.032231699293,135,4,2026-09-25 22:31:37.852,46.995833333333
Demo experiment,pioreactor02,2026-09-25T16:46:42.851Z,0.0,90,2,2026-09-25 22:31:42.851,46.997222222222
Demo experiment,pioreactor02,2026-09-25T16:46:42.851Z,0.180235986354,45,3,2026-09-25 22:31:42.851,46.997222222222
Demo experiment,pioreactor02,2026-09-25T16:46:42.851Z,0.031250900667,135,4,2026-09-25 22:31:42.851,46.997222222222
Demo experiment,pioreactor02,2026-09-25T16:46:47.850Z,0.0,90,2,2026-09-25 22:31:47.850,46.998611111111
Demo experiment,pioreactor02,2026-09-25T16:46:47.850Z,0.180280453476,45,3,2026-09-25 22:31:47.850,46.998611111111
Demo experiment,pioreactor02,2026-09-25T16:46:47.850Z,0.030171170541,135,4,2026-09-25 22:31:47.850,46.998611111111
Demo experiment,pioreactor02,2026-09-25T16:46:52.853Z,0.0,90,2,2026-09-25 22:31:52.853,47.0
Demo experiment,pioreactor02,2026-09-25T16:46:52.853Z,0.179870886182,45,3,2026-09-25 22:31:52.853,47.0
Demo experiment,pioreactor02,2026-09-25T16:46:52.853Z,0.036344435654,135,4,2026-09-25 22:31:52.853,47.0
Demo experiment,pioreactor02,2026-09-25T16:46:57.856Z,0.0,90,2,2026-09-25 22:31:57.856,47.001388888889
Demo experiment,pioreactor02,2026-09-25T16:46:57.856Z,0.17986001101,45,3,2026-09-25 22:31:57.856,47.001388888889
Demo experiment,pioreactor02,2026-09-25T16:46:57.856Z,0.03522151179,135,4,2026-09-25 22:31:57.856,47.001388888889
Demo experiment,pioreactor02,2026-09-25T16:47:02.854Z,0.0,90,2,2026-09-25 22:32:02.854,47.002777777778
Demo experiment,pioreactor02,2026-09-25T16:47:02.854Z,0.179801775078,45,3,2026-09-25 22:32:02.854,47.002777777778
Demo experiment,pioreactor02,2026-09-25T16:47:02.854Z,0.032216021727,135,4,2026-09-25 22:32:02.854,47.002777777778
Demo experiment,pioreactor02,2026-09-25T16:47:07.854Z,0.0,90,2,2026-09-25 22:32:07.854,47.004166666667
Demo experiment,pioreactor02,2026-09-25T16:47:07.854Z,0.179691536816,45,3,2026-09-25 22:32:07.854,47.004166666667
Demo experiment,pioreactor02,2026-09-25T16:47:07.854Z,0.030363054798,135,4,2026-09-25 22:32:07.854,47.004166666667
Demo experiment,pioreactor02,2026-09-25T16:47:12.854Z,0.0,90,2,2026-09-25 22:32:12.854,47.005555555556
Demo experiment,pioreactor02,2026-09-25T16:47:12.854Z,0.179706084811,45,3,2026-09-25 22:32:12.854,47.005555555556
Demo experiment,pioreactor02,2026-09-25T16:47:12.854Z,0.030893542725,135,4,2026-09-25 22:32:12.854,47.005555555556
Demo experiment,pioreactor02,2026-09-25T16:47:17.858Z,0.0,90,2,2026-09-25 22:32:17.858,47.006944444444
Demo experiment,pioreactor02,2026-09-25T16:47:17.858Z,0.179861234647,45,3,2026-09-25 22:32:17.858,47.006944444444
Demo experiment,pioreactor02,2026-09-25T16:47:17.858Z,0.030112692627,135,4,2026-09-25 22:32:17.858,47.006944444444
Demo experiment,pioreactor02,2026-09-25T16:47:22.859Z,0.0,90,2,2026-09-25 22:32:22.859,47.008333333333
Demo experiment,pioreactor02,2026-09-25T16:47:22.859Z,0.179840040582,45,3,2026-09-25 22:32:22.859,47.008333333333
Demo experiment,pioreactor02,2026-09-25T16:47:22.859Z,0.028492668715,135,4,2026-09-25 22:32:22.859,47.008333333333
Demo experiment,pioreactor02,2026-09-25T16:47:27.854Z,0.0,90,2,2026-09-25 22:32:27.854,47.009722222222
Demo experiment,pioreactor02,2026-09-25T16:47:27.854Z,0.179554483708,45,3,2026-09-25 22:32:27.854,47.009722222222
Demo experiment,pioreactor02,2026-09-25T16:47:27.854Z,0.029493884212,135,4,2026-09-25 22:32:27.854,47.009722222222
Demo experiment,pioreactor02,2026-09-25T16:47:32.857Z,0.0,90,2,2026-09-25 22:32:32.857,47.011111111111
Demo experiment,pioreactor02,2026-09-25T16:47:32.857Z,0.179659703127,45,3,2026-09-25 22:32:32.857,47.011111111111
Demo experiment,pioreactor02,2026-09-25T16:47:32.857Z,0.031893009499,135,4,2026-09-25 22:32:32.857,47.011111111111
Demo experiment,pioreactor02,2026-09-25T16:47:37.854Z,0.0,90,2,2026-09-25 22:32:37.854,47.0125
Demo experiment,pioreactor02,2026-09-25T16:47:37.854Z,0.179864775451,45,3,2026-09-25 22:32:37.854,47.0125
Demo experiment,pioreactor02,2026-09-25T16:47:37.854Z,0.033721477291,135,4,2026-09-25 22:32:37.854,47.0125
Demo experiment,pioreactor02,2026-09-25T16:47:42.853Z,0.0,90,2,2026-09-25 22:32:42.853,47.013888888889
Demo experiment,pioreactor02,2026-09-25T16:47:42.853Z,0.179830684739,45,3,2026-09-25 22:32:42.853,47.013888888889
Demo experiment,pioreactor02,2026-09-25T16:47:42.853Z,0.034634096104,135,4,2026-09-25 22:32:42.853,47.013888888889
Demo experiment,pioreactor02,2026-09-25T16:47:47.851Z,0.0,90,2,2026-09-25 22:32:47.851,47.015277777778
Demo experiment,pioreactor02,2026-09-25T16:47:47.851Z,0.179854083476,45,3,2026-09-25 22:32:47.851,47.015277777778
Demo experiment,pioreactor02,2026-09-25T16:47:47.851Z,0.035226563853,135,4,2026-09-25 22:32:47.851,47.015277777778
Demo experiment,pioreactor02,2026-09-25T16:47:52.853Z,0.0,90,2,2026-09-25 22:32:52.853,47.016666666667
Demo experiment,pioreactor02,2026-09-25T16:47:52.853Z,0.179767641336,45,3,2026-09-25 22:32:52.853,47.016666666667
Demo experiment,pioreactor02,2026-09-25T16:47:52.853Z,0.031564080002,135,4,2026-09-25 22:32:52.853,47.016666666667
Demo experiment,pioreactor02,2026-09-25T16:47:57.852Z,0.0,90,2,2026-09-25 22:32:57.852,47.018055555556
Demo experiment,pioreactor02,2026-09-25T16:47:57.852Z,0.179548178226,45,3,2026-09-25 22:32:57.852,47.018055555556
Demo experiment,pioreactor02,2026-09-25T16:47:57.852Z,0.031561896493,135,4,2026-09-25 22:32:57.852,47.018055555556
Demo experiment,pioreactor02,2026-09-25T16:48:02.853Z,0.0,90,2,2026-09-25 22:33:02.853,47.019444444444
Demo experiment,pioreactor02,2026-09-25T16:48:02.853Z,0.179664809546,45,3,2026-09-25 22:33:02.853,47.019444444444
Demo experiment,pioreactor02,2026-09-25T16:48:02.853Z,0.030896839381,135,4,2026-09-25 22:33:02.853,47.019444444444
Demo experiment,pioreactor02,2026-09-25T16:48:07.853Z,0.0,90,2,2026-09-25 22:33:07.853,47.020833333333
Demo experiment,pioreactor02,2026-09-25T16:48:07.853Z,0.179831468179,45,3,2026-09-25 22:33:07.853,47.020833333333
Demo experiment,pioreactor02,2026-09-25T16:48:07.853Z,0.030758789071,135,4,2026-09-25 22:33:07.853,47.020833333333
Demo experiment,pioreactor02,2026-09-25T16:48:12.852Z,0.0,90,2,2026-09-25 22:33:12.852,47.022222222222
Demo experiment,pioreactor02,2026-09-25T16:48:12.852Z,0.179804670587,45,3,2026-09-25 22:33:12.852,47.022222222222
Demo experiment,pioreactor02,2026-09-25T16:48:12.852Z,0.03035077254,135,4,2026-09-25 22:33:12.852,47.022222222222
Demo experiment,pioreactor02,2026-09-25T16:48:17.850Z,0.0,90,2,2026-09-25 22:33:17.850,47.023611111111
Demo experiment,pioreactor02,2026-09-25T16:48:17.850Z,0.179909026881,45,3,2026-09-25 22:33:17.850,47.023611111111
Demo experiment,pioreactor02,2026-09-25T16:48:17.850Z,0.030043790473,135,4,2026-09-25 22:33:17.850,47.023611111111
Demo experiment,pioreactor02,2026-09-25T16:48:22.850Z,0.0,90,2,2026-09-25 22:33:22.850,47.025
Demo experiment,pioreactor02,2026-09-25T16:48:22.850Z,0.179906664292,45,3,2026-09-25 22:33:22.850,47.025
Demo experiment,pioreactor02,2026-09-25T16:48:22.850Z,0.030023521709,135,4,2026-09-25 22:33:22.850,47.025
Demo experiment,pioreactor02,2026-09-25T16:48:27.859Z,0.0,90,2,2026-09-25 22:33:27.859,47.026388888889
Demo experiment,pioreactor02,2026-09-25T16:48:27.859Z,0.179708511789,45,3,2026-09-25 22:33:27.859,47.026388888889
Demo experiment,pioreactor02,2026-09-25T16:48:27.859Z,0.035447155125,135,4,2026-09-25 22:33:27.859,47.026388888889
Demo experiment,pioreactor02,2026-09-25T16:48:32.849Z,0.0,90,2,2026-09-25 22:33:32.849,47.027777777778
Demo experiment,pioreactor02,2026-09-25T16:48:32.849Z,0.179288610653,45,3,2026-09-25 22:33:32.849,47.027777777778
Demo experiment,pioreactor02,2026-09-25T16:48:32.849Z,0.035590175252,135,4,2026-09-25 22:33:32.849,47.027777777778
Demo experiment,pioreactor02,2026-09-25T16:48:37.851Z,0.0,90,2,2026-09-25 22:33:37.851,47.029166666667
Demo experiment,pioreactor02,2026-09-25T16:48:37.851Z,0.179458851207,45,3,2026-09-25 22:33:37.851,47.029166666667
Demo experiment,pioreactor02,2026-09-25T16:48:37.851Z,0.034684021143,135,4,2026-09-25 22:33:37.851,47.029166666667
Demo experiment,pioreactor02,2026-09-25T16:48:42.850Z,0.0,90,2,2026-09-25 22:33:42.850,47.030555555556
Demo experiment,pioreactor02,2026-09-25T16:48:42.850Z,0.179645431003,45,3,2026-09-25 22:33:42.850,47.030555555556
Demo experiment,pioreactor02,2026-09-25T16:48:42.850Z,0.034286926369,135,4,2026-09-25 22:33:42.850,47.030555555556
Demo experiment,pioreactor02,2026-09-25T16:48:47.848Z,0.0,90,2,2026-09-25 22:33:47.848,47.031944444444
Demo experiment,pioreactor02,2026-09-25T16:48:47.848Z,0.179515100174,45,3,2026-09-25 22:33:47.848,47.031944444444
Demo experiment,pioreactor02,2026-09-25T16:48:47.848Z,0.034131856439,135,4,2026-09-25 22:33:47.848,47.031944444444
Demo experiment,pioreactor02,2026-09-25T16:48:52.852Z,0.0,90,2,2026-09-25 22:33:52.852,47.033333333333
Demo experiment,pioreactor02,2026-09-25T16:48:52.852Z,0.179670667581,45,3,2026-09-25 22:33:52.852,47.033333333333
Demo experiment,pioreactor02,2026-09-25T16:48:52.852Z,0.033842520067,135,4,2026-09-25 22:33:52.852,47.033333333333
Demo experiment,pioreactor02,2026-09-25T16:48:57.851Z,0.0,90,2,2026-09-25 22:33:57.851,47.034722222222
Demo experiment,pioreactor02,2026-09-25T16:48:57.851Z,0.179676496564,45,3,2026-09-25 22:33:57.851,47.034722222222
Demo experiment,pioreactor02,2026-09-25T16:48:57.851Z,0.033032109041,135,4,2026-09-25 22:33:57.851,47.034722222222
Demo experiment,pioreactor02,2026-09-25T16:49:02.855Z,0.0,90,2,2026-09-25 22:34:02.855,47.036111111111
Demo experiment,pioreactor02,2026-09-25T16:49:02.855Z,0.179324746998,45,3,2026-09-25 22:34:02.855,47.036111111111
Demo experiment,pioreactor02,2026-09-25T16:49:02.855Z,0.037723422038,135,4,2026-09-25 22:34:02.855,47.036111111111
Demo experiment,pioreactor02,2026-09-25T16:49:07.850Z,0.0,90,2,2026-09-25 22:34:07.850,47.0375
Demo experiment,pioreactor02,2026-09-25T16:49:07.850Z,0.179325243172,45,3,2026-09-25 22:34:07.850,47.0375
Demo experiment,pioreactor02,2026-09-25T16:49:07.850Z,0.034094432785,135,4,2026-09-25 22:34:07.850,47.0375
Demo experiment,pioreactor02,2026-09-25T16:49:12.850Z,0.0,90,2,2026-09-25 22:34:12.850,47.038888888889
Demo experiment,pioreactor02,2026-09-25T16:49:12.850Z,0.179350670049,45,3,2026-09-25 22:34:12.850,47.038888888889
Demo experiment,pioreactor02,2026-09-25T16:49:12.850Z,0.03492757419,135,4,2026-09-25 22:34:12.850,47.038888888889
Demo experiment,pioreactor02,2026-09-25T16:49:17.850Z,0.0,90,2,2026-09-25 22:34:17.850,47.040277777778
Demo experiment,pioreactor02,2026-09-25T16:49:17.850Z,0.179346346975,45,3,2026-09-25 22:34:17.850,47.040277777778
Demo experiment,pioreactor02,2026-09-25T16:49:17.850Z,0.034657762869,135,4,2026-09-25 22:34:17.850,47.040277777778
Demo experiment,pioreactor02,2026-09-25T16:49:22.851Z,0.0,90,2,2026-09-25 22:34:22.851,47.041666666667
Demo experiment,pioreactor02,2026-09-25T16:49:22.851Z,0.179583319609,45,3,2026-09-25 22:34:22.851,47.041666666667
Demo experiment,pioreactor02,2026-09-25T16:49:22.851Z,0.035501121131,135,4,2026-09-25 22:34:22.851,47.041666666667
Demo experiment,pioreactor02,2026-09-25T16:49:27.849Z,0.0,90,2,2026-09-25 22:34:27.849,47.043055555556
Demo experiment,pioreactor02,2026-09-25T16:49:27.849Z,0.179473539024,45,3,2026-09-25 22:34:27.849,47.043055555556
Demo experiment,pioreactor02,2026-09-25T16:49:27.849Z,0.034080888626,135,4,2026-09-25 22:34:27.849,47.043055555556
Demo experiment,pioreactor02,2026-09-25T16:49:32.849Z,0.0,90,2,2026-09-25 22:34:32.849,47.044444444444
Demo experiment,pioreactor02,2026-09-25T16:49:32.849Z,0.17963277294,45,3,2026-09-25 22:34:32.849,47.044444444444
Demo experiment,pioreactor02,2026-09-25T16:49:32.849Z,0.033728222796,135,4,2026-09-25 22:34:32.849,47.044444444444
Demo experiment,pioreactor02,2026-09-25T16:49:37.852Z,0.0,90,2,2026-09-25 22:34:37.852,47.045833333333
Demo experiment,pioreactor02,2026-09-25T16:49:37.852Z,0.17944118757,45,3,2026-09-25 22:34:37.852,47.045833333333
Demo experiment,pioreactor02,2026-09-25T16:49:37.852Z,0.038751798104,135,4,2026-09-25 22:34:37.852,47.045833333333
Demo experiment,pioreactor02,2026-09-25T16:49:42.857Z,0.0,90,2,2026-09-25 22:34:42.857,47.047222222222
Demo experiment,pioreactor02,2026-09-25T16:49:42.857Z,0.179298202982,45,3,2026-09-25 22:34:42.857,47.047222222222
Demo experiment,pioreactor02,2026-09-25T16:49:42.857Z,0.035448158652,135,4,2026-09-25 22:34:42.857,47.047222222222
Demo experiment,pioreactor02,2026-09-25T16:49:47.850Z,0.0,90,2,2026-09-25 22:34:47.850,47.048611111111
Demo experiment,pioreactor02,2026-09-25T16:49:47.850Z,0.179199721309,45,3,2026-09-25 22:34:47.850,47.048611111111
Demo experiment,pioreactor02,2026-09-25T16:49:47.850Z,0.034615412722,135,4,2026-09-25 22:34:47.850,47.048611111111
Demo experiment,pioreactor02,2026-09-25T16:49:52.854Z,0.0,90,2,2026-09-25 22:34:52.854,47.05
Demo experiment,pioreactor02,2026-09-25T16:49:52.854Z,0.17914906227,45,3,2026-09-25 22:34:52.854,47.05
Demo experiment,pioreactor02,2026-09-25T16:49:52.854Z,0.031929469808,135,4,2026-09-25 22:34:52.854,47.05
Demo experiment,pioreactor02,2026-09-25T16:49:57.852Z,0.0,90,2,2026-09-25 22:34:57.852,47.051388888889
Demo experiment,pioreactor02,2026-09-25T16:49:57.852Z,0.179409527977,45,3,2026-09-25 22:34:57.852,47.051388888889
Demo experiment,pioreactor02,2026-09-25T16:49:57.852Z,0.034003992826,135,4,2026-09-25 22:34:57.852,47.051388888889
Demo experiment,pioreactor02,2026-09-25T16:50:02.849Z,0.0,90,2,2026-09-25 22:35:02.849,47.052777777778
Demo experiment,pioreactor02,2026-09-25T16:50:02.849Z,0.179351345698,45,3,2026-09-25 22:35:02.849,47.052777777778
Demo experiment,pioreactor02,2026-09-25T16:50:02.849Z,0.033956510614,135,4,2026-09-25 22:35:02.849,47.052777777778
Demo experiment,pioreactor02,2026-09-25T16:50:07.852Z,0.0,90,2,2026-09-25 22:35:07.852,47.054166666667
Demo experiment,pioreactor02,2026-09-25T16:50:07.852Z,0.179532509554,45,3,2026-09-25 22:35:07.852,47.054166666667
Demo experiment,pioreactor02,2026-09-25T16:50:07.852Z,0.040115140854,135,4,2026-09-25 22:35:07.852,47.054166666667
Demo experiment,pioreactor02,2026-09-25T16:50:12.849Z,0.0,90,2,2026-09-25 22:35:12.849,47.055555555556
Demo experiment,pioreactor02,2026-09-25T16:50:12.849Z,0.179317913255,45,3,2026-09-25 22:35:12.849,47.055555555556
Demo experiment,pioreactor02,2026-09-25T16:50:12.849Z,0.036000262983,135,4,2026-09-25 22:35:12.849,47.055555555556
Demo experiment,pioreactor02,2026-09-25T16:50:17.850Z,0.0,90,2,2026-09-25 22:35:17.850,47.056944444444
Demo experiment,pioreactor02,2026-09-25T16:50:17.850Z,0.179418014286,45,3,2026-09-25 22:35:17.850,47.056944444444
Demo experiment,pioreactor02,2026-09-25T16:50:17.850Z,0.036344956366,135,4,2026-09-25 22:35:17.850,47.056944444444
Demo experiment,pioreactor02,2026-09-25T16:50:22.850Z,0.0,90,2,2026-09-25 22:35:22.850,47.058333333333
Demo experiment,pioreactor02,2026-09-25T16:50:22.850Z,0.179337288875,45,3,2026-09-25 22:35:22.850,47.058333333333
Demo experiment,pioreactor02,2026-09-25T16:50:22.850Z,0.033076759534,135,4,2026-09-25 22:35:22.850,47.058333333333
Demo experiment,pioreactor02,2026-09-25T16:50:27.849Z,0.0,90,2,2026-09-25 22:35:27.849,47.059722222222
Demo experiment,pioreactor02,2026-09-25T16:50:27.849Z,0.179554228688,45,3,2026-09-25 22:35:27.849,47.059722222222
Demo experiment,pioreactor02,2026-09-25T16:50:27.849Z,0.033344535236,135,4,2026-09-25 22:35:27.849,47.059722222222
Demo experiment,pioreactor02,2026-09-25T16:50:32.852Z,0.0,90,2,2026-09-25 22:35:32.852,47.061111111111
Demo experiment,pioreactor02,2026-09-25T16:50:32.852Z,0.179536924176,45,3,2026-09-25 22:35:32.852,47.061111111111
Demo experiment,pioreactor02,2026-09-25T16:50:32.852Z,0.034192536546,135,4,2026-09-25 22:35:32.852,47.061111111111
Demo experiment,pioreactor02,2026-09-25T16:50:37.849Z,0.0,90,2,2026-09-25 22:35:37.849,47.0625
Demo experiment,pioreactor02,2026-09-25T16:50:37.849Z,0.179594052038,45,3,2026-09-25 22:35:37.849,47.0625
Demo experiment,pioreactor02,2026-09-25T16:50:37.849Z,0.034578375126,135,4,2026-09-25 22:35:37.849,47.0625
Demo experiment,pioreactor02,2026-09-25T16:50:42.850Z,0.0,90,2,2026-09-25 22:35:42.850,47.063888888889
Demo experiment,pioreactor02,2026-09-25T16:50:42.850Z,0.179521903004,45,3,2026-09-25 22:35:42.850,47.063888888889
Demo experiment,pioreactor02,2026-09-25T16:50:42.850Z,0.032974117381,135,4,2026-09-25 22:35:42.850,47.063888888889
Demo experiment,pioreactor02,2026-09-25T16:50:47.853Z,0.0,90,2,2026-09-25 22:35:47.853,47.065277777778
Demo experiment,pioreactor02,2026-09-25T16:50:47.853Z,0.179577082643,45,3,2026-09-25 22:35:47.853,47.065277777778
Demo experiment,pioreactor02,2026-09-25T16:50:47.853Z,0.030877346105,135,4,2026-09-25 22:35:47.853,47.065277777778
Demo experiment,pioreactor02,2026-09-25T16:50:52.849Z,0.0,90,2,2026-09-25 22:35:52.849,47.066666666667
Demo experiment,pioreactor02,2026-09-25T16:50:52.849Z,0.179835259366,45,3,2026-09-25 22:35:52.849,47.066666666667
Demo experiment,pioreactor02,2026-09-25T16:50:52.849Z,0.029007135691,135,4,2026-09-25 22:35:52.849,47.066666666667
Demo experiment,pioreactor02,2026-09-25T16:50:57.850Z,0.0,90,2,2026-09-25 22:35:57.850,47.068055555556
Demo experiment,pioreactor02,2026-09-25T16:50:57.850Z,0.180301057555,45,3,2026-09-25 22:35:57.850,47.068055555556
Demo experiment,pioreactor02,2026-09-25T16:50:57.850Z,0.027431915521,135,4,2026-09-25 22:35:57.850,47.068055555556
Demo experiment,pioreactor02,2026-09-25T16:51:02.849Z,0.0,90,2,2026-09-25 22:36:02.849,47.069444444444
Demo experiment,pioreactor02,2026-09-25T16:51:02.849Z,0.181053094317,45,3,2026-09-25 22:36:02.849,47.069444444444
Demo experiment,pioreactor02,2026-09-25T16:51:02.849Z,0.026345148268,135,4,2026-09-25 22:36:02.849,47.069444444444
Demo experiment,pioreactor02,2026-09-25T16:51:07.850Z,0.0,90,2,2026-09-25 22:36:07.850,47.070833333333
Demo experiment,pioreactor02,2026-09-25T16:51:07.850Z,0.183604805538,45,3,2026-09-25 22:36:07.850,47.070833333333
Demo experiment,pioreactor02,2026-09-25T16:51:07.850Z,0.025981351505,135,4,2026-09-25 22:36:07.850,47.070833333333
Demo experiment,pioreactor02,2026-09-25T16:51:12.852Z,0.0,90,2,2026-09-25 22:36:12.852,47.072222222222
Demo experiment,pioreactor02,2026-09-25T16:51:12.852Z,0.185559870368,45,3,2026-09-25 22:36:12.852,47.072222222222
Demo experiment,pioreactor02,2026-09-25T16:51:12.852Z,0.028606771467,135,4,2026-09-25 22:36:12.852,47.072222222222
Demo experiment,pioreactor02,2026-09-25T16:51:17.850Z,0.0,90,2,2026-09-25 22:36:17.850,47.073611111111
Demo experiment,pioreactor02,2026-09-25T16:51:17.850Z,0.18554176712,45,3,2026-09-25 22:36:17.850,47.073611111111
Demo experiment,pioreactor02,2026-09-25T16:51:17.850Z,0.027055641783,135,4,2026-09-25 22:36:17.850,47.073611111111
Demo experiment,pioreactor02,2026-09-25T16:51:22.850Z,0.0,90,2,2026-09-25 22:36:22.850,47.075
Demo experiment,pioreactor02,2026-09-25T16:51:22.850Z,0.185541609095,45,3,2026-09-25 22:36:22.850,47.075
Demo experiment,pioreactor02,2026-09-25T16:51:22.850Z,0.026519745919,135,4,2026-09-25 22:36:22.850,47.075
Demo experiment,pioreactor02,2026-09-25T16:51:27.848Z,0.0,90,2,2026-09-25 22:36:27.848,47.076388888889
Demo experiment,pioreactor02,2026-09-25T16:51:27.848Z,0.18540648139,45,3,2026-09-25 22:36:27.848,47.076388888889
Demo experiment,pioreactor02,2026-09-25T16:51:27.848Z,0.025990562772,135,4,2026-09-25 22:36:27.848,47.076388888889
Demo experiment,pioreactor02,2026-09-25T16:51:32.850Z,0.0,90,2,2026-09-25 22:36:32.850,47.077777777778
Demo experiment,pioreactor02,2026-09-25T16:51:32.850Z,0.185452745785,45,3,2026-09-25 22:36:32.850,47.077777777778
Demo experiment,pioreactor02,2026-09-25T16:51:32.850Z,0.025705016919,135,4,2026-09-25 22:36:32.850,47.077777777778
Demo experiment,pioreactor02,2026-09-25T16:51:37.848Z,0.0,90,2,2026-09-25 22:36:37.848,47.079166666667
Demo experiment,pioreactor02,2026-09-25T16:51:37.848Z,0.185570600845,45,3,2026-09-25 22:36:37.848,47.079166666667
Demo experiment,pioreactor02,2026-09-25T16:51:37.848Z,0.025528110064,135,4,2026-09-25 22:36:37.848,47.079166666667
Demo experiment,pioreactor02,2026-09-25T16:51:42.851Z,0.0,90,2,2026-09-25 22:36:42.851,47.080555555556
Demo experiment,pioreactor02,2026-09-25T16:51:42.851Z,0.185375393816,45,3,2026-09-25 22:36:42.851,47.080555555556
Demo experiment,pioreactor02,2026-09-25T16:51:42.851Z,0.025263926464,135,4,2026-09-25 22:36:42.851,47.080555555556
Demo experiment,pioreactor02,2026-09-25T16:51:47.851Z,0.0,90,2,2026-09-25 22:36:47.851,47.081944444444
Demo experiment,pioreactor02,2026-09-25T16:51:47.851Z,0.185772167794,45,3,2026-09-25 22:36:47.851,47.081944444444
Demo experiment,pioreactor02,2026-09-25T16:51:47.851Z,0.027151356264,135,4,2026-09-25 22:36:47.851,47.081944444444
Demo experiment,pioreactor02,2026-09-25T16:51:52.851Z,0.0,90,2,2026-09-25 22:36:52.851,47.083333333333
Demo experiment,pioreactor02,2026-09-25T16:51:52.851Z,0.187710218307,45,3,2026-09-25 22:36:52.851,47.083333333333
Demo experiment,pioreactor02,2026-09-25T16:51:52.851Z,0.055304699011,135,4,2026-09-25 22:36:52.851,47.083333333333
Demo experiment,pioreactor02,2026-09-25T16:51:57.848Z,0.0,90,2,2026-09-25 22:36:57.848,47.084722222222
Demo experiment,pioreactor02,2026-09-25T16:51:57.848Z,0.184909688213,45,3,2026-09-25 22:36:57.848,47.084722222222
Demo experiment,pioreactor02,2026-09-25T16:51:57.848Z,0.0393417528,135,4,2026-09-25 22:36:57.848,47.084722222222
Demo experiment,pioreactor02,2026-09-25T16:52:02.850Z,0.0,90,2,2026-09-25 22:37:02.850,47.086111111111
Demo experiment,pioreactor02,2026-09-25T16:52:02.850Z,0.184290054254,45,3,2026-09-25 22:37:02.850,47.086111111111
Demo experiment,pioreactor02,2026-09-25T16:52:02.850Z,0.041141686473,135,4,2026-09-25 22:37:02.850,47.086111111111
Demo experiment,pioreactor02,2026-09-25T16:52:07.851Z,0.0,90,2,2026-09-25 22:37:07.851,47.0875
Demo experiment,pioreactor02,2026-09-25T16:52:07.851Z,0.185316034483,45,3,2026-09-25 22:37:07.851,47.0875
Demo experiment,pioreactor02,2026-09-25T16:52:07.851Z,0.04924069733,135,4,2026-09-25 22:37:07.851,47.0875
Demo experiment,pioreactor02,2026-09-25T16:52:12.855Z,0.0,90,2,2026-09-25 22:37:12.855,47.088888888889
Demo experiment,pioreactor02,2026-09-25T16:52:12.855Z,0.185561698625,45,3,2026-09-25 22:37:12.855,47.088888888889
Demo experiment,pioreactor02,2026-09-25T16:52:12.855Z,0.058736116985,135,4,2026-09-25 22:37:12.855,47.088888888889
Demo experiment,pioreactor02,2026-09-25T16:52:17.854Z,0.0,90,2,2026-09-25 22:37:17.854,47.090277777778
Demo experiment,pioreactor02,2026-09-25T16:52:17.854Z,0.183421677354,45,3,2026-09-25 22:37:17.854,47.090277777778
Demo experiment,pioreactor02,2026-09-25T16:52:17.854Z,0.041609375104,135,4,2026-09-25 22:37:17.854,47.090277777778
Demo experiment,pioreactor02,2026-09-25T16:52:22.853Z,0.0,90,2,2026-09-25 22:37:22.853,47.091666666667
Demo experiment,pioreactor02,2026-09-25T16:52:22.853Z,0.182550976248,45,3,2026-09-25 22:37:22.853,47.091666666667
Demo experiment,pioreactor02,2026-09-25T16:52:22.853Z,0.037836709333,135,4,2026-09-25 22:37:22.853,47.091666666667
Demo experiment,pioreactor02,2026-09-25T16:52:27.857Z,0.0,90,2,2026-09-25 22:37:27.857,47.093055555556
Demo experiment,pioreactor02,2026-09-25T16:52:27.857Z,0.182385284951,45,3,2026-09-25 22:37:27.857,47.093055555556
Demo experiment,pioreactor02,2026-09-25T16:52:27.857Z,0.043075060614,135,4,2026-09-25 22:37:27.857,47.093055555556
Demo experiment,pioreactor02,2026-09-25T16:52:32.855Z,0.0,90,2,2026-09-25 22:37:32.855,47.094444444444
Demo experiment,pioreactor02,2026-09-25T16:52:32.855Z,0.182446071793,45,3,2026-09-25 22:37:32.855,47.094444444444
Demo experiment,pioreactor02,2026-09-25T16:52:32.855Z,0.039332654463,135,4,2026-09-25 22:37:32.855,47.094444444444
Demo experiment,pioreactor02,2026-09-25T16:52:37.855Z,0.0,90,2,2026-09-25 22:37:37.855,47.095833333333
Demo experiment,pioreactor02,2026-09-25T16:52:37.855Z,0.181690354064,45,3,2026-09-25 22:37:37.855,47.095833333333
Demo experiment,pioreactor02,2026-09-25T16:52:37.855Z,0.033730301689,135,4,2026-09-25 22:37:37.855,47.095833333333
Demo experiment,pioreactor02,2026-09-25T16:52:42.853Z,0.0,90,2,2026-09-25 22:37:42.853,47.097222222222
Demo experiment,pioreactor02,2026-09-25T16:52:42.853Z,0.182338520821,45,3,2026-09-25 22:37:42.853,47.097222222222
Demo experiment,pioreactor02,2026-09-25T16:52:42.853Z,0.039613415105,135,4,2026-09-25 22:37:42.853,47.097222222222
Demo experiment,pioreactor02,2026-09-25T16:52:47.856Z,0.0,90,2,2026-09-25 22:37:47.856,47.098611111111
Demo experiment,pioreactor02,2026-09-25T16:52:47.856Z,0.182660605005,45,3,2026-09-25 22:37:47.856,47.098611111111
Demo experiment,pioreactor02,2026-09-25T16:52:47.856Z,0.037131650819,135,4,2026-09-25 22:37:47.856,47.098611111111
Demo experiment,pioreactor02,2026-09-25T16:52:52.855Z,0.0,90,2,2026-09-25 22:37:52.855,47.1
Demo experiment,pioreactor02,2026-09-25T16:52:52.855Z,0.181601836096,45,3,2026-09-25 22:37:52.855,47.1
Demo experiment,pioreactor02,2026-09-25T16:52:52.855Z,0.034105746975,135,4,2026-09-25 22:37:52.855,47.1
Demo experiment,pioreactor02,2026-09-25T16:52:57.857Z,0.0,90,2,2026-09-25 22:37:57.857,47.101388888889
Demo experiment,pioreactor02,2026-09-25T16:52:57.857Z,0.181769374272,45,3,2026-09-25 22:37:57.857,47.101388888889
Demo experiment,pioreactor02,2026-09-25T16:52:57.857Z,0.03837481826,135,4,2026-09-25 22:37:57.857,47.101388888889
Demo experiment,pioreactor02,2026-09-25T16:53:02.857Z,0.0,90,2,2026-09-25 22:38:02.857,47.102777777778
Demo experiment,pioreactor02,2026-09-25T16:53:02.857Z,0.181311233492,45,3,2026-09-25 22:38:02.857,47.102777777778
Demo experiment,pioreactor02,2026-09-25T16:53:02.857Z,0.033798027168,135,4,2026-09-25 22:38:02.857,47.102777777778
Demo experiment,pioreactor02,2026-09-25T16:53:07.851Z,0.0,90,2,2026-09-25 22:38:07.851,47.104166666667
Demo experiment,pioreactor02,2026-09-25T16:53:07.851Z,0.181054729807,45,3,2026-09-25 22:38:07.851,47.104166666667
Demo experiment,pioreactor02,2026-09-25T16:53:07.851Z,0.031180530856,135,4,2026-09-25 22:38:07.851,47.104166666667
Demo experiment,pioreactor02,2026-09-25T16:53:12.849Z,0.0,90,2,2026-09-25 22:38:12.849,47.105555555556
Demo experiment,pioreactor02,2026-09-25T16:53:12.849Z,0.181322718233,45,3,2026-09-25 22:38:12.849,47.105555555556
Demo experiment,pioreactor02,2026-09-25T16:53:12.849Z,0.032836181023,135,4,2026-09-25 22:38:12.849,47.105555555556
Demo experiment,pioreactor02,2026-09-25T16:53:17.849Z,0.0,90,2,2026-09-25 22:38:17.849,47.106944444444
Demo experiment,pioreactor02,2026-09-25T16:53:17.849Z,0.181422206107,45,3,2026-09-25 22:38:17.849,47.106944444444
Demo experiment,pioreactor02,2026-09-25T16:53:17.849Z,0.03297440704,135,4,2026-09-25 22:38:17.849,47.106944444444
Demo experiment,pioreactor02,2026-09-25T16:53:22.850Z,0.0,90,2,2026-09-25 22:38:22.850,47.108333333333
Demo experiment,pioreactor02,2026-09-25T16:53:22.850Z,0.181166098909,45,3,2026-09-25 22:38:22.850,47.108333333333
Demo experiment,pioreactor02,2026-09-25T16:53:22.850Z,0.030163441271,135,4,2026-09-25 22:38:22.850,47.108333333333
Demo experiment,pioreactor02,2026-09-25T16:53:27.851Z,0.0,90,2,2026-09-25 22:38:27.851,47.109722222222
Demo experiment,pioreactor02,2026-09-25T16:53:27.851Z,0.180956403285,45,3,2026-09-25 22:38:27.851,47.109722222222
Demo experiment,pioreactor02,2026-09-25T16:53:27.851Z,0.032251026656,135,4,2026-09-25 22:38:27.851,47.109722222222
Demo experiment,pioreactor02,2026-09-25T16:53:32.853Z,0.0,90,2,2026-09-25 22:38:32.853,47.111111111111
Demo experiment,pioreactor02,2026-09-25T16:53:32.853Z,0.180463694742,45,3,2026-09-25 22:38:32.853,47.111111111111
Demo experiment,pioreactor02,2026-09-25T16:53:32.853Z,0.030136883456,135,4,2026-09-25 22:38:32.853,47.111111111111
Demo experiment,pioreactor02,2026-09-25T16:53:37.854Z,0.0,90,2,2026-09-25 22:38:37.854,47.1125
Demo experiment,pioreactor02,2026-09-25T16:53:37.854Z,0.180446600328,45,3,2026-09-25 22:38:37.854,47.1125
Demo experiment,pioreactor02,2026-09-25T16:53:37.854Z,0.029687863636,135,4,2026-09-25 22:38:37.854,47.1125
Demo experiment,pioreactor02,2026-09-25T16:53:42.857Z,0.0,90,2,2026-09-25 22:38:42.857,47.113888888889
Demo experiment,pioreactor02,2026-09-25T16:53:42.857Z,0.181093005233,45,3,2026-09-25 22:38:42.857,47.113888888889
Demo experiment,pioreactor02,2026-09-25T16:53:42.857Z,0.032288341647,135,4,2026-09-25 22:38:42.857,47.113888888889
Demo experiment,pioreactor02,2026-09-25T16:53:47.863Z,0.0,90,2,2026-09-25 22:38:47.863,47.115277777778
Demo experiment,pioreactor02,2026-09-25T16:53:47.863Z,0.180679852531,45,3,2026-09-25 22:38:47.863,47.115277777778
Demo experiment,pioreactor02,2026-09-25T16:53:47.863Z,0.030173357818,135,4,2026-09-25 22:38:47.863,47.115277777778
Demo experiment,pioreactor02,2026-09-25T16:53:52.858Z,0.0,90,2,2026-09-25 22:38:52.858,47.116666666667
Demo experiment,pioreactor02,2026-09-25T16:53:52.858Z,0.180581272812,45,3,2026-09-25 22:38:52.858,47.116666666667
Demo experiment,pioreactor02,2026-09-25T16:53:52.858Z,0.031669923764,135,4,2026-09-25 22:38:52.858,47.116666666667
Demo experiment,pioreactor02,2026-09-25T16:53:57.854Z,0.0,90,2,2026-09-25 22:38:57.854,47.118055555556
Demo experiment,pioreactor02,2026-09-25T16:53:57.854Z,0.180684491074,45,3,2026-09-25 22:38:57.854,47.118055555556
Demo experiment,pioreactor02,2026-09-25T16:53:57.854Z,0.030441410288,135,4,2026-09-25 22:38:57.854,47.118055555556
Demo experiment,pioreactor02,2026-09-25T16:54:02.856Z,0.0,90,2,2026-09-25 22:39:02.856,47.119444444444
Demo experiment,pioreactor02,2026-09-25T16:54:02.856Z,0.180593739207,45,3,2026-09-25 22:39:02.856,47.119444444444
Demo experiment,pioreactor02,2026-09-25T16:54:02.856Z,0.033773718869,135,4,2026-09-25 22:39:02.856,47.119444444444
Demo experiment,pioreactor02,2026-09-25T16:54:07.852Z,0.0,90,2,2026-09-25 22:39:07.852,47.120833333333
Demo experiment,pioreactor02,2026-09-25T16:54:07.852Z,0.180378633159,45,3,2026-09-25 22:39:07.852,47.120833333333
Demo experiment,pioreactor02,2026-09-25T16:54:07.852Z,0.031103545547,135,4,2026-09-25 22:39:07.852,47.120833333333
Demo experiment,pioreactor02,2026-09-25T16:54:12.852Z,0.0,90,2,2026-09-25 22:39:12.852,47.122222222222
Demo experiment,pioreactor02,2026-09-25T16:54:12.852Z,0.180461532846,45,3,2026-09-25 22:39:12.852,47.122222222222
Demo experiment,pioreactor02,2026-09-25T16:54:12.852Z,0.031133476895,135,4,2026-09-25 22:39:12.852,47.122222222222
Demo experiment,pioreactor02,2026-09-25T16:54:17.849Z,0.0,90,2,2026-09-25 22:39:17.849,47.123611111111
Demo experiment,pioreactor02,2026-09-25T16:54:17.849Z,0.180424567256,45,3,2026-09-25 22:39:17.849,47.123611111111
Demo experiment,pioreactor02,2026-09-25T16:54:17.849Z,0.030086632265,135,4,2026-09-25 22:39:17.849,47.123611111111
Demo experiment,pioreactor02,2026-09-25T16:54:22.853Z,0.0,90,2,2026-09-25 22:39:22.853,47.125
Demo experiment,pioreactor02,2026-09-25T16:54:22.853Z,0.180452561616,45,3,2026-09-25 22:39:22.853,47.125
Demo experiment,pioreactor02,2026-09-25T16:54:22.853Z,0.029562471649,135,4,2026-09-25 22:39:22.853,47.125
Demo experiment,pioreactor02,2026-09-25T16:54:27.849Z,0.0,90,2,2026-09-25 22:39:27.849,47.126388888889
Demo experiment,pioreactor02,2026-09-25T16:54:27.849Z,0.180941674294,45,3,2026-09-25 22:39:27.849,47.126388888889
Demo experiment,pioreactor02,2026-09-25T16:54:27.849Z,0.030595429032,135,4,2026-09-25 22:39:27.849,47.126388888889
Demo experiment,pioreactor02,2026-09-25T16:54:32.858Z,0.0,90,2,2026-09-25 22:39:32.858,47.127777777778
Demo experiment,pioreactor02,2026-09-25T16:54:32.858Z,0.180520795676,45,3,2026-09-25 22:39:32.858,47.127777777778
Demo experiment,pioreactor02,2026-09-25T16:54:32.858Z,0.032358538716,135,4,2026-09-25 22:39:32.858,47.127777777778
Demo experiment,pioreactor02,2026-09-25T16:54:37.851Z,0.0,90,2,2026-09-25 22:39:37.851,47.129166666667
Demo experiment,pioreactor02,2026-09-25T16:54:37.851Z,0.180404133894,45,3,2026-09-25 22:39:37.851,47.129166666667
Demo experiment,pioreactor02,2026-09-25T16:54:37.851Z,0.031794294087,135,4,2026-09-25 22:39:37.851,47.129166666667
Demo experiment,pioreactor02,2026-09-25T16:54:42.851Z,0.0,90,2,2026-09-25 22:39:42.851,47.130555555556
Demo experiment,pioreactor02,2026-09-25T16:54:42.851Z,0.180633228955,45,3,2026-09-25 22:39:42.851,47.130555555556
Demo experiment,pioreactor02,2026-09-25T16:54:42.851Z,0.032116213563,135,4,2026-09-25 22:39:42.851,47.130555555556
Demo experiment,pioreactor02,2026-09-25T16:54:47.852Z,0.0,90,2,2026-09-25 22:39:47.852,47.131944444444
Demo experiment,pioreactor02,2026-09-25T16:54:47.852Z,0.180499440235,45,3,2026-09-25 22:39:47.852,47.131944444444
Demo experiment,pioreactor02,2026-09-25T16:54:47.852Z,0.031442520694,135,4,2026-09-25 22:39:47.852,47.131944444444
Demo experiment,pioreactor02,2026-09-25T16:54:52.853Z,0.0,90,2,2026-09-25 22:39:52.853,47.133333333333
Demo experiment,pioreactor02,2026-09-25T16:54:52.853Z,0.180858657286,45,3,2026-09-25 22:39:52.853,47.133333333333
Demo experiment,pioreactor02,2026-09-25T16:54:52.853Z,0.034948449675,135,4,2026-09-25 22:39:52.853,47.133333333333
Demo experiment,pioreactor02,2026-09-25T16:54:57.849Z,0.0,90,2,2026-09-25 22:39:57.849,47.134722222222
Demo experiment,pioreactor02,2026-09-25T16:54:57.849Z,0.180860338248,45,3,2026-09-25 22:39:57.849,47.134722222222
Demo experiment,pioreactor02,2026-09-25T16:54:57.849Z,0.032169631385,135,4,2026-09-25 22:39:57.849,47.134722222222
Demo experiment,pioreactor02,2026-09-25T16:55:02.849Z,0.0,90,2,2026-09-25 22:40:02.849,47.136111111111
Demo experiment,pioreactor02,2026-09-25T16:55:02.849Z,0.180915781083,45,3,2026-09-25 22:40:02.849,47.136111111111
Demo experiment,pioreactor02,2026-09-25T16:55:02.849Z,0.032009478373,135,4,2026-09-25 22:40:02.849,47.136111111111
Demo experiment,pioreactor02,2026-09-25T16:55:07.850Z,0.0,90,2,2026-09-25 22:40:07.850,47.1375
Demo experiment,pioreactor02,2026-09-25T16:55:07.850Z,0.18039674852,45,3,2026-09-25 22:40:07.850,47.1375
Demo experiment,pioreactor02,2026-09-25T16:55:07.850Z,0.031878451289,135,4,2026-09-25 22:40:07.850,47.1375
Demo experiment,pioreactor02,2026-09-25T16:55:12.849Z,0.0,90,2,2026-09-25 22:40:12.849,47.138888888889
Demo experiment,pioreactor02,2026-09-25T16:55:12.849Z,0.180602035964,45,3,2026-09-25 22:40:12.849,47.138888888889
Demo experiment,pioreactor02,2026-09-25T16:55:12.849Z,0.031865676182,135,4,2026-09-25 22:40:12.849,47.138888888889
Demo experiment,pioreactor02,2026-09-25T16:55:17.851Z,0.0,90,2,2026-09-25 22:40:17.851,47.140277777778
Demo experiment,pioreactor02,2026-09-25T16:55:17.851Z,0.180362103861,45,3,2026-09-25 22:40:17.851,47.140277777778
Demo experiment,pioreactor02,2026-09-25T16:55:17.851Z,0.031948938423,135,4,2026-09-25 22:40:17.851,47.140277777778
Demo experiment,pioreactor02,2026-09-25T16:55:22.850Z,0.0,90,2,2026-09-25 22:40:22.850,47.141666666667
Demo experiment,pioreactor02,2026-09-25T16:55:22.850Z,0.180756945641,45,3,2026-09-25 22:40:22.850,47.141666666667
Demo experiment,pioreactor02,2026-09-25T16:55:22.850Z,0.032503148845,135,4,2026-09-25 22:40:22.850,47.141666666667
Demo experiment,pioreactor02,2026-09-25T16:55:27.851Z,0.0,90,2,2026-09-25 22:40:27.851,47.143055555556
Demo experiment,pioreactor02,2026-09-25T16:55:27.851Z,0.181145713285,45,3,2026-09-25 22:40:27.851,47.143055555556
Demo experiment,pioreactor02,2026-09-25T16:55:27.851Z,0.036530274062,135,4,2026-09-25 22:40:27.851,47.143055555556
Demo experiment,pioreactor02,2026-09-25T16:55:32.850Z,0.0,90,2,2026-09-25 22:40:32.850,47.144444444444
Demo experiment,pioreactor02,2026-09-25T16:55:32.850Z,0.181071682828,45,3,2026-09-25 22:40:32.850,47.144444444444
Demo experiment,pioreactor02,2026-09-25T16:55:32.850Z,0.032775500267,135,4,2026-09-25 22:40:32.850,47.144444444444
Demo experiment,pioreactor02,2026-09-25T16:55:37.849Z,0.0,90,2,2026-09-25 22:40:37.849,47.145833333333
Demo experiment,pioreactor02,2026-09-25T16:55:37.849Z,0.180781514353,45,3,2026-09-25 22:40:37.849,47.145833333333
Demo experiment,pioreactor02,2026-09-25T16:55:37.849Z,0.031951039039,135,4,2026-09-25 22:40:37.849,47.145833333333
Demo experiment,pioreactor02,2026-09-25T16:55:42.850Z,0.0,90,2,2026-09-25 22:40:42.850,47.147222222222
Demo experiment,pioreactor02,2026-09-25T16:55:42.850Z,0.180346550527,45,3,2026-09-25 22:40:42.850,47.147222222222
Demo experiment,pioreactor02,2026-09-25T16:55:42.850Z,0.030865536977,135,4,2026-09-25 22:40:42.850,47.147222222222
Demo experiment,pioreactor02,2026-09-25T16:55:47.855Z,0.0,90,2,2026-09-25 22:40:47.855,47.148611111111
Demo experiment,pioreactor02,2026-09-25T16:55:47.855Z,0.18076772312,45,3,2026-09-25 22:40:47.855,47.148611111111
Demo experiment,pioreactor02,2026-09-25T16:55:47.855Z,0.031001680076,135,4,2026-09-25 22:40:47.855,47.148611111111
Demo experiment,pioreactor02,2026-09-25T16:55:52.850Z,0.0,90,2,2026-09-25 22:40:52.850,47.15
Demo experiment,pioreactor02,2026-09-25T16:55:52.850Z,0.180884137351,45,3,2026-09-25 22:40:52.850,47.15
Demo experiment,pioreactor02,2026-09-25T16:55:52.850Z,0.029956385928,135,4,2026-09-25 22:40:52.850,47.15
Demo experiment,pioreactor02,2026-09-25T16:55:57.849Z,0.0,90,2,2026-09-25 22:40:57.849,47.151388888889
Demo experiment,pioreactor02,2026-09-25T16:55:57.849Z,0.18092419491,45,3,2026-09-25 22:40:57.849,47.151388888889
Demo experiment,pioreactor02,2026-09-25T16:55:57.849Z,0.030136356774,135,4,2026-09-25 22:40:57.849,47.151388888889
Demo experiment,pioreactor02,2026-09-25T16:56:02.851Z,0.0,90,2,2026-09-25 22:41:02.851,47.152777777778
Demo experiment,pioreactor02,2026-09-25T16:56:02.851Z,0.181386577225,45,3,2026-09-25 22:41:02.851,47.152777777778
Demo experiment,pioreactor02,2026-09-25T16:56:02.851Z,0.03409069946,135,4,2026-09-25 22:41:02.851,47.152777777778
Demo experiment,pioreactor02,2026-09-25T16:56:07.851Z,0.0,90,2,2026-09-25 22:41:07.851,47.154166666667
Demo experiment,pioreactor02,2026-09-25T16:56:07.851Z,0.180535541748,45,3,2026-09-25 22:41:07.851,47.154166666667
Demo experiment,pioreactor02,2026-09-25T16:56:07.851Z,0.030735877316,135,4,2026-09-25 22:41:07.851,47.154166666667
Demo experiment,pioreactor02,2026-09-25T16:56:12.849Z,0.0,90,2,2026-09-25 22:41:12.849,47.155555555556
Demo experiment,pioreactor02,2026-09-25T16:56:12.849Z,0.180035225052,45,3,2026-09-25 22:41:12.849,47.155555555556
Demo experiment,pioreactor02,2026-09-25T16:56:12.849Z,0.031308267807,135,4,2026-09-25 22:41:12.849,47.155555555556
Demo experiment,pioreactor02,2026-09-25T16:56:17.851Z,0.0,90,2,2026-09-25 22:41:17.851,47.156944444444
Demo experiment,pioreactor02,2026-09-25T16:56:17.851Z,0.180300443446,45,3,2026-09-25 22:41:17.851,47.156944444444
Demo experiment,pioreactor02,2026-09-25T16:56:17.851Z,0.032727383114,135,4,2026-09-25 22:41:17.851,47.156944444444
Demo experiment,pioreactor02,2026-09-25T16:56:22.851Z,0.0,90,2,2026-09-25 22:41:22.851,47.158333333333
Demo experiment,pioreactor02,2026-09-25T16:56:22.851Z,0.180605185186,45,3,2026-09-25 22:41:22.851,47.158333333333
Demo experiment,pioreactor02,2026-09-25T16:56:22.851Z,0.031769972811,135,4,2026-09-25 22:41:22.851,47.158333333333
Demo experiment,pioreactor02,2026-09-25T16:56:27.855Z,0.0,90,2,2026-09-25 22:41:27.855,47.159722222222
Demo experiment,pioreactor02,2026-09-25T16:56:27.855Z,0.180537174596,45,3,2026-09-25 22:41:27.855,47.159722222222
Demo experiment,pioreactor02,2026-09-25T16:56:27.855Z,0.030770250879,135,4,2026-09-25 22:41:27.855,47.159722222222
Demo experiment,pioreactor02,2026-09-25T16:56:32.850Z,0.0,90,2,2026-09-25 22:41:32.850,47.161111111111
Demo experiment,pioreactor02,2026-09-25T16:56:32.850Z,0.18034804166,45,3,2026-09-25 22:41:32.850,47.161111111111
Demo experiment,pioreactor02,2026-09-25T16:56:32.850Z,0.02875842149,135,4,2026-09-25 22:41:32.850,47.161111111111
Demo experiment,pioreactor02,2026-09-25T16:56:37.852Z,0.0,90,2,2026-09-25 22:41:37.852,47.1625
Demo experiment,pioreactor02,2026-09-25T16:56:37.852Z,0.180360844384,45,3,2026-09-25 22:41:37.852,47.1625
Demo experiment,pioreactor02,2026-09-25T16:56:37.852Z,0.030524325761,135,4,2026-09-25 22:41:37.852,47.1625
Demo experiment,pioreactor02,2026-09-25T16:56:42.854Z,0.0,90,2,2026-09-25 22:41:42.854,47.163888888889
Demo experiment,pioreactor02,2026-09-25T16:56:42.854Z,0.180202776957,45,3,2026-09-25 22:41:42.854,47.163888888889
Demo experiment,pioreactor02,2026-09-25T16:56:42.854Z,0.032602371682,135,4,2026-09-25 22:41:42.854,47.163888888889
Demo experiment,pioreactor02,2026-09-25T16:56:47.851Z,0.0,90,2,2026-09-25 22:41:47.851,47.165277777778
Demo experiment,pioreactor02,2026-09-25T16:56:47.851Z,0.180090027842,45,3,2026-09-25 22:41:47.851,47.165277777778
Demo experiment,pioreactor02,2026-09-25T16:56:47.851Z,0.030882505869,135,4,2026-09-25 22:41:47.851,47.165277777778
Demo experiment,pioreactor02,2026-09-25T16:56:52.850Z,0.0,90,2,2026-09-25 22:41:52.850,47.166666666667
Demo experiment,pioreactor02,2026-09-25T16:56:52.850Z,0.180142546971,45,3,2026-09-25 22:41:52.850,47.166666666667
Demo experiment,pioreactor02,2026-09-25T16:56:52.850Z,0.031285590593,135,4,2026-09-25 22:41:52.850,47.166666666667
Demo experiment,pioreactor02,2026-09-25T16:56:57.849Z,0.0,90,2,2026-09-25 22:41:57.849,47.168055555556
Demo experiment,pioreactor02,2026-09-25T16:56:57.849Z,0.180411067063,45,3,2026-09-25 22:41:57.849,47.168055555556
Demo experiment,pioreactor02,2026-09-25T16:56:57.849Z,0.031452447,135,4,2026-09-25 22:41:57.849,47.168055555556
Demo experiment,pioreactor02,2026-09-25T16:57:02.850Z,0.0,90,2,2026-09-25 22:42:02.850,47.169444444444
Demo experiment,pioreactor02,2026-09-25T16:57:02.850Z,0.180484000466,45,3,2026-09-25 22:42:02.850,47.169444444444
Demo experiment,pioreactor02,2026-09-25T16:57:02.850Z,0.031066735826,135,4,2026-09-25 22:42:02.850,47.169444444444
Demo experiment,pioreactor02,2026-09-25T16:57:07.850Z,0.0,90,2,2026-09-25 22:42:07.850,47.170833333333
Demo experiment,pioreactor02,2026-09-25T16:57:07.850Z,0.180368757705,45,3,2026-09-25 22:42:07.850,47.170833333333
Demo experiment,pioreactor02,2026-09-25T16:57:07.850Z,0.029504902835,135,4,2026-09-25 22:42:07.850,47.170833333333
Demo experiment,pioreactor02,2026-09-25T16:57:12.850Z,0.0,90,2,2026-09-25 22:42:12.850,47.172222222222
Demo experiment,pioreactor02,2026-09-25T16:57:12.850Z,0.180407898012,45,3,2026-09-25 22:42:12.850,47.172222222222
Demo experiment,pioreactor02,2026-09-25T16:57:12.850Z,0.029614708141,135,4,2026-09-25 22:42:12.850,47.172222222222
Demo experiment,pioreactor02,2026-09-25T16:57:17.849Z,0.0,90,2,2026-09-25 22:42:17.849,47.173611111111
Demo experiment,pioreactor02,2026-09-25T16:57:17.849Z,0.180200941023,45,3,2026-09-25 22:42:17.849,47.173611111111
Demo experiment,pioreactor02,2026-09-25T16:57:17.849Z,0.030252962074,135,4,2026-09-25 22:42:17.849,47.173611111111
Demo experiment,pioreactor02,2026-09-25T16:57:22.851Z,0.0,90,2,2026-09-25 22:42:22.851,47.175
Demo experiment,pioreactor02,2026-09-25T16:57:22.851Z,0.180446328393,45,3,2026-09-25 22:42:22.851,47.175
Demo experiment,pioreactor02,2026-09-25T16:57:22.851Z,0.031179427122,135,4,2026-09-25 22:42:22.851,47.175
Demo experiment,pioreactor02,2026-09-25T16:57:27.852Z,0.0,90,2,2026-09-25 22:42:27.852,47.176388888889
Demo experiment,pioreactor02,2026-09-25T16:57:27.852Z,0.180461637407,45,3,2026-09-25 22:42:27.852,47.176388888889
Demo experiment,pioreactor02,2026-09-25T16:57:27.852Z,0.031007516295,135,4,2026-09-25 22:42:27.852,47.176388888889
Demo experiment,pioreactor02,2026-09-25T16:57:32.849Z,0.0,90,2,2026-09-25 22:42:32.849,47.177777777778
Demo experiment,pioreactor02,2026-09-25T16:57:32.849Z,0.181140543397,45,3,2026-09-25 22:42:32.849,47.177777777778
Demo experiment,pioreactor02,2026-09-25T16:57:32.849Z,0.031760734491,135,4,2026-09-25 22:42:32.849,47.177777777778
Demo experiment,pioreactor02,2026-09-25T16:57:37.850Z,0.0,90,2,2026-09-25 22:42:37.850,47.179166666667
Demo experiment,pioreactor02,2026-09-25T16:57:37.850Z,0.18094421538,45,3,2026-09-25 22:42:37.850,47.179166666667
Demo experiment,pioreactor02,2026-09-25T16:57:37.850Z,0.030349478483,135,4,2026-09-25 22:42:37.850,47.179166666667
Demo experiment,pioreactor02,2026-09-25T16:57:42.849Z,0.0,90,2,2026-09-25 22:42:42.849,47.180555555556
Demo experiment,pioreactor02,2026-09-25T16:57:42.849Z,0.180840765087,45,3,2026-09-25 22:42:42.849,47.180555555556
Demo experiment,pioreactor02,2026-09-25T16:57:42.849Z,0.032165310607,135,4,2026-09-25 22:42:42.849,47.180555555556
Demo experiment,pioreactor02,2026-09-25T16:57:47.850Z,0.0,90,2,2026-09-25 22:42:47.850,47.181944444444
Demo experiment,pioreactor02,2026-09-25T16:57:47.850Z,0.180665078463,45,3,2026-09-25 22:42:47.850,47.181944444444
Demo experiment,pioreactor02,2026-09-25T16:57:47.850Z,0.034389763221,135,4,2026-09-25 22:42:47.850,47.181944444444
Demo experiment,pioreactor02,2026-09-25T16:57:52.850Z,0.0,90,2,2026-09-25 22:42:52.850,47.183333333333
Demo experiment,pioreactor02,2026-09-25T16:57:52.850Z,0.180314687006,45,3,2026-09-25 22:42:52.850,47.183333333333
Demo experiment,pioreactor02,2026-09-25T16:57:52.850Z,0.033318326364,135,4,2026-09-25 22:42:52.850,47.183333333333
Demo experiment,pioreactor02,2026-09-25T16:57:57.850Z,0.0,90,2,2026-09-25 22:42:57.850,47.184722222222
Demo experiment,pioreactor02,2026-09-25T16:57:57.850Z,0.180222179298,45,3,2026-09-25 22:42:57.850,47.184722222222
Demo experiment,pioreactor02,2026-09-25T16:57:57.850Z,0.031846683347,135,4,2026-09-25 22:42:57.850,47.184722222222
Demo experiment,pioreactor02,2026-09-25T16:58:02.852Z,0.0,90,2,2026-09-25 22:43:02.852,47.186111111111
Demo experiment,pioreactor02,2026-09-25T16:58:02.852Z,0.180170399427,45,3,2026-09-25 22:43:02.852,47.186111111111
Demo experiment,pioreactor02,2026-09-25T16:58:02.852Z,0.030094499085,135,4,2026-09-25 22:43:02.852,47.186111111111
Demo experiment,pioreactor02,2026-09-25T16:58:07.850Z,0.0,90,2,2026-09-25 22:43:07.850,47.1875
Demo experiment,pioreactor02,2026-09-25T16:58:07.850Z,0.180242069144,45,3,2026-09-25 22:43:07.850,47.1875
Demo experiment,pioreactor02,2026-09-25T16:58:07.850Z,0.031417699696,135,4,2026-09-25 22:43:07.850,47.1875
Demo experiment,pioreactor02,2026-09-25T16:58:12.852Z,0.0,90,2,2026-09-25 22:43:12.852,47.188888888889
Demo experiment,pioreactor02,2026-09-25T16:58:12.852Z,0.180146213896,45,3,2026-09-25 22:43:12.852,47.188888888889
Demo experiment,pioreactor02,2026-09-25T16:58:12.852Z,0.032146082534,135,4,2026-09-25 22:43:12.852,47.188888888889
Demo experiment,pioreactor02,2026-09-25T16:58:17.849Z,0.0,90,2,2026-09-25 22:43:17.849,47.190277777778
Demo experiment,pioreactor02,2026-09-25T16:58:17.849Z,0.180385638759,45,3,2026-09-25 22:43:17.849,47.190277777778
Demo experiment,pioreactor02,2026-09-25T16:58:17.849Z,0.032214652779,135,4,2026-09-25 22:43:17.849,47.190277777778
Demo experiment,pioreactor02,2026-09-25T16:58:22.850Z,0.0,90,2,2026-09-25 22:43:22.850,47.191666666667
Demo experiment,pioreactor02,2026-09-25T16:58:22.850Z,0.180093980884,45,3,2026-09-25 22:43:22.850,47.191666666667
Demo experiment,pioreactor02,2026-09-25T16:58:22.850Z,0.034271638291,135,4,2026-09-25 22:43:22.850,47.191666666667
Demo experiment,pioreactor02,2026-09-25T16:58:27.850Z,0.0,90,2,2026-09-25 22:43:27.850,47.193055555556
Demo experiment,pioreactor02,2026-09-25T16:58:27.850Z,0.180046496686,45,3,2026-09-25 22:43:27.850,47.193055555556
Demo experiment,pioreactor02,2026-09-25T16:58:27.850Z,0.031838523601,135,4,2026-09-25 22:43:27.850,47.193055555556
Demo experiment,pioreactor02,2026-09-25T16:58:32.850Z,0.0,90,2,2026-09-25 22:43:32.850,47.194444444444
Demo experiment,pioreactor02,2026-09-25T16:58:32.850Z,0.180329142658,45,3,2026-09-25 22:43:32.850,47.194444444444
Demo experiment,pioreactor02,2026-09-25T16:58:32.850Z,0.03332967821,135,4,2026-09-25 22:43:32.850,47.194444444444
Demo experiment,pioreactor02,2026-09-25T16:58:37.854Z,0.0,90,2,2026-09-25 22:43:37.854,47.195833333333
Demo experiment,pioreactor02,2026-09-25T16:58:37.854Z,0.18004453027,45,3,2026-09-25 22:43:37.854,47.195833333333
Demo experiment,pioreactor02,2026-09-25T16:58:37.854Z,0.031894194364,135,4,2026-09-25 22:43:37.854,47.195833333333
Demo experiment,pioreactor02,2026-09-25T16:58:42.853Z,0.0,90,2,2026-09-25 22:43:42.853,47.197222222222
Demo experiment,pioreactor02,2026-09-25T16:58:42.853Z,0.180482760742,45,3,2026-09-25 22:43:42.853,47.197222222222
Demo experiment,pioreactor02,2026-09-25T16:58:42.853Z,0.035078462692,135,4,2026-09-25 22:43:42.853,47.197222222222
Demo experiment,pioreactor02,2026-09-25T16:58:47.854Z,0.0,90,2,2026-09-25 22:43:47.854,47.198611111111
Demo experiment,pioreactor02,2026-09-25T16:58:47.854Z,0.180298740937,45,3,2026-09-25 22:43:47.854,47.198611111111
Demo experiment,pioreactor02,2026-09-25T16:58:47.854Z,0.030977735437,135,4,2026-09-25 22:43:47.854,47.198611111111
Demo experiment,pioreactor02,2026-09-25T16:58:52.858Z,0.0,90,2,2026-09-25 22:43:52.858,47.2
Demo experiment,pioreactor02,2026-09-25T16:58:52.858Z,0.18044550142,45,3,2026-09-25 22:43:52.858,47.2
Demo experiment,pioreactor02,2026-09-25T16:58:52.858Z,0.032166293296,135,4,2026-09-25 22:43:52.858,47.2
Demo experiment,pioreactor02,2026-09-25T16:58:57.855Z,0.0,90,2,2026-09-25 22:43:57.855,47.201388888889
Demo experiment,pioreactor02,2026-09-25T16:58:57.855Z,0.179961589116,45,3,2026-09-25 22:43:57.855,47.201388888889
Demo experiment,pioreactor02,2026-09-25T16:58:57.855Z,0.03224105207,135,4,2026-09-25 22:43:57.855,47.201388888889
Demo experiment,pioreactor02,2026-09-25T16:59:02.852Z,0.0,90,2,2026-09-25 22:44:02.852,47.202777777778
Demo experiment,pioreactor02,2026-09-25T16:59:02.852Z,0.180013322627,45,3,2026-09-25 22:44:02.852,47.202777777778
Demo experiment,pioreactor02,2026-09-25T16:59:02.852Z,0.033071557819,135,4,2026-09-25 22:44:02.852,47.202777777778
Demo experiment,pioreactor02,2026-09-25T16:59:07.855Z,0.0,90,2,2026-09-25 22:44:07.855,47.204166666667
Demo experiment,pioreactor02,2026-09-25T16:59:07.855Z,0.17998531658,45,3,2026-09-25 22:44:07.855,47.204166666667
Demo experiment,pioreactor02,2026-09-25T16:59:07.855Z,0.031868119677,135,4,2026-09-25 22:44:07.855,47.204166666667
Demo experiment,pioreactor02,2026-09-25T16:59:12.856Z,0.0,90,2,2026-09-25 22:44:12.856,47.205555555556
Demo experiment,pioreactor02,2026-09-25T16:59:12.856Z,0.180069075519,45,3,2026-09-25 22:44:12.856,47.205555555556
Demo experiment,pioreactor02,2026-09-25T16:59:12.856Z,0.031356636073,135,4,2026-09-25 22:44:12.856,47.205555555556
Demo experiment,pioreactor02,2026-09-25T16:59:17.854Z,0.0,90,2,2026-09-25 22:44:17.854,47.206944444444
Demo experiment,pioreactor02,2026-09-25T16:59:17.854Z,0.180189272945,45,3,2026-09-25 22:44:17.854,47.206944444444
Demo experiment,pioreactor02,2026-09-25T16:59:17.854Z,0.031439120948,135,4,2026-09-25 22:44:17.854,47.206944444444
Demo experiment,pioreactor02,2026-09-25T16:59:22.853Z,0.0,90,2,2026-09-25 22:44:22.853,47.208333333333
Demo experiment,pioreactor02,2026-09-25T16:59:22.853Z,0.180408700348,45,3,2026-09-25 22:44:22.853,47.208333333333
Demo experiment,pioreactor02,2026-09-25T16:59:22.853Z,0.031855643726,135,4,2026-09-25 22:44:22.853,47.208333333333
Demo experiment,pioreactor02,2026-09-25T16:59:27.854Z,0.0,90,2,2026-09-25 22:44:27.854,47.209722222222
Demo experiment,pioreactor02,2026-09-25T16:59:27.854Z,0.180075327866,45,3,2026-09-25 22:44:27.854,47.209722222222
Demo experiment,pioreactor02,2026-09-25T16:59:27.854Z,0.034711367041,135,4,2026-09-25 22:44:27.854,47.209722222222
Demo experiment,pioreactor02,2026-09-25T16:59:32.850Z,0.0,90,2,2026-09-25 22:44:32.850,47.211111111111
Demo experiment,pioreactor02,2026-09-25T16:59:32.850Z,0.180239014893,45,3,2026-09-25 22:44:32.850,47.211111111111
Demo experiment,pioreactor02,2026-09-25T16:59:32.850Z,0.035219598069,135,4,2026-09-25 22:44:32.850,47.211111111111
Demo experiment,pioreactor02,2026-09-25T16:59:37.849Z,0.0,90,2,2026-09-25 22:44:37.849,47.2125
Demo experiment,pioreactor02,2026-09-25T16:59:37.849Z,0.180123620409,45,3,2026-09-25 22:44:37.849,47.2125
Demo experiment,pioreactor02,2026-09-25T16:59:37.849Z,0.033333728141,135,4,2026-09-25 22:44:37.849,47.2125
Demo experiment,pioreactor02,2026-09-25T16:59:42.851Z,0.0,90,2,2026-09-25 22:44:42.851,47.213888888889
Demo experiment,pioreactor02,2026-09-25T16:59:42.851Z,0.179959562844,45,3,2026-09-25 22:44:42.851,47.213888888889
Demo experiment,pioreactor02,2026-09-25T16:59:42.851Z,0.031841031665,135,4,2026-09-25 22:44:42.851,47.213888888889
Demo experiment,pioreactor02,2026-09-25T16:59:47.853Z,0.0,90,2,2026-09-25 22:44:47.853,47.215277777778
Demo experiment,pioreactor02,2026-09-25T16:59:47.853Z,0.180176786312,45,3,2026-09-25 22:44:47.853,47.215277777778
Demo experiment,pioreactor02,2026-09-25T16:59:47.853Z,0.030680202037,135,4,2026-09-25 22:44:47.853,47.215277777778
Demo experiment,pioreactor02,2026-09-25T16:59:52.851Z,0.0,90,2,2026-09-25 22:44:52.851,47.216666666667
Demo experiment,pioreactor02,2026-09-25T16:59:52.851Z,0.180062530226,45,3,2026-09-25 22:44:52.851,47.216666666667
Demo experiment,pioreactor02,2026-09-25T16:59:52.851Z,0.030619122477,135,4,2026-09-25 22:44:52.851,47.216666666667
Demo experiment,pioreactor02,2026-09-25T16:59:57.851Z,0.0,90,2,2026-09-25 22:44:57.851,47.218055555556
Demo experiment,pioreactor02,2026-09-25T16:59:57.851Z,0.18021606335,45,3,2026-09-25 22:44:57.851,47.218055555556
Demo experiment,pioreactor02,2026-09-25T16:59:57.851Z,0.030150152896,135,4,2026-09-25 22:44:57.851,47.218055555556
Demo experiment,pioreactor02,2026-09-25T17:00:02.857Z,0.0,90,2,2026-09-25 22:45:02.857,47.219444444444
Demo experiment,pioreactor02,2026-09-25T17:00:02.857Z,0.180008662115,45,3,2026-09-25 22:45:02.857,47.219444444444
Demo experiment,pioreactor02,2026-09-25T17:00:02.857Z,0.031710068442,135,4,2026-09-25 22:45:02.857,47.219444444444
Demo experiment,pioreactor02,2026-09-25T17:00:07.858Z,0.0,90,2,2026-09-25 22:45:07.858,47.220833333333
Demo experiment,pioreactor02,2026-09-25T17:00:07.858Z,0.180291397632,45,3,2026-09-25 22:45:07.858,47.220833333333
Demo experiment,pioreactor02,2026-09-25T17:00:07.858Z,0.031486867601,135,4,2026-09-25 22:45:07.858,47.220833333333
Demo experiment,pioreactor02,2026-09-25T17:00:12.856Z,0.0,90,2,2026-09-25 22:45:12.856,47.222222222222
Demo experiment,pioreactor02,2026-09-25T17:00:12.856Z,0.180355307235,45,3,2026-09-25 22:45:12.856,47.222222222222
Demo experiment,pioreactor02,2026-09-25T17:00:12.856Z,0.031787754552,135,4,2026-09-25 22:45:12.856,47.222222222222
Demo experiment,pioreactor02,2026-09-25T17:00:17.853Z,0.0,90,2,2026-09-25 22:45:17.853,47.223611111111
Demo experiment,pioreactor02,2026-09-25T17:00:17.853Z,0.180271280667,45,3,2026-09-25 22:45:17.853,47.223611111111
Demo experiment,pioreactor02,2026-09-25T17:00:17.853Z,0.031123916659,135,4,2026-09-25 22:45:17.853,47.223611111111
Demo experiment,pioreactor02,2026-09-25T17:00:22.863Z,0.0,90,2,2026-09-25 22:45:22.863,47.225
Demo experiment,pioreactor02,2026-09-25T17:00:22.863Z,0.180216357745,45,3,2026-09-25 22:45:22.863,47.225
Demo experiment,pioreactor02,2026-09-25T17:00:22.863Z,0.031427212105,135,4,2026-09-25 22:45:22.863,47.225
Demo experiment,pioreactor02,2026-09-25T17:00:27.854Z,0.0,90,2,2026-09-25 22:45:27.854,47.226388888889
Demo experiment,pioreactor02,2026-09-25T17:00:27.854Z,0.180249183299,45,3,2026-09-25 22:45:27.854,47.226388888889
Demo experiment,pioreactor02,2026-09-25T17:00:27.854Z,0.029487535975,135,4,2026-09-25 22:45:27.854,47.226388888889
Demo experiment,pioreactor02,2026-09-25T17:00:32.854Z,0.0,90,2,2026-09-25 22:45:32.854,47.227777777778
Demo experiment,pioreactor02,2026-09-25T17:00:32.854Z,0.18005290011,45,3,2026-09-25 22:45:32.854,47.227777777778
Demo experiment,pioreactor02,2026-09-25T17:00:32.854Z,0.031855081655,135,4,2026-09-25 22:45:32.854,47.227777777778
Demo experiment,pioreactor02,2026-09-25T17:00:37.850Z,0.0,90,2,2026-09-25 22:45:37.850,47.229166666667
Demo experiment,pioreactor02,2026-09-25T17:00:37.850Z,0.180115946309,45,3,2026-09-25 22:45:37.850,47.229166666667
Demo experiment,pioreactor02,2026-09-25T17:00:37.850Z,0.030463911764,135,4,2026-09-25 22:45:37.850,47.229166666667
Demo experiment,pioreactor02,2026-09-25T17:00:42.849Z,0.0,90,2,2026-09-25 22:45:42.849,47.230555555556
Demo experiment,pioreactor02,2026-09-25T17:00:42.849Z,0.180237662862,45,3,2026-09-25 22:45:42.849,47.230555555556
Demo experiment,pioreactor02,2026-09-25T17:00:42.849Z,0.029916507672,135,4,2026-09-25 22:45:42.849,47.230555555556
Demo experiment,pioreactor02,2026-09-25T17:00:47.850Z,0.0,90,2,2026-09-25 22:45:47.850,47.231944444444
Demo experiment,pioreactor02,2026-09-25T17:00:47.850Z,0.180142645539,45,3,2026-09-25 22:45:47.850,47.231944444444
Demo experiment,pioreactor02,2026-09-25T17:00:47.850Z,0.030585174282,135,4,2026-09-25 22:45:47.850,47.231944444444
Demo experiment,pioreactor02,2026-09-25T17:00:52.850Z,0.0,90,2,2026-09-25 22:45:52.850,47.233333333333
Demo experiment,pioreactor02,2026-09-25T17:00:52.850Z,0.180277657793,45,3,2026-09-25 22:45:52.850,47.233333333333
Demo experiment,pioreactor02,2026-09-25T17:00:52.850Z,0.031042750845,135,4,2026-09-25 22:45:52.850,47.233333333333
Demo experiment,pioreactor02,2026-09-25T17:00:57.850Z,0.0,90,2,2026-09-25 22:45:57.850,47.234722222222
Demo experiment,pioreactor02,2026-09-25T17:00:57.850Z,0.180438705523,45,3,2026-09-25 22:45:57.850,47.234722222222
Demo experiment,pioreactor02,2026-09-25T17:00:57.850Z,0.032707761169,135,4,2026-09-25 22:45:57.850,47.234722222222
Demo experiment,pioreactor02,2026-09-25T17:01:02.856Z,0.0,90,2,2026-09-25 22:46:02.856,47.236111111111
Demo experiment,pioreactor02,2026-09-25T17:01:02.856Z,0.180860047421,45,3,2026-09-25 22:46:02.856,47.236111111111
Demo experiment,pioreactor02,2026-09-25T17:01:02.856Z,0.03538132817,135,4,2026-09-25 22:46:02.856,47.236111111111
Demo experiment,pioreactor02,2026-09-25T17:01:07.853Z,0.0,90,2,2026-09-25 22:46:07.853,47.2375
Demo experiment,pioreactor02,2026-09-25T17:01:07.853Z,0.180298532192,45,3,2026-09-25 22:46:07.853,47.2375
Demo experiment,pioreactor02,2026-09-25T17:01:07.853Z,0.032156152144,135,4,2026-09-25 22:46:07.853,47.2375
Demo experiment,pioreactor02,2026-09-25T17:01:12.850Z,0.0,90,2,2026-09-25 22:46:12.850,47.238888888889
Demo experiment,pioreactor02,2026-09-25T17:01:12.850Z,0.180684195331,45,3,2026-09-25 22:46:12.850,47.238888888889
Demo experiment,pioreactor02,2026-09-25T17:01:12.850Z,0.032114523087,135,4,2026-09-25 22:46:12.850,47.238888888889
Demo experiment,pioreactor02,2026-09-25T17:01:17.850Z,0.0,90,2,2026-09-25 22:46:17.850,47.240277777778
Demo experiment,pioreactor02,2026-09-25T17:01:17.850Z,0.180389373169,45,3,2026-09-25 22:46:17.850,47.240277777778
Demo experiment,pioreactor02,2026-09-25T17:01:17.850Z,0.029887162645,135,4,2026-09-25 22:46:17.850,47.240277777778
Demo experiment,pioreactor02,2026-09-25T17:01:22.852Z,0.0,90,2,2026-09-25 22:46:22.852,47.241666666667
Demo experiment,pioreactor02,2026-09-25T17:01:22.852Z,0.18071031822,45,3,2026-09-25 22:46:22.852,47.241666666667
Demo experiment,pioreactor02,2026-09-25T17:01:22.852Z,0.030927725988,135,4,2026-09-25 22:46:22.852,47.241666666667
Demo experiment,pioreactor02,2026-09-25T17:01:27.850Z,0.0,90,2,2026-09-25 22:46:27.850,47.243055555556
Demo experiment,pioreactor02,2026-09-25T17:01:27.850Z,0.180663228711,45,3,2026-09-25 22:46:27.850,47.243055555556
Demo experiment,pioreactor02,2026-09-25T17:01:27.850Z,0.029240309145,135,4,2026-09-25 22:46:27.850,47.243055555556
Demo experiment,pioreactor02,2026-09-25T17:01:32.850Z,0.0,90,2,2026-09-25 22:46:32.850,47.244444444444
Demo experiment,pioreactor02,2026-09-25T17:01:32.850Z,0.180564791685,45,3,2026-09-25 22:46:32.850,47.244444444444
Demo experiment,pioreactor02,2026-09-25T17:01:32.850Z,0.029165179705,135,4,2026-09-25 22:46:32.850,47.244444444444
Demo experiment,pioreactor02,2026-09-25T17:01:37.849Z,0.0,90,2,2026-09-25 22:46:37.849,47.245833333333
Demo experiment,pioreactor02,2026-09-25T17:01:37.849Z,0.180621757662,45,3,2026-09-25 22:46:37.849,47.245833333333
Demo experiment,pioreactor02,2026-09-25T17:01:37.849Z,0.031101764986,135,4,2026-09-25 22:46:37.849,47.245833333333
Demo experiment,pioreactor02,2026-09-25T17:01:42.849Z,0.0,90,2,2026-09-25 22:46:42.849,47.247222222222
Demo experiment,pioreactor02,2026-09-25T17:01:42.849Z,0.180434541342,45,3,2026-09-25 22:46:42.849,47.247222222222
Demo experiment,pioreactor02,2026-09-25T17:01:42.849Z,0.029072892073,135,4,2026-09-25 22:46:42.849,47.247222222222
Demo experiment,pioreactor02,2026-09-25T17:01:47.851Z,0.0,90,2,2026-09-25 22:46:47.851,47.248611111111
Demo experiment,pioreactor02,2026-09-25T17:01:47.851Z,0.180954406036,45,3,2026-09-25 22:46:47.851,47.248611111111
Demo experiment,pioreactor02,2026-09-25T17:01:47.851Z,0.031648314302,135,4,2026-09-25 22:46:47.851,47.248611111111
Demo experiment,pioreactor02,2026-09-25T17:01:52.850Z,0.0,90,2,2026-09-25 22:46:52.850,47.25
Demo experiment,pioreactor02,2026-09-25T17:01:52.850Z,0.180633541882,45,3,2026-09-25 22:46:52.850,47.25
Demo experiment,pioreactor02,2026-09-25T17:01:52.850Z,0.031155058783,135,4,2026-09-25 22:46:52.850,47.25
Demo experiment,pioreactor02,2026-09-25T17:01:57.851Z,0.0,90,2,2026-09-25 22:46:57.851,47.251388888889
Demo experiment,pioreactor02,2026-09-25T17:01:57.851Z,0.18120221879,45,3,2026-09-25 22:46:57.851,47.251388888889
Demo experiment,pioreactor02,2026-09-25T17:01:57.851Z,0.032069602034,135,4,2026-09-25 22:46:57.851,47.251388888889
Demo experiment,pioreactor02,2026-09-25T17:02:02.851Z,0.0,90,2,2026-09-25 22:47:02.851,47.252777777778
Demo experiment,pioreactor02,2026-09-25T17:02:02.851Z,0.180849097498,45,3,2026-09-25 22:47:02.851,47.252777777778
Demo experiment,pioreactor02,2026-09-25T17:02:02.851Z,0.029247183638,135,4,2026-09-25 22:47:02.851,47.252777777778
Demo experiment,pioreactor02,2026-09-25T17:02:07.851Z,0.0,90,2,2026-09-25 22:47:07.851,47.254166666667
Demo experiment,pioreactor02,2026-09-25T17:02:07.851Z,0.181077097185,45,3,2026-09-25 22:47:07.851,47.254166666667
Demo experiment,pioreactor02,2026-09-25T17:02:07.851Z,0.028872559757,135,4,2026-09-25 22:47:07.851,47.254166666667
Demo experiment,pioreactor02,2026-09-25T17:02:12.849Z,0.0,90,2,2026-09-25 22:47:12.849,47.255555555556
Demo experiment,pioreactor02,2026-09-25T17:02:12.849Z,0.180437498924,45,3,2026-09-25 22:47:12.849,47.255555555556
Demo experiment,pioreactor02,2026-09-25T17:02:12.849Z,0.028377634345,135,4,2026-09-25 22:47:12.849,47.255555555556
Demo experiment,pioreactor02,2026-09-25T17:02:17.851Z,0.0,90,2,2026-09-25 22:47:17.851,47.256944444444
Demo experiment,pioreactor02,2026-09-25T17:02:17.851Z,0.180323193853,45,3,2026-09-25 22:47:17.851,47.256944444444
Demo experiment,pioreactor02,2026-09-25T17:02:17.851Z,0.030335293853,135,4,2026-09-25 22:47:17.851,47.256944444444
Demo experiment,pioreactor02,2026-09-25T17:02:22.849Z,0.0,90,2,2026-09-25 22:47:22.849,47.258333333333
Demo experiment,pioreactor02,2026-09-25T17:02:22.849Z,0.18036987002,45,3,2026-09-25 22:47:22.849,47.258333333333
Demo experiment,pioreactor02,2026-09-25T17:02:22.849Z,0.03521850799,135,4,2026-09-25 22:47:22.849,47.258333333333
Demo experiment,pioreactor02,2026-09-25T17:02:27.851Z,0.0,90,2,2026-09-25 22:47:27.851,47.259722222222
Demo experiment,pioreactor02,2026-09-25T17:02:27.851Z,0.180492892742,45,3,2026-09-25 22:47:27.851,47.259722222222
Demo experiment,pioreactor02,2026-09-25T17:02:27.851Z,0.033162444658,135,4,2026-09-25 22:47:27.851,47.259722222222
Demo experiment,pioreactor02,2026-09-25T17:02:32.850Z,0.0,90,2,2026-09-25 22:47:32.850,47.261111111111
Demo experiment,pioreactor02,2026-09-25T17:02:32.850Z,0.180674136398,45,3,2026-09-25 22:47:32.850,47.261111111111
Demo experiment,pioreactor02,2026-09-25T17:02:32.850Z,0.031474846227,135,4,2026-09-25 22:47:32.850,47.261111111111
Demo experiment,pioreactor02,2026-09-25T17:02:37.850Z,0.0,90,2,2026-09-25 22:47:37.850,47.2625
Demo experiment,pioreactor02,2026-09-25T17:02:37.850Z,0.180954671387,45,3,2026-09-25 22:47:37.850,47.2625
Demo experiment,pioreactor02,2026-09-25T17:02:37.850Z,0.030712871086,135,4,2026-09-25 22:47:37.850,47.2625
Demo experiment,pioreactor02,2026-09-25T17:02:42.850Z,0.0,90,2,2026-09-25 22:47:42.850,47.263888888889
Demo experiment,pioreactor02,2026-09-25T17:02:42.850Z,0.18059964865,45,3,2026-09-25 22:47:42.850,47.263888888889
Demo experiment,pioreactor02,2026-09-25T17:02:42.850Z,0.032117938339,135,4,2026-09-25 22:47:42.850,47.263888888889
Demo experiment,pioreactor02,2026-09-25T17:02:47.851Z,0.0,90,2,2026-09-25 22:47:47.851,47.265277777778
Demo experiment,pioreactor02,2026-09-25T17:02:47.851Z,0.18006634279,45,3,2026-09-25 22:47:47.851,47.265277777778
Demo experiment,pioreactor02,2026-09-25T17:02:47.851Z,0.030641907136,135,4,2026-09-25 22:47:47.851,47.265277777778
Demo experiment,pioreactor02,2026-09-25T17:02:52.850Z,0.0,90,2,2026-09-25 22:47:52.850,47.266666666667
Demo experiment,pioreactor02,2026-09-25T17:02:52.850Z,0.180010803167,45,3,2026-09-25 22:47:52.850,47.266666666667
Demo experiment,pioreactor02,2026-09-25T17:02:52.850Z,0.029340327789,135,4,2026-09-25 22:47:52.850,47.266666666667
Demo experiment,pioreactor02,2026-09-25T17:02:57.851Z,0.0,90,2,2026-09-25 22:47:57.851,47.268055555556
Demo experiment,pioreactor02,2026-09-25T17:02:57.851Z,0.179923560206,45,3,2026-09-25 22:47:57.851,47.268055555556
Demo experiment,pioreactor02,2026-09-25T17:02:57.851Z,0.02938223405,135,4,2026-09-25 22:47:57.851,47.268055555556
Demo experiment,pioreactor02,2026-09-25T17:03:02.849Z,0.0,90,2,2026-09-25 22:48:02.849,47.269444444444
Demo experiment,pioreactor02,2026-09-25T17:03:02.849Z,0.180374217952,45,3,2026-09-25 22:48:02.849,47.269444444444
Demo experiment,pioreactor02,2026-09-25T17:03:02.849Z,0.031131790019,135,4,2026-09-25 22:48:02.849,47.269444444444
Demo experiment,pioreactor02,2026-09-25T17:03:07.850Z,0.0,90,2,2026-09-25 22:48:07.850,47.270833333333
Demo experiment,pioreactor02,2026-09-25T17:03:07.850Z,0.180311021863,45,3,2026-09-25 22:48:07.850,47.270833333333
Demo experiment,pioreactor02,2026-09-25T17:03:07.850Z,0.030241814961,135,4,2026-09-25 22:48:07.850,47.270833333333
Demo experiment,pioreactor02,2026-09-25T17:03:12.852Z,0.0,90,2,2026-09-25 22:48:12.852,47.272222222222
Demo experiment,pioreactor02,2026-09-25T17:03:12.852Z,0.18063409801,45,3,2026-09-25 22:48:12.852,47.272222222222
Demo experiment,pioreactor02,2026-09-25T17:03:12.852Z,0.029874768817,135,4,2026-09-25 22:48:12.852,47.272222222222
Demo experiment,pioreactor02,2026-09-25T17:03:17.849Z,0.0,90,2,2026-09-25 22:48:17.849,47.273611111111
Demo experiment,pioreactor02,2026-09-25T17:03:17.849Z,0.18034215111,45,3,2026-09-25 22:48:17.849,47.273611111111
Demo experiment,pioreactor02,2026-09-25T17:03:17.849Z,0.032950551986,135,4,2026-09-25 22:48:17.849,47.273611111111
Demo experiment,pioreactor02,2026-09-25T17:03:22.849Z,0.0,90,2,2026-09-25 22:48:22.849,47.275
Demo experiment,pioreactor02,2026-09-25T17:03:22.849Z,0.180168427533,45,3,2026-09-25 22:48:22.849,47.275
Demo experiment,pioreactor02,2026-09-25T17:03:22.849Z,0.030445949738,135,4,2026-09-25 22:48:22.849,47.275
Demo experiment,pioreactor02,2026-09-25T17:03:27.849Z,0.0,90,2,2026-09-25 22:48:27.849,47.276388888889
Demo experiment,pioreactor02,2026-09-25T17:03:27.849Z,0.180208367202,45,3,2026-09-25 22:48:27.849,47.276388888889
Demo experiment,pioreactor02,2026-09-25T17:03:27.849Z,0.029289560874,135,4,2026-09-25 22:48:27.849,47.276388888889
Demo experiment,pioreactor02,2026-09-25T17:03:32.849Z,0.0,90,2,2026-09-25 22:48:32.849,47.277777777778
Demo experiment,pioreactor02,2026-09-25T17:03:32.849Z,0.180377554949,45,3,2026-09-25 22:48:32.849,47.277777777778
Demo experiment,pioreactor02,2026-09-25T17:03:32.849Z,0.028856060579,135,4,2026-09-25 22:48:32.849,47.277777777778
Demo experiment,pioreactor02,2026-09-25T17:03:37.850Z,0.0,90,2,2026-09-25 22:48:37.850,47.279166666667
Demo experiment,pioreactor02,2026-09-25T17:03:37.850Z,0.180299222656,45,3,2026-09-25 22:48:37.850,47.279166666667
Demo experiment,pioreactor02,2026-09-25T17:03:37.850Z,0.02920096336,135,4,2026-09-25 22:48:37.850,47.279166666667
Demo experiment,pioreactor02,2026-09-25T17:03:42.849Z,0.0,90,2,2026-09-25 22:48:42.849,47.280555555556
Demo experiment,pioreactor02,2026-09-25T17:03:42.849Z,0.180543473324,45,3,2026-09-25 22:48:42.849,47.280555555556
Demo experiment,pioreactor02,2026-09-25T17:03:42.849Z,0.030823582825,135,4,2026-09-25 22:48:42.849,47.280555555556
Demo experiment,pioreactor02,2026-09-25T17:03:47.853Z,0.0,90,2,2026-09-25 22:48:47.853,47.281944444444
Demo experiment,pioreactor02,2026-09-25T17:03:47.853Z,0.180550911395,45,3,2026-09-25 22:48:47.853,47.281944444444
Demo experiment,pioreactor02,2026-09-25T17:03:47.853Z,0.03210742311,135,4,2026-09-25 22:48:47.853,47.281944444444
Demo experiment,pioreactor02,2026-09-25T17:03:52.850Z,0.0,90,2,2026-09-25 22:48:52.850,47.283333333333
Demo experiment,pioreactor02,2026-09-25T17:03:52.850Z,0.180232995101,45,3,2026-09-25 22:48:52.850,47.283333333333
Demo experiment,pioreactor02,2026-09-25T17:03:52.850Z,0.02999277537,135,4,2026-09-25 22:48:52.850,47.283333333333
Demo experiment,pioreactor02,2026-09-25T17:03:57.850Z,0.0,90,2,2026-09-25 22:48:57.850,47.284722222222
Demo experiment,pioreactor02,2026-09-25T17:03:57.850Z,0.180130645272,45,3,2026-09-25 22:48:57.850,47.284722222222
Demo experiment,pioreactor02,2026-09-25T17:03:57.850Z,0.02957605275,135,4,2026-09-25 22:48:57.850,47.284722222222
Demo experiment,pioreactor02,2026-09-25T17:04:02.852Z,0.0,90,2,2026-09-25 22:49:02.852,47.286111111111
Demo experiment,pioreactor02,2026-09-25T17:04:02.852Z,0.180142702203,45,3,2026-09-25 22:49:02.852,47.286111111111
Demo experiment,pioreactor02,2026-09-25T17:04:02.852Z,0.029074481296,135,4,2026-09-25 22:49:02.852,47.286111111111
Demo experiment,pioreactor02,2026-09-25T17:04:07.852Z,0.0,90,2,2026-09-25 22:49:07.852,47.2875
Demo experiment,pioreactor02,2026-09-25T17:04:07.852Z,0.179886141977,45,3,2026-09-25 22:49:07.852,47.2875
Demo experiment,pioreactor02,2026-09-25T17:04:07.852Z,0.028438260398,135,4,2026-09-25 22:49:07.852,47.2875
Demo experiment,pioreactor02,2026-09-25T17:04:12.850Z,0.0,90,2,2026-09-25 22:49:12.850,47.288888888889
Demo experiment,pioreactor02,2026-09-25T17:04:12.850Z,0.18028416304,45,3,2026-09-25 22:49:12.850,47.288888888889
Demo experiment,pioreactor02,2026-09-25T17:04:12.850Z,0.0286473814,135,4,2026-09-25 22:49:12.850,47.288888888889
Demo experiment,pioreactor02,2026-09-25T17:04:17.850Z,0.0,90,2,2026-09-25 22:49:17.850,47.290277777778
Demo experiment,pioreactor02,2026-09-25T17:04:17.850Z,0.180322240776,45,3,2026-09-25 22:49:17.850,47.290277777778
Demo experiment,pioreactor02,2026-09-25T17:04:17.850Z,0.028203552474,135,4,2026-09-25 22:49:17.850,47.290277777778
Demo experiment,pioreactor02,2026-09-25T17:04:22.850Z,0.0,90,2,2026-09-25 22:49:22.850,47.291666666667
Demo experiment,pioreactor02,2026-09-25T17:04:22.850Z,0.180073104236,45,3,2026-09-25 22:49:22.850,47.291666666667
Demo experiment,pioreactor02,2026-09-25T17:04:22.850Z,0.033310961082,135,4,2026-09-25 22:49:22.850,47.291666666667
Demo experiment,pioreactor02,2026-09-25T17:04:27.854Z,0.0,90,2,2026-09-25 22:49:27.854,47.293055555556
Demo experiment,pioreactor02,2026-09-25T17:04:27.854Z,0.180100371031,45,3,2026-09-25 22:49:27.854,47.293055555556
Demo experiment,pioreactor02,2026-09-25T17:04:27.854Z,0.033624059155,135,4,2026-09-25 22:49:27.854,47.293055555556
Demo experiment,pioreactor02,2026-09-25T17:04:32.849Z,0.0,90,2,2026-09-25 22:49:32.849,47.294444444444
Demo experiment,pioreactor02,2026-09-25T17:04:32.849Z,0.179879438367,45,3,2026-09-25 22:49:32.849,47.294444444444
Demo experiment,pioreactor02,2026-09-25T17:04:32.849Z,0.031831032086,135,4,2026-09-25 22:49:32.849,47.294444444444
Demo experiment,pioreactor02,2026-09-25T17:04:37.850Z,0.0,90,2,2026-09-25 22:49:37.850,47.295833333333
Demo experiment,pioreactor02,2026-09-25T17:04:37.850Z,0.179817790205,45,3,2026-09-25 22:49:37.850,47.295833333333
Demo experiment,pioreactor02,2026-09-25T17:04:37.850Z,0.030943011288,135,4,2026-09-25 22:49:37.850,47.295833333333
Demo experiment,pioreactor02,2026-09-25T17:04:42.849Z,0.0,90,2,2026-09-25 22:49:42.849,47.297222222222
Demo experiment,pioreactor02,2026-09-25T17:04:42.849Z,0.179928644901,45,3,2026-09-25 22:49:42.849,47.297222222222
Demo experiment,pioreactor02,2026-09-25T17:04:42.849Z,0.029594548808,135,4,2026-09-25 22:49:42.849,47.297222222222
Demo experiment,pioreactor02,2026-09-25T17:04:47.851Z,0.0,90,2,2026-09-25 22:49:47.851,47.298611111111
Demo experiment,pioreactor02,2026-09-25T17:04:47.851Z,0.17994843333,45,3,2026-09-25 22:49:47.851,47.298611111111
Demo experiment,pioreactor02,2026-09-25T17:04:47.851Z,0.029041775326,135,4,2026-09-25 22:49:47.851,47.298611111111
Demo experiment,pioreactor02,2026-09-25T17:04:52.850Z,0.0,90,2,2026-09-25 22:49:52.850,47.3
Demo experiment,pioreactor02,2026-09-25T17:04:52.850Z,0.17997956663,45,3,2026-09-25 22:49:52.850,47.3
Demo experiment,pioreactor02,2026-09-25T17:04:52.850Z,0.028949428105,135,4,2026-09-25 22:49:52.850,47.3
Demo experiment,pioreactor02,2026-09-25T17:04:57.854Z,0.0,90,2,2026-09-25 22:49:57.854,47.301388888889
Demo experiment,pioreactor02,2026-09-25T17:04:57.854Z,0.179618199334,45,3,2026-09-25 22:49:57.854,47.301388888889
Demo experiment,pioreactor02,2026-09-25T17:04:57.854Z,0.033854737143,135,4,2026-09-25 22:49:57.854,47.301388888889
Demo experiment,pioreactor02,2026-09-25T17:05:02.849Z,0.0,90,2,2026-09-25 22:50:02.849,47.302777777778
Demo experiment,pioreactor02,2026-09-25T17:05:02.849Z,0.179604959778,45,3,2026-09-25 22:50:02.849,47.302777777778
Demo experiment,pioreactor02,2026-09-25T17:05:02.849Z,0.032334904635,135,4,2026-09-25 22:50:02.849,47.302777777778
Demo experiment,pioreactor02,2026-09-25T17:05:07.852Z,0.0,90,2,2026-09-25 22:50:07.852,47.304166666667
Demo experiment,pioreactor02,2026-09-25T17:05:07.852Z,0.179758018852,45,3,2026-09-25 22:50:07.852,47.304166666667
Demo experiment,pioreactor02,2026-09-25T17:05:07.852Z,0.030953018647,135,4,2026-09-25 22:50:07.852,47.304166666667
Demo experiment,pioreactor02,2026-09-25T17:05:12.856Z,0.0,90,2,2026-09-25 22:50:12.856,47.305555555556
Demo experiment,pioreactor02,2026-09-25T17:05:12.856Z,0.179765708811,45,3,2026-09-25 22:50:12.856,47.305555555556
Demo experiment,pioreactor02,2026-09-25T17:05:12.856Z,0.03273602326,135,4,2026-09-25 22:50:12.856,47.305555555556
Demo experiment,pioreactor02,2026-09-25T17:05:17.853Z,0.0,90,2,2026-09-25 22:50:17.853,47.306944444444
Demo experiment,pioreactor02,2026-09-25T17:05:17.853Z,0.179827254717,45,3,2026-09-25 22:50:17.853,47.306944444444
Demo experiment,pioreactor02,2026-09-25T17:05:17.853Z,0.030572006287,135,4,2026-09-25 22:50:17.853,47.306944444444
Demo experiment,pioreactor02,2026-09-25T17:05:22.857Z,0.0,90,2,2026-09-25 22:50:22.857,47.308333333333
Demo experiment,pioreactor02,2026-09-25T17:05:22.857Z,0.179815912187,45,3,2026-09-25 22:50:22.857,47.308333333333
Demo experiment,pioreactor02,2026-09-25T17:05:22.857Z,0.030146456353,135,4,2026-09-25 22:50:22.857,47.308333333333
Demo experiment,pioreactor02,2026-09-25T17:05:27.852Z,0.0,90,2,2026-09-25 22:50:27.852,47.309722222222
Demo experiment,pioreactor02,2026-09-25T17:05:27.852Z,0.179915514138,45,3,2026-09-25 22:50:27.852,47.309722222222
Demo experiment,pioreactor02,2026-09-25T17:05:27.852Z,0.031498287457,135,4,2026-09-25 22:50:27.852,47.309722222222
Demo experiment,pioreactor02,2026-09-25T17:05:32.858Z,0.0,90,2,2026-09-25 22:50:32.858,47.311111111111
Demo experiment,pioreactor02,2026-09-25T17:05:32.858Z,0.179732469388,45,3,2026-09-25 22:50:32.858,47.311111111111
Demo experiment,pioreactor02,2026-09-25T17:05:32.858Z,0.030622680191,135,4,2026-09-25 22:50:32.858,47.311111111111
Demo experiment,pioreactor02,2026-09-25T17:05:37.854Z,0.0,90,2,2026-09-25 22:50:37.854,47.3125
Demo experiment,pioreactor02,2026-09-25T17:05:37.854Z,0.179692591364,45,3,2026-09-25 22:50:37.854,47.3125
Demo experiment,pioreactor02,2026-09-25T17:05:37.854Z,0.02969788191,135,4,2026-09-25 22:50:37.854,47.3125
Demo experiment,pioreactor02,2026-09-25T17:05:42.852Z,0.0,90,2,2026-09-25 22:50:42.852,47.313888888889
Demo experiment,pioreactor02,2026-09-25T17:05:42.852Z,0.179673114839,45,3,2026-09-25 22:50:42.852,47.313888888889
Demo experiment,pioreactor02,2026-09-25T17:05:42.852Z,0.03038224088,135,4,2026-09-25 22:50:42.852,47.313888888889
Demo experiment,pioreactor02,2026-09-25T17:05:47.854Z,0.0,90,2,2026-09-25 22:50:47.854,47.315277777778
Demo experiment,pioreactor02,2026-09-25T17:05:47.854Z,0.179775000454,45,3,2026-09-25 22:50:47.854,47.315277777778
Demo experiment,pioreactor02,2026-09-25T17:05:47.854Z,0.032743349587,135,4,2026-09-25 22:50:47.854,47.315277777778
Demo experiment,pioreactor02,2026-09-25T17:05:52.853Z,0.0,90,2,2026-09-25 22:50:52.853,47.316666666667
Demo experiment,pioreactor02,2026-09-25T17:05:52.853Z,0.179868860955,45,3,2026-09-25 22:50:52.853,47.316666666667
Demo experiment,pioreactor02,2026-09-25T17:05:52.853Z,0.030513266789,135,4,2026-09-25 22:50:52.853,47.316666666667
Demo experiment,pioreactor02,2026-09-25T17:05:57.852Z,0.0,90,2,2026-09-25 22:50:57.852,47.318055555556
Demo experiment,pioreactor02,2026-09-25T17:05:57.852Z,0.179876809883,45,3,2026-09-25 22:50:57.852,47.318055555556
Demo experiment,pioreactor02,2026-09-25T17:05:57.852Z,0.030318705552,135,4,2026-09-25 22:50:57.852,47.318055555556
Demo experiment,pioreactor02,2026-09-25T17:06:02.854Z,0.0,90,2,2026-09-25 22:51:02.854,47.319444444444
Demo experiment,pioreactor02,2026-09-25T17:06:02.854Z,0.179984504636,45,3,2026-09-25 22:51:02.854,47.319444444444
Demo experiment,pioreactor02,2026-09-25T17:06:02.854Z,0.037539288337,135,4,2026-09-25 22:51:02.854,47.319444444444
Demo experiment,pioreactor02,2026-09-25T17:06:07.853Z,0.0,90,2,2026-09-25 22:51:07.853,47.320833333333
Demo experiment,pioreactor02,2026-09-25T17:06:07.853Z,0.179788396801,45,3,2026-09-25 22:51:07.853,47.320833333333
Demo experiment,pioreactor02,2026-09-25T17:06:07.853Z,0.036354658539,135,4,2026-09-25 22:51:07.853,47.320833333333
Demo experiment,pioreactor02,2026-09-25T17:06:12.850Z,0.0,90,2,2026-09-25 22:51:12.850,47.322222222222
Demo experiment,pioreactor02,2026-09-25T17:06:12.850Z,0.179702264308,45,3,2026-09-25 22:51:12.850,47.322222222222
Demo experiment,pioreactor02,2026-09-25T17:06:12.850Z,0.034992512321,135,4,2026-09-25 22:51:12.850,47.322222222222
Demo experiment,pioreactor02,2026-09-25T17:06:17.850Z,0.0,90,2,2026-09-25 22:51:17.850,47.323611111111
Demo experiment,pioreactor02,2026-09-25T17:06:17.850Z,0.179703492187,45,3,2026-09-25 22:51:17.850,47.323611111111
Demo experiment,pioreactor02,2026-09-25T17:06:17.850Z,0.033933831947,135,4,2026-09-25 22:51:17.850,47.323611111111
Demo experiment,pioreactor02,2026-09-25T17:06:22.851Z,0.0,90,2,2026-09-25 22:51:22.851,47.325
Demo experiment,pioreactor02,2026-09-25T17:06:22.851Z,0.179664418525,45,3,2026-09-25 22:51:22.851,47.325
Demo experiment,pioreactor02,2026-09-25T17:06:22.851Z,0.031380590455,135,4,2026-09-25 22:51:22.851,47.325
Demo experiment,pioreactor02,2026-09-25T17:06:27.849Z,0.0,90,2,2026-09-25 22:51:27.849,47.326388888889
Demo experiment,pioreactor02,2026-09-25T17:06:27.849Z,0.179713604841,45,3,2026-09-25 22:51:27.849,47.326388888889
Demo experiment,pioreactor02,2026-09-25T17:06:27.849Z,0.031081700046,135,4,2026-09-25 22:51:27.849,47.326388888889
Demo experiment,pioreactor02,2026-09-25T17:06:32.850Z,0.0,90,2,2026-09-25 22:51:32.850,47.327777777778
Demo experiment,pioreactor02,2026-09-25T17:06:32.850Z,0.179635940615,45,3,2026-09-25 22:51:32.850,47.327777777778
Demo experiment,pioreactor02,2026-09-25T17:06:32.850Z,0.030773116586,135,4,2026-09-25 22:51:32.850,47.327777777778
Demo experiment,pioreactor02,2026-09-25T17:06:37.856Z,0.0,90,2,2026-09-25 22:51:37.856,47.329166666667
Demo experiment,pioreactor02,2026-09-25T17:06:37.856Z,0.179370111811,45,3,2026-09-25 22:51:37.856,47.329166666667
Demo experiment,pioreactor02,2026-09-25T17:06:37.856Z,0.032121696159,135,4,2026-09-25 22:51:37.856,47.329166666667
Demo experiment,pioreactor02,2026-09-25T17:06:42.855Z,0.0,90,2,2026-09-25 22:51:42.855,47.330555555556
Demo experiment,pioreactor02,2026-09-25T17:06:42.855Z,0.179452394476,45,3,2026-09-25 22:51:42.855,47.330555555556
Demo experiment,pioreactor02,2026-09-25T17:06:42.855Z,0.031782485886,135,4,2026-09-25 22:51:42.855,47.330555555556
Demo experiment,pioreactor02,2026-09-25T17:06:47.859Z,0.0,90,2,2026-09-25 22:51:47.859,47.331944444444
Demo experiment,pioreactor02,2026-09-25T17:06:47.859Z,0.179399175074,45,3,2026-09-25 22:51:47.859,47.331944444444
Demo experiment,pioreactor02,2026-09-25T17:06:47.859Z,0.02983353088,135,4,2026-09-25 22:51:47.859,47.331944444444
Demo experiment,pioreactor02,2026-09-25T17:06:52.855Z,0.0,90,2,2026-09-25 22:51:52.855,47.333333333333
Demo experiment,pioreactor02,2026-09-25T17:06:52.855Z,0.179517933877,45,3,2026-09-25 22:51:52.855,47.333333333333
Demo experiment,pioreactor02,2026-09-25T17:06:52.855Z,0.030399371982,135,4,2026-09-25 22:51:52.855,47.333333333333
Demo experiment,pioreactor02,2026-09-25T17:06:57.853Z,0.0,90,2,2026-09-25 22:51:57.853,47.334722222222
Demo experiment,pioreactor02,2026-09-25T17:06:57.853Z,0.179476216389,45,3,2026-09-25 22:51:57.853,47.334722222222
Demo experiment,pioreactor02,2026-09-25T17:06:57.853Z,0.029138965505,135,4,2026-09-25 22:51:57.853,47.334722222222
Demo experiment,pioreactor02,2026-09-25T17:07:02.853Z,0.0,90,2,2026-09-25 22:52:02.853,47.336111111111
Demo experiment,pioreactor02,2026-09-25T17:07:02.853Z,0.179595327181,45,3,2026-09-25 22:52:02.853,47.336111111111
Demo experiment,pioreactor02,2026-09-25T17:07:02.853Z,0.031429396063,135,4,2026-09-25 22:52:02.853,47.336111111111
Demo experiment,pioreactor02,2026-09-25T17:07:07.854Z,0.0,90,2,2026-09-25 22:52:07.854,47.3375
Demo experiment,pioreactor02,2026-09-25T17:07:07.854Z,0.179612266537,45,3,2026-09-25 22:52:07.854,47.3375
Demo experiment,pioreactor02,2026-09-25T17:07:07.854Z,0.032945303681,135,4,2026-09-25 22:52:07.854,47.3375
Demo experiment,pioreactor02,2026-09-25T17:07:12.853Z,0.0,90,2,2026-09-25 22:52:12.853,47.338888888889
Demo experiment,pioreactor02,2026-09-25T17:07:12.853Z,0.179669952568,45,3,2026-09-25 22:52:12.853,47.338888888889
Demo experiment,pioreactor02,2026-09-25T17:07:12.853Z,0.034980805759,135,4,2026-09-25 22:52:12.853,47.338888888889
Demo experiment,pioreactor02,2026-09-25T17:07:17.851Z,0.0,90,2,2026-09-25 22:52:17.851,47.340277777778
Demo experiment,pioreactor02,2026-09-25T17:07:17.851Z,0.179584610069,45,3,2026-09-25 22:52:17.851,47.340277777778
Demo experiment,pioreactor02,2026-09-25T17:07:17.851Z,0.032241565461,135,4,2026-09-25 22:52:17.851,47.340277777778
Demo experiment,pioreactor02,2026-09-25T17:07:22.850Z,0.0,90,2,2026-09-25 22:52:22.850,47.341666666667
Demo experiment,pioreactor02,2026-09-25T17:07:22.850Z,0.179754116955,45,3,2026-09-25 22:52:22.850,47.341666666667
Demo experiment,pioreactor02,2026-09-25T17:07:22.850Z,0.034223947248,135,4,2026-09-25 22:52:22.850,47.341666666667
Demo experiment,pioreactor02,2026-09-25T17:07:27.850Z,0.0,90,2,2026-09-25 22:52:27.850,47.343055555556
Demo experiment,pioreactor02,2026-09-25T17:07:27.850Z,0.179650225206,45,3,2026-09-25 22:52:27.850,47.343055555556
Demo experiment,pioreactor02,2026-09-25T17:07:27.850Z,0.033484085797,135,4,2026-09-25 22:52:27.850,47.343055555556
Demo experiment,pioreactor02,2026-09-25T17:07:32.851Z,0.0,90,2,2026-09-25 22:52:32.851,47.344444444444
Demo experiment,pioreactor02,2026-09-25T17:07:32.851Z,0.179703826684,45,3,2026-09-25 22:52:32.851,47.344444444444
Demo experiment,pioreactor02,2026-09-25T17:07:32.851Z,0.032029424458,135,4,2026-09-25 22:52:32.851,47.344444444444
Demo experiment,pioreactor02,2026-09-25T17:07:37.851Z,0.0,90,2,2026-09-25 22:52:37.851,47.345833333333
Demo experiment,pioreactor02,2026-09-25T17:07:37.851Z,0.179555989655,45,3,2026-09-25 22:52:37.851,47.345833333333
Demo experiment,pioreactor02,2026-09-25T17:07:37.851Z,0.030388642531,135,4,2026-09-25 22:52:37.851,47.345833333333
Demo experiment,pioreactor02,2026-09-25T17:07:42.851Z,0.0,90,2,2026-09-25 22:52:42.851,47.347222222222
Demo experiment,pioreactor02,2026-09-25T17:07:42.851Z,0.179248564509,45,3,2026-09-25 22:52:42.851,47.347222222222
Demo experiment,pioreactor02,2026-09-25T17:07:42.851Z,0.033339382252,135,4,2026-09-25 22:52:42.851,47.347222222222
Demo experiment,pioreactor02,2026-09-25T17:07:47.855Z,0.0,90,2,2026-09-25 22:52:47.855,47.348611111111
Demo experiment,pioreactor02,2026-09-25T17:07:47.855Z,0.179260971711,45,3,2026-09-25 22:52:47.855,47.348611111111
Demo experiment,pioreactor02,2026-09-25T17:07:47.855Z,0.033092289974,135,4,2026-09-25 22:52:47.855,47.348611111111
Demo experiment,pioreactor02,2026-09-25T17:07:52.850Z,0.0,90,2,2026-09-25 22:52:52.850,47.35
Demo experiment,pioreactor02,2026-09-25T17:07:52.850Z,0.179396694354,45,3,2026-09-25 22:52:52.850,47.35
Demo experiment,pioreactor02,2026-09-25T17:07:52.850Z,0.033122001935,135,4,2026-09-25 22:52:52.850,47.35
Demo experiment,pioreactor02,2026-09-25T17:07:57.849Z,0.0,90,2,2026-09-25 22:52:57.849,47.351388888889
Demo experiment,pioreactor02,2026-09-25T17:07:57.849Z,0.179398138888,45,3,2026-09-25 22:52:57.849,47.351388888889
Demo experiment,pioreactor02,2026-09-25T17:07:57.849Z,0.03401263048,135,4,2026-09-25 22:52:57.849,47.351388888889
Demo experiment,pioreactor02,2026-09-25T17:08:02.851Z,0.0,90,2,2026-09-25 22:53:02.851,47.352777777778
Demo experiment,pioreactor02,2026-09-25T17:08:02.851Z,0.17933126578,45,3,2026-09-25 22:53:02.851,47.352777777778
Demo experiment,pioreactor02,2026-09-25T17:08:02.851Z,0.033992521292,135,4,2026-09-25 22:53:02.851,47.352777777778
Demo experiment,pioreactor02,2026-09-25T17:08:07.848Z,0.0,90,2,2026-09-25 22:53:07.848,47.354166666667
Demo experiment,pioreactor02,2026-09-25T17:08:07.848Z,0.179230755314,45,3,2026-09-25 22:53:07.848,47.354166666667
Demo experiment,pioreactor02,2026-09-25T17:08:07.848Z,0.032870305983,135,4,2026-09-25 22:53:07.848,47.354166666667
Demo experiment,pioreactor02,2026-09-25T17:08:12.849Z,0.0,90,2,2026-09-25 22:53:12.849,47.355555555556
Demo experiment,pioreactor02,2026-09-25T17:08:12.849Z,0.179364211491,45,3,2026-09-25 22:53:12.849,47.355555555556
Demo experiment,pioreactor02,2026-09-25T17:08:12.849Z,0.033103295412,135,4,2026-09-25 22:53:12.849,47.355555555556
Demo experiment,pioreactor02,2026-09-25T17:08:17.852Z,0.0,90,2,2026-09-25 22:53:17.852,47.356944444444
Demo experiment,pioreactor02,2026-09-25T17:08:17.852Z,0.179112761215,45,3,2026-09-25 22:53:17.852,47.356944444444
Demo experiment,pioreactor02,2026-09-25T17:08:17.852Z,0.033868221902,135,4,2026-09-25 22:53:17.852,47.356944444444
Demo experiment,pioreactor02,2026-09-25T17:08:22.850Z,0.0,90,2,2026-09-25 22:53:22.850,47.358333333333
Demo experiment,pioreactor02,2026-09-25T17:08:22.850Z,0.179133636783,45,3,2026-09-25 22:53:22.850,47.358333333333
Demo experiment,pioreactor02,2026-09-25T17:08:22.850Z,0.033586669392,135,4,2026-09-25 22:53:22.850,47.358333333333
Demo experiment,pioreactor02,2026-09-25T17:08:27.851Z,0.0,90,2,2026-09-25 22:53:27.851,47.359722222222
Demo experiment,pioreactor02,2026-09-25T17:08:27.851Z,0.179299302275,45,3,2026-09-25 22:53:27.851,47.359722222222
Demo experiment,pioreactor02,2026-09-25T17:08:27.851Z,0.032790721396,135,4,2026-09-25 22:53:27.851,47.359722222222
Demo experiment,pioreactor02,2026-09-25T17:08:32.850Z,0.0,90,2,2026-09-25 22:53:32.850,47.361111111111
Demo experiment,pioreactor02,2026-09-25T17:08:32.850Z,0.17940174292,45,3,2026-09-25 22:53:32.850,47.361111111111
Demo experiment,pioreactor02,2026-09-25T17:08:32.850Z,0.036089260416,135,4,2026-09-25 22:53:32.850,47.361111111111
Demo experiment,pioreactor02,2026-09-25T17:08:37.852Z,0.0,90,2,2026-09-25 22:53:37.852,47.3625
Demo experiment,pioreactor02,2026-09-25T17:08:37.852Z,0.179373090271,45,3,2026-09-25 22:53:37.852,47.3625
Demo experiment,pioreactor02,2026-09-25T17:08:37.852Z,0.034400666019,135,4,2026-09-25 22:53:37.852,47.3625
Demo experiment,pioreactor02,2026-09-25T17:08:42.850Z,0.0,90,2,2026-09-25 22:53:42.850,47.363888888889
Demo experiment,pioreactor02,2026-09-25T17:08:42.850Z,0.179300311406,45,3,2026-09-25 22:53:42.850,47.363888888889
Demo experiment,pioreactor02,2026-09-25T17:08:42.850Z,0.032599014872,135,4,2026-09-25 22:53:42.850,47.363888888889
Demo experiment,pioreactor02,2026-09-25T17:08:47.853Z,0.0,90,2,2026-09-25 22:53:47.853,47.365277777778
Demo experiment,pioreactor02,2026-09-25T17:08:47.853Z,0.179098206174,45,3,2026-09-25 22:53:47.853,47.365277777778
Demo experiment,pioreactor02,2026-09-25T17:08:47.853Z,0.033285374234,135,4,2026-09-25 22:53:47.853,47.365277777778
Demo experiment,pioreactor02,2026-09-25T17:08:52.850Z,0.0,90,2,2026-09-25 22:53:52.850,47.366666666667
Demo experiment,pioreactor02,2026-09-25T17:08:52.850Z,0.178862022386,45,3,2026-09-25 22:53:52.850,47.366666666667
Demo experiment,pioreactor02,2026-09-25T17:08:52.850Z,0.035351410251,135,4,2026-09-25 22:53:52.850,47.366666666667
Demo experiment,pioreactor02,2026-09-25T17:08:57.850Z,0.0,90,2,2026-09-25 22:53:57.850,47.368055555556
Demo experiment,pioreactor02,2026-09-25T17:08:57.850Z,0.178861535521,45,3,2026-09-25 22:53:57.850,47.368055555556
Demo experiment,pioreactor02,2026-09-25T17:08:57.850Z,0.034236953126,135,4,2026-09-25 22:53:57.850,47.368055555556
Demo experiment,pioreactor02,2026-09-25T17:09:02.850Z,0.0,90,2,2026-09-25 22:54:02.850,47.369444444444
Demo experiment,pioreactor02,2026-09-25T17:09:02.850Z,0.179085438219,45,3,2026-09-25 22:54:02.850,47.369444444444
Demo experiment,pioreactor02,2026-09-25T17:09:02.850Z,0.035243529646,135,4,2026-09-25 22:54:02.850,47.369444444444
Demo experiment,pioreactor02,2026-09-25T17:09:07.850Z,0.0,90,2,2026-09-25 22:54:07.850,47.370833333333
Demo experiment,pioreactor02,2026-09-25T17:09:07.850Z,0.179022059296,45,3,2026-09-25 22:54:07.850,47.370833333333
Demo experiment,pioreactor02,2026-09-25T17:09:07.850Z,0.033526612395,135,4,2026-09-25 22:54:07.850,47.370833333333
Demo experiment,pioreactor02,2026-09-25T17:09:12.849Z,0.0,90,2,2026-09-25 22:54:12.849,47.372222222222
Demo experiment,pioreactor02,2026-09-25T17:09:12.849Z,0.179157649816,45,3,2026-09-25 22:54:12.849,47.372222222222
Demo experiment,pioreactor02,2026-09-25T17:09:12.849Z,0.035106800992,135,4,2026-09-25 22:54:12.849,47.372222222222
Demo experiment,pioreactor02,2026-09-25T17:09:17.851Z,0.0,90,2,2026-09-25 22:54:17.851,47.373611111111
Demo experiment,pioreactor02,2026-09-25T17:09:17.851Z,0.179126759859,45,3,2026-09-25 22:54:17.851,47.373611111111
Demo experiment,pioreactor02,2026-09-25T17:09:17.851Z,0.032779648136,135,4,2026-09-25 22:54:17.851,47.373611111111
Demo experiment,pioreactor02,2026-09-25T17:09:22.850Z,0.0,90,2,2026-09-25 22:54:22.850,47.375
Demo experiment,pioreactor02,2026-09-25T17:09:22.850Z,0.179115952233,45,3,2026-09-25 22:54:22.850,47.375
Demo experiment,pioreactor02,2026-09-25T17:09:22.850Z,0.031644376355,135,4,2026-09-25 22:54:22.850,47.375
Demo experiment,pioreactor02,2026-09-25T17:09:27.851Z,0.0,90,2,2026-09-25 22:54:27.851,47.376388888889
Demo experiment,pioreactor02,2026-09-25T17:09:27.851Z,0.179332584823,45,3,2026-09-25 22:54:27.851,47.376388888889
Demo experiment,pioreactor02,2026-09-25T17:09:27.851Z,0.029517314159,135,4,2026-09-25 22:54:27.851,47.376388888889
Demo experiment,pioreactor02,2026-09-25T17:09:32.849Z,0.0,90,2,2026-09-25 22:54:32.849,47.377777777778
Demo experiment,pioreactor02,2026-09-25T17:09:32.849Z,0.179558400728,45,3,2026-09-25 22:54:32.849,47.377777777778
Demo experiment,pioreactor02,2026-09-25T17:09:32.849Z,0.027379038927,135,4,2026-09-25 22:54:32.849,47.377777777778
Demo experiment,pioreactor02,2026-09-25T17:09:37.849Z,0.0,90,2,2026-09-25 22:54:37.849,47.379166666667
Demo experiment,pioreactor02,2026-09-25T17:09:37.849Z,0.179932626346,45,3,2026-09-25 22:54:37.849,47.379166666667
Demo experiment,pioreactor02,2026-09-25T17:09:37.849Z,0.026548081556,135,4,2026-09-25 22:54:37.849,47.379166666667
Demo experiment,pioreactor02,2026-09-25T17:09:42.851Z,0.0,90,2,2026-09-25 22:54:42.851,47.380555555556
Demo experiment,pioreactor02,2026-09-25T17:09:42.851Z,0.180483545627,45,3,2026-09-25 22:54:42.851,47.380555555556
Demo experiment,pioreactor02,2026-09-25T17:09:42.851Z,0.025961060613,135,4,2026-09-25 22:54:42.851,47.380555555556
Demo experiment,pioreactor02,2026-09-25T17:09:47.849Z,0.0,90,2,2026-09-25 22:54:47.849,47.381944444444
Demo experiment,pioreactor02,2026-09-25T17:09:47.849Z,0.181334473735,45,3,2026-09-25 22:54:47.849,47.381944444444
Demo experiment,pioreactor02,2026-09-25T17:09:47.849Z,0.025646710662,135,4,2026-09-25 22:54:47.849,47.381944444444
Demo experiment,pioreactor02,2026-09-25T17:09:52.851Z,0.0,90,2,2026-09-25 22:54:52.851,47.383333333333
Demo experiment,pioreactor02,2026-09-25T17:09:52.851Z,0.184024513393,45,3,2026-09-25 22:54:52.851,47.383333333333
Demo experiment,pioreactor02,2026-09-25T17:09:52.851Z,0.026392324833,135,4,2026-09-25 22:54:52.851,47.383333333333
Demo experiment,pioreactor02,2026-09-25T17:09:57.849Z,0.0,90,2,2026-09-25 22:54:57.849,47.384722222222
Demo experiment,pioreactor02,2026-09-25T17:09:57.849Z,0.185444897851,45,3,2026-09-25 22:54:57.849,47.384722222222
Demo experiment,pioreactor02,2026-09-25T17:09:57.849Z,0.029369934438,135,4,2026-09-25 22:54:57.849,47.384722222222
Demo experiment,pioreactor02,2026-09-25T17:10:02.850Z,0.0,90,2,2026-09-25 22:55:02.850,47.386111111111
Demo experiment,pioreactor02,2026-09-25T17:10:02.850Z,0.187041117999,45,3,2026-09-25 22:55:02.850,47.386111111111
Demo experiment,pioreactor02,2026-09-25T17:10:02.850Z,0.029848683255,135,4,2026-09-25 22:55:02.850,47.386111111111
Demo experiment,pioreactor02,2026-09-25T17:10:07.850Z,0.0,90,2,2026-09-25 22:55:07.850,47.3875
Demo experiment,pioreactor02,2026-09-25T17:10:07.850Z,0.187508057258,45,3,2026-09-25 22:55:07.850,47.3875
Demo experiment,pioreactor02,2026-09-25T17:10:07.850Z,0.029098721326,135,4,2026-09-25 22:55:07.850,47.3875
Demo experiment,pioreactor02,2026-09-25T17:10:12.851Z,0.0,90,2,2026-09-25 22:55:12.851,47.388888888889
Demo experiment,pioreactor02,2026-09-25T17:10:12.851Z,0.187600836462,45,3,2026-09-25 22:55:12.851,47.388888888889
Demo experiment,pioreactor02,2026-09-25T17:10:12.851Z,0.027875207515,135,4,2026-09-25 22:55:12.851,47.388888888889
Demo experiment,pioreactor02,2026-09-25T17:10:17.850Z,0.0,90,2,2026-09-25 22:55:17.850,47.390277777778
Demo experiment,pioreactor02,2026-09-25T17:10:17.850Z,0.18780362229,45,3,2026-09-25 22:55:17.850,47.390277777778
Demo experiment,pioreactor02,2026-09-25T17:10:17.850Z,0.027918644928,135,4,2026-09-25 22:55:17.850,47.390277777778
Demo experiment,pioreactor02,2026-09-25T17:10:22.850Z,0.0,90,2,2026-09-25 22:55:22.850,47.391666666667
Demo experiment,pioreactor02,2026-09-25T17:10:22.850Z,0.187680276932,45,3,2026-09-25 22:55:22.850,47.391666666667
Demo experiment,pioreactor02,2026-09-25T17:10:22.850Z,0.027231207039,135,4,2026-09-25 22:55:22.850,47.391666666667
Demo experiment,pioreactor02,2026-09-25T17:10:27.850Z,0.0,90,2,2026-09-25 22:55:27.850,47.393055555556
Demo experiment,pioreactor02,2026-09-25T17:10:27.850Z,0.188095087089,45,3,2026-09-25 22:55:27.850,47.393055555556
Demo experiment,pioreactor02,2026-09-25T17:10:27.850Z,0.027761136065,135,4,2026-09-25 22:55:27.850,47.393055555556
Demo experiment,pioreactor02,2026-09-25T17:10:32.850Z,0.0,90,2,2026-09-25 22:55:32.850,47.394444444444
Demo experiment,pioreactor02,2026-09-25T17:10:32.850Z,0.186842136093,45,3,2026-09-25 22:55:32.850,47.394444444444
Demo experiment,pioreactor02,2026-09-25T17:10:32.850Z,0.02700333248,135,4,2026-09-25 22:55:32.850,47.394444444444
Demo experiment,pioreactor02,2026-09-25T17:10:37.851Z,0.0,90,2,2026-09-25 22:55:37.851,47.395833333333
Demo experiment,pioreactor02,2026-09-25T17:10:37.851Z,0.185227599651,45,3,2026-09-25 22:55:37.851,47.395833333333
Demo experiment,pioreactor02,2026-09-25T17:10:37.851Z,0.036092846181,135,4,2026-09-25 22:55:37.851,47.395833333333
Demo experiment,pioreactor02,2026-09-25T17:10:42.851Z,0.0,90,2,2026-09-25 22:55:42.851,47.397222222222
Demo experiment,pioreactor02,2026-09-25T17:10:42.851Z,0.183969379054,45,3,2026-09-25 22:55:42.851,47.397222222222
Demo experiment,pioreactor02,2026-09-25T17:10:42.851Z,0.035907803856,135,4,2026-09-25 22:55:42.851,47.397222222222
Demo experiment,pioreactor02,2026-09-25T17:10:47.849Z,0.0,90,2,2026-09-25 22:55:47.849,47.398611111111
Demo experiment,pioreactor02,2026-09-25T17:10:47.849Z,0.184077143498,45,3,2026-09-25 22:55:47.849,47.398611111111
Demo experiment,pioreactor02,2026-09-25T17:10:47.849Z,0.034800580212,135,4,2026-09-25 22:55:47.849,47.398611111111
Demo experiment,pioreactor02,2026-09-25T17:10:52.851Z,0.0,90,2,2026-09-25 22:55:52.851,47.4
Demo experiment,pioreactor02,2026-09-25T17:10:52.851Z,0.185173431323,45,3,2026-09-25 22:55:52.851,47.4
Demo experiment,pioreactor02,2026-09-25T17:10:52.851Z,0.04562942235,135,4,2026-09-25 22:55:52.851,47.4
Demo experiment,pioreactor02,2026-09-25T17:10:57.850Z,0.0,90,2,2026-09-25 22:55:57.850,47.401388888889
Demo experiment,pioreactor02,2026-09-25T17:10:57.850Z,0.184082414987,45,3,2026-09-25 22:55:57.850,47.401388888889
Demo experiment,pioreactor02,2026-09-25T17:10:57.850Z,0.035560589149,135,4,2026-09-25 22:55:57.850,47.401388888889
Demo experiment,pioreactor02,2026-09-25T17:11:02.859Z,0.0,90,2,2026-09-25 22:56:02.859,47.402777777778
Demo experiment,pioreactor02,2026-09-25T17:11:02.859Z,0.182704742188,45,3,2026-09-25 22:56:02.859,47.402777777778
Demo experiment,pioreactor02,2026-09-25T17:11:02.859Z,0.033649950104,135,4,2026-09-25 22:56:02.859,47.402777777778
Demo experiment,pioreactor02,2026-09-25T17:11:07.849Z,0.0,90,2,2026-09-25 22:56:07.849,47.404166666667
Demo experiment,pioreactor02,2026-09-25T17:11:07.849Z,0.182008360146,45,3,2026-09-25 22:56:07.849,47.404166666667
Demo experiment,pioreactor02,2026-09-25T17:11:07.849Z,0.032917163228,135,4,2026-09-25 22:56:07.849,47.404166666667
Demo experiment,pioreactor02,2026-09-25T17:11:12.849Z,0.0,90,2,2026-09-25 22:56:12.849,47.405555555556
Demo experiment,pioreactor02,2026-09-25T17:11:12.849Z,0.18308291523,45,3,2026-09-25 22:56:12.849,47.405555555556
Demo experiment,pioreactor02,2026-09-25T17:11:12.849Z,0.04704189364,135,4,2026-09-25 22:56:12.849,47.405555555556
Demo experiment,pioreactor02,2026-09-25T17:11:17.852Z,0.0,90,2,2026-09-25 22:56:17.852,47.406944444444
Demo experiment,pioreactor02,2026-09-25T17:11:17.852Z,0.182930363496,45,3,2026-09-25 22:56:17.852,47.406944444444
Demo experiment,pioreactor02,2026-09-25T17:11:17.852Z,0.040869135695,135,4,2026-09-25 22:56:17.852,47.406944444444
Demo experiment,pioreactor02,2026-09-25T17:11:22.850Z,0.0,90,2,2026-09-25 22:56:22.850,47.408333333333
Demo experiment,pioreactor02,2026-09-25T17:11:22.850Z,0.183029223832,45,3,2026-09-25 22:56:22.850,47.408333333333
Demo experiment,pioreactor02,2026-09-25T17:11:22.850Z,0.041080306724,135,4,2026-09-25 22:56:22.850,47.408333333333
Demo experiment,pioreactor02,2026-09-25T17:11:27.854Z,0.0,90,2,2026-09-25 22:56:27.854,47.409722222222
Demo experiment,pioreactor02,2026-09-25T17:11:27.854Z,0.182760958729,45,3,2026-09-25 22:56:27.854,47.409722222222
Demo experiment,pioreactor02,2026-09-25T17:11:27.854Z,0.039005607765,135,4,2026-09-25 22:56:27.854,47.409722222222
Demo experiment,pioreactor02,2026-09-25T17:11:32.852Z,0.0,90,2,2026-09-25 22:56:32.852,47.411111111111
Demo experiment,pioreactor02,2026-09-25T17:11:32.852Z,0.18330410255,45,3,2026-09-25 22:56:32.852,47.411111111111
Demo experiment,pioreactor02,2026-09-25T17:11:32.852Z,0.044659953536,135,4,2026-09-25 22:56:32.852,47.411111111111
Demo experiment,pioreactor02,2026-09-25T17:11:37.851Z,0.0,90,2,2026-09-25 22:56:37.851,47.4125
Demo experiment,pioreactor02,2026-09-25T17:11:37.851Z,0.182258599335,45,3,2026-09-25 22:56:37.851,47.4125
Demo experiment,pioreactor02,2026-09-25T17:11:37.851Z,0.037341588074,135,4,2026-09-25 22:56:37.851,47.4125
Demo experiment,pioreactor02,2026-09-25T17:11:42.853Z,0.0,90,2,2026-09-25 22:56:42.853,47.413888888889
Demo experiment,pioreactor02,2026-09-25T17:11:42.853Z,0.18281376214,45,3,2026-09-25 22:56:42.853,47.413888888889
Demo experiment,pioreactor02,2026-09-25T17:11:42.853Z,0.038267422758,135,4,2026-09-25 22:56:42.853,47.413888888889
Demo experiment,pioreactor02,2026-09-25T17:11:47.853Z,0.0,90,2,2026-09-25 22:56:47.853,47.415277777778
Demo experiment,pioreactor02,2026-09-25T17:11:47.853Z,0.182816689089,45,3,2026-09-25 22:56:47.853,47.415277777778
Demo experiment,pioreactor02,2026-09-25T17:11:47.853Z,0.038471780098,135,4,2026-09-25 22:56:47.853,47.415277777778
Demo experiment,pioreactor02,2026-09-25T17:11:52.857Z,0.0,90,2,2026-09-25 22:56:52.857,47.416666666667
Demo experiment,pioreactor02,2026-09-25T17:11:52.857Z,0.18277660163,45,3,2026-09-25 22:56:52.857,47.416666666667
Demo experiment,pioreactor02,2026-09-25T17:11:52.857Z,0.036721972121,135,4,2026-09-25 22:56:52.857,47.416666666667
Demo experiment,pioreactor02,2026-09-25T17:11:57.850Z,0.0,90,2,2026-09-25 22:56:57.850,47.418055555556
Demo experiment,pioreactor02,2026-09-25T17:11:57.850Z,0.181906937002,45,3,2026-09-25 22:56:57.850,47.418055555556
Demo experiment,pioreactor02,2026-09-25T17:11:57.850Z,0.031815797435,135,4,2026-09-25 22:56:57.850,47.418055555556
Demo experiment,pioreactor02,2026-09-25T17:12:02.851Z,0.0,90,2,2026-09-25 22:57:02.851,47.419444444444
Demo experiment,pioreactor02,2026-09-25T17:12:02.851Z,0.182725739192,45,3,2026-09-25 22:57:02.851,47.419444444444
Demo experiment,pioreactor02,2026-09-25T17:12:02.851Z,0.034210696217,135,4,2026-09-25 22:57:02.851,47.419444444444
Demo experiment,pioreactor02,2026-09-25T17:12:07.855Z,0.0,90,2,2026-09-25 22:57:07.855,47.420833333333
Demo experiment,pioreactor02,2026-09-25T17:12:07.855Z,0.18215813259,45,3,2026-09-25 22:57:07.855,47.420833333333
Demo experiment,pioreactor02,2026-09-25T17:12:07.855Z,0.037459437968,135,4,2026-09-25 22:57:07.855,47.420833333333
Demo experiment,pioreactor02,2026-09-25T17:12:12.853Z,0.0,90,2,2026-09-25 22:57:12.853,47.422222222222
Demo experiment,pioreactor02,2026-09-25T17:12:12.853Z,0.181667640057,45,3,2026-09-25 22:57:12.853,47.422222222222
Demo experiment,pioreactor02,2026-09-25T17:12:12.853Z,0.033623267742,135,4,2026-09-25 22:57:12.853,47.422222222222
Demo experiment,pioreactor02,2026-09-25T17:12:17.853Z,0.0,90,2,2026-09-25 22:57:17.853,47.423611111111
Demo experiment,pioreactor02,2026-09-25T17:12:17.853Z,0.182306541945,45,3,2026-09-25 22:57:17.853,47.423611111111
Demo experiment,pioreactor02,2026-09-25T17:12:17.853Z,0.038166414508,135,4,2026-09-25 22:57:17.853,47.423611111111
Demo experiment,pioreactor02,2026-09-25T17:12:22.855Z,0.0,90,2,2026-09-25 22:57:22.855,47.425
Demo experiment,pioreactor02,2026-09-25T17:12:22.855Z,0.181859915732,45,3,2026-09-25 22:57:22.855,47.425
Demo experiment,pioreactor02,2026-09-25T17:12:22.855Z,0.03490353386,135,4,2026-09-25 22:57:22.855,47.425
Demo experiment,pioreactor02,2026-09-25T17:12:27.853Z,0.0,90,2,2026-09-25 22:57:27.853,47.426388888889
Demo experiment,pioreactor02,2026-09-25T17:12:27.853Z,0.182776169037,45,3,2026-09-25 22:57:27.853,47.426388888889
Demo experiment,pioreactor02,2026-09-25T17:12:27.853Z,0.038913558845,135,4,2026-09-25 22:57:27.853,47.426388888889
Demo experiment,pioreactor02,2026-09-25T17:12:32.853Z,0.0,90,2,2026-09-25 22:57:32.853,47.427777777778
Demo experiment,pioreactor02,2026-09-25T17:12:32.853Z,0.182945074783,45,3,2026-09-25 22:57:32.853,47.427777777778
Demo experiment,pioreactor02,2026-09-25T17:12:32.853Z,0.035545453866,135,4,2026-09-25 22:57:32.853,47.427777777778
Demo experiment,pioreactor02,2026-09-25T17:12:37.849Z,0.0,90,2,2026-09-25 22:57:37.849,47.429166666667
Demo experiment,pioreactor02,2026-09-25T17:12:37.849Z,0.182196959374,45,3,2026-09-25 22:57:37.849,47.429166666667
Demo experiment,pioreactor02,2026-09-25T17:12:37.849Z,0.03194868786,135,4,2026-09-25 22:57:37.849,47.429166666667
Demo experiment,pioreactor02,2026-09-25T17:12:42.851Z,0.0,90,2,2026-09-25 22:57:42.851,47.430555555556
Demo experiment,pioreactor02,2026-09-25T17:12:42.851Z,0.182186573516,45,3,2026-09-25 22:57:42.851,47.430555555556
Demo experiment,pioreactor02,2026-09-25T17:12:42.851Z,0.036954121629,135,4,2026-09-25 22:57:42.851,47.430555555556
Demo experiment,pioreactor02,2026-09-25T17:12:47.849Z,0.0,90,2,2026-09-25 22:57:47.849,47.431944444444
Demo experiment,pioreactor02,2026-09-25T17:12:47.849Z,0.182055316423,45,3,2026-09-25 22:57:47.849,47.431944444444
Demo experiment,pioreactor02,2026-09-25T17:12:47.849Z,0.033069628211,135,4,2026-09-25 22:57:47.849,47.431944444444
Demo experiment,pioreactor02,2026-09-25T17:12:52.850Z,0.0,90,2,2026-09-25 22:57:52.850,47.433333333333
Demo experiment,pioreactor02,2026-09-25T17:12:52.850Z,0.181779273389,45,3,2026-09-25 22:57:52.850,47.433333333333
Demo experiment,pioreactor02,2026-09-25T17:12:52.850Z,0.031236853967,135,4,2026-09-25 22:57:52.850,47.433333333333
Demo experiment,pioreactor02,2026-09-25T17:12:57.855Z,0.0,90,2,2026-09-25 22:57:57.855,47.434722222222
Demo experiment,pioreactor02,2026-09-25T17:12:57.855Z,0.183433781602,45,3,2026-09-25 22:57:57.855,47.434722222222
Demo experiment,pioreactor02,2026-09-25T17:12:57.855Z,0.040465676877,135,4,2026-09-25 22:57:57.855,47.434722222222
Demo experiment,pioreactor02,2026-09-25T17:13:02.851Z,0.0,90,2,2026-09-25 22:58:02.851,47.436111111111
Demo experiment,pioreactor02,2026-09-25T17:13:02.851Z,0.183403944773,45,3,2026-09-25 22:58:02.851,47.436111111111
Demo experiment,pioreactor02,2026-09-25T17:13:02.851Z,0.048437146803,135,4,2026-09-25 22:58:02.851,47.436111111111
Demo experiment,pioreactor02,2026-09-25T17:13:07.854Z,0.0,90,2,2026-09-25 22:58:07.854,47.4375
Demo experiment,pioreactor02,2026-09-25T17:13:07.854Z,0.182361241193,45,3,2026-09-25 22:58:07.854,47.4375
Demo experiment,pioreactor02,2026-09-25T17:13:07.854Z,0.036964072274,135,4,2026-09-25 22:58:07.854,47.4375
Demo experiment,pioreactor02,2026-09-25T17:13:12.856Z,0.0,90,2,2026-09-25 22:58:12.856,47.438888888889
Demo experiment,pioreactor02,2026-09-25T17:13:12.856Z,0.182138721431,45,3,2026-09-25 22:58:12.856,47.438888888889
Demo experiment,pioreactor02,2026-09-25T17:13:12.856Z,0.035856029132,135,4,2026-09-25 22:58:12.856,47.438888888889
Demo experiment,pioreactor02,2026-09-25T17:13:17.859Z,0.0,90,2,2026-09-25 22:58:17.859,47.440277777778
Demo experiment,pioreactor02,2026-09-25T17:13:17.859Z,0.182394370799,45,3,2026-09-25 22:58:17.859,47.440277777778
Demo experiment,pioreactor02,2026-09-25T17:13:17.859Z,0.041253980062,135,4,2026-09-25 22:58:17.859,47.440277777778
Demo experiment,pioreactor02,2026-09-25T17:13:22.856Z,0.0,90,2,2026-09-25 22:58:22.856,47.441666666667
Demo experiment,pioreactor02,2026-09-25T17:13:22.856Z,0.181667789078,45,3,2026-09-25 22:58:22.856,47.441666666667
Demo experiment,pioreactor02,2026-09-25T17:13:22.856Z,0.034552305099,135,4,2026-09-25 22:58:22.856,47.441666666667
Demo experiment,pioreactor02,2026-09-25T17:13:27.853Z,0.0,90,2,2026-09-25 22:58:27.853,47.443055555556
Demo experiment,pioreactor02,2026-09-25T17:13:27.853Z,0.181463651517,45,3,2026-09-25 22:58:27.853,47.443055555556
Demo experiment,pioreactor02,2026-09-25T17:13:27.853Z,0.031948828499,135,4,2026-09-25 22:58:27.853,47.443055555556
Demo experiment,pioreactor02,2026-09-25T17:13:32.853Z,0.0,90,2,2026-09-25 22:58:32.853,47.444444444444
Demo experiment,pioreactor02,2026-09-25T17:13:32.853Z,0.181639450674,45,3,2026-09-25 22:58:32.853,47.444444444444
Demo experiment,pioreactor02,2026-09-25T17:13:32.853Z,0.034435521344,135,4,2026-09-25 22:58:32.853,47.444444444444
Demo experiment,pioreactor02,2026-09-25T17:13:37.852Z,0.0,90,2,2026-09-25 22:58:37.852,47.445833333333
Demo experiment,pioreactor02,2026-09-25T17:13:37.852Z,0.181622430437,45,3,2026-09-25 22:58:37.852,47.445833333333
Demo experiment,pioreactor02,2026-09-25T17:13:37.852Z,0.034400171243,135,4,2026-09-25 22:58:37.852,47.445833333333
Demo experiment,pioreactor02,2026-09-25T17:13:42.855Z,0.0,90,2,2026-09-25 22:58:42.855,47.447222222222
Demo experiment,pioreactor02,2026-09-25T17:13:42.855Z,0.182373690927,45,3,2026-09-25 22:58:42.855,47.447222222222
Demo experiment,pioreactor02,2026-09-25T17:13:42.855Z,0.038948664808,135,4,2026-09-25 22:58:42.855,47.447222222222
Demo experiment,pioreactor02,2026-09-25T17:13:47.850Z,0.0,90,2,2026-09-25 22:58:47.850,47.448611111111
Demo experiment,pioreactor02,2026-09-25T17:13:47.850Z,0.181756879823,45,3,2026-09-25 22:58:47.850,47.448611111111
Demo experiment,pioreactor02,2026-09-25T17:13:47.850Z,0.036649540306,135,4,2026-09-25 22:58:47.850,47.448611111111
Demo experiment,pioreactor02,2026-09-25T17:13:52.851Z,0.0,90,2,2026-09-25 22:58:52.851,47.45
Demo experiment,pioreactor02,2026-09-25T17:13:52.851Z,0.181314467295,45,3,2026-09-25 22:58:52.851,47.45
Demo experiment,pioreactor02,2026-09-25T17:13:52.851Z,0.035989864868,135,4,2026-09-25 22:58:52.851,47.45
Demo experiment,pioreactor02,2026-09-25T17:13:57.852Z,0.0,90,2,2026-09-25 22:58:57.852,47.451388888889
Demo experiment,pioreactor02,2026-09-25T17:13:57.852Z,0.181024095683,45,3,2026-09-25 22:58:57.852,47.451388888889
Demo experiment,pioreactor02,2026-09-25T17:13:57.852Z,0.031888566079,135,4,2026-09-25 22:58:57.852,47.451388888889
Demo experiment,pioreactor02,2026-09-25T17:14:02.849Z,0.0,90,2,2026-09-25 22:59:02.849,47.452777777778
Demo experiment,pioreactor02,2026-09-25T17:14:02.849Z,0.180786383821,45,3,2026-09-25 22:59:02.849,47.452777777778
Demo experiment,pioreactor02,2026-09-25T17:14:02.849Z,0.030268441334,135,4,2026-09-25 22:59:02.849,47.452777777778
Demo experiment,pioreactor02,2026-09-25T17:14:07.853Z,0.0,90,2,2026-09-25 22:59:07.853,47.454166666667
Demo experiment,pioreactor02,2026-09-25T17:14:07.853Z,0.181354904185,45,3,2026-09-25 22:59:07.853,47.454166666667
Demo experiment,pioreactor02,2026-09-25T17:14:07.853Z,0.030861364406,135,4,2026-09-25 22:59:07.853,47.454166666667
Demo experiment,pioreactor02,2026-09-25T17:14:12.851Z,0.0,90,2,2026-09-25 22:59:12.851,47.455555555556
Demo experiment,pioreactor02,2026-09-25T17:14:12.851Z,0.181197371758,45,3,2026-09-25 22:59:12.851,47.455555555556
Demo experiment,pioreactor02,2026-09-25T17:14:12.851Z,0.030972873683,135,4,2026-09-25 22:59:12.851,47.455555555556
Demo experiment,pioreactor02,2026-09-25T17:14:17.854Z,0.0,90,2,2026-09-25 22:59:17.854,47.456944444444
Demo experiment,pioreactor02,2026-09-25T17:14:17.854Z,0.18177294431,45,3,2026-09-25 22:59:17.854,47.456944444444
Demo experiment,pioreactor02,2026-09-25T17:14:17.854Z,0.03669277477,135,4,2026-09-25 22:59:17.854,47.456944444444
Demo experiment,pioreactor02,2026-09-25T17:14:22.852Z,0.0,90,2,2026-09-25 22:59:22.852,47.458333333333
Demo experiment,pioreactor02,2026-09-25T17:14:22.852Z,0.180579473235,45,3,2026-09-25 22:59:22.852,47.458333333333
Demo experiment,pioreactor02,2026-09-25T17:14:22.852Z,0.034587679035,135,4,2026-09-25 22:59:22.852,47.458333333333
Demo experiment,pioreactor02,2026-09-25T17:14:27.849Z,0.0,90,2,2026-09-25 22:59:27.849,47.459722222222
Demo experiment,pioreactor02,2026-09-25T17:14:27.849Z,0.180458057498,45,3,2026-09-25 22:59:27.849,47.459722222222
Demo experiment,pioreactor02,2026-09-25T17:14:27.849Z,0.032067062665,135,4,2026-09-25 22:59:27.849,47.459722222222
Demo experiment,pioreactor02,2026-09-25T17:14:32.850Z,0.0,90,2,2026-09-25 22:59:32.850,47.461111111111
Demo experiment,pioreactor02,2026-09-25T17:14:32.850Z,0.180535982384,45,3,2026-09-25 22:59:32.850,47.461111111111
Demo experiment,pioreactor02,2026-09-25T17:14:32.850Z,0.030592614738,135,4,2026-09-25 22:59:32.850,47.461111111111
Demo experiment,pioreactor02,2026-09-25T17:14:37.851Z,0.0,90,2,2026-09-25 22:59:37.851,47.4625
Demo experiment,pioreactor02,2026-09-25T17:14:37.851Z,0.180436038243,45,3,2026-09-25 22:59:37.851,47.4625
Demo experiment,pioreactor02,2026-09-25T17:14:37.851Z,0.030870089304,135,4,2026-09-25 22:59:37.851,47.4625
Demo experiment,pioreactor02,2026-09-25T17:14:42.849Z,0.0,90,2,2026-09-25 22:59:42.849,47.463888888889
Demo experiment,pioreactor02,2026-09-25T17:14:42.849Z,0.180569027226,45,3,2026-09-25 22:59:42.849,47.463888888889
Demo experiment,pioreactor02,2026-09-25T17:14:42.849Z,0.02957348606,135,4,2026-09-25 22:59:42.849,47.463888888889
Demo experiment,pioreactor02,2026-09-25T17:14:47.852Z,0.0,90,2,2026-09-25 22:59:47.852,47.465277777778
Demo experiment,pioreactor02,2026-09-25T17:14:47.852Z,0.180725259998,45,3,2026-09-25 22:59:47.852,47.465277777778
Demo experiment,pioreactor02,2026-09-25T17:14:47.852Z,0.029601447797,135,4,2026-09-25 22:59:47.852,47.465277777778
Demo experiment,pioreactor02,2026-09-25T17:14:52.851Z,0.0,90,2,2026-09-25 22:59:52.851,47.466666666667
Demo experiment,pioreactor02,2026-09-25T17:14:52.851Z,0.180136765103,45,3,2026-09-25 22:59:52.851,47.466666666667
Demo experiment,pioreactor02,2026-09-25T17:14:52.851Z,0.030059286554,135,4,2026-09-25 22:59:52.851,47.466666666667
Demo experiment,pioreactor02,2026-09-25T17:14:57.850Z,0.0,90,2,2026-09-25 22:59:57.850,47.468055555556
Demo experiment,pioreactor02,2026-09-25T17:14:57.850Z,0.180131620784,45,3,2026-09-25 22:59:57.850,47.468055555556
Demo experiment,pioreactor02,2026-09-25T17:14:57.850Z,0.032277672199,135,4,2026-09-25 22:59:57.850,47.468055555556
Demo experiment,pioreactor02,2026-09-25T17:15:02.850Z,0.0,90,2,2026-09-25 23:00:02.850,47.469444444444
Demo experiment,pioreactor02,2026-09-25T17:15:02.850Z,0.180315220524,45,3,2026-09-25 23:00:02.850,47.469444444444
Demo experiment,pioreactor02,2026-09-25T17:15:02.850Z,0.032388153573,135,4,2026-09-25 23:00:02.850,47.469444444444
Demo experiment,pioreactor02,2026-09-25T17:15:07.850Z,0.0,90,2,2026-09-25 23:00:07.850,47.470833333333
Demo experiment,pioreactor02,2026-09-25T17:15:07.850Z,0.180619743308,45,3,2026-09-25 23:00:07.850,47.470833333333
Demo experiment,pioreactor02,2026-09-25T17:15:07.850Z,0.033935792599,135,4,2026-09-25 23:00:07.850,47.470833333333
Demo experiment,pioreactor02,2026-09-25T17:15:12.849Z,0.0,90,2,2026-09-25 23:00:12.849,47.472222222222
Demo experiment,pioreactor02,2026-09-25T17:15:12.849Z,0.180698480778,45,3,2026-09-25 23:00:12.849,47.472222222222
Demo experiment,pioreactor02,2026-09-25T17:15:12.849Z,0.031336031155,135,4,2026-09-25 23:00:12.849,47.472222222222
Demo experiment,pioreactor02,2026-09-25T17:15:17.855Z,0.0,90,2,2026-09-25 23:00:17.855,47.473611111111
Demo experiment,pioreactor02,2026-09-25T17:15:17.855Z,0.180815746445,45,3,2026-09-25 23:00:17.855,47.473611111111
Demo experiment,pioreactor02,2026-09-25T17:15:17.855Z,0.03277450978,135,4,2026-09-25 23:00:17.855,47.473611111111
Demo experiment,pioreactor02,2026-09-25T17:15:22.853Z,0.0,90,2,2026-09-25 23:00:22.853,47.475
Demo experiment,pioreactor02,2026-09-25T17:15:22.853Z,0.180653295485,45,3,2026-09-25 23:00:22.853,47.475
Demo experiment,pioreactor02,2026-09-25T17:15:22.853Z,0.032435459746,135,4,2026-09-25 23:00:22.853,47.475
Demo experiment,pioreactor02,2026-09-25T17:15:27.850Z,0.0,90,2,2026-09-25 23:00:27.850,47.476388888889
Demo experiment,pioreactor02,2026-09-25T17:15:27.850Z,0.180856700769,45,3,2026-09-25 23:00:27.850,47.476388888889
Demo experiment,pioreactor02,2026-09-25T17:15:27.850Z,0.034193184711,135,4,2026-09-25 23:00:27.850,47.476388888889
Demo experiment,pioreactor02,2026-09-25T17:15:32.851Z,0.0,90,2,2026-09-25 23:00:32.851,47.477777777778
Demo experiment,pioreactor02,2026-09-25T17:15:32.851Z,0.180607054834,45,3,2026-09-25 23:00:32.851,47.477777777778
Demo experiment,pioreactor02,2026-09-25T17:15:32.851Z,0.031989573378,135,4,2026-09-25 23:00:32.851,47.477777777778
Demo experiment,pioreactor02,2026-09-25T17:15:37.849Z,0.0,90,2,2026-09-25 23:00:37.849,47.479166666667
Demo experiment,pioreactor02,2026-09-25T17:15:37.849Z,0.180475996381,45,3,2026-09-25 23:00:37.849,47.479166666667
Demo experiment,pioreactor02,2026-09-25T17:15:37.849Z,0.030329540626,135,4,2026-09-25 23:00:37.849,47.479166666667
Demo experiment,pioreactor02,2026-09-25T17:15:42.850Z,0.0,90,2,2026-09-25 23:00:42.850,47.480555555556
Demo experiment,pioreactor02,2026-09-25T17:15:42.850Z,0.180619068381,45,3,2026-09-25 23:00:42.850,47.480555555556
Demo experiment,pioreactor02,2026-09-25T17:15:42.850Z,0.030476817036,135,4,2026-09-25 23:00:42.850,47.480555555556
Demo experiment,pioreactor02,2026-09-25T17:15:47.851Z,0.0,90,2,2026-09-25 23:00:47.851,47.481944444444
Demo experiment,pioreactor02,2026-09-25T17:15:47.851Z,0.180751964604,45,3,2026-09-25 23:00:47.851,47.481944444444
Demo experiment,pioreactor02,2026-09-25T17:15:47.851Z,0.030734877039,135,4,2026-09-25 23:00:47.851,47.481944444444
Demo experiment,pioreactor02,2026-09-25T17:15:52.856Z,0.0,90,2,2026-09-25 23:00:52.856,47.483333333333
Demo experiment,pioreactor02,2026-09-25T17:15:52.856Z,0.180561232094,45,3,2026-09-25 23:00:52.856,47.483333333333
Demo experiment,pioreactor02,2026-09-25T17:15:52.856Z,0.030734493051,135,4,2026-09-25 23:00:52.856,47.483333333333
Demo experiment,pioreactor02,2026-09-25T17:15:57.858Z,0.0,90,2,2026-09-25 23:00:57.858,47.484722222222
Demo experiment,pioreactor02,2026-09-25T17:15:57.858Z,0.180216852413,45,3,2026-09-25 23:00:57.858,47.484722222222
Demo experiment,pioreactor02,2026-09-25T17:15:57.858Z,0.031649679297,135,4,2026-09-25 23:00:57.858,47.484722222222
Demo experiment,pioreactor02,2026-09-25T17:16:02.849Z,0.0,90,2,2026-09-25 23:01:02.849,47.486111111111
Demo experiment,pioreactor02,2026-09-25T17:16:02.849Z,0.179950943504,45,3,2026-09-25 23:01:02.849,47.486111111111
Demo experiment,pioreactor02,2026-09-25T17:16:02.849Z,0.030420205314,135,4,2026-09-25 23:01:02.849,47.486111111111
Demo experiment,pioreactor02,2026-09-25T17:16:07.850Z,0.0,90,2,2026-09-25 23:01:07.850,47.4875
Demo experiment,pioreactor02,2026-09-25T17:16:07.850Z,0.179797031102,45,3,2026-09-25 23:01:07.850,47.4875
Demo experiment,pioreactor02,2026-09-25T17:16:07.850Z,0.031425093697,135,4,2026-09-25 23:01:07.850,47.4875
Demo experiment,pioreactor02,2026-09-25T17:16:12.849Z,0.0,90,2,2026-09-25 23:01:12.849,47.488888888889
Demo experiment,pioreactor02,2026-09-25T17:16:12.849Z,0.179855055077,45,3,2026-09-25 23:01:12.849,47.488888888889
Demo experiment,pioreactor02,2026-09-25T17:16:12.849Z,0.030194003958,135,4,2026-09-25 23:01:12.849,47.488888888889
Demo experiment,pioreactor02,2026-09-25T17:16:17.849Z,0.0,90,2,2026-09-25 23:01:17.849,47.490277777778
Demo experiment,pioreactor02,2026-09-25T17:16:17.849Z,0.179886602125,45,3,2026-09-25 23:01:17.849,47.490277777778
Demo experiment,pioreactor02,2026-09-25T17:16:17.849Z,0.028889445824,135,4,2026-09-25 23:01:17.849,47.490277777778
Demo experiment,pioreactor02,2026-09-25T17:16:22.853Z,0.0,90,2,2026-09-25 23:01:22.853,47.491666666667
Demo experiment,pioreactor02,2026-09-25T17:16:22.853Z,0.179904011939,45,3,2026-09-25 23:01:22.853,47.491666666667
Demo experiment,pioreactor02,2026-09-25T17:16:22.853Z,0.028892335119,135,4,2026-09-25 23:01:22.853,47.491666666667
Demo experiment,pioreactor02,2026-09-25T17:16:27.849Z,0.0,90,2,2026-09-25 23:01:27.849,47.493055555556
Demo experiment,pioreactor02,2026-09-25T17:16:27.849Z,0.179957100838,45,3,2026-09-25 23:01:27.849,47.493055555556
Demo experiment,pioreactor02,2026-09-25T17:16:27.849Z,0.027816491465,135,4,2026-09-25 23:01:27.849,47.493055555556
Demo experiment,pioreactor02,2026-09-25T17:16:32.853Z,0.0,90,2,2026-09-25 23:01:32.853,47.494444444444
Demo experiment,pioreactor02,2026-09-25T17:16:32.853Z,0.179554347264,45,3,2026-09-25 23:01:32.853,47.494444444444
Demo experiment,pioreactor02,2026-09-25T17:16:32.853Z,0.029677939094,135,4,2026-09-25 23:01:32.853,47.494444444444
Demo experiment,pioreactor02,2026-09-25T17:16:37.850Z,0.0,90,2,2026-09-25 23:01:37.850,47.495833333333
Demo experiment,pioreactor02,2026-09-25T17:16:37.850Z,0.17976205128,45,3,2026-09-25 23:01:37.850,47.495833333333
Demo experiment,pioreactor02,2026-09-25T17:16:37.850Z,0.031337322631,135,4,2026-09-25 23:01:37.850,47.495833333333
Demo experiment,pioreactor02,2026-09-25T17:16:42.850Z,0.0,90,2,2026-09-25 23:01:42.850,47.497222222222
Demo experiment,pioreactor02,2026-09-25T17:16:42.850Z,0.179724880943,45,3,2026-09-25 23:01:42.850,47.497222222222
Demo experiment,pioreactor02,2026-09-25T17:16:42.850Z,0.033459122678,135,4,2026-09-25 23:01:42.850,47.497222222222
Demo experiment,pioreactor02,2026-09-25T17:16:47.852Z,0.0,90,2,2026-09-25 23:01:47.852,47.498611111111
Demo experiment,pioreactor02,2026-09-25T17:16:47.852Z,0.179673390779,45,3,2026-09-25 23:01:47.852,47.498611111111
Demo experiment,pioreactor02,2026-09-25T17:16:47.852Z,0.031591661517,135,4,2026-09-25 23:01:47.852,47.498611111111
Demo experiment,pioreactor02,2026-09-25T17:16:52.849Z,0.0,90,2,2026-09-25 23:01:52.849,47.5
Demo experiment,pioreactor02,2026-09-25T17:16:52.849Z,0.17975521104,45,3,2026-09-25 23:01:52.849,47.5
Demo experiment,pioreactor02,2026-09-25T17:16:52.849Z,0.034187511127,135,4,2026-09-25 23:01:52.849,47.5
Demo experiment,pioreactor02,2026-09-25T17:16:57.850Z,0.0,90,2,2026-09-25 23:01:57.850,47.501388888889
Demo experiment,pioreactor02,2026-09-25T17:16:57.850Z,0.179530900306,45,3,2026-09-25 23:01:57.850,47.501388888889
Demo experiment,pioreactor02,2026-09-25T17:16:57.850Z,0.032398631305,135,4,2026-09-25 23:01:57.850,47.501388888889
Demo experiment,pioreactor02,2026-09-25T17:17:02.851Z,0.0,90,2,2026-09-25 23:02:02.851,47.502777777778
Demo experiment,pioreactor02,2026-09-25T17:17:02.851Z,0.179709504605,45,3,2026-09-25 23:02:02.851,47.502777777778
Demo experiment,pioreactor02,2026-09-25T17:17:02.851Z,0.031741949439,135,4,2026-09-25 23:02:02.851,47.502777777778
Demo experiment,pioreactor02,2026-09-25T17:17:07.852Z,0.0,90,2,2026-09-25 23:02:07.852,47.504166666667
Demo experiment,pioreactor02,2026-09-25T17:17:07.852Z,0.179499786423,45,3,2026-09-25 23:02:07.852,47.504166666667
Demo experiment,pioreactor02,2026-09-25T17:17:07.852Z,0.038566729759,135,4,2026-09-25 23:02:07.852,47.504166666667
Demo experiment,pioreactor02,2026-09-25T17:17:12.850Z,0.0,90,2,2026-09-25 23:02:12.850,47.505555555556
Demo experiment,pioreactor02,2026-09-25T17:17:12.850Z,0.179241504835,45,3,2026-09-25 23:02:12.850,47.505555555556
Demo experiment,pioreactor02,2026-09-25T17:17:12.850Z,0.036384878455,135,4,2026-09-25 23:02:12.850,47.505555555556
Demo experiment,pioreactor02,2026-09-25T17:17:17.850Z,0.0,90,2,2026-09-25 23:02:17.850,47.506944444444
Demo experiment,pioreactor02,2026-09-25T17:17:17.850Z,0.179321239405,45,3,2026-09-25 23:02:17.850,47.506944444444
Demo experiment,pioreactor02,2026-09-25T17:17:17.850Z,0.035219279668,135,4,2026-09-25 23:02:17.850,47.506944444444
Demo experiment,pioreactor02,2026-09-25T17:17:22.850Z,0.0,90,2,2026-09-25 23:02:22.850,47.508333333333
Demo experiment,pioreactor02,2026-09-25T17:17:22.850Z,0.179471362645,45,3,2026-09-25 23:02:22.850,47.508333333333
Demo experiment,pioreactor02,2026-09-25T17:17:22.850Z,0.034176855555,135,4,2026-09-25 23:02:22.850,47.508333333333
Demo experiment,pioreactor02,2026-09-25T17:17:27.849Z,0.0,90,2,2026-09-25 23:02:27.849,47.509722222222
Demo experiment,pioreactor02,2026-09-25T17:17:27.849Z,0.179531214958,45,3,2026-09-25 23:02:27.849,47.509722222222
Demo experiment,pioreactor02,2026-09-25T17:17:27.849Z,0.034659078987,135,4,2026-09-25 23:02:27.849,47.509722222222
Demo experiment,pioreactor02,2026-09-25T17:17:32.849Z,0.0,90,2,2026-09-25 23:02:32.849,47.511111111111
Demo experiment,pioreactor02,2026-09-25T17:17:32.849Z,0.179574396129,45,3,2026-09-25 23:02:32.849,47.511111111111
Demo experiment,pioreactor02,2026-09-25T17:17:32.849Z,0.034967593057,135,4,2026-09-25 23:02:32.849,47.511111111111
Demo experiment,pioreactor02,2026-09-25T17:17:37.849Z,0.0,90,2,2026-09-25 23:02:37.849,47.5125
Demo experiment,pioreactor02,2026-09-25T17:17:37.849Z,0.179410321018,45,3,2026-09-25 23:02:37.849,47.5125
Demo experiment,pioreactor02,2026-09-25T17:17:37.849Z,0.035497414568,135,4,2026-09-25 23:02:37.849,47.5125
Demo experiment,pioreactor02,2026-09-25T17:17:42.850Z,0.0,90,2,2026-09-25 23:02:42.850,47.513888888889
Demo experiment,pioreactor02,2026-09-25T17:17:42.850Z,0.179173438889,45,3,2026-09-25 23:02:42.850,47.513888888889
Demo experiment,pioreactor02,2026-09-25T17:17:42.850Z,0.035287553315,135,4,2026-09-25 23:02:42.850,47.513888888889
Demo experiment,pioreactor02,2026-09-25T17:17:47.849Z,0.0,90,2,2026-09-25 23:02:47.849,47.515277777778
Demo experiment,pioreactor02,2026-09-25T17:17:47.849Z,0.179126303908,45,3,2026-09-25 23:02:47.849,47.515277777778
Demo experiment,pioreactor02,2026-09-25T17:17:47.849Z,0.032584649767,135,4,2026-09-25 23:02:47.849,47.515277777778
Demo experiment,pioreactor02,2026-09-25T17:17:52.850Z,0.0,90,2,2026-09-25 23:02:52.850,47.516666666667
Demo experiment,pioreactor02,2026-09-25T17:17:52.850Z,0.179281702489,45,3,2026-09-25 23:02:52.850,47.516666666667
Demo experiment,pioreactor02,2026-09-25T17:17:52.850Z,0.032601280839,135,4,2026-09-25 23:02:52.850,47.516666666667
Demo experiment,pioreactor02,2026-09-25T17:17:57.849Z,0.0,90,2,2026-09-25 23:02:57.849,47.518055555556
Demo experiment,pioreactor02,2026-09-25T17:17:57.849Z,0.179332500933,45,3,2026-09-25 23:02:57.849,47.518055555556
Demo experiment,pioreactor02,2026-09-25T17:17:57.849Z,0.032738783226,135,4,2026-09-25 23:02:57.849,47.518055555556
Demo experiment,pioreactor02,2026-09-25T17:18:02.852Z,0.0,90,2,2026-09-25 23:03:02.852,47.519444444444
Demo experiment,pioreactor02,2026-09-25T17:18:02.852Z,0.179325747528,45,3,2026-09-25 23:03:02.852,47.519444444444
Demo experiment,pioreactor02,2026-09-25T17:18:02.852Z,0.031709004695,135,4,2026-09-25 23:03:02.852,47.519444444444
Demo experiment,pioreactor02,2026-09-25T17:18:07.857Z,0.0,90,2,2026-09-25 23:03:07.857,47.520833333333
Demo experiment,pioreactor02,2026-09-25T17:18:07.857Z,0.179552490806,45,3,2026-09-25 23:03:07.857,47.520833333333
Demo experiment,pioreactor02,2026-09-25T17:18:07.857Z,0.032512349517,135,4,2026-09-25 23:03:07.857,47.520833333333
Demo experiment,pioreactor02,2026-09-25T17:18:12.849Z,0.0,90,2,2026-09-25 23:03:12.849,47.522222222222
Demo experiment,pioreactor02,2026-09-25T17:18:12.849Z,0.179311894691,45,3,2026-09-25 23:03:12.849,47.522222222222
Demo experiment,pioreactor02,2026-09-25T17:18:12.849Z,0.035364286997,135,4,2026-09-25 23:03:12.849,47.522222222222
Demo experiment,pioreactor02,2026-09-25T17:18:17.856Z,0.0,90,2,2026-09-25 23:03:17.856,47.523611111111
Demo experiment,pioreactor02,2026-09-25T17:18:17.856Z,0.179269485519,45,3,2026-09-25 23:03:17.856,47.523611111111
Demo experiment,pioreactor02,2026-09-25T17:18:17.856Z,0.033082383371,135,4,2026-09-25 23:03:17.856,47.523611111111
Demo experiment,pioreactor02,2026-09-25T17:18:22.852Z,0.0,90,2,2026-09-25 23:03:22.852,47.525
Demo experiment,pioreactor02,2026-09-25T17:18:22.852Z,0.179441237738,45,3,2026-09-25 23:03:22.852,47.525
Demo experiment,pioreactor02,2026-09-25T17:18:22.852Z,0.036956993497,135,4,2026-09-25 23:03:22.852,47.525
Demo experiment,pioreactor02,2026-09-25T17:18:27.856Z,0.0,90,2,2026-09-25 23:03:27.856,47.526388888889
Demo experiment,pioreactor02,2026-09-25T17:18:27.856Z,0.179370765444,45,3,2026-09-25 23:03:27.856,47.526388888889
Demo experiment,pioreactor02,2026-09-25T17:18:27.856Z,0.033740342138,135,4,2026-09-25 23:03:27.856,47.526388888889
Demo experiment,pioreactor02,2026-09-25T17:18:32.856Z,0.0,90,2,2026-09-25 23:03:32.856,47.527777777778
Demo experiment,pioreactor02,2026-09-25T17:18:32.856Z,0.179320348913,45,3,2026-09-25 23:03:32.856,47.527777777778
Demo experiment,pioreactor02,2026-09-25T17:18:32.856Z,0.034776266589,135,4,2026-09-25 23:03:32.856,47.527777777778
Demo experiment,pioreactor02,2026-09-25T17:18:37.853Z,0.0,90,2,2026-09-25 23:03:37.853,47.529166666667
Demo experiment,pioreactor02,2026-09-25T17:18:37.853Z,0.179447251542,45,3,2026-09-25 23:03:37.853,47.529166666667
Demo experiment,pioreactor02,2026-09-25T17:18:37.853Z,0.034174731601,135,4,2026-09-25 23:03:37.853,47.529166666667
Demo experiment,pioreactor02,2026-09-25T17:18:42.856Z,0.0,90,2,2026-09-25 23:03:42.856,47.530555555556
Demo experiment,pioreactor02,2026-09-25T17:18:42.856Z,0.179481584941,45,3,2026-09-25 23:03:42.856,47.530555555556
Demo experiment,pioreactor02,2026-09-25T17:18:42.856Z,0.034130445181,135,4,2026-09-25 23:03:42.856,47.530555555556
Demo experiment,pioreactor02,2026-09-25T17:18:47.852Z,0.0,90,2,2026-09-25 23:03:47.852,47.531944444444
Demo experiment,pioreactor02,2026-09-25T17:18:47.852Z,0.179053331404,45,3,2026-09-25 23:03:47.852,47.531944444444
Demo experiment,pioreactor02,2026-09-25T17:18:47.852Z,0.038772896586,135,4,2026-09-25 23:03:47.852,47.531944444444
Demo experiment,pioreactor02,2026-09-25T17:18:52.851Z,0.0,90,2,2026-09-25 23:03:52.851,47.533333333333
Demo experiment,pioreactor02,2026-09-25T17:18:52.851Z,0.179151772933,45,3,2026-09-25 23:03:52.851,47.533333333333
Demo experiment,pioreactor02,2026-09-25T17:18:52.851Z,0.036990148355,135,4,2026-09-25 23:03:52.851,47.533333333333
Demo experiment,pioreactor02,2026-09-25T17:18:57.851Z,0.0,90,2,2026-09-25 23:03:57.851,47.534722222222
Demo experiment,pioreactor02,2026-09-25T17:18:57.851Z,0.17928067657,45,3,2026-09-25 23:03:57.851,47.534722222222
Demo experiment,pioreactor02,2026-09-25T17:18:57.851Z,0.032525399867,135,4,2026-09-25 23:03:57.851,47.534722222222
Demo experiment,pioreactor02,2026-09-25T17:19:02.850Z,0.0,90,2,2026-09-25 23:04:02.850,47.536111111111
Demo experiment,pioreactor02,2026-09-25T17:19:02.850Z,0.179422529454,45,3,2026-09-25 23:04:02.850,47.536111111111
Demo experiment,pioreactor02,2026-09-25T17:19:02.850Z,0.034694047203,135,4,2026-09-25 23:04:02.850,47.536111111111
Demo experiment,pioreactor02,2026-09-25T17:19:07.850Z,0.0,90,2,2026-09-25 23:04:07.850,47.5375
Demo experiment,pioreactor02,2026-09-25T17:19:07.850Z,0.179407195959,45,3,2026-09-25 23:04:07.850,47.5375
Demo experiment,pioreactor02,2026-09-25T17:19:07.850Z,0.033945250526,135,4,2026-09-25 23:04:07.850,47.5375
Demo experiment,pioreactor02,2026-09-25T17:19:12.851Z,0.0,90,2,2026-09-25 23:04:12.851,47.538888888889
Demo experiment,pioreactor02,2026-09-25T17:19:12.851Z,0.179375548889,45,3,2026-09-25 23:04:12.851,47.538888888889
Demo experiment,pioreactor02,2026-09-25T17:19:12.851Z,0.030206036299,135,4,2026-09-25 23:04:12.851,47.538888888889
Demo experiment,pioreactor02,2026-09-25T17:19:17.853Z,0.0,90,2,2026-09-25 23:04:17.853,47.540277777778
Demo experiment,pioreactor02,2026-09-25T17:19:17.853Z,0.178948337382,45,3,2026-09-25 23:04:17.853,47.540277777778
Demo experiment,pioreactor02,2026-09-25T17:19:17.853Z,0.032941193384,135,4,2026-09-25 23:04:17.853,47.540277777778
Demo experiment,pioreactor02,2026-09-25T17:19:22.850Z,0.0,90,2,2026-09-25 23:04:22.850,47.541666666667
Demo experiment,pioreactor02,2026-09-25T17:19:22.850Z,0.179015210396,45,3,2026-09-25 23:04:22.850,47.541666666667
Demo experiment,pioreactor02,2026-09-25T17:19:22.850Z,0.034855162627,135,4,2026-09-25 23:04:22.850,47.541666666667
Demo experiment,pioreactor02,2026-09-25T17:19:27.854Z,0.0,90,2,2026-09-25 23:04:27.854,47.543055555556
Demo experiment,pioreactor02,2026-09-25T17:19:27.854Z,0.179194295952,45,3,2026-09-25 23:04:27.854,47.543055555556
Demo experiment,pioreactor02,2026-09-25T17:19:27.854Z,0.037293572033,135,4,2026-09-25 23:04:27.854,47.543055555556
Demo experiment,pioreactor02,2026-09-25T17:19:32.856Z,0.0,90,2,2026-09-25 23:04:32.856,47.544444444444
Demo experiment,pioreactor02,2026-09-25T17:19:32.856Z,0.179201616579,45,3,2026-09-25 23:04:32.856,47.544444444444
Demo experiment,pioreactor02,2026-09-25T17:19:32.856Z,0.035028709111,135,4,2026-09-25 23:04:32.856,47.544444444444
Demo experiment,pioreactor02,2026-09-25T17:19:37.857Z,0.0,90,2,2026-09-25 23:04:37.857,47.545833333333
Demo experiment,pioreactor02,2026-09-25T17:19:37.857Z,0.179226012787,45,3,2026-09-25 23:04:37.857,47.545833333333
Demo experiment,pioreactor02,2026-09-25T17:19:37.857Z,0.032949950036,135,4,2026-09-25 23:04:37.857,47.545833333333
Demo experiment,pioreactor02,2026-09-25T17:19:42.859Z,0.0,90,2,2026-09-25 23:04:42.859,47.547222222222
Demo experiment,pioreactor02,2026-09-25T17:19:42.859Z,0.179198240306,45,3,2026-09-25 23:04:42.859,47.547222222222
Demo experiment,pioreactor02,2026-09-25T17:19:42.859Z,0.033607063806,135,4,2026-09-25 23:04:42.859,47.547222222222
Demo experiment,pioreactor02,2026-09-25T17:19:47.857Z,0.0,90,2,2026-09-25 23:04:47.857,47.548611111111
Demo experiment,pioreactor02,2026-09-25T17:19:47.857Z,0.179199841144,45,3,2026-09-25 23:04:47.857,47.548611111111
Demo experiment,pioreactor02,2026-09-25T17:19:47.857Z,0.032218326208,135,4,2026-09-25 23:04:47.857,47.548611111111
Demo experiment,pioreactor02,2026-09-25T17:19:52.859Z,0.0,90,2,2026-09-25 23:04:52.859,47.55
Demo experiment,pioreactor02,2026-09-25T17:19:52.859Z,0.179065912632,45,3,2026-09-25 23:04:52.859,47.55
Demo experiment,pioreactor02,2026-09-25T17:19:52.859Z,0.03471396085,135,4,2026-09-25 23:04:52.859,47.55
Demo experiment,pioreactor02,2026-09-25T17:19:57.856Z,0.0,90,2,2026-09-25 23:04:57.856,47.551388888889
Demo experiment,pioreactor02,2026-09-25T17:19:57.856Z,0.179113459361,45,3,2026-09-25 23:04:57.856,47.551388888889
Demo experiment,pioreactor02,2026-09-25T17:19:57.856Z,0.035032938841,135,4,2026-09-25 23:04:57.856,47.551388888889
Demo experiment,pioreactor02,2026-09-25T17:20:02.855Z,0.0,90,2,2026-09-25 23:05:02.855,47.552777777778
Demo experiment,pioreactor02,2026-09-25T17:20:02.855Z,0.179034644469,45,3,2026-09-25 23:05:02.855,47.552777777778
Demo experiment,pioreactor02,2026-09-25T17:20:02.855Z,0.033333492611,135,4,2026-09-25 23:05:02.855,47.552777777778
Demo experiment,pioreactor02,2026-09-25T17:20:07.851Z,0.0,90,2,2026-09-25 23:05:07.851,47.554166666667
Demo experiment,pioreactor02,2026-09-25T17:20:07.851Z,0.179057286074,45,3,2026-09-25 23:05:07.851,47.554166666667
Demo experiment,pioreactor02,2026-09-25T17:20:07.851Z,0.032359046562,135,4,2026-09-25 23:05:07.851,47.554166666667
Demo experiment,pioreactor02,2026-09-25T17:20:12.850Z,0.0,90,2,2026-09-25 23:05:12.850,47.555555555556
Demo experiment,pioreactor02,2026-09-25T17:20:12.850Z,0.179255984882,45,3,2026-09-25 23:05:12.850,47.555555555556
Demo experiment,pioreactor02,2026-09-25T17:20:12.850Z,0.034548257851,135,4,2026-09-25 23:05:12.850,47.555555555556
Demo experiment,pioreactor02,2026-09-25T17:20:17.851Z,0.0,90,2,2026-09-25 23:05:17.851,47.556944444444
Demo experiment,pioreactor02,2026-09-25T17:20:17.851Z,0.179235912738,45,3,2026-09-25 23:05:17.851,47.556944444444
Demo experiment,pioreactor02,2026-09-25T17:20:17.851Z,0.03372934407,135,4,2026-09-25 23:05:17.851,47.556944444444
Demo experiment,pioreactor02,2026-09-25T17:20:22.849Z,0.0,90,2,2026-09-25 23:05:22.849,47.558333333333
Demo experiment,pioreactor02,2026-09-25T17:20:22.849Z,0.179268558623,45,3,2026-09-25 23:05:22.849,47.558333333333
Demo experiment,pioreactor02,2026-09-25T17:20:22.849Z,0.03071821048,135,4,2026-09-25 23:05:22.849,47.558333333333
Demo experiment,pioreactor02,2026-09-25T17:20:27.853Z,0.0,90,2,2026-09-25 23:05:27.853,47.559722222222
Demo experiment,pioreactor02,2026-09-25T17:20:27.853Z,0.179335786203,45,3,2026-09-25 23:05:27.853,47.559722222222
Demo experiment,pioreactor02,2026-09-25T17:20:27.853Z,0.029534386863,135,4,2026-09-25 23:05:27.853,47.559722222222
Demo experiment,pioreactor02,2026-09-25T17:20:32.852Z,0.0,90,2,2026-09-25 23:05:32.852,47.561111111111
Demo experiment,pioreactor02,2026-09-25T17:20:32.852Z,0.179507819669,45,3,2026-09-25 23:05:32.852,47.561111111111
Demo experiment,pioreactor02,2026-09-25T17:20:32.852Z,0.029027943688,135,4,2026-09-25 23:05:32.852,47.561111111111
Demo experiment,pioreactor02,2026-09-25T17:20:37.850Z,0.0,90,2,2026-09-25 23:05:37.850,47.5625
Demo experiment,pioreactor02,2026-09-25T17:20:37.850Z,0.179541161931,45,3,2026-09-25 23:05:37.850,47.5625
Demo experiment,pioreactor02,2026-09-25T17:20:37.850Z,0.029577715883,135,4,2026-09-25 23:05:37.850,47.5625
Demo experiment,pioreactor02,2026-09-25T17:20:42.850Z,0.0,90,2,2026-09-25 23:05:42.850,47.563888888889
Demo experiment,pioreactor02,2026-09-25T17:20:42.850Z,0.179651340919,45,3,2026-09-25 23:05:42.850,47.563888888889
Demo experiment,pioreactor02,2026-09-25T17:20:42.850Z,0.030313142932,135,4,2026-09-25 23:05:42.850,47.563888888889
Demo experiment,pioreactor02,2026-09-25T17:20:47.851Z,0.0,90,2,2026-09-25 23:05:47.851,47.565277777778
Demo experiment,pioreactor02,2026-09-25T17:20:47.851Z,0.179720553228,45,3,2026-09-25 23:05:47.851,47.565277777778
Demo experiment,pioreactor02,2026-09-25T17:20:47.851Z,0.03152834589,135,4,2026-09-25 23:05:47.851,47.565277777778
Demo experiment,pioreactor02,2026-09-25T17:20:52.853Z,0.0,90,2,2026-09-25 23:05:52.853,47.566666666667
Demo experiment,pioreactor02,2026-09-25T17:20:52.853Z,0.179825627649,45,3,2026-09-25 23:05:52.853,47.566666666667
Demo experiment,pioreactor02,2026-09-25T17:20:52.853Z,0.02967063694,135,4,2026-09-25 23:05:52.853,47.566666666667
Demo experiment,pioreactor02,2026-09-25T17:20:57.852Z,0.0,90,2,2026-09-25 23:05:57.852,47.568055555556
Demo experiment,pioreactor02,2026-09-25T17:20:57.852Z,0.179700457929,45,3,2026-09-25 23:05:57.852,47.568055555556
Demo experiment,pioreactor02,2026-09-25T17:20:57.852Z,0.029157276494,135,4,2026-09-25 23:05:57.852,47.568055555556
Demo experiment,pioreactor02,2026-09-25T17:21:02.849Z,0.0,90,2,2026-09-25 23:06:02.849,47.569444444444
Demo experiment,pioreactor02,2026-09-25T17:21:02.849Z,0.179425618546,45,3,2026-09-25 23:06:02.849,47.569444444444
Demo experiment,pioreactor02,2026-09-25T17:21:02.849Z,0.030962913871,135,4,2026-09-25 23:06:02.849,47.569444444444
Demo experiment,pioreactor02,2026-09-25T17:21:07.851Z,0.0,90,2,2026-09-25 23:06:07.851,47.570833333333
Demo experiment,pioreactor02,2026-09-25T17:21:07.851Z,0.179284245964,45,3,2026-09-25 23:06:07.851,47.570833333333
Demo experiment,pioreactor02,2026-09-25T17:21:07.851Z,0.031105305095,135,4,2026-09-25 23:06:07.851,47.570833333333
Demo experiment,pioreactor02,2026-09-25T17:21:12.852Z,0.0,90,2,2026-09-25 23:06:12.852,47.572222222222
Demo experiment,pioreactor02,2026-09-25T17:21:12.852Z,0.179457836916,45,3,2026-09-25 23:06:12.852,47.572222222222
Demo experiment,pioreactor02,2026-09-25T17:21:12.852Z,0.031008861896,135,4,2026-09-25 23:06:12.852,47.572222222222
Demo experiment,pioreactor02,2026-09-25T17:21:17.850Z,0.0,90,2,2026-09-25 23:06:17.850,47.573611111111
Demo experiment,pioreactor02,2026-09-25T17:21:17.850Z,0.179554244165,45,3,2026-09-25 23:06:17.850,47.573611111111
Demo experiment,pioreactor02,2026-09-25T17:21:17.850Z,0.030225412556,135,4,2026-09-25 23:06:17.850,47.573611111111
Demo experiment,pioreactor02,2026-09-25T17:21:22.851Z,0.0,90,2,2026-09-25 23:06:22.851,47.575
Demo experiment,pioreactor02,2026-09-25T17:21:22.851Z,0.179622596769,45,3,2026-09-25 23:06:22.851,47.575
Demo experiment,pioreactor02,2026-09-25T17:21:22.851Z,0.031307733848,135,4,2026-09-25 23:06:22.851,47.575
Demo experiment,pioreactor02,2026-09-25T17:21:27.852Z,0.0,90,2,2026-09-25 23:06:27.852,47.576388888889
Demo experiment,pioreactor02,2026-09-25T17:21:27.852Z,0.179724618495,45,3,2026-09-25 23:06:27.852,47.576388888889
Demo experiment,pioreactor02,2026-09-25T17:21:27.852Z,0.030444661979,135,4,2026-09-25 23:06:27.852,47.576388888889
Demo experiment,pioreactor02,2026-09-25T17:21:32.849Z,0.0,90,2,2026-09-25 23:06:32.849,47.577777777778
Demo experiment,pioreactor02,2026-09-25T17:21:32.849Z,0.179579593893,45,3,2026-09-25 23:06:32.849,47.577777777778
Demo experiment,pioreactor02,2026-09-25T17:21:32.849Z,0.029602143481,135,4,2026-09-25 23:06:32.849,47.577777777778
Demo experiment,pioreactor02,2026-09-25T17:21:37.850Z,0.0,90,2,2026-09-25 23:06:37.850,47.579166666667
Demo experiment,pioreactor02,2026-09-25T17:21:37.850Z,0.17962444396,45,3,2026-09-25 23:06:37.850,47.579166666667
Demo experiment,pioreactor02,2026-09-25T17:21:37.850Z,0.029163908638,135,4,2026-09-25 23:06:37.850,47.579166666667
Demo experiment,pioreactor02,2026-09-25T17:21:42.851Z,0.0,90,2,2026-09-25 23:06:42.851,47.580555555556
Demo experiment,pioreactor02,2026-09-25T17:21:42.851Z,0.17991689965,45,3,2026-09-25 23:06:42.851,47.580555555556
Demo experiment,pioreactor02,2026-09-25T17:21:42.851Z,0.033903601717,135,4,2026-09-25 23:06:42.851,47.580555555556
Demo experiment,pioreactor02,2026-09-25T17:21:47.853Z,0.0,90,2,2026-09-25 23:06:47.853,47.581944444444
Demo experiment,pioreactor02,2026-09-25T17:21:47.853Z,0.179698327058,45,3,2026-09-25 23:06:47.853,47.581944444444
Demo experiment,pioreactor02,2026-09-25T17:21:47.853Z,0.032177005226,135,4,2026-09-25 23:06:47.853,47.581944444444
Demo experiment,pioreactor02,2026-09-25T17:21:52.852Z,0.0,90,2,2026-09-25 23:06:52.852,47.583333333333
Demo experiment,pioreactor02,2026-09-25T17:21:52.852Z,0.179656649259,45,3,2026-09-25 23:06:52.852,47.583333333333
Demo experiment,pioreactor02,2026-09-25T17:21:52.852Z,0.030737916815,135,4,2026-09-25 23:06:52.852,47.583333333333
Demo experiment,pioreactor02,2026-09-25T17:21:57.853Z,0.0,90,2,2026-09-25 23:06:57.853,47.584722222222
Demo experiment,pioreactor02,2026-09-25T17:21:57.853Z,0.179656335104,45,3,2026-09-25 23:06:57.853,47.584722222222
Demo experiment,pioreactor02,2026-09-25T17:21:57.853Z,0.029631718881,135,4,2026-09-25 23:06:57.853,47.584722222222
Demo experiment,pioreactor02,2026-09-25T17:22:02.852Z,0.0,90,2,2026-09-25 23:07:02.852,47.586111111111
Demo experiment,pioreactor02,2026-09-25T17:22:02.852Z,0.179862312241,45,3,2026-09-25 23:07:02.852,47.586111111111
Demo experiment,pioreactor02,2026-09-25T17:22:02.852Z,0.036585526489,135,4,2026-09-25 23:07:02.852,47.586111111111
Demo experiment,pioreactor02,2026-09-25T17:22:07.851Z,0.0,90,2,2026-09-25 23:07:07.851,47.5875
Demo experiment,pioreactor02,2026-09-25T17:22:07.851Z,0.179584097001,45,3,2026-09-25 23:07:07.851,47.5875
Demo experiment,pioreactor02,2026-09-25T17:22:07.851Z,0.034435391869,135,4,2026-09-25 23:07:07.851,47.5875
Demo experiment,pioreactor02,2026-09-25T17:22:12.850Z,0.0,90,2,2026-09-25 23:07:12.850,47.588888888889
Demo experiment,pioreactor02,2026-09-25T17:22:12.850Z,0.179600462492,45,3,2026-09-25 23:07:12.850,47.588888888889
Demo experiment,pioreactor02,2026-09-25T17:22:12.850Z,0.031397061769,135,4,2026-09-25 23:07:12.850,47.588888888889
Demo experiment,pioreactor02,2026-09-25T17:22:17.850Z,0.0,90,2,2026-09-25 23:07:17.850,47.590277777778
Demo experiment,pioreactor02,2026-09-25T17:22:17.850Z,0.179529829601,45,3,2026-09-25 23:07:17.850,47.590277777778
Demo experiment,pioreactor02,2026-09-25T17:22:17.850Z,0.031121418524,135,4,2026-09-25 23:07:17.850,47.590277777778
Demo experiment,pioreactor02,2026-09-25T17:22:22.851Z,0.0,90,2,2026-09-25 23:07:22.851,47.591666666667
Demo experiment,pioreactor02,2026-09-25T17:22:22.851Z,0.179413051002,45,3,2026-09-25 23:07:22.851,47.591666666667
Demo experiment,pioreactor02,2026-09-25T17:22:22.851Z,0.032731758162,135,4,2026-09-25 23:07:22.851,47.591666666667
Demo experiment,pioreactor02,2026-09-25T17:22:27.851Z,0.0,90,2,2026-09-25 23:07:27.851,47.593055555556
Demo experiment,pioreactor02,2026-09-25T17:22:27.851Z,0.179471549254,45,3,2026-09-25 23:07:27.851,47.593055555556
Demo experiment,pioreactor02,2026-09-25T17:22:27.851Z,0.031208745425,135,4,2026-09-25 23:07:27.851,47.593055555556
Demo experiment,pioreactor02,2026-09-25T17:22:32.850Z,0.0,90,2,2026-09-25 23:07:32.850,47.594444444444
Demo experiment,pioreactor02,2026-09-25T17:22:32.850Z,0.179558888394,45,3,2026-09-25 23:07:32.850,47.594444444444
Demo experiment,pioreactor02,2026-09-25T17:22:32.850Z,0.031382999226,135,4,2026-09-25 23:07:32.850,47.594444444444
Demo experiment,pioreactor02,2026-09-25T17:22:37.850Z,0.0,90,2,2026-09-25 23:07:37.850,47.595833333333
Demo experiment,pioreactor02,2026-09-25T17:22:37.850Z,0.17962915393,45,3,2026-09-25 23:07:37.850,47.595833333333
Demo experiment,pioreactor02,2026-09-25T17:22:37.850Z,0.031022093251,135,4,2026-09-25 23:07:37.850,47.595833333333
Demo experiment,pioreactor02,2026-09-25T17:22:42.851Z,0.0,90,2,2026-09-25 23:07:42.851,47.597222222222
Demo experiment,pioreactor02,2026-09-25T17:22:42.851Z,0.179593392985,45,3,2026-09-25 23:07:42.851,47.597222222222
Demo experiment,pioreactor02,2026-09-25T17:22:42.851Z,0.03200261188,135,4,2026-09-25 23:07:42.851,47.597222222222
Demo experiment,pioreactor02,2026-09-25T17:22:47.850Z,0.0,90,2,2026-09-25 23:07:47.850,47.598611111111
Demo experiment,pioreactor02,2026-09-25T17:22:47.850Z,0.179697607418,45,3,2026-09-25 23:07:47.850,47.598611111111
Demo experiment,pioreactor02,2026-09-25T17:22:47.850Z,0.032823469441,135,4,2026-09-25 23:07:47.850,47.598611111111
Demo experiment,pioreactor02,2026-09-25T17:22:52.851Z,0.0,90,2,2026-09-25 23:07:52.851,47.6
Demo experiment,pioreactor02,2026-09-25T17:22:52.851Z,0.179591352075,45,3,2026-09-25 23:07:52.851,47.6
Demo experiment,pioreactor02,2026-09-25T17:22:52.851Z,0.032871061592,135,4,2026-09-25 23:07:52.851,47.6
Demo experiment,pioreactor02,2026-09-25T17:22:57.849Z,0.0,90,2,2026-09-25 23:07:57.849,47.601388888889
Demo experiment,pioreactor02,2026-09-25T17:22:57.849Z,0.179468847282,45,3,2026-09-25 23:07:57.849,47.601388888889
Demo experiment,pioreactor02,2026-09-25T17:22:57.849Z,0.03109101667,135,4,2026-09-25 23:07:57.849,47.601388888889
Demo experiment,pioreactor02,2026-09-25T17:23:02.849Z,0.0,90,2,2026-09-25 23:08:02.849,47.602777777778
Demo experiment,pioreactor02,2026-09-25T17:23:02.849Z,0.179805276718,45,3,2026-09-25 23:08:02.849,47.602777777778
Demo experiment,pioreactor02,2026-09-25T17:23:02.849Z,0.029245830487,135,4,2026-09-25 23:08:02.849,47.602777777778
Demo experiment,pioreactor02,2026-09-25T17:23:07.850Z,0.0,90,2,2026-09-25 23:08:07.850,47.604166666667
Demo experiment,pioreactor02,2026-09-25T17:23:07.850Z,0.179574346502,45,3,2026-09-25 23:08:07.850,47.604166666667
Demo experiment,pioreactor02,2026-09-25T17:23:07.850Z,0.034898158823,135,4,2026-09-25 23:08:07.850,47.604166666667
Demo experiment,pioreactor02,2026-09-25T17:23:12.854Z,0.0,90,2,2026-09-25 23:08:12.854,47.605555555556
Demo experiment,pioreactor02,2026-09-25T17:23:12.854Z,0.17962832049,45,3,2026-09-25 23:08:12.854,47.605555555556
Demo experiment,pioreactor02,2026-09-25T17:23:12.854Z,0.033803442368,135,4,2026-09-25 23:08:12.854,47.605555555556
Demo experiment,pioreactor02,2026-09-25T17:23:17.848Z,0.0,90,2,2026-09-25 23:08:17.848,47.606944444444
Demo experiment,pioreactor02,2026-09-25T17:23:17.848Z,0.179596798575,45,3,2026-09-25 23:08:17.848,47.606944444444
Demo experiment,pioreactor02,2026-09-25T17:23:17.848Z,0.031986279817,135,4,2026-09-25 23:08:17.848,47.606944444444
Demo experiment,pioreactor02,2026-09-25T17:23:22.849Z,0.0,90,2,2026-09-25 23:08:22.849,47.608333333333
Demo experiment,pioreactor02,2026-09-25T17:23:22.849Z,0.179445027617,45,3,2026-09-25 23:08:22.849,47.608333333333
Demo experiment,pioreactor02,2026-09-25T17:23:22.849Z,0.03283692013,135,4,2026-09-25 23:08:22.849,47.608333333333
Demo experiment,pioreactor02,2026-09-25T17:23:27.850Z,0.0,90,2,2026-09-25 23:08:27.850,47.609722222222
Demo experiment,pioreactor02,2026-09-25T17:23:27.850Z,0.179568286281,45,3,2026-09-25 23:08:27.850,47.609722222222
Demo experiment,pioreactor02,2026-09-25T17:23:27.850Z,0.030921651311,135,4,2026-09-25 23:08:27.850,47.609722222222
Demo experiment,pioreactor02,2026-09-25T17:23:32.850Z,0.0,90,2,2026-09-25 23:08:32.850,47.611111111111
Demo experiment,pioreactor02,2026-09-25T17:23:32.850Z,0.179673834618,45,3,2026-09-25 23:08:32.850,47.611111111111
Demo experiment,pioreactor02,2026-09-25T17:23:32.850Z,0.032044194896,135,4,2026-09-25 23:08:32.850,47.611111111111
Demo experiment,pioreactor02,2026-09-25T17:23:37.849Z,0.0,90,2,2026-09-25 23:08:37.849,47.6125
Demo experiment,pioreactor02,2026-09-25T17:23:37.849Z,0.179836907569,45,3,2026-09-25 23:08:37.849,47.6125
Demo experiment,pioreactor02,2026-09-25T17:23:37.849Z,0.031742766071,135,4,2026-09-25 23:08:37.849,47.6125
Demo experiment,pioreactor02,2026-09-25T17:23:42.852Z,0.0,90,2,2026-09-25 23:08:42.852,47.613888888889
Demo experiment,pioreactor02,2026-09-25T17:23:42.852Z,0.179216752083,45,3,2026-09-25 23:08:42.852,47.613888888889
Demo experiment,pioreactor02,2026-09-25T17:23:42.852Z,0.034522264876,135,4,2026-09-25 23:08:42.852,47.613888888889
Demo experiment,pioreactor02,2026-09-25T17:23:47.850Z,0.0,90,2,2026-09-25 23:08:47.850,47.615277777778
Demo experiment,pioreactor02,2026-09-25T17:23:47.850Z,0.179285768513,45,3,2026-09-25 23:08:47.850,47.615277777778
Demo experiment,pioreactor02,2026-09-25T17:23:47.850Z,0.034771889559,135,4,2026-09-25 23:08:47.850,47.615277777778
Demo experiment,pioreactor02,2026-09-25T17:23:52.849Z,0.0,90,2,2026-09-25 23:08:52.849,47.616666666667
Demo experiment,pioreactor02,2026-09-25T17:23:52.849Z,0.179390568908,45,3,2026-09-25 23:08:52.849,47.616666666667
Demo experiment,pioreactor02,2026-09-25T17:23:52.849Z,0.032904277492,135,4,2026-09-25 23:08:52.849,47.616666666667
Demo experiment,pioreactor02,2026-09-25T17:23:57.850Z,0.0,90,2,2026-09-25 23:08:57.850,47.618055555556
Demo experiment,pioreactor02,2026-09-25T17:23:57.850Z,0.179386006693,45,3,2026-09-25 23:08:57.850,47.618055555556
Demo experiment,pioreactor02,2026-09-25T17:23:57.850Z,0.032307840798,135,4,2026-09-25 23:08:57.850,47.618055555556
Demo experiment,pioreactor02,2026-09-25T17:24:02.849Z,0.0,90,2,2026-09-25 23:09:02.849,47.619444444444
Demo experiment,pioreactor02,2026-09-25T17:24:02.849Z,0.179324905667,45,3,2026-09-25 23:09:02.849,47.619444444444
Demo experiment,pioreactor02,2026-09-25T17:24:02.849Z,0.03044085298,135,4,2026-09-25 23:09:02.849,47.619444444444
Demo experiment,pioreactor02,2026-09-25T17:24:07.849Z,0.0,90,2,2026-09-25 23:09:07.849,47.620833333333
Demo experiment,pioreactor02,2026-09-25T17:24:07.849Z,0.179386534556,45,3,2026-09-25 23:09:07.849,47.620833333333
Demo experiment,pioreactor02,2026-09-25T17:24:07.849Z,0.03064243107,135,4,2026-09-25 23:09:07.849,47.620833333333
Demo experiment,pioreactor02,2026-09-25T17:24:12.854Z,0.0,90,2,2026-09-25 23:09:12.854,47.622222222222
Demo experiment,pioreactor02,2026-09-25T17:24:12.854Z,0.179462198882,45,3,2026-09-25 23:09:12.854,47.622222222222
Demo experiment,pioreactor02,2026-09-25T17:24:12.854Z,0.030368496907,135,4,2026-09-25 23:09:12.854,47.622222222222
Demo experiment,pioreactor02,2026-09-25T17:24:17.850Z,0.0,90,2,2026-09-25 23:09:17.850,47.623611111111
Demo experiment,pioreactor02,2026-09-25T17:24:17.850Z,0.179194178988,45,3,2026-09-25 23:09:17.850,47.623611111111
Demo experiment,pioreactor02,2026-09-25T17:24:17.850Z,0.032166914525,135,4,2026-09-25 23:09:17.850,47.623611111111
Demo experiment,pioreactor02,2026-09-25T17:24:22.854Z,0.0,90,2,2026-09-25 23:09:22.854,47.625
Demo experiment,pioreactor02,2026-09-25T17:24:22.854Z,0.179468385924,45,3,2026-09-25 23:09:22.854,47.625
Demo experiment,pioreactor02,2026-09-25T17:24:22.854Z,0.033058347986,135,4,2026-09-25 23:09:22.854,47.625
Demo experiment,pioreactor02,2026-09-25T17:24:27.850Z,0.0,90,2,2026-09-25 23:09:27.850,47.626388888889
Demo experiment,pioreactor02,2026-09-25T17:24:27.850Z,0.179409325093,45,3,2026-09-25 23:09:27.850,47.626388888889
Demo experiment,pioreactor02,2026-09-25T17:24:27.850Z,0.033440733191,135,4,2026-09-25 23:09:27.850,47.626388888889
Demo experiment,pioreactor02,2026-09-25T17:24:32.849Z,0.0,90,2,2026-09-25 23:09:32.849,47.627777777778
Demo experiment,pioreactor02,2026-09-25T17:24:32.849Z,0.179642109355,45,3,2026-09-25 23:09:32.849,47.627777777778
Demo experiment,pioreactor02,2026-09-25T17:24:32.849Z,0.032592073137,135,4,2026-09-25 23:09:32.849,47.627777777778
Demo experiment,pioreactor02,2026-09-25T17:24:37.852Z,0.0,90,2,2026-09-25 23:09:37.852,47.629166666667
Demo experiment,pioreactor02,2026-09-25T17:24:37.852Z,0.179595468519,45,3,2026-09-25 23:09:37.852,47.629166666667
Demo experiment,pioreactor02,2026-09-25T17:24:37.852Z,0.031996629225,135,4,2026-09-25 23:09:37.852,47.629166666667
Demo experiment,pioreactor02,2026-09-25T17:24:42.858Z,0.0,90,2,2026-09-25 23:09:42.858,47.630555555556
Demo experiment,pioreactor02,2026-09-25T17:24:42.858Z,0.179493762111,45,3,2026-09-25 23:09:42.858,47.630555555556
Demo experiment,pioreactor02,2026-09-25T17:24:42.858Z,0.031346520126,135,4,2026-09-25 23:09:42.858,47.630555555556
Demo experiment,pioreactor02,2026-09-25T17:24:47.852Z,0.0,90,2,2026-09-25 23:09:47.852,47.631944444444
Demo experiment,pioreactor02,2026-09-25T17:24:47.852Z,0.179422343467,45,3,2026-09-25 23:09:47.852,47.631944444444
Demo experiment,pioreactor02,2026-09-25T17:24:47.852Z,0.033864184174,135,4,2026-09-25 23:09:47.852,47.631944444444
Demo experiment,pioreactor02,2026-09-25T17:24:52.857Z,0.0,90,2,2026-09-25 23:09:52.857,47.633333333333
Demo experiment,pioreactor02,2026-09-25T17:24:52.857Z,0.179476134587,45,3,2026-09-25 23:09:52.857,47.633333333333
Demo experiment,pioreactor02,2026-09-25T17:24:52.857Z,0.033667512106,135,4,2026-09-25 23:09:52.857,47.633333333333
Demo experiment,pioreactor02,2026-09-25T17:24:57.853Z,0.0,90,2,2026-09-25 23:09:57.853,47.634722222222
Demo experiment,pioreactor02,2026-09-25T17:24:57.853Z,0.179453140201,45,3,2026-09-25 23:09:57.853,47.634722222222
Demo experiment,pioreactor02,2026-09-25T17:24:57.853Z,0.032518387999,135,4,2026-09-25 23:09:57.853,47.634722222222
Demo experiment,pioreactor02,2026-09-25T17:25:02.853Z,0.0,90,2,2026-09-25 23:10:02.853,47.636111111111
Demo experiment,pioreactor02,2026-09-25T17:25:02.853Z,0.179575531839,45,3,2026-09-25 23:10:02.853,47.636111111111
Demo experiment,pioreactor02,2026-09-25T17:25:02.853Z,0.034399560655,135,4,2026-09-25 23:10:02.853,47.636111111111
Demo experiment,pioreactor02,2026-09-25T17:25:07.854Z,0.0,90,2,2026-09-25 23:10:07.854,47.6375
Demo experiment,pioreactor02,2026-09-25T17:25:07.854Z,0.179461802533,45,3,2026-09-25 23:10:07.854,47.6375
Demo experiment,pioreactor02,2026-09-25T17:25:07.854Z,0.031927914747,135,4,2026-09-25 23:10:07.854,47.6375
Demo experiment,pioreactor02,2026-09-25T17:25:12.859Z,0.0,90,2,2026-09-25 23:10:12.859,47.638888888889
Demo experiment,pioreactor02,2026-09-25T17:25:12.859Z,0.179464023376,45,3,2026-09-25 23:10:12.859,47.638888888889
Demo experiment,pioreactor02,2026-09-25T17:25:12.859Z,0.032569812575,135,4,2026-09-25 23:10:12.859,47.638888888889
Demo experiment,pioreactor02,2026-09-25T17:25:17.852Z,0.0,90,2,2026-09-25 23:10:17.852,47.640277777778
Demo experiment,pioreactor02,2026-09-25T17:25:17.852Z,0.179493564147,45,3,2026-09-25 23:10:17.852,47.640277777778
Demo experiment,pioreactor02,2026-09-25T17:25:17.852Z,0.029697720679,135,4,2026-09-25 23:10:17.852,47.640277777778
Demo experiment,pioreactor02,2026-09-25T17:25:22.851Z,0.0,90,2,2026-09-25 23:10:22.851,47.641666666667
Demo experiment,pioreactor02,2026-09-25T17:25:22.851Z,0.179453833285,45,3,2026-09-25 23:10:22.851,47.641666666667
Demo experiment,pioreactor02,2026-09-25T17:25:22.851Z,0.033543662344,135,4,2026-09-25 23:10:22.851,47.641666666667
Demo experiment,pioreactor02,2026-09-25T17:25:27.853Z,0.0,90,2,2026-09-25 23:10:27.853,47.643055555556
Demo experiment,pioreactor02,2026-09-25T17:25:27.853Z,0.179322898392,45,3,2026-09-25 23:10:27.853,47.643055555556
Demo experiment,pioreactor02,2026-09-25T17:25:27.853Z,0.033119381028,135,4,2026-09-25 23:10:27.853,47.643055555556
Demo experiment,pioreactor02,2026-09-25T17:25:32.850Z,0.0,90,2,2026-09-25 23:10:32.850,47.644444444444
Demo experiment,pioreactor02,2026-09-25T17:25:32.850Z,0.179362358838,45,3,2026-09-25 23:10:32.850,47.644444444444
Demo experiment,pioreactor02,2026-09-25T17:25:32.850Z,0.032728723494,135,4,2026-09-25 23:10:32.850,47.644444444444
Demo experiment,pioreactor02,2026-09-25T17:25:37.853Z,0.0,90,2,2026-09-25 23:10:37.853,47.645833333333
Demo experiment,pioreactor02,2026-09-25T17:25:37.853Z,0.179381573479,45,3,2026-09-25 23:10:37.853,47.645833333333
Demo experiment,pioreactor02,2026-09-25T17:25:37.853Z,0.032467711638,135,4,2026-09-25 23:10:37.853,47.645833333333
Demo experiment,pioreactor02,2026-09-25T17:25:42.851Z,0.0,90,2,2026-09-25 23:10:42.851,47.647222222222
Demo experiment,pioreactor02,2026-09-25T17:25:42.851Z,0.179384670585,45,3,2026-09-25 23:10:42.851,47.647222222222
Demo experiment,pioreactor02,2026-09-25T17:25:42.851Z,0.031742134207,135,4,2026-09-25 23:10:42.851,47.647222222222
Demo experiment,pioreactor02,2026-09-25T17:25:47.850Z,0.0,90,2,2026-09-25 23:10:47.850,47.648611111111
Demo experiment,pioreactor02,2026-09-25T17:25:47.850Z,0.179625847339,45,3,2026-09-25 23:10:47.850,47.648611111111
Demo experiment,pioreactor02,2026-09-25T17:25:47.850Z,0.033921574698,135,4,2026-09-25 23:10:47.850,47.648611111111
Demo experiment,pioreactor02,2026-09-25T17:25:52.852Z,0.0,90,2,2026-09-25 23:10:52.852,47.65
Demo experiment,pioreactor02,2026-09-25T17:25:52.852Z,0.179526224287,45,3,2026-09-25 23:10:52.852,47.65
Demo experiment,pioreactor02,2026-09-25T17:25:52.852Z,0.035605408114,135,4,2026-09-25 23:10:52.852,47.65
Demo experiment,pioreactor02,2026-09-25T17:25:57.857Z,0.0,90,2,2026-09-25 23:10:57.857,47.651388888889
Demo experiment,pioreactor02,2026-09-25T17:25:57.857Z,0.179315213643,45,3,2026-09-25 23:10:57.857,47.651388888889
Demo experiment,pioreactor02,2026-09-25T17:25:57.857Z,0.036367827685,135,4,2026-09-25 23:10:57.857,47.651388888889
Demo experiment,pioreactor02,2026-09-25T17:26:02.854Z,0.0,90,2,2026-09-25 23:11:02.854,47.652777777778
Demo experiment,pioreactor02,2026-09-25T17:26:02.854Z,0.179514716299,45,3,2026-09-25 23:11:02.854,47.652777777778
Demo experiment,pioreactor02,2026-09-25T17:26:02.854Z,0.038144221501,135,4,2026-09-25 23:11:02.854,47.652777777778
Demo experiment,pioreactor02,2026-09-25T17:26:07.854Z,0.0,90,2,2026-09-25 23:11:07.854,47.654166666667
Demo experiment,pioreactor02,2026-09-25T17:26:07.854Z,0.17938746737,45,3,2026-09-25 23:11:07.854,47.654166666667
Demo experiment,pioreactor02,2026-09-25T17:26:07.854Z,0.035715615461,135,4,2026-09-25 23:11:07.854,47.654166666667
Demo experiment,pioreactor02,2026-09-25T17:26:12.852Z,0.0,90,2,2026-09-25 23:11:12.852,47.655555555556
Demo experiment,pioreactor02,2026-09-25T17:26:12.852Z,0.179161472368,45,3,2026-09-25 23:11:12.852,47.655555555556
Demo experiment,pioreactor02,2026-09-25T17:26:12.852Z,0.032743704004,135,4,2026-09-25 23:11:12.852,47.655555555556
Demo experiment,pioreactor02,2026-09-25T17:26:17.856Z,0.0,90,2,2026-09-25 23:11:17.856,47.656944444444
Demo experiment,pioreactor02,2026-09-25T17:26:17.856Z,0.179466975346,45,3,2026-09-25 23:11:17.856,47.656944444444
Demo experiment,pioreactor02,2026-09-25T17:26:17.856Z,0.035988691859,135,4,2026-09-25 23:11:17.856,47.656944444444
Demo experiment,pioreactor02,2026-09-25T17:26:22.856Z,0.0,90,2,2026-09-25 23:11:22.856,47.658333333333
Demo experiment,pioreactor02,2026-09-25T17:26:22.856Z,0.179412385504,45,3,2026-09-25 23:11:22.856,47.658333333333
Demo experiment,pioreactor02,2026-09-25T17:26:22.856Z,0.034254085512,135,4,2026-09-25 23:11:22.856,47.658333333333
Demo experiment,pioreactor02,2026-09-25T17:26:27.858Z,0.0,90,2,2026-09-25 23:11:27.858,47.659722222222
Demo experiment,pioreactor02,2026-09-25T17:26:27.858Z,0.179102981993,45,3,2026-09-25 23:11:27.858,47.659722222222
Demo experiment,pioreactor02,2026-09-25T17:26:27.858Z,0.034409658585,135,4,2026-09-25 23:11:27.858,47.659722222222
Demo experiment,pioreactor02,2026-09-25T17:26:32.855Z,0.0,90,2,2026-09-25 23:11:32.855,47.661111111111
Demo experiment,pioreactor02,2026-09-25T17:26:32.855Z,0.179207714646,45,3,2026-09-25 23:11:32.855,47.661111111111
Demo experiment,pioreactor02,2026-09-25T17:26:32.855Z,0.033518835632,135,4,2026-09-25 23:11:32.855,47.661111111111
Demo experiment,pioreactor02,2026-09-25T17:26:37.854Z,0.0,90,2,2026-09-25 23:11:37.854,47.6625
Demo experiment,pioreactor02,2026-09-25T17:26:37.854Z,0.179122333971,45,3,2026-09-25 23:11:37.854,47.6625
Demo experiment,pioreactor02,2026-09-25T17:26:37.854Z,0.033705597782,135,4,2026-09-25 23:11:37.854,47.6625
Demo experiment,pioreactor02,2026-09-25T17:26:42.853Z,0.0,90,2,2026-09-25 23:11:42.853,47.663888888889
Demo experiment,pioreactor02,2026-09-25T17:26:42.853Z,0.179211595117,45,3,2026-09-25 23:11:42.853,47.663888888889
Demo experiment,pioreactor02,2026-09-25T17:26:42.853Z,0.03268482915,135,4,2026-09-25 23:11:42.853,47.663888888889
Demo experiment,pioreactor02,2026-09-25T17:26:47.850Z,0.0,90,2,2026-09-25 23:11:47.850,47.665277777778
Demo experiment,pioreactor02,2026-09-25T17:26:47.850Z,0.17917169673,45,3,2026-09-25 23:11:47.850,47.665277777778
Demo experiment,pioreactor02,2026-09-25T17:26:47.850Z,0.034204458014,135,4,2026-09-25 23:11:47.850,47.665277777778
Demo experiment,pioreactor02,2026-09-25T17:26:52.851Z,0.0,90,2,2026-09-25 23:11:52.851,47.666666666667
Demo experiment,pioreactor02,2026-09-25T17:26:52.851Z,0.179242640098,45,3,2026-09-25 23:11:52.851,47.666666666667
Demo experiment,pioreactor02,2026-09-25T17:26:52.851Z,0.034787170532,135,4,2026-09-25 23:11:52.851,47.666666666667
Demo experiment,pioreactor02,2026-09-25T17:26:57.853Z,0.0,90,2,2026-09-25 23:11:57.853,47.668055555556
Demo experiment,pioreactor02,2026-09-25T17:26:57.853Z,0.179234144328,45,3,2026-09-25 23:11:57.853,47.668055555556
Demo experiment,pioreactor02,2026-09-25T17:26:57.853Z,0.034081202624,135,4,2026-09-25 23:11:57.853,47.668055555556
Demo experiment,pioreactor02,2026-09-25T17:27:02.851Z,0.0,90,2,2026-09-25 23:12:02.851,47.669444444444
Demo experiment,pioreactor02,2026-09-25T17:27:02.851Z,0.178991289267,45,3,2026-09-25 23:12:02.851,47.669444444444
Demo experiment,pioreactor02,2026-09-25T17:27:02.851Z,0.034742663747,135,4,2026-09-25 23:12:02.851,47.669444444444
Demo experiment,pioreactor02,2026-09-25T17:27:07.855Z,0.0,90,2,2026-09-25 23:12:07.855,47.670833333333
Demo experiment,pioreactor02,2026-09-25T17:27:07.855Z,0.179201213984,45,3,2026-09-25 23:12:07.855,47.670833333333
Demo experiment,pioreactor02,2026-09-25T17:27:07.855Z,0.037511145415,135,4,2026-09-25 23:12:07.855,47.670833333333
Demo experiment,pioreactor02,2026-09-25T17:27:12.852Z,0.0,90,2,2026-09-25 23:12:12.852,47.672222222222
Demo experiment,pioreactor02,2026-09-25T17:27:12.852Z,0.17916095215,45,3,2026-09-25 23:12:12.852,47.672222222222
Demo experiment,pioreactor02,2026-09-25T17:27:12.852Z,0.03387392771,135,4,2026-09-25 23:12:12.852,47.672222222222
Demo experiment,pioreactor02,2026-09-25T17:27:17.851Z,0.0,90,2,2026-09-25 23:12:17.851,47.673611111111
Demo experiment,pioreactor02,2026-09-25T17:27:17.851Z,0.17918019753,45,3,2026-09-25 23:12:17.851,47.673611111111
Demo experiment,pioreactor02,2026-09-25T17:27:17.851Z,0.033228350406,135,4,2026-09-25 23:12:17.851,47.673611111111
Demo experiment,pioreactor02,2026-09-25T17:27:22.851Z,0.0,90,2,2026-09-25 23:12:22.851,47.675
Demo experiment,pioreactor02,2026-09-25T17:27:22.851Z,0.179273733866,45,3,2026-09-25 23:12:22.851,47.675
Demo experiment,pioreactor02,2026-09-25T17:27:22.851Z,0.032841170653,135,4,2026-09-25 23:12:22.851,47.675
Demo experiment,pioreactor02,2026-09-25T17:27:27.850Z,0.0,90,2,2026-09-25 23:12:27.850,47.676388888889
Demo experiment,pioreactor02,2026-09-25T17:27:27.850Z,0.179421942606,45,3,2026-09-25 23:12:27.850,47.676388888889
Demo experiment,pioreactor02,2026-09-25T17:27:27.850Z,0.035302291903,135,4,2026-09-25 23:12:27.850,47.676388888889
Demo experiment,pioreactor02,2026-09-25T17:27:32.854Z,0.0,90,2,2026-09-25 23:12:32.854,47.677777777778
Demo experiment,pioreactor02,2026-09-25T17:27:32.854Z,0.179237775485,45,3,2026-09-25 23:12:32.854,47.677777777778
Demo experiment,pioreactor02,2026-09-25T17:27:32.854Z,0.033224470835,135,4,2026-09-25 23:12:32.854,47.677777777778
Demo experiment,pioreactor02,2026-09-25T17:27:37.850Z,0.0,90,2,2026-09-25 23:12:37.850,47.679166666667
Demo experiment,pioreactor02,2026-09-25T17:27:37.850Z,0.179125754291,45,3,2026-09-25 23:12:37.850,47.679166666667
Demo experiment,pioreactor02,2026-09-25T17:27:37.850Z,0.032112124457,135,4,2026-09-25 23:12:37.850,47.679166666667
Demo experiment,pioreactor02,2026-09-25T17:27:42.851Z,0.0,90,2,2026-09-25 23:12:42.851,47.680555555556
Demo experiment,pioreactor02,2026-09-25T17:27:42.851Z,0.179130192853,45,3,2026-09-25 23:12:42.851,47.680555555556
Demo experiment,pioreactor02,2026-09-25T17:27:42.851Z,0.033084243121,135,4,2026-09-25 23:12:42.851,47.680555555556
Demo experiment,pioreactor02,2026-09-25T17:27:47.849Z,0.0,90,2,2026-09-25 23:12:47.849,47.681944444444
Demo experiment,pioreactor02,2026-09-25T17:27:47.849Z,0.179146955071,45,3,2026-09-25 23:12:47.849,47.681944444444
Demo experiment,pioreactor02,2026-09-25T17:27:47.849Z,0.032208198201,135,4,2026-09-25 23:12:47.849,47.681944444444
Demo experiment,pioreactor02,2026-09-25T17:27:52.853Z,0.0,90,2,2026-09-25 23:12:52.853,47.683333333333
Demo experiment,pioreactor02,2026-09-25T17:27:52.853Z,0.179021132803,45,3,2026-09-25 23:12:52.853,47.683333333333
Demo experiment,pioreactor02,2026-09-25T17:27:52.853Z,0.03272586124,135,4,2026-09-25 23:12:52.853,47.683333333333
Demo experiment,pioreactor02,2026-09-25T17:27:57.853Z,0.0,90,2,2026-09-25 23:12:57.853,47.684722222222
Demo experiment,pioreactor02,2026-09-25T17:27:57.853Z,0.179007724275,45,3,2026-09-25 23:12:57.853,47.684722222222
Demo experiment,pioreactor02,2026-09-25T17:27:57.853Z,0.032886081347,135,4,2026-09-25 23:12:57.853,47.684722222222
Demo experiment,pioreactor02,2026-09-25T17:28:02.849Z,0.0,90,2,2026-09-25 23:13:02.849,47.686111111111
Demo experiment,pioreactor02,2026-09-25T17:28:02.849Z,0.17912762592,45,3,2026-09-25 23:13:02.849,47.686111111111
Demo experiment,pioreactor02,2026-09-25T17:28:02.849Z,0.032490621505,135,4,2026-09-25 23:13:02.849,47.686111111111
Demo experiment,pioreactor02,2026-09-25T17:28:07.854Z,0.0,90,2,2026-09-25 23:13:07.854,47.6875
Demo experiment,pioreactor02,2026-09-25T17:28:07.854Z,0.179204586022,45,3,2026-09-25 23:13:07.854,47.6875
Demo experiment,pioreactor02,2026-09-25T17:28:07.854Z,0.035680482346,135,4,2026-09-25 23:13:07.854,47.6875
Demo experiment,pioreactor02,2026-09-25T17:28:12.851Z,0.0,90,2,2026-09-25 23:13:12.851,47.688888888889
Demo experiment,pioreactor02,2026-09-25T17:28:12.851Z,0.179337362066,45,3,2026-09-25 23:13:12.851,47.688888888889
Demo experiment,pioreactor02,2026-09-25T17:28:12.851Z,0.036985577243,135,4,2026-09-25 23:13:12.851,47.688888888889
Demo experiment,pioreactor02,2026-09-25T17:28:17.852Z,0.0,90,2,2026-09-25 23:13:17.852,47.690277777778
Demo experiment,pioreactor02,2026-09-25T17:28:17.852Z,0.179350316562,45,3,2026-09-25 23:13:17.852,47.690277777778
Demo experiment,pioreactor02,2026-09-25T17:28:17.852Z,0.035552741839,135,4,2026-09-25 23:13:17.852,47.690277777778
Demo experiment,pioreactor02,2026-09-25T17:28:22.853Z,0.0,90,2,2026-09-25 23:13:22.853,47.691666666667
Demo experiment,pioreactor02,2026-09-25T17:28:22.853Z,0.179224114829,45,3,2026-09-25 23:13:22.853,47.691666666667
Demo experiment,pioreactor02,2026-09-25T17:28:22.853Z,0.037025673469,135,4,2026-09-25 23:13:22.853,47.691666666667
Demo experiment,pioreactor02,2026-09-25T17:28:27.849Z,0.0,90,2,2026-09-25 23:13:27.849,47.693055555556
Demo experiment,pioreactor02,2026-09-25T17:28:27.849Z,0.179143943427,45,3,2026-09-25 23:13:27.849,47.693055555556
Demo experiment,pioreactor02,2026-09-25T17:28:27.849Z,0.034384502939,135,4,2026-09-25 23:13:27.849,47.693055555556
Demo experiment,pioreactor02,2026-09-25T17:28:32.852Z,0.0,90,2,2026-09-25 23:13:32.852,47.694444444444
Demo experiment,pioreactor02,2026-09-25T17:28:32.852Z,0.179022966758,45,3,2026-09-25 23:13:32.852,47.694444444444
Demo experiment,pioreactor02,2026-09-25T17:28:32.852Z,0.033427200867,135,4,2026-09-25 23:13:32.852,47.694444444444
Demo experiment,pioreactor02,2026-09-25T17:28:37.850Z,0.0,90,2,2026-09-25 23:13:37.850,47.695833333333
Demo experiment,pioreactor02,2026-09-25T17:28:37.850Z,0.179132123549,45,3,2026-09-25 23:13:37.850,47.695833333333
Demo experiment,pioreactor02,2026-09-25T17:28:37.850Z,0.035196594877,135,4,2026-09-25 23:13:37.850,47.695833333333
Demo experiment,pioreactor02,2026-09-25T17:28:42.850Z,0.0,90,2,2026-09-25 23:13:42.850,47.697222222222
Demo experiment,pioreactor02,2026-09-25T17:28:42.850Z,0.178892665289,45,3,2026-09-25 23:13:42.850,47.697222222222
Demo experiment,pioreactor02,2026-09-25T17:28:42.850Z,0.03786785638,135,4,2026-09-25 23:13:42.850,47.697222222222
Demo experiment,pioreactor02,2026-09-25T17:28:47.852Z,0.0,90,2,2026-09-25 23:13:47.852,47.698611111111
Demo experiment,pioreactor02,2026-09-25T17:28:47.852Z,0.178995467214,45,3,2026-09-25 23:13:47.852,47.698611111111
Demo experiment,pioreactor02,2026-09-25T17:28:47.852Z,0.039020943556,135,4,2026-09-25 23:13:47.852,47.698611111111
Demo experiment,pioreactor02,2026-09-25T17:28:52.853Z,0.0,90,2,2026-09-25 23:13:52.853,47.7
Demo experiment,pioreactor02,2026-09-25T17:28:52.853Z,0.178929345906,45,3,2026-09-25 23:13:52.853,47.7
Demo experiment,pioreactor02,2026-09-25T17:28:52.853Z,0.036285132733,135,4,2026-09-25 23:13:52.853,47.7
Demo experiment,pioreactor02,2026-09-25T17:28:57.855Z,0.0,90,2,2026-09-25 23:13:57.855,47.701388888889
Demo experiment,pioreactor02,2026-09-25T17:28:57.855Z,0.178987347097,45,3,2026-09-25 23:13:57.855,47.701388888889
Demo experiment,pioreactor02,2026-09-25T17:28:57.855Z,0.03403241355,135,4,2026-09-25 23:13:57.855,47.701388888889
Demo experiment,pioreactor02,2026-09-25T17:29:02.850Z,0.0,90,2,2026-09-25 23:14:02.850,47.702777777778
Demo experiment,pioreactor02,2026-09-25T17:29:02.850Z,0.179019548552,45,3,2026-09-25 23:14:02.850,47.702777777778
Demo experiment,pioreactor02,2026-09-25T17:29:02.850Z,0.033942463657,135,4,2026-09-25 23:14:02.850,47.702777777778
Demo experiment,pioreactor02,2026-09-25T17:29:07.850Z,0.0,90,2,2026-09-25 23:14:07.850,47.704166666667
Demo experiment,pioreactor02,2026-09-25T17:29:07.850Z,0.178888185571,45,3,2026-09-25 23:14:07.850,47.704166666667
Demo experiment,pioreactor02,2026-09-25T17:29:07.850Z,0.033054351679,135,4,2026-09-25 23:14:07.850,47.704166666667
Demo experiment,pioreactor02,2026-09-25T17:29:12.850Z,0.0,90,2,2026-09-25 23:14:12.850,47.705555555556
Demo experiment,pioreactor02,2026-09-25T17:29:12.850Z,0.179251745017,45,3,2026-09-25 23:14:12.850,47.705555555556
Demo experiment,pioreactor02,2026-09-25T17:29:12.850Z,0.035802788433,135,4,2026-09-25 23:14:12.850,47.705555555556
Demo experiment,pioreactor02,2026-09-25T17:29:17.849Z,0.0,90,2,2026-09-25 23:14:17.849,47.706944444444
Demo experiment,pioreactor02,2026-09-25T17:29:17.849Z,0.179179664695,45,3,2026-09-25 23:14:17.849,47.706944444444
Demo experiment,pioreactor02,2026-09-25T17:29:17.849Z,0.036580863411,135,4,2026-09-25 23:14:17.849,47.706944444444
Demo experiment,pioreactor02,2026-09-25T17:29:22.849Z,0.0,90,2,2026-09-25 23:14:22.849,47.708333333333
Demo experiment,pioreactor02,2026-09-25T17:29:22.849Z,0.179079892834,45,3,2026-09-25 23:14:22.849,47.708333333333
Demo experiment,pioreactor02,2026-09-25T17:29:22.849Z,0.037406158511,135,4,2026-09-25 23:14:22.849,47.708333333333
Demo experiment,pioreactor02,2026-09-25T17:29:27.849Z,0.0,90,2,2026-09-25 23:14:27.849,47.709722222222
Demo experiment,pioreactor02,2026-09-25T17:29:27.849Z,0.179135101546,45,3,2026-09-25 23:14:27.849,47.709722222222
Demo experiment,pioreactor02,2026-09-25T17:29:27.849Z,0.036053210727,135,4,2026-09-25 23:14:27.849,47.709722222222
Demo experiment,pioreactor02,2026-09-25T17:29:32.850Z,0.0,90,2,2026-09-25 23:14:32.850,47.711111111111
Demo experiment,pioreactor02,2026-09-25T17:29:32.850Z,0.179105811502,45,3,2026-09-25 23:14:32.850,47.711111111111
Demo experiment,pioreactor02,2026-09-25T17:29:32.850Z,0.035833656095,135,4,2026-09-25 23:14:32.850,47.711111111111
Demo experiment,pioreactor02,2026-09-25T17:29:37.853Z,0.0,90,2,2026-09-25 23:14:37.853,47.7125
Demo experiment,pioreactor02,2026-09-25T17:29:37.853Z,0.17896946404,45,3,2026-09-25 23:14:37.853,47.7125
Demo experiment,pioreactor02,2026-09-25T17:29:37.853Z,0.034752283492,135,4,2026-09-25 23:14:37.853,47.7125
Demo experiment,pioreactor02,2026-09-25T17:29:42.850Z,0.0,90,2,2026-09-25 23:14:42.850,47.713888888889
Demo experiment,pioreactor02,2026-09-25T17:29:42.850Z,0.179006308124,45,3,2026-09-25 23:14:42.850,47.713888888889
Demo experiment,pioreactor02,2026-09-25T17:29:42.850Z,0.035487910941,135,4,2026-09-25 23:14:42.850,47.713888888889
Demo experiment,pioreactor02,2026-09-25T17:29:47.851Z,0.0,90,2,2026-09-25 23:14:47.851,47.715277777778
Demo experiment,pioreactor02,2026-09-25T17:29:47.851Z,0.178919426056,45,3,2026-09-25 23:14:47.851,47.715277777778
Demo experiment,pioreactor02,2026-09-25T17:29:47.851Z,0.035379980841,135,4,2026-09-25 23:14:47.851,47.715277777778
Demo experiment,pioreactor02,2026-09-25T17:29:52.849Z,0.0,90,2,2026-09-25 23:14:52.849,47.716666666667
Demo experiment,pioreactor02,2026-09-25T17:29:52.849Z,0.178989491783,45,3,2026-09-25 23:14:52.849,47.716666666667
Demo experiment,pioreactor02,2026-09-25T17:29:52.849Z,0.038493620151,135,4,2026-09-25 23:14:52.849,47.716666666667
Demo experiment,pioreactor02,2026-09-25T17:29:57.849Z,0.0,90,2,2026-09-25 23:14:57.849,47.718055555556
Demo experiment,pioreactor02,2026-09-25T17:29:57.849Z,0.178857083084,45,3,2026-09-25 23:14:57.849,47.718055555556
Demo experiment,pioreactor02,2026-09-25T17:29:57.849Z,0.036574931097,135,4,2026-09-25 23:14:57.849,47.718055555556
Demo experiment,pioreactor02,2026-09-25T17:30:02.850Z,0.0,90,2,2026-09-25 23:15:02.850,47.719444444444
Demo experiment,pioreactor02,2026-09-25T17:30:02.850Z,0.178866547199,45,3,2026-09-25 23:15:02.850,47.719444444444
Demo experiment,pioreactor02,2026-09-25T17:30:02.850Z,0.038825114377,135,4,2026-09-25 23:15:02.850,47.719444444444
Demo experiment,pioreactor02,2026-09-25T17:30:07.850Z,0.0,90,2,2026-09-25 23:15:07.850,47.720833333333
Demo experiment,pioreactor02,2026-09-25T17:30:07.850Z,0.178871533542,45,3,2026-09-25 23:15:07.850,47.720833333333
Demo experiment,pioreactor02,2026-09-25T17:30:07.850Z,0.038353862066,135,4,2026-09-25 23:15:07.850,47.720833333333
Demo experiment,pioreactor02,2026-09-25T17:30:12.853Z,0.0,90,2,2026-09-25 23:15:12.853,47.722222222222
Demo experiment,pioreactor02,2026-09-25T17:30:12.853Z,0.178928590103,45,3,2026-09-25 23:15:12.853,47.722222222222
Demo experiment,pioreactor02,2026-09-25T17:30:12.853Z,0.036520394216,135,4,2026-09-25 23:15:12.853,47.722222222222
Demo experiment,pioreactor02,2026-09-25T17:30:17.853Z,0.0,90,2,2026-09-25 23:15:17.853,47.723611111111
Demo experiment,pioreactor02,2026-09-25T17:30:17.853Z,0.178796691632,45,3,2026-09-25 23:15:17.853,47.723611111111
Demo experiment,pioreactor02,2026-09-25T17:30:17.853Z,0.036107653455,135,4,2026-09-25 23:15:17.853,47.723611111111
Demo experiment,pioreactor02,2026-09-25T17:30:22.853Z,0.0,90,2,2026-09-25 23:15:22.853,47.725
Demo experiment,pioreactor02,2026-09-25T17:30:22.853Z,0.178970574219,45,3,2026-09-25 23:15:22.853,47.725
Demo experiment,pioreactor02,2026-09-25T17:30:22.853Z,0.041240071783,135,4,2026-09-25 23:15:22.853,47.725
Demo experiment,pioreactor02,2026-09-25T17:30:27.850Z,0.0,90,2,2026-09-25 23:15:27.850,47.726388888889
Demo experiment,pioreactor02,2026-09-25T17:30:27.850Z,0.179058615454,45,3,2026-09-25 23:15:27.850,47.726388888889
Demo experiment,pioreactor02,2026-09-25T17:30:27.850Z,0.037715369436,135,4,2026-09-25 23:15:27.850,47.726388888889
Demo experiment,pioreactor02,2026-09-25T17:30:32.851Z,0.0,90,2,2026-09-25 23:15:32.851,47.727777777778
Demo experiment,pioreactor02,2026-09-25T17:30:32.851Z,0.179192222017,45,3,2026-09-25 23:15:32.851,47.727777777778
Demo experiment,pioreactor02,2026-09-25T17:30:32.851Z,0.039279582379,135,4,2026-09-25 23:15:32.851,47.727777777778
Demo experiment,pioreactor02,2026-09-25T17:30:37.850Z,0.0,90,2,2026-09-25 23:15:37.850,47.729166666667
Demo experiment,pioreactor02,2026-09-25T17:30:37.850Z,0.179239951972,45,3,2026-09-25 23:15:37.850,47.729166666667
Demo experiment,pioreactor02,2026-09-25T17:30:37.850Z,0.03302097807,135,4,2026-09-25 23:15:37.850,47.729166666667
Demo experiment,pioreactor02,2026-09-25T17:30:42.850Z,0.0,90,2,2026-09-25 23:15:42.850,47.730555555556
Demo experiment,pioreactor02,2026-09-25T17:30:42.850Z,0.179467942272,45,3,2026-09-25 23:15:42.850,47.730555555556
Demo experiment,pioreactor02,2026-09-25T17:30:42.850Z,0.029527913928,135,4,2026-09-25 23:15:42.850,47.730555555556
Demo experiment,pioreactor02,2026-09-25T17:30:47.852Z,0.0,90,2,2026-09-25 23:15:47.852,47.731944444444
Demo experiment,pioreactor02,2026-09-25T17:30:47.852Z,0.179698605193,45,3,2026-09-25 23:15:47.852,47.731944444444
Demo experiment,pioreactor02,2026-09-25T17:30:47.852Z,0.027497027768,135,4,2026-09-25 23:15:47.852,47.731944444444
Demo experiment,pioreactor02,2026-09-25T17:30:52.852Z,0.0,90,2,2026-09-25 23:15:52.852,47.733333333333
Demo experiment,pioreactor02,2026-09-25T17:30:52.852Z,0.180004691595,45,3,2026-09-25 23:15:52.852,47.733333333333
Demo experiment,pioreactor02,2026-09-25T17:30:52.852Z,0.026463823899,135,4,2026-09-25 23:15:52.852,47.733333333333
Demo experiment,pioreactor02,2026-09-25T17:30:57.852Z,0.0,90,2,2026-09-25 23:15:57.852,47.734722222222
Demo experiment,pioreactor02,2026-09-25T17:30:57.852Z,0.180266349714,45,3,2026-09-25 23:15:57.852,47.734722222222
Demo experiment,pioreactor02,2026-09-25T17:30:57.852Z,0.033279756203,135,4,2026-09-25 23:15:57.852,47.734722222222
Demo experiment,pioreactor02,2026-09-25T17:31:02.852Z,0.0,90,2,2026-09-25 23:16:02.852,47.736111111111
Demo experiment,pioreactor02,2026-09-25T17:31:02.852Z,0.180543654792,45,3,2026-09-25 23:16:02.852,47.736111111111
Demo experiment,pioreactor02,2026-09-25T17:31:02.852Z,0.029921826339,135,4,2026-09-25 23:16:02.852,47.736111111111
Demo experiment,pioreactor02,2026-09-25T17:31:07.856Z,0.0,90,2,2026-09-25 23:16:07.856,47.7375
Demo experiment,pioreactor02,2026-09-25T17:31:07.856Z,0.18157313792,45,3,2026-09-25 23:16:07.856,47.7375
Demo experiment,pioreactor02,2026-09-25T17:31:07.856Z,0.027837951078,135,4,2026-09-25 23:16:07.856,47.7375
Demo experiment,pioreactor02,2026-09-25T17:31:12.850Z,0.0,90,2,2026-09-25 23:16:12.850,47.738888888889
Demo experiment,pioreactor02,2026-09-25T17:31:12.850Z,0.184694734682,45,3,2026-09-25 23:16:12.850,47.738888888889
Demo experiment,pioreactor02,2026-09-25T17:31:12.850Z,0.027848667938,135,4,2026-09-25 23:16:12.850,47.738888888889
Demo experiment,pioreactor02,2026-09-25T17:31:17.852Z,0.0,90,2,2026-09-25 23:16:17.852,47.740277777778
Demo experiment,pioreactor02,2026-09-25T17:31:17.852Z,0.188146966186,45,3,2026-09-25 23:16:17.852,47.740277777778
Demo experiment,pioreactor02,2026-09-25T17:31:17.852Z,0.028932118479,135,4,2026-09-25 23:16:17.852,47.740277777778
Demo experiment,pioreactor02,2026-09-25T17:31:22.856Z,0.0,90,2,2026-09-25 23:16:22.856,47.741666666667
Demo experiment,pioreactor02,2026-09-25T17:31:22.856Z,0.189205625208,45,3,2026-09-25 23:16:22.856,47.741666666667
Demo experiment,pioreactor02,2026-09-25T17:31:22.856Z,0.028486785599,135,4,2026-09-25 23:16:22.856,47.741666666667
Demo experiment,pioreactor02,2026-09-25T17:31:27.864Z,0.0,90,2,2026-09-25 23:16:27.864,47.743055555556
Demo experiment,pioreactor02,2026-09-25T17:31:27.864Z,0.189423794324,45,3,2026-09-25 23:16:27.864,47.743055555556
Demo experiment,pioreactor02,2026-09-25T17:31:27.864Z,0.028294276012,135,4,2026-09-25 23:16:27.864,47.743055555556
Demo experiment,pioreactor02,2026-09-25T17:31:32.853Z,0.0,90,2,2026-09-25 23:16:32.853,47.744444444444
Demo experiment,pioreactor02,2026-09-25T17:31:32.853Z,0.187802008245,45,3,2026-09-25 23:16:32.853,47.744444444444
Demo experiment,pioreactor02,2026-09-25T17:31:32.853Z,0.028130916401,135,4,2026-09-25 23:16:32.853,47.744444444444
Demo experiment,pioreactor02,2026-09-25T17:31:37.853Z,0.0,90,2,2026-09-25 23:16:37.853,47.745833333333
Demo experiment,pioreactor02,2026-09-25T17:31:37.853Z,0.186911392622,45,3,2026-09-25 23:16:37.853,47.745833333333
Demo experiment,pioreactor02,2026-09-25T17:31:37.853Z,0.027152060597,135,4,2026-09-25 23:16:37.853,47.745833333333
Demo experiment,pioreactor02,2026-09-25T17:31:42.856Z,0.0,90,2,2026-09-25 23:16:42.856,47.747222222222
Demo experiment,pioreactor02,2026-09-25T17:31:42.856Z,0.186483871978,45,3,2026-09-25 23:16:42.856,47.747222222222
Demo experiment,pioreactor02,2026-09-25T17:31:42.856Z,0.026649222953,135,4,2026-09-25 23:16:42.856,47.747222222222
Demo experiment,pioreactor02,2026-09-25T17:31:47.852Z,0.0,90,2,2026-09-25 23:16:47.852,47.748611111111
Demo experiment,pioreactor02,2026-09-25T17:31:47.852Z,0.186299817056,45,3,2026-09-25 23:16:47.852,47.748611111111
Demo experiment,pioreactor02,2026-09-25T17:31:47.852Z,0.026653792931,135,4,2026-09-25 23:16:47.852,47.748611111111
Demo experiment,pioreactor02,2026-09-25T17:31:52.853Z,0.0,90,2,2026-09-25 23:16:52.853,47.75
Demo experiment,pioreactor02,2026-09-25T17:31:52.853Z,0.184130506027,45,3,2026-09-25 23:16:52.853,47.75
Demo experiment,pioreactor02,2026-09-25T17:31:52.853Z,0.031119946496,135,4,2026-09-25 23:16:52.853,47.75
Demo experiment,pioreactor02,2026-09-25T17:31:57.856Z,0.0,90,2,2026-09-25 23:16:57.856,47.751388888889
Demo experiment,pioreactor02,2026-09-25T17:31:57.856Z,0.183385455079,45,3,2026-09-25 23:16:57.856,47.751388888889
Demo experiment,pioreactor02,2026-09-25T17:31:57.856Z,0.028260184806,135,4,2026-09-25 23:16:57.856,47.751388888889
Demo experiment,pioreactor02,2026-09-25T17:32:02.850Z,0.0,90,2,2026-09-25 23:17:02.850,47.752777777778
Demo experiment,pioreactor02,2026-09-25T17:32:02.850Z,0.183842579134,45,3,2026-09-25 23:17:02.850,47.752777777778
Demo experiment,pioreactor02,2026-09-25T17:32:02.850Z,0.039641096088,135,4,2026-09-25 23:17:02.850,47.752777777778
Demo experiment,pioreactor02,2026-09-25T17:32:07.849Z,0.0,90,2,2026-09-25 23:17:07.849,47.754166666667
Demo experiment,pioreactor02,2026-09-25T17:32:07.849Z,0.183700221408,45,3,2026-09-25 23:17:07.849,47.754166666667
Demo experiment,pioreactor02,2026-09-25T17:32:07.849Z,0.041657346034,135,4,2026-09-25 23:17:07.849,47.754166666667
Demo experiment,pioreactor02,2026-09-25T17:32:12.848Z,0.0,90,2,2026-09-25 23:17:12.848,47.755555555556
Demo experiment,pioreactor02,2026-09-25T17:32:12.848Z,0.183985083965,45,3,2026-09-25 23:17:12.848,47.755555555556
Demo experiment,pioreactor02,2026-09-25T17:32:12.848Z,0.042008136938,135,4,2026-09-25 23:17:12.848,47.755555555556
Demo experiment,pioreactor02,2026-09-25T17:32:17.850Z,0.0,90,2,2026-09-25 23:17:17.850,47.756944444444
Demo experiment,pioreactor02,2026-09-25T17:32:17.850Z,0.183253842079,45,3,2026-09-25 23:17:17.850,47.756944444444
Demo experiment,pioreactor02,2026-09-25T17:32:17.850Z,0.035380622658,135,4,2026-09-25 23:17:17.850,47.756944444444
Demo experiment,pioreactor02,2026-09-25T17:32:22.850Z,0.0,90,2,2026-09-25 23:17:22.850,47.758333333333
Demo experiment,pioreactor02,2026-09-25T17:32:22.850Z,0.182924953618,45,3,2026-09-25 23:17:22.850,47.758333333333
Demo experiment,pioreactor02,2026-09-25T17:32:22.850Z,0.031901988458,135,4,2026-09-25 23:17:22.850,47.758333333333
Demo experiment,pioreactor02,2026-09-25T17:32:27.855Z,0.0,90,2,2026-09-25 23:17:27.855,47.759722222222
Demo experiment,pioreactor02,2026-09-25T17:32:27.855Z,0.184341322374,45,3,2026-09-25 23:17:27.855,47.759722222222
Demo experiment,pioreactor02,2026-09-25T17:32:27.855Z,0.037117174952,135,4,2026-09-25 23:17:27.855,47.759722222222
Demo experiment,pioreactor02,2026-09-25T17:32:32.854Z,0.0,90,2,2026-09-25 23:17:32.854,47.761111111111
Demo experiment,pioreactor02,2026-09-25T17:32:32.854Z,0.183969619629,45,3,2026-09-25 23:17:32.854,47.761111111111
Demo experiment,pioreactor02,2026-09-25T17:32:32.854Z,0.035902455644,135,4,2026-09-25 23:17:32.854,47.761111111111
Demo experiment,pioreactor02,2026-09-25T17:32:37.861Z,0.0,90,2,2026-09-25 23:17:37.861,47.7625
Demo experiment,pioreactor02,2026-09-25T17:32:37.861Z,0.182788700159,45,3,2026-09-25 23:17:37.861,47.7625
Demo experiment,pioreactor02,2026-09-25T17:32:37.861Z,0.03271773217,135,4,2026-09-25 23:17:37.861,47.7625
Demo experiment,pioreactor02,2026-09-25T17:32:42.855Z,0.0,90,2,2026-09-25 23:17:42.855,47.763888888889
Demo experiment,pioreactor02,2026-09-25T17:32:42.855Z,0.183081655389,45,3,2026-09-25 23:17:42.855,47.763888888889
Demo experiment,pioreactor02,2026-09-25T17:32:42.855Z,0.033569628791,135,4,2026-09-25 23:17:42.855,47.763888888889
Demo experiment,pioreactor02,2026-09-25T17:32:47.853Z,0.0,90,2,2026-09-25 23:17:47.853,47.765277777778
Demo experiment,pioreactor02,2026-09-25T17:32:47.853Z,0.184246024651,45,3,2026-09-25 23:17:47.853,47.765277777778
Demo experiment,pioreactor02,2026-09-25T17:32:47.853Z,0.042792193253,135,4,2026-09-25 23:17:47.853,47.765277777778
Demo experiment,pioreactor02,2026-09-25T17:32:52.861Z,0.0,90,2,2026-09-25 23:17:52.861,47.766666666667
Demo experiment,pioreactor02,2026-09-25T17:32:52.861Z,0.183992952427,45,3,2026-09-25 23:17:52.861,47.766666666667
Demo experiment,pioreactor02,2026-09-25T17:32:52.861Z,0.042241854669,135,4,2026-09-25 23:17:52.861,47.766666666667
Demo experiment,pioreactor02,2026-09-25T17:32:57.855Z,0.0,90,2,2026-09-25 23:17:57.855,47.768055555556
Demo experiment,pioreactor02,2026-09-25T17:32:57.855Z,0.183282197644,45,3,2026-09-25 23:17:57.855,47.768055555556
Demo experiment,pioreactor02,2026-09-25T17:32:57.855Z,0.034375412786,135,4,2026-09-25 23:17:57.855,47.768055555556
Demo experiment,pioreactor02,2026-09-25T17:33:02.859Z,0.0,90,2,2026-09-25 23:18:02.859,47.769444444444
Demo experiment,pioreactor02,2026-09-25T17:33:02.859Z,0.183048739828,45,3,2026-09-25 23:18:02.859,47.769444444444
Demo experiment,pioreactor02,2026-09-25T17:33:02.859Z,0.031517150666,135,4,2026-09-25 23:18:02.859,47.769444444444
Demo experiment,pioreactor02,2026-09-25T17:33:07.852Z,0.0,90,2,2026-09-25 23:18:07.852,47.770833333333
Demo experiment,pioreactor02,2026-09-25T17:33:07.852Z,0.182460389127,45,3,2026-09-25 23:18:07.852,47.770833333333
Demo experiment,pioreactor02,2026-09-25T17:33:07.852Z,0.038421611272,135,4,2026-09-25 23:18:07.852,47.770833333333
Demo experiment,pioreactor02,2026-09-25T17:33:12.850Z,0.0,90,2,2026-09-25 23:18:12.850,47.772222222222
Demo experiment,pioreactor02,2026-09-25T17:33:12.850Z,0.182793467187,45,3,2026-09-25 23:18:12.850,47.772222222222
Demo experiment,pioreactor02,2026-09-25T17:33:12.850Z,0.039260395481,135,4,2026-09-25 23:18:12.850,47.772222222222
Demo experiment,pioreactor02,2026-09-25T17:33:17.850Z,0.0,90,2,2026-09-25 23:18:17.850,47.773611111111
Demo experiment,pioreactor02,2026-09-25T17:33:17.850Z,0.183340733518,45,3,2026-09-25 23:18:17.850,47.773611111111
Demo experiment,pioreactor02,2026-09-25T17:33:17.850Z,0.044754627136,135,4,2026-09-25 23:18:17.850,47.773611111111
Demo experiment,pioreactor02,2026-09-25T17:33:22.850Z,0.0,90,2,2026-09-25 23:18:22.850,47.775
Demo experiment,pioreactor02,2026-09-25T17:33:22.850Z,0.182510219535,45,3,2026-09-25 23:18:22.850,47.775
Demo experiment,pioreactor02,2026-09-25T17:33:22.850Z,0.035258687699,135,4,2026-09-25 23:18:22.850,47.775
Demo experiment,pioreactor02,2026-09-25T17:33:27.852Z,0.0,90,2,2026-09-25 23:18:27.852,47.776388888889
Demo experiment,pioreactor02,2026-09-25T17:33:27.852Z,0.18294938325,45,3,2026-09-25 23:18:27.852,47.776388888889
Demo experiment,pioreactor02,2026-09-25T17:33:27.852Z,0.037588921864,135,4,2026-09-25 23:18:27.852,47.776388888889
Demo experiment,pioreactor02,2026-09-25T17:33:32.850Z,0.0,90,2,2026-09-25 23:18:32.850,47.777777777778
Demo experiment,pioreactor02,2026-09-25T17:33:32.850Z,0.18388523522,45,3,2026-09-25 23:18:32.850,47.777777777778
Demo experiment,pioreactor02,2026-09-25T17:33:32.850Z,0.038736936064,135,4,2026-09-25 23:18:32.850,47.777777777778
Demo experiment,pioreactor02,2026-09-25T17:33:37.851Z,0.0,90,2,2026-09-25 23:18:37.851,47.779166666667
Demo experiment,pioreactor02,2026-09-25T17:33:37.851Z,0.183240425353,45,3,2026-09-25 23:18:37.851,47.779166666667
Demo experiment,pioreactor02,2026-09-25T17:33:37.851Z,0.047664231863,135,4,2026-09-25 23:18:37.851,47.779166666667
Demo experiment,pioreactor02,2026-09-25T17:33:42.850Z,0.0,90,2,2026-09-25 23:18:42.850,47.780555555556
Demo experiment,pioreactor02,2026-09-25T17:33:42.850Z,0.182222834319,45,3,2026-09-25 23:18:42.850,47.780555555556
Demo experiment,pioreactor02,2026-09-25T17:33:42.850Z,0.037994642073,135,4,2026-09-25 23:18:42.850,47.780555555556
Demo experiment,pioreactor02,2026-09-25T17:33:47.851Z,0.0,90,2,2026-09-25 23:18:47.851,47.781944444444
Demo experiment,pioreactor02,2026-09-25T17:33:47.851Z,0.181560046232,45,3,2026-09-25 23:18:47.851,47.781944444444
Demo experiment,pioreactor02,2026-09-25T17:33:47.851Z,0.032978617178,135,4,2026-09-25 23:18:47.851,47.781944444444
Demo experiment,pioreactor02,2026-09-25T17:33:52.850Z,0.0,90,2,2026-09-25 23:18:52.850,47.783333333333
Demo experiment,pioreactor02,2026-09-25T17:33:52.850Z,0.182117863239,45,3,2026-09-25 23:18:52.850,47.783333333333
Demo experiment,pioreactor02,2026-09-25T17:33:52.850Z,0.035149210355,135,4,2026-09-25 23:18:52.850,47.783333333333
Demo experiment,pioreactor02,2026-09-25T17:33:57.850Z,0.0,90,2,2026-09-25 23:18:57.850,47.784722222222
Demo experiment,pioreactor02,2026-09-25T17:33:57.850Z,0.182254258334,45,3,2026-09-25 23:18:57.850,47.784722222222
Demo experiment,pioreactor02,2026-09-25T17:33:57.850Z,0.036098562918,135,4,2026-09-25 23:18:57.850,47.784722222222
Demo experiment,pioreactor02,2026-09-25T17:34:02.851Z,0.0,90,2,2026-09-25 23:19:02.851,47.786111111111
Demo experiment,pioreactor02,2026-09-25T17:34:02.851Z,0.181591628727,45,3,2026-09-25 23:19:02.851,47.786111111111
Demo experiment,pioreactor02,2026-09-25T17:34:02.851Z,0.034610186063,135,4,2026-09-25 23:19:02.851,47.786111111111
Demo experiment,pioreactor02,2026-09-25T17:34:07.850Z,0.0,90,2,2026-09-25 23:19:07.850,47.7875
Demo experiment,pioreactor02,2026-09-25T17:34:07.850Z,0.181943815955,45,3,2026-09-25 23:19:07.850,47.7875
Demo experiment,pioreactor02,2026-09-25T17:34:07.850Z,0.036984829841,135,4,2026-09-25 23:19:07.850,47.7875
Demo experiment,pioreactor02,2026-09-25T17:34:12.852Z,0.0,90,2,2026-09-25 23:19:12.852,47.788888888889
Demo experiment,pioreactor02,2026-09-25T17:34:12.852Z,0.181523927179,45,3,2026-09-25 23:19:12.852,47.788888888889
Demo experiment,pioreactor02,2026-09-25T17:34:12.852Z,0.036325881265,135,4,2026-09-25 23:19:12.852,47.788888888889
Demo experiment,pioreactor02,2026-09-25T17:34:17.850Z,0.0,90,2,2026-09-25 23:19:17.850,47.790277777778
Demo experiment,pioreactor02,2026-09-25T17:34:17.850Z,0.180941091824,45,3,2026-09-25 23:19:17.850,47.790277777778
Demo experiment,pioreactor02,2026-09-25T17:34:17.850Z,0.032486544445,135,4,2026-09-25 23:19:17.850,47.790277777778
Demo experiment,pioreactor02,2026-09-25T17:34:22.850Z,0.0,90,2,2026-09-25 23:19:22.850,47.791666666667
Demo experiment,pioreactor02,2026-09-25T17:34:22.850Z,0.180694450784,45,3,2026-09-25 23:19:22.850,47.791666666667
Demo experiment,pioreactor02,2026-09-25T17:34:22.850Z,0.030980333639,135,4,2026-09-25 23:19:22.850,47.791666666667
Demo experiment,pioreactor02,2026-09-25T17:34:27.850Z,0.0,90,2,2026-09-25 23:19:27.850,47.793055555556
Demo experiment,pioreactor02,2026-09-25T17:34:27.850Z,0.18100304231,45,3,2026-09-25 23:19:27.850,47.793055555556
Demo experiment,pioreactor02,2026-09-25T17:34:27.850Z,0.030483346202,135,4,2026-09-25 23:19:27.850,47.793055555556
Demo experiment,pioreactor02,2026-09-25T17:34:32.850Z,0.0,90,2,2026-09-25 23:19:32.850,47.794444444444
Demo experiment,pioreactor02,2026-09-25T17:34:32.850Z,0.180698796045,45,3,2026-09-25 23:19:32.850,47.794444444444
Demo experiment,pioreactor02,2026-09-25T17:34:32.850Z,0.02999264149,135,4,2026-09-25 23:19:32.850,47.794444444444
Demo experiment,pioreactor02,2026-09-25T17:34:37.850Z,0.0,90,2,2026-09-25 23:19:37.850,47.795833333333
Demo experiment,pioreactor02,2026-09-25T17:34:37.850Z,0.181154954792,45,3,2026-09-25 23:19:37.850,47.795833333333
Demo experiment,pioreactor02,2026-09-25T17:34:37.850Z,0.030218734265,135,4,2026-09-25 23:19:37.850,47.795833333333
Demo experiment,pioreactor02,2026-09-25T17:34:42.849Z,0.0,90,2,2026-09-25 23:19:42.849,47.797222222222
Demo experiment,pioreactor02,2026-09-25T17:34:42.849Z,0.182281473424,45,3,2026-09-25 23:19:42.849,47.797222222222
Demo experiment,pioreactor02,2026-09-25T17:34:42.849Z,0.040215729706,135,4,2026-09-25 23:19:42.849,47.797222222222
Demo experiment,pioreactor02,2026-09-25T17:34:47.854Z,0.0,90,2,2026-09-25 23:19:47.854,47.798611111111
Demo experiment,pioreactor02,2026-09-25T17:34:47.854Z,0.181197650446,45,3,2026-09-25 23:19:47.854,47.798611111111
Demo experiment,pioreactor02,2026-09-25T17:34:47.854Z,0.034383807948,135,4,2026-09-25 23:19:47.854,47.798611111111
Demo experiment,pioreactor02,2026-09-25T17:34:52.851Z,0.0,90,2,2026-09-25 23:19:52.851,47.8
Demo experiment,pioreactor02,2026-09-25T17:34:52.851Z,0.180531859579,45,3,2026-09-25 23:19:52.851,47.8
Demo experiment,pioreactor02,2026-09-25T17:34:52.851Z,0.032803968938,135,4,2026-09-25 23:19:52.851,47.8
Demo experiment,pioreactor02,2026-09-25T17:34:57.853Z,0.0,90,2,2026-09-25 23:19:57.853,47.801388888889
Demo experiment,pioreactor02,2026-09-25T17:34:57.853Z,0.180766969505,45,3,2026-09-25 23:19:57.853,47.801388888889
Demo experiment,pioreactor02,2026-09-25T17:34:57.853Z,0.033841256164,135,4,2026-09-25 23:19:57.853,47.801388888889
Demo experiment,pioreactor02,2026-09-25T17:35:02.850Z,0.0,90,2,2026-09-25 23:20:02.850,47.802777777778
Demo experiment,pioreactor02,2026-09-25T17:35:02.850Z,0.180673277681,45,3,2026-09-25 23:20:02.850,47.802777777778
Demo experiment,pioreactor02,2026-09-25T17:35:02.850Z,0.031465629512,135,4,2026-09-25 23:20:02.850,47.802777777778
Demo experiment,pioreactor02,2026-09-25T17:35:07.850Z,0.0,90,2,2026-09-25 23:20:07.850,47.804166666667
Demo experiment,pioreactor02,2026-09-25T17:35:07.850Z,0.180370973939,45,3,2026-09-25 23:20:07.850,47.804166666667
Demo experiment,pioreactor02,2026-09-25T17:35:07.850Z,0.029707423082,135,4,2026-09-25 23:20:07.850,47.804166666667
Demo experiment,pioreactor02,2026-09-25T17:35:12.850Z,0.0,90,2,2026-09-25 23:20:12.850,47.805555555556
Demo experiment,pioreactor02,2026-09-25T17:35:12.850Z,0.180447699136,45,3,2026-09-25 23:20:12.850,47.805555555556
Demo experiment,pioreactor02,2026-09-25T17:35:12.850Z,0.029894838178,135,4,2026-09-25 23:20:12.850,47.805555555556
Demo experiment,pioreactor02,2026-09-25T17:35:17.850Z,0.0,90,2,2026-09-25 23:20:17.850,47.806944444444
Demo experiment,pioreactor02,2026-09-25T17:35:17.850Z,0.180571350887,45,3,2026-09-25 23:20:17.850,47.806944444444
Demo experiment,pioreactor02,2026-09-25T17:35:17.850Z,0.028606861205,135,4,2026-09-25 23:20:17.850,47.806944444444
Demo experiment,pioreactor02,2026-09-25T17:35:22.851Z,0.0,90,2,2026-09-25 23:20:22.851,47.808333333333
Demo experiment,pioreactor02,2026-09-25T17:35:22.851Z,0.180283625574,45,3,2026-09-25 23:20:22.851,47.808333333333
Demo experiment,pioreactor02,2026-09-25T17:35:22.851Z,0.037223766528,135,4,2026-09-25 23:20:22.851,47.808333333333
Demo experiment,pioreactor02,2026-09-25T17:35:27.850Z,0.0,90,2,2026-09-25 23:20:27.850,47.809722222222
Demo experiment,pioreactor02,2026-09-25T17:35:27.850Z,0.179977267859,45,3,2026-09-25 23:20:27.850,47.809722222222
Demo experiment,pioreactor02,2026-09-25T17:35:27.850Z,0.034303292831,135,4,2026-09-25 23:20:27.850,47.809722222222
Demo experiment,pioreactor02,2026-09-25T17:35:32.851Z,0.0,90,2,2026-09-25 23:20:32.851,47.811111111111
Demo experiment,pioreactor02,2026-09-25T17:35:32.851Z,0.180181275779,45,3,2026-09-25 23:20:32.851,47.811111111111
Demo experiment,pioreactor02,2026-09-25T17:35:32.851Z,0.032446771405,135,4,2026-09-25 23:20:32.851,47.811111111111
Demo experiment,pioreactor02,2026-09-25T17:35:37.849Z,0.0,90,2,2026-09-25 23:20:37.849,47.8125
Demo experiment,pioreactor02,2026-09-25T17:35:37.849Z,0.180136334879,45,3,2026-09-25 23:20:37.849,47.8125
Demo experiment,pioreactor02,2026-09-25T17:35:37.849Z,0.030646480242,135,4,2026-09-25 23:20:37.849,47.8125
Demo experiment,pioreactor02,2026-09-25T17:35:42.849Z,0.0,90,2,2026-09-25 23:20:42.849,47.813888888889
Demo experiment,pioreactor02,2026-09-25T17:35:42.849Z,0.180349050065,45,3,2026-09-25 23:20:42.849,47.813888888889
Demo experiment,pioreactor02,2026-09-25T17:35:42.849Z,0.03050349448,135,4,2026-09-25 23:20:42.849,47.813888888889
Demo experiment,pioreactor02,2026-09-25T17:35:47.849Z,0.0,90,2,2026-09-25 23:20:47.849,47.815277777778
Demo experiment,pioreactor02,2026-09-25T17:35:47.849Z,0.180333613547,45,3,2026-09-25 23:20:47.849,47.815277777778
Demo experiment,pioreactor02,2026-09-25T17:35:47.849Z,0.029418107386,135,4,2026-09-25 23:20:47.849,47.815277777778
Demo experiment,pioreactor02,2026-09-25T17:35:52.849Z,0.0,90,2,2026-09-25 23:20:52.849,47.816666666667
Demo experiment,pioreactor02,2026-09-25T17:35:52.849Z,0.180339442595,45,3,2026-09-25 23:20:52.849,47.816666666667
Demo experiment,pioreactor02,2026-09-25T17:35:52.849Z,0.029518177458,135,4,2026-09-25 23:20:52.849,47.816666666667
Demo experiment,pioreactor02,2026-09-25T17:35:57.849Z,0.0,90,2,2026-09-25 23:20:57.849,47.818055555556
Demo experiment,pioreactor02,2026-09-25T17:35:57.849Z,0.180087633674,45,3,2026-09-25 23:20:57.849,47.818055555556
Demo experiment,pioreactor02,2026-09-25T17:35:57.849Z,0.030236370217,135,4,2026-09-25 23:20:57.849,47.818055555556
Demo experiment,pioreactor02,2026-09-25T17:36:02.850Z,0.0,90,2,2026-09-25 23:21:02.850,47.819444444444
Demo experiment,pioreactor02,2026-09-25T17:36:02.850Z,0.180132207749,45,3,2026-09-25 23:21:02.850,47.819444444444
Demo experiment,pioreactor02,2026-09-25T17:36:02.850Z,0.029815760414,135,4,2026-09-25 23:21:02.850,47.819444444444
Demo experiment,pioreactor02,2026-09-25T17:36:07.851Z,0.0,90,2,2026-09-25 23:21:07.851,47.820833333333
Demo experiment,pioreactor02,2026-09-25T17:36:07.851Z,0.180222136015,45,3,2026-09-25 23:21:07.851,47.820833333333
Demo experiment,pioreactor02,2026-09-25T17:36:07.851Z,0.029758261964,135,4,2026-09-25 23:21:07.851,47.820833333333
Demo experiment,pioreactor02,2026-09-25T17:36:12.850Z,0.0,90,2,2026-09-25 23:21:12.850,47.822222222222
Demo experiment,pioreactor02,2026-09-25T17:36:12.850Z,0.180220202641,45,3,2026-09-25 23:21:12.850,47.822222222222
Demo experiment,pioreactor02,2026-09-25T17:36:12.850Z,0.030705031958,135,4,2026-09-25 23:21:12.850,47.822222222222
Demo experiment,pioreactor02,2026-09-25T17:36:17.850Z,0.0,90,2,2026-09-25 23:21:17.850,47.823611111111
Demo experiment,pioreactor02,2026-09-25T17:36:17.850Z,0.180126493212,45,3,2026-09-25 23:21:17.850,47.823611111111
Demo experiment,pioreactor02,2026-09-25T17:36:17.850Z,0.032078212344,135,4,2026-09-25 23:21:17.850,47.823611111111
Demo experiment,pioreactor02,2026-09-25T17:36:22.850Z,0.0,90,2,2026-09-25 23:21:22.850,47.825
Demo experiment,pioreactor02,2026-09-25T17:36:22.850Z,0.180188498223,45,3,2026-09-25 23:21:22.850,47.825
Demo experiment,pioreactor02,2026-09-25T17:36:22.850Z,0.029982773744,135,4,2026-09-25 23:21:22.850,47.825
Demo experiment,pioreactor02,2026-09-25T17:36:27.852Z,0.0,90,2,2026-09-25 23:21:27.852,47.826388888889
Demo experiment,pioreactor02,2026-09-25T17:36:27.852Z,0.180298113443,45,3,2026-09-25 23:21:27.852,47.826388888889
Demo experiment,pioreactor02,2026-09-25T17:36:27.852Z,0.034427316528,135,4,2026-09-25 23:21:27.852,47.826388888889
Demo experiment,pioreactor02,2026-09-25T17:36:32.851Z,0.0,90,2,2026-09-25 23:21:32.851,47.827777777778
Demo experiment,pioreactor02,2026-09-25T17:36:32.851Z,0.180251239552,45,3,2026-09-25 23:21:32.851,47.827777777778
Demo experiment,pioreactor02,2026-09-25T17:36:32.851Z,0.033419958653,135,4,2026-09-25 23:21:32.851,47.827777777778
Demo experiment,pioreactor02,2026-09-25T17:36:37.850Z,0.0,90,2,2026-09-25 23:21:37.850,47.829166666667
Demo experiment,pioreactor02,2026-09-25T17:36:37.850Z,0.1800048794,45,3,2026-09-25 23:21:37.850,47.829166666667
Demo experiment,pioreactor02,2026-09-25T17:36:37.850Z,0.031774842843,135,4,2026-09-25 23:21:37.850,47.829166666667
Demo experiment,pioreactor02,2026-09-25T17:36:42.850Z,0.0,90,2,2026-09-25 23:21:42.850,47.830555555556
Demo experiment,pioreactor02,2026-09-25T17:36:42.850Z,0.179974050327,45,3,2026-09-25 23:21:42.850,47.830555555556
Demo experiment,pioreactor02,2026-09-25T17:36:42.850Z,0.029088296563,135,4,2026-09-25 23:21:42.850,47.830555555556
Demo experiment,pioreactor02,2026-09-25T17:36:47.852Z,0.0,90,2,2026-09-25 23:21:47.852,47.831944444444
Demo experiment,pioreactor02,2026-09-25T17:36:47.852Z,0.179986159542,45,3,2026-09-25 23:21:47.852,47.831944444444
Demo experiment,pioreactor02,2026-09-25T17:36:47.852Z,0.029899209446,135,4,2026-09-25 23:21:47.852,47.831944444444
Demo experiment,pioreactor02,2026-09-25T17:36:52.852Z,0.0,90,2,2026-09-25 23:21:52.852,47.833333333333
Demo experiment,pioreactor02,2026-09-25T17:36:52.852Z,0.180001190533,45,3,2026-09-25 23:21:52.852,47.833333333333
Demo experiment,pioreactor02,2026-09-25T17:36:52.852Z,0.029630821993,135,4,2026-09-25 23:21:52.852,47.833333333333
Demo experiment,pioreactor02,2026-09-25T17:36:57.848Z,0.0,90,2,2026-09-25 23:21:57.848,47.834722222222
Demo experiment,pioreactor02,2026-09-25T17:36:57.848Z,0.180147297103,45,3,2026-09-25 23:21:57.848,47.834722222222
Demo experiment,pioreactor02,2026-09-25T17:36:57.848Z,0.030281898889,135,4,2026-09-25 23:21:57.848,47.834722222222
Demo experiment,pioreactor02,2026-09-25T17:37:02.850Z,0.0,90,2,2026-09-25 23:22:02.850,47.836111111111
Demo experiment,pioreactor02,2026-09-25T17:37:02.850Z,0.180046049983,45,3,2026-09-25 23:22:02.850,47.836111111111
Demo experiment,pioreactor02,2026-09-25T17:37:02.850Z,0.030125843548,135,4,2026-09-25 23:22:02.850,47.836111111111
Demo experiment,pioreactor02,2026-09-25T17:37:07.850Z,0.0,90,2,2026-09-25 23:22:07.850,47.8375
Demo experiment,pioreactor02,2026-09-25T17:37:07.850Z,0.180042180878,45,3,2026-09-25 23:22:07.850,47.8375
Demo experiment,pioreactor02,2026-09-25T17:37:07.850Z,0.028882392,135,4,2026-09-25 23:22:07.850,47.8375
Demo experiment,pioreactor02,2026-09-25T17:37:12.850Z,0.0,90,2,2026-09-25 23:22:12.850,47.838888888889
Demo experiment,pioreactor02,2026-09-25T17:37:12.850Z,0.179955637774,45,3,2026-09-25 23:22:12.850,47.838888888889
Demo experiment,pioreactor02,2026-09-25T17:37:12.850Z,0.028467100969,135,4,2026-09-25 23:22:12.850,47.838888888889
Demo experiment,pioreactor02,2026-09-25T17:37:17.850Z,0.0,90,2,2026-09-25 23:22:17.850,47.840277777778
Demo experiment,pioreactor02,2026-09-25T17:37:17.850Z,0.179958242233,45,3,2026-09-25 23:22:17.850,47.840277777778
Demo experiment,pioreactor02,2026-09-25T17:37:17.850Z,0.03036728357,135,4,2026-09-25 23:22:17.850,47.840277777778
Demo experiment,pioreactor02,2026-09-25T17:37:22.851Z,0.0,90,2,2026-09-25 23:22:22.851,47.841666666667
Demo experiment,pioreactor02,2026-09-25T17:37:22.851Z,0.180127320828,45,3,2026-09-25 23:22:22.851,47.841666666667
Demo experiment,pioreactor02,2026-09-25T17:37:22.851Z,0.028757520381,135,4,2026-09-25 23:22:22.851,47.841666666667
Demo experiment,pioreactor02,2026-09-25T17:37:27.850Z,0.0,90,2,2026-09-25 23:22:27.850,47.843055555556
Demo experiment,pioreactor02,2026-09-25T17:37:27.850Z,0.180284134977,45,3,2026-09-25 23:22:27.850,47.843055555556
Demo experiment,pioreactor02,2026-09-25T17:37:27.850Z,0.029275136538,135,4,2026-09-25 23:22:27.850,47.843055555556
Demo experiment,pioreactor02,2026-09-25T17:37:32.857Z,0.0,90,2,2026-09-25 23:22:32.857,47.844444444444
Demo experiment,pioreactor02,2026-09-25T17:37:32.857Z,0.180031026159,45,3,2026-09-25 23:22:32.857,47.844444444444
Demo experiment,pioreactor02,2026-09-25T17:37:32.857Z,0.031737074303,135,4,2026-09-25 23:22:32.857,47.844444444444
Demo experiment,pioreactor02,2026-09-25T17:37:37.855Z,0.0,90,2,2026-09-25 23:22:37.855,47.845833333333
Demo experiment,pioreactor02,2026-09-25T17:37:37.855Z,0.179851360098,45,3,2026-09-25 23:22:37.855,47.845833333333
Demo experiment,pioreactor02,2026-09-25T17:37:37.855Z,0.030017061146,135,4,2026-09-25 23:22:37.855,47.845833333333
Demo experiment,pioreactor02,2026-09-25T17:37:42.854Z,0.0,90,2,2026-09-25 23:22:42.854,47.847222222222
Demo experiment,pioreactor02,2026-09-25T17:37:42.854Z,0.17994684478,45,3,2026-09-25 23:22:42.854,47.847222222222
Demo experiment,pioreactor02,2026-09-25T17:37:42.854Z,0.029520675527,135,4,2026-09-25 23:22:42.854,47.847222222222
Demo experiment,pioreactor02,2026-09-25T17:37:47.854Z,0.0,90,2,2026-09-25 23:22:47.854,47.848611111111
Demo experiment,pioreactor02,2026-09-25T17:37:47.854Z,0.179959648038,45,3,2026-09-25 23:22:47.854,47.848611111111
Demo experiment,pioreactor02,2026-09-25T17:37:47.854Z,0.030210287429,135,4,2026-09-25 23:22:47.854,47.848611111111
Demo experiment,pioreactor02,2026-09-25T17:37:52.854Z,0.0,90,2,2026-09-25 23:22:52.854,47.85
Demo experiment,pioreactor02,2026-09-25T17:37:52.854Z,0.180454289752,45,3,2026-09-25 23:22:52.854,47.85
Demo experiment,pioreactor02,2026-09-25T17:37:52.854Z,0.031165880581,135,4,2026-09-25 23:22:52.854,47.85
Demo experiment,pioreactor02,2026-09-25T17:37:57.853Z,0.0,90,2,2026-09-25 23:22:57.853,47.851388888889
Demo experiment,pioreactor02,2026-09-25T17:37:57.853Z,0.180174108527,45,3,2026-09-25 23:22:57.853,47.851388888889
Demo experiment,pioreactor02,2026-09-25T17:37:57.853Z,0.029271200537,135,4,2026-09-25 23:22:57.853,47.851388888889
Demo experiment,pioreactor02,2026-09-25T17:38:02.859Z,0.0,90,2,2026-09-25 23:23:02.859,47.852777777778
Demo experiment,pioreactor02,2026-09-25T17:38:02.859Z,0.180293790316,45,3,2026-09-25 23:23:02.859,47.852777777778
Demo experiment,pioreactor02,2026-09-25T17:38:02.859Z,0.031586350874,135,4,2026-09-25 23:23:02.859,47.852777777778
Demo experiment,pioreactor02,2026-09-25T17:38:07.853Z,0.0,90,2,2026-09-25 23:23:07.853,47.854166666667
Demo experiment,pioreactor02,2026-09-25T17:38:07.853Z,0.179715284175,45,3,2026-09-25 23:23:07.853,47.854166666667
Demo experiment,pioreactor02,2026-09-25T17:38:07.853Z,0.033508317979,135,4,2026-09-25 23:23:07.853,47.854166666667
Demo experiment,pioreactor02,2026-09-25T17:38:12.856Z,0.0,90,2,2026-09-25 23:23:12.856,47.855555555556
Demo experiment,pioreactor02,2026-09-25T17:38:12.856Z,0.179593473175,45,3,2026-09-25 23:23:12.856,47.855555555556
Demo experiment,pioreactor02,2026-09-25T17:38:12.856Z,0.032100771284,135,4,2026-09-25 23:23:12.856,47.855555555556
Demo experiment,pioreactor02,2026-09-25T17:38:17.853Z,0.0,90,2,2026-09-25 23:23:17.853,47.856944444444
Demo experiment,pioreactor02,2026-09-25T17:38:17.853Z,0.179648227751,45,3,2026-09-25 23:23:17.853,47.856944444444
Demo experiment,pioreactor02,2026-09-25T17:38:17.853Z,0.031529997074,135,4,2026-09-25 23:23:17.853,47.856944444444
Demo experiment,pioreactor02,2026-09-25T17:38:22.855Z,0.0,90,2,2026-09-25 23:23:22.855,47.858333333333
Demo experiment,pioreactor02,2026-09-25T17:38:22.855Z,0.179668787719,45,3,2026-09-25 23:23:22.855,47.858333333333
Demo experiment,pioreactor02,2026-09-25T17:38:22.855Z,0.029928686935,135,4,2026-09-25 23:23:22.855,47.858333333333
Demo experiment,pioreactor02,2026-09-25T17:38:27.853Z,0.0,90,2,2026-09-25 23:23:27.853,47.859722222222
Demo experiment,pioreactor02,2026-09-25T17:38:27.853Z,0.179698436411,45,3,2026-09-25 23:23:27.853,47.859722222222
Demo experiment,pioreactor02,2026-09-25T17:38:27.853Z,0.029234710886,135,4,2026-09-25 23:23:27.853,47.859722222222
Demo experiment,pioreactor02,2026-09-25T17:38:32.852Z,0.0,90,2,2026-09-25 23:23:32.852,47.861111111111
Demo experiment,pioreactor02,2026-09-25T17:38:32.852Z,0.179868144625,45,3,2026-09-25 23:23:32.852,47.861111111111
Demo experiment,pioreactor02,2026-09-25T17:38:32.852Z,0.029852327591,135,4,2026-09-25 23:23:32.852,47.861111111111
Demo experiment,pioreactor02,2026-09-25T17:38:37.864Z,0.0,90,2,2026-09-25 23:23:37.864,47.8625
Demo experiment,pioreactor02,2026-09-25T17:38:37.864Z,0.179879273875,45,3,2026-09-25 23:23:37.864,47.8625
Demo experiment,pioreactor02,2026-09-25T17:38:37.864Z,0.030588166116,135,4,2026-09-25 23:23:37.864,47.8625
Demo experiment,pioreactor02,2026-09-25T17:38:42.853Z,0.0,90,2,2026-09-25 23:23:42.853,47.863888888889
Demo experiment,pioreactor02,2026-09-25T17:38:42.853Z,0.179867016529,45,3,2026-09-25 23:23:42.853,47.863888888889
Demo experiment,pioreactor02,2026-09-25T17:38:42.853Z,0.029878985592,135,4,2026-09-25 23:23:42.853,47.863888888889
Demo experiment,pioreactor02,2026-09-25T17:38:47.849Z,0.0,90,2,2026-09-25 23:23:47.849,47.865277777778
Demo experiment,pioreactor02,2026-09-25T17:38:47.849Z,0.17971179184,45,3,2026-09-25 23:23:47.849,47.865277777778
Demo experiment,pioreactor02,2026-09-25T17:38:47.849Z,0.029347591565,135,4,2026-09-25 23:23:47.849,47.865277777778
Demo experiment,pioreactor02,2026-09-25T17:38:52.850Z,0.0,90,2,2026-09-25 23:23:52.850,47.866666666667
Demo experiment,pioreactor02,2026-09-25T17:38:52.850Z,0.179827128159,45,3,2026-09-25 23:23:52.850,47.866666666667
Demo experiment,pioreactor02,2026-09-25T17:38:52.850Z,0.028525350429,135,4,2026-09-25 23:23:52.850,47.866666666667
Demo experiment,pioreactor02,2026-09-25T17:38:57.855Z,0.0,90,2,2026-09-25 23:23:57.855,47.868055555556
Demo experiment,pioreactor02,2026-09-25T17:38:57.855Z,0.179898991557,45,3,2026-09-25 23:23:57.855,47.868055555556
Demo experiment,pioreactor02,2026-09-25T17:38:57.855Z,0.031135459681,135,4,2026-09-25 23:23:57.855,47.868055555556
Demo experiment,pioreactor02,2026-09-25T17:39:02.858Z,0.0,90,2,2026-09-25 23:24:02.858,47.869444444444
Demo experiment,pioreactor02,2026-09-25T17:39:02.858Z,0.179815117638,45,3,2026-09-25 23:24:02.858,47.869444444444
Demo experiment,pioreactor02,2026-09-25T17:39:02.858Z,0.030725382803,135,4,2026-09-25 23:24:02.858,47.869444444444
Demo experiment,pioreactor02,2026-09-25T17:39:07.855Z,0.0,90,2,2026-09-25 23:24:07.855,47.870833333333
Demo experiment,pioreactor02,2026-09-25T17:39:07.855Z,0.179940041387,45,3,2026-09-25 23:24:07.855,47.870833333333
Demo experiment,pioreactor02,2026-09-25T17:39:07.855Z,0.031481174625,135,4,2026-09-25 23:24:07.855,47.870833333333
Demo experiment,pioreactor02,2026-09-25T17:39:12.858Z,0.0,90,2,2026-09-25 23:24:12.858,47.872222222222
Demo experiment,pioreactor02,2026-09-25T17:39:12.858Z,0.179676035006,45,3,2026-09-25 23:24:12.858,47.872222222222
Demo experiment,pioreactor02,2026-09-25T17:39:12.858Z,0.035321378071,135,4,2026-09-25 23:24:12.858,47.872222222222
Demo experiment,pioreactor02,2026-09-25T17:39:17.856Z,0.0,90,2,2026-09-25 23:24:17.856,47.873611111111
Demo experiment,pioreactor02,2026-09-25T17:39:17.856Z,0.179707982747,45,3,2026-09-25 23:24:17.856,47.873611111111
Demo experiment,pioreactor02,2026-09-25T17:39:17.856Z,0.034388394498,135,4,2026-09-25 23:24:17.856,47.873611111111
Demo experiment,pioreactor02,2026-09-25T17:39:22.855Z,0.0,90,2,2026-09-25 23:24:22.855,47.875
Demo experiment,pioreactor02,2026-09-25T17:39:22.855Z,0.179802972913,45,3,2026-09-25 23:24:22.855,47.875
Demo experiment,pioreactor02,2026-09-25T17:39:22.855Z,0.032575152476,135,4,2026-09-25 23:24:22.855,47.875
Demo experiment,pioreactor02,2026-09-25T17:39:27.853Z,0.0,90,2,2026-09-25 23:24:27.853,47.876388888889
Demo experiment,pioreactor02,2026-09-25T17:39:27.853Z,0.17992088556,45,3,2026-09-25 23:24:27.853,47.876388888889
Demo experiment,pioreactor02,2026-09-25T17:39:27.853Z,0.031747493145,135,4,2026-09-25 23:24:27.853,47.876388888889
Demo experiment,pioreactor02,2026-09-25T17:39:32.854Z,0.0,90,2,2026-09-25 23:24:32.854,47.877777777778
Demo experiment,pioreactor02,2026-09-25T17:39:32.854Z,0.179624515595,45,3,2026-09-25 23:24:32.854,47.877777777778
Demo experiment,pioreactor02,2026-09-25T17:39:32.854Z,0.030291224843,135,4,2026-09-25 23:24:32.854,47.877777777778
Demo experiment,pioreactor02,2026-09-25T17:39:37.855Z,0.0,90,2,2026-09-25 23:24:37.855,47.879166666667
Demo experiment,pioreactor02,2026-09-25T17:39:37.855Z,0.179649800208,45,3,2026-09-25 23:24:37.855,47.879166666667
Demo experiment,pioreactor02,2026-09-25T17:39:37.855Z,0.031207424676,135,4,2026-09-25 23:24:37.855,47.879166666667
Demo experiment,pioreactor02,2026-09-25T17:39:42.852Z,0.0,90,2,2026-09-25 23:24:42.852,47.880555555556
Demo experiment,pioreactor02,2026-09-25T17:39:42.852Z,0.179818696502,45,3,2026-09-25 23:24:42.852,47.880555555556
Demo experiment,pioreactor02,2026-09-25T17:39:42.852Z,0.036718092832,135,4,2026-09-25 23:24:42.852,47.880555555556
Demo experiment,pioreactor02,2026-09-25T17:39:47.851Z,0.0,90,2,2026-09-25 23:24:47.851,47.881944444444
Demo experiment,pioreactor02,2026-09-25T17:39:47.851Z,0.179555699068,45,3,2026-09-25 23:24:47.851,47.881944444444
Demo experiment,pioreactor02,2026-09-25T17:39:47.851Z,0.034964264047,135,4,2026-09-25 23:24:47.851,47.881944444444
Demo experiment,pioreactor02,2026-09-25T17:39:52.850Z,0.0,90,2,2026-09-25 23:24:52.850,47.883333333333
Demo experiment,pioreactor02,2026-09-25T17:39:52.850Z,0.179524422517,45,3,2026-09-25 23:24:52.850,47.883333333333
Demo experiment,pioreactor02,2026-09-25T17:39:52.850Z,0.032476798921,135,4,2026-09-25 23:24:52.850,47.883333333333
Demo experiment,pioreactor02,2026-09-25T17:39:57.851Z,0.0,90,2,2026-09-25 23:24:57.851,47.884722222222
Demo experiment,pioreactor02,2026-09-25T17:39:57.851Z,0.179538203101,45,3,2026-09-25 23:24:57.851,47.884722222222
Demo experiment,pioreactor02,2026-09-25T17:39:57.851Z,0.031302648552,135,4,2026-09-25 23:24:57.851,47.884722222222
Demo experiment,pioreactor02,2026-09-25T17:40:02.852Z,0.0,90,2,2026-09-25 23:25:02.852,47.886111111111
Demo experiment,pioreactor02,2026-09-25T17:40:02.852Z,0.179664286886,45,3,2026-09-25 23:25:02.852,47.886111111111
Demo experiment,pioreactor02,2026-09-25T17:40:02.852Z,0.030852652538,135,4,2026-09-25 23:25:02.852,47.886111111111
Demo experiment,pioreactor02,2026-09-25T17:40:07.850Z,0.0,90,2,2026-09-25 23:25:07.850,47.8875
Demo experiment,pioreactor02,2026-09-25T17:40:07.850Z,0.179677134196,45,3,2026-09-25 23:25:07.850,47.8875
Demo experiment,pioreactor02,2026-09-25T17:40:07.850Z,0.030580106343,135,4,2026-09-25 23:25:07.850,47.8875
Demo experiment,pioreactor02,2026-09-25T17:40:12.850Z,0.0,90,2,2026-09-25 23:25:12.850,47.888888888889
Demo experiment,pioreactor02,2026-09-25T17:40:12.850Z,0.179813022954,45,3,2026-09-25 23:25:12.850,47.888888888889
Demo experiment,pioreactor02,2026-09-25T17:40:12.850Z,0.030313915514,135,4,2026-09-25 23:25:12.850,47.888888888889
Demo experiment,pioreactor02,2026-09-25T17:40:17.854Z,0.0,90,2,2026-09-25 23:25:17.854,47.890277777778
Demo experiment,pioreactor02,2026-09-25T17:40:17.854Z,0.179532693812,45,3,2026-09-25 23:25:17.854,47.890277777778
Demo experiment,pioreactor02,2026-09-25T17:40:17.854Z,0.038513488944,135,4,2026-09-25 23:25:17.854,47.890277777778
Demo experiment,pioreactor02,2026-09-25T17:40:22.852Z,0.0,90,2,2026-09-25 23:25:22.852,47.891666666667
Demo experiment,pioreactor02,2026-09-25T17:40:22.852Z,0.179530884408,45,3,2026-09-25 23:25:22.852,47.891666666667
Demo experiment,pioreactor02,2026-09-25T17:40:22.852Z,0.036602595974,135,4,2026-09-25 23:25:22.852,47.891666666667
Demo experiment,pioreactor02,2026-09-25T17:40:27.850Z,0.0,90,2,2026-09-25 23:25:27.850,47.893055555556
Demo experiment,pioreactor02,2026-09-25T17:40:27.850Z,0.179388071536,45,3,2026-09-25 23:25:27.850,47.893055555556
Demo experiment,pioreactor02,2026-09-25T17:40:27.850Z,0.032570856815,135,4,2026-09-25 23:25:27.850,47.893055555556
Demo experiment,pioreactor02,2026-09-25T17:40:32.852Z,0.0,90,2,2026-09-25 23:25:32.852,47.894444444444
Demo experiment,pioreactor02,2026-09-25T17:40:32.852Z,0.179338870433,45,3,2026-09-25 23:25:32.852,47.894444444444
Demo experiment,pioreactor02,2026-09-25T17:40:32.852Z,0.031372238105,135,4,2026-09-25 23:25:32.852,47.894444444444
Demo experiment,pioreactor02,2026-09-25T17:40:37.849Z,0.0,90,2,2026-09-25 23:25:37.849,47.895833333333
Demo experiment,pioreactor02,2026-09-25T17:40:37.849Z,0.17930229116,45,3,2026-09-25 23:25:37.849,47.895833333333
Demo experiment,pioreactor02,2026-09-25T17:40:37.849Z,0.030136325169,135,4,2026-09-25 23:25:37.849,47.895833333333
Demo experiment,pioreactor02,2026-09-25T17:40:42.850Z,0.0,90,2,2026-09-25 23:25:42.850,47.897222222222
Demo experiment,pioreactor02,2026-09-25T17:40:42.850Z,0.179483219849,45,3,2026-09-25 23:25:42.850,47.897222222222
Demo experiment,pioreactor02,2026-09-25T17:40:42.850Z,0.029515512494,135,4,2026-09-25 23:25:42.850,47.897222222222
Demo experiment,pioreactor02,2026-09-25T17:40:47.856Z,0.0,90,2,2026-09-25 23:25:47.856,47.898611111111
Demo experiment,pioreactor02,2026-09-25T17:40:47.856Z,0.179435432979,45,3,2026-09-25 23:25:47.856,47.898611111111
Demo experiment,pioreactor02,2026-09-25T17:40:47.856Z,0.031182351992,135,4,2026-09-25 23:25:47.856,47.898611111111
Demo experiment,pioreactor02,2026-09-25T17:40:52.853Z,0.0,90,2,2026-09-25 23:25:52.853,47.9
Demo experiment,pioreactor02,2026-09-25T17:40:52.853Z,0.179382133403,45,3,2026-09-25 23:25:52.853,47.9
Demo experiment,pioreactor02,2026-09-25T17:40:52.853Z,0.033405980395,135,4,2026-09-25 23:25:52.853,47.9
Demo experiment,pioreactor02,2026-09-25T17:40:57.854Z,0.0,90,2,2026-09-25 23:25:57.854,47.901388888889
Demo experiment,pioreactor02,2026-09-25T17:40:57.854Z,0.179281153237,45,3,2026-09-25 23:25:57.854,47.901388888889
Demo experiment,pioreactor02,2026-09-25T17:40:57.854Z,0.033075834894,135,4,2026-09-25 23:25:57.854,47.901388888889
Demo experiment,pioreactor02,2026-09-25T17:41:02.849Z,0.0,90,2,2026-09-25 23:26:02.849,47.902777777778
Demo experiment,pioreactor02,2026-09-25T17:41:02.849Z,0.17928727699,45,3,2026-09-25 23:26:02.849,47.902777777778
Demo experiment,pioreactor02,2026-09-25T17:41:02.849Z,0.032140476795,135,4,2026-09-25 23:26:02.849,47.902777777778
Demo experiment,pioreactor02,2026-09-25T17:41:07.851Z,0.0,90,2,2026-09-25 23:26:07.851,47.904166666667
Demo experiment,pioreactor02,2026-09-25T17:41:07.851Z,0.179385682768,45,3,2026-09-25 23:26:07.851,47.904166666667
Demo experiment,pioreactor02,2026-09-25T17:41:07.851Z,0.033902610202,135,4,2026-09-25 23:26:07.851,47.904166666667
Demo experiment,pioreactor02,2026-09-25T17:41:12.850Z,0.0,90,2,2026-09-25 23:26:12.850,47.905555555556
Demo experiment,pioreactor02,2026-09-25T17:41:12.850Z,0.179451960142,45,3,2026-09-25 23:26:12.850,47.905555555556
Demo experiment,pioreactor02,2026-09-25T17:41:12.850Z,0.031281888673,135,4,2026-09-25 23:26:12.850,47.905555555556
Demo experiment,pioreactor02,2026-09-25T17:41:17.853Z,0.0,90,2,2026-09-25 23:26:17.853,47.906944444444
Demo experiment,pioreactor02,2026-09-25T17:41:17.853Z,0.179546762962,45,3,2026-09-25 23:26:17.853,47.906944444444
Demo experiment,pioreactor02,2026-09-25T17:41:17.853Z,0.033994835621,135,4,2026-09-25 23:26:17.853,47.906944444444
Demo experiment,pioreactor02,2026-09-25T17:41:22.854Z,0.0,90,2,2026-09-25 23:26:22.854,47.908333333333
Demo experiment,pioreactor02,2026-09-25T17:41:22.854Z,0.179392801188,45,3,2026-09-25 23:26:22.854,47.908333333333
Demo experiment,pioreactor02,2026-09-25T17:41:22.854Z,0.032215488169,135,4,2026-09-25 23:26:22.854,47.908333333333
Demo experiment,pioreactor02,2026-09-25T17:41:27.850Z,0.0,90,2,2026-09-25 23:26:27.850,47.909722222222
Demo experiment,pioreactor02,2026-09-25T17:41:27.850Z,0.179395524126,45,3,2026-09-25 23:26:27.850,47.909722222222
Demo experiment,pioreactor02,2026-09-25T17:41:27.850Z,0.031544373644,135,4,2026-09-25 23:26:27.850,47.909722222222
Demo experiment,pioreactor02,2026-09-25T17:41:32.851Z,0.0,90,2,2026-09-25 23:26:32.851,47.911111111111
Demo experiment,pioreactor02,2026-09-25T17:41:32.851Z,0.179265385894,45,3,2026-09-25 23:26:32.851,47.911111111111
Demo experiment,pioreactor02,2026-09-25T17:41:32.851Z,0.029937208014,135,4,2026-09-25 23:26:32.851,47.911111111111
Demo experiment,pioreactor02,2026-09-25T17:41:37.853Z,0.0,90,2,2026-09-25 23:26:37.853,47.9125
Demo experiment,pioreactor02,2026-09-25T17:41:37.853Z,0.179318827652,45,3,2026-09-25 23:26:37.853,47.9125
Demo experiment,pioreactor02,2026-09-25T17:41:37.853Z,0.029390745765,135,4,2026-09-25 23:26:37.853,47.9125
Demo experiment,pioreactor02,2026-09-25T17:41:42.850Z,0.0,90,2,2026-09-25 23:26:42.850,47.913888888889
Demo experiment,pioreactor02,2026-09-25T17:41:42.850Z,0.179384469931,45,3,2026-09-25 23:26:42.850,47.913888888889
Demo experiment,pioreactor02,2026-09-25T17:41:42.850Z,0.029533526701,135,4,2026-09-25 23:26:42.850,47.913888888889
Demo experiment,pioreactor02,2026-09-25T17:41:47.850Z,0.0,90,2,2026-09-25 23:26:47.850,47.915277777778
Demo experiment,pioreactor02,2026-09-25T17:41:47.850Z,0.17953163955,45,3,2026-09-25 23:26:47.850,47.915277777778
Demo experiment,pioreactor02,2026-09-25T17:41:47.850Z,0.031259952733,135,4,2026-09-25 23:26:47.850,47.915277777778
Demo experiment,pioreactor02,2026-09-25T17:41:52.851Z,0.0,90,2,2026-09-25 23:26:52.851,47.916666666667
Demo experiment,pioreactor02,2026-09-25T17:41:52.851Z,0.179412954162,45,3,2026-09-25 23:26:52.851,47.916666666667
Demo experiment,pioreactor02,2026-09-25T17:41:52.851Z,0.031472095733,135,4,2026-09-25 23:26:52.851,47.916666666667
Demo experiment,pioreactor02,2026-09-25T17:41:57.851Z,0.0,90,2,2026-09-25 23:26:57.851,47.918055555556
Demo experiment,pioreactor02,2026-09-25T17:41:57.851Z,0.179424355506,45,3,2026-09-25 23:26:57.851,47.918055555556
Demo experiment,pioreactor02,2026-09-25T17:41:57.851Z,0.03215936095,135,4,2026-09-25 23:26:57.851,47.918055555556
Demo experiment,pioreactor02,2026-09-25T17:42:02.851Z,0.0,90,2,2026-09-25 23:27:02.851,47.919444444444
Demo experiment,pioreactor02,2026-09-25T17:42:02.851Z,0.17948296676,45,3,2026-09-25 23:27:02.851,47.919444444444
Demo experiment,pioreactor02,2026-09-25T17:42:02.851Z,0.031425953453,135,4,2026-09-25 23:27:02.851,47.919444444444
Demo experiment,pioreactor02,2026-09-25T17:42:07.851Z,0.0,90,2,2026-09-25 23:27:07.851,47.920833333333
Demo experiment,pioreactor02,2026-09-25T17:42:07.851Z,0.179496001696,45,3,2026-09-25 23:27:07.851,47.920833333333
Demo experiment,pioreactor02,2026-09-25T17:42:07.851Z,0.031197024744,135,4,2026-09-25 23:27:07.851,47.920833333333
Demo experiment,pioreactor02,2026-09-25T17:42:12.851Z,0.0,90,2,2026-09-25 23:27:12.851,47.922222222222
Demo experiment,pioreactor02,2026-09-25T17:42:12.851Z,0.179468194471,45,3,2026-09-25 23:27:12.851,47.922222222222
Demo experiment,pioreactor02,2026-09-25T17:42:12.851Z,0.03371084714,135,4,2026-09-25 23:27:12.851,47.922222222222
Demo experiment,pioreactor02,2026-09-25T17:42:17.850Z,0.0,90,2,2026-09-25 23:27:17.850,47.923611111111
Demo experiment,pioreactor02,2026-09-25T17:42:17.850Z,0.179476441436,45,3,2026-09-25 23:27:17.850,47.923611111111
Demo experiment,pioreactor02,2026-09-25T17:42:17.850Z,0.031366189566,135,4,2026-09-25 23:27:17.850,47.923611111111
Demo experiment,pioreactor02,2026-09-25T17:42:22.850Z,0.0,90,2,2026-09-25 23:27:22.850,47.925
Demo experiment,pioreactor02,2026-09-25T17:42:22.850Z,0.179288471425,45,3,2026-09-25 23:27:22.850,47.925
Demo experiment,pioreactor02,2026-09-25T17:42:22.850Z,0.032093893074,135,4,2026-09-25 23:27:22.850,47.925
Demo experiment,pioreactor02,2026-09-25T17:42:27.849Z,0.0,90,2,2026-09-25 23:27:27.849,47.926388888889
Demo experiment,pioreactor02,2026-09-25T17:42:27.849Z,0.179279913211,45,3,2026-09-25 23:27:27.849,47.926388888889
Demo experiment,pioreactor02,2026-09-25T17:42:27.849Z,0.033688468221,135,4,2026-09-25 23:27:27.849,47.926388888889
Demo experiment,pioreactor02,2026-09-25T17:42:32.849Z,0.0,90,2,2026-09-25 23:27:32.849,47.927777777778
Demo experiment,pioreactor02,2026-09-25T17:42:32.849Z,0.179193907335,45,3,2026-09-25 23:27:32.849,47.927777777778
Demo experiment,pioreactor02,2026-09-25T17:42:32.849Z,0.032249224154,135,4,2026-09-25 23:27:32.849,47.927777777778
Demo experiment,pioreactor02,2026-09-25T17:42:37.850Z,0.0,90,2,2026-09-25 23:27:37.850,47.929166666667
Demo experiment,pioreactor02,2026-09-25T17:42:37.850Z,0.17923068179,45,3,2026-09-25 23:27:37.850,47.929166666667
Demo experiment,pioreactor02,2026-09-25T17:42:37.850Z,0.031304478842,135,4,2026-09-25 23:27:37.850,47.929166666667
Demo experiment,pioreactor02,2026-09-25T17:42:42.853Z,0.0,90,2,2026-09-25 23:27:42.853,47.930555555556
Demo experiment,pioreactor02,2026-09-25T17:42:42.853Z,0.179253666842,45,3,2026-09-25 23:27:42.853,47.930555555556
Demo experiment,pioreactor02,2026-09-25T17:42:42.853Z,0.03188729913,135,4,2026-09-25 23:27:42.853,47.930555555556
Demo experiment,pioreactor02,2026-09-25T17:42:47.849Z,0.0,90,2,2026-09-25 23:27:47.849,47.931944444444
Demo experiment,pioreactor02,2026-09-25T17:42:47.849Z,0.179164665395,45,3,2026-09-25 23:27:47.849,47.931944444444
Demo experiment,pioreactor02,2026-09-25T17:42:47.849Z,0.032512909833,135,4,2026-09-25 23:27:47.849,47.931944444444
Demo experiment,pioreactor02,2026-09-25T17:42:52.851Z,0.0,90,2,2026-09-25 23:27:52.851,47.933333333333
Demo experiment,pioreactor02,2026-09-25T17:42:52.851Z,0.179287383711,45,3,2026-09-25 23:27:52.851,47.933333333333
Demo experiment,pioreactor02,2026-09-25T17:42:52.851Z,0.033298023995,135,4,2026-09-25 23:27:52.851,47.933333333333
Demo experiment,pioreactor02,2026-09-25T17:42:57.849Z,0.0,90,2,2026-09-25 23:27:57.849,47.934722222222
Demo experiment,pioreactor02,2026-09-25T17:42:57.849Z,0.179176886945,45,3,2026-09-25 23:27:57.849,47.934722222222
Demo experiment,pioreactor02,2026-09-25T17:42:57.849Z,0.035520415616,135,4,2026-09-25 23:27:57.849,47.934722222222
Demo experiment,pioreactor02,2026-09-25T17:43:02.851Z,0.0,90,2,2026-09-25 23:28:02.851,47.936111111111
Demo experiment,pioreactor02,2026-09-25T17:43:02.851Z,0.179422559965,45,3,2026-09-25 23:28:02.851,47.936111111111
Demo experiment,pioreactor02,2026-09-25T17:43:02.851Z,0.037178948107,135,4,2026-09-25 23:28:02.851,47.936111111111
Demo experiment,pioreactor02,2026-09-25T17:43:07.850Z,0.0,90,2,2026-09-25 23:28:07.850,47.9375
Demo experiment,pioreactor02,2026-09-25T17:43:07.850Z,0.179402246959,45,3,2026-09-25 23:28:07.850,47.9375
Demo experiment,pioreactor02,2026-09-25T17:43:07.850Z,0.032602444398,135,4,2026-09-25 23:28:07.850,47.9375
Demo experiment,pioreactor02,2026-09-25T17:43:12.851Z,0.0,90,2,2026-09-25 23:28:12.851,47.938888888889
Demo experiment,pioreactor02,2026-09-25T17:43:12.851Z,0.179150808554,45,3,2026-09-25 23:28:12.851,47.938888888889
Demo experiment,pioreactor02,2026-09-25T17:43:12.851Z,0.032775519925,135,4,2026-09-25 23:28:12.851,47.938888888889
Demo experiment,pioreactor02,2026-09-25T17:43:17.850Z,0.0,90,2,2026-09-25 23:28:17.850,47.940277777778
Demo experiment,pioreactor02,2026-09-25T17:43:17.850Z,0.179419210393,45,3,2026-09-25 23:28:17.850,47.940277777778
Demo experiment,pioreactor02,2026-09-25T17:43:17.850Z,0.033974413994,135,4,2026-09-25 23:28:17.850,47.940277777778
Demo experiment,pioreactor02,2026-09-25T17:43:22.852Z,0.0,90,2,2026-09-25 23:28:22.852,47.941666666667
Demo experiment,pioreactor02,2026-09-25T17:43:22.852Z,0.179338615282,45,3,2026-09-25 23:28:22.852,47.941666666667
Demo experiment,pioreactor02,2026-09-25T17:43:22.852Z,0.031941360291,135,4,2026-09-25 23:28:22.852,47.941666666667
Demo experiment,pioreactor02,2026-09-25T17:43:27.851Z,0.0,90,2,2026-09-25 23:28:27.851,47.943055555556
Demo experiment,pioreactor02,2026-09-25T17:43:27.851Z,0.179299684359,45,3,2026-09-25 23:28:27.851,47.943055555556
Demo experiment,pioreactor02,2026-09-25T17:43:27.851Z,0.029140855221,135,4,2026-09-25 23:28:27.851,47.943055555556
Demo experiment,pioreactor02,2026-09-25T17:43:32.850Z,0.0,90,2,2026-09-25 23:28:32.850,47.944444444444
Demo experiment,pioreactor02,2026-09-25T17:43:32.850Z,0.179291598793,45,3,2026-09-25 23:28:32.850,47.944444444444
Demo experiment,pioreactor02,2026-09-25T17:43:32.850Z,0.029852568772,135,4,2026-09-25 23:28:32.850,47.944444444444
Demo experiment,pioreactor02,2026-09-25T17:43:37.851Z,0.0,90,2,2026-09-25 23:28:37.851,47.945833333333
Demo experiment,pioreactor02,2026-09-25T17:43:37.851Z,0.179243387089,45,3,2026-09-25 23:28:37.851,47.945833333333
Demo experiment,pioreactor02,2026-09-25T17:43:37.851Z,0.030587951087,135,4,2026-09-25 23:28:37.851,47.945833333333
Demo experiment,pioreactor02,2026-09-25T17:43:42.851Z,0.0,90,2,2026-09-25 23:28:42.851,47.947222222222
Demo experiment,pioreactor02,2026-09-25T17:43:42.851Z,0.179271764452,45,3,2026-09-25 23:28:42.851,47.947222222222
Demo experiment,pioreactor02,2026-09-25T17:43:42.851Z,0.029976512214,135,4,2026-09-25 23:28:42.851,47.947222222222
Demo experiment,pioreactor02,2026-09-25T17:43:47.850Z,0.0,90,2,2026-09-25 23:28:47.850,47.948611111111
Demo experiment,pioreactor02,2026-09-25T17:43:47.850Z,0.179225634194,45,3,2026-09-25 23:28:47.850,47.948611111111
Demo experiment,pioreactor02,2026-09-25T17:43:47.850Z,0.031545329173,135,4,2026-09-25 23:28:47.850,47.948611111111
Demo experiment,pioreactor02,2026-09-25T17:43:52.849Z,0.0,90,2,2026-09-25 23:28:52.849,47.95
Demo experiment,pioreactor02,2026-09-25T17:43:52.849Z,0.179246386936,45,3,2026-09-25 23:28:52.849,47.95
Demo experiment,pioreactor02,2026-09-25T17:43:52.849Z,0.032304338525,135,4,2026-09-25 23:28:52.849,47.95
Demo experiment,pioreactor02,2026-09-25T17:43:57.852Z,0.0,90,2,2026-09-25 23:28:57.852,47.951388888889
Demo experiment,pioreactor02,2026-09-25T17:43:57.852Z,0.179226439234,45,3,2026-09-25 23:28:57.852,47.951388888889
Demo experiment,pioreactor02,2026-09-25T17:43:57.852Z,0.031049120055,135,4,2026-09-25 23:28:57.852,47.951388888889
Demo experiment,pioreactor02,2026-09-25T17:44:02.859Z,0.0,90,2,2026-09-25 23:29:02.859,47.952777777778
Demo experiment,pioreactor02,2026-09-25T17:44:02.859Z,0.179264150298,45,3,2026-09-25 23:29:02.859,47.952777777778
Demo experiment,pioreactor02,2026-09-25T17:44:02.859Z,0.032923561279,135,4,2026-09-25 23:29:02.859,47.952777777778
Demo experiment,pioreactor02,2026-09-25T17:44:07.850Z,0.0,90,2,2026-09-25 23:29:07.850,47.954166666667
Demo experiment,pioreactor02,2026-09-25T17:44:07.850Z,0.179014588159,45,3,2026-09-25 23:29:07.850,47.954166666667
Demo experiment,pioreactor02,2026-09-25T17:44:07.850Z,0.032536137562,135,4,2026-09-25 23:29:07.850,47.954166666667
Demo experiment,pioreactor02,2026-09-25T17:44:12.850Z,0.0,90,2,2026-09-25 23:29:12.850,47.955555555556
Demo experiment,pioreactor02,2026-09-25T17:44:12.850Z,0.179015109128,45,3,2026-09-25 23:29:12.850,47.955555555556
Demo experiment,pioreactor02,2026-09-25T17:44:12.850Z,0.031066000416,135,4,2026-09-25 23:29:12.850,47.955555555556
Demo experiment,pioreactor02,2026-09-25T17:44:17.853Z,0.0,90,2,2026-09-25 23:29:17.853,47.956944444444
Demo experiment,pioreactor02,2026-09-25T17:44:17.853Z,0.179232918388,45,3,2026-09-25 23:29:17.853,47.956944444444
Demo experiment,pioreactor02,2026-09-25T17:44:17.853Z,0.032293786497,135,4,2026-09-25 23:29:17.853,47.956944444444
Demo experiment,pioreactor02,2026-09-25T17:44:22.853Z,0.0,90,2,2026-09-25 23:29:22.853,47.958333333333
Demo experiment,pioreactor02,2026-09-25T17:44:22.853Z,0.179478388904,45,3,2026-09-25 23:29:22.853,47.958333333333
Demo experiment,pioreactor02,2026-09-25T17:44:22.853Z,0.036715268491,135,4,2026-09-25 23:29:22.853,47.958333333333
Demo experiment,pioreactor02,2026-09-25T17:44:27.855Z,0.0,90,2,2026-09-25 23:29:27.855,47.959722222222
Demo experiment,pioreactor02,2026-09-25T17:44:27.855Z,0.179368206891,45,3,2026-09-25 23:29:27.855,47.959722222222
Demo experiment,pioreactor02,2026-09-25T17:44:27.855Z,0.036760565456,135,4,2026-09-25 23:29:27.855,47.959722222222
Demo experiment,pioreactor02,2026-09-25T17:44:32.855Z,0.0,90,2,2026-09-25 23:29:32.855,47.961111111111
Demo experiment,pioreactor02,2026-09-25T17:44:32.855Z,0.179329694525,45,3,2026-09-25 23:29:32.855,47.961111111111
Demo experiment,pioreactor02,2026-09-25T17:44:32.855Z,0.036516127487,135,4,2026-09-25 23:29:32.855,47.961111111111
Demo experiment,pioreactor02,2026-09-25T17:44:37.855Z,0.0,90,2,2026-09-25 23:29:37.855,47.9625
Demo experiment,pioreactor02,2026-09-25T17:44:37.855Z,0.179068391206,45,3,2026-09-25 23:29:37.855,47.9625
Demo experiment,pioreactor02,2026-09-25T17:44:37.855Z,0.036414957374,135,4,2026-09-25 23:29:37.855,47.9625
Demo experiment,pioreactor02,2026-09-25T17:44:42.852Z,0.0,90,2,2026-09-25 23:29:42.852,47.963888888889
Demo experiment,pioreactor02,2026-09-25T17:44:42.852Z,0.179075043783,45,3,2026-09-25 23:29:42.852,47.963888888889
Demo experiment,pioreactor02,2026-09-25T17:44:42.852Z,0.037949854779,135,4,2026-09-25 23:29:42.852,47.963888888889
Demo experiment,pioreactor02,2026-09-25T17:44:47.856Z,0.0,90,2,2026-09-25 23:29:47.856,47.965277777778
Demo experiment,pioreactor02,2026-09-25T17:44:47.856Z,0.178989183792,45,3,2026-09-25 23:29:47.856,47.965277777778
Demo experiment,pioreactor02,2026-09-25T17:44:47.856Z,0.03512845438,135,4,2026-09-25 23:29:47.856,47.965277777778
Demo experiment,pioreactor02,2026-09-25T17:44:52.857Z,0.0,90,2,2026-09-25 23:29:52.857,47.966666666667
Demo experiment,pioreactor02,2026-09-25T17:44:52.857Z,0.179135598932,45,3,2026-09-25 23:29:52.857,47.966666666667
Demo experiment,pioreactor02,2026-09-25T17:44:52.857Z,0.038747442063,135,4,2026-09-25 23:29:52.857,47.966666666667
Demo experiment,pioreactor02,2026-09-25T17:44:57.854Z,0.0,90,2,2026-09-25 23:29:57.854,47.968055555556
Demo experiment,pioreactor02,2026-09-25T17:44:57.854Z,0.179153114775,45,3,2026-09-25 23:29:57.854,47.968055555556
Demo experiment,pioreactor02,2026-09-25T17:44:57.854Z,0.038104995146,135,4,2026-09-25 23:29:57.854,47.968055555556
