experiment,pioreactor_unit,timestamp,reading,band,timestamp_localtime,hours_since_experiment_created
Pulse experiments,pioreactor01,2026-09-11T19:15:00.839Z,0.016171875,415,2026-09-12 01:00:00.839,1784.889166666667
Pulse experiments,pioreactor01,2026-09-11T19:15:00.845Z,0.13783203125,445,2026-09-12 01:00:00.845,1784.889166666667
Pulse experiments,pioreactor01,2026-09-11T19:15:00.849Z,0.13369140625,480,2026-09-12 01:00:00.849,1784.889166666667
Pulse experiments,pioreactor01,2026-09-11T19:15:00.855Z,0.15521484375,515,2026-09-12 01:00:00.855,1784.889166666667
Pulse experiments,pioreactor01,2026-09-11T19:15:00.858Z,0.1765625,555,2026-09-12 01:00:00.858,1784.889166666667
Pulse experiments,pioreactor01,2026-09-11T19:15:00.863Z,0.1683984375,590,2026-09-12 01:00:00.863,1784.889166666667
Pulse experiments,pioreactor01,2026-09-11T19:15:00.868Z,0.17291015625,630,2026-09-12 01:00:00.868,1784.889166666667
Pulse experiments,pioreactor01,2026-09-11T19:15:00.872Z,0.10388671875,680,2026-09-12 01:00:00.872,1784.889166666667
Pulse experiments,pioreactor01,2026-09-11T19:15:05.840Z,0.01619140625,415,2026-09-12 01:00:05.840,1784.890555555555
Pulse experiments,pioreactor01,2026-09-11T19:15:05.845Z,0.13791015625,445,2026-09-12 01:00:05.845,1784.890555555555
Pulse experiments,pioreactor01,2026-09-11T19:15:05.850Z,0.13373046875,480,2026-09-12 01:00:05.850,1784.890555555555
Pulse experiments,pioreactor01,2026-09-11T19:15:05.856Z,0.1551953125,515,2026-09-12 01:00:05.856,1784.890555555555
Pulse experiments,pioreactor01,2026-09-11T19:15:05.860Z,0.1767578125,555,2026-09-12 01:00:05.860,1784.890555555555
Pulse experiments,pioreactor01,2026-09-11T19:15:05.865Z,0.16849609375,590,2026-09-12 01:00:05.865,1784.890555555555
Pulse experiments,pioreactor01,2026-09-11T19:15:05.870Z,0.173046875,630,2026-09-12 01:00:05.870,1784.890555555555
Pulse experiments,pioreactor01,2026-09-11T19:15:05.875Z,0.103984375,680,2026-09-12 01:00:05.875,1784.890555555555
Pulse experiments,pioreactor01,2026-09-11T19:15:10.840Z,0.016171875,415,2026-09-12 01:00:10.840,1784.891944444444
Pulse experiments,pioreactor01,2026-09-11T19:15:10.844Z,0.13791015625,445,2026-09-12 01:00:10.844,1784.891944444444
Pulse experiments,pioreactor01,2026-09-11T19:15:10.850Z,0.1337109375,480,2026-09-12 01:00:10.850,1784.891944444444
Pulse experiments,pioreactor01,2026-09-11T19:15:10.854Z,0.1551953125,515,2026-09-12 01:00:10.854,1784.891944444444
Pulse experiments,pioreactor01,2026-09-11T19:15:10.859Z,0.1766015625,555,2026-09-12 01:00:10.859,1784.891944444444
Pulse experiments,pioreactor01,2026-09-11T19:15:10.863Z,0.16849609375,590,2026-09-12 01:00:10.863,1784.891944444444
Pulse experiments,pioreactor01,2026-09-11T19:15:10.868Z,0.1729296875,630,2026-09-12 01:00:10.868,1784.891944444444
Pulse experiments,pioreactor01,2026-09-11T19:15:10.873Z,0.10392578125,680,2026-09-12 01:00:10.873,1784.891944444444
Pulse experiments,pioreactor01,2026-09-11T19:15:15.840Z,0.016171875,415,2026-09-12 01:00:15.840,1784.893333333333
Pulse experiments,pioreactor01,2026-09-11T19:15:15.845Z,0.137890625,445,2026-09-12 01:00:15.845,1784.893333333333
Pulse experiments,pioreactor01,2026-09-11T19:15:15.850Z,0.13380859375,480,2026-09-12 01:00:15.850,1784.893333333333
Pulse experiments,pioreactor01,2026-09-11T19:15:15.856Z,0.15537109375,515,2026-09-12 01:00:15.856,1784.893333333333
Pulse experiments,pioreactor01,2026-09-11T19:15:15.859Z,0.17634765625,555,2026-09-12 01:00:15.859,1784.893333333333
Pulse experiments,pioreactor01,2026-09-11T19:15:15.864Z,0.16857421875,590,2026-09-12 01:00:15.864,1784.893333333333
Pulse experiments,pioreactor01,2026-09-11T19:15:15.869Z,0.17294921875,630,2026-09-12 01:00:15.869,1784.893333333333
Pulse experiments,pioreactor01,2026-09-11T19:15:15.873Z,0.10388671875,680,2026-09-12 01:00:15.873,1784.893333333333
Pulse experiments,pioreactor01,2026-09-11T19:15:20.838Z,0.01619140625,415,2026-09-12 01:00:20.838,1784.894722222222
Pulse experiments,pioreactor01,2026-09-11T19:15:20.843Z,0.13779296875,445,2026-09-12 01:00:20.843,1784.894722222222
Pulse experiments,pioreactor01,2026-09-11T19:15:20.848Z,0.1337109375,480,2026-09-12 01:00:20.848,1784.894722222222
Pulse experiments,pioreactor01,2026-09-11T19:15:20.853Z,0.15521484375,515,2026-09-12 01:00:20.853,1784.894722222222
Pulse experiments,pioreactor01,2026-09-11T19:15:20.857Z,0.17646484375,555,2026-09-12 01:00:20.857,1784.894722222222
Pulse experiments,pioreactor01,2026-09-11T19:15:20.862Z,0.16853515625,590,2026-09-12 01:00:20.862,1784.894722222222
Pulse experiments,pioreactor01,2026-09-11T19:15:20.867Z,0.17296875,630,2026-09-12 01:00:20.867,1784.894722222222
Pulse experiments,pioreactor01,2026-09-11T19:15:20.871Z,0.10392578125,680,2026-09-12 01:00:20.871,1784.894722222222
Pulse experiments,pioreactor01,2026-09-11T19:15:25.837Z,0.0159375,415,2026-09-12 01:00:25.837,1784.896111111111
Pulse experiments,pioreactor01,2026-09-11T19:15:25.843Z,0.13369140625,445,2026-09-12 01:00:25.843,1784.896111111111
Pulse experiments,pioreactor01,2026-09-11T19:15:25.847Z,0.1292578125,480,2026-09-12 01:00:25.847,1784.896111111111
Pulse experiments,pioreactor01,2026-09-11T19:15:25.852Z,0.1512109375,515,2026-09-12 01:00:25.852,1784.896111111111
Pulse experiments,pioreactor01,2026-09-11T19:15:25.856Z,0.17412109375,555,2026-09-12 01:00:25.856,1784.896111111111
Pulse experiments,pioreactor01,2026-09-11T19:15:25.862Z,0.16869140625,590,2026-09-12 01:00:25.862,1784.896111111111
Pulse experiments,pioreactor01,2026-09-11T19:15:25.866Z,0.17306640625,630,2026-09-12 01:00:25.866,1784.896111111111
Pulse experiments,pioreactor01,2026-09-11T19:15:25.871Z,0.10365234375,680,2026-09-12 01:00:25.871,1784.896111111111
Pulse experiments,pioreactor01,2026-09-11T19:15:30.839Z,0.01591796875,415,2026-09-12 01:00:30.839,1784.8975
Pulse experiments,pioreactor01,2026-09-11T19:15:30.844Z,0.13376953125,445,2026-09-12 01:00:30.844,1784.8975
Pulse experiments,pioreactor01,2026-09-11T19:15:30.848Z,0.129296875,480,2026-09-12 01:00:30.848,1784.8975
Pulse experiments,pioreactor01,2026-09-11T19:15:30.855Z,0.151171875,515,2026-09-12 01:00:30.855,1784.8975
Pulse experiments,pioreactor01,2026-09-11T19:15:30.859Z,0.17421875,555,2026-09-12 01:00:30.859,1784.8975
Pulse experiments,pioreactor01,2026-09-11T19:15:30.865Z,0.16853515625,590,2026-09-12 01:00:30.865,1784.8975
Pulse experiments,pioreactor01,2026-09-11T19:15:30.868Z,0.17310546875,630,2026-09-12 01:00:30.868,1784.8975
Pulse experiments,pioreactor01,2026-09-11T19:15:30.873Z,0.10361328125,680,2026-09-12 01:00:30.873,1784.8975
Pulse experiments,pioreactor01,2026-09-11T19:15:35.839Z,0.01591796875,415,2026-09-12 01:00:35.839,1784.898888888889
Pulse experiments,pioreactor01,2026-09-11T19:15:35.845Z,0.13369140625,445,2026-09-12 01:00:35.845,1784.898888888889
Pulse experiments,pioreactor01,2026-09-11T19:15:35.849Z,0.129375,480,2026-09-12 01:00:35.849,1784.898888888889
Pulse experiments,pioreactor01,2026-09-11T19:15:35.857Z,0.15115234375,515,2026-09-12 01:00:35.857,1784.898888888889
Pulse experiments,pioreactor01,2026-09-11T19:15:35.860Z,0.1741796875,555,2026-09-12 01:00:35.860,1784.898888888889
Pulse experiments,pioreactor01,2026-09-11T19:15:35.866Z,0.168671875,590,2026-09-12 01:00:35.866,1784.898888888889
Pulse experiments,pioreactor01,2026-09-11T19:15:35.870Z,0.173125,630,2026-09-12 01:00:35.870,1784.898888888889
Pulse experiments,pioreactor01,2026-09-11T19:15:35.876Z,0.10369140625,680,2026-09-12 01:00:35.876,1784.898888888889
Pulse experiments,pioreactor01,2026-09-11T19:15:40.837Z,0.0158984375,415,2026-09-12 01:00:40.837,1784.900277777778
Pulse experiments,pioreactor01,2026-09-11T19:15:40.843Z,0.1338671875,445,2026-09-12 01:00:40.843,1784.900277777778
Pulse experiments,pioreactor01,2026-09-11T19:15:40.848Z,0.1294140625,480,2026-09-12 01:00:40.848,1784.900277777778
Pulse experiments,pioreactor01,2026-09-11T19:15:40.852Z,0.1512109375,515,2026-09-12 01:00:40.852,1784.900277777778
Pulse experiments,pioreactor01,2026-09-11T19:15:40.858Z,0.17435546875,555,2026-09-12 01:00:40.858,1784.900277777778
Pulse experiments,pioreactor01,2026-09-11T19:15:40.862Z,0.16865234375,590,2026-09-12 01:00:40.862,1784.900277777778
Pulse experiments,pioreactor01,2026-09-11T19:15:40.867Z,0.173046875,630,2026-09-12 01:00:40.867,1784.900277777778
Pulse experiments,pioreactor01,2026-09-11T19:15:40.871Z,0.10369140625,680,2026-09-12 01:00:40.871,1784.900277777778
Pulse experiments,pioreactor01,2026-09-11T19:15:45.838Z,0.0158984375,415,2026-09-12 01:00:45.838,1784.901666666667
Pulse experiments,pioreactor01,2026-09-11T19:15:45.842Z,0.13361328125,445,2026-09-12 01:00:45.842,1784.901666666667
Pulse experiments,pioreactor01,2026-09-11T19:15:45.847Z,0.12935546875,480,2026-09-12 01:00:45.847,1784.901666666667
Pulse experiments,pioreactor01,2026-09-11T19:15:45.852Z,0.1511328125,515,2026-09-12 01:00:45.852,1784.901666666667
Pulse experiments,pioreactor01,2026-09-11T19:15:45.856Z,0.1741796875,555,2026-09-12 01:00:45.856,1784.901666666667
Pulse experiments,pioreactor01,2026-09-11T19:15:45.861Z,0.16859375,590,2026-09-12 01:00:45.861,1784.901666666667
Pulse experiments,pioreactor01,2026-09-11T19:15:45.866Z,0.17298828125,630,2026-09-12 01:00:45.866,1784.901666666667
Pulse experiments,pioreactor01,2026-09-11T19:15:45.870Z,0.10365234375,680,2026-09-12 01:00:45.870,1784.901666666667
Pulse experiments,pioreactor01,2026-09-11T19:15:50.839Z,0.01595703125,415,2026-09-12 01:00:50.839,1784.903055555556
Pulse experiments,pioreactor01,2026-09-11T19:15:50.844Z,0.13369140625,445,2026-09-12 01:00:50.844,1784.903055555556
Pulse experiments,pioreactor01,2026-09-11T19:15:50.849Z,0.1293359375,480,2026-09-12 01:00:50.849,1784.903055555556
Pulse experiments,pioreactor01,2026-09-11T19:15:50.852Z,0.1511328125,515,2026-09-12 01:00:50.852,1784.903055555556
Pulse experiments,pioreactor01,2026-09-11T19:15:50.857Z,0.174609375,555,2026-09-12 01:00:50.857,1784.903055555556
Pulse experiments,pioreactor01,2026-09-11T19:15:50.861Z,0.16869140625,590,2026-09-12 01:00:50.861,1784.903055555556
Pulse experiments,pioreactor01,2026-09-11T19:15:50.867Z,0.173203125,630,2026-09-12 01:00:50.867,1784.903055555556
Pulse experiments,pioreactor01,2026-09-11T19:15:50.871Z,0.10369140625,680,2026-09-12 01:00:50.871,1784.903055555556
Pulse experiments,pioreactor01,2026-09-11T19:15:55.837Z,0.01591796875,415,2026-09-12 01:00:55.837,1784.904444444444
Pulse experiments,pioreactor01,2026-09-11T19:15:55.842Z,0.133828125,445,2026-09-12 01:00:55.842,1784.904444444444
Pulse experiments,pioreactor01,2026-09-11T19:15:55.848Z,0.129296875,480,2026-09-12 01:00:55.848,1784.904444444444
Pulse experiments,pioreactor01,2026-09-11T19:15:55.852Z,0.15115234375,515,2026-09-12 01:00:55.852,1784.904444444444
Pulse experiments,pioreactor01,2026-09-11T19:15:55.858Z,0.17419921875,555,2026-09-12 01:00:55.858,1784.904444444444
Pulse experiments,pioreactor01,2026-09-11T19:15:55.862Z,0.16857421875,590,2026-09-12 01:00:55.862,1784.904444444444
Pulse experiments,pioreactor01,2026-09-11T19:15:55.867Z,0.173046875,630,2026-09-12 01:00:55.867,1784.904444444444
Pulse experiments,pioreactor01,2026-09-11T19:15:55.871Z,0.1035546875,680,2026-09-12 01:00:55.871,1784.904444444444
Pulse experiments,pioreactor01,2026-09-11T19:16:00.842Z,0.01591796875,415,2026-09-12 01:01:00.842,1784.905833333333
Pulse experiments,pioreactor01,2026-09-11T19:16:00.848Z,0.13390625,445,2026-09-12 01:01:00.848,1784.905833333333
Pulse experiments,pioreactor01,2026-09-11T19:16:00.852Z,0.12951171875,480,2026-09-12 01:01:00.852,1784.905833333333
Pulse experiments,pioreactor01,2026-09-11T19:16:00.859Z,0.151328125,515,2026-09-12 01:01:00.859,1784.905833333333
Pulse experiments,pioreactor01,2026-09-11T19:16:00.861Z,0.17435546875,555,2026-09-12 01:01:00.861,1784.905833333333
Pulse experiments,pioreactor01,2026-09-11T19:16:00.865Z,0.1687109375,590,2026-09-12 01:01:00.865,1784.905833333333
Pulse experiments,pioreactor01,2026-09-11T19:16:00.871Z,0.17310546875,630,2026-09-12 01:01:00.871,1784.905833333333
Pulse experiments,pioreactor01,2026-09-11T19:16:00.875Z,0.1037890625,680,2026-09-12 01:01:00.875,1784.905833333333
Pulse experiments,pioreactor01,2026-09-11T19:16:05.841Z,0.0158984375,415,2026-09-12 01:01:05.841,1784.907222222222
Pulse experiments,pioreactor01,2026-09-11T19:16:05.846Z,0.13380859375,445,2026-09-12 01:01:05.846,1784.907222222222
Pulse experiments,pioreactor01,2026-09-11T19:16:05.851Z,0.1293359375,480,2026-09-12 01:01:05.851,1784.907222222222
Pulse experiments,pioreactor01,2026-09-11T19:16:05.855Z,0.15134765625,515,2026-09-12 01:01:05.855,1784.907222222222
Pulse experiments,pioreactor01,2026-09-11T19:16:05.860Z,0.17427734375,555,2026-09-12 01:01:05.860,1784.907222222222
Pulse experiments,pioreactor01,2026-09-11T19:16:05.865Z,0.168828125,590,2026-09-12 01:01:05.865,1784.907222222222
Pulse experiments,pioreactor01,2026-09-11T19:16:05.870Z,0.17330078125,630,2026-09-12 01:01:05.870,1784.907222222222
Pulse experiments,pioreactor01,2026-09-11T19:16:05.874Z,0.10384765625,680,2026-09-12 01:01:05.874,1784.907222222222
Pulse experiments,pioreactor01,2026-09-11T19:16:10.840Z,0.01591796875,415,2026-09-12 01:01:10.840,1784.908611111111
Pulse experiments,pioreactor01,2026-09-11T19:16:10.845Z,0.133671875,445,2026-09-12 01:01:10.845,1784.908611111111
Pulse experiments,pioreactor01,2026-09-11T19:16:10.849Z,0.129296875,480,2026-09-12 01:01:10.849,1784.908611111111
Pulse experiments,pioreactor01,2026-09-11T19:16:10.855Z,0.1511328125,515,2026-09-12 01:01:10.855,1784.908611111111
Pulse experiments,pioreactor01,2026-09-11T19:16:10.859Z,0.1742578125,555,2026-09-12 01:01:10.859,1784.908611111111
Pulse experiments,pioreactor01,2026-09-11T19:16:10.865Z,0.16875,590,2026-09-12 01:01:10.865,1784.908611111111
Pulse experiments,pioreactor01,2026-09-11T19:16:10.869Z,0.17310546875,630,2026-09-12 01:01:10.869,1784.908611111111
Pulse experiments,pioreactor01,2026-09-11T19:16:10.876Z,0.10359375,680,2026-09-12 01:01:10.876,1784.908611111111
Pulse experiments,pioreactor01,2026-09-11T19:16:15.841Z,0.0159375,415,2026-09-12 01:01:15.841,1784.91
Pulse experiments,pioreactor01,2026-09-11T19:16:15.846Z,0.1338671875,445,2026-09-12 01:01:15.846,1784.91
Pulse experiments,pioreactor01,2026-09-11T19:16:15.850Z,0.129453125,480,2026-09-12 01:01:15.850,1784.91
Pulse experiments,pioreactor01,2026-09-11T19:16:15.856Z,0.15115234375,515,2026-09-12 01:01:15.856,1784.91
Pulse experiments,pioreactor01,2026-09-11T19:16:15.859Z,0.174453125,555,2026-09-12 01:01:15.859,1784.91
Pulse experiments,pioreactor01,2026-09-11T19:16:15.864Z,0.1687109375,590,2026-09-12 01:01:15.864,1784.91
Pulse experiments,pioreactor01,2026-09-11T19:16:15.869Z,0.1730859375,630,2026-09-12 01:01:15.869,1784.91
Pulse experiments,pioreactor01,2026-09-11T19:16:15.874Z,0.10375,680,2026-09-12 01:01:15.874,1784.91
Pulse experiments,pioreactor01,2026-09-11T19:16:20.845Z,0.01591796875,415,2026-09-12 01:01:20.845,1784.911388888889
Pulse experiments,pioreactor01,2026-09-11T19:16:20.850Z,0.1336328125,445,2026-09-12 01:01:20.850,1784.911388888889
Pulse experiments,pioreactor01,2026-09-11T19:16:20.855Z,0.12927734375,480,2026-09-12 01:01:20.855,1784.911388888889
Pulse experiments,pioreactor01,2026-09-11T19:16:20.858Z,0.151015625,515,2026-09-12 01:01:20.858,1784.911388888889
Pulse experiments,pioreactor01,2026-09-11T19:16:20.864Z,0.17421875,555,2026-09-12 01:01:20.864,1784.911388888889
Pulse experiments,pioreactor01,2026-09-11T19:16:20.868Z,0.16876953125,590,2026-09-12 01:01:20.868,1784.911388888889
Pulse experiments,pioreactor01,2026-09-11T19:16:20.873Z,0.173046875,630,2026-09-12 01:01:20.873,1784.911388888889
Pulse experiments,pioreactor01,2026-09-11T19:16:20.877Z,0.10365234375,680,2026-09-12 01:01:20.877,1784.911388888889
Pulse experiments,pioreactor01,2026-09-11T19:16:25.841Z,0.01591796875,415,2026-09-12 01:01:25.841,1784.912777777778
Pulse experiments,pioreactor01,2026-09-11T19:16:25.846Z,0.13392578125,445,2026-09-12 01:01:25.846,1784.912777777778
Pulse experiments,pioreactor01,2026-09-11T19:16:25.850Z,0.1293359375,480,2026-09-12 01:01:25.850,1784.912777777778
Pulse experiments,pioreactor01,2026-09-11T19:16:25.856Z,0.15115234375,515,2026-09-12 01:01:25.856,1784.912777777778
Pulse experiments,pioreactor01,2026-09-11T19:16:25.859Z,0.17421875,555,2026-09-12 01:01:25.859,1784.912777777778
Pulse experiments,pioreactor01,2026-09-11T19:16:25.865Z,0.168671875,590,2026-09-12 01:01:25.865,1784.912777777778
Pulse experiments,pioreactor01,2026-09-11T19:16:25.870Z,0.1732421875,630,2026-09-12 01:01:25.870,1784.912777777778
Pulse experiments,pioreactor01,2026-09-11T19:16:25.876Z,0.10369140625,680,2026-09-12 01:01:25.876,1784.912777777778
Pulse experiments,pioreactor01,2026-09-11T19:16:30.838Z,0.01595703125,415,2026-09-12 01:01:30.838,1784.914166666667
Pulse experiments,pioreactor01,2026-09-11T19:16:30.843Z,0.1336328125,445,2026-09-12 01:01:30.843,1784.914166666667
Pulse experiments,pioreactor01,2026-09-11T19:16:30.848Z,0.12927734375,480,2026-09-12 01:01:30.848,1784.914166666667
Pulse experiments,pioreactor01,2026-09-11T19:16:30.853Z,0.1511328125,515,2026-09-12 01:01:30.853,1784.914166666667
Pulse experiments,pioreactor01,2026-09-11T19:16:30.857Z,0.17423828125,555,2026-09-12 01:01:30.857,1784.914166666667
Pulse experiments,pioreactor01,2026-09-11T19:16:30.863Z,0.16873046875,590,2026-09-12 01:01:30.863,1784.914166666667
Pulse experiments,pioreactor01,2026-09-11T19:16:30.866Z,0.17306640625,630,2026-09-12 01:01:30.866,1784.914166666667
Pulse experiments,pioreactor01,2026-09-11T19:16:30.872Z,0.10365234375,680,2026-09-12 01:01:30.872,1784.914166666667
Pulse experiments,pioreactor01,2026-09-11T19:16:35.842Z,0.01591796875,415,2026-09-12 01:01:35.842,1784.915555555556
Pulse experiments,pioreactor01,2026-09-11T19:16:35.847Z,0.1338671875,445,2026-09-12 01:01:35.847,1784.915555555556
Pulse experiments,pioreactor01,2026-09-11T19:16:35.851Z,0.12931640625,480,2026-09-12 01:01:35.851,1784.915555555556
Pulse experiments,pioreactor01,2026-09-11T19:16:35.857Z,0.15123046875,515,2026-09-12 01:01:35.857,1784.915555555556
Pulse experiments,pioreactor01,2026-09-11T19:16:35.861Z,0.17431640625,555,2026-09-12 01:01:35.861,1784.915555555556
Pulse experiments,pioreactor01,2026-09-11T19:16:35.865Z,0.16875,590,2026-09-12 01:01:35.865,1784.915555555556
Pulse experiments,pioreactor01,2026-09-11T19:16:35.870Z,0.17306640625,630,2026-09-12 01:01:35.870,1784.915555555556
Pulse experiments,pioreactor01,2026-09-11T19:16:35.874Z,0.10375,680,2026-09-12 01:01:35.874,1784.915555555556
Pulse experiments,pioreactor01,2026-09-11T19:16:40.843Z,0.01587890625,415,2026-09-12 01:01:40.843,1784.916944444444
Pulse experiments,pioreactor01,2026-09-11T19:16:40.847Z,0.133671875,445,2026-09-12 01:01:40.847,1784.916944444444
Pulse experiments,pioreactor01,2026-09-11T19:16:40.852Z,0.129375,480,2026-09-12 01:01:40.852,1784.916944444444
Pulse experiments,pioreactor01,2026-09-11T19:16:40.857Z,0.1511328125,515,2026-09-12 01:01:40.857,1784.916944444444
Pulse experiments,pioreactor01,2026-09-11T19:16:40.860Z,0.17431640625,555,2026-09-12 01:01:40.860,1784.916944444444
Pulse experiments,pioreactor01,2026-09-11T19:16:40.866Z,0.16884765625,590,2026-09-12 01:01:40.866,1784.916944444444
Pulse experiments,pioreactor01,2026-09-11T19:16:40.870Z,0.1730859375,630,2026-09-12 01:01:40.870,1784.916944444444
Pulse experiments,pioreactor01,2026-09-11T19:16:40.875Z,0.103671875,680,2026-09-12 01:01:40.875,1784.916944444444
Pulse experiments,pioreactor01,2026-09-11T19:16:45.841Z,0.01587890625,415,2026-09-12 01:01:45.841,1784.918333333333
Pulse experiments,pioreactor01,2026-09-11T19:16:45.846Z,0.133671875,445,2026-09-12 01:01:45.846,1784.918333333333
Pulse experiments,pioreactor01,2026-09-11T19:16:45.850Z,0.12923828125,480,2026-09-12 01:01:45.850,1784.918333333333
Pulse experiments,pioreactor01,2026-09-11T19:16:45.855Z,0.15125,515,2026-09-12 01:01:45.855,1784.918333333333
Pulse experiments,pioreactor01,2026-09-11T19:16:45.859Z,0.17416015625,555,2026-09-12 01:01:45.859,1784.918333333333
Pulse experiments,pioreactor01,2026-09-11T19:16:45.865Z,0.16869140625,590,2026-09-12 01:01:45.865,1784.918333333333
Pulse experiments,pioreactor01,2026-09-11T19:16:45.869Z,0.17302734375,630,2026-09-12 01:01:45.869,1784.918333333333
Pulse experiments,pioreactor01,2026-09-11T19:16:45.874Z,0.10373046875,680,2026-09-12 01:01:45.874,1784.918333333333
Pulse experiments,pioreactor01,2026-09-11T19:16:50.839Z,0.01587890625,415,2026-09-12 01:01:50.839,1784.919722222222
Pulse experiments,pioreactor01,2026-09-11T19:16:50.846Z,0.13373046875,445,2026-09-12 01:01:50.846,1784.919722222222
Pulse experiments,pioreactor01,2026-09-11T19:16:50.850Z,0.12935546875,480,2026-09-12 01:01:50.850,1784.919722222222
Pulse experiments,pioreactor01,2026-09-11T19:16:50.854Z,0.15130859375,515,2026-09-12 01:01:50.854,1784.919722222222
Pulse experiments,pioreactor01,2026-09-11T19:16:50.860Z,0.17416015625,555,2026-09-12 01:01:50.860,1784.919722222222
Pulse experiments,pioreactor01,2026-09-11T19:16:50.864Z,0.1687890625,590,2026-09-12 01:01:50.864,1784.919722222222
Pulse experiments,pioreactor01,2026-09-11T19:16:50.868Z,0.17310546875,630,2026-09-12 01:01:50.868,1784.919722222222
Pulse experiments,pioreactor01,2026-09-11T19:16:50.873Z,0.1037890625,680,2026-09-12 01:01:50.873,1784.919722222222
Pulse experiments,pioreactor01,2026-09-11T19:16:55.844Z,0.0159375,415,2026-09-12 01:01:55.844,1784.921111111111
Pulse experiments,pioreactor01,2026-09-11T19:16:55.848Z,0.13373046875,445,2026-09-12 01:01:55.848,1784.921111111111
Pulse experiments,pioreactor01,2026-09-11T19:16:55.853Z,0.1293359375,480,2026-09-12 01:01:55.853,1784.921111111111
Pulse experiments,pioreactor01,2026-09-11T19:16:55.858Z,0.151171875,515,2026-09-12 01:01:55.858,1784.921111111111
Pulse experiments,pioreactor01,2026-09-11T19:16:55.863Z,0.174140625,555,2026-09-12 01:01:55.863,1784.921111111111
Pulse experiments,pioreactor01,2026-09-11T19:16:55.867Z,0.16873046875,590,2026-09-12 01:01:55.867,1784.921111111111
Pulse experiments,pioreactor01,2026-09-11T19:16:55.872Z,0.17306640625,630,2026-09-12 01:01:55.872,1784.921111111111
Pulse experiments,pioreactor01,2026-09-11T19:16:55.876Z,0.1037109375,680,2026-09-12 01:01:55.876,1784.921111111111
Pulse experiments,pioreactor01,2026-09-11T19:17:00.839Z,0.01591796875,415,2026-09-12 01:02:00.839,1784.9225
Pulse experiments,pioreactor01,2026-09-11T19:17:00.844Z,0.1337890625,445,2026-09-12 01:02:00.844,1784.9225
Pulse experiments,pioreactor01,2026-09-11T19:17:00.849Z,0.12921875,480,2026-09-12 01:02:00.849,1784.9225
Pulse experiments,pioreactor01,2026-09-11T19:17:00.854Z,0.15119140625,515,2026-09-12 01:02:00.854,1784.9225
Pulse experiments,pioreactor01,2026-09-11T19:17:00.861Z,0.1742578125,555,2026-09-12 01:02:00.861,1784.9225
Pulse experiments,pioreactor01,2026-09-11T19:17:00.865Z,0.16859375,590,2026-09-12 01:02:00.865,1784.9225
Pulse experiments,pioreactor01,2026-09-11T19:17:00.870Z,0.1730078125,630,2026-09-12 01:02:00.870,1784.9225
Pulse experiments,pioreactor01,2026-09-11T19:17:00.875Z,0.103671875,680,2026-09-12 01:02:00.875,1784.9225
Pulse experiments,pioreactor01,2026-09-11T19:17:05.839Z,0.01583984375,415,2026-09-12 01:02:05.839,1784.923888888889
Pulse experiments,pioreactor01,2026-09-11T19:17:05.844Z,0.133671875,445,2026-09-12 01:02:05.844,1784.923888888889
Pulse experiments,pioreactor01,2026-09-11T19:17:05.848Z,0.12923828125,480,2026-09-12 01:02:05.848,1784.923888888889
Pulse experiments,pioreactor01,2026-09-11T19:17:05.853Z,0.15119140625,515,2026-09-12 01:02:05.853,1784.923888888889
Pulse experiments,pioreactor01,2026-09-11T19:17:05.857Z,0.17443359375,555,2026-09-12 01:02:05.857,1784.923888888889
Pulse experiments,pioreactor01,2026-09-11T19:17:05.863Z,0.16873046875,590,2026-09-12 01:02:05.863,1784.923888888889
Pulse experiments,pioreactor01,2026-09-11T19:17:05.866Z,0.1730859375,630,2026-09-12 01:02:05.866,1784.923888888889
Pulse experiments,pioreactor01,2026-09-11T19:17:05.871Z,0.1037890625,680,2026-09-12 01:02:05.871,1784.923888888889
Pulse experiments,pioreactor01,2026-09-11T19:17:10.838Z,0.01591796875,415,2026-09-12 01:02:10.838,1784.925277777778
Pulse experiments,pioreactor01,2026-09-11T19:17:10.843Z,0.13361328125,445,2026-09-12 01:02:10.843,1784.925277777778
Pulse experiments,pioreactor01,2026-09-11T19:17:10.848Z,0.1291796875,480,2026-09-12 01:02:10.848,1784.925277777778
Pulse experiments,pioreactor01,2026-09-11T19:17:10.853Z,0.15119140625,515,2026-09-12 01:02:10.853,1784.925277777778
Pulse experiments,pioreactor01,2026-09-11T19:17:10.858Z,0.17421875,555,2026-09-12 01:02:10.858,1784.925277777778
Pulse experiments,pioreactor01,2026-09-11T19:17:10.864Z,0.16865234375,590,2026-09-12 01:02:10.864,1784.925277777778
Pulse experiments,pioreactor01,2026-09-11T19:17:10.867Z,0.17296875,630,2026-09-12 01:02:10.867,1784.925277777778
Pulse experiments,pioreactor01,2026-09-11T19:17:10.873Z,0.1037109375,680,2026-09-12 01:02:10.873,1784.925277777778
Pulse experiments,pioreactor01,2026-09-11T19:17:15.842Z,0.01587890625,415,2026-09-12 01:02:15.842,1784.926666666667
Pulse experiments,pioreactor01,2026-09-11T19:17:15.847Z,0.1335546875,445,2026-09-12 01:02:15.847,1784.926666666667
Pulse experiments,pioreactor01,2026-09-11T19:17:15.851Z,0.12921875,480,2026-09-12 01:02:15.851,1784.926666666667
Pulse experiments,pioreactor01,2026-09-11T19:17:15.856Z,0.15109375,515,2026-09-12 01:02:15.856,1784.926666666667
Pulse experiments,pioreactor01,2026-09-11T19:17:15.862Z,0.1742578125,555,2026-09-12 01:02:15.862,1784.926666666667
Pulse experiments,pioreactor01,2026-09-11T19:17:15.872Z,0.16865234375,590,2026-09-12 01:02:15.872,1784.926666666667
Pulse experiments,pioreactor01,2026-09-11T19:17:15.877Z,0.173046875,630,2026-09-12 01:02:15.877,1784.926666666667
Pulse experiments,pioreactor01,2026-09-11T19:17:15.880Z,0.1037109375,680,2026-09-12 01:02:15.880,1784.926666666667
Pulse experiments,pioreactor01,2026-09-11T19:17:20.843Z,0.01591796875,415,2026-09-12 01:02:20.843,1784.928055555556
Pulse experiments,pioreactor01,2026-09-11T19:17:20.847Z,0.1337109375,445,2026-09-12 01:02:20.847,1784.928055555556
Pulse experiments,pioreactor01,2026-09-11T19:17:20.852Z,0.129375,480,2026-09-12 01:02:20.852,1784.928055555556
Pulse experiments,pioreactor01,2026-09-11T19:17:20.857Z,0.151171875,515,2026-09-12 01:02:20.857,1784.928055555556
Pulse experiments,pioreactor01,2026-09-11T19:17:20.861Z,0.1742578125,555,2026-09-12 01:02:20.861,1784.928055555556
Pulse experiments,pioreactor01,2026-09-11T19:17:20.866Z,0.16869140625,590,2026-09-12 01:02:20.866,1784.928055555556
Pulse experiments,pioreactor01,2026-09-11T19:17:20.871Z,0.17298828125,630,2026-09-12 01:02:20.871,1784.928055555556
Pulse experiments,pioreactor01,2026-09-11T19:17:20.875Z,0.103671875,680,2026-09-12 01:02:20.875,1784.928055555556
Pulse experiments,pioreactor01,2026-09-11T19:17:25.841Z,0.0158984375,415,2026-09-12 01:02:25.841,1784.929444444444
Pulse experiments,pioreactor01,2026-09-11T19:17:25.846Z,0.133671875,445,2026-09-12 01:02:25.846,1784.929444444444
Pulse experiments,pioreactor01,2026-09-11T19:17:25.850Z,0.1292578125,480,2026-09-12 01:02:25.850,1784.929444444444
Pulse experiments,pioreactor01,2026-09-11T19:17:25.855Z,0.15125,515,2026-09-12 01:02:25.855,1784.929444444444
Pulse experiments,pioreactor01,2026-09-11T19:17:25.859Z,0.1744140625,555,2026-09-12 01:02:25.859,1784.929444444444
Pulse experiments,pioreactor01,2026-09-11T19:17:25.865Z,0.16890625,590,2026-09-12 01:02:25.865,1784.929444444444
Pulse experiments,pioreactor01,2026-09-11T19:17:25.869Z,0.1731640625,630,2026-09-12 01:02:25.869,1784.929444444444
Pulse experiments,pioreactor01,2026-09-11T19:17:25.875Z,0.10373046875,680,2026-09-12 01:02:25.875,1784.929444444444
Pulse experiments,pioreactor01,2026-09-11T19:17:30.841Z,0.01591796875,415,2026-09-12 01:02:30.841,1784.930833333333
Pulse experiments,pioreactor01,2026-09-11T19:17:30.845Z,0.1337109375,445,2026-09-12 01:02:30.845,1784.930833333333
Pulse experiments,pioreactor01,2026-09-11T19:17:30.850Z,0.12921875,480,2026-09-12 01:02:30.850,1784.930833333333
Pulse experiments,pioreactor01,2026-09-11T19:17:30.854Z,0.15119140625,515,2026-09-12 01:02:30.854,1784.930833333333
Pulse experiments,pioreactor01,2026-09-11T19:17:30.858Z,0.17421875,555,2026-09-12 01:02:30.858,1784.930833333333
Pulse experiments,pioreactor01,2026-09-11T19:17:30.864Z,0.16869140625,590,2026-09-12 01:02:30.864,1784.930833333333
Pulse experiments,pioreactor01,2026-09-11T19:17:30.869Z,0.17298828125,630,2026-09-12 01:02:30.869,1784.930833333333
Pulse experiments,pioreactor01,2026-09-11T19:17:30.874Z,0.1036328125,680,2026-09-12 01:02:30.874,1784.930833333333
Pulse experiments,pioreactor01,2026-09-11T19:17:35.839Z,0.01591796875,415,2026-09-12 01:02:35.839,1784.932222222222
Pulse experiments,pioreactor01,2026-09-11T19:17:35.842Z,0.1337109375,445,2026-09-12 01:02:35.842,1784.932222222222
Pulse experiments,pioreactor01,2026-09-11T19:17:35.847Z,0.12943359375,480,2026-09-12 01:02:35.847,1784.932222222222
Pulse experiments,pioreactor01,2026-09-11T19:17:35.852Z,0.15125,515,2026-09-12 01:02:35.852,1784.932222222222
Pulse experiments,pioreactor01,2026-09-11T19:17:35.856Z,0.174453125,555,2026-09-12 01:02:35.856,1784.932222222222
Pulse experiments,pioreactor01,2026-09-11T19:17:35.861Z,0.168671875,590,2026-09-12 01:02:35.861,1784.932222222222
Pulse experiments,pioreactor01,2026-09-11T19:17:35.865Z,0.173203125,630,2026-09-12 01:02:35.865,1784.932222222222
Pulse experiments,pioreactor01,2026-09-11T19:17:35.871Z,0.103671875,680,2026-09-12 01:02:35.871,1784.932222222222
Pulse experiments,pioreactor01,2026-09-11T19:17:40.842Z,0.01591796875,415,2026-09-12 01:02:40.842,1784.933611111111
Pulse experiments,pioreactor01,2026-09-11T19:17:40.846Z,0.1337890625,445,2026-09-12 01:02:40.846,1784.933611111111
Pulse experiments,pioreactor01,2026-09-11T19:17:40.850Z,0.12939453125,480,2026-09-12 01:02:40.850,1784.933611111111
Pulse experiments,pioreactor01,2026-09-11T19:17:40.854Z,0.1513671875,515,2026-09-12 01:02:40.854,1784.933611111111
Pulse experiments,pioreactor01,2026-09-11T19:17:40.860Z,0.1742578125,555,2026-09-12 01:02:40.860,1784.933611111111
Pulse experiments,pioreactor01,2026-09-11T19:17:40.864Z,0.1687109375,590,2026-09-12 01:02:40.864,1784.933611111111
Pulse experiments,pioreactor01,2026-09-11T19:17:40.869Z,0.1730859375,630,2026-09-12 01:02:40.869,1784.933611111111
Pulse experiments,pioreactor01,2026-09-11T19:17:40.873Z,0.1037109375,680,2026-09-12 01:02:40.873,1784.933611111111
Pulse experiments,pioreactor01,2026-09-11T19:17:45.840Z,0.01591796875,415,2026-09-12 01:02:45.840,1784.935
Pulse experiments,pioreactor01,2026-09-11T19:17:45.843Z,0.13369140625,445,2026-09-12 01:02:45.843,1784.935
Pulse experiments,pioreactor01,2026-09-11T19:17:45.850Z,0.12923828125,480,2026-09-12 01:02:45.850,1784.935
Pulse experiments,pioreactor01,2026-09-11T19:17:45.853Z,0.15111328125,515,2026-09-12 01:02:45.853,1784.935
Pulse experiments,pioreactor01,2026-09-11T19:17:45.859Z,0.17421875,555,2026-09-12 01:02:45.859,1784.935
Pulse experiments,pioreactor01,2026-09-11T19:17:45.862Z,0.16875,590,2026-09-12 01:02:45.862,1784.935
Pulse experiments,pioreactor01,2026-09-11T19:17:45.867Z,0.17302734375,630,2026-09-12 01:02:45.867,1784.935
Pulse experiments,pioreactor01,2026-09-11T19:17:45.873Z,0.103671875,680,2026-09-12 01:02:45.873,1784.935
Pulse experiments,pioreactor01,2026-09-11T19:17:50.839Z,0.0158984375,415,2026-09-12 01:02:50.839,1784.936388888889
Pulse experiments,pioreactor01,2026-09-11T19:17:50.843Z,0.13375,445,2026-09-12 01:02:50.843,1784.936388888889
Pulse experiments,pioreactor01,2026-09-11T19:17:50.848Z,0.12921875,480,2026-09-12 01:02:50.848,1784.936388888889
Pulse experiments,pioreactor01,2026-09-11T19:17:50.852Z,0.15119140625,515,2026-09-12 01:02:50.852,1784.936388888889
Pulse experiments,pioreactor01,2026-09-11T19:17:50.858Z,0.17421875,555,2026-09-12 01:02:50.858,1784.936388888889
Pulse experiments,pioreactor01,2026-09-11T19:17:50.862Z,0.16861328125,590,2026-09-12 01:02:50.862,1784.936388888889
Pulse experiments,pioreactor01,2026-09-11T19:17:50.867Z,0.17298828125,630,2026-09-12 01:02:50.867,1784.936388888889
Pulse experiments,pioreactor01,2026-09-11T19:17:50.871Z,0.1036328125,680,2026-09-12 01:02:50.871,1784.936388888889
Pulse experiments,pioreactor01,2026-09-11T19:17:55.837Z,0.015859375,415,2026-09-12 01:02:55.837,1784.937777777778
Pulse experiments,pioreactor01,2026-09-11T19:17:55.842Z,0.13380859375,445,2026-09-12 01:02:55.842,1784.937777777778
Pulse experiments,pioreactor01,2026-09-11T19:17:55.847Z,0.12943359375,480,2026-09-12 01:02:55.847,1784.937777777778
Pulse experiments,pioreactor01,2026-09-11T19:17:55.852Z,0.1512890625,515,2026-09-12 01:02:55.852,1784.937777777778
Pulse experiments,pioreactor01,2026-09-11T19:17:55.856Z,0.17439453125,555,2026-09-12 01:02:55.856,1784.937777777778
Pulse experiments,pioreactor01,2026-09-11T19:17:55.862Z,0.1687109375,590,2026-09-12 01:02:55.862,1784.937777777778
Pulse experiments,pioreactor01,2026-09-11T19:17:55.865Z,0.17306640625,630,2026-09-12 01:02:55.865,1784.937777777778
Pulse experiments,pioreactor01,2026-09-11T19:17:55.871Z,0.10375,680,2026-09-12 01:02:55.871,1784.937777777778
Pulse experiments,pioreactor01,2026-09-11T19:18:00.842Z,0.01591796875,415,2026-09-12 01:03:00.842,1784.939166666667
Pulse experiments,pioreactor01,2026-09-11T19:18:00.846Z,0.1337109375,445,2026-09-12 01:03:00.846,1784.939166666667
Pulse experiments,pioreactor01,2026-09-11T19:18:00.851Z,0.12927734375,480,2026-09-12 01:03:00.851,1784.939166666667
Pulse experiments,pioreactor01,2026-09-11T19:18:00.855Z,0.15123046875,515,2026-09-12 01:03:00.855,1784.939166666667
Pulse experiments,pioreactor01,2026-09-11T19:18:00.861Z,0.17392578125,555,2026-09-12 01:03:00.861,1784.939166666667
Pulse experiments,pioreactor01,2026-09-11T19:18:00.865Z,0.168515625,590,2026-09-12 01:03:00.865,1784.939166666667
Pulse experiments,pioreactor01,2026-09-11T19:18:00.870Z,0.1730078125,630,2026-09-12 01:03:00.870,1784.939166666667
Pulse experiments,pioreactor01,2026-09-11T19:18:00.874Z,0.1036328125,680,2026-09-12 01:03:00.874,1784.939166666667
Pulse experiments,pioreactor01,2026-09-11T19:18:05.840Z,0.01587890625,415,2026-09-12 01:03:05.840,1784.940555555556
Pulse experiments,pioreactor01,2026-09-11T19:18:05.845Z,0.13373046875,445,2026-09-12 01:03:05.845,1784.940555555556
Pulse experiments,pioreactor01,2026-09-11T19:18:05.849Z,0.12931640625,480,2026-09-12 01:03:05.849,1784.940555555556
Pulse experiments,pioreactor01,2026-09-11T19:18:05.855Z,0.15123046875,515,2026-09-12 01:03:05.855,1784.940555555556
Pulse experiments,pioreactor01,2026-09-11T19:18:05.859Z,0.17439453125,555,2026-09-12 01:03:05.859,1784.940555555556
Pulse experiments,pioreactor01,2026-09-11T19:18:05.864Z,0.16876953125,590,2026-09-12 01:03:05.864,1784.940555555556
Pulse experiments,pioreactor01,2026-09-11T19:18:05.868Z,0.173125,630,2026-09-12 01:03:05.868,1784.940555555556
Pulse experiments,pioreactor01,2026-09-11T19:18:05.872Z,0.10369140625,680,2026-09-12 01:03:05.872,1784.940555555556
Pulse experiments,pioreactor01,2026-09-11T19:18:10.838Z,0.0159765625,415,2026-09-12 01:03:10.838,1784.941944444445
Pulse experiments,pioreactor01,2026-09-11T19:18:10.844Z,0.1337109375,445,2026-09-12 01:03:10.844,1784.941944444445
Pulse experiments,pioreactor01,2026-09-11T19:18:10.847Z,0.129375,480,2026-09-12 01:03:10.847,1784.941944444445
Pulse experiments,pioreactor01,2026-09-11T19:18:10.853Z,0.15126953125,515,2026-09-12 01:03:10.853,1784.941944444445
Pulse experiments,pioreactor01,2026-09-11T19:18:10.858Z,0.17439453125,555,2026-09-12 01:03:10.858,1784.941944444445
Pulse experiments,pioreactor01,2026-09-11T19:18:10.862Z,0.16859375,590,2026-09-12 01:03:10.862,1784.941944444445
Pulse experiments,pioreactor01,2026-09-11T19:18:10.867Z,0.173046875,630,2026-09-12 01:03:10.867,1784.941944444445
Pulse experiments,pioreactor01,2026-09-11T19:18:10.871Z,0.10373046875,680,2026-09-12 01:03:10.871,1784.941944444445
Pulse experiments,pioreactor01,2026-09-11T19:18:15.843Z,0.0158984375,415,2026-09-12 01:03:15.843,1784.943333333333
Pulse experiments,pioreactor01,2026-09-11T19:18:15.848Z,0.13380859375,445,2026-09-12 01:03:15.848,1784.943333333333
Pulse experiments,pioreactor01,2026-09-11T19:18:15.853Z,0.12939453125,480,2026-09-12 01:03:15.853,1784.943333333333
Pulse experiments,pioreactor01,2026-09-11T19:18:15.857Z,0.1512109375,515,2026-09-12 01:03:15.857,1784.943333333333
Pulse experiments,pioreactor01,2026-09-11T19:18:15.863Z,0.17427734375,555,2026-09-12 01:03:15.863,1784.943333333333
Pulse experiments,pioreactor01,2026-09-11T19:18:15.868Z,0.1686328125,590,2026-09-12 01:03:15.868,1784.943333333333
Pulse experiments,pioreactor01,2026-09-11T19:18:15.872Z,0.17318359375,630,2026-09-12 01:03:15.872,1784.943333333333
Pulse experiments,pioreactor01,2026-09-11T19:18:15.877Z,0.1036328125,680,2026-09-12 01:03:15.877,1784.943333333333
Pulse experiments,pioreactor01,2026-09-11T19:18:20.842Z,0.01572265625,415,2026-09-12 01:03:20.842,1784.944722222222
Pulse experiments,pioreactor01,2026-09-11T19:18:20.846Z,0.13345703125,445,2026-09-12 01:03:20.846,1784.944722222222
Pulse experiments,pioreactor01,2026-09-11T19:18:20.851Z,0.12919921875,480,2026-09-12 01:03:20.851,1784.944722222222
Pulse experiments,pioreactor01,2026-09-11T19:18:20.856Z,0.15078125,515,2026-09-12 01:03:20.856,1784.944722222222
Pulse experiments,pioreactor01,2026-09-11T19:18:20.859Z,0.171171875,555,2026-09-12 01:03:20.859,1784.944722222222
Pulse experiments,pioreactor01,2026-09-11T19:18:20.864Z,0.16560546875,590,2026-09-12 01:03:20.864,1784.944722222222
Pulse experiments,pioreactor01,2026-09-11T19:18:20.869Z,0.170703125,630,2026-09-12 01:03:20.869,1784.944722222222
Pulse experiments,pioreactor01,2026-09-11T19:18:20.873Z,0.10177734375,680,2026-09-12 01:03:20.873,1784.944722222222
Pulse experiments,pioreactor01,2026-09-11T19:18:25.838Z,0.015703125,415,2026-09-12 01:03:25.838,1784.946111111111
Pulse experiments,pioreactor01,2026-09-11T19:18:25.842Z,0.13353515625,445,2026-09-12 01:03:25.842,1784.946111111111
Pulse experiments,pioreactor01,2026-09-11T19:18:25.848Z,0.12921875,480,2026-09-12 01:03:25.848,1784.946111111111
Pulse experiments,pioreactor01,2026-09-11T19:18:25.852Z,0.15087890625,515,2026-09-12 01:03:25.852,1784.946111111111
Pulse experiments,pioreactor01,2026-09-11T19:18:25.857Z,0.1709765625,555,2026-09-12 01:03:25.857,1784.946111111111
Pulse experiments,pioreactor01,2026-09-11T19:18:25.862Z,0.16537109375,590,2026-09-12 01:03:25.862,1784.946111111111
Pulse experiments,pioreactor01,2026-09-11T19:18:25.867Z,0.1707421875,630,2026-09-12 01:03:25.867,1784.946111111111
Pulse experiments,pioreactor01,2026-09-11T19:18:25.872Z,0.10181640625,680,2026-09-12 01:03:25.872,1784.946111111111
Pulse experiments,pioreactor01,2026-09-11T19:18:30.839Z,0.01572265625,415,2026-09-12 01:03:30.839,1784.9475
Pulse experiments,pioreactor01,2026-09-11T19:18:30.848Z,0.1334375,445,2026-09-12 01:03:30.848,1784.9475
Pulse experiments,pioreactor01,2026-09-11T19:18:30.851Z,0.1291015625,480,2026-09-12 01:03:30.851,1784.9475
Pulse experiments,pioreactor01,2026-09-11T19:18:30.856Z,0.15072265625,515,2026-09-12 01:03:30.856,1784.9475
Pulse experiments,pioreactor01,2026-09-11T19:18:30.861Z,0.17087890625,555,2026-09-12 01:03:30.861,1784.9475
Pulse experiments,pioreactor01,2026-09-11T19:18:30.866Z,0.16529296875,590,2026-09-12 01:03:30.866,1784.9475
Pulse experiments,pioreactor01,2026-09-11T19:18:30.870Z,0.17078125,630,2026-09-12 01:03:30.870,1784.9475
Pulse experiments,pioreactor01,2026-09-11T19:18:30.876Z,0.10173828125,680,2026-09-12 01:03:30.876,1784.9475
Pulse experiments,pioreactor01,2026-09-11T19:18:35.837Z,0.01572265625,415,2026-09-12 01:03:35.837,1784.948888888889
Pulse experiments,pioreactor01,2026-09-11T19:18:35.844Z,0.13341796875,445,2026-09-12 01:03:35.844,1784.948888888889
Pulse experiments,pioreactor01,2026-09-11T19:18:35.850Z,0.12908203125,480,2026-09-12 01:03:35.850,1784.948888888889
Pulse experiments,pioreactor01,2026-09-11T19:18:35.854Z,0.1508203125,515,2026-09-12 01:03:35.854,1784.948888888889
Pulse experiments,pioreactor01,2026-09-11T19:18:35.860Z,0.1709765625,555,2026-09-12 01:03:35.860,1784.948888888889
Pulse experiments,pioreactor01,2026-09-11T19:18:35.865Z,0.16533203125,590,2026-09-12 01:03:35.865,1784.948888888889
Pulse experiments,pioreactor01,2026-09-11T19:18:35.870Z,0.17076171875,630,2026-09-12 01:03:35.870,1784.948888888889
Pulse experiments,pioreactor01,2026-09-11T19:18:35.874Z,0.10177734375,680,2026-09-12 01:03:35.874,1784.948888888889
Pulse experiments,pioreactor01,2026-09-11T19:18:40.844Z,0.0157421875,415,2026-09-12 01:03:40.844,1784.950277777778
Pulse experiments,pioreactor01,2026-09-11T19:18:40.848Z,0.1334375,445,2026-09-12 01:03:40.848,1784.950277777778
Pulse experiments,pioreactor01,2026-09-11T19:18:40.853Z,0.129140625,480,2026-09-12 01:03:40.853,1784.950277777778
Pulse experiments,pioreactor01,2026-09-11T19:18:40.859Z,0.15087890625,515,2026-09-12 01:03:40.859,1784.950277777778
Pulse experiments,pioreactor01,2026-09-11T19:18:40.864Z,0.1708203125,555,2026-09-12 01:03:40.864,1784.950277777778
Pulse experiments,pioreactor01,2026-09-11T19:18:40.869Z,0.1653515625,590,2026-09-12 01:03:40.869,1784.950277777778
Pulse experiments,pioreactor01,2026-09-11T19:18:40.875Z,0.17083984375,630,2026-09-12 01:03:40.875,1784.950277777778
Pulse experiments,pioreactor01,2026-09-11T19:18:40.879Z,0.1018359375,680,2026-09-12 01:03:40.879,1784.950277777778
Pulse experiments,pioreactor01,2026-09-11T19:18:45.842Z,0.01572265625,415,2026-09-12 01:03:45.842,1784.951666666667
Pulse experiments,pioreactor01,2026-09-11T19:18:45.846Z,0.1334765625,445,2026-09-12 01:03:45.846,1784.951666666667
Pulse experiments,pioreactor01,2026-09-11T19:18:45.851Z,0.12908203125,480,2026-09-12 01:03:45.851,1784.951666666667
Pulse experiments,pioreactor01,2026-09-11T19:18:45.856Z,0.15078125,515,2026-09-12 01:03:45.856,1784.951666666667
Pulse experiments,pioreactor01,2026-09-11T19:18:45.860Z,0.1708984375,555,2026-09-12 01:03:45.860,1784.951666666667
Pulse experiments,pioreactor01,2026-09-11T19:18:45.866Z,0.16533203125,590,2026-09-12 01:03:45.866,1784.951666666667
Pulse experiments,pioreactor01,2026-09-11T19:18:45.871Z,0.17060546875,630,2026-09-12 01:03:45.871,1784.951666666667
Pulse experiments,pioreactor01,2026-09-11T19:18:45.876Z,0.10169921875,680,2026-09-12 01:03:45.876,1784.951666666667
Pulse experiments,pioreactor01,2026-09-11T19:18:50.837Z,0.01572265625,415,2026-09-12 01:03:50.837,1784.953055555555
Pulse experiments,pioreactor01,2026-09-11T19:18:50.840Z,0.13330078125,445,2026-09-12 01:03:50.840,1784.953055555555
Pulse experiments,pioreactor01,2026-09-11T19:18:50.847Z,0.1290234375,480,2026-09-12 01:03:50.847,1784.953055555555
Pulse experiments,pioreactor01,2026-09-11T19:18:50.850Z,0.15068359375,515,2026-09-12 01:03:50.850,1784.953055555555
Pulse experiments,pioreactor01,2026-09-11T19:18:50.856Z,0.17095703125,555,2026-09-12 01:03:50.856,1784.953055555555
Pulse experiments,pioreactor01,2026-09-11T19:18:50.861Z,0.16529296875,590,2026-09-12 01:03:50.861,1784.953055555555
Pulse experiments,pioreactor01,2026-09-11T19:18:50.867Z,0.17064453125,630,2026-09-12 01:03:50.867,1784.953055555555
Pulse experiments,pioreactor01,2026-09-11T19:18:50.870Z,0.1017578125,680,2026-09-12 01:03:50.870,1784.953055555555
Pulse experiments,pioreactor01,2026-09-11T19:18:55.845Z,0.0157421875,415,2026-09-12 01:03:55.845,1784.954444444444
Pulse experiments,pioreactor01,2026-09-11T19:18:55.848Z,0.1333984375,445,2026-09-12 01:03:55.848,1784.954444444444
Pulse experiments,pioreactor01,2026-09-11T19:18:55.854Z,0.12908203125,480,2026-09-12 01:03:55.854,1784.954444444444
Pulse experiments,pioreactor01,2026-09-11T19:18:55.857Z,0.15072265625,515,2026-09-12 01:03:55.857,1784.954444444444
Pulse experiments,pioreactor01,2026-09-11T19:18:55.861Z,0.17064453125,555,2026-09-12 01:03:55.861,1784.954444444444
Pulse experiments,pioreactor01,2026-09-11T19:18:55.867Z,0.165234375,590,2026-09-12 01:03:55.867,1784.954444444444
Pulse experiments,pioreactor01,2026-09-11T19:18:55.871Z,0.17041015625,630,2026-09-12 01:03:55.871,1784.954444444444
Pulse experiments,pioreactor01,2026-09-11T19:18:55.876Z,0.10166015625,680,2026-09-12 01:03:55.876,1784.954444444444
Pulse experiments,pioreactor01,2026-09-11T19:19:00.841Z,0.015703125,415,2026-09-12 01:04:00.841,1784.955833333333
Pulse experiments,pioreactor01,2026-09-11T19:19:00.845Z,0.1333203125,445,2026-09-12 01:04:00.845,1784.955833333333
Pulse experiments,pioreactor01,2026-09-11T19:19:00.850Z,0.12908203125,480,2026-09-12 01:04:00.850,1784.955833333333
Pulse experiments,pioreactor01,2026-09-11T19:19:00.854Z,0.1507421875,515,2026-09-12 01:04:00.854,1784.955833333333
Pulse experiments,pioreactor01,2026-09-11T19:19:00.860Z,0.17083984375,555,2026-09-12 01:04:00.860,1784.955833333333
Pulse experiments,pioreactor01,2026-09-11T19:19:00.864Z,0.1652734375,590,2026-09-12 01:04:00.864,1784.955833333333
Pulse experiments,pioreactor01,2026-09-11T19:19:00.869Z,0.17060546875,630,2026-09-12 01:04:00.869,1784.955833333333
Pulse experiments,pioreactor01,2026-09-11T19:19:00.873Z,0.10162109375,680,2026-09-12 01:04:00.873,1784.955833333333
Pulse experiments,pioreactor01,2026-09-11T19:19:05.840Z,0.01572265625,415,2026-09-12 01:04:05.840,1784.957222222222
Pulse experiments,pioreactor01,2026-09-11T19:19:05.846Z,0.1333984375,445,2026-09-12 01:04:05.846,1784.957222222222
Pulse experiments,pioreactor01,2026-09-11T19:19:05.850Z,0.12908203125,480,2026-09-12 01:04:05.850,1784.957222222222
Pulse experiments,pioreactor01,2026-09-11T19:19:05.857Z,0.150625,515,2026-09-12 01:04:05.857,1784.957222222222
Pulse experiments,pioreactor01,2026-09-11T19:19:05.860Z,0.17091796875,555,2026-09-12 01:04:05.860,1784.957222222222
Pulse experiments,pioreactor01,2026-09-11T19:19:05.865Z,0.1653125,590,2026-09-12 01:04:05.865,1784.957222222222
Pulse experiments,pioreactor01,2026-09-11T19:19:05.870Z,0.17076171875,630,2026-09-12 01:04:05.870,1784.957222222222
Pulse experiments,pioreactor01,2026-09-11T19:19:05.874Z,0.101640625,680,2026-09-12 01:04:05.874,1784.957222222222
Pulse experiments,pioreactor01,2026-09-11T19:19:10.839Z,0.01572265625,415,2026-09-12 01:04:10.839,1784.958611111111
Pulse experiments,pioreactor01,2026-09-11T19:19:10.843Z,0.13353515625,445,2026-09-12 01:04:10.843,1784.958611111111
Pulse experiments,pioreactor01,2026-09-11T19:19:10.848Z,0.1290625,480,2026-09-12 01:04:10.848,1784.958611111111
Pulse experiments,pioreactor01,2026-09-11T19:19:10.853Z,0.1506640625,515,2026-09-12 01:04:10.853,1784.958611111111
Pulse experiments,pioreactor01,2026-09-11T19:19:10.857Z,0.17083984375,555,2026-09-12 01:04:10.857,1784.958611111111
Pulse experiments,pioreactor01,2026-09-11T19:19:10.863Z,0.165390625,590,2026-09-12 01:04:10.863,1784.958611111111
Pulse experiments,pioreactor01,2026-09-11T19:19:10.867Z,0.170546875,630,2026-09-12 01:04:10.867,1784.958611111111
Pulse experiments,pioreactor01,2026-09-11T19:19:10.872Z,0.10162109375,680,2026-09-12 01:04:10.872,1784.958611111111
Pulse experiments,pioreactor01,2026-09-11T19:19:15.840Z,0.01572265625,415,2026-09-12 01:04:15.840,1784.96
Pulse experiments,pioreactor01,2026-09-11T19:19:15.845Z,0.133359375,445,2026-09-12 01:04:15.845,1784.96
Pulse experiments,pioreactor01,2026-09-11T19:19:15.851Z,0.1290625,480,2026-09-12 01:04:15.851,1784.96
Pulse experiments,pioreactor01,2026-09-11T19:19:15.854Z,0.15072265625,515,2026-09-12 01:04:15.854,1784.96
Pulse experiments,pioreactor01,2026-09-11T19:19:15.860Z,0.17099609375,555,2026-09-12 01:04:15.860,1784.96
Pulse experiments,pioreactor01,2026-09-11T19:19:15.864Z,0.1652734375,590,2026-09-12 01:04:15.864,1784.96
Pulse experiments,pioreactor01,2026-09-11T19:19:15.869Z,0.1703515625,630,2026-09-12 01:04:15.869,1784.96
Pulse experiments,pioreactor01,2026-09-11T19:19:15.874Z,0.10171875,680,2026-09-12 01:04:15.874,1784.96
Pulse experiments,pioreactor01,2026-09-11T19:19:20.835Z,0.01576171875,415,2026-09-12 01:04:20.835,1784.961388888889
Pulse experiments,pioreactor01,2026-09-11T19:19:20.840Z,0.1333984375,445,2026-09-12 01:04:20.840,1784.961388888889
Pulse experiments,pioreactor01,2026-09-11T19:19:20.845Z,0.129140625,480,2026-09-12 01:04:20.845,1784.961388888889
Pulse experiments,pioreactor01,2026-09-11T19:19:20.850Z,0.15080078125,515,2026-09-12 01:04:20.850,1784.961388888889
Pulse experiments,pioreactor01,2026-09-11T19:19:20.855Z,0.1709765625,555,2026-09-12 01:04:20.855,1784.961388888889
Pulse experiments,pioreactor01,2026-09-11T19:19:20.859Z,0.1654296875,590,2026-09-12 01:04:20.859,1784.961388888889
Pulse experiments,pioreactor01,2026-09-11T19:19:20.863Z,0.17064453125,630,2026-09-12 01:04:20.863,1784.961388888889
Pulse experiments,pioreactor01,2026-09-11T19:19:20.868Z,0.10162109375,680,2026-09-12 01:04:20.868,1784.961388888889
Pulse experiments,pioreactor01,2026-09-11T19:19:25.840Z,0.0157421875,415,2026-09-12 01:04:25.840,1784.962777777778
Pulse experiments,pioreactor01,2026-09-11T19:19:25.844Z,0.13359375,445,2026-09-12 01:04:25.844,1784.962777777778
Pulse experiments,pioreactor01,2026-09-11T19:19:25.848Z,0.1291796875,480,2026-09-12 01:04:25.848,1784.962777777778
Pulse experiments,pioreactor01,2026-09-11T19:19:25.855Z,0.15076171875,515,2026-09-12 01:04:25.855,1784.962777777778
Pulse experiments,pioreactor01,2026-09-11T19:19:25.860Z,0.17103515625,555,2026-09-12 01:04:25.860,1784.962777777778
Pulse experiments,pioreactor01,2026-09-11T19:19:25.865Z,0.165234375,590,2026-09-12 01:04:25.865,1784.962777777778
Pulse experiments,pioreactor01,2026-09-11T19:19:25.870Z,0.17076171875,630,2026-09-12 01:04:25.870,1784.962777777778
Pulse experiments,pioreactor01,2026-09-11T19:19:25.875Z,0.10177734375,680,2026-09-12 01:04:25.875,1784.962777777778
Pulse experiments,pioreactor01,2026-09-11T19:19:30.844Z,0.015703125,415,2026-09-12 01:04:30.844,1784.964166666667
Pulse experiments,pioreactor01,2026-09-11T19:19:30.850Z,0.13341796875,445,2026-09-12 01:04:30.850,1784.964166666667
Pulse experiments,pioreactor01,2026-09-11T19:19:30.855Z,0.1291015625,480,2026-09-12 01:04:30.855,1784.964166666667
Pulse experiments,pioreactor01,2026-09-11T19:19:30.861Z,0.15072265625,515,2026-09-12 01:04:30.861,1784.964166666667
Pulse experiments,pioreactor01,2026-09-11T19:19:30.866Z,0.1709765625,555,2026-09-12 01:04:30.866,1784.964166666667
Pulse experiments,pioreactor01,2026-09-11T19:19:30.869Z,0.16521484375,590,2026-09-12 01:04:30.869,1784.964166666667
Pulse experiments,pioreactor01,2026-09-11T19:19:30.874Z,0.170546875,630,2026-09-12 01:04:30.874,1784.964166666667
Pulse experiments,pioreactor01,2026-09-11T19:19:30.879Z,0.10166015625,680,2026-09-12 01:04:30.879,1784.964166666667
Pulse experiments,pioreactor01,2026-09-11T19:19:35.840Z,0.01572265625,415,2026-09-12 01:04:35.840,1784.965555555556
Pulse experiments,pioreactor01,2026-09-11T19:19:35.845Z,0.13359375,445,2026-09-12 01:04:35.845,1784.965555555556
Pulse experiments,pioreactor01,2026-09-11T19:19:35.849Z,0.12916015625,480,2026-09-12 01:04:35.849,1784.965555555556
Pulse experiments,pioreactor01,2026-09-11T19:19:35.854Z,0.1508203125,515,2026-09-12 01:04:35.854,1784.965555555556
Pulse experiments,pioreactor01,2026-09-11T19:19:35.858Z,0.171015625,555,2026-09-12 01:04:35.858,1784.965555555556
Pulse experiments,pioreactor01,2026-09-11T19:19:35.864Z,0.165234375,590,2026-09-12 01:04:35.864,1784.965555555556
Pulse experiments,pioreactor01,2026-09-11T19:19:35.867Z,0.1707421875,630,2026-09-12 01:04:35.867,1784.965555555556
Pulse experiments,pioreactor01,2026-09-11T19:19:35.872Z,0.10177734375,680,2026-09-12 01:04:35.872,1784.965555555556
Pulse experiments,pioreactor01,2026-09-11T19:19:40.843Z,0.01572265625,415,2026-09-12 01:04:40.843,1784.966944444444
Pulse experiments,pioreactor01,2026-09-11T19:19:40.847Z,0.1334375,445,2026-09-12 01:04:40.847,1784.966944444444
Pulse experiments,pioreactor01,2026-09-11T19:19:40.852Z,0.1291796875,480,2026-09-12 01:04:40.852,1784.966944444444
Pulse experiments,pioreactor01,2026-09-11T19:19:40.857Z,0.15080078125,515,2026-09-12 01:04:40.857,1784.966944444444
Pulse experiments,pioreactor01,2026-09-11T19:19:40.862Z,0.17103515625,555,2026-09-12 01:04:40.862,1784.966944444444
Pulse experiments,pioreactor01,2026-09-11T19:19:40.866Z,0.16529296875,590,2026-09-12 01:04:40.866,1784.966944444444
Pulse experiments,pioreactor01,2026-09-11T19:19:40.870Z,0.17072265625,630,2026-09-12 01:04:40.870,1784.966944444444
Pulse experiments,pioreactor01,2026-09-11T19:19:40.876Z,0.10171875,680,2026-09-12 01:04:40.876,1784.966944444444
Pulse experiments,pioreactor01,2026-09-11T19:19:45.839Z,0.0157421875,415,2026-09-12 01:04:45.839,1784.968333333333
Pulse experiments,pioreactor01,2026-09-11T19:19:45.844Z,0.133359375,445,2026-09-12 01:04:45.844,1784.968333333333
Pulse experiments,pioreactor01,2026-09-11T19:19:45.850Z,0.1290234375,480,2026-09-12 01:04:45.850,1784.968333333333
Pulse experiments,pioreactor01,2026-09-11T19:19:45.853Z,0.150703125,515,2026-09-12 01:04:45.853,1784.968333333333
Pulse experiments,pioreactor01,2026-09-11T19:19:45.858Z,0.1706640625,555,2026-09-12 01:04:45.858,1784.968333333333
Pulse experiments,pioreactor01,2026-09-11T19:19:45.864Z,0.1653125,590,2026-09-12 01:04:45.864,1784.968333333333
Pulse experiments,pioreactor01,2026-09-11T19:19:45.868Z,0.170546875,630,2026-09-12 01:04:45.868,1784.968333333333
Pulse experiments,pioreactor01,2026-09-11T19:19:45.874Z,0.101640625,680,2026-09-12 01:04:45.874,1784.968333333333
Pulse experiments,pioreactor01,2026-09-11T19:19:50.837Z,0.01568359375,415,2026-09-12 01:04:50.837,1784.969722222222
Pulse experiments,pioreactor01,2026-09-11T19:19:50.842Z,0.13328125,445,2026-09-12 01:04:50.842,1784.969722222222
Pulse experiments,pioreactor01,2026-09-11T19:19:50.846Z,0.1290234375,480,2026-09-12 01:04:50.846,1784.969722222222
Pulse experiments,pioreactor01,2026-09-11T19:19:50.851Z,0.15078125,515,2026-09-12 01:04:50.851,1784.969722222222
Pulse experiments,pioreactor01,2026-09-11T19:19:50.858Z,0.17080078125,555,2026-09-12 01:04:50.858,1784.969722222222
Pulse experiments,pioreactor01,2026-09-11T19:19:50.862Z,0.16529296875,590,2026-09-12 01:04:50.862,1784.969722222222
Pulse experiments,pioreactor01,2026-09-11T19:19:50.867Z,0.17046875,630,2026-09-12 01:04:50.867,1784.969722222222
Pulse experiments,pioreactor01,2026-09-11T19:19:50.871Z,0.10169921875,680,2026-09-12 01:04:50.871,1784.969722222222
Pulse experiments,pioreactor01,2026-09-11T19:19:55.837Z,0.01572265625,415,2026-09-12 01:04:55.837,1784.971111111111
Pulse experiments,pioreactor01,2026-09-11T19:19:55.843Z,0.1333984375,445,2026-09-12 01:04:55.843,1784.971111111111
Pulse experiments,pioreactor01,2026-09-11T19:19:55.847Z,0.12912109375,480,2026-09-12 01:04:55.847,1784.971111111111
Pulse experiments,pioreactor01,2026-09-11T19:19:55.853Z,0.15072265625,515,2026-09-12 01:04:55.853,1784.971111111111
Pulse experiments,pioreactor01,2026-09-11T19:19:55.857Z,0.1709375,555,2026-09-12 01:04:55.857,1784.971111111111
Pulse experiments,pioreactor01,2026-09-11T19:19:55.862Z,0.16525390625,590,2026-09-12 01:04:55.862,1784.971111111111
Pulse experiments,pioreactor01,2026-09-11T19:19:55.867Z,0.17060546875,630,2026-09-12 01:04:55.867,1784.971111111111
Pulse experiments,pioreactor01,2026-09-11T19:19:55.871Z,0.101640625,680,2026-09-12 01:04:55.871,1784.971111111111
Pulse experiments,pioreactor01,2026-09-11T19:20:00.847Z,0.01568359375,415,2026-09-12 01:05:00.847,1784.9725
Pulse experiments,pioreactor01,2026-09-11T19:20:00.850Z,0.133515625,445,2026-09-12 01:05:00.850,1784.9725
Pulse experiments,pioreactor01,2026-09-11T19:20:00.854Z,0.12904296875,480,2026-09-12 01:05:00.854,1784.9725
Pulse experiments,pioreactor01,2026-09-11T19:20:00.858Z,0.15072265625,515,2026-09-12 01:05:00.858,1784.9725
Pulse experiments,pioreactor01,2026-09-11T19:20:00.863Z,0.17078125,555,2026-09-12 01:05:00.863,1784.9725
Pulse experiments,pioreactor01,2026-09-11T19:20:00.868Z,0.16515625,590,2026-09-12 01:05:00.868,1784.9725
Pulse experiments,pioreactor01,2026-09-11T19:20:00.872Z,0.1705859375,630,2026-09-12 01:05:00.872,1784.9725
Pulse experiments,pioreactor01,2026-09-11T19:20:00.879Z,0.1016015625,680,2026-09-12 01:05:00.879,1784.9725
Pulse experiments,pioreactor01,2026-09-11T19:20:05.840Z,0.01572265625,415,2026-09-12 01:05:05.840,1784.973888888889
Pulse experiments,pioreactor01,2026-09-11T19:20:05.846Z,0.13349609375,445,2026-09-12 01:05:05.846,1784.973888888889
Pulse experiments,pioreactor01,2026-09-11T19:20:05.849Z,0.12904296875,480,2026-09-12 01:05:05.849,1784.973888888889
Pulse experiments,pioreactor01,2026-09-11T19:20:05.853Z,0.1506640625,515,2026-09-12 01:05:05.853,1784.973888888889
Pulse experiments,pioreactor01,2026-09-11T19:20:05.859Z,0.17087890625,555,2026-09-12 01:05:05.859,1784.973888888889
Pulse experiments,pioreactor01,2026-09-11T19:20:05.863Z,0.16513671875,590,2026-09-12 01:05:05.863,1784.973888888889
Pulse experiments,pioreactor01,2026-09-11T19:20:05.869Z,0.1705078125,630,2026-09-12 01:05:05.869,1784.973888888889
Pulse experiments,pioreactor01,2026-09-11T19:20:05.873Z,0.10158203125,680,2026-09-12 01:05:05.873,1784.973888888889
Pulse experiments,pioreactor01,2026-09-11T19:20:10.840Z,0.0156640625,415,2026-09-12 01:05:10.840,1784.975277777778
Pulse experiments,pioreactor01,2026-09-11T19:20:10.844Z,0.133359375,445,2026-09-12 01:05:10.844,1784.975277777778
Pulse experiments,pioreactor01,2026-09-11T19:20:10.848Z,0.12904296875,480,2026-09-12 01:05:10.848,1784.975277777778
Pulse experiments,pioreactor01,2026-09-11T19:20:10.853Z,0.150625,515,2026-09-12 01:05:10.853,1784.975277777778
Pulse experiments,pioreactor01,2026-09-11T19:20:10.857Z,0.17091796875,555,2026-09-12 01:05:10.857,1784.975277777778
Pulse experiments,pioreactor01,2026-09-11T19:20:10.863Z,0.16517578125,590,2026-09-12 01:05:10.863,1784.975277777778
Pulse experiments,pioreactor01,2026-09-11T19:20:10.866Z,0.1705859375,630,2026-09-12 01:05:10.866,1784.975277777778
Pulse experiments,pioreactor01,2026-09-11T19:20:10.872Z,0.1016015625,680,2026-09-12 01:05:10.872,1784.975277777778
Pulse experiments,pioreactor01,2026-09-11T19:20:15.838Z,0.01576171875,415,2026-09-12 01:05:15.838,1784.976666666667
Pulse experiments,pioreactor01,2026-09-11T19:20:15.842Z,0.13341796875,445,2026-09-12 01:05:15.842,1784.976666666667
Pulse experiments,pioreactor01,2026-09-11T19:20:15.847Z,0.1291015625,480,2026-09-12 01:05:15.847,1784.976666666667
Pulse experiments,pioreactor01,2026-09-11T19:20:15.852Z,0.15078125,515,2026-09-12 01:05:15.852,1784.976666666667
Pulse experiments,pioreactor01,2026-09-11T19:20:15.855Z,0.171015625,555,2026-09-12 01:05:15.855,1784.976666666667
Pulse experiments,pioreactor01,2026-09-11T19:20:15.860Z,0.1652734375,590,2026-09-12 01:05:15.860,1784.976666666667
Pulse experiments,pioreactor01,2026-09-11T19:20:15.865Z,0.1705078125,630,2026-09-12 01:05:15.865,1784.976666666667
Pulse experiments,pioreactor01,2026-09-11T19:20:15.871Z,0.101640625,680,2026-09-12 01:05:15.871,1784.976666666667
Pulse experiments,pioreactor01,2026-09-11T19:20:20.838Z,0.015703125,415,2026-09-12 01:05:20.838,1784.978055555556
Pulse experiments,pioreactor01,2026-09-11T19:20:20.841Z,0.133359375,445,2026-09-12 01:05:20.841,1784.978055555556
Pulse experiments,pioreactor01,2026-09-11T19:20:20.847Z,0.12892578125,480,2026-09-12 01:05:20.847,1784.978055555556
Pulse experiments,pioreactor01,2026-09-11T19:20:20.852Z,0.1508203125,515,2026-09-12 01:05:20.852,1784.978055555556
Pulse experiments,pioreactor01,2026-09-11T19:20:20.857Z,0.1709375,555,2026-09-12 01:05:20.857,1784.978055555556
Pulse experiments,pioreactor01,2026-09-11T19:20:20.862Z,0.16521484375,590,2026-09-12 01:05:20.862,1784.978055555556
Pulse experiments,pioreactor01,2026-09-11T19:20:20.867Z,0.1705078125,630,2026-09-12 01:05:20.867,1784.978055555556
Pulse experiments,pioreactor01,2026-09-11T19:20:20.871Z,0.10158203125,680,2026-09-12 01:05:20.871,1784.978055555556
Pulse experiments,pioreactor01,2026-09-11T19:20:25.841Z,0.01568359375,415,2026-09-12 01:05:25.841,1784.979444444444
Pulse experiments,pioreactor01,2026-09-11T19:20:25.844Z,0.1334375,445,2026-09-12 01:05:25.844,1784.979444444444
Pulse experiments,pioreactor01,2026-09-11T19:20:25.849Z,0.12912109375,480,2026-09-12 01:05:25.849,1784.979444444444
Pulse experiments,pioreactor01,2026-09-11T19:20:25.854Z,0.150703125,515,2026-09-12 01:05:25.854,1784.979444444444
Pulse experiments,pioreactor01,2026-09-11T19:20:25.858Z,0.1709765625,555,2026-09-12 01:05:25.858,1784.979444444444
Pulse experiments,pioreactor01,2026-09-11T19:20:25.863Z,0.16533203125,590,2026-09-12 01:05:25.863,1784.979444444444
Pulse experiments,pioreactor01,2026-09-11T19:20:25.867Z,0.1705859375,630,2026-09-12 01:05:25.867,1784.979444444444
Pulse experiments,pioreactor01,2026-09-11T19:20:25.872Z,0.10169921875,680,2026-09-12 01:05:25.872,1784.979444444444
Pulse experiments,pioreactor01,2026-09-11T19:20:30.847Z,0.015703125,415,2026-09-12 01:05:30.847,1784.980833333333
Pulse experiments,pioreactor01,2026-09-11T19:20:30.851Z,0.1332421875,445,2026-09-12 01:05:30.851,1784.980833333333
Pulse experiments,pioreactor01,2026-09-11T19:20:30.856Z,0.12904296875,480,2026-09-12 01:05:30.856,1784.980833333333
Pulse experiments,pioreactor01,2026-09-11T19:20:30.861Z,0.15064453125,515,2026-09-12 01:05:30.861,1784.980833333333
Pulse experiments,pioreactor01,2026-09-11T19:20:30.866Z,0.17080078125,555,2026-09-12 01:05:30.866,1784.980833333333
Pulse experiments,pioreactor01,2026-09-11T19:20:30.872Z,0.1651171875,590,2026-09-12 01:05:30.872,1784.980833333333
Pulse experiments,pioreactor01,2026-09-11T19:20:30.876Z,0.17048828125,630,2026-09-12 01:05:30.876,1784.980833333333
Pulse experiments,pioreactor01,2026-09-11T19:20:30.881Z,0.10154296875,680,2026-09-12 01:05:30.881,1784.980833333333
Pulse experiments,pioreactor01,2026-09-11T19:20:35.837Z,0.015703125,415,2026-09-12 01:05:35.837,1784.982222222222
Pulse experiments,pioreactor01,2026-09-11T19:20:35.843Z,0.13330078125,445,2026-09-12 01:05:35.843,1784.982222222222
Pulse experiments,pioreactor01,2026-09-11T19:20:35.848Z,0.12900390625,480,2026-09-12 01:05:35.848,1784.982222222222
Pulse experiments,pioreactor01,2026-09-11T19:20:35.853Z,0.15068359375,515,2026-09-12 01:05:35.853,1784.982222222222
Pulse experiments,pioreactor01,2026-09-11T19:20:35.857Z,0.17087890625,555,2026-09-12 01:05:35.857,1784.982222222222
Pulse experiments,pioreactor01,2026-09-11T19:20:35.863Z,0.1651953125,590,2026-09-12 01:05:35.863,1784.982222222222
Pulse experiments,pioreactor01,2026-09-11T19:20:35.867Z,0.1703515625,630,2026-09-12 01:05:35.867,1784.982222222222
Pulse experiments,pioreactor01,2026-09-11T19:20:35.872Z,0.10154296875,680,2026-09-12 01:05:35.872,1784.982222222222
Pulse experiments,pioreactor01,2026-09-11T19:20:40.840Z,0.01568359375,415,2026-09-12 01:05:40.840,1784.983611111111
Pulse experiments,pioreactor01,2026-09-11T19:20:40.845Z,0.13337890625,445,2026-09-12 01:05:40.845,1784.983611111111
Pulse experiments,pioreactor01,2026-09-11T19:20:40.851Z,0.12916015625,480,2026-09-12 01:05:40.851,1784.983611111111
Pulse experiments,pioreactor01,2026-09-11T19:20:40.854Z,0.15068359375,515,2026-09-12 01:05:40.854,1784.983611111111
Pulse experiments,pioreactor01,2026-09-11T19:20:40.860Z,0.1709375,555,2026-09-12 01:05:40.860,1784.983611111111
Pulse experiments,pioreactor01,2026-09-11T19:20:40.864Z,0.1652734375,590,2026-09-12 01:05:40.864,1784.983611111111
Pulse experiments,pioreactor01,2026-09-11T19:20:40.869Z,0.170546875,630,2026-09-12 01:05:40.869,1784.983611111111
Pulse experiments,pioreactor01,2026-09-11T19:20:40.873Z,0.101640625,680,2026-09-12 01:05:40.873,1784.983611111111
Pulse experiments,pioreactor01,2026-09-11T19:20:45.841Z,0.015703125,415,2026-09-12 01:05:45.841,1784.985
Pulse experiments,pioreactor01,2026-09-11T19:20:45.844Z,0.13330078125,445,2026-09-12 01:05:45.844,1784.985
Pulse experiments,pioreactor01,2026-09-11T19:20:45.849Z,0.1289453125,480,2026-09-12 01:05:45.849,1784.985
Pulse experiments,pioreactor01,2026-09-11T19:20:45.855Z,0.1505859375,515,2026-09-12 01:05:45.855,1784.985
Pulse experiments,pioreactor01,2026-09-11T19:20:45.859Z,0.17076171875,555,2026-09-12 01:05:45.859,1784.985
Pulse experiments,pioreactor01,2026-09-11T19:20:45.865Z,0.16525390625,590,2026-09-12 01:05:45.865,1784.985
Pulse experiments,pioreactor01,2026-09-11T19:20:45.869Z,0.1705078125,630,2026-09-12 01:05:45.869,1784.985
Pulse experiments,pioreactor01,2026-09-11T19:20:45.875Z,0.1016015625,680,2026-09-12 01:05:45.875,1784.985
Pulse experiments,pioreactor01,2026-09-11T19:20:50.839Z,0.01572265625,415,2026-09-12 01:05:50.839,1784.986388888889
Pulse experiments,pioreactor01,2026-09-11T19:20:50.842Z,0.133359375,445,2026-09-12 01:05:50.842,1784.986388888889
Pulse experiments,pioreactor01,2026-09-11T19:20:50.847Z,0.128984375,480,2026-09-12 01:05:50.847,1784.986388888889
Pulse experiments,pioreactor01,2026-09-11T19:20:50.852Z,0.150625,515,2026-09-12 01:05:50.852,1784.986388888889
Pulse experiments,pioreactor01,2026-09-11T19:20:50.857Z,0.17087890625,555,2026-09-12 01:05:50.857,1784.986388888889
Pulse experiments,pioreactor01,2026-09-11T19:20:50.862Z,0.16505859375,590,2026-09-12 01:05:50.862,1784.986388888889
Pulse experiments,pioreactor01,2026-09-11T19:20:50.868Z,0.17060546875,630,2026-09-12 01:05:50.868,1784.986388888889
Pulse experiments,pioreactor01,2026-09-11T19:20:50.871Z,0.1017578125,680,2026-09-12 01:05:50.871,1784.986388888889
Pulse experiments,pioreactor01,2026-09-11T19:20:55.843Z,0.01572265625,415,2026-09-12 01:05:55.843,1784.987777777778
Pulse experiments,pioreactor01,2026-09-11T19:20:55.847Z,0.13337890625,445,2026-09-12 01:05:55.847,1784.987777777778
Pulse experiments,pioreactor01,2026-09-11T19:20:55.853Z,0.129140625,480,2026-09-12 01:05:55.853,1784.987777777778
Pulse experiments,pioreactor01,2026-09-11T19:20:55.856Z,0.15076171875,515,2026-09-12 01:05:55.856,1784.987777777778
Pulse experiments,pioreactor01,2026-09-11T19:20:55.862Z,0.1709375,555,2026-09-12 01:05:55.862,1784.987777777778
Pulse experiments,pioreactor01,2026-09-11T19:20:55.867Z,0.1651953125,590,2026-09-12 01:05:55.867,1784.987777777778
Pulse experiments,pioreactor01,2026-09-11T19:20:55.872Z,0.17046875,630,2026-09-12 01:05:55.872,1784.987777777778
Pulse experiments,pioreactor01,2026-09-11T19:20:55.877Z,0.1016796875,680,2026-09-12 01:05:55.877,1784.987777777778
Pulse experiments,pioreactor01,2026-09-11T19:21:00.842Z,0.0156640625,415,2026-09-12 01:06:00.842,1784.989166666667
Pulse experiments,pioreactor01,2026-09-11T19:21:00.848Z,0.13353515625,445,2026-09-12 01:06:00.848,1784.989166666667
Pulse experiments,pioreactor01,2026-09-11T19:21:00.852Z,0.1290625,480,2026-09-12 01:06:00.852,1784.989166666667
Pulse experiments,pioreactor01,2026-09-11T19:21:00.857Z,0.15076171875,515,2026-09-12 01:06:00.857,1784.989166666667
Pulse experiments,pioreactor01,2026-09-11T19:21:00.861Z,0.1706640625,555,2026-09-12 01:06:00.861,1784.989166666667
Pulse experiments,pioreactor01,2026-09-11T19:21:00.865Z,0.165234375,590,2026-09-12 01:06:00.865,1784.989166666667
Pulse experiments,pioreactor01,2026-09-11T19:21:00.870Z,0.1705859375,630,2026-09-12 01:06:00.870,1784.989166666667
Pulse experiments,pioreactor01,2026-09-11T19:21:00.875Z,0.10162109375,680,2026-09-12 01:06:00.875,1784.989166666667
Pulse experiments,pioreactor01,2026-09-11T19:21:05.838Z,0.01572265625,415,2026-09-12 01:06:05.838,1784.990555555556
Pulse experiments,pioreactor01,2026-09-11T19:21:05.844Z,0.13333984375,445,2026-09-12 01:06:05.844,1784.990555555556
Pulse experiments,pioreactor01,2026-09-11T19:21:05.848Z,0.1290234375,480,2026-09-12 01:06:05.848,1784.990555555556
Pulse experiments,pioreactor01,2026-09-11T19:21:05.854Z,0.1506640625,515,2026-09-12 01:06:05.854,1784.990555555556
Pulse experiments,pioreactor01,2026-09-11T19:21:05.857Z,0.1708203125,555,2026-09-12 01:06:05.857,1784.990555555556
Pulse experiments,pioreactor01,2026-09-11T19:21:05.862Z,0.16521484375,590,2026-09-12 01:06:05.862,1784.990555555556
Pulse experiments,pioreactor01,2026-09-11T19:21:05.866Z,0.17052734375,630,2026-09-12 01:06:05.866,1784.990555555556
Pulse experiments,pioreactor01,2026-09-11T19:21:05.874Z,0.10158203125,680,2026-09-12 01:06:05.874,1784.990555555556
Pulse experiments,pioreactor01,2026-09-11T19:21:10.839Z,0.01556640625,415,2026-09-12 01:06:10.839,1784.991944444444
Pulse experiments,pioreactor01,2026-09-11T19:21:10.845Z,0.1308203125,445,2026-09-12 01:06:10.845,1784.991944444444
Pulse experiments,pioreactor01,2026-09-11T19:21:10.849Z,0.12666015625,480,2026-09-12 01:06:10.849,1784.991944444444
Pulse experiments,pioreactor01,2026-09-11T19:21:10.854Z,0.14859375,515,2026-09-12 01:06:10.854,1784.991944444444
Pulse experiments,pioreactor01,2026-09-11T19:21:10.858Z,0.16970703125,555,2026-09-12 01:06:10.858,1784.991944444444
Pulse experiments,pioreactor01,2026-09-11T19:21:10.864Z,0.16552734375,590,2026-09-12 01:06:10.864,1784.991944444444
Pulse experiments,pioreactor01,2026-09-11T19:21:10.868Z,0.1707421875,630,2026-09-12 01:06:10.868,1784.991944444444
Pulse experiments,pioreactor01,2026-09-11T19:21:10.872Z,0.101796875,680,2026-09-12 01:06:10.872,1784.991944444444
Pulse experiments,pioreactor01,2026-09-11T19:21:15.839Z,0.01556640625,415,2026-09-12 01:06:15.839,1784.993333333333
Pulse experiments,pioreactor01,2026-09-11T19:21:15.844Z,0.13083984375,445,2026-09-12 01:06:15.844,1784.993333333333
Pulse experiments,pioreactor01,2026-09-11T19:21:15.848Z,0.126875,480,2026-09-12 01:06:15.848,1784.993333333333
Pulse experiments,pioreactor01,2026-09-11T19:21:15.854Z,0.14859375,515,2026-09-12 01:06:15.854,1784.993333333333
Pulse experiments,pioreactor01,2026-09-11T19:21:15.858Z,0.16978515625,555,2026-09-12 01:06:15.858,1784.993333333333
Pulse experiments,pioreactor01,2026-09-11T19:21:15.861Z,0.165390625,590,2026-09-12 01:06:15.861,1784.993333333333
Pulse experiments,pioreactor01,2026-09-11T19:21:15.866Z,0.17091796875,630,2026-09-12 01:06:15.866,1784.993333333333
Pulse experiments,pioreactor01,2026-09-11T19:21:15.870Z,0.1017578125,680,2026-09-12 01:06:15.870,1784.993333333333
Pulse experiments,pioreactor01,2026-09-11T19:21:20.838Z,0.01552734375,415,2026-09-12 01:06:20.838,1784.994722222222
Pulse experiments,pioreactor01,2026-09-11T19:21:20.842Z,0.1309375,445,2026-09-12 01:06:20.842,1784.994722222222
Pulse experiments,pioreactor01,2026-09-11T19:21:20.847Z,0.12669921875,480,2026-09-12 01:06:20.847,1784.994722222222
Pulse experiments,pioreactor01,2026-09-11T19:21:20.850Z,0.1486328125,515,2026-09-12 01:06:20.850,1784.994722222222
Pulse experiments,pioreactor01,2026-09-11T19:21:20.855Z,0.1696484375,555,2026-09-12 01:06:20.855,1784.994722222222
Pulse experiments,pioreactor01,2026-09-11T19:21:20.860Z,0.165546875,590,2026-09-12 01:06:20.860,1784.994722222222
Pulse experiments,pioreactor01,2026-09-11T19:21:20.865Z,0.170859375,630,2026-09-12 01:06:20.865,1784.994722222222
Pulse experiments,pioreactor01,2026-09-11T19:21:20.870Z,0.10169921875,680,2026-09-12 01:06:20.870,1784.994722222222
Pulse experiments,pioreactor01,2026-09-11T19:21:25.836Z,0.0155859375,415,2026-09-12 01:06:25.836,1784.996111111111
Pulse experiments,pioreactor01,2026-09-11T19:21:25.845Z,0.13083984375,445,2026-09-12 01:06:25.845,1784.996111111111
Pulse experiments,pioreactor01,2026-09-11T19:21:25.850Z,0.12666015625,480,2026-09-12 01:06:25.850,1784.996111111111
Pulse experiments,pioreactor01,2026-09-11T19:21:25.854Z,0.14859375,515,2026-09-12 01:06:25.854,1784.996111111111
Pulse experiments,pioreactor01,2026-09-11T19:21:25.860Z,0.16958984375,555,2026-09-12 01:06:25.860,1784.996111111111
Pulse experiments,pioreactor01,2026-09-11T19:21:25.866Z,0.16556640625,590,2026-09-12 01:06:25.866,1784.996111111111
Pulse experiments,pioreactor01,2026-09-11T19:21:25.872Z,0.17064453125,630,2026-09-12 01:06:25.872,1784.996111111111
Pulse experiments,pioreactor01,2026-09-11T19:21:25.878Z,0.101640625,680,2026-09-12 01:06:25.878,1784.996111111111
Pulse experiments,pioreactor01,2026-09-11T19:21:30.844Z,0.0155078125,415,2026-09-12 01:06:30.844,1784.9975
Pulse experiments,pioreactor01,2026-09-11T19:21:30.850Z,0.13087890625,445,2026-09-12 01:06:30.850,1784.9975
Pulse experiments,pioreactor01,2026-09-11T19:21:30.854Z,0.126640625,480,2026-09-12 01:06:30.854,1784.9975
Pulse experiments,pioreactor01,2026-09-11T19:21:30.859Z,0.148671875,515,2026-09-12 01:06:30.859,1784.9975
Pulse experiments,pioreactor01,2026-09-11T19:21:30.863Z,0.169765625,555,2026-09-12 01:06:30.863,1784.9975
Pulse experiments,pioreactor01,2026-09-11T19:21:30.868Z,0.16537109375,590,2026-09-12 01:06:30.868,1784.9975
Pulse experiments,pioreactor01,2026-09-11T19:21:30.873Z,0.1706640625,630,2026-09-12 01:06:30.873,1784.9975
Pulse experiments,pioreactor01,2026-09-11T19:21:30.878Z,0.10171875,680,2026-09-12 01:06:30.878,1784.9975
Pulse experiments,pioreactor01,2026-09-11T19:21:35.840Z,0.01552734375,415,2026-09-12 01:06:35.840,1784.998888888889
Pulse experiments,pioreactor01,2026-09-11T19:21:35.844Z,0.13080078125,445,2026-09-12 01:06:35.844,1784.998888888889
Pulse experiments,pioreactor01,2026-09-11T19:21:35.848Z,0.1266796875,480,2026-09-12 01:06:35.848,1784.998888888889
Pulse experiments,pioreactor01,2026-09-11T19:21:35.854Z,0.1487109375,515,2026-09-12 01:06:35.854,1784.998888888889
Pulse experiments,pioreactor01,2026-09-11T19:21:35.857Z,0.16974609375,555,2026-09-12 01:06:35.857,1784.998888888889
Pulse experiments,pioreactor01,2026-09-11T19:21:35.864Z,0.16529296875,590,2026-09-12 01:06:35.864,1784.998888888889
Pulse experiments,pioreactor01,2026-09-11T19:21:35.868Z,0.1705859375,630,2026-09-12 01:06:35.868,1784.998888888889
Pulse experiments,pioreactor01,2026-09-11T19:21:35.873Z,0.101640625,680,2026-09-12 01:06:35.873,1784.998888888889
Pulse experiments,pioreactor01,2026-09-11T19:21:40.840Z,0.01552734375,415,2026-09-12 01:06:40.840,1785.000277777778
Pulse experiments,pioreactor01,2026-09-11T19:21:40.845Z,0.13087890625,445,2026-09-12 01:06:40.845,1785.000277777778
Pulse experiments,pioreactor01,2026-09-11T19:21:40.852Z,0.12673828125,480,2026-09-12 01:06:40.852,1785.000277777778
Pulse experiments,pioreactor01,2026-09-11T19:21:40.856Z,0.1488671875,515,2026-09-12 01:06:40.856,1785.000277777778
Pulse experiments,pioreactor01,2026-09-11T19:21:40.862Z,0.16978515625,555,2026-09-12 01:06:40.862,1785.000277777778
Pulse experiments,pioreactor01,2026-09-11T19:21:40.867Z,0.1654296875,590,2026-09-12 01:06:40.867,1785.000277777778
Pulse experiments,pioreactor01,2026-09-11T19:21:40.873Z,0.170703125,630,2026-09-12 01:06:40.873,1785.000277777778
Pulse experiments,pioreactor01,2026-09-11T19:21:40.876Z,0.10158203125,680,2026-09-12 01:06:40.876,1785.000277777778
Pulse experiments,pioreactor01,2026-09-11T19:21:45.841Z,0.015546875,415,2026-09-12 01:06:45.841,1785.001666666667
Pulse experiments,pioreactor01,2026-09-11T19:21:45.846Z,0.1308203125,445,2026-09-12 01:06:45.846,1785.001666666667
Pulse experiments,pioreactor01,2026-09-11T19:21:45.851Z,0.1266796875,480,2026-09-12 01:06:45.851,1785.001666666667
Pulse experiments,pioreactor01,2026-09-11T19:21:45.855Z,0.14861328125,515,2026-09-12 01:06:45.855,1785.001666666667
Pulse experiments,pioreactor01,2026-09-11T19:21:45.860Z,0.16978515625,555,2026-09-12 01:06:45.860,1785.001666666667
Pulse experiments,pioreactor01,2026-09-11T19:21:45.865Z,0.1653515625,590,2026-09-12 01:06:45.865,1785.001666666667
Pulse experiments,pioreactor01,2026-09-11T19:21:45.870Z,0.170703125,630,2026-09-12 01:06:45.870,1785.001666666667
Pulse experiments,pioreactor01,2026-09-11T19:21:45.874Z,0.10162109375,680,2026-09-12 01:06:45.874,1785.001666666667
Pulse experiments,pioreactor01,2026-09-11T19:21:50.840Z,0.015546875,415,2026-09-12 01:06:50.840,1785.003055555556
Pulse experiments,pioreactor01,2026-09-11T19:21:50.844Z,0.1308984375,445,2026-09-12 01:06:50.844,1785.003055555556
Pulse experiments,pioreactor01,2026-09-11T19:21:50.849Z,0.1266796875,480,2026-09-12 01:06:50.849,1785.003055555556
Pulse experiments,pioreactor01,2026-09-11T19:21:50.854Z,0.148671875,515,2026-09-12 01:06:50.854,1785.003055555556
Pulse experiments,pioreactor01,2026-09-11T19:21:50.858Z,0.1699609375,555,2026-09-12 01:06:50.858,1785.003055555556
Pulse experiments,pioreactor01,2026-09-11T19:21:50.862Z,0.16548828125,590,2026-09-12 01:06:50.862,1785.003055555556
Pulse experiments,pioreactor01,2026-09-11T19:21:50.868Z,0.17072265625,630,2026-09-12 01:06:50.868,1785.003055555556
Pulse experiments,pioreactor01,2026-09-11T19:21:50.872Z,0.10177734375,680,2026-09-12 01:06:50.872,1785.003055555556
Pulse experiments,pioreactor01,2026-09-11T19:21:55.840Z,0.0155859375,415,2026-09-12 01:06:55.840,1785.004444444445
Pulse experiments,pioreactor01,2026-09-11T19:21:55.846Z,0.130859375,445,2026-09-12 01:06:55.846,1785.004444444445
Pulse experiments,pioreactor01,2026-09-11T19:21:55.850Z,0.1266796875,480,2026-09-12 01:06:55.850,1785.004444444445
Pulse experiments,pioreactor01,2026-09-11T19:21:55.855Z,0.14869140625,515,2026-09-12 01:06:55.855,1785.004444444445
Pulse experiments,pioreactor01,2026-09-11T19:21:55.860Z,0.1698046875,555,2026-09-12 01:06:55.860,1785.004444444445
Pulse experiments,pioreactor01,2026-09-11T19:21:55.865Z,0.16537109375,590,2026-09-12 01:06:55.865,1785.004444444445
Pulse experiments,pioreactor01,2026-09-11T19:21:55.869Z,0.17072265625,630,2026-09-12 01:06:55.869,1785.004444444445
Pulse experiments,pioreactor01,2026-09-11T19:21:55.874Z,0.10171875,680,2026-09-12 01:06:55.874,1785.004444444445
Pulse experiments,pioreactor01,2026-09-11T19:22:00.841Z,0.0155859375,415,2026-09-12 01:07:00.841,1785.005833333333
Pulse experiments,pioreactor01,2026-09-11T19:22:00.846Z,0.130859375,445,2026-09-12 01:07:00.846,1785.005833333333
Pulse experiments,pioreactor01,2026-09-11T19:22:00.850Z,0.12673828125,480,2026-09-12 01:07:00.850,1785.005833333333
Pulse experiments,pioreactor01,2026-09-11T19:22:00.857Z,0.148671875,515,2026-09-12 01:07:00.857,1785.005833333333
Pulse experiments,pioreactor01,2026-09-11T19:22:00.860Z,0.16966796875,555,2026-09-12 01:07:00.860,1785.005833333333
Pulse experiments,pioreactor01,2026-09-11T19:22:00.865Z,0.1654296875,590,2026-09-12 01:07:00.865,1785.005833333333
Pulse experiments,pioreactor01,2026-09-11T19:22:00.869Z,0.170703125,630,2026-09-12 01:07:00.869,1785.005833333333
Pulse experiments,pioreactor01,2026-09-11T19:22:00.873Z,0.1017578125,680,2026-09-12 01:07:00.873,1785.005833333333
Pulse experiments,pioreactor01,2026-09-11T19:22:05.838Z,0.01552734375,415,2026-09-12 01:07:05.838,1785.007222222222
Pulse experiments,pioreactor01,2026-09-11T19:22:05.843Z,0.13080078125,445,2026-09-12 01:07:05.843,1785.007222222222
Pulse experiments,pioreactor01,2026-09-11T19:22:05.847Z,0.12671875,480,2026-09-12 01:07:05.847,1785.007222222222
Pulse experiments,pioreactor01,2026-09-11T19:22:05.852Z,0.148671875,515,2026-09-12 01:07:05.852,1785.007222222222
Pulse experiments,pioreactor01,2026-09-11T19:22:05.858Z,0.16982421875,555,2026-09-12 01:07:05.858,1785.007222222222
Pulse experiments,pioreactor01,2026-09-11T19:22:05.862Z,0.16537109375,590,2026-09-12 01:07:05.862,1785.007222222222
Pulse experiments,pioreactor01,2026-09-11T19:22:05.867Z,0.170703125,630,2026-09-12 01:07:05.867,1785.007222222222
Pulse experiments,pioreactor01,2026-09-11T19:22:05.873Z,0.1016796875,680,2026-09-12 01:07:05.873,1785.007222222222
Pulse experiments,pioreactor01,2026-09-11T19:22:10.842Z,0.015546875,415,2026-09-12 01:07:10.842,1785.008611111111
Pulse experiments,pioreactor01,2026-09-11T19:22:10.849Z,0.13095703125,445,2026-09-12 01:07:10.849,1785.008611111111
Pulse experiments,pioreactor01,2026-09-11T19:22:10.854Z,0.126875,480,2026-09-12 01:07:10.854,1785.008611111111
Pulse experiments,pioreactor01,2026-09-11T19:22:10.857Z,0.1486328125,515,2026-09-12 01:07:10.857,1785.008611111111
Pulse experiments,pioreactor01,2026-09-11T19:22:10.861Z,0.1698046875,555,2026-09-12 01:07:10.861,1785.008611111111
Pulse experiments,pioreactor01,2026-09-11T19:22:10.866Z,0.16533203125,590,2026-09-12 01:07:10.866,1785.008611111111
Pulse experiments,pioreactor01,2026-09-11T19:22:10.870Z,0.17076171875,630,2026-09-12 01:07:10.870,1785.008611111111
Pulse experiments,pioreactor01,2026-09-11T19:22:10.876Z,0.101640625,680,2026-09-12 01:07:10.876,1785.008611111111
Pulse experiments,pioreactor01,2026-09-11T19:22:15.840Z,0.015546875,415,2026-09-12 01:07:15.840,1785.01
Pulse experiments,pioreactor01,2026-09-11T19:22:15.845Z,0.13078125,445,2026-09-12 01:07:15.845,1785.01
Pulse experiments,pioreactor01,2026-09-11T19:22:15.850Z,0.1266015625,480,2026-09-12 01:07:15.850,1785.01
Pulse experiments,pioreactor01,2026-09-11T19:22:15.856Z,0.148671875,515,2026-09-12 01:07:15.856,1785.01
Pulse experiments,pioreactor01,2026-09-11T19:22:15.860Z,0.1697265625,555,2026-09-12 01:07:15.860,1785.01
Pulse experiments,pioreactor01,2026-09-11T19:22:15.865Z,0.1654296875,590,2026-09-12 01:07:15.865,1785.01
Pulse experiments,pioreactor01,2026-09-11T19:22:15.870Z,0.170703125,630,2026-09-12 01:07:15.870,1785.01
Pulse experiments,pioreactor01,2026-09-11T19:22:15.874Z,0.10166015625,680,2026-09-12 01:07:15.874,1785.01
Pulse experiments,pioreactor01,2026-09-11T19:22:20.844Z,0.01556640625,415,2026-09-12 01:07:20.844,1785.011388888889
Pulse experiments,pioreactor01,2026-09-11T19:22:20.848Z,0.130859375,445,2026-09-12 01:07:20.848,1785.011388888889
Pulse experiments,pioreactor01,2026-09-11T19:22:20.853Z,0.12671875,480,2026-09-12 01:07:20.853,1785.011388888889
Pulse experiments,pioreactor01,2026-09-11T19:22:20.857Z,0.148671875,515,2026-09-12 01:07:20.857,1785.011388888889
Pulse experiments,pioreactor01,2026-09-11T19:22:20.862Z,0.16982421875,555,2026-09-12 01:07:20.862,1785.011388888889
Pulse experiments,pioreactor01,2026-09-11T19:22:20.866Z,0.165390625,590,2026-09-12 01:07:20.866,1785.011388888889
Pulse experiments,pioreactor01,2026-09-11T19:22:20.871Z,0.1706640625,630,2026-09-12 01:07:20.871,1785.011388888889
Pulse experiments,pioreactor01,2026-09-11T19:22:20.876Z,0.10169921875,680,2026-09-12 01:07:20.876,1785.011388888889
Pulse experiments,pioreactor01,2026-09-11T19:22:25.840Z,0.01556640625,415,2026-09-12 01:07:25.840,1785.012777777778
Pulse experiments,pioreactor01,2026-09-11T19:22:25.844Z,0.13068359375,445,2026-09-12 01:07:25.844,1785.012777777778
Pulse experiments,pioreactor01,2026-09-11T19:22:25.849Z,0.1266015625,480,2026-09-12 01:07:25.849,1785.012777777778
Pulse experiments,pioreactor01,2026-09-11T19:22:25.853Z,0.1486328125,515,2026-09-12 01:07:25.853,1785.012777777778
Pulse experiments,pioreactor01,2026-09-11T19:22:25.859Z,0.1697265625,555,2026-09-12 01:07:25.859,1785.012777777778
Pulse experiments,pioreactor01,2026-09-11T19:22:25.864Z,0.16529296875,590,2026-09-12 01:07:25.864,1785.012777777778
Pulse experiments,pioreactor01,2026-09-11T19:22:25.869Z,0.17064453125,630,2026-09-12 01:07:25.869,1785.012777777778
Pulse experiments,pioreactor01,2026-09-11T19:22:25.874Z,0.1016796875,680,2026-09-12 01:07:25.874,1785.012777777778
Pulse experiments,pioreactor01,2026-09-11T19:22:30.840Z,0.01552734375,415,2026-09-12 01:07:30.840,1785.014166666667
Pulse experiments,pioreactor01,2026-09-11T19:22:30.845Z,0.13078125,445,2026-09-12 01:07:30.845,1785.014166666667
Pulse experiments,pioreactor01,2026-09-11T19:22:30.850Z,0.12658203125,480,2026-09-12 01:07:30.850,1785.014166666667
Pulse experiments,pioreactor01,2026-09-11T19:22:30.855Z,0.1486328125,515,2026-09-12 01:07:30.855,1785.014166666667
Pulse experiments,pioreactor01,2026-09-11T19:22:30.859Z,0.16970703125,555,2026-09-12 01:07:30.859,1785.014166666667
Pulse experiments,pioreactor01,2026-09-11T19:22:30.864Z,0.1653125,590,2026-09-12 01:07:30.864,1785.014166666667
Pulse experiments,pioreactor01,2026-09-11T19:22:30.868Z,0.170703125,630,2026-09-12 01:07:30.868,1785.014166666667
Pulse experiments,pioreactor01,2026-09-11T19:22:30.874Z,0.10158203125,680,2026-09-12 01:07:30.874,1785.014166666667
Pulse experiments,pioreactor01,2026-09-11T19:22:35.838Z,0.0155859375,415,2026-09-12 01:07:35.838,1785.015555555555
Pulse experiments,pioreactor01,2026-09-11T19:22:35.843Z,0.13080078125,445,2026-09-12 01:07:35.843,1785.015555555555
Pulse experiments,pioreactor01,2026-09-11T19:22:35.848Z,0.12681640625,480,2026-09-12 01:07:35.848,1785.015555555555
Pulse experiments,pioreactor01,2026-09-11T19:22:35.853Z,0.14869140625,515,2026-09-12 01:07:35.853,1785.015555555555
Pulse experiments,pioreactor01,2026-09-11T19:22:35.858Z,0.1698046875,555,2026-09-12 01:07:35.858,1785.015555555555
Pulse experiments,pioreactor01,2026-09-11T19:22:35.863Z,0.16556640625,590,2026-09-12 01:07:35.863,1785.015555555555
Pulse experiments,pioreactor01,2026-09-11T19:22:35.867Z,0.17072265625,630,2026-09-12 01:07:35.867,1785.015555555555
Pulse experiments,pioreactor01,2026-09-11T19:22:35.873Z,0.101640625,680,2026-09-12 01:07:35.873,1785.015555555555
Pulse experiments,pioreactor01,2026-09-11T19:22:40.840Z,0.01556640625,415,2026-09-12 01:07:40.840,1785.016944444444
Pulse experiments,pioreactor01,2026-09-11T19:22:40.844Z,0.1309375,445,2026-09-12 01:07:40.844,1785.016944444444
Pulse experiments,pioreactor01,2026-09-11T19:22:40.848Z,0.126796875,480,2026-09-12 01:07:40.848,1785.016944444444
Pulse experiments,pioreactor01,2026-09-11T19:22:40.854Z,0.148671875,515,2026-09-12 01:07:40.854,1785.016944444444
Pulse experiments,pioreactor01,2026-09-11T19:22:40.858Z,0.16982421875,555,2026-09-12 01:07:40.858,1785.016944444444
Pulse experiments,pioreactor01,2026-09-11T19:22:40.864Z,0.16546875,590,2026-09-12 01:07:40.864,1785.016944444444
Pulse experiments,pioreactor01,2026-09-11T19:22:40.867Z,0.17068359375,630,2026-09-12 01:07:40.867,1785.016944444444
Pulse experiments,pioreactor01,2026-09-11T19:22:40.873Z,0.10173828125,680,2026-09-12 01:07:40.873,1785.016944444444
Pulse experiments,pioreactor01,2026-09-11T19:22:45.840Z,0.01552734375,415,2026-09-12 01:07:45.840,1785.018333333333
Pulse experiments,pioreactor01,2026-09-11T19:22:45.845Z,0.1310546875,445,2026-09-12 01:07:45.845,1785.018333333333
Pulse experiments,pioreactor01,2026-09-11T19:22:45.849Z,0.12671875,480,2026-09-12 01:07:45.849,1785.018333333333
Pulse experiments,pioreactor01,2026-09-11T19:22:45.854Z,0.1487109375,515,2026-09-12 01:07:45.854,1785.018333333333
Pulse experiments,pioreactor01,2026-09-11T19:22:45.858Z,0.1696484375,555,2026-09-12 01:07:45.858,1785.018333333333
Pulse experiments,pioreactor01,2026-09-11T19:22:45.864Z,0.16548828125,590,2026-09-12 01:07:45.864,1785.018333333333
Pulse experiments,pioreactor01,2026-09-11T19:22:45.868Z,0.17064453125,630,2026-09-12 01:07:45.868,1785.018333333333
Pulse experiments,pioreactor01,2026-09-11T19:22:45.873Z,0.10173828125,680,2026-09-12 01:07:45.873,1785.018333333333
Pulse experiments,pioreactor01,2026-09-11T19:22:50.841Z,0.01552734375,415,2026-09-12 01:07:50.841,1785.019722222222
Pulse experiments,pioreactor01,2026-09-11T19:22:50.846Z,0.13080078125,445,2026-09-12 01:07:50.846,1785.019722222222
Pulse experiments,pioreactor01,2026-09-11T19:22:50.850Z,0.126640625,480,2026-09-12 01:07:50.850,1785.019722222222
Pulse experiments,pioreactor01,2026-09-11T19:22:50.856Z,0.14869140625,515,2026-09-12 01:07:50.856,1785.019722222222
Pulse experiments,pioreactor01,2026-09-11T19:22:50.860Z,0.16970703125,555,2026-09-12 01:07:50.860,1785.019722222222
Pulse experiments,pioreactor01,2026-09-11T19:22:50.864Z,0.16548828125,590,2026-09-12 01:07:50.864,1785.019722222222
Pulse experiments,pioreactor01,2026-09-11T19:22:50.869Z,0.17064453125,630,2026-09-12 01:07:50.869,1785.019722222222
Pulse experiments,pioreactor01,2026-09-11T19:22:50.874Z,0.1016796875,680,2026-09-12 01:07:50.874,1785.019722222222
Pulse experiments,pioreactor01,2026-09-11T19:22:55.842Z,0.01552734375,415,2026-09-12 01:07:55.842,1785.021111111111
Pulse experiments,pioreactor01,2026-09-11T19:22:55.850Z,0.1309375,445,2026-09-12 01:07:55.850,1785.021111111111
Pulse experiments,pioreactor01,2026-09-11T19:22:55.853Z,0.12673828125,480,2026-09-12 01:07:55.853,1785.021111111111
Pulse experiments,pioreactor01,2026-09-11T19:22:55.863Z,0.14869140625,515,2026-09-12 01:07:55.863,1785.021111111111
Pulse experiments,pioreactor01,2026-09-11T19:22:55.866Z,0.16990234375,555,2026-09-12 01:07:55.866,1785.021111111111
Pulse experiments,pioreactor01,2026-09-11T19:22:55.871Z,0.1655078125,590,2026-09-12 01:07:55.871,1785.021111111111
Pulse experiments,pioreactor01,2026-09-11T19:22:55.874Z,0.17056640625,630,2026-09-12 01:07:55.874,1785.021111111111
Pulse experiments,pioreactor01,2026-09-11T19:22:55.879Z,0.10173828125,680,2026-09-12 01:07:55.879,1785.021111111111
Pulse experiments,pioreactor01,2026-09-11T19:23:00.850Z,0.015546875,415,2026-09-12 01:08:00.850,1785.0225
Pulse experiments,pioreactor01,2026-09-11T19:23:00.855Z,0.130859375,445,2026-09-12 01:08:00.855,1785.0225
Pulse experiments,pioreactor01,2026-09-11T19:23:00.860Z,0.12671875,480,2026-09-12 01:08:00.860,1785.0225
Pulse experiments,pioreactor01,2026-09-11T19:23:00.866Z,0.14884765625,515,2026-09-12 01:08:00.866,1785.0225
Pulse experiments,pioreactor01,2026-09-11T19:23:00.871Z,0.16970703125,555,2026-09-12 01:08:00.871,1785.0225
Pulse experiments,pioreactor01,2026-09-11T19:23:00.876Z,0.16541015625,590,2026-09-12 01:08:00.876,1785.0225
Pulse experiments,pioreactor01,2026-09-11T19:23:00.881Z,0.170703125,630,2026-09-12 01:08:00.881,1785.0225
Pulse experiments,pioreactor01,2026-09-11T19:23:00.885Z,0.1018359375,680,2026-09-12 01:08:00.885,1785.0225
Pulse experiments,pioreactor01,2026-09-11T19:23:05.839Z,0.0155859375,415,2026-09-12 01:08:05.839,1785.023888888889
Pulse experiments,pioreactor01,2026-09-11T19:23:05.843Z,0.13080078125,445,2026-09-12 01:08:05.843,1785.023888888889
Pulse experiments,pioreactor01,2026-09-11T19:23:05.848Z,0.1266015625,480,2026-09-12 01:08:05.848,1785.023888888889
Pulse experiments,pioreactor01,2026-09-11T19:23:05.853Z,0.14884765625,515,2026-09-12 01:08:05.853,1785.023888888889
Pulse experiments,pioreactor01,2026-09-11T19:23:05.857Z,0.16982421875,555,2026-09-12 01:08:05.857,1785.023888888889
Pulse experiments,pioreactor01,2026-09-11T19:23:05.862Z,0.16541015625,590,2026-09-12 01:08:05.862,1785.023888888889
Pulse experiments,pioreactor01,2026-09-11T19:23:05.867Z,0.1708203125,630,2026-09-12 01:08:05.867,1785.023888888889
Pulse experiments,pioreactor01,2026-09-11T19:23:05.871Z,0.1018359375,680,2026-09-12 01:08:05.871,1785.023888888889
Pulse experiments,pioreactor01,2026-09-11T19:23:10.839Z,0.01556640625,415,2026-09-12 01:08:10.839,1785.025277777778
Pulse experiments,pioreactor01,2026-09-11T19:23:10.843Z,0.1308984375,445,2026-09-12 01:08:10.843,1785.025277777778
Pulse experiments,pioreactor01,2026-09-11T19:23:10.849Z,0.12673828125,480,2026-09-12 01:08:10.849,1785.025277777778
Pulse experiments,pioreactor01,2026-09-11T19:23:10.854Z,0.14876953125,515,2026-09-12 01:08:10.854,1785.025277777778
Pulse experiments,pioreactor01,2026-09-11T19:23:10.859Z,0.16990234375,555,2026-09-12 01:08:10.859,1785.025277777778
Pulse experiments,pioreactor01,2026-09-11T19:23:10.863Z,0.1654296875,590,2026-09-12 01:08:10.863,1785.025277777778
Pulse experiments,pioreactor01,2026-09-11T19:23:10.869Z,0.1707421875,630,2026-09-12 01:08:10.869,1785.025277777778
Pulse experiments,pioreactor01,2026-09-11T19:23:10.873Z,0.10173828125,680,2026-09-12 01:08:10.873,1785.025277777778
Pulse experiments,pioreactor01,2026-09-11T19:23:15.842Z,0.01556640625,415,2026-09-12 01:08:15.842,1785.026666666667
Pulse experiments,pioreactor01,2026-09-11T19:23:15.844Z,0.130859375,445,2026-09-12 01:08:15.844,1785.026666666667
Pulse experiments,pioreactor01,2026-09-11T19:23:15.850Z,0.12677734375,480,2026-09-12 01:08:15.850,1785.026666666667
Pulse experiments,pioreactor01,2026-09-11T19:23:15.854Z,0.14861328125,515,2026-09-12 01:08:15.854,1785.026666666667
Pulse experiments,pioreactor01,2026-09-11T19:23:15.860Z,0.16974609375,555,2026-09-12 01:08:15.860,1785.026666666667
Pulse experiments,pioreactor01,2026-09-11T19:23:15.866Z,0.16564453125,590,2026-09-12 01:08:15.866,1785.026666666667
Pulse experiments,pioreactor01,2026-09-11T19:23:15.871Z,0.17064453125,630,2026-09-12 01:08:15.871,1785.026666666667
Pulse experiments,pioreactor01,2026-09-11T19:23:15.875Z,0.1016796875,680,2026-09-12 01:08:15.875,1785.026666666667
Pulse experiments,pioreactor01,2026-09-11T19:23:20.837Z,0.01560546875,415,2026-09-12 01:08:20.837,1785.028055555556
Pulse experiments,pioreactor01,2026-09-11T19:23:20.843Z,0.1308203125,445,2026-09-12 01:08:20.843,1785.028055555556
Pulse experiments,pioreactor01,2026-09-11T19:23:20.847Z,0.12673828125,480,2026-09-12 01:08:20.847,1785.028055555556
Pulse experiments,pioreactor01,2026-09-11T19:23:20.851Z,0.148671875,515,2026-09-12 01:08:20.851,1785.028055555556
Pulse experiments,pioreactor01,2026-09-11T19:23:20.857Z,0.16984375,555,2026-09-12 01:08:20.857,1785.028055555556
Pulse experiments,pioreactor01,2026-09-11T19:23:20.861Z,0.165546875,590,2026-09-12 01:08:20.861,1785.028055555556
Pulse experiments,pioreactor01,2026-09-11T19:23:20.867Z,0.17080078125,630,2026-09-12 01:08:20.867,1785.028055555556
Pulse experiments,pioreactor01,2026-09-11T19:23:20.871Z,0.1017578125,680,2026-09-12 01:08:20.871,1785.028055555556
Pulse experiments,pioreactor01,2026-09-11T19:23:25.838Z,0.01552734375,415,2026-09-12 01:08:25.838,1785.029444444444
Pulse experiments,pioreactor01,2026-09-11T19:23:25.844Z,0.1309375,445,2026-09-12 01:08:25.844,1785.029444444444
Pulse experiments,pioreactor01,2026-09-11T19:23:25.848Z,0.1266015625,480,2026-09-12 01:08:25.848,1785.029444444444
Pulse experiments,pioreactor01,2026-09-11T19:23:25.854Z,0.14875,515,2026-09-12 01:08:25.854,1785.029444444444
Pulse experiments,pioreactor01,2026-09-11T19:23:25.857Z,0.16958984375,555,2026-09-12 01:08:25.857,1785.029444444444
Pulse experiments,pioreactor01,2026-09-11T19:23:25.863Z,0.16537109375,590,2026-09-12 01:08:25.863,1785.029444444444
Pulse experiments,pioreactor01,2026-09-11T19:23:25.868Z,0.1707421875,630,2026-09-12 01:08:25.868,1785.029444444444
Pulse experiments,pioreactor01,2026-09-11T19:23:25.873Z,0.10166015625,680,2026-09-12 01:08:25.873,1785.029444444444
Pulse experiments,pioreactor01,2026-09-11T19:23:30.850Z,0.01556640625,415,2026-09-12 01:08:30.850,1785.030833333333
Pulse experiments,pioreactor01,2026-09-11T19:23:30.857Z,0.13087890625,445,2026-09-12 01:08:30.857,1785.030833333333
Pulse experiments,pioreactor01,2026-09-11T19:23:30.863Z,0.1267578125,480,2026-09-12 01:08:30.863,1785.030833333333
Pulse experiments,pioreactor01,2026-09-11T19:23:30.867Z,0.1488671875,515,2026-09-12 01:08:30.867,1785.030833333333
Pulse experiments,pioreactor01,2026-09-11T19:23:30.872Z,0.16962890625,555,2026-09-12 01:08:30.872,1785.030833333333
Pulse experiments,pioreactor01,2026-09-11T19:23:30.876Z,0.16541015625,590,2026-09-12 01:08:30.876,1785.030833333333
Pulse experiments,pioreactor01,2026-09-11T19:23:30.881Z,0.17076171875,630,2026-09-12 01:08:30.881,1785.030833333333
Pulse experiments,pioreactor01,2026-09-11T19:23:30.886Z,0.1018359375,680,2026-09-12 01:08:30.886,1785.030833333333
Pulse experiments,pioreactor01,2026-09-11T19:23:35.840Z,0.015546875,415,2026-09-12 01:08:35.840,1785.032222222222
Pulse experiments,pioreactor01,2026-09-11T19:23:35.844Z,0.130859375,445,2026-09-12 01:08:35.844,1785.032222222222
Pulse experiments,pioreactor01,2026-09-11T19:23:35.850Z,0.1266015625,480,2026-09-12 01:08:35.850,1785.032222222222
Pulse experiments,pioreactor01,2026-09-11T19:23:35.855Z,0.14865234375,515,2026-09-12 01:08:35.855,1785.032222222222
Pulse experiments,pioreactor01,2026-09-11T19:23:35.859Z,0.16962890625,555,2026-09-12 01:08:35.859,1785.032222222222
Pulse experiments,pioreactor01,2026-09-11T19:23:35.865Z,0.1653125,590,2026-09-12 01:08:35.865,1785.032222222222
Pulse experiments,pioreactor01,2026-09-11T19:23:35.869Z,0.1705859375,630,2026-09-12 01:08:35.869,1785.032222222222
Pulse experiments,pioreactor01,2026-09-11T19:23:35.875Z,0.10162109375,680,2026-09-12 01:08:35.875,1785.032222222222
Pulse experiments,pioreactor01,2026-09-11T19:23:40.840Z,0.0155078125,415,2026-09-12 01:08:40.840,1785.033611111111
Pulse experiments,pioreactor01,2026-09-11T19:23:40.843Z,0.13083984375,445,2026-09-12 01:08:40.843,1785.033611111111
Pulse experiments,pioreactor01,2026-09-11T19:23:40.849Z,0.1266796875,480,2026-09-12 01:08:40.849,1785.033611111111
Pulse experiments,pioreactor01,2026-09-11T19:23:40.854Z,0.1486328125,515,2026-09-12 01:08:40.854,1785.033611111111
Pulse experiments,pioreactor01,2026-09-11T19:23:40.859Z,0.1698828125,555,2026-09-12 01:08:40.859,1785.033611111111
Pulse experiments,pioreactor01,2026-09-11T19:23:40.864Z,0.16546875,590,2026-09-12 01:08:40.864,1785.033611111111
Pulse experiments,pioreactor01,2026-09-11T19:23:40.870Z,0.1706640625,630,2026-09-12 01:08:40.870,1785.033611111111
Pulse experiments,pioreactor01,2026-09-11T19:23:40.876Z,0.10169921875,680,2026-09-12 01:08:40.876,1785.033611111111
Pulse experiments,pioreactor01,2026-09-11T19:23:45.837Z,0.01556640625,415,2026-09-12 01:08:45.837,1785.035
Pulse experiments,pioreactor01,2026-09-11T19:23:45.842Z,0.13078125,445,2026-09-12 01:08:45.842,1785.035
Pulse experiments,pioreactor01,2026-09-11T19:23:45.850Z,0.12666015625,480,2026-09-12 01:08:45.850,1785.035
Pulse experiments,pioreactor01,2026-09-11T19:23:45.853Z,0.148671875,515,2026-09-12 01:08:45.853,1785.035
Pulse experiments,pioreactor01,2026-09-11T19:23:45.858Z,0.169765625,555,2026-09-12 01:08:45.858,1785.035
Pulse experiments,pioreactor01,2026-09-11T19:23:45.863Z,0.16533203125,590,2026-09-12 01:08:45.863,1785.035
Pulse experiments,pioreactor01,2026-09-11T19:23:45.868Z,0.1706640625,630,2026-09-12 01:08:45.868,1785.035
Pulse experiments,pioreactor01,2026-09-11T19:23:45.873Z,0.10169921875,680,2026-09-12 01:08:45.873,1785.035
Pulse experiments,pioreactor01,2026-09-11T19:23:50.838Z,0.015546875,415,2026-09-12 01:08:50.838,1785.036388888889
Pulse experiments,pioreactor01,2026-09-11T19:23:50.842Z,0.130859375,445,2026-09-12 01:08:50.842,1785.036388888889
Pulse experiments,pioreactor01,2026-09-11T19:23:50.847Z,0.12658203125,480,2026-09-12 01:08:50.847,1785.036388888889
Pulse experiments,pioreactor01,2026-09-11T19:23:50.851Z,0.14865234375,515,2026-09-12 01:08:50.851,1785.036388888889
Pulse experiments,pioreactor01,2026-09-11T19:23:50.856Z,0.16978515625,555,2026-09-12 01:08:50.856,1785.036388888889
Pulse experiments,pioreactor01,2026-09-11T19:23:50.861Z,0.16548828125,590,2026-09-12 01:08:50.861,1785.036388888889
Pulse experiments,pioreactor01,2026-09-11T19:23:50.866Z,0.1707421875,630,2026-09-12 01:08:50.866,1785.036388888889
Pulse experiments,pioreactor01,2026-09-11T19:23:50.871Z,0.101796875,680,2026-09-12 01:08:50.871,1785.036388888889
Pulse experiments,pioreactor01,2026-09-11T19:23:55.840Z,0.01556640625,415,2026-09-12 01:08:55.840,1785.037777777778
Pulse experiments,pioreactor01,2026-09-11T19:23:55.845Z,0.13080078125,445,2026-09-12 01:08:55.845,1785.037777777778
Pulse experiments,pioreactor01,2026-09-11T19:23:55.850Z,0.12662109375,480,2026-09-12 01:08:55.850,1785.037777777778
Pulse experiments,pioreactor01,2026-09-11T19:23:55.854Z,0.14873046875,515,2026-09-12 01:08:55.854,1785.037777777778
Pulse experiments,pioreactor01,2026-09-11T19:23:55.859Z,0.16970703125,555,2026-09-12 01:08:55.859,1785.037777777778
Pulse experiments,pioreactor01,2026-09-11T19:23:55.863Z,0.16546875,590,2026-09-12 01:08:55.863,1785.037777777778
Pulse experiments,pioreactor01,2026-09-11T19:23:55.868Z,0.1707421875,630,2026-09-12 01:08:55.868,1785.037777777778
Pulse experiments,pioreactor01,2026-09-11T19:23:55.873Z,0.101640625,680,2026-09-12 01:08:55.873,1785.037777777778
Pulse experiments,pioreactor01,2026-09-11T19:24:00.843Z,0.015546875,415,2026-09-12 01:09:00.843,1785.039166666667
Pulse experiments,pioreactor01,2026-09-11T19:24:00.848Z,0.1309765625,445,2026-09-12 01:09:00.848,1785.039166666667
Pulse experiments,pioreactor01,2026-09-11T19:24:00.853Z,0.12673828125,480,2026-09-12 01:09:00.853,1785.039166666667
Pulse experiments,pioreactor01,2026-09-11T19:24:00.857Z,0.1487109375,515,2026-09-12 01:09:00.857,1785.039166666667
Pulse experiments,pioreactor01,2026-09-11T19:24:00.862Z,0.1697265625,555,2026-09-12 01:09:00.862,1785.039166666667
Pulse experiments,pioreactor01,2026-09-11T19:24:00.866Z,0.1653125,590,2026-09-12 01:09:00.866,1785.039166666667
Pulse experiments,pioreactor01,2026-09-11T19:24:00.871Z,0.170625,630,2026-09-12 01:09:00.871,1785.039166666667
Pulse experiments,pioreactor01,2026-09-11T19:24:00.876Z,0.1015625,680,2026-09-12 01:09:00.876,1785.039166666667
Pulse experiments,pioreactor01,2026-09-11T19:24:05.840Z,0.01556640625,415,2026-09-12 01:09:05.840,1785.040555555556
Pulse experiments,pioreactor01,2026-09-11T19:24:05.843Z,0.1308203125,445,2026-09-12 01:09:05.843,1785.040555555556
Pulse experiments,pioreactor01,2026-09-11T19:24:05.849Z,0.12666015625,480,2026-09-12 01:09:05.849,1785.040555555556
Pulse experiments,pioreactor01,2026-09-11T19:24:05.853Z,0.14869140625,515,2026-09-12 01:09:05.853,1785.040555555556
Pulse experiments,pioreactor01,2026-09-11T19:24:05.859Z,0.16978515625,555,2026-09-12 01:09:05.859,1785.040555555556
Pulse experiments,pioreactor01,2026-09-11T19:24:05.864Z,0.16544921875,590,2026-09-12 01:09:05.864,1785.040555555556
Pulse experiments,pioreactor01,2026-09-11T19:24:05.870Z,0.17064453125,630,2026-09-12 01:09:05.870,1785.040555555556
Pulse experiments,pioreactor01,2026-09-11T19:24:05.875Z,0.1017578125,680,2026-09-12 01:09:05.875,1785.040555555556
Pulse experiments,pioreactor01,2026-09-11T19:24:10.839Z,0.01548828125,415,2026-09-12 01:09:10.839,1785.041944444444
Pulse experiments,pioreactor01,2026-09-11T19:24:10.845Z,0.13134765625,445,2026-09-12 01:09:10.845,1785.041944444444
Pulse experiments,pioreactor01,2026-09-11T19:24:10.849Z,0.12693359375,480,2026-09-12 01:09:10.849,1785.041944444444
Pulse experiments,pioreactor01,2026-09-11T19:24:10.854Z,0.14865234375,515,2026-09-12 01:09:10.854,1785.041944444444
Pulse experiments,pioreactor01,2026-09-11T19:24:10.859Z,0.1685546875,555,2026-09-12 01:09:10.859,1785.041944444444
Pulse experiments,pioreactor01,2026-09-11T19:24:10.864Z,0.16423828125,590,2026-09-12 01:09:10.864,1785.041944444444
Pulse experiments,pioreactor01,2026-09-11T19:24:10.868Z,0.16974609375,630,2026-09-12 01:09:10.868,1785.041944444444
Pulse experiments,pioreactor01,2026-09-11T19:24:10.872Z,0.10091796875,680,2026-09-12 01:09:10.872,1785.041944444444
Pulse experiments,pioreactor01,2026-09-11T19:24:15.840Z,0.01548828125,415,2026-09-12 01:09:15.840,1785.043333333333
Pulse experiments,pioreactor01,2026-09-11T19:24:15.843Z,0.1311328125,445,2026-09-12 01:09:15.843,1785.043333333333
Pulse experiments,pioreactor01,2026-09-11T19:24:15.849Z,0.12693359375,480,2026-09-12 01:09:15.849,1785.043333333333
Pulse experiments,pioreactor01,2026-09-11T19:24:15.854Z,0.1487109375,515,2026-09-12 01:09:15.854,1785.043333333333
Pulse experiments,pioreactor01,2026-09-11T19:24:15.858Z,0.16849609375,555,2026-09-12 01:09:15.858,1785.043333333333
Pulse experiments,pioreactor01,2026-09-11T19:24:15.863Z,0.1640234375,590,2026-09-12 01:09:15.863,1785.043333333333
Pulse experiments,pioreactor01,2026-09-11T19:24:15.868Z,0.16970703125,630,2026-09-12 01:09:15.868,1785.043333333333
Pulse experiments,pioreactor01,2026-09-11T19:24:15.872Z,0.10064453125,680,2026-09-12 01:09:15.872,1785.043333333333
Pulse experiments,pioreactor01,2026-09-11T19:24:20.842Z,0.01556640625,415,2026-09-12 01:09:20.842,1785.044722222222
Pulse experiments,pioreactor01,2026-09-11T19:24:20.848Z,0.1313671875,445,2026-09-12 01:09:20.848,1785.044722222222
Pulse experiments,pioreactor01,2026-09-11T19:24:20.852Z,0.1270703125,480,2026-09-12 01:09:20.852,1785.044722222222
Pulse experiments,pioreactor01,2026-09-11T19:24:20.859Z,0.1488671875,515,2026-09-12 01:09:20.859,1785.044722222222
Pulse experiments,pioreactor01,2026-09-11T19:24:20.864Z,0.16841796875,555,2026-09-12 01:09:20.864,1785.044722222222
Pulse experiments,pioreactor01,2026-09-11T19:24:20.871Z,0.164140625,590,2026-09-12 01:09:20.871,1785.044722222222
Pulse experiments,pioreactor01,2026-09-11T19:24:20.876Z,0.16970703125,630,2026-09-12 01:09:20.876,1785.044722222222
Pulse experiments,pioreactor01,2026-09-11T19:24:20.881Z,0.1008203125,680,2026-09-12 01:09:20.881,1785.044722222222
Pulse experiments,pioreactor01,2026-09-11T19:24:25.839Z,0.01548828125,415,2026-09-12 01:09:25.839,1785.046111111111
Pulse experiments,pioreactor01,2026-09-11T19:24:25.843Z,0.13123046875,445,2026-09-12 01:09:25.843,1785.046111111111
Pulse experiments,pioreactor01,2026-09-11T19:24:25.848Z,0.1270703125,480,2026-09-12 01:09:25.848,1785.046111111111
Pulse experiments,pioreactor01,2026-09-11T19:24:25.853Z,0.14875,515,2026-09-12 01:09:25.853,1785.046111111111
Pulse experiments,pioreactor01,2026-09-11T19:24:25.858Z,0.16853515625,555,2026-09-12 01:09:25.858,1785.046111111111
Pulse experiments,pioreactor01,2026-09-11T19:24:25.863Z,0.164296875,590,2026-09-12 01:09:25.863,1785.046111111111
Pulse experiments,pioreactor01,2026-09-11T19:24:25.867Z,0.169765625,630,2026-09-12 01:09:25.867,1785.046111111111
Pulse experiments,pioreactor01,2026-09-11T19:24:25.872Z,0.1007421875,680,2026-09-12 01:09:25.872,1785.046111111111
Pulse experiments,pioreactor01,2026-09-11T19:24:30.843Z,0.01548828125,415,2026-09-12 01:09:30.843,1785.0475
Pulse experiments,pioreactor01,2026-09-11T19:24:30.847Z,0.13115234375,445,2026-09-12 01:09:30.847,1785.0475
Pulse experiments,pioreactor01,2026-09-11T19:24:30.853Z,0.12708984375,480,2026-09-12 01:09:30.853,1785.0475
Pulse experiments,pioreactor01,2026-09-11T19:24:30.856Z,0.14875,515,2026-09-12 01:09:30.856,1785.0475
Pulse experiments,pioreactor01,2026-09-11T19:24:30.862Z,0.168515625,555,2026-09-12 01:09:30.862,1785.0475
Pulse experiments,pioreactor01,2026-09-11T19:24:30.866Z,0.16404296875,590,2026-09-12 01:09:30.866,1785.0475
Pulse experiments,pioreactor01,2026-09-11T19:24:30.870Z,0.16982421875,630,2026-09-12 01:09:30.870,1785.0475
Pulse experiments,pioreactor01,2026-09-11T19:24:30.876Z,0.100625,680,2026-09-12 01:09:30.876,1785.0475
Pulse experiments,pioreactor01,2026-09-11T19:24:35.840Z,0.01552734375,415,2026-09-12 01:09:35.840,1785.048888888889
Pulse experiments,pioreactor01,2026-09-11T19:24:35.848Z,0.1311328125,445,2026-09-12 01:09:35.848,1785.048888888889
Pulse experiments,pioreactor01,2026-09-11T19:24:35.854Z,0.12697265625,480,2026-09-12 01:09:35.854,1785.048888888889
Pulse experiments,pioreactor01,2026-09-11T19:24:35.858Z,0.14876953125,515,2026-09-12 01:09:35.858,1785.048888888889
Pulse experiments,pioreactor01,2026-09-11T19:24:35.863Z,0.16845703125,555,2026-09-12 01:09:35.863,1785.048888888889
Pulse experiments,pioreactor01,2026-09-11T19:24:35.868Z,0.16412109375,590,2026-09-12 01:09:35.868,1785.048888888889
Pulse experiments,pioreactor01,2026-09-11T19:24:35.873Z,0.1696484375,630,2026-09-12 01:09:35.873,1785.048888888889
Pulse experiments,pioreactor01,2026-09-11T19:24:35.878Z,0.10072265625,680,2026-09-12 01:09:35.878,1785.048888888889
Pulse experiments,pioreactor01,2026-09-11T19:24:40.838Z,0.01552734375,415,2026-09-12 01:09:40.838,1785.050277777778
Pulse experiments,pioreactor01,2026-09-11T19:24:40.844Z,0.13107421875,445,2026-09-12 01:09:40.844,1785.050277777778
Pulse experiments,pioreactor01,2026-09-11T19:24:40.848Z,0.12689453125,480,2026-09-12 01:09:40.848,1785.050277777778
Pulse experiments,pioreactor01,2026-09-11T19:24:40.853Z,0.148671875,515,2026-09-12 01:09:40.853,1785.050277777778
Pulse experiments,pioreactor01,2026-09-11T19:24:40.858Z,0.1684375,555,2026-09-12 01:09:40.858,1785.050277777778
Pulse experiments,pioreactor01,2026-09-11T19:24:40.863Z,0.1641015625,590,2026-09-12 01:09:40.863,1785.050277777778
Pulse experiments,pioreactor01,2026-09-11T19:24:40.867Z,0.1696875,630,2026-09-12 01:09:40.867,1785.050277777778
Pulse experiments,pioreactor01,2026-09-11T19:24:40.872Z,0.10064453125,680,2026-09-12 01:09:40.872,1785.050277777778
Pulse experiments,pioreactor01,2026-09-11T19:24:45.843Z,0.01552734375,415,2026-09-12 01:09:45.843,1785.051666666667
Pulse experiments,pioreactor01,2026-09-11T19:24:45.846Z,0.1313671875,445,2026-09-12 01:09:45.846,1785.051666666667
Pulse experiments,pioreactor01,2026-09-11T19:24:45.851Z,0.12697265625,480,2026-09-12 01:09:45.851,1785.051666666667
Pulse experiments,pioreactor01,2026-09-11T19:24:45.855Z,0.14873046875,515,2026-09-12 01:09:45.855,1785.051666666667
Pulse experiments,pioreactor01,2026-09-11T19:24:45.860Z,0.1684765625,555,2026-09-12 01:09:45.860,1785.051666666667
Pulse experiments,pioreactor01,2026-09-11T19:24:45.865Z,0.16408203125,590,2026-09-12 01:09:45.865,1785.051666666667
Pulse experiments,pioreactor01,2026-09-11T19:24:45.870Z,0.1697265625,630,2026-09-12 01:09:45.870,1785.051666666667
Pulse experiments,pioreactor01,2026-09-11T19:24:45.875Z,0.1006640625,680,2026-09-12 01:09:45.875,1785.051666666667
Pulse experiments,pioreactor01,2026-09-11T19:24:50.840Z,0.01552734375,415,2026-09-12 01:09:50.840,1785.053055555556
Pulse experiments,pioreactor01,2026-09-11T19:24:50.846Z,0.13119140625,445,2026-09-12 01:09:50.846,1785.053055555556
Pulse experiments,pioreactor01,2026-09-11T19:24:50.850Z,0.1270703125,480,2026-09-12 01:09:50.850,1785.053055555556
Pulse experiments,pioreactor01,2026-09-11T19:24:50.854Z,0.1487890625,515,2026-09-12 01:09:50.854,1785.053055555556
Pulse experiments,pioreactor01,2026-09-11T19:24:50.860Z,0.16830078125,555,2026-09-12 01:09:50.860,1785.053055555556
Pulse experiments,pioreactor01,2026-09-11T19:24:50.863Z,0.1640234375,590,2026-09-12 01:09:50.863,1785.053055555556
Pulse experiments,pioreactor01,2026-09-11T19:24:50.868Z,0.1696875,630,2026-09-12 01:09:50.868,1785.053055555556
Pulse experiments,pioreactor01,2026-09-11T19:24:50.873Z,0.10068359375,680,2026-09-12 01:09:50.873,1785.053055555556
Pulse experiments,pioreactor01,2026-09-11T19:24:55.840Z,0.0155078125,415,2026-09-12 01:09:55.840,1785.054444444444
Pulse experiments,pioreactor01,2026-09-11T19:24:55.846Z,0.1312109375,445,2026-09-12 01:09:55.846,1785.054444444444
Pulse experiments,pioreactor01,2026-09-11T19:24:55.850Z,0.12701171875,480,2026-09-12 01:09:55.850,1785.054444444444
Pulse experiments,pioreactor01,2026-09-11T19:24:55.856Z,0.1487890625,515,2026-09-12 01:09:55.856,1785.054444444444
Pulse experiments,pioreactor01,2026-09-11T19:24:55.860Z,0.1686328125,555,2026-09-12 01:09:55.860,1785.054444444444
Pulse experiments,pioreactor01,2026-09-11T19:24:55.865Z,0.16421875,590,2026-09-12 01:09:55.865,1785.054444444444
Pulse experiments,pioreactor01,2026-09-11T19:24:55.869Z,0.16970703125,630,2026-09-12 01:09:55.869,1785.054444444444
Pulse experiments,pioreactor01,2026-09-11T19:24:55.875Z,0.10078125,680,2026-09-12 01:09:55.875,1785.054444444444
Pulse experiments,pioreactor01,2026-09-11T19:25:00.840Z,0.01548828125,415,2026-09-12 01:10:00.840,1785.055833333333
Pulse experiments,pioreactor01,2026-09-11T19:25:00.843Z,0.131328125,445,2026-09-12 01:10:00.843,1785.055833333333
Pulse experiments,pioreactor01,2026-09-11T19:25:00.848Z,0.126953125,480,2026-09-12 01:10:00.848,1785.055833333333
Pulse experiments,pioreactor01,2026-09-11T19:25:00.852Z,0.14876953125,515,2026-09-12 01:10:00.852,1785.055833333333
Pulse experiments,pioreactor01,2026-09-11T19:25:00.857Z,0.16861328125,555,2026-09-12 01:10:00.857,1785.055833333333
Pulse experiments,pioreactor01,2026-09-11T19:25:00.862Z,0.16412109375,590,2026-09-12 01:10:00.862,1785.055833333333
Pulse experiments,pioreactor01,2026-09-11T19:25:00.866Z,0.16994140625,630,2026-09-12 01:10:00.866,1785.055833333333
Pulse experiments,pioreactor01,2026-09-11T19:25:00.871Z,0.10078125,680,2026-09-12 01:10:00.871,1785.055833333333
Pulse experiments,pioreactor01,2026-09-11T19:25:05.838Z,0.01548828125,415,2026-09-12 01:10:05.838,1785.057222222222
Pulse experiments,pioreactor01,2026-09-11T19:25:05.842Z,0.1312890625,445,2026-09-12 01:10:05.842,1785.057222222222
Pulse experiments,pioreactor01,2026-09-11T19:25:05.849Z,0.12689453125,480,2026-09-12 01:10:05.849,1785.057222222222
Pulse experiments,pioreactor01,2026-09-11T19:25:05.853Z,0.1487890625,515,2026-09-12 01:10:05.853,1785.057222222222
Pulse experiments,pioreactor01,2026-09-11T19:25:05.859Z,0.16837890625,555,2026-09-12 01:10:05.859,1785.057222222222
Pulse experiments,pioreactor01,2026-09-11T19:25:05.862Z,0.1641796875,590,2026-09-12 01:10:05.862,1785.057222222222
Pulse experiments,pioreactor01,2026-09-11T19:25:05.867Z,0.16982421875,630,2026-09-12 01:10:05.867,1785.057222222222
Pulse experiments,pioreactor01,2026-09-11T19:25:05.872Z,0.1007421875,680,2026-09-12 01:10:05.872,1785.057222222222
Pulse experiments,pioreactor01,2026-09-11T19:25:10.838Z,0.01548828125,415,2026-09-12 01:10:10.838,1785.058611111111
Pulse experiments,pioreactor01,2026-09-11T19:25:10.843Z,0.1312109375,445,2026-09-12 01:10:10.843,1785.058611111111
Pulse experiments,pioreactor01,2026-09-11T19:25:10.848Z,0.12701171875,480,2026-09-12 01:10:10.848,1785.058611111111
Pulse experiments,pioreactor01,2026-09-11T19:25:10.852Z,0.14873046875,515,2026-09-12 01:10:10.852,1785.058611111111
Pulse experiments,pioreactor01,2026-09-11T19:25:10.857Z,0.1685546875,555,2026-09-12 01:10:10.857,1785.058611111111
Pulse experiments,pioreactor01,2026-09-11T19:25:10.861Z,0.164140625,590,2026-09-12 01:10:10.861,1785.058611111111
Pulse experiments,pioreactor01,2026-09-11T19:25:10.866Z,0.169765625,630,2026-09-12 01:10:10.866,1785.058611111111
Pulse experiments,pioreactor01,2026-09-11T19:25:10.870Z,0.100703125,680,2026-09-12 01:10:10.870,1785.058611111111
Pulse experiments,pioreactor01,2026-09-11T19:25:15.840Z,0.0155078125,415,2026-09-12 01:10:15.840,1785.06
Pulse experiments,pioreactor01,2026-09-11T19:25:15.845Z,0.13115234375,445,2026-09-12 01:10:15.845,1785.06
Pulse experiments,pioreactor01,2026-09-11T19:25:15.850Z,0.12693359375,480,2026-09-12 01:10:15.850,1785.06
Pulse experiments,pioreactor01,2026-09-11T19:25:15.854Z,0.148671875,515,2026-09-12 01:10:15.854,1785.06
Pulse experiments,pioreactor01,2026-09-11T19:25:15.859Z,0.1684375,555,2026-09-12 01:10:15.859,1785.06
Pulse experiments,pioreactor01,2026-09-11T19:25:15.864Z,0.16408203125,590,2026-09-12 01:10:15.864,1785.06
Pulse experiments,pioreactor01,2026-09-11T19:25:15.869Z,0.1696484375,630,2026-09-12 01:10:15.869,1785.06
Pulse experiments,pioreactor01,2026-09-11T19:25:15.874Z,0.100703125,680,2026-09-12 01:10:15.874,1785.06
Pulse experiments,pioreactor01,2026-09-11T19:25:20.845Z,0.01552734375,415,2026-09-12 01:10:20.845,1785.061388888889
Pulse experiments,pioreactor01,2026-09-11T19:25:20.848Z,0.1312890625,445,2026-09-12 01:10:20.848,1785.061388888889
Pulse experiments,pioreactor01,2026-09-11T19:25:20.855Z,0.1271484375,480,2026-09-12 01:10:20.855,1785.061388888889
Pulse experiments,pioreactor01,2026-09-11T19:25:20.860Z,0.14873046875,515,2026-09-12 01:10:20.860,1785.061388888889
Pulse experiments,pioreactor01,2026-09-11T19:25:20.865Z,0.16865234375,555,2026-09-12 01:10:20.865,1785.061388888889
Pulse experiments,pioreactor01,2026-09-11T19:25:20.871Z,0.16439453125,590,2026-09-12 01:10:20.871,1785.061388888889
Pulse experiments,pioreactor01,2026-09-11T19:25:20.876Z,0.169765625,630,2026-09-12 01:10:20.876,1785.061388888889
Pulse experiments,pioreactor01,2026-09-11T19:25:20.880Z,0.1008203125,680,2026-09-12 01:10:20.880,1785.061388888889
Pulse experiments,pioreactor01,2026-09-11T19:25:25.837Z,0.015546875,415,2026-09-12 01:10:25.837,1785.062777777778
Pulse experiments,pioreactor01,2026-09-11T19:25:25.843Z,0.13119140625,445,2026-09-12 01:10:25.843,1785.062777777778
Pulse experiments,pioreactor01,2026-09-11T19:25:25.847Z,0.12705078125,480,2026-09-12 01:10:25.847,1785.062777777778
Pulse experiments,pioreactor01,2026-09-11T19:25:25.852Z,0.14876953125,515,2026-09-12 01:10:25.852,1785.062777777778
Pulse experiments,pioreactor01,2026-09-11T19:25:25.857Z,0.16859375,555,2026-09-12 01:10:25.857,1785.062777777778
Pulse experiments,pioreactor01,2026-09-11T19:25:25.862Z,0.16412109375,590,2026-09-12 01:10:25.862,1785.062777777778
Pulse experiments,pioreactor01,2026-09-11T19:25:25.867Z,0.169765625,630,2026-09-12 01:10:25.867,1785.062777777778
Pulse experiments,pioreactor01,2026-09-11T19:25:25.872Z,0.10076171875,680,2026-09-12 01:10:25.872,1785.062777777778
Pulse experiments,pioreactor01,2026-09-11T19:25:30.841Z,0.0155078125,415,2026-09-12 01:10:30.841,1785.064166666667
Pulse experiments,pioreactor01,2026-09-11T19:25:30.847Z,0.13111328125,445,2026-09-12 01:10:30.847,1785.064166666667
Pulse experiments,pioreactor01,2026-09-11T19:25:30.851Z,0.1269140625,480,2026-09-12 01:10:30.851,1785.064166666667
Pulse experiments,pioreactor01,2026-09-11T19:25:30.856Z,0.14869140625,515,2026-09-12 01:10:30.856,1785.064166666667
Pulse experiments,pioreactor01,2026-09-11T19:25:30.860Z,0.1686328125,555,2026-09-12 01:10:30.860,1785.064166666667
Pulse experiments,pioreactor01,2026-09-11T19:25:30.866Z,0.16419921875,590,2026-09-12 01:10:30.866,1785.064166666667
Pulse experiments,pioreactor01,2026-09-11T19:25:30.870Z,0.16978515625,630,2026-09-12 01:10:30.870,1785.064166666667
Pulse experiments,pioreactor01,2026-09-11T19:25:30.875Z,0.10078125,680,2026-09-12 01:10:30.875,1785.064166666667
Pulse experiments,pioreactor01,2026-09-11T19:25:35.838Z,0.01552734375,415,2026-09-12 01:10:35.838,1785.065555555556
Pulse experiments,pioreactor01,2026-09-11T19:25:35.844Z,0.13125,445,2026-09-12 01:10:35.844,1785.065555555556
Pulse experiments,pioreactor01,2026-09-11T19:25:35.848Z,0.12716796875,480,2026-09-12 01:10:35.848,1785.065555555556
Pulse experiments,pioreactor01,2026-09-11T19:25:35.853Z,0.1487890625,515,2026-09-12 01:10:35.853,1785.065555555556
Pulse experiments,pioreactor01,2026-09-11T19:25:35.857Z,0.16849609375,555,2026-09-12 01:10:35.857,1785.065555555556
Pulse experiments,pioreactor01,2026-09-11T19:25:35.862Z,0.16435546875,590,2026-09-12 01:10:35.862,1785.065555555556
Pulse experiments,pioreactor01,2026-09-11T19:25:35.866Z,0.16970703125,630,2026-09-12 01:10:35.866,1785.065555555556
Pulse experiments,pioreactor01,2026-09-11T19:25:35.871Z,0.10068359375,680,2026-09-12 01:10:35.871,1785.065555555556
Pulse experiments,pioreactor01,2026-09-11T19:25:40.838Z,0.0155078125,415,2026-09-12 01:10:40.838,1785.066944444445
Pulse experiments,pioreactor01,2026-09-11T19:25:40.843Z,0.13119140625,445,2026-09-12 01:10:40.843,1785.066944444445
Pulse experiments,pioreactor01,2026-09-11T19:25:40.847Z,0.12689453125,480,2026-09-12 01:10:40.847,1785.066944444445
Pulse experiments,pioreactor01,2026-09-11T19:25:40.853Z,0.14861328125,515,2026-09-12 01:10:40.853,1785.066944444445
Pulse experiments,pioreactor01,2026-09-11T19:25:40.857Z,0.16841796875,555,2026-09-12 01:10:40.857,1785.066944444445
Pulse experiments,pioreactor01,2026-09-11T19:25:40.862Z,0.16408203125,590,2026-09-12 01:10:40.862,1785.066944444445
Pulse experiments,pioreactor01,2026-09-11T19:25:40.866Z,0.16962890625,630,2026-09-12 01:10:40.866,1785.066944444445
Pulse experiments,pioreactor01,2026-09-11T19:25:40.872Z,0.1006640625,680,2026-09-12 01:10:40.872,1785.066944444445
Pulse experiments,pioreactor01,2026-09-11T19:25:45.842Z,0.0155078125,415,2026-09-12 01:10:45.842,1785.068333333333
Pulse experiments,pioreactor01,2026-09-11T19:25:45.847Z,0.131171875,445,2026-09-12 01:10:45.847,1785.068333333333
Pulse experiments,pioreactor01,2026-09-11T19:25:45.851Z,0.12681640625,480,2026-09-12 01:10:45.851,1785.068333333333
Pulse experiments,pioreactor01,2026-09-11T19:25:45.856Z,0.14875,515,2026-09-12 01:10:45.856,1785.068333333333
Pulse experiments,pioreactor01,2026-09-11T19:25:45.861Z,0.168203125,555,2026-09-12 01:10:45.861,1785.068333333333
Pulse experiments,pioreactor01,2026-09-11T19:25:45.865Z,0.1640625,590,2026-09-12 01:10:45.865,1785.068333333333
Pulse experiments,pioreactor01,2026-09-11T19:25:45.871Z,0.16962890625,630,2026-09-12 01:10:45.871,1785.068333333333
Pulse experiments,pioreactor01,2026-09-11T19:25:45.875Z,0.10068359375,680,2026-09-12 01:10:45.875,1785.068333333333
Pulse experiments,pioreactor01,2026-09-11T19:25:50.839Z,0.01552734375,415,2026-09-12 01:10:50.839,1785.069722222222
Pulse experiments,pioreactor01,2026-09-11T19:25:50.845Z,0.1311328125,445,2026-09-12 01:10:50.845,1785.069722222222
Pulse experiments,pioreactor01,2026-09-11T19:25:50.849Z,0.12708984375,480,2026-09-12 01:10:50.849,1785.069722222222
Pulse experiments,pioreactor01,2026-09-11T19:25:50.855Z,0.1487890625,515,2026-09-12 01:10:50.855,1785.069722222222
Pulse experiments,pioreactor01,2026-09-11T19:25:50.859Z,0.168515625,555,2026-09-12 01:10:50.859,1785.069722222222
Pulse experiments,pioreactor01,2026-09-11T19:25:50.863Z,0.1641015625,590,2026-09-12 01:10:50.863,1785.069722222222
Pulse experiments,pioreactor01,2026-09-11T19:25:50.868Z,0.16966796875,630,2026-09-12 01:10:50.868,1785.069722222222
Pulse experiments,pioreactor01,2026-09-11T19:25:50.872Z,0.10076171875,680,2026-09-12 01:10:50.872,1785.069722222222
Pulse experiments,pioreactor01,2026-09-11T19:25:55.837Z,0.0155078125,415,2026-09-12 01:10:55.837,1785.071111111111
Pulse experiments,pioreactor01,2026-09-11T19:25:55.841Z,0.131328125,445,2026-09-12 01:10:55.841,1785.071111111111
Pulse experiments,pioreactor01,2026-09-11T19:25:55.847Z,0.126875,480,2026-09-12 01:10:55.847,1785.071111111111
Pulse experiments,pioreactor01,2026-09-11T19:25:55.850Z,0.148671875,515,2026-09-12 01:10:55.850,1785.071111111111
Pulse experiments,pioreactor01,2026-09-11T19:25:55.855Z,0.1684375,555,2026-09-12 01:10:55.855,1785.071111111111
Pulse experiments,pioreactor01,2026-09-11T19:25:55.860Z,0.16412109375,590,2026-09-12 01:10:55.860,1785.071111111111
Pulse experiments,pioreactor01,2026-09-11T19:25:55.865Z,0.16984375,630,2026-09-12 01:10:55.865,1785.071111111111
Pulse experiments,pioreactor01,2026-09-11T19:25:55.870Z,0.10080078125,680,2026-09-12 01:10:55.870,1785.071111111111
Pulse experiments,pioreactor01,2026-09-11T19:26:00.839Z,0.01552734375,415,2026-09-12 01:11:00.839,1785.0725
Pulse experiments,pioreactor01,2026-09-11T19:26:00.846Z,0.13119140625,445,2026-09-12 01:11:00.846,1785.0725
Pulse experiments,pioreactor01,2026-09-11T19:26:00.851Z,0.12693359375,480,2026-09-12 01:11:00.851,1785.0725
Pulse experiments,pioreactor01,2026-09-11T19:26:00.856Z,0.148671875,515,2026-09-12 01:11:00.856,1785.0725
Pulse experiments,pioreactor01,2026-09-11T19:26:00.860Z,0.1683984375,555,2026-09-12 01:11:00.860,1785.0725
Pulse experiments,pioreactor01,2026-09-11T19:26:00.864Z,0.1640234375,590,2026-09-12 01:11:00.864,1785.0725
Pulse experiments,pioreactor01,2026-09-11T19:26:00.869Z,0.16962890625,630,2026-09-12 01:11:00.869,1785.0725
Pulse experiments,pioreactor01,2026-09-11T19:26:00.874Z,0.10056640625,680,2026-09-12 01:11:00.874,1785.0725
Pulse experiments,pioreactor01,2026-09-11T19:26:05.839Z,0.01548828125,415,2026-09-12 01:11:05.839,1785.073888888889
Pulse experiments,pioreactor01,2026-09-11T19:26:05.844Z,0.1312109375,445,2026-09-12 01:11:05.844,1785.073888888889
Pulse experiments,pioreactor01,2026-09-11T19:26:05.849Z,0.12697265625,480,2026-09-12 01:11:05.849,1785.073888888889
Pulse experiments,pioreactor01,2026-09-11T19:26:05.854Z,0.1487890625,515,2026-09-12 01:11:05.854,1785.073888888889
Pulse experiments,pioreactor01,2026-09-11T19:26:05.858Z,0.16853515625,555,2026-09-12 01:11:05.858,1785.073888888889
Pulse experiments,pioreactor01,2026-09-11T19:26:05.862Z,0.1640625,590,2026-09-12 01:11:05.862,1785.073888888889
Pulse experiments,pioreactor01,2026-09-11T19:26:05.867Z,0.1696484375,630,2026-09-12 01:11:05.867,1785.073888888889
Pulse experiments,pioreactor01,2026-09-11T19:26:05.872Z,0.10076171875,680,2026-09-12 01:11:05.872,1785.073888888889
Pulse experiments,pioreactor01,2026-09-11T19:26:10.837Z,0.01548828125,415,2026-09-12 01:11:10.837,1785.075277777778
Pulse experiments,pioreactor01,2026-09-11T19:26:10.842Z,0.1310546875,445,2026-09-12 01:11:10.842,1785.075277777778
Pulse experiments,pioreactor01,2026-09-11T19:26:10.849Z,0.12705078125,480,2026-09-12 01:11:10.849,1785.075277777778
Pulse experiments,pioreactor01,2026-09-11T19:26:10.853Z,0.14869140625,515,2026-09-12 01:11:10.853,1785.075277777778
Pulse experiments,pioreactor01,2026-09-11T19:26:10.857Z,0.16841796875,555,2026-09-12 01:11:10.857,1785.075277777778
Pulse experiments,pioreactor01,2026-09-11T19:26:10.862Z,0.16419921875,590,2026-09-12 01:11:10.862,1785.075277777778
Pulse experiments,pioreactor01,2026-09-11T19:26:10.867Z,0.1697265625,630,2026-09-12 01:11:10.867,1785.075277777778
Pulse experiments,pioreactor01,2026-09-11T19:26:10.873Z,0.1006640625,680,2026-09-12 01:11:10.873,1785.075277777778
Pulse experiments,pioreactor01,2026-09-11T19:26:15.837Z,0.01548828125,415,2026-09-12 01:11:15.837,1785.076666666667
Pulse experiments,pioreactor01,2026-09-11T19:26:15.841Z,0.13134765625,445,2026-09-12 01:11:15.841,1785.076666666667
Pulse experiments,pioreactor01,2026-09-11T19:26:15.847Z,0.12697265625,480,2026-09-12 01:11:15.847,1785.076666666667
Pulse experiments,pioreactor01,2026-09-11T19:26:15.851Z,0.14875,515,2026-09-12 01:11:15.851,1785.076666666667
Pulse experiments,pioreactor01,2026-09-11T19:26:15.858Z,0.16826171875,555,2026-09-12 01:11:15.858,1785.076666666667
Pulse experiments,pioreactor01,2026-09-11T19:26:15.862Z,0.16416015625,590,2026-09-12 01:11:15.862,1785.076666666667
Pulse experiments,pioreactor01,2026-09-11T19:26:15.868Z,0.169609375,630,2026-09-12 01:11:15.868,1785.076666666667
Pulse experiments,pioreactor01,2026-09-11T19:26:15.872Z,0.100625,680,2026-09-12 01:11:15.872,1785.076666666667
Pulse experiments,pioreactor01,2026-09-11T19:26:20.843Z,0.01548828125,415,2026-09-12 01:11:20.843,1785.078055555555
Pulse experiments,pioreactor01,2026-09-11T19:26:20.848Z,0.131171875,445,2026-09-12 01:11:20.848,1785.078055555555
Pulse experiments,pioreactor01,2026-09-11T19:26:20.854Z,0.1269140625,480,2026-09-12 01:11:20.854,1785.078055555555
Pulse experiments,pioreactor01,2026-09-11T19:26:20.857Z,0.14884765625,515,2026-09-12 01:11:20.857,1785.078055555555
Pulse experiments,pioreactor01,2026-09-11T19:26:20.864Z,0.16830078125,555,2026-09-12 01:11:20.864,1785.078055555555
Pulse experiments,pioreactor01,2026-09-11T19:26:20.867Z,0.16392578125,590,2026-09-12 01:11:20.867,1785.078055555555
Pulse experiments,pioreactor01,2026-09-11T19:26:20.876Z,0.16962890625,630,2026-09-12 01:11:20.876,1785.078055555555
Pulse experiments,pioreactor01,2026-09-11T19:26:20.878Z,0.100625,680,2026-09-12 01:11:20.878,1785.078055555555
Pulse experiments,pioreactor01,2026-09-11T19:26:25.838Z,0.015546875,415,2026-09-12 01:11:25.838,1785.079444444444
Pulse experiments,pioreactor01,2026-09-11T19:26:25.845Z,0.13115234375,445,2026-09-12 01:11:25.845,1785.079444444444
Pulse experiments,pioreactor01,2026-09-11T19:26:25.852Z,0.12693359375,480,2026-09-12 01:11:25.852,1785.079444444444
Pulse experiments,pioreactor01,2026-09-11T19:26:25.855Z,0.14875,515,2026-09-12 01:11:25.855,1785.079444444444
Pulse experiments,pioreactor01,2026-09-11T19:26:25.859Z,0.16861328125,555,2026-09-12 01:11:25.859,1785.079444444444
Pulse experiments,pioreactor01,2026-09-11T19:26:25.863Z,0.16408203125,590,2026-09-12 01:11:25.863,1785.079444444444
Pulse experiments,pioreactor01,2026-09-11T19:26:25.868Z,0.1696875,630,2026-09-12 01:11:25.868,1785.079444444444
Pulse experiments,pioreactor01,2026-09-11T19:26:25.873Z,0.10083984375,680,2026-09-12 01:11:25.873,1785.079444444444
Pulse experiments,pioreactor01,2026-09-11T19:26:30.846Z,0.01548828125,415,2026-09-12 01:11:30.846,1785.080833333333
Pulse experiments,pioreactor01,2026-09-11T19:26:30.849Z,0.13111328125,445,2026-09-12 01:11:30.849,1785.080833333333
Pulse experiments,pioreactor01,2026-09-11T19:26:30.853Z,0.12701171875,480,2026-09-12 01:11:30.853,1785.080833333333
Pulse experiments,pioreactor01,2026-09-11T19:26:30.858Z,0.1487109375,515,2026-09-12 01:11:30.858,1785.080833333333
Pulse experiments,pioreactor01,2026-09-11T19:26:30.862Z,0.168515625,555,2026-09-12 01:11:30.862,1785.080833333333
Pulse experiments,pioreactor01,2026-09-11T19:26:30.868Z,0.16404296875,590,2026-09-12 01:11:30.868,1785.080833333333
Pulse experiments,pioreactor01,2026-09-11T19:26:30.872Z,0.1697265625,630,2026-09-12 01:11:30.872,1785.080833333333
Pulse experiments,pioreactor01,2026-09-11T19:26:30.877Z,0.10072265625,680,2026-09-12 01:11:30.877,1785.080833333333
Pulse experiments,pioreactor01,2026-09-11T19:26:35.840Z,0.01548828125,415,2026-09-12 01:11:35.840,1785.082222222222
Pulse experiments,pioreactor01,2026-09-11T19:26:35.844Z,0.13109375,445,2026-09-12 01:11:35.844,1785.082222222222
Pulse experiments,pioreactor01,2026-09-11T19:26:35.849Z,0.12689453125,480,2026-09-12 01:11:35.849,1785.082222222222
Pulse experiments,pioreactor01,2026-09-11T19:26:35.853Z,0.14869140625,515,2026-09-12 01:11:35.853,1785.082222222222
Pulse experiments,pioreactor01,2026-09-11T19:26:35.858Z,0.16833984375,555,2026-09-12 01:11:35.858,1785.082222222222
Pulse experiments,pioreactor01,2026-09-11T19:26:35.863Z,0.16419921875,590,2026-09-12 01:11:35.863,1785.082222222222
Pulse experiments,pioreactor01,2026-09-11T19:26:35.867Z,0.169609375,630,2026-09-12 01:11:35.867,1785.082222222222
Pulse experiments,pioreactor01,2026-09-11T19:26:35.873Z,0.10056640625,680,2026-09-12 01:11:35.873,1785.082222222222
Pulse experiments,pioreactor01,2026-09-11T19:26:40.839Z,0.01548828125,415,2026-09-12 01:11:40.839,1785.083611111111
Pulse experiments,pioreactor01,2026-09-11T19:26:40.844Z,0.13115234375,445,2026-09-12 01:11:40.844,1785.083611111111
Pulse experiments,pioreactor01,2026-09-11T19:26:40.849Z,0.1269921875,480,2026-09-12 01:11:40.849,1785.083611111111
Pulse experiments,pioreactor01,2026-09-11T19:26:40.855Z,0.14873046875,515,2026-09-12 01:11:40.855,1785.083611111111
Pulse experiments,pioreactor01,2026-09-11T19:26:40.858Z,0.1685546875,555,2026-09-12 01:11:40.858,1785.083611111111
Pulse experiments,pioreactor01,2026-09-11T19:26:40.864Z,0.1641015625,590,2026-09-12 01:11:40.864,1785.083611111111
Pulse experiments,pioreactor01,2026-09-11T19:26:40.868Z,0.16966796875,630,2026-09-12 01:11:40.868,1785.083611111111
Pulse experiments,pioreactor01,2026-09-11T19:26:40.873Z,0.1007421875,680,2026-09-12 01:11:40.873,1785.083611111111
Pulse experiments,pioreactor01,2026-09-11T19:26:45.839Z,0.01546875,415,2026-09-12 01:11:45.839,1785.085
Pulse experiments,pioreactor01,2026-09-11T19:26:45.845Z,0.13125,445,2026-09-12 01:11:45.845,1785.085
Pulse experiments,pioreactor01,2026-09-11T19:26:45.848Z,0.12703125,480,2026-09-12 01:11:45.848,1785.085
Pulse experiments,pioreactor01,2026-09-11T19:26:45.854Z,0.14873046875,515,2026-09-12 01:11:45.854,1785.085
Pulse experiments,pioreactor01,2026-09-11T19:26:45.857Z,0.16853515625,555,2026-09-12 01:11:45.857,1785.085
Pulse experiments,pioreactor01,2026-09-11T19:26:45.863Z,0.16412109375,590,2026-09-12 01:11:45.863,1785.085
Pulse experiments,pioreactor01,2026-09-11T19:26:45.868Z,0.16970703125,630,2026-09-12 01:11:45.868,1785.085
Pulse experiments,pioreactor01,2026-09-11T19:26:45.873Z,0.10078125,680,2026-09-12 01:11:45.873,1785.085
Pulse experiments,pioreactor01,2026-09-11T19:26:50.841Z,0.0155078125,415,2026-09-12 01:11:50.841,1785.086388888889
Pulse experiments,pioreactor01,2026-09-11T19:26:50.844Z,0.131171875,445,2026-09-12 01:11:50.844,1785.086388888889
Pulse experiments,pioreactor01,2026-09-11T19:26:50.848Z,0.12677734375,480,2026-09-12 01:11:50.848,1785.086388888889
Pulse experiments,pioreactor01,2026-09-11T19:26:50.854Z,0.14884765625,515,2026-09-12 01:11:50.854,1785.086388888889
Pulse experiments,pioreactor01,2026-09-11T19:26:50.858Z,0.16857421875,555,2026-09-12 01:11:50.858,1785.086388888889
Pulse experiments,pioreactor01,2026-09-11T19:26:50.864Z,0.164296875,590,2026-09-12 01:11:50.864,1785.086388888889
Pulse experiments,pioreactor01,2026-09-11T19:26:50.868Z,0.16990234375,630,2026-09-12 01:11:50.868,1785.086388888889
Pulse experiments,pioreactor01,2026-09-11T19:26:50.874Z,0.10083984375,680,2026-09-12 01:11:50.874,1785.086388888889
Pulse experiments,pioreactor01,2026-09-11T19:26:55.839Z,0.01552734375,415,2026-09-12 01:11:55.839,1785.087777777778
Pulse experiments,pioreactor01,2026-09-11T19:26:55.844Z,0.13126953125,445,2026-09-12 01:11:55.844,1785.087777777778
Pulse experiments,pioreactor01,2026-09-11T19:26:55.849Z,0.12697265625,480,2026-09-12 01:11:55.849,1785.087777777778
Pulse experiments,pioreactor01,2026-09-11T19:26:55.854Z,0.148671875,515,2026-09-12 01:11:55.854,1785.087777777778
Pulse experiments,pioreactor01,2026-09-11T19:26:55.861Z,0.16853515625,555,2026-09-12 01:11:55.861,1785.087777777778
Pulse experiments,pioreactor01,2026-09-11T19:26:55.866Z,0.1641796875,590,2026-09-12 01:11:55.866,1785.087777777778
Pulse experiments,pioreactor01,2026-09-11T19:26:55.872Z,0.16970703125,630,2026-09-12 01:11:55.872,1785.087777777778
Pulse experiments,pioreactor01,2026-09-11T19:26:55.876Z,0.10078125,680,2026-09-12 01:11:55.876,1785.087777777778
Pulse experiments,pioreactor01,2026-09-11T19:27:00.840Z,0.01546875,415,2026-09-12 01:12:00.840,1785.089166666667
Pulse experiments,pioreactor01,2026-09-11T19:27:00.845Z,0.13125,445,2026-09-12 01:12:00.845,1785.089166666667
Pulse experiments,pioreactor01,2026-09-11T19:27:00.850Z,0.12693359375,480,2026-09-12 01:12:00.850,1785.089166666667
Pulse experiments,pioreactor01,2026-09-11T19:27:00.855Z,0.1488671875,515,2026-09-12 01:12:00.855,1785.089166666667
Pulse experiments,pioreactor01,2026-09-11T19:27:00.859Z,0.1684375,555,2026-09-12 01:12:00.859,1785.089166666667
Pulse experiments,pioreactor01,2026-09-11T19:27:00.865Z,0.16412109375,590,2026-09-12 01:12:00.865,1785.089166666667
Pulse experiments,pioreactor01,2026-09-11T19:27:00.870Z,0.16970703125,630,2026-09-12 01:12:00.870,1785.089166666667
Pulse experiments,pioreactor01,2026-09-11T19:27:00.874Z,0.10068359375,680,2026-09-12 01:12:00.874,1785.089166666667
Pulse experiments,pioreactor01,2026-09-11T19:27:05.837Z,0.0155078125,415,2026-09-12 01:12:05.837,1785.090555555556
Pulse experiments,pioreactor01,2026-09-11T19:27:05.843Z,0.131171875,445,2026-09-12 01:12:05.843,1785.090555555556
Pulse experiments,pioreactor01,2026-09-11T19:27:05.847Z,0.1269921875,480,2026-09-12 01:12:05.847,1785.090555555556
Pulse experiments,pioreactor01,2026-09-11T19:27:05.852Z,0.14859375,515,2026-09-12 01:12:05.852,1785.090555555556
Pulse experiments,pioreactor01,2026-09-11T19:27:05.856Z,0.16833984375,555,2026-09-12 01:12:05.856,1785.090555555556
Pulse experiments,pioreactor01,2026-09-11T19:27:05.861Z,0.16400390625,590,2026-09-12 01:12:05.861,1785.090555555556
Pulse experiments,pioreactor01,2026-09-11T19:27:05.866Z,0.16943359375,630,2026-09-12 01:12:05.866,1785.090555555556
Pulse experiments,pioreactor01,2026-09-11T19:27:05.869Z,0.10056640625,680,2026-09-12 01:12:05.869,1785.090555555556
Pulse experiments,pioreactor01,2026-09-11T19:27:10.841Z,0.0155078125,415,2026-09-12 01:12:10.841,1785.091944444444
Pulse experiments,pioreactor01,2026-09-11T19:27:10.846Z,0.1311328125,445,2026-09-12 01:12:10.846,1785.091944444444
Pulse experiments,pioreactor01,2026-09-11T19:27:10.850Z,0.1268359375,480,2026-09-12 01:12:10.850,1785.091944444444
Pulse experiments,pioreactor01,2026-09-11T19:27:10.855Z,0.14880859375,515,2026-09-12 01:12:10.855,1785.091944444444
Pulse experiments,pioreactor01,2026-09-11T19:27:10.859Z,0.16845703125,555,2026-09-12 01:12:10.859,1785.091944444444
Pulse experiments,pioreactor01,2026-09-11T19:27:10.865Z,0.16416015625,590,2026-09-12 01:12:10.865,1785.091944444444
Pulse experiments,pioreactor01,2026-09-11T19:27:10.869Z,0.169609375,630,2026-09-12 01:12:10.869,1785.091944444444
Pulse experiments,pioreactor01,2026-09-11T19:27:10.875Z,0.10068359375,680,2026-09-12 01:12:10.875,1785.091944444444
Pulse experiments,pioreactor01,2026-09-11T19:27:15.842Z,0.015546875,415,2026-09-12 01:12:15.842,1785.093333333333
Pulse experiments,pioreactor01,2026-09-11T19:27:15.846Z,0.1312890625,445,2026-09-12 01:12:15.846,1785.093333333333
Pulse experiments,pioreactor01,2026-09-11T19:27:15.851Z,0.12697265625,480,2026-09-12 01:12:15.851,1785.093333333333
Pulse experiments,pioreactor01,2026-09-11T19:27:15.857Z,0.14876953125,515,2026-09-12 01:12:15.857,1785.093333333333
Pulse experiments,pioreactor01,2026-09-11T19:27:15.860Z,0.1683203125,555,2026-09-12 01:12:15.860,1785.093333333333
Pulse experiments,pioreactor01,2026-09-11T19:27:15.866Z,0.16412109375,590,2026-09-12 01:12:15.866,1785.093333333333
Pulse experiments,pioreactor01,2026-09-11T19:27:15.877Z,0.1696875,630,2026-09-12 01:12:15.877,1785.093333333333
Pulse experiments,pioreactor01,2026-09-11T19:27:15.880Z,0.10076171875,680,2026-09-12 01:12:15.880,1785.093333333333
Pulse experiments,pioreactor01,2026-09-11T19:27:20.841Z,0.0155078125,415,2026-09-12 01:12:20.841,1785.094722222222
Pulse experiments,pioreactor01,2026-09-11T19:27:20.845Z,0.13119140625,445,2026-09-12 01:12:20.845,1785.094722222222
Pulse experiments,pioreactor01,2026-09-11T19:27:20.850Z,0.12693359375,480,2026-09-12 01:12:20.850,1785.094722222222
Pulse experiments,pioreactor01,2026-09-11T19:27:20.854Z,0.1487890625,515,2026-09-12 01:12:20.854,1785.094722222222
Pulse experiments,pioreactor01,2026-09-11T19:27:20.860Z,0.16845703125,555,2026-09-12 01:12:20.860,1785.094722222222
Pulse experiments,pioreactor01,2026-09-11T19:27:20.864Z,0.16412109375,590,2026-09-12 01:12:20.864,1785.094722222222
Pulse experiments,pioreactor01,2026-09-11T19:27:20.868Z,0.16966796875,630,2026-09-12 01:12:20.868,1785.094722222222
Pulse experiments,pioreactor01,2026-09-11T19:27:20.873Z,0.100625,680,2026-09-12 01:12:20.873,1785.094722222222
Pulse experiments,pioreactor01,2026-09-11T19:27:25.837Z,0.015546875,415,2026-09-12 01:12:25.837,1785.096111111111
Pulse experiments,pioreactor01,2026-09-11T19:27:25.842Z,0.13119140625,445,2026-09-12 01:12:25.842,1785.096111111111
Pulse experiments,pioreactor01,2026-09-11T19:27:25.846Z,0.126953125,480,2026-09-12 01:12:25.846,1785.096111111111
Pulse experiments,pioreactor01,2026-09-11T19:27:25.852Z,0.1487109375,515,2026-09-12 01:12:25.852,1785.096111111111
Pulse experiments,pioreactor01,2026-09-11T19:27:25.856Z,0.16828125,555,2026-09-12 01:12:25.856,1785.096111111111
Pulse experiments,pioreactor01,2026-09-11T19:27:25.862Z,0.16416015625,590,2026-09-12 01:12:25.862,1785.096111111111
Pulse experiments,pioreactor01,2026-09-11T19:27:25.865Z,0.169765625,630,2026-09-12 01:12:25.865,1785.096111111111
Pulse experiments,pioreactor01,2026-09-11T19:27:25.870Z,0.100703125,680,2026-09-12 01:12:25.870,1785.096111111111
Pulse experiments,pioreactor01,2026-09-11T19:27:30.838Z,0.01552734375,415,2026-09-12 01:12:30.838,1785.0975
Pulse experiments,pioreactor01,2026-09-11T19:27:30.844Z,0.13111328125,445,2026-09-12 01:12:30.844,1785.0975
Pulse experiments,pioreactor01,2026-09-11T19:27:30.849Z,0.126953125,480,2026-09-12 01:12:30.849,1785.0975
Pulse experiments,pioreactor01,2026-09-11T19:27:30.853Z,0.14892578125,515,2026-09-12 01:12:30.853,1785.0975
Pulse experiments,pioreactor01,2026-09-11T19:27:30.858Z,0.16849609375,555,2026-09-12 01:12:30.858,1785.0975
Pulse experiments,pioreactor01,2026-09-11T19:27:30.862Z,0.16412109375,590,2026-09-12 01:12:30.862,1785.0975
Pulse experiments,pioreactor01,2026-09-11T19:27:30.867Z,0.1697265625,630,2026-09-12 01:12:30.867,1785.0975
Pulse experiments,pioreactor01,2026-09-11T19:27:30.871Z,0.10072265625,680,2026-09-12 01:12:30.871,1785.0975
Pulse experiments,pioreactor01,2026-09-11T19:27:35.838Z,0.0155078125,415,2026-09-12 01:12:35.838,1785.098888888889
Pulse experiments,pioreactor01,2026-09-11T19:27:35.842Z,0.1311328125,445,2026-09-12 01:12:35.842,1785.098888888889
Pulse experiments,pioreactor01,2026-09-11T19:27:35.847Z,0.12685546875,480,2026-09-12 01:12:35.847,1785.098888888889
Pulse experiments,pioreactor01,2026-09-11T19:27:35.851Z,0.14880859375,515,2026-09-12 01:12:35.851,1785.098888888889
Pulse experiments,pioreactor01,2026-09-11T19:27:35.857Z,0.16833984375,555,2026-09-12 01:12:35.857,1785.098888888889
Pulse experiments,pioreactor01,2026-09-11T19:27:35.861Z,0.1640234375,590,2026-09-12 01:12:35.861,1785.098888888889
Pulse experiments,pioreactor01,2026-09-11T19:27:35.864Z,0.1696875,630,2026-09-12 01:12:35.864,1785.098888888889
Pulse experiments,pioreactor01,2026-09-11T19:27:35.870Z,0.1005859375,680,2026-09-12 01:12:35.870,1785.098888888889
Pulse experiments,pioreactor01,2026-09-11T19:27:40.842Z,0.01546875,415,2026-09-12 01:12:40.842,1785.100277777778
Pulse experiments,pioreactor01,2026-09-11T19:27:40.849Z,0.13130859375,445,2026-09-12 01:12:40.849,1785.100277777778
Pulse experiments,pioreactor01,2026-09-11T19:27:40.852Z,0.12705078125,480,2026-09-12 01:12:40.852,1785.100277777778
Pulse experiments,pioreactor01,2026-09-11T19:27:40.858Z,0.14876953125,515,2026-09-12 01:12:40.858,1785.100277777778
Pulse experiments,pioreactor01,2026-09-11T19:27:40.866Z,0.16826171875,555,2026-09-12 01:12:40.866,1785.100277777778
Pulse experiments,pioreactor01,2026-09-11T19:27:40.870Z,0.1640234375,590,2026-09-12 01:12:40.870,1785.100277777778
Pulse experiments,pioreactor01,2026-09-11T19:27:40.876Z,0.1696875,630,2026-09-12 01:12:40.876,1785.100277777778
Pulse experiments,pioreactor01,2026-09-11T19:27:40.883Z,0.100703125,680,2026-09-12 01:12:40.883,1785.100277777778
Pulse experiments,pioreactor01,2026-09-11T19:27:45.841Z,0.01548828125,415,2026-09-12 01:12:45.841,1785.101666666667
Pulse experiments,pioreactor01,2026-09-11T19:27:45.848Z,0.13126953125,445,2026-09-12 01:12:45.848,1785.101666666667
Pulse experiments,pioreactor01,2026-09-11T19:27:45.853Z,0.126875,480,2026-09-12 01:12:45.853,1785.101666666667
Pulse experiments,pioreactor01,2026-09-11T19:27:45.858Z,0.1487890625,515,2026-09-12 01:12:45.858,1785.101666666667
Pulse experiments,pioreactor01,2026-09-11T19:27:45.863Z,0.1684375,555,2026-09-12 01:12:45.863,1785.101666666667
Pulse experiments,pioreactor01,2026-09-11T19:27:45.868Z,0.16421875,590,2026-09-12 01:12:45.868,1785.101666666667
Pulse experiments,pioreactor01,2026-09-11T19:27:45.872Z,0.16962890625,630,2026-09-12 01:12:45.872,1785.101666666667
Pulse experiments,pioreactor01,2026-09-11T19:27:45.876Z,0.100703125,680,2026-09-12 01:12:45.876,1785.101666666667
Pulse experiments,pioreactor01,2026-09-11T19:27:50.843Z,0.01548828125,415,2026-09-12 01:12:50.843,1785.103055555556
Pulse experiments,pioreactor01,2026-09-11T19:27:50.848Z,0.1312890625,445,2026-09-12 01:12:50.848,1785.103055555556
Pulse experiments,pioreactor01,2026-09-11T19:27:50.852Z,0.12681640625,480,2026-09-12 01:12:50.852,1785.103055555556
Pulse experiments,pioreactor01,2026-09-11T19:27:50.858Z,0.148671875,515,2026-09-12 01:12:50.858,1785.103055555556
Pulse experiments,pioreactor01,2026-09-11T19:27:50.864Z,0.1683203125,555,2026-09-12 01:12:50.864,1785.103055555556
Pulse experiments,pioreactor01,2026-09-11T19:27:50.869Z,0.1641015625,590,2026-09-12 01:12:50.869,1785.103055555556
Pulse experiments,pioreactor01,2026-09-11T19:27:50.875Z,0.1698828125,630,2026-09-12 01:12:50.875,1785.103055555556
Pulse experiments,pioreactor01,2026-09-11T19:27:50.879Z,0.1007421875,680,2026-09-12 01:12:50.879,1785.103055555556
Pulse experiments,pioreactor01,2026-09-11T19:27:55.839Z,0.01548828125,415,2026-09-12 01:12:55.839,1785.104444444444
Pulse experiments,pioreactor01,2026-09-11T19:27:55.844Z,0.1312109375,445,2026-09-12 01:12:55.844,1785.104444444444
Pulse experiments,pioreactor01,2026-09-11T19:27:55.848Z,0.126953125,480,2026-09-12 01:12:55.848,1785.104444444444
Pulse experiments,pioreactor01,2026-09-11T19:27:55.854Z,0.1487890625,515,2026-09-12 01:12:55.854,1785.104444444444
Pulse experiments,pioreactor01,2026-09-11T19:27:55.859Z,0.16845703125,555,2026-09-12 01:12:55.859,1785.104444444444
Pulse experiments,pioreactor01,2026-09-11T19:27:55.864Z,0.16408203125,590,2026-09-12 01:12:55.864,1785.104444444444
Pulse experiments,pioreactor01,2026-09-11T19:27:55.869Z,0.16970703125,630,2026-09-12 01:12:55.869,1785.104444444444
Pulse experiments,pioreactor01,2026-09-11T19:27:55.874Z,0.100625,680,2026-09-12 01:12:55.874,1785.104444444444
Pulse experiments,pioreactor01,2026-09-11T19:28:00.839Z,0.0155078125,415,2026-09-12 01:13:00.839,1785.105833333333
Pulse experiments,pioreactor01,2026-09-11T19:28:00.843Z,0.13115234375,445,2026-09-12 01:13:00.843,1785.105833333333
Pulse experiments,pioreactor01,2026-09-11T19:28:00.848Z,0.126875,480,2026-09-12 01:13:00.848,1785.105833333333
Pulse experiments,pioreactor01,2026-09-11T19:28:00.852Z,0.14865234375,515,2026-09-12 01:13:00.852,1785.105833333333
Pulse experiments,pioreactor01,2026-09-11T19:28:00.857Z,0.1681640625,555,2026-09-12 01:13:00.857,1785.105833333333
Pulse experiments,pioreactor01,2026-09-11T19:28:00.862Z,0.16396484375,590,2026-09-12 01:13:00.862,1785.105833333333
Pulse experiments,pioreactor01,2026-09-11T19:28:00.866Z,0.16966796875,630,2026-09-12 01:13:00.866,1785.105833333333
Pulse experiments,pioreactor01,2026-09-11T19:28:00.871Z,0.100546875,680,2026-09-12 01:13:00.871,1785.105833333333
Pulse experiments,pioreactor01,2026-09-11T19:28:05.838Z,0.01548828125,415,2026-09-12 01:13:05.838,1785.107222222222
Pulse experiments,pioreactor01,2026-09-11T19:28:05.842Z,0.13107421875,445,2026-09-12 01:13:05.842,1785.107222222222
Pulse experiments,pioreactor01,2026-09-11T19:28:05.846Z,0.12685546875,480,2026-09-12 01:13:05.846,1785.107222222222
Pulse experiments,pioreactor01,2026-09-11T19:28:05.850Z,0.14869140625,515,2026-09-12 01:13:05.850,1785.107222222222
Pulse experiments,pioreactor01,2026-09-11T19:28:05.856Z,0.1683203125,555,2026-09-12 01:13:05.856,1785.107222222222
Pulse experiments,pioreactor01,2026-09-11T19:28:05.860Z,0.1641796875,590,2026-09-12 01:13:05.860,1785.107222222222
Pulse experiments,pioreactor01,2026-09-11T19:28:05.864Z,0.16962890625,630,2026-09-12 01:13:05.864,1785.107222222222
Pulse experiments,pioreactor01,2026-09-11T19:28:05.869Z,0.10078125,680,2026-09-12 01:13:05.869,1785.107222222222
Pulse experiments,pioreactor01,2026-09-11T19:28:10.838Z,0.01552734375,415,2026-09-12 01:13:10.838,1785.108611111111
Pulse experiments,pioreactor01,2026-09-11T19:28:10.844Z,0.1311328125,445,2026-09-12 01:13:10.844,1785.108611111111
Pulse experiments,pioreactor01,2026-09-11T19:28:10.850Z,0.1268359375,480,2026-09-12 01:13:10.850,1785.108611111111
Pulse experiments,pioreactor01,2026-09-11T19:28:10.855Z,0.14857421875,515,2026-09-12 01:13:10.855,1785.108611111111
Pulse experiments,pioreactor01,2026-09-11T19:28:10.859Z,0.1683984375,555,2026-09-12 01:13:10.859,1785.108611111111
Pulse experiments,pioreactor01,2026-09-11T19:28:10.864Z,0.16412109375,590,2026-09-12 01:13:10.864,1785.108611111111
Pulse experiments,pioreactor01,2026-09-11T19:28:10.868Z,0.16958984375,630,2026-09-12 01:13:10.868,1785.108611111111
Pulse experiments,pioreactor01,2026-09-11T19:28:10.873Z,0.10068359375,680,2026-09-12 01:13:10.873,1785.108611111111
Pulse experiments,pioreactor01,2026-09-11T19:28:15.838Z,0.0155078125,415,2026-09-12 01:13:15.838,1785.11
Pulse experiments,pioreactor01,2026-09-11T19:28:15.843Z,0.131171875,445,2026-09-12 01:13:15.843,1785.11
Pulse experiments,pioreactor01,2026-09-11T19:28:15.848Z,0.12693359375,480,2026-09-12 01:13:15.848,1785.11
Pulse experiments,pioreactor01,2026-09-11T19:28:15.853Z,0.148671875,515,2026-09-12 01:13:15.853,1785.11
Pulse experiments,pioreactor01,2026-09-11T19:28:15.858Z,0.168359375,555,2026-09-12 01:13:15.858,1785.11
Pulse experiments,pioreactor01,2026-09-11T19:28:15.863Z,0.16408203125,590,2026-09-12 01:13:15.863,1785.11
Pulse experiments,pioreactor01,2026-09-11T19:28:15.867Z,0.16984375,630,2026-09-12 01:13:15.867,1785.11
Pulse experiments,pioreactor01,2026-09-11T19:28:15.872Z,0.1005859375,680,2026-09-12 01:13:15.872,1785.11
Pulse experiments,pioreactor01,2026-09-11T19:28:20.838Z,0.01552734375,415,2026-09-12 01:13:20.838,1785.111388888889
Pulse experiments,pioreactor01,2026-09-11T19:28:20.842Z,0.13103515625,445,2026-09-12 01:13:20.842,1785.111388888889
Pulse experiments,pioreactor01,2026-09-11T19:28:20.847Z,0.12703125,480,2026-09-12 01:13:20.847,1785.111388888889
Pulse experiments,pioreactor01,2026-09-11T19:28:20.851Z,0.14869140625,515,2026-09-12 01:13:20.851,1785.111388888889
Pulse experiments,pioreactor01,2026-09-11T19:28:20.857Z,0.16841796875,555,2026-09-12 01:13:20.857,1785.111388888889
Pulse experiments,pioreactor01,2026-09-11T19:28:20.861Z,0.1639453125,590,2026-09-12 01:13:20.861,1785.111388888889
Pulse experiments,pioreactor01,2026-09-11T19:28:20.866Z,0.16962890625,630,2026-09-12 01:13:20.866,1785.111388888889
Pulse experiments,pioreactor01,2026-09-11T19:28:20.872Z,0.10076171875,680,2026-09-12 01:13:20.872,1785.111388888889
Pulse experiments,pioreactor01,2026-09-11T19:28:25.841Z,0.01548828125,415,2026-09-12 01:13:25.841,1785.112777777778
Pulse experiments,pioreactor01,2026-09-11T19:28:25.844Z,0.13115234375,445,2026-09-12 01:13:25.844,1785.112777777778
Pulse experiments,pioreactor01,2026-09-11T19:28:25.850Z,0.12685546875,480,2026-09-12 01:13:25.850,1785.112777777778
Pulse experiments,pioreactor01,2026-09-11T19:28:25.854Z,0.14869140625,515,2026-09-12 01:13:25.854,1785.112777777778
Pulse experiments,pioreactor01,2026-09-11T19:28:25.859Z,0.16841796875,555,2026-09-12 01:13:25.859,1785.112777777778
Pulse experiments,pioreactor01,2026-09-11T19:28:25.864Z,0.16416015625,590,2026-09-12 01:13:25.864,1785.112777777778
Pulse experiments,pioreactor01,2026-09-11T19:28:25.868Z,0.16984375,630,2026-09-12 01:13:25.868,1785.112777777778
Pulse experiments,pioreactor01,2026-09-11T19:28:25.874Z,0.10064453125,680,2026-09-12 01:13:25.874,1785.112777777778
Pulse experiments,pioreactor01,2026-09-11T19:28:30.839Z,0.0155078125,415,2026-09-12 01:13:30.839,1785.114166666667
Pulse experiments,pioreactor01,2026-09-11T19:28:30.845Z,0.131171875,445,2026-09-12 01:13:30.845,1785.114166666667
Pulse experiments,pioreactor01,2026-09-11T19:28:30.850Z,0.12689453125,480,2026-09-12 01:13:30.850,1785.114166666667
Pulse experiments,pioreactor01,2026-09-11T19:28:30.855Z,0.1486328125,515,2026-09-12 01:13:30.855,1785.114166666667
Pulse experiments,pioreactor01,2026-09-11T19:28:30.859Z,0.16837890625,555,2026-09-12 01:13:30.859,1785.114166666667
Pulse experiments,pioreactor01,2026-09-11T19:28:30.864Z,0.1641015625,590,2026-09-12 01:13:30.864,1785.114166666667
Pulse experiments,pioreactor01,2026-09-11T19:28:30.869Z,0.16958984375,630,2026-09-12 01:13:30.869,1785.114166666667
Pulse experiments,pioreactor01,2026-09-11T19:28:30.874Z,0.10064453125,680,2026-09-12 01:13:30.874,1785.114166666667
Pulse experiments,pioreactor01,2026-09-11T19:28:35.839Z,0.0155078125,415,2026-09-12 01:13:35.839,1785.115555555556
Pulse experiments,pioreactor01,2026-09-11T19:28:35.842Z,0.13107421875,445,2026-09-12 01:13:35.842,1785.115555555556
Pulse experiments,pioreactor01,2026-09-11T19:28:35.848Z,0.1269921875,480,2026-09-12 01:13:35.848,1785.115555555556
Pulse experiments,pioreactor01,2026-09-11T19:28:35.852Z,0.14880859375,515,2026-09-12 01:13:35.852,1785.115555555556
Pulse experiments,pioreactor01,2026-09-11T19:28:35.857Z,0.168359375,555,2026-09-12 01:13:35.857,1785.115555555556
Pulse experiments,pioreactor01,2026-09-11T19:28:35.861Z,0.16408203125,590,2026-09-12 01:13:35.861,1785.115555555556
Pulse experiments,pioreactor01,2026-09-11T19:28:35.867Z,0.1696484375,630,2026-09-12 01:13:35.867,1785.115555555556
Pulse experiments,pioreactor01,2026-09-11T19:28:35.872Z,0.1007421875,680,2026-09-12 01:13:35.872,1785.115555555556
Pulse experiments,pioreactor01,2026-09-11T19:28:40.836Z,0.0155078125,415,2026-09-12 01:13:40.836,1785.116944444444
Pulse experiments,pioreactor01,2026-09-11T19:28:40.841Z,0.1312109375,445,2026-09-12 01:13:40.841,1785.116944444444
Pulse experiments,pioreactor01,2026-09-11T19:28:40.845Z,0.12708984375,480,2026-09-12 01:13:40.845,1785.116944444444
Pulse experiments,pioreactor01,2026-09-11T19:28:40.850Z,0.1487109375,515,2026-09-12 01:13:40.850,1785.116944444444
Pulse experiments,pioreactor01,2026-09-11T19:28:40.854Z,0.168359375,555,2026-09-12 01:13:40.854,1785.116944444444
Pulse experiments,pioreactor01,2026-09-11T19:28:40.858Z,0.16400390625,590,2026-09-12 01:13:40.858,1785.116944444444
Pulse experiments,pioreactor01,2026-09-11T19:28:40.863Z,0.169609375,630,2026-09-12 01:13:40.863,1785.116944444444
Pulse experiments,pioreactor01,2026-09-11T19:28:40.867Z,0.10060546875,680,2026-09-12 01:13:40.867,1785.116944444444
Pulse experiments,pioreactor01,2026-09-11T19:28:45.840Z,0.0155078125,415,2026-09-12 01:13:45.840,1785.118333333333
Pulse experiments,pioreactor01,2026-09-11T19:28:45.845Z,0.1310546875,445,2026-09-12 01:13:45.845,1785.118333333333
Pulse experiments,pioreactor01,2026-09-11T19:28:45.848Z,0.12703125,480,2026-09-12 01:13:45.848,1785.118333333333
Pulse experiments,pioreactor01,2026-09-11T19:28:45.855Z,0.14869140625,515,2026-09-12 01:13:45.855,1785.118333333333
Pulse experiments,pioreactor01,2026-09-11T19:28:45.859Z,0.16849609375,555,2026-09-12 01:13:45.859,1785.118333333333
Pulse experiments,pioreactor01,2026-09-11T19:28:45.864Z,0.1640625,590,2026-09-12 01:13:45.864,1785.118333333333
Pulse experiments,pioreactor01,2026-09-11T19:28:45.868Z,0.1696875,630,2026-09-12 01:13:45.868,1785.118333333333
Pulse experiments,pioreactor01,2026-09-11T19:28:45.872Z,0.1007421875,680,2026-09-12 01:13:45.872,1785.118333333333
Pulse experiments,pioreactor01,2026-09-11T19:28:50.837Z,0.01552734375,415,2026-09-12 01:13:50.837,1785.119722222222
Pulse experiments,pioreactor01,2026-09-11T19:28:50.842Z,0.13109375,445,2026-09-12 01:13:50.842,1785.119722222222
Pulse experiments,pioreactor01,2026-09-11T19:28:50.847Z,0.12689453125,480,2026-09-12 01:13:50.847,1785.119722222222
Pulse experiments,pioreactor01,2026-09-11T19:28:50.851Z,0.14875,515,2026-09-12 01:13:50.851,1785.119722222222
Pulse experiments,pioreactor01,2026-09-11T19:28:50.856Z,0.16833984375,555,2026-09-12 01:13:50.856,1785.119722222222
Pulse experiments,pioreactor01,2026-09-11T19:28:50.860Z,0.16404296875,590,2026-09-12 01:13:50.860,1785.119722222222
Pulse experiments,pioreactor01,2026-09-11T19:28:50.865Z,0.169609375,630,2026-09-12 01:13:50.865,1785.119722222222
Pulse experiments,pioreactor01,2026-09-11T19:28:50.870Z,0.10068359375,680,2026-09-12 01:13:50.870,1785.119722222222
Pulse experiments,pioreactor01,2026-09-11T19:28:55.841Z,0.0155078125,415,2026-09-12 01:13:55.841,1785.121111111111
Pulse experiments,pioreactor01,2026-09-11T19:28:55.847Z,0.13107421875,445,2026-09-12 01:13:55.847,1785.121111111111
Pulse experiments,pioreactor01,2026-09-11T19:28:55.852Z,0.12681640625,480,2026-09-12 01:13:55.852,1785.121111111111
Pulse experiments,pioreactor01,2026-09-11T19:28:55.857Z,0.14869140625,515,2026-09-12 01:13:55.857,1785.121111111111
Pulse experiments,pioreactor01,2026-09-11T19:28:55.862Z,0.1682421875,555,2026-09-12 01:13:55.862,1785.121111111111
Pulse experiments,pioreactor01,2026-09-11T19:28:55.867Z,0.163984375,590,2026-09-12 01:13:55.867,1785.121111111111
Pulse experiments,pioreactor01,2026-09-11T19:28:55.874Z,0.1695703125,630,2026-09-12 01:13:55.874,1785.121111111111
Pulse experiments,pioreactor01,2026-09-11T19:28:55.877Z,0.100625,680,2026-09-12 01:13:55.877,1785.121111111111
Pulse experiments,pioreactor01,2026-09-11T19:29:00.842Z,0.01548828125,415,2026-09-12 01:14:00.842,1785.1225
Pulse experiments,pioreactor01,2026-09-11T19:29:00.845Z,0.13111328125,445,2026-09-12 01:14:00.845,1785.1225
Pulse experiments,pioreactor01,2026-09-11T19:29:00.851Z,0.12689453125,480,2026-09-12 01:14:00.851,1785.1225
Pulse experiments,pioreactor01,2026-09-11T19:29:00.855Z,0.148671875,515,2026-09-12 01:14:00.855,1785.1225
Pulse experiments,pioreactor01,2026-09-11T19:29:00.865Z,0.1682421875,555,2026-09-12 01:14:00.865,1785.1225
Pulse experiments,pioreactor01,2026-09-11T19:29:00.869Z,0.16408203125,590,2026-09-12 01:14:00.869,1785.1225
Pulse experiments,pioreactor01,2026-09-11T19:29:00.872Z,0.1697265625,630,2026-09-12 01:14:00.872,1785.1225
Pulse experiments,pioreactor01,2026-09-11T19:29:00.876Z,0.100703125,680,2026-09-12 01:14:00.876,1785.1225
Pulse experiments,pioreactor01,2026-09-11T19:29:05.840Z,0.01548828125,415,2026-09-12 01:14:05.840,1785.123888888889
Pulse experiments,pioreactor01,2026-09-11T19:29:05.845Z,0.1311328125,445,2026-09-12 01:14:05.845,1785.123888888889
Pulse experiments,pioreactor01,2026-09-11T19:29:05.849Z,0.12689453125,480,2026-09-12 01:14:05.849,1785.123888888889
Pulse experiments,pioreactor01,2026-09-11T19:29:05.854Z,0.1487109375,515,2026-09-12 01:14:05.854,1785.123888888889
Pulse experiments,pioreactor01,2026-09-11T19:29:05.859Z,0.1683203125,555,2026-09-12 01:14:05.859,1785.123888888889
Pulse experiments,pioreactor01,2026-09-11T19:29:05.864Z,0.16400390625,590,2026-09-12 01:14:05.864,1785.123888888889
Pulse experiments,pioreactor01,2026-09-11T19:29:05.870Z,0.16962890625,630,2026-09-12 01:14:05.870,1785.123888888889
Pulse experiments,pioreactor01,2026-09-11T19:29:05.874Z,0.100625,680,2026-09-12 01:14:05.874,1785.123888888889
Pulse experiments,pioreactor01,2026-09-11T19:29:10.838Z,0.0155078125,415,2026-09-12 01:14:10.838,1785.125277777778
Pulse experiments,pioreactor01,2026-09-11T19:29:10.843Z,0.13109375,445,2026-09-12 01:14:10.843,1785.125277777778
Pulse experiments,pioreactor01,2026-09-11T19:29:10.848Z,0.126875,480,2026-09-12 01:14:10.848,1785.125277777778
Pulse experiments,pioreactor01,2026-09-11T19:29:10.853Z,0.14869140625,515,2026-09-12 01:14:10.853,1785.125277777778
Pulse experiments,pioreactor01,2026-09-11T19:29:10.857Z,0.1684375,555,2026-09-12 01:14:10.857,1785.125277777778
Pulse experiments,pioreactor01,2026-09-11T19:29:10.862Z,0.1641015625,590,2026-09-12 01:14:10.862,1785.125277777778
Pulse experiments,pioreactor01,2026-09-11T19:29:10.866Z,0.169765625,630,2026-09-12 01:14:10.866,1785.125277777778
Pulse experiments,pioreactor01,2026-09-11T19:29:10.871Z,0.1007421875,680,2026-09-12 01:14:10.871,1785.125277777778
Pulse experiments,pioreactor01,2026-09-11T19:29:15.843Z,0.0155078125,415,2026-09-12 01:14:15.843,1785.126666666667
Pulse experiments,pioreactor01,2026-09-11T19:29:15.847Z,0.13119140625,445,2026-09-12 01:14:15.847,1785.126666666667
Pulse experiments,pioreactor01,2026-09-11T19:29:15.851Z,0.12697265625,480,2026-09-12 01:14:15.851,1785.126666666667
Pulse experiments,pioreactor01,2026-09-11T19:29:15.854Z,0.1487109375,515,2026-09-12 01:14:15.854,1785.126666666667
Pulse experiments,pioreactor01,2026-09-11T19:29:15.861Z,0.1683984375,555,2026-09-12 01:14:15.861,1785.126666666667
Pulse experiments,pioreactor01,2026-09-11T19:29:15.864Z,0.1640625,590,2026-09-12 01:14:15.864,1785.126666666667
Pulse experiments,pioreactor01,2026-09-11T19:29:15.870Z,0.16966796875,630,2026-09-12 01:14:15.870,1785.126666666667
Pulse experiments,pioreactor01,2026-09-11T19:29:15.873Z,0.10068359375,680,2026-09-12 01:14:15.873,1785.126666666667
Pulse experiments,pioreactor01,2026-09-11T19:29:20.836Z,0.0155078125,415,2026-09-12 01:14:20.836,1785.128055555556
Pulse experiments,pioreactor01,2026-09-11T19:29:20.842Z,0.131328125,445,2026-09-12 01:14:20.842,1785.128055555556
Pulse experiments,pioreactor01,2026-09-11T19:29:20.845Z,0.12685546875,480,2026-09-12 01:14:20.845,1785.128055555556
Pulse experiments,pioreactor01,2026-09-11T19:29:20.851Z,0.1487109375,515,2026-09-12 01:14:20.851,1785.128055555556
Pulse experiments,pioreactor01,2026-09-11T19:29:20.855Z,0.16822265625,555,2026-09-12 01:14:20.855,1785.128055555556
Pulse experiments,pioreactor01,2026-09-11T19:29:20.859Z,0.16412109375,590,2026-09-12 01:14:20.859,1785.128055555556
Pulse experiments,pioreactor01,2026-09-11T19:29:20.864Z,0.1696875,630,2026-09-12 01:14:20.864,1785.128055555556
Pulse experiments,pioreactor01,2026-09-11T19:29:20.869Z,0.1006640625,680,2026-09-12 01:14:20.869,1785.128055555556
Pulse experiments,pioreactor01,2026-09-11T19:29:25.838Z,0.01552734375,415,2026-09-12 01:14:25.838,1785.129444444445
Pulse experiments,pioreactor01,2026-09-11T19:29:25.842Z,0.13119140625,445,2026-09-12 01:14:25.842,1785.129444444445
Pulse experiments,pioreactor01,2026-09-11T19:29:25.847Z,0.1269921875,480,2026-09-12 01:14:25.847,1785.129444444445
Pulse experiments,pioreactor01,2026-09-11T19:29:25.851Z,0.14892578125,515,2026-09-12 01:14:25.851,1785.129444444445
Pulse experiments,pioreactor01,2026-09-11T19:29:25.855Z,0.1684375,555,2026-09-12 01:14:25.855,1785.129444444445
Pulse experiments,pioreactor01,2026-09-11T19:29:25.861Z,0.16404296875,590,2026-09-12 01:14:25.861,1785.129444444445
Pulse experiments,pioreactor01,2026-09-11T19:29:25.864Z,0.169765625,630,2026-09-12 01:14:25.864,1785.129444444445
Pulse experiments,pioreactor01,2026-09-11T19:29:25.868Z,0.100703125,680,2026-09-12 01:14:25.868,1785.129444444445
